round,steps,score,coins,crates,kills,suicides,invalid,survived,total_reward,epsilon,alpha,n_states,max_abs_q,mean_abs_td,coverage
1,400,0,0,24,0,0,0,1,29.517,0.99917,0.15,606,31.5246,2.28878,0.46782
2,400,6,1,31,1,0,1,1,42.175,0.99833,0.15,646,31.5246,2.51522,0.45304
3,400,0,0,33,0,0,0,1,36.191,0.9975,0.15,663,31.5246,2.33758,0.44796
4,400,2,2,26,0,0,1,1,44.231,0.99667,0.15,670,31.5246,2.11346,0.44677
5,400,2,2,31,0,0,0,1,62.004,0.99584,0.15,677,31.5246,2.09488,0.44485
6,400,2,2,25,0,0,0,1,43.602,0.99501,0.15,678,31.5246,1.79247,0.44469
7,400,2,2,30,0,0,0,1,60.93,0.99418,0.15,686,31.5246,2.20629,0.44388
8,400,2,2,27,0,0,0,1,34.516,0.99336,0.15,687,31.5246,2.03827,0.44347
9,400,0,0,24,0,0,0,1,39.649,0.99253,0.15,690,31.5246,1.83776,0.44251
10,400,1,1,39,0,0,0,1,55.399,0.9917,0.15,699,31.5246,1.82837,0.43944
11,400,1,1,21,0,0,1,1,21.978,0.99088,0.15,719,31.5246,1.98115,0.43278
12,400,0,0,26,0,0,1,1,34.42,0.99005,0.15,733,31.5246,2.08553,0.42951
13,400,12,2,35,2,0,0,1,80.921,0.98923,0.15,737,31.5246,2.08566,0.42877
14,400,1,1,29,0,0,0,1,30.916,0.9884,0.15,737,31.5246,2.11974,0.42877
15,400,1,1,28,0,0,0,1,34.811,0.98758,0.15,744,31.5246,1.81799,0.42921
16,400,0,0,33,0,0,1,1,38.136,0.98676,0.15,749,31.5246,1.96617,0.42813
17,400,1,1,26,0,0,0,1,19.406,0.98593,0.15,760,31.5246,1.97857,0.42544
18,400,5,0,36,1,0,0,1,62.001,0.98511,0.15,764,31.5246,2.12441,0.42517
19,400,3,3,38,0,0,1,1,62.429,0.98429,0.15,772,31.5246,1.92029,0.42422
20,400,1,1,22,0,0,0,1,30.417,0.98347,0.15,774,31.5246,1.77734,0.4242
21,203,6,1,27,1,1,1,0,17.372,0.98265,0.15,776,31.5246,2.45195,0.42375
22,400,1,1,17,0,0,0,1,-0.636,0.98183,0.15,776,31.5246,1.70508,0.42397
23,400,2,2,26,0,0,0,1,16.751,0.98102,0.15,789,31.5246,1.78651,0.42057
24,400,5,0,31,1,0,0,1,50.535,0.9802,0.15,792,31.5246,2.0172,0.42003
25,400,2,2,29,0,0,0,1,39.633,0.97938,0.15,793,31.5246,1.63411,0.41992
26,85,0,0,10,0,1,1,0,-16.335,0.97857,0.15,794,31.5246,2.46331,0.41961
27,400,1,1,41,0,0,1,1,53.618,0.97775,0.15,797,31.5246,1.89916,0.41886
28,400,6,1,27,1,0,0,1,39.693,0.97694,0.15,802,31.5246,1.94285,0.41791
29,400,2,2,39,0,0,0,1,66.166,0.97612,0.15,803,31.5246,1.55509,0.4176
30,126,0,0,24,0,1,0,0,-8.711,0.97531,0.15,810,31.5246,2.57296,0.41543
31,400,0,0,18,0,0,0,1,30.957,0.9745,0.15,813,31.5246,1.59726,0.41513
32,224,0,0,23,0,1,1,0,6.85,0.97369,0.15,816,31.5246,1.94064,0.41483
33,400,1,1,30,0,0,0,1,53.648,0.97287,0.15,823,31.5246,1.72603,0.41414
34,400,2,2,51,0,0,2,1,52.769,0.97206,0.15,824,31.5246,2.01806,0.41404
35,400,1,1,24,0,0,0,1,26.304,0.97125,0.15,826,31.5246,1.43006,0.41364
36,400,0,0,27,0,0,0,1,29.932,0.97045,0.15,829,31.5246,1.6782,0.41295
37,400,3,3,20,0,0,0,1,43.026,0.96964,0.15,832,31.5246,1.7352,0.41286
38,400,1,1,28,0,0,0,1,42.106,0.96883,0.15,837,31.5246,1.62953,0.41239
39,400,5,0,21,1,0,0,1,35.647,0.96802,0.15,841,31.5246,1.85815,0.41141
40,400,0,0,28,0,0,0,1,20.925,0.96722,0.15,842,31.5246,1.53425,0.41132
41,262,2,2,26,0,0,0,0,24.972,0.96641,0.15,845,31.5246,1.74559,0.41124
42,400,0,0,21,0,0,0,1,32.132,0.96561,0.15,847,31.5246,1.36757,0.41086
43,400,9,4,40,1,0,0,1,72.934,0.9648,0.15,854,31.5246,1.95356,0.40945
44,400,0,0,25,0,0,0,1,34.77,0.964,0.15,869,31.5246,2.09428,0.40736
45,400,0,0,20,0,0,0,1,27.161,0.96319,0.15,873,31.5246,1.53952,0.40703
46,400,1,1,32,0,0,0,1,47.823,0.96239,0.15,876,31.5246,1.70955,0.40639
47,400,0,0,27,0,0,0,1,29.431,0.96159,0.15,877,31.5246,1.62105,0.40726
48,400,5,0,19,1,0,0,1,35.911,0.96079,0.15,885,31.5246,1.82955,0.40546
49,400,3,3,38,0,0,0,1,45.806,0.95999,0.15,886,31.5246,1.54798,0.40519
50,400,0,0,38,0,0,0,1,43.526,0.95919,0.15,889,31.5246,1.90527,0.40514
51,400,8,3,51,1,0,0,1,74.727,0.95839,0.15,890,31.5246,1.77664,0.40506
52,400,2,2,27,0,0,1,1,45.045,0.95759,0.15,907,31.5246,1.57503,0.40206
53,232,1,1,25,0,1,1,0,-1.205,0.95679,0.15,908,31.5246,2.15802,0.40198
54,400,3,3,25,0,0,0,1,54.946,0.956,0.15,911,31.5246,1.62782,0.40231
55,369,0,0,21,0,1,2,0,-3.287,0.9552,0.15,917,31.5246,1.77266,0.40113
56,400,6,1,35,1,0,0,1,63.418,0.95441,0.15,922,31.5246,1.77614,0.40058
57,400,0,0,29,0,0,0,1,30.974,0.95361,0.15,923,31.5246,1.61807,0.40033
58,400,2,2,23,0,0,1,1,37.434,0.95282,0.15,931,31.5246,1.74645,0.39868
59,400,5,0,30,1,0,0,1,45.441,0.95202,0.15,931,31.5246,1.76143,0.39868
60,176,1,1,33,0,0,1,0,31.541,0.95123,0.15,937,31.5246,2.27018,0.39843
61,400,6,1,16,1,0,0,1,27.229,0.95044,0.15,938,31.5246,1.54055,0.39819
62,400,6,1,33,1,0,0,1,73.405,0.94965,0.15,947,31.5246,1.79902,0.39722
63,400,6,1,28,1,0,1,1,49.014,0.94885,0.15,960,31.5246,1.73765,0.39583
64,400,1,1,26,0,0,1,1,41.208,0.94806,0.15,962,31.5246,1.49588,0.39588
65,400,1,1,26,0,0,0,1,31.106,0.94727,0.15,963,31.5246,1.68807,0.39581
66,400,1,1,35,0,0,0,1,47.904,0.94649,0.15,963,31.5246,1.41042,0.39633
67,400,0,0,22,0,0,0,1,2.997,0.9457,0.15,964,31.5246,1.59668,0.39609
68,400,1,1,20,0,0,1,1,24.293,0.94491,0.15,972,31.5246,1.70592,0.39438
69,400,1,1,31,0,0,1,1,25.045,0.94412,0.15,973,31.5246,1.75001,0.39448
70,267,0,0,22,0,1,0,0,-10.651,0.94334,0.15,975,31.5246,1.78118,0.39402
71,218,0,0,21,0,1,1,0,-12.36,0.94255,0.15,978,31.5246,1.86531,0.39332
72,400,1,1,22,0,0,0,1,10.246,0.94176,0.15,978,31.5246,1.51947,0.39349
73,345,0,0,35,0,1,0,0,-10.53,0.94098,0.15,983,31.5246,1.99805,0.39251
74,400,2,2,17,0,0,0,1,0.612,0.9402,0.15,991,31.5246,1.53023,0.39068
75,400,6,1,31,1,0,2,1,42.717,0.93941,0.15,999,31.5246,1.73445,0.38956
76,400,5,5,44,0,0,0,1,51.529,0.93863,0.15,1004,31.5246,1.67287,0.38845
77,400,0,0,24,0,0,0,1,21.801,0.93785,0.15,1007,31.5246,1.64778,0.38878
78,400,1,1,37,0,0,0,1,45.896,0.93707,0.15,1014,31.5246,1.42195,0.38741
79,400,3,3,23,0,0,0,1,25.591,0.93629,0.15,1017,31.5246,1.65281,0.38807
80,400,2,2,25,0,0,0,1,33.564,0.93551,0.15,1018,31.5246,1.76234,0.38867
81,400,2,2,39,0,0,0,1,54.159,0.93473,0.15,1022,31.5246,1.85677,0.38911
82,238,1,1,26,0,1,0,0,3.654,0.93395,0.15,1027,31.5246,2.15108,0.38932
83,400,6,1,35,1,0,0,1,67.991,0.93317,0.15,1028,31.5246,1.62302,0.38911
84,400,2,2,29,0,0,1,1,43.563,0.93239,0.15,1034,31.5246,1.66723,0.3891
85,400,1,1,33,0,0,0,1,56.514,0.93162,0.15,1037,31.5246,1.47564,0.38862
86,400,7,2,21,1,0,0,1,37.052,0.93084,0.15,1039,31.5246,1.76061,0.38835
87,400,3,3,37,0,0,0,1,44.852,0.93007,0.15,1040,31.5246,1.76267,0.38878
88,400,1,1,38,0,0,0,1,57.635,0.92929,0.15,1042,31.5246,1.49408,0.38884
89,400,1,1,24,0,0,0,1,24.253,0.92852,0.15,1042,31.5246,1.59428,0.38884
90,400,1,1,33,0,0,0,1,35.153,0.92774,0.15,1042,31.5246,1.56261,0.38884
91,400,0,0,24,0,0,0,1,52.351,0.92697,0.15,1045,31.5246,1.66652,0.38852
92,400,2,2,28,0,0,0,1,25.488,0.9262,0.15,1046,31.5246,1.55119,0.38862
93,400,3,3,27,0,0,0,1,31.319,0.92543,0.15,1047,31.5246,1.5698,0.38857
94,400,2,2,22,0,0,0,1,42.954,0.92466,0.15,1047,31.5246,1.33738,0.38937
95,400,2,2,35,0,0,0,1,67.385,0.92389,0.15,1058,31.5246,1.58017,0.38768
96,400,6,1,35,1,0,0,1,68.928,0.92312,0.15,1061,31.5246,1.82435,0.38706
97,400,1,1,32,0,0,0,1,20.439,0.92235,0.15,1061,31.5246,1.63011,0.38721
98,400,1,1,39,0,0,1,1,46.534,0.92158,0.15,1062,31.5246,1.48773,0.38763
99,400,0,0,39,0,0,0,1,65.639,0.92081,0.15,1067,31.5246,1.69073,0.38691
100,400,6,1,27,1,0,1,1,45.828,0.92004,0.15,1074,31.5246,1.89453,0.38625
101,400,2,2,37,0,0,0,1,44.408,0.91928,0.15,1080,31.5246,1.56168,0.38503
102,400,0,0,24,0,0,0,1,32.972,0.91851,0.15,1080,31.5246,1.59018,0.38534
103,400,2,2,30,0,0,2,1,45.417,0.91775,0.15,1081,31.5246,1.6117,0.38545
104,400,1,1,37,0,0,0,1,44.369,0.91698,0.15,1083,31.5246,1.61116,0.38504
105,400,0,0,18,0,0,0,1,36.137,0.91622,0.15,1083,31.5246,1.46614,0.3852
106,400,0,0,28,0,0,0,1,52.195,0.91546,0.15,1087,31.5246,1.61057,0.38516
107,400,1,1,29,0,0,0,1,32.653,0.91469,0.15,1090,31.5246,1.56687,0.38471
108,400,1,1,26,0,0,0,1,23.459,0.91393,0.15,1093,31.5246,1.71933,0.38472
109,400,8,3,28,1,0,0,1,59.085,0.91317,0.15,1095,31.5246,1.78534,0.38447
110,400,1,1,30,0,0,0,1,40.176,0.91241,0.15,1097,31.5246,1.8077,0.38423
111,400,1,1,15,0,0,1,1,27.285,0.91165,0.15,1097,31.5246,1.65747,0.38438
112,276,1,1,26,0,1,0,0,2.428,0.91089,0.15,1099,31.5246,1.79595,0.38459
113,400,0,0,28,0,0,0,1,26.357,0.91013,0.15,1099,31.5246,1.27901,0.38459
114,400,2,2,31,0,0,0,1,62.217,0.90937,0.15,1100,31.5246,1.48356,0.3847
115,62,0,0,13,0,1,0,0,-19.285,0.90862,0.15,1101,31.5246,3.22636,0.3845
116,400,1,1,32,0,0,0,1,51.728,0.90786,0.15,1101,31.5246,1.47221,0.38465
117,400,1,1,30,0,0,0,1,30.9,0.9071,0.15,1103,31.5246,1.50068,0.38471
118,241,6,1,35,1,1,0,0,28.889,0.90635,0.15,1105,31.5246,2.37006,0.38507
119,60,0,0,10,0,1,0,0,-18.578,0.90559,0.15,1106,31.5246,3.49996,0.38502
120,400,5,0,27,1,0,0,1,40.694,0.90484,0.15,1110,31.5246,1.68584,0.38468
121,400,4,4,23,0,0,0,1,53.593,0.90408,0.15,1111,31.5246,1.7387,0.38464
122,400,0,0,30,0,0,0,1,27.29,0.90333,0.15,1112,31.5246,1.57235,0.38459
123,400,0,0,25,0,0,0,1,30.817,0.90258,0.15,1116,31.5246,1.45167,0.38396
124,400,6,1,38,1,0,0,1,74.15,0.90183,0.15,1125,31.5246,1.71308,0.38281
125,400,4,4,47,0,0,0,1,52.067,0.90108,0.15,1125,31.5246,1.74147,0.38281
126,182,1,1,29,0,1,1,0,-17.017,0.90032,0.15,1127,31.5246,2.29445,0.38258
127,400,1,1,28,0,0,0,1,39.878,0.89957,0.15,1129,31.5246,1.56765,0.38234
128,400,0,0,28,0,0,1,1,34.355,0.89883,0.15,1132,31.5246,1.70749,0.38192
129,400,2,2,30,0,0,0,1,27.338,0.89808,0.15,1132,31.5246,1.47961,0.38192
130,400,6,1,34,1,0,0,1,69.841,0.89733,0.15,1133,31.5246,1.55434,0.38188
131,318,3,3,28,0,1,2,0,-7.596,0.89658,0.15,1136,31.5246,1.86078,0.38204
132,400,0,0,26,0,0,0,1,45.747,0.89583,0.15,1137,31.5246,1.42535,0.38215
133,400,1,1,25,0,0,0,1,31.875,0.89509,0.15,1137,31.5246,1.36098,0.38259
134,400,2,2,15,0,0,0,1,21.661,0.89434,0.15,1139,31.5246,1.45298,0.38235
135,400,2,2,23,0,0,0,1,36.61,0.8936,0.15,1140,31.5246,1.41223,0.38216
136,400,3,3,34,0,0,0,1,44.246,0.89285,0.15,1142,31.5246,1.55922,0.38208
137,400,5,0,34,1,0,0,1,61.995,0.89211,0.15,1144,31.5246,1.71261,0.38228
138,400,5,0,37,1,0,0,1,60.544,0.89137,0.15,1146,31.5246,1.71216,0.38234
139,400,1,1,36,0,0,0,1,57.202,0.89062,0.15,1148,31.5246,1.49989,0.38197
140,400,5,0,28,1,0,1,1,55.349,0.88988,0.15,1151,31.5246,1.65486,0.38199
141,162,3,3,16,0,1,1,0,-5.082,0.88914,0.15,1151,31.5246,2.21485,0.38199
142,400,1,1,26,0,0,0,1,23.558,0.8884,0.15,1152,31.5246,1.54317,0.38194
143,60,1,1,15,0,1,0,0,-20.696,0.88766,0.15,1153,31.5246,3.36889,0.3819
144,73,0,0,13,0,1,0,0,-20.928,0.88692,0.15,1155,31.5246,2.46287,0.38153
145,400,1,1,31,0,0,0,1,26.908,0.88618,0.15,1158,31.5246,1.55144,0.38126
146,400,1,1,61,0,0,0,1,65.307,0.88544,0.15,1160,31.5246,1.71905,0.38103
147,110,1,1,23,0,1,0,0,-10.215,0.88471,0.15,1162,31.5246,2.4565,0.38067
148,400,7,2,34,1,0,2,1,69.217,0.88397,0.15,1164,31.5246,1.62498,0.38058
149,400,1,1,30,0,0,0,1,52.57,0.88323,0.15,1165,31.5246,1.38255,0.38054
150,400,2,2,27,0,0,0,1,40.947,0.8825,0.15,1167,31.5246,1.47616,0.38061
151,400,3,3,40,0,0,1,1,38.113,0.88176,0.15,1169,31.5246,1.60363,0.38067
152,400,5,0,29,1,0,0,1,52.047,0.88103,0.15,1169,31.5246,1.54209,0.38067
153,400,0,0,36,0,0,0,1,34.859,0.88029,0.15,1172,31.5246,1.72188,0.38069
154,400,0,0,25,0,0,1,1,19.933,0.87956,0.15,1178,31.5246,1.63005,0.37988
155,400,2,2,15,0,0,0,1,26.198,0.87883,0.15,1181,31.5246,1.61239,0.3799
156,400,7,2,38,1,0,0,1,66.912,0.8781,0.15,1181,31.5246,1.60033,0.38019
157,400,1,1,18,0,0,0,1,18.216,0.87736,0.15,1182,31.5246,1.38024,0.38043
158,400,4,4,37,0,0,0,1,61.395,0.87663,0.15,1183,31.5246,1.56427,0.38039
159,272,1,1,22,0,1,0,0,12.271,0.8759,0.15,1184,31.5246,1.92982,0.38049
160,400,2,2,20,0,0,0,1,46.425,0.87517,0.15,1185,31.5246,1.5773,0.38073
161,400,5,0,30,1,0,1,1,52.85,0.87444,0.15,1192,31.5246,1.69147,0.37975
162,400,2,2,38,0,0,1,1,56.953,0.87372,0.15,1194,31.5246,1.75969,0.37968
163,400,0,0,56,0,0,0,1,72.806,0.87299,0.15,1194,31.5246,1.45839,0.37982
164,400,1,1,19,0,0,0,1,30.434,0.87226,0.15,1195,31.5246,1.52566,0.37978
165,400,2,2,33,0,0,0,1,44.211,0.87153,0.15,1196,31.5246,1.42591,0.37988
166,400,0,0,34,0,0,0,1,58.484,0.87081,0.15,1198,31.5246,1.44647,0.37966
167,400,1,1,33,0,0,0,1,42.601,0.87008,0.15,1199,31.5246,1.36185,0.37962
168,322,2,2,23,0,1,0,0,1.896,0.86936,0.15,1202,31.5246,1.58372,0.37965
169,400,0,0,30,0,0,1,1,6.751,0.86863,0.15,1203,31.5246,1.65055,0.37961
170,400,1,1,35,0,0,0,1,26.864,0.86791,0.15,1203,31.5246,1.62895,0.38016
171,400,0,0,29,0,0,0,1,41.694,0.86719,0.15,1204,31.5246,1.60687,0.38012
172,400,8,3,33,1,0,0,1,60.442,0.86647,0.15,1210,31.5246,1.88149,0.37934
173,400,1,1,23,0,0,0,1,39.948,0.86574,0.15,1211,31.5246,1.34051,0.37944
174,400,7,2,44,1,0,0,1,62.645,0.86502,0.15,1211,31.5246,1.74427,0.37944
175,400,6,1,32,1,0,2,1,58.362,0.8643,0.15,1213,31.5246,1.64645,0.3795
176,162,0,0,22,0,1,0,0,-0.744,0.86358,0.15,1215,31.5246,2.17043,0.37915
177,400,2,2,49,0,0,0,1,51.79,0.86286,0.15,1218,31.5246,1.5843,0.37876
178,400,2,2,21,0,0,0,1,24.904,0.86214,0.15,1219,31.5246,1.55506,0.37859
179,400,6,6,48,0,0,0,1,69.223,0.86143,0.15,1221,31.5246,1.5879,0.37851
180,400,3,3,32,0,0,0,1,31.838,0.86071,0.15,1222,31.5246,1.56872,0.37848
181,400,2,2,33,0,0,0,1,51.682,0.85999,0.15,1222,31.5246,1.40621,0.37861
182,400,2,2,32,0,0,0,1,43.405,0.85927,0.15,1222,31.5246,1.54146,0.37875
183,400,1,1,32,0,0,0,1,41.108,0.85856,0.15,1222,31.5246,1.41154,0.37889
184,400,0,0,26,0,0,0,1,36.712,0.85784,0.15,1224,31.5246,1.52339,0.37868
185,400,1,1,31,0,0,0,1,63.232,0.85713,0.15,1224,31.5246,1.409,0.37881
186,400,3,3,38,0,0,1,1,49.91,0.85642,0.15,1224,31.5246,1.48644,0.37908
187,400,8,3,47,1,0,0,1,60.711,0.8557,0.15,1224,31.5246,1.66189,0.37936
188,196,1,1,31,0,1,0,0,3.709,0.85499,0.15,1225,31.5246,1.80241,0.37946
189,400,0,0,36,0,0,0,1,39.829,0.85428,0.15,1228,31.5246,1.51831,0.37948
190,400,1,1,27,0,0,0,1,41.886,0.85357,0.15,1232,31.5246,1.48386,0.37879
191,400,6,1,32,1,0,0,1,47.42,0.85285,0.15,1232,31.5246,1.58322,0.37879
192,213,3,3,27,0,1,1,0,-6.758,0.85214,0.15,1232,31.5246,2.21528,0.37892
193,400,8,3,56,1,0,0,1,84.994,0.85143,0.15,1232,31.5246,1.84472,0.37892
194,400,5,0,18,1,0,1,1,43.115,0.85072,0.15,1235,31.5246,1.52423,0.37868
195,400,1,1,19,0,0,0,1,44.743,0.85002,0.15,1235,31.5246,1.40062,0.37881
196,400,1,1,20,0,0,0,1,28.435,0.84931,0.15,1236,31.5246,1.36794,0.37878
197,237,3,3,26,0,0,0,0,31.674,0.8486,0.15,1237,31.5246,1.60165,0.3786
198,400,2,2,31,0,0,0,1,29.325,0.84789,0.15,1240,31.5246,1.63234,0.37836
199,400,1,1,35,0,0,0,1,30.597,0.84719,0.15,1240,31.5246,1.49944,0.37836
200,400,6,1,40,1,0,0,1,81.95,0.84648,0.15,1240,31.5246,1.59566,0.37836
201,400,1,1,34,0,0,0,1,50.353,0.84578,0.15,1240,31.5246,1.35112,0.37849
202,400,0,0,24,0,0,0,1,51.462,0.84507,0.15,1243,31.5246,1.48554,0.37798
203,158,1,1,25,0,1,1,0,10.667,0.84437,0.15,1245,31.5246,1.90387,0.37764
204,400,7,2,41,1,0,0,1,82.525,0.84366,0.15,1245,31.5246,1.61171,0.37778
205,400,1,1,25,0,0,0,1,48.568,0.84296,0.15,1245,31.5246,1.38039,0.37778
206,400,7,2,28,1,0,0,1,57.948,0.84226,0.15,1246,31.5246,1.38187,0.37774
207,400,2,2,21,0,0,0,1,25.836,0.84156,0.15,1249,31.5246,1.55904,0.37737
208,400,2,2,36,0,0,0,1,46.479,0.84086,0.15,1249,31.5246,1.48294,0.37764
209,175,0,0,30,0,1,1,0,-6.776,0.84016,0.15,1249,31.5246,2.15338,0.37764
210,400,7,2,45,1,0,0,1,90.085,0.83946,0.15,1249,31.5246,1.58813,0.37764
211,400,2,2,31,0,0,0,1,50.269,0.83876,0.15,1253,31.5246,1.36597,0.37709
212,400,8,3,34,1,0,1,1,63.238,0.83806,0.15,1253,31.5246,1.52708,0.37723
213,400,2,2,32,0,0,1,1,30.31,0.83736,0.15,1254,31.5246,1.56684,0.37733
214,400,6,1,46,1,0,0,1,62.871,0.83666,0.15,1254,31.5246,1.56766,0.37759
215,400,1,1,37,0,0,0,1,55.242,0.83597,0.15,1256,31.5246,1.40797,0.37752
216,400,0,0,24,0,0,0,1,41.54,0.83527,0.15,1260,31.5246,1.57528,0.37712
217,400,3,3,44,0,0,1,1,57.276,0.83457,0.15,1263,31.5246,1.75403,0.37662
218,272,1,1,30,0,1,0,0,-4.476,0.83388,0.15,1263,31.5246,1.94033,0.37714
219,400,2,2,27,0,0,0,1,37.959,0.83318,0.15,1263,31.5246,1.23581,0.37714
220,400,1,1,32,0,0,1,1,51.147,0.83249,0.15,1264,31.5246,1.47656,0.37737
221,400,4,4,29,0,0,0,1,35.468,0.8318,0.15,1265,31.5246,1.51926,0.37747
222,400,6,1,32,1,0,0,1,65.09,0.8311,0.15,1266,31.5246,1.81998,0.37757
223,400,7,2,31,1,0,0,1,73.983,0.83041,0.15,1267,31.5246,1.43265,0.37793
224,400,9,4,46,1,0,1,1,70.351,0.82972,0.15,1267,31.5246,1.74756,0.37806
225,400,6,1,32,1,0,1,1,45.715,0.82903,0.15,1267,31.5246,1.44222,0.37832
226,400,1,1,18,0,0,0,1,18.801,0.82834,0.15,1267,31.5246,1.36804,0.37832
227,400,4,4,58,0,0,0,1,73.541,0.82765,0.15,1268,31.5246,1.47481,0.37868
228,400,0,0,29,0,0,0,1,47.035,0.82696,0.15,1268,31.5246,1.28693,0.37868
229,400,2,2,36,0,0,0,1,67.727,0.82627,0.15,1273,31.5246,1.47759,0.37811
230,249,1,1,22,0,1,0,0,0.695,0.82558,0.15,1276,31.5246,2.05212,0.37774
231,400,0,0,40,0,0,0,1,51.714,0.82489,0.15,1276,31.5246,1.38679,0.37813
232,400,3,3,40,0,0,0,1,61.401,0.82421,0.15,1276,31.5246,1.38416,0.37813
233,400,3,3,37,0,0,1,1,70.709,0.82352,0.15,1276,31.5246,1.52003,0.3784
234,400,1,1,24,0,0,0,1,43.654,0.82283,0.15,1276,31.5246,1.53312,0.37853
235,400,1,1,36,0,0,0,1,45.608,0.82215,0.15,1278,31.5246,1.78762,0.37833
236,400,6,1,34,1,0,0,1,75.884,0.82146,0.15,1279,31.5246,1.49203,0.37842
237,400,1,1,37,0,0,0,1,37.798,0.82078,0.15,1280,31.5246,1.39718,0.37826
238,400,3,3,31,0,0,0,1,48.161,0.8201,0.15,1282,31.5246,1.34033,0.37793
239,400,9,4,24,1,0,0,1,44.993,0.81941,0.15,1284,31.5246,1.58585,0.37773
240,400,2,2,30,0,0,0,1,44.735,0.81873,0.15,1286,31.5246,1.40107,0.37779
241,56,0,0,14,0,1,0,0,-10.967,0.81805,0.15,1286,31.5246,2.46495,0.37792
242,400,3,3,36,0,0,0,1,64.122,0.81737,0.15,1291,31.5246,1.43641,0.37736
243,159,6,1,23,1,1,0,0,1.373,0.81669,0.15,1293,31.5246,2.42644,0.37703
244,285,7,2,34,1,1,0,0,24.536,0.81601,0.15,1293,31.5246,1.92641,0.37716
245,400,0,0,52,0,0,0,1,55.598,0.81533,0.15,1293,31.5246,1.4755,0.37716
246,400,2,2,26,0,0,0,1,59.924,0.81465,0.15,1294,31.5246,1.39886,0.37713
247,400,4,4,30,0,0,0,1,55.095,0.81397,0.15,1294,31.5246,1.31331,0.37713
248,195,6,1,33,1,1,0,0,10.556,0.81329,0.15,1295,31.5246,2.0802,0.37696
249,400,6,1,45,1,0,0,1,58.857,0.81261,0.15,1295,31.5246,1.59659,0.37722
250,400,0,0,21,0,0,0,1,43.822,0.81194,0.15,1297,31.5246,1.27537,0.3769
251,400,0,0,33,0,0,0,1,48.935,0.81126,0.15,1297,31.5246,1.38325,0.37702
252,400,7,2,36,1,0,0,1,75.713,0.81058,0.15,1297,31.5246,1.41334,0.37702
253,400,0,0,33,0,0,1,1,55.023,0.80991,0.15,1297,31.5246,1.39107,0.37715
254,400,4,4,37,0,0,0,1,58.263,0.80923,0.15,1297,31.5246,1.73639,0.37728
255,246,4,4,35,0,0,1,0,38.375,0.80856,0.15,1297,31.5246,1.74373,0.37754
256,400,4,4,41,0,0,1,1,39.058,0.80789,0.15,1303,31.5246,1.71614,0.37657
257,84,1,1,14,0,1,0,0,-15.135,0.80721,0.15,1305,31.5246,2.62092,0.37625
258,400,5,5,51,0,0,0,1,68.708,0.80654,0.15,1309,31.5246,1.52673,0.3756
259,400,0,0,35,0,0,0,1,46.665,0.80587,0.15,1309,31.5246,1.38715,0.3756
260,400,6,1,31,1,0,0,1,58.922,0.8052,0.15,1310,31.5246,1.64094,0.37583
261,329,1,1,28,0,0,1,0,34.709,0.80453,0.15,1311,31.5246,1.41681,0.37592
262,400,12,2,47,2,0,1,1,89.67,0.80386,0.15,1312,31.5246,1.60026,0.37602
263,109,2,2,18,0,1,0,0,-9.099,0.80319,0.15,1312,31.5246,2.68428,0.37602
264,400,0,0,27,0,0,0,1,39.012,0.80252,0.15,1313,31.5246,1.37694,0.37598
265,400,2,2,32,0,0,1,1,41.427,0.80185,0.15,1314,31.5246,1.49281,0.37582
266,400,0,0,48,0,0,0,1,59.476,0.80118,0.15,1314,31.5246,1.49709,0.37595
267,400,6,1,26,1,0,0,1,53.701,0.80052,0.15,1315,31.5246,1.69269,0.37592
268,270,0,0,31,0,1,0,0,12.741,0.79985,0.15,1317,31.5246,1.65871,0.37585
269,400,2,2,40,0,0,1,1,51.869,0.79918,0.15,1317,31.5246,1.55293,0.37585
270,400,0,0,17,0,0,0,1,7.661,0.79852,0.15,1317,31.5246,1.42294,0.37585
271,400,5,0,41,1,0,1,1,71.638,0.79785,0.15,1318,31.5246,1.4795,0.37595
272,400,3,3,32,0,0,1,1,52.719,0.79719,0.15,1319,31.5246,1.55378,0.37579
273,400,1,1,25,0,0,0,1,27.186,0.79652,0.15,1321,31.5246,1.58741,0.37573
274,400,1,1,32,0,0,0,1,32.431,0.79586,0.15,1326,31.5246,1.59352,0.37494
275,400,3,3,39,0,0,0,1,62.792,0.7952,0.15,1326,31.5246,1.43186,0.37494
276,400,5,0,29,1,0,0,1,38.806,0.79453,0.15,1328,31.5246,1.52924,0.37462
277,400,2,2,49,0,0,0,1,63.906,0.79387,0.15,1330,31.5246,1.359,0.37431
278,400,1,1,33,0,0,0,1,47.296,0.79321,0.15,1330,31.5246,1.28222,0.37444
279,400,2,2,45,0,0,1,1,69.211,0.79255,0.15,1331,31.5246,1.439,0.37441
280,257,0,0,24,0,1,2,0,-2.971,0.79189,0.15,1336,31.5246,2.06304,0.374
281,400,5,0,33,1,0,2,1,32.979,0.79123,0.15,1337,31.5246,1.59489,0.37385
282,400,8,3,36,1,0,0,1,58.972,0.79057,0.15,1337,31.5246,1.49981,0.3741
283,174,1,1,23,0,1,0,0,4.072,0.78991,0.15,1338,31.5246,2.12377,0.37394
284,400,3,3,28,0,0,1,1,29.64,0.78925,0.15,1338,31.5246,1.37864,0.37394
285,400,6,1,44,1,0,0,1,66.622,0.7886,0.15,1338,31.5246,1.46386,0.37431
286,400,3,3,23,0,0,0,1,37.715,0.78794,0.15,1338,31.5246,1.59645,0.37444
287,400,1,1,29,0,0,0,1,51.764,0.78728,0.15,1338,31.5246,1.40305,0.37444
288,400,5,0,35,1,0,0,1,58.035,0.78663,0.15,1339,31.5246,1.43949,0.37441
289,400,6,1,36,1,0,0,1,61.616,0.78597,0.15,1339,31.5246,1.89326,0.37453
290,400,0,0,36,0,0,0,1,59.601,0.78532,0.15,1339,31.5246,1.36007,0.37478
291,400,1,1,24,0,0,0,1,55.576,0.78466,0.15,1340,31.5246,1.36493,0.37463
292,400,1,1,24,0,0,0,1,35.577,0.78401,0.15,1340,31.5246,1.41311,0.37463
293,400,2,2,34,0,0,0,1,62.183,0.78336,0.15,1341,31.5246,1.3754,0.37447
294,400,4,4,39,0,0,0,1,53.003,0.7827,0.15,1341,31.5246,1.32415,0.37447
295,400,5,0,34,1,0,1,1,64.799,0.78205,0.15,1342,31.5246,1.4819,0.37457
296,400,1,1,40,0,0,0,1,70.587,0.7814,0.15,1348,31.5246,1.46472,0.37401
297,261,1,1,28,0,1,0,0,-1.005,0.78075,0.15,1349,31.5246,1.77295,0.37398
298,400,1,1,47,0,0,0,1,51.912,0.7801,0.15,1350,31.5246,1.51596,0.37432
299,400,5,0,27,1,0,1,1,62.218,0.77945,0.15,1351,31.5246,1.54998,0.37454
300,160,1,1,24,0,1,0,0,-11.33,0.7788,0.15,1351,31.5246,1.90938,0.37454
301,400,6,1,24,1,0,0,1,50.029,0.77815,0.15,1351,31.5246,1.52081,0.37466
302,60,0,0,12,0,1,0,0,-14.757,0.7775,0.15,1351,31.5246,2.85965,0.37466
303,400,3,3,34,0,0,0,1,35.392,0.77686,0.15,1354,31.5246,1.82969,0.37457
304,119,1,1,18,0,0,0,0,9.323,0.77621,0.15,1356,31.5246,1.43536,0.37426
305,400,9,4,30,1,0,0,1,76.32,0.77556,0.15,1358,31.5246,1.49442,0.37408
306,400,2,2,25,0,0,0,1,53.819,0.77492,0.15,1361,31.5246,1.45972,0.37362
307,400,0,0,39,0,0,0,1,46.141,0.77427,0.15,1361,31.5246,1.32551,0.37374
308,400,6,1,39,1,0,0,1,54.215,0.77363,0.15,1363,31.5246,1.74333,0.37344
309,73,1,1,11,0,1,0,0,-14.481,0.77298,0.15,1364,31.5246,3.06158,0.37329
310,400,2,2,30,0,0,0,1,54.437,0.77234,0.15,1364,31.5246,1.35238,0.37329
311,400,2,2,25,0,0,0,1,56.327,0.77169,0.15,1365,31.5246,1.4376,0.37326
312,400,1,1,22,0,0,0,1,21.176,0.77105,0.15,1367,31.5246,1.63408,0.37296
313,400,1,1,32,0,0,0,1,24.415,0.77041,0.15,1369,31.5246,1.32081,0.37278
314,400,2,2,38,0,0,1,1,40.026,0.76977,0.15,1370,31.5246,1.54467,0.37275
315,400,7,2,31,1,0,0,1,61.993,0.76913,0.15,1375,31.5246,1.55853,0.372
316,400,0,0,26,0,0,0,1,36.509,0.76849,0.15,1377,31.5246,1.35139,0.3717
317,400,9,4,40,1,0,0,1,88.416,0.76785,0.15,1377,31.5246,1.57465,0.37182
318,400,1,1,39,0,0,0,1,55.33,0.76721,0.15,1378,31.5246,1.51736,0.37179
319,400,2,2,39,0,0,0,1,57.491,0.76657,0.15,1378,31.5246,1.26098,0.37179
320,400,8,3,39,1,0,0,1,73.698,0.76593,0.15,1378,31.5246,1.5365,0.37192
321,400,2,2,30,0,0,0,1,63.533,0.76529,0.15,1378,31.5246,1.24632,0.37192
322,175,1,1,27,0,1,0,0,5.3,0.76465,0.15,1381,31.5246,1.72472,0.37159
323,400,3,3,31,0,0,1,1,65.322,0.76402,0.15,1381,31.5246,1.5713,0.37183
324,400,1,1,28,0,0,0,1,54.623,0.76338,0.15,1381,31.5246,1.28979,0.37195
325,400,1,1,42,0,0,0,1,63.953,0.76274,0.15,1381,31.5246,1.48892,0.37195
326,106,0,0,13,0,1,0,0,-9.241,0.76211,0.15,1382,31.5246,2.06676,0.37192
327,400,2,2,27,0,0,1,1,28.38,0.76147,0.15,1383,31.5246,1.50093,0.3719
328,400,3,3,45,0,0,0,1,51.198,0.76084,0.15,1385,31.5246,1.37887,0.3716
329,400,1,1,32,0,0,0,1,44.665,0.76021,0.15,1389,31.5246,1.46194,0.37101
330,400,6,1,46,1,0,0,1,83.121,0.75957,0.15,1389,31.5246,1.40342,0.37113
331,400,12,2,36,2,0,0,1,64.296,0.75894,0.15,1389,31.5246,1.73948,0.37125
332,400,7,2,20,1,0,0,1,59.345,0.75831,0.15,1389,31.5246,1.63741,0.37137
333,400,7,2,42,1,0,0,1,67.77,0.75768,0.15,1391,31.5246,1.58502,0.3712
334,400,9,4,33,1,0,0,1,72.876,0.75704,0.15,1393,31.5246,1.54207,0.37138
335,400,1,1,23,0,0,0,1,26.178,0.75641,0.15,1393,31.5246,1.42099,0.37138
336,400,8,3,58,1,0,0,1,97.602,0.75578,0.15,1393,31.5246,1.62166,0.37138
337,400,7,2,40,1,0,1,1,76.151,0.75515,0.15,1394,31.5246,1.56088,0.37195
338,400,11,6,52,1,0,1,1,109.271,0.75453,0.15,1394,31.5246,1.57291,0.37195
339,400,3,3,39,0,0,0,1,59.613,0.7539,0.15,1396,31.5246,1.35625,0.3719
340,115,1,1,25,0,1,0,0,-8.736,0.75327,0.15,1396,31.5246,1.79426,0.37202
341,400,2,2,38,0,0,0,1,55.251,0.75264,0.15,1399,31.5246,1.48185,0.37169
342,246,2,2,30,0,1,1,0,-0.095,0.75201,0.15,1399,31.5246,1.82575,0.37181
343,400,10,5,52,1,0,0,1,96.397,0.75139,0.15,1399,31.5246,1.59569,0.37181
344,400,2,2,41,0,0,0,1,66.175,0.75076,0.15,1400,31.5246,1.42874,0.37167
345,400,2,2,33,0,0,0,1,51.4,0.75014,0.15,1400,31.5246,1.44312,0.37167
346,400,3,3,23,0,0,0,1,28.614,0.74951,0.15,1401,31.5246,1.60493,0.37164
347,400,9,4,56,1,0,0,1,97.513,0.74889,0.15,1404,31.5246,1.69242,0.37144
348,400,6,1,34,1,0,0,1,74.301,0.74826,0.15,1404,31.5246,1.55137,0.37203
349,324,1,1,30,0,1,0,0,14.745,0.74764,0.15,1404,31.5246,1.51682,0.37203
350,400,0,0,34,0,0,0,1,53.685,0.74702,0.15,1406,31.5246,1.42742,0.37174
351,400,7,2,48,1,0,1,1,85.649,0.7464,0.15,1406,31.5246,1.40816,0.37174
352,400,8,3,41,1,0,0,1,69.274,0.74577,0.15,1407,31.5246,1.62125,0.37171
353,90,0,0,14,0,1,0,0,-15.017,0.74515,0.15,1407,31.5246,2.45645,0.37195
354,400,1,1,26,0,0,0,1,56.121,0.74453,0.15,1407,31.5246,1.23121,0.37195
355,216,1,1,40,0,1,1,0,1.363,0.74391,0.15,1407,31.5246,1.88968,0.37207
356,400,12,2,42,2,0,0,1,80.041,0.74329,0.15,1409,31.5246,1.84284,0.37201
357,400,3,3,37,0,0,0,1,71.531,0.74267,0.15,1409,31.5246,1.46361,0.37201
358,400,1,1,30,0,0,0,1,40.429,0.74205,0.15,1411,31.5246,1.5523,0.37208
359,400,0,0,34,0,0,0,1,55.969,0.74144,0.15,1411,31.5246,1.38025,0.37208
360,400,7,2,28,1,0,0,1,61.732,0.74082,0.15,1412,31.5246,1.54886,0.37193
361,270,2,2,22,0,1,0,0,0.356,0.7402,0.15,1412,31.5246,1.60556,0.37193
362,400,1,1,27,0,0,0,1,33.572,0.73958,0.15,1414,31.5246,1.37915,0.37176
363,400,2,2,31,0,0,0,1,48.62,0.73897,0.15,1414,31.5246,1.44196,0.37188
364,400,5,5,34,0,0,1,1,58.965,0.73835,0.15,1414,31.5246,1.39505,0.37188
365,81,0,0,7,0,1,1,0,-22.281,0.73774,0.15,1415,31.5246,2.78585,0.37173
366,400,10,5,55,1,0,0,1,98.704,0.73712,0.15,1416,31.5246,1.61238,0.37159
367,400,1,1,43,0,0,0,1,63.834,0.73651,0.15,1417,31.5246,1.35133,0.37179
368,400,2,2,31,0,0,1,1,49.837,0.7359,0.15,1419,31.5246,1.39559,0.37162
369,400,2,2,34,0,0,0,1,32.315,0.73528,0.15,1419,31.5246,1.34074,0.37162
370,400,3,3,30,0,0,0,1,41.898,0.73467,0.15,1421,31.5246,1.35999,0.37133
371,400,8,3,28,1,0,1,1,80.945,0.73406,0.15,1422,31.5246,1.57945,0.37166
372,400,0,0,29,0,0,0,1,20.456,0.73345,0.15,1423,31.5246,1.30579,0.37152
373,400,2,2,28,0,0,0,1,37.793,0.73284,0.15,1425,31.5246,1.38301,0.37146
374,400,1,1,35,0,0,1,1,48.64,0.73223,0.15,1425,31.5246,1.26036,0.3717
375,400,2,2,42,0,0,1,1,55.963,0.73162,0.15,1429,31.5246,1.3486,0.37112
376,400,2,2,28,0,0,0,1,53.853,0.73101,0.15,1430,31.5246,1.52791,0.3711
377,400,2,2,42,0,0,0,1,67.646,0.7304,0.15,1430,31.5246,1.24846,0.3711
378,400,3,3,38,0,0,0,1,75.975,0.72979,0.15,1430,31.5246,1.42144,0.3711
379,400,2,2,35,0,0,0,1,70.047,0.72918,0.15,1431,31.5246,1.34564,0.37095
380,400,5,0,28,1,0,1,1,61.008,0.72857,0.15,1432,31.5246,1.67694,0.37093
381,400,2,2,22,0,0,0,1,29.189,0.72797,0.15,1434,31.5246,1.45229,0.37087
382,400,8,3,33,1,0,0,1,74.736,0.72736,0.15,1434,31.5246,1.50276,0.37087
383,400,9,4,39,1,0,0,1,86.76,0.72675,0.15,1434,31.5246,1.57548,0.37087
384,400,1,1,33,0,0,0,1,58.688,0.72615,0.15,1436,31.5246,1.35023,0.37059
385,400,4,4,33,0,0,0,1,58.811,0.72554,0.15,1438,31.5246,1.35364,0.37054
386,400,0,0,31,0,0,0,1,29.733,0.72494,0.15,1439,31.5246,1.35633,0.37051
387,400,11,6,49,1,0,0,1,102.673,0.72434,0.15,1444,31.5246,1.54143,0.37004
388,400,8,3,31,1,0,0,1,88.977,0.72373,0.15,1445,31.5246,1.40145,0.3699
389,400,1,1,48,0,0,0,1,58.164,0.72313,0.15,1446,31.5246,1.51959,0.36987
390,400,2,2,41,0,0,0,1,44.081,0.72253,0.15,1446,31.5246,1.42212,0.36987
391,400,1,1,32,0,0,0,1,25.24,0.72193,0.15,1446,31.5246,1.4624,0.3701
392,400,3,3,37,0,0,0,1,59.804,0.72132,0.15,1446,31.5246,1.37342,0.3701
393,400,7,2,27,1,0,0,1,70.728,0.72072,0.15,1446,31.5246,1.50578,0.37045
394,400,1,1,35,0,0,0,1,56.287,0.72012,0.15,1446,31.5246,1.56268,0.37045
395,400,0,0,38,0,0,0,1,65.723,0.71952,0.15,1448,31.5246,1.44686,0.37028
396,400,14,4,57,2,0,0,1,132.298,0.71892,0.15,1449,31.5246,1.66492,0.37014
397,400,2,2,37,0,0,0,1,59.957,0.71832,0.15,1450,31.5246,1.55604,0.37034
398,400,3,3,48,0,0,0,1,71.988,0.71773,0.15,1450,31.5246,1.52723,0.37034
399,174,3,3,27,0,1,0,0,7.506,0.71713,0.15,1451,31.5246,2.11375,0.3702
400,400,1,1,30,0,0,0,1,60.549,0.71653,0.15,1451,31.5246,1.43388,0.3702
401,400,1,1,31,0,0,1,1,37.919,0.71593,0.15,1451,31.5246,1.46428,0.3702
402,400,6,1,33,1,0,0,1,65.355,0.71534,0.15,1453,31.5246,1.54983,0.36992
403,392,0,0,30,0,0,0,1,23.312,0.71474,0.15,1456,31.5246,1.65455,0.36951
404,400,9,4,49,1,0,1,1,102.762,0.71415,0.15,1458,31.5246,1.54565,0.36957
405,400,2,2,36,0,0,0,1,54.038,0.71355,0.15,1459,31.5246,1.35332,0.36943
406,400,5,0,40,1,0,1,1,91.575,0.71296,0.15,1459,31.5246,1.6503,0.36966
407,400,3,3,26,0,0,0,1,44.649,0.71236,0.15,1459,31.5246,1.4356,0.36966
408,400,0,0,35,0,0,0,1,34.961,0.71177,0.15,1460,31.5246,1.31855,0.36952
409,400,6,1,28,1,0,0,1,62.211,0.71118,0.15,1462,31.5246,1.49813,0.36947
410,189,2,2,36,0,1,1,0,25.068,0.71059,0.15,1463,31.5246,1.78787,0.36933
411,273,3,3,30,0,1,1,0,25.887,0.70999,0.15,1465,31.5246,1.7546,0.36928
412,233,2,2,29,0,1,0,0,2.09,0.7094,0.15,1465,31.5246,1.96837,0.3694
413,400,1,1,37,0,0,0,1,50.409,0.70881,0.15,1471,31.5246,1.53089,0.3688
414,400,4,4,55,0,0,0,1,81.339,0.70822,0.15,1473,31.5246,1.42872,0.36852
415,400,2,2,27,0,0,0,1,54.845,0.70763,0.15,1473,31.5246,1.37946,0.36852
416,400,8,3,40,1,0,0,1,88.002,0.70704,0.15,1474,31.5246,1.42248,0.36839
417,400,7,2,33,1,0,0,1,78.972,0.70645,0.15,1474,31.5246,1.37814,0.36861
418,400,2,2,30,0,0,0,1,55.993,0.70586,0.15,1478,31.5246,1.33296,0.36852
419,400,2,2,46,0,0,0,1,59.765,0.70528,0.15,1479,31.5246,1.48079,0.3686
420,377,0,0,34,0,0,0,1,43.999,0.70469,0.15,1480,31.5246,1.46158,0.36847
421,400,6,1,43,1,0,1,1,79.573,0.7041,0.15,1481,31.5246,1.45734,0.36856
422,400,2,2,41,0,0,0,1,62.279,0.70351,0.15,1482,31.5246,1.35411,0.36842
423,400,1,1,31,0,0,1,1,55.165,0.70293,0.15,1484,31.5246,1.41476,0.36849
424,345,1,1,48,0,1,1,0,26.819,0.70234,0.15,1484,31.5246,1.8434,0.36849
425,400,7,2,46,1,0,0,1,79.767,0.70176,0.15,1484,31.5246,1.73244,0.36849
426,400,3,3,33,0,0,1,1,60.328,0.70117,0.15,1485,31.5246,1.53049,0.36869
427,400,5,5,41,0,0,0,1,84.577,0.70059,0.15,1488,31.5246,1.53202,0.3685
428,400,2,2,42,0,0,1,1,66.266,0.70001,0.15,1489,31.5246,1.61474,0.36882
429,253,0,0,24,0,1,0,0,2.755,0.69942,0.15,1489,31.5246,1.62238,0.36893
430,400,1,1,30,0,0,0,1,44.011,0.69884,0.15,1489,31.5246,1.25393,0.36893
431,400,7,2,37,1,0,0,1,78.789,0.69826,0.15,1490,31.5246,1.6261,0.36879
432,400,7,2,42,1,0,0,1,61.744,0.69768,0.15,1491,31.5246,1.71366,0.36877
433,400,12,2,27,2,0,0,1,78.57,0.6971,0.15,1493,31.5246,1.54575,0.3685
434,400,2,2,37,0,0,0,1,59.511,0.69651,0.15,1493,31.5246,1.24815,0.3685
435,400,6,1,37,1,0,1,1,56.782,0.69593,0.15,1498,31.5246,1.6138,0.36805
436,400,1,1,31,0,0,0,1,47.639,0.69535,0.15,1498,31.5246,1.42767,0.36816
437,400,3,3,39,0,0,0,1,86.185,0.69478,0.15,1501,31.5246,1.26384,0.36787
438,307,1,1,30,0,1,0,0,7.191,0.6942,0.15,1501,31.5246,1.62059,0.36787
439,400,1,1,41,0,0,0,1,77.027,0.69362,0.15,1502,31.5246,1.3565,0.36773
440,400,2,2,43,0,0,0,1,43.808,0.69304,0.15,1507,31.5246,1.48873,0.36718
441,293,2,2,33,0,1,0,0,17.181,0.69246,0.15,1508,31.5246,1.80141,0.36704
442,400,3,3,39,0,0,1,1,51.024,0.69189,0.15,1512,31.5246,1.59214,0.36662
443,400,1,1,41,0,0,0,1,73.134,0.69131,0.15,1515,31.5246,1.23397,0.36623
444,226,2,2,37,0,1,0,0,9.11,0.69073,0.15,1516,31.5246,1.77381,0.3662
445,400,2,2,41,0,0,2,1,61.042,0.69016,0.15,1517,31.5246,1.36338,0.36618
446,400,9,4,30,1,0,0,1,68.079,0.68958,0.15,1519,31.5246,1.52396,0.36614
447,148,1,1,27,0,1,1,0,-10.84,0.68901,0.15,1519,31.5246,2.12218,0.36614
448,400,2,2,43,0,0,0,1,63.121,0.68844,0.15,1520,31.5246,1.32041,0.36601
449,400,7,2,34,1,0,0,1,63.972,0.68786,0.15,1520,31.5246,1.6092,0.36623
450,400,2,2,33,0,0,0,1,47.151,0.68729,0.15,1520,31.5246,1.38138,0.36645
451,167,1,1,27,0,1,0,0,9.111,0.68672,0.15,1520,31.5246,1.87143,0.36678
452,400,2,2,29,0,0,0,1,41.001,0.68614,0.15,1521,31.5246,1.3765,0.36664
453,400,2,2,20,0,0,0,1,50.629,0.68557,0.15,1521,31.5246,1.36619,0.36664
454,400,2,2,41,0,0,0,1,71.006,0.685,0.15,1521,31.5246,1.33375,0.36686
455,400,3,3,39,0,0,0,1,68.866,0.68443,0.15,1523,31.5246,1.34445,0.36671
456,400,3,3,31,0,0,0,1,63.495,0.68386,0.15,1523,31.5246,1.36936,0.36671
457,400,3,3,36,0,0,1,1,65.1,0.68329,0.15,1523,31.5246,1.3129,0.36682
458,400,3,3,36,0,0,0,1,81.905,0.68272,0.15,1524,31.5246,1.69697,0.36669
459,219,0,0,32,0,1,1,0,3.125,0.68215,0.15,1527,31.5246,1.74424,0.3663
460,400,7,2,31,1,0,0,1,60.186,0.68159,0.15,1527,31.5246,1.41638,0.3663
461,400,7,2,35,1,0,0,1,65.49,0.68102,0.15,1528,31.5246,1.52196,0.36627
462,400,6,1,29,1,0,0,1,65.855,0.68045,0.15,1529,31.5246,1.41461,0.36614
463,400,2,2,34,0,0,0,1,54.226,0.67988,0.15,1529,31.5246,1.33766,0.36625
464,195,3,3,32,0,1,0,0,25.232,0.67932,0.15,1529,31.5246,1.99046,0.36625
465,400,5,5,45,0,0,0,1,59.729,0.67875,0.15,1529,31.5246,1.33084,0.36636
466,273,1,1,24,0,1,0,0,0.329,0.67819,0.15,1530,31.5246,1.73482,0.36623
467,400,1,1,34,0,0,0,1,53.774,0.67762,0.15,1531,31.5246,1.33324,0.36621
468,400,3,3,40,0,0,0,1,63.3,0.67706,0.15,1531,31.5246,1.259,0.36632
469,400,1,1,35,0,0,0,1,59.925,0.67649,0.15,1531,31.5246,1.19881,0.36643
470,400,5,5,32,0,0,0,1,72.055,0.67593,0.15,1535,31.5246,1.37771,0.36602
471,400,2,2,41,0,0,0,1,44.955,0.67537,0.15,1535,31.5246,1.52839,0.36612
472,71,0,0,12,0,1,0,0,-6.804,0.6748,0.15,1536,31.5246,2.53674,0.36599
473,400,8,3,40,1,0,0,1,89.835,0.67424,0.15,1537,31.5246,1.40503,0.36608
474,400,2,2,36,0,0,0,1,62.636,0.67368,0.15,1540,31.5246,1.56931,0.36613
475,400,0,0,28,0,0,0,1,39.435,0.67312,0.15,1540,31.5246,1.39239,0.36613
476,400,1,1,38,0,0,0,1,55.926,0.67256,0.15,1540,31.5246,1.37559,0.36634
477,400,1,1,38,0,0,2,1,49.651,0.672,0.15,1541,31.5246,1.25605,0.36632
478,400,2,2,25,0,0,0,1,63.283,0.67144,0.15,1541,31.5246,1.3248,0.36632
479,316,3,3,19,0,1,1,0,-1.212,0.67088,0.15,1542,31.5246,1.69271,0.36619
480,400,8,3,49,1,0,0,1,91.15,0.67032,0.15,1542,31.5246,1.46734,0.3663
481,400,4,4,46,0,0,0,1,64.791,0.66976,0.15,1542,31.5246,1.51535,0.3663
482,400,2,2,29,0,0,0,1,51.269,0.6692,0.15,1542,31.5246,1.36396,0.36641
483,400,2,2,24,0,0,0,1,48.457,0.66865,0.15,1543,31.5246,1.41257,0.36639
484,400,6,1,33,1,0,0,1,72.406,0.66809,0.15,1543,31.5246,1.49152,0.36671
485,400,1,1,31,0,0,1,1,56.153,0.66753,0.15,1543,31.5246,1.46568,0.36682
486,400,5,0,30,1,0,0,1,83.187,0.66698,0.15,1543,31.5246,1.45296,0.36693
487,400,3,3,36,0,0,0,1,47.693,0.66642,0.15,1543,31.5246,1.53943,0.36693
488,400,2,2,26,0,0,0,1,70.41,0.66587,0.15,1546,31.5246,1.37924,0.36654
489,117,0,0,9,0,1,1,0,-22.589,0.66531,0.15,1546,31.5246,2.23153,0.36654
490,400,7,2,36,1,0,0,1,85.884,0.66476,0.15,1546,31.5246,1.40947,0.36654
491,400,5,5,50,0,0,0,1,98.544,0.6642,0.15,1546,31.5246,1.32043,0.36665
492,400,1,1,39,0,0,0,1,61.688,0.66365,0.15,1547,31.5246,1.33496,0.36662
493,400,0,0,26,0,0,0,1,21.51,0.6631,0.15,1548,31.5246,1.26976,0.36649
494,109,1,1,27,0,1,0,0,11.072,0.66255,0.15,1548,31.5246,2.34969,0.36649
495,221,8,3,41,1,1,1,0,41.946,0.66199,0.15,1550,31.5246,2.21905,0.36634
496,400,2,2,43,0,0,1,1,59.763,0.66144,0.15,1550,31.5246,1.29216,0.36634
497,400,7,2,48,1,0,0,1,79.942,0.66089,0.15,1550,31.5246,1.35075,0.36634
498,127,1,1,13,0,0,0,0,5.166,0.66034,0.15,1553,31.5246,2.06146,0.36596
499,70,0,0,17,0,1,0,0,-22.162,0.65979,0.15,1553,31.5246,2.55848,0.36596
500,400,6,1,33,1,0,0,1,70.07,0.65924,0.15,1553,31.5246,1.46065,0.36596
501,400,3,3,48,0,0,0,1,79.035,0.65869,0.15,1554,31.5246,1.2725,0.36583
502,400,1,1,33,0,0,1,1,47.14,0.65814,0.15,1554,31.5246,1.26014,0.36615
503,400,8,3,42,1,0,0,1,77.062,0.65759,0.15,1554,31.5246,1.54623,0.36647
504,400,1,1,41,0,0,0,1,50.714,0.65705,0.15,1554,31.5246,1.37632,0.36647
505,400,0,0,27,0,0,0,1,17.832,0.6565,0.15,1555,31.5246,1.45037,0.36645
506,400,2,2,39,0,0,0,1,53.735,0.65595,0.15,1556,31.5246,1.51108,0.36643
507,400,9,4,63,1,0,0,1,101.846,0.65541,0.15,1557,31.5246,1.4175,0.3663
508,400,4,4,26,0,0,0,1,59.659,0.65486,0.15,1557,31.5246,1.36547,0.3663
509,400,7,2,45,1,0,0,1,82.746,0.65431,0.15,1560,31.5246,1.36493,0.36592
510,400,1,1,26,0,0,0,1,36.343,0.65377,0.15,1560,31.5246,1.25641,0.36592
511,253,3,3,42,0,1,0,0,34.558,0.65323,0.15,1560,31.5246,1.79956,0.36613
512,177,0,0,28,0,1,0,0,0.902,0.65268,0.15,1561,31.5246,1.91542,0.36611
513,400,0,0,33,0,0,0,1,45.69,0.65214,0.15,1561,31.5246,1.25338,0.36611
514,400,5,0,23,1,0,0,1,62.541,0.65159,0.15,1561,31.5246,1.40594,0.36611
515,400,2,2,35,0,0,0,1,41.356,0.65105,0.15,1563,31.5246,1.54946,0.36596
516,400,0,0,28,0,0,0,1,36.818,0.65051,0.15,1568,31.5246,1.39009,0.36554
517,232,0,0,26,0,0,0,0,21.716,0.64997,0.15,1568,31.5246,1.2898,0.36554
518,400,3,3,34,0,0,0,1,53.607,0.64943,0.15,1568,31.5246,1.28514,0.36565
519,400,3,3,35,0,0,0,1,46.388,0.64888,0.15,1569,31.5246,1.47401,0.36552
520,167,3,3,19,0,1,1,0,16.128,0.64834,0.15,1570,31.5246,1.7413,0.36539
521,400,2,2,38,0,0,1,1,76.141,0.6478,0.15,1573,31.5246,1.31962,0.36512
522,400,7,2,26,1,0,0,1,68.921,0.64726,0.15,1573,31.5246,1.45446,0.36512
523,400,8,3,45,1,0,0,1,89.383,0.64673,0.15,1574,31.5246,1.36703,0.36521
524,174,3,3,30,0,1,0,0,18.935,0.64619,0.15,1574,31.5246,1.96334,0.36521
525,400,7,2,37,1,0,0,1,78.779,0.64565,0.15,1574,31.5246,1.59943,0.36521
526,269,2,2,45,0,1,0,0,18.15,0.64511,0.15,1574,31.5246,1.63223,0.36542
527,400,2,2,23,0,0,0,1,35.731,0.64457,0.15,1576,31.5246,1.29425,0.36516
528,400,5,5,31,0,0,0,1,63.076,0.64404,0.15,1579,31.5246,1.49804,0.365
529,400,6,1,38,1,0,0,1,72.526,0.6435,0.15,1580,31.5246,1.38654,0.36487
530,400,3,3,16,0,0,0,1,31.596,0.64296,0.15,1581,31.5246,1.5957,0.36475
531,400,4,4,60,0,0,0,1,85.788,0.64243,0.15,1583,31.5246,1.4076,0.3645
532,400,3,3,25,0,0,0,1,53.705,0.64189,0.15,1583,31.5246,1.14559,0.3645
533,400,6,1,30,1,0,0,1,67.268,0.64136,0.15,1583,31.5246,1.37593,0.3645
534,400,0,0,24,0,0,0,1,46.748,0.64082,0.15,1584,31.5246,1.19514,0.36437
535,333,1,1,28,0,0,0,1,49.678,0.64029,0.15,1585,31.5246,1.37608,0.36425
536,400,2,2,31,0,0,0,1,57.119,0.63976,0.15,1585,31.5246,1.32253,0.36425
537,400,15,5,56,2,0,1,1,120.509,0.63922,0.15,1587,31.5246,1.85782,0.36421
538,339,2,2,29,0,1,1,0,25.69,0.63869,0.15,1587,31.5246,1.6229,0.36421
539,400,17,7,38,2,0,0,1,110.191,0.63816,0.15,1587,31.5246,1.74253,0.36452
540,400,7,2,34,1,0,0,1,82.559,0.63763,0.15,1587,31.5246,1.58238,0.36452
541,400,3,3,51,0,0,0,1,72.439,0.6371,0.15,1587,31.5246,1.29664,0.36452
542,400,1,1,30,0,0,0,1,24.842,0.63657,0.15,1587,31.5246,1.35146,0.36463
543,400,10,5,63,1,0,0,1,112.693,0.63604,0.15,1587,31.5246,1.80433,0.36473
544,220,4,4,45,0,1,1,0,26.385,0.63551,0.15,1587,31.5246,1.96241,0.36484
545,400,4,4,40,0,0,0,1,77.252,0.63498,0.15,1588,31.5246,1.48365,0.36471
546,400,4,4,38,0,0,0,1,73.179,0.63445,0.15,1589,31.5246,1.31161,0.36459
547,400,10,5,38,1,0,1,1,79.645,0.63392,0.15,1590,31.5246,1.52225,0.36447
548,400,5,0,36,1,0,0,1,60.943,0.63339,0.15,1590,31.5246,1.48519,0.36447
549,400,2,2,38,0,0,1,1,70.781,0.63286,0.15,1590,31.5246,1.33325,0.36447
550,400,2,2,38,0,0,0,1,64.65,0.63234,0.15,1590,31.5246,1.35054,0.36447
551,400,2,2,21,0,0,0,1,51.227,0.63181,0.15,1590,31.5246,1.3039,0.36457
552,400,2,2,37,0,0,0,1,53.623,0.63128,0.15,1590,31.5246,1.29693,0.36457
553,121,0,0,26,0,1,1,0,11.877,0.63076,0.15,1590,31.5246,2.05813,0.36457
554,400,3,3,35,0,0,0,1,62.515,0.63023,0.15,1590,31.5246,1.28247,0.36457
555,126,1,1,29,0,1,1,0,10.955,0.62971,0.15,1590,31.5246,2.56178,0.36457
556,400,6,1,24,1,0,0,1,63.363,0.62918,0.15,1590,31.5246,1.35769,0.36457
557,400,0,0,24,0,0,0,1,35.988,0.62866,0.15,1590,31.5246,1.22018,0.36457
558,400,9,4,43,1,0,0,1,101.431,0.62814,0.15,1590,31.5246,1.42324,0.36478
559,400,3,3,48,0,0,2,1,72.607,0.62761,0.15,1592,31.5246,1.43975,0.36485
560,400,2,2,44,0,0,0,1,81.804,0.62709,0.15,1592,31.5246,1.3098,0.36495
561,120,1,1,20,0,1,0,0,3.355,0.62657,0.15,1592,31.5246,2.13268,0.36495
562,400,8,3,44,1,0,0,1,94.344,0.62604,0.15,1593,31.5246,1.55521,0.36493
563,103,1,1,29,0,1,0,0,-2.66,0.62552,0.15,1597,31.5246,2.11217,0.36443
564,400,1,1,40,0,0,1,1,55.726,0.625,0.15,1597,31.5246,1.34882,0.36443
565,400,2,2,40,0,0,0,1,55.549,0.62448,0.15,1597,31.5246,1.3608,0.36454
566,400,1,1,32,0,0,0,1,44.541,0.62396,0.15,1597,31.5246,1.36203,0.36454
567,76,1,1,18,0,1,0,0,-9.78,0.62344,0.15,1597,31.5246,2.64356,0.36454
568,400,7,2,36,1,0,0,1,72.215,0.62292,0.15,1598,31.5246,1.42742,0.36452
569,400,1,1,30,0,0,0,1,69.91,0.6224,0.15,1599,31.5246,1.28727,0.36439
570,284,1,1,47,0,1,1,0,17.446,0.62189,0.15,1599,31.5246,1.58383,0.36439
571,400,2,2,43,0,0,2,1,61.889,0.62137,0.15,1599,31.5246,1.46644,0.36439
572,389,0,0,23,0,1,1,0,-4.56,0.62085,0.15,1601,31.5246,1.87844,0.36415
573,400,1,1,18,0,0,0,1,53.226,0.62033,0.15,1604,31.5246,1.27734,0.36388
574,178,4,4,37,0,1,0,0,16.107,0.61982,0.15,1604,31.5246,1.8171,0.36388
575,400,0,0,49,0,0,0,1,71.822,0.6193,0.15,1604,31.5246,1.30576,0.36409
576,366,1,1,37,0,0,0,1,69.523,0.61878,0.15,1604,31.5246,1.40369,0.36419
577,400,5,0,39,1,0,0,1,64.004,0.61827,0.15,1604,31.5246,1.45606,0.36419
578,245,1,1,41,0,1,1,0,24.074,0.61775,0.15,1604,31.5246,1.61046,0.36419
579,165,2,2,38,0,0,0,0,39.725,0.61724,0.15,1604,31.5246,1.7953,0.3643
580,400,1,1,27,0,0,1,1,49.536,0.61672,0.15,1606,31.5246,1.32181,0.36416
581,400,1,1,24,0,0,0,1,37.15,0.61621,0.15,1606,31.5246,1.54055,0.36416
582,400,2,2,45,0,0,0,1,72.056,0.6157,0.15,1606,31.5246,1.35543,0.36416
583,400,1,1,34,0,0,0,1,64.576,0.61518,0.15,1606,31.5246,1.22775,0.36426
584,400,7,2,30,1,0,0,1,70.29,0.61467,0.15,1607,31.5246,1.50317,0.36424
585,400,1,1,35,0,0,0,1,50.354,0.61416,0.15,1607,31.5246,1.51604,0.36424
586,400,5,5,42,0,0,0,1,77.108,0.61365,0.15,1607,31.5246,1.34795,0.36424
587,276,2,2,34,0,1,0,0,33.889,0.61314,0.15,1608,31.5246,1.87369,0.36432
588,400,5,5,41,0,0,0,1,78.608,0.61263,0.15,1608,31.5246,1.30467,0.36432
589,400,2,2,36,0,0,0,1,44.76,0.61212,0.15,1608,31.5246,1.50487,0.36432
590,400,3,3,32,0,0,1,1,50.537,0.61161,0.15,1609,31.5246,1.41271,0.3643
591,400,1,1,34,0,0,0,1,46.453,0.6111,0.15,1613,31.5246,1.39544,0.36402
592,400,8,3,50,1,0,1,1,89.08,0.61059,0.15,1614,31.5246,1.47321,0.364
593,400,2,2,44,0,0,0,1,70.084,0.61008,0.15,1614,31.5246,1.38434,0.364
594,400,2,2,28,0,0,0,1,53.379,0.60957,0.15,1614,31.5246,1.38366,0.364
595,400,4,4,41,0,0,0,1,59.595,0.60906,0.15,1614,31.5246,1.26735,0.364
596,400,6,6,42,0,0,0,1,74.251,0.60856,0.15,1614,31.5246,1.3078,0.364
597,169,0,0,33,0,1,0,0,-2.998,0.60805,0.15,1614,31.5246,1.67373,0.364
598,400,3,3,34,0,0,0,1,75.122,0.60754,0.15,1614,31.5246,1.39675,0.364
599,400,3,3,38,0,0,0,1,75.874,0.60704,0.15,1614,31.5246,1.3341,0.364
600,283,2,2,39,0,1,1,0,20.978,0.60653,0.15,1614,31.5246,1.66983,0.364
601,400,2,2,34,0,0,0,1,74.907,0.60603,0.15,1614,31.5246,1.45626,0.364
602,173,0,0,17,0,1,0,0,-13.674,0.60552,0.15,1614,31.5246,1.62129,0.364
603,400,3,3,50,0,0,0,1,86.525,0.60502,0.15,1614,31.5246,1.26426,0.364
604,400,13,3,41,2,0,1,1,105.034,0.60451,0.15,1614,31.5246,1.60405,0.36411
605,400,3,3,34,0,0,0,1,66.443,0.60401,0.15,1614,31.5246,1.3315,0.36411
606,400,2,2,35,0,0,0,1,63.282,0.60351,0.15,1617,31.5246,1.30755,0.36374
607,400,8,3,48,1,0,0,1,86.529,0.603,0.15,1617,31.5246,1.44299,0.36374
608,400,10,0,37,2,0,0,1,84.79,0.6025,0.15,1619,31.5246,1.45549,0.3635
609,400,4,4,47,0,0,0,1,90.563,0.602,0.15,1619,31.5246,1.18859,0.3635
610,400,3,3,35,0,0,0,1,36.795,0.6015,0.15,1619,31.5246,1.34985,0.3635
611,174,2,2,35,0,1,1,0,6.637,0.601,0.15,1619,31.5246,1.87334,0.3635
612,400,6,1,40,1,0,0,1,66.083,0.6005,0.15,1619,31.5246,1.36232,0.3635
613,400,8,3,41,1,0,0,1,90.938,0.6,0.15,1620,31.5246,1.45032,0.36358
614,400,3,3,38,0,0,0,1,62.268,0.5995,0.15,1620,31.5246,1.43484,0.36368
615,211,3,3,19,0,1,0,0,13.856,0.599,0.15,1621,31.5246,1.97918,0.36356
616,400,1,1,30,0,0,0,1,49.179,0.5985,0.15,1621,31.5246,1.27304,0.36356
617,400,3,3,34,0,0,0,1,57.763,0.598,0.15,1621,31.5246,1.26603,0.36356
618,400,6,1,31,1,0,0,1,74.086,0.5975,0.15,1622,31.5246,1.42093,0.36365
619,400,1,1,28,0,0,0,1,40.976,0.597,0.15,1622,31.5246,1.37539,0.36365
620,400,2,2,30,0,0,1,1,69.706,0.59651,0.15,1625,31.5246,1.43408,0.36338
621,111,2,2,26,0,1,0,0,6.563,0.59601,0.15,1626,31.5246,2.09903,0.36326
622,187,2,2,30,0,1,0,0,13.958,0.59551,0.15,1627,31.5246,1.99271,0.36325
623,400,8,3,40,1,0,0,1,88.225,0.59502,0.15,1627,31.5246,1.49381,0.36325
624,400,2,2,49,0,0,0,1,55.468,0.59452,0.15,1627,31.5246,1.42214,0.36345
625,400,3,3,29,0,0,0,1,45.266,0.59403,0.15,1627,31.5246,1.36781,0.36345
626,400,7,2,37,1,0,1,1,79.035,0.59353,0.15,1628,31.5246,1.41228,0.36364
627,400,5,0,32,1,0,0,1,59.904,0.59304,0.15,1628,31.5246,1.44102,0.36374
628,400,2,2,30,0,0,0,1,67.006,0.59254,0.15,1628,31.5246,1.17892,0.36384
629,400,1,1,40,0,0,0,1,66.633,0.59205,0.15,1628,31.5246,1.16265,0.36384
630,400,10,5,59,1,0,0,1,101.857,0.59156,0.15,1628,31.5246,1.56413,0.36384
631,400,7,2,36,1,0,1,1,82.125,0.59106,0.15,1630,31.5246,1.27258,0.3637
632,400,2,2,33,0,0,0,1,47.166,0.59057,0.15,1632,31.5246,1.33754,0.36346
633,42,0,0,11,0,1,0,0,-14.129,0.59008,0.15,1632,31.5246,3.10976,0.36356
634,400,8,3,48,1,0,0,1,90.732,0.58959,0.15,1634,31.5246,1.51798,0.36332
635,238,0,0,44,0,1,1,0,10.155,0.5891,0.15,1635,31.5246,1.75764,0.3632
636,400,2,2,25,0,0,0,1,44.622,0.5886,0.15,1636,31.5246,1.33791,0.36308
637,400,5,5,59,0,0,0,1,100.2,0.58811,0.15,1636,31.5246,1.47402,0.36328
638,400,4,4,36,0,0,0,1,51.251,0.58762,0.15,1636,31.5246,1.35034,0.36328
639,400,2,2,35,0,0,0,1,65.937,0.58714,0.15,1636,31.5246,1.43575,0.36349
640,400,9,4,35,1,0,0,1,96.558,0.58665,0.15,1636,31.5246,1.35152,0.36359
641,259,3,3,49,0,1,0,0,24.529,0.58616,0.15,1639,31.5246,1.92125,0.36333
642,400,5,5,46,0,0,0,1,61.75,0.58567,0.15,1640,31.5246,1.55254,0.36341
643,200,2,2,20,0,1,0,0,-0.948,0.58518,0.15,1641,31.5246,1.68733,0.36329
644,400,3,3,37,0,0,0,1,79.214,0.58469,0.15,1641,31.5246,1.34021,0.36329
645,400,8,3,41,1,0,0,1,54.84,0.58421,0.15,1641,31.5246,1.60105,0.36329
646,400,1,1,34,0,0,0,1,49.593,0.58372,0.15,1642,31.5246,1.22215,0.36328
647,400,2,2,45,0,0,0,1,70.472,0.58323,0.15,1642,31.5246,1.31612,0.36328
648,400,1,1,32,0,0,0,1,45.512,0.58275,0.15,1642,31.5246,1.19952,0.36328
649,400,3,3,35,0,0,0,1,67.984,0.58226,0.15,1643,31.5246,1.32947,0.36316
650,400,6,6,51,0,0,0,1,71.047,0.58178,0.15,1644,31.5246,1.50071,0.36324
651,400,11,6,55,1,0,0,1,112.544,0.58129,0.15,1647,31.5246,1.83938,0.36329
652,400,1,1,54,0,0,0,1,75.39,0.58081,0.15,1647,31.5246,1.17798,0.36329
653,400,3,3,41,0,0,0,1,72.663,0.58033,0.15,1647,31.5246,1.32869,0.36329
654,119,1,1,29,0,1,0,0,5.497,0.57984,0.15,1648,31.5246,2.26842,0.36327
655,400,2,2,43,0,0,0,1,49.838,0.57936,0.15,1650,31.5246,1.436,0.36313
656,400,2,2,29,0,0,1,1,77.618,0.57888,0.15,1650,31.5246,1.23368,0.36313
657,400,1,1,22,0,0,0,1,43.416,0.57839,0.15,1650,31.5246,1.37776,0.36323
658,400,3,3,34,0,0,0,1,54.845,0.57791,0.15,1650,31.5246,1.39806,0.36333
659,400,2,2,36,0,0,1,1,58.835,0.57743,0.15,1651,31.5246,1.41687,0.36332
660,400,9,4,39,1,0,1,1,85.077,0.57695,0.15,1654,31.5246,1.5532,0.36296
661,400,4,4,32,0,0,0,1,75.586,0.57647,0.15,1654,31.5246,1.45897,0.36296
662,400,4,4,45,0,0,0,1,76.513,0.57599,0.15,1655,31.5246,1.39369,0.36284
663,400,6,6,26,0,0,0,1,64.051,0.57551,0.15,1655,31.5246,1.42249,0.36294
664,400,0,0,12,0,0,1,1,26.069,0.57503,0.15,1655,31.5246,1.21413,0.36294
665,400,7,2,26,1,0,1,1,48.976,0.57455,0.15,1656,31.5246,1.33934,0.36292
666,400,6,6,57,0,0,0,1,92.379,0.57407,0.15,1658,31.5246,1.41006,0.36269
667,145,1,1,23,0,1,0,0,-1.443,0.57359,0.15,1658,31.5246,2.13397,0.36269
668,400,2,2,23,0,0,0,1,53.265,0.57312,0.15,1658,31.5246,1.3334,0.36269
669,400,3,3,24,0,0,0,1,53.33,0.57264,0.15,1658,31.5246,1.1481,0.36269
670,400,5,5,38,0,0,0,1,63.502,0.57216,0.15,1660,31.5246,1.50131,0.36255
671,400,5,0,33,1,0,1,1,55.758,0.57169,0.15,1661,31.5246,1.56213,0.36273
672,400,2,2,39,0,0,0,1,66.544,0.57121,0.15,1662,31.5246,1.24044,0.36292
673,400,1,1,32,0,0,0,1,50.249,0.57073,0.15,1662,31.5246,1.28353,0.36292
674,400,6,1,33,1,0,0,1,49.068,0.57026,0.15,1663,31.5246,1.48214,0.3628
675,400,7,2,44,1,0,0,1,94.835,0.56978,0.15,1663,31.5246,1.49869,0.3629
676,400,3,3,34,0,0,0,1,78.404,0.56931,0.15,1663,31.5246,1.14808,0.3629
677,54,1,1,15,0,1,0,0,-3.852,0.56883,0.15,1665,31.5246,2.96334,0.36266
678,219,3,3,49,0,1,1,0,34.372,0.56836,0.15,1665,31.5246,1.73166,0.36266
679,400,7,2,53,1,0,0,1,87.446,0.56789,0.15,1665,31.5246,1.40918,0.36266
680,400,9,4,40,1,0,0,1,86.457,0.56741,0.15,1665,31.5246,1.33335,0.36266
681,95,0,0,29,0,1,0,0,-2.984,0.56694,0.15,1665,31.5246,2.18695,0.36266
682,400,3,3,32,0,0,0,1,62.206,0.56647,0.15,1666,31.5246,1.56464,0.36265
683,400,4,4,45,0,0,0,1,94.04,0.566,0.15,1666,31.5246,1.28838,0.36265
684,400,9,4,39,1,0,0,1,73.456,0.56553,0.15,1666,31.5246,1.66425,0.36275
685,400,2,2,40,0,0,0,1,51.585,0.56505,0.15,1666,31.5246,1.42078,0.36275
686,400,3,3,42,0,0,0,1,57.091,0.56458,0.15,1666,31.5246,1.31776,0.36285
687,400,10,5,47,1,0,0,1,104.461,0.56411,0.15,1667,31.5246,1.50592,0.36303
688,400,2,2,59,0,0,0,1,78.964,0.56364,0.15,1668,31.5246,1.39796,0.36301
689,400,7,2,51,1,0,0,1,115.4,0.56317,0.15,1668,31.5246,1.21215,0.36301
690,400,2,2,46,0,0,1,1,57.058,0.5627,0.15,1671,31.5246,1.25504,0.36276
691,400,4,4,37,0,0,0,1,70.187,0.56224,0.15,1671,31.5246,1.25216,0.36276
692,400,3,3,28,0,0,0,1,66.547,0.56177,0.15,1673,31.5246,1.3434,0.36282
693,400,4,4,32,0,0,0,1,74.258,0.5613,0.15,1677,31.5246,1.37851,0.36235
694,400,1,1,31,0,0,0,1,47.604,0.56083,0.15,1677,31.5246,1.35594,0.36235
695,95,0,0,19,0,1,0,0,-5.707,0.56037,0.15,1677,31.5246,1.90465,0.36245
696,338,4,4,29,0,0,0,0,45.347,0.5599,0.15,1677,31.5246,1.55835,0.36255
697,400,3,3,41,0,0,1,1,72.919,0.55943,0.15,1677,31.5246,1.49253,0.36285
698,400,2,2,36,0,0,0,1,68.897,0.55897,0.15,1677,31.5246,1.26158,0.36295
699,198,5,5,40,0,0,1,0,54.225,0.5585,0.15,1677,31.5246,1.82546,0.36305
700,400,4,4,54,0,0,0,1,66.752,0.55804,0.15,1678,31.5246,1.43001,0.36293
701,400,3,3,49,0,0,0,1,82.762,0.55757,0.15,1678,31.5246,1.42317,0.36293
702,400,2,2,40,0,0,0,1,79.394,0.55711,0.15,1681,31.5246,1.40178,0.36268
703,212,2,2,23,0,1,0,0,5.213,0.55664,0.15,1682,31.5246,1.84639,0.36256
704,339,0,0,36,0,1,1,0,34.107,0.55618,0.15,1682,31.5246,1.48679,0.36256
705,400,6,1,55,1,0,0,1,96.215,0.55571,0.15,1682,31.5246,1.3352,0.36266
706,192,2,2,25,0,1,1,0,-1.369,0.55525,0.15,1682,31.5246,1.67403,0.36266
707,400,6,1,34,1,0,0,1,77.453,0.55479,0.15,1682,31.5246,1.32911,0.36266
708,400,3,3,37,0,0,0,1,76.976,0.55433,0.15,1682,31.5246,1.2374,0.36266
709,400,3,3,37,0,0,0,1,78.196,0.55387,0.15,1682,31.5246,1.36313,0.36266
710,400,1,1,32,0,0,0,1,51.997,0.5534,0.15,1683,31.5246,1.30214,0.36255
711,400,8,3,25,1,0,0,1,85.449,0.55294,0.15,1683,31.5246,1.31988,0.36255
712,183,1,1,38,0,1,1,0,16.959,0.55248,0.15,1683,31.5246,1.98421,0.36255
713,400,10,5,35,1,0,0,1,93.315,0.55202,0.15,1684,31.5246,1.44075,0.36243
714,400,4,4,30,0,0,2,1,69.715,0.55156,0.15,1685,31.5246,1.40909,0.36261
715,400,5,5,40,0,0,0,1,94.078,0.5511,0.15,1685,31.5246,1.23948,0.36261
716,400,8,3,30,1,0,0,1,68.48,0.55064,0.15,1685,31.5246,1.41938,0.36261
717,400,8,3,48,1,0,1,1,104.397,0.55019,0.15,1685,31.5246,1.48543,0.36261
718,172,2,2,43,0,1,0,0,23.058,0.54973,0.15,1685,31.5246,2.16166,0.36271
719,400,10,5,47,1,0,1,1,98.489,0.54927,0.15,1685,31.5246,1.42185,0.36271
720,400,7,2,34,1,0,0,1,91.833,0.54881,0.15,1685,31.5246,1.51094,0.36271
721,400,2,2,37,0,0,0,1,60.647,0.54835,0.15,1685,31.5246,1.23404,0.36271
722,400,6,1,36,1,0,0,1,69.506,0.5479,0.15,1688,31.5246,1.33001,0.36236
723,400,3,3,33,0,0,0,1,66.376,0.54744,0.15,1691,31.5246,1.33429,0.36211
724,400,8,3,24,1,0,0,1,69.344,0.54699,0.15,1692,31.5246,1.42967,0.362
725,400,5,0,34,1,0,0,1,74.19,0.54653,0.15,1692,31.5246,1.51087,0.36219
726,136,2,2,26,0,1,2,0,8.564,0.54607,0.15,1693,31.5246,2.07493,0.36208
727,400,5,0,49,1,0,0,1,84.581,0.54562,0.15,1693,31.5246,1.31879,0.36218
728,400,5,5,59,0,0,0,1,89.864,0.54517,0.15,1693,31.5246,1.50259,0.36218
729,96,1,1,23,0,1,1,0,-1.299,0.54471,0.15,1694,31.5246,2.40597,0.36206
730,400,2,2,37,0,0,1,1,73.735,0.54426,0.15,1694,31.5246,1.29577,0.36206
731,400,1,1,42,0,0,0,1,86.305,0.5438,0.15,1697,31.5246,1.18921,0.36172
732,400,12,7,77,1,0,0,1,135.431,0.54335,0.15,1697,31.5246,1.68803,0.36172
733,400,2,2,60,0,0,0,1,75.057,0.5429,0.15,1698,31.5246,1.45778,0.3616
734,400,6,6,70,0,0,0,1,102.361,0.54245,0.15,1698,31.5246,1.55706,0.3617
735,400,9,4,38,1,0,0,1,91.395,0.54199,0.15,1701,31.5246,1.49753,0.36145
736,400,3,3,33,0,0,1,1,55.157,0.54154,0.15,1701,31.5246,1.44177,0.36145
737,89,5,0,26,1,1,1,0,11.13,0.54109,0.15,1701,31.5246,2.40921,0.36155
738,400,14,4,38,2,0,0,1,119.57,0.54064,0.15,1701,31.5246,1.65058,0.36155
739,400,8,3,33,1,0,0,1,69.219,0.54019,0.15,1701,31.5246,1.56121,0.36175
740,400,1,1,33,0,0,0,1,53.899,0.53974,0.15,1702,31.5246,1.47215,0.36173
741,400,5,5,54,0,0,0,1,88.262,0.53929,0.15,1704,31.5246,1.41668,0.3615
742,309,1,1,32,0,1,0,0,15.215,0.53884,0.15,1707,31.5246,1.68977,0.36126
743,337,7,2,26,1,1,1,0,21.774,0.53839,0.15,1708,31.5246,1.79605,0.36124
744,400,6,1,31,1,0,0,1,63.761,0.53794,0.15,1708,31.5246,1.39558,0.36124
745,85,0,0,12,0,1,0,0,-20.375,0.5375,0.15,1708,31.5246,2.47145,0.36134
746,400,3,3,36,0,0,0,1,54.951,0.53705,0.15,1708,31.5246,1.45483,0.36134
747,400,0,0,30,0,0,0,1,37.55,0.5366,0.15,1708,31.5246,1.32297,0.36134
748,400,2,2,39,0,0,0,1,49.327,0.53615,0.15,1708,31.5246,1.28997,0.36134
749,400,3,3,37,0,0,0,1,65.711,0.53571,0.15,1709,31.5246,1.27808,0.36122
750,400,4,4,38,0,0,0,1,81.21,0.53526,0.15,1709,31.5246,1.2729,0.36122
751,400,2,2,50,0,0,0,1,80.719,0.53482,0.15,1709,31.5246,1.37652,0.36122
752,400,2,2,33,0,0,0,1,74.746,0.53437,0.15,1710,31.5246,1.45892,0.36111
753,400,2,2,38,0,0,0,1,60.407,0.53392,0.15,1710,31.5246,1.30074,0.36121
754,400,2,2,38,0,0,0,1,89.085,0.53348,0.15,1710,31.5246,1.40844,0.36131
755,400,2,2,43,0,0,1,1,66.088,0.53304,0.15,1711,31.5246,1.34823,0.36129
756,400,2,2,32,0,0,0,1,72.682,0.53259,0.15,1712,31.5246,1.4117,0.36118
757,261,0,0,32,0,1,2,0,8.107,0.53215,0.15,1712,31.5246,1.72474,0.36137
758,79,2,2,15,0,1,0,0,-5.673,0.5317,0.15,1713,31.5246,2.35674,0.36126
759,84,0,0,19,0,1,1,0,-6.777,0.53126,0.15,1713,31.5246,2.28747,0.36126
760,400,1,1,26,0,0,1,1,34.652,0.53082,0.15,1713,31.5246,1.28089,0.36126
761,400,11,6,51,1,0,0,1,119.641,0.53038,0.15,1713,31.5246,1.44881,0.36126
762,400,0,0,50,0,0,0,1,63.306,0.52994,0.15,1713,31.5246,1.17061,0.36135
763,88,2,2,21,0,1,1,0,-7.88,0.52949,0.15,1713,31.5246,2.57175,0.36135
764,400,2,2,44,0,0,1,1,56.233,0.52905,0.15,1713,31.5246,1.40709,0.36135
765,400,2,2,43,0,0,0,1,51.325,0.52861,0.15,1713,31.5246,1.40443,0.36135
766,400,4,4,43,0,0,0,1,63.654,0.52817,0.15,1713,31.5246,1.31254,0.36135
767,194,6,1,28,1,1,0,0,30.621,0.52773,0.15,1713,31.5246,1.97772,0.36155
768,400,6,1,36,1,0,0,1,63.367,0.52729,0.15,1714,31.5246,1.38761,0.36144
769,110,1,1,14,0,1,0,0,-1.394,0.52685,0.15,1715,31.5246,2.09574,0.36132
770,250,2,2,34,0,1,0,0,31.082,0.52641,0.15,1715,31.5246,1.86034,0.36142
771,400,2,2,45,0,0,0,1,80.759,0.52598,0.15,1716,31.5246,1.45063,0.3615
772,242,3,3,36,0,0,1,0,45.425,0.52554,0.15,1716,31.5246,1.73063,0.3615
773,400,3,3,24,0,0,0,1,55.616,0.5251,0.15,1718,31.5246,1.2603,0.36127
774,400,12,2,25,2,0,0,1,92.191,0.52466,0.15,1718,31.5246,1.4613,0.36127
775,400,3,3,39,0,0,0,1,84.527,0.52423,0.15,1719,31.5246,1.27282,0.36116
776,400,6,1,28,1,0,0,1,64.025,0.52379,0.15,1722,31.5246,1.37006,0.36092
777,400,1,1,37,0,0,0,1,46.372,0.52335,0.15,1722,31.5246,1.36896,0.36092
778,400,7,2,49,1,0,0,1,80.612,0.52292,0.15,1722,31.5246,1.45343,0.36092
779,400,8,3,56,1,0,0,1,99.891,0.52248,0.15,1723,31.5246,1.60837,0.3608
780,349,1,1,32,0,1,1,0,14.149,0.52205,0.15,1724,31.5246,1.59056,0.36069
781,400,4,4,43,0,0,0,1,74.639,0.52161,0.15,1724,31.5246,1.24007,0.36069
782,400,3,3,41,0,0,1,1,79.094,0.52118,0.15,1725,31.5246,1.39491,0.36087
783,400,1,1,28,0,0,0,1,57.017,0.52074,0.15,1726,31.5246,1.26253,0.36095
784,400,11,6,54,1,0,0,1,87.281,0.52031,0.15,1726,31.5246,1.53544,0.36105
785,400,2,2,42,0,0,0,1,59.618,0.51988,0.15,1727,31.5246,1.24304,0.36113
786,400,3,3,26,0,0,0,1,26.549,0.51944,0.15,1727,31.5246,1.47956,0.36113
787,400,3,3,32,0,0,0,1,51.214,0.51901,0.15,1727,31.5246,1.35687,0.36122
788,400,2,2,49,0,0,2,1,61.445,0.51858,0.15,1729,31.5246,1.33752,0.36129
789,400,5,5,49,0,0,1,1,66.688,0.51815,0.15,1729,31.5246,1.35803,0.36148
790,400,7,2,33,1,0,1,1,79.983,0.51771,0.15,1729,31.5246,1.32021,0.36158
791,384,11,1,28,2,0,0,1,67.129,0.51728,0.15,1729,31.5246,1.53317,0.36158
792,400,2,2,39,0,0,0,1,42.061,0.51685,0.15,1729,31.5246,1.41219,0.36158
793,400,9,4,39,1,0,0,1,95.728,0.51642,0.15,1730,31.5246,1.45128,0.36146
794,73,1,1,23,0,0,0,0,29.769,0.51599,0.15,1730,31.5246,1.96635,0.36146
795,174,0,0,19,0,1,0,0,-6.848,0.51556,0.15,1730,31.5246,1.89388,0.36156
796,400,10,5,34,1,0,0,1,98.953,0.51513,0.15,1730,31.5246,1.34779,0.36156
797,400,9,4,59,1,0,0,1,100.784,0.5147,0.15,1731,31.5246,1.5079,0.36164
798,400,6,1,46,1,0,0,1,82.952,0.51427,0.15,1731,31.5246,1.36841,0.36164
799,400,2,2,34,0,0,0,1,57.854,0.51385,0.15,1733,31.5246,1.49676,0.36161
800,229,2,2,48,0,1,0,0,26.737,0.51342,0.15,1733,31.5246,1.63038,0.36161
801,400,7,2,57,1,0,0,1,103.467,0.51299,0.15,1734,31.5246,1.30857,0.36159
802,400,8,3,42,1,0,0,1,91.614,0.51256,0.15,1734,31.5246,1.4352,0.36169
803,400,6,1,21,1,0,0,1,72.387,0.51214,0.15,1734,31.5246,1.40926,0.36169
804,308,6,1,38,1,1,1,0,51.021,0.51171,0.15,1734,31.5246,1.73056,0.36178
805,126,1,1,26,0,0,0,0,29.862,0.51128,0.15,1735,31.5246,1.35977,0.36167
806,400,3,3,32,0,0,0,1,60.81,0.51086,0.15,1737,31.5246,1.25376,0.36145
807,400,2,2,52,0,0,0,1,84.039,0.51043,0.15,1737,31.5246,1.28204,0.36145
808,93,2,2,23,0,1,1,0,2.686,0.51001,0.15,1737,31.5246,2.44225,0.36145
809,400,5,5,45,0,0,0,1,96.846,0.50958,0.15,1737,31.5246,1.34273,0.36145
810,400,0,0,33,0,0,0,1,57.396,0.50916,0.15,1738,31.5246,1.23374,0.36143
811,234,5,5,44,0,1,1,0,41.845,0.50873,0.15,1740,31.5246,2.00522,0.36121
812,400,1,1,43,0,0,0,1,61.2,0.50831,0.15,1740,31.5246,1.19272,0.3613
813,400,9,4,49,1,0,0,1,98.314,0.50789,0.15,1740,31.5246,1.4583,0.3613
814,102,1,1,26,0,1,1,0,6.153,0.50746,0.15,1740,31.5246,2.48462,0.3613
815,218,3,3,36,0,1,1,0,24.947,0.50704,0.15,1740,31.5246,2.04908,0.3613
816,400,1,1,37,0,0,1,1,54.946,0.50662,0.15,1740,31.5246,1.3401,0.3613
817,400,3,3,34,0,0,0,1,50.846,0.50619,0.15,1740,31.5246,1.27711,0.3614
818,400,1,1,46,0,0,1,1,83.394,0.50577,0.15,1740,31.5246,1.28786,0.3614
819,400,3,3,34,0,0,0,1,72.712,0.50535,0.15,1740,31.5246,1.31497,0.3614
820,400,3,3,44,0,0,1,1,75.703,0.50493,0.15,1741,31.5246,1.39241,0.36129
821,43,1,1,14,0,1,0,0,-12.007,0.50451,0.15,1743,31.5246,3.7977,0.36106
822,49,0,0,13,0,1,1,0,-22.441,0.50409,0.15,1743,31.5246,3.24455,0.36106
823,400,3,3,34,0,0,0,1,68.306,0.50367,0.15,1743,31.5246,1.36336,0.36106
824,400,2,2,35,0,0,0,1,58.186,0.50325,0.15,1743,31.5246,1.26438,0.36106
825,400,1,1,42,0,0,0,1,73.521,0.50283,0.15,1743,31.5246,1.21471,0.36106
826,400,3,3,37,0,0,0,1,89.018,0.50241,0.15,1743,31.5246,1.33415,0.36106
827,400,1,1,21,0,0,0,1,40.648,0.50199,0.15,1743,31.5246,1.23146,0.36106
828,400,9,4,52,1,0,0,1,84.369,0.50158,0.15,1744,31.5246,1.61445,0.36114
829,400,2,2,50,0,0,0,1,83.814,0.50116,0.15,1744,31.5246,1.22463,0.36114
830,400,2,2,49,0,0,0,1,79.45,0.50074,0.15,1744,31.5246,1.34441,0.36114
831,400,12,2,37,2,0,0,1,94.916,0.50032,0.15,1744,31.5246,1.52683,0.36114
832,400,10,5,57,1,0,1,1,96.812,0.49991,0.15,1746,31.5246,1.56442,0.36092
833,200,3,3,42,0,1,0,0,22.958,0.49949,0.15,1747,31.5246,1.9991,0.36081
834,261,8,3,47,1,1,0,0,55.163,0.49907,0.15,1749,31.5246,1.64576,0.36068
835,400,5,0,28,1,0,0,1,71.228,0.49866,0.15,1749,31.5246,1.4032,0.36097
836,400,8,3,34,1,0,0,1,66.918,0.49824,0.15,1749,31.5246,1.43481,0.36116
837,400,9,4,49,1,0,1,1,89.022,0.49783,0.15,1749,31.5246,1.58019,0.36116
838,277,2,2,33,0,1,1,0,34.602,0.49741,0.15,1751,31.5246,1.78547,0.36094
839,400,0,0,39,0,0,0,1,66.101,0.497,0.15,1751,31.5246,1.19566,0.36094
840,400,5,5,52,0,0,0,1,86.342,0.49659,0.15,1751,31.5246,1.42412,0.36103
841,400,11,6,62,1,0,0,1,112.352,0.49617,0.15,1751,31.5246,1.58433,0.36103
842,400,12,2,48,2,0,0,1,107.051,0.49576,0.15,1753,31.5246,1.65401,0.36081
843,166,5,0,28,1,1,0,0,24.608,0.49535,0.15,1753,31.5246,2.10791,0.36091
844,400,4,4,33,0,0,0,1,78.103,0.49493,0.15,1753,31.5246,1.27605,0.36091
845,77,1,1,22,0,1,0,0,-8.255,0.49452,0.15,1753,31.5246,2.20837,0.361
846,400,0,0,35,0,0,0,1,48.821,0.49411,0.15,1753,31.5246,1.27787,0.361
847,85,0,0,21,0,1,0,0,0.729,0.4937,0.15,1753,31.5246,2.56883,0.361
848,400,12,7,69,1,0,0,1,119.914,0.49329,0.15,1753,31.5246,1.70322,0.3611
849,400,2,2,56,0,0,0,1,69.915,0.49287,0.15,1753,31.5246,1.3681,0.36119
850,400,6,6,65,0,0,0,1,96.043,0.49246,0.15,1755,31.5246,1.46632,0.36097
851,400,6,6,36,0,0,0,1,88.489,0.49205,0.15,1756,31.5246,1.30908,0.36086
852,101,1,1,23,0,1,1,0,2.846,0.49164,0.15,1756,31.5246,1.96305,0.36086
853,400,3,3,37,0,0,0,1,99.232,0.49123,0.15,1756,31.5246,1.48373,0.36095
854,400,10,5,42,1,0,0,1,79.5,0.49083,0.15,1756,31.5246,1.3973,0.36105
855,400,3,3,30,0,0,0,1,43.621,0.49042,0.15,1757,31.5246,1.50764,0.36094
856,400,0,0,48,0,0,0,1,77.55,0.49001,0.15,1758,31.5246,1.3851,0.36092
857,272,8,3,33,1,0,0,0,65.113,0.4896,0.15,1761,31.5246,1.71453,0.36059
858,400,1,1,43,0,0,0,1,66.443,0.48919,0.15,1763,31.5246,1.27513,0.36056
859,400,13,8,69,1,0,0,1,124.527,0.48878,0.15,1763,31.5246,1.59015,0.36056
860,400,8,3,55,1,0,0,1,118.541,0.48838,0.15,1763,31.5246,1.43626,0.36056
861,400,3,3,42,0,0,0,1,91.528,0.48797,0.15,1766,31.5246,1.29339,0.36032
862,143,2,2,21,0,1,0,0,-6.892,0.48756,0.15,1766,31.5246,1.94245,0.36032
863,71,1,1,24,0,1,0,0,4.061,0.48716,0.15,1766,31.5246,2.60795,0.36042
864,400,3,3,42,0,0,0,1,60.32,0.48675,0.15,1766,31.5246,1.318,0.36042
865,400,13,3,35,2,0,0,1,109.35,0.48635,0.15,1766,31.5246,1.61586,0.36051
866,400,6,1,47,1,0,1,1,90.853,0.48594,0.15,1766,31.5246,1.4366,0.36051
867,400,1,1,38,0,0,0,1,51.104,0.48554,0.15,1769,31.5246,1.48956,0.36018
868,400,1,1,48,0,0,0,1,66.027,0.48513,0.15,1771,31.5246,1.23832,0.36006
869,400,5,0,32,1,0,1,1,79.154,0.48473,0.15,1772,31.5246,1.46021,0.35995
870,400,8,3,31,1,0,0,1,78.386,0.48432,0.15,1772,31.5246,1.34707,0.36005
871,400,4,4,38,0,0,0,1,73.002,0.48392,0.15,1772,31.5246,1.27321,0.36005
872,70,1,1,25,0,1,1,0,-9.253,0.48352,0.15,1773,31.5246,2.77642,0.35994
873,400,3,3,44,0,0,0,1,96.393,0.48312,0.15,1773,31.5246,1.26733,0.35994
874,63,1,1,25,0,1,0,0,-0.304,0.48271,0.15,1773,31.5246,2.01688,0.35994
875,400,2,2,44,0,0,0,1,74.045,0.48231,0.15,1773,31.5246,1.19921,0.35994
876,400,1,1,57,0,0,0,1,83.48,0.48191,0.15,1773,31.5246,1.28647,0.36003
877,400,4,4,61,0,0,0,1,89.62,0.48151,0.15,1773,31.5246,1.4723,0.36003
878,400,6,1,51,1,0,0,1,91.847,0.48111,0.15,1775,31.5246,1.54273,0.36
879,400,3,3,39,0,0,0,1,76.926,0.48071,0.15,1776,31.5246,1.38367,0.35998
880,400,1,1,33,0,0,0,1,69.582,0.48031,0.15,1777,31.5246,1.27861,0.36006
881,400,3,3,56,0,0,0,1,66.1,0.47991,0.15,1777,31.5246,1.45596,0.36006
882,68,0,0,19,0,1,0,0,-11.359,0.47951,0.15,1777,31.5246,2.5414,0.36016
883,400,2,2,33,0,0,1,1,57.28,0.47911,0.15,1777,31.5246,1.33292,0.36016
884,356,1,1,37,0,0,0,1,55.446,0.47871,0.15,1777,31.5246,1.39872,0.36025
885,400,7,2,31,1,0,0,1,80.554,0.47831,0.15,1777,31.5246,1.31477,0.36025
886,400,2,2,28,0,0,0,1,48.895,0.47791,0.15,1778,31.5246,1.37441,0.36014
887,400,3,3,34,0,0,0,1,55.984,0.47751,0.15,1778,31.5246,1.26732,0.36014
888,400,3,3,39,0,0,0,1,75.768,0.47711,0.15,1778,31.5246,1.20769,0.36014
889,400,1,1,34,0,0,0,1,43.073,0.47672,0.15,1779,31.5246,1.32422,0.36003
890,400,3,3,39,0,0,0,1,60.036,0.47632,0.15,1779,31.5246,1.20669,0.36003
891,400,3,3,41,0,0,0,1,79.733,0.47592,0.15,1779,31.5246,1.17286,0.36003
892,400,1,1,27,0,0,0,1,45.003,0.47553,0.15,1780,31.5246,1.32123,0.36002
893,400,1,1,41,0,0,0,1,61.87,0.47513,0.15,1780,31.5246,1.11575,0.36002
894,400,3,3,53,0,0,0,1,79.926,0.47473,0.15,1781,31.5246,1.35246,0.35991
895,400,2,2,32,0,0,0,1,67.199,0.47434,0.15,1781,31.5246,1.29691,0.35991
896,400,8,3,55,1,0,0,1,99.444,0.47394,0.15,1783,31.5246,1.49823,0.35979
897,400,2,2,38,0,0,0,1,72.35,0.47355,0.15,1783,31.5246,1.18741,0.35988
898,400,0,0,37,0,0,0,1,59.129,0.47315,0.15,1784,31.5246,1.28787,0.35977
899,400,7,2,45,1,0,0,1,89.856,0.47276,0.15,1784,31.5246,1.45028,0.35977
900,400,7,2,24,1,0,0,1,73.391,0.47237,0.15,1784,31.5246,1.46719,0.35987
901,72,1,1,17,0,1,0,0,-13.649,0.47197,0.15,1784,31.5246,2.55131,0.35996
902,301,4,4,37,0,0,0,0,40.519,0.47158,0.15,1784,31.5246,1.60772,0.36005
903,400,8,3,37,1,0,0,1,94.409,0.47119,0.15,1785,31.5246,1.41448,0.35994
904,400,0,0,22,0,0,0,1,35.749,0.47079,0.15,1785,31.5246,1.24216,0.36022
905,350,8,3,43,1,1,1,0,56.081,0.4704,0.15,1785,31.5246,1.74365,0.36022
906,400,6,6,48,0,0,0,1,98.624,0.47001,0.15,1785,31.5246,1.39723,0.36022
907,400,2,2,40,0,0,0,1,58.558,0.46962,0.15,1785,31.5246,1.24774,0.36032
908,400,2,2,45,0,0,0,1,82.613,0.46923,0.15,1785,31.5246,1.23259,0.36032
909,400,2,2,40,0,0,0,1,66.333,0.46884,0.15,1785,31.5246,1.33312,0.36032
910,400,3,3,32,0,0,0,1,45.141,0.46845,0.15,1786,31.5246,1.38652,0.3604
911,400,3,3,38,0,0,0,1,85.916,0.46806,0.15,1786,31.5246,1.04284,0.3604
912,400,2,2,33,0,0,0,1,69.793,0.46767,0.15,1787,31.5246,1.22297,0.36038
913,400,14,4,55,2,0,0,1,140.243,0.46728,0.15,1787,31.5246,1.46626,0.36038
914,192,2,2,27,0,1,1,0,5.462,0.46689,0.15,1787,31.5246,1.69046,0.36038
915,206,5,5,43,0,1,0,0,43.947,0.4665,0.15,1787,31.5246,1.93173,0.36057
916,400,2,2,41,0,0,0,1,63.362,0.46611,0.15,1787,31.5246,1.35921,0.36066
917,400,4,4,38,0,0,0,1,84.993,0.46572,0.15,1787,31.5246,1.25952,0.36066
918,400,9,4,47,1,0,0,1,101.045,0.46533,0.15,1787,31.5246,1.45429,0.36066
919,400,6,6,30,0,0,0,1,68.244,0.46495,0.15,1787,31.5246,1.41743,0.36066
920,400,3,3,28,0,0,0,1,70.512,0.46456,0.15,1787,31.5246,1.28736,0.36075
921,400,5,0,34,1,0,0,1,72.232,0.46417,0.15,1788,31.5246,1.53256,0.36074
922,400,9,4,55,1,0,0,1,120.657,0.46379,0.15,1788,31.5246,1.32971,0.36092
923,400,10,5,47,1,0,0,1,104.743,0.4634,0.15,1788,31.5246,1.40281,0.36092
924,192,4,4,45,0,1,2,0,37.871,0.46301,0.15,1788,31.5246,1.95126,0.36092
925,400,4,4,53,0,0,0,1,110.053,0.46263,0.15,1788,31.5246,1.28564,0.36092
926,400,8,3,45,1,0,0,1,109.689,0.46224,0.15,1789,31.5246,1.35592,0.36091
927,400,7,2,35,1,0,0,1,81.033,0.46186,0.15,1789,31.5246,1.46844,0.361
928,400,2,2,39,0,0,0,1,68.109,0.46147,0.15,1789,31.5246,1.21171,0.361
929,400,8,3,60,1,0,0,1,108.412,0.46109,0.15,1790,31.5246,1.45171,0.36117
930,125,2,2,25,0,1,0,0,-3.61,0.4607,0.15,1790,31.5246,1.90399,0.36117
931,400,10,5,58,1,0,0,1,115.099,0.46032,0.15,1790,31.5246,1.50893,0.36127
932,400,0,0,42,0,0,0,1,49.379,0.45994,0.15,1790,31.5246,1.41247,0.36127
933,110,3,3,30,0,1,1,0,12.421,0.45955,0.15,1790,31.5246,2.70104,0.36127
934,400,7,2,44,1,0,1,1,100.914,0.45917,0.15,1790,31.5246,1.32239,0.36136
935,237,7,2,44,1,1,0,0,45.362,0.45879,0.15,1790,31.5246,1.88538,0.36136
936,196,1,1,40,0,1,0,0,17.878,0.45841,0.15,1791,31.5246,1.61499,0.36125
937,400,9,4,42,1,0,0,1,89.546,0.45802,0.15,1791,31.5246,1.35262,0.36125
938,400,1,1,28,0,0,0,1,45.852,0.45764,0.15,1791,31.5246,1.2125,0.36134
939,260,8,8,48,0,1,1,0,55.987,0.45726,0.15,1792,31.5246,1.9721,0.36133
940,316,1,1,32,0,1,1,0,25.091,0.45688,0.15,1793,31.5246,1.71631,0.36131
941,400,2,2,36,0,0,1,1,66.829,0.4565,0.15,1795,31.5246,1.43116,0.36119
942,109,0,0,28,0,1,2,0,0.889,0.45612,0.15,1795,31.5246,2.23058,0.36119
943,400,1,1,35,0,0,0,1,62.426,0.45574,0.15,1795,31.5246,1.16589,0.36119
944,219,6,6,41,0,1,2,0,29.711,0.45536,0.15,1795,31.5246,1.94766,0.36119
945,400,6,1,30,1,0,1,1,90.96,0.45498,0.15,1796,31.5246,1.50343,0.36117
946,400,5,5,63,0,0,0,1,116.616,0.4546,0.15,1796,31.5246,1.41243,0.36117
947,400,2,2,45,0,0,0,1,88.162,0.45422,0.15,1796,31.5246,1.25508,0.36117
948,400,9,4,62,1,0,0,1,117.347,0.45384,0.15,1796,31.5246,1.49012,0.36117
949,400,5,5,46,0,0,1,1,81.376,0.45347,0.15,1796,31.5246,1.45323,0.36136
950,167,1,1,21,0,1,0,0,-2.277,0.45309,0.15,1796,31.5246,1.884,0.36136
951,400,2,2,53,0,0,0,1,89.932,0.45271,0.15,1797,31.5246,1.25483,0.36125
952,170,4,4,33,0,1,1,0,24.382,0.45233,0.15,1799,31.5246,2.19522,0.36113
953,400,9,4,36,1,0,0,1,97.133,0.45196,0.15,1800,31.5246,1.42589,0.36111
954,400,9,4,41,1,0,0,1,86.756,0.45158,0.15,1800,31.5246,1.4273,0.36111
955,400,9,4,39,1,0,2,1,93.725,0.45121,0.15,1800,31.5246,1.51306,0.3612
956,400,2,2,41,0,0,0,1,61.378,0.45083,0.15,1801,31.5246,1.31614,0.36119
957,400,10,5,36,1,0,1,1,78.9,0.45045,0.15,1804,31.5246,1.70984,0.36086
958,84,0,0,19,0,0,0,0,7.429,0.45008,0.15,1807,31.5246,1.85312,0.36054
959,400,8,8,46,0,0,1,1,95.245,0.4497,0.15,1808,31.5246,1.4306,0.36044
960,400,8,3,43,1,0,0,1,95.464,0.44933,0.15,1808,31.5246,1.35304,0.36044
961,400,10,5,71,1,0,3,1,121.693,0.44895,0.15,1810,31.5246,1.5355,0.36041
962,112,2,2,29,0,1,0,0,9.384,0.44858,0.15,1810,31.5246,1.98719,0.3605
963,241,8,3,34,1,1,1,0,45.564,0.44821,0.15,1810,31.5246,1.71543,0.3605
964,400,9,4,61,1,0,0,1,109.958,0.44783,0.15,1811,31.5246,1.57969,0.36057
965,400,1,1,46,0,0,1,1,80.642,0.44746,0.15,1812,31.5246,1.29464,0.36065
966,96,1,1,32,0,1,0,0,11.037,0.44709,0.15,1812,31.5246,2.29134,0.36074
967,400,3,3,35,0,0,0,1,81.332,0.44672,0.15,1812,31.5246,1.32225,0.36074
968,400,7,2,55,1,0,0,1,103.05,0.44634,0.15,1812,31.5246,1.51543,0.36093
969,400,5,5,36,0,0,1,1,88.934,0.44597,0.15,1812,31.5246,1.28818,0.36093
970,400,2,2,49,0,0,0,1,87.311,0.4456,0.15,1812,31.5246,1.28886,0.36093
971,400,8,3,38,1,0,0,1,92.412,0.44523,0.15,1812,31.5246,1.37378,0.36102
972,400,9,4,65,1,0,0,1,117.603,0.44486,0.15,1815,31.5246,1.44147,0.3607
973,400,4,4,39,0,0,0,1,71.976,0.44449,0.15,1815,31.5246,1.25823,0.36079
974,400,8,3,46,1,0,0,1,101.743,0.44412,0.15,1816,31.5246,1.53126,0.36068
975,400,6,6,50,0,0,0,1,109.915,0.44375,0.15,1816,31.5246,1.25513,0.36068
976,400,8,3,55,1,0,0,1,107.374,0.44338,0.15,1817,31.5246,1.41607,0.36058
977,400,11,6,56,1,0,0,1,120.011,0.44301,0.15,1817,31.5246,1.4651,0.36058
978,400,7,7,59,0,0,1,1,114.237,0.44264,0.15,1817,31.5246,1.47244,0.36067
979,400,1,1,33,0,0,0,1,64.787,0.44227,0.15,1817,31.5246,1.19409,0.36067
980,400,13,3,42,2,0,0,1,108.85,0.4419,0.15,1818,31.5246,1.48568,0.36056
981,393,3,3,60,0,1,1,0,79.016,0.44153,0.15,1819,31.5246,1.39431,0.36055
982,240,3,3,35,0,1,1,0,33.085,0.44117,0.15,1820,31.5246,1.86676,0.36062
983,400,1,1,46,0,0,0,1,90.831,0.4408,0.15,1820,31.5246,1.21098,0.36062
984,400,1,1,43,0,0,2,1,61.497,0.44043,0.15,1820,31.5246,1.30006,0.36071
985,250,3,3,35,0,1,0,0,21.584,0.44006,0.15,1820,31.5246,1.52322,0.36071
986,400,2,2,48,0,0,0,1,84.064,0.4397,0.15,1820,31.5246,1.16758,0.36071
987,81,5,5,23,0,1,0,0,13.949,0.43933,0.15,1821,31.5246,2.75586,0.36061
988,400,4,4,35,0,0,0,1,67.199,0.43897,0.15,1821,31.5246,1.37219,0.36061
989,400,11,6,39,1,0,0,1,105.117,0.4386,0.15,1821,31.5246,1.43944,0.36061
990,328,3,3,34,0,1,1,0,19.221,0.43823,0.15,1821,31.5246,1.56511,0.36061
991,400,2,2,60,0,0,0,1,82.559,0.43787,0.15,1821,31.5246,1.26831,0.36061
992,400,3,3,33,0,0,0,1,72.294,0.43751,0.15,1821,31.5246,1.19429,0.36061
993,400,12,7,59,1,0,0,1,135.021,0.43714,0.15,1821,31.5246,1.57059,0.3607
994,400,2,2,38,0,0,1,1,75.895,0.43678,0.15,1822,31.5246,1.30218,0.36059
995,400,0,0,34,0,0,0,1,38.57,0.43641,0.15,1822,31.5246,1.32294,0.36059
996,400,12,2,43,2,0,0,1,76.394,0.43605,0.15,1823,31.5246,1.65813,0.36049
997,400,3,3,36,0,0,0,1,53.502,0.43569,0.15,1825,31.5246,1.39988,0.36046
998,400,2,2,43,0,0,0,1,57.449,0.43532,0.15,1825,31.5246,1.27822,0.36046
999,400,3,3,33,0,0,0,1,54.094,0.43496,0.15,1825,31.5246,1.34763,0.36046
1000,400,3,3,42,0,0,0,1,64.852,0.4346,0.15,1825,31.5246,1.31263,0.36046
1001,400,5,5,50,0,0,1,1,99.592,0.43424,0.15,1825,31.5246,1.29053,0.36046
1002,201,2,2,36,0,0,1,0,43.725,0.43387,0.15,1826,31.5246,1.39106,0.36035
1003,400,3,3,51,0,0,0,1,95.547,0.43351,0.15,1826,31.5246,1.35641,0.36035
1004,122,0,0,25,0,1,1,0,9.941,0.43315,0.15,1827,31.5246,2.13142,0.36024
1005,400,10,5,36,1,0,0,1,97.518,0.43279,0.15,1827,31.5246,1.4885,0.36024
1006,400,2,2,48,0,0,0,1,81.082,0.43243,0.15,1827,31.5246,1.24792,0.36024
1007,112,1,1,18,0,1,1,0,-3.116,0.43207,0.15,1827,31.5246,2.3862,0.36024
1008,400,6,1,26,1,0,1,1,51.989,0.43171,0.15,1827,31.5246,1.5531,0.36052
1009,400,3,3,49,0,0,0,1,88.252,0.43135,0.15,1828,31.5246,1.36102,0.3605
1010,400,4,4,42,0,0,2,1,80.691,0.43099,0.15,1828,31.5246,1.3413,0.3605
1011,400,3,3,49,0,0,1,1,101.592,0.43063,0.15,1828,31.5246,1.34195,0.3605
1012,400,4,4,65,0,0,0,1,105.075,0.43027,0.15,1828,31.5246,1.32639,0.3605
1013,107,3,3,31,0,1,0,0,9.31,0.42992,0.15,1828,31.5246,2.30599,0.36059
1014,340,1,1,48,0,1,1,0,33.429,0.42956,0.15,1830,31.5246,1.75681,0.36038
1015,188,0,0,40,0,1,1,0,31.282,0.4292,0.15,1831,31.5246,1.72732,0.36037
1016,105,1,1,37,0,1,1,0,5.655,0.42884,0.15,1831,31.5246,2.25506,0.36037
1017,400,8,3,58,1,0,0,1,95.478,0.42848,0.15,1832,31.5246,1.5904,0.36026
1018,400,3,3,68,0,0,1,1,98.044,0.42813,0.15,1834,31.5246,1.28242,0.36005
1019,400,7,2,57,1,0,0,1,88.904,0.42777,0.15,1834,31.5246,1.34649,0.36005
1020,400,3,3,40,0,0,0,1,66.915,0.42741,0.15,1835,31.5246,1.25348,0.35995
1021,267,3,3,34,0,1,1,0,34.861,0.42706,0.15,1835,31.5246,1.83118,0.35995
1022,400,3,3,47,0,0,0,1,84.858,0.4267,0.15,1836,31.5246,1.31073,0.35984
1023,400,1,1,46,0,0,0,1,63.102,0.42635,0.15,1836,31.5246,1.37096,0.35984
1024,124,2,2,23,0,0,0,0,29.677,0.42599,0.15,1837,31.5246,1.92299,0.35983
1025,400,4,4,52,0,0,0,1,69.448,0.42564,0.15,1838,31.5246,1.28911,0.35972
1026,400,4,4,44,0,0,0,1,92.339,0.42528,0.15,1838,31.5246,1.2436,0.35972
1027,151,0,0,37,0,1,0,0,7.887,0.42493,0.15,1839,31.5246,1.91384,0.35962
1028,400,7,2,29,1,0,0,1,72.852,0.42457,0.15,1840,31.5246,1.34644,0.3596
1029,400,15,5,29,2,0,0,1,91.807,0.42422,0.15,1841,31.5246,1.64283,0.35959
1030,206,0,0,27,0,1,1,0,5.878,0.42387,0.15,1841,31.5246,1.67227,0.35959
1031,400,3,3,46,0,0,3,1,73.953,0.42351,0.15,1841,31.5246,1.51731,0.35986
1032,400,2,2,45,0,0,0,1,69.715,0.42316,0.15,1841,31.5246,1.23459,0.35986
1033,400,5,5,27,0,0,0,1,63.743,0.42281,0.15,1841,31.5246,1.30396,0.36004
1034,400,2,2,26,0,0,0,1,64.38,0.42246,0.15,1842,31.5246,1.25431,0.36003
1035,80,0,0,12,0,1,0,0,-22.34,0.42211,0.15,1842,31.5246,2.22562,0.36003
1036,400,2,2,53,0,0,0,1,74.306,0.42175,0.15,1843,31.5246,1.22347,0.36001
1037,400,14,4,56,2,0,0,1,133.184,0.4214,0.15,1843,31.5246,1.5338,0.36001
1038,400,3,3,46,0,0,0,1,87.73,0.42105,0.15,1843,31.5246,1.15984,0.3601
1039,400,6,1,34,1,0,0,1,88.711,0.4207,0.15,1843,31.5246,1.23773,0.3601
1040,400,2,2,49,0,0,2,1,62.993,0.42035,0.15,1845,31.5246,1.36395,0.35998
1041,400,2,2,36,0,0,0,1,79.044,0.42,0.15,1845,31.5246,1.1991,0.35998
1042,400,2,2,46,0,0,0,1,81.357,0.41965,0.15,1845,31.5246,1.16814,0.35998
1043,400,3,3,46,0,0,0,1,90.003,0.4193,0.15,1845,31.5246,1.25929,0.35998
1044,400,1,1,43,0,0,0,1,74.157,0.41895,0.15,1845,31.5246,1.17605,0.35998
1045,400,10,5,59,1,0,0,1,128.765,0.4186,0.15,1845,31.5246,1.4249,0.35998
1046,400,3,3,41,0,0,0,1,80.051,0.41825,0.15,1845,31.5246,1.18468,0.35998
1047,400,9,4,41,1,0,1,1,95.791,0.41791,0.15,1846,31.5246,1.42802,0.35988
1048,400,9,4,47,1,0,0,1,107.826,0.41756,0.15,1847,31.5246,1.34517,0.35977
1049,400,1,1,30,0,0,0,1,71.29,0.41721,0.15,1847,31.5246,1.20228,0.35977
1050,226,2,2,32,0,1,0,0,15.13,0.41686,0.15,1847,31.5246,1.78765,0.35977
1051,400,10,5,38,1,0,0,1,115.039,0.41651,0.15,1848,31.5246,1.29607,0.35967
1052,200,11,6,40,1,0,0,0,87.586,0.41617,0.15,1848,31.5246,1.88083,0.35967
1053,400,2,2,42,0,0,0,1,81.253,0.41582,0.15,1849,31.5246,1.18758,0.35956
1054,400,3,3,44,0,0,0,1,86.413,0.41547,0.15,1849,31.5246,1.41539,0.35974
1055,400,2,2,36,0,0,0,1,68.959,0.41513,0.15,1849,31.5246,1.3157,0.35974
1056,400,2,2,47,0,0,1,1,93.534,0.41478,0.15,1853,31.5246,1.26624,0.35933
1057,400,9,4,58,1,0,0,1,119.568,0.41444,0.15,1853,31.5246,1.43026,0.35933
1058,400,7,2,36,1,0,0,1,88.617,0.41409,0.15,1853,31.5246,1.35563,0.35933
1059,158,0,0,33,0,1,1,0,16.96,0.41375,0.15,1854,31.5246,1.96543,0.3594
1060,400,8,3,37,1,0,0,1,95.81,0.4134,0.15,1856,31.5246,1.38856,0.3592
1061,156,2,2,20,0,0,0,0,28.95,0.41306,0.15,1856,31.5246,1.49816,0.3592
1062,400,2,2,62,0,0,0,1,96.51,0.41271,0.15,1856,31.5246,1.40234,0.3592
1063,281,4,4,44,0,1,2,0,37.573,0.41237,0.15,1856,31.5246,1.80729,0.3592
1064,79,1,1,14,0,0,0,0,17.255,0.41203,0.15,1856,31.5246,1.71068,0.3592
1065,400,6,1,38,1,0,0,1,89.783,0.41168,0.15,1857,31.5246,1.45866,0.35909
1066,400,3,3,45,0,0,0,1,92.41,0.41134,0.15,1857,31.5246,1.15646,0.35909
1067,384,5,5,53,0,1,1,0,45.835,0.411,0.15,1857,31.5246,1.52978,0.35909
1068,87,0,0,21,0,1,0,0,-14.617,0.41066,0.15,1857,31.5246,1.65551,0.35909
1069,400,5,5,48,0,0,0,1,83.526,0.41031,0.15,1857,31.5246,1.3851,0.35909
1070,400,6,6,30,0,0,0,1,62.791,0.40997,0.15,1858,31.5246,1.43398,0.35899
1071,250,3,3,37,0,1,2,0,12.829,0.40963,0.15,1859,31.5246,1.63996,0.35888
1072,90,1,1,25,0,1,0,0,2.33,0.40929,0.15,1859,31.5246,2.24493,0.35888
1073,400,7,7,51,0,0,0,1,111.251,0.40895,0.15,1860,31.5246,1.50086,0.35878
1074,233,2,2,33,0,1,0,0,37.718,0.40861,0.15,1860,31.5246,1.57456,0.35878
1075,400,8,3,43,1,0,0,1,104.937,0.40827,0.15,1861,31.5246,1.38968,0.35868
1076,400,7,2,42,1,0,0,1,109.755,0.40793,0.15,1862,31.5246,1.33084,0.35858
1077,233,6,6,55,0,1,0,0,61.16,0.40759,0.15,1862,31.5246,1.89679,0.35858
1078,400,6,6,57,0,0,1,1,119.019,0.40725,0.15,1863,31.5246,1.34227,0.35847
1079,400,6,6,49,0,0,0,1,95.186,0.40691,0.15,1863,31.5246,1.30507,0.35847
1080,400,1,1,51,0,0,0,1,68.068,0.40657,0.15,1863,31.5246,1.2059,0.35847
1081,400,5,5,73,0,0,0,1,109.837,0.40623,0.15,1863,31.5246,1.36047,0.35847
1082,400,1,1,48,0,0,0,1,72.703,0.40589,0.15,1863,31.5246,1.26168,0.35847
1083,153,4,4,30,0,1,1,0,27.925,0.40555,0.15,1864,31.5246,2.15873,0.35837
1084,400,4,4,47,0,0,0,1,99.558,0.40522,0.15,1864,31.5246,1.29108,0.35837
1085,400,10,5,40,1,0,0,1,106.33,0.40488,0.15,1864,31.5246,1.38006,0.35837
1086,400,3,3,39,0,0,0,1,68.363,0.40454,0.15,1866,31.5246,1.2715,0.35825
1087,400,5,5,45,0,0,0,1,69.695,0.4042,0.15,1866,31.5246,1.33158,0.35825
1088,400,9,4,49,1,0,0,1,73.162,0.40387,0.15,1866,31.5246,1.55909,0.35843
1089,400,8,3,62,1,0,0,1,83.423,0.40353,0.15,1867,31.5246,1.46699,0.35833
1090,400,6,1,40,1,0,0,1,62.717,0.4032,0.15,1868,31.5246,1.45522,0.35823
1091,400,11,6,59,1,0,0,1,128.261,0.40286,0.15,1869,31.5246,1.45163,0.35812
1092,400,8,3,48,1,0,1,1,93.974,0.40252,0.15,1869,31.5246,1.56226,0.3583
1093,400,7,7,49,0,0,0,1,101.805,0.40219,0.15,1870,31.5246,1.34443,0.3582
1094,161,3,3,39,0,1,0,0,31.044,0.40185,0.15,1870,31.5246,2.14533,0.35829
1095,400,8,3,40,1,0,0,1,87.779,0.40152,0.15,1870,31.5246,1.64615,0.35847
1096,365,4,4,44,0,0,2,1,70.705,0.40118,0.15,1870,31.5246,1.61855,0.35847
1097,400,1,1,32,0,0,0,1,62.436,0.40085,0.15,1870,31.5246,1.37443,0.35847
1098,400,2,2,34,0,0,0,1,59.166,0.40052,0.15,1870,31.5246,1.51651,0.35847
1099,400,2,2,39,0,0,0,1,86.49,0.40018,0.15,1870,31.5246,1.55416,0.35856
1100,400,3,3,29,0,0,0,1,72.371,0.39985,0.15,1870,31.5246,1.2719,0.35856
1101,400,12,7,51,1,0,0,1,132.802,0.39952,0.15,1870,31.5246,1.62856,0.35856
1102,155,9,4,39,1,1,0,0,46.919,0.39918,0.15,1870,31.5246,2.25335,0.35856
1103,400,7,2,34,1,0,1,1,79.432,0.39885,0.15,1872,31.5246,1.50941,0.35835
1104,125,2,2,33,0,1,1,0,22.276,0.39852,0.15,1872,31.5246,2.18458,0.35844
1105,400,10,5,40,1,0,0,1,95.172,0.39819,0.15,1872,31.5246,1.39152,0.35844
1106,400,11,6,42,1,0,0,1,103.14,0.39786,0.15,1872,31.5246,1.58365,0.35844
1107,400,2,2,37,0,0,0,1,64.314,0.39752,0.15,1872,31.5246,1.27111,0.35844
1108,400,3,3,38,0,0,0,1,66.351,0.39719,0.15,1872,31.5246,1.24218,0.35853
1109,400,7,2,50,1,0,0,1,76.535,0.39686,0.15,1873,31.5246,1.41106,0.35843
1110,400,4,4,49,0,0,1,1,61.602,0.39653,0.15,1875,31.5246,1.48036,0.35831
1111,400,5,0,29,1,0,0,1,51.475,0.3962,0.15,1875,31.5246,1.27346,0.35831
1112,400,6,1,27,1,0,0,1,65.971,0.39587,0.15,1875,31.5246,1.34927,0.3584
1113,179,4,4,35,0,1,1,0,28.537,0.39554,0.15,1875,31.5246,1.74082,0.3584
1114,400,7,2,50,1,0,1,1,91.146,0.39521,0.15,1875,31.5246,1.57542,0.3584
1115,400,4,4,52,0,0,0,1,74.784,0.39488,0.15,1875,31.5246,1.31994,0.3584
1116,400,4,4,41,0,0,0,1,82.8,0.39455,0.15,1875,31.5246,1.37343,0.35849
1117,400,4,4,53,0,0,0,1,96.861,0.39423,0.15,1875,31.5246,1.32353,0.35858
1118,400,4,4,54,0,0,0,1,117.533,0.3939,0.15,1875,31.5246,1.20065,0.35858
1119,400,9,4,46,1,0,0,1,131.93,0.39357,0.15,1876,31.5246,1.43999,0.35848
1120,400,8,3,38,1,0,0,1,124.736,0.39324,0.15,1877,31.5246,1.32563,0.35837
1121,168,4,4,30,0,1,1,0,30.363,0.39291,0.15,1877,31.5246,2.02343,0.35837
1122,359,3,3,27,0,0,0,1,79.201,0.39259,0.15,1878,31.5246,1.45205,0.35827
1123,400,4,4,55,0,0,0,1,98.442,0.39226,0.15,1878,31.5246,1.46625,0.35827
1124,400,12,7,56,1,0,1,1,114.627,0.39193,0.15,1879,31.5246,1.50251,0.35826
1125,400,2,2,41,0,0,0,1,73.397,0.39161,0.15,1880,31.5246,1.34849,0.35816
1126,400,2,2,44,0,0,1,1,77.531,0.39128,0.15,1881,31.5246,1.36565,0.35814
1127,400,3,3,45,0,0,1,1,91.436,0.39095,0.15,1881,31.5246,1.24506,0.35814
1128,400,7,2,31,1,0,2,1,92.489,0.39063,0.15,1881,31.5246,1.35042,0.35832
1129,400,7,2,34,1,0,0,1,66.863,0.3903,0.15,1881,31.5246,1.43728,0.35832
1130,321,3,3,26,0,1,0,0,24.563,0.38998,0.15,1882,31.5246,1.5776,0.35822
1131,400,4,4,28,0,0,0,1,76.455,0.38965,0.15,1883,31.5246,1.24165,0.35812
1132,400,7,2,40,1,0,0,1,101.669,0.38933,0.15,1883,31.5246,1.44276,0.3582
1133,400,7,2,35,1,0,0,1,91.467,0.389,0.15,1883,31.5246,1.23764,0.3582
1134,400,8,3,48,1,0,0,1,98.738,0.38868,0.15,1883,31.5246,1.34783,0.3582
1135,400,1,1,34,0,0,0,1,75.691,0.38836,0.15,1883,31.5246,1.2913,0.3582
1136,280,5,5,42,0,1,0,0,52.974,0.38803,0.15,1883,31.5246,1.75469,0.35829
1137,400,4,4,33,0,0,0,1,96.882,0.38771,0.15,1884,31.5246,1.23034,0.35819
1138,241,1,1,47,0,1,0,0,47.031,0.38739,0.15,1885,31.5246,1.66209,0.35809
1139,400,3,3,35,0,0,0,1,82.523,0.38706,0.15,1885,31.5246,1.32877,0.35809
1140,400,3,3,34,0,0,0,1,81.554,0.38674,0.15,1885,31.5246,1.18123,0.35809
1141,400,4,4,80,0,0,1,1,123.768,0.38642,0.15,1885,31.5246,1.37206,0.35818
1142,400,7,7,36,0,0,0,1,100.932,0.3861,0.15,1885,31.5246,1.28353,0.35827
1143,400,4,4,42,0,0,0,1,75.287,0.38578,0.15,1885,31.5246,1.28698,0.35836
1144,400,6,6,63,0,0,0,1,112.298,0.38545,0.15,1885,31.5246,1.3991,0.35836
1145,400,8,3,30,1,0,1,1,92.515,0.38513,0.15,1885,31.5246,1.39578,0.35862
1146,400,3,3,41,0,0,0,1,67.357,0.38481,0.15,1885,31.5246,1.1902,0.3588
1147,400,2,2,32,0,0,0,1,58.97,0.38449,0.15,1885,31.5246,1.12981,0.3588
1148,400,8,3,33,1,0,0,1,82.966,0.38417,0.15,1885,31.5246,1.41538,0.3588
1149,400,9,4,36,1,0,0,1,106.214,0.38385,0.15,1885,31.5246,1.32306,0.3588
1150,139,2,2,28,0,1,1,0,9.739,0.38353,0.15,1885,31.5246,2.12609,0.3588
1151,77,1,1,11,0,0,0,0,11.331,0.38321,0.15,1885,31.5246,1.33506,0.3588
1152,400,2,2,49,0,0,0,1,79.206,0.38289,0.15,1885,31.5246,1.34397,0.3588
1153,194,2,2,28,0,0,1,0,37.37,0.38257,0.15,1886,31.5246,1.8155,0.35878
1154,169,0,0,19,0,1,0,0,-0.719,0.38226,0.15,1887,31.5246,1.94649,0.35868
1155,75,0,0,14,0,0,0,0,14.047,0.38194,0.15,1887,31.5246,1.38781,0.35868
1156,150,1,1,30,0,1,0,0,-0.246,0.38162,0.15,1887,31.5246,1.97509,0.35877
1157,400,3,3,28,0,0,1,1,92.991,0.3813,0.15,1887,31.5246,1.23238,0.35877
1158,400,2,2,40,0,0,0,1,92.122,0.38098,0.15,1887,31.5246,1.12896,0.35877
1159,400,5,5,32,0,0,1,1,96.568,0.38067,0.15,1887,31.5246,1.21609,0.35877
1160,400,1,1,50,0,0,2,1,69.239,0.38035,0.15,1887,31.5246,1.30268,0.35895
1161,230,4,4,40,0,1,1,0,38.922,0.38003,0.15,1887,31.5246,1.8791,0.35895
1162,167,2,2,29,0,0,0,0,37.812,0.37972,0.15,1887,31.5246,1.51086,0.35895
1163,302,3,3,51,0,0,0,0,62.367,0.3794,0.15,1887,31.5246,1.53848,0.35895
1164,400,1,1,51,0,0,0,1,87.627,0.37908,0.15,1887,31.5246,1.27413,0.35895
1165,400,5,5,81,0,0,0,1,128.021,0.37877,0.15,1888,31.5246,1.4074,0.35885
1166,400,4,4,56,0,0,0,1,107.837,0.37845,0.15,1888,31.5246,1.32235,0.35893
1167,400,14,4,44,2,0,0,1,109.358,0.37814,0.15,1888,31.5246,1.43729,0.35893
1168,400,3,3,53,0,0,0,1,107.862,0.37782,0.15,1888,31.5246,1.1005,0.35893
1169,400,2,2,50,0,0,0,1,94.146,0.37751,0.15,1888,31.5246,1.24637,0.35911
1170,400,7,2,54,1,0,0,1,98.141,0.37719,0.15,1888,31.5246,1.36051,0.35911
1171,400,2,2,44,0,0,0,1,83.425,0.37688,0.15,1888,31.5246,1.27132,0.35911
1172,400,5,5,39,0,0,0,1,82.434,0.37656,0.15,1889,31.5246,1.40386,0.35901
1173,400,9,4,52,1,0,1,1,114.941,0.37625,0.15,1889,31.5246,1.45982,0.35901
1174,400,3,3,52,0,0,0,1,95.288,0.37594,0.15,1889,31.5246,1.26608,0.3591
1175,400,3,3,41,0,0,0,1,104.142,0.37562,0.15,1889,31.5246,1.22523,0.3591
1176,400,1,1,35,0,0,0,1,82.162,0.37531,0.15,1889,31.5246,1.21047,0.3591
1177,298,1,1,46,0,1,0,0,34.069,0.375,0.15,1890,31.5246,1.69312,0.35899
1178,400,12,7,51,1,0,0,1,100.688,0.37469,0.15,1891,31.5246,1.60375,0.35889
1179,253,3,3,54,0,1,0,0,43.158,0.37437,0.15,1892,31.5246,1.75011,0.35888
1180,224,3,3,42,0,1,0,0,30.594,0.37406,0.15,1892,31.5246,1.75727,0.35888
1181,168,2,2,35,0,1,1,0,29.115,0.37375,0.15,1892,31.5246,1.91048,0.35888
1182,400,6,6,63,0,0,1,1,101.424,0.37344,0.15,1892,31.5246,1.37059,0.35888
1183,400,2,2,48,0,0,0,1,68.413,0.37313,0.15,1892,31.5246,1.30865,0.35888
1184,317,2,2,43,0,0,1,1,78.553,0.37282,0.15,1893,31.5246,1.51575,0.35887
1185,400,16,6,77,2,0,0,1,157.321,0.37251,0.15,1894,31.5246,1.63442,0.35894
1186,196,2,2,33,0,1,1,0,26.025,0.3722,0.15,1894,31.5246,1.70981,0.35894
1187,400,1,1,45,0,0,0,1,64.388,0.37189,0.15,1895,31.5246,1.48581,0.35884
1188,201,4,4,56,0,1,1,0,33.013,0.37158,0.15,1895,31.5246,1.81244,0.35884
1189,169,1,1,25,0,1,0,0,12.578,0.37127,0.15,1895,31.5246,1.90343,0.35884
1190,400,3,3,36,0,0,1,1,72.649,0.37096,0.15,1895,31.5246,1.31365,0.35884
1191,400,1,1,35,0,0,0,1,85.363,0.37065,0.15,1896,31.5246,1.29028,0.35883
1192,400,0,0,45,0,0,0,1,68.361,0.37034,0.15,1896,31.5246,1.27088,0.35883
1193,211,1,1,31,0,1,0,0,14.783,0.37003,0.15,1897,31.5246,1.78708,0.35872
1194,400,3,3,40,0,0,0,1,83.379,0.36972,0.15,1898,31.5246,1.30257,0.35871
1195,400,7,2,59,1,0,0,1,112.118,0.36942,0.15,1898,31.5246,1.441,0.3588
1196,229,4,4,51,0,1,0,0,45.719,0.36911,0.15,1899,31.5246,1.64097,0.3587
1197,53,2,2,15,0,1,0,0,-3.074,0.3688,0.15,1900,31.5246,2.88409,0.3586
1198,361,2,2,55,0,0,0,1,109.019,0.36849,0.15,1900,31.5246,1.38058,0.35868
1199,158,0,0,34,0,0,0,0,43.038,0.36819,0.15,1900,31.5246,1.41535,0.35868
1200,400,6,6,63,0,0,0,1,118.359,0.36788,0.15,1900,31.5246,1.36626,0.35868
1201,400,1,1,24,0,0,0,1,71.606,0.36757,0.15,1901,31.5246,1.24405,0.35867
1202,400,4,4,54,0,0,1,1,101.361,0.36727,0.15,1901,31.5246,1.4113,0.35885
1203,400,7,2,45,1,0,0,1,93.998,0.36696,0.15,1903,31.5246,1.4892,0.35864
1204,184,3,3,39,0,1,1,0,36.942,0.36666,0.15,1903,31.5246,1.78199,0.35864
1205,400,7,2,35,1,0,0,1,82.185,0.36635,0.15,1904,31.5246,1.42077,0.35854
1206,311,1,1,48,0,1,0,0,27.954,0.36604,0.15,1906,31.5246,1.81733,0.35834
1207,400,4,4,44,0,0,0,1,99.183,0.36574,0.15,1906,31.5246,1.16227,0.35834
1208,394,6,6,58,0,0,1,1,108.581,0.36544,0.15,1907,31.5246,1.32188,0.35824
1209,170,7,2,40,1,1,1,0,44.074,0.36513,0.15,1907,31.5246,1.97177,0.35824
1210,400,10,5,52,1,0,0,1,109.031,0.36483,0.15,1910,31.5246,1.55595,0.35812
1211,400,3,3,51,0,0,0,1,69.138,0.36452,0.15,1911,31.5246,1.27633,0.35802
1212,400,10,5,49,1,0,0,1,110.171,0.36422,0.15,1911,31.5246,1.52879,0.3581
1213,400,4,4,63,0,0,0,1,98.458,0.36392,0.15,1911,31.5246,1.47648,0.3581
1214,400,4,4,47,0,0,0,1,95.65,0.36361,0.15,1911,31.5246,1.24552,0.35828
1215,400,6,1,31,1,0,0,1,88.925,0.36331,0.15,1912,31.5246,1.38164,0.35818
1216,400,6,1,32,1,0,0,1,74.803,0.36301,0.15,1912,31.5246,1.45911,0.35826
1217,400,4,4,47,0,0,1,1,88.636,0.3627,0.15,1912,31.5246,1.27872,0.35853
1218,62,0,0,22,0,1,0,0,-3.707,0.3624,0.15,1912,31.5246,2.26861,0.35853
1219,400,8,3,43,1,0,0,1,104.032,0.3621,0.15,1912,31.5246,1.25093,0.35861
1220,400,2,2,36,0,0,0,1,95.239,0.3618,0.15,1912,31.5246,1.16987,0.35861
1221,197,8,8,54,0,1,1,0,68.831,0.3615,0.15,1912,31.5246,2.21821,0.35879
1222,400,11,6,83,1,0,0,1,157.251,0.3612,0.15,1912,31.5246,1.47837,0.35887
1223,400,9,4,43,1,0,0,1,83.646,0.3609,0.15,1912,31.5246,1.56772,0.35887
1224,400,6,6,49,0,0,0,1,87.189,0.36059,0.15,1912,31.5246,1.36519,0.35887
1225,400,2,2,36,0,0,1,1,75.836,0.36029,0.15,1912,31.5246,1.28729,0.35887
1226,400,13,3,50,2,0,0,1,114.403,0.35999,0.15,1913,31.5246,1.55995,0.35895
1227,400,7,2,42,1,0,0,1,107.721,0.35969,0.15,1913,31.5246,1.26624,0.35895
1228,400,2,2,64,0,0,0,1,102.257,0.35939,0.15,1913,31.5246,1.3302,0.35895
1229,370,6,1,54,1,0,0,1,103.398,0.3591,0.15,1913,31.5246,1.44227,0.35895
1230,400,1,1,48,0,0,0,1,90.787,0.3588,0.15,1913,31.5246,1.10367,0.35895
1231,294,8,3,44,1,0,0,0,72.525,0.3585,0.15,1913,31.5246,1.7255,0.35903
1232,400,1,1,39,0,0,0,1,60.531,0.3582,0.15,1913,31.5246,1.26338,0.35903
1233,153,3,3,33,0,1,1,0,14.48,0.3579,0.15,1914,31.5246,2.08958,0.35902
1234,400,9,4,34,1,0,0,1,106.584,0.3576,0.15,1915,31.5246,1.42136,0.35901
1235,400,4,4,63,0,0,0,1,114.883,0.3573,0.15,1915,31.5246,1.17578,0.35909
1236,400,6,6,52,0,0,0,1,101.71,0.35701,0.15,1916,31.5246,1.30814,0.35908
1237,400,10,5,43,1,0,0,1,108.434,0.35671,0.15,1916,31.5246,1.34237,0.35908
1238,400,11,6,47,1,0,0,1,127.732,0.35641,0.15,1916,31.5246,1.32791,0.35908
1239,400,8,3,34,1,0,0,1,78.013,0.35612,0.15,1917,31.5246,1.42435,0.35898
1240,400,10,5,74,1,0,0,1,132.927,0.35582,0.15,1917,31.5246,1.47351,0.35898
1241,52,1,1,18,0,1,0,0,-7.11,0.35552,0.15,1917,31.5246,2.81886,0.35898
1242,147,3,3,40,0,1,1,0,24.576,0.35523,0.15,1917,31.5246,2.23121,0.35907
1243,400,7,2,38,1,0,0,1,96.894,0.35493,0.15,1917,31.5246,1.38684,0.35907
1244,400,5,5,51,0,0,0,1,103.973,0.35463,0.15,1918,31.5246,1.39385,0.35897
1245,400,10,5,81,1,0,0,1,133.812,0.35434,0.15,1918,31.5246,1.48368,0.35897
1246,400,3,3,42,0,0,0,1,97.514,0.35404,0.15,1918,31.5246,1.2902,0.35897
1247,400,16,6,89,2,0,0,1,165.924,0.35375,0.15,1918,31.5246,1.61372,0.35897
1248,400,3,3,44,0,0,0,1,78.106,0.35345,0.15,1918,31.5246,1.3568,0.35914
1249,157,2,2,33,0,1,0,0,13.999,0.35316,0.15,1918,31.5246,2.00307,0.35914
1250,400,2,2,33,0,0,0,1,74.974,0.35287,0.15,1918,31.5246,1.17356,0.35914
1251,400,4,4,65,0,0,0,1,98.517,0.35257,0.15,1919,31.5246,1.46521,0.35904
1252,400,7,2,31,1,0,0,1,79.487,0.35228,0.15,1919,31.5246,1.49755,0.35904
1253,110,3,3,28,0,1,1,0,15.565,0.35199,0.15,1919,31.5246,2.3651,0.35904
1254,400,7,2,33,1,0,0,1,80.939,0.35169,0.15,1919,31.5246,1.5628,0.35904
1255,400,3,3,52,0,0,0,1,95.351,0.3514,0.15,1919,31.5246,1.29002,0.35904
1256,213,0,0,21,0,1,1,0,6.008,0.35111,0.15,1919,31.5246,1.46908,0.35913
1257,400,11,6,67,1,0,0,1,108.89,0.35081,0.15,1920,31.5246,1.76142,0.35903
1258,400,4,4,52,0,0,0,1,85.887,0.35052,0.15,1920,31.5246,1.30994,0.35911
1259,197,2,2,51,0,1,1,0,48.591,0.35023,0.15,1920,31.5246,1.62881,0.35911
1260,400,2,2,49,0,0,0,1,80.836,0.34994,0.15,1920,31.5246,1.27752,0.35911
1261,74,1,1,17,0,0,0,0,10.443,0.34965,0.15,1920,31.5246,1.58488,0.35911
1262,265,8,3,47,1,1,0,0,54.94,0.34936,0.15,1920,31.5246,1.92668,0.35929
1263,400,8,3,56,1,0,1,1,105.227,0.34906,0.15,1920,31.5246,1.50917,0.35929
1264,290,8,3,45,1,1,2,0,47.802,0.34877,0.15,1921,31.5246,2.04223,0.35919
1265,101,0,0,27,0,1,0,0,6.186,0.34848,0.15,1923,31.5246,2.08368,0.35899
1266,400,7,2,48,1,0,0,1,84.761,0.34819,0.15,1923,31.5246,1.4401,0.35899
1267,371,3,3,63,0,0,0,1,95.222,0.3479,0.15,1923,31.5246,1.42803,0.35899
1268,400,4,4,45,0,0,0,1,91.082,0.34761,0.15,1923,31.5246,1.31666,0.35907
1269,206,3,3,35,0,0,1,0,51.101,0.34732,0.15,1924,31.5246,1.71231,0.35897
1270,400,2,2,41,0,0,0,1,76.125,0.34703,0.15,1925,31.5246,1.36103,0.35905
1271,400,6,1,54,1,0,1,1,125.581,0.34674,0.15,1926,31.5246,1.4816,0.35903
1272,400,8,3,39,1,0,0,1,105.569,0.34646,0.15,1926,31.5246,1.42265,0.35903
1273,400,15,5,56,2,0,0,1,156.588,0.34617,0.15,1926,31.5246,1.55886,0.35912
1274,400,7,2,47,1,0,0,1,100.857,0.34588,0.15,1926,31.5246,1.43235,0.35912
1275,400,7,7,57,0,0,0,1,113.509,0.34559,0.15,1926,31.5246,1.54492,0.35912
1276,247,1,1,32,0,1,1,0,19.86,0.3453,0.15,1926,31.5246,1.50836,0.35912
1277,400,10,5,57,1,0,0,1,133.649,0.34502,0.15,1926,31.5246,1.43426,0.35912
1278,400,2,2,47,0,0,0,1,89.745,0.34473,0.15,1926,31.5246,1.198,0.35912
1279,400,9,4,47,1,0,0,1,127.094,0.34444,0.15,1927,31.5246,1.21228,0.35919
1280,400,3,3,50,0,0,0,1,92.57,0.34415,0.15,1927,31.5246,1.08141,0.35928
1281,400,4,4,35,0,0,0,1,79.637,0.34387,0.15,1927,31.5246,1.23536,0.35928
1282,183,2,2,26,0,1,1,0,14.237,0.34358,0.15,1927,31.5246,1.81619,0.35937
1283,400,5,5,54,0,0,1,1,97.772,0.34329,0.15,1927,31.5246,1.4582,0.35945
1284,400,8,3,44,1,0,0,1,92.553,0.34301,0.15,1927,31.5246,1.3375,0.35945
1285,400,5,5,50,0,0,0,1,87.459,0.34272,0.15,1927,31.5246,1.1783,0.35945
1286,400,8,3,69,1,0,0,1,121.343,0.34244,0.15,1927,31.5246,1.25637,0.35945
1287,400,9,4,49,1,0,0,1,110.106,0.34215,0.15,1927,31.5246,1.2743,0.35945
1288,400,4,4,64,0,0,0,1,107.57,0.34187,0.15,1927,31.5246,1.28503,0.35945
1289,400,4,4,46,0,0,0,1,93.905,0.34158,0.15,1927,31.5246,1.28142,0.35954
1290,400,4,4,50,0,0,0,1,98.701,0.3413,0.15,1927,31.5246,1.18584,0.35954
1291,400,6,6,48,0,0,0,1,97.22,0.34101,0.15,1927,31.5246,1.18501,0.35954
1292,200,2,2,44,0,1,0,0,28.257,0.34073,0.15,1927,31.5246,1.91429,0.35954
1293,400,2,2,41,0,0,0,1,83.062,0.34045,0.15,1927,31.5246,1.28494,0.35954
1294,400,10,5,35,1,0,0,1,99.008,0.34016,0.15,1927,31.5246,1.44846,0.35954
1295,400,7,2,59,1,0,0,1,87.01,0.33988,0.15,1927,31.5246,1.42844,0.35971
1296,400,5,5,40,0,0,0,1,102.068,0.3396,0.15,1927,31.5246,1.41389,0.35971
1297,400,9,4,41,1,0,0,1,98.061,0.33931,0.15,1927,31.5246,1.38131,0.3598
1298,400,8,3,58,1,0,0,1,99.851,0.33903,0.15,1927,31.5246,1.35234,0.3598
1299,400,5,5,50,0,0,0,1,94.818,0.33875,0.15,1927,31.5246,1.21449,0.35997
1300,400,12,7,62,1,0,0,1,133.486,0.33847,0.15,1928,31.5246,1.44081,0.35987
1301,400,8,3,41,1,0,0,1,80.388,0.33818,0.15,1928,31.5246,1.51002,0.35987
1302,184,2,2,31,0,1,1,0,32.93,0.3379,0.15,1928,31.5246,1.77427,0.35987
1303,400,2,2,27,0,0,0,1,58.736,0.33762,0.15,1930,31.5246,1.27835,0.35967
1304,400,9,4,51,1,0,0,1,94.575,0.33734,0.15,1930,31.5246,1.53097,0.35967
1305,150,2,2,24,0,1,0,0,12.628,0.33706,0.15,1930,31.5246,1.80361,0.35976
1306,400,2,2,35,0,0,0,1,46.896,0.33678,0.15,1930,31.5246,1.39197,0.35976
1307,400,9,9,53,0,0,0,1,112.636,0.3365,0.15,1932,31.5246,1.37597,0.35973
1308,400,9,4,55,1,0,1,1,138.143,0.33622,0.15,1932,31.5246,1.38801,0.35973
1309,400,8,3,44,1,0,0,1,111.684,0.33594,0.15,1932,31.5246,1.24571,0.35973
1310,166,2,2,30,0,1,1,0,12.799,0.33566,0.15,1932,31.5246,1.79423,0.35973
1311,400,3,3,32,0,0,1,1,86.787,0.33538,0.15,1933,31.5246,1.21642,0.35998
1312,400,7,2,33,1,0,1,1,90.877,0.3351,0.15,1933,31.5246,1.40865,0.35998
1313,173,4,4,36,0,1,0,0,37.241,0.33482,0.15,1933,31.5246,1.82362,0.35998
1314,344,5,0,27,1,0,0,1,63.399,0.33454,0.15,1933,31.5246,1.46517,0.36006
1315,256,10,5,48,1,1,0,0,69.209,0.33426,0.15,1933,31.5246,2.13004,0.36023
1316,400,10,5,41,1,0,0,1,126.506,0.33398,0.15,1933,31.5246,1.37878,0.36023
1317,310,1,1,46,0,1,1,0,30.424,0.3337,0.15,1933,31.5246,1.63466,0.36023
1318,400,2,2,33,0,0,0,1,66.818,0.33343,0.15,1933,31.5246,1.27933,0.36032
1319,400,17,7,86,2,0,0,1,162.404,0.33315,0.15,1933,31.5246,1.60539,0.36032
1320,400,9,4,71,1,0,0,1,139.316,0.33287,0.15,1933,31.5246,1.47455,0.36041
1321,400,3,3,46,0,0,0,1,100.609,0.33259,0.15,1933,31.5246,1.16894,0.36041
1322,272,2,2,48,0,1,1,0,50.337,0.33232,0.15,1937,31.5246,1.82261,0.36018
1323,400,10,5,43,1,0,0,1,109.248,0.33204,0.15,1937,31.5246,1.21741,0.36018
1324,400,2,2,38,0,0,0,1,77.828,0.33176,0.15,1937,31.5246,1.09104,0.36018
1325,400,2,2,46,0,0,0,1,90.186,0.33149,0.15,1937,31.5246,1.20312,0.36027
1326,181,1,1,48,0,1,0,0,27.093,0.33121,0.15,1937,31.5246,1.79632,0.36027
1327,400,3,3,42,0,0,2,1,96.668,0.33093,0.15,1937,31.5246,1.24837,0.36027
1328,400,7,2,37,1,0,0,1,101.396,0.33066,0.15,1938,31.5246,1.32079,0.36017
1329,148,4,4,42,0,0,0,0,56.253,0.33038,0.15,1938,31.5246,1.85669,0.36017
1330,219,8,3,37,1,1,1,0,42.728,0.33011,0.15,1938,31.5246,1.98579,0.36017
1331,400,3,3,47,0,0,0,1,110.113,0.32983,0.15,1938,31.5246,1.19751,0.36017
1332,42,1,1,20,0,1,0,0,-8.212,0.32956,0.15,1938,31.5246,3.02636,0.36025
1333,112,3,3,33,0,1,1,0,14.4,0.32928,0.15,1938,31.5246,2.66353,0.36025
1334,400,4,4,43,0,0,0,1,77.862,0.32901,0.15,1939,31.5246,1.42983,0.36015
1335,400,2,2,41,0,0,1,1,92.454,0.32874,0.15,1939,31.5246,1.10285,0.36015
1336,400,3,3,45,0,0,0,1,93.905,0.32846,0.15,1941,31.5246,1.28338,0.35995
1337,220,3,3,30,0,1,1,0,28.468,0.32819,0.15,1941,31.5246,1.79734,0.36004
1338,400,8,3,47,1,0,0,1,92.433,0.32792,0.15,1941,31.5246,1.34343,0.36004
1339,400,5,5,51,0,0,0,1,89.878,0.32764,0.15,1941,31.5246,1.30083,0.36004
1340,94,1,1,22,0,1,0,0,-5.598,0.32737,0.15,1942,31.5246,1.96184,0.36002
1341,400,3,3,33,0,0,0,1,34.624,0.3271,0.15,1943,31.5246,1.33319,0.35992
1342,400,11,6,43,1,0,0,1,97.76,0.32682,0.15,1943,31.5246,1.37907,0.36001
1343,400,5,5,60,0,0,0,1,80.415,0.32655,0.15,1943,31.5246,1.3143,0.36001
1344,340,12,7,51,1,1,1,0,70.176,0.32628,0.15,1943,31.5246,1.81193,0.36001
1345,400,9,4,67,1,0,0,1,109.188,0.32601,0.15,1944,31.5246,1.64802,0.36
1346,400,1,1,41,0,0,0,1,61.171,0.32574,0.15,1944,31.5246,1.21547,0.36
1347,400,2,2,56,0,0,0,1,46.208,0.32547,0.15,1945,31.5246,1.57254,0.3599
1348,400,5,5,41,0,0,0,1,83.647,0.32519,0.15,1945,31.5246,1.46098,0.3599
1349,400,4,4,56,0,0,0,1,99.605,0.32492,0.15,1945,31.5246,1.20275,0.3599
1350,400,3,3,50,0,0,1,1,93.338,0.32465,0.15,1948,31.5246,1.33377,0.3596
1351,79,2,2,19,0,0,1,0,23.321,0.32438,0.15,1950,31.5246,1.96792,0.35949
1352,400,9,4,36,1,0,0,1,95.743,0.32411,0.15,1950,31.5246,1.4026,0.35949
1353,400,3,3,48,0,0,1,1,98.068,0.32384,0.15,1950,31.5246,1.44407,0.35949
1354,400,3,3,40,0,0,0,1,93.534,0.32357,0.15,1951,31.5246,1.33554,0.35939
1355,400,5,5,51,0,0,0,1,93.966,0.3233,0.15,1952,31.5246,1.38765,0.35929
1356,400,7,2,39,1,0,0,1,80.01,0.32303,0.15,1953,31.5246,1.3785,0.35919
1357,400,2,2,44,0,0,1,1,71.896,0.32276,0.15,1953,31.5246,1.21054,0.35919
1358,194,3,3,44,0,1,0,0,42.244,0.3225,0.15,1953,31.5246,1.7306,0.35919
1359,400,9,4,51,1,0,0,1,105.742,0.32223,0.15,1953,31.5246,1.3987,0.35928
1360,168,3,3,48,0,1,0,0,35.298,0.32196,0.15,1953,31.5246,1.93155,0.35928
1361,400,3,3,44,0,0,0,1,84.972,0.32169,0.15,1953,31.5246,1.28867,0.35928
1362,400,17,7,67,2,0,0,1,141.548,0.32142,0.15,1953,31.5246,1.56409,0.35928
1363,400,4,4,43,0,0,0,1,92.072,0.32115,0.15,1953,31.5246,1.32466,0.35928
1364,171,3,3,42,0,1,1,0,34.891,0.32089,0.15,1953,31.5246,1.98302,0.35928
1365,117,1,1,39,0,1,0,0,11.077,0.32062,0.15,1954,31.5246,2.45262,0.35926
1366,400,8,8,52,0,0,0,1,104.69,0.32035,0.15,1954,31.5246,1.40459,0.35935
1367,69,2,2,21,0,0,1,0,23.774,0.32009,0.15,1955,31.5246,1.85954,0.35925
1368,400,5,5,48,0,0,0,1,115.722,0.31982,0.15,1955,31.5246,1.19753,0.35925
1369,400,3,3,53,0,0,1,1,100.325,0.31955,0.15,1955,31.5246,1.29686,0.35925
1370,400,11,6,43,1,0,0,1,129.789,0.31929,0.15,1955,31.5246,1.52613,0.35925
1371,400,10,5,26,1,0,0,1,111.876,0.31902,0.15,1956,31.5246,1.33344,0.35915
1372,167,3,3,35,0,0,0,0,40.33,0.31875,0.15,1957,31.5246,1.70258,0.35905
1373,400,4,4,35,0,0,0,1,87.814,0.31849,0.15,1957,31.5246,1.40704,0.35905
1374,400,4,4,53,0,0,2,1,94.782,0.31822,0.15,1957,31.5246,1.56765,0.35905
1375,140,1,1,31,0,1,1,0,15.663,0.31796,0.15,1957,31.5246,2.04998,0.35905
1376,400,0,0,33,0,0,0,1,68.479,0.31769,0.15,1957,31.5246,1.28451,0.35905
1377,400,9,4,47,1,0,0,1,117.552,0.31743,0.15,1957,31.5246,1.22733,0.35914
1378,400,4,4,54,0,0,0,1,102.775,0.31716,0.15,1957,31.5246,1.17774,0.35914
1379,400,2,2,42,0,0,0,1,75.183,0.3169,0.15,1957,31.5246,1.22162,0.35914
1380,400,2,2,40,0,0,0,1,91.754,0.31664,0.15,1957,31.5246,1.15706,0.35922
1381,169,0,0,26,0,1,1,0,2.623,0.31637,0.15,1957,31.5246,1.78803,0.35922
1382,400,16,6,58,2,0,0,1,127.078,0.31611,0.15,1957,31.5246,1.59621,0.35922
1383,400,8,3,43,1,0,0,1,80.335,0.31585,0.15,1957,31.5246,1.47318,0.35931
1384,400,3,3,44,0,0,0,1,109.08,0.31558,0.15,1957,31.5246,1.19498,0.35931
1385,400,1,1,57,0,0,0,1,73.535,0.31532,0.15,1957,31.5246,1.24516,0.35931
1386,400,3,3,39,0,0,0,1,95.739,0.31506,0.15,1957,31.5246,1.11127,0.35931
1387,287,1,1,45,0,0,2,0,50.01,0.3148,0.15,1958,31.5246,1.45694,0.35938
1388,400,9,4,43,1,0,1,1,97.326,0.31453,0.15,1958,31.5246,1.40644,0.35938
1389,400,10,5,39,1,0,0,1,92.686,0.31427,0.15,1958,31.5246,1.48968,0.35938
1390,400,5,5,43,0,0,0,1,79.992,0.31401,0.15,1959,31.5246,1.52415,0.35928
1391,400,7,7,50,0,0,0,1,113.085,0.31375,0.15,1959,31.5246,1.26301,0.35928
1392,400,4,4,26,0,0,0,1,69.217,0.31349,0.15,1959,31.5246,1.23281,0.35928
1393,400,12,7,54,1,0,0,1,130.135,0.31323,0.15,1959,31.5246,1.41362,0.35928
1394,400,8,3,47,1,0,0,1,127.678,0.31296,0.15,1960,31.5246,1.43384,0.35918
1395,400,3,3,54,0,0,0,1,78.346,0.3127,0.15,1960,31.5246,1.34698,0.35918
1396,227,1,1,44,0,1,0,0,22.228,0.31244,0.15,1960,31.5246,1.66947,0.35918
1397,213,4,4,55,0,1,0,0,66.677,0.31218,0.15,1963,31.5246,2.10841,0.35889
1398,400,1,1,24,0,0,1,1,65.628,0.31192,0.15,1963,31.5246,1.22962,0.35906
1399,400,2,2,53,0,0,0,1,110.081,0.31166,0.15,1963,31.5246,1.24535,0.35906
1400,145,1,1,32,0,1,0,0,23.446,0.3114,0.15,1963,31.5246,1.67927,0.35906
1401,400,2,2,47,0,0,0,1,92.629,0.31114,0.15,1963,31.5246,1.30902,0.35906
1402,400,9,4,48,1,0,0,1,122.673,0.31088,0.15,1965,31.5246,1.31763,0.35895
1403,400,2,2,46,0,0,0,1,88.328,0.31063,0.15,1965,31.5246,1.35606,0.35903
1404,400,14,4,61,2,0,1,1,122.013,0.31037,0.15,1965,31.5246,1.45007,0.35903
1405,400,4,4,69,0,0,1,1,111.136,0.31011,0.15,1965,31.5246,1.3151,0.35912
1406,400,2,2,48,0,0,0,1,92.555,0.30985,0.15,1965,31.5246,1.11043,0.35912
1407,400,10,5,71,1,0,0,1,129.19,0.30959,0.15,1965,31.5246,1.53664,0.35912
1408,137,3,3,29,0,1,0,0,21.931,0.30933,0.15,1965,31.5246,2.29141,0.35912
1409,400,10,5,45,1,0,0,1,131.001,0.30908,0.15,1965,31.5246,1.29736,0.35912
1410,145,3,3,42,0,1,1,0,27.933,0.30882,0.15,1965,31.5246,1.92481,0.3592
1411,177,5,5,43,0,1,2,0,36.952,0.30856,0.15,1965,31.5246,2.18825,0.3592
1412,112,0,0,26,0,1,0,0,-2.231,0.3083,0.15,1965,31.5246,1.97739,0.3592
1413,82,1,1,17,0,1,0,0,-5.209,0.30805,0.15,1965,31.5246,2.34937,0.3592
1414,400,2,2,56,0,0,0,1,96.782,0.30779,0.15,1965,31.5246,1.19127,0.3592
1415,400,10,5,52,1,0,0,1,108.791,0.30753,0.15,1966,31.5246,1.30244,0.3591
1416,247,5,5,42,0,1,1,0,36.307,0.30728,0.15,1966,31.5246,1.78684,0.3591
1417,400,5,5,52,0,0,1,1,87.202,0.30702,0.15,1966,31.5246,1.31373,0.3591
1418,113,0,0,22,0,1,0,0,-1.317,0.30677,0.15,1967,31.5246,2.1324,0.35918
1419,261,4,4,45,0,1,0,0,31.663,0.30651,0.15,1967,31.5246,1.86317,0.35918
1420,207,5,5,53,0,1,1,0,42.182,0.30626,0.15,1967,31.5246,1.93494,0.35918
1421,400,4,4,40,0,0,0,1,65.907,0.306,0.15,1967,31.5246,1.48658,0.35926
1422,400,4,4,43,0,0,0,1,82.176,0.30575,0.15,1967,31.5246,1.3725,0.35926
1423,400,5,5,60,0,0,0,1,110.743,0.30549,0.15,1967,31.5246,1.28472,0.35926
1424,96,0,0,26,0,1,0,0,2.911,0.30524,0.15,1967,31.5246,1.87768,0.35926
1425,400,3,3,34,0,0,0,1,63.889,0.30498,0.15,1968,31.5246,1.19895,0.35916
1426,400,6,1,54,1,0,0,1,94.514,0.30473,0.15,1968,31.5246,1.4957,0.35925
1427,223,3,3,35,0,0,0,0,38.218,0.30447,0.15,1968,31.5246,1.497,0.35925
1428,400,11,6,44,1,0,0,1,111.105,0.30422,0.15,1968,31.5246,1.55904,0.35925
1429,122,1,1,32,0,1,0,0,14.511,0.30397,0.15,1968,31.5246,2.19962,0.35925
1430,400,8,3,41,1,0,0,1,91.549,0.30371,0.15,1968,31.5246,1.43791,0.35925
1431,400,2,2,52,0,0,0,1,89.22,0.30346,0.15,1968,31.5246,1.18845,0.35925
1432,142,1,1,31,0,1,0,0,-0.868,0.30321,0.15,1969,31.5246,2.11392,0.35915
1433,115,1,1,38,0,1,1,0,11.197,0.30296,0.15,1969,31.5246,2.03351,0.35915
1434,159,3,3,44,0,1,1,0,32.995,0.3027,0.15,1969,31.5246,2.01075,0.35915
1435,400,4,4,55,0,0,0,1,86.237,0.30245,0.15,1970,31.5246,1.42178,0.35905
1436,400,8,8,49,0,0,0,1,86.264,0.3022,0.15,1970,31.5246,1.81196,0.35905
1437,400,3,3,43,0,0,0,1,103.019,0.30195,0.15,1970,31.5246,1.21099,0.35905
1438,400,7,2,40,1,0,0,1,98.604,0.3017,0.15,1970,31.5246,1.32936,0.35905
1439,400,4,4,53,0,0,0,1,101.289,0.30145,0.15,1970,31.5246,1.4573,0.35905
1440,400,7,2,45,1,0,0,1,93.459,0.30119,0.15,1970,31.5246,1.32786,0.35905
1441,400,2,2,42,0,0,0,1,91.659,0.30094,0.15,1970,31.5246,1.3676,0.35905
1442,400,1,1,39,0,0,2,1,82.126,0.30069,0.15,1971,31.5246,1.39301,0.35904
1443,400,4,4,49,0,0,0,1,95.332,0.30044,0.15,1972,31.5246,1.35866,0.35894
1444,82,1,1,15,0,1,1,0,-5.118,0.30019,0.15,1973,31.5246,2.50988,0.35884
1445,400,11,6,54,1,0,0,1,103.056,0.29994,0.15,1973,31.5246,1.64917,0.35884
1446,400,3,3,38,0,0,1,1,90.695,0.29969,0.15,1973,31.5246,1.26546,0.35893
1447,400,9,4,82,1,0,0,1,133.619,0.29944,0.15,1973,31.5246,1.66666,0.35901
1448,63,0,0,6,0,1,0,0,-14.796,0.29919,0.15,1974,31.5246,2.26316,0.35892
1449,400,4,4,39,0,0,0,1,99.873,0.29894,0.15,1977,31.5246,1.37099,0.35862
1450,400,10,5,37,1,0,0,1,116.391,0.29869,0.15,1977,31.5246,1.3105,0.35862
1451,400,4,4,43,0,0,0,1,103.733,0.29845,0.15,1978,31.5246,1.10131,0.35853
1452,320,5,5,41,0,0,0,1,73.894,0.2982,0.15,1981,31.5246,1.39155,0.35824
1453,400,5,5,67,0,0,0,1,104.275,0.29795,0.15,1981,31.5246,1.3903,0.35824
1454,294,3,3,50,0,0,0,1,85.788,0.2977,0.15,1981,31.5246,1.31656,0.35824
1455,400,6,1,23,1,0,0,1,50.263,0.29745,0.15,1983,31.5246,1.55943,0.35804
1456,400,6,1,54,1,0,0,1,123.387,0.2972,0.15,1983,31.5246,1.32608,0.35804
1457,151,1,1,31,0,1,2,0,21.352,0.29696,0.15,1983,31.5246,2.02532,0.35813
1458,400,3,3,30,0,0,0,1,91.753,0.29671,0.15,1984,31.5246,1.31912,0.35811
1459,400,1,1,58,0,0,0,1,106.772,0.29646,0.15,1984,31.5246,1.32254,0.35811
1460,400,2,2,45,0,0,0,1,108.564,0.29622,0.15,1984,31.5246,1.15953,0.3582
1461,226,9,4,37,1,1,1,0,54.027,0.29597,0.15,1984,31.5246,1.83736,0.3582
1462,400,11,6,83,1,0,0,1,149.633,0.29572,0.15,1984,31.5246,1.52276,0.3582
1463,400,11,6,54,1,0,0,1,129.404,0.29548,0.15,1984,31.5246,1.50545,0.35828
1464,400,6,1,52,1,0,1,1,107.746,0.29523,0.15,1984,31.5246,1.30569,0.35828
1465,272,3,3,45,0,1,0,0,49.201,0.29498,0.15,1988,31.5246,1.61472,0.35798
1466,266,7,2,38,1,1,0,0,57.406,0.29474,0.15,1988,31.5246,1.55871,0.35798
1467,400,2,2,41,0,0,0,1,91.92,0.29449,0.15,1988,31.5246,1.19,0.35798
1468,400,1,1,41,0,0,0,1,81.713,0.29425,0.15,1988,31.5246,1.25912,0.35798
1469,275,4,4,43,0,1,0,0,56.113,0.294,0.15,1989,31.5246,1.75213,0.35797
1470,400,2,2,32,0,0,0,1,78.99,0.29376,0.15,1989,31.5246,1.28482,0.35797
1471,400,7,2,42,1,0,0,1,87.704,0.29351,0.15,1989,31.5246,1.42403,0.35797
1472,400,2,2,33,0,0,0,1,82.844,0.29327,0.15,1989,31.5246,1.26314,0.35797
1473,400,2,2,53,0,0,0,1,106.014,0.29302,0.15,1989,31.5246,1.31785,0.35797
1474,400,3,3,41,0,0,0,1,95.887,0.29278,0.15,1989,31.5246,1.17998,0.35797
1475,400,6,1,40,1,0,0,1,95.889,0.29254,0.15,1989,31.5246,1.26724,0.35797
1476,400,5,5,51,0,0,0,1,106.18,0.29229,0.15,1989,31.5246,1.37896,0.35797
1477,400,7,2,38,1,0,0,1,99.175,0.29205,0.15,1989,31.5246,1.37703,0.35805
1478,400,3,3,44,0,0,0,1,89.526,0.29181,0.15,1989,31.5246,1.4369,0.35814
1479,62,1,1,13,0,1,0,0,-12.626,0.29156,0.15,1989,31.5246,2.97886,0.35814
1480,400,16,6,68,2,0,0,1,148.895,0.29132,0.15,1989,31.5246,1.64105,0.35814
1481,400,2,2,38,0,0,0,1,72.818,0.29108,0.15,1991,31.5246,1.25084,0.35794
1482,400,19,9,73,2,0,0,1,171.433,0.29083,0.15,1991,31.5246,1.73468,0.35794
1483,400,7,2,55,1,0,0,1,107.688,0.29059,0.15,1992,31.5246,1.45138,0.35785
1484,400,8,3,49,1,0,0,1,86.509,0.29035,0.15,1992,31.5246,1.43663,0.35785
1485,400,8,3,45,1,0,1,1,95.122,0.29011,0.15,1992,31.5246,1.40935,0.35793
1486,179,1,1,38,0,1,1,0,19.018,0.28987,0.15,1993,31.5246,1.68979,0.35784
1487,208,5,5,47,0,1,1,0,28.711,0.28963,0.15,1994,31.5246,1.98141,0.35774
1488,400,4,4,49,0,0,0,1,72.654,0.28938,0.15,1994,31.5246,1.33047,0.35774
1489,400,4,4,53,0,0,0,1,91.606,0.28914,0.15,1994,31.5246,1.35921,0.35774
1490,400,2,2,34,0,0,0,1,66.626,0.2889,0.15,1994,31.5246,1.26713,0.35774
1491,277,6,6,48,0,1,0,0,56.458,0.28866,0.15,1995,31.5246,1.70992,0.35773
1492,400,4,4,51,0,0,1,1,94.429,0.28842,0.15,1995,31.5246,1.41499,0.35773
1493,400,1,1,39,0,0,0,1,63.179,0.28818,0.15,1996,31.5246,1.32788,0.35763
1494,83,2,2,20,0,1,1,0,-6.868,0.28794,0.15,1996,31.5246,2.36585,0.35763
1495,271,4,4,52,0,1,0,0,39.223,0.2877,0.15,1996,31.5246,1.75669,0.35763
1496,400,2,2,27,0,0,0,1,63.394,0.28746,0.15,1996,31.5246,1.26426,0.35772
1497,400,3,3,32,0,0,0,1,70.983,0.28722,0.15,1996,31.5246,1.22404,0.35772
1498,314,1,1,33,0,0,0,0,38.527,0.28698,0.15,1996,31.5246,1.30759,0.35772
1499,111,2,2,33,0,1,1,0,9.857,0.28674,0.15,1996,31.5246,2.15393,0.3578
1500,400,6,6,51,0,0,1,1,89.3,0.2865,0.15,1996,31.5246,1.39252,0.3578
1501,323,2,2,28,0,1,1,0,-1.071,0.28627,0.15,1996,31.5246,1.46197,0.35788
1502,400,3,3,36,0,0,0,1,57.195,0.28603,0.15,1996,31.5246,1.1687,0.35788
1503,400,9,4,45,1,0,0,1,99.741,0.28579,0.15,1996,31.5246,1.49585,0.35788
1504,400,7,2,29,1,0,0,1,85.051,0.28555,0.15,1996,31.5246,1.27697,0.35797
1505,400,7,2,59,1,0,1,1,84.44,0.28531,0.15,1996,31.5246,1.41395,0.35797
1506,117,1,1,19,0,0,1,0,18.011,0.28508,0.15,1997,31.5246,1.74359,0.35787
1507,400,2,2,44,0,0,0,1,77.513,0.28484,0.15,1997,31.5246,1.20999,0.35795
1508,240,5,0,30,1,1,0,0,25.344,0.2846,0.15,1997,31.5246,1.85032,0.35795
1509,194,7,2,42,1,1,0,0,38.512,0.28436,0.15,1997,31.5246,1.75511,0.35795
1510,400,8,3,41,1,0,1,1,112.431,0.28413,0.15,1997,31.5246,1.31631,0.35795
1511,400,4,4,46,0,0,0,1,88.286,0.28389,0.15,1997,31.5246,1.32909,0.35795
1512,167,2,2,32,0,1,0,0,23.472,0.28365,0.15,1998,31.5246,1.83108,0.35786
1513,400,4,4,44,0,0,0,1,104.974,0.28342,0.15,1998,31.5246,1.13672,0.35786
1514,400,5,0,48,1,0,2,1,113.102,0.28318,0.15,1999,31.5246,1.35543,0.35785
1515,285,9,4,47,1,0,1,1,118.032,0.28295,0.15,2000,31.5246,1.49868,0.35783
1516,400,7,2,49,1,0,0,1,106.341,0.28271,0.15,2001,31.5246,1.59747,0.35782
1517,400,5,5,44,0,0,0,1,104.756,0.28247,0.15,2001,31.5246,1.31673,0.35782
1518,400,10,5,54,1,0,0,1,122.688,0.28224,0.15,2001,31.5246,1.4466,0.3579
1519,400,0,0,25,0,0,0,1,67.334,0.282,0.15,2001,31.5246,1.08675,0.3579
1520,400,9,4,50,1,0,0,1,134.983,0.28177,0.15,2001,31.5246,1.24293,0.35799
1521,400,9,4,47,1,0,1,1,121.271,0.28153,0.15,2004,31.5246,1.44965,0.3577
1522,400,4,4,53,0,0,0,1,106.417,0.2813,0.15,2004,31.5246,1.25701,0.35778
1523,400,13,8,65,1,0,0,1,145.152,0.28107,0.15,2004,31.5246,1.4432,0.35778
1524,400,4,4,42,0,0,0,1,113.479,0.28083,0.15,2004,31.5246,1.22546,0.35778
1525,400,2,2,44,0,0,0,1,81.518,0.2806,0.15,2005,31.5246,1.24843,0.35769
1526,400,2,2,29,0,0,0,1,67.086,0.28036,0.15,2005,31.5246,1.16124,0.35769
1527,400,2,2,48,0,0,1,1,68.842,0.28013,0.15,2005,31.5246,1.1672,0.35769
1528,400,5,5,41,0,0,0,1,76.751,0.2799,0.15,2007,31.5246,1.3162,0.3575
1529,400,5,5,44,0,0,0,1,82.799,0.27966,0.15,2007,31.5246,1.3963,0.3575
1530,400,2,2,41,0,0,0,1,71.5,0.27943,0.15,2007,31.5246,1.31083,0.3575
1531,400,5,5,68,0,0,1,1,117.681,0.2792,0.15,2007,31.5246,1.44506,0.3575
1532,400,4,4,32,0,0,0,1,84.553,0.27897,0.15,2007,31.5246,1.2506,0.3575
1533,400,5,5,52,0,0,1,1,120.815,0.27873,0.15,2008,31.5246,1.36942,0.3574
1534,199,1,1,40,0,1,0,0,24.576,0.2785,0.15,2008,31.5246,1.59054,0.3574
1535,400,9,4,46,1,0,0,1,112.814,0.27827,0.15,2009,31.5246,1.40309,0.35731
1536,400,10,5,48,1,0,1,1,104.615,0.27804,0.15,2009,31.5246,1.48598,0.35739
1537,400,1,1,27,0,0,0,1,71.21,0.27781,0.15,2009,31.5246,1.17566,0.35747
1538,400,6,6,61,0,0,0,1,109.572,0.27757,0.15,2009,31.5246,1.45353,0.35747
1539,400,3,3,41,0,0,0,1,75.128,0.27734,0.15,2010,31.5246,1.25523,0.35746
1540,400,8,3,34,1,0,1,1,114.174,0.27711,0.15,2010,31.5246,1.23813,0.35746
1541,400,8,3,42,1,0,0,1,86.244,0.27688,0.15,2010,31.5246,1.34779,0.35755
1542,131,2,2,35,0,0,0,0,47.021,0.27665,0.15,2010,31.5246,1.76665,0.35763
1543,400,13,8,73,1,0,0,1,159.877,0.27642,0.15,2010,31.5246,1.58228,0.35771
1544,400,1,1,48,0,0,0,1,99.354,0.27619,0.15,2010,31.5246,1.14341,0.35771
1545,400,10,5,56,1,0,0,1,134.733,0.27596,0.15,2010,31.5246,1.32277,0.35771
1546,400,15,5,65,2,0,0,1,139.406,0.27573,0.15,2010,31.5246,1.4258,0.35771
1547,400,4,4,47,0,0,2,1,106.249,0.2755,0.15,2011,31.5246,1.28734,0.3577
1548,400,2,2,32,0,0,0,1,94.801,0.27527,0.15,2011,31.5246,1.0982,0.3577
1549,400,2,2,36,0,0,0,1,58.727,0.27504,0.15,2011,31.5246,1.18284,0.3577
1550,400,7,2,41,1,0,0,1,104.57,0.27481,0.15,2011,31.5246,1.2981,0.3577
1551,400,3,3,40,0,0,0,1,97.005,0.27458,0.15,2011,31.5246,1.21824,0.3577
1552,400,5,5,63,0,0,0,1,129.293,0.27435,0.15,2011,31.5246,1.11356,0.3577
1553,400,1,1,49,0,0,0,1,96.473,0.27413,0.15,2011,31.5246,1.15602,0.35778
1554,400,6,1,33,1,0,0,1,105.765,0.2739,0.15,2011,31.5246,1.24223,0.35778
1555,400,12,7,44,1,0,0,1,144.34,0.27367,0.15,2011,31.5246,1.32472,0.35778
1556,400,4,4,48,0,0,0,1,104.678,0.27344,0.15,2011,31.5246,1.19112,0.35778
1557,400,11,6,57,1,0,0,1,146.438,0.27321,0.15,2011,31.5246,1.21121,0.35778
1558,154,2,2,42,0,1,0,0,25.47,0.27299,0.15,2012,31.5246,1.98125,0.35777
1559,400,5,5,54,0,0,0,1,123.098,0.27276,0.15,2012,31.5246,1.12925,0.35777
1560,400,3,3,58,0,0,0,1,110.005,0.27253,0.15,2012,31.5246,1.11612,0.35777
1561,400,3,3,45,0,0,0,1,113.442,0.2723,0.15,2012,31.5246,1.10546,0.35777
1562,400,9,4,49,1,0,0,1,135.797,0.27208,0.15,2012,31.5246,1.35795,0.35777
1563,400,1,1,40,0,0,0,1,83.553,0.27185,0.15,2013,31.5246,1.22823,0.35768
1564,75,1,1,22,0,1,0,0,4.117,0.27162,0.15,2013,31.5246,2.24737,0.35768
1565,400,12,7,78,1,0,0,1,161.681,0.2714,0.15,2013,31.5246,1.4372,0.35768
1566,107,3,3,30,0,1,1,0,17.602,0.27117,0.15,2013,31.5246,2.22794,0.35768
1567,400,3,3,56,0,0,0,1,119.843,0.27095,0.15,2014,31.5246,1.35534,0.35775
1568,400,7,2,68,1,0,0,1,151.079,0.27072,0.15,2014,31.5246,1.42904,0.35783
1569,75,2,2,22,0,0,0,0,25.752,0.2705,0.15,2014,31.5246,2.05391,0.35783
1570,43,0,0,9,0,1,1,0,-19.704,0.27027,0.15,2014,31.5246,2.45987,0.35783
1571,87,1,1,21,0,0,0,0,21.129,0.27005,0.15,2014,31.5246,1.47239,0.35783
1572,400,6,6,56,0,0,0,1,137.75,0.26982,0.15,2014,31.5246,1.24744,0.35783
1573,112,2,2,40,0,1,0,0,30.955,0.2696,0.15,2014,31.5246,2.28188,0.35783
1574,400,4,4,53,0,0,0,1,118.537,0.26937,0.15,2014,31.5246,1.21594,0.35783
1575,400,6,6,67,0,0,0,1,125.217,0.26915,0.15,2014,31.5246,1.41554,0.35783
1576,400,4,4,52,0,0,0,1,88.704,0.26892,0.15,2014,31.5246,1.42941,0.35799
1577,203,5,5,57,0,1,1,0,50.157,0.2687,0.15,2015,31.5246,1.76136,0.3579
1578,400,4,4,39,0,0,0,1,99.358,0.26847,0.15,2016,31.5246,1.23523,0.3578
1579,400,5,5,35,0,0,0,1,97.934,0.26825,0.15,2016,31.5246,1.30692,0.35789
1580,400,2,2,42,0,0,0,1,91.11,0.26803,0.15,2016,31.5246,1.22067,0.35805
1581,400,7,2,50,1,0,0,1,134.465,0.2678,0.15,2016,31.5246,1.34773,0.35805
1582,167,3,3,45,0,1,1,0,37.372,0.26758,0.15,2016,31.5246,1.75102,0.35805
1583,129,3,3,36,0,1,0,0,19.607,0.26736,0.15,2017,31.5246,2.11144,0.35796
1584,400,4,4,52,0,0,0,1,99.658,0.26714,0.15,2017,31.5246,1.27995,0.35796
1585,400,3,3,46,0,0,0,1,90.88,0.26691,0.15,2017,31.5246,1.31752,0.35796
1586,400,3,3,59,0,0,2,1,90.903,0.26669,0.15,2017,31.5246,1.26133,0.35804
1587,400,3,3,30,0,0,0,1,80.942,0.26647,0.15,2018,31.5246,1.18228,0.35803
1588,400,9,4,45,1,0,0,1,106.755,0.26625,0.15,2018,31.5246,1.36632,0.35803
1589,78,2,2,28,0,1,0,0,9.315,0.26602,0.15,2018,31.5246,2.31158,0.35803
1590,400,2,2,32,0,0,0,1,51.008,0.2658,0.15,2018,31.5246,1.24934,0.35803
1591,400,2,2,42,0,0,0,1,57.428,0.26558,0.15,2019,31.5246,1.35431,0.35793
1592,400,3,3,37,0,0,2,1,92.002,0.26536,0.15,2019,31.5246,1.4022,0.35793
1593,400,1,1,46,0,0,1,1,90.989,0.26514,0.15,2019,31.5246,1.30659,0.35793
1594,400,4,4,49,0,0,0,1,102.982,0.26492,0.15,2019,31.5246,1.19882,0.35802
1595,400,5,5,45,0,0,0,1,110.489,0.2647,0.15,2019,31.5246,1.27881,0.35802
1596,208,3,3,56,0,1,0,0,52.16,0.26448,0.15,2019,31.5246,1.69362,0.35802
1597,400,2,2,45,0,0,0,1,97.085,0.26426,0.15,2019,31.5246,1.23454,0.35802
1598,300,4,4,49,0,0,1,1,95.103,0.26404,0.15,2019,31.5246,1.56248,0.3581
1599,400,0,0,44,0,0,0,1,88.825,0.26382,0.15,2019,31.5246,1.20044,0.3581
1600,78,0,0,21,0,0,0,0,23.96,0.2636,0.15,2019,31.5246,1.96258,0.3581
1601,400,13,8,79,1,0,0,1,156.286,0.26338,0.15,2019,31.5246,1.46222,0.35818
1602,400,5,5,51,0,0,0,1,122.183,0.26316,0.15,2019,31.5246,1.26442,0.35818
1603,60,0,0,28,0,1,1,0,2.904,0.26294,0.15,2019,31.5246,3.23843,0.35818
1604,400,11,6,47,1,0,0,1,123.201,0.26272,0.15,2019,31.5246,1.33711,0.35818
1605,400,10,5,66,1,0,0,1,129.24,0.2625,0.15,2020,31.5246,1.44694,0.35809
1606,400,10,5,40,1,0,0,1,102.61,0.26228,0.15,2020,31.5246,1.38259,0.35809
1607,400,8,3,50,1,0,0,1,117.845,0.26206,0.15,2020,31.5246,1.33766,0.35809
1608,148,3,3,37,0,1,1,0,17.476,0.26185,0.15,2020,31.5246,2.16559,0.35809
1609,400,11,6,41,1,0,1,1,102.963,0.26163,0.15,2020,31.5246,1.46433,0.35817
1610,400,3,3,54,0,0,0,1,108.488,0.26141,0.15,2020,31.5246,1.26748,0.35817
1611,183,5,5,43,0,1,2,0,39.72,0.26119,0.15,2020,31.5246,2.20463,0.35825
1612,400,3,3,35,0,0,1,1,69.895,0.26097,0.15,2020,31.5246,1.28567,0.35825
1613,400,10,5,88,1,0,0,1,130.618,0.26076,0.15,2021,31.5246,1.61525,0.35816
1614,400,2,2,36,0,0,1,1,78.445,0.26054,0.15,2021,31.5246,1.36244,0.35824
1615,400,3,3,52,0,0,0,1,84.2,0.26032,0.15,2021,31.5246,1.24672,0.35824
1616,113,2,2,25,0,1,1,0,7.913,0.26011,0.15,2021,31.5246,2.33922,0.35824
1617,400,10,5,73,1,0,0,1,92.969,0.25989,0.15,2021,31.5246,1.63423,0.35824
1618,127,3,3,26,0,1,0,0,0.254,0.25967,0.15,2021,31.5246,2.06354,0.35824
1619,337,3,3,43,0,1,1,0,27.66,0.25946,0.15,2021,31.5246,1.5446,0.35824
1620,400,8,3,52,1,0,1,1,128.311,0.25924,0.15,2022,31.5246,1.34916,0.35814
1621,400,2,2,44,0,0,0,1,67.566,0.25902,0.15,2022,31.5246,1.33908,0.35814
1622,400,8,3,55,1,0,0,1,127.147,0.25881,0.15,2022,31.5246,1.20385,0.35814
1623,400,10,5,47,1,0,0,1,129.517,0.25859,0.15,2024,31.5246,1.49675,0.35804
1624,83,1,1,26,0,1,1,0,6.91,0.25838,0.15,2024,31.5246,2.07826,0.35804
1625,400,10,5,52,1,0,0,1,138.64,0.25816,0.15,2024,31.5246,1.23096,0.35804
1626,386,4,4,57,0,0,0,1,98.297,0.25795,0.15,2024,31.5246,1.42399,0.35804
1627,249,9,4,51,1,0,0,0,68.381,0.25773,0.15,2028,31.5246,1.90576,0.35766
1628,400,11,6,67,1,0,0,1,99.489,0.25752,0.15,2028,31.5246,1.7089,0.35766
1629,400,9,4,35,1,0,0,1,96.826,0.2573,0.15,2028,31.5246,1.30019,0.35766
1630,400,2,2,40,0,0,0,1,76.828,0.25709,0.15,2028,31.5246,1.1459,0.35766
1631,400,7,2,45,1,0,0,1,73.325,0.25687,0.15,2028,31.5246,1.38258,0.35766
1632,400,10,5,90,1,0,0,1,146.941,0.25666,0.15,2028,31.5246,1.4859,0.35766
1633,400,3,3,47,0,0,0,1,86.812,0.25645,0.15,2028,31.5246,1.14886,0.35766
1634,400,12,7,54,1,0,0,1,99.869,0.25623,0.15,2028,31.5246,1.50425,0.35774
1635,400,3,3,56,0,0,0,1,117.065,0.25602,0.15,2028,31.5246,1.13802,0.35774
1636,400,8,3,57,1,0,2,1,136.321,0.25581,0.15,2028,31.5246,1.31245,0.35774
1637,400,3,3,47,0,0,0,1,96.419,0.25559,0.15,2028,31.5246,1.3618,0.35782
1638,170,4,4,51,0,1,1,0,38.89,0.25538,0.15,2028,31.5246,1.95996,0.35782
1639,344,4,4,43,0,0,0,1,79.182,0.25517,0.15,2028,31.5246,1.46317,0.35799
1640,400,2,2,43,0,0,0,1,86.77,0.25496,0.15,2028,31.5246,1.09655,0.35799
1641,257,1,1,40,0,0,0,0,65.482,0.25474,0.15,2028,31.5246,1.63239,0.35807
1642,97,3,3,29,0,1,0,0,17.66,0.25453,0.15,2028,31.5246,2.43756,0.35807
1643,400,13,8,88,1,0,0,1,145.634,0.25432,0.15,2028,31.5246,1.5624,0.35807
1644,400,5,5,42,0,0,0,1,108.767,0.25411,0.15,2028,31.5246,1.10715,0.35807
1645,400,3,3,49,0,0,1,1,92.466,0.2539,0.15,2028,31.5246,1.22375,0.35807
1646,400,7,2,41,1,0,0,1,114.498,0.25368,0.15,2029,31.5246,1.27396,0.35798
1647,400,10,5,40,1,0,1,1,108.343,0.25347,0.15,2029,31.5246,1.51558,0.35798
1648,400,11,6,32,1,0,0,1,129.164,0.25326,0.15,2029,31.5246,1.22454,0.35798
1649,400,5,5,66,0,0,0,1,98.399,0.25305,0.15,2032,31.5246,1.41686,0.35769
1650,400,3,3,42,0,0,0,1,65.258,0.25284,0.15,2032,31.5246,1.32549,0.35769
1651,400,4,4,40,0,0,0,1,96.943,0.25263,0.15,2032,31.5246,1.11974,0.35769
1652,199,3,3,43,0,1,2,0,39.904,0.25242,0.15,2034,31.5246,1.92006,0.35759
1653,400,4,4,54,0,0,1,1,107.917,0.25221,0.15,2035,31.5246,1.2272,0.35749
1654,400,8,3,38,1,0,1,1,85.255,0.252,0.15,2035,31.5246,1.34564,0.35749
1655,400,4,4,42,0,0,0,1,62.335,0.25179,0.15,2035,31.5246,1.40858,0.35749
1656,400,6,1,31,1,0,0,1,69.175,0.25158,0.15,2036,31.5246,1.39433,0.3574
1657,145,1,1,30,0,1,1,0,18.139,0.25137,0.15,2036,31.5246,1.6577,0.3574
1658,400,8,3,36,1,0,0,1,98.522,0.25116,0.15,2036,31.5246,1.45534,0.3574
1659,175,2,2,34,0,1,0,0,27.011,0.25095,0.15,2036,31.5246,1.53484,0.3574
1660,400,1,1,20,0,0,0,1,56.414,0.25074,0.15,2036,31.5246,1.20034,0.35748
1661,400,11,6,77,1,0,0,1,147.183,0.25053,0.15,2036,31.5246,1.58825,0.35748
1662,400,12,7,62,1,0,0,1,155.33,0.25032,0.15,2036,31.5246,1.55216,0.35748
1663,400,8,3,42,1,0,0,1,122.114,0.25012,0.15,2038,31.5246,1.2898,0.35738
1664,112,1,1,24,0,0,0,0,33.496,0.24991,0.15,2038,31.5246,1.60531,0.35738
1665,212,3,3,36,0,1,1,0,41.6,0.2497,0.15,2038,31.5246,1.57606,0.35738
1666,59,0,0,11,0,0,1,0,9.098,0.24949,0.15,2038,31.5246,2.02259,0.35746
1667,148,1,1,25,0,1,1,0,12.876,0.24928,0.15,2038,31.5246,1.78216,0.35746
1668,244,5,5,46,0,1,0,0,70.788,0.24908,0.15,2038,31.5246,1.71187,0.35746
1669,400,7,2,51,1,0,0,1,117.718,0.24887,0.15,2038,31.5246,1.29273,0.35762
1670,400,5,5,42,0,0,1,1,108.214,0.24866,0.15,2040,31.5246,1.27538,0.3576
1671,250,1,1,35,0,0,0,0,48.223,0.24845,0.15,2040,31.5246,1.38709,0.3576
1672,400,7,7,67,0,0,0,1,139.375,0.24825,0.15,2040,31.5246,1.29277,0.3576
1673,400,2,2,46,0,0,0,1,105.835,0.24804,0.15,2040,31.5246,1.17016,0.3576
1674,341,5,5,71,0,0,0,1,134.691,0.24783,0.15,2040,31.5246,1.40405,0.3576
1675,152,2,2,25,0,1,0,0,26.665,0.24763,0.15,2041,31.5246,1.85572,0.3575
1676,400,10,5,43,1,0,0,1,119.987,0.24742,0.15,2041,31.5246,1.42695,0.3575
1677,400,11,6,76,1,0,0,1,134.636,0.24721,0.15,2043,31.5246,1.72464,0.35732
1678,400,3,3,51,0,0,0,1,105.699,0.24701,0.15,2044,31.5246,1.21072,0.35731
1679,281,1,1,34,0,1,0,0,38.267,0.2468,0.15,2044,31.5246,1.35789,0.35731
1680,400,10,5,48,1,0,0,1,133.263,0.2466,0.15,2044,31.5246,1.31641,0.35731
1681,134,3,3,26,0,1,2,0,20.318,0.24639,0.15,2044,31.5246,2.07713,0.35731
1682,400,4,4,41,0,0,1,1,84.813,0.24619,0.15,2044,31.5246,1.25985,0.35731
1683,400,4,4,58,0,0,0,1,88.156,0.24598,0.15,2044,31.5246,1.20027,0.35731
1684,172,2,2,38,0,1,0,0,25.726,0.24578,0.15,2044,31.5246,1.79127,0.35739
1685,400,2,2,50,0,0,0,1,80.663,0.24557,0.15,2044,31.5246,1.1297,0.35739
1686,302,1,1,48,0,0,0,1,70.656,0.24537,0.15,2044,31.5246,1.35094,0.35739
1687,400,10,5,59,1,0,0,1,102.808,0.24516,0.15,2044,31.5246,1.43317,0.35739
1688,267,3,3,45,0,1,0,0,28.464,0.24496,0.15,2044,31.5246,1.82013,0.35739
1689,79,0,0,22,0,1,1,0,-2.537,0.24475,0.15,2044,31.5246,2.39449,0.35747
1690,400,8,3,45,1,0,0,1,112.372,0.24455,0.15,2044,31.5246,1.24562,0.35747
1691,400,12,7,44,1,0,0,1,130.123,0.24435,0.15,2044,31.5246,1.2643,0.35747
1692,400,2,2,44,0,0,0,1,82.007,0.24414,0.15,2044,31.5246,1.19096,0.35747
1693,400,9,4,72,1,0,0,1,103.602,0.24394,0.15,2044,31.5246,1.62856,0.35747
1694,400,4,4,63,0,0,0,1,106.068,0.24374,0.15,2044,31.5246,1.2007,0.35747
1695,80,1,1,19,0,1,0,0,-7.269,0.24353,0.15,2044,31.5246,2.69923,0.35755
1696,400,2,2,33,0,0,0,1,77.295,0.24333,0.15,2044,31.5246,1.27285,0.35755
1697,250,3,3,46,0,1,1,0,39.977,0.24313,0.15,2046,31.5246,2.05006,0.35745
1698,400,12,2,64,2,0,1,1,110.538,0.24293,0.15,2046,31.5246,1.4626,0.35745
1699,400,5,5,49,0,0,0,1,99.327,0.24272,0.15,2046,31.5246,1.19919,0.35745
1700,385,9,4,46,1,0,0,1,100.69,0.24252,0.15,2046,31.5246,1.33027,0.35745
1701,400,2,2,44,0,0,0,1,100.05,0.24232,0.15,2046,31.5246,1.17694,0.35745
1702,400,8,3,52,1,0,0,1,127.366,0.24212,0.15,2048,31.5246,1.26514,0.35726
1703,400,5,5,53,0,0,1,1,100.204,0.24192,0.15,2048,31.5246,1.22048,0.35726
1704,330,7,7,51,0,0,0,1,95.767,0.24171,0.15,2048,31.5246,1.39889,0.35726
1705,400,2,2,62,0,0,0,1,121.799,0.24151,0.15,2048,31.5246,1.50344,0.35726
1706,132,4,4,45,0,1,1,0,31.491,0.24131,0.15,2049,31.5246,1.85373,0.35717
1707,400,9,4,46,1,0,0,1,129.959,0.24111,0.15,2049,31.5246,1.37314,0.35717
1708,400,7,7,52,0,0,0,1,125.462,0.24091,0.15,2049,31.5246,1.38699,0.35725
1709,44,0,0,13,0,1,1,0,-8.777,0.24071,0.15,2049,31.5246,3.03633,0.35725
1710,400,4,4,49,0,0,1,1,107.819,0.24051,0.15,2050,31.5246,1.35488,0.35732
1711,259,5,5,37,0,1,1,0,34.908,0.24031,0.15,2050,31.5246,1.77305,0.35732
1712,400,4,4,42,0,0,0,1,73.713,0.24011,0.15,2050,31.5246,1.2447,0.35732
1713,347,16,6,58,2,0,0,1,115.953,0.23991,0.15,2050,31.5246,1.61873,0.3574
1714,400,12,7,71,1,0,0,1,113.07,0.23971,0.15,2052,31.5246,1.57544,0.35721
1715,80,0,0,15,0,1,0,0,-10.719,0.23951,0.15,2052,31.5246,2.39063,0.35721
1716,400,9,4,43,1,0,0,1,96.664,0.23931,0.15,2053,31.5246,1.49197,0.35712
1717,400,16,6,73,2,0,0,1,122.288,0.23911,0.15,2053,31.5246,1.73888,0.35712
1718,400,5,5,42,0,0,0,1,79.226,0.23891,0.15,2054,31.5246,1.47509,0.35703
1719,400,12,7,63,1,0,0,1,104.368,0.23871,0.15,2057,31.5246,1.60017,0.35683
1720,400,4,4,45,0,0,0,1,88.415,0.23851,0.15,2058,31.5246,1.19224,0.35674
1721,400,7,2,38,1,0,0,1,84.415,0.23831,0.15,2058,31.5246,1.22558,0.35674
1722,400,6,6,79,0,0,0,1,117.194,0.23812,0.15,2058,31.5246,1.54481,0.35674
1723,113,4,4,29,0,1,1,0,16.968,0.23792,0.15,2058,31.5246,2.44297,0.35674
1724,400,16,6,71,2,0,0,1,134.981,0.23772,0.15,2058,31.5246,1.62384,0.35674
1725,183,3,3,51,0,1,2,0,24.536,0.23752,0.15,2058,31.5246,1.87582,0.35674
1726,145,2,2,31,0,1,1,0,20.471,0.23732,0.15,2059,31.5246,1.79425,0.35665
1727,400,4,4,37,0,0,0,1,86.328,0.23713,0.15,2059,31.5246,1.31843,0.35673
1728,400,2,2,44,0,0,0,1,91.536,0.23693,0.15,2059,31.5246,1.16265,0.35673
1729,84,1,1,20,0,1,0,0,-9.21,0.23673,0.15,2063,31.5246,2.70835,0.35636
1730,254,7,2,44,1,1,1,0,51.612,0.23653,0.15,2064,31.5246,1.92597,0.35635
1731,400,3,3,58,0,0,0,1,107.91,0.23634,0.15,2064,31.5246,1.35468,0.35635
1732,400,3,3,65,0,0,1,1,107.559,0.23614,0.15,2064,31.5246,1.33709,0.35635
1733,294,5,5,48,0,1,0,0,53.128,0.23594,0.15,2064,31.5246,1.83952,0.35635
1734,190,2,2,42,0,1,0,0,39.472,0.23575,0.15,2064,31.5246,1.99398,0.35635
1735,204,2,2,48,0,1,1,0,29.057,0.23555,0.15,2064,31.5246,2.16288,0.35635
1736,52,1,1,14,0,1,1,0,-3.811,0.23535,0.15,2064,31.5246,3.47378,0.35635
1737,400,7,2,46,1,0,0,1,96.057,0.23516,0.15,2064,31.5246,1.48981,0.35635
1738,287,8,3,43,1,1,2,0,63.31,0.23496,0.15,2064,31.5246,2.00019,0.35635
1739,215,3,3,44,0,0,0,0,57.492,0.23477,0.15,2064,31.5246,1.61547,0.35635
1740,400,4,4,56,0,0,1,1,103.518,0.23457,0.15,2064,31.5246,1.47008,0.35635
1741,400,4,4,38,0,0,0,1,103.613,0.23437,0.15,2064,31.5246,1.18062,0.35635
1742,400,11,6,69,1,0,1,1,142.221,0.23418,0.15,2064,31.5246,1.57104,0.35635
1743,140,0,0,22,0,1,0,0,5.625,0.23398,0.15,2064,31.5246,1.83228,0.35635
1744,400,7,2,48,1,0,0,1,122.139,0.23379,0.15,2064,31.5246,1.3145,0.35635
1745,90,0,0,25,0,1,0,0,3.376,0.23359,0.15,2064,31.5246,2.20605,0.35643
1746,400,15,5,71,2,0,0,1,173.477,0.2334,0.15,2064,31.5246,1.73557,0.35651
1747,400,9,4,52,1,0,0,1,125.796,0.23321,0.15,2064,31.5246,1.40901,0.35651
1748,400,1,1,43,0,0,0,1,88.87,0.23301,0.15,2064,31.5246,1.13261,0.35651
1749,143,5,5,29,0,1,0,0,15.262,0.23282,0.15,2064,31.5246,2.03404,0.35651
1750,400,11,6,49,1,0,0,1,130.138,0.23262,0.15,2064,31.5246,1.32273,0.35651
1751,111,3,3,37,0,1,0,0,16.858,0.23243,0.15,2064,31.5246,1.9568,0.35651
1752,168,0,0,23,0,1,1,0,17.156,0.23224,0.15,2064,31.5246,1.6863,0.35659
1753,400,5,5,49,0,0,0,1,107.796,0.23204,0.15,2064,31.5246,1.21202,0.35659
1754,400,13,8,82,1,0,0,1,158.812,0.23185,0.15,2064,31.5246,1.59913,0.35659
1755,400,2,2,36,0,0,1,1,103.623,0.23166,0.15,2064,31.5246,1.07797,0.35659
1756,400,10,5,38,1,0,0,1,145.062,0.23146,0.15,2064,31.5246,1.22802,0.35659
1757,400,7,2,41,1,0,1,1,114.473,0.23127,0.15,2064,31.5246,1.39345,0.35659
1758,400,3,3,54,0,0,0,1,106.998,0.23108,0.15,2064,31.5246,1.20778,0.35659
1759,188,3,3,47,0,0,0,0,56.106,0.23089,0.15,2065,31.5246,1.65439,0.3565
1760,400,9,4,50,1,0,1,1,92.831,0.23069,0.15,2065,31.5246,1.70634,0.35658
1761,400,6,6,76,0,0,0,1,104.923,0.2305,0.15,2065,31.5246,1.54509,0.35658
1762,400,4,4,37,0,0,0,1,81.5,0.23031,0.15,2065,31.5246,1.345,0.35658
1763,301,8,3,36,1,0,0,1,83.023,0.23012,0.15,2065,31.5246,1.61694,0.35658
1764,400,8,3,37,1,0,0,1,89.119,0.22993,0.15,2065,31.5246,1.3266,0.35658
1765,400,11,6,52,1,0,1,1,136.823,0.22973,0.15,2065,31.5246,1.41633,0.35658
1766,163,3,3,33,0,1,0,0,28.939,0.22954,0.15,2065,31.5246,1.7139,0.35658
1767,400,2,2,34,0,0,0,1,96.137,0.22935,0.15,2068,31.5246,1.21642,0.3563
1768,400,8,3,68,1,0,1,1,136.553,0.22916,0.15,2069,31.5246,1.45423,0.35621
1769,400,4,4,36,0,0,0,1,100.204,0.22897,0.15,2069,31.5246,1.05706,0.35621
1770,400,3,3,42,0,0,0,1,100.69,0.22878,0.15,2069,31.5246,1.15803,0.35621
1771,400,4,4,53,0,0,1,1,95.593,0.22859,0.15,2071,31.5246,1.29098,0.35611
1772,400,9,4,32,1,0,1,1,105.327,0.2284,0.15,2072,31.5246,1.2556,0.35602
1773,286,2,2,38,0,1,1,0,37.194,0.22821,0.15,2073,31.5246,1.70784,0.35593
1774,400,7,2,56,1,0,0,1,139.985,0.22802,0.15,2074,31.5246,1.27075,0.35591
1775,400,2,2,45,0,0,0,1,95.619,0.22783,0.15,2074,31.5246,1.20829,0.35591
1776,400,4,4,35,0,0,0,1,86.911,0.22764,0.15,2074,31.5246,1.3109,0.35591
1777,400,3,3,51,0,0,0,1,108.803,0.22745,0.15,2074,31.5246,1.33014,0.35591
1778,400,9,4,43,1,0,0,1,119.25,0.22726,0.15,2074,31.5246,1.32213,0.35616
1779,400,11,6,67,1,0,0,1,118.511,0.22707,0.15,2074,31.5246,1.41182,0.35616
1780,400,1,1,42,0,0,0,1,56.506,0.22688,0.15,2075,31.5246,1.46257,0.35606
1781,338,5,5,40,0,1,1,0,35.257,0.22669,0.15,2075,31.5246,1.54878,0.35606
1782,400,3,3,35,0,0,0,1,73.061,0.2265,0.15,2075,31.5246,1.16667,0.35606
1783,400,3,3,36,0,0,1,1,80.767,0.22631,0.15,2075,31.5246,1.39795,0.35614
1784,34,0,0,10,0,0,0,0,-2.764,0.22613,0.15,2076,31.5246,2.06428,0.35605
1785,400,7,2,67,1,0,0,1,100.826,0.22594,0.15,2076,31.5246,1.43241,0.35605
1786,150,2,2,39,0,1,1,0,10.426,0.22575,0.15,2076,31.5246,1.79986,0.35605
1787,400,4,4,35,0,0,0,1,88.217,0.22556,0.15,2076,31.5246,1.25053,0.35605
1788,400,7,2,53,1,0,0,1,121.942,0.22537,0.15,2076,31.5246,1.26763,0.35605
1789,400,12,7,48,1,0,1,1,122.034,0.22518,0.15,2076,31.5246,1.37257,0.35605
1790,400,7,2,46,1,0,0,1,116.033,0.225,0.15,2076,31.5246,1.55361,0.35621
1791,204,4,4,45,0,1,0,0,38.841,0.22481,0.15,2076,31.5246,1.94572,0.35621
1792,200,6,6,49,0,1,1,0,47.48,0.22462,0.15,2076,31.5246,2.18553,0.35621
1793,400,12,7,76,1,0,0,1,145.669,0.22444,0.15,2076,31.5246,1.56566,0.35621
1794,400,4,4,78,0,0,1,1,108.561,0.22425,0.15,2078,31.5246,1.41888,0.35603
1795,400,4,4,49,0,0,0,1,107.286,0.22406,0.15,2078,31.5246,1.14045,0.35603
1796,400,4,4,47,0,0,0,1,111.197,0.22388,0.15,2078,31.5246,1.04213,0.35603
1797,400,7,2,48,1,0,0,1,78.013,0.22369,0.15,2078,31.5246,1.44216,0.35603
1798,400,2,2,47,0,0,0,1,78.099,0.2235,0.15,2078,31.5246,1.32222,0.35603
1799,400,5,5,60,0,0,0,1,94.183,0.22332,0.15,2078,31.5246,1.22128,0.35603
1800,400,13,3,40,2,0,0,1,111.76,0.22313,0.15,2078,31.5246,1.41848,0.35603
1801,400,2,2,58,0,0,0,1,104.376,0.22294,0.15,2079,31.5246,1.33952,0.35594
1802,400,5,5,63,0,0,1,1,134.645,0.22276,0.15,2079,31.5246,1.21771,0.35594
1803,96,2,2,27,0,1,1,0,17.348,0.22257,0.15,2079,31.5246,2.43446,0.35602
1804,112,0,0,44,0,1,1,0,27.353,0.22239,0.15,2079,31.5246,1.57887,0.35602
1805,400,3,3,52,0,0,0,1,102.212,0.2222,0.15,2079,31.5246,1.25035,0.35602
1806,400,5,5,35,0,0,1,1,105.249,0.22202,0.15,2080,31.5246,1.09714,0.35593
1807,400,7,7,63,0,0,0,1,122.76,0.22183,0.15,2082,31.5246,1.45757,0.35575
1808,137,9,4,38,1,1,1,0,51.516,0.22165,0.15,2082,31.5246,2.51322,0.35575
1809,400,9,4,49,1,0,0,1,112.901,0.22146,0.15,2082,31.5246,1.33552,0.35575
1810,162,1,1,35,0,1,2,0,2.392,0.22128,0.15,2082,31.5246,1.79684,0.35575
1811,400,14,4,42,2,0,0,1,86.095,0.22109,0.15,2082,31.5246,1.6233,0.35575
1812,400,7,2,36,1,0,0,1,92.694,0.22091,0.15,2083,31.5246,1.25413,0.35566
1813,400,3,3,54,0,0,1,1,121.621,0.22073,0.15,2083,31.5246,1.11307,0.35566
1814,400,4,4,61,0,0,0,1,141.08,0.22054,0.15,2083,31.5246,1.28532,0.35566
1815,400,4,4,48,0,0,0,1,111.505,0.22036,0.15,2083,31.5246,1.35145,0.35566
1816,400,8,3,61,1,0,1,1,112.629,0.22017,0.15,2083,31.5246,1.48904,0.35566
1817,400,1,1,41,0,0,0,1,73.428,0.21999,0.15,2085,31.5246,1.22882,0.35556
1818,400,2,2,37,0,0,0,1,78.77,0.21981,0.15,2085,31.5246,1.18654,0.35572
1819,400,6,6,65,0,0,0,1,128.264,0.21963,0.15,2085,31.5246,1.17618,0.35572
1820,228,3,3,48,0,1,1,0,51.127,0.21944,0.15,2085,31.5246,1.59365,0.35572
1821,400,4,4,49,0,0,0,1,124.965,0.21926,0.15,2085,31.5246,1.03502,0.3558
1822,400,9,4,67,1,0,1,1,98.767,0.21908,0.15,2085,31.5246,1.68389,0.35588
1823,400,11,6,80,1,0,0,1,123.297,0.21889,0.15,2085,31.5246,1.49353,0.35588
1824,315,6,6,47,0,0,0,1,86.747,0.21871,0.15,2085,31.5246,1.63618,0.35588
1825,400,5,5,45,0,0,0,1,103.191,0.21853,0.15,2085,31.5246,1.2253,0.35588
1826,400,2,2,33,0,0,2,1,71.296,0.21835,0.15,2085,31.5246,1.22005,0.35596
1827,371,2,2,43,0,0,0,1,85.069,0.21817,0.15,2086,31.5246,1.40248,0.35586
1828,400,9,4,54,1,0,0,1,111.203,0.21798,0.15,2086,31.5246,1.45933,0.35594
1829,400,7,7,75,0,0,0,1,142.903,0.2178,0.15,2086,31.5246,1.37972,0.35594
1830,264,1,1,30,0,1,3,0,34.952,0.21762,0.15,2086,31.5246,1.66735,0.3561
1831,400,7,2,42,1,0,0,1,118.298,0.21744,0.15,2086,31.5246,1.41349,0.35618
1832,400,5,5,57,0,0,0,1,107.722,0.21726,0.15,2086,31.5246,1.46964,0.35626
1833,400,9,4,48,1,0,0,1,110.964,0.21708,0.15,2086,31.5246,1.33057,0.35634
1834,63,0,0,14,0,1,1,0,-14.134,0.2169,0.15,2086,31.5246,2.29156,0.35634
1835,400,4,4,55,0,0,0,1,111.789,0.21672,0.15,2086,31.5246,1.21233,0.35634
1836,400,10,5,50,1,0,1,1,144.929,0.21654,0.15,2087,31.5246,1.21299,0.35625
1837,400,10,5,41,1,0,0,1,128.076,0.21636,0.15,2087,31.5246,1.24431,0.35625
1838,400,9,4,49,1,0,0,1,100.91,0.21618,0.15,2087,31.5246,1.50082,0.35625
1839,400,9,4,41,1,0,0,1,123.751,0.216,0.15,2087,31.5246,1.22342,0.35625
1840,170,3,3,32,0,1,0,0,34.939,0.21582,0.15,2087,31.5246,1.8989,0.35625
1841,400,4,4,39,0,0,0,1,82.679,0.21564,0.15,2087,31.5246,1.34466,0.35625
1842,400,4,4,39,0,0,0,1,105.506,0.21546,0.15,2087,31.5246,1.16746,0.35625
1843,295,2,2,39,0,1,2,0,40.518,0.21528,0.15,2087,31.5246,1.5996,0.35625
1844,400,6,6,45,0,0,0,1,107.81,0.2151,0.15,2088,31.5246,1.20926,0.35616
1845,400,3,3,39,0,0,0,1,84.716,0.21492,0.15,2088,31.5246,1.17608,0.35616
1846,400,6,6,59,0,0,0,1,122.32,0.21474,0.15,2088,31.5246,1.18516,0.35616
1847,82,1,1,26,0,1,0,0,14.412,0.21456,0.15,2089,31.5246,2.27476,0.35607
1848,400,4,4,58,0,0,0,1,91.227,0.21438,0.15,2089,31.5246,1.47454,0.35607
1849,400,3,3,63,0,0,0,1,128.733,0.2142,0.15,2090,31.5246,1.30242,0.35598
1850,400,5,5,54,0,0,0,1,121.771,0.21402,0.15,2090,31.5246,1.11516,0.35598
1851,400,6,6,46,0,0,0,1,116.166,0.21385,0.15,2090,31.5246,1.20329,0.35598
1852,139,2,2,39,0,1,1,0,16.113,0.21367,0.15,2090,31.5246,2.49375,0.35598
1853,400,3,3,45,0,0,0,1,78.948,0.21349,0.15,2090,31.5246,1.30123,0.35598
1854,400,8,3,35,1,0,0,1,81.706,0.21331,0.15,2090,31.5246,1.35632,0.35598
1855,91,0,0,17,0,1,0,0,-19.622,0.21313,0.15,2090,31.5246,2.35215,0.35598
1856,400,9,4,44,1,0,0,1,63.839,0.21296,0.15,2090,31.5246,1.66568,0.35598
1857,400,3,3,41,0,0,0,1,81.121,0.21278,0.15,2090,31.5246,1.24818,0.35598
1858,378,3,3,43,0,0,0,1,64.149,0.2126,0.15,2090,31.5246,1.42208,0.35598
1859,400,7,7,53,0,0,0,1,106.597,0.21242,0.15,2090,31.5246,1.47602,0.35598
1860,400,5,5,59,0,0,0,1,106.334,0.21225,0.15,2090,31.5246,1.44006,0.35598
1861,103,0,0,20,0,0,0,0,21.908,0.21207,0.15,2092,31.5246,1.4732,0.35588
1862,211,3,3,22,0,1,1,0,21.511,0.21189,0.15,2092,31.5246,1.55841,0.35588
1863,400,4,4,43,0,0,0,1,107.609,0.21172,0.15,2093,31.5246,1.12271,0.35579
1864,400,1,1,28,0,0,0,1,68.703,0.21154,0.15,2093,31.5246,1.17681,0.35579
1865,400,5,5,51,0,0,1,1,116.574,0.21137,0.15,2095,31.5246,1.21985,0.35585
1866,400,5,5,46,0,0,0,1,95.679,0.21119,0.15,2095,31.5246,1.25161,0.35585
1867,400,3,3,28,0,0,0,1,84.999,0.21101,0.15,2095,31.5246,1.00627,0.35585
1868,400,7,2,35,1,0,0,1,76.359,0.21084,0.15,2096,31.5246,1.3528,0.35576
1869,400,4,4,48,0,0,0,1,102.569,0.21066,0.15,2096,31.5246,1.29312,0.35576
1870,400,9,4,56,1,0,0,1,134.818,0.21049,0.15,2096,31.5246,1.50165,0.35592
1871,400,7,2,32,1,0,0,1,82.932,0.21031,0.15,2097,31.5246,1.32148,0.35583
1872,400,5,5,30,0,0,0,1,90.809,0.21014,0.15,2097,31.5246,1.24357,0.35583
1873,251,5,5,46,0,1,0,0,62.668,0.20996,0.15,2097,31.5246,1.81897,0.35591
1874,400,10,5,48,1,0,0,1,137.635,0.20979,0.15,2097,31.5246,1.27973,0.35598
1875,64,1,1,22,0,1,2,0,-4.442,0.20961,0.15,2097,31.5246,2.70806,0.35598
1876,400,3,3,51,0,0,0,1,118.051,0.20944,0.15,2097,31.5246,1.24163,0.35598
1877,400,4,4,47,0,0,0,1,110.646,0.20926,0.15,2097,31.5246,1.19596,0.35598
1878,400,17,7,64,2,0,0,1,163.148,0.20909,0.15,2097,31.5246,1.52987,0.35598
1879,400,7,2,42,1,0,0,1,93.811,0.20891,0.15,2097,31.5246,1.34729,0.35606
1880,400,3,3,36,0,0,0,1,78.896,0.20874,0.15,2097,31.5246,1.26086,0.35606
1881,95,6,6,24,0,1,0,0,18.446,0.20857,0.15,2097,31.5246,2.48252,0.35606
1882,400,8,3,55,1,0,0,1,91.814,0.20839,0.15,2097,31.5246,1.6438,0.35614
1883,400,2,2,43,0,0,0,1,79.473,0.20822,0.15,2097,31.5246,1.20709,0.35614
1884,335,2,2,30,0,1,1,0,23.186,0.20805,0.15,2097,31.5246,1.67963,0.35622
1885,96,2,2,28,0,1,0,0,15.563,0.20787,0.15,2097,31.5246,2.18525,0.3563
1886,400,2,2,35,0,0,0,1,83.357,0.2077,0.15,2097,31.5246,0.91329,0.3563
1887,400,9,4,52,1,0,0,1,137.26,0.20753,0.15,2098,31.5246,1.37701,0.35621
1888,400,7,2,35,1,0,0,1,89.829,0.20735,0.15,2098,31.5246,1.29892,0.35621
1889,77,2,2,18,0,1,0,0,-7.96,0.20718,0.15,2098,31.5246,2.63797,0.35621
1890,235,4,4,38,0,1,1,0,22.599,0.20701,0.15,2100,31.5246,1.8281,0.35603
1891,400,3,3,47,0,0,0,1,67.558,0.20684,0.15,2101,31.5246,1.43324,0.35594
1892,400,14,4,51,2,0,1,1,86.444,0.20666,0.15,2101,31.5246,1.69058,0.35594
1893,400,7,7,51,0,0,0,1,108.056,0.20649,0.15,2101,31.5246,1.35369,0.35594
1894,400,10,5,36,1,0,1,1,85.711,0.20632,0.15,2101,31.5246,1.45363,0.35594
1895,137,2,2,49,0,1,1,0,20.926,0.20615,0.15,2101,31.5246,2.04478,0.35594
1896,400,2,2,50,0,0,0,1,103.136,0.20598,0.15,2101,31.5246,1.17279,0.35594
1897,311,9,4,43,1,1,1,0,34.628,0.2058,0.15,2101,31.5246,1.61793,0.35594
1898,400,4,4,47,0,0,0,1,113.417,0.20563,0.15,2101,31.5246,1.15593,0.35594
1899,217,2,2,46,0,1,1,0,30.113,0.20546,0.15,2101,31.5246,1.87102,0.35594
1900,185,6,6,38,0,1,1,0,37.776,0.20529,0.15,2104,31.5246,2.00075,0.35575
1901,400,8,3,47,1,0,0,1,109.497,0.20512,0.15,2104,31.5246,1.46398,0.35575
1902,400,10,5,57,1,0,0,1,138.491,0.20495,0.15,2105,31.5246,1.2745,0.35566
1903,43,1,1,16,0,1,0,0,-3.98,0.20478,0.15,2106,31.5246,3.48154,0.35565
1904,267,4,4,49,0,0,0,1,88.454,0.20461,0.15,2107,31.5246,1.50233,0.35564
1905,400,3,3,51,0,0,1,1,113.859,0.20444,0.15,2107,31.5246,1.34746,0.35564
1906,400,9,4,61,1,0,0,1,133.782,0.20427,0.15,2107,31.5246,1.41035,0.35564
1907,71,2,2,23,0,1,1,0,2.466,0.2041,0.15,2108,31.5246,2.38097,0.35563
1908,400,3,3,56,0,0,1,1,127.009,0.20393,0.15,2108,31.5246,1.23749,0.35571
1909,400,2,2,53,0,0,0,1,119.565,0.20376,0.15,2108,31.5246,1.23126,0.35571
1910,400,8,8,95,0,0,0,1,181.509,0.20359,0.15,2108,31.5246,1.32303,0.35571
1911,400,9,4,55,1,0,1,1,147.654,0.20342,0.15,2108,31.5246,1.25364,0.35571
1912,400,8,8,80,0,0,1,1,154.291,0.20325,0.15,2108,31.5246,1.49043,0.35571
1913,400,6,6,59,0,0,0,1,136.486,0.20308,0.15,2108,31.5246,1.3238,0.35579
1914,189,5,5,42,0,1,1,0,41.184,0.20291,0.15,2108,31.5246,1.78615,0.35579
1915,400,8,3,33,1,0,0,1,114.648,0.20274,0.15,2108,31.5246,1.29528,0.35579
1916,400,4,4,68,0,0,0,1,142.972,0.20257,0.15,2108,31.5246,1.16663,0.35579
1917,166,4,4,56,0,0,0,0,81.903,0.2024,0.15,2108,31.5246,1.70635,0.35579
1918,400,19,9,92,2,0,0,1,202.944,0.20223,0.15,2108,31.5246,1.78038,0.35579
1919,240,6,6,63,0,1,1,0,77.074,0.20206,0.15,2108,31.5246,2.06015,0.35579
1920,400,11,6,47,1,0,2,1,121.845,0.2019,0.15,2108,31.5246,1.49269,0.35579
1921,400,6,6,60,0,0,0,1,128.904,0.20173,0.15,2109,31.5246,1.23585,0.3557
1922,400,5,5,64,0,0,0,1,119.836,0.20156,0.15,2110,31.5246,1.31417,0.35561
1923,400,6,6,59,0,0,0,1,129.134,0.20139,0.15,2110,31.5246,1.15126,0.35561
1924,400,16,6,89,2,0,1,1,139.889,0.20122,0.15,2110,31.5246,1.83061,0.35561
1925,400,18,8,92,2,0,0,1,147.947,0.20106,0.15,2111,31.5246,1.66291,0.3556
1926,400,10,5,65,1,0,1,1,130.001,0.20089,0.15,2111,31.5246,1.28038,0.3556
1927,400,5,5,51,0,0,0,1,102.638,0.20072,0.15,2111,31.5246,1.13906,0.3556
1928,138,4,4,47,0,1,1,0,33.603,0.20056,0.15,2111,31.5246,2.3582,0.3556
1929,400,1,1,61,0,0,0,1,117.932,0.20039,0.15,2111,31.5246,1.1479,0.3556
1930,255,6,6,61,0,1,0,0,71.306,0.20022,0.15,2111,31.5246,1.79366,0.35568
1931,212,0,0,37,0,0,0,0,27.923,0.20005,0.15,2111,31.5246,1.63998,0.35568
1932,400,4,4,55,0,0,1,1,102.888,0.19989,0.15,2111,31.5246,1.18983,0.35568
1933,400,2,2,55,0,0,0,1,92.343,0.19972,0.15,2111,31.5246,1.22013,0.35568
1934,143,7,7,40,0,1,0,0,51.284,0.19955,0.15,2112,31.5246,2.25562,0.35567
1935,400,9,4,51,1,0,0,1,109.563,0.19939,0.15,2112,31.5246,1.26349,0.35574
1936,90,1,1,19,0,1,0,0,-7.967,0.19922,0.15,2113,31.5246,2.56063,0.35566
1937,400,7,2,48,1,0,0,1,110.83,0.19906,0.15,2115,31.5246,1.37553,0.35556
1938,400,7,2,40,1,0,1,1,104.827,0.19889,0.15,2115,31.5246,1.37082,0.35556
1939,400,8,3,55,1,0,0,1,143.523,0.19872,0.15,2115,31.5246,1.19972,0.35556
1940,400,2,2,43,0,0,0,1,108.547,0.19856,0.15,2115,31.5246,0.92955,0.35556
1941,400,3,3,44,0,0,0,1,94.326,0.19839,0.15,2117,31.5246,1.217,0.35538
1942,400,2,2,43,0,0,0,1,100.525,0.19823,0.15,2118,31.5246,1.32035,0.35529
1943,255,7,2,38,1,1,0,0,23.966,0.19806,0.15,2118,31.5246,1.70084,0.35529
1944,400,7,2,41,1,0,0,1,76.1,0.1979,0.15,2118,31.5246,1.262,0.35529
1945,400,7,7,77,0,0,0,1,117.068,0.19773,0.15,2118,31.5246,1.50217,0.35529
1946,400,13,3,74,2,0,0,1,113.867,0.19757,0.15,2118,31.5246,1.64837,0.35529
1947,400,12,7,79,1,0,0,1,126.038,0.1974,0.15,2118,31.5246,1.48933,0.35529
1948,400,4,4,39,0,0,1,1,75.253,0.19724,0.15,2119,31.5246,1.29732,0.35536
1949,400,10,5,56,1,0,0,1,127.66,0.19708,0.15,2119,31.5246,1.48249,0.35536
1950,284,6,6,59,0,0,0,1,102.11,0.19691,0.15,2120,31.5246,1.43195,0.35527
1951,299,11,6,72,1,0,0,1,139.45,0.19675,0.15,2120,31.5246,1.66646,0.35527
1952,65,0,0,16,0,1,0,0,-8.422,0.19658,0.15,2120,31.5246,3.28938,0.35535
1953,400,2,2,68,0,0,0,1,126.101,0.19642,0.15,2120,31.5246,1.136,0.35535
1954,325,10,5,63,1,0,0,1,127.198,0.19626,0.15,2120,31.5246,1.65306,0.35535
1955,400,4,4,52,0,0,1,1,116.714,0.19609,0.15,2120,31.5246,1.15806,0.35535
1956,400,4,4,59,0,0,0,1,113.556,0.19593,0.15,2120,31.5246,1.22463,0.35535
1957,46,0,0,14,0,1,1,0,-15.14,0.19577,0.15,2120,31.5246,2.26869,0.35535
1958,400,2,2,58,0,0,0,1,118.393,0.1956,0.15,2120,31.5246,1.27765,0.35535
1959,276,4,4,48,0,0,0,0,69.314,0.19544,0.15,2120,31.5246,1.52595,0.35535
1960,400,4,4,60,0,0,0,1,124.589,0.19528,0.15,2120,31.5246,1.25327,0.35542
1961,400,6,6,78,0,0,0,1,160.211,0.19511,0.15,2120,31.5246,1.29119,0.35542
1962,400,6,6,43,0,0,0,1,114.44,0.19495,0.15,2122,31.5246,1.27925,0.35525
1963,365,14,4,50,2,0,0,1,124.369,0.19479,0.15,2122,31.5246,1.5317,0.35525
1964,153,2,2,29,0,0,0,0,44.363,0.19463,0.15,2122,31.5246,1.47403,0.35525
1965,356,5,5,50,0,0,0,1,117.057,0.19447,0.15,2122,31.5246,1.31454,0.35525
1966,400,7,7,90,0,0,0,1,155.182,0.1943,0.15,2122,31.5246,1.29144,0.35525
1967,240,5,5,52,0,0,0,0,82.892,0.19414,0.15,2122,31.5246,1.69624,0.3554
1968,400,4,4,39,0,0,0,1,98.653,0.19398,0.15,2122,31.5246,1.2849,0.3554
1969,400,4,4,42,0,0,0,1,105.218,0.19382,0.15,2122,31.5246,1.18967,0.3554
1970,207,3,3,48,0,1,1,0,46.961,0.19366,0.15,2122,31.5246,1.80223,0.3554
1971,400,6,6,55,0,0,0,1,118.976,0.1935,0.15,2122,31.5246,1.15023,0.3554
1972,400,5,5,46,0,0,0,1,90.707,0.19333,0.15,2122,31.5246,1.33909,0.3554
1973,400,4,4,40,0,0,1,1,77.739,0.19317,0.15,2123,31.5246,1.46834,0.35547
1974,400,8,3,44,1,0,0,1,131.377,0.19301,0.15,2123,31.5246,1.4058,0.35555
1975,138,4,4,40,0,1,1,0,42.932,0.19285,0.15,2123,31.5246,1.97477,0.35555
1976,112,1,1,34,0,1,1,0,21.026,0.19269,0.15,2123,31.5246,2.15969,0.35555
1977,381,11,6,94,1,0,0,1,185.946,0.19253,0.15,2123,31.5246,1.41907,0.35555
1978,400,16,6,75,2,0,0,1,175.892,0.19237,0.15,2123,31.5246,1.50043,0.35555
1979,400,8,3,53,1,0,1,1,117.42,0.19221,0.15,2126,31.5246,1.53805,0.35528
1980,222,5,5,61,0,1,0,0,64.548,0.19205,0.15,2126,31.5246,1.63353,0.35528
1981,61,0,0,13,0,0,0,0,13.18,0.19189,0.15,2126,31.5246,2.01478,0.35528
1982,400,6,6,43,0,0,0,1,106.761,0.19173,0.15,2126,31.5246,1.36041,0.35528
1983,400,9,4,39,1,0,0,1,77.637,0.19157,0.15,2126,31.5246,1.4883,0.35528
1984,400,6,6,43,0,0,0,1,96.026,0.19141,0.15,2126,31.5246,1.24731,0.35528
1985,400,11,6,49,1,0,0,1,122.876,0.19125,0.15,2127,31.5246,1.33579,0.3552
1986,400,3,3,33,0,0,0,1,84.298,0.19109,0.15,2127,31.5246,1.25121,0.3552
1987,207,5,5,44,0,0,0,0,78.583,0.19093,0.15,2127,31.5246,1.65402,0.3552
1988,116,1,1,23,0,1,1,0,4.932,0.19077,0.15,2127,31.5246,2.10219,0.3552
1989,400,9,4,54,1,0,0,1,101.186,0.19061,0.15,2127,31.5246,1.54183,0.3552
1990,233,3,3,62,0,1,0,0,44.866,0.19046,0.15,2128,31.5246,1.87647,0.35518
1991,400,10,5,50,1,0,0,1,111.489,0.1903,0.15,2128,31.5246,1.51941,0.35518
1992,400,10,5,41,1,0,0,1,79.999,0.19014,0.15,2128,31.5246,1.65726,0.35518
1993,400,9,4,53,1,0,0,1,112.694,0.18998,0.15,2128,31.5246,1.27305,0.35518
1994,400,13,8,75,1,0,1,1,153.128,0.18982,0.15,2128,31.5246,1.47067,0.35518
1995,400,8,3,66,1,0,0,1,124.717,0.18966,0.15,2128,31.5246,1.43591,0.35518
1996,400,6,6,65,0,0,0,1,128.845,0.18951,0.15,2128,31.5246,1.22085,0.35518
1997,335,8,3,47,1,0,1,1,97.449,0.18935,0.15,2128,31.5246,1.85919,0.35526
1998,400,5,5,88,0,0,0,1,138.586,0.18919,0.15,2128,31.5246,1.28132,0.35526
1999,139,2,2,44,0,1,1,0,26.226,0.18903,0.15,2128,31.5246,2.39931,0.35526
2000,77,5,5,25,0,1,0,0,19.093,0.18888,0.15,2128,31.5246,2.48616,0.35526
2001,400,13,8,83,1,0,0,1,164.053,0.18872,0.15,2129,31.5246,1.67122,0.35517
2002,84,1,1,20,0,1,0,0,-6.57,0.18856,0.15,2129,31.5246,2.08229,0.35517
2003,92,0,0,21,0,1,0,0,-10.127,0.1884,0.15,2131,31.5246,1.85042,0.355
2004,95,1,1,33,0,1,0,0,3.847,0.18825,0.15,2131,31.5246,1.90981,0.355
2005,191,2,2,48,0,1,1,0,23.953,0.18809,0.15,2131,31.5246,1.64575,0.355
2006,400,5,5,62,0,0,0,1,88.993,0.18793,0.15,2131,31.5246,1.27468,0.355
2007,174,4,4,46,0,1,1,0,50.352,0.18778,0.15,2131,31.5246,1.6996,0.355
2008,400,5,5,62,0,0,1,1,100.904,0.18762,0.15,2131,31.5246,1.2603,0.355
2009,130,4,4,34,0,1,0,0,22.748,0.18746,0.15,2132,31.5246,2.17859,0.35499
2010,400,8,3,47,1,0,1,1,119.216,0.18731,0.15,2132,31.5246,1.16633,0.35507
2011,400,8,3,57,1,0,0,1,135.195,0.18715,0.15,2133,31.5246,1.36314,0.35498
2012,400,11,6,60,1,0,1,1,147.288,0.187,0.15,2134,31.5246,1.37787,0.35489
2013,341,11,6,53,1,0,0,1,119.77,0.18684,0.15,2135,31.5246,2.3549,0.3548
2014,400,6,6,54,0,0,1,1,142.536,0.18668,0.15,2135,31.5246,1.25371,0.3548
2015,135,2,2,36,0,0,0,0,46.179,0.18653,0.15,2135,31.5246,1.8256,0.3548
2016,400,8,3,47,1,0,0,1,119.732,0.18637,0.15,2135,31.5246,1.25071,0.3548
2017,400,5,5,59,0,0,0,1,133.688,0.18622,0.15,2136,31.5246,1.18491,0.35479
2018,400,9,4,57,1,0,1,1,141.038,0.18606,0.15,2136,31.5246,1.15715,0.35479
2019,86,2,2,38,0,1,1,0,16.496,0.18591,0.15,2136,31.5246,2.4371,0.35487
2020,400,4,4,50,0,0,0,1,104.725,0.18575,0.15,2136,31.5246,1.25499,0.35495
2021,400,9,4,58,1,0,1,1,138.085,0.1856,0.15,2136,31.5246,1.2073,0.35495
2022,400,5,5,48,0,0,1,1,110.205,0.18544,0.15,2136,31.5246,1.26316,0.35495
2023,400,14,9,100,1,0,0,1,171.629,0.18529,0.15,2136,31.5246,1.72891,0.35495
2024,400,9,4,46,1,0,0,1,118.304,0.18514,0.15,2136,31.5246,1.31014,0.35495
2025,400,9,4,53,1,0,0,1,125.779,0.18498,0.15,2136,31.5246,1.56051,0.35495
2026,400,9,4,59,1,0,0,1,139.369,0.18483,0.15,2136,31.5246,1.24203,0.35495
2027,400,5,5,52,0,0,0,1,123.537,0.18467,0.15,2136,31.5246,1.23505,0.35495
2028,79,1,1,19,0,1,0,0,7.661,0.18452,0.15,2136,31.5246,2.51909,0.35495
2029,251,9,4,47,1,1,0,0,65.3,0.18437,0.15,2138,31.5246,2.18438,0.35477
2030,400,4,4,43,0,0,0,1,97.594,0.18421,0.15,2138,31.5246,1.3066,0.35477
2031,400,5,5,68,0,0,0,1,125.745,0.18406,0.15,2139,31.5246,1.32796,0.35468
2032,400,6,6,91,0,0,0,1,151.164,0.18391,0.15,2139,31.5246,1.21133,0.35468
2033,400,4,4,55,0,0,0,1,125.067,0.18375,0.15,2140,31.5246,1.1602,0.3546
2034,400,9,4,47,1,0,0,1,104.494,0.1836,0.15,2140,31.5246,1.4249,0.3546
2035,400,9,4,55,1,0,1,1,135.339,0.18345,0.15,2140,31.5246,1.53986,0.35475
2036,400,5,5,59,0,0,0,1,138.139,0.18329,0.15,2140,31.5246,1.07791,0.35475
2037,166,3,3,40,0,0,0,0,49.744,0.18314,0.15,2141,31.5246,1.56481,0.35474
2038,400,5,5,52,0,0,0,1,127.53,0.18299,0.15,2141,31.5246,1.16308,0.35474
2039,254,3,3,50,0,0,2,0,76.413,0.18284,0.15,2142,31.5246,1.76726,0.35473
2040,400,5,5,84,0,0,0,1,147.662,0.18268,0.15,2143,31.5246,1.40303,0.35464
2041,400,11,6,68,1,0,0,1,147.801,0.18253,0.15,2143,31.5246,1.50198,0.35464
2042,400,2,2,41,0,0,0,1,103.329,0.18238,0.15,2143,31.5246,1.20898,0.35464
2043,400,4,4,54,0,0,0,1,102.844,0.18223,0.15,2143,31.5246,1.15984,0.35464
2044,400,1,1,30,0,0,0,1,42.342,0.18208,0.15,2143,31.5246,1.49842,0.35464
2045,69,1,1,16,0,1,1,0,-14.07,0.18192,0.15,2143,31.5246,2.24965,0.35464
2046,400,3,3,53,0,0,0,1,103.749,0.18177,0.15,2143,31.5246,1.21211,0.35464
2047,400,2,2,53,0,0,0,1,83.017,0.18162,0.15,2143,31.5246,1.31777,0.35464
2048,400,4,4,58,0,0,0,1,97.194,0.18147,0.15,2143,31.5246,1.38961,0.35464
2049,400,9,4,50,1,0,0,1,111.317,0.18132,0.15,2143,31.5246,1.47439,0.35472
2050,400,1,1,47,0,0,0,1,79.844,0.18117,0.15,2144,31.5246,1.15827,0.35463
2051,400,18,8,89,2,0,0,1,137.969,0.18102,0.15,2144,31.5246,1.93375,0.35463
2052,400,4,4,50,0,0,0,1,97.236,0.18087,0.15,2144,31.5246,1.27652,0.35463
2053,400,5,5,57,0,0,0,1,102.639,0.18072,0.15,2144,31.5246,1.21811,0.35463
2054,400,3,3,57,0,0,0,1,99.678,0.18056,0.15,2144,31.5246,1.40197,0.35463
2055,400,1,1,37,0,0,0,1,84.622,0.18041,0.15,2145,31.5246,1.15601,0.35455
2056,400,10,5,63,1,0,1,1,121.978,0.18026,0.15,2146,31.5246,1.39452,0.35446
2057,400,7,2,55,1,0,0,1,109.971,0.18011,0.15,2146,31.5246,1.34544,0.35446
2058,151,2,2,39,0,0,1,0,42.68,0.17996,0.15,2146,31.5246,1.82319,0.35454
2059,400,7,7,67,0,0,1,1,131.402,0.17981,0.15,2146,31.5246,1.11685,0.35454
2060,363,18,8,84,2,0,0,1,171.735,0.17966,0.15,2146,31.5246,1.57472,0.35454
2061,400,5,5,59,0,0,0,1,123.635,0.17951,0.15,2146,31.5246,1.04865,0.35454
2062,205,4,4,60,0,1,1,0,46.04,0.17936,0.15,2146,31.5246,1.51443,0.35454
2063,400,4,4,51,0,0,0,1,107.961,0.17922,0.15,2146,31.5246,1.0706,0.35454
2064,400,10,5,59,1,0,0,1,138.326,0.17907,0.15,2146,31.5246,1.22177,0.35454
2065,400,4,4,51,0,0,2,1,111.896,0.17892,0.15,2147,31.5246,1.13179,0.35445
2066,400,3,3,50,0,0,0,1,75.964,0.17877,0.15,2147,31.5246,1.34376,0.35445
2067,400,4,4,56,0,0,0,1,101.664,0.17862,0.15,2148,31.5246,1.33294,0.35436
2068,78,1,1,38,0,1,1,0,6.02,0.17847,0.15,2148,31.5246,2.36675,0.35436
2069,400,7,7,67,0,0,0,1,99.523,0.17832,0.15,2148,31.5246,1.42107,0.35436
2070,400,3,3,31,0,0,0,1,67.529,0.17817,0.15,2148,31.5246,1.22126,0.35436
2071,79,0,0,19,0,1,0,0,-4.091,0.17802,0.15,2148,31.5246,2.22006,0.35444
2072,400,5,5,50,0,0,0,1,113.798,0.17788,0.15,2148,31.5246,1.22495,0.35444
2073,242,2,2,62,0,1,1,0,45.129,0.17773,0.15,2148,31.5246,1.76326,0.35444
2074,400,2,2,62,0,0,0,1,93.35,0.17758,0.15,2148,31.5246,1.12777,0.35452
2075,203,9,4,54,1,1,1,0,52.908,0.17743,0.15,2148,31.5246,1.67544,0.35452
2076,400,5,5,59,0,0,0,1,129.835,0.17728,0.15,2148,31.5246,1.14644,0.35452
2077,205,4,4,47,0,1,1,0,43.051,0.17714,0.15,2148,31.5246,1.99012,0.35452
2078,400,8,3,72,1,0,0,1,136.666,0.17699,0.15,2148,31.5246,1.1816,0.35452
2079,394,13,8,99,1,0,0,1,164.836,0.17684,0.15,2148,31.5246,1.3287,0.35452
2080,400,4,4,64,0,0,0,1,122.212,0.17669,0.15,2148,31.5246,1.08516,0.35459
2081,400,3,3,41,0,0,0,1,93.448,0.17655,0.15,2148,31.5246,1.0367,0.35459
2082,166,5,5,35,0,1,0,0,37.839,0.1764,0.15,2148,31.5246,1.96067,0.35459
2083,400,8,3,42,1,0,0,1,100.037,0.17625,0.15,2148,31.5246,1.28344,0.35459
2084,400,5,5,51,0,0,0,1,100.584,0.17611,0.15,2148,31.5246,1.19574,0.35459
2085,155,3,3,26,0,0,0,0,36.273,0.17596,0.15,2148,31.5246,1.69687,0.35459
2086,400,2,2,52,0,0,0,1,89.37,0.17581,0.15,2148,31.5246,1.08687,0.35459
2087,400,10,5,73,1,0,0,1,106.974,0.17567,0.15,2148,31.5246,1.46753,0.35459
2088,400,2,2,44,0,0,0,1,82.649,0.17552,0.15,2148,31.5246,1.26521,0.35459
2089,400,4,4,54,0,0,0,1,83.728,0.17537,0.15,2148,31.5246,1.21376,0.35459
2090,249,1,1,35,0,1,1,0,-0.082,0.17523,0.15,2148,31.5246,1.55565,0.35459
2091,400,1,1,39,0,0,0,1,65.131,0.17508,0.15,2148,31.5246,1.05277,0.35467
2092,400,11,6,67,1,0,0,1,116.076,0.17494,0.15,2148,31.5246,1.49621,0.35467
2093,400,5,5,51,0,0,0,1,98.174,0.17479,0.15,2148,31.5246,1.30553,0.35467
2094,400,1,1,29,0,0,0,1,64.181,0.17464,0.15,2148,31.5246,1.26279,0.35467
2095,328,3,3,26,0,1,0,0,4.488,0.1745,0.15,2149,31.5246,1.7722,0.35474
2096,400,3,3,42,0,0,1,1,75.092,0.17435,0.15,2149,31.5246,1.36246,0.35474
2097,400,6,6,61,0,0,1,1,133.181,0.17421,0.15,2149,31.5246,1.3195,0.35474
2098,400,4,4,61,0,0,0,1,107.51,0.17406,0.15,2149,31.5246,1.3714,0.35474
2099,400,9,4,48,1,0,1,1,123.301,0.17392,0.15,2149,31.5246,1.40336,0.35482
2100,400,6,1,27,1,0,0,1,51.355,0.17377,0.15,2149,31.5246,1.35008,0.35482
2101,97,1,1,20,0,1,1,0,-0.12,0.17363,0.15,2149,31.5246,2.27268,0.35482
2102,109,2,2,27,0,1,1,0,10.15,0.17348,0.15,2149,31.5246,1.87705,0.35482
2103,400,9,4,74,1,0,0,1,106.334,0.17334,0.15,2149,31.5246,1.6406,0.35482
2104,279,2,2,38,0,0,0,0,20.127,0.1732,0.15,2149,31.5246,1.70953,0.35482
2105,78,1,1,12,0,1,0,0,-5.493,0.17305,0.15,2149,31.5246,1.82526,0.35482
2106,400,10,5,47,1,0,0,1,96.233,0.17291,0.15,2149,31.5246,1.44179,0.35482
2107,76,0,0,20,0,1,1,0,-8.783,0.17276,0.15,2149,31.5246,2.10637,0.35482
2108,400,9,4,25,1,0,0,1,75.515,0.17262,0.15,2149,31.5246,1.34122,0.35482
2109,216,8,3,30,1,1,1,0,26.35,0.17248,0.15,2149,31.5246,2.12376,0.35482
2110,400,6,1,49,1,0,0,1,98.536,0.17233,0.15,2149,31.5246,1.13666,0.35489
2111,229,10,5,47,1,1,1,0,39.508,0.17219,0.15,2149,31.5246,1.71333,0.35489
2112,230,3,3,44,0,1,1,0,26.032,0.17204,0.15,2149,31.5246,1.63282,0.35489
2113,400,6,6,52,0,0,1,1,65.672,0.1719,0.15,2150,31.5246,1.38644,0.35488
2114,400,8,3,50,1,0,0,1,78.698,0.17176,0.15,2151,31.5246,1.39707,0.3548
2115,400,14,4,38,2,0,2,1,95.909,0.17162,0.15,2152,31.5246,1.60403,0.35471
2116,400,3,3,38,0,0,0,1,72.969,0.17147,0.15,2152,31.5246,1.09269,0.35471
2117,400,5,5,48,0,0,0,1,75.126,0.17133,0.15,2152,31.5246,1.16362,0.35471
2118,400,10,5,49,1,0,1,1,101.605,0.17119,0.15,2152,31.5246,1.29134,0.35479
2119,400,10,5,44,1,0,0,1,108.514,0.17104,0.15,2152,31.5246,1.55688,0.35479
2120,400,9,4,36,1,0,0,1,94.363,0.1709,0.15,2152,31.5246,1.50411,0.35486
2121,400,5,5,49,0,0,0,1,89.175,0.17076,0.15,2152,31.5246,1.28521,0.35486
2122,400,4,4,48,0,0,0,1,85.199,0.17062,0.15,2153,31.5246,1.36446,0.35478
2123,358,9,4,49,1,0,0,1,103.185,0.17047,0.15,2154,31.5246,1.53409,0.35469
2124,400,3,3,39,0,0,0,1,52.368,0.17033,0.15,2156,31.5246,1.62806,0.35451
2125,400,9,4,42,1,0,1,1,109.974,0.17019,0.15,2157,31.5246,1.52588,0.35443
2126,400,7,2,41,1,0,1,1,96.229,0.17005,0.15,2157,31.5246,1.36047,0.35443
2127,400,14,4,46,2,0,0,1,120.738,0.16991,0.15,2157,31.5246,1.53083,0.35443
2128,400,6,6,51,0,0,0,1,92.733,0.16977,0.15,2157,31.5246,1.32006,0.35458
2129,400,9,4,39,1,0,0,1,87.582,0.16962,0.15,2157,31.5246,1.40834,0.35458
2130,350,8,3,64,1,0,1,1,94.179,0.16948,0.15,2157,31.5246,1.59146,0.35458
2131,400,6,6,43,0,0,0,1,77.462,0.16934,0.15,2157,31.5246,1.44091,0.35458
2132,400,1,1,38,0,0,1,1,77.815,0.1692,0.15,2157,31.5246,1.31362,0.35458
2133,400,7,7,51,0,0,0,1,130.193,0.16906,0.15,2157,31.5246,1.31993,0.35466
2134,145,1,1,20,0,1,2,0,1.415,0.16892,0.15,2157,31.5246,2.27782,0.35466
2135,400,11,6,57,1,0,0,1,125.392,0.16878,0.15,2157,31.5246,1.58267,0.35466
2136,207,2,2,33,0,1,0,0,36.163,0.16864,0.15,2157,31.5246,1.51359,0.35474
2137,400,9,4,57,1,0,0,1,126.728,0.1685,0.15,2157,31.5246,1.29126,0.35474
2138,400,11,6,62,1,0,0,1,129.505,0.16836,0.15,2158,31.5246,1.38614,0.35465
2139,298,4,4,45,0,0,0,0,73.476,0.16822,0.15,2159,31.5246,1.57169,0.35456
2140,400,5,5,49,0,0,0,1,106.992,0.16808,0.15,2159,31.5246,1.1777,0.35456
2141,400,9,4,77,1,0,0,1,132.913,0.16794,0.15,2159,31.5246,1.47774,0.35456
2142,400,4,4,51,0,0,1,1,98.57,0.1678,0.15,2159,31.5246,1.16926,0.35456
2143,400,9,4,62,1,0,0,1,94.375,0.16766,0.15,2159,31.5246,1.54031,0.35456
2144,400,2,2,48,0,0,0,1,66.927,0.16752,0.15,2159,31.5246,1.04391,0.35456
2145,400,8,3,46,1,0,1,1,110.79,0.16738,0.15,2160,31.5246,1.22341,0.35448
2146,400,11,6,94,1,0,0,1,155.884,0.16724,0.15,2160,31.5246,1.48767,0.35448
2147,195,4,4,45,0,1,0,0,30.71,0.1671,0.15,2160,31.5246,1.64634,0.35448
2148,400,16,6,71,2,0,0,1,125.402,0.16696,0.15,2160,31.5246,1.72763,0.35448
2149,400,2,2,51,0,0,0,1,98.443,0.16682,0.15,2160,31.5246,1.24384,0.35448
2150,319,3,3,50,0,0,0,0,70.136,0.16668,0.15,2160,31.5246,1.47496,0.35448
2151,400,4,4,57,0,0,0,1,125.517,0.16654,0.15,2160,31.5246,1.23582,0.35448
2152,400,4,4,38,0,0,1,1,101.257,0.1664,0.15,2160,31.5246,1.2441,0.35448
2153,400,5,0,34,1,0,1,1,99.329,0.16627,0.15,2162,31.5246,1.34482,0.3543
2154,400,4,4,49,0,0,1,1,97.96,0.16613,0.15,2162,31.5246,1.35853,0.3543
2155,400,7,2,52,1,0,2,1,119.569,0.16599,0.15,2162,31.5246,1.36377,0.3543
2156,400,5,5,44,0,0,0,1,97.292,0.16585,0.15,2162,31.5246,1.149,0.3543
2157,400,4,4,56,0,0,0,1,115.359,0.16571,0.15,2162,31.5246,1.17109,0.3543
2158,400,13,3,37,2,0,0,1,96.552,0.16557,0.15,2162,31.5246,1.50441,0.35446
2159,400,9,4,67,1,0,0,1,144.185,0.16544,0.15,2162,31.5246,1.27318,0.35446
2160,400,2,2,48,0,0,0,1,81.838,0.1653,0.15,2162,31.5246,1.16564,0.35446
2161,400,4,4,58,0,0,0,1,126.347,0.16516,0.15,2162,31.5246,1.06088,0.35446
2162,287,5,5,52,0,0,0,0,91.723,0.16502,0.15,2162,31.5246,1.60622,0.35453
2163,400,4,4,46,0,0,0,1,115.464,0.16489,0.15,2162,31.5246,1.2616,0.35453
2164,284,5,5,40,0,1,1,0,31.403,0.16475,0.15,2162,31.5246,2.02564,0.35453
2165,55,1,1,16,0,1,0,0,-3.426,0.16461,0.15,2162,31.5246,3.17802,0.35461
2166,158,1,1,20,0,0,0,0,31.122,0.16447,0.15,2162,31.5246,1.50375,0.35461
2167,400,9,4,50,1,0,0,1,114.454,0.16434,0.15,2162,31.5246,1.4525,0.35469
2168,265,5,5,45,0,1,0,0,51.397,0.1642,0.15,2162,31.5246,1.99747,0.35469
2169,400,2,2,43,0,0,0,1,91.9,0.16406,0.15,2163,31.5246,1.45157,0.3546
2170,400,8,3,50,1,0,1,1,114.894,0.16393,0.15,2163,31.5246,1.42799,0.3546
2171,400,4,4,46,0,0,0,1,113.842,0.16379,0.15,2163,31.5246,1.19363,0.3546
2172,400,3,3,55,0,0,1,1,125.186,0.16365,0.15,2163,31.5246,1.25413,0.3546
2173,400,1,1,39,0,0,0,1,80.893,0.16352,0.15,2163,31.5246,1.36132,0.3546
2174,400,8,3,45,1,0,1,1,118.412,0.16338,0.15,2163,31.5246,1.28543,0.3546
2175,276,4,4,46,0,1,1,0,55.626,0.16325,0.15,2163,31.5246,1.55603,0.3546
2176,221,2,2,37,0,1,0,0,33.543,0.16311,0.15,2163,31.5246,1.71357,0.3546
2177,400,6,6,47,0,0,0,1,129.735,0.16297,0.15,2163,31.5246,1.18333,0.3546
2178,289,15,5,49,2,0,0,1,129.774,0.16284,0.15,2163,31.5246,1.84994,0.3546
2179,400,2,2,44,0,0,0,1,99.914,0.1627,0.15,2163,31.5246,1.16989,0.3546
2180,159,2,2,42,0,1,0,0,35.062,0.16257,0.15,2163,31.5246,1.82268,0.3546
2181,400,3,3,46,0,0,0,1,119.042,0.16243,0.15,2163,31.5246,1.34894,0.3546
2182,176,4,4,34,0,0,1,0,57.51,0.1623,0.15,2163,31.5246,1.61222,0.35468
2183,400,3,3,54,0,0,0,1,109.382,0.16216,0.15,2164,31.5246,1.32231,0.35467
2184,125,3,3,40,0,1,0,0,39.852,0.16203,0.15,2164,31.5246,2.16423,0.35467
2185,400,9,4,44,1,0,0,1,110.46,0.16189,0.15,2164,31.5246,1.31198,0.35467
2186,48,1,1,20,0,1,0,0,-1.371,0.16176,0.15,2164,31.5246,3.14098,0.35467
2187,141,0,0,28,0,1,1,0,-3.582,0.16162,0.15,2164,31.5246,1.88673,0.35467
2188,249,2,2,37,0,0,0,0,45.037,0.16149,0.15,2165,31.5246,1.574,0.35458
2189,400,3,3,39,0,0,0,1,77.324,0.16135,0.15,2165,31.5246,1.25344,0.35458
2190,400,4,4,58,0,0,0,1,95.606,0.16122,0.15,2165,31.5246,1.18297,0.35466
2191,400,9,4,67,1,0,0,1,118.414,0.16108,0.15,2165,31.5246,1.23093,0.35466
2192,112,2,2,27,0,0,0,0,33.737,0.16095,0.15,2165,31.5246,1.64803,0.35466
2193,400,12,7,83,1,0,1,1,165.032,0.16082,0.15,2165,31.5246,1.41478,0.35466
2194,400,10,5,57,1,0,0,1,135.954,0.16068,0.15,2166,31.5246,1.26786,0.35465
2195,400,9,4,64,1,0,2,1,151.414,0.16055,0.15,2166,31.5246,1.26551,0.35472
2196,226,10,5,46,1,1,0,0,72.628,0.16041,0.15,2166,31.5246,1.80805,0.35472
2197,272,6,6,52,0,0,0,1,105.501,0.16028,0.15,2166,31.5246,1.31218,0.35472
2198,143,2,2,41,0,1,0,0,25.372,0.16015,0.15,2166,31.5246,1.43089,0.35472
2199,310,13,3,71,2,0,1,1,158.229,0.16001,0.15,2166,31.5246,1.54521,0.35472
2200,320,9,4,79,1,0,0,1,153.738,0.15988,0.15,2167,31.5246,1.41909,0.35464
2201,400,4,4,49,0,0,0,1,124.819,0.15975,0.15,2167,31.5246,1.15435,0.35464
2202,400,5,5,46,0,0,0,1,114.869,0.15961,0.15,2167,31.5246,1.06384,0.35464
2203,400,2,2,54,0,0,0,1,115.53,0.15948,0.15,2168,31.5246,1.3415,0.35455
2204,400,13,8,79,1,0,0,1,140.727,0.15935,0.15,2169,31.5246,1.53137,0.35446
2205,400,3,3,65,0,0,0,1,98.676,0.15921,0.15,2170,31.5246,1.41072,0.35438
2206,400,4,4,56,0,0,0,1,98.78,0.15908,0.15,2170,31.5246,1.34677,0.35445
2207,226,10,5,45,1,1,0,0,72.265,0.15895,0.15,2170,31.5246,1.79183,0.35445
2208,400,7,7,61,0,0,0,1,103.325,0.15882,0.15,2170,31.5246,1.43922,0.35445
2209,400,8,3,40,1,0,1,1,80.926,0.15869,0.15,2170,31.5246,1.40972,0.35445
2210,172,1,1,44,0,1,1,0,35.025,0.15855,0.15,2170,31.5246,1.7915,0.35445
2211,400,11,6,63,1,0,0,1,126.6,0.15842,0.15,2170,31.5246,1.46038,0.35445
2212,400,3,3,83,0,0,0,1,135.116,0.15829,0.15,2170,31.5246,1.41749,0.35445
2213,400,10,0,38,2,0,0,1,98.961,0.15816,0.15,2170,31.5246,1.47915,0.35445
2214,400,15,5,54,2,0,2,1,140.279,0.15803,0.15,2171,31.5246,1.6681,0.35437
2215,299,4,4,61,0,1,0,0,74.484,0.15789,0.15,2171,31.5246,1.79107,0.35444
2216,400,7,2,50,1,0,0,1,125.387,0.15776,0.15,2171,31.5246,1.29798,0.35444
2217,400,6,1,42,1,0,0,1,114.565,0.15763,0.15,2171,31.5246,1.20992,0.35444
2218,400,8,8,76,0,0,0,1,133.9,0.1575,0.15,2171,31.5246,1.49067,0.35444
2219,400,7,2,42,1,0,0,1,110.469,0.15737,0.15,2171,31.5246,1.3289,0.35444
2220,400,3,3,58,0,0,0,1,110.785,0.15724,0.15,2171,31.5246,1.33972,0.35444
2221,400,5,5,54,0,0,0,1,115.272,0.15711,0.15,2171,31.5246,1.34581,0.35444
2222,400,8,3,55,1,0,0,1,128.895,0.15698,0.15,2171,31.5246,1.39332,0.35452
2223,400,9,4,56,1,0,0,1,134.943,0.15684,0.15,2171,31.5246,1.34515,0.35452
2224,400,9,4,66,1,0,0,1,150.501,0.15671,0.15,2171,31.5246,1.33461,0.35452
2225,400,2,2,47,0,0,1,1,124.076,0.15658,0.15,2172,31.5246,1.1499,0.35451
2226,400,2,2,29,0,0,0,1,77.333,0.15645,0.15,2172,31.5246,1.23917,0.35451
2227,400,9,4,55,1,0,0,1,124.451,0.15632,0.15,2172,31.5246,1.2595,0.35451
2228,400,10,5,51,1,0,1,1,102.705,0.15619,0.15,2172,31.5246,1.57454,0.35451
2229,400,4,4,37,0,0,0,1,81.484,0.15606,0.15,2172,31.5246,1.31195,0.35451
2230,400,3,3,49,0,0,0,1,102.804,0.15593,0.15,2172,31.5246,1.15402,0.35451
2231,400,4,4,58,0,0,0,1,131.439,0.1558,0.15,2172,31.5246,1.13984,0.35451
2232,278,2,2,42,0,1,1,0,47.541,0.15567,0.15,2172,31.5246,1.58515,0.35459
2233,400,4,4,51,0,0,0,1,121.187,0.15554,0.15,2172,31.5246,1.06648,0.35459
2234,400,15,5,60,2,0,0,1,130.242,0.15541,0.15,2173,31.5246,1.67338,0.3545
2235,400,5,5,51,0,0,2,1,90.313,0.15528,0.15,2173,31.5246,1.50294,0.3545
2236,400,7,2,45,1,0,0,1,96.127,0.15515,0.15,2173,31.5246,1.37029,0.3545
2237,400,10,5,65,1,0,1,1,117.696,0.15503,0.15,2173,31.5246,1.53587,0.3545
2238,205,9,4,50,1,1,2,0,62.26,0.1549,0.15,2173,31.5246,2.07546,0.3545
2239,292,7,2,42,1,1,1,0,50.603,0.15477,0.15,2173,31.5246,1.95898,0.3545
2240,173,3,3,42,0,1,1,0,33.284,0.15464,0.15,2174,31.5246,1.62512,0.35442
2241,400,17,7,75,2,0,0,1,153.248,0.15451,0.15,2174,31.5246,1.65411,0.35442
2242,400,3,3,46,0,0,0,1,105.97,0.15438,0.15,2175,31.5246,1.31896,0.35441
2243,80,2,2,23,0,1,1,0,-4.805,0.15425,0.15,2175,31.5246,2.52409,0.35441
2244,400,2,2,49,0,0,0,1,110.19,0.15412,0.15,2175,31.5246,1.22226,0.35441
2245,400,10,5,50,1,0,0,1,128.393,0.154,0.15,2175,31.5246,1.40199,0.35441
2246,163,0,0,29,0,1,0,0,12.397,0.15387,0.15,2175,31.5246,1.75853,0.35441
2247,400,3,3,45,0,0,1,1,92.962,0.15374,0.15,2175,31.5246,1.11461,0.35441
2248,400,8,3,43,1,0,1,1,82.913,0.15361,0.15,2176,31.5246,1.26031,0.35432
2249,400,7,2,44,1,0,0,1,90.459,0.15348,0.15,2176,31.5246,1.30723,0.3544
2250,113,2,2,29,0,1,0,0,16.902,0.15335,0.15,2176,31.5246,1.93738,0.3544
2251,203,3,3,34,0,1,1,0,20.906,0.15323,0.15,2176,31.5246,1.45996,0.3544
2252,117,2,2,25,0,0,0,0,29.576,0.1531,0.15,2176,31.5246,1.70029,0.35447
2253,400,2,2,48,0,0,0,1,100.717,0.15297,0.15,2176,31.5246,1.1825,0.35447
2254,400,4,4,49,0,0,0,1,92.146,0.15284,0.15,2177,31.5246,1.30017,0.35439
2255,400,10,5,48,1,0,0,1,116.723,0.15272,0.15,2178,31.5246,1.39079,0.3543
2256,230,3,3,55,0,1,1,0,56.318,0.15259,0.15,2179,31.5246,1.70741,0.35429
2257,400,7,2,51,1,0,0,1,97.247,0.15246,0.15,2179,31.5246,1.38357,0.35429
2258,400,4,4,51,0,0,0,1,122.427,0.15234,0.15,2180,31.5246,1.14702,0.3542
2259,400,6,6,86,0,0,0,1,160.29,0.15221,0.15,2180,31.5246,1.48101,0.3542
2260,400,6,6,68,0,0,0,1,126.788,0.15208,0.15,2180,31.5246,1.54158,0.3542
2261,43,0,0,13,0,1,0,0,-14.849,0.15196,0.15,2180,31.5246,2.10414,0.3542
2262,324,4,4,49,0,0,0,0,92.97,0.15183,0.15,2180,31.5246,1.46219,0.3542
2263,400,8,3,50,1,0,0,1,138.953,0.1517,0.15,2180,31.5246,1.08721,0.3542
2264,400,4,4,60,0,0,0,1,142.277,0.15158,0.15,2180,31.5246,1.04905,0.3542
2265,400,4,4,43,0,0,0,1,110.219,0.15145,0.15,2180,31.5246,1.07242,0.3542
2266,400,0,0,33,0,0,0,1,71.229,0.15132,0.15,2181,31.5246,1.22825,0.35412
2267,169,4,4,39,0,1,1,0,26.966,0.1512,0.15,2181,31.5246,2.15412,0.35412
2268,400,2,2,49,0,0,1,1,80.566,0.15107,0.15,2182,31.5246,1.41851,0.35403
2269,400,0,0,44,0,0,0,1,74.396,0.15095,0.15,2182,31.5246,1.30576,0.35403
2270,400,3,3,30,0,0,1,1,75.959,0.15082,0.15,2183,31.5246,1.39864,0.35402
2271,400,3,3,51,0,0,0,1,99.458,0.15069,0.15,2183,31.5246,1.3952,0.35402
2272,400,9,4,55,1,0,1,1,138.874,0.15057,0.15,2183,31.5246,1.22515,0.35402
2273,400,4,4,37,0,0,0,1,97.03,0.15044,0.15,2183,31.5246,1.14138,0.35402
2274,97,1,1,22,0,1,0,0,6.699,0.15032,0.15,2183,31.5246,2.02588,0.3541
2275,400,0,0,27,0,0,0,1,54.506,0.15019,0.15,2183,31.5246,1.22518,0.3541
2276,205,2,2,40,0,1,1,0,44.97,0.15007,0.15,2183,31.5246,1.78594,0.3541
2277,400,6,1,31,1,0,0,1,104.914,0.14994,0.15,2183,31.5246,1.21062,0.35418
2278,400,10,5,74,1,0,1,1,146.19,0.14982,0.15,2183,31.5246,1.48028,0.35418
2279,400,17,7,76,2,0,0,1,160.481,0.14969,0.15,2183,31.5246,1.57379,0.35418
2280,400,3,3,47,0,0,0,1,119.955,0.14957,0.15,2183,31.5246,1.09876,0.35425
2281,400,13,3,61,2,0,0,1,157.827,0.14944,0.15,2183,31.5246,1.46521,0.35425
2282,111,2,2,40,0,1,0,0,29.926,0.14932,0.15,2183,31.5246,1.80495,0.35425
2283,109,3,3,46,0,1,0,0,34.347,0.1492,0.15,2183,31.5246,1.83921,0.35425
2284,80,0,0,23,0,1,2,0,-2.166,0.14907,0.15,2183,31.5246,2.50771,0.35425
2285,57,1,1,20,0,1,1,0,-0.676,0.14895,0.15,2183,31.5246,2.19967,0.35433
2286,400,11,6,90,1,0,0,1,162.946,0.14882,0.15,2183,31.5246,1.56295,0.35433
2287,400,6,6,53,0,0,0,1,139.041,0.1487,0.15,2183,31.5246,1.12655,0.35433
2288,400,11,6,97,1,0,0,1,191.058,0.14857,0.15,2183,31.5246,1.55778,0.35441
2289,140,3,3,42,0,0,1,0,57.251,0.14845,0.15,2183,31.5246,1.75077,0.35441
2290,350,10,5,48,1,0,0,1,119.372,0.14833,0.15,2183,31.5246,1.54447,0.35441
2291,121,2,2,30,0,1,1,0,14.9,0.1482,0.15,2183,31.5246,2.03845,0.35441
2292,400,5,5,63,0,0,0,1,140.09,0.14808,0.15,2184,31.5246,1.36044,0.3544
2293,285,7,7,56,0,0,0,1,122.565,0.14796,0.15,2184,31.5246,1.47587,0.3544
2294,281,2,2,55,0,1,0,0,74.598,0.14783,0.15,2185,31.5246,1.32722,0.35439
2295,400,11,6,49,1,0,1,1,150.463,0.14771,0.15,2185,31.5246,1.165,0.35439
2296,400,14,9,99,1,0,0,1,191.77,0.14759,0.15,2185,31.5246,1.56774,0.35439
2297,400,9,4,65,1,0,0,1,144.235,0.14746,0.15,2185,31.5246,1.56516,0.35439
2298,400,6,6,53,0,0,0,1,123.596,0.14734,0.15,2186,31.5246,1.36304,0.3543
2299,400,8,3,54,1,0,1,1,121.207,0.14722,0.15,2186,31.5246,1.43183,0.3543
2300,185,1,1,26,0,1,2,0,20.68,0.1471,0.15,2186,31.5246,1.46511,0.3543
2301,400,7,2,45,1,0,0,1,85.431,0.14697,0.15,2186,31.5246,1.34337,0.3543
2302,400,7,2,55,1,0,0,1,125.801,0.14685,0.15,2186,31.5246,1.26296,0.3543
2303,400,3,3,55,0,0,0,1,114.085,0.14673,0.15,2186,31.5246,0.98724,0.3543
2304,110,1,1,25,0,0,0,0,26.314,0.14661,0.15,2187,31.5246,1.75459,0.35437
2305,400,5,5,67,0,0,1,1,113.811,0.14648,0.15,2187,31.5246,1.37424,0.35437
2306,400,11,6,77,1,0,0,1,146.695,0.14636,0.15,2187,31.5246,1.58855,0.35437
2307,400,14,4,68,2,0,0,1,156.091,0.14624,0.15,2187,31.5246,1.5124,0.35437
2308,400,10,5,42,1,0,0,1,122.56,0.14612,0.15,2187,31.5246,1.34177,0.35437
2309,400,5,5,41,0,0,0,1,103.026,0.146,0.15,2187,31.5246,1.17486,0.35437
2310,397,16,6,97,2,0,0,1,142.382,0.14588,0.15,2187,31.5246,1.73144,0.35437
2311,400,11,6,60,1,0,0,1,125.315,0.14575,0.15,2187,31.5246,1.76201,0.35437
2312,400,2,2,50,0,0,0,1,102.424,0.14563,0.15,2187,31.5246,1.03628,0.35437
2313,400,5,5,58,0,0,0,1,117.389,0.14551,0.15,2187,31.5246,1.08339,0.35437
2314,400,8,8,64,0,0,0,1,105.081,0.14539,0.15,2187,31.5246,1.40452,0.35437
2315,400,2,2,49,0,0,0,1,83.523,0.14527,0.15,2187,31.5246,1.26882,0.35437
2316,131,1,1,32,0,1,0,0,15.092,0.14515,0.15,2187,31.5246,1.55224,0.35437
2317,400,2,2,44,0,0,0,1,75.754,0.14503,0.15,2187,31.5246,1.25154,0.35437
2318,57,1,1,29,0,1,1,0,-5.248,0.14491,0.15,2187,31.5246,2.47769,0.35437
2319,400,7,2,51,1,0,1,1,100.746,0.14479,0.15,2187,31.5246,1.46051,0.35437
2320,400,4,4,43,0,0,0,1,85.176,0.14467,0.15,2187,31.5246,1.28543,0.35437
2321,400,3,3,56,0,0,1,1,91.087,0.14454,0.15,2187,31.5246,1.28184,0.35437
2322,400,4,4,51,0,0,0,1,111.305,0.14442,0.15,2187,31.5246,1.17788,0.35437
2323,200,3,3,51,0,1,1,0,37.01,0.1443,0.15,2187,31.5246,2.15582,0.35437
2324,263,9,4,59,1,1,1,0,65.551,0.14418,0.15,2187,31.5246,1.89461,0.35437
2325,400,2,2,47,0,0,0,1,81.788,0.14406,0.15,2187,31.5246,1.08807,0.35437
2326,400,15,5,74,2,0,1,1,164.207,0.14394,0.15,2187,31.5246,1.61569,0.35437
2327,171,3,3,37,0,1,1,0,34.175,0.14382,0.15,2187,31.5246,2.07109,0.35452
2328,400,3,3,47,0,0,1,1,112.489,0.1437,0.15,2187,31.5246,1.22262,0.35452
2329,226,4,4,43,0,1,0,0,42.229,0.14358,0.15,2187,31.5246,1.74805,0.35452
2330,400,13,3,56,2,0,0,1,137.029,0.14346,0.15,2187,31.5246,1.50151,0.35452
2331,400,4,4,31,0,0,0,1,95.284,0.14335,0.15,2187,31.5246,1.04587,0.35452
2332,400,5,5,52,0,0,0,1,110.423,0.14323,0.15,2187,31.5246,1.29319,0.35452
2333,400,4,4,52,0,0,0,1,78.644,0.14311,0.15,2187,31.5246,1.34304,0.35452
2334,400,10,5,46,1,0,1,1,126.434,0.14299,0.15,2189,31.5246,1.3635,0.35442
2335,400,5,0,47,1,0,0,1,106.654,0.14287,0.15,2189,31.5246,1.24546,0.35442
2336,49,0,0,19,0,1,1,0,-6.28,0.14275,0.15,2189,31.5246,2.82497,0.35442
2337,400,9,9,67,0,0,0,1,138.632,0.14263,0.15,2190,31.5246,1.52442,0.35434
2338,400,3,3,52,0,0,1,1,115.768,0.14251,0.15,2190,31.5246,1.05305,0.35434
2339,388,12,7,70,1,1,1,0,111.059,0.14239,0.15,2190,31.5246,1.41662,0.35441
2340,400,5,5,48,0,0,0,1,108.528,0.14227,0.15,2190,31.5246,1.24224,0.35441
2341,400,2,2,37,0,0,1,1,54.907,0.14216,0.15,2190,31.5246,1.25723,0.35441
2342,400,10,5,60,1,0,0,1,145.627,0.14204,0.15,2190,31.5246,1.27268,0.35441
2343,400,12,7,56,1,0,0,1,145.633,0.14192,0.15,2190,31.5246,1.19704,0.35441
2344,400,5,5,41,0,0,0,1,114.595,0.1418,0.15,2190,31.5246,1.22605,0.35441
2345,400,7,7,89,0,0,0,1,154.762,0.14168,0.15,2190,31.5246,1.33145,0.35441
2346,400,3,3,49,0,0,0,1,115.691,0.14156,0.15,2190,31.5246,0.98325,0.35441
2347,150,1,1,24,0,0,0,0,36.283,0.14145,0.15,2190,31.5246,1.29013,0.35441
2348,400,10,5,57,1,0,0,1,134.94,0.14133,0.15,2190,31.5246,1.37758,0.35441
2349,400,10,5,50,1,0,0,1,142.608,0.14121,0.15,2190,31.5246,1.29898,0.35441
2350,400,4,4,48,0,0,0,1,105.168,0.14109,0.15,2191,31.5246,1.4611,0.35433
2351,400,8,3,47,1,0,0,1,108.748,0.14098,0.15,2191,31.5246,1.25352,0.35433
2352,400,3,3,57,0,0,0,1,98.41,0.14086,0.15,2194,31.5246,1.30229,0.35407
2353,400,4,4,61,0,0,2,1,141.261,0.14074,0.15,2194,31.5246,1.02282,0.35407
2354,239,3,3,49,0,0,0,0,73.993,0.14062,0.15,2194,31.5246,1.45435,0.35407
2355,236,1,1,54,0,1,1,0,48.407,0.14051,0.15,2194,31.5246,1.55685,0.35407
2356,400,7,2,59,1,0,0,1,125.836,0.14039,0.15,2194,31.5246,1.35948,0.35407
2357,400,5,5,57,0,0,0,1,126.183,0.14027,0.15,2195,31.5246,1.08671,0.35399
2358,78,2,2,25,0,1,1,0,6.177,0.14016,0.15,2195,31.5246,2.16465,0.35399
2359,400,5,5,56,0,0,0,1,112.804,0.14004,0.15,2196,31.5246,1.17309,0.3539
2360,98,3,3,28,0,1,1,0,18.242,0.13992,0.15,2196,31.5246,2.43554,0.3539
2361,400,6,6,50,0,0,0,1,101.284,0.13981,0.15,2196,31.5246,1.56123,0.3539
2362,400,4,4,52,0,0,0,1,90.081,0.13969,0.15,2196,31.5246,1.26629,0.3539
2363,400,8,3,51,1,0,1,1,117.296,0.13957,0.15,2197,31.5246,1.37714,0.35397
2364,400,10,5,64,1,0,0,1,144.733,0.13946,0.15,2198,31.5246,1.24345,0.35388
2365,90,1,1,33,0,1,0,0,8.824,0.13934,0.15,2198,31.5246,1.90819,0.35388
2366,210,6,6,54,0,1,1,0,52.408,0.13922,0.15,2198,31.5246,2.00099,0.35388
2367,400,4,4,55,0,0,0,1,120.248,0.13911,0.15,2198,31.5246,1.04024,0.35388
2368,400,2,2,46,0,0,0,1,108.312,0.13899,0.15,2198,31.5246,0.94081,0.35388
2369,313,8,3,55,1,0,0,1,92.463,0.13888,0.15,2198,31.5246,1.45557,0.35388
2370,223,2,2,71,0,1,2,0,48.592,0.13876,0.15,2198,31.5246,1.42587,0.35388
2371,400,3,3,59,0,0,0,1,111.776,0.13865,0.15,2198,31.5246,0.89624,0.35388
2372,400,4,4,44,0,0,0,1,112.871,0.13853,0.15,2199,31.5246,1.11222,0.35387
2373,400,7,2,29,1,0,1,1,102.473,0.13841,0.15,2199,31.5246,1.03193,0.35387
2374,400,11,6,51,1,0,0,1,132.408,0.1383,0.15,2199,31.5246,1.13313,0.35387
2375,400,2,2,39,0,0,0,1,86.68,0.13818,0.15,2199,31.5246,1.50541,0.35387
2376,72,2,2,13,0,1,0,0,-11.193,0.13807,0.15,2199,31.5246,2.61205,0.35387
2377,69,1,1,18,0,1,1,0,-10.531,0.13795,0.15,2200,31.5246,3.33904,0.35386
2378,400,6,6,41,0,0,0,1,111.42,0.13784,0.15,2200,31.5246,1.09806,0.35386
2379,113,1,1,22,0,1,1,0,-5.003,0.13772,0.15,2201,31.5246,2.16714,0.35385
2380,400,3,3,51,0,0,0,1,102.864,0.13761,0.15,2203,31.5246,1.04437,0.35368
2381,400,4,4,46,0,0,0,1,123.727,0.1375,0.15,2203,31.5246,1.10072,0.35368
2382,400,8,3,55,1,0,1,1,112.512,0.13738,0.15,2203,31.5246,1.33469,0.35368
2383,400,4,4,33,0,0,0,1,90.946,0.13727,0.15,2205,31.5246,1.12152,0.35359
2384,400,12,7,56,1,0,0,1,127.452,0.13715,0.15,2205,31.5246,1.45995,0.35359
2385,400,2,2,33,0,0,0,1,65.562,0.13704,0.15,2205,31.5246,1.13856,0.35359
2386,307,3,3,59,0,0,0,1,84.368,0.13692,0.15,2205,31.5246,1.42424,0.35359
2387,400,2,2,56,0,0,0,1,106.82,0.13681,0.15,2205,31.5246,1.05091,0.35359
2388,82,1,1,30,0,1,0,0,-1.486,0.1367,0.15,2205,31.5246,2.63426,0.35367
2389,400,4,4,60,0,0,0,1,117.761,0.13658,0.15,2205,31.5246,1.31661,0.35382
2390,400,5,5,50,0,0,1,1,104.374,0.13647,0.15,2205,31.5246,1.09313,0.35397
2391,177,4,4,52,0,1,0,0,42.614,0.13635,0.15,2205,31.5246,1.87023,0.35397
2392,314,7,7,63,0,0,0,1,100.95,0.13624,0.15,2205,31.5246,1.35714,0.35397
2393,400,13,8,58,1,0,0,1,117.75,0.13613,0.15,2205,31.5246,1.24602,0.35397
2394,400,3,3,48,0,0,0,1,78.853,0.13601,0.15,2205,31.5246,1.14284,0.35404
2395,400,10,5,56,1,0,0,1,125.132,0.1359,0.15,2207,31.5246,1.37578,0.35387
2396,400,18,8,84,2,0,0,1,140.568,0.13579,0.15,2207,31.5246,1.73081,0.35387
2397,192,3,3,36,0,0,0,0,34.035,0.13567,0.15,2207,31.5246,1.94935,0.35387
2398,206,2,2,40,0,1,0,0,24.676,0.13556,0.15,2208,31.5246,1.60684,0.35379
2399,400,3,3,61,0,0,0,1,107.487,0.13545,0.15,2208,31.5246,1.26975,0.35379
2400,400,10,5,55,1,0,0,1,110.72,0.13534,0.15,2208,31.5246,1.37817,0.35379
2401,400,8,8,85,0,0,0,1,125.098,0.13522,0.15,2209,31.5246,1.31666,0.3537
2402,400,5,5,50,0,0,0,1,110.707,0.13511,0.15,2209,31.5246,1.18449,0.3537
2403,400,9,4,33,1,0,0,1,80.694,0.135,0.15,2209,31.5246,1.50239,0.3537
2404,76,1,1,12,0,0,0,0,16.162,0.13488,0.15,2209,31.5246,2.02162,0.35378
2405,134,1,1,39,0,1,1,0,13.903,0.13477,0.15,2209,31.5246,1.59299,0.35378
2406,400,8,3,23,1,0,0,1,75.576,0.13466,0.15,2209,31.5246,1.49277,0.35378
2407,400,3,3,31,0,0,0,1,65.24,0.13455,0.15,2211,31.5246,1.13469,0.35361
2408,391,10,5,67,1,0,0,1,123.638,0.13444,0.15,2212,31.5246,1.38669,0.35353
2409,383,11,6,63,1,0,0,1,140.192,0.13432,0.15,2212,31.5246,1.31551,0.35353
2410,400,4,4,45,0,0,1,1,107.591,0.13421,0.15,2213,31.5246,1.16336,0.35344
2411,400,3,3,70,0,0,0,1,108.229,0.1341,0.15,2214,31.5246,0.92523,0.35343
2412,400,2,2,53,0,0,0,1,85.482,0.13399,0.15,2214,31.5246,1.04589,0.35343
2413,400,5,5,50,0,0,0,1,108.191,0.13388,0.15,2214,31.5246,1.02079,0.35343
2414,400,6,6,48,0,0,0,1,122.065,0.13377,0.15,2214,31.5246,1.0114,0.35343
2415,400,4,4,51,0,0,0,1,112.956,0.13365,0.15,2215,31.5246,1.1939,0.35335
2416,145,4,4,46,0,0,0,0,61.357,0.13354,0.15,2215,31.5246,1.61729,0.35335
2417,400,13,8,87,1,0,0,1,182.773,0.13343,0.15,2215,31.5246,1.44971,0.35335
2418,382,14,9,85,1,0,0,1,174.168,0.13332,0.15,2215,31.5246,1.51713,0.35335
2419,400,5,5,60,0,0,1,1,137.401,0.13321,0.15,2216,31.5246,1.09284,0.35326
2420,400,9,4,53,1,0,0,1,156.019,0.1331,0.15,2217,31.5246,1.25102,0.35318
2421,65,1,1,30,0,1,1,0,2.137,0.13299,0.15,2217,31.5246,2.22817,0.35318
2422,400,7,7,57,0,0,1,1,136.707,0.13288,0.15,2217,31.5246,1.23636,0.35318
2423,400,3,3,64,0,0,0,1,104.14,0.13277,0.15,2217,31.5246,1.41619,0.35318
2424,157,1,1,42,0,1,0,0,24.444,0.13266,0.15,2217,31.5246,1.63083,0.35326
2425,62,1,1,23,0,1,0,0,0.445,0.13254,0.15,2217,31.5246,3.06364,0.35326
2426,78,3,3,26,0,1,1,0,9.401,0.13243,0.15,2217,31.5246,1.86049,0.35326
2427,59,1,1,17,0,1,0,0,-11.236,0.13232,0.15,2217,31.5246,3.20987,0.35326
2428,138,7,2,30,1,1,0,0,30.493,0.13221,0.15,2217,31.5246,1.74401,0.35326
2429,400,9,4,51,1,0,1,1,103.052,0.1321,0.15,2217,31.5246,1.39656,0.35326
2430,400,12,7,79,1,0,0,1,133.66,0.13199,0.15,2217,31.5246,1.85161,0.35326
2431,400,8,3,32,1,0,0,1,90.591,0.13188,0.15,2217,31.5246,1.35778,0.35326
2432,400,10,5,55,1,0,0,1,139.633,0.13177,0.15,2217,31.5246,1.14855,0.35326
2433,400,4,4,64,0,0,0,1,128.505,0.13166,0.15,2217,31.5246,1.15307,0.35326
2434,400,6,6,82,0,0,0,1,134.006,0.13155,0.15,2219,31.5246,1.38278,0.35309
2435,99,2,2,35,0,1,1,0,16.188,0.13145,0.15,2220,31.5246,2.30506,0.353
2436,226,2,2,60,0,1,1,0,49.549,0.13134,0.15,2220,31.5246,1.8963,0.353
2437,400,7,2,52,1,0,0,1,129.029,0.13123,0.15,2220,31.5246,1.20319,0.35308
2438,247,5,5,49,0,0,0,0,61.068,0.13112,0.15,2220,31.5246,1.59305,0.35308
2439,400,9,4,53,1,0,0,1,98.946,0.13101,0.15,2220,31.5246,1.68114,0.35308
2440,73,2,2,19,0,1,2,0,-2.956,0.1309,0.15,2220,31.5246,2.58205,0.35308
2441,400,9,4,41,1,0,0,1,113.387,0.13079,0.15,2220,31.5246,1.14789,0.35308
2442,400,8,3,60,1,0,0,1,125.355,0.13068,0.15,2220,31.5246,1.32908,0.35308
2443,400,9,4,46,1,0,0,1,126.081,0.13057,0.15,2220,31.5246,1.23556,0.35308
2444,41,0,0,12,0,1,0,0,-18.005,0.13046,0.15,2221,31.5246,4.05655,0.35299
2445,400,5,5,47,0,0,0,1,124.877,0.13035,0.15,2221,31.5246,1.16668,0.35299
2446,400,9,4,43,1,0,0,1,131.348,0.13025,0.15,2221,31.5246,1.32604,0.35299
2447,400,3,3,44,0,0,0,1,87.944,0.13014,0.15,2221,31.5246,1.13874,0.35299
2448,400,8,3,49,1,0,1,1,96.518,0.13003,0.15,2221,31.5246,1.45531,0.35299
2449,400,6,1,48,1,0,0,1,113.361,0.12992,0.15,2221,31.5246,1.23468,0.35299
2450,400,3,3,41,0,0,1,1,95.909,0.12981,0.15,2222,31.5246,1.04682,0.35291
2451,125,1,1,27,0,1,0,0,5.119,0.1297,0.15,2223,31.5246,2.01752,0.35283
2452,400,12,7,70,1,0,0,1,92.64,0.1296,0.15,2223,31.5246,1.61543,0.3529
2453,400,9,4,59,1,0,0,1,129.105,0.12949,0.15,2223,31.5246,1.15523,0.3529
2454,400,3,3,52,0,0,0,1,100.843,0.12938,0.15,2224,31.5246,0.98174,0.35282
2455,400,3,3,45,0,0,0,1,82.04,0.12927,0.15,2225,31.5246,1.15679,0.35273
2456,400,4,4,43,0,0,0,1,77.271,0.12916,0.15,2225,31.5246,1.15955,0.35273
2457,400,11,6,61,1,0,0,1,76.1,0.12906,0.15,2225,31.5246,1.49118,0.35273
2458,400,2,2,41,0,0,0,1,48.178,0.12895,0.15,2225,31.5246,1.27312,0.35273
2459,400,3,3,37,0,0,0,1,52.95,0.12884,0.15,2225,31.5246,1.12333,0.35273
2460,400,3,3,53,0,0,1,1,122.005,0.12873,0.15,2225,31.5246,0.97857,0.35273
2461,400,11,6,68,1,0,0,1,125.73,0.12863,0.15,2225,31.5246,1.5497,0.35273
2462,400,4,4,44,0,0,0,1,107.74,0.12852,0.15,2225,31.5246,1.24011,0.35273
2463,400,7,2,49,1,0,0,1,115.366,0.12841,0.15,2226,31.5246,1.41477,0.35265
2464,400,3,3,42,0,0,0,1,114.815,0.12831,0.15,2226,31.5246,1.1208,0.35265
2465,400,11,6,66,1,0,0,1,128.9,0.1282,0.15,2226,31.5246,1.45978,0.35265
2466,400,3,3,35,0,0,0,1,55.632,0.12809,0.15,2226,31.5246,1.26747,0.35265
2467,354,1,1,37,0,1,2,0,-2.135,0.12799,0.15,2226,31.5246,1.64883,0.35265
2468,400,2,2,38,0,0,1,1,82.933,0.12788,0.15,2227,31.5246,1.30024,0.35257
2469,197,2,2,43,0,1,1,0,40.384,0.12777,0.15,2227,31.5246,1.90341,0.35257
2470,400,4,4,40,0,0,0,1,109.852,0.12767,0.15,2227,31.5246,1.13718,0.35257
2471,400,9,4,78,1,0,0,1,162.247,0.12756,0.15,2227,31.5246,1.29916,0.35257
2472,400,2,2,50,0,0,1,1,103.74,0.12745,0.15,2227,31.5246,1.39682,0.35257
2473,267,2,2,43,0,1,0,0,39.256,0.12735,0.15,2227,31.5246,1.43658,0.35257
2474,400,8,3,34,1,0,0,1,122.209,0.12724,0.15,2227,31.5246,1.08617,0.35257
2475,400,3,3,50,0,0,0,1,125.078,0.12714,0.15,2229,31.5246,1.31667,0.35255
2476,400,5,5,42,0,0,0,1,101.751,0.12703,0.15,2229,31.5246,1.20924,0.35262
2477,126,3,3,36,0,1,1,0,18.812,0.12692,0.15,2229,31.5246,2.34924,0.35262
2478,159,4,4,46,0,1,1,0,33.94,0.12682,0.15,2229,31.5246,2.0211,0.3527
2479,400,12,7,84,1,0,0,1,148.87,0.12671,0.15,2229,31.5246,1.61154,0.3527
2480,400,11,6,78,1,0,0,1,122.712,0.12661,0.15,2230,31.5246,1.59028,0.35269
2481,84,1,1,17,0,1,0,0,-6.92,0.1265,0.15,2230,31.5246,2.34339,0.35277
2482,189,4,4,49,0,0,0,0,60.642,0.1264,0.15,2230,31.5246,1.92328,0.35277
2483,318,13,8,63,1,0,0,1,136.006,0.12629,0.15,2230,31.5246,1.6053,0.35277
2484,400,3,3,45,0,0,0,1,110.26,0.12619,0.15,2230,31.5246,1.06638,0.35277
2485,163,6,6,44,0,1,0,0,39.579,0.12608,0.15,2230,31.5246,1.9927,0.35277
2486,400,4,4,47,0,0,0,1,94.648,0.12598,0.15,2232,31.5246,1.25108,0.35267
2487,400,7,7,47,0,0,0,1,79.682,0.12587,0.15,2232,31.5246,1.47699,0.35267
2488,198,11,6,37,1,1,0,0,51.723,0.12577,0.15,2233,31.5246,1.6274,0.35259
2489,110,1,1,30,0,1,1,0,-2.199,0.12566,0.15,2233,31.5246,2.47698,0.35259
2490,400,3,3,52,0,0,1,1,73.078,0.12556,0.15,2233,31.5246,1.25652,0.35259
2491,400,7,2,40,1,0,0,1,64.204,0.12545,0.15,2233,31.5246,1.4761,0.35259
2492,288,10,5,49,1,0,1,0,70.726,0.12535,0.15,2233,31.5246,1.79291,0.35259
2493,190,4,4,44,0,1,2,0,36.766,0.12524,0.15,2233,31.5246,2.00487,0.35259
2494,400,4,4,37,0,0,0,1,75.589,0.12514,0.15,2233,31.5246,1.24119,0.35259
2495,400,7,2,48,1,0,0,1,119.659,0.12503,0.15,2233,31.5246,1.28223,0.35259
2496,400,9,4,60,1,0,0,1,154.509,0.12493,0.15,2233,31.5246,1.17063,0.35259
2497,400,3,3,45,0,0,0,1,130.915,0.12483,0.15,2233,31.5246,0.99474,0.35266
2498,47,2,2,15,0,1,1,0,-5.7,0.12472,0.15,2233,31.5246,2.83577,0.35266
2499,400,5,5,59,0,0,0,1,117.583,0.12462,0.15,2233,31.5246,1.28597,0.35266
2500,400,10,5,44,1,0,0,1,146.715,0.12451,0.15,2233,31.5246,1.19669,0.35266
2501,74,2,2,21,0,1,1,0,5.846,0.12441,0.15,2233,31.5246,2.16706,0.35266
2502,70,2,2,17,0,1,0,0,2.705,0.12431,0.15,2233,31.5246,2.54297,0.35266
2503,400,9,4,51,1,0,0,1,113.637,0.1242,0.15,2233,31.5246,1.54292,0.35266
2504,400,5,5,37,0,0,1,1,82.953,0.1241,0.15,2233,31.5246,1.3289,0.35266
2505,400,13,8,75,1,0,0,1,152.364,0.124,0.15,2234,31.5246,1.48921,0.35266
2506,338,15,5,50,2,0,0,1,95.261,0.12389,0.15,2234,31.5246,1.60131,0.35266
2507,376,13,3,92,2,0,1,1,164.262,0.12379,0.15,2234,31.5246,1.61254,0.35266
2508,400,14,9,88,1,0,1,1,183.656,0.12369,0.15,2234,31.5246,1.45736,0.35266
2509,276,6,6,48,0,1,2,0,68.206,0.12358,0.15,2234,31.5246,1.49081,0.35266
2510,214,4,4,65,0,1,1,0,70.197,0.12348,0.15,2234,31.5246,1.89344,0.35266
2511,107,3,3,25,0,1,0,0,-4.367,0.12338,0.15,2234,31.5246,2.07784,0.35266
2512,160,4,4,38,0,1,0,0,27.352,0.12328,0.15,2234,31.5246,1.80841,0.35266
2513,400,10,5,54,1,0,0,1,116.882,0.12317,0.15,2235,31.5246,1.35464,0.35257
2514,350,12,7,83,1,0,0,1,144.585,0.12307,0.15,2235,31.5246,1.52469,0.35257
2515,70,0,0,0,0,0,0,0,3.296,0.12297,0.15,2238,31.5246,0.62266,0.3524
2516,143,2,2,32,0,0,0,0,28.178,0.12287,0.15,2238,31.5246,1.43155,0.3524
2517,400,7,2,36,1,0,0,1,106.459,0.12276,0.15,2238,31.5246,1.18019,0.3524
2518,400,7,2,44,1,0,2,1,113.161,0.12266,0.15,2239,31.5246,1.25887,0.35261
2519,400,10,5,70,1,0,0,1,168.693,0.12256,0.15,2239,31.5246,1.34896,0.35261
2520,200,8,3,54,1,1,1,0,69.455,0.12246,0.15,2239,31.5246,2.0855,0.35261
2521,400,2,2,49,0,0,0,1,105.574,0.12235,0.15,2241,31.5246,1.22239,0.3526
2522,400,4,4,55,0,0,0,1,111.98,0.12225,0.15,2241,31.5246,1.21048,0.3526
2523,400,5,5,54,0,0,0,1,96.797,0.12215,0.15,2241,31.5246,1.0993,0.3526
2524,400,2,2,59,0,0,0,1,131.337,0.12205,0.15,2241,31.5246,0.83532,0.3526
2525,400,16,6,65,2,0,1,1,156.245,0.12195,0.15,2241,31.5246,1.7073,0.3526
2526,204,1,1,51,0,0,0,0,69.072,0.12185,0.15,2241,31.5246,1.65458,0.3526
2527,400,10,5,46,1,0,0,1,156.705,0.12174,0.15,2241,31.5246,1.09009,0.3526
2528,400,10,5,50,1,0,0,1,135.664,0.12164,0.15,2241,31.5246,1.55414,0.3526
2529,400,2,2,56,0,0,0,1,121.627,0.12154,0.15,2241,31.5246,1.12482,0.3526
2530,400,4,4,47,0,0,0,1,108.24,0.12144,0.15,2241,31.5246,1.11349,0.3526
2531,400,4,4,40,0,0,0,1,110.952,0.12134,0.15,2241,31.5246,1.13515,0.3526
2532,400,12,7,79,1,0,0,1,166.463,0.12124,0.15,2242,31.5246,1.39758,0.35251
2533,167,3,3,53,0,1,1,0,61.673,0.12114,0.15,2242,31.5246,2.1191,0.35251
2534,400,8,3,51,1,0,1,1,88.976,0.12104,0.15,2243,31.5246,1.51955,0.35243
2535,400,13,8,101,1,0,1,1,148.902,0.12094,0.15,2243,31.5246,1.73445,0.35243
2536,201,4,4,52,0,0,0,0,72.689,0.12083,0.15,2244,31.5246,1.72988,0.35235
2537,400,4,4,36,0,0,2,1,102.628,0.12073,0.15,2245,31.5246,1.02931,0.35226
2538,348,9,4,57,1,0,1,1,106.806,0.12063,0.15,2245,31.5246,1.71924,0.35234
2539,96,5,0,22,1,1,1,0,17.312,0.12053,0.15,2245,31.5246,1.47602,0.35234
2540,388,6,6,74,0,0,0,1,141.945,0.12043,0.15,2245,31.5246,1.45704,0.35234
2541,400,8,3,32,1,0,1,1,94.155,0.12033,0.15,2245,31.5246,1.28674,0.35234
2542,400,3,3,51,0,0,0,1,130.563,0.12023,0.15,2245,31.5246,0.93741,0.35234
2543,371,5,5,49,0,0,0,1,100.961,0.12013,0.15,2245,31.5246,2.23708,0.35234
2544,400,7,2,41,1,0,0,1,123.054,0.12003,0.15,2245,31.5246,1.09841,0.35234
2545,400,3,3,31,0,0,0,1,100.299,0.11993,0.15,2245,31.5246,0.84266,0.35234
2546,400,10,5,53,1,0,0,1,141.803,0.11983,0.15,2245,31.5246,1.23972,0.35234
2547,342,13,8,67,1,0,0,1,157.217,0.11973,0.15,2245,31.5246,1.66597,0.35241
2548,136,4,4,31,0,1,1,0,29.114,0.11963,0.15,2245,31.5246,1.70515,0.35241
2549,253,3,3,56,0,1,1,0,80.54,0.11953,0.15,2245,31.5246,1.75033,0.35241
2550,400,4,4,33,0,0,1,1,129.169,0.11943,0.15,2245,31.5246,1.01348,0.35241
2551,400,3,3,62,0,0,1,1,121.775,0.11933,0.15,2246,31.5246,1.16046,0.35233
2552,400,13,8,93,1,0,0,1,191.637,0.11923,0.15,2246,31.5246,1.54106,0.35233
2553,400,11,6,91,1,0,0,1,181.496,0.11913,0.15,2246,31.5246,1.28395,0.35233
2554,312,14,4,55,2,0,0,1,119.945,0.11904,0.15,2246,31.5246,1.55691,0.35233
2555,400,4,4,54,0,0,0,1,104.466,0.11894,0.15,2246,31.5246,1.20517,0.35233
2556,400,4,4,43,0,0,0,1,103.345,0.11884,0.15,2246,31.5246,1.2495,0.35248
2557,302,12,7,50,1,0,0,1,125.086,0.11874,0.15,2246,31.5246,1.72225,0.35248
2558,400,12,7,53,1,0,0,1,133.002,0.11864,0.15,2246,31.5246,1.49429,0.35248
2559,400,8,8,53,0,0,0,1,131.776,0.11854,0.15,2246,31.5246,1.18959,0.35248
2560,400,9,4,52,1,0,0,1,127.84,0.11844,0.15,2246,31.5246,1.14842,0.3527
2561,400,10,5,68,1,0,2,1,135.054,0.11834,0.15,2246,31.5246,1.45938,0.3527
2562,237,3,3,66,0,1,1,0,57.995,0.11824,0.15,2246,31.5246,1.80766,0.3527
2563,400,4,4,56,0,0,0,1,133.619,0.11815,0.15,2246,31.5246,1.10039,0.3527
2564,400,1,1,34,0,0,2,1,74.082,0.11805,0.15,2246,31.5246,1.19731,0.35278
2565,226,7,7,48,0,0,0,0,67.42,0.11795,0.15,2247,31.5246,1.8451,0.35269
2566,389,15,5,74,2,0,0,1,123.53,0.11785,0.15,2247,31.5246,1.6716,0.35269
2567,400,3,3,60,0,0,1,1,102.994,0.11775,0.15,2247,31.5246,1.09041,0.35269
2568,121,1,1,34,0,1,0,0,10.593,0.11765,0.15,2247,31.5246,1.8537,0.35277
2569,400,10,5,72,1,0,0,1,117.902,0.11756,0.15,2247,31.5246,1.51009,0.35277
2570,400,4,4,36,0,0,1,1,96.819,0.11746,0.15,2247,31.5246,1.16046,0.35284
2571,400,4,4,62,0,0,0,1,106.973,0.11736,0.15,2247,31.5246,1.01903,0.35284
2572,400,9,4,58,1,0,0,1,116.214,0.11726,0.15,2247,31.5246,1.34056,0.35284
2573,400,2,2,46,0,0,0,1,96.627,0.11717,0.15,2249,31.5246,0.99117,0.35268
2574,191,5,5,47,0,0,2,0,53.769,0.11707,0.15,2249,31.5246,1.66571,0.35268
2575,400,11,6,66,1,0,1,1,133.829,0.11697,0.15,2249,31.5246,1.21561,0.35268
2576,363,10,5,76,1,0,0,1,115.905,0.11687,0.15,2249,31.5246,1.26894,0.35268
2577,400,12,7,78,1,0,0,1,139.225,0.11678,0.15,2249,31.5246,1.45659,0.35268
2578,400,4,4,55,0,0,0,1,93.202,0.11668,0.15,2249,31.5246,1.28011,0.35268
2579,400,4,4,66,0,0,0,1,123.577,0.11658,0.15,2249,31.5246,1.06629,0.35268
2580,188,12,7,64,1,1,1,0,77.955,0.11648,0.15,2249,31.5246,1.93213,0.35268
2581,400,3,3,53,0,0,0,1,91.075,0.11639,0.15,2249,31.5246,1.15509,0.35268
2582,400,12,7,66,1,0,0,1,116.6,0.11629,0.15,2249,31.5246,1.43261,0.35268
2583,98,2,2,22,0,1,0,0,4.127,0.11619,0.15,2249,31.5246,2.06409,0.35268
2584,400,5,5,35,0,0,1,1,88.822,0.1161,0.15,2249,31.5246,1.18762,0.35268
2585,317,8,3,35,1,1,0,0,60.583,0.116,0.15,2250,31.5246,1.70356,0.35259
2586,400,6,6,54,0,0,0,1,114.199,0.1159,0.15,2250,31.5246,1.26033,0.35259
2587,400,4,4,61,0,0,2,1,143.702,0.11581,0.15,2250,31.5246,1.01805,0.35259
2588,400,3,3,52,0,0,2,1,125.773,0.11571,0.15,2250,31.5246,1.21476,0.35259
2589,172,2,2,28,0,1,1,0,43.121,0.11561,0.15,2251,31.5246,1.61663,0.35251
2590,400,10,5,52,1,0,0,1,159.23,0.11552,0.15,2251,31.5246,1.27394,0.35251
2591,400,10,5,51,1,0,0,1,148.255,0.11542,0.15,2251,31.5246,1.53346,0.35251
2592,400,4,4,51,0,0,1,1,143.206,0.11533,0.15,2251,31.5246,1.16085,0.35251
2593,400,10,5,52,1,0,0,1,157.475,0.11523,0.15,2251,31.5246,1.26366,0.35251
2594,115,3,3,32,0,1,1,0,21.812,0.11513,0.15,2251,31.5246,1.48195,0.35251
2595,64,1,1,17,0,1,1,0,-3.361,0.11504,0.15,2251,31.5246,2.22418,0.35251
2596,400,3,3,51,0,0,2,1,123.502,0.11494,0.15,2252,31.5246,0.91531,0.35243
2597,138,0,0,2,0,1,0,0,-3.118,0.11485,0.15,2254,31.5246,0.72257,0.35234
2598,400,3,3,48,0,0,0,1,114.761,0.11475,0.15,2254,31.5246,1.05309,0.35234
2599,97,2,2,18,0,1,0,0,10.904,0.11465,0.15,2254,31.5246,2.38635,0.35234
2600,400,11,6,50,1,0,0,1,151.95,0.11456,0.15,2254,31.5246,1.22689,0.35234
2601,400,9,4,40,1,0,1,1,130.475,0.11446,0.15,2254,31.5246,1.25067,0.35234
2602,289,14,4,62,2,0,1,1,135.911,0.11437,0.15,2254,31.5246,1.80775,0.35234
2603,400,3,3,72,0,0,1,1,132.671,0.11427,0.15,2254,31.5246,1.12904,0.35234
2604,400,3,3,64,0,0,0,1,138.938,0.11418,0.15,2254,31.5246,1.0501,0.35234
2605,400,9,4,37,1,0,2,1,117.515,0.11408,0.15,2254,31.5246,1.36607,0.35234
2606,400,6,1,53,1,0,0,1,104.072,0.11399,0.15,2254,31.5246,1.25551,0.35234
2607,400,2,2,31,0,0,0,1,109.177,0.11389,0.15,2254,31.5246,0.88246,0.35234
2608,400,4,4,55,0,0,0,1,102.01,0.1138,0.15,2254,31.5246,1.12712,0.35234
2609,400,3,3,34,0,0,0,1,118.08,0.1137,0.15,2254,31.5246,0.87984,0.35234
2610,355,11,6,68,1,0,0,1,115.609,0.11361,0.15,2254,31.5246,1.49218,0.35234
2611,75,1,1,8,0,1,1,0,-8.295,0.11351,0.15,2254,31.5246,1.75256,0.35234
2612,400,14,4,62,2,0,0,1,109.238,0.11342,0.15,2254,31.5246,1.59463,0.35234
2613,140,2,2,27,0,1,0,0,8.251,0.11332,0.15,2254,31.5246,1.79471,0.35234
2614,400,8,3,49,1,0,1,1,112.862,0.11323,0.15,2254,31.5246,1.22937,0.35234
2615,400,2,2,39,0,0,1,1,86.905,0.11314,0.15,2254,31.5246,1.3109,0.35234
2616,400,5,5,39,0,0,0,1,97.262,0.11304,0.15,2254,31.5246,1.2032,0.35234
2617,400,5,5,36,0,0,0,1,105.92,0.11295,0.15,2254,31.5246,1.05874,0.35234
2618,400,1,1,28,0,0,0,1,70.677,0.11285,0.15,2255,31.5246,1.19349,0.35225
2619,92,3,3,18,0,1,0,0,6.812,0.11276,0.15,2256,31.5246,2.24982,0.35217
2620,400,6,6,29,0,0,0,1,78.372,0.11267,0.15,2256,31.5246,1.06973,0.35217
2621,400,3,3,57,0,0,0,1,79.75,0.11257,0.15,2256,31.5246,1.48792,0.35217
2622,400,4,4,38,0,0,1,1,97.16,0.11248,0.15,2259,31.5246,1.02883,0.35193
2623,133,2,2,38,0,1,0,0,27.299,0.11238,0.15,2260,31.5246,2.24966,0.35184
2624,400,5,5,46,0,0,1,1,136.829,0.11229,0.15,2260,31.5246,1.27628,0.35184
2625,382,3,3,49,0,0,0,1,89.682,0.1122,0.15,2260,31.5246,1.47903,0.35184
2626,400,11,6,79,1,0,1,1,172.756,0.1121,0.15,2260,31.5246,1.5136,0.35184
2627,400,4,4,40,0,0,1,1,93.497,0.11201,0.15,2260,31.5246,1.18995,0.35184
2628,400,1,1,54,0,0,0,1,94.227,0.11192,0.15,2260,31.5246,1.2056,0.35184
2629,400,7,2,41,1,0,0,1,86.476,0.11182,0.15,2260,31.5246,1.37512,0.35184
2630,212,3,3,20,0,1,0,0,32.41,0.11173,0.15,2261,31.5246,1.40592,0.35184
2631,189,2,2,23,0,0,0,0,48.521,0.11164,0.15,2261,31.5246,0.75834,0.35191
2632,375,9,4,50,1,0,1,1,115.722,0.11154,0.15,2262,31.5246,1.48286,0.3519
2633,400,10,5,70,1,0,0,1,121.259,0.11145,0.15,2262,31.5246,1.51152,0.3519
2634,91,1,1,18,0,1,0,0,-2.379,0.11136,0.15,2262,31.5246,2.29929,0.35197
2635,400,3,3,25,0,0,0,1,99.307,0.11127,0.15,2263,31.5246,1.15019,0.35189
2636,55,2,2,4,0,1,1,0,-9.275,0.11117,0.15,2263,31.5246,2.8914,0.35189
2637,229,2,2,50,0,0,1,0,59.566,0.11108,0.15,2263,31.5246,1.68481,0.35189
2638,165,4,4,23,0,1,0,0,32.302,0.11099,0.15,2263,31.5246,1.61977,0.35197
2639,217,2,2,40,0,0,0,0,60.253,0.1109,0.15,2264,31.5246,1.32358,0.35188
2640,400,2,2,28,0,0,0,1,81.933,0.1108,0.15,2264,31.5246,0.88493,0.35188
2641,400,11,6,78,1,0,0,1,120.472,0.11071,0.15,2264,31.5246,1.24599,0.35188
2642,400,2,2,36,0,0,1,1,94.198,0.11062,0.15,2264,31.5246,0.95272,0.35188
2643,400,2,2,37,0,0,1,1,102.443,0.11053,0.15,2264,31.5246,1.02936,0.35188
2644,400,7,7,55,0,0,0,1,88.112,0.11043,0.15,2264,31.5246,1.3982,0.35188
2645,400,10,5,51,1,0,0,1,118.423,0.11034,0.15,2264,31.5246,1.44276,0.35188
2646,400,6,6,40,0,0,2,1,106.934,0.11025,0.15,2265,31.5246,1.31321,0.35188
2647,400,6,6,50,0,0,0,1,114.862,0.11016,0.15,2265,31.5246,1.19741,0.35188
2648,400,2,2,47,0,0,1,1,93.294,0.11007,0.15,2266,31.5246,1.11297,0.35179
2649,400,4,4,67,0,0,0,1,78.708,0.10998,0.15,2268,31.5246,1.42405,0.35163
2650,400,4,4,50,0,0,0,1,92.653,0.10988,0.15,2268,31.5246,1.24191,0.35163
2651,360,0,0,13,0,0,0,1,74.381,0.10979,0.15,2268,31.5246,0.66161,0.35163
2652,400,1,1,54,0,0,0,1,120.687,0.1097,0.15,2268,31.5246,1.0594,0.35163
2653,278,9,4,42,1,1,0,0,83.934,0.10961,0.15,2270,31.5246,1.79905,0.35147
2654,400,4,4,39,0,0,0,1,119.429,0.10952,0.15,2270,31.5246,1.07637,0.35147
2655,211,0,0,17,0,1,1,0,-2.863,0.10943,0.15,2270,31.5246,1.60882,0.35147
2656,400,6,1,35,1,0,0,1,79.041,0.10934,0.15,2270,31.5246,1.35133,0.35147
2657,400,10,5,60,1,0,0,1,130.767,0.10924,0.15,2270,31.5246,1.28983,0.35147
2658,400,1,1,34,0,0,0,1,82.149,0.10915,0.15,2270,31.5246,1.04542,0.35147
2659,400,0,0,33,0,0,0,1,81.466,0.10906,0.15,2270,31.5246,0.85732,0.35147
2660,400,9,4,38,1,0,0,1,117.068,0.10897,0.15,2274,31.5246,1.09151,0.35114
2661,400,9,4,40,1,0,0,1,117.467,0.10888,0.15,2274,31.5246,1.26788,0.35122
2662,128,1,1,24,0,1,1,0,7.809,0.10879,0.15,2274,31.5246,1.19309,0.35122
2663,400,9,9,64,0,0,0,1,113.562,0.1087,0.15,2275,31.5246,1.56719,0.35114
2664,75,0,0,12,0,1,1,0,-8.648,0.10861,0.15,2275,31.5246,2.12741,0.35121
2665,400,8,3,39,1,0,0,1,117.842,0.10852,0.15,2276,31.5246,1.37376,0.35113
2666,336,5,5,75,0,1,0,0,100.785,0.10843,0.15,2280,31.5246,1.68778,0.3508
2667,400,2,2,30,0,0,0,1,101.094,0.10834,0.15,2280,31.5246,1.01713,0.35088
2668,400,10,5,80,1,0,0,1,151.348,0.10825,0.15,2280,31.5246,1.27689,0.35088
2669,142,3,3,39,0,0,0,0,53.423,0.10816,0.15,2280,31.5246,1.60413,0.35088
2670,400,6,6,46,0,0,0,1,125.971,0.10807,0.15,2281,31.5246,1.1772,0.3508
2671,400,10,5,56,1,0,0,1,149.737,0.10798,0.15,2281,31.5246,1.10755,0.3508
2672,400,5,5,50,0,0,0,1,133.752,0.10789,0.15,2281,31.5246,1.02392,0.3508
2673,400,5,5,40,0,0,0,1,124.028,0.1078,0.15,2282,31.5246,1.03279,0.35072
2674,400,7,7,45,0,0,0,1,138.305,0.10771,0.15,2282,31.5246,1.0791,0.35072
2675,400,5,5,46,0,0,0,1,114.473,0.10762,0.15,2282,31.5246,1.09171,0.35079
2676,400,3,3,35,0,0,0,1,111.071,0.10753,0.15,2282,31.5246,0.82898,0.35079
2677,400,5,5,66,0,0,0,1,144.093,0.10744,0.15,2282,31.5246,1.10142,0.35086
2678,400,9,4,44,1,0,0,1,128.609,0.10735,0.15,2282,31.5246,1.25609,0.35086
2679,128,2,2,26,0,0,0,0,47.018,0.10726,0.15,2282,31.5246,1.22867,0.35086
2680,400,7,7,44,0,0,0,1,119.286,0.10717,0.15,2282,31.5246,1.15942,0.35086
2681,400,9,4,50,1,0,0,1,127.453,0.10708,0.15,2283,31.5246,1.1272,0.35085
2682,263,4,4,49,0,1,0,0,62.517,0.10699,0.15,2284,31.5246,1.63633,0.35085
2683,400,4,4,51,0,0,0,1,124.198,0.1069,0.15,2284,31.5246,1.11296,0.35085
2684,400,14,4,62,2,0,2,1,140.791,0.10681,0.15,2284,31.5246,1.61564,0.35085
2685,186,3,3,38,0,1,1,0,29.622,0.10672,0.15,2284,31.5246,1.66105,0.35092
2686,400,5,5,44,0,0,0,1,124.418,0.10664,0.15,2285,31.5246,1.10238,0.35084
2687,400,8,3,34,1,0,0,1,109.593,0.10655,0.15,2285,31.5246,1.30404,0.35084
2688,400,6,6,49,0,0,0,1,133.87,0.10646,0.15,2285,31.5246,1.04998,0.35084
2689,45,0,0,5,0,1,0,0,-18.739,0.10637,0.15,2285,31.5246,1.9093,0.35084
2690,400,15,5,65,2,0,0,1,116.245,0.10628,0.15,2285,31.5246,1.86029,0.35091
2691,400,9,4,47,1,0,1,1,92.049,0.10619,0.15,2286,31.5246,1.34841,0.3509
2692,400,14,4,44,2,0,0,1,146.026,0.1061,0.15,2286,31.5246,1.21384,0.3509
2693,400,6,1,47,1,0,0,1,116.322,0.10602,0.15,2286,31.5246,1.36299,0.3509
2694,400,11,6,47,1,0,0,1,122.143,0.10593,0.15,2286,31.5246,1.33521,0.3509
2695,400,4,4,48,0,0,0,1,114.035,0.10584,0.15,2286,31.5246,1.17158,0.3509
2696,400,4,4,29,0,0,0,1,113.769,0.10575,0.15,2286,31.5246,0.7941,0.3509
2697,79,1,1,27,0,1,1,0,0.974,0.10566,0.15,2286,31.5246,2.48604,0.3509
2698,89,2,2,13,0,0,0,0,28.309,0.10558,0.15,2286,31.5246,1.62743,0.3509
2699,105,2,2,47,0,1,0,0,35.71,0.10549,0.15,2286,31.5246,2.13957,0.3509
2700,183,9,4,42,1,1,0,0,49.691,0.1054,0.15,2286,31.5246,2.24846,0.3509
2701,400,9,4,51,1,0,0,1,78.896,0.10531,0.15,2286,31.5246,1.63842,0.3509
2702,400,5,5,35,0,0,0,1,107.396,0.10522,0.15,2286,31.5246,1.09888,0.35098
2703,400,7,2,45,1,0,0,1,123.641,0.10514,0.15,2286,31.5246,1.31793,0.35098
2704,400,2,2,43,0,0,0,1,106.015,0.10505,0.15,2286,31.5246,1.0476,0.35098
2705,219,9,4,47,1,1,1,0,71.209,0.10496,0.15,2286,31.5246,1.74327,0.35098
2706,400,4,4,50,0,0,1,1,129.768,0.10487,0.15,2286,31.5246,1.1544,0.35098
2707,400,4,4,55,0,0,0,1,110.064,0.10479,0.15,2286,31.5246,1.32076,0.35098
2708,400,3,3,42,0,0,0,1,121.0,0.1047,0.15,2286,31.5246,1.12392,0.35098
2709,400,5,5,49,0,0,0,1,122.356,0.10461,0.15,2286,31.5246,1.27735,0.35098
2710,400,5,5,81,0,0,0,1,142.039,0.10452,0.15,2287,31.5246,1.48507,0.3509
2711,86,0,0,0,0,0,0,0,9.502,0.10444,0.15,2288,31.5246,0.55801,0.35082
2712,400,8,3,37,1,0,0,1,133.658,0.10435,0.15,2288,31.5246,1.07098,0.35082
2713,400,5,5,42,0,0,0,1,137.719,0.10426,0.15,2288,31.5246,0.84027,0.35082
2714,400,2,2,39,0,0,0,1,115.209,0.10418,0.15,2288,31.5246,0.89196,0.35082
2715,400,7,2,31,1,0,1,1,117.237,0.10409,0.15,2289,31.5246,1.07982,0.35074
2716,400,10,5,46,1,0,0,1,136.182,0.104,0.15,2289,31.5246,1.44532,0.35074
2717,52,0,0,2,0,1,0,0,-20.205,0.10392,0.15,2290,31.5246,1.93922,0.35073
2718,400,16,6,59,2,0,0,1,159.579,0.10383,0.15,2291,31.5246,1.46461,0.35072
2719,400,9,4,56,1,0,0,1,136.106,0.10374,0.15,2291,31.5246,1.3827,0.35072
2720,400,2,2,24,0,0,1,1,86.271,0.10366,0.15,2291,31.5246,1.15923,0.35072
2721,400,6,6,55,0,0,0,1,144.232,0.10357,0.15,2291,31.5246,1.11651,0.35072
2722,400,6,6,71,0,0,0,1,138.369,0.10348,0.15,2292,31.5246,1.42134,0.35064
2723,400,5,5,51,0,0,0,1,139.041,0.1034,0.15,2292,31.5246,1.01303,0.35064
2724,181,4,4,34,0,0,1,0,62.802,0.10331,0.15,2292,31.5246,1.33344,0.35064
2725,400,2,2,40,0,0,0,1,121.379,0.10323,0.15,2292,31.5246,1.05343,0.35064
2726,59,0,0,10,0,1,0,0,-12.852,0.10314,0.15,2292,31.5246,1.48142,0.35064
2727,400,14,4,56,2,0,0,1,139.644,0.10305,0.15,2292,31.5246,1.58381,0.35064
2728,400,6,6,46,0,0,1,1,139.173,0.10297,0.15,2292,31.5246,1.12069,0.35064
2729,181,2,2,43,0,0,0,0,57.25,0.10288,0.15,2292,31.5246,1.86184,0.35064
2730,400,14,9,63,1,0,0,1,158.34,0.1028,0.15,2292,31.5246,1.60248,0.35064
2731,400,5,5,76,0,0,0,1,120.836,0.10271,0.15,2293,31.5246,1.54592,0.35056
2732,400,18,8,65,2,0,1,1,162.429,0.10263,0.15,2294,31.5246,1.82013,0.35048
2733,400,8,3,48,1,0,0,1,105.769,0.10254,0.15,2294,31.5246,1.4899,0.35048
2734,400,1,1,38,0,0,0,1,101.884,0.10245,0.15,2294,31.5246,1.02304,0.35048
2735,125,5,5,28,0,1,1,0,28.302,0.10237,0.15,2294,31.5246,1.88799,0.35048
2736,400,3,3,34,0,0,0,1,110.361,0.10228,0.15,2294,31.5246,0.99066,0.35048
2737,400,5,5,83,0,0,0,1,141.041,0.1022,0.15,2294,31.5246,1.36088,0.35048
2738,174,5,5,52,0,1,0,0,60.99,0.10211,0.15,2297,31.5246,1.97852,0.35024
2739,400,7,2,43,1,0,0,1,131.41,0.10203,0.15,2297,31.5246,0.96715,0.35031
2740,400,9,4,41,1,0,1,1,132.513,0.10194,0.15,2297,31.5246,1.22835,0.35031
2741,400,5,5,36,0,0,0,1,117.71,0.10186,0.15,2297,31.5246,1.06299,0.35031
2742,400,5,5,59,0,0,0,1,123.341,0.10177,0.15,2297,31.5246,1.38498,0.35038
2743,400,5,5,53,0,0,0,1,136.407,0.10169,0.15,2297,31.5246,0.98656,0.35038
2744,400,5,5,40,0,0,0,1,118.408,0.1016,0.15,2297,31.5246,0.94088,0.35038
2745,400,3,3,28,0,0,1,1,98.227,0.10152,0.15,2297,31.5246,0.88033,0.35038
2746,400,4,4,41,0,0,0,1,123.975,0.10144,0.15,2297,31.5246,0.8756,0.35038
2747,170,1,1,19,0,1,1,0,32.183,0.10135,0.15,2297,31.5246,1.52089,0.35046
2748,400,7,7,44,0,0,0,1,136.918,0.10127,0.15,2297,31.5246,1.07587,0.35046
2749,150,4,4,43,0,1,2,0,46.011,0.10118,0.15,2297,31.5246,2.28094,0.35046
2750,400,9,4,54,1,0,0,1,141.207,0.1011,0.15,2297,31.5246,1.21948,0.35046
2751,400,4,4,30,0,0,0,1,84.928,0.10101,0.15,2297,31.5246,1.17309,0.35046
2752,374,2,2,38,0,1,0,0,80.168,0.10093,0.15,2297,31.5246,1.10607,0.35046
2753,400,9,4,40,1,0,0,1,146.234,0.10085,0.15,2297,31.5246,0.95577,0.35046
2754,103,1,1,26,0,1,1,0,6.338,0.10076,0.15,2297,31.5246,1.49922,0.35046
2755,400,2,2,49,0,0,0,1,121.456,0.10068,0.15,2297,31.5246,0.99889,0.35046
2756,62,2,2,17,0,1,0,0,0.177,0.10059,0.15,2297,31.5246,2.53306,0.35046
2757,218,0,0,0,0,0,0,0,34.068,0.10051,0.15,2297,31.5246,0.39037,0.35046
2758,400,9,4,73,1,0,0,1,141.956,0.10043,0.15,2297,31.5246,1.55128,0.35046
2759,400,11,6,44,1,0,0,1,157.875,0.10034,0.15,2297,31.5246,1.17913,0.35046
2760,400,7,2,40,1,0,0,1,149.695,0.10026,0.15,2297,31.5246,1.04972,0.35046
2761,400,9,4,37,1,0,1,1,129.354,0.10018,0.15,2297,31.5246,1.08943,0.35046
2762,400,4,4,53,0,0,0,1,123.741,0.10009,0.15,2297,31.5246,1.11003,0.35046
2763,400,4,4,43,0,0,0,1,119.242,0.10001,0.15,2298,31.5246,1.23852,0.35038
2764,400,6,6,68,0,0,0,1,142.159,0.09993,0.15,2298,31.5246,1.34863,0.35038
2765,308,5,5,60,0,1,2,0,68.662,0.09984,0.15,2299,31.5246,1.73524,0.3503
2766,400,3,3,18,0,0,0,1,79.424,0.09976,0.15,2299,31.5246,1.1565,0.35037
2767,400,2,2,25,0,0,3,1,77.02,0.09968,0.15,2301,31.5246,1.18527,0.35021
2768,162,2,2,24,0,1,0,0,12.631,0.09959,0.15,2301,31.5246,1.76499,0.35021
2769,368,0,0,31,0,0,0,1,38.555,0.09951,0.15,2301,31.5246,1.45604,0.35021
2770,400,9,4,55,1,0,0,1,104.269,0.09943,0.15,2303,31.5246,1.43583,0.35005
2771,400,3,3,55,0,0,0,1,107.577,0.09934,0.15,2303,31.5246,1.06104,0.35005
2772,60,3,3,27,0,1,0,0,8.055,0.09926,0.15,2304,31.5246,3.18557,0.34997
2773,400,7,2,48,1,0,0,1,116.757,0.09918,0.15,2304,31.5246,1.01192,0.35004
2774,400,10,5,43,1,0,0,1,136.125,0.0991,0.15,2304,31.5246,1.25288,0.35004
2775,400,9,4,52,1,0,1,1,117.443,0.09901,0.15,2304,31.5246,1.32168,0.35004
2776,185,4,4,44,0,1,1,0,43.619,0.09893,0.15,2304,31.5246,1.9025,0.35004
2777,400,11,6,56,1,0,0,1,137.983,0.09885,0.15,2304,31.5246,1.60477,0.35004
2778,400,15,5,61,2,0,1,1,160.752,0.09877,0.15,2304,31.5246,1.78896,0.35012
2779,400,4,4,52,0,0,0,1,131.229,0.09868,0.15,2304,31.5246,1.03541,0.35012
2780,400,4,4,36,0,0,0,1,111.678,0.0986,0.15,2304,31.5246,1.15775,0.35012
2781,221,2,2,43,0,1,1,0,44.741,0.09852,0.15,2304,31.5246,1.63176,0.35012
2782,271,10,5,66,1,1,0,0,106.933,0.09844,0.15,2304,31.5246,1.87554,0.35019
2783,400,9,4,52,1,0,0,1,132.598,0.09836,0.15,2304,31.5246,1.42632,0.35019
2784,400,3,3,33,0,0,2,1,110.907,0.09827,0.15,2304,31.5246,0.97042,0.35019
2785,400,4,4,21,0,0,0,1,104.923,0.09819,0.15,2304,31.5246,0.81754,0.35019
2786,400,6,6,52,0,0,0,1,140.736,0.09811,0.15,2304,31.5246,1.14627,0.35019
2787,400,9,4,51,1,0,0,1,151.589,0.09803,0.15,2304,31.5246,1.38539,0.35019
2788,400,11,6,52,1,0,0,1,135.19,0.09795,0.15,2304,31.5246,1.54194,0.35019
2789,270,6,6,49,0,1,2,0,47.826,0.09786,0.15,2304,31.5246,1.78305,0.35019
2790,400,1,1,35,0,0,0,1,73.424,0.09778,0.15,2304,31.5246,1.21177,0.35019
2791,400,3,3,46,0,0,0,1,123.425,0.0977,0.15,2304,31.5246,1.0749,0.35019
2792,400,3,3,49,0,0,0,1,77.728,0.09762,0.15,2304,31.5246,1.23103,0.35019
2793,140,2,2,20,0,1,1,0,21.364,0.09754,0.15,2304,31.5246,1.27252,0.35019
2794,400,2,2,51,0,0,0,1,103.966,0.09746,0.15,2304,31.5246,1.05946,0.35019
2795,400,7,2,52,1,0,0,1,93.779,0.09738,0.15,2304,31.5246,1.41368,0.35019
2796,400,4,4,42,0,0,0,1,83.794,0.0973,0.15,2304,31.5246,1.11404,0.35019
2797,400,9,4,60,1,0,0,1,128.811,0.09721,0.15,2304,31.5246,1.55884,0.35019
2798,400,0,0,29,0,0,0,1,79.911,0.09713,0.15,2304,31.5246,0.90577,0.35019
2799,400,15,5,74,2,0,0,1,138.925,0.09705,0.15,2304,31.5246,1.57748,0.35026
2800,400,3,3,54,0,0,0,1,105.309,0.09697,0.15,2304,31.5246,1.10275,0.35026
2801,400,10,5,45,1,0,0,1,139.894,0.09689,0.15,2304,31.5246,1.21903,0.35026
2802,165,3,3,42,0,1,1,0,36.788,0.09681,0.15,2304,31.5246,1.83154,0.35033
2803,400,5,5,65,0,0,0,1,121.028,0.09673,0.15,2305,31.5246,1.16273,0.35025
2804,400,3,3,57,0,0,1,1,113.599,0.09665,0.15,2306,31.5246,1.35982,0.35017
2805,167,2,2,53,0,1,0,0,49.789,0.09657,0.15,2306,31.5246,1.7509,0.35017
2806,400,0,0,35,0,0,0,1,78.871,0.09649,0.15,2306,31.5246,1.18936,0.35017
2807,400,3,3,48,0,0,0,1,114.518,0.09641,0.15,2306,31.5246,1.3994,0.35025
2808,400,3,3,27,0,0,0,1,106.796,0.09633,0.15,2306,31.5246,0.90504,0.35025
2809,137,5,5,33,0,1,2,0,38.069,0.09625,0.15,2306,31.5246,2.01814,0.35025
2810,400,7,2,22,1,0,0,1,119.069,0.09617,0.15,2306,31.5246,0.99779,0.35032
2811,400,2,2,46,0,0,1,1,110.127,0.09609,0.15,2306,31.5246,1.10936,0.35032
2812,400,12,7,57,1,0,0,1,166.605,0.09601,0.15,2306,31.5246,1.08213,0.35032
2813,400,2,2,44,0,0,0,1,113.169,0.09593,0.15,2307,31.5246,1.2656,0.35024
2814,400,3,3,39,0,0,0,1,88.415,0.09585,0.15,2307,31.5246,1.38742,0.35024
2815,400,3,3,22,0,0,2,1,82.822,0.09577,0.15,2307,31.5246,1.13272,0.35024
2816,181,0,0,1,0,1,0,0,10.33,0.09569,0.15,2307,31.5246,0.66918,0.35031
2817,400,9,4,44,1,0,0,1,146.06,0.09561,0.15,2307,31.5246,0.98956,0.35046
2818,400,6,1,31,1,0,0,1,109.838,0.09553,0.15,2308,31.5246,0.89146,0.35038
2819,400,4,4,45,0,0,0,1,116.847,0.09545,0.15,2308,31.5246,1.28048,0.35045
2820,101,1,1,24,0,1,0,0,8.128,0.09537,0.15,2308,31.5246,1.7517,0.35045
2821,74,1,1,21,0,1,1,0,-1.342,0.09529,0.15,2308,31.5246,2.22009,0.35045
2822,400,6,1,42,1,0,2,1,105.062,0.09521,0.15,2308,31.5246,1.29335,0.35059
2823,137,0,0,17,0,1,1,0,9.066,0.09513,0.15,2308,31.5246,1.55906,0.35059
2824,400,3,3,31,0,0,1,1,91.108,0.09505,0.15,2308,31.5246,1.31134,0.35059
2825,400,2,2,39,0,0,0,1,75.8,0.09497,0.15,2308,31.5246,1.16461,0.35059
2826,87,0,0,24,0,1,1,0,1.106,0.09489,0.15,2308,31.5246,2.80577,0.35059
2827,400,2,2,45,0,0,0,1,96.613,0.09481,0.15,2308,31.5246,1.1794,0.35059
2828,400,9,4,32,1,0,1,1,82.705,0.09474,0.15,2308,31.5246,1.29001,0.35059
2829,143,4,4,50,0,1,1,0,39.121,0.09466,0.15,2308,31.5246,2.13992,0.35059
2830,400,4,4,30,0,0,0,1,77.209,0.09458,0.15,2309,31.5246,1.20157,0.35051
2831,96,2,2,31,0,1,1,0,12.891,0.0945,0.15,2309,31.5246,2.29367,0.35051
2832,242,3,3,40,0,1,1,0,47.058,0.09442,0.15,2309,31.5246,1.36879,0.35051
2833,400,5,0,29,1,0,0,1,78.96,0.09434,0.15,2309,31.5246,1.37249,0.35051
2834,400,7,2,42,1,0,0,1,124.981,0.09426,0.15,2309,31.5246,1.18897,0.35051
2835,400,4,4,71,0,0,0,1,82.139,0.09418,0.15,2309,31.5246,1.48996,0.35051
2836,139,0,0,21,0,1,1,0,2.114,0.09411,0.15,2309,31.5246,1.33283,0.35051
2837,400,5,5,46,0,0,0,1,99.225,0.09403,0.15,2309,31.5246,1.26478,0.35058
2838,400,4,4,48,0,0,0,1,107.59,0.09395,0.15,2309,31.5246,1.05328,0.35058
2839,115,6,6,36,0,1,2,0,34.563,0.09387,0.15,2309,31.5246,2.49855,0.35058
2840,400,16,6,82,2,0,0,1,135.12,0.09379,0.15,2309,31.5246,1.67115,0.35058
2841,400,10,5,47,1,0,1,1,106.974,0.09371,0.15,2309,31.5246,1.57507,0.35073
2842,400,8,3,23,1,0,0,1,98.225,0.09364,0.15,2311,31.5246,1.02102,0.35071
2843,400,11,6,39,1,0,0,1,136.133,0.09356,0.15,2311,31.5246,1.1951,0.35071
2844,400,18,8,54,2,0,1,1,145.458,0.09348,0.15,2311,31.5246,1.51217,0.35071
2845,400,2,2,35,0,0,0,1,74.682,0.0934,0.15,2311,31.5246,1.30589,0.35071
2846,284,3,3,34,0,0,0,0,71.07,0.09333,0.15,2311,31.5246,1.11097,0.35079
2847,400,5,5,24,0,0,1,1,105.99,0.09325,0.15,2311,31.5246,1.0889,0.35079
2848,216,1,1,15,0,1,1,0,29.064,0.09317,0.15,2311,31.5246,0.66536,0.35079
2849,183,1,1,16,0,0,0,0,44.32,0.09309,0.15,2311,31.5246,0.66336,0.35079
2850,400,8,3,40,1,0,0,1,127.418,0.09301,0.15,2312,31.5246,1.25044,0.35078
2851,400,3,3,32,0,0,0,1,101.388,0.09294,0.15,2313,31.5246,0.78782,0.35077
2852,352,16,6,82,2,0,0,1,163.259,0.09286,0.15,2313,31.5246,1.69302,0.35077
2853,400,5,5,59,0,0,0,1,87.768,0.09278,0.15,2315,31.5246,1.28007,0.35061
2854,400,9,4,27,1,0,0,1,131.828,0.0927,0.15,2316,31.5246,1.03549,0.35053
2855,400,15,5,61,2,0,0,1,159.58,0.09263,0.15,2317,31.5246,1.74057,0.35045
2856,400,4,4,55,0,0,1,1,91.533,0.09255,0.15,2317,31.5246,1.22029,0.35045
2857,400,4,4,40,0,0,2,1,107.683,0.09247,0.15,2317,31.5246,1.06711,0.35045
2858,183,2,2,46,0,1,1,0,32.51,0.0924,0.15,2317,31.5246,2.09402,0.35045
2859,400,10,5,39,1,0,0,1,115.99,0.09232,0.15,2317,31.5246,1.52637,0.35045
2860,400,3,3,38,0,0,0,1,57.824,0.09224,0.15,2318,31.5246,1.2149,0.35037
2861,400,13,3,50,2,0,2,1,129.026,0.09217,0.15,2319,31.5246,1.72818,0.35044
2862,80,3,3,30,0,1,1,0,10.743,0.09209,0.15,2319,31.5246,2.36057,0.35044
2863,400,5,5,48,0,0,0,1,125.393,0.09201,0.15,2319,31.5246,0.98414,0.35044
2864,229,4,4,36,0,1,1,0,38.369,0.09194,0.15,2319,31.5246,1.53972,0.35044
2865,400,3,3,40,0,0,0,1,47.83,0.09186,0.15,2322,31.5246,1.4385,0.3502
2866,82,1,1,13,0,1,1,0,-4.553,0.09178,0.15,2322,31.5246,1.50019,0.3502
2867,400,5,0,41,1,0,0,1,118.169,0.09171,0.15,2322,31.5246,1.2139,0.3502
2868,400,10,5,86,1,0,1,1,161.705,0.09163,0.15,2323,31.5246,1.49279,0.35012
2869,400,2,2,31,0,0,0,1,78.818,0.09155,0.15,2323,31.5246,1.33169,0.35012
2870,400,1,1,25,0,0,0,1,117.408,0.09148,0.15,2325,31.5246,0.90042,0.35004
2871,400,2,2,36,0,0,0,1,101.009,0.0914,0.15,2325,31.5246,1.01154,0.35011
2872,400,4,4,28,0,0,0,1,107.265,0.09132,0.15,2325,31.5246,0.89307,0.35011
2873,400,5,5,41,0,0,0,1,124.13,0.09125,0.15,2325,31.5246,1.01796,0.35011
2874,400,2,2,28,0,0,0,1,116.991,0.09117,0.15,2325,31.5246,0.70694,0.35011
2875,400,4,4,51,0,0,0,1,144.833,0.0911,0.15,2325,31.5246,0.90842,0.35011
2876,400,8,3,56,1,0,0,1,141.122,0.09102,0.15,2326,31.5246,1.25043,0.35003
2877,79,1,1,16,0,1,0,0,-0.911,0.09095,0.15,2327,31.5246,2.42097,0.34995
2878,400,6,1,23,1,0,0,1,94.609,0.09087,0.15,2327,31.5246,1.02708,0.34995
2879,400,8,3,53,1,0,0,1,142.457,0.09079,0.15,2327,31.5246,1.06878,0.34995
2880,400,6,6,55,0,0,0,1,147.004,0.09072,0.15,2327,31.5246,1.21216,0.34995
2881,400,3,3,57,0,0,0,1,123.828,0.09064,0.15,2327,31.5246,1.13509,0.34995
2882,400,1,1,34,0,0,2,1,91.64,0.09057,0.15,2327,31.5246,1.0486,0.34995
2883,400,2,2,30,0,0,0,1,51.031,0.09049,0.15,2327,31.5246,1.24109,0.34995
2884,121,4,4,19,0,1,1,0,14.502,0.09042,0.15,2327,31.5246,2.08574,0.34995
2885,400,7,7,51,0,0,0,1,116.018,0.09034,0.15,2327,31.5246,0.95244,0.34995
2886,400,4,4,40,0,0,0,1,110.722,0.09027,0.15,2327,31.5246,0.96975,0.34995
2887,169,1,1,37,0,1,1,0,17.87,0.09019,0.15,2327,31.5246,1.21886,0.34995
2888,400,3,3,32,0,0,0,1,103.398,0.09012,0.15,2327,31.5246,0.71119,0.34995
2889,400,11,6,85,1,0,0,1,155.386,0.09004,0.15,2328,31.5246,1.44053,0.34987
2890,400,5,5,63,0,0,0,1,151.14,0.08997,0.15,2328,31.5246,1.09312,0.34987
2891,400,3,3,29,0,0,0,1,97.083,0.08989,0.15,2328,31.5246,0.82297,0.34987
2892,400,12,7,46,1,0,0,1,158.504,0.08982,0.15,2328,31.5246,1.04932,0.34987
2893,400,8,3,27,1,0,0,1,91.119,0.08974,0.15,2328,31.5246,1.41496,0.34994
2894,400,5,5,54,0,0,1,1,96.386,0.08967,0.15,2328,31.5246,1.30763,0.34994
2895,182,2,2,24,0,0,0,0,59.624,0.08959,0.15,2330,31.5246,0.95545,0.34979
2896,400,5,5,62,0,0,1,1,141.683,0.08952,0.15,2330,31.5246,1.1626,0.34979
2897,400,7,7,84,0,0,0,1,128.976,0.08944,0.15,2330,31.5246,1.6923,0.34979
2898,400,8,3,53,1,0,0,1,111.841,0.08937,0.15,2330,31.5246,1.41976,0.34979
2899,174,3,3,27,0,1,0,0,16.067,0.08929,0.15,2330,31.5246,1.73738,0.34979
2900,400,6,6,70,0,0,1,1,121.716,0.08922,0.15,2331,31.5246,1.32385,0.34971
2901,400,3,3,42,0,0,0,1,139.078,0.08914,0.15,2331,31.5246,0.90521,0.34971
2902,400,6,6,62,0,0,0,1,157.535,0.08907,0.15,2331,31.5246,0.92385,0.34971
2903,400,2,2,46,0,0,0,1,122.456,0.089,0.15,2331,31.5246,0.95303,0.34971
2904,106,2,2,35,0,1,0,0,19.302,0.08892,0.15,2332,31.5246,1.77624,0.34963
2905,400,2,2,34,0,0,1,1,117.041,0.08885,0.15,2332,31.5246,0.89849,0.34963
2906,400,5,5,45,0,0,0,1,126.325,0.08877,0.15,2332,31.5246,1.00773,0.34963
2907,68,0,0,1,0,1,0,0,-19.436,0.0887,0.15,2334,31.5246,1.58922,0.34947
2908,400,6,6,65,0,0,0,1,147.748,0.08863,0.15,2334,31.5246,1.09836,0.34947
2909,400,6,6,68,0,0,0,1,163.415,0.08855,0.15,2334,31.5246,1.10433,0.34947
2910,400,10,5,42,1,0,0,1,147.183,0.08848,0.15,2334,31.5246,1.21548,0.34947
2911,207,3,3,64,0,1,0,0,74.609,0.0884,0.15,2334,31.5246,1.69564,0.34947
2912,400,9,4,46,1,0,1,1,144.73,0.08833,0.15,2334,31.5246,0.95426,0.34947
2913,199,2,2,32,0,1,1,0,35.562,0.08826,0.15,2334,31.5246,1.2994,0.34947
2914,123,0,0,9,0,1,0,0,-0.499,0.08818,0.15,2334,31.5246,0.86695,0.34947
2915,276,12,7,59,1,0,0,1,134.446,0.08811,0.15,2334,31.5246,1.88347,0.34947
2916,254,10,5,51,1,0,0,1,118.771,0.08804,0.15,2334,31.5246,1.51536,0.34947
2917,233,4,4,44,0,1,1,0,55.792,0.08796,0.15,2334,31.5246,1.64406,0.34947
2918,400,4,4,55,0,0,0,1,146.802,0.08789,0.15,2334,31.5246,1.20237,0.34954
2919,400,9,4,67,1,0,0,1,171.228,0.08782,0.15,2334,31.5246,1.14843,0.34954
2920,400,4,4,75,0,0,0,1,149.364,0.08774,0.15,2334,31.5246,1.34908,0.34954
2921,294,6,6,53,0,0,0,1,123.662,0.08767,0.15,2334,31.5246,1.26584,0.34954
2922,400,8,3,33,1,0,0,1,131.949,0.0876,0.15,2335,31.5246,0.93015,0.34946
2923,318,13,3,65,2,0,0,1,156.529,0.08752,0.15,2335,31.5246,1.49834,0.34946
2924,400,12,7,97,1,0,1,1,187.778,0.08745,0.15,2335,31.5246,1.44125,0.34946
2925,400,5,5,53,0,0,0,1,140.314,0.08738,0.15,2335,31.5246,1.11971,0.34946
2926,400,4,4,74,0,0,0,1,144.162,0.08731,0.15,2335,31.5246,1.11378,0.34946
2927,269,6,6,59,0,0,0,1,100.846,0.08723,0.15,2335,31.5246,1.92483,0.34954
2928,131,10,5,40,1,1,0,0,54.052,0.08716,0.15,2336,31.5246,2.30696,0.34953
2929,400,6,6,74,0,0,0,1,165.521,0.08709,0.15,2336,31.5246,1.11895,0.34953
2930,172,3,3,67,0,1,1,0,65.645,0.08702,0.15,2336,31.5246,1.9963,0.34953
2931,167,3,3,32,0,1,1,0,38.337,0.08694,0.15,2336,31.5246,1.27883,0.34953
2932,342,17,7,72,2,0,0,1,173.64,0.08687,0.15,2337,31.5246,1.76885,0.34945
2933,400,12,7,56,1,0,0,1,167.106,0.0868,0.15,2337,31.5246,1.06682,0.34945
2934,400,7,7,59,0,0,0,1,151.197,0.08673,0.15,2338,31.5246,1.11935,0.34937
2935,400,3,3,70,0,0,0,1,150.251,0.08665,0.15,2338,31.5246,1.01672,0.34937
2936,225,4,4,40,0,1,1,0,62.389,0.08658,0.15,2338,31.5246,1.24846,0.34937
2937,400,11,6,71,1,0,0,1,171.302,0.08651,0.15,2338,31.5246,1.13594,0.34937
2938,400,11,6,51,1,0,1,1,167.415,0.08644,0.15,2338,31.5246,1.41128,0.34937
2939,109,3,3,38,0,0,0,0,50.348,0.08637,0.15,2338,31.5246,2.24483,0.34937
2940,285,12,7,76,1,0,0,1,153.19,0.08629,0.15,2338,31.5246,1.61815,0.34937
2941,400,10,5,60,1,0,1,1,166.512,0.08622,0.15,2338,31.5246,1.31662,0.34944
2942,400,3,3,53,0,0,1,1,121.925,0.08615,0.15,2338,31.5246,1.33055,0.34944
2943,400,3,3,62,0,0,0,1,130.157,0.08608,0.15,2338,31.5246,1.34162,0.34944
2944,400,10,5,52,1,0,0,1,118.535,0.08601,0.15,2338,31.5246,1.62823,0.34944
2945,400,2,2,21,0,0,0,1,63.565,0.08593,0.15,2338,31.5246,1.13511,0.34944
2946,67,1,1,15,0,0,0,0,10.959,0.08586,0.15,2338,31.5246,2.0753,0.34944
2947,221,4,4,45,0,1,0,0,27.286,0.08579,0.15,2338,31.5246,2.22919,0.34944
2948,101,1,1,28,0,0,0,0,20.047,0.08572,0.15,2338,31.5246,2.39812,0.34944
2949,400,6,6,31,0,0,0,1,96.525,0.08565,0.15,2338,31.5246,1.02126,0.34944
2950,211,4,4,49,0,1,1,0,59.433,0.08558,0.15,2338,31.5246,1.80869,0.34944
2951,400,4,4,33,0,0,0,1,93.357,0.08551,0.15,2338,31.5246,0.93927,0.34944
2952,400,15,5,62,2,0,1,1,116.202,0.08543,0.15,2339,31.5246,1.79778,0.34937
2953,400,8,3,69,1,0,0,1,97.944,0.08536,0.15,2339,31.5246,1.62605,0.34937
2954,400,2,2,43,0,0,0,1,99.166,0.08529,0.15,2339,31.5246,0.83312,0.34937
2955,400,7,7,60,0,0,0,1,125.979,0.08522,0.15,2339,31.5246,1.1423,0.34937
2956,229,2,2,39,0,1,0,0,37.912,0.08515,0.15,2339,31.5246,1.18091,0.34937
2957,95,3,3,27,0,1,0,0,12.543,0.08508,0.15,2339,31.5246,2.26271,0.34937
2958,400,4,4,52,0,0,1,1,107.318,0.08501,0.15,2339,31.5246,1.12842,0.34937
2959,400,6,6,67,0,0,0,1,156.117,0.08494,0.15,2339,31.5246,1.19173,0.34937
2960,400,5,5,60,0,0,0,1,140.119,0.08487,0.15,2339,31.5246,1.17297,0.34937
2961,400,2,2,44,0,0,0,1,122.119,0.0848,0.15,2339,31.5246,1.02605,0.34937
2962,400,1,1,21,0,0,0,1,86.545,0.08473,0.15,2340,31.5246,0.86848,0.34936
2963,400,3,3,43,0,0,0,1,130.043,0.08466,0.15,2341,31.5246,1.01416,0.34928
2964,123,2,2,42,0,1,2,0,31.511,0.08458,0.15,2341,31.5246,2.26812,0.34935
2965,400,6,6,65,0,0,0,1,160.491,0.08451,0.15,2341,31.5246,1.1848,0.34935
2966,44,1,1,14,0,1,0,0,-5.312,0.08444,0.15,2341,31.5246,3.11209,0.34935
2967,400,6,6,59,0,0,1,1,132.571,0.08437,0.15,2341,31.5246,1.35361,0.34935
2968,287,7,7,60,0,0,0,1,119.687,0.0843,0.15,2341,31.5246,1.42326,0.34935
2969,400,5,5,54,0,0,0,1,103.626,0.08423,0.15,2341,31.5246,1.39706,0.34935
2970,400,12,7,67,1,0,0,1,145.716,0.08416,0.15,2341,31.5246,1.27064,0.34935
2971,400,6,1,25,1,0,0,1,87.052,0.08409,0.15,2341,31.5246,1.12532,0.34935
2972,400,8,3,38,1,0,0,1,79.273,0.08402,0.15,2341,31.5246,1.46359,0.34935
2973,400,8,8,108,0,0,0,1,131.383,0.08395,0.15,2341,31.5246,1.55185,0.34935
2974,400,4,4,60,0,0,0,1,115.591,0.08388,0.15,2341,31.5246,1.28692,0.34942
2975,400,11,6,63,1,0,0,1,162.646,0.08381,0.15,2341,31.5246,1.06228,0.34942
2976,400,4,4,70,0,0,0,1,147.95,0.08374,0.15,2341,31.5246,1.0052,0.34942
2977,368,11,6,50,1,0,0,1,138.532,0.08367,0.15,2341,31.5246,1.3296,0.34942
2978,400,9,4,60,1,0,0,1,153.425,0.0836,0.15,2341,31.5246,1.02076,0.34942
2979,357,6,6,81,0,0,0,1,136.074,0.08353,0.15,2342,31.5246,1.61007,0.34935
2980,400,11,6,78,1,0,0,1,165.084,0.08346,0.15,2342,31.5246,1.45232,0.34935
2981,400,9,4,52,1,0,0,1,155.513,0.0834,0.15,2342,31.5246,1.17051,0.34935
2982,400,3,3,56,0,0,0,1,134.632,0.08333,0.15,2342,31.5246,0.84956,0.34935
2983,400,7,7,86,0,0,1,1,161.408,0.08326,0.15,2342,31.5246,1.51963,0.34935
2984,184,2,2,52,0,1,1,0,45.639,0.08319,0.15,2342,31.5246,1.68452,0.34935
2985,108,2,2,22,0,1,0,0,8.665,0.08312,0.15,2342,31.5246,1.81976,0.34935
2986,400,3,3,45,0,0,0,1,90.896,0.08305,0.15,2342,31.5246,1.15568,0.34935
2987,400,14,9,97,1,0,0,1,200.847,0.08298,0.15,2342,31.5246,1.46958,0.34935
2988,400,3,3,34,0,0,0,1,113.3,0.08291,0.15,2342,31.5246,1.11611,0.34942
2989,53,0,0,20,0,0,0,0,14.551,0.08284,0.15,2342,31.5246,2.00268,0.34942
2990,400,8,3,42,1,0,0,1,139.998,0.08277,0.15,2343,31.5246,1.08391,0.34934
2991,400,3,3,63,0,0,0,1,148.132,0.0827,0.15,2343,31.5246,0.97527,0.34934
2992,142,2,2,31,0,1,0,0,29.971,0.08263,0.15,2343,31.5246,1.58248,0.34941
2993,400,5,5,52,0,0,0,1,128.263,0.08257,0.15,2343,31.5246,0.99961,0.34941
2994,241,5,0,59,1,1,2,0,69.612,0.0825,0.15,2343,31.5246,1.83804,0.34941
2995,400,10,5,55,1,0,0,1,157.409,0.08243,0.15,2343,31.5246,1.00862,0.34941
2996,400,2,2,54,0,0,0,1,121.271,0.08236,0.15,2343,31.5246,0.95343,0.34941
2997,400,6,6,58,0,0,1,1,148.738,0.08229,0.15,2343,31.5246,1.03884,0.34941
2998,400,9,4,61,1,0,0,1,166.087,0.08222,0.15,2343,31.5246,0.923,0.34941
2999,226,4,4,51,0,1,0,0,65.398,0.08215,0.15,2343,31.5246,1.4897,0.34941
3000,226,5,5,51,0,1,1,0,75.984,0.08208,0.15,2343,31.5246,1.84244,0.34941
3001,400,10,5,65,1,0,0,1,157.41,0.08202,0.15,2345,31.5246,1.24221,0.34932
3002,400,5,5,53,0,0,0,1,133.08,0.08195,0.15,2345,31.5246,1.13396,0.34932
3003,400,19,9,85,2,0,0,1,177.523,0.08188,0.15,2345,31.5246,1.57841,0.34932
3004,400,6,6,46,0,0,0,1,110.63,0.08181,0.15,2345,31.5246,1.06194,0.34932
3005,308,9,4,86,1,0,0,1,136.907,0.08174,0.15,2345,31.5246,1.50806,0.34932
3006,400,6,1,46,1,0,0,1,98.776,0.08168,0.15,2345,31.5246,1.32468,0.34932
3007,400,5,5,24,0,0,0,1,105.277,0.08161,0.15,2345,31.5246,0.81067,0.34932
3008,137,1,1,4,0,1,0,0,8.283,0.08154,0.15,2345,31.5246,0.83611,0.34932
3009,400,6,6,62,0,0,0,1,136.147,0.08147,0.15,2345,31.5246,1.11831,0.34932
3010,400,4,4,61,0,0,0,1,134.498,0.0814,0.15,2345,31.5246,1.21431,0.34932
3011,400,3,3,48,0,0,0,1,98.884,0.08134,0.15,2345,31.5246,1.18201,0.34932
3012,400,4,4,68,0,0,1,1,148.703,0.08127,0.15,2345,31.5246,1.10214,0.34932
3013,400,4,4,55,0,0,0,1,100.853,0.0812,0.15,2346,31.5246,1.42923,0.34932
3014,400,4,4,24,0,0,0,1,107.94,0.08113,0.15,2346,31.5246,0.8266,0.34932
3015,400,6,6,62,0,0,2,1,141.493,0.08107,0.15,2347,31.5246,1.08027,0.34924
3016,400,13,3,43,2,0,0,1,145.459,0.081,0.15,2347,31.5246,1.04079,0.34924
3017,98,1,1,20,0,1,1,0,3.471,0.08093,0.15,2347,31.5246,1.57892,0.34924
3018,70,0,0,9,0,0,0,0,9.587,0.08086,0.15,2347,31.5246,1.82718,0.34924
3019,186,2,2,49,0,1,0,0,43.861,0.0808,0.15,2348,31.5246,1.60553,0.34916
3020,400,10,5,43,1,0,2,1,130.088,0.08073,0.15,2348,31.5246,1.35268,0.34916
3021,400,7,2,36,1,0,1,1,121.626,0.08066,0.15,2348,31.5246,0.88127,0.34916
3022,400,1,1,29,0,0,0,1,92.231,0.08059,0.15,2349,31.5246,0.90062,0.34908
3023,400,4,4,61,0,0,1,1,131.047,0.08053,0.15,2350,31.5246,1.15789,0.34908
3024,240,8,3,28,1,1,0,0,62.273,0.08046,0.15,2350,31.5246,1.20213,0.34915
3025,400,8,3,51,1,0,0,1,136.594,0.08039,0.15,2350,31.5246,1.14428,0.34915
3026,316,9,4,55,1,0,1,1,127.087,0.08033,0.15,2350,31.5246,1.29618,0.34915
3027,400,8,3,36,1,0,0,1,137.216,0.08026,0.15,2350,31.5246,0.91959,0.34915
3028,400,3,3,39,0,0,0,1,131.327,0.08019,0.15,2350,31.5246,0.85081,0.34915
3029,223,9,4,58,1,1,1,0,75.847,0.08013,0.15,2350,31.5246,1.81716,0.34915
3030,400,3,3,56,0,0,0,1,133.085,0.08006,0.15,2350,31.5246,1.04652,0.34915
3031,400,2,2,47,0,0,0,1,125.391,0.07999,0.15,2350,31.5246,0.83997,0.34915
3032,227,4,4,47,0,1,1,0,74.585,0.07992,0.15,2350,31.5246,1.34837,0.34915
3033,400,8,3,70,1,0,0,1,167.486,0.07986,0.15,2350,31.5246,1.13647,0.34915
3034,400,12,7,55,1,0,0,1,166.913,0.07979,0.15,2350,31.5246,1.12495,0.34915
3035,169,4,4,49,0,0,0,0,78.756,0.07973,0.15,2350,31.5246,1.79786,0.34915
3036,400,15,5,70,2,0,0,1,166.95,0.07966,0.15,2350,31.5246,1.59481,0.34915
3037,106,1,1,17,0,1,1,0,2.494,0.07959,0.15,2350,31.5246,2.01497,0.34915
3038,400,8,3,44,1,0,0,1,121.765,0.07953,0.15,2350,31.5246,1.44664,0.34915
3039,114,3,3,39,0,1,1,0,27.913,0.07946,0.15,2351,31.5246,2.54476,0.34907
3040,400,1,1,34,0,0,0,1,63.311,0.07939,0.15,2351,31.5246,1.41104,0.34907
3041,64,3,3,20,0,1,1,0,3.27,0.07933,0.15,2351,31.5246,2.71935,0.34907
3042,112,1,1,20,0,1,1,0,8.474,0.07926,0.15,2351,31.5246,1.46627,0.34907
3043,400,7,2,19,1,0,0,1,90.245,0.0792,0.15,2351,31.5246,1.07195,0.34914
3044,400,0,0,10,0,0,0,1,71.434,0.07913,0.15,2351,31.5246,0.66955,0.34914
3045,400,2,2,45,0,0,0,1,113.902,0.07906,0.15,2351,31.5246,0.95798,0.34914
3046,400,1,1,35,0,0,0,1,69.426,0.079,0.15,2351,31.5246,1.2971,0.34914
3047,99,2,2,23,0,1,0,0,4.077,0.07893,0.15,2351,31.5246,2.3401,0.34921
3048,250,9,4,53,1,1,0,0,61.042,0.07887,0.15,2351,31.5246,1.95351,0.34928
3049,400,1,1,34,0,0,0,1,79.86,0.0788,0.15,2351,31.5246,1.0511,0.34928
3050,209,4,4,46,0,1,0,0,32.649,0.07874,0.15,2351,31.5246,2.23848,0.34935
3051,400,8,8,65,0,0,0,1,117.631,0.07867,0.15,2351,31.5246,1.47908,0.34935
3052,308,0,0,24,0,1,0,0,40.456,0.0786,0.15,2352,31.5246,0.89252,0.34928
3053,400,4,4,48,0,0,0,1,117.453,0.07854,0.15,2352,31.5246,0.99845,0.34928
3054,400,1,1,20,0,0,1,1,61.477,0.07847,0.15,2353,31.5246,1.10418,0.34927
3055,400,3,3,47,0,0,0,1,124.057,0.07841,0.15,2353,31.5246,1.07794,0.34927
3056,400,3,3,47,0,0,0,1,115.416,0.07834,0.15,2353,31.5246,1.04712,0.34927
3057,400,5,5,45,0,0,0,1,137.069,0.07828,0.15,2353,31.5246,1.10833,0.34927
3058,66,1,1,14,0,1,1,0,-9.224,0.07821,0.15,2354,31.5246,1.78875,0.34919
3059,400,10,5,50,1,0,2,1,97.735,0.07815,0.15,2354,31.5246,1.73894,0.34919
3060,339,6,6,54,0,0,1,1,92.125,0.07808,0.15,2354,31.5246,1.59988,0.34926
3061,400,5,5,42,0,0,0,1,102.372,0.07802,0.15,2354,31.5246,1.25694,0.34926
3062,400,5,5,50,0,0,1,1,122.233,0.07795,0.15,2354,31.5246,1.08847,0.34926
3063,400,4,4,37,0,0,0,1,103.596,0.07789,0.15,2355,31.5246,1.02535,0.34919
3064,400,4,4,57,0,0,0,1,139.331,0.07782,0.15,2355,31.5246,0.96912,0.34919
3065,400,4,4,42,0,0,0,1,122.055,0.07776,0.15,2355,31.5246,0.96745,0.34919
3066,249,6,6,49,0,1,1,0,75.652,0.07769,0.15,2356,31.5246,1.59263,0.34911
3067,400,3,3,44,0,0,0,1,122.837,0.07763,0.15,2357,31.5246,1.16713,0.34903
3068,400,11,6,45,1,0,0,1,140.903,0.07756,0.15,2357,31.5246,1.28579,0.3491
3069,400,5,0,20,1,0,0,1,92.09,0.0775,0.15,2357,31.5246,0.9423,0.3491
3070,400,9,4,46,1,0,0,1,120.105,0.07743,0.15,2357,31.5246,1.36065,0.3491
3071,400,5,5,44,0,0,0,1,106.54,0.07737,0.15,2357,31.5246,1.28048,0.3491
3072,301,13,3,39,2,0,0,1,86.94,0.0773,0.15,2357,31.5246,1.66707,0.3491
3073,400,2,2,31,0,0,1,1,83.258,0.07724,0.15,2357,31.5246,1.09082,0.3491
3074,400,5,5,50,0,0,0,1,112.81,0.07718,0.15,2357,31.5246,1.02412,0.3491
3075,230,8,3,47,1,0,0,0,77.063,0.07711,0.15,2358,31.5246,1.95622,0.34902
3076,400,7,2,38,1,0,0,1,83.263,0.07705,0.15,2358,31.5246,1.38632,0.34902
3077,400,1,1,31,0,0,0,1,113.086,0.07698,0.15,2358,31.5246,0.70046,0.34902
3078,400,13,8,88,1,0,0,1,152.608,0.07692,0.15,2358,31.5246,1.655,0.34902
3079,400,4,4,56,0,0,0,1,105.034,0.07686,0.15,2358,31.5246,1.07654,0.3491
3080,400,8,3,52,1,0,0,1,126.62,0.07679,0.15,2358,31.5246,1.05888,0.3491
3081,400,9,4,73,1,0,1,1,140.173,0.07673,0.15,2358,31.5246,1.33257,0.3491
3082,400,4,4,58,0,0,0,1,106.53,0.07666,0.15,2358,31.5246,1.2402,0.3491
3083,400,4,4,45,0,0,2,1,96.543,0.0766,0.15,2358,31.5246,1.17479,0.3491
3084,346,4,4,32,0,1,1,0,46.48,0.07654,0.15,2358,31.5246,1.27373,0.3491
3085,319,3,3,38,0,0,0,1,72.156,0.07647,0.15,2358,31.5246,1.11269,0.3491
3086,130,2,2,27,0,1,0,0,6.753,0.07641,0.15,2358,31.5246,2.01507,0.3491
3087,204,2,2,61,0,1,1,0,34.932,0.07634,0.15,2358,31.5246,1.50241,0.3491
3088,400,8,3,60,1,0,1,1,107.383,0.07628,0.15,2358,31.5246,1.40728,0.34917
3089,252,9,4,32,1,1,0,0,39.272,0.07622,0.15,2358,31.5246,1.70691,0.34917
3090,400,3,3,57,0,0,0,1,88.774,0.07615,0.15,2358,31.5246,1.11282,0.34917
3091,368,4,4,46,0,0,0,1,72.094,0.07609,0.15,2358,31.5246,1.44777,0.34917
3092,52,0,0,2,0,1,0,0,-20.746,0.07603,0.15,2358,31.5246,1.8616,0.34917
3093,400,10,5,39,1,0,0,1,91.342,0.07596,0.15,2358,31.5246,1.21412,0.34917
3094,400,4,4,35,0,0,0,1,44.203,0.0759,0.15,2358,31.5246,1.21089,0.34917
3095,301,6,6,62,0,0,0,1,88.092,0.07584,0.15,2358,31.5246,1.54916,0.34917
3096,400,8,3,44,1,0,0,1,106.257,0.07577,0.15,2358,31.5246,1.11716,0.34917
3097,397,3,3,40,0,0,0,1,44.719,0.07571,0.15,2358,31.5246,1.46593,0.34917
3098,400,4,4,70,0,0,0,1,124.519,0.07565,0.15,2358,31.5246,1.01906,0.34917
3099,400,11,6,94,1,0,0,1,135.626,0.07558,0.15,2358,31.5246,1.37685,0.34917
3100,207,1,1,48,0,1,1,0,18.065,0.07552,0.15,2358,31.5246,1.81982,0.34917
3101,68,2,2,19,0,0,1,0,18.866,0.07546,0.15,2359,31.5246,1.77713,0.34916
3102,400,5,5,56,0,0,0,1,122.579,0.0754,0.15,2360,31.5246,1.21801,0.34908
3103,400,10,5,52,1,0,0,1,143.637,0.07533,0.15,2360,31.5246,1.23139,0.34908
3104,247,4,4,47,0,1,1,0,58.455,0.07527,0.15,2360,31.5246,1.82825,0.34908
3105,281,12,7,78,1,1,1,0,115.975,0.07521,0.15,2360,31.5246,2.1584,0.34908
3106,400,9,4,59,1,0,0,1,151.107,0.07515,0.15,2360,31.5246,1.50878,0.34908
3107,400,6,6,52,0,0,0,1,145.035,0.07508,0.15,2360,31.5246,0.95395,0.34908
3108,400,5,5,66,0,0,1,1,144.459,0.07502,0.15,2360,31.5246,1.19595,0.34908
3109,400,6,6,72,0,0,0,1,145.368,0.07496,0.15,2360,31.5246,1.56367,0.34908
3110,400,9,4,53,1,0,1,1,153.742,0.0749,0.15,2361,31.5246,1.16395,0.34908
3111,400,8,3,43,1,0,1,1,130.326,0.07483,0.15,2361,31.5246,1.32724,0.34908
3112,400,8,3,47,1,0,1,1,123.525,0.07477,0.15,2361,31.5246,1.20219,0.34908
3113,400,4,4,48,0,0,0,1,119.63,0.07471,0.15,2361,31.5246,1.06897,0.34908
3114,400,6,1,29,1,0,0,1,77.554,0.07465,0.15,2361,31.5246,1.40312,0.34908
3115,400,3,3,48,0,0,1,1,86.793,0.07458,0.15,2361,31.5246,1.18486,0.34908
3116,400,5,5,65,0,0,0,1,87.027,0.07452,0.15,2361,31.5246,1.111,0.34908
3117,186,3,3,61,0,1,0,0,42.785,0.07446,0.15,2361,31.5246,1.72764,0.34908
3118,400,10,5,45,1,0,0,1,122.381,0.0744,0.15,2361,31.5246,1.33557,0.34908
3119,365,4,4,64,0,0,0,1,129.279,0.07434,0.15,2361,31.5246,1.37322,0.34908
3120,234,8,3,60,1,0,0,0,98.809,0.07427,0.15,2361,31.5246,1.85373,0.34908
3121,400,7,7,62,0,0,0,1,142.8,0.07421,0.15,2361,31.5246,1.1807,0.34908
3122,400,7,2,59,1,0,0,1,144.366,0.07415,0.15,2361,31.5246,1.05741,0.34908
3123,400,5,5,64,0,0,1,1,136.866,0.07409,0.15,2363,31.5246,1.13364,0.34892
3124,400,6,6,56,0,0,0,1,131.086,0.07403,0.15,2364,31.5246,1.15427,0.34884
3125,219,3,3,48,0,1,1,0,47.944,0.07396,0.15,2364,31.5246,1.62054,0.34891
3126,400,3,3,49,0,0,1,1,130.368,0.0739,0.15,2364,31.5246,0.86252,0.34891
3127,400,6,6,82,0,0,1,1,149.997,0.07384,0.15,2365,31.5246,1.39109,0.34884
3128,400,3,3,49,0,0,0,1,107.448,0.07378,0.15,2366,31.5246,1.11955,0.34883
3129,65,1,1,14,0,0,0,0,12.219,0.07372,0.15,2367,31.5246,1.67659,0.34889
3130,400,6,6,66,0,0,0,1,109.151,0.07366,0.15,2367,31.5246,1.46429,0.34896
3131,400,10,5,79,1,0,0,1,153.273,0.0736,0.15,2367,31.5246,1.49689,0.34896
3132,400,9,4,39,1,0,1,1,119.369,0.07353,0.15,2367,31.5246,1.2534,0.34896
3133,218,4,4,46,0,1,2,0,37.783,0.07347,0.15,2367,31.5246,2.08691,0.34904
3134,400,4,4,39,0,0,0,1,104.073,0.07341,0.15,2367,31.5246,1.08101,0.34904
3135,400,16,6,89,2,0,0,1,142.784,0.07335,0.15,2367,31.5246,1.66584,0.34904
3136,85,1,1,40,0,1,1,0,9.783,0.07329,0.15,2367,31.5246,2.13153,0.34904
3137,393,11,6,67,1,0,0,1,120.999,0.07323,0.15,2367,31.5246,1.91055,0.34904
3138,137,3,3,41,0,1,1,0,27.657,0.07317,0.15,2367,31.5246,1.79918,0.34918
3139,400,8,3,67,1,0,0,1,134.57,0.07311,0.15,2367,31.5246,1.09312,0.34918
3140,161,3,3,38,0,1,0,0,25.593,0.07305,0.15,2367,31.5246,2.02943,0.34932
3141,385,16,6,84,2,0,0,1,136.797,0.07299,0.15,2367,31.5246,1.5151,0.34932
3142,200,4,4,60,0,1,1,0,50.497,0.07292,0.15,2367,31.5246,1.508,0.34932
3143,400,2,2,53,0,0,0,1,101.929,0.07286,0.15,2367,31.5246,0.94901,0.34932
3144,280,10,5,56,1,0,0,1,109.307,0.0728,0.15,2367,31.5246,1.28739,0.34932
3145,383,16,6,103,2,0,1,1,156.678,0.07274,0.15,2367,31.5246,1.45257,0.34932
3146,400,6,6,55,0,0,0,1,119.191,0.07268,0.15,2367,31.5246,1.04359,0.34932
3147,400,7,2,61,1,0,0,1,130.397,0.07262,0.15,2368,31.5246,1.14861,0.34924
3148,400,0,0,41,0,0,0,1,69.602,0.07256,0.15,2369,31.5246,1.20335,0.34916
3149,400,4,4,40,0,0,0,1,92.085,0.0725,0.15,2369,31.5246,1.01708,0.34916
3150,155,4,4,37,0,1,0,0,31.865,0.07244,0.15,2369,31.5246,1.94402,0.34923
3151,400,1,1,23,0,0,0,1,54.765,0.07238,0.15,2369,31.5246,0.95688,0.34923
3152,400,3,3,44,0,0,0,1,114.865,0.07232,0.15,2369,31.5246,1.23272,0.34923
3153,400,5,5,51,0,0,2,1,135.909,0.07226,0.15,2369,31.5246,0.95129,0.34923
3154,400,4,4,51,0,0,0,1,120.863,0.0722,0.15,2369,31.5246,0.95607,0.34923
3155,400,7,2,41,1,0,0,1,134.593,0.07214,0.15,2369,31.5246,1.00332,0.34923
3156,400,0,0,12,0,0,1,1,84.739,0.07208,0.15,2371,31.5246,0.8892,0.34908
3157,400,5,5,51,0,0,0,1,132.194,0.07202,0.15,2371,31.5246,0.98599,0.34915
3158,400,3,3,52,0,0,0,1,120.773,0.07196,0.15,2372,31.5246,1.12796,0.34907
3159,400,2,2,28,0,0,0,1,81.563,0.0719,0.15,2372,31.5246,0.93279,0.34907
3160,400,2,2,37,0,0,0,1,105.774,0.07184,0.15,2372,31.5246,0.98911,0.34907
3161,400,9,4,25,1,0,0,1,123.388,0.07178,0.15,2372,31.5246,0.956,0.34914
3162,196,1,1,18,0,1,1,0,23.434,0.07172,0.15,2372,31.5246,0.91174,0.34914
3163,400,11,6,46,1,0,0,1,147.001,0.07166,0.15,2372,31.5246,1.05847,0.34914
3164,400,4,4,47,0,0,0,1,124.308,0.0716,0.15,2372,31.5246,0.95655,0.34914
3165,400,4,4,23,0,0,0,1,100.909,0.07154,0.15,2372,31.5246,0.92386,0.34914
3166,400,10,5,50,1,0,0,1,138.765,0.07148,0.15,2373,31.5246,1.10152,0.34907
3167,201,1,1,25,0,1,0,0,26.064,0.07142,0.15,2373,31.5246,1.05179,0.34907
3168,400,6,1,36,1,0,0,1,113.464,0.07136,0.15,2373,31.5246,1.17701,0.34907
3169,400,6,1,27,1,0,0,1,94.313,0.0713,0.15,2373,31.5246,1.22287,0.34907
3170,400,2,2,41,0,0,0,1,114.849,0.07124,0.15,2373,31.5246,0.99785,0.34907
3171,400,8,3,25,1,0,0,1,106.275,0.07118,0.15,2374,31.5246,0.94988,0.34899
3172,400,0,0,31,0,0,0,1,93.274,0.07112,0.15,2374,31.5246,0.89541,0.34906
3173,400,2,2,51,0,0,0,1,110.64,0.07106,0.15,2374,31.5246,1.09988,0.34913
3174,400,3,3,44,0,0,1,1,106.535,0.07101,0.15,2374,31.5246,1.03208,0.34913
3175,400,11,6,68,1,0,0,1,142.416,0.07095,0.15,2374,31.5246,1.29127,0.34913
3176,400,6,6,55,0,0,0,1,132.562,0.07089,0.15,2374,31.5246,1.15569,0.3492
3177,400,5,5,48,0,0,0,1,106.728,0.07083,0.15,2374,31.5246,1.18645,0.34927
3178,217,5,5,64,0,1,1,0,51.991,0.07077,0.15,2374,31.5246,2.07674,0.34927
3179,400,6,6,47,0,0,1,1,108.249,0.07071,0.15,2374,31.5246,1.43429,0.34927
3180,400,17,7,96,2,0,1,1,169.616,0.07065,0.15,2374,31.5246,1.71126,0.34927
3181,400,6,6,47,0,0,2,1,126.481,0.07059,0.15,2374,31.5246,1.24366,0.34927
3182,400,6,6,53,0,0,1,1,124.349,0.07053,0.15,2374,31.5246,1.0995,0.34927
3183,400,5,5,68,0,0,0,1,122.865,0.07047,0.15,2375,31.5246,1.22327,0.34919
3184,64,2,2,16,0,1,1,0,-1.863,0.07042,0.15,2375,31.5246,1.92464,0.34919
3185,400,3,3,47,0,0,0,1,108.252,0.07036,0.15,2375,31.5246,1.07991,0.34919
3186,400,11,6,100,1,0,1,1,167.926,0.0703,0.15,2375,31.5246,1.62481,0.34919
3187,400,9,4,43,1,0,1,1,126.772,0.07024,0.15,2375,31.5246,1.25312,0.34919
3188,400,4,4,55,0,0,0,1,127.91,0.07018,0.15,2375,31.5246,1.14322,0.34919
3189,107,1,1,22,0,1,1,0,3.332,0.07012,0.15,2376,31.5246,2.12873,0.34912
3190,400,9,4,45,1,0,0,1,135.674,0.07006,0.15,2376,31.5246,1.25227,0.34912
3191,176,10,5,59,1,1,1,0,70.996,0.07001,0.15,2376,31.5246,2.20215,0.34912
3192,400,13,8,97,1,0,0,1,185.271,0.06995,0.15,2376,31.5246,1.45416,0.34912
3193,257,6,6,59,0,1,0,0,77.451,0.06989,0.15,2376,31.5246,1.69057,0.34912
3194,270,8,3,53,1,1,2,0,79.69,0.06983,0.15,2376,31.5246,1.64016,0.34912
3195,167,1,1,25,0,1,2,0,12.799,0.06977,0.15,2377,31.5246,1.61562,0.34904
3196,400,9,4,55,1,0,0,1,136.77,0.06972,0.15,2377,31.5246,1.31413,0.34904
3197,400,10,5,56,1,0,1,1,136.139,0.06966,0.15,2377,31.5246,1.37167,0.34904
3198,119,0,0,21,0,1,1,0,8.564,0.0696,0.15,2377,31.5246,1.77293,0.34904
3199,400,8,3,60,1,0,0,1,159.252,0.06954,0.15,2377,31.5246,1.04551,0.34911
3200,400,8,8,83,0,0,0,1,160.718,0.06948,0.15,2378,31.5246,1.36246,0.34903
3201,400,6,6,60,0,0,0,1,152.538,0.06943,0.15,2378,31.5246,1.1031,0.34903
3202,400,2,2,45,0,0,0,1,121.976,0.06937,0.15,2378,31.5246,1.11862,0.34903
3203,400,11,6,71,1,0,0,1,153.391,0.06931,0.15,2378,31.5246,1.41634,0.34903
3204,85,1,1,21,0,0,0,0,19.062,0.06925,0.15,2378,31.5246,1.93465,0.34903
3205,400,10,5,60,1,0,0,1,116.292,0.06919,0.15,2378,31.5246,1.41456,0.34903
3206,220,1,1,45,0,1,1,0,19.593,0.06914,0.15,2379,31.5246,2.08487,0.34896
3207,317,11,1,58,2,0,0,1,128.783,0.06908,0.15,2381,31.5246,1.70219,0.34887
3208,128,3,3,43,0,1,1,0,32.265,0.06902,0.15,2381,31.5246,2.1565,0.34887
3209,400,11,6,55,1,0,1,1,133.774,0.06896,0.15,2384,31.5246,1.57139,0.34864
3210,400,16,6,72,2,0,0,1,171.851,0.06891,0.15,2384,31.5246,1.58035,0.34864
3211,298,7,7,49,0,0,2,0,97.018,0.06885,0.15,2384,31.5246,1.50331,0.34864
3212,400,12,7,82,1,0,0,1,173.35,0.06879,0.15,2384,31.5246,1.4063,0.34864
3213,400,9,4,43,1,0,1,1,116.3,0.06873,0.15,2384,31.5246,1.33304,0.34864
3214,200,7,7,48,0,0,1,0,89.859,0.06868,0.15,2384,31.5246,1.96104,0.34864
3215,400,15,5,68,2,0,0,1,164.973,0.06862,0.15,2384,31.5246,1.52795,0.34864
3216,233,6,6,47,0,1,0,0,69.017,0.06856,0.15,2385,31.5246,1.9309,0.34857
3217,400,2,2,51,0,0,0,1,109.531,0.06851,0.15,2385,31.5246,1.35413,0.34857
3218,400,4,4,45,0,0,0,1,129.543,0.06845,0.15,2385,31.5246,0.9026,0.34857
3219,64,1,1,25,0,1,0,0,-0.681,0.06839,0.15,2385,31.5246,2.01596,0.34864
3220,400,4,4,48,0,0,0,1,134.189,0.06833,0.15,2385,31.5246,1.05405,0.34864
3221,400,2,2,42,0,0,0,1,113.411,0.06828,0.15,2386,31.5246,1.07889,0.34856
3222,400,8,3,51,1,0,0,1,136.868,0.06822,0.15,2388,31.5246,1.26069,0.34848
3223,400,10,5,52,1,0,0,1,152.521,0.06816,0.15,2389,31.5246,1.22629,0.3484
3224,265,5,5,52,0,0,0,1,108.405,0.06811,0.15,2389,31.5246,1.48656,0.3484
3225,400,7,2,34,1,0,0,1,115.098,0.06805,0.15,2389,31.5246,1.20366,0.3484
3226,129,5,5,47,0,1,1,0,46.459,0.06799,0.15,2389,31.5246,2.19955,0.3484
3227,304,8,3,46,1,1,1,0,76.833,0.06794,0.15,2389,31.5246,1.89801,0.3484
3228,400,1,1,29,0,0,0,1,52.626,0.06788,0.15,2389,31.5246,1.45665,0.3484
3229,400,9,4,68,1,0,0,1,149.265,0.06782,0.15,2389,31.5246,1.48911,0.3484
3230,400,12,2,77,2,0,0,1,145.824,0.06777,0.15,2389,31.5246,1.54245,0.3484
3231,400,6,6,98,0,0,0,1,162.087,0.06771,0.15,2389,31.5246,1.27979,0.3484
3232,400,7,7,77,0,0,1,1,146.972,0.06766,0.15,2391,31.5246,1.35566,0.34825
3233,400,5,5,73,0,0,0,1,91.363,0.0676,0.15,2391,31.5246,1.48936,0.34825
3234,400,5,5,66,0,0,0,1,102.849,0.06754,0.15,2391,31.5246,1.3616,0.34825
3235,400,6,6,85,0,0,1,1,95.333,0.06749,0.15,2391,31.5246,1.4942,0.34825
3236,400,9,4,54,1,0,0,1,113.283,0.06743,0.15,2392,31.5246,1.54316,0.34824
3237,346,4,4,57,0,0,1,1,117.216,0.06737,0.15,2392,31.5246,1.50955,0.34824
3238,400,8,3,63,1,0,0,1,162.955,0.06732,0.15,2392,31.5246,1.00261,0.34824
3239,155,2,2,12,0,1,0,0,0.343,0.06726,0.15,2392,31.5246,1.35196,0.34824
3240,400,5,5,68,0,0,1,1,155.924,0.06721,0.15,2392,31.5246,1.11869,0.34824
3241,400,13,8,59,1,0,0,1,173.672,0.06715,0.15,2392,31.5246,1.21009,0.34824
3242,400,11,6,60,1,0,0,1,173.576,0.06709,0.15,2392,31.5246,1.01172,0.34824
3243,400,9,4,47,1,0,0,1,140.007,0.06704,0.15,2392,31.5246,1.46129,0.34824
3244,400,6,6,57,0,0,1,1,146.44,0.06698,0.15,2392,31.5246,1.24675,0.34831
3245,400,1,1,50,0,0,0,1,123.392,0.06693,0.15,2392,31.5246,1.2011,0.34831
3246,400,11,6,49,1,0,0,1,147.553,0.06687,0.15,2392,31.5246,1.48723,0.34831
3247,400,4,4,53,0,0,0,1,140.599,0.06681,0.15,2392,31.5246,0.94324,0.34831
3248,400,4,4,35,0,0,0,1,87.848,0.06676,0.15,2392,31.5246,1.24134,0.34831
3249,400,6,6,61,0,0,0,1,121.947,0.0667,0.15,2392,31.5246,1.19942,0.34831
3250,400,5,5,62,0,0,2,1,140.473,0.06665,0.15,2392,31.5246,1.35878,0.34831
3251,139,4,4,58,0,1,1,0,52.357,0.06659,0.15,2392,31.5246,1.82285,0.34831
3252,400,11,6,74,1,0,0,1,150.735,0.06654,0.15,2393,31.5246,1.60289,0.34824
3253,113,1,1,37,0,1,0,0,28.285,0.06648,0.15,2393,31.5246,1.90366,0.34824
3254,400,8,3,57,1,0,0,1,146.336,0.06643,0.15,2393,31.5246,1.27012,0.34824
3255,400,5,5,56,0,0,0,1,142.076,0.06637,0.15,2393,31.5246,1.22168,0.34824
3256,400,8,3,33,1,0,0,1,104.517,0.06632,0.15,2393,31.5246,1.27638,0.34824
3257,400,6,6,51,0,0,0,1,111.321,0.06626,0.15,2393,31.5246,1.22394,0.34824
3258,400,3,3,45,0,0,1,1,62.221,0.0662,0.15,2394,31.5246,1.49723,0.34816
3259,400,5,5,57,0,0,0,1,109.606,0.06615,0.15,2394,31.5246,1.19638,0.34816
3260,400,4,4,48,0,0,0,1,111.167,0.06609,0.15,2394,31.5246,0.83864,0.34816
3261,264,7,2,55,1,0,0,1,84.202,0.06604,0.15,2394,31.5246,1.70699,0.34816
3262,400,11,6,55,1,0,0,1,100.392,0.06598,0.15,2394,31.5246,1.38694,0.34816
3263,97,1,1,28,0,1,0,0,2.826,0.06593,0.15,2394,31.5246,2.37781,0.34816
3264,400,7,2,46,1,0,0,1,116.928,0.06587,0.15,2394,31.5246,0.93235,0.34816
3265,400,14,4,63,2,0,1,1,147.47,0.06582,0.15,2394,31.5246,1.23105,0.34816
3266,400,6,6,68,0,0,0,1,131.117,0.06577,0.15,2395,31.5246,0.96537,0.34809
3267,400,7,7,66,0,0,0,1,144.629,0.06571,0.15,2395,31.5246,0.92669,0.34816
3268,400,12,2,47,2,0,0,1,134.865,0.06566,0.15,2395,31.5246,1.30329,0.34823
3269,400,3,3,38,0,0,1,1,107.15,0.0656,0.15,2395,31.5246,1.09247,0.34823
3270,400,5,0,38,1,0,0,1,103.483,0.06555,0.15,2395,31.5246,0.77282,0.34823
3271,400,1,1,31,0,0,0,1,94.596,0.06549,0.15,2395,31.5246,0.82376,0.34823
3272,400,9,4,45,1,0,0,1,136.13,0.06544,0.15,2395,31.5246,1.01073,0.34823
3273,143,1,1,24,0,1,1,0,24.475,0.06538,0.15,2395,31.5246,1.12458,0.34823
3274,400,2,2,48,0,0,1,1,108.132,0.06533,0.15,2396,31.5246,1.09562,0.34815
3275,400,2,2,14,0,0,0,1,96.908,0.06527,0.15,2397,31.5246,0.31348,0.34807
3276,400,4,4,25,0,0,0,1,107.616,0.06522,0.15,2397,31.5246,0.64607,0.34807
3277,400,5,5,45,0,0,0,1,110.016,0.06516,0.15,2400,31.5246,1.00837,0.34785
3278,400,12,2,33,2,0,0,1,140.784,0.06511,0.15,2400,31.5246,0.954,0.34785
3279,400,2,2,38,0,0,0,1,112.488,0.06506,0.15,2400,31.5246,0.72635,0.34785
3280,400,3,3,28,0,0,0,1,98.52,0.065,0.15,2400,31.5246,0.66997,0.34792
3281,400,10,5,39,1,0,1,1,139.758,0.06495,0.15,2400,31.5246,0.87681,0.34792
3282,400,3,3,35,0,0,0,1,128.819,0.06489,0.15,2400,31.5246,0.85951,0.34792
3283,400,8,3,38,1,0,0,1,135.804,0.06484,0.15,2400,31.5246,0.8133,0.34792
3284,400,2,2,30,0,0,0,1,107.429,0.06479,0.15,2400,31.5246,1.01889,0.34792
3285,400,2,2,29,0,0,2,1,106.947,0.06473,0.15,2400,31.5246,1.01464,0.34792
3286,214,7,2,38,1,1,1,0,53.539,0.06468,0.15,2400,31.5246,1.81556,0.34792
3287,400,1,1,16,0,0,2,1,74.637,0.06462,0.15,2400,31.5246,0.93399,0.34792
3288,400,15,5,63,2,0,0,1,156.731,0.06457,0.15,2400,31.5246,1.06013,0.34792
3289,400,1,1,50,0,0,0,1,118.231,0.06452,0.15,2400,31.5246,0.87765,0.34792
3290,400,9,4,36,1,0,1,1,99.493,0.06446,0.15,2400,31.5246,1.36681,0.34792
3291,400,6,6,58,0,0,0,1,140.35,0.06441,0.15,2400,31.5246,0.90657,0.34792
3292,205,3,3,61,0,1,1,0,54.984,0.06436,0.15,2401,31.5246,1.83672,0.34798
3293,63,0,0,15,0,1,1,0,-14.783,0.0643,0.15,2401,31.5246,2.33094,0.34798
3294,400,8,3,50,1,0,0,1,131.686,0.06425,0.15,2401,31.5246,1.02716,0.34798
3295,400,2,2,43,0,0,0,1,94.823,0.06419,0.15,2401,31.5246,1.03484,0.34798
3296,400,8,3,43,1,0,0,1,137.124,0.06414,0.15,2401,31.5246,1.18153,0.34798
3297,400,1,1,26,0,0,1,1,72.898,0.06409,0.15,2401,31.5246,1.34459,0.34798
3298,400,2,2,45,0,0,0,1,89.471,0.06403,0.15,2401,31.5246,1.00189,0.34798
3299,400,5,5,42,0,0,0,1,110.192,0.06398,0.15,2401,31.5246,0.98987,0.34805
3300,400,1,1,34,0,0,0,1,95.754,0.06393,0.15,2401,31.5246,0.60927,0.34812
3301,400,1,1,46,0,0,2,1,101.077,0.06387,0.15,2401,31.5246,1.00834,0.34812
3302,400,3,3,38,0,0,0,1,106.188,0.06382,0.15,2401,31.5246,0.90722,0.34812
3303,400,10,5,56,1,0,0,1,126.261,0.06377,0.15,2401,31.5246,1.11718,0.34812
3304,400,2,2,39,0,0,0,1,101.304,0.06372,0.15,2401,31.5246,0.80378,0.34812
3305,348,6,6,52,0,0,0,1,101.966,0.06366,0.15,2401,31.5246,1.20468,0.34812
3306,400,3,3,58,0,0,0,1,118.915,0.06361,0.15,2401,31.5246,0.93515,0.34812
3307,400,6,6,60,0,0,0,1,146.85,0.06356,0.15,2401,31.5246,0.9711,0.34812
3308,120,4,4,40,0,1,0,0,32.584,0.0635,0.15,2401,31.5246,2.06245,0.34812
3309,400,5,5,55,0,0,2,1,123.807,0.06345,0.15,2401,31.5246,1.25464,0.34812
3310,400,6,6,41,0,0,0,1,120.838,0.0634,0.15,2401,31.5246,1.04993,0.34812
3311,400,8,3,48,1,0,0,1,125.324,0.06334,0.15,2401,31.5246,1.02687,0.34812
3312,400,14,9,108,1,0,0,1,176.329,0.06329,0.15,2402,31.5246,1.44312,0.34804
3313,400,17,7,60,2,0,0,1,119.788,0.06324,0.15,2402,31.5246,1.80404,0.34804
3314,171,8,3,36,1,0,0,0,64.225,0.06319,0.15,2402,31.5246,2.15053,0.34804
3315,400,9,4,43,1,0,0,1,109.201,0.06313,0.15,2402,31.5246,1.25304,0.34804
3316,69,3,3,26,0,1,1,0,5.124,0.06308,0.15,2402,31.5246,2.60225,0.34804
3317,95,3,3,24,0,1,0,0,4.817,0.06303,0.15,2402,31.5246,2.02701,0.34811
3318,166,3,3,46,0,1,1,0,29.743,0.06298,0.15,2402,31.5246,1.96929,0.34811
3319,400,6,6,73,0,0,0,1,122.946,0.06292,0.15,2402,31.5246,1.31063,0.34811
3320,172,3,3,19,0,1,0,0,14.476,0.06287,0.15,2402,31.5246,1.64873,0.34811
3321,400,5,5,43,0,0,0,1,106.329,0.06282,0.15,2402,31.5246,0.8986,0.34811
3322,400,7,2,37,1,0,0,1,100.486,0.06277,0.15,2402,31.5246,0.93155,0.34811
3323,206,3,3,30,0,1,1,0,32.879,0.06271,0.15,2402,31.5246,1.63326,0.34811
3324,310,7,2,49,1,1,2,0,54.323,0.06266,0.15,2402,31.5246,1.47926,0.34811
3325,400,9,4,38,1,0,0,1,103.973,0.06261,0.15,2402,31.5246,1.23218,0.34811
3326,400,5,5,52,0,0,1,1,88.167,0.06256,0.15,2402,31.5246,1.28168,0.34811
3327,111,2,2,35,0,1,1,0,4.56,0.06251,0.15,2402,31.5246,2.07716,0.34811
3328,400,3,3,31,0,0,0,1,103.914,0.06245,0.15,2402,31.5246,1.03139,0.34811
3329,400,1,1,29,0,0,0,1,82.162,0.0624,0.15,2402,31.5246,1.06035,0.34811
3330,400,10,5,36,1,0,0,1,114.165,0.06235,0.15,2402,31.5246,1.16919,0.34811
3331,171,4,4,40,0,0,0,0,67.567,0.0623,0.15,2402,31.5246,1.97165,0.34811
3332,400,10,5,65,1,0,1,1,158.535,0.06225,0.15,2402,31.5246,1.36667,0.34811
3333,400,9,4,55,1,0,0,1,152.317,0.06219,0.15,2402,31.5246,1.20548,0.34811
3334,400,5,5,64,0,0,0,1,134.05,0.06214,0.15,2402,31.5246,0.96074,0.34811
3335,400,9,4,52,1,0,0,1,152.89,0.06209,0.15,2402,31.5246,1.3064,0.34811
3336,400,4,4,51,0,0,1,1,144.767,0.06204,0.15,2402,31.5246,1.09235,0.34811
3337,149,8,3,43,1,1,1,0,33.229,0.06199,0.15,2402,31.5246,2.14541,0.34811
3338,294,4,4,48,0,0,0,1,62.901,0.06194,0.15,2402,31.5246,1.60734,0.34811
3339,400,17,7,59,2,0,0,1,137.15,0.06188,0.15,2402,31.5246,1.70568,0.34811
3340,367,4,4,33,0,0,0,1,105.743,0.06183,0.15,2402,31.5246,1.17401,0.34811
3341,400,9,4,64,1,0,0,1,168.784,0.06178,0.15,2402,31.5246,1.04258,0.34811
3342,400,2,2,34,0,0,0,1,112.398,0.06173,0.15,2402,31.5246,1.2314,0.34811
3343,400,6,6,63,0,0,1,1,144.887,0.06168,0.15,2402,31.5246,1.28277,0.34811
3344,400,7,7,61,0,0,0,1,152.79,0.06163,0.15,2402,31.5246,1.11085,0.34811
3345,204,10,5,49,1,0,1,0,105.542,0.06157,0.15,2402,31.5246,1.70861,0.34811
3346,89,2,2,25,0,0,1,0,34.98,0.06152,0.15,2402,31.5246,1.67204,0.34818
3347,400,4,4,40,0,0,0,1,117.429,0.06147,0.15,2402,31.5246,1.12152,0.34818
3348,400,5,5,66,0,0,0,1,157.472,0.06142,0.15,2402,31.5246,1.14841,0.34818
3349,400,8,8,86,0,0,0,1,163.734,0.06137,0.15,2402,31.5246,1.45655,0.34818
3350,85,1,1,19,0,1,0,0,-2.561,0.06132,0.15,2403,31.5246,1.82195,0.34811
3351,400,3,3,51,0,0,0,1,132.175,0.06127,0.15,2403,31.5246,0.88805,0.34811
3352,400,8,8,91,0,0,0,1,185.177,0.06122,0.15,2403,31.5246,1.34728,0.34811
3353,400,9,4,82,1,0,0,1,173.122,0.06117,0.15,2403,31.5246,1.32677,0.34811
3354,400,9,4,56,1,0,1,1,153.836,0.06111,0.15,2403,31.5246,1.27014,0.34811
3355,218,4,4,60,0,0,0,0,91.838,0.06106,0.15,2403,31.5246,1.42133,0.34811
3356,400,5,5,60,0,0,0,1,146.672,0.06101,0.15,2403,31.5246,1.03347,0.34811
3357,400,16,6,61,2,0,0,1,165.278,0.06096,0.15,2403,31.5246,1.5774,0.34811
3358,400,19,9,60,2,0,1,1,175.354,0.06091,0.15,2403,31.5246,1.67337,0.34811
3359,400,3,3,41,0,0,0,1,89.674,0.06086,0.15,2403,31.5246,1.37029,0.34811
3360,148,3,3,37,0,1,1,0,31.433,0.06081,0.15,2404,31.5246,1.58986,0.34803
3361,400,6,6,73,0,0,2,1,134.064,0.06076,0.15,2404,31.5246,1.5575,0.34803
3362,400,6,6,57,0,0,0,1,115.066,0.06071,0.15,2404,31.5246,1.09981,0.34803
3363,400,4,4,50,0,0,0,1,114.824,0.06066,0.15,2404,31.5246,1.16036,0.34803
3364,400,4,4,65,0,0,1,1,153.732,0.06061,0.15,2404,31.5246,1.05276,0.34803
3365,400,9,4,62,1,0,0,1,165.845,0.06056,0.15,2404,31.5246,1.04029,0.34803
3366,332,14,4,52,2,0,0,1,152.663,0.06051,0.15,2404,31.5246,1.66137,0.34803
3367,400,12,7,56,1,0,0,1,161.638,0.06046,0.15,2404,31.5246,1.67948,0.34803
3368,400,15,5,68,2,0,1,1,160.096,0.06041,0.15,2404,31.5246,1.7313,0.34803
3369,400,10,5,67,1,0,0,1,148.981,0.06036,0.15,2405,31.5246,1.48573,0.34796
3370,382,11,6,95,1,0,0,1,184.359,0.06031,0.15,2405,31.5246,1.63151,0.34796
3371,400,10,5,38,1,0,0,1,156.67,0.06026,0.15,2405,31.5246,1.10767,0.34796
3372,228,3,3,59,0,0,0,0,90.454,0.0602,0.15,2406,31.5246,1.40774,0.34788
3373,400,7,2,21,1,0,0,1,46.293,0.06015,0.15,2406,31.5246,1.68265,0.34788
3374,400,4,4,55,0,0,0,1,102.223,0.0601,0.15,2406,31.5246,1.2113,0.34788
3375,305,5,5,54,0,0,0,1,76.509,0.06005,0.15,2408,31.5246,1.58217,0.34773
3376,400,10,5,89,1,0,0,1,146.622,0.06,0.15,2408,31.5246,1.48302,0.34773
3377,400,3,3,62,0,0,2,1,131.165,0.05995,0.15,2408,31.5246,1.06323,0.34773
3378,312,9,4,73,1,0,1,1,128.772,0.0599,0.15,2408,31.5246,1.53629,0.3478
3379,400,7,2,68,1,0,1,1,140.979,0.05985,0.15,2408,31.5246,1.14855,0.34787
3380,400,18,8,94,2,0,0,1,176.645,0.0598,0.15,2408,31.5246,1.60537,0.34787
3381,400,11,6,62,1,0,0,1,163.85,0.05976,0.15,2409,31.5246,1.42521,0.34786
3382,400,5,5,60,0,0,0,1,140.801,0.05971,0.15,2409,31.5246,0.86847,0.34786
3383,400,5,5,51,0,0,0,1,121.27,0.05966,0.15,2409,31.5246,1.00581,0.34786
3384,400,3,3,55,0,0,2,1,128.039,0.05961,0.15,2410,31.5246,0.99558,0.34779
3385,197,10,5,53,1,1,1,0,76.379,0.05956,0.15,2410,31.5246,2.15865,0.34779
3386,258,10,5,58,1,0,0,1,132.461,0.05951,0.15,2410,31.5246,1.82146,0.34779
3387,400,11,6,67,1,0,0,1,139.523,0.05946,0.15,2410,31.5246,1.64158,0.34779
3388,400,9,4,46,1,0,0,1,113.596,0.05941,0.15,2410,31.5246,1.53445,0.34779
3389,400,5,5,65,0,0,0,1,149.389,0.05936,0.15,2410,31.5246,1.06414,0.34779
3390,400,5,5,56,0,0,0,1,147.061,0.05931,0.15,2410,31.5246,1.11638,0.34779
3391,266,9,4,54,1,0,0,1,129.977,0.05926,0.15,2410,31.5246,1.53912,0.34779
3392,400,9,4,61,1,0,0,1,165.991,0.05921,0.15,2410,31.5246,1.01092,0.34779
3393,400,12,7,69,1,0,0,1,167.88,0.05916,0.15,2412,31.5246,1.34341,0.34764
3394,400,5,5,58,0,0,0,1,159.019,0.05911,0.15,2413,31.5246,0.91165,0.34756
3395,108,1,1,32,0,1,1,0,19.534,0.05906,0.15,2413,31.5246,1.93122,0.34763
3396,400,3,3,58,0,0,0,1,145.461,0.05901,0.15,2413,31.5246,0.93958,0.3477
3397,400,5,5,43,0,0,0,1,143.3,0.05896,0.15,2413,31.5246,1.03912,0.3477
3398,77,3,3,35,0,1,1,0,21.777,0.05891,0.15,2413,31.5246,2.3497,0.3477
3399,400,8,3,60,1,0,0,1,156.866,0.05887,0.15,2414,31.5246,1.01046,0.34762
3400,99,3,3,34,0,1,1,0,23.071,0.05882,0.15,2414,31.5246,2.61301,0.34762
3401,225,5,5,55,0,0,0,1,102.2,0.05877,0.15,2414,31.5246,1.41241,0.34762
3402,400,11,6,60,1,0,0,1,176.919,0.05872,0.15,2414,31.5246,0.99099,0.34762
3403,293,12,7,87,1,0,0,1,164.307,0.05867,0.15,2414,31.5246,1.5241,0.34762
3404,400,12,7,96,1,0,0,1,202.287,0.05862,0.15,2414,31.5246,1.49011,0.34762
3405,400,4,4,65,0,0,0,1,148.649,0.05857,0.15,2414,31.5246,0.91933,0.34762
3406,336,13,8,75,1,0,0,1,166.294,0.05852,0.15,2414,31.5246,1.47985,0.34762
3407,400,3,3,57,0,0,0,1,136.999,0.05847,0.15,2414,31.5246,0.92263,0.34762
3408,291,5,5,60,0,0,0,1,116.886,0.05843,0.15,2414,31.5246,1.53184,0.34762
3409,317,18,8,86,2,0,0,1,190.743,0.05838,0.15,2414,31.5246,2.00366,0.34762
3410,400,4,4,67,0,0,0,1,151.168,0.05833,0.15,2414,31.5246,1.04413,0.34762
3411,168,1,1,57,0,1,1,0,47.172,0.05828,0.15,2414,31.5246,1.52832,0.34762
3412,383,19,9,96,2,0,0,1,211.769,0.05823,0.15,2414,31.5246,1.62171,0.34762
3413,400,7,2,64,1,0,0,1,155.46,0.05818,0.15,2416,31.5246,0.91713,0.34748
3414,400,2,2,57,0,0,0,1,133.841,0.05813,0.15,2416,31.5246,1.04841,0.34748
3415,400,17,7,90,2,0,0,1,201.536,0.05809,0.15,2416,31.5246,1.48908,0.34748
3416,400,9,4,71,1,0,0,1,165.724,0.05804,0.15,2416,31.5246,1.18882,0.34748
3417,388,11,6,74,1,0,0,1,171.33,0.05799,0.15,2416,31.5246,1.5251,0.34754
3418,400,10,5,40,1,0,0,1,138.928,0.05794,0.15,2418,31.5246,1.12506,0.34739
3419,283,15,5,64,2,0,0,1,146.196,0.05789,0.15,2418,31.5246,1.68213,0.34739
3420,400,7,7,39,0,0,0,1,132.718,0.05784,0.15,2419,31.5246,0.99137,0.34732
3421,400,7,7,82,0,0,0,1,168.79,0.0578,0.15,2419,31.5246,1.26067,0.34739
3422,400,6,1,56,1,0,0,1,131.126,0.05775,0.15,2419,31.5246,1.16527,0.34746
3423,400,8,8,55,0,0,0,1,149.319,0.0577,0.15,2419,31.5246,0.98299,0.34746
3424,400,7,7,65,0,0,0,1,159.685,0.05765,0.15,2420,31.5246,0.95781,0.34738
3425,400,5,5,46,0,0,0,1,122.716,0.0576,0.15,2420,31.5246,1.0091,0.34738
3426,400,8,3,52,1,0,0,1,156.959,0.05756,0.15,2420,31.5246,1.21397,0.34745
3427,400,10,5,69,1,0,0,1,157.643,0.05751,0.15,2420,31.5246,1.2054,0.34745
3428,400,9,4,61,1,0,0,1,155.148,0.05746,0.15,2420,31.5246,1.19936,0.34745
3429,400,9,4,44,1,0,0,1,123.632,0.05741,0.15,2420,31.5246,1.25958,0.34745
3430,400,12,7,86,1,0,0,1,167.85,0.05736,0.15,2420,31.5246,1.55964,0.34745
3431,400,4,4,61,0,0,0,1,144.145,0.05732,0.15,2420,31.5246,1.0243,0.34745
3432,400,2,2,46,0,0,0,1,89.662,0.05727,0.15,2420,31.5246,1.09934,0.34745
3433,233,5,5,56,0,1,1,0,43.32,0.05722,0.15,2420,31.5246,2.04749,0.34745
3434,400,8,3,59,1,0,0,1,124.861,0.05717,0.15,2420,31.5246,1.30099,0.34745
3435,99,3,3,31,0,1,1,0,17.255,0.05713,0.15,2420,31.5246,2.57611,0.34745
3436,400,5,5,49,0,0,0,1,119.685,0.05708,0.15,2420,31.5246,1.04878,0.34745
3437,64,0,0,20,0,0,0,0,14.611,0.05703,0.15,2420,31.5246,2.02404,0.34745
3438,137,2,2,41,0,1,1,0,26.057,0.05698,0.15,2420,31.5246,2.42204,0.34745
3439,400,7,2,59,1,0,1,1,149.629,0.05694,0.15,2420,31.5246,1.30477,0.34752
3440,400,5,5,62,0,0,0,1,139.106,0.05689,0.15,2420,31.5246,1.12802,0.34759
3441,400,5,5,54,0,0,0,1,130.792,0.05684,0.15,2420,31.5246,0.9663,0.34759
3442,400,1,1,63,0,0,1,1,124.907,0.05679,0.15,2420,31.5246,1.27565,0.34773
3443,400,11,6,77,1,0,0,1,139.241,0.05675,0.15,2420,31.5246,1.55949,0.34773
3444,256,4,4,50,0,1,1,0,52.918,0.0567,0.15,2420,31.5246,1.8637,0.34773
3445,400,3,3,64,0,0,0,1,125.05,0.05665,0.15,2420,31.5246,1.38206,0.34773
3446,400,6,6,62,0,0,0,1,159.341,0.0566,0.15,2421,31.5246,1.16589,0.34765
3447,400,11,6,56,1,0,1,1,168.586,0.05656,0.15,2421,31.5246,1.28135,0.34765
3448,400,3,3,61,0,0,0,1,129.143,0.05651,0.15,2421,31.5246,1.05768,0.34765
3449,70,3,3,24,0,1,1,0,11.616,0.05646,0.15,2421,31.5246,2.43202,0.34765
3450,150,10,5,41,1,1,1,0,60.487,0.05642,0.15,2421,31.5246,1.81812,0.34765
3451,400,8,3,51,1,0,0,1,144.89,0.05637,0.15,2421,31.5246,1.29304,0.34765
3452,400,10,5,55,1,0,0,1,161.705,0.05632,0.15,2421,31.5246,1.07185,0.34765
3453,400,4,4,53,0,0,0,1,136.434,0.05628,0.15,2421,31.5246,1.21492,0.34772
3454,143,0,0,39,0,1,1,0,31.282,0.05623,0.15,2421,31.5246,2.01623,0.34779
3455,400,1,1,50,0,0,0,1,96.637,0.05618,0.15,2421,31.5246,1.27926,0.34779
3456,400,3,3,56,0,0,0,1,107.568,0.05613,0.15,2421,31.5246,1.39571,0.34779
3457,400,13,8,83,1,0,0,1,156.729,0.05609,0.15,2421,31.5246,1.78573,0.34779
3458,400,4,4,60,0,0,0,1,124.427,0.05604,0.15,2422,31.5246,1.25861,0.34772
3459,400,5,5,59,0,0,0,1,123.634,0.05599,0.15,2422,31.5246,0.99355,0.34772
3460,400,8,3,56,1,0,0,1,141.266,0.05595,0.15,2422,31.5246,1.2186,0.34772
3461,155,1,1,32,0,1,0,0,19.69,0.0559,0.15,2422,31.5246,1.74108,0.34772
3462,146,2,2,26,0,0,0,0,31.338,0.05585,0.15,2422,31.5246,1.97538,0.34772
3463,244,9,4,37,1,1,1,0,31.18,0.05581,0.15,2422,31.5246,2.38722,0.34778
3464,282,7,2,44,1,1,0,0,30.562,0.05576,0.15,2422,31.5246,2.04615,0.34778
3465,360,17,7,91,2,0,1,1,166.716,0.05572,0.15,2422,31.5246,1.83421,0.34778
3466,92,3,3,28,0,1,1,0,12.766,0.05567,0.15,2422,31.5246,2.6976,0.34778
3467,355,18,8,90,2,0,0,1,165.116,0.05562,0.15,2422,31.5246,1.81014,0.34778
3468,400,2,2,43,0,0,2,1,106.223,0.05558,0.15,2422,31.5246,1.14216,0.34778
3469,205,4,4,58,0,1,0,0,49.656,0.05553,0.15,2422,31.5246,1.79863,0.34778
3470,400,4,4,35,0,0,0,1,107.745,0.05548,0.15,2422,31.5246,0.82924,0.34778
3471,400,4,4,47,0,0,1,1,131.424,0.05544,0.15,2423,31.5246,1.07877,0.34778
3472,400,3,3,32,0,0,1,1,104.131,0.05539,0.15,2423,31.5246,0.97928,0.34778
3473,400,6,6,66,0,0,1,1,123.284,0.05535,0.15,2423,31.5246,0.98546,0.34778
3474,400,8,3,39,1,0,0,1,110.435,0.0553,0.15,2423,31.5246,1.29421,0.34778
3475,400,1,1,41,0,0,0,1,94.366,0.05525,0.15,2423,31.5246,0.96709,0.34778
3476,400,10,5,81,1,0,0,1,117.091,0.05521,0.15,2423,31.5246,1.55218,0.34778
3477,400,6,6,55,0,0,0,1,117.4,0.05516,0.15,2423,31.5246,1.29969,0.34778
3478,400,8,3,39,1,0,0,1,66.999,0.05512,0.15,2423,31.5246,1.95718,0.34778
3479,400,4,4,57,0,0,0,1,103.333,0.05507,0.15,2424,31.5246,1.25951,0.3477
3480,400,8,3,37,1,0,0,1,97.68,0.05502,0.15,2424,31.5246,1.34067,0.3477
3481,141,3,3,41,0,1,1,0,17.023,0.05498,0.15,2424,31.5246,2.33298,0.3477
3482,165,3,3,38,0,1,0,0,21.017,0.05493,0.15,2424,31.5246,1.96091,0.3477
3483,400,9,4,57,1,0,0,1,119.455,0.05489,0.15,2424,31.5246,1.37723,0.3477
3484,400,9,4,42,1,0,0,1,120.704,0.05484,0.15,2424,31.5246,1.33275,0.3477
3485,400,8,3,42,1,0,0,1,120.542,0.05479,0.15,2424,31.5246,1.53175,0.34791
3486,400,4,4,37,0,0,0,1,109.609,0.05475,0.15,2424,31.5246,1.11667,0.34791
3487,400,9,4,46,1,0,0,1,85.407,0.0547,0.15,2424,31.5246,1.41222,0.34791
3488,146,0,0,17,0,0,0,0,31.489,0.05466,0.15,2424,31.5246,1.01152,0.34791
3489,400,4,4,66,0,0,0,1,128.355,0.05461,0.15,2424,31.5246,1.10156,0.34791
3490,400,13,8,87,1,0,0,1,134.341,0.05457,0.15,2425,31.5246,1.66042,0.34784
3491,400,2,2,46,0,0,0,1,96.752,0.05452,0.15,2425,31.5246,1.02259,0.34784
3492,273,7,2,46,1,1,0,0,67.023,0.05448,0.15,2426,31.5246,1.79106,0.34776
3493,400,8,3,48,1,0,0,1,132.049,0.05443,0.15,2426,31.5246,1.38354,0.34776
3494,400,7,2,56,1,0,0,1,131.781,0.05439,0.15,2426,31.5246,1.2635,0.34776
3495,61,0,0,21,0,0,0,0,18.811,0.05434,0.15,2426,31.5246,1.4926,0.34776
3496,400,7,2,46,1,0,0,1,119.842,0.05429,0.15,2426,31.5246,1.15171,0.34776
3497,400,3,3,59,0,0,0,1,127.833,0.05425,0.15,2426,31.5246,1.09461,0.34776
3498,400,4,4,51,0,0,0,1,121.914,0.0542,0.15,2426,31.5246,1.06021,0.34776
3499,400,10,5,40,1,0,0,1,67.537,0.05416,0.15,2426,31.5246,1.56486,0.34776
3500,199,5,5,46,0,1,0,0,19.826,0.05411,0.15,2426,31.5246,1.83647,0.34776
3501,400,3,3,49,0,0,0,1,73.741,0.05407,0.15,2428,31.5246,1.32982,0.34761
3502,400,3,3,61,0,0,0,1,93.662,0.05402,0.15,2428,31.5246,1.42844,0.34768
3503,220,3,3,55,0,1,2,0,37.787,0.05398,0.15,2428,31.5246,1.72979,0.34768
3504,400,5,5,44,0,0,1,1,117.283,0.05393,0.15,2428,31.5246,1.15323,0.34768
3505,288,8,3,44,1,1,1,0,57.498,0.05389,0.15,2428,31.5246,1.76697,0.34768
3506,307,13,3,63,2,0,0,1,107.591,0.05384,0.15,2428,31.5246,1.97409,0.34775
3507,400,4,4,76,0,0,0,1,138.527,0.0538,0.15,2428,31.5246,1.1856,0.34782
3508,400,3,3,60,0,0,0,1,131.329,0.05375,0.15,2428,31.5246,0.7479,0.34782
3509,400,2,2,45,0,0,0,1,107.153,0.05371,0.15,2428,31.5246,1.00248,0.34782
3510,120,0,0,2,0,1,0,0,-3.434,0.05366,0.15,2428,31.5246,0.82102,0.34782
3511,400,4,4,35,0,0,2,1,90.699,0.05362,0.15,2429,31.5246,0.76322,0.34781
3512,400,10,5,57,1,0,0,1,127.471,0.05358,0.15,2429,31.5246,1.18355,0.34781
3513,400,7,2,58,1,0,0,1,58.211,0.05353,0.15,2429,31.5246,1.3908,0.34781
3514,400,8,8,80,0,0,0,1,107.772,0.05349,0.15,2429,31.5246,1.69072,0.34781
3515,400,16,6,39,2,0,0,1,103.716,0.05344,0.15,2429,31.5246,1.92023,0.34781
3516,400,7,7,89,0,0,0,1,141.38,0.0534,0.15,2429,31.5246,1.5309,0.34781
3517,400,12,7,69,1,0,0,1,117.731,0.05335,0.15,2429,31.5246,1.47468,0.34781
3518,162,7,2,52,1,1,1,0,47.6,0.05331,0.15,2429,31.5246,2.32821,0.34788
3519,400,8,3,43,1,0,0,1,93.888,0.05326,0.15,2429,31.5246,1.25129,0.34788
3520,400,11,6,83,1,0,0,1,157.635,0.05322,0.15,2430,31.5246,1.62208,0.34781
3521,400,2,2,46,0,0,0,1,118.51,0.05318,0.15,2430,31.5246,1.06852,0.34781
3522,162,7,2,52,1,1,1,0,61.52,0.05313,0.15,2430,31.5246,2.02428,0.34781
3523,400,2,2,44,0,0,1,1,117.572,0.05309,0.15,2430,31.5246,1.06174,0.34781
3524,400,2,2,57,0,0,0,1,125.72,0.05304,0.15,2430,31.5246,1.08204,0.34781
3525,142,0,0,38,0,1,1,0,8.531,0.053,0.15,2430,31.5246,1.64606,0.34781
3526,400,3,3,65,0,0,0,1,85.904,0.05295,0.15,2430,31.5246,1.41029,0.34781
3527,131,4,4,38,0,1,0,0,39.837,0.05291,0.15,2431,31.5246,2.11579,0.34773
3528,400,2,2,51,0,0,0,1,122.633,0.05287,0.15,2431,31.5246,1.04747,0.34773
3529,400,7,2,57,1,0,0,1,136.125,0.05282,0.15,2431,31.5246,1.09733,0.34773
3530,400,6,1,52,1,0,0,1,128.249,0.05278,0.15,2431,31.5246,1.2334,0.3478
3531,400,4,4,64,0,0,2,1,130.996,0.05273,0.15,2432,31.5246,1.08654,0.34772
3532,71,3,3,19,0,1,1,0,7.006,0.05269,0.15,2432,31.5246,2.85241,0.34772
3533,400,9,4,61,1,0,0,1,115.929,0.05265,0.15,2432,31.5246,1.53381,0.34772
3534,400,10,5,49,1,0,0,1,146.471,0.0526,0.15,2433,31.5246,1.33799,0.34772
3535,357,14,4,47,2,0,1,1,134.3,0.05256,0.15,2433,31.5246,1.55945,0.34772
3536,400,8,3,81,1,0,0,1,154.623,0.05251,0.15,2433,31.5246,1.36942,0.34772
3537,400,6,6,55,0,0,0,1,149.592,0.05247,0.15,2433,31.5246,1.01678,0.34779
3538,170,2,2,35,0,1,1,0,33.783,0.05243,0.15,2433,31.5246,1.86472,0.34779
3539,184,1,1,42,0,1,0,0,39.316,0.05238,0.15,2433,31.5246,1.85614,0.34786
3540,400,4,4,51,0,0,1,1,123.201,0.05234,0.15,2434,31.5246,1.10194,0.34785
3541,400,5,5,57,0,0,0,1,143.089,0.0523,0.15,2435,31.5246,1.21344,0.34778
3542,400,11,6,44,1,0,0,1,147.91,0.05225,0.15,2435,31.5246,1.08213,0.34778
3543,400,2,2,34,0,0,0,1,95.343,0.05221,0.15,2437,31.5246,0.98768,0.34763
3544,69,1,1,19,0,1,1,0,-5.085,0.05217,0.15,2437,31.5246,2.65328,0.34763
3545,143,5,5,41,0,1,1,0,39.12,0.05212,0.15,2437,31.5246,2.05757,0.34763
3546,400,4,4,37,0,0,0,1,71.076,0.05208,0.15,2437,31.5246,1.41078,0.34763
3547,326,14,4,63,2,0,0,1,117.836,0.05204,0.15,2437,31.5246,1.69667,0.34763
3548,400,5,5,50,0,0,0,1,140.811,0.05199,0.15,2437,31.5246,0.95501,0.34763
3549,400,10,5,60,1,0,1,1,157.995,0.05195,0.15,2437,31.5246,1.39474,0.34763
3550,400,6,1,48,1,0,0,1,124.127,0.05191,0.15,2437,31.5246,1.4173,0.34763
3551,400,8,3,53,1,0,0,1,131.85,0.05186,0.15,2437,31.5246,1.41236,0.34763
3552,266,6,6,57,0,1,2,0,75.66,0.05182,0.15,2437,31.5246,1.7865,0.34763
3553,202,7,2,37,1,1,3,0,49.829,0.05178,0.15,2438,31.5246,2.03231,0.34755
3554,400,3,3,44,0,0,0,1,129.174,0.05173,0.15,2438,31.5246,1.07665,0.34755
3555,168,9,4,46,1,0,0,0,79.148,0.05169,0.15,2438,31.5246,1.75816,0.34755
3556,400,3,3,44,0,0,0,1,112.997,0.05165,0.15,2438,31.5246,1.04517,0.34755
3557,400,5,5,46,0,0,0,1,133.738,0.0516,0.15,2438,31.5246,1.05861,0.34755
3558,136,3,3,44,0,1,1,0,39.768,0.05156,0.15,2439,31.5246,1.78539,0.34748
3559,100,4,4,31,0,1,1,0,28.652,0.05152,0.15,2439,31.5246,1.97538,0.34748
3560,400,16,6,85,2,0,0,1,185.422,0.05147,0.15,2439,31.5246,1.67567,0.34748
3561,400,6,6,56,0,0,0,1,138.129,0.05143,0.15,2439,31.5246,1.26235,0.34748
3562,400,10,5,71,1,0,0,1,157.051,0.05139,0.15,2439,31.5246,1.34103,0.34748
3563,400,10,5,65,1,0,1,1,149.672,0.05135,0.15,2439,31.5246,1.50727,0.34748
3564,400,3,3,35,0,0,0,1,91.992,0.0513,0.15,2439,31.5246,1.23541,0.34748
3565,132,3,3,31,0,1,0,0,29.111,0.05126,0.15,2439,31.5246,1.88018,0.34748
3566,229,3,3,41,0,0,0,0,31.152,0.05122,0.15,2439,31.5246,1.87772,0.34748
3567,400,2,2,40,0,0,0,1,65.78,0.05118,0.15,2439,31.5246,1.26571,0.34748
3568,400,4,4,53,0,0,1,1,96.589,0.05113,0.15,2440,31.5246,1.07691,0.3474
3569,34,0,0,11,0,1,0,0,-23.284,0.05109,0.15,2440,31.5246,3.76318,0.34747
3570,400,2,2,48,0,0,0,1,92.133,0.05105,0.15,2440,31.5246,1.13929,0.34747
3571,400,10,5,48,1,0,0,1,108.538,0.051,0.15,2441,31.5246,1.13807,0.3474
3572,267,10,5,63,1,1,3,0,75.632,0.05096,0.15,2441,31.5246,2.30823,0.3474
3573,400,4,4,45,0,0,0,1,102.29,0.05092,0.15,2441,31.5246,1.15159,0.3474
3574,400,18,8,82,2,0,1,1,153.987,0.05088,0.15,2441,31.5246,1.60726,0.3474
3575,131,1,1,22,0,0,0,0,27.943,0.05084,0.15,2441,31.5246,1.30934,0.3474
3576,400,4,4,46,0,0,0,1,100.394,0.05079,0.15,2441,31.5246,1.05625,0.3474
3577,178,5,5,46,0,1,0,0,48.268,0.05075,0.15,2441,31.5246,1.7114,0.34747
3578,400,15,5,68,2,0,0,1,164.767,0.05071,0.15,2441,31.5246,1.29746,0.34747
3579,400,2,2,46,0,0,0,1,107.828,0.05067,0.15,2441,31.5246,1.08814,0.34747
3580,400,7,2,54,1,0,0,1,123.465,0.05062,0.15,2441,31.5246,1.34749,0.34747
3581,400,13,8,96,1,0,0,1,177.205,0.05058,0.15,2441,31.5246,1.60676,0.34747
3582,400,5,5,60,0,0,1,1,122.507,0.05054,0.15,2441,31.5246,1.0712,0.34747
3583,400,17,7,55,2,0,0,1,167.604,0.0505,0.15,2441,31.5246,1.66683,0.34747
3584,400,7,7,73,0,0,0,1,164.24,0.05046,0.15,2441,31.5246,1.13752,0.34747
3585,400,11,6,58,1,0,1,1,170.619,0.05041,0.15,2441,31.5246,1.13873,0.34747
3586,400,3,3,81,0,0,0,1,150.755,0.05037,0.15,2441,31.5246,1.22294,0.34747
3587,400,4,4,57,0,0,0,1,136.432,0.05033,0.15,2441,31.5246,0.99607,0.34747
3588,231,6,6,54,0,1,1,0,68.88,0.05029,0.15,2441,31.5246,1.67458,0.34747
3589,400,6,6,44,0,0,0,1,141.814,0.05025,0.15,2441,31.5246,0.92835,0.34747
3590,389,16,6,74,2,0,0,1,182.625,0.0502,0.15,2441,31.5246,1.40192,0.34747
3591,400,4,4,69,0,0,0,1,144.008,0.05016,0.15,2441,31.5246,1.29314,0.34754
3592,400,7,7,97,0,0,0,1,162.327,0.05012,0.15,2441,31.5246,1.41003,0.34754
3593,324,11,6,67,1,0,0,1,128.895,0.05008,0.15,2441,31.5246,1.59812,0.34754
3594,400,9,4,47,1,0,0,1,106.002,0.05004,0.15,2441,31.5246,1.18046,0.34754
3595,400,5,5,60,0,0,0,1,125.264,0.05,0.15,2442,31.5246,1.50109,0.34753
3596,91,2,2,26,0,1,2,0,6.322,0.05,0.15,2443,31.5246,2.31222,0.34746
3597,400,4,4,72,0,0,0,1,124.992,0.05,0.15,2443,31.5246,1.21975,0.34746
3598,400,6,6,56,0,0,0,1,116.927,0.05,0.15,2443,31.5246,1.12141,0.34746
3599,400,5,5,37,0,0,0,1,93.432,0.05,0.15,2443,31.5246,1.23321,0.34746
3600,243,9,4,59,1,1,1,0,65.912,0.05,0.15,2443,31.5246,1.76318,0.34746
3601,400,4,4,52,0,0,2,1,115.657,0.05,0.15,2443,31.5246,0.78921,0.34746
3602,400,15,5,87,2,0,1,1,145.204,0.05,0.15,2443,31.5246,1.52046,0.34746
3603,93,3,3,32,0,1,1,0,12.67,0.05,0.15,2443,31.5246,1.96682,0.34746
3604,400,6,6,75,0,0,0,1,127.117,0.05,0.15,2443,31.5246,1.21032,0.34746
3605,400,11,6,88,1,0,0,1,124.239,0.05,0.15,2443,31.5246,1.44939,0.34746
3606,400,7,2,49,1,0,0,1,118.802,0.05,0.15,2443,31.5246,1.23108,0.34746
3607,160,3,3,49,0,1,1,0,29.876,0.05,0.15,2443,31.5246,1.89527,0.34746
3608,400,4,4,48,0,0,0,1,90.033,0.05,0.15,2443,31.5246,1.20205,0.34752
3609,400,12,7,46,1,0,1,1,119.97,0.05,0.15,2445,31.5246,1.3355,0.34738
3610,162,5,5,40,0,1,0,0,19.997,0.05,0.15,2445,31.5246,1.74882,0.34738
3611,122,5,5,38,0,1,1,0,17.828,0.05,0.15,2445,31.5246,2.56572,0.34738
3612,400,7,2,56,1,0,0,1,105.463,0.05,0.15,2445,31.5246,1.24404,0.34738
3613,299,4,4,50,0,1,0,0,33.586,0.05,0.15,2445,31.5246,1.69923,0.34744
3614,126,9,4,49,1,1,0,0,50.387,0.05,0.15,2445,31.5246,2.47796,0.34744
3615,400,9,9,83,0,0,0,1,125.034,0.05,0.15,2445,31.5246,1.53451,0.34744
3616,100,2,2,30,0,1,1,0,13.219,0.05,0.15,2445,31.5246,2.05012,0.34744
3617,400,6,6,53,0,0,0,1,118.88,0.05,0.15,2445,31.5246,0.99339,0.34751
3618,400,12,7,82,1,0,0,1,122.373,0.05,0.15,2445,31.5246,1.76255,0.34751
3619,400,12,7,97,1,0,0,1,156.754,0.05,0.15,2445,31.5246,1.58973,0.34758
3620,400,8,3,54,1,0,0,1,121.375,0.05,0.15,2445,31.5246,1.17702,0.34758
3621,400,11,6,34,1,0,0,1,107.187,0.05,0.15,2445,31.5246,1.40649,0.34758
3622,400,6,6,60,0,0,0,1,109.535,0.05,0.15,2445,31.5246,1.39665,0.34758
3623,400,3,3,53,0,0,1,1,98.162,0.05,0.15,2445,31.5246,1.07159,0.34758
3624,400,10,5,53,1,0,0,1,115.608,0.05,0.15,2445,31.5246,1.54331,0.34758
3625,387,9,4,60,1,0,0,1,115.119,0.05,0.15,2445,31.5246,1.53166,0.34758
3626,400,10,5,41,1,0,0,1,101.048,0.05,0.15,2445,31.5246,1.42391,0.34758
3627,400,1,1,32,0,0,0,1,93.927,0.05,0.15,2447,31.5246,1.30692,0.34743
3628,155,1,1,32,0,1,1,0,29.447,0.05,0.15,2447,31.5246,1.6115,0.34743
3629,400,4,4,46,0,0,0,1,117.368,0.05,0.15,2447,31.5246,1.03578,0.34743
3630,356,3,3,38,0,0,0,1,88.354,0.05,0.15,2447,31.5246,1.4038,0.34743
3631,102,4,4,40,0,1,0,0,32.353,0.05,0.15,2447,31.5246,2.38749,0.34743
3632,400,4,4,40,0,0,0,1,110.801,0.05,0.15,2447,31.5246,1.1793,0.34743
3633,400,9,4,36,1,0,0,1,118.739,0.05,0.15,2447,31.5246,1.09109,0.34743
3634,400,12,2,41,2,0,0,1,134.136,0.05,0.15,2447,31.5246,1.43938,0.34743
3635,400,6,6,40,0,0,0,1,105.081,0.05,0.15,2447,31.5246,1.09766,0.34743
3636,400,3,3,51,0,0,0,1,68.247,0.05,0.15,2447,31.5246,1.39204,0.34743
3637,400,3,3,33,0,0,0,1,97.154,0.05,0.15,2448,31.5246,0.8729,0.34736
3638,400,2,2,16,0,0,0,1,53.312,0.05,0.15,2448,31.5246,1.04143,0.34736
3639,400,4,4,37,0,0,0,1,107.691,0.05,0.15,2448,31.5246,1.12598,0.34736
3640,400,2,2,32,0,0,0,1,78.439,0.05,0.15,2448,31.5246,0.97389,0.34736
3641,266,5,0,34,1,1,1,0,33.027,0.05,0.15,2450,31.5246,1.83712,0.34728
3642,400,1,1,24,0,0,0,1,41.117,0.05,0.15,2450,31.5246,1.05088,0.34728
3643,400,10,5,61,1,0,0,1,121.948,0.05,0.15,2450,31.5246,1.38988,0.34728
3644,400,3,3,56,0,0,0,1,104.526,0.05,0.15,2451,31.5246,1.23899,0.34721
3645,400,10,5,45,1,0,0,1,119.168,0.05,0.15,2451,31.5246,1.37956,0.34721
3646,71,2,2,27,0,1,0,0,7.075,0.05,0.15,2451,31.5246,2.31294,0.34721
3647,400,5,5,41,0,0,0,1,118.17,0.05,0.15,2451,31.5246,1.11582,0.34721
3648,400,6,6,66,0,0,0,1,124.159,0.05,0.15,2452,31.5246,1.30329,0.34713
3649,400,3,3,51,0,0,1,1,94.652,0.05,0.15,2452,31.5246,1.24061,0.34713
3650,243,2,2,27,0,1,0,0,27.012,0.05,0.15,2452,31.5246,1.55967,0.34713
3651,400,6,6,52,0,0,0,1,99.682,0.05,0.15,2452,31.5246,1.24594,0.34713
3652,104,0,0,8,0,1,0,0,-10.161,0.05,0.15,2452,31.5246,1.56308,0.34713
3653,400,14,9,66,1,0,0,1,123.473,0.05,0.15,2452,31.5246,1.64512,0.34713
3654,400,11,6,50,1,0,1,1,115.737,0.05,0.15,2452,31.5246,1.4496,0.3472
3655,400,3,3,51,0,0,0,1,108.546,0.05,0.15,2452,31.5246,1.07312,0.34727
3656,400,3,3,44,0,0,0,1,86.906,0.05,0.15,2452,31.5246,1.20277,0.34727
3657,180,2,2,26,0,1,0,0,15.716,0.05,0.15,2452,31.5246,1.7439,0.34727
3658,179,8,3,38,1,0,2,0,50.141,0.05,0.15,2452,31.5246,1.74828,0.34727
3659,400,12,2,60,2,0,1,1,119.848,0.05,0.15,2453,31.5246,1.51402,0.34719
3660,400,5,5,55,0,0,0,1,115.211,0.05,0.15,2453,31.5246,1.05063,0.34719
3661,400,3,3,56,0,0,0,1,112.84,0.05,0.15,2454,31.5246,0.97985,0.34712
3662,400,5,5,34,0,0,0,1,110.114,0.05,0.15,2454,31.5246,0.95771,0.34712
3663,400,7,2,37,1,0,0,1,98.481,0.05,0.15,2454,31.5246,1.11868,0.34712
3664,400,9,4,44,1,0,0,1,110.886,0.05,0.15,2454,31.5246,1.27131,0.34712
3665,400,4,4,39,0,0,0,1,99.762,0.05,0.15,2454,31.5246,1.21944,0.34712
3666,226,2,2,24,0,1,0,0,30.5,0.05,0.15,2454,31.5246,1.54306,0.34712
3667,400,5,5,64,0,0,0,1,127.874,0.05,0.15,2454,31.5246,1.40741,0.34712
3668,400,7,2,50,1,0,0,1,140.995,0.05,0.15,2454,31.5246,1.07809,0.34712
3669,400,12,7,48,1,0,0,1,145.933,0.05,0.15,2455,31.5246,1.22547,0.34705
3670,400,3,3,46,0,0,0,1,116.835,0.05,0.15,2455,31.5246,1.01644,0.34705
3671,400,7,7,87,0,0,0,1,162.583,0.05,0.15,2455,31.5246,1.34387,0.34711
3672,400,9,4,56,1,0,0,1,135.49,0.05,0.15,2456,31.5246,1.48506,0.34704
3673,225,5,5,49,0,1,1,0,55.351,0.05,0.15,2457,31.5246,1.85086,0.34697
3674,400,9,4,60,1,0,0,1,153.263,0.05,0.15,2457,31.5246,1.08088,0.34697
3675,400,4,4,29,0,0,0,1,88.517,0.05,0.15,2457,31.5246,1.08693,0.34697
3676,400,1,1,32,0,0,0,1,82.188,0.05,0.15,2457,31.5246,1.05371,0.34697
3677,400,2,2,39,0,0,1,1,111.272,0.05,0.15,2457,31.5246,1.04648,0.34697
3678,400,3,3,34,0,0,0,1,91.006,0.05,0.15,2457,31.5246,1.192,0.34697
3679,400,8,3,42,1,0,0,1,120.488,0.05,0.15,2457,31.5246,1.08082,0.34697
3680,400,7,7,51,0,0,0,1,135.298,0.05,0.15,2457,31.5246,1.02488,0.34697
3681,400,8,3,37,1,0,0,1,113.305,0.05,0.15,2457,31.5246,1.11602,0.34697
3682,400,2,2,48,0,0,0,1,81.507,0.05,0.15,2457,31.5246,1.06673,0.34697
3683,400,5,5,51,0,0,0,1,127.91,0.05,0.15,2457,31.5246,0.90403,0.34697
3684,400,9,4,58,1,0,0,1,123.841,0.05,0.15,2457,31.5246,1.19707,0.34697
3685,400,1,1,51,0,0,0,1,90.275,0.05,0.15,2457,31.5246,1.05773,0.34697
3686,89,1,1,28,0,0,0,0,31.5,0.05,0.15,2457,31.5246,1.7237,0.34697
3687,268,2,2,35,0,1,1,0,35.299,0.05,0.15,2457,31.5246,1.32401,0.34697
3688,400,1,1,33,0,0,0,1,58.426,0.05,0.15,2457,31.5246,1.23384,0.34697
3689,400,5,5,40,0,0,0,1,78.207,0.05,0.15,2460,31.5246,1.13872,0.34675
3690,400,9,4,60,1,0,0,1,114.652,0.05,0.15,2460,31.5246,1.25592,0.34675
3691,400,5,5,56,0,0,0,1,126.455,0.05,0.15,2460,31.5246,1.0237,0.34675
3692,400,2,2,62,0,0,0,1,75.444,0.05,0.15,2461,31.5246,1.22668,0.34667
3693,400,3,3,53,0,0,0,1,116.016,0.05,0.15,2461,31.5246,1.21425,0.34667
3694,400,1,1,29,0,0,0,1,102.696,0.05,0.15,2461,31.5246,1.24916,0.34667
3695,400,4,4,39,0,0,1,1,118.797,0.05,0.15,2462,31.5246,1.11751,0.3466
3696,400,1,1,35,0,0,0,1,88.099,0.05,0.15,2462,31.5246,1.09278,0.3466
3697,400,4,4,53,0,0,0,1,133.707,0.05,0.15,2462,31.5246,1.11646,0.3466
3698,400,6,1,37,1,0,0,1,106.932,0.05,0.15,2462,31.5246,1.26064,0.3466
3699,400,4,4,45,0,0,0,1,119.819,0.05,0.15,2463,31.5246,1.08163,0.34653
3700,400,9,4,39,1,0,0,1,128.06,0.05,0.15,2464,31.5246,1.33436,0.34646
3701,293,3,3,34,0,0,0,0,66.776,0.05,0.15,2464,31.5246,1.21609,0.34646
3702,198,5,5,46,0,0,0,0,77.75,0.05,0.15,2464,31.5246,1.45025,0.34646
3703,400,7,2,33,1,0,0,1,70.426,0.05,0.15,2464,31.5246,1.29957,0.34646
3704,400,3,3,47,0,0,0,1,120.398,0.05,0.15,2464,31.5246,0.77469,0.34646
3705,400,4,4,45,0,0,0,1,116.79,0.05,0.15,2464,31.5246,1.1191,0.34646
3706,400,4,4,57,0,0,0,1,152.633,0.05,0.15,2464,31.5246,0.8327,0.34646
3707,264,11,6,51,1,0,0,1,125.63,0.05,0.15,2464,31.5246,1.42831,0.34646
3708,400,3,3,56,0,0,0,1,129.619,0.05,0.15,2464,31.5246,0.9581,0.34646
3709,107,3,3,38,0,1,0,0,26.94,0.05,0.15,2464,31.5246,2.10709,0.34646
3710,184,2,2,41,0,1,2,0,21.26,0.05,0.15,2464,31.5246,1.8885,0.34646
3711,400,10,5,67,1,0,0,1,114.953,0.05,0.15,2464,31.5246,1.68778,0.34646
3712,400,8,3,53,1,0,0,1,132.482,0.05,0.15,2464,31.5246,1.22726,0.34646
3713,400,6,6,58,0,0,0,1,130.166,0.05,0.15,2464,31.5246,1.03323,0.34646
3714,400,3,3,39,0,0,0,1,96.321,0.05,0.15,2464,31.5246,1.16951,0.34646
3715,400,6,1,50,1,0,0,1,116.146,0.05,0.15,2464,31.5246,1.51488,0.34646
3716,77,3,3,23,0,1,1,0,10.467,0.05,0.15,2464,31.5246,2.6082,0.34646
3717,400,6,6,56,0,0,0,1,56.894,0.05,0.15,2464,31.5246,1.59004,0.34646
3718,400,11,6,63,1,0,0,1,125.945,0.05,0.15,2464,31.5246,1.27822,0.34652
3719,400,7,2,51,1,0,0,1,91.757,0.05,0.15,2464,31.5246,1.2263,0.34652
3720,400,10,5,58,1,0,0,1,113.871,0.05,0.15,2464,31.5246,1.24164,0.34652
3721,400,4,4,67,0,0,1,1,108.516,0.05,0.15,2464,31.5246,1.14807,0.34652
3722,400,6,6,80,0,0,0,1,88.014,0.05,0.15,2464,31.5246,1.58433,0.34652
3723,400,10,5,54,1,0,0,1,151.173,0.05,0.15,2464,31.5246,1.0047,0.34652
3724,400,8,3,53,1,0,0,1,120.664,0.05,0.15,2464,31.5246,1.07743,0.34652
3725,400,11,6,48,1,0,0,1,129.094,0.05,0.15,2464,31.5246,0.97369,0.34652
3726,400,9,4,46,1,0,0,1,88.083,0.05,0.15,2466,31.5246,1.34631,0.34638
3727,108,5,5,33,0,1,0,0,19.681,0.05,0.15,2466,31.5246,2.12076,0.34638
3728,400,2,2,53,0,0,0,1,73.701,0.05,0.15,2466,31.5246,1.15075,0.34638
3729,400,9,4,44,1,0,0,1,107.69,0.05,0.15,2466,31.5246,1.25947,0.34638
3730,400,9,4,94,1,0,0,1,139.636,0.05,0.15,2466,31.5246,1.50384,0.34638
3731,400,11,6,50,1,0,1,1,111.659,0.05,0.15,2466,31.5246,1.24348,0.34638
3732,294,8,3,48,1,1,0,0,75.809,0.05,0.15,2466,31.5246,2.11425,0.34651
3733,400,3,3,38,0,0,0,1,103.289,0.05,0.15,2466,31.5246,1.20216,0.34651
3734,400,5,5,55,0,0,0,1,133.228,0.05,0.15,2466,31.5246,1.11167,0.34651
3735,139,2,2,37,0,1,1,0,31.509,0.05,0.15,2466,31.5246,1.73693,0.34651
3736,400,8,3,42,1,0,1,1,122.55,0.05,0.15,2466,31.5246,1.36707,0.34651
3737,297,3,3,66,0,1,1,0,76.236,0.05,0.15,2466,31.5246,1.68404,0.34651
3738,76,0,0,20,0,0,0,0,13.636,0.05,0.15,2466,31.5246,1.56617,0.34651
3739,400,11,6,53,1,0,0,1,149.562,0.05,0.15,2466,31.5246,1.26287,0.34651
3740,400,5,5,63,0,0,0,1,141.061,0.05,0.15,2466,31.5246,1.07318,0.34651
3741,400,5,5,44,0,0,0,1,144.42,0.05,0.15,2466,31.5246,1.19369,0.34651
3742,400,11,6,55,1,0,0,1,160.716,0.05,0.15,2466,31.5246,1.17232,0.34651
3743,400,5,5,55,0,0,0,1,129.953,0.05,0.15,2466,31.5246,1.01197,0.34651
3744,93,2,2,31,0,1,1,0,14.892,0.05,0.15,2466,31.5246,2.08448,0.34651
3745,400,3,3,70,0,0,0,1,118.576,0.05,0.15,2466,31.5246,1.07723,0.34651
3746,400,6,6,39,0,0,1,1,119.942,0.05,0.15,2466,31.5246,0.8991,0.34651
3747,400,3,3,46,0,0,0,1,100.347,0.05,0.15,2466,31.5246,1.09059,0.34651
3748,400,7,2,27,1,0,1,1,71.95,0.05,0.15,2466,31.5246,1.32895,0.34658
3749,400,6,6,48,0,0,0,1,111.459,0.05,0.15,2466,31.5246,1.04804,0.34658
3750,400,3,3,32,0,0,0,1,65.888,0.05,0.15,2466,31.5246,1.16365,0.34658
3751,400,10,5,70,1,0,1,1,134.549,0.05,0.15,2470,31.5246,1.53044,0.34636
3752,400,4,4,44,0,0,0,1,100.268,0.05,0.15,2470,31.5246,0.98685,0.34636
3753,400,3,3,32,0,0,0,1,79.757,0.05,0.15,2470,31.5246,1.05687,0.34636
3754,170,7,2,48,1,1,0,0,52.596,0.05,0.15,2470,31.5246,2.06172,0.34642
3755,400,2,2,51,0,0,0,1,109.729,0.05,0.15,2470,31.5246,0.88877,0.34642
3756,400,6,1,47,1,0,0,1,110.877,0.05,0.15,2470,31.5246,1.12834,0.34642
3757,400,8,3,55,1,0,0,1,162.184,0.05,0.15,2470,31.5246,1.10475,0.34642
3758,400,8,3,33,1,0,0,1,112.566,0.05,0.15,2470,31.5246,1.14057,0.34642
3759,400,5,5,55,0,0,0,1,148.032,0.05,0.15,2471,31.5246,1.22019,0.34635
3760,400,6,6,58,0,0,0,1,152.365,0.05,0.15,2471,31.5246,1.03255,0.34635
3761,400,5,5,61,0,0,0,1,113.349,0.05,0.15,2471,31.5246,1.46455,0.34635
3762,400,11,6,59,1,0,0,1,158.56,0.05,0.15,2471,31.5246,1.24237,0.34635
3763,388,14,4,53,2,0,0,1,153.602,0.05,0.15,2471,31.5246,1.55764,0.34635
3764,400,10,5,51,1,0,0,1,124.205,0.05,0.15,2471,31.5246,2.35884,0.34635
3765,282,11,6,67,1,0,0,1,145.023,0.05,0.15,2471,31.5246,1.68314,0.34635
3766,400,2,2,42,0,0,1,1,123.277,0.05,0.15,2473,31.5246,1.07021,0.34621
3767,170,10,5,53,1,1,1,0,75.828,0.05,0.15,2473,31.5246,2.32848,0.34621
3768,400,8,3,54,1,0,0,1,157.45,0.05,0.15,2473,31.5246,1.14789,0.34621
3769,400,8,3,44,1,0,0,1,142.968,0.05,0.15,2473,31.5246,1.06824,0.34621
3770,400,11,6,50,1,0,0,1,159.017,0.05,0.15,2473,31.5246,1.08387,0.34621
3771,400,17,7,82,2,0,0,1,197.122,0.05,0.15,2473,31.5246,1.69399,0.34621
3772,400,12,7,53,1,0,0,1,157.616,0.05,0.15,2473,31.5246,1.47472,0.34621
3773,400,4,4,70,0,0,0,1,167.522,0.05,0.15,2473,31.5246,0.97468,0.34621
3774,400,5,5,61,0,0,0,1,156.112,0.05,0.15,2474,31.5246,1.06414,0.34613
3775,400,6,6,54,0,0,1,1,146.363,0.05,0.15,2474,31.5246,0.97934,0.34613
3776,113,1,1,33,0,1,1,0,19.031,0.05,0.15,2474,31.5246,1.76222,0.34613
3777,400,5,5,62,0,0,1,1,150.825,0.05,0.15,2474,31.5246,1.1634,0.3462
3778,400,9,4,53,1,0,0,1,159.747,0.05,0.15,2474,31.5246,1.12946,0.3462
3779,329,7,7,61,0,0,0,1,152.988,0.05,0.15,2474,31.5246,1.52953,0.34627
3780,400,6,6,75,0,0,0,1,149.274,0.05,0.15,2474,31.5246,1.45972,0.34627
3781,188,3,3,62,0,0,0,0,82.722,0.05,0.15,2474,31.5246,1.55745,0.34627
3782,400,6,6,61,0,0,0,1,144.23,0.05,0.15,2475,31.5246,1.04441,0.3462
3783,400,5,5,52,0,0,0,1,144.345,0.05,0.15,2475,31.5246,0.94549,0.34626
3784,400,3,3,58,0,0,0,1,141.073,0.05,0.15,2475,31.5246,0.93843,0.34626
3785,400,5,5,48,0,0,0,1,114.733,0.05,0.15,2475,31.5246,1.57192,0.34633
3786,152,5,5,45,0,1,1,0,55.68,0.05,0.15,2475,31.5246,2.09598,0.34633
3787,400,3,3,53,0,0,0,1,147.168,0.05,0.15,2475,31.5246,1.02124,0.3464
3788,400,3,3,41,0,0,0,1,132.673,0.05,0.15,2475,31.5246,0.97458,0.3464
3789,260,6,1,46,1,1,1,0,68.916,0.05,0.15,2475,31.5246,1.94602,0.3464
3790,91,2,2,36,0,1,0,0,18.388,0.05,0.15,2475,31.5246,2.59678,0.34646
3791,400,4,4,55,0,0,0,1,139.582,0.05,0.15,2475,31.5246,1.08008,0.34646
3792,400,9,4,43,1,0,0,1,109.176,0.05,0.15,2475,31.5246,1.4883,0.34653
3793,400,8,3,50,1,0,1,1,111.094,0.05,0.15,2475,31.5246,1.4715,0.34653
3794,400,4,4,65,0,0,0,1,109.225,0.05,0.15,2475,31.5246,1.35092,0.34653
3795,400,8,3,55,1,0,0,1,148.296,0.05,0.15,2475,31.5246,1.23946,0.34653
3796,400,8,8,70,0,0,2,1,163.05,0.05,0.15,2475,31.5246,1.21724,0.34653
3797,400,18,8,93,2,0,0,1,218.925,0.05,0.15,2475,31.5246,1.95192,0.34653
3798,155,3,3,40,0,1,1,0,37.211,0.05,0.15,2475,31.5246,2.01911,0.34653
3799,400,9,4,59,1,0,0,1,156.416,0.05,0.15,2475,31.5246,1.21966,0.34653
3800,400,5,5,51,0,0,0,1,135.189,0.05,0.15,2475,31.5246,1.08516,0.34653
3801,400,9,4,48,1,0,0,1,150.741,0.05,0.15,2475,31.5246,1.19155,0.34653
3802,400,8,3,49,1,0,2,1,147.734,0.05,0.15,2475,31.5246,1.33713,0.34653
3803,400,11,6,88,1,0,0,1,185.218,0.05,0.15,2475,31.5246,1.50449,0.34653
3804,400,9,4,53,1,0,0,1,145.788,0.05,0.15,2475,31.5246,1.36061,0.34653
3805,400,7,2,40,1,0,0,1,134.903,0.05,0.15,2475,31.5246,1.29638,0.34653
3806,99,3,3,24,0,1,1,0,19.102,0.05,0.15,2475,31.5246,1.98114,0.34653
3807,400,8,3,36,1,0,0,1,117.182,0.05,0.15,2475,31.5246,1.39817,0.34653
3808,400,7,2,40,1,0,0,1,125.771,0.05,0.15,2475,31.5246,1.1841,0.34653
3809,400,3,3,40,0,0,0,1,105.132,0.05,0.15,2475,31.5246,1.23532,0.34653
3810,151,9,4,56,1,1,0,0,72.834,0.05,0.15,2475,31.5246,2.52198,0.34653
3811,400,3,3,32,0,0,0,1,56.562,0.05,0.15,2475,31.5246,1.61341,0.34653
3812,254,8,3,49,1,1,1,0,64.5,0.05,0.15,2475,31.5246,2.2053,0.34653
3813,400,8,3,50,1,0,0,1,80.937,0.05,0.15,2475,31.5246,1.59217,0.34653
3814,116,2,2,30,0,1,1,0,7.842,0.05,0.15,2475,31.5246,2.57897,0.34653
3815,400,6,6,41,0,0,0,1,98.695,0.05,0.15,2475,31.5246,1.08563,0.34653
3816,400,4,4,33,0,0,0,1,109.536,0.05,0.15,2475,31.5246,0.95311,0.34653
3817,400,3,3,35,0,0,0,1,81.392,0.05,0.15,2475,31.5246,1.17526,0.34653
3818,400,8,8,75,0,0,0,1,141.64,0.05,0.15,2475,31.5246,1.5826,0.34653
3819,400,9,4,50,1,0,0,1,119.235,0.05,0.15,2475,31.5246,1.13737,0.34653
3820,400,4,4,39,0,0,0,1,111.424,0.05,0.15,2476,31.5246,1.19554,0.34646
3821,400,11,6,58,1,0,0,1,150.581,0.05,0.15,2476,31.5246,1.14411,0.34646
3822,400,3,3,36,0,0,0,1,94.303,0.05,0.15,2476,31.5246,1.01128,0.34646
3823,400,10,5,53,1,0,0,1,101.735,0.05,0.15,2476,31.5246,1.37954,0.34646
3824,400,4,4,54,0,0,0,1,97.603,0.05,0.15,2476,31.5246,1.16326,0.34646
3825,400,10,5,53,1,0,0,1,116.1,0.05,0.15,2476,31.5246,1.19486,0.34646
3826,400,4,4,53,0,0,0,1,120.064,0.05,0.15,2476,31.5246,1.12128,0.34646
3827,400,3,3,46,0,0,0,1,107.335,0.05,0.15,2476,31.5246,1.0095,0.34646
3828,400,7,2,46,1,0,2,1,116.493,0.05,0.15,2476,31.5246,1.31799,0.34646
3829,400,3,3,38,0,0,0,1,100.992,0.05,0.15,2476,31.5246,1.08139,0.34646
3830,400,10,5,40,1,0,0,1,101.614,0.05,0.15,2476,31.5246,1.44799,0.34646
3831,239,7,2,53,1,1,1,0,73.117,0.05,0.15,2476,31.5246,2.05289,0.34646
3832,400,10,5,79,1,0,0,1,150.985,0.05,0.15,2476,31.5246,1.59074,0.34646
3833,400,14,9,94,1,0,0,1,167.47,0.05,0.15,2477,31.5246,1.74996,0.34639
3834,140,8,3,51,1,1,1,0,56.39,0.05,0.15,2477,31.5246,2.21195,0.34639
3835,400,7,2,47,1,0,0,1,125.13,0.05,0.15,2477,31.5246,1.29655,0.34639
3836,265,12,7,73,1,1,0,0,93.859,0.05,0.15,2477,31.5246,2.19533,0.34639
3837,141,3,3,24,0,0,0,0,36.994,0.05,0.15,2477,31.5246,1.92933,0.34639
3838,400,10,5,43,1,0,0,1,131.689,0.05,0.15,2478,31.5246,1.36502,0.34631
3839,400,8,3,39,1,0,0,1,95.183,0.05,0.15,2478,31.5246,1.46769,0.34631
3840,90,2,2,29,0,1,0,0,18.754,0.05,0.15,2478,31.5246,2.81206,0.34631
3841,400,8,3,55,1,0,1,1,130.103,0.05,0.15,2478,31.5246,1.4123,0.34631
3842,400,6,6,63,0,0,0,1,145.63,0.05,0.15,2479,31.5246,1.49212,0.34624
3843,400,4,4,60,0,0,0,1,145.242,0.05,0.15,2482,31.5246,1.10647,0.34602
3844,400,10,5,65,1,0,0,1,150.311,0.05,0.15,2482,31.5246,1.46171,0.34602
3845,400,14,4,67,2,0,0,1,163.978,0.05,0.15,2482,31.5246,1.56859,0.34602
3846,400,6,6,72,0,0,0,1,135.773,0.05,0.15,2482,31.5246,1.58416,0.34602
3847,400,12,7,56,1,0,0,1,173.454,0.05,0.15,2482,31.5246,1.13533,0.34602
3848,400,3,3,58,0,0,0,1,130.031,0.05,0.15,2482,31.5246,1.07195,0.34602
3849,202,11,6,53,1,1,0,0,85.553,0.05,0.15,2482,31.5246,1.68667,0.34602
3850,400,13,8,73,1,0,0,1,170.179,0.05,0.15,2482,31.5246,1.55479,0.34602
3851,400,4,4,51,0,0,0,1,141.989,0.05,0.15,2482,31.5246,0.87524,0.34602
3852,174,9,4,51,1,0,0,0,89.83,0.05,0.15,2482,31.5246,1.90829,0.34602
3853,400,4,4,57,0,0,0,1,122.363,0.05,0.15,2483,31.5246,1.33557,0.34595
3854,400,1,1,57,0,0,1,1,124.876,0.05,0.15,2483,31.5246,1.01486,0.34602
3855,400,11,6,47,1,0,0,1,157.476,0.05,0.15,2483,31.5246,1.10644,0.34609
3856,400,10,5,55,1,0,0,1,162.491,0.05,0.15,2483,31.5246,0.98457,0.34609
3857,400,8,3,57,1,0,0,1,146.192,0.05,0.15,2483,31.5246,1.20618,0.34609
3858,90,1,1,25,0,1,0,0,4.584,0.05,0.15,2483,31.5246,1.63357,0.34609
3859,400,7,7,46,0,0,0,1,126.783,0.05,0.15,2483,31.5246,1.04869,0.34609
3860,400,2,2,35,0,0,0,1,71.101,0.05,0.15,2483,31.5246,1.37991,0.34609
3861,400,1,1,58,0,0,0,1,41.331,0.05,0.15,2483,31.5246,1.51532,0.34609
3862,400,5,5,46,0,0,0,1,95.468,0.05,0.15,2483,31.5246,1.2256,0.34609
3863,400,3,3,43,0,0,0,1,93.818,0.05,0.15,2483,31.5246,1.37417,0.34609
3864,400,5,5,58,0,0,0,1,131.936,0.05,0.15,2483,31.5246,1.11049,0.34609
3865,400,17,7,57,2,0,0,1,159.648,0.05,0.15,2483,31.5246,1.62142,0.34609
3866,400,4,4,51,0,0,0,1,129.668,0.05,0.15,2483,31.5246,1.03561,0.34609
3867,400,5,5,67,0,0,0,1,157.363,0.05,0.15,2483,31.5246,0.97401,0.34609
3868,400,8,3,55,1,0,0,1,142.263,0.05,0.15,2484,31.5246,1.20894,0.34601
3869,83,2,2,25,0,1,1,0,3.655,0.05,0.15,2484,31.5246,2.57991,0.34601
3870,400,11,6,67,1,0,0,1,145.643,0.05,0.15,2484,31.5246,1.54918,0.34601
3871,400,1,1,60,0,0,0,1,119.111,0.05,0.15,2484,31.5246,1.38016,0.34601
3872,400,2,2,44,0,0,0,1,76.931,0.05,0.15,2485,31.5246,1.45149,0.34594
3873,400,4,4,62,0,0,1,1,124.882,0.05,0.15,2485,31.5246,1.39634,0.34594
3874,400,0,0,50,0,0,0,1,117.098,0.05,0.15,2486,31.5246,1.04793,0.34587
3875,400,4,4,50,0,0,0,1,144.333,0.05,0.15,2486,31.5246,0.76926,0.34587
3876,165,6,6,57,0,1,1,0,64.121,0.05,0.15,2486,31.5246,2.09881,0.34587
3877,400,10,5,50,1,0,0,1,153.076,0.05,0.15,2486,31.5246,1.06951,0.34587
3878,400,8,3,55,1,0,0,1,140.377,0.05,0.15,2486,31.5246,1.47568,0.34587
3879,400,8,3,54,1,0,1,1,130.618,0.05,0.15,2486,31.5246,1.53295,0.34587
3880,134,2,2,32,0,1,2,0,19.162,0.05,0.15,2486,31.5246,2.3899,0.34587
3881,400,4,4,42,0,0,0,1,113.436,0.05,0.15,2486,31.5246,1.10095,0.34587
3882,306,3,3,45,0,0,0,1,86.201,0.05,0.15,2486,31.5246,1.51815,0.34587
3883,400,8,3,56,1,0,0,1,141.124,0.05,0.15,2486,31.5246,1.38685,0.34587
3884,223,2,2,42,0,1,1,0,42.647,0.05,0.15,2486,31.5246,1.68287,0.34587
3885,400,4,4,36,0,0,0,1,81.556,0.05,0.15,2486,31.5246,1.52118,0.34587
3886,400,9,4,43,1,0,0,1,135.023,0.05,0.15,2486,31.5246,1.27693,0.34587
3887,171,5,5,42,0,1,0,0,48.5,0.05,0.15,2486,31.5246,1.69632,0.34587
3888,400,3,3,66,0,0,0,1,150.64,0.05,0.15,2486,31.5246,0.9314,0.34587
3889,400,10,5,52,1,0,0,1,147.898,0.05,0.15,2486,31.5246,1.12698,0.34587
3890,400,4,4,57,0,0,0,1,134.034,0.05,0.15,2486,31.5246,1.06383,0.34587
3891,400,15,5,57,2,0,1,1,152.239,0.05,0.15,2486,31.5246,1.66846,0.34587
3892,400,3,3,54,0,0,0,1,123.784,0.05,0.15,2486,31.5246,1.09408,0.34594
3893,400,3,3,39,0,0,0,1,73.307,0.05,0.15,2486,31.5246,1.33545,0.34594
3894,400,10,5,57,1,0,0,1,154.941,0.05,0.15,2486,31.5246,1.2421,0.34594
3895,400,4,4,49,0,0,0,1,125.969,0.05,0.15,2486,31.5246,1.48947,0.34594
3896,400,3,3,31,0,0,0,1,114.34,0.05,0.15,2486,31.5246,1.03968,0.34594
3897,400,1,1,35,0,0,0,1,81.366,0.05,0.15,2487,31.5246,1.20494,0.34587
3898,400,3,3,39,0,0,0,1,91.177,0.05,0.15,2487,31.5246,1.22119,0.34587
3899,400,12,7,45,1,0,0,1,153.508,0.05,0.15,2487,31.5246,1.05004,0.34587
3900,400,4,4,44,0,0,0,1,128.084,0.05,0.15,2487,31.5246,0.98361,0.34587
3901,400,8,8,73,0,0,0,1,142.691,0.05,0.15,2487,31.5246,1.49439,0.34587
3902,400,10,5,54,1,0,1,1,170.694,0.05,0.15,2487,31.5246,1.23709,0.34587
3903,400,10,5,61,1,0,0,1,158.425,0.05,0.15,2487,31.5246,1.2755,0.34587
3904,62,1,1,23,0,1,0,0,-0.033,0.05,0.15,2487,31.5246,2.54904,0.34587
3905,400,2,2,48,0,0,0,1,126.833,0.05,0.15,2487,31.5246,1.12556,0.34587
3906,400,8,3,64,1,0,0,1,151.709,0.05,0.15,2487,31.5246,1.49846,0.34587
3907,400,15,5,46,2,0,0,1,144.671,0.05,0.15,2487,31.5246,1.48791,0.34587
3908,400,5,5,48,0,0,0,1,66.763,0.05,0.15,2487,31.5246,1.71913,0.34587
3909,98,4,4,34,0,1,0,0,18.784,0.05,0.15,2487,31.5246,2.49017,0.34587
3910,400,4,4,41,0,0,0,1,124.672,0.05,0.15,2487,31.5246,1.10151,0.34587
3911,400,9,4,47,1,0,1,1,97.009,0.05,0.15,2489,31.5246,1.60746,0.34579
3912,400,7,7,53,0,0,0,1,147.596,0.05,0.15,2489,31.5246,1.00952,0.34579
3913,400,6,6,51,0,0,0,1,139.382,0.05,0.15,2489,31.5246,1.20958,0.34579
3914,400,12,7,58,1,0,0,1,153.652,0.05,0.15,2489,31.5246,1.57979,0.34579
3915,400,1,1,33,0,0,0,1,62.019,0.05,0.15,2489,31.5246,1.46422,0.34579
3916,400,7,2,49,1,0,0,1,132.394,0.05,0.15,2489,31.5246,1.11744,0.34579
3917,400,6,1,53,1,0,0,1,134.024,0.05,0.15,2490,31.5246,1.14982,0.34572
3918,400,12,7,52,1,0,0,1,134.256,0.05,0.15,2490,31.5246,1.54787,0.34578
3919,400,5,5,47,0,0,0,1,100.653,0.05,0.15,2491,31.5246,1.48861,0.34571
3920,400,11,6,64,1,0,1,1,127.444,0.05,0.15,2491,31.5246,1.47121,0.34571
3921,400,8,3,35,1,0,0,1,65.961,0.05,0.15,2491,31.5246,1.41773,0.34571
3922,400,18,8,97,2,0,0,1,164.978,0.05,0.15,2491,31.5246,1.72787,0.34571
3923,317,8,3,59,1,0,0,1,89.214,0.05,0.15,2491,31.5246,1.56277,0.34571
3924,393,15,5,76,2,0,0,1,137.324,0.05,0.15,2491,31.5246,1.70551,0.34571
3925,170,5,5,46,0,1,0,0,38.563,0.05,0.15,2492,31.5246,2.20336,0.34564
3926,383,11,6,74,1,0,0,1,123.168,0.05,0.15,2492,31.5246,1.6287,0.34564
3927,141,5,5,53,0,1,1,0,41.432,0.05,0.15,2492,31.5246,2.11877,0.34564
3928,398,11,6,67,1,0,0,1,107.768,0.05,0.15,2492,31.5246,1.96297,0.34564
3929,400,4,4,56,0,0,0,1,121.546,0.05,0.15,2492,31.5246,0.93648,0.34564
3930,328,8,3,61,1,0,0,1,106.931,0.05,0.15,2492,31.5246,1.29823,0.34564
3931,399,13,8,102,1,0,0,1,151.444,0.05,0.15,2493,31.5246,1.36016,0.34557
3932,400,12,7,53,1,0,0,1,157.114,0.05,0.15,2493,31.5246,1.12641,0.34557
3933,400,3,3,63,0,0,0,1,122.785,0.05,0.15,2493,31.5246,1.16925,0.3457
3934,341,18,8,80,2,0,0,1,156.759,0.05,0.15,2493,31.5246,1.5832,0.3457
3935,80,2,2,32,0,1,1,0,10.399,0.05,0.15,2493,31.5246,2.3868,0.3457
3936,369,13,8,99,1,0,0,1,161.339,0.05,0.15,2493,31.5246,1.5369,0.3457
3937,324,10,5,85,1,0,0,1,144.44,0.05,0.15,2494,31.5246,1.70383,0.3457
3938,297,9,4,76,1,0,0,1,151.176,0.05,0.15,2494,31.5246,1.59573,0.3457
3939,115,5,5,35,0,1,0,0,37.858,0.05,0.15,2494,31.5246,2.36308,0.34576
3940,274,12,7,91,1,0,0,1,136.684,0.05,0.15,2494,31.5246,1.54092,0.34583
3941,400,7,7,100,0,0,1,1,147.293,0.05,0.15,2494,31.5246,1.13659,0.34583
3942,400,11,6,72,1,0,0,1,157.949,0.05,0.15,2494,31.5246,0.9337,0.34583
3943,395,12,7,85,1,0,0,1,144.509,0.05,0.15,2494,31.5246,1.40994,0.3459
3944,400,6,6,61,0,0,1,1,137.71,0.05,0.15,2494,31.5246,1.01489,0.3459
3945,400,9,4,52,1,0,0,1,134.362,0.05,0.15,2494,31.5246,1.06337,0.3459
3946,400,3,3,64,0,0,2,1,113.503,0.05,0.15,2494,31.5246,0.91175,0.3459
3947,29,1,1,12,0,1,0,0,-12.608,0.05,0.15,2494,31.5246,3.48379,0.3459
3948,400,7,2,54,1,0,0,1,116.972,0.05,0.15,2494,31.5246,1.08353,0.3459
3949,400,11,6,39,1,0,0,1,143.849,0.05,0.15,2495,31.5246,1.29497,0.34582
3950,400,3,3,31,0,0,0,1,79.214,0.05,0.15,2495,31.5246,1.09416,0.34582
3951,400,6,6,38,0,0,0,1,134.409,0.05,0.15,2495,31.5246,0.93206,0.34582
3952,121,3,3,22,0,1,2,0,9.651,0.05,0.15,2495,31.5246,2.04374,0.34582
3953,400,9,4,40,1,0,0,1,137.397,0.05,0.15,2496,31.5246,0.99976,0.34575
3954,400,1,1,32,0,0,0,1,80.384,0.05,0.15,2496,31.5246,0.65245,0.34575
3955,400,3,3,31,0,0,0,1,105.353,0.05,0.15,2496,31.5246,0.73794,0.34575
3956,400,6,6,36,0,0,1,1,120.586,0.05,0.15,2496,31.5246,0.99426,0.34575
3957,265,4,4,46,0,0,0,0,73.838,0.05,0.15,2497,31.5246,1.46478,0.34575
3958,400,3,3,42,0,0,1,1,123.159,0.05,0.15,2497,31.5246,0.90071,0.34575
3959,400,2,2,38,0,0,0,1,120.298,0.05,0.15,2497,31.5246,0.97143,0.34575
3960,202,9,4,46,1,1,1,0,62.207,0.05,0.15,2497,31.5246,1.84652,0.34575
3961,400,5,5,58,0,0,2,1,143.948,0.05,0.15,2497,31.5246,1.2214,0.34575
3962,203,2,2,31,0,1,2,0,27.551,0.05,0.15,2497,31.5246,1.6782,0.34575
3963,400,2,2,37,0,0,0,1,73.785,0.05,0.15,2497,31.5246,1.00602,0.34575
3964,400,3,3,52,0,0,0,1,117.373,0.05,0.15,2497,31.5246,0.78299,0.34575
3965,400,2,2,48,0,0,0,1,106.317,0.05,0.15,2497,31.5246,1.12024,0.34575
3966,400,10,5,45,1,0,0,1,135.39,0.05,0.15,2497,31.5246,0.93921,0.34575
3967,400,6,6,33,0,0,0,1,112.309,0.05,0.15,2497,31.5246,0.92699,0.34575
3968,168,3,3,33,0,1,1,0,31.554,0.05,0.15,2497,31.5246,1.60959,0.34575
3969,266,2,2,24,0,1,1,0,26.856,0.05,0.15,2498,31.5246,1.41986,0.34568
3970,400,3,3,53,0,0,1,1,112.607,0.05,0.15,2498,31.5246,0.93322,0.34568
3971,400,11,6,46,1,0,0,1,137.72,0.05,0.15,2498,31.5246,1.10529,0.34568
3972,400,3,3,43,0,0,0,1,117.86,0.05,0.15,2498,31.5246,0.89437,0.34568
3973,400,7,7,46,0,0,0,1,136.129,0.05,0.15,2498,31.5246,0.88945,0.34568
3974,400,2,2,44,0,0,0,1,95.552,0.05,0.15,2498,31.5246,1.01564,0.34568
3975,88,4,4,36,0,1,1,0,24.51,0.05,0.15,2498,31.5246,2.79852,0.34568
3976,74,1,1,18,0,1,2,0,-9.499,0.05,0.15,2498,31.5246,2.85566,0.34568
3977,400,3,3,18,0,0,1,1,75.563,0.05,0.15,2498,31.5246,0.93421,0.34568
3978,400,0,0,40,0,0,0,1,100.032,0.05,0.15,2498,31.5246,0.91192,0.34568
3979,400,4,4,42,0,0,1,1,114.681,0.05,0.15,2498,31.5246,1.22621,0.34574
3980,400,6,6,55,0,0,1,1,139.893,0.05,0.15,2498,31.5246,1.27551,0.34574
3981,400,5,5,43,0,0,0,1,142.926,0.05,0.15,2498,31.5246,0.97616,0.34574
3982,400,3,3,42,0,0,0,1,132.603,0.05,0.15,2498,31.5246,1.02753,0.34574
3983,151,1,1,20,0,0,0,0,32.789,0.05,0.15,2498,31.5246,1.60442,0.34574
3984,400,4,4,47,0,0,0,1,139.939,0.05,0.15,2498,31.5246,1.1746,0.34574
3985,189,1,1,31,0,1,0,0,31.834,0.05,0.15,2498,31.5246,1.76797,0.34574
3986,400,3,3,38,0,0,0,1,114.173,0.05,0.15,2498,31.5246,1.06876,0.34574
3987,400,10,5,46,1,0,0,1,149.706,0.05,0.15,2498,31.5246,1.28568,0.34574
3988,153,1,1,31,0,1,1,0,20.821,0.05,0.15,2498,31.5246,1.844,0.34574
3989,95,2,2,37,0,1,2,0,24.068,0.05,0.15,2498,31.5246,2.63607,0.34574
3990,400,3,3,34,0,0,0,1,84.791,0.05,0.15,2498,31.5246,1.27212,0.34574
3991,400,7,2,29,1,0,0,1,118.177,0.05,0.15,2498,31.5246,0.78496,0.34574
3992,400,3,3,38,0,0,1,1,108.865,0.05,0.15,2498,31.5246,0.97298,0.34574
3993,400,2,2,24,0,0,0,1,82.369,0.05,0.15,2498,31.5246,0.97665,0.34574
3994,400,6,1,35,1,0,1,1,105.376,0.05,0.15,2498,31.5246,1.19972,0.34574
3995,400,7,7,57,0,0,0,1,147.005,0.05,0.15,2498,31.5246,1.19078,0.34574
3996,400,7,7,66,0,0,0,1,159.837,0.05,0.15,2498,31.5246,0.96933,0.34574
3997,272,10,5,49,1,0,0,0,99.492,0.05,0.15,2498,31.5246,1.82437,0.34574
3998,400,7,2,58,1,0,1,1,109.461,0.05,0.15,2498,31.5246,1.45976,0.34574
3999,400,6,6,50,0,0,0,1,115.408,0.05,0.15,2498,31.5246,1.49664,0.34574
4000,370,10,5,93,1,0,0,1,134.41,0.05,0.15,2498,31.5246,1.52067,0.34574
4001,400,8,3,52,1,0,1,1,123.901,0.05,0.15,2498,31.5246,1.18209,0.34574
4002,400,5,5,43,0,0,0,1,99.71,0.05,0.15,2498,31.5246,0.95194,0.34574
4003,400,6,6,57,0,0,0,1,132.526,0.05,0.15,2498,31.5246,1.19653,0.34574
4004,400,7,7,58,0,0,0,1,143.949,0.05,0.15,2498,31.5246,1.08751,0.34574
4005,156,1,1,36,0,1,0,0,22.731,0.05,0.15,2498,31.5246,1.71727,0.34574
4006,400,8,3,59,1,0,0,1,92.484,0.05,0.15,2498,31.5246,1.18301,0.34574
4007,400,4,4,60,0,0,0,1,140.995,0.05,0.15,2498,31.5246,1.02887,0.34574
4008,188,1,1,34,0,1,1,0,30.046,0.05,0.15,2498,31.5246,1.6012,0.34581
4009,400,2,2,62,0,0,0,1,130.708,0.05,0.15,2498,31.5246,1.09347,0.34581
4010,400,9,4,54,1,0,0,1,147.115,0.05,0.15,2498,31.5246,1.28623,0.34581
4011,400,8,8,59,0,0,0,1,157.471,0.05,0.15,2498,31.5246,1.01185,0.34581
4012,129,5,5,35,0,1,0,0,32.955,0.05,0.15,2498,31.5246,1.95867,0.34581
4013,78,3,3,37,0,0,0,0,47.862,0.05,0.15,2498,31.5246,2.09322,0.34581
4014,167,4,4,52,0,1,1,0,54.536,0.05,0.15,2498,31.5246,1.73116,0.34581
4015,400,4,4,56,0,0,0,1,121.93,0.05,0.15,2498,31.5246,1.18678,0.34581
4016,400,8,3,60,1,0,1,1,135.46,0.05,0.15,2498,31.5246,1.29067,0.34581
4017,400,11,6,56,1,0,0,1,143.438,0.05,0.15,2498,31.5246,1.25542,0.34581
4018,50,1,1,14,0,1,1,0,-5.123,0.05,0.15,2498,31.5246,2.97025,0.34581
4019,400,8,3,49,1,0,0,1,111.424,0.05,0.15,2498,31.5246,1.33834,0.34581
4020,65,2,2,14,0,1,1,0,-6.581,0.05,0.15,2498,31.5246,2.85028,0.34581
4021,400,8,8,58,0,0,0,1,130.323,0.05,0.15,2498,31.5246,1.38202,0.34581
4022,160,3,3,45,0,1,1,0,32.751,0.05,0.15,2498,31.5246,2.08358,0.34581
4023,110,1,1,15,0,0,1,0,7.941,0.05,0.15,2498,31.5246,1.91968,0.34588
4024,400,3,3,42,0,0,0,1,101.053,0.05,0.15,2498,31.5246,1.08798,0.34588
4025,400,5,5,57,0,0,0,1,126.919,0.05,0.15,2498,31.5246,1.15163,0.34588
4026,400,3,3,36,0,0,2,1,90.781,0.05,0.15,2498,31.5246,1.34213,0.34588
4027,400,11,6,98,1,0,0,1,187.031,0.05,0.15,2499,31.5246,1.74526,0.3458
4028,400,9,4,52,1,0,0,1,144.384,0.05,0.15,2499,31.5246,1.24421,0.3458
4029,400,12,7,55,1,0,0,1,171.046,0.05,0.15,2499,31.5246,1.10199,0.3458
4030,400,10,5,65,1,0,0,1,168.04,0.05,0.15,2499,31.5246,1.17996,0.3458
4031,400,11,6,55,1,0,0,1,144.301,0.05,0.15,2499,31.5246,1.69259,0.3458
4032,400,5,5,71,0,0,1,1,129.375,0.05,0.15,2499,31.5246,1.54581,0.3458
4033,400,3,3,47,0,0,0,1,107.154,0.05,0.15,2499,31.5246,1.25454,0.3458
4034,400,10,5,50,1,0,0,1,150.628,0.05,0.15,2499,31.5246,1.23065,0.34587
4035,400,4,4,49,0,0,0,1,123.013,0.05,0.15,2499,31.5246,1.09417,0.34587
4036,400,7,2,53,1,0,0,1,144.868,0.05,0.15,2499,31.5246,1.06031,0.34587
4037,400,1,1,39,0,0,0,1,90.731,0.05,0.15,2499,31.5246,1.0632,0.34587
4038,56,2,2,22,0,1,0,0,4.323,0.05,0.15,2499,31.5246,2.18166,0.34587
4039,400,3,3,46,0,0,0,1,101.055,0.05,0.15,2499,31.5246,1.44304,0.34587
4040,400,2,2,64,0,0,0,1,106.42,0.05,0.15,2499,31.5246,1.1451,0.34587
4041,400,11,6,74,1,0,0,1,110.129,0.05,0.15,2499,31.5246,1.67802,0.34587
4042,400,10,5,55,1,0,0,1,111.414,0.05,0.15,2499,31.5246,1.30633,0.34587
4043,400,4,4,46,0,0,0,1,88.253,0.05,0.15,2499,31.5246,1.14093,0.34587
4044,400,7,2,40,1,0,0,1,111.474,0.05,0.15,2499,31.5246,1.31064,0.34587
4045,400,2,2,43,0,0,0,1,90.535,0.05,0.15,2499,31.5246,1.11128,0.34587
4046,400,10,5,89,1,0,0,1,161.209,0.05,0.15,2499,31.5246,1.79906,0.34587
4047,400,8,3,43,1,0,0,1,110.328,0.05,0.15,2499,31.5246,1.5215,0.34587
4048,174,2,2,37,0,1,1,0,31.018,0.05,0.15,2500,31.5246,1.8702,0.3458
4049,400,3,3,32,0,0,0,1,71.548,0.05,0.15,2500,31.5246,1.33946,0.3458
4050,140,3,3,58,0,1,0,0,47.366,0.05,0.15,2500,31.5246,1.98328,0.3458
4051,400,9,4,55,1,0,1,1,156.248,0.05,0.15,2500,31.5246,1.26408,0.3458
4052,400,7,7,60,0,0,0,1,150.451,0.05,0.15,2500,31.5246,1.31524,0.3458
4053,400,15,5,56,2,0,0,1,139.85,0.05,0.15,2501,31.5246,1.61439,0.34573
4054,400,3,3,38,0,0,0,1,108.517,0.05,0.15,2501,31.5246,1.24856,0.34573
4055,400,1,1,22,0,0,0,1,67.826,0.05,0.15,2501,31.5246,0.95415,0.34573
4056,400,5,5,52,0,0,0,1,125.844,0.05,0.15,2502,31.5246,1.13846,0.34566
4057,400,11,6,62,1,0,0,1,162.399,0.05,0.15,2503,31.5246,1.48273,0.34559
4058,400,3,3,48,0,0,0,1,132.072,0.05,0.15,2503,31.5246,1.12223,0.34559
4059,255,5,5,61,0,0,0,1,110.351,0.05,0.15,2503,31.5246,1.63718,0.34559
4060,400,7,2,36,1,0,0,1,95.393,0.05,0.15,2503,31.5246,1.33596,0.34559
4061,91,4,4,34,0,1,0,0,30.052,0.05,0.15,2503,31.5246,2.1147,0.34559
4062,302,5,5,53,0,1,0,0,74.323,0.05,0.15,2503,31.5246,1.91572,0.34559
4063,149,1,1,30,0,1,1,0,8.786,0.05,0.15,2503,31.5246,2.58015,0.34559
4064,400,2,2,50,0,0,0,1,97.013,0.05,0.15,2503,31.5246,1.22671,0.34559
4065,400,1,1,33,0,0,0,1,65.766,0.05,0.15,2503,31.5246,1.03857,0.34559
4066,400,13,8,58,1,0,0,1,164.458,0.05,0.15,2503,31.5246,1.14203,0.34559
4067,400,5,5,53,0,0,1,1,125.582,0.05,0.15,2503,31.5246,1.19631,0.34559
4068,50,2,2,18,0,1,0,0,-1.284,0.05,0.15,2505,31.5246,3.26301,0.34544
4069,400,2,2,55,0,0,0,1,123.234,0.05,0.15,2505,31.5246,1.05713,0.34551
4070,400,8,8,61,0,0,0,1,133.881,0.05,0.15,2505,31.5246,1.04873,0.34551
4071,400,8,3,52,1,0,0,1,140.516,0.05,0.15,2505,31.5246,1.00672,0.34558
4072,400,3,3,39,0,0,1,1,104.856,0.05,0.15,2505,31.5246,1.04209,0.34558
4073,400,5,5,40,0,0,0,1,117.722,0.05,0.15,2505,31.5246,0.90784,0.34558
4074,400,2,2,42,0,0,0,1,104.439,0.05,0.15,2505,31.5246,1.03017,0.34558
4075,400,2,2,14,0,0,0,1,93.073,0.05,0.15,2505,31.5246,0.74482,0.34558
4076,400,5,5,48,0,0,0,1,131.221,0.05,0.15,2505,31.5246,1.04578,0.34578
4077,382,11,6,44,1,1,0,0,101.58,0.05,0.15,2505,31.5246,1.43271,0.34578
4078,134,1,1,25,0,1,0,0,6.392,0.05,0.15,2505,31.5246,1.42414,0.34578
4079,400,7,2,36,1,0,0,1,127.957,0.05,0.15,2505,31.5246,1.10678,0.34578
4080,400,8,8,44,0,0,0,1,134.845,0.05,0.15,2505,31.5246,0.91353,0.34578
4081,400,9,4,54,1,0,0,1,134.794,0.05,0.15,2505,31.5246,1.20062,0.34578
4082,185,0,0,1,0,1,0,0,12.076,0.05,0.15,2506,31.5246,0.91903,0.3457
4083,400,15,5,43,2,0,0,1,140.818,0.05,0.15,2506,31.5246,1.17841,0.3457
4084,400,5,5,38,0,0,0,1,125.966,0.05,0.15,2507,31.5246,1.30302,0.3457
4085,400,10,5,43,1,0,0,1,133.468,0.05,0.15,2507,31.5246,0.94745,0.3457
4086,400,9,4,46,1,0,0,1,118.059,0.05,0.15,2507,31.5246,0.9643,0.3457
4087,400,1,1,19,0,0,0,1,83.005,0.05,0.15,2507,31.5246,0.85197,0.3457
4088,400,2,2,38,0,0,0,1,94.723,0.05,0.15,2507,31.5246,0.92534,0.3457
4089,236,2,2,26,0,1,0,0,24.207,0.05,0.15,2507,31.5246,1.30824,0.3457
4090,73,1,1,29,0,0,0,0,23.177,0.05,0.15,2507,31.5246,1.974,0.3457
4091,400,11,6,52,1,0,0,1,154.275,0.05,0.15,2507,31.5246,0.79927,0.3457
4092,400,5,5,44,0,0,0,1,121.599,0.05,0.15,2507,31.5246,0.84458,0.3457
4093,400,10,5,31,1,0,0,1,67.087,0.05,0.15,2507,31.5246,1.52195,0.3457
4094,400,5,5,57,0,0,0,1,114.268,0.05,0.15,2507,31.5246,1.26117,0.3457
4095,150,1,1,43,0,1,0,0,23.92,0.05,0.15,2507,31.5246,1.70589,0.3457
4096,400,4,4,52,0,0,0,1,111.794,0.05,0.15,2507,31.5246,0.84311,0.3457
4097,400,6,6,53,0,0,0,1,130.991,0.05,0.15,2507,31.5246,0.97484,0.3457
4098,400,8,8,69,0,0,0,1,153.998,0.05,0.15,2508,31.5246,1.37644,0.34563
4099,161,4,4,44,0,1,1,0,40.634,0.05,0.15,2508,31.5246,1.82494,0.34563
4100,400,8,3,48,1,0,0,1,144.017,0.05,0.15,2508,31.5246,1.1597,0.34563
4101,400,5,5,56,0,0,0,1,159.405,0.05,0.15,2508,31.5246,1.04232,0.34563
4102,400,4,4,48,0,0,0,1,94.316,0.05,0.15,2508,31.5246,1.40012,0.34563
4103,400,11,6,52,1,0,2,1,143.819,0.05,0.15,2508,31.5246,1.45138,0.34563
4104,204,12,7,56,1,1,0,0,96.254,0.05,0.15,2508,31.5246,2.24553,0.34569
4105,203,1,1,38,0,1,0,0,33.318,0.05,0.15,2508,31.5246,1.84127,0.34569
4106,400,5,5,60,0,0,0,1,134.895,0.05,0.15,2508,31.5246,1.11732,0.34569
4107,400,12,7,64,1,0,0,1,167.695,0.05,0.15,2508,31.5246,1.45885,0.34569
4108,400,10,5,63,1,0,1,1,134.772,0.05,0.15,2508,31.5246,1.61421,0.34569
4109,400,12,7,69,1,0,0,1,120.818,0.05,0.15,2508,31.5246,1.543,0.34569
4110,400,4,4,46,0,0,2,1,93.549,0.05,0.15,2508,31.5246,1.33118,0.34569
4111,72,0,0,24,0,1,0,0,-3.303,0.05,0.15,2509,31.5246,2.48476,0.34562
4112,103,4,4,31,0,1,0,0,19.135,0.05,0.15,2509,31.5246,2.0427,0.34562
4113,400,2,2,38,0,0,0,1,98.052,0.05,0.15,2509,31.5246,0.93342,0.34562
4114,400,2,2,43,0,0,0,1,69.332,0.05,0.15,2509,31.5246,1.30135,0.34562
4115,104,3,3,38,0,0,0,0,38.776,0.05,0.15,2509,31.5246,2.55664,0.34562
4116,139,4,4,48,0,1,0,0,41.444,0.05,0.15,2510,31.5246,2.05107,0.34555
4117,279,4,4,54,0,0,0,1,81.67,0.05,0.15,2510,31.5246,1.41886,0.34555
4118,400,16,6,79,2,0,0,1,177.423,0.05,0.15,2510,31.5246,1.56091,0.34555
4119,303,14,4,66,2,0,0,1,134.771,0.05,0.15,2510,31.5246,1.56314,0.34555
4120,400,6,6,53,0,0,0,1,141.585,0.05,0.15,2510,31.5246,0.84661,0.34562
4121,400,10,5,58,1,0,0,1,148.44,0.05,0.15,2510,31.5246,1.28963,0.34562
4122,182,3,3,52,0,1,1,0,40.076,0.05,0.15,2510,31.5246,1.77257,0.34562
4123,400,11,6,55,1,0,0,1,154.208,0.05,0.15,2510,31.5246,1.14269,0.34562
4124,400,3,3,35,0,0,0,1,106.619,0.05,0.15,2510,31.5246,1.08383,0.34562
4125,68,2,2,22,0,0,2,0,19.582,0.05,0.15,2510,31.5246,1.66078,0.34562
4126,400,9,4,57,1,0,1,1,96.218,0.05,0.15,2510,31.5246,1.54144,0.34562
4127,106,5,5,43,0,0,1,0,60.538,0.05,0.15,2510,31.5246,2.21087,0.34562
4128,400,9,4,35,1,0,0,1,116.621,0.05,0.15,2510,31.5246,1.59218,0.34562
4129,400,11,6,79,1,0,0,1,166.178,0.05,0.15,2510,31.5246,1.74655,0.34562
4130,187,6,6,48,0,1,1,0,46.69,0.05,0.15,2510,31.5246,1.93105,0.34562
4131,389,18,8,50,2,0,0,1,115.034,0.05,0.15,2510,31.5246,1.62514,0.34562
4132,304,17,7,63,2,0,0,1,142.173,0.05,0.15,2510,31.5246,1.81324,0.34562
4133,400,4,4,42,0,0,0,1,91.787,0.05,0.15,2510,31.5246,1.28529,0.34568
4134,400,9,4,44,1,0,0,1,143.294,0.05,0.15,2510,31.5246,1.21652,0.34568
4135,400,10,5,46,1,0,0,1,151.972,0.05,0.15,2510,31.5246,1.29586,0.34568
4136,400,3,3,53,0,0,0,1,143.315,0.05,0.15,2510,31.5246,0.98573,0.34568
4137,400,8,3,48,1,0,0,1,153.479,0.05,0.15,2510,31.5246,1.07994,0.34568
4138,187,1,1,28,0,1,1,0,19.277,0.05,0.15,2510,31.5246,1.6712,0.34568
4139,121,1,1,22,0,1,0,0,-7.283,0.05,0.15,2510,31.5246,2.25104,0.34568
4140,400,10,5,61,1,0,0,1,168.484,0.05,0.15,2510,31.5246,1.27302,0.34568
4141,187,8,8,75,0,1,2,0,92.858,0.05,0.15,2510,31.5246,2.14144,0.34568
4142,79,7,2,25,1,1,0,0,26.734,0.05,0.15,2510,31.5246,2.22272,0.34568
4143,400,11,6,70,1,0,0,1,172.527,0.05,0.15,2510,31.5246,1.07636,0.34568
4144,400,12,7,69,1,0,0,1,176.155,0.05,0.15,2510,31.5246,1.45878,0.34568
4145,357,11,6,99,1,0,0,1,182.626,0.05,0.15,2510,31.5246,1.59763,0.34568
4146,400,4,4,49,0,0,0,1,136.375,0.05,0.15,2510,31.5246,1.02756,0.34568
4147,400,11,6,69,1,0,0,1,178.308,0.05,0.15,2510,31.5246,1.30684,0.34568
4148,400,17,7,80,2,0,0,1,191.685,0.05,0.15,2510,31.5246,1.63036,0.34568
4149,400,6,6,57,0,0,2,1,156.002,0.05,0.15,2511,31.5246,1.09859,0.34561
4150,400,10,5,61,1,0,0,1,173.871,0.05,0.15,2511,31.5246,1.34454,0.34561
4151,242,1,1,46,0,1,1,0,41.843,0.05,0.15,2511,31.5246,1.93324,0.34561
4152,400,16,6,59,2,0,1,1,158.19,0.05,0.15,2511,31.5246,1.62821,0.34561
4153,400,4,4,45,0,0,0,1,121.552,0.05,0.15,2512,31.5246,1.16741,0.34554
4154,400,6,6,74,0,0,1,1,136.659,0.05,0.15,2512,31.5246,1.37707,0.34554
4155,400,7,7,55,0,0,0,1,148.961,0.05,0.15,2512,31.5246,1.06617,0.34554
4156,400,11,6,49,1,0,0,1,141.96,0.05,0.15,2512,31.5246,1.22878,0.34554
4157,400,13,8,64,1,0,0,1,181.708,0.05,0.15,2512,31.5246,1.37171,0.34554
4158,400,6,6,46,0,0,0,1,114.675,0.05,0.15,2512,31.5246,1.15812,0.34554
4159,200,3,3,39,0,0,0,0,58.953,0.05,0.15,2512,31.5246,1.64031,0.34554
4160,400,13,8,56,1,0,0,1,179.798,0.05,0.15,2512,31.5246,1.22008,0.34554
4161,400,12,7,63,1,0,0,1,169.163,0.05,0.15,2512,31.5246,1.22218,0.34554
4162,400,6,6,60,0,0,1,1,124.045,0.05,0.15,2512,31.5246,1.48476,0.34554
4163,400,4,4,33,0,0,1,1,75.283,0.05,0.15,2512,31.5246,1.46411,0.34554
4164,400,3,3,55,0,0,0,1,130.938,0.05,0.15,2512,31.5246,0.98296,0.34554
4165,213,6,6,42,0,1,0,0,60.836,0.05,0.15,2512,31.5246,1.96416,0.34554
4166,176,3,3,47,0,0,0,0,69.067,0.05,0.15,2512,31.5246,1.54434,0.34554
4167,400,10,5,54,1,0,0,1,150.154,0.05,0.15,2512,31.5246,1.33615,0.34554
4168,400,3,3,45,0,0,0,1,88.154,0.05,0.15,2512,31.5246,1.44443,0.34554
4169,400,11,6,60,1,0,0,1,166.804,0.05,0.15,2512,31.5246,1.21887,0.34554
4170,400,15,5,62,2,0,0,1,161.022,0.05,0.15,2512,31.5246,1.57356,0.34554
4171,109,1,1,33,0,1,2,0,21.504,0.05,0.15,2512,31.5246,2.31156,0.34554
4172,400,10,5,54,1,0,0,1,170.711,0.05,0.15,2512,31.5246,1.22284,0.34554
4173,400,8,3,42,1,0,0,1,136.068,0.05,0.15,2512,31.5246,1.28246,0.34554
4174,400,5,5,44,0,0,0,1,116.528,0.05,0.15,2512,31.5246,1.2353,0.34554
4175,400,3,3,40,0,0,0,1,120.047,0.05,0.15,2512,31.5246,1.01503,0.34554
4176,400,7,2,51,1,0,0,1,104.632,0.05,0.15,2512,31.5246,1.59178,0.34554
4177,226,3,3,55,0,1,1,0,70.154,0.05,0.15,2512,31.5246,1.97123,0.34554
4178,400,6,1,39,1,0,0,1,113.478,0.05,0.15,2512,31.5246,1.43646,0.34554
4179,400,10,5,55,1,0,0,1,159.077,0.05,0.15,2512,31.5246,1.17452,0.34554
4180,400,9,4,57,1,0,0,1,161.606,0.05,0.15,2512,31.5246,1.22294,0.34554
4181,400,18,8,79,2,0,0,1,195.609,0.05,0.15,2512,31.5246,1.80196,0.34554
4182,400,4,4,54,0,0,0,1,109.403,0.05,0.15,2512,31.5246,1.35995,0.34554
4183,113,2,2,38,0,1,1,0,22.224,0.05,0.15,2512,31.5246,2.1611,0.34554
4184,400,7,7,56,0,0,0,1,157.661,0.05,0.15,2512,31.5246,0.9106,0.34554
4185,400,3,3,29,0,0,0,1,93.219,0.05,0.15,2512,31.5246,1.16462,0.34554
4186,400,6,6,59,0,0,0,1,149.602,0.05,0.15,2512,31.5246,1.0682,0.34554
4187,153,4,4,55,0,1,1,0,63.059,0.05,0.15,2512,31.5246,2.43296,0.34554
4188,400,11,6,46,1,0,0,1,128.217,0.05,0.15,2512,31.5246,1.65651,0.34554
4189,400,7,2,50,1,0,0,1,89.75,0.05,0.15,2512,31.5246,1.66348,0.34554
4190,400,7,2,46,1,0,0,1,133.806,0.05,0.15,2512,31.5246,1.31416,0.34554
4191,400,12,7,55,1,0,2,1,171.112,0.05,0.15,2512,31.5246,1.11008,0.34554
4192,400,11,6,77,1,0,0,1,185.23,0.05,0.15,2512,31.5246,1.32651,0.34554
4193,400,7,7,47,0,0,0,1,131.61,0.05,0.15,2512,31.5246,1.19406,0.34554
4194,234,7,2,56,1,1,1,0,79.38,0.05,0.15,2512,31.5246,2.02778,0.34554
4195,206,10,5,59,1,1,1,0,83.826,0.05,0.15,2512,31.5246,2.04523,0.34554
4196,400,5,5,79,0,0,0,1,124.186,0.05,0.15,2512,31.5246,1.58379,0.34554
4197,400,10,5,51,1,0,0,1,107.657,0.05,0.15,2512,31.5246,1.63628,0.34554
4198,400,11,6,62,1,0,0,1,147.742,0.05,0.15,2512,31.5246,1.33992,0.34554
4199,148,3,3,44,0,1,1,0,23.251,0.05,0.15,2513,31.5246,2.08906,0.34547
4200,243,4,4,53,0,0,0,1,83.796,0.05,0.15,2514,31.5246,1.66209,0.3454
4201,400,6,6,79,0,0,1,1,124.121,0.05,0.15,2514,31.5246,1.34302,0.3454
4202,400,2,2,66,0,0,0,1,120.825,0.05,0.15,2514,31.5246,1.00836,0.3454
4203,400,11,6,82,1,0,0,1,144.569,0.05,0.15,2514,31.5246,1.62903,0.3454
4204,270,6,6,62,0,0,0,0,100.076,0.05,0.15,2514,31.5246,1.85011,0.3454
4205,400,11,6,59,1,0,0,1,150.539,0.05,0.15,2514,31.5246,1.17089,0.3454
4206,362,5,5,86,0,0,0,1,122.602,0.05,0.15,2514,31.5246,1.14001,0.3454
4207,132,10,5,48,1,1,0,0,58.18,0.05,0.15,2514,31.5246,2.56167,0.3454
4208,400,7,7,82,0,0,0,1,152.476,0.05,0.15,2514,31.5246,1.06305,0.3454
4209,400,3,3,32,0,0,0,1,106.974,0.05,0.15,2514,31.5246,0.83137,0.3454
4210,400,2,2,30,0,0,0,1,107.976,0.05,0.15,2514,31.5246,0.83766,0.3454
4211,400,9,4,34,1,0,0,1,115.319,0.05,0.15,2515,31.5246,1.29694,0.34539
4212,400,3,3,39,0,0,0,1,102.072,0.05,0.15,2515,31.5246,1.06256,0.34539
4213,400,12,7,55,1,0,0,1,161.738,0.05,0.15,2515,31.5246,1.26531,0.34539
4214,68,3,3,31,0,1,1,0,13.233,0.05,0.15,2515,31.5246,2.80054,0.34539
4215,400,11,6,61,1,0,1,1,163.472,0.05,0.15,2516,31.5246,1.32459,0.34532
4216,400,14,4,71,2,0,0,1,183.178,0.05,0.15,2517,31.5246,1.26023,0.34525
4217,400,4,4,35,0,0,0,1,119.533,0.05,0.15,2517,31.5246,0.66047,0.34525
4218,400,1,1,24,0,0,0,1,94.8,0.05,0.15,2517,31.5246,0.98025,0.34525
4219,400,7,2,38,1,0,1,1,138.416,0.05,0.15,2517,31.5246,1.33242,0.34525
4220,400,11,6,81,1,0,0,1,160.118,0.05,0.15,2517,31.5246,1.27479,0.34525
4221,400,11,6,59,1,0,0,1,166.007,0.05,0.15,2517,31.5246,1.04296,0.34525
4222,400,3,3,30,0,0,0,1,114.253,0.05,0.15,2517,31.5246,0.80475,0.34525
4223,400,13,3,44,2,0,0,1,143.454,0.05,0.15,2517,31.5246,1.09155,0.34525
4224,400,9,4,44,1,0,1,1,153.89,0.05,0.15,2517,31.5246,1.16444,0.34525
4225,105,5,5,28,0,1,0,0,27.973,0.05,0.15,2517,31.5246,2.20242,0.34525
4226,114,3,3,36,0,1,1,0,32.601,0.05,0.15,2517,31.5246,2.22728,0.34525
4227,400,3,3,69,0,0,0,1,144.334,0.05,0.15,2518,31.5246,0.8932,0.34518
4228,400,9,4,60,1,0,1,1,154.525,0.05,0.15,2518,31.5246,1.20344,0.34518
4229,400,7,7,49,0,0,0,1,140.12,0.05,0.15,2519,31.5246,1.03012,0.34511
4230,400,2,2,48,0,0,0,1,119.972,0.05,0.15,2519,31.5246,0.98751,0.34511
4231,400,8,8,63,0,0,0,1,107.66,0.05,0.15,2519,31.5246,1.69837,0.34511
4232,400,9,4,58,1,0,0,1,136.214,0.05,0.15,2519,31.5246,1.75825,0.34518
4233,357,11,6,61,1,0,0,1,144.405,0.05,0.15,2519,31.5246,1.45931,0.34518
4234,400,10,5,78,1,0,0,1,148.323,0.05,0.15,2519,31.5246,1.63545,0.34518
4235,400,8,3,42,1,0,0,1,114.057,0.05,0.15,2519,31.5246,1.43887,0.34518
4236,400,4,4,57,0,0,0,1,144.955,0.05,0.15,2519,31.5246,1.00089,0.34518
4237,400,9,4,33,1,0,0,1,126.566,0.05,0.15,2519,31.5246,0.89345,0.34518
4238,400,3,3,42,0,0,0,1,117.817,0.05,0.15,2519,31.5246,0.94102,0.34518
4239,244,2,2,23,0,1,1,0,16.56,0.05,0.15,2519,31.5246,1.98015,0.34518
4240,400,4,4,46,0,0,0,1,129.945,0.05,0.15,2519,31.5246,0.83446,0.34518
4241,400,4,4,50,0,0,0,1,155.911,0.05,0.15,2520,31.5246,0.95871,0.34511
4242,400,7,7,52,0,0,0,1,153.419,0.05,0.15,2520,31.5246,1.03841,0.34511
4243,400,1,1,26,0,0,0,1,87.324,0.05,0.15,2520,31.5246,0.7794,0.34517
4244,400,13,8,55,1,0,0,1,169.678,0.05,0.15,2520,31.5246,1.11671,0.34517
4245,88,2,2,33,0,1,0,0,18.928,0.05,0.15,2520,31.5246,2.06385,0.34517
4246,400,10,5,59,1,0,0,1,165.072,0.05,0.15,2520,31.5246,0.94233,0.34517
4247,243,4,4,37,0,1,1,0,56.958,0.05,0.15,2520,31.5246,1.36392,0.34517
4248,400,9,4,54,1,0,1,1,159.297,0.05,0.15,2520,31.5246,1.11175,0.34517
4249,170,0,0,14,0,0,0,0,28.53,0.05,0.15,2520,31.5246,0.82225,0.34517
4250,400,3,3,45,0,0,0,1,127.739,0.05,0.15,2520,31.5246,1.02864,0.34517
4251,400,4,4,61,0,0,0,1,141.667,0.05,0.15,2520,31.5246,1.16816,0.34517
4252,400,4,4,39,0,0,0,1,117.083,0.05,0.15,2520,31.5246,0.93428,0.34517
4253,400,2,2,42,0,0,0,1,111.932,0.05,0.15,2520,31.5246,1.04353,0.34517
4254,400,11,6,54,1,0,0,1,166.216,0.05,0.15,2520,31.5246,1.1565,0.34517
4255,400,5,5,57,0,0,1,1,152.603,0.05,0.15,2520,31.5246,1.11704,0.34517
4256,400,9,4,38,1,0,0,1,120.08,0.05,0.15,2520,31.5246,1.58687,0.34517
4257,400,12,7,61,1,0,0,1,158.973,0.05,0.15,2520,31.5246,1.59481,0.34517
4258,400,4,4,43,0,0,0,1,128.517,0.05,0.15,2520,31.5246,1.02931,0.34524
4259,400,7,7,63,0,0,0,1,158.474,0.05,0.15,2520,31.5246,1.26144,0.34524
4260,400,4,4,50,0,0,0,1,127.973,0.05,0.15,2520,31.5246,1.17791,0.34524
4261,400,5,5,45,0,0,0,1,109.199,0.05,0.15,2520,31.5246,1.25651,0.34524
4262,400,5,5,45,0,0,0,1,139.368,0.05,0.15,2520,31.5246,1.09616,0.34524
4263,400,4,4,46,0,0,0,1,121.109,0.05,0.15,2520,31.5246,1.21094,0.34524
4264,400,4,4,48,0,0,0,1,142.265,0.05,0.15,2520,31.5246,1.08379,0.34524
4265,400,7,2,35,1,0,1,1,105.04,0.05,0.15,2521,31.5246,1.56887,0.34517
4266,400,5,5,45,0,0,0,1,70.981,0.05,0.15,2521,31.5246,1.47921,0.34517
4267,400,7,2,47,1,0,0,1,122.939,0.05,0.15,2521,31.5246,1.03044,0.34517
4268,400,3,3,34,0,0,0,1,103.167,0.05,0.15,2521,31.5246,0.9894,0.34517
4269,400,3,3,36,0,0,0,1,104.49,0.05,0.15,2521,31.5246,0.85844,0.34517
4270,400,4,4,47,0,0,1,1,122.923,0.05,0.15,2521,31.5246,0.95686,0.34517
4271,400,4,4,56,0,0,0,1,135.455,0.05,0.15,2521,31.5246,1.02078,0.34517
4272,400,6,6,51,0,0,0,1,145.457,0.05,0.15,2521,31.5246,0.92919,0.34517
4273,400,5,5,48,0,0,0,1,151.754,0.05,0.15,2521,31.5246,0.86383,0.34517
4274,400,2,2,38,0,0,0,1,130.23,0.05,0.15,2521,31.5246,0.75412,0.34517
4275,400,6,6,47,0,0,0,1,144.148,0.05,0.15,2521,31.5246,0.84668,0.34517
4276,185,4,4,51,0,1,2,0,60.778,0.05,0.15,2521,31.5246,1.9135,0.34517
4277,97,0,0,15,0,1,0,0,1.753,0.05,0.15,2521,31.5246,1.85192,0.34517
4278,400,4,4,32,0,0,0,1,102.22,0.05,0.15,2521,31.5246,1.12816,0.34517
4279,400,10,5,52,1,0,0,1,73.995,0.05,0.15,2522,31.5246,1.77745,0.3451
4280,288,15,5,51,2,0,0,1,111.156,0.05,0.15,2522,31.5246,2.03417,0.3451
4281,319,11,6,48,1,0,0,1,86.531,0.05,0.15,2522,31.5246,2.01902,0.3451
4282,400,8,3,35,1,0,0,1,117.452,0.05,0.15,2522,31.5246,1.07124,0.3451
4283,400,6,6,59,0,0,0,1,126.912,0.05,0.15,2522,31.5246,1.10697,0.3451
4284,400,10,5,45,1,0,0,1,124.717,0.05,0.15,2522,31.5246,1.14315,0.3451
4285,400,5,5,50,0,0,0,1,118.733,0.05,0.15,2522,31.5246,1.08564,0.3451
4286,367,3,3,53,0,0,0,1,94.087,0.05,0.15,2522,31.5246,1.33883,0.3451
4287,400,2,2,63,0,0,0,1,89.437,0.05,0.15,2522,31.5246,1.21415,0.3451
4288,400,10,5,63,1,0,0,1,126.751,0.05,0.15,2524,31.5246,1.73153,0.34496
4289,171,4,4,42,0,1,1,0,24.558,0.05,0.15,2524,31.5246,2.02404,0.34496
4290,400,3,3,32,0,0,0,1,105.343,0.05,0.15,2524,31.5246,0.91682,0.34496
4291,400,7,2,19,1,0,0,1,113.447,0.05,0.15,2524,31.5246,0.74666,0.34496
4292,163,5,5,39,0,0,0,0,66.335,0.05,0.15,2524,31.5246,1.4338,0.34496
4293,400,6,6,57,0,0,0,1,142.263,0.05,0.15,2524,31.5246,0.9308,0.34496
4294,400,7,2,29,1,0,0,1,105.532,0.05,0.15,2524,31.5246,0.93195,0.34496
4295,400,9,4,36,1,0,0,1,119.267,0.05,0.15,2524,31.5246,0.88534,0.34496
4296,157,2,2,32,0,1,0,0,24.235,0.05,0.15,2524,31.5246,1.73751,0.34502
4297,400,12,2,48,2,0,0,1,133.681,0.05,0.15,2524,31.5246,1.14585,0.34502
4298,400,10,5,60,1,0,0,1,141.572,0.05,0.15,2524,31.5246,1.07787,0.34502
4299,400,8,3,30,1,0,0,1,120.583,0.05,0.15,2524,31.5246,0.98555,0.34502
4300,400,8,3,27,1,0,0,1,89.409,0.05,0.15,2524,31.5246,1.07338,0.34502
4301,400,8,3,35,1,0,0,1,115.753,0.05,0.15,2524,31.5246,0.99925,0.34502
4302,203,9,4,50,1,1,0,0,74.889,0.05,0.15,2526,31.5246,2.15662,0.34488
4303,400,2,2,32,0,0,0,1,94.988,0.05,0.15,2526,31.5246,0.9473,0.34495
4304,400,5,5,40,0,0,0,1,116.262,0.05,0.15,2526,31.5246,0.90477,0.34495
4305,400,7,7,61,0,0,0,1,150.78,0.05,0.15,2526,31.5246,0.98376,0.34495
4306,400,5,5,42,0,0,0,1,121.802,0.05,0.15,2526,31.5246,0.9342,0.34495
4307,400,7,2,39,1,0,0,1,115.877,0.05,0.15,2528,31.5246,0.9912,0.3448
4308,400,2,2,25,0,0,0,1,101.466,0.05,0.15,2528,31.5246,0.78326,0.3448
4309,400,3,3,31,0,0,0,1,84.527,0.05,0.15,2528,31.5246,1.19307,0.3448
4310,400,4,4,44,0,0,0,1,133.949,0.05,0.15,2529,31.5246,0.87641,0.34473
4311,400,6,6,56,0,0,0,1,133.874,0.05,0.15,2529,31.5246,0.91394,0.34473
4312,400,11,6,58,1,0,0,1,149.47,0.05,0.15,2529,31.5246,1.10817,0.34473
4313,400,8,3,29,1,0,1,1,114.014,0.05,0.15,2529,31.5246,0.97722,0.34473
4314,400,9,4,48,1,0,0,1,131.414,0.05,0.15,2529,31.5246,1.15626,0.34473
4315,400,8,3,40,1,0,0,1,118.878,0.05,0.15,2529,31.5246,1.18795,0.34473
4316,400,11,6,48,1,0,0,1,163.475,0.05,0.15,2529,31.5246,0.91301,0.34473
4317,400,5,5,51,0,0,0,1,132.762,0.05,0.15,2530,31.5246,1.06552,0.34466
4318,400,9,4,28,1,0,0,1,98.685,0.05,0.15,2530,31.5246,0.97059,0.34466
4319,400,10,5,54,1,0,0,1,135.045,0.05,0.15,2530,31.5246,1.08931,0.34466
4320,400,7,2,57,1,0,0,1,127.707,0.05,0.15,2530,31.5246,1.20078,0.34466
4321,400,4,4,50,0,0,0,1,113.116,0.05,0.15,2530,31.5246,1.2287,0.34466
4322,400,9,4,56,1,0,2,1,122.886,0.05,0.15,2530,31.5246,1.17975,0.34466
4323,400,1,1,44,0,0,0,1,75.407,0.05,0.15,2530,31.5246,1.18304,0.34466
4324,153,2,2,29,0,1,0,0,15.433,0.05,0.15,2530,31.5246,1.62511,0.34466
4325,400,3,3,40,0,0,0,1,83.333,0.05,0.15,2530,31.5246,0.91248,0.34466
4326,156,0,0,33,0,0,0,0,34.709,0.05,0.15,2530,31.5246,1.56541,0.34466
4327,209,3,3,38,0,1,0,0,28.413,0.05,0.15,2530,31.5246,1.72705,0.34473
4328,400,3,3,33,0,0,0,1,83.893,0.05,0.15,2530,31.5246,0.73007,0.34473
4329,400,4,4,45,0,0,0,1,118.362,0.05,0.15,2530,31.5246,0.8703,0.34473
4330,400,6,6,67,0,0,0,1,136.247,0.05,0.15,2530,31.5246,1.08069,0.34473
4331,400,4,4,23,0,0,0,1,90.062,0.05,0.15,2530,31.5246,1.06422,0.34473
4332,400,2,2,43,0,0,1,1,125.312,0.05,0.15,2530,31.5246,1.0796,0.34473
4333,203,3,3,44,0,1,1,0,52.346,0.05,0.15,2530,31.5246,1.67742,0.34473
4334,136,0,0,25,0,1,1,0,10.155,0.05,0.15,2530,31.5246,2.15314,0.34473
4335,259,8,3,30,1,1,0,0,68.832,0.05,0.15,2531,31.5246,1.51051,0.34466
4336,400,4,4,45,0,0,0,1,108.641,0.05,0.15,2531,31.5246,1.23388,0.34466
4337,148,2,2,28,0,0,0,0,44.585,0.05,0.15,2531,31.5246,1.44896,0.34466
4338,146,2,2,26,0,1,1,0,0.484,0.05,0.15,2531,31.5246,1.78386,0.34466
4339,400,3,3,43,0,0,0,1,64.27,0.05,0.15,2531,31.5246,1.162,0.34466
4340,400,3,3,44,0,0,0,1,114.363,0.05,0.15,2531,31.5246,1.10407,0.34466
4341,400,7,7,60,0,0,0,1,120.227,0.05,0.15,2531,31.5246,1.14992,0.34466
4342,400,5,5,38,0,0,0,1,124.865,0.05,0.15,2531,31.5246,0.85094,0.34466
4343,400,6,6,52,0,0,1,1,127.096,0.05,0.15,2531,31.5246,0.95565,0.34479
4344,49,0,0,12,0,0,0,0,0.992,0.05,0.15,2531,31.5246,1.93319,0.34479
4345,400,10,5,38,1,0,0,1,117.378,0.05,0.15,2531,31.5246,1.12232,0.34479
4346,400,10,5,57,1,0,1,1,144.758,0.05,0.15,2531,31.5246,1.12344,0.34486
4347,400,4,4,49,0,0,0,1,121.721,0.05,0.15,2531,31.5246,0.9817,0.34486
4348,400,8,3,30,1,0,0,1,117.255,0.05,0.15,2531,31.5246,0.75167,0.34486
4349,135,5,5,35,0,1,1,0,35.913,0.05,0.15,2531,31.5246,2.20148,0.34486
4350,400,12,7,63,1,0,0,1,133.704,0.05,0.15,2531,31.5246,1.20541,0.34486
4351,400,2,2,46,0,0,0,1,118.756,0.05,0.15,2531,31.5246,0.66071,0.34486
4352,400,4,4,56,0,0,0,1,143.781,0.05,0.15,2531,31.5246,1.05488,0.34486
4353,89,1,1,26,0,1,1,0,9.147,0.05,0.15,2531,31.5246,2.34796,0.34486
4354,400,8,3,49,1,0,0,1,120.215,0.05,0.15,2531,31.5246,1.0594,0.34486
4355,400,3,3,53,0,0,0,1,109.98,0.05,0.15,2532,31.5246,1.17669,0.34479
4356,114,1,1,32,0,1,1,0,11.107,0.05,0.15,2532,31.5246,1.74475,0.34479
4357,400,2,2,35,0,0,0,1,104.069,0.05,0.15,2532,31.5246,0.77009,0.34479
4358,400,6,6,63,0,0,0,1,132.727,0.05,0.15,2532,31.5246,1.13401,0.34479
4359,400,10,5,55,1,0,0,1,155.943,0.05,0.15,2532,31.5246,1.23149,0.34479
4360,224,2,2,33,0,1,1,0,42.085,0.05,0.15,2532,31.5246,1.35081,0.34479
4361,400,6,6,52,0,0,0,1,145.388,0.05,0.15,2534,31.5246,1.17641,0.34465
4362,400,11,6,85,1,0,1,1,175.004,0.05,0.15,2534,31.5246,1.39734,0.34465
4363,207,2,2,49,0,1,0,0,35.187,0.05,0.15,2534,31.5246,1.88374,0.34465
4364,400,3,3,48,0,0,0,1,115.082,0.05,0.15,2534,31.5246,0.98247,0.34465
4365,400,4,4,66,0,0,0,1,113.917,0.05,0.15,2534,31.5246,1.05557,0.34465
4366,187,5,5,57,0,1,0,0,51.607,0.05,0.15,2534,31.5246,1.60317,0.34471
4367,400,9,4,65,1,0,1,1,109.831,0.05,0.15,2534,31.5246,1.52599,0.34471
4368,400,3,3,58,0,0,0,1,105.561,0.05,0.15,2534,31.5246,1.29574,0.34471
4369,400,10,5,32,1,0,0,1,126.435,0.05,0.15,2534,31.5246,0.9875,0.34471
4370,400,11,6,48,1,0,0,1,132.821,0.05,0.15,2535,31.5246,1.13455,0.34464
4371,400,1,1,26,0,0,0,1,93.095,0.05,0.15,2535,31.5246,0.89793,0.34464
4372,400,4,4,63,0,0,0,1,118.382,0.05,0.15,2535,31.5246,0.83546,0.34464
4373,400,7,2,30,1,0,0,1,105.838,0.05,0.15,2535,31.5246,0.97277,0.34464
4374,400,7,2,49,1,0,0,1,116.979,0.05,0.15,2535,31.5246,0.89228,0.34464
4375,400,4,4,42,0,0,0,1,102.936,0.05,0.15,2535,31.5246,0.89287,0.34464
4376,400,5,5,47,0,0,0,1,132.313,0.05,0.15,2535,31.5246,0.99239,0.34464
4377,56,1,1,24,0,1,1,0,-0.252,0.05,0.15,2535,31.5246,3.39859,0.34464
4378,399,4,4,44,0,0,0,1,130.279,0.05,0.15,2535,31.5246,1.17013,0.34464
4379,400,8,3,54,1,0,0,1,158.706,0.05,0.15,2535,31.5246,1.12338,0.34464
4380,400,3,3,45,0,0,0,1,127.883,0.05,0.15,2535,31.5246,0.95037,0.34464
4381,400,6,6,64,0,0,0,1,163.95,0.05,0.15,2535,31.5246,1.22116,0.34464
4382,400,10,5,76,1,0,0,1,178.986,0.05,0.15,2535,31.5246,1.22569,0.34464
4383,400,5,5,54,0,0,1,1,137.192,0.05,0.15,2535,31.5246,1.11153,0.34464
4384,400,4,4,54,0,0,0,1,143.725,0.05,0.15,2535,31.5246,1.17696,0.34464
4385,400,10,5,60,1,0,0,1,162.208,0.05,0.15,2535,31.5246,1.30687,0.34464
4386,165,2,2,48,0,1,0,0,44.412,0.05,0.15,2535,31.5246,1.7433,0.34471
4387,400,17,7,71,2,0,0,1,149.925,0.05,0.15,2535,31.5246,1.91687,0.34471
4388,77,4,4,28,0,1,1,0,17.923,0.05,0.15,2535,31.5246,2.39025,0.34471
4389,400,3,3,36,0,0,0,1,105.509,0.05,0.15,2536,31.5246,1.09973,0.34464
4390,400,7,7,51,0,0,0,1,138.52,0.05,0.15,2536,31.5246,1.14418,0.34464
4391,400,1,1,42,0,0,0,1,83.945,0.05,0.15,2536,31.5246,1.17137,0.34464
4392,142,2,2,33,0,1,1,0,24.315,0.05,0.15,2536,31.5246,2.39871,0.34464
4393,365,16,6,81,2,0,0,1,150.734,0.05,0.15,2536,31.5246,1.61028,0.34464
4394,400,4,4,71,0,0,0,1,132.588,0.05,0.15,2536,31.5246,1.00226,0.34464
4395,400,2,2,61,0,0,0,1,113.28,0.05,0.15,2536,31.5246,1.00325,0.34464
4396,262,2,2,65,0,0,0,1,87.156,0.05,0.15,2536,31.5246,1.33891,0.34464
4397,400,11,6,61,1,0,0,1,153.268,0.05,0.15,2536,31.5246,1.20225,0.3447
4398,400,8,3,59,1,0,0,1,127.071,0.05,0.15,2536,31.5246,1.06998,0.3447
4399,400,9,4,41,1,0,0,1,139.015,0.05,0.15,2537,31.5246,1.11224,0.34463
4400,211,7,2,63,1,1,1,0,67.788,0.05,0.15,2537,31.5246,2.07082,0.34463
4401,400,4,4,45,0,0,1,1,99.545,0.05,0.15,2537,31.5246,1.12592,0.34463
4402,285,7,2,53,1,1,2,0,53.817,0.05,0.15,2537,31.5246,2.10277,0.3447
4403,400,6,6,53,0,0,0,1,114.405,0.05,0.15,2537,31.5246,1.14088,0.3447
4404,400,10,5,79,1,0,0,1,141.94,0.05,0.15,2537,31.5246,1.46653,0.3447
4405,184,9,4,64,1,1,1,0,72.347,0.05,0.15,2537,31.5246,2.33834,0.3447
4406,400,4,4,44,0,0,1,1,104.126,0.05,0.15,2537,31.5246,1.09515,0.3447
4407,327,3,3,43,0,0,1,1,72.941,0.05,0.15,2537,31.5246,1.21843,0.3447
4408,400,4,4,65,0,0,0,1,141.685,0.05,0.15,2537,31.5246,1.00045,0.3447
4409,400,10,5,57,1,0,0,1,147.075,0.05,0.15,2537,31.5246,1.17104,0.3447
4410,332,4,4,49,0,0,0,1,113.999,0.05,0.15,2537,31.5246,1.20286,0.3447
4411,291,17,7,83,2,0,1,1,179.613,0.05,0.15,2537,31.5246,1.99173,0.3447
4412,400,10,5,56,1,0,0,1,150.874,0.05,0.15,2537,31.5246,1.65715,0.34476
4413,400,7,2,47,1,0,0,1,145.979,0.05,0.15,2537,31.5246,1.17894,0.34476
4414,400,11,6,40,1,0,0,1,143.091,0.05,0.15,2537,31.5246,1.20685,0.34476
4415,400,8,3,47,1,0,0,1,90.202,0.05,0.15,2537,31.5246,1.45843,0.34476
4416,400,3,3,57,0,0,0,1,56.756,0.05,0.15,2537,31.5246,1.61295,0.34476
4417,400,10,5,70,1,0,0,1,115.151,0.05,0.15,2537,31.5246,1.61876,0.34476
4418,88,1,1,26,0,1,1,0,2.201,0.05,0.15,2537,31.5246,2.04976,0.34476
4419,400,3,3,57,0,0,0,1,84.843,0.05,0.15,2537,31.5246,1.98234,0.34476
4420,400,1,1,52,0,0,0,1,101.963,0.05,0.15,2538,31.5246,1.0595,0.34469
4421,137,4,4,43,0,1,1,0,23.588,0.05,0.15,2538,31.5246,2.08838,0.34469
4422,400,5,5,54,0,0,0,1,122.384,0.05,0.15,2538,31.5246,1.19925,0.34469
4423,400,9,4,54,1,0,0,1,171.652,0.05,0.15,2538,31.5246,1.22466,0.34469
4424,400,5,5,58,0,0,1,1,143.298,0.05,0.15,2538,31.5246,1.16172,0.34469
4425,182,4,4,45,0,1,1,0,50.043,0.05,0.15,2539,31.5246,1.93006,0.34462
4426,400,9,4,88,1,0,0,1,145.704,0.05,0.15,2539,31.5246,2.34982,0.34469
4427,140,5,5,48,0,1,0,0,55.877,0.05,0.15,2539,31.5246,2.0837,0.34469
4428,400,13,8,86,1,0,0,1,137.714,0.05,0.15,2539,31.5246,2.06964,0.34469
4429,337,9,4,70,1,0,0,1,99.971,0.05,0.15,2539,31.5246,1.62473,0.34469
4430,400,6,6,49,0,0,1,1,136.801,0.05,0.15,2539,31.5246,1.01057,0.34469
4431,400,4,4,60,0,0,1,1,153.933,0.05,0.15,2539,31.5246,0.96452,0.34469
4432,400,4,4,54,0,0,0,1,150.294,0.05,0.15,2539,31.5246,1.16769,0.34469
4433,342,5,5,73,0,0,0,1,151.077,0.05,0.15,2539,31.5246,1.40189,0.34469
4434,400,9,4,44,1,0,0,1,114.754,0.05,0.15,2539,31.5246,1.26773,0.34469
4435,400,10,5,55,1,0,2,1,163.384,0.05,0.15,2539,31.5246,1.18492,0.34469
4436,400,3,3,63,0,0,0,1,136.571,0.05,0.15,2539,31.5246,1.00783,0.34469
4437,289,9,4,52,1,0,1,0,112.156,0.05,0.15,2539,31.5246,1.66647,0.34469
4438,234,6,6,55,0,1,0,0,77.287,0.05,0.15,2540,31.5246,2.24936,0.34469
4439,400,1,1,47,0,0,0,1,106.988,0.05,0.15,2540,31.5246,1.14696,0.34469
4440,400,4,4,52,0,0,1,1,99.079,0.05,0.15,2540,31.5246,1.44912,0.34469
4441,400,4,4,55,0,0,1,1,127.158,0.05,0.15,2542,31.5246,1.26905,0.34454
4442,400,1,1,70,0,0,0,1,138.688,0.05,0.15,2542,31.5246,1.16647,0.34454
4443,400,4,4,55,0,0,0,1,142.657,0.05,0.15,2542,31.5246,1.17469,0.34454
4444,400,2,2,67,0,0,0,1,131.495,0.05,0.15,2542,31.5246,1.42923,0.34454
4445,400,11,6,67,1,0,1,1,166.297,0.05,0.15,2542,31.5246,1.29553,0.34461
4446,400,5,5,75,0,0,0,1,159.163,0.05,0.15,2542,31.5246,1.12897,0.34461
4447,209,2,2,53,0,1,1,0,54.619,0.05,0.15,2542,31.5246,2.04415,0.34461
4448,400,11,6,70,1,0,0,1,167.34,0.05,0.15,2542,31.5246,1.50237,0.34461
4449,400,12,7,59,1,0,0,1,149.753,0.05,0.15,2542,31.5246,1.63395,0.34461
4450,171,7,7,66,0,1,0,0,73.938,0.05,0.15,2544,31.5246,2.30188,0.34447
4451,400,11,6,53,1,0,0,1,153.137,0.05,0.15,2544,31.5246,1.65727,0.34454
4452,400,8,3,67,1,0,0,1,157.19,0.05,0.15,2544,31.5246,1.16484,0.34454
4453,400,9,4,71,1,0,0,1,170.14,0.05,0.15,2544,31.5246,1.20448,0.34454
4454,400,7,7,72,0,0,1,1,167.585,0.05,0.15,2545,31.5246,1.14553,0.34447
4455,97,2,2,36,0,1,1,0,24.136,0.05,0.15,2545,31.5246,2.19063,0.34447
4456,400,7,7,45,0,0,0,1,139.51,0.05,0.15,2545,31.5246,1.2002,0.34447
4457,400,4,4,66,0,0,0,1,155.386,0.05,0.15,2545,31.5246,1.12198,0.34447
4458,400,3,3,46,0,0,0,1,111.375,0.05,0.15,2545,31.5246,1.13697,0.34447
4459,400,5,5,55,0,0,0,1,152.244,0.05,0.15,2545,31.5246,0.91189,0.34447
4460,50,2,2,16,0,1,0,0,3.135,0.05,0.15,2547,31.5246,3.12319,0.34433
4461,400,6,6,51,0,0,0,1,121.449,0.05,0.15,2547,31.5246,1.44629,0.34433
4462,400,7,2,44,1,0,0,1,104.53,0.05,0.15,2547,31.5246,1.43087,0.34433
4463,400,4,4,45,0,0,0,1,129.747,0.05,0.15,2547,31.5246,1.1771,0.34433
4464,400,13,8,57,1,0,0,1,177.124,0.05,0.15,2547,31.5246,1.32361,0.34433
4465,400,4,4,45,0,0,0,1,129.559,0.05,0.15,2547,31.5246,1.14245,0.34433
4466,400,9,4,54,1,0,1,1,148.684,0.05,0.15,2548,31.5246,1.38218,0.34432
4467,400,9,4,51,1,0,0,1,147.591,0.05,0.15,2548,31.5246,1.27459,0.34432
4468,400,5,5,47,0,0,0,1,131.42,0.05,0.15,2548,31.5246,1.12378,0.34432
4469,400,7,2,40,1,0,0,1,122.459,0.05,0.15,2548,31.5246,1.19968,0.34432
4470,400,4,4,49,0,0,0,1,127.969,0.05,0.15,2548,31.5246,1.14439,0.34432
4471,301,4,4,39,0,0,0,1,95.613,0.05,0.15,2548,31.5246,1.30037,0.34432
4472,400,2,2,37,0,0,0,1,93.672,0.05,0.15,2548,31.5246,1.14833,0.34432
4473,400,6,1,38,1,0,0,1,95.679,0.05,0.15,2548,31.5246,1.38307,0.34432
4474,400,2,2,32,0,0,1,1,40.589,0.05,0.15,2548,31.5246,1.31189,0.34432
4475,400,11,6,34,1,0,0,1,99.318,0.05,0.15,2548,31.5246,1.021,0.34432
4476,400,3,3,31,0,0,0,1,69.986,0.05,0.15,2548,31.5246,0.96455,0.34432
4477,45,2,2,18,0,1,0,0,-1.111,0.05,0.15,2548,31.5246,2.74012,0.34432
4478,400,4,4,37,0,0,0,1,93.566,0.05,0.15,2548,31.5246,0.6966,0.34432
4479,400,8,3,52,1,0,1,1,71.632,0.05,0.15,2548,31.5246,1.53411,0.34432
4480,400,5,5,41,0,0,0,1,103.047,0.05,0.15,2548,31.5246,1.31928,0.34432
4481,291,3,3,36,0,0,0,1,71.272,0.05,0.15,2548,31.5246,1.5633,0.34432
4482,400,6,6,66,0,0,0,1,166.157,0.05,0.15,2548,31.5246,1.0376,0.34432
4483,178,2,2,41,0,1,1,0,44.707,0.05,0.15,2548,31.5246,1.88449,0.34432
4484,400,6,6,41,0,0,0,1,128.104,0.05,0.15,2548,31.5246,0.9618,0.34432
4485,279,3,3,55,0,1,1,0,60.181,0.05,0.15,2548,31.5246,1.91568,0.34432
4486,364,5,5,52,0,0,1,1,121.155,0.05,0.15,2548,31.5246,1.34766,0.34432
4487,400,9,4,51,1,0,0,1,129.783,0.05,0.15,2550,31.5246,1.68747,0.34418
4488,400,2,2,47,0,0,0,1,117.774,0.05,0.15,2550,31.5246,1.01875,0.34418
4489,169,4,4,41,0,1,1,0,30.797,0.05,0.15,2551,31.5246,2.56849,0.34411
4490,400,12,7,60,1,0,0,1,170.109,0.05,0.15,2551,31.5246,1.21648,0.34418
4491,219,3,3,45,0,1,1,0,51.272,0.05,0.15,2551,31.5246,1.65423,0.34418
4492,400,4,4,57,0,0,1,1,137.498,0.05,0.15,2551,31.5246,1.31773,0.34418
4493,400,5,5,50,0,0,0,1,119.687,0.05,0.15,2551,31.5246,1.35611,0.34418
4494,400,8,8,68,0,0,0,1,126.867,0.05,0.15,2551,31.5246,1.38665,0.34418
4495,400,10,5,69,1,0,0,1,147.278,0.05,0.15,2551,31.5246,1.35983,0.34418
4496,400,7,7,94,0,0,0,1,125.507,0.05,0.15,2551,31.5246,1.7058,0.34418
4497,47,1,1,15,0,0,0,0,11.097,0.05,0.15,2551,31.5246,2.39564,0.34418
4498,341,10,5,53,1,0,0,1,79.937,0.05,0.15,2551,31.5246,1.59225,0.34418
4499,400,6,6,62,0,0,0,1,119.808,0.05,0.15,2551,31.5246,1.08335,0.34418
4500,373,10,5,71,1,0,1,1,96.895,0.05,0.15,2551,31.5246,1.74212,0.34418
4501,92,1,1,30,0,1,1,0,9.363,0.05,0.15,2551,31.5246,1.85029,0.34418
4502,400,15,5,74,2,0,0,1,177.486,0.05,0.15,2551,31.5246,1.81525,0.34418
4503,400,8,3,45,1,0,0,1,132.724,0.05,0.15,2552,31.5246,1.17106,0.34411
4504,400,10,5,45,1,0,0,1,107.152,0.05,0.15,2552,31.5246,1.51302,0.34411
4505,400,6,6,45,0,0,0,1,122.695,0.05,0.15,2552,31.5246,1.29545,0.34411
4506,400,1,1,50,0,0,0,1,88.709,0.05,0.15,2552,31.5246,1.51666,0.34411
4507,400,14,4,60,2,0,0,1,111.09,0.05,0.15,2552,31.5246,1.70815,0.34411
4508,400,5,5,51,0,0,0,1,111.003,0.05,0.15,2553,31.5246,1.15649,0.34404
4509,171,5,5,52,0,1,2,0,45.695,0.05,0.15,2554,31.5246,1.768,0.34397
4510,197,4,4,68,0,1,1,0,55.866,0.05,0.15,2554,31.5246,1.87374,0.34397
4511,387,18,8,84,2,0,0,1,181.583,0.05,0.15,2554,31.5246,1.45415,0.34397
4512,314,9,4,74,1,0,0,1,115.528,0.05,0.15,2554,31.5246,1.36186,0.34397
4513,196,2,2,64,0,1,1,0,44.427,0.05,0.15,2554,31.5246,1.93987,0.34397
4514,400,6,6,76,0,0,0,1,139.536,0.05,0.15,2554,31.5246,0.82594,0.34397
4515,184,10,5,51,1,1,2,0,51.76,0.05,0.15,2554,31.5246,2.28653,0.34397
4516,400,9,4,59,1,0,0,1,135.375,0.05,0.15,2554,31.5246,1.04322,0.34397
4517,296,5,5,68,0,0,0,1,107.524,0.05,0.15,2554,31.5246,1.33759,0.34397
4518,400,9,4,48,1,0,0,1,146.337,0.05,0.15,2554,31.5246,1.03622,0.34397
4519,400,5,5,55,0,0,0,1,128.439,0.05,0.15,2554,31.5246,0.947,0.34397
4520,98,6,6,29,0,1,0,0,22.98,0.05,0.15,2555,31.5246,2.42903,0.3439
4521,400,4,4,50,0,0,0,1,120.085,0.05,0.15,2555,31.5246,1.10507,0.3439
4522,400,3,3,61,0,0,1,1,134.878,0.05,0.15,2555,31.5246,1.04742,0.34397
4523,400,4,4,54,0,0,0,1,121.671,0.05,0.15,2556,31.5246,0.84826,0.3439
4524,400,9,4,49,1,0,0,1,134.174,0.05,0.15,2556,31.5246,0.8301,0.3439
4525,400,4,4,34,0,0,0,1,112.129,0.05,0.15,2556,31.5246,0.91631,0.3439
4526,400,2,2,39,0,0,0,1,107.998,0.05,0.15,2557,31.5246,0.98265,0.34383
4527,400,12,2,32,2,0,0,1,116.159,0.05,0.15,2557,31.5246,1.08756,0.34383
4528,400,8,3,45,1,0,0,1,140.382,0.05,0.15,2558,31.5246,1.05729,0.34376
4529,400,12,2,32,2,0,0,1,138.677,0.05,0.15,2558,31.5246,0.96373,0.34376
4530,275,4,4,55,0,1,0,0,86.289,0.05,0.15,2558,31.5246,1.65629,0.34376
4531,107,1,1,26,0,1,1,0,10.503,0.05,0.15,2558,31.5246,2.04708,0.34376
4532,400,3,3,35,0,0,0,1,117.55,0.05,0.15,2558,31.5246,0.82817,0.34376
4533,400,6,6,43,0,0,0,1,125.558,0.05,0.15,2558,31.5246,1.45024,0.34376
4534,400,2,2,45,0,0,0,1,90.817,0.05,0.15,2558,31.5246,1.07069,0.34376
4535,400,15,5,55,2,0,0,1,131.77,0.05,0.15,2558,31.5246,1.3502,0.34376
4536,129,2,2,26,0,1,0,0,3.671,0.05,0.15,2558,31.5246,2.02041,0.34376
4537,400,5,5,31,0,0,0,1,116.914,0.05,0.15,2558,31.5246,1.03398,0.34376
4538,400,10,5,34,1,0,0,1,127.19,0.05,0.15,2558,31.5246,0.93949,0.34376
4539,400,5,5,38,0,0,0,1,125.883,0.05,0.15,2558,31.5246,0.96963,0.34376
4540,400,7,2,27,1,0,1,1,105.923,0.05,0.15,2558,31.5246,1.02007,0.34376
4541,400,10,5,50,1,0,0,1,141.564,0.05,0.15,2558,31.5246,1.31387,0.34382
4542,400,3,3,47,0,0,0,1,102.883,0.05,0.15,2558,31.5246,1.41174,0.34382
4543,400,1,1,48,0,0,0,1,97.266,0.05,0.15,2558,31.5246,1.38329,0.34382
4544,110,1,1,16,0,0,0,0,23.645,0.05,0.15,2558,31.5246,1.46429,0.34382
4545,400,1,1,17,0,0,0,1,92.678,0.05,0.15,2558,31.5246,0.42935,0.34389
4546,400,4,4,57,0,0,0,1,136.696,0.05,0.15,2558,31.5246,1.00936,0.34389
4547,400,13,8,75,1,0,0,1,180.811,0.05,0.15,2559,31.5246,1.32204,0.34382
4548,400,4,4,39,0,0,0,1,126.61,0.05,0.15,2559,31.5246,0.82443,0.34382
4549,207,11,6,55,1,1,1,0,92.114,0.05,0.15,2559,31.5246,2.18066,0.34382
4550,275,4,4,40,0,1,1,0,75.683,0.05,0.15,2559,31.5246,1.4702,0.34382
4551,400,6,6,44,0,0,0,1,140.395,0.05,0.15,2559,31.5246,0.82539,0.34382
4552,154,1,1,17,0,0,0,0,39.461,0.05,0.15,2559,31.5246,1.1787,0.34382
4553,228,2,2,42,0,1,0,0,51.308,0.05,0.15,2560,31.5246,1.57157,0.34375
4554,400,6,6,63,0,0,1,1,147.66,0.05,0.15,2560,31.5246,1.07337,0.34375
4555,400,7,2,61,1,0,0,1,149.304,0.05,0.15,2560,31.5246,1.00224,0.34375
4556,400,10,5,45,1,0,0,1,153.419,0.05,0.15,2560,31.5246,1.12983,0.34375
4557,400,6,1,29,1,0,0,1,121.92,0.05,0.15,2560,31.5246,0.80582,0.34375
4558,400,6,6,44,0,0,0,1,138.943,0.05,0.15,2560,31.5246,1.15231,0.34375
4559,345,17,7,50,2,0,0,1,169.603,0.05,0.15,2560,31.5246,1.63847,0.34375
4560,61,2,2,22,0,1,0,0,6.97,0.05,0.15,2560,31.5246,2.56027,0.34375
4561,122,1,1,33,0,1,1,0,24.408,0.05,0.15,2560,31.5246,1.94136,0.34375
4562,400,9,4,41,1,0,0,1,138.379,0.05,0.15,2560,31.5246,1.18625,0.34375
4563,400,5,5,54,0,0,0,1,141.468,0.05,0.15,2560,31.5246,1.11193,0.34375
4564,400,12,7,66,1,0,0,1,167.88,0.05,0.15,2560,31.5246,1.14366,0.34375
4565,400,5,5,60,0,0,0,1,133.358,0.05,0.15,2560,31.5246,1.02059,0.34375
4566,400,15,5,67,2,0,1,1,154.336,0.05,0.15,2560,31.5246,1.52714,0.34375
4567,400,4,4,48,0,0,0,1,96.923,0.05,0.15,2560,31.5246,1.07129,0.34375
4568,400,10,5,54,1,0,0,1,140.586,0.05,0.15,2561,31.5246,1.24883,0.34368
4569,400,15,5,52,2,0,0,1,165.302,0.05,0.15,2561,31.5246,1.54955,0.34368
4570,400,1,1,45,0,0,0,1,111.904,0.05,0.15,2562,31.5246,1.08518,0.34361
4571,400,5,5,60,0,0,0,1,145.349,0.05,0.15,2562,31.5246,1.09452,0.34361
4572,161,3,3,47,0,1,0,0,55.467,0.05,0.15,2562,31.5246,2.09996,0.34361
4573,240,3,3,51,0,1,1,0,50.972,0.05,0.15,2562,31.5246,1.89242,0.34361
4574,400,4,4,36,0,0,0,1,122.865,0.05,0.15,2562,31.5246,1.20843,0.34361
4575,400,9,4,66,1,0,1,1,129.78,0.05,0.15,2562,31.5246,1.48553,0.34361
4576,400,15,5,70,2,0,0,1,160.324,0.05,0.15,2562,31.5246,1.70234,0.34361
4577,400,6,6,51,0,0,0,1,63.202,0.05,0.15,2562,31.5246,1.6142,0.34361
4578,400,18,8,68,2,0,0,1,150.484,0.05,0.15,2562,31.5246,1.67086,0.34361
4579,400,5,5,42,0,0,0,1,95.853,0.05,0.15,2562,31.5246,1.25894,0.34361
4580,400,4,4,54,0,0,0,1,120.121,0.05,0.15,2562,31.5246,1.21206,0.34361
4581,400,4,4,69,0,0,0,1,145.048,0.05,0.15,2562,31.5246,1.23714,0.34361
4582,400,4,4,41,0,0,0,1,117.588,0.05,0.15,2562,31.5246,0.81619,0.34361
4583,221,5,5,32,0,1,1,0,46.606,0.05,0.15,2562,31.5246,1.90209,0.34368
4584,400,1,1,39,0,0,0,1,106.377,0.05,0.15,2562,31.5246,0.96567,0.34368
4585,400,4,4,44,0,0,0,1,116.806,0.05,0.15,2562,31.5246,0.85324,0.34368
4586,400,5,5,49,0,0,0,1,115.665,0.05,0.15,2562,31.5246,1.1645,0.34368
4587,400,3,3,50,0,0,1,1,115.992,0.05,0.15,2562,31.5246,1.00709,0.34368
4588,400,3,3,42,0,0,0,1,107.141,0.05,0.15,2562,31.5246,0.83222,0.34368
4589,400,17,7,71,2,0,0,1,166.129,0.05,0.15,2562,31.5246,1.31443,0.34368
4590,400,6,1,51,1,0,0,1,133.5,0.05,0.15,2562,31.5246,0.90555,0.34368
4591,400,4,4,42,0,0,0,1,115.787,0.05,0.15,2562,31.5246,0.74529,0.34368
4592,149,2,2,36,0,1,2,0,27.095,0.05,0.15,2562,31.5246,2.00069,0.34368
4593,99,2,2,39,0,1,1,0,15.553,0.05,0.15,2562,31.5246,2.07504,0.34368
4594,400,6,6,62,0,0,0,1,129.276,0.05,0.15,2562,31.5246,0.88784,0.34368
4595,400,8,3,33,1,0,0,1,120.536,0.05,0.15,2562,31.5246,1.04416,0.34368
4596,223,8,3,37,1,1,0,0,63.307,0.05,0.15,2563,31.5246,1.69569,0.34361
4597,400,9,4,46,1,0,0,1,128.88,0.05,0.15,2563,31.5246,1.26759,0.34361
4598,142,3,3,44,0,1,0,0,51.693,0.05,0.15,2563,31.5246,2.30178,0.34361
4599,400,5,5,36,0,0,0,1,129.931,0.05,0.15,2563,31.5246,0.91936,0.34361
4600,400,3,3,42,0,0,0,1,127.81,0.05,0.15,2563,31.5246,0.98413,0.34361
4601,400,7,7,52,0,0,1,1,147.948,0.05,0.15,2563,31.5246,0.93793,0.34361
4602,400,10,5,37,1,0,1,1,136.186,0.05,0.15,2563,31.5246,1.08791,0.34361
4603,164,2,2,36,0,1,0,0,37.514,0.05,0.15,2563,31.5246,2.16573,0.34367
4604,199,2,2,28,0,0,1,0,62.762,0.05,0.15,2563,31.5246,1.21591,0.34367
4605,400,2,2,21,0,0,0,1,103.223,0.05,0.15,2563,31.5246,0.5482,0.34367
4606,400,4,4,43,0,0,0,1,109.882,0.05,0.15,2563,31.5246,1.18383,0.34367
4607,400,2,2,48,0,0,0,1,112.892,0.05,0.15,2563,31.5246,1.12341,0.34367
4608,400,9,4,48,1,0,0,1,145.656,0.05,0.15,2563,31.5246,0.92563,0.34367
4609,400,2,2,45,0,0,1,1,125.344,0.05,0.15,2563,31.5246,0.81524,0.34374
4610,78,2,2,24,0,1,0,0,12.823,0.05,0.15,2563,31.5246,2.60507,0.3438
4611,400,2,2,42,0,0,0,1,115.389,0.05,0.15,2563,31.5246,1.0243,0.3438
4612,400,9,4,44,1,0,1,1,155.755,0.05,0.15,2563,31.5246,0.86084,0.3438
4613,400,4,4,44,0,0,0,1,140.692,0.05,0.15,2563,31.5246,0.83424,0.3438
4614,400,7,2,55,1,0,0,1,143.025,0.05,0.15,2563,31.5246,0.8062,0.3438
4615,400,4,4,41,0,0,0,1,131.844,0.05,0.15,2563,31.5246,0.93914,0.3438
4616,400,4,4,53,0,0,0,1,134.358,0.05,0.15,2563,31.5246,1.05681,0.3438
4617,400,5,5,62,0,0,0,1,151.748,0.05,0.15,2563,31.5246,1.11399,0.3438
4618,400,12,7,83,1,0,0,1,167.59,0.05,0.15,2563,31.5246,1.74216,0.3438
4619,106,1,1,44,0,1,0,0,28.487,0.05,0.15,2563,31.5246,1.69736,0.3438
4620,400,11,6,51,1,0,1,1,161.762,0.05,0.15,2563,31.5246,1.34623,0.3438
4621,322,8,8,74,0,0,1,1,147.967,0.05,0.15,2563,31.5246,1.46232,0.3438
4622,76,1,1,24,0,1,0,0,13.09,0.05,0.15,2563,31.5246,2.75317,0.3438
4623,400,5,5,60,0,0,0,1,153.987,0.05,0.15,2563,31.5246,0.85265,0.3438
4624,400,12,7,49,1,0,2,1,145.533,0.05,0.15,2564,31.5246,1.3424,0.34373
4625,400,12,7,46,1,0,1,1,141.906,0.05,0.15,2564,31.5246,1.3168,0.34373
4626,400,5,5,61,0,0,0,1,126.809,0.05,0.15,2564,31.5246,1.34753,0.3438
4627,166,2,2,40,0,0,1,0,61.329,0.05,0.15,2565,31.5246,1.79652,0.34373
4628,170,6,6,51,0,1,1,0,62.65,0.05,0.15,2565,31.5246,2.33675,0.34373
4629,400,3,3,52,0,0,0,1,105.094,0.05,0.15,2565,31.5246,1.47125,0.34373
4630,285,4,4,45,0,1,0,0,49.081,0.05,0.15,2565,31.5246,1.666,0.34373
4631,400,12,7,56,1,0,0,1,133.183,0.05,0.15,2565,31.5246,1.35732,0.34373
4632,400,11,6,65,1,0,0,1,178.411,0.05,0.15,2565,31.5246,1.05802,0.34373
4633,400,6,1,51,1,0,2,1,145.824,0.05,0.15,2565,31.5246,1.1042,0.34373
4634,314,15,5,68,2,0,0,1,161.786,0.05,0.15,2565,31.5246,1.79592,0.34373
4635,102,3,3,32,0,0,0,0,43.746,0.05,0.15,2565,31.5246,1.94128,0.34373
4636,400,6,6,51,0,0,0,1,138.419,0.05,0.15,2565,31.5246,1.18377,0.34373
4637,400,15,5,84,2,0,0,1,180.674,0.05,0.15,2565,31.5246,1.62736,0.34373
4638,400,10,5,84,1,0,0,1,168.687,0.05,0.15,2565,31.5246,1.45964,0.34373
4639,400,9,4,48,1,0,0,1,132.695,0.05,0.15,2565,31.5246,1.44076,0.34373
4640,400,5,5,65,0,0,1,1,159.266,0.05,0.15,2565,31.5246,1.10479,0.34373
4641,400,10,5,61,1,0,0,1,172.65,0.05,0.15,2565,31.5246,1.06045,0.34373
4642,400,6,6,56,0,0,0,1,124.029,0.05,0.15,2565,31.5246,1.29052,0.34373
4643,400,9,4,65,1,0,1,1,167.667,0.05,0.15,2565,31.5246,1.12294,0.34373
4644,400,4,4,59,0,0,1,1,137.574,0.05,0.15,2565,31.5246,1.03141,0.34373
4645,400,14,9,86,1,0,0,1,188.676,0.05,0.15,2565,31.5246,1.60264,0.34373
4646,400,10,5,64,1,0,0,1,164.251,0.05,0.15,2565,31.5246,1.26241,0.34373
4647,400,3,3,48,0,0,0,1,131.364,0.05,0.15,2565,31.5246,0.97345,0.34373
4648,400,9,4,53,1,0,0,1,132.535,0.05,0.15,2565,31.5246,1.45726,0.34373
4649,400,9,4,62,1,0,0,1,151.485,0.05,0.15,2565,31.5246,1.16305,0.34373
4650,400,2,2,47,0,0,0,1,77.747,0.05,0.15,2565,31.5246,1.44209,0.34373
4651,400,2,2,54,0,0,0,1,114.199,0.05,0.15,2565,31.5246,1.12362,0.34373
4652,400,9,4,70,1,0,0,1,159.24,0.05,0.15,2565,31.5246,1.16101,0.34373
4653,400,8,3,53,1,0,0,1,145.79,0.05,0.15,2565,31.5246,1.13386,0.34373
4654,400,12,7,66,1,0,0,1,151.08,0.05,0.15,2565,31.5246,1.64264,0.34373
4655,400,5,5,74,0,0,0,1,90.827,0.05,0.15,2565,31.5246,1.65652,0.34373
4656,361,17,7,86,2,0,0,1,172.047,0.05,0.15,2565,31.5246,1.75566,0.34373
4657,400,6,6,50,0,0,1,1,131.075,0.05,0.15,2565,31.5246,1.23766,0.34379
4658,299,4,4,66,0,0,0,1,94.771,0.05,0.15,2565,31.5246,1.54866,0.34379
4659,400,5,5,51,0,0,0,1,120.583,0.05,0.15,2565,31.5246,0.98003,0.34379
4660,400,10,5,81,1,0,0,1,156.081,0.05,0.15,2565,31.5246,1.42939,0.34379
4661,400,8,3,52,1,0,1,1,127.844,0.05,0.15,2565,31.5246,1.14008,0.34379
4662,66,0,0,0,0,0,0,0,-5.699,0.05,0.15,2566,31.5246,0.64072,0.34373
4663,111,4,4,45,0,1,1,0,32.993,0.05,0.15,2566,31.5246,2.48403,0.34373
4664,400,5,5,53,0,0,0,1,137.198,0.05,0.15,2566,31.5246,0.81363,0.34373
4665,400,6,6,53,0,0,0,1,140.245,0.05,0.15,2566,31.5246,0.99974,0.34373
4666,400,8,3,50,1,0,0,1,99.636,0.05,0.15,2567,31.5246,1.84441,0.34366
4667,400,10,5,47,1,0,0,1,142.281,0.05,0.15,2567,31.5246,1.327,0.34366
4668,400,2,2,52,0,0,0,1,124.983,0.05,0.15,2567,31.5246,0.99163,0.34366
4669,87,1,1,20,0,1,0,0,11.588,0.05,0.15,2568,31.5246,2.88258,0.34359
4670,91,2,2,32,0,1,1,0,22.556,0.05,0.15,2568,31.5246,2.15925,0.34359
4671,400,4,4,51,0,0,1,1,138.752,0.05,0.15,2568,31.5246,1.00857,0.34359
4672,400,17,7,70,2,0,1,1,185.251,0.05,0.15,2568,31.5246,1.61876,0.34359
4673,202,8,3,37,1,1,1,0,63.788,0.05,0.15,2568,31.5246,2.22505,0.34359
4674,400,4,4,48,0,0,0,1,95.435,0.05,0.15,2568,31.5246,1.36363,0.34359
4675,400,17,7,94,2,0,0,1,155.027,0.05,0.15,2568,31.5246,2.07472,0.34359
4676,400,8,3,56,1,0,0,1,130.683,0.05,0.15,2568,31.5246,1.24892,0.34359
4677,302,16,6,73,2,0,0,1,150.939,0.05,0.15,2568,31.5246,1.67312,0.34359
4678,400,5,5,51,0,0,0,1,107.79,0.05,0.15,2568,31.5246,1.46689,0.34359
4679,400,4,4,45,0,0,0,1,103.775,0.05,0.15,2568,31.5246,1.36489,0.34359
4680,400,10,5,84,1,0,0,1,120.551,0.05,0.15,2568,31.5246,1.48368,0.34365
4681,400,7,7,81,0,0,0,1,139.124,0.05,0.15,2568,31.5246,1.51823,0.34365
4682,400,10,5,54,1,0,0,1,145.594,0.05,0.15,2568,31.5246,1.1048,0.34365
4683,400,5,5,52,0,0,0,1,95.315,0.05,0.15,2568,31.5246,1.62194,0.34365
4684,378,10,5,58,1,0,0,1,94.964,0.05,0.15,2568,31.5246,1.6327,0.34372
4685,200,9,4,49,1,1,0,0,55.302,0.05,0.15,2568,31.5246,2.22078,0.34372
4686,400,10,5,79,1,0,0,1,117.791,0.05,0.15,2568,31.5246,1.49612,0.34378
4687,400,15,5,58,2,0,0,1,129.972,0.05,0.15,2569,31.5246,1.45903,0.34371
4688,400,5,5,43,0,0,0,1,132.541,0.05,0.15,2569,31.5246,0.96826,0.34371
4689,400,2,2,36,0,0,0,1,117.323,0.05,0.15,2569,31.5246,1.13989,0.34371
4690,400,5,5,51,0,0,0,1,120.417,0.05,0.15,2569,31.5246,0.97013,0.34371
4691,400,1,1,27,0,0,1,1,74.553,0.05,0.15,2569,31.5246,0.83157,0.34371
4692,400,2,2,38,0,0,0,1,110.68,0.05,0.15,2569,31.5246,0.82994,0.34371
4693,400,6,6,51,0,0,1,1,137.327,0.05,0.15,2569,31.5246,1.09889,0.34371
4694,400,9,4,60,1,0,0,1,155.766,0.05,0.15,2569,31.5246,1.10435,0.34371
4695,400,6,6,62,0,0,0,1,154.971,0.05,0.15,2569,31.5246,1.18664,0.34378
4696,82,3,3,31,0,1,0,0,16.614,0.05,0.15,2569,31.5246,2.55016,0.34384
4697,101,3,3,40,0,0,0,0,51.462,0.05,0.15,2569,31.5246,2.08158,0.34391
4698,246,17,7,80,2,1,0,0,144.148,0.05,0.15,2569,31.5246,2.08412,0.34391
4699,400,4,4,61,0,0,1,1,151.705,0.05,0.15,2569,31.5246,1.12732,0.34391
4700,400,9,4,64,1,0,0,1,174.241,0.05,0.15,2569,31.5246,1.05846,0.34391
4701,400,4,4,63,0,0,2,1,157.109,0.05,0.15,2569,31.5246,0.99763,0.34391
4702,400,13,8,88,1,0,0,1,187.986,0.05,0.15,2569,31.5246,1.70013,0.34391
4703,400,9,4,68,1,0,0,1,166.266,0.05,0.15,2569,31.5246,1.12531,0.34391
4704,400,4,4,59,0,0,1,1,149.122,0.05,0.15,2569,31.5246,1.02237,0.34391
4705,400,4,4,61,0,0,0,1,162.892,0.05,0.15,2569,31.5246,1.00429,0.34391
4706,400,4,4,54,0,0,0,1,147.076,0.05,0.15,2569,31.5246,0.94093,0.34391
4707,400,13,3,59,2,0,0,1,165.675,0.05,0.15,2569,31.5246,1.44422,0.34391
4708,400,9,4,64,1,0,0,1,139.851,0.05,0.15,2569,31.5246,1.34789,0.34397
4709,400,10,5,52,1,0,0,1,138.431,0.05,0.15,2569,31.5246,1.34533,0.34397
4710,400,5,5,52,0,0,2,1,138.217,0.05,0.15,2569,31.5246,0.89292,0.34397
4711,400,11,6,54,1,0,0,1,115.963,0.05,0.15,2569,31.5246,2.32353,0.34397
4712,158,9,4,45,1,0,1,0,79.215,0.05,0.15,2569,31.5246,2.14299,0.34397
4713,400,10,5,58,1,0,1,1,131.5,0.05,0.15,2569,31.5246,1.47757,0.34397
4714,214,4,4,46,0,1,2,0,61.613,0.05,0.15,2569,31.5246,1.99414,0.34397
4715,400,5,5,49,0,0,0,1,106.411,0.05,0.15,2569,31.5246,1.35623,0.34397
4716,400,8,8,82,0,0,0,1,116.87,0.05,0.15,2569,31.5246,1.82162,0.34404
4717,353,8,3,50,1,0,0,1,90.279,0.05,0.15,2570,31.5246,1.73049,0.34397
4718,400,6,1,60,1,0,0,1,126.35,0.05,0.15,2570,31.5246,1.02823,0.34397
4719,400,7,7,72,0,0,0,1,152.478,0.05,0.15,2570,31.5246,1.05262,0.34397
4720,400,4,4,65,0,0,1,1,138.767,0.05,0.15,2570,31.5246,1.14686,0.34397
4721,400,14,9,92,1,0,0,1,185.853,0.05,0.15,2571,31.5246,1.26499,0.34396
4722,400,5,5,68,0,0,0,1,134.67,0.05,0.15,2571,31.5246,0.95947,0.34396
4723,260,11,6,68,1,0,0,1,115.688,0.05,0.15,2571,31.5246,1.73542,0.34396
4724,400,5,5,60,0,0,0,1,139.611,0.05,0.15,2571,31.5246,0.81056,0.34396
4725,400,1,1,57,0,0,0,1,109.651,0.05,0.15,2571,31.5246,0.83381,0.34396
4726,155,2,2,51,0,1,1,0,32.122,0.05,0.15,2571,31.5246,2.5244,0.34396
4727,375,11,6,86,1,0,0,1,149.77,0.05,0.15,2571,31.5246,1.40174,0.34396
4728,400,4,4,59,0,0,0,1,123.528,0.05,0.15,2572,31.5246,0.9994,0.3439
4729,400,5,5,70,0,0,1,1,137.689,0.05,0.15,2572,31.5246,1.02452,0.3439
4730,127,2,2,30,0,1,1,0,15.703,0.05,0.15,2572,31.5246,2.59911,0.34396
4731,400,10,5,52,1,0,0,1,131.065,0.05,0.15,2572,31.5246,1.28449,0.34396
4732,400,10,5,49,1,0,0,1,146.645,0.05,0.15,2572,31.5246,1.11736,0.34396
4733,121,4,4,43,0,1,1,0,36.626,0.05,0.15,2572,31.5246,1.99444,0.34396
4734,400,5,5,46,0,0,0,1,126.915,0.05,0.15,2572,31.5246,0.90574,0.34396
4735,400,2,2,37,0,0,1,1,110.374,0.05,0.15,2573,31.5246,1.01412,0.34396
4736,173,2,2,31,0,1,1,0,22.398,0.05,0.15,2573,31.5246,1.79368,0.34396
4737,322,8,3,38,1,1,2,0,71.966,0.05,0.15,2573,31.5246,1.42562,0.34396
4738,400,4,4,34,0,0,0,1,110.091,0.05,0.15,2573,31.5246,0.89008,0.34396
4739,400,10,5,33,1,0,0,1,129.54,0.05,0.15,2573,31.5246,1.0652,0.34396
4740,400,3,3,52,0,0,0,1,128.671,0.05,0.15,2573,31.5246,0.92794,0.34396
4741,400,2,2,22,0,0,0,1,106.127,0.05,0.15,2573,31.5246,0.89531,0.34396
4742,400,9,4,32,1,0,1,1,134.956,0.05,0.15,2573,31.5246,1.08962,0.34396
4743,400,3,3,43,0,0,0,1,116.396,0.05,0.15,2573,31.5246,0.95731,0.34396
4744,400,7,7,44,0,0,0,1,138.508,0.05,0.15,2574,31.5246,1.06666,0.34395
4745,400,7,2,42,1,0,0,1,126.374,0.05,0.15,2574,31.5246,0.98399,0.34395
4746,400,11,6,62,1,0,0,1,154.836,0.05,0.15,2574,31.5246,1.42034,0.34395
4747,400,3,3,27,0,0,0,1,101.729,0.05,0.15,2574,31.5246,0.94481,0.34395
4748,400,6,1,41,1,0,0,1,108.047,0.05,0.15,2574,31.5246,1.14719,0.34395
4749,400,10,5,66,1,0,0,1,144.049,0.05,0.15,2574,31.5246,1.02116,0.34395
4750,400,4,4,46,0,0,0,1,133.48,0.05,0.15,2574,31.5246,0.85351,0.34395
4751,400,2,2,36,0,0,0,1,98.443,0.05,0.15,2574,31.5246,0.86955,0.34395
4752,219,2,2,26,0,0,0,0,47.903,0.05,0.15,2574,31.5246,1.29031,0.34395
4753,400,1,1,22,0,0,0,1,87.217,0.05,0.15,2574,31.5246,0.60594,0.34395
4754,400,2,2,43,0,0,1,1,124.885,0.05,0.15,2574,31.5246,1.02526,0.34395
4755,400,6,6,47,0,0,0,1,128.539,0.05,0.15,2574,31.5246,1.09854,0.34395
4756,400,4,4,26,0,0,0,1,100.047,0.05,0.15,2574,31.5246,0.87048,0.34395
4757,400,2,2,32,0,0,0,1,107.387,0.05,0.15,2574,31.5246,0.89402,0.34395
4758,245,6,6,26,0,0,0,0,66.838,0.05,0.15,2574,31.5246,1.18496,0.34395
4759,400,15,5,60,2,0,0,1,161.353,0.05,0.15,2574,31.5246,1.36739,0.34395
4760,400,8,3,57,1,0,0,1,130.382,0.05,0.15,2574,31.5246,1.06455,0.34395
4761,400,10,5,45,1,0,0,1,133.154,0.05,0.15,2576,31.5246,1.00044,0.34381
4762,400,4,4,42,0,0,0,1,125.535,0.05,0.15,2576,31.5246,1.17306,0.34381
4763,400,1,1,20,0,0,0,1,92.627,0.05,0.15,2576,31.5246,0.80489,0.34381
4764,400,6,1,22,1,0,0,1,106.008,0.05,0.15,2576,31.5246,0.97719,0.34381
4765,400,6,6,39,0,0,0,1,114.2,0.05,0.15,2576,31.5246,1.08034,0.34388
4766,331,10,5,27,1,0,0,1,112.645,0.05,0.15,2576,31.5246,1.05896,0.34388
4767,400,12,7,47,1,0,1,1,129.572,0.05,0.15,2576,31.5246,1.20988,0.34388
4768,400,10,5,53,1,0,0,1,145.851,0.05,0.15,2576,31.5246,0.8429,0.34388
4769,400,6,6,33,0,0,0,1,123.486,0.05,0.15,2576,31.5246,0.85336,0.34388
4770,168,4,4,50,0,1,1,0,40.836,0.05,0.15,2576,31.5246,2.30632,0.34388
4771,66,1,1,20,0,1,0,0,4.437,0.05,0.15,2576,31.5246,2.70234,0.34388
4772,400,4,4,45,0,0,1,1,114.742,0.05,0.15,2576,31.5246,0.82411,0.34388
4773,400,1,1,18,0,0,1,1,82.467,0.05,0.15,2576,31.5246,0.8831,0.34388
4774,292,4,4,48,0,1,1,0,64.934,0.05,0.15,2576,31.5246,1.54018,0.34388
4775,400,2,2,35,0,0,0,1,90.148,0.05,0.15,2576,31.5246,0.94244,0.34388
4776,400,8,3,23,1,0,0,1,114.699,0.05,0.15,2576,31.5246,0.89097,0.34388
4777,400,3,3,61,0,0,0,1,121.895,0.05,0.15,2576,31.5246,1.07095,0.34388
4778,235,3,3,31,0,0,0,0,52.98,0.05,0.15,2576,31.5246,1.18323,0.34388
4779,286,6,6,31,0,0,0,1,96.803,0.05,0.15,2576,31.5246,1.16251,0.34388
4780,274,7,2,32,1,1,1,0,59.793,0.05,0.15,2576,31.5246,1.45369,0.34388
4781,400,2,2,21,0,0,0,1,95.681,0.05,0.15,2576,31.5246,1.06787,0.34388
4782,400,10,5,47,1,0,0,1,158.847,0.05,0.15,2576,31.5246,1.36127,0.34388
4783,400,4,4,32,0,0,0,1,110.096,0.05,0.15,2576,31.5246,1.08049,0.34388
4784,400,4,4,39,0,0,1,1,117.443,0.05,0.15,2576,31.5246,1.06064,0.34388
4785,400,6,6,59,0,0,0,1,137.865,0.05,0.15,2576,31.5246,1.12587,0.34388
4786,400,4,4,54,0,0,0,1,126.232,0.05,0.15,2576,31.5246,1.05724,0.34388
4787,400,2,2,41,0,0,0,1,118.94,0.05,0.15,2576,31.5246,0.7567,0.34388
4788,317,1,1,27,0,1,0,0,53.667,0.05,0.15,2576,31.5246,1.10734,0.34388
4789,400,4,4,35,0,0,0,1,121.258,0.05,0.15,2576,31.5246,0.86028,0.34388
4790,400,3,3,36,0,0,0,1,118.415,0.05,0.15,2576,31.5246,0.93334,0.34388
4791,400,3,3,43,0,0,0,1,91.612,0.05,0.15,2576,31.5246,1.26637,0.34388
4792,179,2,2,38,0,1,1,0,33.461,0.05,0.15,2576,31.5246,1.74335,0.34388
4793,400,5,5,82,0,0,0,1,109.732,0.05,0.15,2576,31.5246,1.35039,0.34388
4794,400,3,3,33,0,0,0,1,102.254,0.05,0.15,2576,31.5246,1.048,0.34388
4795,400,1,1,22,0,0,0,1,93.845,0.05,0.15,2576,31.5246,0.6704,0.34388
4796,400,14,4,53,2,0,1,1,167.542,0.05,0.15,2577,31.5246,1.148,0.34388
4797,400,3,3,44,0,0,0,1,130.132,0.05,0.15,2577,31.5246,1.10999,0.34388
4798,400,3,3,37,0,0,0,1,121.534,0.05,0.15,2577,31.5246,0.95765,0.34388
4799,400,9,4,38,1,0,0,1,139.671,0.05,0.15,2577,31.5246,1.18798,0.34388
4800,247,7,2,37,1,1,1,0,63.915,0.05,0.15,2577,31.5246,1.79973,0.34394
4801,400,7,2,32,1,0,0,1,126.172,0.05,0.15,2577,31.5246,0.73466,0.34394
4802,400,4,4,33,0,0,1,1,117.527,0.05,0.15,2577,31.5246,0.90873,0.34394
4803,184,1,1,25,0,1,0,0,21.701,0.05,0.15,2577,31.5246,1.73076,0.34407
4804,400,10,5,52,1,0,0,1,123.541,0.05,0.15,2577,31.5246,1.24075,0.34407
4805,400,12,7,26,1,0,0,1,133.636,0.05,0.15,2577,31.5246,1.12934,0.34407
4806,400,3,3,45,0,0,1,1,113.752,0.05,0.15,2577,31.5246,1.02128,0.34407
4807,400,3,3,27,0,0,0,1,99.887,0.05,0.15,2577,31.5246,1.09366,0.34407
4808,400,3,3,37,0,0,0,1,129.656,0.05,0.15,2577,31.5246,0.95336,0.34407
4809,400,3,3,36,0,0,1,1,117.838,0.05,0.15,2577,31.5246,1.0501,0.34407
4810,400,2,2,41,0,0,0,1,105.567,0.05,0.15,2577,31.5246,1.07079,0.34407
4811,400,5,5,70,0,0,0,1,123.032,0.05,0.15,2577,31.5246,1.32696,0.34407
4812,241,2,2,45,0,0,0,0,71.319,0.05,0.15,2577,31.5246,1.92491,0.34413
4813,400,10,5,71,1,0,2,1,125.525,0.05,0.15,2577,31.5246,1.46382,0.34413
4814,400,1,1,44,0,0,1,1,94.12,0.05,0.15,2577,31.5246,0.98827,0.34413
4815,400,8,3,32,1,0,0,1,110.434,0.05,0.15,2577,31.5246,0.99852,0.34413
4816,400,3,3,36,0,0,1,1,101.606,0.05,0.15,2577,31.5246,1.28436,0.34413
4817,400,2,2,25,0,0,0,1,83.0,0.05,0.15,2577,31.5246,1.04489,0.34413
4818,110,1,1,9,0,1,1,0,-5.424,0.05,0.15,2577,31.5246,1.62533,0.34413
4819,400,6,1,16,1,0,0,1,81.126,0.05,0.15,2577,31.5246,1.00102,0.34413
4820,400,7,7,67,0,0,0,1,122.249,0.05,0.15,2577,31.5246,1.07055,0.34413
4821,277,2,2,38,0,1,1,0,36.858,0.05,0.15,2577,31.5246,1.42831,0.34413
4822,400,5,0,14,1,0,2,1,81.021,0.05,0.15,2577,31.5246,0.95444,0.34413
4823,218,1,1,22,0,1,1,0,30.916,0.05,0.15,2577,31.5246,1.22249,0.34413
4824,400,14,4,30,2,0,0,1,148.989,0.05,0.15,2577,31.5246,1.21825,0.34413
4825,400,5,5,48,0,0,0,1,143.592,0.05,0.15,2577,31.5246,1.11923,0.34413
4826,400,7,7,42,0,0,0,1,138.489,0.05,0.15,2577,31.5246,1.21568,0.3442
4827,296,10,5,52,1,0,0,1,124.651,0.05,0.15,2577,31.5246,1.66372,0.3442
4828,400,10,5,81,1,0,0,1,175.438,0.05,0.15,2577,31.5246,1.49784,0.3442
4829,129,8,3,38,1,0,0,0,76.827,0.05,0.15,2577,31.5246,2.38694,0.3442
4830,400,16,6,59,2,0,0,1,162.953,0.05,0.15,2577,31.5246,1.59714,0.3442
4831,400,3,3,39,0,0,0,1,121.333,0.05,0.15,2577,31.5246,1.20623,0.3442
4832,365,8,3,56,1,0,0,1,143.03,0.05,0.15,2577,31.5246,1.34966,0.3442
4833,313,4,4,53,0,0,0,1,111.134,0.05,0.15,2577,31.5246,1.4093,0.3442
4834,400,5,5,47,0,0,0,1,131.325,0.05,0.15,2577,31.5246,1.09661,0.3442
4835,400,10,5,38,1,0,0,1,147.557,0.05,0.15,2577,31.5246,1.10265,0.3442
4836,400,10,5,36,1,0,0,1,114.769,0.05,0.15,2577,31.5246,1.5539,0.3442
4837,400,3,3,45,0,0,0,1,114.623,0.05,0.15,2577,31.5246,1.06613,0.3442
4838,400,6,6,47,0,0,0,1,136.212,0.05,0.15,2577,31.5246,1.13349,0.3442
4839,168,3,3,30,0,1,1,0,25.936,0.05,0.15,2577,31.5246,1.75773,0.3442
4840,400,4,4,45,0,0,0,1,122.312,0.05,0.15,2577,31.5246,0.98464,0.3442
4841,400,3,3,57,0,0,0,1,136.918,0.05,0.15,2577,31.5246,1.13221,0.34426
4842,167,2,2,33,0,1,0,0,27.019,0.05,0.15,2577,31.5246,1.71048,0.34426
4843,400,3,3,45,0,0,0,1,121.59,0.05,0.15,2577,31.5246,1.30274,0.34426
4844,400,4,4,26,0,0,0,1,102.156,0.05,0.15,2577,31.5246,1.08748,0.34426
4845,400,16,6,49,2,0,0,1,163.406,0.05,0.15,2577,31.5246,1.36205,0.34426
4846,400,4,4,44,0,0,1,1,126.548,0.05,0.15,2577,31.5246,1.05061,0.34426
4847,400,4,4,56,0,0,0,1,128.136,0.05,0.15,2577,31.5246,1.42225,0.34426
4848,400,8,3,45,1,0,0,1,146.248,0.05,0.15,2577,31.5246,1.24005,0.34426
4849,400,7,2,44,1,0,0,1,136.993,0.05,0.15,2577,31.5246,1.16377,0.34426
4850,400,9,4,39,1,0,0,1,126.795,0.05,0.15,2577,31.5246,1.34545,0.34433
4851,400,3,3,39,0,0,0,1,126.342,0.05,0.15,2577,31.5246,1.05324,0.34433
4852,328,16,6,55,2,0,0,1,144.538,0.05,0.15,2578,31.5246,1.82819,0.34426
4853,400,8,3,47,1,0,1,1,119.935,0.05,0.15,2578,31.5246,1.58358,0.34426
4854,400,13,8,65,1,0,1,1,157.007,0.05,0.15,2578,31.5246,1.53498,0.34426
4855,400,4,4,59,0,0,0,1,151.4,0.05,0.15,2578,31.5246,1.07623,0.34426
4856,400,3,3,46,0,0,1,1,116.076,0.05,0.15,2578,31.5246,1.32161,0.34426
4857,400,9,4,45,1,0,1,1,141.321,0.05,0.15,2578,31.5246,1.24875,0.34426
4858,400,6,1,38,1,0,0,1,96.54,0.05,0.15,2578,31.5246,1.3285,0.34426
4859,400,8,3,26,1,0,0,1,114.825,0.05,0.15,2578,31.5246,0.85735,0.34426
4860,171,3,3,14,0,1,1,0,22.494,0.05,0.15,2578,31.5246,1.43953,0.34426
4861,400,2,2,46,0,0,0,1,99.817,0.05,0.15,2578,31.5246,1.18122,0.34426
4862,400,6,6,55,0,0,0,1,77.947,0.05,0.15,2578,31.5246,1.47245,0.34426
4863,400,11,6,47,1,0,0,1,138.227,0.05,0.15,2578,31.5246,1.27192,0.34426
4864,400,5,5,49,0,0,0,1,112.128,0.05,0.15,2578,31.5246,1.18158,0.34426
4865,400,8,3,45,1,0,0,1,118.833,0.05,0.15,2578,31.5246,1.24107,0.34426
4866,400,5,5,49,0,0,0,1,127.1,0.05,0.15,2578,31.5246,1.04316,0.34426
4867,134,1,1,24,0,1,0,0,5.253,0.05,0.15,2578,31.5246,1.24673,0.34426
4868,400,1,1,38,0,0,0,1,98.769,0.05,0.15,2578,31.5246,0.80938,0.34426
4869,400,5,5,35,0,0,0,1,127.091,0.05,0.15,2578,31.5246,0.80111,0.34426
4870,400,3,3,40,0,0,0,1,103.314,0.05,0.15,2578,31.5246,1.01358,0.34426
4871,400,4,4,57,0,0,0,1,135.589,0.05,0.15,2578,31.5246,0.84698,0.34426
4872,400,10,5,45,1,0,0,1,154.841,0.05,0.15,2580,31.5246,1.3988,0.34412
4873,270,3,3,44,0,0,2,1,104.33,0.05,0.15,2580,31.5246,1.68748,0.34419
4874,400,3,3,39,0,0,2,1,110.303,0.05,0.15,2581,31.5246,1.02439,0.34418
4875,400,2,2,39,0,0,0,1,115.393,0.05,0.15,2581,31.5246,0.78348,0.34418
4876,400,7,2,58,1,0,0,1,151.202,0.05,0.15,2581,31.5246,0.82596,0.34418
4877,400,3,3,37,0,0,0,1,123.988,0.05,0.15,2581,31.5246,0.7944,0.34418
4878,400,3,3,45,0,0,0,1,135.83,0.05,0.15,2581,31.5246,1.0721,0.34418
4879,400,8,3,48,1,0,0,1,145.947,0.05,0.15,2581,31.5246,1.10684,0.34418
4880,400,9,4,47,1,0,0,1,126.066,0.05,0.15,2581,31.5246,1.5867,0.34418
4881,323,4,4,58,0,0,0,1,99.434,0.05,0.15,2581,31.5246,1.50336,0.34425
4882,400,3,3,51,0,0,0,1,100.349,0.05,0.15,2581,31.5246,0.94645,0.34425
4883,400,2,2,30,0,0,0,1,96.544,0.05,0.15,2581,31.5246,0.66143,0.34425
4884,400,4,4,47,0,0,0,1,113.86,0.05,0.15,2581,31.5246,0.8636,0.34425
4885,400,4,4,41,0,0,0,1,117.059,0.05,0.15,2581,31.5246,0.95799,0.34425
4886,400,8,3,37,1,0,1,1,118.108,0.05,0.15,2581,31.5246,0.9738,0.34425
4887,400,3,3,44,0,0,0,1,105.449,0.05,0.15,2582,31.5246,0.98278,0.34418
4888,400,6,6,55,0,0,0,1,141.833,0.05,0.15,2583,31.5246,1.12946,0.34411
4889,68,2,2,30,0,1,1,0,6.013,0.05,0.15,2583,31.5246,3.2454,0.34417
4890,237,6,6,51,0,0,0,1,108.58,0.05,0.15,2583,31.5246,1.58316,0.34417
4891,400,2,2,41,0,0,0,1,101.555,0.05,0.15,2583,31.5246,0.79525,0.34417
4892,400,2,2,57,0,0,0,1,116.468,0.05,0.15,2583,31.5246,1.01089,0.34417
4893,97,1,1,31,0,1,0,0,14.679,0.05,0.15,2583,31.5246,2.3583,0.34417
4894,400,4,4,59,0,0,0,1,108.321,0.05,0.15,2583,31.5246,1.45298,0.34417
4895,99,5,5,39,0,1,1,0,38.614,0.05,0.15,2583,31.5246,2.10768,0.34417
4896,400,6,6,66,0,0,1,1,138.793,0.05,0.15,2583,31.5246,1.62972,0.34417
4897,400,4,4,30,0,0,0,1,114.07,0.05,0.15,2583,31.5246,0.88615,0.34417
4898,400,4,4,46,0,0,1,1,117.009,0.05,0.15,2583,31.5246,1.33188,0.34424
4899,400,6,1,27,1,0,0,1,104.827,0.05,0.15,2583,31.5246,1.09974,0.34424
4900,130,3,3,36,0,0,2,0,38.576,0.05,0.15,2583,31.5246,1.93041,0.34424
4901,400,7,2,54,1,0,0,1,136.756,0.05,0.15,2583,31.5246,1.16743,0.34424
4902,61,2,2,11,0,0,0,0,17.098,0.05,0.15,2583,31.5246,2.6931,0.3443
4903,400,3,3,36,0,0,0,1,105.944,0.05,0.15,2583,31.5246,1.19058,0.3443
4904,400,5,5,46,0,0,0,1,103.753,0.05,0.15,2583,31.5246,1.06565,0.3443
4905,400,9,4,57,1,0,2,1,132.96,0.05,0.15,2583,31.5246,1.22703,0.3443
4906,400,4,4,54,0,0,0,1,139.348,0.05,0.15,2583,31.5246,1.18722,0.3443
4907,400,11,6,96,1,0,0,1,190.182,0.05,0.15,2583,31.5246,1.40385,0.3443
4908,164,5,5,42,0,1,0,0,51.544,0.05,0.15,2583,31.5246,2.19702,0.3443
4909,400,10,5,62,1,0,1,1,162.613,0.05,0.15,2583,31.5246,1.21469,0.34437
4910,400,2,2,55,0,0,0,1,133.053,0.05,0.15,2583,31.5246,1.06012,0.34437
4911,400,4,4,56,0,0,1,1,128.243,0.05,0.15,2583,31.5246,1.14701,0.34437
4912,70,3,3,26,0,1,1,0,17.985,0.05,0.15,2583,31.5246,1.97015,0.34437
4913,400,1,1,27,0,0,0,1,54.665,0.05,0.15,2583,31.5246,1.2786,0.34437
4914,400,5,5,50,0,0,0,1,133.562,0.05,0.15,2584,31.5246,1.01763,0.3443
4915,400,14,9,96,1,0,0,1,139.854,0.05,0.15,2584,31.5246,1.86965,0.3443
4916,400,2,2,51,0,0,1,1,87.95,0.05,0.15,2585,31.5246,1.25642,0.34423
4917,80,3,3,31,0,1,0,0,7.953,0.05,0.15,2585,31.5246,2.62908,0.34423
4918,104,1,1,22,0,1,0,0,3.931,0.05,0.15,2585,31.5246,1.99061,0.34423
4919,400,7,7,51,0,0,0,1,92.598,0.05,0.15,2585,31.5246,1.26996,0.34423
4920,400,11,6,42,1,0,0,1,119.939,0.05,0.15,2585,31.5246,1.44275,0.34423
4921,400,7,2,31,1,0,0,1,105.192,0.05,0.15,2585,31.5246,1.06231,0.34423
4922,400,3,3,52,0,0,0,1,126.651,0.05,0.15,2585,31.5246,1.1175,0.34423
4923,400,8,3,41,1,0,1,1,124.353,0.05,0.15,2585,31.5246,1.16185,0.34423
4924,400,2,2,32,0,0,0,1,100.087,0.05,0.15,2585,31.5246,0.88093,0.34423
4925,400,2,2,30,0,0,0,1,96.773,0.05,0.15,2585,31.5246,0.77504,0.34423
4926,400,2,2,34,0,0,0,1,87.37,0.05,0.15,2585,31.5246,0.90613,0.34423
4927,400,11,6,43,1,0,0,1,117.615,0.05,0.15,2585,31.5246,1.08066,0.34423
4928,400,10,5,45,1,0,0,1,129.141,0.05,0.15,2585,31.5246,0.9823,0.34436
4929,400,6,6,38,0,0,0,1,96.797,0.05,0.15,2585,31.5246,1.09034,0.34436
4930,400,15,5,63,2,0,1,1,136.613,0.05,0.15,2585,31.5246,1.30809,0.34436
4931,400,8,3,29,1,0,0,1,88.967,0.05,0.15,2585,31.5246,1.11568,0.34436
4932,400,9,4,63,1,0,1,1,98.457,0.05,0.15,2585,31.5246,1.86168,0.34436
4933,400,7,2,40,1,0,1,1,113.387,0.05,0.15,2585,31.5246,1.33973,0.34436
4934,400,7,2,48,1,0,0,1,113.381,0.05,0.15,2587,31.5246,1.26092,0.34422
4935,400,3,3,47,0,0,0,1,112.616,0.05,0.15,2588,31.5246,1.153,0.34415
4936,400,4,4,63,0,0,0,1,93.14,0.05,0.15,2588,31.5246,1.56671,0.34415
4937,400,5,5,59,0,0,1,1,109.741,0.05,0.15,2588,31.5246,1.29706,0.34415
4938,400,5,5,50,0,0,0,1,107.481,0.05,0.15,2588,31.5246,0.98202,0.34415
4939,400,9,4,50,1,0,0,1,97.427,0.05,0.15,2588,31.5246,1.33012,0.34415
4940,334,15,5,59,2,0,0,1,115.353,0.05,0.15,2589,31.5246,1.80198,0.34408
4941,400,4,4,39,0,0,0,1,74.717,0.05,0.15,2589,31.5246,1.34682,0.34408
4942,400,15,5,69,2,0,0,1,173.637,0.05,0.15,2589,31.5246,1.36761,0.34408
4943,400,14,4,31,2,0,1,1,122.913,0.05,0.15,2589,31.5246,1.61111,0.34408
4944,400,10,5,72,1,0,0,1,151.087,0.05,0.15,2589,31.5246,1.41621,0.34408
4945,400,14,4,50,2,0,0,1,142.947,0.05,0.15,2589,31.5246,1.49258,0.34408
4946,400,5,5,55,0,0,0,1,159.226,0.05,0.15,2589,31.5246,1.01068,0.34408
4947,400,14,4,74,2,0,1,1,161.499,0.05,0.15,2589,31.5246,1.49374,0.34408
4948,400,6,6,56,0,0,0,1,148.906,0.05,0.15,2589,31.5246,1.25159,0.34408
4949,400,9,4,70,1,0,0,1,165.556,0.05,0.15,2589,31.5246,1.35315,0.34408
4950,400,12,7,68,1,0,0,1,171.479,0.05,0.15,2589,31.5246,1.16942,0.34408
4951,232,3,3,59,0,1,1,0,59.695,0.05,0.15,2589,31.5246,1.88155,0.34408
4952,158,5,5,45,0,1,1,0,49.786,0.05,0.15,2589,31.5246,2.2043,0.34408
4953,400,10,5,56,1,0,0,1,163.565,0.05,0.15,2589,31.5246,1.14518,0.34408
4954,400,9,4,55,1,0,1,1,136.6,0.05,0.15,2589,31.5246,1.56001,0.34408
4955,400,4,4,55,0,0,0,1,137.443,0.05,0.15,2589,31.5246,1.05853,0.34408
4956,400,4,4,54,0,0,2,1,130.973,0.05,0.15,2589,31.5246,1.20274,0.34408
4957,400,10,5,49,1,0,1,1,160.069,0.05,0.15,2589,31.5246,1.14493,0.34408
4958,400,12,7,63,1,0,0,1,156.251,0.05,0.15,2589,31.5246,1.54014,0.34408
4959,400,12,7,62,1,0,0,1,166.792,0.05,0.15,2589,31.5246,1.26066,0.34408
4960,154,0,0,16,0,0,0,0,19.335,0.05,0.15,2589,31.5246,1.29897,0.34408
4961,400,10,5,46,1,0,0,1,121.738,0.05,0.15,2589,31.5246,1.62025,0.34408
4962,400,5,5,61,0,0,0,1,149.278,0.05,0.15,2589,31.5246,1.00986,0.34408
4963,400,2,2,29,0,0,0,1,78.081,0.05,0.15,2589,31.5246,1.10033,0.34408
4964,400,11,6,62,1,0,0,1,163.757,0.05,0.15,2589,31.5246,1.26818,0.34408
4965,400,13,8,94,1,0,0,1,187.953,0.05,0.15,2589,31.5246,1.54498,0.34408
4966,400,6,6,57,0,0,1,1,128.204,0.05,0.15,2589,31.5246,1.40377,0.34408
4967,400,9,4,67,1,0,0,1,149.997,0.05,0.15,2589,31.5246,1.38413,0.34408
4968,400,5,5,45,0,0,0,1,136.612,0.05,0.15,2589,31.5246,0.9164,0.34408
4969,400,5,5,51,0,0,0,1,135.846,0.05,0.15,2589,31.5246,1.05271,0.34408
4970,62,0,0,18,0,1,1,0,-5.524,0.05,0.15,2589,31.5246,1.69164,0.34408
4971,400,10,5,53,1,0,0,1,147.035,0.05,0.15,2589,31.5246,1.12843,0.34408
4972,400,3,3,61,0,0,0,1,137.411,0.05,0.15,2589,31.5246,1.01771,0.34408
4973,400,16,6,73,2,0,0,1,183.419,0.05,0.15,2589,31.5246,1.53939,0.34408
4974,400,7,7,64,0,0,1,1,131.635,0.05,0.15,2590,31.5246,1.46654,0.34402
4975,224,3,3,27,0,1,1,0,19.651,0.05,0.15,2590,31.5246,1.82505,0.34402
4976,400,2,2,45,0,0,0,1,102.284,0.05,0.15,2590,31.5246,1.21668,0.34402
4977,400,5,5,50,0,0,0,1,120.745,0.05,0.15,2590,31.5246,1.10331,0.34402
4978,400,8,3,54,1,0,0,1,100.97,0.05,0.15,2590,31.5246,1.3879,0.34402
4979,400,11,6,46,1,0,0,1,119.019,0.05,0.15,2590,31.5246,1.35548,0.34402
4980,163,3,3,45,0,1,0,0,42.37,0.05,0.15,2590,31.5246,2.11884,0.34408
4981,400,7,7,58,0,0,0,1,147.569,0.05,0.15,2590,31.5246,1.18425,0.34408
4982,400,3,3,46,0,0,0,1,112.761,0.05,0.15,2591,31.5246,1.03996,0.34401
4983,400,6,6,103,0,0,1,1,172.02,0.05,0.15,2591,31.5246,1.36326,0.34401
4984,400,5,5,46,0,0,0,1,99.557,0.05,0.15,2591,31.5246,1.23768,0.34401
4985,400,11,6,51,1,0,0,1,156.599,0.05,0.15,2591,31.5246,1.2239,0.34401
4986,138,3,3,34,0,1,1,0,31.421,0.05,0.15,2591,31.5246,1.78731,0.34401
4987,400,4,4,38,0,0,0,1,96.13,0.05,0.15,2591,31.5246,1.26661,0.34401
4988,400,10,5,54,1,0,0,1,113.897,0.05,0.15,2592,31.5246,1.45863,0.34394
4989,400,5,5,38,0,0,0,1,104.732,0.05,0.15,2592,31.5246,1.14664,0.34394
4990,400,5,5,54,0,0,0,1,88.312,0.05,0.15,2592,31.5246,1.20999,0.34394
4991,400,11,6,40,1,0,0,1,146.441,0.05,0.15,2592,31.5246,1.01478,0.34394
4992,400,4,4,45,0,0,1,1,110.684,0.05,0.15,2592,31.5246,0.95735,0.34394
4993,400,9,4,51,1,0,0,1,149.007,0.05,0.15,2592,31.5246,1.07566,0.34394
4994,400,13,3,62,2,0,0,1,115.147,0.05,0.15,2592,31.5246,1.61751,0.34394
4995,400,13,8,88,1,0,0,1,163.55,0.05,0.15,2593,31.5246,1.69322,0.34387
4996,400,13,8,89,1,0,0,1,130.019,0.05,0.15,2593,31.5246,1.8578,0.34387
4997,400,9,4,68,1,0,0,1,165.571,0.05,0.15,2593,31.5246,1.25349,0.34387
4998,136,5,5,51,0,1,0,0,51.948,0.05,0.15,2593,31.5246,1.95346,0.34387
4999,207,4,4,55,0,1,0,0,64.68,0.05,0.15,2593,31.5246,1.82242,0.34387
5000,400,10,5,50,1,0,0,1,152.952,0.05,0.15,2593,31.5246,1.54363,0.34387
5001,208,4,4,70,0,1,2,0,72.956,0.05,0.15,2593,31.5246,1.96757,0.34387
5002,400,3,3,57,0,0,0,1,143.833,0.05,0.15,2593,31.5246,1.0526,0.34387
5003,400,7,7,52,0,0,0,1,148.433,0.05,0.15,2594,31.5246,1.08096,0.34381
5004,268,12,7,73,1,0,0,1,145.238,0.05,0.15,2594,31.5246,2.04884,0.34381
5005,400,3,3,66,0,0,1,1,136.591,0.05,0.15,2594,31.5246,1.22444,0.34381
5006,400,6,6,88,0,0,0,1,145.51,0.05,0.15,2594,31.5246,1.55893,0.34381
5007,400,4,4,46,0,0,0,1,99.819,0.05,0.15,2594,31.5246,1.20708,0.34381
5008,400,5,5,77,0,0,0,1,142.302,0.05,0.15,2594,31.5246,1.43991,0.34381
5009,400,7,7,92,0,0,0,1,120.427,0.05,0.15,2594,31.5246,1.66256,0.34381
5010,400,6,6,62,0,0,1,1,119.057,0.05,0.15,2594,31.5246,1.31675,0.34381
5011,400,6,6,62,0,0,0,1,117.386,0.05,0.15,2594,31.5246,1.08016,0.34381
5012,400,3,3,48,0,0,0,1,117.968,0.05,0.15,2594,31.5246,1.00075,0.34381
5013,400,11,6,68,1,0,0,1,114.153,0.05,0.15,2596,31.5246,1.65249,0.34367
5014,115,2,2,33,0,0,0,0,46.131,0.05,0.15,2596,31.5246,1.69788,0.34367
5015,400,6,6,46,0,0,0,1,149.98,0.05,0.15,2596,31.5246,1.23753,0.34367
5016,400,5,5,46,0,0,0,1,133.362,0.05,0.15,2596,31.5246,1.13448,0.34367
5017,400,4,4,52,0,0,0,1,131.84,0.05,0.15,2596,31.5246,1.09719,0.34367
5018,167,4,4,36,0,0,0,0,55.11,0.05,0.15,2596,31.5246,1.72675,0.34367
5019,400,2,2,48,0,0,0,1,81.296,0.05,0.15,2596,31.5246,1.27021,0.34373
5020,400,8,8,58,0,0,0,1,142.52,0.05,0.15,2596,31.5246,1.04169,0.34373
5021,400,15,5,47,2,0,1,1,131.545,0.05,0.15,2596,31.5246,1.43965,0.34373
5022,107,1,1,32,0,1,2,0,10.677,0.05,0.15,2596,31.5246,2.07075,0.34373
5023,400,9,4,48,1,0,0,1,142.09,0.05,0.15,2596,31.5246,1.27935,0.34373
5024,400,6,6,49,0,0,0,1,126.138,0.05,0.15,2596,31.5246,1.16737,0.34373
5025,400,8,3,35,1,0,0,1,126.016,0.05,0.15,2596,31.5246,0.90314,0.34373
5026,400,3,3,31,0,0,0,1,105.438,0.05,0.15,2596,31.5246,0.87176,0.34373
5027,111,2,2,22,0,0,0,0,27.488,0.05,0.15,2596,31.5246,1.95275,0.34373
5028,205,11,6,55,1,1,1,0,84.181,0.05,0.15,2596,31.5246,1.89533,0.34373
5029,400,2,2,36,0,0,0,1,93.144,0.05,0.15,2596,31.5246,1.0218,0.34373
5030,400,5,5,39,0,0,0,1,108.454,0.05,0.15,2596,31.5246,0.85727,0.34373
5031,71,2,2,31,0,1,0,0,6.652,0.05,0.15,2596,31.5246,2.31843,0.34373
5032,400,2,2,29,0,0,0,1,84.555,0.05,0.15,2596,31.5246,0.95274,0.34373
5033,400,4,4,39,0,0,1,1,108.347,0.05,0.15,2596,31.5246,1.18602,0.34373
5034,84,1,1,19,0,1,2,0,-6.502,0.05,0.15,2596,31.5246,2.07202,0.34373
5035,126,0,0,41,0,1,1,0,5.375,0.05,0.15,2596,31.5246,2.10258,0.34373
5036,77,2,2,44,0,1,1,0,20.67,0.05,0.15,2596,31.5246,3.85278,0.34373
5037,222,3,3,30,0,1,2,0,26.768,0.05,0.15,2596,31.5246,1.26254,0.34373
5038,400,10,5,43,1,0,0,1,128.426,0.05,0.15,2596,31.5246,1.20738,0.3438
5039,400,8,3,38,1,0,0,1,110.434,0.05,0.15,2596,31.5246,1.11553,0.3438
5040,400,3,3,50,0,0,0,1,103.09,0.05,0.15,2596,31.5246,1.03293,0.3438
5041,400,4,4,42,0,0,0,1,110.669,0.05,0.15,2596,31.5246,0.81392,0.3438
5042,400,12,2,27,2,0,0,1,106.557,0.05,0.15,2596,31.5246,1.34499,0.3438
5043,266,6,6,39,0,0,1,0,81.563,0.05,0.15,2596,31.5246,1.56513,0.34386
5044,400,6,6,50,0,0,1,1,141.556,0.05,0.15,2596,31.5246,1.06376,0.34386
5045,400,3,3,56,0,0,0,1,127.484,0.05,0.15,2596,31.5246,0.88804,0.34386
5046,400,5,5,64,0,0,0,1,127.545,0.05,0.15,2596,31.5246,0.85854,0.34386
5047,400,5,0,40,1,0,0,1,112.213,0.05,0.15,2596,31.5246,0.58232,0.34386
5048,400,5,5,42,0,0,0,1,117.454,0.05,0.15,2596,31.5246,0.89416,0.34386
5049,400,9,4,48,1,0,1,1,115.859,0.05,0.15,2596,31.5246,1.09346,0.34386
5050,400,2,2,37,0,0,0,1,77.907,0.05,0.15,2596,31.5246,0.95614,0.34386
5051,400,1,1,24,0,0,0,1,81.325,0.05,0.15,2596,31.5246,0.69041,0.34386
5052,400,5,5,44,0,0,0,1,131.542,0.05,0.15,2596,31.5246,0.88147,0.34386
5053,400,4,4,34,0,0,0,1,102.949,0.05,0.15,2596,31.5246,0.82749,0.34386
5054,400,12,7,73,1,0,0,1,153.848,0.05,0.15,2596,31.5246,1.05803,0.34386
5055,93,2,2,27,0,0,0,0,29.457,0.05,0.15,2596,31.5246,1.65336,0.34386
5056,400,4,4,60,0,0,0,1,102.738,0.05,0.15,2597,31.5246,1.13689,0.34392
5057,400,6,6,46,0,0,0,1,102.834,0.05,0.15,2597,31.5246,1.01845,0.34392
5058,400,16,6,63,2,0,0,1,161.95,0.05,0.15,2597,31.5246,1.2427,0.34392
5059,400,12,7,60,1,0,0,1,150.089,0.05,0.15,2597,31.5246,1.39439,0.34392
5060,202,6,6,62,0,1,0,0,65.436,0.05,0.15,2597,31.5246,2.04279,0.34392
5061,400,3,3,46,0,0,0,1,98.01,0.05,0.15,2597,31.5246,0.95318,0.34392
5062,313,3,3,53,0,0,0,1,80.03,0.05,0.15,2597,31.5246,1.22445,0.34392
5063,400,3,3,47,0,0,0,1,98.73,0.05,0.15,2597,31.5246,0.82519,0.34392
5064,400,2,2,33,0,0,0,1,74.312,0.05,0.15,2597,31.5246,0.87485,0.34392
5065,400,4,4,45,0,0,0,1,94.507,0.05,0.15,2597,31.5246,0.82713,0.34392
5066,400,9,4,44,1,0,0,1,118.552,0.05,0.15,2597,31.5246,1.18914,0.34392
5067,315,11,6,61,1,0,0,1,157.873,0.05,0.15,2597,31.5246,1.51347,0.34392
5068,286,1,1,33,0,1,2,0,10.839,0.05,0.15,2597,31.5246,1.51061,0.34392
5069,400,5,5,51,0,0,0,1,112.99,0.05,0.15,2597,31.5246,1.01967,0.34392
5070,400,7,2,30,1,0,0,1,97.373,0.05,0.15,2597,31.5246,0.73732,0.34392
5071,254,4,4,56,0,1,1,0,54.675,0.05,0.15,2597,31.5246,1.43909,0.34392
5072,400,11,6,60,1,0,1,1,133.697,0.05,0.15,2597,31.5246,1.36968,0.34392
5073,219,7,7,57,0,1,0,0,76.92,0.05,0.15,2599,31.5246,2.03171,0.34379
5074,400,8,3,32,1,0,0,1,103.76,0.05,0.15,2599,31.5246,1.18253,0.34379
5075,400,3,3,21,0,0,0,1,100.64,0.05,0.15,2599,31.5246,0.79276,0.34379
5076,400,4,4,44,0,0,0,1,124.067,0.05,0.15,2599,31.5246,0.9566,0.34379
5077,117,2,2,31,0,1,1,0,16.314,0.05,0.15,2599,31.5246,1.93669,0.34379
5078,269,3,3,35,0,1,1,0,28.751,0.05,0.15,2599,31.5246,1.36827,0.34379
5079,178,3,3,32,0,1,0,0,33.945,0.05,0.15,2600,31.5246,1.62583,0.34372
5080,400,6,6,55,0,0,1,1,136.247,0.05,0.15,2600,31.5246,1.0633,0.34378
5081,400,19,9,62,2,0,0,1,176.195,0.05,0.15,2600,31.5246,1.35573,0.34378
5082,400,3,3,40,0,0,0,1,110.641,0.05,0.15,2601,31.5246,1.38516,0.34378
5083,400,1,1,19,0,0,0,1,99.123,0.05,0.15,2601,31.5246,0.51977,0.34378
5084,123,2,2,49,0,1,1,0,27.898,0.05,0.15,2601,31.5246,2.12672,0.34384
5085,178,3,3,56,0,1,1,0,35.053,0.05,0.15,2601,31.5246,1.93441,0.34384
5086,400,10,5,50,1,0,0,1,142.833,0.05,0.15,2602,31.5246,1.35405,0.34377
5087,400,2,2,36,0,0,1,1,109.348,0.05,0.15,2602,31.5246,1.03767,0.34377
5088,400,6,6,69,0,0,0,1,173.439,0.05,0.15,2602,31.5246,1.18247,0.34377
5089,400,4,4,50,0,0,0,1,132.905,0.05,0.15,2602,31.5246,1.1396,0.34377
5090,400,4,4,56,0,0,0,1,145.667,0.05,0.15,2602,31.5246,1.20496,0.34377
5091,400,4,4,40,0,0,1,1,129.746,0.05,0.15,2602,31.5246,0.83652,0.34377
5092,400,2,2,45,0,0,0,1,130.262,0.05,0.15,2602,31.5246,0.88389,0.34377
5093,400,3,3,40,0,0,1,1,110.168,0.05,0.15,2602,31.5246,1.25387,0.34377
5094,400,11,6,76,1,0,0,1,178.883,0.05,0.15,2602,31.5246,1.14777,0.34377
5095,400,7,7,74,0,0,0,1,160.616,0.05,0.15,2602,31.5246,0.88453,0.34377
5096,400,3,3,61,0,0,0,1,138.707,0.05,0.15,2602,31.5246,1.10781,0.34377
5097,400,7,7,43,0,0,0,1,144.883,0.05,0.15,2602,31.5246,0.80036,0.34377
5098,180,5,5,51,0,1,1,0,59.041,0.05,0.15,2602,31.5246,1.40877,0.34377
5099,400,7,7,49,0,0,0,1,153.467,0.05,0.15,2602,31.5246,0.84375,0.34377
5100,400,7,7,56,0,0,0,1,161.412,0.05,0.15,2602,31.5246,0.95262,0.34377
5101,400,3,3,38,0,0,0,1,119.823,0.05,0.15,2602,31.5246,1.0023,0.34377
5102,400,9,4,61,1,0,1,1,159.331,0.05,0.15,2602,31.5246,1.19744,0.34377
5103,400,4,4,69,0,0,0,1,145.616,0.05,0.15,2602,31.5246,0.978,0.34377
5104,400,11,6,71,1,0,0,1,166.011,0.05,0.15,2602,31.5246,1.61735,0.34377
5105,400,5,5,64,0,0,1,1,155.484,0.05,0.15,2602,31.5246,0.99296,0.34377
5106,400,3,3,49,0,0,0,1,110.619,0.05,0.15,2602,31.5246,1.18651,0.34377
5107,400,9,4,52,1,0,0,1,150.608,0.05,0.15,2602,31.5246,1.01424,0.34377
5108,400,3,3,66,0,0,1,1,144.598,0.05,0.15,2602,31.5246,1.14287,0.34377
5109,132,3,3,34,0,1,0,0,39.599,0.05,0.15,2602,31.5246,1.8193,0.34377
5110,400,7,7,56,0,0,0,1,149.41,0.05,0.15,2602,31.5246,1.28933,0.34377
5111,400,13,8,70,1,0,0,1,169.248,0.05,0.15,2602,31.5246,1.18333,0.34377
5112,116,4,4,37,0,0,0,0,55.433,0.05,0.15,2602,31.5246,1.84302,0.34377
5113,400,8,3,52,1,0,1,1,154.05,0.05,0.15,2603,31.5246,1.26178,0.34377
5114,400,14,9,81,1,0,0,1,167.218,0.05,0.15,2603,31.5246,1.65323,0.34377
5115,400,4,4,67,0,0,0,1,130.076,0.05,0.15,2603,31.5246,1.08474,0.34377
5116,400,3,3,54,0,0,1,1,111.85,0.05,0.15,2603,31.5246,1.16112,0.34377
5117,400,11,6,63,1,0,0,1,168.557,0.05,0.15,2603,31.5246,1.16963,0.34383
5118,400,10,5,66,1,0,0,1,166.614,0.05,0.15,2603,31.5246,1.31073,0.34383
5119,400,11,6,52,1,0,0,1,151.108,0.05,0.15,2603,31.5246,1.119,0.34383
5120,400,7,2,57,1,0,0,1,151.229,0.05,0.15,2603,31.5246,1.09047,0.34383
5121,230,7,2,62,1,0,0,0,98.832,0.05,0.15,2603,31.5246,1.92005,0.3439
5122,400,8,3,56,1,0,0,1,143.284,0.05,0.15,2603,31.5246,1.34658,0.3439
5123,207,3,3,51,0,0,0,0,76.999,0.05,0.15,2603,31.5246,1.76087,0.3439
5124,400,4,4,51,0,0,0,1,122.348,0.05,0.15,2603,31.5246,1.16981,0.3439
5125,400,9,4,65,1,0,0,1,104.562,0.05,0.15,2603,31.5246,1.50268,0.3439
5126,143,3,3,12,0,1,1,0,-4.054,0.05,0.15,2603,31.5246,2.012,0.3439
5127,400,11,6,47,1,0,0,1,146.098,0.05,0.15,2603,31.5246,1.23223,0.3439
5128,400,9,4,45,1,0,1,1,128.921,0.05,0.15,2603,31.5246,1.04823,0.3439
5129,94,2,2,22,0,1,0,0,7.901,0.05,0.15,2603,31.5246,2.16532,0.3439
5130,400,11,6,67,1,0,0,1,153.11,0.05,0.15,2603,31.5246,0.88781,0.3439
5131,164,3,3,55,0,1,1,0,45.876,0.05,0.15,2603,31.5246,2.03444,0.3439
5132,400,5,5,55,0,0,0,1,133.645,0.05,0.15,2603,31.5246,1.18239,0.3439
5133,400,9,4,59,1,0,1,1,155.341,0.05,0.15,2603,31.5246,1.12533,0.3439
5134,400,11,6,56,1,0,0,1,154.512,0.05,0.15,2603,31.5246,1.20134,0.3439
5135,400,11,6,51,1,0,1,1,147.966,0.05,0.15,2603,31.5246,1.27923,0.3439
5136,235,4,4,35,0,1,1,0,32.151,0.05,0.15,2603,31.5246,2.0597,0.3439
5137,400,2,2,36,0,0,1,1,105.824,0.05,0.15,2603,31.5246,1.12241,0.3439
5138,400,9,4,79,1,0,0,1,151.944,0.05,0.15,2603,31.5246,1.51645,0.3439
5139,400,14,9,81,1,0,0,1,155.368,0.05,0.15,2603,31.5246,1.68019,0.3439
5140,239,6,6,60,0,1,1,0,80.255,0.05,0.15,2603,31.5246,2.13991,0.3439
5141,400,10,5,83,1,0,0,1,123.037,0.05,0.15,2603,31.5246,1.84775,0.34396
5142,83,0,0,21,0,1,0,0,-4.452,0.05,0.15,2603,31.5246,2.64472,0.34403
5143,400,6,6,52,0,0,0,1,86.455,0.05,0.15,2603,31.5246,1.57761,0.34403
5144,400,10,5,47,1,0,0,1,130.379,0.05,0.15,2603,31.5246,1.15006,0.34403
5145,400,11,6,62,1,0,0,1,142.038,0.05,0.15,2603,31.5246,1.34616,0.34403
5146,400,10,5,75,1,0,0,1,111.904,0.05,0.15,2603,31.5246,1.76708,0.34403
5147,400,4,4,46,0,0,0,1,139.385,0.05,0.15,2603,31.5246,1.23302,0.34403
5148,386,10,5,54,1,0,0,1,140.76,0.05,0.15,2603,31.5246,1.67524,0.34403
5149,166,2,2,34,0,1,2,0,21.867,0.05,0.15,2603,31.5246,2.21761,0.34409
5150,400,3,3,53,0,0,2,1,118.45,0.05,0.15,2603,31.5246,1.36451,0.34409
5151,400,4,4,61,0,0,0,1,108.633,0.05,0.15,2603,31.5246,1.46435,0.34409
5152,400,8,8,47,0,0,0,1,132.935,0.05,0.15,2603,31.5246,1.27878,0.34409
5153,247,7,2,35,1,1,0,0,49.556,0.05,0.15,2603,31.5246,1.84578,0.34409
5154,246,4,4,46,0,1,1,0,60.811,0.05,0.15,2603,31.5246,2.00166,0.34409
5155,400,2,2,49,0,0,0,1,88.553,0.05,0.15,2603,31.5246,1.27322,0.34409
5156,400,6,6,44,0,0,0,1,123.381,0.05,0.15,2603,31.5246,0.96375,0.34409
5157,400,6,1,38,1,0,0,1,115.002,0.05,0.15,2603,31.5246,0.94931,0.34409
5158,400,2,2,45,0,0,0,1,101.257,0.05,0.15,2603,31.5246,1.1719,0.34409
5159,400,4,4,58,0,0,0,1,132.355,0.05,0.15,2603,31.5246,1.01613,0.34409
5160,400,0,0,30,0,0,0,1,94.276,0.05,0.15,2603,31.5246,0.85095,0.34409
5161,400,1,1,35,0,0,1,1,92.594,0.05,0.15,2603,31.5246,0.85723,0.34409
5162,400,5,5,34,0,0,0,1,122.318,0.05,0.15,2603,31.5246,0.75243,0.34409
5163,400,3,3,36,0,0,0,1,102.847,0.05,0.15,2603,31.5246,0.89081,0.34409
5164,400,2,2,25,0,0,0,1,85.331,0.05,0.15,2603,31.5246,1.09065,0.34409
5165,400,1,1,34,0,0,0,1,109.895,0.05,0.15,2603,31.5246,0.88302,0.34409
5166,400,1,1,25,0,0,0,1,91.822,0.05,0.15,2603,31.5246,0.80445,0.34409
5167,400,4,4,37,0,0,0,1,108.231,0.05,0.15,2603,31.5246,0.87678,0.34409
5168,400,3,3,36,0,0,0,1,115.348,0.05,0.15,2603,31.5246,0.923,0.34409
5169,400,10,5,57,1,0,0,1,152.267,0.05,0.15,2603,31.5246,1.23072,0.34415
5170,277,9,4,55,1,1,1,0,63.093,0.05,0.15,2603,31.5246,1.56756,0.34415
5171,400,12,7,54,1,0,0,1,134.211,0.05,0.15,2603,31.5246,1.22837,0.34415
5172,400,4,4,62,0,0,0,1,130.963,0.05,0.15,2603,31.5246,1.09,0.34415
5173,400,4,4,52,0,0,0,1,98.609,0.05,0.15,2603,31.5246,1.02777,0.34415
5174,345,6,6,56,0,0,0,1,92.499,0.05,0.15,2603,31.5246,1.65728,0.34428
5175,287,5,5,54,0,1,3,0,45.762,0.05,0.15,2603,31.5246,1.68681,0.34428
5176,400,5,5,45,0,0,1,1,105.82,0.05,0.15,2603,31.5246,1.30046,0.34428
5177,400,4,4,74,0,0,0,1,117.886,0.05,0.15,2603,31.5246,1.4189,0.34428
5178,400,11,6,65,1,0,0,1,113.79,0.05,0.15,2603,31.5246,1.71953,0.34428
5179,51,0,0,16,0,1,1,0,-10.736,0.05,0.15,2603,31.5246,2.0128,0.34428
5180,341,2,2,33,0,1,1,0,16.878,0.05,0.15,2603,31.5246,1.49121,0.34428
5181,400,10,5,72,1,0,0,1,127.097,0.05,0.15,2603,31.5246,1.37137,0.34428
5182,400,5,5,59,0,0,0,1,138.851,0.05,0.15,2603,31.5246,0.92215,0.34428
5183,91,0,0,32,0,1,1,0,0.435,0.05,0.15,2603,31.5246,2.10537,0.34428
5184,400,4,4,65,0,0,1,1,134.585,0.05,0.15,2603,31.5246,0.97023,0.34428
5185,65,3,3,15,0,1,0,0,-6.114,0.05,0.15,2603,31.5246,2.86405,0.34428
5186,400,4,4,72,0,0,0,1,121.086,0.05,0.15,2603,31.5246,1.21935,0.34428
5187,85,1,1,30,0,1,0,0,1.229,0.05,0.15,2603,31.5246,1.813,0.34428
5188,400,13,8,105,1,0,1,1,157.429,0.05,0.15,2605,31.5246,1.62962,0.34415
5189,144,4,4,42,0,1,2,0,20.21,0.05,0.15,2605,31.5246,2.1916,0.34421
5190,195,4,4,63,0,1,1,0,46.558,0.05,0.15,2605,31.5246,1.74406,0.34421
5191,118,3,3,36,0,0,2,0,36.24,0.05,0.15,2606,31.5246,1.88051,0.34414
5192,400,3,3,50,0,0,0,1,98.04,0.05,0.15,2606,31.5246,1.17554,0.34414
5193,400,7,2,36,1,0,1,1,97.052,0.05,0.15,2606,31.5246,1.09977,0.34414
5194,400,5,5,39,0,0,0,1,115.304,0.05,0.15,2606,31.5246,1.04522,0.34414
5195,400,2,2,30,0,0,1,1,83.705,0.05,0.15,2606,31.5246,1.13707,0.34414
5196,400,8,3,55,1,0,0,1,115.678,0.05,0.15,2606,31.5246,1.02469,0.34414
5197,400,17,7,61,2,0,0,1,161.973,0.05,0.15,2606,31.5246,1.19672,0.34414
5198,400,5,5,50,0,0,0,1,117.569,0.05,0.15,2606,31.5246,0.92336,0.34414
5199,400,9,4,33,1,0,0,1,127.22,0.05,0.15,2606,31.5246,0.94773,0.34414
5200,224,1,1,28,0,1,1,0,20.715,0.05,0.15,2606,31.5246,1.42856,0.34414
5201,400,2,2,32,0,0,2,1,90.223,0.05,0.15,2606,31.5246,0.8455,0.34414
5202,400,4,4,23,0,0,4,1,95.075,0.05,0.15,2606,31.5246,1.02386,0.34414
5203,400,11,6,39,1,0,0,1,129.287,0.05,0.15,2606,31.5246,0.85836,0.34414
5204,400,4,4,43,0,0,0,1,109.134,0.05,0.15,2606,31.5246,0.91021,0.34414
5205,400,2,2,35,0,0,0,1,75.354,0.05,0.15,2606,31.5246,1.16651,0.34414
5206,400,8,3,34,1,0,0,1,111.916,0.05,0.15,2606,31.5246,0.72677,0.34414
5207,400,4,4,36,0,0,0,1,104.887,0.05,0.15,2607,31.5246,0.87328,0.34407
5208,141,0,0,0,0,0,0,0,18.829,0.05,0.15,2607,31.5246,0.41016,0.34414
5209,400,5,5,30,0,0,0,1,103.859,0.05,0.15,2607,31.5246,0.89187,0.34414
5210,400,3,3,37,0,0,0,1,80.764,0.05,0.15,2607,31.5246,1.01116,0.34414
5211,400,4,4,23,0,0,0,1,95.024,0.05,0.15,2607,31.5246,0.67496,0.34414
5212,250,0,0,28,0,1,1,0,18.389,0.05,0.15,2607,31.5246,1.37205,0.34414
5213,400,6,6,36,0,0,0,1,101.576,0.05,0.15,2607,31.5246,0.92404,0.34414
5214,132,2,2,23,0,1,0,0,6.24,0.05,0.15,2607,31.5246,1.90064,0.3442
5215,400,3,3,32,0,0,1,1,109.315,0.05,0.15,2607,31.5246,0.69834,0.3442
5216,400,2,2,28,0,0,0,1,82.225,0.05,0.15,2607,31.5246,1.17136,0.3442
5217,400,7,2,11,1,0,0,1,98.786,0.05,0.15,2607,31.5246,0.76215,0.3442
5218,243,4,4,34,0,1,3,0,42.302,0.05,0.15,2608,31.5246,1.59625,0.34413
5219,400,6,6,44,0,0,0,1,115.351,0.05,0.15,2608,31.5246,0.94185,0.34413
5220,201,2,2,24,0,0,1,0,40.897,0.05,0.15,2608,31.5246,1.5952,0.34413
5221,400,2,2,25,0,0,1,1,76.071,0.05,0.15,2608,31.5246,0.96455,0.34413
5222,84,2,2,25,0,1,1,0,4.678,0.05,0.15,2608,31.5246,1.90534,0.34413
5223,349,0,0,30,0,1,3,0,35.382,0.05,0.15,2608,31.5246,1.03843,0.34413
5224,400,2,2,43,0,0,0,1,104.193,0.05,0.15,2608,31.5246,0.87376,0.34413
5225,400,9,4,43,1,0,1,1,110.966,0.05,0.15,2608,31.5246,1.17922,0.34413
5226,400,3,3,32,0,0,2,1,93.276,0.05,0.15,2608,31.5246,1.06298,0.34413
5227,400,4,4,31,0,0,0,1,105.958,0.05,0.15,2608,31.5246,0.7512,0.34413
5228,400,1,1,27,0,0,1,1,83.586,0.05,0.15,2608,31.5246,0.97567,0.34413
5229,400,3,3,43,0,0,0,1,92.918,0.05,0.15,2608,31.5246,0.89415,0.34413
5230,400,4,4,38,0,0,0,1,103.246,0.05,0.15,2608,31.5246,0.83799,0.34413
5231,99,0,0,22,0,1,0,0,-0.38,0.05,0.15,2608,31.5246,1.62035,0.34413
5232,400,1,1,36,0,0,0,1,60.915,0.05,0.15,2609,31.5246,0.69671,0.34407
5233,400,11,6,53,1,0,0,1,135.574,0.05,0.15,2609,31.5246,1.03979,0.34407
5234,400,1,1,31,0,0,0,1,92.374,0.05,0.15,2609,31.5246,0.81732,0.34407
5235,400,8,3,33,1,0,0,1,116.209,0.05,0.15,2609,31.5246,1.18694,0.34407
5236,400,9,4,39,1,0,0,1,135.082,0.05,0.15,2609,31.5246,1.02864,0.34407
5237,400,3,3,28,0,0,1,1,112.612,0.05,0.15,2609,31.5246,0.79008,0.34407
5238,244,4,4,44,0,1,2,0,63.171,0.05,0.15,2609,31.5246,1.59099,0.34407
5239,400,3,3,44,0,0,0,1,108.14,0.05,0.15,2609,31.5246,1.03459,0.34407
5240,400,2,2,28,0,0,2,1,99.006,0.05,0.15,2609,31.5246,1.37789,0.34407
5241,400,3,3,30,0,0,0,1,92.827,0.05,0.15,2609,31.5246,1.02042,0.34407
5242,400,10,5,26,1,0,0,1,111.126,0.05,0.15,2610,31.5246,1.22721,0.344
5243,400,2,2,30,0,0,0,1,105.745,0.05,0.15,2610,31.5246,0.7837,0.344
5244,400,4,4,28,0,0,0,1,115.566,0.05,0.15,2610,31.5246,0.8657,0.344
5245,400,4,4,38,0,0,1,1,114.11,0.05,0.15,2610,31.5246,0.93464,0.344
5246,400,1,1,23,0,0,1,1,84.652,0.05,0.15,2610,31.5246,0.86305,0.344
5247,400,4,4,29,0,0,0,1,98.851,0.05,0.15,2610,31.5246,0.79068,0.344
5248,185,3,3,35,0,1,1,0,36.037,0.05,0.15,2611,31.5246,1.83808,0.34393
5249,400,2,2,22,0,0,1,1,85.636,0.05,0.15,2611,31.5246,0.95664,0.34393
5250,400,8,3,29,1,0,1,1,126.529,0.05,0.15,2611,31.5246,0.94778,0.34393
5251,400,2,2,43,0,0,0,1,99.58,0.05,0.15,2611,31.5246,0.98714,0.34393
5252,400,4,4,30,0,0,0,1,111.322,0.05,0.15,2611,31.5246,0.66729,0.34393
5253,400,6,6,39,0,0,0,1,123.907,0.05,0.15,2611,31.5246,1.03116,0.34399
5254,400,10,5,35,1,0,0,1,130.259,0.05,0.15,2611,31.5246,0.92095,0.34399
5255,400,5,5,27,0,0,0,1,107.793,0.05,0.15,2611,31.5246,0.89972,0.34399
5256,400,9,4,27,1,0,0,1,117.019,0.05,0.15,2611,31.5246,0.98525,0.34399
5257,400,2,2,38,0,0,0,1,104.924,0.05,0.15,2611,31.5246,1.07639,0.34399
5258,400,8,3,33,1,0,0,1,138.25,0.05,0.15,2611,31.5246,0.93374,0.34399
5259,400,11,6,80,1,0,0,1,181.436,0.05,0.15,2611,31.5246,1.3921,0.34399
5260,88,0,0,30,0,1,1,0,6.716,0.05,0.15,2611,31.5246,2.56043,0.34399
5261,400,4,4,47,0,0,0,1,119.494,0.05,0.15,2611,31.5246,1.38985,0.34399
5262,64,5,0,11,1,1,0,0,-7.42,0.05,0.15,2611,31.5246,2.45006,0.34399
5263,400,9,4,47,1,0,0,1,132.541,0.05,0.15,2611,31.5246,1.12147,0.34399
5264,96,0,0,21,0,1,1,0,-1.762,0.05,0.15,2611,31.5246,1.98992,0.34399
5265,400,5,5,26,0,0,0,1,101.24,0.05,0.15,2611,31.5246,0.92534,0.34399
5266,400,14,4,44,2,0,0,1,138.053,0.05,0.15,2611,31.5246,1.29686,0.34399
5267,400,12,7,45,1,0,0,1,144.796,0.05,0.15,2611,31.5246,1.01135,0.34399
5268,400,8,3,51,1,0,0,1,125.282,0.05,0.15,2611,31.5246,1.15875,0.34399
5269,400,11,1,21,2,0,0,1,111.303,0.05,0.15,2611,31.5246,1.09802,0.34399
5270,334,4,4,18,0,0,2,0,60.119,0.05,0.15,2611,31.5246,1.09013,0.34399
5271,400,13,3,57,2,0,0,1,139.653,0.05,0.15,2611,31.5246,1.12513,0.34399
5272,400,10,5,49,1,0,0,1,121.487,0.05,0.15,2611,31.5246,0.98293,0.34399
5273,400,3,3,46,0,0,0,1,111.144,0.05,0.15,2611,31.5246,0.71442,0.34399
5274,224,2,2,24,0,1,1,0,26.794,0.05,0.15,2611,31.5246,1.35374,0.34399
5275,400,1,1,28,0,0,0,1,89.027,0.05,0.15,2611,31.5246,1.15201,0.34399
5276,400,9,4,35,1,0,0,1,113.86,0.05,0.15,2611,31.5246,0.97728,0.34399
5277,400,1,1,33,0,0,0,1,90.077,0.05,0.15,2611,31.5246,0.74956,0.34399
5278,400,7,2,37,1,0,1,1,99.453,0.05,0.15,2611,31.5246,1.08882,0.34399
5279,295,10,5,43,1,0,1,1,112.554,0.05,0.15,2611,31.5246,1.6546,0.34399
5280,400,3,3,35,0,0,1,1,105.926,0.05,0.15,2611,31.5246,1.07339,0.34399
5281,400,4,4,48,0,0,0,1,104.882,0.05,0.15,2611,31.5246,1.01427,0.34399
5282,400,4,4,51,0,0,0,1,114.599,0.05,0.15,2611,31.5246,0.98334,0.34399
5283,400,10,5,52,1,0,0,1,137.343,0.05,0.15,2611,31.5246,1.27079,0.34399
5284,169,5,5,43,0,1,1,0,51.388,0.05,0.15,2611,31.5246,2.01262,0.34399
5285,400,5,5,72,0,0,0,1,102.704,0.05,0.15,2612,31.5246,1.19346,0.34393
5286,207,4,4,57,0,1,0,0,35.772,0.05,0.15,2612,31.5246,2.01865,0.34399
5287,400,9,4,54,1,0,0,1,113.522,0.05,0.15,2612,31.5246,1.13396,0.34399
5288,400,4,4,38,0,0,0,1,100.678,0.05,0.15,2613,31.5246,1.01005,0.34392
5289,400,2,2,27,0,0,0,1,93.134,0.05,0.15,2614,31.5246,0.95149,0.34385
5290,400,6,6,48,0,0,0,1,114.1,0.05,0.15,2614,31.5246,1.15813,0.34385
5291,400,3,3,48,0,0,0,1,112.971,0.05,0.15,2614,31.5246,0.67672,0.34385
5292,400,4,4,73,0,0,0,1,111.144,0.05,0.15,2614,31.5246,1.19467,0.34385
5293,121,7,2,40,1,1,0,0,42.712,0.05,0.15,2614,31.5246,1.74762,0.34385
5294,184,6,6,62,0,1,0,0,58.865,0.05,0.15,2614,31.5246,2.13109,0.34385
5295,400,6,6,54,0,0,0,1,133.508,0.05,0.15,2614,31.5246,0.847,0.34385
5296,400,8,3,37,1,0,0,1,100.96,0.05,0.15,2614,31.5246,1.14248,0.34385
5297,64,0,0,14,0,1,1,0,-19.142,0.05,0.15,2614,31.5246,1.86658,0.34385
5298,38,0,0,10,0,1,0,0,-25.637,0.05,0.15,2614,31.5246,4.24046,0.34385
5299,53,2,2,13,0,1,1,0,-5.889,0.05,0.15,2614,31.5246,3.39629,0.34385
5300,400,9,4,36,1,0,0,1,123.385,0.05,0.15,2614,31.5246,1.2356,0.34385
5301,400,6,1,14,1,0,0,1,87.566,0.05,0.15,2614,31.5246,0.89421,0.34385
5302,400,1,1,33,0,0,0,1,94.97,0.05,0.15,2614,31.5246,1.18616,0.34385
5303,400,4,4,52,0,0,1,1,110.241,0.05,0.15,2614,31.5246,1.37675,0.34392
5304,400,4,4,40,0,0,1,1,66.797,0.05,0.15,2614,31.5246,1.09493,0.34392
5305,400,7,2,45,1,0,1,1,124.711,0.05,0.15,2614,31.5246,1.06787,0.34392
5306,400,2,2,38,0,0,0,1,100.513,0.05,0.15,2614,31.5246,1.09976,0.34392
5307,400,5,5,54,0,0,0,1,104.89,0.05,0.15,2614,31.5246,1.02454,0.34392
5308,400,10,5,63,1,0,0,1,128.496,0.05,0.15,2614,31.5246,1.06519,0.34392
5309,400,10,5,36,1,0,0,1,125.998,0.05,0.15,2615,31.5246,0.9288,0.34385
5310,108,1,1,21,0,1,1,0,0.35,0.05,0.15,2615,31.5246,2.1853,0.34385
5311,400,2,2,31,0,0,0,1,95.231,0.05,0.15,2615,31.5246,0.85997,0.34385
5312,400,5,5,53,0,0,0,1,126.535,0.05,0.15,2615,31.5246,1.05281,0.34385
5313,272,4,4,47,0,1,1,0,63.358,0.05,0.15,2615,31.5246,1.84426,0.34385
5314,400,8,3,54,1,0,0,1,106.422,0.05,0.15,2615,31.5246,1.42786,0.34385
5315,400,8,3,49,1,0,0,1,126.471,0.05,0.15,2615,31.5246,1.36797,0.34391
5316,141,0,0,30,0,1,0,0,-0.206,0.05,0.15,2617,31.5246,1.91382,0.34378
5317,234,5,5,61,0,0,0,1,87.353,0.05,0.15,2617,31.5246,1.28465,0.34378
5318,265,3,3,64,0,0,0,1,104.06,0.05,0.15,2617,31.5246,1.4161,0.34384
5319,400,5,5,58,0,0,0,1,120.156,0.05,0.15,2617,31.5246,1.00598,0.34384
5320,123,1,1,30,0,0,0,0,33.611,0.05,0.15,2617,31.5246,1.57721,0.34384
5321,276,3,3,44,0,1,1,0,44.001,0.05,0.15,2617,31.5246,1.72985,0.34384
5322,94,2,2,24,0,1,1,0,10.676,0.05,0.15,2617,31.5246,2.28393,0.34384
5323,400,3,3,62,0,0,0,1,137.057,0.05,0.15,2617,31.5246,0.89911,0.34384
5324,248,4,4,57,0,1,1,0,68.221,0.05,0.15,2617,31.5246,1.79662,0.34384
5325,214,10,5,43,1,1,1,0,79.592,0.05,0.15,2618,31.5246,2.03882,0.34377
5326,384,13,8,92,1,0,0,1,195.569,0.05,0.15,2619,31.5246,1.52226,0.34371
5327,398,14,9,86,1,0,1,1,199.717,0.05,0.15,2619,31.5246,1.52531,0.34377
5328,400,4,4,61,0,0,0,1,152.588,0.05,0.15,2620,31.5246,1.13875,0.34377
5329,400,2,2,63,0,0,0,1,143.158,0.05,0.15,2620,31.5246,0.91246,0.34377
5330,400,10,5,51,1,0,0,1,153.606,0.05,0.15,2620,31.5246,1.31502,0.34377
5331,400,7,2,57,1,0,1,1,126.169,0.05,0.15,2620,31.5246,1.42663,0.34377
5332,400,4,4,50,0,0,0,1,128.38,0.05,0.15,2620,31.5246,1.14636,0.34377
5333,224,10,5,47,1,0,0,0,100.832,0.05,0.15,2620,31.5246,1.89614,0.34377
5334,400,2,2,28,0,0,0,1,97.867,0.05,0.15,2621,31.5246,1.04795,0.3437
5335,400,4,4,50,0,0,1,1,132.455,0.05,0.15,2621,31.5246,1.13272,0.3437
5336,226,2,2,38,0,1,1,0,40.455,0.05,0.15,2621,31.5246,1.63566,0.3437
5337,63,2,2,18,0,1,0,0,4.449,0.05,0.15,2621,31.5246,2.26136,0.3437
5338,400,2,2,52,0,0,1,1,105.352,0.05,0.15,2621,31.5246,1.07477,0.3437
5339,400,14,4,78,2,0,0,1,144.955,0.05,0.15,2621,31.5246,1.57825,0.3437
5340,400,5,5,41,0,0,0,1,109.482,0.05,0.15,2621,31.5246,1.06283,0.3437
5341,400,5,5,77,0,0,2,1,143.314,0.05,0.15,2621,31.5246,1.48748,0.3437
5342,228,3,3,60,0,0,0,0,82.325,0.05,0.15,2621,31.5246,1.64128,0.3437
5343,400,4,4,57,0,0,1,1,121.804,0.05,0.15,2621,31.5246,0.98146,0.3437
5344,400,13,8,60,1,0,0,1,152.893,0.05,0.15,2621,31.5246,1.19402,0.3437
5345,103,1,1,47,0,1,0,0,19.312,0.05,0.15,2621,31.5246,1.68246,0.3437
5346,400,11,6,97,1,0,0,1,147.821,0.05,0.15,2621,31.5246,1.45377,0.3437
5347,400,5,5,62,0,0,0,1,140.314,0.05,0.15,2621,31.5246,0.84102,0.3437
5348,400,5,5,58,0,0,0,1,132.396,0.05,0.15,2621,31.5246,1.01513,0.3437
5349,400,4,4,63,0,0,0,1,124.957,0.05,0.15,2621,31.5246,0.97526,0.3437
5350,352,17,7,83,2,0,0,1,156.137,0.05,0.15,2621,31.5246,1.56963,0.3437
5351,400,4,4,43,0,0,0,1,96.283,0.05,0.15,2621,31.5246,1.00617,0.3437
5352,63,3,3,22,0,1,0,0,5.119,0.05,0.15,2621,31.5246,2.73508,0.3437
5353,400,8,3,48,1,0,1,1,107.587,0.05,0.15,2622,31.5246,1.41367,0.34363
5354,249,5,5,66,0,0,0,1,127.112,0.05,0.15,2622,31.5246,1.44899,0.34363
5355,116,4,4,37,0,1,0,0,36.906,0.05,0.15,2622,31.5246,1.9224,0.34363
5356,219,6,6,44,0,1,1,0,59.671,0.05,0.15,2622,31.5246,1.80271,0.34363
5357,173,9,4,55,1,1,1,0,64.944,0.05,0.15,2622,31.5246,1.93537,0.34363
5358,400,2,2,55,0,0,0,1,126.64,0.05,0.15,2622,31.5246,0.91031,0.34363
5359,400,8,8,88,0,0,0,1,151.683,0.05,0.15,2622,31.5246,1.52173,0.34363
5360,228,8,3,68,1,0,0,1,128.261,0.05,0.15,2622,31.5246,1.5733,0.34363
5361,400,4,4,43,0,0,0,1,124.598,0.05,0.15,2622,31.5246,1.17955,0.34363
5362,205,6,6,51,0,1,1,0,62.44,0.05,0.15,2622,31.5246,2.00866,0.34363
5363,129,4,4,36,0,0,0,0,57.517,0.05,0.15,2622,31.5246,1.64364,0.34363
5364,400,10,5,63,1,0,0,1,145.84,0.05,0.15,2622,31.5246,1.50755,0.34363
5365,400,9,4,57,1,0,0,1,141.348,0.05,0.15,2622,31.5246,1.42205,0.34369
5366,48,2,2,17,0,0,0,0,20.052,0.05,0.15,2622,31.5246,2.05803,0.34369
5367,156,2,2,29,0,1,1,0,18.639,0.05,0.15,2622,31.5246,1.62337,0.34369
5368,400,7,2,44,1,0,0,1,107.08,0.05,0.15,2622,31.5246,1.58121,0.34369
5369,400,6,1,28,1,0,1,1,63.808,0.05,0.15,2622,31.5246,1.56215,0.34369
5370,400,15,5,51,2,0,0,1,157.922,0.05,0.15,2622,31.5246,1.15379,0.34369
5371,129,1,1,20,0,1,0,0,1.82,0.05,0.15,2622,31.5246,2.19188,0.34369
5372,400,4,4,35,0,0,0,1,126.353,0.05,0.15,2622,31.5246,0.98555,0.34369
5373,158,1,1,24,0,1,0,0,24.827,0.05,0.15,2623,31.5246,1.88494,0.34369
5374,400,1,1,22,0,0,0,1,65.624,0.05,0.15,2623,31.5246,1.15719,0.34369
5375,400,7,7,72,0,0,0,1,137.97,0.05,0.15,2623,31.5246,1.21208,0.34369
5376,400,5,5,35,0,0,1,1,121.416,0.05,0.15,2623,31.5246,0.98522,0.34369
5377,246,1,1,33,0,1,1,0,15.513,0.05,0.15,2623,31.5246,1.57358,0.34369
5378,400,7,7,67,0,0,0,1,126.666,0.05,0.15,2624,31.5246,1.19803,0.34362
5379,400,4,4,53,0,0,0,1,121.278,0.05,0.15,2624,31.5246,1.02755,0.34362
5380,270,0,0,37,0,1,0,0,6.925,0.05,0.15,2626,31.5246,1.78697,0.34355
5381,400,7,2,59,1,0,0,1,114.595,0.05,0.15,2626,31.5246,1.17976,0.34355
5382,400,14,4,55,2,0,0,1,113.892,0.05,0.15,2626,31.5246,1.74594,0.34355
5383,400,2,2,33,0,0,0,1,53.642,0.05,0.15,2626,31.5246,1.20302,0.34355
5384,103,4,4,26,0,1,2,0,10.683,0.05,0.15,2626,31.5246,2.5352,0.34355
5385,240,10,5,48,1,1,1,0,58.727,0.05,0.15,2626,31.5246,1.78061,0.34355
5386,400,3,3,31,0,0,0,1,84.028,0.05,0.15,2626,31.5246,1.06604,0.34355
5387,400,2,2,65,0,0,0,1,115.901,0.05,0.15,2627,31.5246,0.96819,0.34348
5388,400,4,4,77,0,0,1,1,110.16,0.05,0.15,2627,31.5246,1.10822,0.34355
5389,400,2,2,38,0,0,0,1,104.214,0.05,0.15,2628,31.5246,1.00649,0.34348
5390,400,14,4,64,2,0,1,1,148.446,0.05,0.15,2628,31.5246,1.10046,0.34348
5391,400,6,6,48,0,0,0,1,97.462,0.05,0.15,2628,31.5246,1.1872,0.34348
5392,146,0,0,21,0,0,1,0,27.128,0.05,0.15,2628,31.5246,1.11142,0.34348
5393,308,6,1,40,1,0,0,1,87.376,0.05,0.15,2628,31.5246,1.21693,0.34348
5394,400,10,5,47,1,0,0,1,103.848,0.05,0.15,2628,31.5246,1.62055,0.34348
5395,131,2,2,33,0,1,1,0,9.142,0.05,0.15,2628,31.5246,1.82434,0.34348
5396,400,1,1,21,0,0,0,1,87.906,0.05,0.15,2628,31.5246,0.79426,0.34348
5397,242,0,0,27,0,1,0,0,32.866,0.05,0.15,2628,31.5246,1.20819,0.34348
5398,400,1,1,28,0,0,1,1,85.861,0.05,0.15,2628,31.5246,1.20195,0.34348
5399,146,2,2,28,0,0,0,0,42.551,0.05,0.15,2628,31.5246,1.40351,0.34348
5400,199,4,4,25,0,1,0,0,35.586,0.05,0.15,2628,31.5246,1.57057,0.34348
5401,178,4,4,27,0,1,0,0,31.386,0.05,0.15,2628,31.5246,1.72724,0.34348
5402,397,5,5,23,0,0,0,1,94.657,0.05,0.15,2628,31.5246,0.95111,0.34348
5403,400,2,2,34,0,0,1,1,95.709,0.05,0.15,2628,31.5246,0.97241,0.34348
5404,400,5,5,35,0,0,0,1,109.318,0.05,0.15,2628,31.5246,0.85742,0.34348
5405,400,3,3,31,0,0,1,1,107.526,0.05,0.15,2628,31.5246,0.97105,0.34348
5406,400,6,1,47,1,0,0,1,127.099,0.05,0.15,2628,31.5246,1.00622,0.34348
5407,400,9,4,45,1,0,1,1,121.65,0.05,0.15,2628,31.5246,1.1719,0.34348
5408,400,8,8,57,0,0,0,1,140.514,0.05,0.15,2628,31.5246,1.28828,0.34348
5409,400,1,1,19,0,0,0,1,79.242,0.05,0.15,2628,31.5246,0.85407,0.34348
5410,398,3,3,16,0,0,1,1,92.137,0.05,0.15,2628,31.5246,0.88521,0.34348
5411,400,0,0,32,0,0,0,1,103.664,0.05,0.15,2628,31.5246,0.7408,0.34348
5412,400,1,1,28,0,0,0,1,100.871,0.05,0.15,2628,31.5246,0.84747,0.34348
5413,90,0,0,17,0,1,0,0,-0.285,0.05,0.15,2628,31.5246,2.07018,0.34354
5414,199,3,3,49,0,1,0,0,45.566,0.05,0.15,2629,31.5246,1.9066,0.34348
5415,400,10,5,48,1,0,0,1,140.992,0.05,0.15,2629,31.5246,1.01141,0.34348
5416,266,8,3,54,1,0,1,1,106.641,0.05,0.15,2629,31.5246,1.70283,0.34348
5417,171,3,3,35,0,1,1,0,24.644,0.05,0.15,2629,31.5246,2.08792,0.34348
5418,400,8,3,39,1,0,0,1,137.095,0.05,0.15,2629,31.5246,0.93184,0.34348
5419,400,10,5,46,1,0,0,1,148.423,0.05,0.15,2629,31.5246,0.9648,0.34348
5420,92,4,4,31,0,0,1,0,37.38,0.05,0.15,2629,31.5246,1.93293,0.34348
5421,139,1,1,26,0,1,0,0,10.65,0.05,0.15,2629,31.5246,2.18608,0.34348
5422,400,5,0,25,1,0,0,1,120.696,0.05,0.15,2629,31.5246,0.61587,0.34348
5423,400,4,4,46,0,0,0,1,126.093,0.05,0.15,2629,31.5246,0.87277,0.34348
5424,400,9,4,42,1,0,0,1,122.824,0.05,0.15,2629,31.5246,1.43754,0.34348
5425,400,2,2,43,0,0,0,1,101.372,0.05,0.15,2629,31.5246,0.99087,0.34348
5426,400,15,5,70,2,0,0,1,168.417,0.05,0.15,2629,31.5246,1.30118,0.34348
5427,400,8,8,70,0,0,1,1,148.114,0.05,0.15,2629,31.5246,1.36714,0.34348
5428,400,3,3,45,0,0,0,1,122.493,0.05,0.15,2630,31.5246,1.2137,0.34347
5429,400,8,3,49,1,0,0,1,139.308,0.05,0.15,2630,31.5246,1.23542,0.34347
5430,180,3,3,42,0,1,1,0,31.333,0.05,0.15,2630,31.5246,1.73507,0.34347
5431,400,6,6,50,0,0,0,1,145.043,0.05,0.15,2630,31.5246,1.07126,0.34347
5432,400,3,3,46,0,0,0,1,132.127,0.05,0.15,2630,31.5246,0.96149,0.34347
5433,42,0,0,13,0,1,0,0,-16.548,0.05,0.15,2630,31.5246,3.06852,0.34354
5434,245,9,4,53,1,1,1,0,85.139,0.05,0.15,2630,31.5246,1.70287,0.34354
5435,62,1,1,21,0,0,0,0,20.736,0.05,0.15,2630,31.5246,1.91419,0.34354
5436,400,3,3,56,0,0,0,1,121.275,0.05,0.15,2630,31.5246,0.91299,0.34354
5437,385,7,7,68,0,0,0,1,156.514,0.05,0.15,2630,31.5246,1.36856,0.34354
5438,400,5,5,71,0,0,0,1,147.981,0.05,0.15,2630,31.5246,1.24089,0.34354
5439,390,14,9,70,1,0,0,1,182.235,0.05,0.15,2630,31.5246,1.40237,0.34354
5440,180,3,3,62,0,1,1,0,62.063,0.05,0.15,2630,31.5246,1.86009,0.34354
5441,268,8,3,53,1,0,0,0,107.525,0.05,0.15,2630,31.5246,1.55794,0.34354
5442,400,10,5,58,1,0,0,1,158.668,0.05,0.15,2630,31.5246,1.21769,0.3436
5443,400,10,5,54,1,0,1,1,171.821,0.05,0.15,2630,31.5246,1.1107,0.3436
5444,400,13,8,88,1,0,0,1,188.328,0.05,0.15,2630,31.5246,1.43639,0.3436
5445,400,4,4,57,0,0,0,1,151.574,0.05,0.15,2630,31.5246,0.96008,0.3436
5446,400,8,3,41,1,0,1,1,135.522,0.05,0.15,2630,31.5246,1.16043,0.3436
5447,400,6,6,55,0,0,0,1,142.538,0.05,0.15,2630,31.5246,1.03635,0.3436
5448,400,8,3,53,1,0,1,1,145.647,0.05,0.15,2630,31.5246,1.23185,0.34366
5449,400,8,3,31,1,0,0,1,126.747,0.05,0.15,2630,31.5246,1.0003,0.34366
5450,135,4,4,38,0,1,1,0,39.336,0.05,0.15,2630,31.5246,2.01144,0.34366
5451,400,4,4,44,0,0,0,1,96.495,0.05,0.15,2630,31.5246,1.45927,0.34366
5452,400,3,3,49,0,0,0,1,125.528,0.05,0.15,2631,31.5246,0.93478,0.3436
5453,400,4,4,52,0,0,0,1,102.647,0.05,0.15,2631,31.5246,1.07274,0.3436
5454,106,2,2,33,0,1,0,0,9.179,0.05,0.15,2631,31.5246,2.06823,0.3436
5455,400,5,5,50,0,0,0,1,106.957,0.05,0.15,2631,31.5246,1.18446,0.3436
5456,70,2,2,19,0,1,1,0,-0.438,0.05,0.15,2631,31.5246,2.70253,0.3436
5457,400,6,6,50,0,0,1,1,131.563,0.05,0.15,2631,31.5246,1.09501,0.3436
5458,400,2,2,49,0,0,0,1,93.195,0.05,0.15,2631,31.5246,1.32614,0.3436
5459,400,2,2,40,0,0,0,1,97.538,0.05,0.15,2631,31.5246,0.7071,0.3436
5460,400,9,4,46,1,0,0,1,130.144,0.05,0.15,2632,31.5246,0.86171,0.34353
5461,400,2,2,53,0,0,0,1,119.448,0.05,0.15,2632,31.5246,0.71722,0.34353
5462,400,5,5,46,0,0,0,1,120.355,0.05,0.15,2632,31.5246,0.99855,0.34353
5463,303,10,5,36,1,0,1,0,96.399,0.05,0.15,2632,31.5246,1.5677,0.34353
5464,400,9,4,39,1,0,0,1,122.054,0.05,0.15,2633,31.5246,1.29203,0.34346
5465,400,11,6,52,1,0,0,1,112.837,0.05,0.15,2633,31.5246,1.56455,0.34352
5466,226,4,4,43,0,1,2,0,41.052,0.05,0.15,2633,31.5246,1.73684,0.34352
5467,292,6,6,52,0,1,1,0,65.609,0.05,0.15,2633,31.5246,1.9989,0.34352
5468,55,1,1,23,0,1,1,0,-7.788,0.05,0.15,2633,31.5246,2.00788,0.34352
5469,400,8,3,51,1,0,0,1,118.33,0.05,0.15,2633,31.5246,1.29614,0.34352
5470,400,6,6,64,0,0,0,1,109.2,0.05,0.15,2633,31.5246,1.514,0.34352
5471,232,4,4,41,0,1,1,0,41.507,0.05,0.15,2633,31.5246,1.7046,0.34352
5472,400,4,4,44,0,0,1,1,104.204,0.05,0.15,2633,31.5246,1.13169,0.34352
5473,400,4,4,32,0,0,0,1,45.135,0.05,0.15,2633,31.5246,1.39399,0.34359
5474,114,1,1,25,0,1,1,0,6.009,0.05,0.15,2633,31.5246,2.03491,0.34359
5475,400,4,4,31,0,0,0,1,81.149,0.05,0.15,2634,31.5246,1.44571,0.34352
5476,400,2,2,40,0,0,0,1,96.967,0.05,0.15,2634,31.5246,1.5217,0.34352
5477,203,4,4,37,0,1,0,0,25.216,0.05,0.15,2634,31.5246,1.94915,0.34352
5478,400,5,5,27,0,0,0,1,53.841,0.05,0.15,2634,31.5246,1.48141,0.34352
5479,400,4,4,30,0,0,1,1,80.536,0.05,0.15,2634,31.5246,1.14822,0.34352
5480,400,0,0,26,0,0,0,1,37.858,0.05,0.15,2634,31.5246,1.1083,0.34352
5481,400,3,3,34,0,0,0,1,71.397,0.05,0.15,2634,31.5246,1.09739,0.34352
5482,400,5,5,79,0,0,0,1,126.13,0.05,0.15,2634,31.5246,1.22473,0.34352
5483,93,0,0,14,0,1,1,0,-11.377,0.05,0.15,2634,31.5246,2.26433,0.34352
5484,60,1,1,14,0,1,0,0,-8.693,0.05,0.15,2635,31.5246,2.57094,0.34345
5485,400,5,5,43,0,0,0,1,85.981,0.05,0.15,2635,31.5246,1.29722,0.34352
5486,400,3,3,20,0,0,0,1,63.122,0.05,0.15,2635,31.5246,0.83445,0.34358
5487,400,8,3,35,1,0,0,1,84.131,0.05,0.15,2635,31.5246,1.36654,0.34358
5488,400,4,4,27,0,0,0,1,80.592,0.05,0.15,2635,31.5246,1.30847,0.34358
5489,103,2,2,22,0,0,0,0,37.503,0.05,0.15,2635,31.5246,1.83944,0.34358
5490,160,5,5,30,0,1,1,0,28.35,0.05,0.15,2635,31.5246,1.86277,0.34358
5491,400,6,1,22,1,0,0,1,78.233,0.05,0.15,2635,31.5246,1.25783,0.34358
5492,400,3,3,43,0,0,0,1,108.011,0.05,0.15,2635,31.5246,1.22353,0.34358
5493,400,10,5,43,1,0,0,1,78.043,0.05,0.15,2635,31.5246,1.44951,0.34358
5494,400,4,4,30,0,0,2,1,88.002,0.05,0.15,2636,31.5246,1.20502,0.34351
5495,156,2,2,36,0,1,1,0,28.571,0.05,0.15,2636,31.5246,1.66309,0.34351
5496,258,3,3,38,0,1,2,0,52.437,0.05,0.15,2636,31.5246,1.78829,0.34351
5497,243,3,3,35,0,0,0,0,60.289,0.05,0.15,2636,31.5246,1.43889,0.34351
5498,400,7,2,48,1,0,0,1,125.751,0.05,0.15,2636,31.5246,1.3004,0.34351
5499,400,2,2,35,0,0,0,1,79.722,0.05,0.15,2636,31.5246,1.31132,0.34358
5500,400,5,5,44,0,0,0,1,121.667,0.05,0.15,2636,31.5246,1.22975,0.34358
5501,175,2,2,33,0,1,0,0,34.917,0.05,0.15,2636,31.5246,1.56558,0.34358
5502,400,3,3,41,0,0,0,1,110.069,0.05,0.15,2636,31.5246,0.98659,0.34358
5503,289,3,3,31,0,1,1,0,41.652,0.05,0.15,2636,31.5246,1.39652,0.34358
5504,140,1,1,22,0,0,2,0,33.382,0.05,0.15,2637,31.5246,1.3788,0.34351
5505,400,3,3,33,0,0,0,1,113.838,0.05,0.15,2637,31.5246,0.98355,0.34351
5506,400,7,7,33,0,0,0,1,72.494,0.05,0.15,2637,31.5246,1.40712,0.34351
5507,159,1,1,31,0,1,2,0,19.929,0.05,0.15,2637,31.5246,1.85385,0.34357
5508,400,4,4,54,0,0,1,1,119.929,0.05,0.15,2637,31.5246,1.38245,0.34357
5509,400,8,3,29,1,0,0,1,115.624,0.05,0.15,2637,31.5246,1.28832,0.34357
5510,400,9,4,53,1,0,0,1,135.202,0.05,0.15,2637,31.5246,1.31155,0.34357
5511,400,11,6,48,1,0,0,1,134.88,0.05,0.15,2637,31.5246,1.42321,0.34364
5512,400,2,2,40,0,0,0,1,70.992,0.05,0.15,2639,31.5246,1.17412,0.3435
5513,153,0,0,30,0,1,0,0,15.459,0.05,0.15,2639,31.5246,1.70804,0.3435
5514,69,0,0,17,0,1,1,0,-8.604,0.05,0.15,2639,31.5246,1.82054,0.3435
5515,400,3,3,39,0,0,0,1,98.441,0.05,0.15,2640,31.5246,1.33586,0.34343
5516,85,1,1,15,0,1,0,0,0.426,0.05,0.15,2640,31.5246,1.92349,0.34343
5517,400,3,3,39,0,0,0,1,109.435,0.05,0.15,2640,31.5246,1.20523,0.34343
5518,106,0,0,23,0,1,1,0,-1.147,0.05,0.15,2640,31.5246,1.82506,0.34343
5519,400,7,2,30,1,0,0,1,112.332,0.05,0.15,2640,31.5246,1.0736,0.34343
5520,88,0,0,11,0,1,0,0,-10.895,0.05,0.15,2640,31.5246,1.7407,0.3435
5521,400,8,3,50,1,0,0,1,126.226,0.05,0.15,2640,31.5246,1.18503,0.3435
5522,400,8,3,57,1,0,1,1,122.347,0.05,0.15,2640,31.5246,1.49106,0.3435
5523,400,3,3,41,0,0,0,1,100.763,0.05,0.15,2640,31.5246,1.00915,0.3435
5524,400,5,5,56,0,0,0,1,117.804,0.05,0.15,2640,31.5246,1.17674,0.3435
5525,314,8,3,46,1,0,0,1,101.986,0.05,0.15,2640,31.5246,1.64617,0.3435
5526,400,4,4,39,0,0,0,1,104.706,0.05,0.15,2640,31.5246,1.1039,0.3435
5527,400,3,3,45,0,0,0,1,122.431,0.05,0.15,2640,31.5246,0.89456,0.3435
5528,400,8,8,83,0,0,0,1,126.791,0.05,0.15,2640,31.5246,1.4556,0.3435
5529,400,2,2,37,0,0,0,1,102.106,0.05,0.15,2640,31.5246,0.90872,0.3435
5530,180,5,5,36,0,1,1,0,35.614,0.05,0.15,2640,31.5246,1.72292,0.3435
5531,400,18,8,73,2,0,0,1,153.235,0.05,0.15,2640,31.5246,1.65664,0.3435
5532,400,2,2,50,0,0,0,1,98.82,0.05,0.15,2640,31.5246,1.08858,0.3435
5533,34,0,0,6,0,1,0,0,-21.037,0.05,0.15,2640,31.5246,2.97774,0.34356
5534,400,7,7,43,0,0,0,1,124.325,0.05,0.15,2640,31.5246,1.00969,0.34356
5535,400,5,5,47,0,0,0,1,131.543,0.05,0.15,2640,31.5246,0.98073,0.34356
5536,400,4,4,44,0,0,1,1,116.605,0.05,0.15,2640,31.5246,1.00187,0.34356
5537,400,5,5,59,0,0,0,1,144.191,0.05,0.15,2640,31.5246,1.03379,0.34356
5538,163,2,2,23,0,1,0,0,19.499,0.05,0.15,2640,31.5246,1.64081,0.34356
5539,400,14,4,58,2,0,0,1,94.398,0.05,0.15,2640,31.5246,1.93713,0.34362
5540,400,9,4,39,1,0,0,1,113.949,0.05,0.15,2640,31.5246,1.37413,0.34362
5541,400,2,2,43,0,0,0,1,62.131,0.05,0.15,2640,31.5246,1.31068,0.34362
5542,400,9,4,70,1,0,0,1,116.204,0.05,0.15,2640,31.5246,1.51818,0.34362
5543,76,0,0,21,0,1,1,0,-9.051,0.05,0.15,2640,31.5246,2.34715,0.34362
5544,400,14,9,89,1,0,0,1,155.647,0.05,0.15,2640,31.5246,1.59787,0.34362
5545,400,7,2,42,1,0,0,1,115.423,0.05,0.15,2640,31.5246,1.20287,0.34362
5546,400,2,2,47,0,0,1,1,92.695,0.05,0.15,2640,31.5246,0.99274,0.34362
5547,400,2,2,23,0,0,0,1,60.692,0.05,0.15,2640,31.5246,1.16408,0.34362
5548,175,4,4,36,0,1,1,0,31.496,0.05,0.15,2640,31.5246,2.26182,0.34362
5549,202,5,5,43,0,1,2,0,30.944,0.05,0.15,2640,31.5246,1.68446,0.34362
5550,400,4,4,40,0,0,0,1,103.558,0.05,0.15,2641,31.5246,1.2361,0.34356
5551,400,5,5,35,0,0,0,1,92.922,0.05,0.15,2641,31.5246,1.2506,0.34356
5552,211,2,2,33,0,0,0,0,36.691,0.05,0.15,2641,31.5246,1.56098,0.34356
5553,400,3,3,65,0,0,0,1,69.953,0.05,0.15,2641,31.5246,1.4172,0.34356
5554,400,10,5,39,1,0,0,1,107.703,0.05,0.15,2641,31.5246,1.32063,0.34356
5555,314,5,5,63,0,0,1,1,92.827,0.05,0.15,2641,31.5246,1.56077,0.34356
5556,400,3,3,37,0,0,0,1,82.952,0.05,0.15,2641,31.5246,1.24689,0.34356
5557,225,2,2,58,0,1,0,0,29.575,0.05,0.15,2641,31.5246,1.97179,0.34356
5558,400,8,3,28,1,0,0,1,96.111,0.05,0.15,2641,31.5246,1.11756,0.34356
5559,400,7,7,91,0,0,0,1,126.374,0.05,0.15,2641,31.5246,1.4512,0.34356
5560,400,3,3,63,0,0,0,1,128.001,0.05,0.15,2641,31.5246,1.57723,0.34356
5561,400,3,3,53,0,0,0,1,119.524,0.05,0.15,2641,31.5246,1.29384,0.34356
5562,400,7,2,31,1,0,0,1,92.152,0.05,0.15,2641,31.5246,1.41666,0.34356
5563,400,10,5,35,1,0,0,1,83.585,0.05,0.15,2641,31.5246,1.34905,0.34356
5564,64,3,3,16,0,0,0,0,10.995,0.05,0.15,2641,31.5246,2.42159,0.34356
5565,400,2,2,43,0,0,1,1,59.248,0.05,0.15,2641,31.5246,1.18088,0.34356
5566,313,9,4,52,1,0,0,1,91.604,0.05,0.15,2641,31.5246,1.57022,0.34356
5567,268,3,3,50,0,1,1,0,30.457,0.05,0.15,2641,31.5246,1.69501,0.34356
5568,178,2,2,29,0,0,0,0,46.53,0.05,0.15,2641,31.5246,1.47422,0.34356
5569,400,7,7,46,0,0,1,1,129.658,0.05,0.15,2641,31.5246,1.47601,0.34356
5570,400,5,5,47,0,0,0,1,130.61,0.05,0.15,2641,31.5246,1.08263,0.34356
5571,148,8,3,36,1,1,1,0,46.697,0.05,0.15,2641,31.5246,2.26212,0.34356
5572,400,3,3,53,0,0,0,1,127.029,0.05,0.15,2641,31.5246,1.1786,0.34356
5573,400,4,4,41,0,0,0,1,124.863,0.05,0.15,2641,31.5246,0.90678,0.34356
5574,400,4,4,41,0,0,0,1,128.145,0.05,0.15,2642,31.5246,0.97744,0.34349
5575,110,3,3,34,0,1,0,0,27.572,0.05,0.15,2642,31.5246,2.3799,0.34349
5576,400,5,5,49,0,0,0,1,125.956,0.05,0.15,2642,31.5246,1.12906,0.34349
5577,155,0,0,22,0,1,0,0,14.168,0.05,0.15,2642,31.5246,1.83715,0.34349
5578,400,12,7,56,1,0,0,1,160.021,0.05,0.15,2642,31.5246,1.28324,0.34349
5579,400,14,4,48,2,0,0,1,139.749,0.05,0.15,2643,31.5246,1.74197,0.34342
5580,400,9,4,45,1,0,0,1,131.458,0.05,0.15,2643,31.5246,1.31762,0.34342
5581,400,2,2,25,0,0,0,1,93.003,0.05,0.15,2643,31.5246,1.04743,0.34342
5582,400,6,1,19,1,0,0,1,102.149,0.05,0.15,2643,31.5246,1.07864,0.34342
5583,400,16,6,56,2,0,0,1,159.792,0.05,0.15,2643,31.5246,1.54583,0.34342
5584,400,10,5,64,1,0,1,1,159.618,0.05,0.15,2643,31.5246,1.33963,0.34342
5585,173,3,3,44,0,1,2,0,34.479,0.05,0.15,2643,31.5246,2.17943,0.34342
5586,400,10,5,56,1,0,0,1,133.978,0.05,0.15,2643,31.5246,1.56031,0.34342
5587,400,5,0,32,1,0,0,1,112.658,0.05,0.15,2643,31.5246,0.98439,0.34342
5588,400,4,4,47,0,0,0,1,137.46,0.05,0.15,2644,31.5246,1.02544,0.34336
5589,400,4,4,43,0,0,1,1,114.745,0.05,0.15,2644,31.5246,1.04957,0.34336
5590,400,5,5,55,0,0,0,1,135.177,0.05,0.15,2644,31.5246,1.16687,0.34336
5591,320,6,1,36,1,1,0,0,48.465,0.05,0.15,2644,31.5246,1.8399,0.34336
5592,133,2,2,28,0,0,0,0,34.045,0.05,0.15,2644,31.5246,1.57897,0.34336
5593,85,1,1,30,0,1,1,0,0.755,0.05,0.15,2644,31.5246,1.81525,0.34336
5594,161,2,2,31,0,1,1,0,14.749,0.05,0.15,2644,31.5246,1.66804,0.34336
5595,400,9,4,49,1,0,0,1,108.938,0.05,0.15,2644,31.5246,1.32302,0.34336
5596,400,8,3,22,1,0,0,1,99.808,0.05,0.15,2644,31.5246,0.9694,0.34336
5597,400,6,6,60,0,0,0,1,89.409,0.05,0.15,2644,31.5246,1.36409,0.34336
5598,386,13,8,91,1,0,0,1,136.707,0.05,0.15,2644,31.5246,1.43109,0.34336
5599,400,1,1,27,0,0,0,1,70.069,0.05,0.15,2644,31.5246,0.92342,0.34336
5600,350,17,7,56,2,0,0,1,150.387,0.05,0.15,2644,31.5246,1.82489,0.34336
5601,400,6,6,59,0,0,0,1,127.929,0.05,0.15,2644,31.5246,1.12872,0.34336
5602,331,15,5,59,2,0,0,1,123.341,0.05,0.15,2644,31.5246,1.75107,0.34336
5603,73,2,2,33,0,1,0,0,18.466,0.05,0.15,2644,31.5246,2.7276,0.34336
5604,400,4,4,57,0,0,0,1,138.268,0.05,0.15,2644,31.5246,1.19822,0.34336
5605,400,9,4,70,1,0,1,1,150.244,0.05,0.15,2644,31.5246,1.4717,0.34336
5606,400,8,3,56,1,0,0,1,99.371,0.05,0.15,2644,31.5246,1.51123,0.34336
5607,236,3,3,32,0,0,0,0,35.111,0.05,0.15,2644,31.5246,1.55626,0.34336
5608,400,12,7,72,1,0,0,1,105.966,0.05,0.15,2644,31.5246,1.59113,0.34336
5609,283,11,6,51,1,0,0,0,100.456,0.05,0.15,2645,31.5246,1.84835,0.34329
5610,400,9,4,42,1,0,0,1,83.487,0.05,0.15,2645,31.5246,1.59436,0.34329
5611,400,4,4,51,0,0,1,1,104.035,0.05,0.15,2645,31.5246,1.09035,0.34329
5612,400,17,7,80,2,0,2,1,165.272,0.05,0.15,2645,31.5246,1.59578,0.34329
5613,400,4,4,40,0,0,0,1,85.131,0.05,0.15,2645,31.5246,1.20491,0.34329
5614,400,8,3,70,1,0,0,1,134.758,0.05,0.15,2645,31.5246,1.54216,0.34329
5615,287,3,3,48,0,1,0,0,39.15,0.05,0.15,2645,31.5246,1.79767,0.34329
5616,83,2,2,25,0,0,0,0,28.813,0.05,0.15,2645,31.5246,2.17244,0.34329
5617,400,3,3,51,0,0,1,1,118.661,0.05,0.15,2645,31.5246,1.23412,0.34329
5618,400,4,4,53,0,0,0,1,119.54,0.05,0.15,2645,31.5246,1.0293,0.34329
5619,400,5,5,58,0,0,0,1,113.364,0.05,0.15,2645,31.5246,1.13189,0.34329
5620,34,1,1,14,0,1,0,0,-11.734,0.05,0.15,2645,31.5246,4.31999,0.34329
5621,400,11,6,51,1,0,1,1,112.065,0.05,0.15,2645,31.5246,1.47238,0.34329
5622,105,2,2,19,0,1,1,0,6.146,0.05,0.15,2645,31.5246,1.93095,0.34329
5623,400,12,7,55,1,0,0,1,171.663,0.05,0.15,2645,31.5246,0.96466,0.34329
5624,400,4,4,55,0,0,1,1,131.267,0.05,0.15,2645,31.5246,0.98118,0.34329
5625,400,6,6,42,0,0,0,1,141.591,0.05,0.15,2645,31.5246,0.79537,0.34329
5626,361,9,4,65,1,0,0,1,149.506,0.05,0.15,2645,31.5246,1.57916,0.34329
5627,400,6,6,54,0,0,0,1,101.03,0.05,0.15,2645,31.5246,1.43971,0.34329
5628,400,5,5,60,0,0,0,1,101.263,0.05,0.15,2645,31.5246,1.17436,0.34329
5629,400,6,6,42,0,0,1,1,95.172,0.05,0.15,2645,31.5246,1.17086,0.34329
5630,400,5,5,50,0,0,0,1,108.089,0.05,0.15,2645,31.5246,1.08084,0.34329
5631,400,8,3,46,1,0,0,1,112.002,0.05,0.15,2645,31.5246,1.15229,0.34329
5632,400,3,3,43,0,0,0,1,99.175,0.05,0.15,2645,31.5246,0.99503,0.34329
5633,400,9,4,50,1,0,0,1,125.347,0.05,0.15,2645,31.5246,1.17718,0.34329
5634,218,2,2,53,0,0,0,0,43.399,0.05,0.15,2646,31.5246,1.61002,0.34322
5635,400,11,6,70,1,0,1,1,133.971,0.05,0.15,2646,31.5246,1.51232,0.34322
5636,400,16,6,67,2,0,0,1,141.87,0.05,0.15,2646,31.5246,1.49392,0.34322
5637,106,2,2,31,0,1,0,0,3.219,0.05,0.15,2646,31.5246,2.01221,0.34322
5638,400,12,7,81,1,0,0,1,141.717,0.05,0.15,2646,31.5246,1.43331,0.34322
5639,400,4,4,57,0,0,0,1,113.301,0.05,0.15,2646,31.5246,1.03229,0.34322
5640,400,9,4,59,1,0,0,1,133.269,0.05,0.15,2647,31.5246,1.1531,0.34322
5641,400,13,3,69,2,0,0,1,144.694,0.05,0.15,2647,31.5246,1.6206,0.34322
5642,400,5,5,52,0,0,0,1,119.118,0.05,0.15,2648,31.5246,1.17766,0.34315
5643,400,2,2,41,0,0,0,1,93.697,0.05,0.15,2648,31.5246,1.07852,0.34315
5644,225,5,5,46,0,1,1,0,56.455,0.05,0.15,2649,31.5246,1.6076,0.34309
5645,400,1,1,52,0,0,1,1,106.565,0.05,0.15,2649,31.5246,1.10119,0.34309
5646,400,10,5,64,1,0,0,1,123.525,0.05,0.15,2649,31.5246,1.43954,0.34309
5647,400,6,1,58,1,0,0,1,137.123,0.05,0.15,2649,31.5246,1.243,0.34309
5648,400,3,3,57,0,0,0,1,121.491,0.05,0.15,2649,31.5246,0.9348,0.34309
5649,400,5,5,54,0,0,0,1,130.312,0.05,0.15,2649,31.5246,1.07347,0.34309
5650,400,11,6,43,1,0,0,1,138.493,0.05,0.15,2649,31.5246,1.06913,0.34309
5651,400,9,4,57,1,0,0,1,129.641,0.05,0.15,2649,31.5246,1.20726,0.34309
5652,98,3,3,33,0,1,0,0,18.743,0.05,0.15,2649,31.5246,1.71854,0.34309
5653,400,6,6,53,0,0,0,1,127.93,0.05,0.15,2649,31.5246,1.05086,0.34309
5654,400,3,3,52,0,0,0,1,113.85,0.05,0.15,2649,31.5246,1.04434,0.34309
5655,281,2,2,42,0,1,0,0,40.28,0.05,0.15,2649,31.5246,1.30833,0.34309
5656,400,4,4,57,0,0,1,1,126.067,0.05,0.15,2649,31.5246,1.24756,0.34309
5657,400,9,4,45,1,0,0,1,118.729,0.05,0.15,2649,31.5246,1.59225,0.34309
5658,222,2,2,48,0,1,1,0,38.056,0.05,0.15,2649,31.5246,1.47005,0.34309
5659,299,3,3,47,0,1,1,0,48.973,0.05,0.15,2649,31.5246,1.74708,0.34315
5660,205,4,4,52,0,1,1,0,41.675,0.05,0.15,2649,31.5246,1.80439,0.34321
5661,400,11,6,74,1,0,0,1,127.332,0.05,0.15,2649,31.5246,1.54405,0.34321
5662,400,10,5,65,1,0,0,1,138.905,0.05,0.15,2649,31.5246,1.58722,0.34321
5663,400,6,6,63,0,0,0,1,137.157,0.05,0.15,2649,31.5246,1.35808,0.34321
5664,400,8,3,54,1,0,0,1,126.254,0.05,0.15,2649,31.5246,1.24542,0.34321
5665,400,3,3,54,0,0,0,1,118.1,0.05,0.15,2649,31.5246,1.04406,0.34321
5666,255,7,7,62,0,0,0,1,127.271,0.05,0.15,2649,31.5246,1.64171,0.34321
5667,400,10,5,82,1,0,0,1,167.192,0.05,0.15,2649,31.5246,1.56076,0.34321
5668,400,10,5,60,1,0,1,1,167.893,0.05,0.15,2649,31.5246,1.12594,0.34321
5669,400,11,6,54,1,0,0,1,172.123,0.05,0.15,2649,31.5246,1.18751,0.34321
5670,400,1,1,63,0,0,0,1,129.054,0.05,0.15,2649,31.5246,1.18674,0.34321
5671,89,1,1,18,0,1,1,0,7.939,0.05,0.15,2649,31.5246,2.2609,0.34321
5672,400,9,4,58,1,0,0,1,161.859,0.05,0.15,2649,31.5246,1.06164,0.34321
5673,237,6,6,69,0,1,1,0,87.4,0.05,0.15,2649,31.5246,2.04775,0.34321
5674,400,3,3,36,0,0,1,1,104.535,0.05,0.15,2650,31.5246,1.30571,0.34314
5675,400,8,3,51,1,0,0,1,137.877,0.05,0.15,2650,31.5246,1.31119,0.34314
5676,400,3,3,47,0,0,0,1,129.163,0.05,0.15,2650,31.5246,1.08129,0.34314
5677,145,5,0,38,1,1,0,0,43.103,0.05,0.15,2650,31.5246,1.98083,0.34314
5678,95,2,2,31,0,0,0,0,35.229,0.05,0.15,2650,31.5246,1.78564,0.34314
5679,400,4,4,45,0,0,0,1,136.428,0.05,0.15,2650,31.5246,0.8666,0.34314
5680,400,14,9,95,1,0,0,1,191.5,0.05,0.15,2650,31.5246,1.53017,0.34314
5681,400,9,4,64,1,0,0,1,162.056,0.05,0.15,2650,31.5246,1.29678,0.34314
5682,400,14,9,77,1,0,0,1,174.282,0.05,0.15,2650,31.5246,1.64186,0.34314
5683,400,15,5,67,2,0,0,1,165.219,0.05,0.15,2650,31.5246,1.60283,0.34314
5684,96,0,0,26,0,1,0,0,11.444,0.05,0.15,2650,31.5246,1.99255,0.34314
5685,400,2,2,43,0,0,0,1,104.898,0.05,0.15,2650,31.5246,1.17966,0.34314
5686,400,8,3,62,1,0,0,1,109.045,0.05,0.15,2650,31.5246,1.69136,0.34314
5687,400,14,4,57,2,0,1,1,101.163,0.05,0.15,2650,31.5246,1.78706,0.34314
5688,183,5,5,50,0,1,1,0,33.236,0.05,0.15,2650,31.5246,2.01704,0.34314
5689,69,0,0,21,0,1,0,0,-7.24,0.05,0.15,2650,31.5246,2.01663,0.34314
5690,400,7,2,53,1,0,2,1,113.244,0.05,0.15,2650,31.5246,1.34204,0.34314
5691,400,4,4,43,0,0,0,1,97.574,0.05,0.15,2651,31.5246,1.14961,0.34308
5692,400,9,4,53,1,0,0,1,114.248,0.05,0.15,2651,31.5246,1.40162,0.34308
5693,400,6,6,50,0,0,0,1,100.157,0.05,0.15,2651,31.5246,1.28853,0.34308
5694,400,12,7,73,1,0,0,1,148.318,0.05,0.15,2651,31.5246,1.39818,0.34308
5695,400,8,3,53,1,0,0,1,137.445,0.05,0.15,2652,31.5246,1.11743,0.34301
5696,400,11,6,55,1,0,0,1,152.448,0.05,0.15,2652,31.5246,1.24281,0.34301
5697,400,7,2,56,1,0,0,1,128.889,0.05,0.15,2652,31.5246,1.24486,0.34301
5698,400,3,3,56,0,0,0,1,121.977,0.05,0.15,2652,31.5246,1.01255,0.34301
5699,183,3,3,40,0,1,1,0,35.099,0.05,0.15,2652,31.5246,2.175,0.34301
5700,400,8,8,61,0,0,0,1,113.426,0.05,0.15,2653,31.5246,1.51042,0.34295
5701,400,3,3,60,0,0,2,1,113.429,0.05,0.15,2653,31.5246,1.02579,0.34295
5702,400,8,8,72,0,0,0,1,139.709,0.05,0.15,2653,31.5246,1.27508,0.34301
5703,400,5,5,57,0,0,0,1,153.08,0.05,0.15,2653,31.5246,1.12327,0.34301
5704,98,2,2,36,0,1,1,0,24.946,0.05,0.15,2654,31.5246,2.73481,0.34294
5705,231,7,2,42,1,1,1,0,56.761,0.05,0.15,2654,31.5246,2.28225,0.34294
5706,400,9,4,49,1,0,0,1,130.08,0.05,0.15,2654,31.5246,1.37365,0.34294
5707,254,2,2,41,0,1,0,0,26.757,0.05,0.15,2654,31.5246,1.88323,0.34294
5708,400,9,4,35,1,0,1,1,113.182,0.05,0.15,2654,31.5246,1.43762,0.34294
5709,238,8,3,34,1,1,1,0,44.89,0.05,0.15,2655,31.5246,1.95812,0.34294
5710,400,4,4,57,0,0,2,1,93.977,0.05,0.15,2655,31.5246,1.64631,0.34294
5711,400,8,3,64,1,0,1,1,144.704,0.05,0.15,2655,31.5246,1.0822,0.34294
5712,400,4,4,53,0,0,1,1,89.597,0.05,0.15,2655,31.5246,1.32149,0.34294
5713,400,5,5,53,0,0,1,1,131.774,0.05,0.15,2655,31.5246,1.07232,0.34294
5714,400,2,2,45,0,0,0,1,120.471,0.05,0.15,2656,31.5246,1.06455,0.34287
5715,400,8,3,43,1,0,0,1,138.44,0.05,0.15,2657,31.5246,1.35308,0.34281
5716,400,4,4,33,0,0,0,1,123.324,0.05,0.15,2657,31.5246,1.1259,0.34281
5717,400,6,1,48,1,0,0,1,132.236,0.05,0.15,2659,31.5246,1.14537,0.34267
5718,400,3,3,54,0,0,0,1,140.221,0.05,0.15,2659,31.5246,1.14101,0.34267
5719,119,1,1,23,0,1,2,0,9.148,0.05,0.15,2659,31.5246,2.25796,0.34267
5720,400,5,5,57,0,0,0,1,110.432,0.05,0.15,2659,31.5246,1.23352,0.34267
5721,97,2,2,32,0,0,0,0,43.77,0.05,0.15,2659,31.5246,1.96639,0.34267
5722,400,2,2,57,0,0,0,1,113.182,0.05,0.15,2659,31.5246,1.30481,0.34267
5723,262,5,5,53,0,1,1,0,68.048,0.05,0.15,2659,31.5246,1.68357,0.34267
5724,400,4,4,45,0,0,1,1,114.995,0.05,0.15,2659,31.5246,1.15711,0.34267
5725,400,10,5,52,1,0,1,1,160.396,0.05,0.15,2659,31.5246,1.21478,0.34267
5726,400,14,4,48,2,0,0,1,134.479,0.05,0.15,2659,31.5246,1.49458,0.34267
5727,299,9,4,51,1,0,0,1,104.955,0.05,0.15,2659,31.5246,1.8271,0.34267
5728,400,5,5,39,0,0,0,1,99.749,0.05,0.15,2659,31.5246,1.14915,0.34267
5729,400,9,4,52,1,0,0,1,127.588,0.05,0.15,2659,31.5246,1.32281,0.34267
5730,400,5,5,52,0,0,0,1,99.715,0.05,0.15,2660,31.5246,1.24985,0.34261
5731,400,12,7,93,1,0,0,1,138.543,0.05,0.15,2660,31.5246,1.76155,0.34261
5732,400,7,7,91,0,0,0,1,138.307,0.05,0.15,2660,31.5246,1.55605,0.34261
5733,400,2,2,38,0,0,0,1,77.474,0.05,0.15,2660,31.5246,1.19368,0.34261
5734,400,2,2,44,0,0,0,1,93.482,0.05,0.15,2660,31.5246,1.01164,0.34267
5735,400,0,0,29,0,0,0,1,74.665,0.05,0.15,2660,31.5246,1.13089,0.34267
5736,400,11,6,65,1,0,0,1,126.348,0.05,0.15,2660,31.5246,1.35199,0.34267
5737,400,7,7,59,0,0,0,1,128.189,0.05,0.15,2661,31.5246,1.02241,0.3426
5738,132,3,3,39,0,1,0,0,20.389,0.05,0.15,2661,31.5246,2.30296,0.3426
5739,270,3,3,48,0,1,0,0,47.121,0.05,0.15,2661,31.5246,1.69418,0.34267
5740,400,6,6,67,0,0,0,1,118.482,0.05,0.15,2661,31.5246,1.33555,0.34267
5741,317,10,5,46,1,0,0,1,102.564,0.05,0.15,2661,31.5246,1.54741,0.34267
5742,400,11,6,95,1,0,0,1,187.478,0.05,0.15,2661,31.5246,1.66393,0.34267
5743,294,2,2,49,0,0,0,0,84.088,0.05,0.15,2661,31.5246,1.54513,0.34267
5744,240,13,8,62,1,1,3,0,98.196,0.05,0.15,2661,31.5246,1.9858,0.34267
5745,355,8,3,64,1,0,1,1,136.704,0.05,0.15,2661,31.5246,1.70557,0.34273
5746,119,2,2,34,0,1,0,0,22.966,0.05,0.15,2661,31.5246,2.16662,0.34279
5747,400,10,5,60,1,0,0,1,174.314,0.05,0.15,2661,31.5246,1.34161,0.34279
5748,363,4,4,66,0,0,2,1,128.215,0.05,0.15,2661,31.5246,1.6933,0.34279
5749,400,5,5,60,0,0,0,1,136.95,0.05,0.15,2661,31.5246,1.33122,0.34279
5750,400,6,6,57,0,0,0,1,155.118,0.05,0.15,2661,31.5246,1.23404,0.34279
5751,400,11,6,55,1,0,0,1,163.438,0.05,0.15,2661,31.5246,1.13508,0.34279
5752,400,12,7,65,1,0,0,1,181.225,0.05,0.15,2661,31.5246,1.28789,0.34279
5753,400,7,7,70,0,0,0,1,166.718,0.05,0.15,2662,31.5246,1.12182,0.34272
5754,400,3,3,63,0,0,1,1,145.97,0.05,0.15,2662,31.5246,1.18066,0.34272
5755,104,5,5,32,0,1,1,0,34.638,0.05,0.15,2662,31.5246,2.27644,0.34272
5756,400,10,5,54,1,0,0,1,157.784,0.05,0.15,2662,31.5246,1.23795,0.34272
5757,400,15,5,58,2,0,0,1,158.403,0.05,0.15,2662,31.5246,1.60958,0.34285
5758,239,7,2,47,1,1,1,0,71.712,0.05,0.15,2662,31.5246,1.85574,0.34285
5759,400,7,7,62,0,0,0,1,122.119,0.05,0.15,2663,31.5246,1.54809,0.34278
5760,92,3,3,31,0,1,1,0,14.285,0.05,0.15,2663,31.5246,2.13038,0.34278
5761,400,9,4,70,1,0,0,1,150.793,0.05,0.15,2663,31.5246,1.2184,0.34278
5762,400,12,7,88,1,0,0,1,139.228,0.05,0.15,2663,31.5246,1.73067,0.34278
5763,400,8,3,56,1,0,1,1,92.822,0.05,0.15,2663,31.5246,1.7037,0.34278
5764,110,1,1,19,0,0,0,0,25.898,0.05,0.15,2663,31.5246,1.48175,0.34278
5765,400,3,3,49,0,0,0,1,95.927,0.05,0.15,2663,31.5246,0.95026,0.34278
5766,400,8,3,49,1,0,0,1,144.105,0.05,0.15,2663,31.5246,1.28175,0.34278
5767,400,10,5,78,1,0,0,1,159.539,0.05,0.15,2663,31.5246,1.54556,0.34278
5768,224,5,5,46,0,1,0,0,64.89,0.05,0.15,2663,31.5246,1.92621,0.34278
5769,139,6,6,46,0,1,1,0,49.777,0.05,0.15,2663,31.5246,2.3046,0.34278
5770,400,11,6,65,1,0,0,1,160.59,0.05,0.15,2663,31.5246,1.55623,0.34278
5771,400,7,2,46,1,0,0,1,127.576,0.05,0.15,2663,31.5246,1.11125,0.34278
5772,300,3,3,53,0,0,0,1,111.372,0.05,0.15,2663,31.5246,1.30217,0.34278
5773,348,9,4,72,1,0,0,1,159.064,0.05,0.15,2663,31.5246,1.63548,0.34278
5774,400,7,2,51,1,0,0,1,149.814,0.05,0.15,2663,31.5246,1.20182,0.34278
5775,266,9,4,52,1,0,0,1,124.572,0.05,0.15,2663,31.5246,1.72868,0.34278
5776,400,9,4,57,1,0,1,1,144.804,0.05,0.15,2664,31.5246,1.60914,0.34272
5777,400,10,5,54,1,0,0,1,136.247,0.05,0.15,2664,31.5246,1.58269,0.34272
5778,400,8,3,54,1,0,0,1,141.643,0.05,0.15,2664,31.5246,1.21558,0.34272
5779,400,16,6,56,2,0,0,1,150.913,0.05,0.15,2664,31.5246,1.75394,0.34272
5780,400,9,4,45,1,0,0,1,121.453,0.05,0.15,2664,31.5246,1.34002,0.34272
5781,400,10,5,45,1,0,1,1,143.383,0.05,0.15,2664,31.5246,1.30741,0.34278
5782,272,10,5,54,1,0,0,1,117.544,0.05,0.15,2664,31.5246,1.6051,0.34278
5783,400,5,5,57,0,0,0,1,140.29,0.05,0.15,2664,31.5246,1.08397,0.34278
5784,400,3,3,38,0,0,0,1,90.925,0.05,0.15,2664,31.5246,1.32476,0.34278
5785,400,17,7,86,2,0,0,1,184.203,0.05,0.15,2664,31.5246,1.91767,0.34278
5786,400,3,3,56,0,0,0,1,81.406,0.05,0.15,2664,31.5246,1.38611,0.34278
5787,400,5,5,58,0,0,0,1,124.572,0.05,0.15,2664,31.5246,1.08717,0.34278
5788,400,11,6,72,1,0,0,1,146.172,0.05,0.15,2664,31.5246,1.68195,0.34278
5789,400,5,5,45,0,0,0,1,96.99,0.05,0.15,2664,31.5246,1.56037,0.34278
5790,400,4,4,56,0,0,0,1,128.336,0.05,0.15,2664,31.5246,1.39647,0.34278
5791,400,6,1,41,1,0,0,1,106.379,0.05,0.15,2664,31.5246,1.22566,0.34278
5792,123,3,3,47,0,1,1,0,37.89,0.05,0.15,2664,31.5246,2.13132,0.34278
5793,400,6,1,40,1,0,0,1,127.636,0.05,0.15,2664,31.5246,1.22687,0.34278
5794,400,6,6,45,0,0,1,1,114.355,0.05,0.15,2664,31.5246,1.40343,0.34278
5795,135,0,0,25,0,0,0,0,27.049,0.05,0.15,2664,31.5246,1.58397,0.34284
5796,400,11,6,75,1,0,1,1,150.574,0.05,0.15,2664,31.5246,1.62635,0.34284
5797,400,11,6,45,1,0,0,1,144.518,0.05,0.15,2664,31.5246,1.23909,0.34284
5798,400,3,3,48,0,0,0,1,115.854,0.05,0.15,2664,31.5246,1.31071,0.34284
5799,82,0,0,16,0,1,1,0,-4.136,0.05,0.15,2665,31.5246,1.79714,0.34284
5800,400,7,2,30,1,0,0,1,85.051,0.05,0.15,2665,31.5246,1.61052,0.34284
5801,199,1,1,34,0,1,0,0,21.741,0.05,0.15,2665,31.5246,1.95733,0.3429
5802,400,3,3,53,0,0,0,1,102.136,0.05,0.15,2665,31.5246,1.18397,0.3429
5803,400,7,2,51,1,0,0,1,110.566,0.05,0.15,2665,31.5246,1.40392,0.3429
5804,212,2,2,47,0,1,1,0,26.976,0.05,0.15,2665,31.5246,1.92465,0.3429
5805,400,11,6,81,1,0,0,1,128.379,0.05,0.15,2666,31.5246,1.53982,0.34284
5806,400,5,5,59,0,0,0,1,117.513,0.05,0.15,2666,31.5246,1.23769,0.34284
5807,400,9,4,80,1,0,1,1,127.881,0.05,0.15,2666,31.5246,1.39952,0.34284
5808,281,5,5,30,0,1,0,0,51.379,0.05,0.15,2666,31.5246,1.80657,0.34284
5809,400,15,5,55,2,0,0,1,139.557,0.05,0.15,2666,31.5246,1.53853,0.34284
5810,400,4,4,61,0,0,0,1,138.511,0.05,0.15,2666,31.5246,1.46812,0.34284
5811,400,4,4,62,0,0,0,1,151.699,0.05,0.15,2666,31.5246,1.01864,0.34284
5812,330,13,8,87,1,0,0,1,181.934,0.05,0.15,2666,31.5246,1.54082,0.34284
5813,400,6,6,58,0,0,0,1,156.275,0.05,0.15,2666,31.5246,1.05946,0.34284
5814,336,15,5,79,2,0,0,1,181.726,0.05,0.15,2666,31.5246,1.80167,0.34284
5815,400,5,5,57,0,0,0,1,129.661,0.05,0.15,2666,31.5246,1.30542,0.34284
5816,215,3,3,53,0,1,0,0,57.154,0.05,0.15,2666,31.5246,2.01944,0.34284
5817,238,5,5,69,0,0,0,1,124.232,0.05,0.15,2666,31.5246,1.49682,0.34284
5818,400,10,5,57,1,0,1,1,172.662,0.05,0.15,2666,31.5246,1.39131,0.34284
5819,400,6,6,57,0,0,0,1,158.838,0.05,0.15,2666,31.5246,1.09423,0.34284
5820,175,3,3,42,0,1,1,0,50.377,0.05,0.15,2666,31.5246,1.99833,0.34284
5821,68,0,0,26,0,1,1,0,1.929,0.05,0.15,2666,31.5246,2.2253,0.34284
5822,400,5,5,52,0,0,0,1,141.961,0.05,0.15,2666,31.5246,1.13036,0.34284
5823,400,4,4,53,0,0,1,1,124.77,0.05,0.15,2666,31.5246,1.22316,0.34284
5824,246,9,4,67,1,1,1,0,99.726,0.05,0.15,2666,31.5246,1.85526,0.34284
5825,136,3,3,36,0,1,1,0,35.991,0.05,0.15,2666,31.5246,1.88964,0.34284
5826,400,3,3,55,0,0,0,1,118.231,0.05,0.15,2666,31.5246,1.46191,0.34284
5827,400,11,6,58,1,0,0,1,163.328,0.05,0.15,2666,31.5246,1.2991,0.34284
5828,357,12,7,71,1,0,0,1,151.414,0.05,0.15,2666,31.5246,1.53743,0.34284
5829,252,9,4,49,1,0,0,1,118.428,0.05,0.15,2666,31.5246,1.65567,0.34284
5830,400,8,3,34,1,0,0,1,126.408,0.05,0.15,2666,31.5246,1.33153,0.34284
5831,69,0,0,23,0,1,1,0,3.203,0.05,0.15,2666,31.5246,2.13796,0.34284
5832,400,7,2,41,1,0,1,1,140.829,0.05,0.15,2666,31.5246,0.95633,0.34284
5833,400,10,5,61,1,0,0,1,134.727,0.05,0.15,2666,31.5246,1.64882,0.34284
5834,335,12,7,54,1,0,0,1,131.027,0.05,0.15,2666,31.5246,2.01677,0.34284
5835,357,4,4,45,0,0,0,1,69.074,0.05,0.15,2666,31.5246,1.76439,0.3429
5836,400,9,4,56,1,0,0,1,160.414,0.05,0.15,2666,31.5246,1.26482,0.3429
5837,400,10,5,60,1,0,0,1,168.6,0.05,0.15,2666,31.5246,1.22843,0.3429
5838,400,2,2,53,0,0,0,1,130.401,0.05,0.15,2666,31.5246,1.00223,0.3429
5839,400,14,4,76,2,0,1,1,172.228,0.05,0.15,2667,31.5246,1.68527,0.34283
5840,400,14,4,72,2,0,0,1,179.205,0.05,0.15,2667,31.5246,1.52746,0.34283
5841,400,4,4,49,0,0,0,1,129.547,0.05,0.15,2667,31.5246,1.15859,0.34283
5842,400,9,4,62,1,0,1,1,132.255,0.05,0.15,2667,31.5246,1.61356,0.34283
5843,400,9,4,41,1,0,0,1,148.129,0.05,0.15,2667,31.5246,1.1741,0.34283
5844,400,3,3,52,0,0,0,1,124.475,0.05,0.15,2669,31.5246,1.28716,0.3427
5845,361,7,7,70,0,0,0,1,150.356,0.05,0.15,2669,31.5246,1.77441,0.3427
5846,400,10,5,68,1,0,0,1,147.717,0.05,0.15,2669,31.5246,1.49666,0.3427
5847,400,12,7,88,1,0,0,1,177.364,0.05,0.15,2669,31.5246,1.53844,0.3427
5848,400,4,4,61,0,0,0,1,142.147,0.05,0.15,2669,31.5246,1.13242,0.3427
5849,400,3,3,61,0,0,0,1,121.163,0.05,0.15,2669,31.5246,1.36444,0.3427
5850,400,4,4,43,0,0,0,1,126.43,0.05,0.15,2669,31.5246,1.07497,0.3427
5851,91,1,1,27,0,1,1,0,11.783,0.05,0.15,2669,31.5246,2.42564,0.3427
5852,400,7,2,43,1,0,0,1,131.818,0.05,0.15,2669,31.5246,1.07214,0.3427
5853,400,12,7,70,1,0,0,1,183.561,0.05,0.15,2669,31.5246,1.13485,0.3427
5854,400,8,3,54,1,0,0,1,161.365,0.05,0.15,2669,31.5246,1.19678,0.3427
5855,400,4,4,46,0,0,0,1,125.012,0.05,0.15,2669,31.5246,1.11076,0.3427
5856,400,4,4,69,0,0,1,1,155.745,0.05,0.15,2669,31.5246,1.13369,0.3427
5857,400,8,3,65,1,0,0,1,162.256,0.05,0.15,2669,31.5246,1.26748,0.3427
5858,400,10,5,60,1,0,2,1,162.622,0.05,0.15,2670,31.5246,1.27759,0.34263
5859,400,10,5,49,1,0,1,1,129.49,0.05,0.15,2670,31.5246,1.61128,0.34263
5860,400,4,4,40,0,0,0,1,127.083,0.05,0.15,2670,31.5246,1.04564,0.34263
5861,400,6,1,50,1,0,0,1,144.801,0.05,0.15,2670,31.5246,1.0472,0.34263
5862,400,3,3,42,0,0,0,1,97.003,0.05,0.15,2670,31.5246,1.4368,0.34263
5863,400,7,2,53,1,0,0,1,114.916,0.05,0.15,2670,31.5246,1.46951,0.3427
5864,400,8,3,49,1,0,0,1,146.006,0.05,0.15,2670,31.5246,1.06605,0.3427
5865,400,2,2,54,0,0,0,1,88.065,0.05,0.15,2670,31.5246,1.54758,0.3427
5866,400,4,4,64,0,0,0,1,110.588,0.05,0.15,2670,31.5246,1.26588,0.3427
5867,139,3,3,42,0,1,0,0,37.048,0.05,0.15,2670,31.5246,2.38796,0.34276
5868,400,2,2,48,0,0,0,1,80.59,0.05,0.15,2671,31.5246,1.42752,0.34269
5869,400,14,4,46,2,0,0,1,97.79,0.05,0.15,2671,31.5246,1.91317,0.34269
5870,99,1,1,26,0,1,1,0,1.057,0.05,0.15,2671,31.5246,2.28529,0.34269
5871,400,14,4,57,2,0,0,1,118.143,0.05,0.15,2671,31.5246,1.78517,0.34269
5872,219,10,5,55,1,1,0,0,63.491,0.05,0.15,2671,31.5246,2.21754,0.34269
5873,400,5,5,52,0,0,0,1,96.879,0.05,0.15,2671,31.5246,1.21918,0.34269
5874,400,9,4,54,1,0,0,1,120.397,0.05,0.15,2671,31.5246,1.35164,0.34269
5875,400,2,2,40,0,0,0,1,82.072,0.05,0.15,2671,31.5246,1.30294,0.34269
5876,262,9,4,50,1,0,0,0,81.179,0.05,0.15,2671,31.5246,1.84807,0.34269
5877,400,8,3,55,1,0,0,1,130.989,0.05,0.15,2671,31.5246,1.07545,0.34276
5878,400,12,7,56,1,0,0,1,142.238,0.05,0.15,2671,31.5246,1.30734,0.34282
5879,400,4,4,52,0,0,2,1,118.795,0.05,0.15,2671,31.5246,1.15655,0.34282
5880,400,13,3,61,2,0,1,1,136.087,0.05,0.15,2671,31.5246,1.46886,0.34282
5881,400,5,5,60,0,0,0,1,125.27,0.05,0.15,2671,31.5246,1.21939,0.34282
5882,153,10,5,49,1,1,1,0,68.31,0.05,0.15,2671,31.5246,2.09473,0.34282
5883,400,14,4,44,2,0,0,1,145.067,0.05,0.15,2671,31.5246,1.71691,0.34282
5884,400,12,7,105,1,0,0,1,201.496,0.05,0.15,2671,31.5246,1.63529,0.34282
5885,380,16,6,64,2,0,0,1,128.907,0.05,0.15,2671,31.5246,2.0868,0.34282
5886,64,1,1,24,0,1,1,0,-2.277,0.05,0.15,2671,31.5246,2.87714,0.34282
5887,315,13,8,80,1,1,1,0,93.769,0.05,0.15,2671,31.5246,1.74611,0.34288
5888,119,1,1,32,0,1,0,0,10.782,0.05,0.15,2671,31.5246,1.8279,0.34288
5889,349,8,3,54,1,0,0,1,94.65,0.05,0.15,2671,31.5246,1.61607,0.34288
5890,400,6,6,70,0,0,0,1,111.359,0.05,0.15,2671,31.5246,1.15962,0.34288
5891,400,10,5,45,1,0,0,1,119.887,0.05,0.15,2671,31.5246,1.33409,0.34288
5892,104,0,0,19,0,0,0,0,5.859,0.05,0.15,2671,31.5246,1.74498,0.34288
5893,213,6,1,45,1,1,0,0,46.772,0.05,0.15,2671,31.5246,1.50239,0.34288
5894,187,10,5,52,1,1,1,0,57.184,0.05,0.15,2671,31.5246,2.28318,0.34288
5895,98,2,2,37,0,0,0,0,35.53,0.05,0.15,2671,31.5246,1.56833,0.34288
5896,400,5,5,46,0,0,0,1,105.087,0.05,0.15,2671,31.5246,0.93475,0.34288
5897,360,4,4,57,0,0,0,1,77.54,0.05,0.15,2671,31.5246,1.61813,0.34288
5898,400,10,5,53,1,0,0,1,133.226,0.05,0.15,2671,31.5246,1.08143,0.34288
5899,400,12,7,84,1,0,1,1,128.203,0.05,0.15,2671,31.5246,1.47831,0.34288
5900,141,5,5,48,0,1,0,0,44.284,0.05,0.15,2671,31.5246,1.8942,0.34288
5901,345,7,7,80,0,0,0,1,95.011,0.05,0.15,2671,31.5246,1.54618,0.34288
5902,98,3,3,33,0,1,0,0,16.992,0.05,0.15,2671,31.5246,2.08295,0.34288
5903,362,11,6,87,1,0,0,1,119.824,0.05,0.15,2671,31.5246,1.68169,0.34288
5904,400,4,4,63,0,0,0,1,126.961,0.05,0.15,2671,31.5246,0.93667,0.34288
5905,400,6,1,50,1,0,0,1,113.595,0.05,0.15,2671,31.5246,1.02167,0.34288
5906,310,15,5,68,2,0,2,1,124.534,0.05,0.15,2671,31.5246,1.65369,0.34288
5907,400,7,7,61,0,0,0,1,138.108,0.05,0.15,2671,31.5246,0.94784,0.34288
5908,400,4,4,48,0,0,0,1,107.991,0.05,0.15,2671,31.5246,1.03998,0.34288
5909,160,0,0,35,0,1,0,0,14.83,0.05,0.15,2671,31.5246,1.86588,0.34294
5910,400,11,6,91,1,0,0,1,175.831,0.05,0.15,2671,31.5246,1.62304,0.34294
5911,236,4,4,55,0,1,0,0,69.966,0.05,0.15,2671,31.5246,1.76929,0.34294
5912,75,0,0,26,0,1,1,0,-3.463,0.05,0.15,2671,31.5246,2.58019,0.34294
5913,400,3,3,55,0,0,0,1,141.147,0.05,0.15,2671,31.5246,0.8995,0.34294
5914,33,0,0,11,0,1,0,0,-21.126,0.05,0.15,2671,31.5246,3.33635,0.34294
5915,262,9,4,52,1,1,1,0,79.066,0.05,0.15,2671,31.5246,1.74219,0.34294
5916,63,2,2,23,0,1,1,0,7.808,0.05,0.15,2671,31.5246,2.31199,0.34294
5917,400,5,5,77,0,0,0,1,138.257,0.05,0.15,2671,31.5246,1.25635,0.34294
5918,400,4,4,63,0,0,0,1,120.557,0.05,0.15,2671,31.5246,0.95557,0.34294
5919,400,2,2,65,0,0,0,1,122.248,0.05,0.15,2671,31.5246,1.04229,0.34294
5920,309,5,5,68,0,0,0,1,97.985,0.05,0.15,2671,31.5246,1.53751,0.34294
5921,110,4,4,38,0,1,1,0,25.034,0.05,0.15,2671,31.5246,1.86442,0.34301
5922,203,4,4,58,0,1,1,0,52.225,0.05,0.15,2672,31.5246,1.61322,0.34294
5923,400,3,3,61,0,0,0,1,142.346,0.05,0.15,2672,31.5246,0.96154,0.34294
5924,400,4,4,80,0,0,0,1,141.413,0.05,0.15,2672,31.5246,1.12103,0.34294
5925,159,5,5,57,0,1,1,0,56.58,0.05,0.15,2673,31.5246,1.67075,0.34287
5926,400,9,4,62,1,0,0,1,128.552,0.05,0.15,2673,31.5246,1.25432,0.34287
5927,112,1,1,21,0,0,0,0,21.25,0.05,0.15,2673,31.5246,0.92815,0.34287
5928,244,4,4,43,0,1,0,0,46.879,0.05,0.15,2673,31.5246,1.23867,0.34287
5929,400,6,6,55,0,0,0,1,122.289,0.05,0.15,2673,31.5246,0.75376,0.34294
5930,400,8,3,46,1,0,0,1,126.998,0.05,0.15,2673,31.5246,0.89643,0.34294
5931,400,8,3,48,1,0,0,1,119.881,0.05,0.15,2673,31.5246,1.06464,0.34294
5932,400,4,4,48,0,0,0,1,115.202,0.05,0.15,2673,31.5246,0.89392,0.34294
5933,400,6,6,41,0,0,0,1,123.655,0.05,0.15,2673,31.5246,0.68978,0.34294
5934,400,5,5,56,0,0,0,1,135.905,0.05,0.15,2673,31.5246,0.85994,0.34294
5935,90,1,1,21,0,1,2,0,1.797,0.05,0.15,2673,31.5246,2.12429,0.34294
5936,67,0,0,22,0,0,0,0,15.841,0.05,0.15,2673,31.5246,1.69625,0.34294
5937,400,3,3,45,0,0,0,1,128.316,0.05,0.15,2673,31.5246,0.74806,0.34294
5938,109,2,2,33,0,0,0,0,29.515,0.05,0.15,2673,31.5246,1.78006,0.34294
5939,400,5,5,37,0,0,1,1,117.83,0.05,0.15,2673,31.5246,0.9024,0.34294
5940,400,6,6,68,0,0,0,1,143.14,0.05,0.15,2673,31.5246,1.1888,0.34294
5941,400,6,6,44,0,0,0,1,123.15,0.05,0.15,2673,31.5246,0.92417,0.34294
5942,400,11,6,64,1,0,0,1,163.789,0.05,0.15,2673,31.5246,1.00167,0.34294
5943,400,4,4,44,0,0,0,1,119.378,0.05,0.15,2673,31.5246,0.71511,0.34294
5944,400,3,3,51,0,0,0,1,120.372,0.05,0.15,2673,31.5246,0.73895,0.34294
5945,400,11,6,56,1,0,0,1,152.585,0.05,0.15,2673,31.5246,1.09552,0.34294
5946,400,1,1,35,0,0,0,1,92.614,0.05,0.15,2673,31.5246,0.54016,0.34294
5947,335,9,4,57,1,0,0,1,120.111,0.05,0.15,2673,31.5246,1.44041,0.34294
5948,400,7,2,57,1,0,1,1,118.184,0.05,0.15,2673,31.5246,1.3303,0.34294
5949,400,8,3,34,1,0,0,1,116.376,0.05,0.15,2673,31.5246,0.69861,0.34294
5950,400,10,5,69,1,0,0,1,136.826,0.05,0.15,2673,31.5246,0.99716,0.34294
5951,400,5,5,54,0,0,0,1,117.325,0.05,0.15,2673,31.5246,0.86757,0.34294
5952,400,4,4,48,0,0,0,1,117.488,0.05,0.15,2673,31.5246,0.77046,0.34294
5953,180,3,3,43,0,1,1,0,33.029,0.05,0.15,2673,31.5246,2.07343,0.34294
5954,400,9,4,66,1,0,0,1,136.559,0.05,0.15,2673,31.5246,1.08975,0.34294
5955,132,4,4,50,0,0,0,0,54.004,0.05,0.15,2673,31.5246,1.83807,0.343
5956,309,17,7,93,2,0,1,1,162.898,0.05,0.15,2674,31.5246,2.00843,0.34293
5957,400,7,2,60,1,0,0,1,110.143,0.05,0.15,2674,31.5246,1.38592,0.34293
5958,163,1,1,48,0,1,0,0,23.02,0.05,0.15,2674,31.5246,1.61097,0.34293
5959,400,10,5,88,1,0,0,1,115.149,0.05,0.15,2674,31.5246,1.49056,0.34293
5960,400,12,7,75,1,0,0,1,112.291,0.05,0.15,2674,31.5246,1.49483,0.34293
5961,138,4,4,44,0,1,0,0,25.09,0.05,0.15,2674,31.5246,2.10569,0.34293
5962,400,4,4,65,0,0,0,1,142.436,0.05,0.15,2674,31.5246,0.95914,0.34293
5963,360,11,6,54,1,0,0,1,109.443,0.05,0.15,2674,31.5246,1.25416,0.34293
5964,400,2,2,65,0,0,0,1,113.742,0.05,0.15,2674,31.5246,0.9434,0.34293
5965,238,4,4,51,0,1,3,0,44.829,0.05,0.15,2674,31.5246,1.59231,0.34293
5966,400,6,6,57,0,0,0,1,136.861,0.05,0.15,2674,31.5246,0.84019,0.34293
5967,400,3,3,52,0,0,0,1,127.351,0.05,0.15,2674,31.5246,0.75373,0.34293
5968,400,10,5,59,1,0,1,1,148.433,0.05,0.15,2674,31.5246,1.02441,0.34293
5969,351,12,7,101,1,0,1,1,156.797,0.05,0.15,2674,31.5246,2.13571,0.34293
5970,400,6,6,76,0,0,0,1,141.718,0.05,0.15,2674,31.5246,0.97507,0.34293
5971,366,9,4,58,1,0,0,1,109.247,0.05,0.15,2674,31.5246,1.87653,0.34293
5972,400,2,2,60,0,0,0,1,102.556,0.05,0.15,2674,31.5246,1.03046,0.34293
5973,400,10,5,66,1,0,0,1,147.047,0.05,0.15,2674,31.5246,1.027,0.34293
5974,49,1,1,14,0,1,1,0,-15.254,0.05,0.15,2674,31.5246,3.83582,0.34293
5975,400,6,6,91,0,0,0,1,127.559,0.05,0.15,2674,31.5246,1.30843,0.34293
5976,198,6,6,60,0,1,1,0,58.567,0.05,0.15,2674,31.5246,1.79552,0.34293
5977,238,12,7,71,1,0,0,1,121.444,0.05,0.15,2674,31.5246,1.62248,0.34293
5978,400,7,7,76,0,0,0,1,140.713,0.05,0.15,2674,31.5246,1.01296,0.34293
5979,400,9,9,80,0,0,0,1,122.169,0.05,0.15,2674,31.5246,1.219,0.34293
5980,400,6,6,92,0,0,0,1,131.77,0.05,0.15,2674,31.5246,1.54443,0.34293
5981,400,3,3,54,0,0,0,1,111.042,0.05,0.15,2674,31.5246,1.18651,0.34293
5982,48,1,1,16,0,1,0,0,-11.849,0.05,0.15,2674,31.5246,2.74319,0.34293
5983,247,8,3,50,1,1,1,0,44.09,0.05,0.15,2674,31.5246,1.85567,0.34293
5984,400,7,2,54,1,0,0,1,114.066,0.05,0.15,2674,31.5246,1.22691,0.34293
5985,368,11,6,81,1,0,0,1,126.632,0.05,0.15,2674,31.5246,1.441,0.34299
5986,301,5,5,56,0,0,0,1,94.911,0.05,0.15,2674,31.5246,1.54902,0.34299
5987,400,10,5,63,1,0,0,1,147.134,0.05,0.15,2674,31.5246,0.98362,0.34299
5988,400,10,5,66,1,0,0,1,129.601,0.05,0.15,2674,31.5246,1.36611,0.34299
5989,110,8,8,40,0,1,0,0,48.519,0.05,0.15,2674,31.5246,2.29743,0.34299
5990,400,10,5,44,1,0,1,1,129.283,0.05,0.15,2674,31.5246,1.18327,0.34299
5991,400,6,6,57,0,0,0,1,131.951,0.05,0.15,2674,31.5246,0.95544,0.34299
5992,400,7,7,42,0,0,0,1,121.884,0.05,0.15,2674,31.5246,0.94948,0.34299
5993,400,18,8,58,2,0,0,1,167.609,0.05,0.15,2674,31.5246,1.1663,0.34299
5994,400,8,3,57,1,0,0,1,131.651,0.05,0.15,2674,31.5246,1.07816,0.34299
5995,400,9,4,46,1,0,0,1,101.795,0.05,0.15,2675,31.5246,0.88268,0.34293
5996,400,8,3,45,1,0,1,1,119.288,0.05,0.15,2675,31.5246,0.94446,0.34293
5997,400,4,4,44,0,0,1,1,105.769,0.05,0.15,2675,31.5246,0.89805,0.34293
5998,400,9,4,54,1,0,0,1,110.609,0.05,0.15,2676,31.5246,1.24576,0.34286
5999,400,2,2,34,0,0,0,1,60.194,0.05,0.15,2677,31.5246,0.70141,0.3428
6000,136,1,1,23,0,0,0,0,25.25,0.05,0.15,2677,31.5246,1.07154,0.3428
