round,steps,score,coins,crates,kills,suicides,invalid,survived,total_reward,epsilon,alpha,n_states,max_abs_q,mean_abs_td,coverage
1,6,0,0,1,0,1,0,0,-31.764,0.99917,0.15,631,31.5246,10.08904,0.41178
2,30,0,0,5,0,1,0,0,-28.196,0.99833,0.15,631,31.5246,4.25515,0.41178
3,5,0,0,2,0,1,0,0,-34.408,0.9975,0.15,631,31.5246,2.6095,0.41178
4,7,0,0,3,0,1,0,0,-28.748,0.99667,0.15,631,31.5246,6.54339,0.41178
5,62,1,1,10,0,1,0,0,-20.511,0.99584,0.15,631,31.5246,4.28038,0.41178
6,27,0,0,8,0,1,0,0,-24.014,0.99501,0.15,631,31.5246,4.67398,0.41178
7,8,0,0,3,0,1,0,0,-33.354,0.99418,0.15,631,31.5246,5.80646,0.41178
8,8,0,0,3,0,1,0,0,-33.646,0.99336,0.15,631,31.5246,7.89805,0.41178
9,8,0,0,1,0,1,0,0,-34.852,0.99253,0.15,631,31.5246,4.72138,0.41178
10,25,0,0,6,0,1,0,0,-25.938,0.9917,0.15,631,31.5246,5.2091,0.41178
11,15,0,0,7,0,1,0,0,-21.718,0.99088,0.15,631,31.5246,4.59641,0.41178
12,24,0,0,9,0,1,0,0,-27.412,0.99005,0.15,631,31.5246,6.97564,0.41178
13,26,0,0,6,0,1,0,0,-28.678,0.98923,0.15,631,31.5246,5.29136,0.41178
14,8,0,0,4,0,1,0,0,-32.356,0.9884,0.15,631,31.5246,5.70324,0.41178
15,15,1,1,5,0,1,0,0,-20.418,0.98758,0.15,631,31.5246,6.54968,0.41178
16,10,0,0,3,0,1,0,0,-33.014,0.98676,0.15,631,31.5246,5.79792,0.41178
17,14,0,0,4,0,1,0,0,-31.85,0.98593,0.15,631,31.5246,3.50377,0.41178
18,6,0,0,4,0,1,0,0,-33.156,0.98511,0.15,631,31.5246,4.56906,0.41178
19,13,0,0,2,0,1,0,0,-33.086,0.98429,0.15,631,31.5246,4.20396,0.41178
20,6,0,0,2,0,1,0,0,-32.86,0.98347,0.15,631,31.5246,5.4209,0.41178
21,5,0,0,4,0,1,0,0,-33.208,0.98265,0.15,631,31.5246,1.30053,0.41178
22,24,0,0,11,0,1,0,0,-26.168,0.98183,0.15,631,31.5246,7.02997,0.41178
23,33,0,0,9,0,1,0,0,-23.266,0.98102,0.15,631,31.5246,5.8009,0.41178
24,8,0,0,4,0,1,0,0,-32.754,0.9802,0.15,631,31.5246,3.22475,0.41178
25,6,0,0,3,0,1,0,0,-33.756,0.97938,0.15,631,31.5246,4.00215,0.41178
26,8,0,0,2,0,1,0,0,-30.648,0.97857,0.15,631,31.5246,10.7105,0.41178
27,22,0,0,9,0,1,0,0,-23.655,0.97775,0.15,631,31.5246,4.65573,0.41178
28,22,0,0,6,0,1,0,0,-21.94,0.97694,0.15,631,31.5246,3.37006,0.41178
29,10,0,0,3,0,1,0,0,-30.104,0.97612,0.15,631,31.5246,5.84032,0.41178
30,14,0,0,3,0,1,0,0,-32.032,0.97531,0.15,631,31.5246,5.9488,0.41178
31,21,0,0,8,0,1,0,0,-27.059,0.9745,0.15,631,31.5246,7.52186,0.41178
32,28,0,0,7,0,1,0,0,-21.983,0.97369,0.15,631,31.5246,3.70414,0.41178
33,20,0,0,3,0,1,0,0,-26.652,0.97287,0.15,631,31.5246,4.55565,0.41178
34,15,0,0,10,0,1,0,0,-23.797,0.97206,0.15,631,31.5246,5.63839,0.41178
35,6,0,0,2,0,1,0,0,-34.35,0.97125,0.15,631,31.5246,9.21619,0.41178
36,25,1,1,8,0,1,0,0,-17.702,0.97045,0.15,631,31.5246,4.67368,0.41178
37,9,0,0,4,0,1,0,0,-32.702,0.96964,0.15,631,31.5246,4.73988,0.41178
38,6,0,0,3,0,1,0,0,-30.754,0.96883,0.15,631,31.5246,9.66327,0.41178
39,9,0,0,4,0,1,0,0,-27.996,0.96802,0.15,631,31.5246,7.66567,0.41178
40,23,0,0,1,0,1,0,0,-30.908,0.96722,0.15,631,31.5246,6.33359,0.41178
41,8,0,0,3,0,1,0,0,-32.956,0.96641,0.15,631,31.5246,3.55687,0.41178
42,6,0,0,3,0,1,0,0,-30.35,0.96561,0.15,631,31.5246,11.21179,0.41178
43,24,1,1,7,0,1,0,0,-20.665,0.9648,0.15,631,31.5246,5.06282,0.41204
44,6,0,0,4,0,1,0,0,-33.156,0.964,0.15,631,31.5246,3.21843,0.41204
45,5,0,0,4,0,1,0,0,-32.408,0.96319,0.15,631,31.5246,1.20106,0.41204
46,25,0,0,4,0,1,0,0,-28.35,0.96239,0.15,631,31.5246,6.12815,0.41204
47,5,0,0,3,0,1,0,0,-33.802,0.96159,0.15,631,31.5246,5.0379,0.41204
48,5,0,0,2,0,1,0,0,-34.008,0.96079,0.15,631,31.5246,1.32644,0.41204
49,18,0,0,3,0,1,0,0,-32.236,0.95999,0.15,631,31.5246,3.68679,0.41204
50,20,0,0,4,0,1,0,0,-29.896,0.95919,0.15,631,31.5246,5.22846,0.41204
51,5,0,0,3,0,1,0,0,-30.106,0.95839,0.15,631,31.5246,5.12861,0.41204
52,14,0,0,5,0,1,0,0,-26.497,0.95759,0.15,631,31.5246,6.36521,0.41204
53,13,0,0,4,0,1,0,0,-30.336,0.95679,0.15,631,31.5246,8.03817,0.41204
54,16,0,0,4,0,1,0,0,-24.419,0.956,0.15,631,31.5246,4.35078,0.41204
55,16,0,0,5,0,1,0,0,-28.793,0.9552,0.15,631,31.5246,7.36638,0.41204
56,13,0,0,5,0,1,0,0,-26.701,0.95441,0.15,631,31.5246,8.71334,0.41204
57,24,0,0,2,0,1,0,0,-27.475,0.95361,0.15,631,31.5246,6.091,0.41204
58,6,0,0,3,0,1,0,0,-33.754,0.95282,0.15,631,31.5246,4.5532,0.41204
59,6,0,0,3,0,1,0,0,-32.26,0.95202,0.15,631,31.5246,5.46883,0.41204
60,12,0,0,2,0,1,0,0,-30.296,0.95123,0.15,631,31.5246,5.59008,0.41204
61,33,0,0,5,0,1,0,0,-31.299,0.95044,0.15,631,31.5246,6.12234,0.41204
62,14,0,0,4,0,1,0,0,-29.621,0.94965,0.15,631,31.5246,7.28021,0.41204
63,17,0,0,5,0,1,0,0,-29.272,0.94885,0.15,631,31.5246,5.49438,0.41204
64,18,0,0,4,0,1,0,0,-28.439,0.94806,0.15,631,31.5246,5.87759,0.41204
65,26,0,0,5,0,1,0,0,-26.484,0.94727,0.15,631,31.5246,4.26054,0.41204
66,7,0,0,3,0,1,0,0,-30.558,0.94649,0.15,631,31.5246,4.83993,0.41204
67,94,0,0,8,0,1,0,0,-26.369,0.9457,0.15,631,31.5246,4.37712,0.41231
68,13,0,0,4,0,1,0,0,-27.877,0.94491,0.15,631,31.5246,5.25375,0.41231
69,5,0,0,4,0,1,0,0,-32.806,0.94412,0.15,631,31.5246,2.20024,0.41231
70,24,0,0,4,0,1,0,0,-26.967,0.94334,0.15,631,31.5246,6.69864,0.41231
71,13,0,0,4,0,1,0,0,-24.9,0.94255,0.15,631,31.5246,7.29034,0.41231
72,36,0,0,9,0,1,0,0,-22.076,0.94176,0.15,631,31.5246,5.10345,0.41231
73,15,0,0,5,0,1,0,0,-27.171,0.94098,0.15,631,31.5246,5.21933,0.41231
74,16,0,0,5,0,1,0,0,-28.519,0.9402,0.15,631,31.5246,6.07036,0.41231
75,5,0,0,2,0,1,0,0,-34.408,0.93941,0.15,631,31.5246,2.04252,0.41231
76,6,0,0,3,0,1,0,0,-30.61,0.93863,0.15,631,31.5246,4.79675,0.41231
77,8,0,0,3,0,1,0,0,-33.354,0.93785,0.15,631,31.5246,4.71168,0.41231
78,17,0,0,3,0,1,0,0,-29.796,0.93707,0.15,631,31.5246,8.40042,0.41231
79,5,0,0,3,0,1,0,0,-32.152,0.93629,0.15,631,31.5246,1.95913,0.41231
80,19,0,0,8,0,1,0,0,-27.25,0.93551,0.15,631,31.5246,6.12779,0.41231
81,5,0,0,4,0,1,0,0,-32.806,0.93473,0.15,631,31.5246,2.11341,0.41231
82,47,0,0,12,0,1,0,0,-18.757,0.93395,0.15,631,31.5246,5.30943,0.41231
83,7,0,0,4,0,1,0,0,-29.796,0.93317,0.15,631,31.5246,8.75054,0.41231
84,60,0,0,11,0,1,0,0,-21.093,0.93239,0.15,631,31.5246,3.46363,0.41231
85,10,0,0,4,0,1,0,0,-32.35,0.93162,0.15,631,31.5246,4.84477,0.41231
86,5,0,0,3,0,1,0,0,-33.408,0.93084,0.15,631,31.5246,1.89181,0.41231
87,7,0,0,3,0,1,0,0,-33.404,0.93007,0.15,631,31.5246,4.34998,0.41231
88,6,0,0,2,0,1,0,0,-31.21,0.92929,0.15,631,31.5246,4.65828,0.41231
89,7,0,0,2,0,1,0,0,-29.348,0.92852,0.15,631,31.5246,8.22599,0.41231
90,16,0,0,3,0,1,0,0,-29.2,0.92774,0.15,631,31.5246,2.84016,0.41231
91,7,0,0,4,0,1,0,0,-32.406,0.92697,0.15,631,31.5246,4.11904,0.41231
92,7,0,0,2,0,1,0,0,-32.398,0.9262,0.15,631,31.5246,6.89724,0.41231
93,6,0,0,3,0,1,0,0,-32.956,0.92543,0.15,631,31.5246,4.14161,0.41231
94,5,0,0,4,0,1,0,0,-34.452,0.92466,0.15,631,31.5246,8.07311,0.41231
95,36,0,0,10,0,1,0,0,-19.401,0.92389,0.15,631,31.5246,4.64572,0.41231
96,14,0,0,2,0,1,0,0,-30.981,0.92312,0.15,631,31.5246,3.94195,0.41231
97,6,0,0,3,0,1,0,0,-33.756,0.92235,0.15,631,31.5246,4.29653,0.41231
98,7,0,0,1,0,1,0,0,-31.31,0.92158,0.15,631,31.5246,9.61124,0.41231
99,41,0,0,13,0,1,0,0,-15.934,0.92081,0.15,631,31.5246,3.33557,0.41231
100,16,0,0,3,0,1,0,0,-32.05,0.92004,0.15,631,31.5246,3.65765,0.41231
101,7,0,0,2,0,1,0,0,-31.3,0.91928,0.15,631,31.5246,7.40905,0.41231
102,8,0,0,3,0,1,0,0,-32.954,0.91851,0.15,631,31.5246,2.8877,0.41231
103,83,0,0,12,0,1,0,0,-20.721,0.91775,0.15,631,31.5246,4.16,0.41257
104,18,0,0,5,0,1,0,0,-29.002,0.91698,0.15,631,31.5246,3.02028,0.41257
105,5,0,0,4,0,1,0,0,-33.208,0.91622,0.15,631,31.5246,1.64836,0.41257
106,5,0,0,3,0,1,0,0,-33.808,0.91546,0.15,631,31.5246,1.55446,0.41257
107,27,0,0,8,0,1,0,0,-20.95,0.91469,0.15,631,31.5246,3.40946,0.41257
108,89,0,0,7,0,1,0,0,-24.346,0.91393,0.15,637,31.5246,3.9118,0.41052
109,41,0,0,12,0,1,0,0,-14.425,0.91317,0.15,637,31.5246,3.30495,0.41052
110,14,0,0,4,0,1,0,0,-29.45,0.91241,0.15,637,31.5246,7.68358,0.41052
111,21,0,0,8,0,1,0,0,-24.306,0.91165,0.15,637,31.5246,5.16419,0.41052
112,43,0,0,6,0,1,0,0,-25.386,0.91089,0.15,637,31.5246,3.935,0.41052
113,5,0,0,3,0,1,0,0,-33.806,0.91013,0.15,637,31.5246,1.74958,0.41052
114,21,0,0,6,0,1,0,0,-26.022,0.90937,0.15,637,31.5246,3.82681,0.41052
115,61,1,1,11,0,1,0,0,-21.705,0.90862,0.15,640,31.5246,5.10466,0.40937
116,18,0,0,5,0,1,0,0,-27.019,0.90786,0.15,640,31.5246,4.64921,0.40937
117,33,0,0,6,0,1,0,0,-24.385,0.9071,0.15,640,31.5246,3.27653,0.40937
118,5,0,0,4,0,1,0,0,-33.208,0.90635,0.15,640,31.5246,1.08455,0.40937
119,12,0,0,2,0,1,0,0,-33.452,0.90559,0.15,640,31.5246,3.62867,0.40937
120,30,1,1,9,0,1,0,0,-23.859,0.90484,0.15,641,31.5246,6.10756,0.409
121,5,0,0,3,0,1,0,0,-33.808,0.90408,0.15,641,31.5246,0.94804,0.409
122,7,0,0,3,0,1,0,0,-30.702,0.90333,0.15,641,31.5246,8.30941,0.409
123,6,0,0,4,0,1,0,0,-32.756,0.90258,0.15,641,31.5246,4.44991,0.409
124,22,0,0,4,0,1,0,0,-31.418,0.90183,0.15,641,31.5246,5.6961,0.409
125,7,0,0,3,0,1,0,0,-33.398,0.90108,0.15,641,31.5246,5.69571,0.409
126,14,0,0,5,0,1,0,0,-30.026,0.90032,0.15,641,31.5246,6.30103,0.409
127,32,0,0,10,0,1,0,0,-22.595,0.89957,0.15,641,31.5246,4.14352,0.409
128,5,0,0,3,0,1,0,0,-33.808,0.89883,0.15,641,31.5246,0.7409,0.409
129,5,0,0,4,0,1,0,0,-33.208,0.89808,0.15,641,31.5246,0.73255,0.409
130,5,0,0,2,0,1,0,0,-31.106,0.89733,0.15,641,31.5246,14.59661,0.409
131,5,0,0,3,0,1,0,0,-33.808,0.89658,0.15,641,31.5246,1.05334,0.409
132,27,0,0,5,0,1,0,0,-21.765,0.89583,0.15,641,31.5246,4.1168,0.409
133,13,1,1,3,0,1,0,0,-24.77,0.89509,0.15,641,31.5246,6.15526,0.409
134,6,0,0,2,0,1,0,0,-26.396,0.89434,0.15,641,31.5246,8.94034,0.409
135,14,0,0,5,0,1,0,0,-32.308,0.8936,0.15,641,31.5246,3.664,0.409
136,5,0,0,3,0,1,0,0,-33.806,0.89285,0.15,641,31.5246,1.97979,0.409
137,5,0,0,2,0,1,0,0,-34.402,0.89211,0.15,641,31.5246,2.4234,0.409
138,5,0,0,4,0,1,0,0,-33.206,0.89137,0.15,641,31.5246,1.67869,0.409
139,5,0,0,4,0,1,0,0,-33.208,0.89062,0.15,641,31.5246,1.29938,0.409
140,6,0,0,1,0,1,0,0,-28.506,0.88988,0.15,641,31.5246,6.00667,0.409
141,24,0,0,10,0,1,0,0,-24.745,0.88914,0.15,641,31.5246,4.9007,0.409
142,17,0,0,5,0,1,0,0,-29.748,0.8884,0.15,641,31.5246,4.45256,0.409
143,13,0,0,4,0,1,0,0,-28.031,0.88766,0.15,641,31.5246,2.86506,0.409
144,18,0,0,4,0,1,0,0,-25.194,0.88692,0.15,641,31.5246,4.39591,0.409
145,29,0,0,4,0,1,0,0,-24.97,0.88618,0.15,641,31.5246,3.30868,0.409
146,29,0,0,5,0,1,0,0,-27.824,0.88544,0.15,641,31.5246,3.75808,0.409
147,14,0,0,5,0,1,0,0,-29.025,0.88471,0.15,641,31.5246,3.90234,0.409
148,8,0,0,1,0,1,0,0,-32.896,0.88397,0.15,641,31.5246,4.11987,0.409
149,13,0,0,5,0,1,0,0,-27.246,0.88323,0.15,641,31.5246,7.63542,0.409
150,5,0,0,3,0,1,0,0,-28.752,0.8825,0.15,641,31.5246,10.24401,0.409
151,9,0,0,3,0,1,0,0,-32.904,0.88176,0.15,641,31.5246,2.98764,0.409
152,27,0,0,9,0,1,0,0,-23.701,0.88103,0.15,641,31.5246,3.10759,0.409
153,12,0,0,4,0,1,0,0,-31.554,0.88029,0.15,641,31.5246,4.75192,0.409
154,5,0,0,4,0,1,0,0,-33.208,0.87956,0.15,641,31.5246,1.08346,0.409
155,5,0,0,2,0,1,0,0,-34.402,0.87883,0.15,641,31.5246,2.15294,0.409
156,23,0,0,9,0,1,0,0,-25.714,0.8781,0.15,641,31.5246,5.63564,0.409
157,5,0,0,3,0,1,0,0,-32.154,0.87736,0.15,641,31.5246,5.56115,0.409
158,5,0,0,2,0,1,0,0,-34.408,0.87663,0.15,641,31.5246,1.76179,0.409
159,20,0,0,7,0,1,0,0,-27.205,0.8759,0.15,641,31.5246,6.30308,0.409
160,7,0,0,3,0,1,0,0,-33.406,0.87517,0.15,641,31.5246,4.03934,0.409
161,7,0,0,3,0,1,0,0,-33.406,0.87444,0.15,641,31.5246,3.86719,0.409
162,5,0,0,3,0,1,0,0,-30.504,0.87372,0.15,641,31.5246,10.56534,0.409
163,67,0,0,18,0,1,0,0,-21.896,0.87299,0.15,642,31.5246,4.95967,0.40862
164,46,0,0,9,0,1,0,0,-18.368,0.87226,0.15,642,31.5246,2.33258,0.40862
165,22,1,1,7,0,1,0,0,-20.715,0.87153,0.15,642,31.5246,5.14734,0.40862
166,119,2,2,20,0,1,0,0,-8.792,0.87081,0.15,642,31.5246,4.10261,0.40862
167,26,1,1,11,0,1,0,0,-15.372,0.87008,0.15,642,31.5246,3.53252,0.40862
168,22,0,0,3,0,1,0,0,-25.488,0.86936,0.15,642,31.5246,8.77494,0.40862
169,5,0,0,3,0,1,0,0,-33.404,0.86863,0.15,642,31.5246,4.92351,0.40862
170,54,1,1,10,0,1,0,0,-25.876,0.86791,0.15,642,31.5246,5.39541,0.40862
171,18,0,0,1,0,1,0,0,-29.988,0.86719,0.15,642,31.5246,4.02108,0.40862
172,7,0,0,2,0,1,0,0,-33.598,0.86647,0.15,642,31.5246,5.29389,0.40862
173,5,0,0,4,0,1,0,0,-32.808,0.86574,0.15,642,31.5246,2.03427,0.40862
174,31,0,0,4,0,1,0,0,-22.245,0.86502,0.15,642,31.5246,4.18811,0.40862
175,5,0,0,2,0,1,0,0,-34.408,0.8643,0.15,642,31.5246,1.23354,0.40862
176,5,0,0,3,0,1,0,0,-30.504,0.86358,0.15,642,31.5246,5.07729,0.40862
177,5,0,0,3,0,1,0,0,-33.408,0.86286,0.15,642,31.5246,1.44934,0.40862
178,20,0,0,5,0,1,0,0,-23.749,0.86214,0.15,642,31.5246,3.22664,0.40862
179,25,0,0,5,0,1,0,0,-27.977,0.86143,0.15,642,31.5246,4.93872,0.40862
180,23,0,0,4,0,1,0,0,-25.886,0.86071,0.15,642,31.5246,3.38251,0.40862
181,6,0,0,4,0,1,0,0,-33.156,0.85999,0.15,642,31.5246,4.00009,0.40862
182,21,0,0,4,0,1,0,0,-28.667,0.85927,0.15,642,31.5246,3.32854,0.40862
183,7,0,0,1,0,1,0,0,-34.602,0.85856,0.15,642,31.5246,5.77532,0.40862
184,6,0,0,1,0,1,0,0,-30.116,0.85784,0.15,642,31.5246,6.9074,0.40862
185,5,0,0,3,0,1,0,0,-33.806,0.85713,0.15,642,31.5246,1.31438,0.40862
186,5,0,0,4,0,1,0,0,-33.208,0.85642,0.15,642,31.5246,0.9078,0.40862
187,5,0,0,4,0,1,0,0,-33.206,0.8557,0.15,642,31.5246,1.64315,0.40862
188,24,0,0,6,0,1,0,0,-25.181,0.85499,0.15,642,31.5246,4.49533,0.40862
189,8,0,0,4,0,1,0,0,-31.954,0.85428,0.15,642,31.5246,4.38616,0.40862
190,5,0,0,2,0,1,0,0,-31.106,0.85357,0.15,642,31.5246,6.34566,0.40862
191,53,0,0,9,0,1,0,0,-18.732,0.85285,0.15,642,31.5246,3.35649,0.40862
192,31,0,0,6,0,1,0,0,-27.055,0.85214,0.15,642,31.5246,5.04203,0.40862
193,22,0,0,8,0,1,0,0,-23.074,0.85143,0.15,642,31.5246,4.59694,0.40862
194,5,0,0,3,0,1,0,0,-28.854,0.85072,0.15,642,31.5246,8.14222,0.40862
195,9,0,0,4,0,1,0,0,-29.306,0.85002,0.15,642,31.5246,7.12131,0.40862
196,7,0,0,3,0,1,0,0,-33.004,0.84931,0.15,642,31.5246,5.25953,0.40862
197,22,0,0,8,0,1,0,0,-26.38,0.8486,0.15,642,31.5246,5.51138,0.40862
198,9,0,0,2,0,1,0,0,-30.75,0.84789,0.15,642,31.5246,5.75795,0.40862
199,5,0,0,2,0,1,0,0,-34.408,0.84719,0.15,642,31.5246,2.32457,0.40862
200,7,0,0,4,0,1,0,0,-32.806,0.84648,0.15,642,31.5246,3.93806,0.40862
201,32,0,0,5,0,1,0,0,-25.523,0.84578,0.15,642,31.5246,5.76754,0.40862
202,5,0,0,4,0,1,0,0,-32.806,0.84507,0.15,642,31.5246,1.45296,0.40862
203,23,0,0,7,0,1,0,0,-26.349,0.84437,0.15,642,31.5246,4.83494,0.40862
204,6,0,0,2,0,1,0,0,-34.356,0.84366,0.15,642,31.5246,3.84499,0.40862
205,8,0,0,3,0,1,0,0,-31.7,0.84296,0.15,642,31.5246,5.53892,0.40862
206,7,0,0,4,0,1,0,0,-24.448,0.84226,0.15,642,31.5246,5.49476,0.40862
207,5,0,0,2,0,1,0,0,-34.008,0.84156,0.15,642,31.5246,1.76754,0.40862
208,32,0,0,9,0,1,0,0,-23.622,0.84086,0.15,642,31.5246,4.07855,0.40862
209,9,0,0,4,0,1,0,0,-32.122,0.84016,0.15,642,31.5246,4.79759,0.40862
210,24,0,0,4,0,1,0,0,-29.794,0.83946,0.15,642,31.5246,7.09225,0.40862
211,39,0,0,9,0,1,0,0,-25.782,0.83876,0.15,642,31.5246,2.55373,0.40862
212,12,0,0,4,0,1,0,0,-31.898,0.83806,0.15,642,31.5246,4.0834,0.40862
213,5,0,0,3,0,1,0,0,-33.808,0.83736,0.15,642,31.5246,3.14219,0.40862
214,6,0,0,2,0,1,0,0,-31.206,0.83666,0.15,642,31.5246,6.64978,0.40862
215,34,0,0,8,0,1,0,0,-23.322,0.83597,0.15,642,31.5246,2.50993,0.40862
216,13,0,0,4,0,1,0,0,-28.202,0.83527,0.15,642,31.5246,4.01314,0.40862
217,7,0,0,4,0,1,0,0,-32.746,0.83457,0.15,642,31.5246,4.11527,0.40862
218,24,0,0,6,0,1,0,0,-25.492,0.83388,0.15,642,31.5246,3.74403,0.40862
219,20,0,0,4,0,1,0,0,-27.891,0.83318,0.15,642,31.5246,5.13369,0.40862
220,18,0,0,4,0,1,0,0,-30.898,0.83249,0.15,642,31.5246,3.74845,0.40862
221,6,0,0,1,0,1,0,0,-31.652,0.8318,0.15,642,31.5246,11.00464,0.40862
222,25,0,0,8,0,1,0,0,-22.59,0.8311,0.15,642,31.5246,2.60293,0.40862
223,26,0,0,7,0,1,0,0,-22.993,0.83041,0.15,642,31.5246,3.90929,0.40862
224,10,0,0,1,0,1,0,0,-30.798,0.82972,0.15,642,31.5246,6.96373,0.40862
225,39,0,0,6,0,1,0,0,-24.484,0.82903,0.15,642,31.5246,3.17223,0.40862
226,23,0,0,8,0,1,0,0,-22.912,0.82834,0.15,642,31.5246,5.61073,0.40862
227,14,0,0,4,0,1,0,0,-27.411,0.82765,0.15,642,31.5246,5.58917,0.40862
228,5,0,0,3,0,1,0,0,-33.806,0.82696,0.15,642,31.5246,2.45969,0.40862
229,5,0,0,3,0,1,0,0,-33.808,0.82627,0.15,642,31.5246,0.79724,0.40862
230,8,0,0,4,0,1,0,0,-31.954,0.82558,0.15,642,31.5246,3.16927,0.40862
231,5,0,0,4,0,1,0,0,-33.208,0.82489,0.15,642,31.5246,0.66433,0.40862
232,35,0,0,6,0,1,0,0,-26.591,0.82421,0.15,642,31.5246,2.47148,0.40862
233,31,0,0,5,0,1,0,0,-29.211,0.82352,0.15,642,31.5246,5.07214,0.40862
234,20,0,0,7,0,1,0,0,-25.161,0.82283,0.15,642,31.5246,2.39272,0.40862
235,39,0,0,5,0,1,0,0,-26.624,0.82215,0.15,642,31.5246,4.45996,0.40862
236,70,0,0,11,0,1,0,0,-16.09,0.82146,0.15,642,31.5246,3.741,0.40862
237,39,0,0,3,0,1,0,0,-34.672,0.82078,0.15,642,31.5246,3.59435,0.40862
238,11,0,0,2,0,1,0,0,-33.502,0.8201,0.15,642,31.5246,2.77136,0.40862
239,37,0,0,5,0,1,0,0,-28.725,0.81941,0.15,642,31.5246,3.24631,0.40862
240,16,0,0,6,0,1,0,0,-22.915,0.81873,0.15,642,31.5246,3.21399,0.40862
241,33,0,0,16,0,1,0,0,-22.358,0.81805,0.15,642,31.5246,5.22931,0.40862
242,5,0,0,3,0,1,0,0,-33.808,0.81737,0.15,642,31.5246,0.58654,0.40862
243,6,0,0,3,0,1,0,0,-33.356,0.81669,0.15,642,31.5246,4.21629,0.40862
244,7,0,0,2,0,1,0,0,-29.352,0.81601,0.15,642,31.5246,9.81765,0.40862
245,9,0,0,3,0,1,0,0,-29.7,0.81533,0.15,642,31.5246,8.20945,0.40862
246,26,0,0,5,0,1,0,0,-29.515,0.81465,0.15,642,31.5246,5.17092,0.40862
247,22,0,0,7,0,1,0,0,-21.745,0.81397,0.15,642,31.5246,3.89038,0.40862
248,16,0,0,4,0,1,0,0,-27.719,0.81329,0.15,642,31.5246,3.98518,0.40862
249,32,0,0,4,0,1,0,0,-24.128,0.81261,0.15,642,31.5246,3.06327,0.40862
250,5,0,0,3,0,1,0,0,-32.154,0.81194,0.15,642,31.5246,5.87301,0.40862
251,33,0,0,10,0,1,0,0,-21.197,0.81126,0.15,642,31.5246,3.45816,0.40862
252,5,0,0,4,0,1,0,0,-33.208,0.81058,0.15,642,31.5246,1.87385,0.40862
253,47,0,0,9,0,1,0,0,-16.857,0.80991,0.15,642,31.5246,3.36728,0.40862
254,5,0,0,2,0,1,0,0,-34.408,0.80923,0.15,642,31.5246,3.43606,0.40862
255,5,0,0,4,0,1,0,0,-33.208,0.80856,0.15,642,31.5246,0.59029,0.40862
256,28,0,0,3,0,1,0,0,-29.336,0.80789,0.15,642,31.5246,3.63663,0.40862
257,15,0,0,3,0,1,0,0,-26.694,0.80721,0.15,642,31.5246,3.33444,0.40862
258,13,0,0,3,0,1,0,0,-26.342,0.80654,0.15,642,31.5246,5.61004,0.40862
259,5,0,0,4,0,1,0,0,-33.204,0.80587,0.15,642,31.5246,4.63474,0.40862
260,25,0,0,4,0,1,0,0,-28.011,0.8052,0.15,642,31.5246,4.35494,0.40862
261,25,0,0,3,0,1,0,0,-30.238,0.80453,0.15,642,31.5246,3.43136,0.40862
262,24,0,0,4,0,1,0,0,-26.691,0.80386,0.15,642,31.5246,5.18477,0.40862
263,33,0,0,8,0,1,0,0,-24.784,0.80319,0.15,642,31.5246,4.01067,0.40862
264,28,0,0,10,0,1,0,0,-18.811,0.80252,0.15,642,31.5246,3.40494,0.40862
265,27,0,0,10,0,1,0,0,-18.324,0.80185,0.15,642,31.5246,4.82197,0.40862
266,5,0,0,4,0,1,0,0,-33.208,0.80118,0.15,642,31.5246,2.51459,0.40862
267,19,0,0,2,0,1,0,0,-28.307,0.80052,0.15,642,31.5246,5.51234,0.40862
268,48,0,0,7,0,1,0,0,-23.58,0.79985,0.15,642,31.5246,4.23163,0.40862
269,26,0,0,7,0,1,0,0,-22.512,0.79918,0.15,642,31.5246,4.71088,0.40862
270,8,0,0,4,0,1,0,0,-32.636,0.79852,0.15,642,31.5246,4.50674,0.40862
271,54,1,1,4,0,1,0,0,-20.166,0.79785,0.15,642,31.5246,3.55179,0.40862
272,51,0,0,11,0,1,0,0,-17.953,0.79719,0.15,642,31.5246,3.0024,0.40862
273,5,0,0,4,0,1,0,0,-33.206,0.79652,0.15,642,31.5246,2.04868,0.40862
274,5,0,0,4,0,1,0,0,-32.806,0.79586,0.15,642,31.5246,2.10106,0.40862
275,5,0,0,2,0,1,0,0,-34.404,0.7952,0.15,642,31.5246,4.73383,0.40862
276,64,0,0,10,0,1,0,0,-14.285,0.79453,0.15,642,31.5246,2.79976,0.40862
277,14,0,0,7,0,1,0,0,-25.701,0.79387,0.15,642,31.5246,3.98651,0.40862
278,16,0,0,3,0,1,0,0,-24.321,0.79321,0.15,642,31.5246,3.5107,0.40862
279,49,0,0,9,0,1,0,0,-24.197,0.79255,0.15,642,31.5246,4.33712,0.40888
280,11,0,0,3,0,1,0,0,-32.496,0.79189,0.15,642,31.5246,3.58175,0.40888
281,8,0,0,3,0,1,0,0,-32.956,0.79123,0.15,642,31.5246,3.39891,0.40888
282,21,0,0,5,0,1,0,0,-26.782,0.79057,0.15,642,31.5246,2.47813,0.40888
283,14,0,0,3,0,1,0,0,-28.427,0.78991,0.15,642,31.5246,3.55579,0.40888
284,5,0,0,3,0,1,0,0,-33.406,0.78925,0.15,642,31.5246,2.05636,0.40888
285,8,0,0,5,0,1,0,0,-27.094,0.7886,0.15,642,31.5246,8.41748,0.40888
286,44,0,0,13,0,1,0,0,-16.438,0.78794,0.15,642,31.5246,3.77598,0.40888
287,5,0,0,3,0,1,0,0,-33.806,0.78728,0.15,642,31.5246,2.18955,0.40888
288,41,0,0,3,0,1,0,0,-30.095,0.78663,0.15,642,31.5246,2.69332,0.40888
289,8,0,0,1,0,1,0,0,-31.58,0.78597,0.15,642,31.5246,8.78157,0.40888
290,6,0,0,3,0,1,0,0,-33.756,0.78532,0.15,642,31.5246,3.1302,0.40888
291,31,0,0,10,0,1,0,0,-22.301,0.78466,0.15,642,31.5246,5.24024,0.40888
292,15,0,0,3,0,1,0,0,-29.994,0.78401,0.15,642,31.5246,4.84759,0.40888
293,11,0,0,2,0,1,0,0,-30.796,0.78336,0.15,642,31.5246,4.02985,0.40888
294,22,1,1,8,0,1,0,0,-22.413,0.7827,0.15,642,31.5246,3.12676,0.40888
295,40,0,0,3,0,1,0,0,-21.773,0.78205,0.15,642,31.5246,2.29891,0.40888
296,29,0,0,7,0,1,0,0,-23.562,0.7814,0.15,642,31.5246,5.3122,0.40888
297,89,0,0,20,0,1,0,0,-10.186,0.78075,0.15,642,31.5246,3.79423,0.40888
298,6,0,0,2,0,1,0,0,-31.206,0.7801,0.15,642,31.5246,7.31066,0.40888
299,7,0,0,3,0,1,0,0,-33.346,0.77945,0.15,642,31.5246,3.52689,0.40888
300,5,0,0,2,0,1,0,0,-34.408,0.7788,0.15,642,31.5246,0.94311,0.40888
301,18,0,0,3,0,1,0,0,-26.693,0.77815,0.15,642,31.5246,3.76779,0.40888
302,34,0,0,13,0,1,0,0,-18.239,0.7775,0.15,642,31.5246,3.16134,0.40888
303,5,0,0,2,0,1,0,0,-34.408,0.77686,0.15,642,31.5246,1.80521,0.40888
304,28,0,0,4,0,1,0,0,-25.374,0.77621,0.15,642,31.5246,3.18143,0.40888
305,20,0,0,8,0,1,0,0,-21.653,0.77556,0.15,642,31.5246,3.35269,0.40888
306,9,0,0,4,0,1,0,0,-32.524,0.77492,0.15,642,31.5246,3.78943,0.40888
307,12,0,0,4,0,1,0,0,-32.246,0.77427,0.15,642,31.5246,4.34774,0.40888
308,5,0,0,2,0,1,0,0,-34.402,0.77363,0.15,642,31.5246,1.95345,0.40888
309,5,0,0,4,0,1,0,0,-32.408,0.77298,0.15,642,31.5246,1.07573,0.40888
310,30,0,0,7,0,1,0,0,-25.575,0.77234,0.15,642,31.5246,4.06178,0.40888
311,49,0,0,12,0,1,0,0,-20.07,0.77169,0.15,642,31.5246,4.24974,0.40888
312,44,0,0,5,0,1,0,0,-25.518,0.77105,0.15,642,31.5246,3.35515,0.40888
313,12,0,0,5,0,1,0,0,-27.3,0.77041,0.15,642,31.5246,6.69769,0.40888
314,11,0,0,2,0,1,0,0,-30.004,0.76977,0.15,642,31.5246,4.60182,0.40888
315,14,0,0,4,0,1,0,0,-26.171,0.76913,0.15,642,31.5246,6.48458,0.40888
316,6,0,0,2,0,1,0,0,-29.656,0.76849,0.15,642,31.5246,9.47518,0.40888
317,25,0,0,7,0,1,0,0,-23.105,0.76785,0.15,642,31.5246,4.95205,0.40888
318,13,0,0,2,0,1,0,0,-28.602,0.76721,0.15,642,31.5246,4.83671,0.40888
319,89,0,0,12,0,1,0,0,-9.274,0.76657,0.15,642,31.5246,3.31786,0.40888
320,21,0,0,4,0,1,0,0,-31.078,0.76593,0.15,642,31.5246,2.20651,0.40888
321,18,0,0,7,0,1,0,0,-24.62,0.76529,0.15,642,31.5246,6.59135,0.40888
322,15,0,0,3,0,1,0,0,-32.696,0.76465,0.15,642,31.5246,3.31298,0.40888
323,27,0,0,4,0,1,0,0,-25.247,0.76402,0.15,642,31.5246,3.13137,0.40888
324,5,0,0,4,0,1,0,0,-33.208,0.76338,0.15,642,31.5246,0.3222,0.40888
325,16,0,0,4,0,1,0,0,-25.998,0.76274,0.15,642,31.5246,3.96978,0.40888
326,10,0,0,2,0,1,0,0,-32.358,0.76211,0.15,642,31.5246,4.61389,0.40888
327,15,0,0,4,0,1,0,0,-25.853,0.76147,0.15,642,31.5246,4.29047,0.40888
328,68,1,1,9,0,1,0,0,-19.387,0.76084,0.15,642,31.5246,4.00543,0.40888
329,51,0,0,7,0,1,0,0,-16.695,0.76021,0.15,642,31.5246,3.25496,0.40888
330,28,0,0,7,0,1,0,0,-24.449,0.75957,0.15,642,31.5246,4.51724,0.40888
331,37,0,0,10,0,1,0,0,-16.173,0.75894,0.15,642,31.5246,3.91115,0.40888
332,40,1,1,13,0,1,0,0,-13.682,0.75831,0.15,642,31.5246,4.61325,0.40888
333,21,1,1,7,0,1,0,0,-20.262,0.75768,0.15,642,31.5246,3.78956,0.40888
334,33,0,0,2,0,1,0,0,-27.457,0.75704,0.15,642,31.5246,3.79004,0.40888
335,50,1,1,4,0,1,0,0,-27.452,0.75641,0.15,642,31.5246,3.1591,0.40888
336,5,0,0,3,0,1,0,0,-33.802,0.75578,0.15,642,31.5246,4.86795,0.40888
337,9,0,0,1,0,1,0,0,-34.194,0.75515,0.15,642,31.5246,7.8452,0.40888
338,8,0,0,4,0,1,0,0,-32.752,0.75453,0.15,642,31.5246,4.22871,0.40888
339,15,0,0,2,0,1,0,0,-29.34,0.7539,0.15,642,31.5246,4.75772,0.40888
340,31,0,0,11,0,1,0,0,-21.041,0.75327,0.15,642,31.5246,4.59291,0.40888
341,30,0,0,13,0,1,0,0,-15.499,0.75264,0.15,642,31.5246,4.95282,0.40888
342,28,1,1,9,0,1,0,0,-15.628,0.75201,0.15,642,31.5246,4.39437,0.40888
343,5,0,0,4,0,1,0,0,-33.206,0.75139,0.15,642,31.5246,1.48882,0.40888
344,5,0,0,3,0,1,0,0,-33.808,0.75076,0.15,642,31.5246,1.13831,0.40888
345,5,0,0,3,0,1,0,0,-33.808,0.75014,0.15,642,31.5246,0.54156,0.40888
346,6,0,0,2,0,1,0,0,-34.354,0.74951,0.15,642,31.5246,4.31126,0.40888
347,14,0,0,4,0,1,0,0,-27.503,0.74889,0.15,642,31.5246,6.65114,0.40888
348,5,0,0,2,0,1,0,0,-31.406,0.74826,0.15,642,31.5246,8.70529,0.40888
349,11,0,0,1,0,1,0,0,-27.636,0.74764,0.15,642,31.5246,6.462,0.40888
350,18,0,0,2,0,1,0,0,-26.118,0.74702,0.15,642,31.5246,4.44945,0.40888
351,5,0,0,1,0,1,0,0,-28.664,0.7464,0.15,642,31.5246,10.91988,0.40888
352,5,0,0,3,0,1,0,0,-33.806,0.74577,0.15,642,31.5246,1.50919,0.40888
353,29,0,0,4,0,1,0,0,-29.174,0.74515,0.15,642,31.5246,4.30694,0.40888
354,5,0,0,3,0,1,0,0,-33.802,0.74453,0.15,642,31.5246,1.63388,0.40888
355,26,0,0,4,0,1,0,0,-25.297,0.74391,0.15,642,31.5246,2.8312,0.40888
356,61,0,0,12,0,1,0,0,-16.667,0.74329,0.15,642,31.5246,4.06408,0.40888
357,18,0,0,2,0,1,0,0,-24.821,0.74267,0.15,642,31.5246,4.43511,0.40888
358,74,0,0,11,0,1,0,0,-10.174,0.74205,0.15,642,31.5246,2.50731,0.40888
359,23,0,0,4,0,1,0,0,-20.913,0.74144,0.15,642,31.5246,2.93563,0.40888
360,5,0,0,3,0,1,0,0,-33.808,0.74082,0.15,642,31.5246,0.46285,0.40888
361,5,0,0,4,0,1,0,0,-33.208,0.7402,0.15,642,31.5246,0.91064,0.40888
362,55,0,0,12,0,1,0,0,-18.341,0.73958,0.15,642,31.5246,4.00674,0.40888
363,6,0,0,2,0,1,0,0,-31.21,0.73897,0.15,642,31.5246,4.61926,0.40888
364,20,0,0,6,0,1,0,0,-23.318,0.73835,0.15,642,31.5246,4.33231,0.40888
365,15,0,0,4,0,1,0,0,-27.771,0.73774,0.15,642,31.5246,4.66132,0.40888
366,6,0,0,3,0,1,0,0,-30.61,0.73712,0.15,642,31.5246,4.26483,0.40888
367,76,0,0,10,0,1,0,0,-16.779,0.73651,0.15,642,31.5246,3.92848,0.40888
368,8,0,0,3,0,1,0,0,-30.344,0.7359,0.15,642,31.5246,8.46336,0.40888
369,49,0,0,7,0,1,0,0,-17.312,0.73528,0.15,642,31.5246,2.05081,0.40888
370,33,0,0,4,0,1,0,0,-25.126,0.73467,0.15,642,31.5246,2.6101,0.40888
371,25,0,0,8,0,1,0,0,-19.02,0.73406,0.15,642,31.5246,2.98982,0.40888
372,5,0,0,3,0,1,0,0,-33.804,0.73345,0.15,642,31.5246,2.0309,0.40888
373,5,0,0,3,0,1,0,0,-33.808,0.73284,0.15,642,31.5246,0.38279,0.40888
374,6,0,0,4,0,1,0,0,-33.156,0.73223,0.15,642,31.5246,3.39364,0.40888
375,14,0,0,3,0,1,0,0,-28.415,0.73162,0.15,642,31.5246,6.76036,0.40888
376,16,0,0,4,0,1,0,0,-25.391,0.73101,0.15,642,31.5246,4.35585,0.40888
377,32,0,0,9,0,1,0,0,-22.702,0.7304,0.15,642,31.5246,4.98461,0.40888
378,50,0,0,13,0,1,0,0,-20.549,0.72979,0.15,642,31.5246,5.00356,0.40888
379,7,0,0,3,0,1,0,0,-28.45,0.72918,0.15,642,31.5246,10.85976,0.40888
380,15,0,0,4,0,1,0,0,-27.04,0.72857,0.15,642,31.5246,4.63267,0.40888
381,6,0,0,1,0,1,0,0,-28.506,0.72797,0.15,642,31.5246,9.67742,0.40888
382,14,0,0,2,0,1,0,0,-25.323,0.72736,0.15,642,31.5246,4.07507,0.40888
383,5,0,0,3,0,1,0,0,-30.504,0.72675,0.15,642,31.5246,4.77543,0.40888
384,6,0,0,2,0,1,0,0,-29.66,0.72615,0.15,642,31.5246,5.2031,0.40888
385,8,0,0,3,0,1,0,0,-33.35,0.72554,0.15,642,31.5246,3.40136,0.40888
386,21,0,0,5,0,1,0,0,-28.747,0.72494,0.15,643,31.5246,8.43384,0.4085
387,5,0,0,4,0,1,0,0,-33.208,0.72434,0.15,643,31.5246,2.44316,0.4085
388,46,0,0,6,0,1,0,0,-20.217,0.72373,0.15,643,31.5246,4.3239,0.4085
389,34,0,0,14,0,1,0,0,-16.799,0.72313,0.15,643,31.5246,3.42865,0.4085
390,6,0,0,2,0,1,0,0,-29.404,0.72253,0.15,643,31.5246,11.81452,0.4085
391,42,0,0,4,0,1,0,0,-27.411,0.72193,0.15,643,31.5246,2.8977,0.4085
392,8,0,0,3,0,1,0,0,-33.35,0.72132,0.15,643,31.5246,6.34048,0.4085
393,7,0,0,3,0,1,0,0,-33.406,0.72072,0.15,643,31.5246,3.87051,0.4085
394,5,0,0,2,0,1,0,0,-28.062,0.72012,0.15,643,31.5246,2.84527,0.4085
395,9,0,0,3,0,1,0,0,-33.002,0.71952,0.15,643,31.5246,3.55334,0.4085
396,61,0,0,8,0,1,0,0,-18.034,0.71892,0.15,643,31.5246,3.36336,0.4085
397,14,0,0,5,0,1,0,0,-28.372,0.71832,0.15,643,31.5246,6.47259,0.4085
398,5,0,0,4,0,1,0,0,-32.806,0.71773,0.15,643,31.5246,1.35637,0.4085
399,6,0,0,4,0,1,0,0,-33.154,0.71713,0.15,643,31.5246,5.332,0.4085
400,27,1,1,3,0,1,0,0,-26.952,0.71653,0.15,643,31.5246,6.03478,0.4085
401,27,0,0,4,0,1,0,0,-28.969,0.71593,0.15,643,31.5246,5.1598,0.4085
402,17,0,0,5,0,1,0,0,-26.182,0.71534,0.15,643,31.5246,4.95855,0.4085
403,14,0,0,6,0,1,0,0,-26.971,0.71474,0.15,643,31.5246,5.5026,0.4085
404,7,0,0,2,0,1,0,0,-32.29,0.71415,0.15,643,31.5246,4.81495,0.4085
405,16,0,0,5,0,1,0,0,-21.753,0.71355,0.15,643,31.5246,3.14161,0.4085
406,28,1,1,11,0,1,0,0,-19.922,0.71296,0.15,643,31.5246,3.67926,0.4085
407,7,0,0,2,0,1,0,0,-31.152,0.71236,0.15,643,31.5246,6.80727,0.4085
408,24,1,1,6,0,1,0,0,-23.484,0.71177,0.15,643,31.5246,3.13778,0.4085
409,13,0,0,4,0,1,0,0,-27.83,0.71118,0.15,643,31.5246,5.54468,0.4085
410,14,0,0,3,0,1,0,0,-26.006,0.71059,0.15,643,31.5246,5.41646,0.4085
411,41,0,0,12,0,1,0,0,-18.843,0.70999,0.15,643,31.5246,3.26247,0.4085
412,56,1,1,11,0,1,0,0,-15.728,0.7094,0.15,643,31.5246,4.1278,0.4085
413,92,0,0,12,0,1,0,0,-10.491,0.70881,0.15,643,31.5246,2.95935,0.4085
414,66,0,0,16,0,1,0,0,-14.899,0.70822,0.15,643,31.5246,3.6609,0.4085
415,48,1,1,7,0,1,0,0,-19.818,0.70763,0.15,643,31.5246,4.201,0.4085
416,5,0,0,4,0,1,0,0,-32.404,0.70704,0.15,643,31.5246,2.58912,0.4085
417,23,0,0,5,0,1,0,0,-26.291,0.70645,0.15,643,31.5246,3.74868,0.4085
418,25,0,0,8,0,1,0,0,-26.94,0.70586,0.15,643,31.5246,5.70445,0.4085
419,5,0,0,2,0,1,0,0,-34.006,0.70528,0.15,643,31.5246,1.25359,0.4085
420,89,0,0,10,0,1,0,0,-15.135,0.70469,0.15,643,31.5246,3.69854,0.4085
421,5,0,0,4,0,1,0,0,-33.204,0.7041,0.15,643,31.5246,2.53789,0.4085
422,5,0,0,3,0,1,0,0,-33.806,0.70351,0.15,643,31.5246,2.18602,0.4085
423,65,0,0,11,0,1,0,0,-11.67,0.70293,0.15,643,31.5246,3.18576,0.4085
424,18,0,0,7,0,1,0,0,-24.79,0.70234,0.15,643,31.5246,4.47786,0.4085
425,16,0,0,4,0,1,0,0,-29.519,0.70176,0.15,643,31.5246,7.07944,0.40876
426,34,0,0,8,0,1,0,0,-23.298,0.70117,0.15,643,31.5246,3.94216,0.40876
427,14,0,0,3,0,1,0,0,-28.569,0.70059,0.15,643,31.5246,4.22571,0.40876
428,58,1,1,11,0,1,0,0,-13.765,0.70001,0.15,643,31.5246,3.57332,0.40876
429,6,0,0,2,0,1,0,0,-31.204,0.69942,0.15,643,31.5246,6.7206,0.40876
430,32,1,1,3,0,1,0,0,-23.794,0.69884,0.15,643,31.5246,3.58003,0.40876
431,24,0,0,10,0,1,0,0,-16.467,0.69826,0.15,643,31.5246,1.87721,0.40876
432,5,0,0,3,0,1,0,0,-30.104,0.69768,0.15,643,31.5246,4.31172,0.40876
433,32,0,0,6,0,1,0,0,-18.117,0.6971,0.15,643,31.5246,3.35398,0.40876
434,8,0,0,2,0,1,0,0,-30.802,0.69651,0.15,643,31.5246,5.18595,0.40876
435,86,1,1,23,0,1,0,0,-8.853,0.69593,0.15,643,31.5246,3.35379,0.40876
436,84,0,0,17,0,1,0,0,-8.536,0.69535,0.15,643,31.5246,3.82083,0.40876
437,42,0,0,11,0,1,0,0,-20.378,0.69478,0.15,643,31.5246,3.48005,0.40876
438,9,0,0,5,0,1,0,0,-23.746,0.6942,0.15,643,31.5246,3.95354,0.40876
439,13,0,0,5,0,1,0,0,-25.55,0.69362,0.15,643,31.5246,6.10495,0.40876
440,5,0,0,4,0,1,0,0,-33.208,0.69304,0.15,643,31.5246,0.84953,0.40876
441,7,0,0,3,0,1,0,0,-32.21,0.69246,0.15,643,31.5246,6.55262,0.40876
442,16,0,0,8,0,1,0,0,-26.47,0.69189,0.15,643,31.5246,2.85399,0.40876
443,6,0,0,1,0,1,0,0,-31.804,0.69131,0.15,643,31.5246,7.9191,0.40876
444,25,0,0,9,0,1,0,0,-22.17,0.69073,0.15,643,31.5246,4.1105,0.40876
445,8,0,0,4,0,1,0,0,-32.356,0.69016,0.15,643,31.5246,4.1379,0.40876
446,15,0,0,3,0,1,0,0,-26.384,0.68958,0.15,643,31.5246,4.75231,0.40876
447,5,0,0,4,0,1,0,0,-33.206,0.68901,0.15,643,31.5246,0.91048,0.40876
448,7,0,0,2,0,1,0,0,-28.944,0.68844,0.15,643,31.5246,7.36906,0.40876
449,14,0,0,4,0,1,0,0,-27.734,0.68786,0.15,643,31.5246,5.41115,0.40876
450,5,0,0,3,0,1,0,0,-33.808,0.68729,0.15,643,31.5246,1.32156,0.40876
451,69,0,0,15,0,1,0,0,-17.789,0.68672,0.15,643,31.5246,3.70418,0.40876
452,9,0,0,3,0,1,0,0,-33.306,0.68614,0.15,643,31.5246,3.01475,0.40876
453,7,0,0,3,0,1,0,0,-28.99,0.68557,0.15,643,31.5246,9.33552,0.40876
454,40,0,0,6,0,1,0,0,-26.498,0.685,0.15,643,31.5246,4.81626,0.40876
455,5,0,0,4,0,1,0,0,-32.808,0.68443,0.15,643,31.5246,0.71612,0.40876
456,5,0,0,3,0,1,0,0,-33.408,0.68386,0.15,643,31.5246,0.85412,0.40876
457,13,0,0,3,0,1,0,0,-32.802,0.68329,0.15,643,31.5246,3.45778,0.40876
458,5,0,0,2,0,1,0,0,-31.408,0.68272,0.15,643,31.5246,7.27347,0.40876
459,37,0,0,6,0,1,0,0,-27.702,0.68215,0.15,643,31.5246,3.64506,0.40876
460,27,0,0,5,0,1,0,0,-28.85,0.68159,0.15,643,31.5246,6.47219,0.40876
461,28,0,0,2,0,1,0,0,-30.87,0.68102,0.15,643,31.5246,1.75235,0.40876
462,5,0,0,3,0,1,0,0,-33.808,0.68045,0.15,643,31.5246,0.91557,0.40876
463,84,1,1,12,0,1,0,0,-5.702,0.67988,0.15,643,31.5246,2.1995,0.40876
464,80,0,0,12,0,1,0,0,-14.155,0.67932,0.15,647,31.5246,3.05202,0.40752
465,5,0,0,2,0,1,0,0,-31.104,0.67875,0.15,647,31.5246,8.32506,0.40752
466,47,0,0,8,0,1,0,0,-27.882,0.67819,0.15,651,31.5246,4.79046,0.4063
467,39,0,0,5,0,1,0,0,-27.555,0.67762,0.15,651,31.5246,4.25766,0.4063
468,5,0,0,2,0,1,0,0,-28.062,0.67706,0.15,651,31.5246,5.40811,0.4063
469,38,0,0,7,0,1,0,0,-28.338,0.67649,0.15,651,31.5246,3.82312,0.4063
470,50,0,0,10,0,1,0,0,-14.111,0.67593,0.15,651,31.5246,1.7313,0.4063
471,8,0,0,1,0,1,0,0,-31.252,0.67537,0.15,651,31.5246,9.84836,0.4063
472,39,0,0,10,0,1,0,0,-18.631,0.6748,0.15,651,31.5246,3.41401,0.4063
473,15,0,0,3,0,1,0,0,-24.863,0.67424,0.15,651,31.5246,4.19809,0.4063
474,25,0,0,7,0,1,0,0,-24.896,0.67368,0.15,651,31.5246,3.17518,0.4063
475,36,1,1,9,0,1,0,0,-23.006,0.67312,0.15,651,31.5246,3.76234,0.4063
476,14,0,0,7,0,1,0,0,-27.476,0.67256,0.15,651,31.5246,5.64556,0.4063
477,14,0,0,5,0,1,0,0,-27.071,0.672,0.15,651,31.5246,5.52267,0.4063
478,17,0,0,4,0,1,0,0,-32.184,0.67144,0.15,651,31.5246,2.50424,0.4063
479,28,0,0,4,0,1,0,0,-22.759,0.67088,0.15,651,31.5246,2.81072,0.4063
480,5,0,0,4,0,1,0,0,-33.206,0.67032,0.15,651,31.5246,1.96784,0.4063
481,12,0,0,4,0,1,0,0,-24.296,0.66976,0.15,651,31.5246,3.36633,0.4063
482,46,0,0,14,0,1,0,0,-14.614,0.6692,0.15,651,31.5246,2.39563,0.4063
483,30,0,0,5,0,1,0,0,-25.594,0.66865,0.15,651,31.5246,2.95647,0.4063
484,75,1,1,14,0,1,0,0,-11.916,0.66809,0.15,651,31.5246,3.77457,0.4063
485,42,0,0,9,0,1,0,0,-21.486,0.66753,0.15,651,31.5246,3.50708,0.4063
486,15,0,0,5,0,1,0,0,-22.165,0.66698,0.15,651,31.5246,3.38696,0.4063
487,32,0,0,7,0,1,0,0,-21.31,0.66642,0.15,651,31.5246,2.25963,0.4063
488,101,1,1,17,0,1,0,0,0.485,0.66587,0.15,651,31.5246,3.5721,0.4063
489,30,0,0,5,0,1,0,0,-23.681,0.66531,0.15,651,31.5246,2.16079,0.4063
490,43,0,0,9,0,1,0,0,-23.154,0.66476,0.15,651,31.5246,3.14871,0.4063
491,54,0,0,9,0,1,0,0,-24.513,0.6642,0.15,652,31.5246,5.68463,0.40593
492,6,0,0,4,0,1,0,0,-33.156,0.66365,0.15,652,31.5246,4.60672,0.40593
493,10,0,0,2,0,1,0,0,-30.708,0.6631,0.15,652,31.5246,2.79282,0.40593
494,15,0,0,4,0,1,0,0,-29.868,0.66255,0.15,652,31.5246,5.10868,0.40593
495,54,1,1,9,0,1,0,0,-18.073,0.66199,0.15,652,31.5246,4.13755,0.40593
496,46,0,0,7,0,1,0,0,-19.81,0.66144,0.15,652,31.5246,4.10787,0.40593
497,54,0,0,15,0,1,0,0,-17.733,0.66089,0.15,652,31.5246,3.63346,0.40593
498,51,0,0,10,0,1,0,0,-21.947,0.66034,0.15,652,31.5246,4.03594,0.40593
499,39,0,0,13,0,1,0,0,-18.126,0.65979,0.15,652,31.5246,2.42747,0.40593
500,5,0,0,2,0,1,0,0,-29.412,0.65924,0.15,652,31.5246,8.50861,0.40593
501,14,0,0,3,0,1,0,0,-32.748,0.65869,0.15,652,31.5246,2.55213,0.40593
502,6,0,0,2,0,1,0,0,-28.01,0.65814,0.15,652,31.5246,5.27162,0.40593
503,35,0,0,5,0,1,0,0,-25.113,0.65759,0.15,652,31.5246,2.16267,0.40593
504,8,0,0,4,0,1,0,0,-27.986,0.65705,0.15,652,31.5246,7.91996,0.40593
505,6,0,0,4,0,1,0,0,-33.156,0.6565,0.15,652,31.5246,6.50972,0.40593
506,47,0,0,11,0,1,0,0,-16.556,0.65595,0.15,652,31.5246,3.12668,0.40593
507,6,0,0,3,0,1,0,0,-33.356,0.65541,0.15,652,31.5246,3.83095,0.40593
508,7,0,0,6,0,1,0,0,-23.648,0.65486,0.15,652,31.5246,4.73334,0.40593
509,183,1,1,19,0,1,0,0,-2.21,0.65431,0.15,657,31.5246,3.3683,0.40436
510,6,0,0,4,0,1,0,0,-33.156,0.65377,0.15,657,31.5246,5.08284,0.40436
511,24,0,0,9,0,1,0,0,-21.874,0.65323,0.15,657,31.5246,3.41567,0.40436
512,12,0,0,6,0,1,0,0,-28.144,0.65268,0.15,657,31.5246,5.68515,0.40436
513,71,0,0,7,0,1,0,0,-21.903,0.65214,0.15,657,31.5246,2.25504,0.40436
514,41,0,0,8,0,1,0,0,-23.031,0.65159,0.15,657,31.5246,2.58049,0.40436
515,32,0,0,8,0,1,0,0,-20.183,0.65105,0.15,657,31.5246,4.1657,0.40436
516,13,0,0,4,0,1,0,0,-29.665,0.65051,0.15,657,31.5246,5.87493,0.40436
517,55,1,1,7,0,1,0,0,-16.054,0.64997,0.15,657,31.5246,3.60333,0.40436
518,18,0,0,6,0,1,0,0,-23.978,0.64943,0.15,657,31.5246,4.46725,0.40436
519,26,1,1,9,0,1,0,0,-19.476,0.64888,0.15,657,31.5246,3.85124,0.40436
520,55,0,0,5,0,1,0,0,-17.487,0.64834,0.15,657,31.5246,2.65442,0.40436
521,14,0,0,4,0,1,0,0,-31.852,0.6478,0.15,657,31.5246,2.73576,0.40436
522,11,0,0,3,0,1,0,0,-28.404,0.64726,0.15,657,31.5246,4.3744,0.40436
523,18,0,0,2,0,1,0,0,-28.421,0.64673,0.15,657,31.5246,5.15195,0.40436
524,7,0,0,5,0,1,0,0,-27.154,0.64619,0.15,657,31.5246,2.86975,0.40436
525,51,0,0,6,0,1,0,0,-18.336,0.64565,0.15,657,31.5246,1.60478,0.40436
526,8,0,0,5,0,1,0,0,-27.388,0.64511,0.15,657,31.5246,6.81914,0.40436
527,18,0,0,5,0,1,0,0,-24.835,0.64457,0.15,657,31.5246,4.30102,0.40436
528,22,0,0,6,0,1,0,0,-26.374,0.64404,0.15,657,31.5246,3.20827,0.40436
529,23,1,1,7,0,1,0,0,-22.471,0.6435,0.15,657,31.5246,4.45052,0.40436
530,25,0,0,9,0,1,0,0,-23.155,0.64296,0.15,657,31.5246,5.84289,0.40462
531,5,0,0,3,0,1,0,0,-33.808,0.64243,0.15,657,31.5246,0.66322,0.40462
532,13,0,0,4,0,1,0,0,-25.88,0.64189,0.15,657,31.5246,6.26315,0.40462
533,8,0,0,3,0,1,0,0,-28.306,0.64136,0.15,657,31.5246,6.31639,0.40462
534,61,0,0,7,0,1,0,0,-19.648,0.64082,0.15,657,31.5246,2.23951,0.40462
535,5,0,0,4,0,1,0,0,-32.808,0.64029,0.15,657,31.5246,2.09811,0.40462
536,11,0,0,4,0,1,0,0,-31.904,0.63976,0.15,657,31.5246,3.52828,0.40462
537,24,0,0,7,0,1,0,0,-29.65,0.63922,0.15,657,31.5246,2.21622,0.40462
538,20,0,0,3,0,1,0,0,-27.494,0.63869,0.15,657,31.5246,2.98544,0.40462
539,21,0,0,8,0,1,0,0,-26.711,0.63816,0.15,657,31.5246,5.2477,0.40487
540,16,0,0,9,0,1,0,0,-26.134,0.63763,0.15,657,31.5246,3.5543,0.40487
541,24,0,0,6,0,1,0,0,-22.413,0.6371,0.15,657,31.5246,3.28381,0.40487
542,51,0,0,10,0,1,0,0,-11.575,0.63657,0.15,657,31.5246,2.25047,0.40487
543,13,0,0,8,0,1,0,0,-25.704,0.63604,0.15,657,31.5246,7.74216,0.40487
544,91,0,0,12,0,1,0,0,-16.314,0.63551,0.15,657,31.5246,3.12618,0.40487
545,37,1,1,4,0,1,0,0,-25.354,0.63498,0.15,657,31.5246,5.15993,0.40487
546,57,0,0,5,0,1,0,0,-27.951,0.63445,0.15,657,31.5246,2.89164,0.40487
547,60,0,0,12,0,1,0,0,-16.547,0.63392,0.15,657,31.5246,2.59426,0.40487
548,31,0,0,16,0,1,0,0,-17.509,0.63339,0.15,657,31.5246,3.67463,0.40487
549,37,1,1,5,0,1,0,0,-19.867,0.63286,0.15,657,31.5246,3.09354,0.40487
550,15,0,0,6,0,1,0,0,-24.803,0.63234,0.15,657,31.5246,5.05609,0.40487
551,14,0,0,4,0,1,0,0,-27.819,0.63181,0.15,657,31.5246,7.07346,0.40512
552,30,0,0,7,0,1,0,0,-19.234,0.63128,0.15,657,31.5246,3.53065,0.40512
553,9,0,0,1,0,1,0,0,-29.302,0.63076,0.15,657,31.5246,7.84302,0.40512
554,48,0,0,21,0,1,0,0,-13.248,0.63023,0.15,657,31.5246,4.5797,0.40512
555,45,2,2,10,0,1,0,0,-15.631,0.62971,0.15,657,31.5246,4.60116,0.40512
556,15,0,0,5,0,1,0,0,-26.75,0.62918,0.15,657,31.5246,5.39178,0.40512
557,34,0,0,9,0,1,0,0,-17.692,0.62866,0.15,657,31.5246,4.63919,0.40538
558,7,0,0,4,0,1,0,0,-32.702,0.62814,0.15,657,31.5246,3.39349,0.40538
559,29,0,0,5,0,1,0,0,-22.407,0.62761,0.15,657,31.5246,2.99775,0.40538
560,40,1,1,8,0,1,0,0,-21.478,0.62709,0.15,657,31.5246,5.06231,0.40563
561,7,0,0,3,0,1,0,0,-33.402,0.62657,0.15,657,31.5246,6.08118,0.40563
562,24,0,0,6,0,1,0,0,-22.126,0.62604,0.15,657,31.5246,2.90985,0.40563
563,40,0,0,12,0,1,0,0,-19.732,0.62552,0.15,657,31.5246,4.17992,0.40589
564,19,0,0,5,0,1,0,0,-25.163,0.625,0.15,657,31.5246,3.21163,0.40589
565,110,1,1,14,0,1,0,0,-12.462,0.62448,0.15,657,31.5246,3.42154,0.40614
566,78,0,0,14,0,1,0,0,-12.915,0.62396,0.15,657,31.5246,2.30972,0.40614
567,14,0,0,5,0,1,0,0,-30.5,0.62344,0.15,657,31.5246,5.15199,0.40614
568,8,0,0,2,0,1,0,0,-30.808,0.62292,0.15,657,31.5246,4.71912,0.40614
569,20,0,0,9,0,1,0,0,-20.8,0.6224,0.15,657,31.5246,5.10637,0.40614
570,5,0,0,3,0,1,0,0,-33.404,0.62189,0.15,657,31.5246,2.71746,0.40614
571,62,0,0,18,0,1,0,0,-13.308,0.62137,0.15,657,31.5246,3.32658,0.40665
572,5,0,0,3,0,1,0,0,-33.802,0.62085,0.15,657,31.5246,7.9848,0.40665
573,32,0,0,7,0,1,0,0,-27.053,0.62033,0.15,657,31.5246,3.61799,0.40665
574,8,0,0,4,0,1,0,0,-32.652,0.61982,0.15,657,31.5246,3.50375,0.40665
575,72,0,0,10,0,1,0,0,-11.516,0.6193,0.15,657,31.5246,2.8139,0.40665
576,9,0,0,4,0,1,0,0,-32.526,0.61878,0.15,657,31.5246,3.89266,0.40665
577,30,0,0,4,0,1,0,0,-25.96,0.61827,0.15,657,31.5246,2.84965,0.40665
578,14,0,0,3,0,1,0,0,-25.444,0.61775,0.15,657,31.5246,6.55293,0.40665
579,7,0,0,4,0,1,0,0,-32.644,0.61724,0.15,657,31.5246,3.50961,0.40665
580,61,1,1,7,0,1,0,0,-17.878,0.61672,0.15,657,31.5246,3.67119,0.40665
581,14,0,0,2,0,1,0,0,-26.713,0.61621,0.15,657,31.5246,3.82461,0.40665
582,25,0,0,9,0,1,0,0,-16.917,0.6157,0.15,657,31.5246,3.08735,0.40665
583,70,0,0,16,0,1,0,0,-14.733,0.61518,0.15,657,31.5246,3.29164,0.40665
584,8,0,0,2,0,1,0,0,-30.954,0.61467,0.15,657,31.5246,5.6602,0.40665
585,13,0,0,4,0,1,0,0,-31.15,0.61416,0.15,657,31.5246,4.54722,0.40665
586,39,0,0,12,0,1,0,0,-18.755,0.61365,0.15,657,31.5246,5.94119,0.40665
587,24,0,0,4,0,1,0,0,-27.736,0.61314,0.15,657,31.5246,2.41913,0.40665
588,69,1,1,7,0,1,0,0,-13.191,0.61263,0.15,657,31.5246,2.94603,0.40665
589,36,1,1,10,0,1,0,0,-19.451,0.61212,0.15,657,31.5246,4.59202,0.40665
590,28,0,0,8,0,1,0,0,-20.891,0.61161,0.15,657,31.5246,4.8499,0.40665
591,46,1,1,11,0,1,0,0,-11.654,0.6111,0.15,657,31.5246,4.43177,0.40665
592,42,0,0,10,0,1,0,0,-20.412,0.61059,0.15,657,31.5246,3.80373,0.40665
593,33,0,0,5,0,1,0,0,-27.21,0.61008,0.15,657,31.5246,3.08396,0.40665
594,5,0,0,2,0,1,0,0,-34.404,0.60957,0.15,657,31.5246,3.01598,0.40665
595,36,0,0,6,0,1,0,0,-19.488,0.60906,0.15,657,31.5246,2.635,0.40665
596,32,0,0,13,0,1,0,0,-17.764,0.60856,0.15,657,31.5246,3.78453,0.40665
597,72,0,0,3,0,1,0,0,-17.942,0.60805,0.15,665,31.5246,3.03334,0.40376
598,46,0,0,8,0,1,0,0,-21.746,0.60754,0.15,665,31.5246,2.86688,0.40376
599,5,0,0,4,0,1,0,0,-33.206,0.60704,0.15,665,31.5246,1.50071,0.40376
600,5,0,0,3,0,1,0,0,-33.804,0.60653,0.15,665,31.5246,2.34492,0.40376
601,68,2,2,11,0,1,0,0,-2.831,0.60603,0.15,665,31.5246,2.13987,0.40376
602,7,0,0,4,0,1,0,0,-32.744,0.60552,0.15,665,31.5246,4.77095,0.40376
603,7,0,0,4,0,1,0,0,-32.804,0.60502,0.15,665,31.5246,4.7264,0.40376
604,7,0,0,2,0,1,0,0,-28.992,0.60451,0.15,665,31.5246,11.06175,0.40376
605,21,0,0,4,0,1,0,0,-31.2,0.60401,0.15,665,31.5246,1.86466,0.40376
606,5,0,0,1,0,1,0,0,-31.706,0.60351,0.15,665,31.5246,9.42584,0.40376
607,41,0,0,11,0,1,0,0,-22.229,0.603,0.15,666,31.5246,4.82266,0.4034
608,29,0,0,2,0,1,0,0,-27.102,0.6025,0.15,666,31.5246,3.72749,0.4034
609,67,0,0,7,0,1,0,0,-16.107,0.602,0.15,666,31.5246,2.64044,0.4034
610,5,0,0,2,0,1,0,0,-34.406,0.6015,0.15,666,31.5246,1.74331,0.4034
611,104,1,1,14,0,1,0,0,-18.553,0.601,0.15,669,31.5246,2.80059,0.40234
612,13,0,0,4,0,1,0,0,-31.8,0.6005,0.15,669,31.5246,3.26127,0.40234
613,5,0,0,3,0,1,0,0,-33.808,0.6,0.15,669,31.5246,1.96955,0.40234
614,9,0,0,4,0,1,0,0,-32.224,0.5995,0.15,669,31.5246,4.11236,0.40234
615,5,0,0,1,0,1,0,0,-33.312,0.599,0.15,669,31.5246,8.75888,0.40234
616,41,0,0,7,0,1,0,0,-19.919,0.5985,0.15,669,31.5246,1.9509,0.40234
617,26,0,0,2,0,1,0,0,-31.466,0.598,0.15,669,31.5246,3.2436,0.40234
618,19,0,0,4,0,1,0,0,-27.446,0.5975,0.15,669,31.5246,3.69098,0.40234
619,34,0,0,7,0,1,0,0,-21.829,0.597,0.15,669,31.5246,3.39542,0.40234
620,6,0,0,2,0,1,0,0,-31.206,0.59651,0.15,669,31.5246,7.10879,0.40234
621,34,0,0,4,0,1,0,0,-25.185,0.59601,0.15,669,31.5246,2.96088,0.40234
622,44,0,0,7,0,1,0,0,-26.001,0.59551,0.15,669,31.5246,2.06812,0.40234
623,5,0,0,3,0,1,0,0,-33.808,0.59502,0.15,669,31.5246,1.09399,0.40234
624,11,0,0,3,0,1,0,0,-28.404,0.59452,0.15,669,31.5246,4.43901,0.40234
625,108,3,3,22,0,1,0,0,7.482,0.59403,0.15,669,31.5246,3.30175,0.40259
626,33,0,0,6,0,1,0,0,-18.15,0.59353,0.15,669,31.5246,3.80989,0.40259
627,32,1,1,7,0,1,0,0,-18.135,0.59304,0.15,669,31.5246,3.73668,0.40259
628,54,2,2,10,0,1,0,0,-13.393,0.59254,0.15,669,31.5246,3.17565,0.40259
629,5,0,0,3,0,1,0,0,-33.408,0.59205,0.15,669,31.5246,1.75158,0.40259
630,38,0,0,7,0,1,0,0,-18.064,0.59156,0.15,669,31.5246,3.41294,0.40259
631,51,0,0,10,0,1,0,0,-23.687,0.59106,0.15,669,31.5246,2.77845,0.40259
632,7,0,0,4,0,1,0,0,-32.406,0.59057,0.15,669,31.5246,4.45356,0.40259
633,91,0,0,10,0,1,0,0,-14.48,0.59008,0.15,670,31.5246,3.05448,0.40224
634,24,0,0,6,0,1,0,0,-28.928,0.58959,0.15,670,31.5246,4.66468,0.40224
635,249,0,0,20,0,1,0,0,6.369,0.5891,0.15,679,31.5246,2.5973,0.39985
636,9,0,0,3,0,1,0,0,-29.596,0.5886,0.15,679,31.5246,6.48785,0.39985
637,111,0,0,17,0,1,0,0,-2.355,0.58811,0.15,679,31.5246,1.85214,0.39985
638,5,0,0,4,0,1,0,0,-33.208,0.58762,0.15,679,31.5246,1.35907,0.39985
639,44,0,0,14,0,1,0,0,-14.044,0.58714,0.15,679,31.5246,2.23643,0.39985
640,57,0,0,9,0,1,0,0,-18.242,0.58665,0.15,679,31.5246,2.88632,0.39985
641,36,0,0,11,0,1,0,0,-20.988,0.58616,0.15,679,31.5246,3.50529,0.39985
642,101,1,1,14,0,1,0,0,1.737,0.58567,0.15,679,31.5246,2.47753,0.4001
643,50,1,1,9,0,1,0,0,-17.268,0.58518,0.15,679,31.5246,4.11166,0.40034
644,32,0,0,6,0,1,0,0,-26.199,0.58469,0.15,679,31.5246,7.08978,0.40034
645,7,0,0,3,0,1,0,0,-33.406,0.58421,0.15,679,31.5246,3.41828,0.40034
646,5,0,0,4,0,1,0,0,-32.808,0.58372,0.15,679,31.5246,0.85804,0.40034
647,5,0,0,3,0,1,0,0,-30.106,0.58323,0.15,679,31.5246,5.70413,0.40034
648,32,0,0,7,0,1,0,0,-27.155,0.58275,0.15,679,31.5246,3.85613,0.40034
649,146,1,1,20,0,1,0,0,-8.038,0.58226,0.15,681,31.5246,3.29115,0.39966
650,29,0,0,5,0,1,0,0,-23.509,0.58178,0.15,681,31.5246,3.03761,0.39966
651,9,0,0,3,0,1,0,0,-32.824,0.58129,0.15,681,31.5246,3.91718,0.39966
652,68,0,0,12,0,1,0,0,-20.668,0.58081,0.15,681,31.5246,3.53382,0.3999
653,15,0,0,6,0,1,0,0,-29.232,0.58033,0.15,681,31.5246,4.18148,0.3999
654,5,0,0,2,0,1,0,0,-34.406,0.57984,0.15,681,31.5246,1.31763,0.3999
655,8,0,0,2,0,1,0,0,-32.456,0.57936,0.15,681,31.5246,4.85396,0.3999
656,9,0,0,2,0,1,0,0,-28.946,0.57888,0.15,681,31.5246,8.50843,0.3999
657,21,0,0,3,0,1,0,0,-27.304,0.57839,0.15,681,31.5246,2.49088,0.3999
658,60,0,0,15,0,1,0,0,-15.21,0.57791,0.15,681,31.5246,3.9593,0.3999
659,6,0,0,3,0,1,0,0,-28.802,0.57743,0.15,681,31.5246,10.3145,0.3999
660,10,0,0,4,0,1,0,0,-29.354,0.57695,0.15,681,31.5246,5.94639,0.3999
661,5,0,0,3,0,1,0,0,-33.808,0.57647,0.15,681,31.5246,2.63722,0.3999
662,27,0,0,8,0,1,0,0,-28.02,0.57599,0.15,681,31.5246,3.12525,0.3999
663,33,0,0,6,0,1,0,0,-25.973,0.57551,0.15,681,31.5246,4.4526,0.40015
664,34,0,0,11,0,1,0,0,-18.3,0.57503,0.15,681,31.5246,2.54513,0.40015
665,133,1,1,29,0,1,0,0,-0.806,0.57455,0.15,681,31.5246,3.83898,0.40039
666,65,1,1,13,0,1,0,0,-5.842,0.57407,0.15,681,31.5246,2.31299,0.40039
667,5,0,0,4,0,1,0,0,-33.208,0.57359,0.15,681,31.5246,2.92675,0.40039
668,86,1,1,12,0,0,0,0,8.033,0.57312,0.15,687,31.5246,2.61767,0.39884
669,5,0,0,3,0,1,0,0,-28.854,0.57264,0.15,687,31.5246,7.48612,0.39884
670,5,0,0,3,0,1,0,0,-33.808,0.57216,0.15,687,31.5246,1.15269,0.39884
671,5,0,0,2,0,1,0,0,-32.754,0.57169,0.15,687,31.5246,3.88957,0.39884
672,18,0,0,8,0,1,0,0,-24.83,0.57121,0.15,687,31.5246,3.46498,0.39884
673,28,1,1,7,0,1,0,0,-19.323,0.57073,0.15,687,31.5246,4.2571,0.39884
674,28,0,0,4,0,1,0,0,-23.964,0.57026,0.15,687,31.5246,2.74977,0.39884
675,32,1,1,7,0,1,0,0,-19.125,0.56978,0.15,687,31.5246,3.11175,0.39884
676,5,0,0,3,0,1,0,0,-33.408,0.56931,0.15,687,31.5246,1.86869,0.39884
677,16,0,0,4,0,1,0,0,-25.946,0.56883,0.15,687,31.5246,3.22572,0.39884
678,5,0,0,3,0,1,0,0,-33.808,0.56836,0.15,687,31.5246,3.3038,0.39884
679,97,0,0,11,0,1,0,0,-6.359,0.56789,0.15,687,31.5246,2.14241,0.39884
680,65,0,0,15,0,1,0,0,-12.724,0.56741,0.15,687,31.5246,2.38058,0.39884
681,173,1,1,28,0,1,0,0,15.227,0.56694,0.15,689,31.5246,2.82335,0.39816
682,5,0,0,3,0,1,0,0,-33.806,0.56647,0.15,689,31.5246,2.20938,0.39816
683,61,0,0,13,0,1,0,0,-21.055,0.566,0.15,689,31.5246,2.62457,0.39816
684,18,0,0,6,0,1,0,0,-23.215,0.56553,0.15,689,31.5246,5.68255,0.39816
685,52,0,0,8,0,1,0,0,-18.211,0.56505,0.15,689,31.5246,3.31991,0.39816
686,14,0,0,2,0,1,0,0,-28.621,0.56458,0.15,689,31.5246,5.33184,0.39816
687,80,0,0,16,0,1,0,0,-0.777,0.56411,0.15,690,31.5246,2.66995,0.39783
688,14,0,0,3,0,1,0,0,-26.301,0.56364,0.15,690,31.5246,5.26933,0.39783
689,5,0,0,3,0,1,0,0,-30.104,0.56317,0.15,690,31.5246,4.4149,0.39783
690,58,1,1,17,0,1,0,0,-9.575,0.5627,0.15,690,31.5246,2.55292,0.39783
691,15,0,0,4,0,1,0,0,-29.088,0.56224,0.15,690,31.5246,5.29663,0.39783
692,43,0,0,10,0,1,0,0,-16.523,0.56177,0.15,690,31.5246,3.63534,0.39783
693,5,0,0,3,0,1,0,0,-30.104,0.5613,0.15,690,31.5246,7.38795,0.39783
694,62,0,0,8,0,1,0,0,-18.437,0.56083,0.15,690,31.5246,2.04376,0.39783
695,24,0,0,3,0,1,0,0,-26.15,0.56037,0.15,690,31.5246,2.69303,0.39783
696,9,0,0,3,0,1,0,0,-30.156,0.5599,0.15,690,31.5246,4.55579,0.39783
697,5,0,0,3,0,1,0,0,-29.152,0.55943,0.15,690,31.5246,9.45625,0.39783
698,19,0,0,2,0,1,0,0,-28.217,0.55897,0.15,690,31.5246,4.7295,0.39783
699,78,1,1,15,0,1,0,0,-7.777,0.5585,0.15,690,31.5246,3.26884,0.39783
700,39,0,0,6,0,1,0,0,-21.628,0.55804,0.15,690,31.5246,2.48244,0.39783
701,5,0,0,3,0,1,0,0,-33.808,0.55757,0.15,690,31.5246,2.83855,0.39783
702,51,0,0,10,0,1,0,0,-16.5,0.55711,0.15,690,31.5246,2.58325,0.39783
703,51,0,0,10,0,1,0,0,-23.948,0.55664,0.15,690,31.5246,2.95922,0.39783
704,29,0,0,10,0,1,0,0,-23.382,0.55618,0.15,690,31.5246,4.66095,0.39807
705,15,0,0,6,0,1,0,0,-26.596,0.55571,0.15,690,31.5246,4.13579,0.39807
706,15,0,0,4,0,1,0,0,-28.216,0.55525,0.15,690,31.5246,3.95227,0.39807
707,7,0,0,3,0,1,0,0,-33.406,0.55479,0.15,690,31.5246,5.30763,0.39807
708,5,0,0,4,0,1,0,0,-33.208,0.55433,0.15,690,31.5246,2.23723,0.39807
709,50,0,0,7,0,1,0,0,-19.286,0.55387,0.15,690,31.5246,3.65381,0.39807
710,16,0,0,5,0,1,0,0,-26.652,0.5534,0.15,690,31.5246,3.37742,0.39807
711,5,0,0,2,0,1,0,0,-28.912,0.55294,0.15,690,31.5246,3.10366,0.39807
712,14,0,0,5,0,1,0,0,-30.028,0.55248,0.15,690,31.5246,3.52788,0.39807
713,31,0,0,6,0,1,0,0,-21.309,0.55202,0.15,690,31.5246,2.70807,0.39807
714,81,0,0,16,0,1,0,0,-8.933,0.55156,0.15,690,31.5246,2.40551,0.39807
715,46,0,0,9,0,1,0,0,-17.125,0.5511,0.15,690,31.5246,3.38957,0.39807
716,98,1,1,7,0,1,0,0,-8.387,0.55064,0.15,694,31.5246,3.40737,0.39721
717,23,0,0,5,0,1,0,0,-25.057,0.55019,0.15,694,31.5246,4.09079,0.39721
718,24,0,0,9,0,1,0,0,-20.895,0.54973,0.15,694,31.5246,3.92496,0.39721
719,20,0,0,8,0,1,0,0,-23.184,0.54927,0.15,694,31.5246,3.2721,0.39721
720,14,0,0,3,0,1,0,0,-28.754,0.54881,0.15,694,31.5246,3.86355,0.39721
721,214,2,2,30,0,1,0,0,32.107,0.54835,0.15,700,31.5246,2.50339,0.39667
722,26,1,1,6,0,1,0,0,-16.975,0.5479,0.15,700,31.5246,4.1184,0.39667
723,64,0,0,4,0,1,1,0,-27.055,0.54744,0.15,702,31.5246,4.10217,0.39601
724,46,1,1,12,0,1,0,0,-7.639,0.54699,0.15,702,31.5246,2.36249,0.39601
725,151,0,0,17,0,1,0,0,4.396,0.54653,0.15,702,31.5246,2.39749,0.39601
726,35,0,0,9,0,1,0,0,-16.718,0.54607,0.15,702,31.5246,3.31493,0.39601
727,5,0,0,3,0,1,0,0,-31.352,0.54562,0.15,702,31.5246,1.10521,0.39601
728,5,0,0,3,0,1,0,0,-33.808,0.54517,0.15,702,31.5246,1.92332,0.39601
729,39,0,0,9,0,1,0,0,-18.295,0.54471,0.15,702,31.5246,3.07979,0.39601
730,46,0,0,4,0,1,0,0,-20.874,0.54426,0.15,702,31.5246,2.24068,0.39601
731,30,0,0,7,0,1,0,0,-22.056,0.5438,0.15,702,31.5246,3.2129,0.39601
732,5,0,0,2,0,1,0,0,-31.408,0.54335,0.15,702,31.5246,5.08748,0.39601
733,5,0,0,3,0,1,0,0,-32.152,0.5429,0.15,702,31.5246,3.3051,0.39601
734,38,0,0,10,0,1,0,0,-13.974,0.54245,0.15,702,31.5246,2.35089,0.39601
735,25,0,0,7,0,1,0,0,-21.559,0.54199,0.15,702,31.5246,3.01099,0.39601
736,33,0,0,5,0,1,0,0,-23.146,0.54154,0.15,702,31.5246,3.37235,0.39601
737,38,0,0,9,0,1,0,0,-16.06,0.54109,0.15,702,31.5246,2.44814,0.39601
738,5,0,0,2,0,1,0,0,-31.104,0.54064,0.15,702,31.5246,9.6594,0.39601
739,39,0,0,9,0,1,0,0,-20.993,0.54019,0.15,702,31.5246,3.25093,0.39601
740,15,0,0,3,0,1,0,0,-25.138,0.53974,0.15,702,31.5246,3.91421,0.39601
741,18,0,0,5,0,1,0,0,-21.533,0.53929,0.15,702,31.5246,2.4305,0.39601
742,8,0,0,3,0,1,0,0,-33.652,0.53884,0.15,702,31.5246,3.1549,0.39601
743,30,0,0,5,0,1,0,0,-33.34,0.53839,0.15,702,31.5246,5.70675,0.39601
744,73,0,0,11,0,1,0,0,-10.622,0.53794,0.15,702,31.5246,3.25445,0.39601
745,165,0,0,16,0,1,0,0,6.812,0.5375,0.15,703,31.5246,2.20082,0.39616
746,24,0,0,6,0,1,0,0,-22.684,0.53705,0.15,703,31.5246,2.23497,0.39616
747,45,1,1,3,0,1,0,0,-17.918,0.5366,0.15,703,31.5246,2.1201,0.39616
748,49,0,0,8,0,1,0,0,-17.116,0.53615,0.15,703,31.5246,2.57517,0.39616
749,14,0,0,5,0,1,0,0,-26.499,0.53571,0.15,703,31.5246,4.32569,0.39616
750,5,0,0,4,0,1,0,0,-32.808,0.53526,0.15,703,31.5246,1.32261,0.39616
751,32,0,0,6,0,1,0,0,-23.618,0.53482,0.15,703,31.5246,3.449,0.39616
752,21,1,1,7,0,1,0,0,-19.481,0.53437,0.15,703,31.5246,4.26544,0.39616
753,16,0,0,3,0,1,0,0,-29.687,0.53392,0.15,704,31.5246,7.66048,0.39583
754,40,0,0,10,0,1,0,0,-17.06,0.53348,0.15,704,31.5246,2.37242,0.39583
755,10,0,0,2,0,1,0,0,-30.406,0.53304,0.15,704,31.5246,3.72175,0.39583
756,9,0,0,3,0,1,0,0,-33.004,0.53259,0.15,704,31.5246,4.58601,0.39583
757,42,0,0,9,0,1,0,0,-19.595,0.53215,0.15,707,31.5246,2.68323,0.39486
758,39,0,0,7,0,1,0,0,-18.525,0.5317,0.15,707,31.5246,1.81212,0.39486
759,114,2,2,17,0,1,0,0,-1.725,0.53126,0.15,708,31.5246,3.52767,0.39501
760,5,0,0,4,0,1,0,0,-33.208,0.53082,0.15,708,31.5246,4.27641,0.39501
761,36,0,0,10,0,1,0,0,-18.797,0.53038,0.15,708,31.5246,2.49307,0.39501
762,29,0,0,9,0,1,0,0,-25.135,0.52994,0.15,708,31.5246,5.03343,0.39501
763,114,1,1,17,0,1,0,0,-6.307,0.52949,0.15,708,31.5246,3.38949,0.39501
764,34,1,1,11,0,1,0,0,-15.434,0.52905,0.15,708,31.5246,3.23351,0.39501
765,40,0,0,9,0,1,0,0,-21.205,0.52861,0.15,708,31.5246,2.8706,0.39501
766,13,0,0,4,0,1,0,0,-26.375,0.52817,0.15,708,31.5246,5.7199,0.39501
767,49,0,0,15,0,1,0,0,-13.805,0.52773,0.15,708,31.5246,3.06136,0.39501
768,43,0,0,9,0,1,0,0,-22.734,0.52729,0.15,708,31.5246,2.97988,0.39501
769,6,0,0,4,0,1,0,0,-32.756,0.52685,0.15,708,31.5246,4.11536,0.39501
770,96,1,1,10,0,1,0,0,-8.854,0.52641,0.15,709,31.5246,2.5482,0.39516
771,222,3,3,15,0,1,0,0,7.99,0.52598,0.15,722,31.5246,2.91792,0.39266
772,32,1,1,5,0,1,0,0,-19.028,0.52554,0.15,722,31.5246,2.72056,0.39266
773,84,0,0,18,0,1,0,0,-8.573,0.5251,0.15,722,31.5246,3.39866,0.39266
774,42,1,1,9,0,1,0,0,-11.851,0.52466,0.15,722,31.5246,2.79302,0.39266
775,7,0,0,1,0,1,0,0,-31.754,0.52423,0.15,722,31.5246,7.8192,0.39266
776,210,1,1,11,0,1,0,0,8.217,0.52379,0.15,729,31.5246,2.31696,0.39163
777,54,1,1,11,0,1,0,0,-13.264,0.52335,0.15,729,31.5246,2.88483,0.39163
778,320,1,1,19,0,1,0,0,0.496,0.52292,0.15,732,31.5246,2.86126,0.39162
779,23,0,0,8,0,1,0,0,-24.561,0.52248,0.15,732,31.5246,5.73097,0.39162
780,15,0,0,5,0,1,0,0,-22.09,0.52205,0.15,732,31.5246,4.10044,0.39162
781,21,0,0,6,0,1,0,0,-24.616,0.52161,0.15,732,31.5246,4.31695,0.39162
782,26,0,0,8,0,1,0,0,-22.515,0.52118,0.15,732,31.5246,3.22598,0.39162
783,22,0,0,3,0,1,0,0,-22.38,0.52074,0.15,732,31.5246,3.3713,0.39162
784,27,0,0,7,0,1,0,0,-20.172,0.52031,0.15,732,31.5246,4.86547,0.39162
785,5,0,0,2,0,1,0,0,-34.408,0.51988,0.15,732,31.5246,3.98616,0.39162
786,31,0,0,7,0,1,0,0,-20.267,0.51944,0.15,732,31.5246,4.10931,0.39162
787,16,0,0,3,0,1,0,0,-23.396,0.51901,0.15,732,31.5246,3.00376,0.39162
788,49,1,1,8,0,1,0,0,-9.932,0.51858,0.15,735,31.5246,3.66277,0.39093
789,34,0,0,4,0,1,0,0,-25.453,0.51815,0.15,735,31.5246,2.33594,0.39093
790,14,0,0,7,0,1,0,0,-27.498,0.51771,0.15,735,31.5246,3.52706,0.39093
791,29,1,1,3,0,1,0,0,-20.879,0.51728,0.15,735,31.5246,2.82112,0.39093
792,48,1,1,2,0,1,0,0,-25.048,0.51685,0.15,735,31.5246,3.60104,0.39093
793,8,0,0,2,0,1,0,0,-30.368,0.51642,0.15,735,31.5246,5.0376,0.39093
794,8,0,0,1,0,1,0,0,-31.402,0.51599,0.15,735,31.5246,6.46234,0.39093
795,14,0,0,5,0,1,0,0,-25.496,0.51556,0.15,735,31.5246,3.68096,0.39093
796,61,1,1,23,0,1,0,0,-6.928,0.51513,0.15,735,31.5246,4.26186,0.39093
797,217,0,0,24,0,1,0,0,17.821,0.5147,0.15,739,31.5246,2.48002,0.39017
798,5,0,0,4,0,1,0,0,-33.208,0.51427,0.15,739,31.5246,3.09404,0.39017
799,200,1,1,30,0,1,1,0,8.913,0.51385,0.15,743,31.5246,2.73267,0.38941
800,29,0,0,8,0,1,0,0,-22.029,0.51342,0.15,743,31.5246,2.891,0.38941
801,102,1,1,8,0,1,0,0,-5.631,0.51299,0.15,743,31.5246,1.99655,0.38941
802,12,0,0,2,0,1,0,0,-31.442,0.51256,0.15,743,31.5246,3.60768,0.38941
803,48,1,1,5,0,1,0,0,-20.377,0.51214,0.15,743,31.5246,3.67056,0.38941
804,72,0,0,11,0,1,0,0,-12.618,0.51171,0.15,743,31.5246,3.19596,0.38941
805,5,0,0,2,0,1,0,0,-29.454,0.51128,0.15,743,31.5246,8.61356,0.38941
806,17,0,0,4,0,1,0,0,-28.754,0.51086,0.15,743,31.5246,3.41087,0.38941
807,49,1,1,5,0,1,0,0,-19.142,0.51043,0.15,743,31.5246,3.9542,0.38941
808,49,0,0,7,0,1,0,0,-22.787,0.51001,0.15,743,31.5246,2.83294,0.38941
809,45,1,1,13,0,1,0,0,-13.46,0.50958,0.15,743,31.5246,3.67755,0.38964
810,42,1,1,10,0,1,0,0,-14.086,0.50916,0.15,743,31.5246,2.57271,0.38964
811,20,0,0,6,0,1,0,0,-25.651,0.50873,0.15,743,31.5246,2.62139,0.38964
812,22,0,0,1,0,1,0,0,-28.83,0.50831,0.15,743,31.5246,3.77642,0.38964
813,57,0,0,8,0,1,0,0,-22.582,0.50789,0.15,743,31.5246,2.84972,0.38964
814,5,0,0,1,0,1,0,0,-31.664,0.50746,0.15,743,31.5246,5.91166,0.38964
815,52,1,1,10,0,1,0,0,-10.806,0.50704,0.15,743,31.5246,2.59839,0.38964
816,103,0,0,23,0,1,0,0,-3.315,0.50662,0.15,743,31.5246,2.69566,0.38964
817,33,0,0,12,0,1,0,0,-18.634,0.50619,0.15,743,31.5246,3.06653,0.38964
818,31,0,0,11,0,1,0,0,-14.347,0.50577,0.15,743,31.5246,3.59645,0.38986
819,93,0,0,12,0,1,0,0,-13.96,0.50535,0.15,743,31.5246,2.65593,0.38986
820,5,0,0,3,0,1,0,0,-33.808,0.50493,0.15,743,31.5246,1.15777,0.38986
821,243,2,2,28,0,1,0,0,20.506,0.50451,0.15,746,31.5246,2.58126,0.38986
822,67,0,0,14,0,1,0,0,-4.968,0.50409,0.15,746,31.5246,2.41927,0.38986
823,61,0,0,10,0,1,0,0,-18.098,0.50367,0.15,746,31.5246,1.63212,0.38986
824,19,0,0,4,0,1,0,0,-25.593,0.50325,0.15,746,31.5246,4.75773,0.38986
825,27,0,0,6,0,1,0,0,-24.049,0.50283,0.15,746,31.5246,3.29599,0.38986
826,26,0,0,8,0,1,0,0,-22.465,0.50241,0.15,746,31.5246,2.84401,0.38986
827,5,0,0,3,0,1,0,0,-28.454,0.50199,0.15,746,31.5246,8.24732,0.38986
828,30,0,0,5,0,1,0,0,-25.731,0.50158,0.15,746,31.5246,3.24818,0.38986
829,27,0,0,7,0,1,0,0,-18.728,0.50116,0.15,746,31.5246,1.68817,0.38986
830,37,0,0,6,0,1,0,0,-23.918,0.50074,0.15,746,31.5246,1.9919,0.38986
831,28,0,0,9,0,1,0,0,-19.136,0.50032,0.15,746,31.5246,4.07121,0.38986
832,42,0,0,5,0,1,0,0,-18.284,0.49991,0.15,746,31.5246,1.18146,0.38986
833,81,0,0,5,0,1,0,0,-15.846,0.49949,0.15,746,31.5246,1.53626,0.38986
834,28,0,0,4,0,1,0,0,-26.162,0.49907,0.15,746,31.5246,2.31823,0.38986
835,67,1,1,12,0,1,0,0,-11.638,0.49866,0.15,746,31.5246,1.86795,0.38986
836,132,1,1,4,0,1,0,0,-12.894,0.49824,0.15,746,31.5246,2.44202,0.39008
837,66,1,1,9,0,1,0,0,-4.67,0.49783,0.15,746,31.5246,2.28784,0.39008
838,47,1,1,6,0,1,0,0,-15.153,0.49741,0.15,746,31.5246,3.25215,0.39008
839,25,1,1,7,0,1,0,0,-15.416,0.497,0.15,746,31.5246,3.43131,0.39008
840,20,0,0,2,0,1,0,0,-28.748,0.49659,0.15,746,31.5246,2.88815,0.39008
841,186,3,3,29,0,1,0,0,16.616,0.49617,0.15,753,31.5246,2.78984,0.38911
842,18,0,0,6,0,1,0,0,-24.138,0.49576,0.15,753,31.5246,3.23583,0.38911
843,10,0,0,4,0,1,0,0,-32.354,0.49535,0.15,753,31.5246,4.77489,0.38911
844,7,0,0,2,0,1,0,0,-31.16,0.49493,0.15,753,31.5246,3.4311,0.38911
845,40,1,1,9,0,1,0,0,-15.277,0.49452,0.15,753,31.5246,2.77268,0.38911
846,26,0,0,11,0,1,0,0,-20.082,0.49411,0.15,753,31.5246,4.32705,0.38911
847,14,0,0,2,0,1,0,0,-27.7,0.4937,0.15,753,31.5246,5.08359,0.38911
848,29,0,0,6,0,1,0,0,-24.033,0.49329,0.15,753,31.5246,2.90999,0.38911
849,56,0,0,9,0,1,0,0,-15.99,0.49287,0.15,753,31.5246,2.22724,0.38911
850,19,0,0,8,0,1,0,0,-22.836,0.49246,0.15,753,31.5246,3.64568,0.38911
851,102,1,1,12,0,1,0,0,-3.368,0.49205,0.15,754,31.5246,2.05756,0.38904
852,15,0,0,3,0,1,0,0,-26.196,0.49164,0.15,754,31.5246,2.8905,0.38904
853,46,0,0,8,0,1,0,0,-21.707,0.49123,0.15,754,31.5246,1.42951,0.38904
854,11,0,0,2,0,1,0,0,-25.834,0.49083,0.15,754,31.5246,4.36038,0.38904
855,37,1,1,2,0,1,0,0,-23.937,0.49042,0.15,754,31.5246,2.99874,0.38904
856,36,0,0,5,0,1,0,0,-26.491,0.49001,0.15,754,31.5246,2.11245,0.38904
857,49,2,2,10,0,1,0,0,-7.331,0.4896,0.15,754,31.5246,2.02078,0.38904
858,35,0,0,6,0,1,0,0,-22.58,0.48919,0.15,754,31.5246,3.0012,0.38904
859,57,0,0,9,0,1,0,0,-17.809,0.48878,0.15,755,31.5246,2.43471,0.38874
860,5,0,0,3,0,1,0,0,-33.806,0.48838,0.15,755,31.5246,2.06953,0.38874
861,28,0,0,4,0,1,0,0,-29.536,0.48797,0.15,755,31.5246,1.87897,0.38874
862,6,0,0,3,0,1,0,0,-33.356,0.48756,0.15,755,31.5246,5.98594,0.38874
863,85,1,1,9,0,1,0,0,-6.402,0.48716,0.15,755,31.5246,2.08288,0.38874
864,67,0,0,11,0,1,0,0,-13.39,0.48675,0.15,755,31.5246,2.03829,0.38874
865,59,0,0,10,0,1,0,0,-17.459,0.48635,0.15,755,31.5246,3.27199,0.38874
866,40,1,1,11,0,1,0,0,-16.756,0.48594,0.15,755,31.5246,2.974,0.38874
867,10,0,0,3,0,1,0,0,-32.952,0.48554,0.15,755,31.5246,3.37708,0.38874
868,19,0,0,5,0,1,0,0,-29.646,0.48513,0.15,755,31.5246,4.56577,0.38874
869,83,1,1,12,0,1,0,0,-6.612,0.48473,0.15,756,31.5246,2.92064,0.38867
870,20,0,0,4,0,1,0,0,-27.213,0.48432,0.15,756,31.5246,3.78472,0.38867
871,71,1,1,9,0,1,0,0,-8.263,0.48392,0.15,756,31.5246,2.50544,0.38867
872,5,0,0,2,0,1,0,0,-32.752,0.48352,0.15,756,31.5246,1.15027,0.38867
873,20,1,1,3,0,1,0,0,-23.975,0.48312,0.15,756,31.5246,3.66799,0.38867
874,56,0,0,9,0,1,0,0,-16.223,0.48271,0.15,756,31.5246,2.47231,0.38867
875,95,2,2,13,0,1,0,0,-6.787,0.48231,0.15,757,31.5246,2.87631,0.38838
876,83,0,0,8,0,1,0,0,-12.123,0.48191,0.15,757,31.5246,2.64497,0.38838
877,14,0,0,5,0,1,0,0,-27.373,0.48151,0.15,757,31.5246,5.65469,0.38838
878,45,1,1,5,0,1,0,0,-18.381,0.48111,0.15,757,31.5246,2.55431,0.38838
879,11,0,0,4,0,1,0,0,-28.59,0.48071,0.15,757,31.5246,5.28039,0.38838
880,5,0,0,3,0,1,0,0,-25.454,0.48031,0.15,757,31.5246,8.02372,0.38838
881,5,0,0,1,0,1,0,0,-27.048,0.47991,0.15,757,31.5246,10.70762,0.38838
882,5,0,0,4,0,1,0,0,-33.208,0.47951,0.15,757,31.5246,1.78136,0.38838
883,10,0,0,3,0,1,0,0,-32.954,0.47911,0.15,757,31.5246,3.1634,0.38838
884,47,0,0,6,0,1,0,0,-18.084,0.47871,0.15,757,31.5246,1.66688,0.38838
885,5,0,0,4,0,1,0,0,-33.208,0.47831,0.15,757,31.5246,2.19532,0.38838
886,7,0,0,5,0,1,0,0,-29.168,0.47791,0.15,757,31.5246,6.34496,0.38838
887,5,0,0,2,0,1,0,0,-34.354,0.47751,0.15,757,31.5246,5.53664,0.38838
888,150,0,0,19,0,1,0,0,3.5,0.47711,0.15,757,31.5246,2.62769,0.38838
889,109,0,0,10,0,1,0,0,-10.893,0.47672,0.15,757,31.5246,2.30835,0.3886
890,54,0,0,9,0,1,0,0,-13.653,0.47632,0.15,757,31.5246,2.26375,0.3886
891,19,1,1,5,0,1,0,0,-22.968,0.47592,0.15,757,31.5246,3.06552,0.3886
892,125,2,2,22,0,1,0,0,10.212,0.47553,0.15,764,31.5246,3.42965,0.38809
893,51,1,1,8,0,1,0,0,-11.953,0.47513,0.15,764,31.5246,3.08071,0.38809
894,175,1,1,18,0,1,0,0,17.06,0.47473,0.15,764,31.5246,1.96558,0.38831
895,46,1,1,16,0,1,0,0,-6.992,0.47434,0.15,764,31.5246,3.55936,0.38831
896,5,0,0,4,0,1,0,0,-33.208,0.47394,0.15,764,31.5246,3.19327,0.38831
897,16,0,0,3,0,1,0,0,-27.326,0.47355,0.15,764,31.5246,2.94884,0.38831
898,78,1,1,19,0,1,0,0,-4.343,0.47315,0.15,764,31.5246,2.26878,0.38831
899,60,0,0,5,0,1,0,0,-17.685,0.47276,0.15,764,31.5246,2.23764,0.38831
900,25,0,0,8,0,1,0,0,-23.444,0.47237,0.15,764,31.5246,2.73871,0.38831
901,43,0,0,8,0,1,0,0,-19.335,0.47197,0.15,764,31.5246,2.41581,0.38831
902,36,0,0,6,0,1,0,0,-22.72,0.47158,0.15,764,31.5246,2.48153,0.38831
903,62,0,0,11,0,1,0,0,-12.344,0.47119,0.15,764,31.5246,2.3353,0.38831
904,49,0,0,7,0,1,0,0,-14.707,0.47079,0.15,764,31.5246,1.5715,0.38831
905,5,0,0,3,0,1,0,0,-33.808,0.4704,0.15,764,31.5246,1.86165,0.38831
906,51,0,0,15,0,1,0,0,-8.824,0.47001,0.15,764,31.5246,2.31622,0.38831
907,45,0,0,5,0,1,0,0,-21.561,0.46962,0.15,764,31.5246,2.06613,0.38831
908,19,1,1,3,0,1,0,0,-21.421,0.46923,0.15,764,31.5246,3.20143,0.38831
909,23,0,0,11,0,1,0,0,-17.788,0.46884,0.15,764,31.5246,2.87366,0.38831
910,5,0,0,3,0,1,0,0,-33.406,0.46845,0.15,764,31.5246,0.50774,0.38831
911,16,0,0,5,0,1,0,0,-27.155,0.46806,0.15,764,31.5246,4.39915,0.38831
912,25,0,0,7,0,1,0,0,-24.89,0.46767,0.15,764,31.5246,3.34152,0.38831
913,24,0,0,3,0,1,0,0,-29.546,0.46728,0.15,764,31.5246,1.59185,0.38831
914,157,4,4,35,0,1,0,0,22.93,0.46689,0.15,764,31.5246,3.46734,0.38831
915,71,0,0,10,0,1,0,0,-12.295,0.4665,0.15,764,31.5246,1.97676,0.38831
916,21,1,1,6,0,1,0,0,-18.581,0.46611,0.15,764,31.5246,2.16704,0.38831
917,17,0,0,4,0,1,0,0,-29.075,0.46572,0.15,764,31.5246,3.50622,0.38831
918,5,0,0,3,0,1,0,0,-33.806,0.46533,0.15,764,31.5246,2.50765,0.38831
919,56,0,0,11,0,1,0,0,-14.734,0.46495,0.15,766,31.5246,2.3362,0.38773
920,5,0,0,4,0,1,0,0,-33.208,0.46456,0.15,766,31.5246,1.15793,0.38773
921,192,0,0,15,0,1,0,0,3.043,0.46417,0.15,771,31.5246,2.19186,0.38651
922,19,1,1,3,0,1,0,0,-25.274,0.46379,0.15,771,31.5246,4.48822,0.38651
923,17,0,0,4,0,1,0,0,-27.028,0.4634,0.15,771,31.5246,6.90567,0.38651
924,7,0,0,3,0,1,0,0,-33.406,0.46301,0.15,771,31.5246,5.12819,0.38651
925,53,0,0,7,0,1,0,0,-17.124,0.46263,0.15,771,31.5246,2.72548,0.38651
926,21,0,0,3,0,1,0,0,-27.326,0.46224,0.15,771,31.5246,3.08859,0.38651
927,24,0,0,6,0,1,0,0,-24.627,0.46186,0.15,771,31.5246,4.51535,0.38651
928,16,0,0,5,0,1,0,0,-23.109,0.46147,0.15,771,31.5246,4.89017,0.38651
929,92,0,0,14,0,1,0,0,-7.732,0.46109,0.15,771,31.5246,3.34428,0.38651
930,50,1,1,8,0,1,0,0,-12.366,0.4607,0.15,771,31.5246,2.62675,0.38651
931,135,0,0,10,0,1,0,0,-6.963,0.46032,0.15,771,31.5246,1.38021,0.38651
932,216,1,1,24,0,1,0,0,14.827,0.45994,0.15,780,31.5246,2.11884,0.38419
933,69,6,1,12,1,1,0,0,4.909,0.45955,0.15,780,31.5246,2.9008,0.3844
934,25,0,0,5,0,1,0,0,-27.382,0.45917,0.15,780,31.5246,2.14954,0.3844
935,5,0,0,4,0,1,0,0,-32.808,0.45879,0.15,780,31.5246,0.75502,0.3844
936,25,1,1,8,0,1,0,0,-16.709,0.45841,0.15,780,31.5246,3.69363,0.3844
937,34,1,1,11,0,1,0,0,-15.189,0.45802,0.15,780,31.5246,3.76549,0.3844
938,13,0,0,5,0,1,0,0,-27.011,0.45764,0.15,780,31.5246,2.74139,0.3844
939,228,1,1,23,0,1,0,0,20.653,0.45726,0.15,780,31.5246,1.90291,0.3844
940,18,0,0,5,0,1,0,0,-24.559,0.45688,0.15,780,31.5246,6.39318,0.3844
941,15,0,0,3,0,1,0,0,-24.541,0.4565,0.15,780,31.5246,3.25859,0.3844
942,31,0,0,7,0,1,0,0,-19.6,0.45612,0.15,780,31.5246,2.02298,0.3844
943,306,1,1,22,0,1,0,0,12.678,0.45574,0.15,787,31.5246,2.42243,0.38331
944,14,0,0,2,0,1,0,0,-25.376,0.45536,0.15,787,31.5246,3.52321,0.38331
945,54,2,2,7,0,1,0,0,-15.017,0.45498,0.15,787,31.5246,1.89628,0.38331
946,17,0,0,2,0,1,0,0,-26.645,0.4546,0.15,787,31.5246,4.02706,0.38331
947,19,0,0,8,0,1,0,0,-24.471,0.45422,0.15,787,31.5246,2.66134,0.38331
948,56,2,2,10,0,1,0,0,-5.432,0.45384,0.15,788,31.5246,2.84475,0.38304
949,59,0,0,7,0,1,0,0,-24.348,0.45347,0.15,788,31.5246,2.71657,0.38304
950,17,0,0,4,0,1,0,0,-31.822,0.45309,0.15,788,31.5246,2.83487,0.38304
951,113,0,0,11,0,1,0,0,-11.262,0.45271,0.15,788,31.5246,2.55146,0.38304
952,5,0,0,3,0,1,0,0,-33.808,0.45233,0.15,788,31.5246,0.84573,0.38304
953,25,0,0,7,0,1,0,0,-23.108,0.45196,0.15,788,31.5246,5.56236,0.38304
954,31,0,0,7,0,1,0,0,-25.011,0.45158,0.15,788,31.5246,3.1156,0.38304
955,13,0,0,3,0,1,0,0,-28.794,0.45121,0.15,788,31.5246,6.05356,0.38304
956,58,0,0,8,0,1,0,0,-20.948,0.45083,0.15,788,31.5246,2.50577,0.38304
957,17,0,0,4,0,1,0,0,-26.758,0.45045,0.15,788,31.5246,3.76301,0.38304
958,27,0,0,5,0,1,0,0,-27.308,0.45008,0.15,788,31.5246,3.4748,0.38304
959,400,1,1,20,0,0,0,1,69.184,0.4497,0.15,799,31.5246,1.99272,0.38089
960,14,0,0,2,0,1,0,0,-29.744,0.44933,0.15,799,31.5246,4.85431,0.38089
961,276,0,0,9,0,1,1,0,6.599,0.44895,0.15,799,31.5246,1.91585,0.38089
962,33,0,0,3,0,1,0,0,-23.559,0.44858,0.15,799,31.5246,2.6254,0.38089
963,5,0,0,4,0,1,0,0,-33.206,0.44821,0.15,799,31.5246,2.12984,0.38089
964,117,0,0,12,0,1,0,0,-8.437,0.44783,0.15,799,31.5246,2.07743,0.38089
965,8,0,0,1,0,1,0,0,-31.55,0.44746,0.15,799,31.5246,5.71352,0.38089
966,12,0,0,3,0,1,0,0,-24.848,0.44709,0.15,799,31.5246,3.05401,0.38089
967,112,0,0,16,0,1,0,0,-4.162,0.44672,0.15,799,31.5246,2.05361,0.38089
968,12,0,0,3,0,1,0,0,-28.84,0.44634,0.15,799,31.5246,4.73069,0.38089
969,111,2,2,21,0,1,0,0,7.331,0.44597,0.15,799,31.5246,1.98347,0.38089
970,50,0,0,12,0,1,0,0,-12.577,0.4456,0.15,799,31.5246,1.91305,0.38089
971,17,0,0,3,0,1,0,0,-28.933,0.44523,0.15,799,31.5246,3.93522,0.38089
972,207,1,1,16,0,1,0,0,12.262,0.44486,0.15,799,31.5246,2.69148,0.38089
973,145,1,1,27,0,1,0,0,7.249,0.44449,0.15,799,31.5246,2.20221,0.38089
974,212,2,2,26,0,1,0,0,13.832,0.44412,0.15,805,31.5246,2.88863,0.37992
975,14,0,0,7,0,1,0,0,-25.625,0.44375,0.15,805,31.5246,4.65889,0.37992
976,5,0,0,2,0,1,0,0,-32.352,0.44338,0.15,805,31.5246,2.4567,0.37992
977,5,0,0,3,0,1,0,0,-33.804,0.44301,0.15,805,31.5246,2.20217,0.37992
978,195,3,3,20,0,1,0,0,19.646,0.44264,0.15,812,31.5246,2.30497,0.37931
979,9,0,0,3,0,1,0,0,-33.302,0.44227,0.15,812,31.5246,4.35958,0.37931
980,25,0,0,5,0,1,0,0,-28.852,0.4419,0.15,812,31.5246,4.36515,0.37931
981,162,1,1,9,0,1,0,0,2.141,0.44153,0.15,818,31.5246,2.64509,0.37795
982,29,1,1,2,0,1,0,0,-21.699,0.44117,0.15,818,31.5246,3.40948,0.37795
983,44,0,0,6,0,1,0,0,-24.262,0.4408,0.15,818,31.5246,2.78842,0.37795
984,183,1,1,22,0,1,0,0,6.831,0.44043,0.15,818,31.5246,2.1592,0.37795
985,5,0,0,4,0,1,0,0,-33.208,0.44006,0.15,818,31.5246,0.9465,0.37795
986,8,0,0,3,0,1,0,0,-33.352,0.4397,0.15,818,31.5246,3.588,0.37795
987,21,0,0,4,0,1,0,0,-27.262,0.43933,0.15,818,31.5246,3.25129,0.37795
988,5,0,0,3,0,1,0,0,-33.806,0.43897,0.15,818,31.5246,0.75831,0.37795
989,30,0,0,4,0,1,0,0,-25.556,0.4386,0.15,818,31.5246,2.2085,0.37795
990,5,0,0,3,0,1,0,0,-33.806,0.43823,0.15,818,31.5246,1.95679,0.37795
991,19,1,1,4,0,1,0,0,-20.365,0.43787,0.15,818,31.5246,4.35277,0.37795
992,76,0,0,22,0,1,0,0,-13.951,0.43751,0.15,822,31.5246,2.50855,0.37693
993,5,0,0,4,0,1,0,0,-32.808,0.43714,0.15,822,31.5246,1.29391,0.37693
994,194,1,1,22,0,1,0,0,13.809,0.43678,0.15,824,31.5246,2.59124,0.37662
995,30,1,1,4,0,1,0,0,-19.841,0.43641,0.15,824,31.5246,2.26856,0.37662
996,269,1,1,23,0,1,0,0,24.781,0.43605,0.15,830,31.5246,2.56616,0.3753
997,41,0,0,12,0,1,0,0,-13.137,0.43569,0.15,830,31.5246,2.17793,0.3753
998,16,0,0,2,0,1,0,0,-28.684,0.43532,0.15,830,31.5246,4.51724,0.3753
999,132,4,4,26,0,1,0,0,24.227,0.43496,0.15,832,31.5246,2.82755,0.3748
1000,5,0,0,4,0,1,0,0,-33.206,0.4346,0.15,832,31.5246,0.33069,0.3748
1001,17,0,0,4,0,1,0,0,-26.626,0.43424,0.15,832,31.5246,3.98354,0.3748
1002,5,0,0,4,0,1,0,0,-33.206,0.43387,0.15,832,31.5246,1.48688,0.3748
1003,13,0,0,2,0,1,0,0,-30.098,0.43351,0.15,832,31.5246,4.47585,0.3748
1004,105,2,2,24,0,1,0,0,4.238,0.43315,0.15,832,31.5246,2.16751,0.3748
1005,94,0,0,19,0,1,0,0,-1.501,0.43279,0.15,832,31.5246,2.47242,0.3748
1006,66,1,1,14,0,1,0,0,-7.943,0.43243,0.15,832,31.5246,2.85793,0.3748
1007,28,0,0,11,0,1,0,0,-19.7,0.43207,0.15,832,31.5246,3.14365,0.3748
1008,24,0,0,7,0,1,0,0,-20.376,0.43171,0.15,832,31.5246,2.21055,0.3748
1009,23,0,0,3,0,1,0,0,-27.761,0.43135,0.15,832,31.5246,4.02526,0.3748
1010,24,1,1,8,0,1,0,0,-18.682,0.43099,0.15,832,31.5246,2.58282,0.3748
1011,16,1,1,2,0,1,0,0,-23.167,0.43063,0.15,832,31.5246,4.89671,0.3748
1012,123,3,3,22,0,1,0,0,12.831,0.43027,0.15,832,31.5246,3.08718,0.375
1013,6,0,0,4,0,1,0,0,-32.756,0.42992,0.15,832,31.5246,4.74092,0.375
1014,74,1,1,17,0,1,0,0,-7.754,0.42956,0.15,832,31.5246,3.37219,0.375
1015,22,0,0,8,0,1,0,0,-22.608,0.4292,0.15,832,31.5246,3.35056,0.375
1016,30,0,0,6,0,1,0,0,-24.332,0.42884,0.15,832,31.5246,3.05428,0.375
1017,39,0,0,9,0,1,0,0,-15.844,0.42848,0.15,832,31.5246,2.70187,0.375
1018,8,0,0,2,0,1,0,0,-31.252,0.42813,0.15,832,31.5246,6.43702,0.375
1019,128,1,1,14,0,1,0,0,2.387,0.42777,0.15,832,31.5246,1.98661,0.375
1020,63,1,1,6,0,1,0,0,-14.324,0.42741,0.15,832,31.5246,2.10868,0.375
1021,41,0,0,7,0,1,0,0,-18.965,0.42706,0.15,832,31.5246,2.94368,0.375
1022,43,1,1,7,0,1,0,0,-19.754,0.4267,0.15,832,31.5246,3.39568,0.375
1023,117,1,1,17,0,1,0,0,1.879,0.42635,0.15,832,31.5246,2.39293,0.375
1024,79,5,0,6,1,1,0,0,1.824,0.42599,0.15,832,31.5246,3.17363,0.375
1025,45,0,0,5,0,1,0,0,-22.761,0.42564,0.15,832,31.5246,4.01406,0.375
1026,97,0,0,19,0,1,0,0,2.283,0.42528,0.15,832,31.5246,2.65837,0.375
1027,41,1,1,9,0,1,0,0,-15.916,0.42493,0.15,832,31.5246,2.96272,0.375
1028,123,2,2,24,0,1,0,0,15.395,0.42457,0.15,832,31.5246,2.8391,0.375
1029,13,0,0,5,0,1,0,0,-23.573,0.42422,0.15,832,31.5246,5.35386,0.375
1030,48,0,0,12,0,1,0,0,-17.248,0.42387,0.15,832,31.5246,3.57973,0.375
1031,162,0,0,18,0,1,0,0,5.169,0.42351,0.15,833,31.5246,2.47206,0.37475
1032,5,0,0,3,0,1,0,0,-33.408,0.42316,0.15,833,31.5246,0.69216,0.37475
1033,72,1,1,14,0,1,0,0,-14.311,0.42281,0.15,834,31.5246,3.45968,0.3747
1034,22,0,0,6,0,1,0,0,-27.698,0.42246,0.15,834,31.5246,4.00938,0.3747
1035,158,1,1,17,0,1,0,0,3.075,0.42211,0.15,834,31.5246,2.49873,0.3747
1036,52,0,0,13,0,1,0,0,-8.924,0.42175,0.15,834,31.5246,2.75218,0.3747
1037,58,1,1,11,0,1,0,0,-13.878,0.4214,0.15,834,31.5246,2.47051,0.3747
1038,61,0,0,12,0,1,0,0,-14.534,0.42105,0.15,834,31.5246,1.85703,0.3747
1039,96,1,1,5,0,1,0,0,-14.034,0.4207,0.15,837,31.5246,2.51929,0.37455
1040,381,6,1,40,1,1,0,0,59.425,0.42035,0.15,843,31.5246,2.21332,0.37367
1041,58,1,1,15,0,1,0,0,-8.029,0.42,0.15,843,31.5246,1.81744,0.37367
1042,33,0,0,11,0,1,0,0,-20.606,0.41965,0.15,843,31.5246,1.71368,0.37367
1043,39,0,0,10,0,1,0,0,-16.157,0.4193,0.15,843,31.5246,1.74555,0.37367
1044,52,0,0,13,0,1,0,0,-16.286,0.41895,0.15,843,31.5246,2.59185,0.37367
1045,209,5,5,40,0,1,0,0,53.355,0.4186,0.15,846,31.5246,2.51165,0.37313
1046,7,0,0,3,0,1,0,0,-25.452,0.41825,0.15,846,31.5246,5.69049,0.37313
1047,93,0,0,18,0,1,0,0,-2.877,0.41791,0.15,846,31.5246,1.89017,0.37313
1048,30,0,0,12,0,1,0,0,-20.886,0.41756,0.15,846,31.5246,4.01715,0.37313
1049,23,1,1,8,0,1,0,0,-16.685,0.41721,0.15,846,31.5246,2.99372,0.37313
1050,53,0,0,13,0,1,0,0,-11.137,0.41686,0.15,846,31.5246,3.04094,0.37313
1051,35,1,1,7,0,1,0,0,-18.288,0.41651,0.15,846,31.5246,3.16846,0.37313
1052,5,0,0,2,0,1,0,0,-32.71,0.41617,0.15,846,31.5246,5.7922,0.37313
1053,11,0,0,1,0,1,0,0,-30.946,0.41582,0.15,846,31.5246,5.52768,0.37313
1054,64,1,1,16,0,1,0,0,-0.105,0.41547,0.15,846,31.5246,1.87006,0.37313
1055,5,0,0,3,0,1,0,0,-25.854,0.41513,0.15,846,31.5246,6.446,0.37313
1056,105,0,0,11,0,1,0,0,-6.836,0.41478,0.15,846,31.5246,1.81715,0.37313
1057,44,1,1,8,0,1,0,0,-16.395,0.41444,0.15,846,31.5246,1.83107,0.37313
1058,53,0,0,10,0,1,0,0,-16.764,0.41409,0.15,846,31.5246,2.58868,0.37313
1059,42,0,0,9,0,1,0,0,-21.811,0.41375,0.15,846,31.5246,3.22283,0.37313
1060,179,0,0,18,0,1,0,0,14.868,0.4134,0.15,848,31.5246,2.09799,0.37284
1061,30,0,0,7,0,1,0,0,-20.239,0.41306,0.15,848,31.5246,1.6689,0.37284
1062,51,0,0,5,0,1,0,0,-18.028,0.41271,0.15,848,31.5246,1.95865,0.37284
1063,12,0,0,3,0,1,0,0,-32.55,0.41237,0.15,848,31.5246,2.79704,0.37284
1064,5,0,0,4,0,1,0,0,-33.208,0.41203,0.15,848,31.5246,1.33109,0.37284
1065,5,0,0,4,0,1,0,0,-33.206,0.41168,0.15,848,31.5246,1.02972,0.37284
1066,5,0,0,3,0,1,0,0,-33.808,0.41134,0.15,848,31.5246,1.26822,0.37284
1067,49,1,1,9,0,1,0,0,-14.955,0.411,0.15,848,31.5246,2.954,0.37284
1068,38,0,0,13,0,1,0,0,-15.945,0.41066,0.15,848,31.5246,3.66289,0.37284
1069,78,0,0,8,0,1,1,0,-16.501,0.41031,0.15,849,31.5246,2.95939,0.37279
1070,75,1,1,11,0,1,0,0,-4.5,0.40997,0.15,849,31.5246,2.38488,0.37279
1071,27,0,0,5,0,1,0,0,-21.889,0.40963,0.15,849,31.5246,2.28905,0.37279
1072,18,0,0,3,0,1,0,0,-23.576,0.40929,0.15,849,31.5246,3.67646,0.37279
1073,25,0,0,7,0,1,0,0,-21.914,0.40895,0.15,849,31.5246,3.35996,0.37279
1074,26,0,0,6,0,1,0,0,-22.459,0.40861,0.15,849,31.5246,3.05403,0.37279
1075,5,0,0,3,0,1,0,0,-33.806,0.40827,0.15,849,31.5246,1.22717,0.37279
1076,178,3,3,30,0,1,0,0,15.658,0.40793,0.15,851,31.5246,2.19289,0.3725
1077,64,0,0,13,0,1,0,0,-10.816,0.40759,0.15,851,31.5246,1.82694,0.3725
1078,16,0,0,6,0,1,0,0,-22.331,0.40725,0.15,851,31.5246,3.06442,0.3725
1079,27,0,0,7,0,1,0,0,-20.304,0.40691,0.15,851,31.5246,3.22458,0.3725
1080,7,0,0,4,0,1,0,0,-32.804,0.40657,0.15,851,31.5246,4.41126,0.3725
1081,335,4,4,20,0,1,0,0,47.209,0.40623,0.15,852,31.5246,1.55933,0.37246
1082,185,1,1,20,0,1,0,0,10.813,0.40589,0.15,852,31.5246,2.39832,0.37246
1083,58,1,1,5,0,1,0,0,-13.126,0.40555,0.15,852,31.5246,1.74949,0.37246
1084,63,0,0,13,0,1,0,0,-6.985,0.40522,0.15,852,31.5246,1.60052,0.37246
1085,160,0,0,21,0,1,0,0,7.776,0.40488,0.15,854,31.5246,2.49792,0.37237
1086,40,0,0,9,0,1,0,0,-20.183,0.40454,0.15,854,31.5246,2.50335,0.37237
1087,39,0,0,7,0,1,0,0,-17.565,0.4042,0.15,854,31.5246,1.89798,0.37237
1088,36,0,0,5,0,1,0,0,-22.768,0.40387,0.15,854,31.5246,3.01974,0.37237
1089,40,0,0,9,0,1,0,0,-12.478,0.40353,0.15,854,31.5246,2.19691,0.37237
1090,19,0,0,8,0,1,0,0,-26.332,0.4032,0.15,854,31.5246,3.53034,0.37237
1091,17,0,0,5,0,1,0,0,-23.794,0.40286,0.15,854,31.5246,4.42964,0.37237
1092,76,0,0,14,0,1,0,0,-9.758,0.40252,0.15,854,31.5246,2.34862,0.37237
1093,10,0,0,3,0,1,0,0,-29.646,0.40219,0.15,854,31.5246,5.67424,0.37237
1094,5,0,0,2,0,1,0,0,-32.752,0.40185,0.15,854,31.5246,1.37521,0.37237
1095,39,0,0,5,0,1,0,0,-25.547,0.40152,0.15,854,31.5246,2.57634,0.37237
1096,5,0,0,3,0,1,0,0,-33.806,0.40118,0.15,854,31.5246,1.68394,0.37237
1097,49,0,0,8,0,1,0,0,-18.721,0.40085,0.15,854,31.5246,2.49174,0.37237
1098,25,0,0,5,0,1,0,0,-26.086,0.40052,0.15,854,31.5246,3.8068,0.37237
1099,35,1,1,8,0,1,0,0,-13.978,0.40018,0.15,854,31.5246,2.72725,0.37237
1100,64,0,0,12,0,1,0,0,-15.159,0.39985,0.15,854,31.5246,2.62361,0.37237
1101,5,0,0,3,0,1,0,0,-30.504,0.39952,0.15,854,31.5246,4.8135,0.37237
1102,17,0,0,5,0,1,0,0,-26.831,0.39918,0.15,854,31.5246,3.553,0.37237
1103,55,0,0,9,0,1,0,0,-24.189,0.39885,0.15,854,31.5246,3.59896,0.37237
1104,5,0,0,4,0,1,0,0,-33.208,0.39852,0.15,854,31.5246,0.7361,0.37237
1105,77,0,0,16,0,1,0,0,-11.518,0.39819,0.15,854,31.5246,2.33378,0.37237
1106,53,1,1,10,0,1,0,0,-15.267,0.39786,0.15,854,31.5246,2.46099,0.37237
1107,17,1,1,5,0,1,0,0,-19.905,0.39752,0.15,854,31.5246,3.76569,0.37237
1108,6,0,0,1,0,1,0,0,-26.856,0.39719,0.15,854,31.5246,3.63848,0.37237
1109,47,0,0,14,0,1,0,0,-13.826,0.39686,0.15,854,31.5246,4.82143,0.37237
1110,102,1,1,8,0,1,0,0,-9.469,0.39653,0.15,854,31.5246,2.20352,0.37237
1111,278,7,2,23,1,1,0,0,19.933,0.3962,0.15,862,31.5246,2.38544,0.37181
1112,113,0,0,6,0,1,0,0,-8.626,0.39587,0.15,862,31.5246,2.15369,0.37181
1113,5,0,0,1,0,1,0,0,-31.704,0.39554,0.15,862,31.5246,6.84019,0.37181
1114,22,0,0,5,0,1,0,0,-29.029,0.39521,0.15,862,31.5246,3.91754,0.37181
1115,29,0,0,4,0,1,0,0,-23.957,0.39488,0.15,862,31.5246,2.10018,0.37181
1116,22,0,0,2,0,1,0,0,-27.479,0.39455,0.15,862,31.5246,3.01999,0.37181
1117,30,0,0,5,0,1,0,0,-27.538,0.39423,0.15,862,31.5246,3.27936,0.37181
1118,27,0,0,6,0,1,0,0,-23.823,0.3939,0.15,862,31.5246,2.70947,0.37181
1119,21,1,1,3,0,1,0,0,-28.574,0.39357,0.15,862,31.5246,6.48173,0.37181
1120,13,0,0,4,0,1,0,0,-26.203,0.39324,0.15,862,31.5246,4.66417,0.37181
1121,81,2,2,20,0,1,0,0,-0.969,0.39291,0.15,862,31.5246,2.63379,0.37181
1122,211,3,3,26,0,1,0,0,18.124,0.39259,0.15,862,31.5246,2.23609,0.372
1123,65,1,1,15,0,1,0,0,-11.39,0.39226,0.15,862,31.5246,3.2367,0.372
1124,14,0,0,4,0,1,0,0,-27.224,0.39193,0.15,862,31.5246,4.55052,0.372
1125,195,6,6,15,0,1,0,0,21.614,0.39161,0.15,864,31.5246,2.37074,0.37153
1126,5,0,0,3,0,1,0,0,-33.406,0.39128,0.15,864,31.5246,1.94859,0.37153
1127,22,0,0,4,0,1,0,0,-21.937,0.39095,0.15,864,31.5246,2.80685,0.37153
1128,261,2,2,24,0,1,0,0,10.884,0.39063,0.15,864,31.5246,2.60313,0.37172
1129,5,0,0,2,0,1,0,0,-30.304,0.3903,0.15,864,31.5246,4.29354,0.37172
1130,7,0,0,4,0,1,0,0,-32.804,0.38998,0.15,864,31.5246,4.21938,0.37172
1131,65,0,0,13,0,1,0,0,-16.305,0.38965,0.15,864,31.5246,3.15714,0.37172
1132,53,0,0,10,0,1,0,0,-18.974,0.38933,0.15,865,31.5246,4.09175,0.37148
1133,31,0,0,9,0,1,0,0,-14.498,0.389,0.15,865,31.5246,2.18605,0.37148
1134,68,0,0,9,0,1,0,0,-17.574,0.38868,0.15,865,31.5246,2.44865,0.37148
1135,23,1,1,11,0,1,0,0,-17.381,0.38836,0.15,865,31.5246,3.79138,0.37148
1136,22,0,0,3,0,1,0,0,-22.67,0.38803,0.15,865,31.5246,2.37611,0.37148
1137,24,0,0,2,0,1,0,0,-26.347,0.38771,0.15,865,31.5246,3.10119,0.37148
1138,400,1,1,23,0,0,0,1,37.994,0.38739,0.15,865,31.5246,2.50682,0.37148
1139,5,0,0,3,0,1,0,0,-35.452,0.38706,0.15,865,31.5246,7.14986,0.37148
1140,5,0,0,4,0,1,0,0,-33.208,0.38674,0.15,865,31.5246,0.55103,0.37148
1141,116,1,1,17,0,1,0,0,-3.605,0.38642,0.15,867,31.5246,2.28466,0.37101
1142,72,1,1,15,0,1,0,0,-9.117,0.3861,0.15,868,31.5246,3.2438,0.37116
1143,29,0,0,8,0,1,0,0,-22.681,0.38578,0.15,868,31.5246,4.13984,0.37116
1144,8,0,0,2,0,1,0,0,-30.952,0.38545,0.15,868,31.5246,5.69611,0.37116
1145,49,0,0,8,0,1,0,0,-23.235,0.38513,0.15,868,31.5246,3.58617,0.37154
1146,5,0,0,1,0,1,0,0,-35.008,0.38481,0.15,868,31.5246,1.22113,0.37154
1147,400,1,1,17,0,0,0,1,44.991,0.38449,0.15,869,31.5246,2.24629,0.37131
1148,14,0,0,3,0,1,0,0,-28.292,0.38417,0.15,869,31.5246,3.98221,0.37131
1149,45,0,0,7,0,1,0,0,-17.924,0.38385,0.15,869,31.5246,2.29478,0.37131
1150,145,0,0,20,0,1,0,0,9.121,0.38353,0.15,869,31.5246,2.211,0.3715
1151,25,0,0,5,0,1,0,0,-25.086,0.38321,0.15,869,31.5246,3.89772,0.3715
1152,73,0,0,10,0,1,0,0,-12.46,0.38289,0.15,869,31.5246,2.60773,0.3715
1153,5,0,0,2,0,1,0,0,-31.104,0.38257,0.15,869,31.5246,7.16792,0.3715
1154,22,1,1,7,0,1,0,0,-15.101,0.38226,0.15,869,31.5246,4.107,0.3715
1155,106,1,1,20,0,1,0,0,-0.86,0.38194,0.15,869,31.5246,2.58158,0.3715
1156,39,0,0,6,0,1,0,0,-22.054,0.38162,0.15,869,31.5246,3.12431,0.3715
1157,47,0,0,9,0,1,0,0,-16.925,0.3813,0.15,869,31.5246,2.85548,0.3715
1158,43,2,2,11,0,1,0,0,-16.613,0.38098,0.15,869,31.5246,4.1924,0.3715
1159,45,0,0,9,0,1,0,0,-20.001,0.38067,0.15,869,31.5246,3.23123,0.3715
1160,63,1,1,10,0,1,0,0,-9.858,0.38035,0.15,869,31.5246,3.333,0.3715
1161,15,0,0,4,0,1,0,0,-29.115,0.38003,0.15,869,31.5246,4.49275,0.3715
1162,46,0,0,13,0,1,0,0,-16.926,0.37972,0.15,869,31.5246,2.66969,0.3715
1163,35,0,0,9,0,1,0,0,-22.805,0.3794,0.15,869,31.5246,2.24314,0.3715
1164,67,0,0,16,0,1,0,0,-15.945,0.37908,0.15,869,31.5246,2.63714,0.3715
1165,104,1,1,22,0,1,0,0,4.297,0.37877,0.15,869,31.5246,3.3928,0.3715
1166,400,2,2,41,0,0,0,1,100.38,0.37845,0.15,870,31.5246,1.94485,0.37222
1167,13,0,0,4,0,1,0,0,-26.223,0.37814,0.15,870,31.5246,5.8862,0.37222
1168,13,0,0,4,0,1,0,0,-28.204,0.37782,0.15,870,31.5246,5.02954,0.37222
1169,45,0,0,14,0,1,0,0,-12.159,0.37751,0.15,870,31.5246,2.79301,0.37222
1170,60,1,1,14,0,1,0,0,-6.585,0.37719,0.15,870,31.5246,2.43189,0.37222
1171,122,1,1,16,0,1,0,0,4.01,0.37688,0.15,870,31.5246,2.42476,0.37222
1172,59,1,1,9,0,1,0,0,-11.636,0.37656,0.15,870,31.5246,2.08408,0.37222
1173,72,2,2,15,0,1,0,0,-2.66,0.37625,0.15,870,31.5246,2.24295,0.37222
1174,21,0,0,6,0,1,0,0,-25.948,0.37594,0.15,870,31.5246,2.79221,0.37222
1175,24,0,0,7,0,1,0,0,-21.798,0.37562,0.15,870,31.5246,3.47254,0.37222
1176,68,0,0,12,0,1,0,0,-13.84,0.37531,0.15,870,31.5246,2.04695,0.37222
1177,175,1,1,19,0,1,0,0,8.685,0.375,0.15,872,31.5246,2.2478,0.37232
1178,64,2,2,9,0,1,0,0,-4.784,0.37469,0.15,872,31.5246,2.54101,0.37232
1179,97,2,2,8,0,1,0,0,-2.741,0.37437,0.15,872,31.5246,1.67308,0.37232
1180,400,3,3,30,0,0,1,1,74.95,0.37406,0.15,883,31.5246,1.81732,0.37052
1181,5,0,0,1,0,1,0,0,-34.958,0.37375,0.15,883,31.5246,2.87795,0.37052
1182,46,0,0,9,0,1,0,0,-13.997,0.37344,0.15,883,31.5246,3.10375,0.37052
1183,23,0,0,7,0,1,0,0,-21.817,0.37313,0.15,883,31.5246,1.21856,0.37052
1184,146,0,0,17,0,1,0,0,1.956,0.37282,0.15,883,31.5246,1.83856,0.37052
1185,51,1,1,6,0,1,0,0,-19.755,0.37251,0.15,883,31.5246,2.2717,0.37052
1186,192,2,2,25,0,1,0,0,20.867,0.3722,0.15,883,31.5246,2.18656,0.37071
1187,16,0,0,5,0,1,0,0,-28.372,0.37189,0.15,883,31.5246,4.40499,0.37071
1188,400,3,3,31,0,0,0,1,82.761,0.37158,0.15,898,31.5246,1.79804,0.37027
1189,145,1,1,25,0,1,0,0,9.165,0.37127,0.15,898,31.5246,1.80951,0.37027
1190,31,0,0,7,0,1,0,0,-20.456,0.37096,0.15,898,31.5246,1.74739,0.37027
1191,45,1,1,7,0,1,0,0,-17.265,0.37065,0.15,898,31.5246,2.21321,0.37027
1192,38,0,0,7,0,1,0,0,-22.162,0.37034,0.15,898,31.5246,3.09027,0.37027
1193,248,4,4,28,0,1,0,0,37.835,0.37003,0.15,902,31.5246,1.8755,0.36955
1194,64,0,0,12,0,1,0,0,-12.859,0.36972,0.15,902,31.5246,3.14771,0.36955
1195,24,0,0,12,0,1,0,0,-18.92,0.36942,0.15,902,31.5246,2.99808,0.36955
1196,127,3,3,23,0,1,0,0,17.926,0.36911,0.15,902,31.5246,2.06382,0.36955
1197,13,0,0,3,0,1,0,0,-28.008,0.3688,0.15,902,31.5246,3.81026,0.36955
1198,28,0,0,9,0,1,0,0,-18.734,0.36849,0.15,902,31.5246,2.30456,0.36955
1199,42,1,1,12,0,1,0,0,-13.94,0.36819,0.15,902,31.5246,2.62993,0.36955
1200,58,0,0,17,0,1,0,0,-13.622,0.36788,0.15,904,31.5246,3.42398,0.36928
1201,22,1,1,7,0,1,0,0,-20.856,0.36757,0.15,904,31.5246,3.67611,0.36928
1202,88,1,1,19,0,1,0,0,-3.121,0.36727,0.15,905,31.5246,2.42712,0.36906
1203,22,0,0,7,0,1,0,0,-26.805,0.36696,0.15,905,31.5246,3.51571,0.36906
1204,7,0,0,4,0,1,0,0,-32.806,0.36666,0.15,905,31.5246,3.30555,0.36906
1205,40,1,1,8,0,1,0,0,-15.306,0.36635,0.15,905,31.5246,3.69478,0.36906
1206,400,2,2,28,0,0,0,1,88.157,0.36604,0.15,907,31.5246,1.67919,0.36917
1207,57,0,0,4,0,1,0,0,-20.853,0.36574,0.15,907,31.5246,1.55196,0.36917
1208,8,0,0,3,0,1,0,0,-26.504,0.36544,0.15,907,31.5246,4.93027,0.36917
1209,47,0,0,10,0,1,0,0,-19.827,0.36513,0.15,907,31.5246,1.68961,0.36917
1210,60,6,1,9,1,1,1,0,3.854,0.36483,0.15,909,31.5246,2.33649,0.36909
1211,52,1,1,12,0,1,0,0,-12.213,0.36452,0.15,910,31.5246,3.09229,0.36886
1212,97,0,0,11,0,1,0,0,-14.286,0.36422,0.15,910,31.5246,2.04917,0.36886
1213,42,0,0,14,0,1,0,0,-11.57,0.36392,0.15,910,31.5246,2.14451,0.36886
1214,8,0,0,5,0,1,0,0,-23.798,0.36361,0.15,910,31.5246,4.49049,0.36886
1215,19,1,1,6,0,1,0,0,-23.479,0.36331,0.15,910,31.5246,4.67879,0.36886
1216,24,0,0,6,0,1,0,0,-22.45,0.36301,0.15,910,31.5246,1.70061,0.36886
1217,119,2,2,15,0,1,0,0,10.862,0.3627,0.15,910,31.5246,2.24211,0.36886
1218,63,0,0,8,0,1,0,0,-16.717,0.3624,0.15,910,31.5246,3.02959,0.36886
1219,5,0,0,4,0,1,0,0,-33.206,0.3621,0.15,910,31.5246,2.03956,0.36886
1220,25,0,0,14,0,1,0,0,-21.575,0.3618,0.15,910,31.5246,3.64098,0.36886
1221,43,2,2,8,0,1,0,0,-13.0,0.3615,0.15,910,31.5246,2.64344,0.36886
1222,66,0,0,8,0,1,0,0,-12.62,0.3612,0.15,910,31.5246,2.18805,0.36886
1223,16,0,0,6,0,1,0,0,-25.716,0.3609,0.15,910,31.5246,2.94154,0.36886
1224,51,1,1,8,0,1,0,0,-18.385,0.36059,0.15,912,31.5246,2.54925,0.3686
1225,22,0,0,2,0,1,0,0,-28.408,0.36029,0.15,912,31.5246,3.22,0.3686
1226,45,0,0,12,0,1,0,0,-14.145,0.35999,0.15,912,31.5246,2.53527,0.3686
1227,5,0,0,3,0,1,0,0,-33.806,0.35969,0.15,912,31.5246,2.01128,0.3686
1228,5,0,0,2,0,1,0,0,-34.406,0.35939,0.15,912,31.5246,1.93291,0.3686
1229,25,0,0,8,0,1,0,0,-19.592,0.3591,0.15,912,31.5246,4.56849,0.3686
1230,400,8,3,37,1,0,1,1,103.84,0.3588,0.15,917,31.5246,2.56213,0.36805
1231,115,0,0,12,0,1,0,0,-3.23,0.3585,0.15,917,31.5246,2.05618,0.36805
1232,13,0,0,5,0,1,0,0,-22.821,0.3582,0.15,917,31.5246,5.02924,0.36805
1233,68,0,0,11,0,1,0,0,-9.528,0.3579,0.15,917,31.5246,2.48189,0.36805
1234,44,0,0,9,0,1,0,0,-17.642,0.3576,0.15,917,31.5246,2.94754,0.36805
1235,5,0,0,2,0,1,0,0,-30.66,0.3573,0.15,917,31.5246,4.13283,0.36805
1236,35,0,0,7,0,1,0,0,-19.589,0.35701,0.15,917,31.5246,4.19731,0.36805
1237,13,0,0,4,0,1,0,0,-28.204,0.35671,0.15,917,31.5246,3.77922,0.36805
1238,40,0,0,10,0,1,0,0,-16.201,0.35641,0.15,917,31.5246,3.07692,0.36805
1239,37,0,0,9,0,1,0,0,-17.541,0.35612,0.15,917,31.5246,2.48146,0.36805
1240,34,0,0,7,0,1,0,0,-22.136,0.35582,0.15,917,31.5246,2.32836,0.36805
1241,40,0,0,7,0,1,0,0,-23.046,0.35552,0.15,917,31.5246,3.02441,0.36805
1242,14,1,1,1,0,1,0,0,-22.696,0.35523,0.15,917,31.5246,3.37526,0.36805
1243,76,1,1,10,0,1,0,0,-10.221,0.35493,0.15,917,31.5246,2.11017,0.36805
1244,42,0,0,6,0,1,0,0,-26.255,0.35463,0.15,917,31.5246,2.56453,0.36805
1245,43,0,0,8,0,1,0,0,-13.706,0.35434,0.15,917,31.5246,1.83677,0.36805
1246,80,0,0,10,0,1,0,0,-15.088,0.35404,0.15,917,31.5246,2.26454,0.36805
1247,51,0,0,7,0,1,0,0,-17.625,0.35375,0.15,917,31.5246,3.02464,0.36805
1248,5,0,0,3,0,1,0,0,-33.808,0.35345,0.15,917,31.5246,0.40735,0.36805
1249,22,0,0,7,0,1,0,0,-23.607,0.35316,0.15,917,31.5246,4.2221,0.36805
1250,15,0,0,4,0,1,0,0,-27.472,0.35287,0.15,917,31.5246,3.22741,0.36805
1251,6,0,0,3,0,1,0,0,-30.452,0.35257,0.15,917,31.5246,6.77169,0.36805
1252,72,0,0,6,0,1,1,0,-11.491,0.35228,0.15,919,31.5246,2.60772,0.36761
1253,25,0,0,7,0,1,0,0,-27.4,0.35199,0.15,919,31.5246,4.10122,0.36761
1254,56,0,0,10,0,1,0,0,-15.04,0.35169,0.15,919,31.5246,3.55489,0.36779
1255,39,0,0,7,0,1,0,0,-23.103,0.3514,0.15,919,31.5246,2.84871,0.36779
1256,208,6,1,17,1,1,0,0,31.268,0.35111,0.15,923,31.5246,2.10961,0.36728
1257,53,0,0,7,0,1,0,0,-17.398,0.35081,0.15,923,31.5246,1.60935,0.36728
1258,139,1,1,15,0,1,0,0,-4.075,0.35052,0.15,923,31.5246,2.11933,0.36728
1259,62,0,0,5,0,1,0,0,-17.798,0.35023,0.15,923,31.5246,2.12751,0.36728
1260,35,0,0,4,0,1,0,0,-21.349,0.34994,0.15,923,31.5246,2.41008,0.36728
1261,46,0,0,8,0,1,0,0,-23.79,0.34965,0.15,923,31.5246,2.68116,0.36728
1262,16,0,0,4,0,1,0,0,-24.446,0.34936,0.15,923,31.5246,4.1581,0.36728
1263,53,0,0,5,0,1,0,0,-27.518,0.34906,0.15,923,31.5246,2.40433,0.36728
1264,5,0,0,3,0,1,0,0,-33.406,0.34877,0.15,923,31.5246,2.01728,0.36728
1265,47,0,0,5,0,1,0,0,-22.627,0.34848,0.15,923,31.5246,2.25215,0.36728
1266,141,0,0,9,0,1,0,0,3.918,0.34819,0.15,923,31.5246,1.64173,0.36728
1267,39,0,0,7,0,1,0,0,-25.794,0.3479,0.15,923,31.5246,2.38337,0.36728
1268,17,0,0,0,0,1,0,0,-32.87,0.34761,0.15,923,31.5246,2.68303,0.36728
1269,30,0,0,4,0,1,0,0,-25.684,0.34732,0.15,923,31.5246,2.09917,0.36728
1270,57,0,0,6,0,1,0,0,-20.75,0.34703,0.15,923,31.5246,2.61061,0.36728
1271,77,1,1,4,0,1,0,0,-20.263,0.34674,0.15,923,31.5246,2.00772,0.36728
1272,13,0,0,3,0,1,0,0,-28.798,0.34646,0.15,923,31.5246,3.20446,0.36728
1273,268,10,5,29,1,1,0,0,66.928,0.34617,0.15,924,31.5246,2.30593,0.36724
1274,29,0,0,13,0,1,0,0,-16.933,0.34588,0.15,924,31.5246,3.57948,0.36724
1275,135,1,1,18,0,1,0,0,-6.84,0.34559,0.15,924,31.5246,2.13369,0.36742
1276,43,0,0,9,0,1,0,0,-21.719,0.3453,0.15,924,31.5246,2.23355,0.36742
1277,76,3,3,16,0,1,0,0,2.105,0.34502,0.15,924,31.5246,2.34749,0.36742
1278,53,1,1,12,0,1,0,0,-12.4,0.34473,0.15,924,31.5246,2.63175,0.36742
1279,72,0,0,16,0,1,0,0,-9.199,0.34444,0.15,924,31.5246,2.58751,0.36742
1280,67,2,2,13,0,1,0,0,-7.084,0.34415,0.15,924,31.5246,2.6487,0.36742
1281,72,0,0,8,0,1,0,0,-15.961,0.34387,0.15,924,31.5246,2.28287,0.36742
1282,31,0,0,8,0,1,0,0,-22.314,0.34358,0.15,924,31.5246,2.76657,0.36742
1283,156,0,0,25,0,1,0,0,10.312,0.34329,0.15,925,31.5246,1.97169,0.36739
1284,5,0,0,3,0,1,0,0,-33.806,0.34301,0.15,925,31.5246,2.65434,0.36739
1285,20,1,1,6,0,1,0,0,-18.293,0.34272,0.15,925,31.5246,2.70427,0.36739
1286,77,0,0,16,0,1,0,0,-10.993,0.34244,0.15,925,31.5246,2.24324,0.36739
1287,45,0,0,9,0,1,0,0,-18.542,0.34215,0.15,925,31.5246,3.00488,0.36739
1288,46,0,0,5,0,1,0,0,-18.883,0.34187,0.15,925,31.5246,1.54004,0.36739
1289,95,3,3,23,0,1,0,0,6.779,0.34158,0.15,925,31.5246,3.03844,0.36757
1290,24,0,0,12,0,1,0,0,-15.905,0.3413,0.15,925,31.5246,3.7907,0.36757
1291,206,0,0,20,0,1,0,0,19.933,0.34101,0.15,928,31.5246,1.91663,0.36818
1292,16,0,0,5,0,1,0,0,-25.322,0.34073,0.15,928,31.5246,4.60556,0.36818
1293,8,0,0,4,0,1,0,0,-32.65,0.34045,0.15,928,31.5246,4.53821,0.36818
1294,98,1,1,24,0,1,0,0,7.249,0.34016,0.15,928,31.5246,2.16765,0.36818
1295,7,0,0,4,0,1,0,0,-29.808,0.33988,0.15,928,31.5246,4.61089,0.36818
1296,172,3,3,19,0,1,0,0,19.305,0.3396,0.15,929,31.5246,2.28402,0.36814
1297,5,0,0,3,0,1,0,0,-32.152,0.33931,0.15,929,31.5246,1.78037,0.36814
1298,193,3,3,24,0,1,2,0,24.235,0.33903,0.15,935,31.5246,2.29887,0.36684
1299,24,0,0,8,0,1,0,0,-20.552,0.33875,0.15,935,31.5246,3.38693,0.36684
1300,263,7,2,21,1,1,0,0,44.51,0.33847,0.15,939,31.5246,2.06017,0.36617
1301,20,1,1,6,0,1,0,0,-20.549,0.33818,0.15,939,31.5246,2.77261,0.36617
1302,10,0,0,5,0,1,0,0,-23.75,0.3379,0.15,939,31.5246,3.54727,0.36617
1303,101,0,0,17,0,1,0,0,-4.264,0.33762,0.15,939,31.5246,2.66123,0.36617
1304,80,3,3,13,0,1,0,0,-0.636,0.33734,0.15,939,31.5246,2.21367,0.36635
1305,42,1,1,10,0,1,0,0,-15.216,0.33706,0.15,939,31.5246,2.5296,0.36635
1306,58,0,0,13,0,1,0,0,-10.726,0.33678,0.15,939,31.5246,2.19576,0.36635
1307,57,0,0,8,0,1,0,0,-16.242,0.3365,0.15,939,31.5246,1.23224,0.36635
1308,66,0,0,14,0,1,0,0,-12.355,0.33622,0.15,939,31.5246,2.011,0.36635
1309,25,0,0,5,0,1,0,0,-21.076,0.33594,0.15,939,31.5246,2.24035,0.36635
1310,23,0,0,4,0,1,0,0,-29.157,0.33566,0.15,939,31.5246,3.02876,0.36635
1311,164,3,3,24,0,1,0,0,29.564,0.33538,0.15,943,31.5246,2.15107,0.36603
1312,56,0,0,5,0,0,1,0,-0.982,0.3351,0.15,947,31.5246,1.23271,0.36554
1313,60,1,1,11,0,1,0,0,-8.916,0.33482,0.15,947,31.5246,1.61289,0.36554
1314,5,0,0,3,0,1,0,0,-35.452,0.33454,0.15,947,31.5246,6.51185,0.36554
1315,131,2,2,21,0,1,0,0,16.09,0.33426,0.15,947,31.5246,2.09165,0.36554
1316,52,1,1,12,0,1,0,0,-8.036,0.33398,0.15,947,31.5246,1.91921,0.36554
1317,29,0,0,8,0,1,0,0,-17.378,0.3337,0.15,947,31.5246,2.2923,0.36554
1318,65,0,0,14,0,1,0,0,-10.706,0.33343,0.15,947,31.5246,1.85694,0.36554
1319,400,0,0,24,0,0,1,1,67.995,0.33315,0.15,956,31.5246,1.65651,0.36419
1320,35,1,1,10,0,1,0,0,-15.859,0.33287,0.15,956,31.5246,3.16955,0.36419
1321,88,1,1,12,0,1,0,0,-4.743,0.33259,0.15,956,31.5246,1.76453,0.36419
1322,84,1,1,10,0,1,0,0,-8.09,0.33232,0.15,956,31.5246,1.7237,0.36419
1323,191,0,0,18,0,1,0,0,5.348,0.33204,0.15,957,31.5246,1.38992,0.36416
1324,5,0,0,4,0,1,0,0,-33.208,0.33176,0.15,957,31.5246,1.01067,0.36416
1325,88,0,0,11,0,1,0,0,-14.49,0.33149,0.15,957,31.5246,1.65277,0.36416
1326,47,0,0,12,0,1,0,0,-14.18,0.33121,0.15,957,31.5246,1.96468,0.36416
1327,72,0,0,9,0,1,0,0,-12.535,0.33093,0.15,957,31.5246,1.82674,0.36416
1328,110,1,1,6,0,1,0,0,-7.817,0.33066,0.15,957,31.5246,1.51738,0.36416
1329,7,0,0,6,0,1,0,0,-28.604,0.33038,0.15,957,31.5246,5.76449,0.36416
1330,325,3,3,27,0,1,0,0,38.379,0.33011,0.15,959,31.5246,1.76825,0.36409
1331,58,0,0,7,0,1,0,0,-17.648,0.32983,0.15,959,31.5246,1.89883,0.36409
1332,42,0,0,6,0,1,0,0,-14.341,0.32956,0.15,959,31.5246,1.69578,0.36409
1333,63,0,0,9,0,1,0,0,-21.978,0.32928,0.15,959,31.5246,2.299,0.36444
1334,29,0,0,6,0,1,0,0,-23.143,0.32901,0.15,959,31.5246,3.67781,0.36444
1335,81,0,0,13,0,1,0,0,-8.823,0.32874,0.15,959,31.5246,2.5193,0.36444
1336,54,1,1,12,0,1,0,0,-7.337,0.32846,0.15,959,31.5246,1.78923,0.36444
1337,94,0,0,9,0,1,0,0,-9.611,0.32819,0.15,959,31.5246,1.29878,0.36444
1338,200,3,3,21,0,1,0,0,21.248,0.32792,0.15,960,31.5246,2.15645,0.36424
1339,6,0,0,2,0,1,0,0,-27.652,0.32764,0.15,960,31.5246,9.75444,0.36424
1340,300,3,3,20,0,1,0,0,36.296,0.32737,0.15,961,31.5246,1.98636,0.36455
1341,5,0,0,2,0,1,0,0,-31.408,0.3271,0.15,961,31.5246,6.75404,0.36455
1342,44,1,1,8,0,1,0,0,-16.568,0.32682,0.15,961,31.5246,2.20824,0.36455
1343,8,0,0,3,0,1,0,0,-32.954,0.32655,0.15,961,31.5246,3.90543,0.36455
1344,81,1,1,8,0,1,0,0,-10.082,0.32628,0.15,961,31.5246,2.03862,0.36455
1345,9,0,0,6,0,1,0,0,-24.846,0.32601,0.15,961,31.5246,4.01701,0.36455
1346,74,0,0,8,0,1,0,0,-11.023,0.32574,0.15,961,31.5246,1.74566,0.36455
1347,224,1,1,19,0,1,0,0,16.151,0.32547,0.15,961,31.5246,1.55417,0.36455
1348,38,0,0,3,0,1,0,0,-22.963,0.32519,0.15,961,31.5246,1.25671,0.36455
1349,99,0,0,12,0,1,0,0,-10.733,0.32492,0.15,961,31.5246,1.95125,0.36455
1350,69,2,2,16,0,1,0,0,1.922,0.32465,0.15,961,31.5246,2.7776,0.36472
1351,61,0,0,13,0,1,0,0,-10.346,0.32438,0.15,961,31.5246,1.53192,0.36472
1352,84,1,1,20,0,1,0,0,-1.269,0.32411,0.15,961,31.5246,2.59299,0.36472
1353,5,0,0,2,0,1,0,0,-31.106,0.32384,0.15,961,31.5246,5.8956,0.36472
1354,20,0,0,1,0,1,0,0,-27.061,0.32357,0.15,961,31.5246,2.68485,0.36472
1355,5,0,0,4,0,1,0,0,-33.206,0.3233,0.15,961,31.5246,2.52232,0.36472
1356,39,0,0,7,0,1,0,0,-18.797,0.32303,0.15,961,31.5246,1.91396,0.36472
1357,76,0,0,12,0,1,0,0,-13.647,0.32276,0.15,961,31.5246,1.99537,0.36472
1358,32,0,0,5,0,1,0,0,-23.989,0.3225,0.15,961,31.5246,3.20599,0.36472
1359,27,0,0,9,0,1,0,0,-18.678,0.32223,0.15,961,31.5246,2.1138,0.36472
1360,5,0,0,3,0,1,0,0,-33.808,0.32196,0.15,961,31.5246,0.45748,0.36472
1361,5,0,0,1,0,1,0,0,-33.352,0.32169,0.15,961,31.5246,1.3167,0.36472
1362,9,0,0,5,0,1,0,0,-28.926,0.32142,0.15,961,31.5246,5.62467,0.36472
1363,25,0,0,6,0,1,0,0,-20.426,0.32115,0.15,961,31.5246,3.61802,0.36472
1364,5,0,0,2,0,1,0,0,-29.454,0.32089,0.15,961,31.5246,9.00741,0.36472
1365,208,5,5,29,0,1,0,0,37.664,0.32062,0.15,961,31.5246,2.14909,0.36472
1366,5,0,0,4,0,1,0,0,-32.806,0.32035,0.15,961,31.5246,2.38537,0.36472
1367,77,1,1,10,0,1,0,0,-11.594,0.32009,0.15,961,31.5246,1.51071,0.36472
1368,36,0,0,11,0,1,0,0,-15.218,0.31982,0.15,961,31.5246,2.79432,0.36472
1369,135,3,3,8,0,1,0,0,12.226,0.31955,0.15,962,31.5246,1.53283,0.36469
1370,181,1,1,30,0,1,0,0,22.314,0.31929,0.15,962,31.5246,1.45458,0.36469
1371,15,0,0,5,0,1,0,0,-23.571,0.31902,0.15,962,31.5246,4.90236,0.36469
1372,400,2,2,39,0,0,0,1,96.14,0.31875,0.15,965,31.5246,1.57391,0.36511
1373,5,0,0,2,0,1,0,0,-34.406,0.31849,0.15,965,31.5246,2.31357,0.36511
1374,54,2,2,11,0,1,0,0,-8.103,0.31822,0.15,968,31.5246,4.10431,0.36484
1375,52,1,1,16,0,1,0,0,-9.359,0.31796,0.15,968,31.5246,2.56294,0.36484
1376,21,0,0,4,0,1,0,0,-27.986,0.31769,0.15,968,31.5246,3.19712,0.36484
1377,60,1,1,8,0,1,0,0,-9.949,0.31743,0.15,968,31.5246,1.79856,0.36484
1378,144,2,2,15,0,1,0,0,8.782,0.31716,0.15,973,31.5246,1.97309,0.36382
1379,39,1,1,10,0,1,0,0,-9.489,0.3169,0.15,973,31.5246,2.24953,0.36382
1380,8,0,0,3,0,1,0,0,-32.954,0.31664,0.15,973,31.5246,3.81908,0.36382
1381,84,0,0,14,0,1,0,0,-0.6,0.31637,0.15,973,31.5246,1.77198,0.36382
1382,44,0,0,14,0,1,0,0,-18.304,0.31611,0.15,973,31.5246,3.39503,0.36382
1383,104,1,1,18,0,1,0,0,-0.969,0.31585,0.15,974,31.5246,2.28677,0.36379
1384,41,0,0,7,0,1,0,0,-21.084,0.31558,0.15,974,31.5246,2.37053,0.36379
1385,44,0,0,14,0,1,0,0,-14.936,0.31532,0.15,974,31.5246,2.80993,0.36379
1386,144,0,0,13,0,1,0,0,3.375,0.31506,0.15,974,31.5246,0.90797,0.36379
1387,232,1,1,21,0,1,0,0,28.542,0.3148,0.15,975,31.5246,1.83696,0.36376
1388,31,0,0,4,0,1,0,0,-23.69,0.31453,0.15,975,31.5246,2.95076,0.36376
1389,24,1,1,9,0,1,0,0,-15.626,0.31427,0.15,975,31.5246,2.57793,0.36376
1390,61,0,0,6,0,1,0,0,-20.242,0.31401,0.15,975,31.5246,1.72721,0.36376
1391,129,6,1,21,1,1,1,0,27.049,0.31375,0.15,977,31.5246,1.82856,0.36387
1392,27,1,1,6,0,1,0,0,-17.049,0.31349,0.15,977,31.5246,3.15952,0.36387
1393,18,0,0,5,0,1,0,0,-23.164,0.31323,0.15,977,31.5246,1.94141,0.36387
1394,18,0,0,3,0,1,0,0,-24.915,0.31296,0.15,977,31.5246,2.43944,0.36387
1395,16,0,0,3,0,1,0,0,-27.222,0.3127,0.15,977,31.5246,7.14564,0.36387
1396,84,5,0,10,1,1,0,0,-3.224,0.31244,0.15,978,31.5246,1.88522,0.36367
1397,20,0,0,6,0,1,0,0,-27.624,0.31218,0.15,978,31.5246,3.87222,0.36367
1398,313,4,4,35,0,1,0,0,61.658,0.31192,0.15,982,31.5246,1.72448,0.36354
1399,5,0,0,4,0,1,0,0,-33.208,0.31166,0.15,982,31.5246,1.39843,0.36354
1400,13,0,0,4,0,1,0,0,-22.923,0.3114,0.15,982,31.5246,3.74553,0.36354
1401,108,2,2,27,0,0,0,0,38.748,0.31114,0.15,985,31.5246,2.27857,0.36294
1402,16,0,0,5,0,1,0,0,-22.515,0.31088,0.15,985,31.5246,4.71103,0.36294
1403,236,0,0,19,0,1,0,0,18.299,0.31063,0.15,985,31.5246,1.48065,0.36294
1404,28,0,0,4,0,1,0,0,-23.12,0.31037,0.15,985,31.5246,2.09998,0.36294
1405,17,1,1,5,0,1,0,0,-22.467,0.31011,0.15,985,31.5246,5.05027,0.36294
1406,5,0,0,3,0,1,0,0,-30.504,0.30985,0.15,985,31.5246,4.86041,0.36294
1407,63,1,1,7,0,1,0,0,-10.153,0.30959,0.15,988,31.5246,2.08297,0.36302
1408,369,3,3,22,0,1,1,0,50.453,0.30933,0.15,991,31.5246,1.53384,0.36276
1409,24,0,0,6,0,1,0,0,-22.431,0.30908,0.15,991,31.5246,5.06445,0.36276
1410,14,0,0,3,0,1,0,0,-28.836,0.30882,0.15,991,31.5246,3.62407,0.36276
1411,37,0,0,11,0,1,0,0,-16.183,0.30856,0.15,991,31.5246,3.18366,0.36276
1412,42,1,1,7,0,1,0,0,-15.965,0.3083,0.15,991,31.5246,2.7825,0.36276
1413,5,0,0,4,0,1,0,0,-32.808,0.30805,0.15,991,31.5246,1.42004,0.36276
1414,46,0,0,7,0,1,0,0,-17.459,0.30779,0.15,991,31.5246,1.8579,0.36276
1415,51,7,2,7,1,1,0,0,8.923,0.30753,0.15,991,31.5246,2.9666,0.36276
1416,22,0,0,7,0,1,0,0,-21.313,0.30728,0.15,991,31.5246,3.12311,0.36276
1417,8,0,0,5,0,1,0,0,-25.798,0.30702,0.15,991,31.5246,4.8797,0.36276
1418,53,0,0,7,0,1,0,0,-21.685,0.30677,0.15,991,31.5246,2.5238,0.36276
1419,126,2,2,21,0,1,0,0,17.609,0.30651,0.15,991,31.5246,1.52668,0.36276
1420,356,1,1,26,0,1,0,0,47.198,0.30626,0.15,992,31.5246,1.92985,0.36358
1421,54,1,1,8,0,1,0,0,-15.716,0.306,0.15,992,31.5246,1.79059,0.36358
1422,68,1,1,15,0,1,0,0,-0.762,0.30575,0.15,992,31.5246,2.94018,0.36391
1423,39,0,0,4,0,1,0,0,-23.381,0.30549,0.15,992,31.5246,2.76811,0.36391
1424,38,1,1,7,0,1,0,0,-15.154,0.30524,0.15,992,31.5246,2.52187,0.36391
1425,6,0,0,3,0,1,0,0,-30.61,0.30498,0.15,992,31.5246,3.31873,0.36391
1426,147,1,1,16,0,1,0,0,7.764,0.30473,0.15,992,31.5246,2.33015,0.36408
1427,15,0,0,3,0,1,0,0,-28.373,0.30447,0.15,992,31.5246,3.26133,0.36408
1428,65,0,0,15,0,1,0,0,-12.225,0.30422,0.15,992,31.5246,2.84515,0.36408
1429,260,7,2,24,1,1,0,0,50.067,0.30397,0.15,992,31.5246,2.01985,0.36408
1430,37,0,0,6,0,1,0,0,-17.221,0.30371,0.15,992,31.5246,2.67698,0.36408
1431,30,0,0,8,0,1,0,0,-20.247,0.30346,0.15,992,31.5246,3.24149,0.36408
1432,21,0,0,4,0,1,0,0,-23.515,0.30321,0.15,992,31.5246,2.49617,0.36408
1433,37,0,0,10,0,1,0,0,-13.593,0.30296,0.15,992,31.5246,2.48201,0.36408
1434,21,0,0,6,0,1,0,0,-25.988,0.3027,0.15,992,31.5246,4.91827,0.36408
1435,143,0,0,17,0,1,0,0,5.533,0.30245,0.15,992,31.5246,1.39617,0.36425
1436,27,0,0,10,0,1,0,0,-16.951,0.3022,0.15,992,31.5246,3.4069,0.36425
1437,400,2,2,21,0,0,1,1,80.862,0.30195,0.15,998,31.5246,1.31652,0.36339
1438,27,1,1,6,0,1,0,0,-16.988,0.3017,0.15,998,31.5246,3.50246,0.36339
1439,148,1,1,24,0,1,0,0,18.122,0.30145,0.15,999,31.5246,1.72104,0.3632
1440,61,0,0,8,0,1,0,0,-15.531,0.30119,0.15,999,31.5246,1.81805,0.3632
1441,400,2,2,12,0,0,0,1,73.45,0.30094,0.15,1000,31.5246,1.31064,0.36317
1442,400,10,5,37,1,0,0,1,117.664,0.30069,0.15,1003,31.5246,1.78008,0.36291
1443,57,0,0,19,0,1,0,0,-4.409,0.30044,0.15,1003,31.5246,3.23347,0.36291
1444,53,0,0,9,0,1,0,0,-16.428,0.30019,0.15,1003,31.5246,1.86338,0.36291
1445,15,0,0,4,0,1,0,0,-24.173,0.29994,0.15,1003,31.5246,2.97334,0.36291
1446,86,0,0,21,0,1,0,0,-3.813,0.29969,0.15,1003,31.5246,2.76646,0.36291
1447,81,0,0,16,0,1,0,0,-6.639,0.29944,0.15,1003,31.5246,1.55949,0.36291
1448,57,0,0,11,0,1,0,0,-17.36,0.29919,0.15,1003,31.5246,2.12603,0.36291
1449,127,0,0,13,0,1,0,0,-2.198,0.29894,0.15,1006,31.5246,2.15383,0.36249
1450,24,0,0,9,0,1,0,0,-19.559,0.29869,0.15,1006,31.5246,2.31845,0.36249
1451,9,0,0,5,0,1,0,0,-23.846,0.29845,0.15,1006,31.5246,3.64722,0.36249
1452,56,1,1,9,0,1,0,0,-7.01,0.2982,0.15,1007,31.5246,2.82808,0.3623
1453,123,0,0,18,0,0,0,0,20.431,0.29795,0.15,1008,31.5246,1.47353,0.3621
1454,41,0,0,9,0,1,0,0,-22.128,0.2977,0.15,1008,31.5246,2.26279,0.3621
1455,253,1,1,34,0,1,0,0,46.141,0.29745,0.15,1009,31.5246,1.70997,0.36191
1456,5,0,0,3,0,1,0,0,-32.154,0.2972,0.15,1009,31.5246,4.52788,0.36191
1457,209,3,3,10,0,1,1,0,16.287,0.29696,0.15,1013,31.5246,2.09211,0.36163
1458,63,0,0,4,0,1,0,0,-16.2,0.29671,0.15,1013,31.5246,1.90932,0.36163
1459,5,0,0,3,0,1,0,0,-33.806,0.29646,0.15,1013,31.5246,2.89764,0.36163
1460,105,1,1,18,0,1,0,0,4.556,0.29622,0.15,1013,31.5246,2.74901,0.36163
1461,400,0,0,27,0,0,0,1,74.839,0.29597,0.15,1018,31.5246,2.05501,0.36133
1462,97,2,2,15,0,1,0,0,4.133,0.29572,0.15,1018,31.5246,2.02073,0.36133
1463,36,0,0,6,0,1,0,0,-24.783,0.29548,0.15,1018,31.5246,3.72104,0.36133
1464,208,1,1,15,0,1,0,0,10.287,0.29523,0.15,1018,31.5246,1.60453,0.36133
1465,34,0,0,11,0,1,0,0,-12.652,0.29498,0.15,1018,31.5246,2.91099,0.36133
1466,41,2,2,12,0,1,0,0,-5.861,0.29474,0.15,1018,31.5246,3.10907,0.36133
1467,33,1,1,8,0,1,0,0,-18.975,0.29449,0.15,1018,31.5246,3.56931,0.36133
1468,38,0,0,8,0,1,0,0,-19.893,0.29425,0.15,1018,31.5246,2.94504,0.36133
1469,95,1,1,21,0,1,0,0,4.26,0.294,0.15,1018,31.5246,2.28751,0.36166
1470,328,6,1,26,1,1,0,0,54.658,0.29376,0.15,1021,31.5246,1.72633,0.36125
1471,73,2,2,12,0,1,0,0,-1.631,0.29351,0.15,1021,31.5246,2.1541,0.36125
1472,22,0,0,5,0,1,0,0,-22.856,0.29327,0.15,1021,31.5246,3.16101,0.36125
1473,155,2,2,14,0,1,0,0,5.529,0.29302,0.15,1021,31.5246,2.01454,0.36125
1474,58,1,1,7,0,1,0,0,-13.68,0.29278,0.15,1021,31.5246,1.94006,0.36125
1475,19,0,0,6,0,1,0,0,-22.144,0.29254,0.15,1021,31.5246,4.07778,0.36125
1476,64,0,0,11,0,1,0,0,-12.533,0.29229,0.15,1021,31.5246,2.14697,0.36125
1477,187,1,1,21,0,1,0,0,6.362,0.29205,0.15,1021,31.5246,2.14731,0.36141
1478,20,0,0,5,0,1,0,0,-26.363,0.29181,0.15,1021,31.5246,3.51891,0.36141
1479,181,1,1,23,0,1,0,0,12.176,0.29156,0.15,1021,31.5246,2.2048,0.36141
1480,45,1,1,8,0,1,0,0,-15.957,0.29132,0.15,1021,31.5246,2.20557,0.36141
1481,306,2,2,35,0,1,0,0,51.173,0.29108,0.15,1027,31.5246,1.65122,0.3606
1482,23,1,1,5,0,1,0,0,-21.149,0.29083,0.15,1027,31.5246,3.69437,0.3606
1483,281,1,1,14,0,1,1,0,25.723,0.29059,0.15,1027,31.5246,1.59838,0.3606
1484,7,0,0,3,0,1,0,0,-29.7,0.29035,0.15,1027,31.5246,6.10234,0.3606
1485,113,1,1,12,0,1,0,0,-12.873,0.29011,0.15,1030,31.5246,2.17097,0.36036
1486,250,3,3,28,0,1,0,0,27.755,0.28987,0.15,1031,31.5246,2.21468,0.36017
1487,21,0,0,6,0,1,0,0,-21.736,0.28963,0.15,1031,31.5246,2.23471,0.36017
1488,13,0,0,6,0,1,0,0,-23.221,0.28938,0.15,1031,31.5246,5.03788,0.36017
1489,20,0,0,10,0,1,0,0,-20.638,0.28914,0.15,1031,31.5246,3.49239,0.36017
1490,198,1,1,18,0,1,0,0,13.883,0.2889,0.15,1031,31.5246,2.3961,0.36033
1491,26,0,0,4,0,1,0,0,-27.686,0.28866,0.15,1031,31.5246,4.47754,0.36033
1492,5,0,0,4,0,1,0,0,-33.206,0.28842,0.15,1031,31.5246,2.41814,0.36033
1493,400,1,1,18,0,0,1,1,51.221,0.28818,0.15,1033,31.5246,1.79891,0.36076
1494,42,0,0,12,0,1,0,0,-17.738,0.28794,0.15,1033,31.5246,2.56605,0.36076
1495,114,0,0,10,0,1,0,0,-10.178,0.2877,0.15,1033,31.5246,1.84479,0.36076
1496,33,0,0,6,0,1,0,0,-23.781,0.28746,0.15,1033,31.5246,2.31105,0.36076
1497,8,0,0,3,0,1,0,0,-32.954,0.28722,0.15,1033,31.5246,3.01862,0.36076
1498,277,1,1,27,0,1,2,0,12.578,0.28698,0.15,1035,31.5246,1.90196,0.36167
1499,46,0,0,15,0,1,0,0,-12.957,0.28674,0.15,1035,31.5246,2.26855,0.36167
1500,79,1,1,19,0,1,0,0,-1.026,0.2865,0.15,1035,31.5246,2.2792,0.36167
1501,16,0,0,10,0,1,0,0,-17.983,0.28627,0.15,1035,31.5246,3.14638,0.36167
1502,97,1,1,16,0,1,0,0,3.015,0.28603,0.15,1035,31.5246,2.07595,0.36167
1503,88,1,1,7,0,1,0,0,-7.489,0.28579,0.15,1035,31.5246,1.56461,0.36167
1504,81,2,2,17,0,1,0,0,3.108,0.28555,0.15,1035,31.5246,2.00249,0.36167
1505,63,0,0,18,0,1,0,0,-10.662,0.28531,0.15,1035,31.5246,3.19934,0.36184
1506,94,2,2,15,0,1,0,0,1.741,0.28508,0.15,1035,31.5246,1.95154,0.36184
1507,68,0,0,8,0,1,0,0,-13.974,0.28484,0.15,1035,31.5246,1.67516,0.36184
1508,20,1,1,5,0,1,0,0,-21.157,0.2846,0.15,1035,31.5246,5.02586,0.36184
1509,23,0,0,6,0,1,0,0,-23.734,0.28436,0.15,1035,31.5246,3.69032,0.36184
1510,256,5,0,31,1,1,0,0,36.005,0.28413,0.15,1036,31.5246,2.50688,0.36181
1511,22,0,0,6,0,1,0,0,-25.944,0.28389,0.15,1036,31.5246,3.87085,0.36181
1512,301,1,1,35,0,1,0,0,40.073,0.28365,0.15,1036,31.5246,2.01558,0.36245
1513,13,0,0,4,0,1,0,0,-24.575,0.28342,0.15,1036,31.5246,3.42403,0.36245
1514,21,0,0,9,0,1,0,0,-19.692,0.28318,0.15,1036,31.5246,2.43271,0.36245
1515,240,1,1,19,0,1,0,0,-0.18,0.28295,0.15,1039,31.5246,2.2732,0.36237
1516,110,0,0,12,0,1,0,0,-19.686,0.28271,0.15,1039,31.5246,3.37084,0.36237
1517,246,7,2,18,1,1,2,0,36.091,0.28247,0.15,1040,31.5246,1.99046,0.36314
1518,261,0,0,29,0,1,0,0,34.864,0.28224,0.15,1040,31.5246,1.74783,0.36314
1519,62,0,0,12,0,1,0,0,-17.429,0.282,0.15,1040,31.5246,3.58326,0.36314
1520,37,0,0,5,0,1,0,0,-23.558,0.28177,0.15,1040,31.5246,2.54417,0.36314
1521,61,0,0,12,0,1,0,0,-16.176,0.28153,0.15,1040,31.5246,1.99624,0.36314
1522,34,1,1,12,0,1,0,0,-16.283,0.2813,0.15,1040,31.5246,2.92887,0.36314
1523,35,0,0,8,0,1,0,0,-15.28,0.28107,0.15,1040,31.5246,1.41281,0.36314
1524,232,1,1,36,0,1,0,0,29.841,0.28083,0.15,1040,31.5246,1.5404,0.36346
1525,41,0,0,9,0,1,0,0,-17.326,0.2806,0.15,1040,31.5246,1.25307,0.36346
1526,400,4,4,22,0,0,0,1,95.312,0.28036,0.15,1040,31.5246,1.3562,0.36362
1527,21,0,0,9,0,1,0,0,-20.474,0.28013,0.15,1040,31.5246,3.31519,0.36362
1528,38,0,0,9,0,1,0,0,-15.946,0.2799,0.15,1040,31.5246,3.37541,0.36362
1529,68,1,1,12,0,1,0,0,-8.2,0.27966,0.15,1040,31.5246,3.1247,0.36362
1530,214,1,1,26,0,1,0,0,24.44,0.27943,0.15,1041,31.5246,1.57685,0.36359
1531,45,1,1,12,0,1,0,0,-8.143,0.2792,0.15,1041,31.5246,2.19583,0.36359
1532,35,0,0,9,0,1,0,0,-17.766,0.27897,0.15,1041,31.5246,2.25833,0.36359
1533,30,0,0,9,0,1,0,0,-19.167,0.27873,0.15,1041,31.5246,2.41657,0.36359
1534,52,0,0,11,0,1,0,0,-9.155,0.2785,0.15,1041,31.5246,1.87194,0.36359
1535,35,0,0,5,0,1,0,0,-23.47,0.27827,0.15,1041,31.5246,2.66609,0.36359
1536,92,1,1,6,0,1,0,0,-13.224,0.27804,0.15,1041,31.5246,1.74031,0.36359
1537,400,1,1,24,0,0,1,1,86.113,0.27781,0.15,1044,31.5246,1.5529,0.36335
1538,215,0,0,17,0,1,0,0,24.29,0.27757,0.15,1046,31.5246,1.48439,0.36297
1539,400,6,1,20,1,0,0,1,95.061,0.27734,0.15,1047,31.5246,1.59008,0.36294
1540,78,0,0,19,0,0,0,0,13.281,0.27711,0.15,1049,31.5246,2.75818,0.36273
1541,17,0,0,4,0,1,0,0,-22.811,0.27688,0.15,1049,31.5246,3.69194,0.36273
1542,13,0,0,3,0,1,0,0,-24.998,0.27665,0.15,1049,31.5246,3.29019,0.36273
1543,76,0,0,4,0,1,0,0,-17.891,0.27642,0.15,1050,31.5246,2.08621,0.36286
1544,76,0,0,6,0,1,0,0,-16.841,0.27619,0.15,1050,31.5246,2.12346,0.36286
1545,38,0,0,6,0,1,0,0,-19.449,0.27596,0.15,1050,31.5246,2.38033,0.36286
1546,238,2,2,34,0,1,0,0,43.646,0.27573,0.15,1050,31.5246,1.75086,0.36286
1547,94,0,0,18,0,1,0,0,2.123,0.2755,0.15,1050,31.5246,2.04283,0.36286
1548,110,2,2,19,0,1,0,0,1.39,0.27527,0.15,1051,31.5246,2.64493,0.36267
1549,101,1,1,28,0,1,0,0,8.766,0.27504,0.15,1051,31.5246,2.03065,0.36267
1550,15,0,0,6,0,1,0,0,-24.565,0.27481,0.15,1051,31.5246,3.93004,0.36267
1551,21,0,0,9,0,1,0,0,-19.177,0.27458,0.15,1051,31.5246,2.62869,0.36267
1552,163,4,4,28,0,1,1,0,12.775,0.27435,0.15,1052,31.5246,2.9261,0.36248
1553,118,0,0,19,0,1,0,0,0.602,0.27413,0.15,1054,31.5246,2.12818,0.36227
1554,220,2,2,21,0,1,0,0,18.064,0.2739,0.15,1056,31.5246,2.07482,0.36237
1555,23,1,1,6,0,1,0,0,-20.806,0.27367,0.15,1056,31.5246,3.90622,0.36237
1556,400,3,3,41,0,0,0,1,105.698,0.27344,0.15,1058,31.5246,1.5002,0.36216
1557,55,1,1,16,0,1,0,0,-10.755,0.27321,0.15,1058,31.5246,2.91172,0.36216
1558,400,6,1,34,1,0,0,1,102.561,0.27299,0.15,1065,31.5246,1.67105,0.3615
1559,97,0,0,18,0,1,0,0,2.308,0.27276,0.15,1065,31.5246,1.72847,0.3615
1560,28,0,0,9,0,1,0,0,-18.925,0.27253,0.15,1065,31.5246,2.70354,0.3615
1561,39,0,0,6,0,1,0,0,-24.628,0.2723,0.15,1065,31.5246,3.43733,0.3615
1562,61,1,1,16,0,1,0,0,-3.56,0.27208,0.15,1065,31.5246,2.37329,0.3615
1563,65,0,0,19,0,1,0,0,-3.319,0.27185,0.15,1065,31.5246,2.18579,0.3615
1564,132,1,1,19,0,1,0,0,5.262,0.27162,0.15,1065,31.5246,1.68875,0.3615
1565,110,1,1,15,0,1,0,0,-5.717,0.2714,0.15,1065,31.5246,2.35093,0.3615
1566,51,0,0,14,0,1,0,0,-14.439,0.27117,0.15,1065,31.5246,1.98467,0.3615
1567,190,0,0,15,0,1,0,0,12.337,0.27095,0.15,1065,31.5246,1.69781,0.36182
1568,50,2,2,16,0,1,0,0,-5.351,0.27072,0.15,1065,31.5246,3.38244,0.36182
1569,44,0,0,10,0,1,0,0,-22.32,0.2705,0.15,1065,31.5246,2.36785,0.36182
1570,25,0,0,5,0,1,0,0,-21.299,0.27027,0.15,1065,31.5246,2.57384,0.36182
1571,22,0,0,6,0,1,0,0,-18.782,0.27005,0.15,1065,31.5246,1.1513,0.36182
1572,38,1,1,10,0,1,0,0,-11.815,0.26982,0.15,1065,31.5246,2.93186,0.36182
1573,87,0,0,11,0,1,0,0,-9.491,0.2696,0.15,1065,31.5246,1.14376,0.36182
1574,42,1,1,14,0,1,0,0,-11.987,0.26937,0.15,1065,31.5246,3.46928,0.36182
1575,158,0,0,9,0,1,0,0,-9.552,0.26915,0.15,1065,31.5246,1.37665,0.36182
1576,23,0,0,3,0,1,0,0,-24.367,0.26892,0.15,1065,31.5246,2.00914,0.36182
1577,400,0,0,39,0,0,0,1,99.113,0.2687,0.15,1065,31.5246,1.65016,0.36213
1578,73,2,2,8,0,1,0,0,-4.763,0.26847,0.15,1065,31.5246,3.14482,0.36213
1579,400,3,3,31,0,0,0,1,74.188,0.26825,0.15,1065,31.5246,1.62168,0.36213
1580,114,2,2,29,0,1,0,0,13.869,0.26803,0.15,1065,31.5246,2.05737,0.36213
1581,94,2,2,12,0,1,0,0,-1.745,0.2678,0.15,1065,31.5246,2.16408,0.36213
1582,10,0,0,5,0,1,0,0,-28.47,0.26758,0.15,1065,31.5246,6.3833,0.36213
1583,43,1,1,9,0,1,0,0,-14.733,0.26736,0.15,1065,31.5246,1.8985,0.36213
1584,106,0,0,9,0,1,0,0,-12.392,0.26714,0.15,1065,31.5246,1.25888,0.36213
1585,280,1,1,29,0,1,1,0,29.951,0.26691,0.15,1065,31.5246,2.23755,0.36213
1586,40,0,0,7,0,1,0,0,-17.741,0.26669,0.15,1065,31.5246,2.31278,0.36213
1587,158,2,2,23,0,1,0,0,6.275,0.26647,0.15,1065,31.5246,1.76941,0.36213
1588,400,6,1,22,1,0,0,1,88.624,0.26625,0.15,1069,31.5246,1.63142,0.36186
1589,32,0,0,7,0,1,0,0,-23.203,0.26602,0.15,1069,31.5246,3.80937,0.36186
1590,211,1,1,27,0,1,0,0,2.825,0.2658,0.15,1069,31.5246,2.10445,0.36202
1591,108,1,1,24,0,1,0,0,12.049,0.26558,0.15,1070,31.5246,1.93046,0.36231
1592,59,0,0,8,0,1,0,0,-13.162,0.26536,0.15,1070,31.5246,1.74373,0.36262
1593,59,0,0,10,0,1,0,0,-16.081,0.26514,0.15,1070,31.5246,1.6378,0.36262
1594,242,2,2,32,0,1,0,0,26.159,0.26492,0.15,1070,31.5246,1.9541,0.36262
1595,125,1,1,18,0,1,0,0,0.288,0.2647,0.15,1071,31.5246,1.73652,0.36243
1596,151,2,2,29,0,1,0,0,13.631,0.26448,0.15,1073,31.5246,2.1136,0.36207
1597,110,0,0,12,0,1,0,0,-5.43,0.26426,0.15,1073,31.5246,1.9577,0.36207
1598,36,0,0,3,0,1,0,0,-20.172,0.26404,0.15,1073,31.5246,1.05372,0.36207
1599,89,0,0,9,0,1,0,0,-13.641,0.26382,0.15,1073,31.5246,2.57236,0.36207
1600,102,2,2,17,0,1,0,0,-1.262,0.2636,0.15,1076,31.5246,2.6268,0.36214
1601,63,0,0,12,0,1,0,0,-11.691,0.26338,0.15,1076,31.5246,1.31946,0.36214
1602,59,0,0,9,0,1,0,0,-15.093,0.26316,0.15,1076,31.5246,2.06155,0.36214
1603,80,0,0,6,0,1,0,0,-15.436,0.26294,0.15,1076,31.5246,2.00031,0.36214
1604,39,0,0,9,0,1,0,0,-13.599,0.26272,0.15,1076,31.5246,1.97091,0.36214
1605,33,0,0,3,0,1,0,0,-25.256,0.2625,0.15,1076,31.5246,1.80072,0.36214
1606,400,2,2,22,0,0,0,1,58.815,0.26228,0.15,1076,31.5246,1.51012,0.3623
1607,131,3,3,26,0,1,0,0,13.192,0.26206,0.15,1077,31.5246,2.33872,0.36212
1608,25,0,0,3,0,1,0,0,-26.147,0.26185,0.15,1077,31.5246,3.19096,0.36212
1609,13,0,0,5,0,1,0,0,-27.423,0.26163,0.15,1077,31.5246,6.75066,0.36212
1610,142,0,0,17,0,1,0,0,9.549,0.26141,0.15,1077,31.5246,1.73637,0.36212
1611,127,0,0,19,0,1,0,0,3.361,0.26119,0.15,1077,31.5246,1.9709,0.36212
1612,13,0,0,3,0,1,0,0,-29.863,0.26097,0.15,1077,31.5246,4.51873,0.36212
1613,56,0,0,8,0,1,0,0,-18.869,0.26076,0.15,1077,31.5246,2.64735,0.36212
1614,400,3,3,26,0,0,0,1,85.641,0.26054,0.15,1081,31.5246,1.3857,0.3617
1615,5,0,0,3,0,1,0,0,-33.806,0.26032,0.15,1081,31.5246,2.68479,0.3617
1616,58,0,0,8,0,1,0,0,-15.009,0.26011,0.15,1082,31.5246,3.19129,0.36152
1617,51,1,1,13,0,1,0,0,-12.926,0.25989,0.15,1082,31.5246,2.72127,0.36152
1618,222,2,2,21,0,1,0,0,-1.473,0.25967,0.15,1082,31.5246,2.32695,0.36152
1619,216,0,0,24,0,1,0,0,16.94,0.25946,0.15,1082,31.5246,1.85086,0.36183
1620,49,0,0,8,0,1,0,0,-21.808,0.25924,0.15,1082,31.5246,1.79727,0.36183
1621,72,0,0,4,0,1,0,0,-22.821,0.25902,0.15,1082,31.5246,1.80732,0.36183
1622,90,0,0,15,0,1,0,0,-6.095,0.25881,0.15,1082,31.5246,1.17405,0.36183
1623,23,0,0,9,0,1,0,0,-24.053,0.25859,0.15,1082,31.5246,3.81562,0.36183
1624,400,0,0,27,0,0,0,1,84.391,0.25838,0.15,1088,31.5246,1.36453,0.36091
1625,5,0,0,3,0,1,0,0,-33.406,0.25816,0.15,1088,31.5246,2.80886,0.36091
1626,11,0,0,2,0,1,0,0,-29.842,0.25795,0.15,1088,31.5246,4.1228,0.36091
1627,15,0,0,5,0,1,0,0,-23.409,0.25773,0.15,1088,31.5246,4.5029,0.36091
1628,34,0,0,7,0,1,0,0,-19.524,0.25752,0.15,1088,31.5246,1.86018,0.36091
1629,229,2,2,38,0,1,0,0,23.765,0.2573,0.15,1092,31.5246,1.91491,0.3605
1630,45,0,0,9,0,1,0,0,-15.433,0.25709,0.15,1092,31.5246,2.00051,0.3605
1631,349,6,1,30,1,1,0,0,43.833,0.25687,0.15,1100,31.5246,2.07319,0.35955
1632,20,0,0,4,0,1,0,0,-27.84,0.25666,0.15,1100,31.5246,2.49787,0.35955
1633,228,6,1,14,1,1,1,0,22.976,0.25645,0.15,1102,31.5246,2.01541,0.3595
1634,177,2,2,19,0,1,0,0,24.541,0.25623,0.15,1102,31.5246,1.83877,0.3595
1635,177,0,0,17,0,1,0,0,6.75,0.25602,0.15,1104,31.5246,1.24898,0.35915
1636,42,1,1,8,0,1,0,0,-15.992,0.25581,0.15,1104,31.5246,2.16559,0.35915
1637,28,0,0,12,0,1,0,0,-15.864,0.25559,0.15,1104,31.5246,3.46984,0.35915
1638,132,2,2,34,0,1,0,0,13.048,0.25538,0.15,1104,31.5246,2.03454,0.35915
1639,27,0,0,4,0,1,0,0,-28.782,0.25517,0.15,1104,31.5246,1.45569,0.35915
1640,42,3,3,9,0,1,0,0,-5.541,0.25496,0.15,1104,31.5246,2.80809,0.35915
1641,203,1,1,18,0,0,0,0,38.863,0.25474,0.15,1108,31.5246,1.46821,0.35875
1642,88,0,0,12,0,1,0,0,-19.745,0.25453,0.15,1108,31.5246,2.96087,0.35875
1643,320,4,4,41,0,1,0,0,63.801,0.25432,0.15,1108,31.5246,2.06796,0.3589
1644,79,1,1,24,0,1,0,0,2.29,0.25411,0.15,1108,31.5246,2.88046,0.3589
1645,58,0,0,10,0,1,0,0,-19.162,0.2539,0.15,1108,31.5246,2.17127,0.3589
1646,160,7,2,40,1,1,0,0,40.549,0.25368,0.15,1108,31.5246,2.37343,0.3589
1647,213,1,1,34,0,1,0,0,27.977,0.25347,0.15,1109,31.5246,2.26681,0.35888
1648,6,0,0,4,0,1,0,0,-33.154,0.25326,0.15,1109,31.5246,4.96264,0.35888
1649,77,1,1,14,0,1,0,0,-1.893,0.25305,0.15,1109,31.5246,1.75013,0.35888
1650,48,0,0,14,0,1,0,0,-11.539,0.25284,0.15,1109,31.5246,2.21791,0.35888
1651,67,1,1,21,0,1,0,0,-1.893,0.25263,0.15,1109,31.5246,2.63884,0.35888
1652,22,0,0,6,0,1,0,0,-24.396,0.25242,0.15,1109,31.5246,3.26855,0.35888
1653,150,8,3,38,1,1,0,0,53.326,0.25221,0.15,1113,31.5246,2.19204,0.35819
1654,65,2,2,18,0,1,0,0,-3.779,0.252,0.15,1113,31.5246,2.6128,0.35819
1655,97,2,2,21,0,1,0,0,-0.855,0.25179,0.15,1113,31.5246,2.81386,0.35819
1656,139,2,2,31,0,1,0,0,25.739,0.25158,0.15,1113,31.5246,2.14404,0.35819
1657,47,2,2,13,0,1,0,0,-4.313,0.25137,0.15,1113,31.5246,2.33689,0.35819
1658,27,0,0,10,0,1,0,0,-17.31,0.25116,0.15,1113,31.5246,2.62946,0.35819
1659,37,0,0,11,0,1,0,0,-11.395,0.25095,0.15,1113,31.5246,2.38392,0.35819
1660,17,2,2,5,0,1,0,0,-21.421,0.25074,0.15,1113,31.5246,6.23286,0.35819
1661,9,0,0,2,0,1,0,0,-27.454,0.25053,0.15,1113,31.5246,5.80317,0.35819
1662,14,0,0,2,0,1,0,0,-27.123,0.25032,0.15,1113,31.5246,3.24014,0.35819
1663,40,0,0,17,0,1,0,0,-11.606,0.25012,0.15,1113,31.5246,2.52602,0.35819
1664,84,3,3,28,0,1,0,0,13.614,0.24991,0.15,1113,31.5246,2.5913,0.35819
1665,132,3,3,17,0,1,0,0,10.386,0.2497,0.15,1114,31.5246,1.79411,0.35802
1666,7,0,0,4,0,1,0,0,-29.408,0.24949,0.15,1114,31.5246,7.63175,0.35802
1667,35,1,1,7,0,1,0,0,-21.715,0.24928,0.15,1114,31.5246,2.61618,0.35802
1668,48,0,0,16,0,1,0,0,-16.62,0.24908,0.15,1114,31.5246,2.58335,0.35802
1669,288,3,3,25,0,1,0,0,36.412,0.24887,0.15,1116,31.5246,1.56886,0.35783
1670,36,0,0,9,0,1,0,0,-14.042,0.24866,0.15,1116,31.5246,1.64954,0.35783
1671,55,2,2,21,0,1,0,0,0.289,0.24845,0.15,1116,31.5246,2.65704,0.35783
1672,73,1,1,12,0,1,0,0,-5.068,0.24825,0.15,1116,31.5246,2.64059,0.35783
1673,138,0,0,26,0,1,0,0,8.149,0.24804,0.15,1116,31.5246,1.68727,0.35783
1674,39,0,0,13,0,1,0,0,-17.907,0.24783,0.15,1116,31.5246,2.45972,0.35783
1675,212,3,3,42,0,1,0,0,31.368,0.24763,0.15,1116,31.5246,2.37492,0.35797
1676,160,1,1,28,0,1,0,0,5.479,0.24742,0.15,1116,31.5246,1.82161,0.35797
1677,94,1,1,27,0,1,0,0,5.732,0.24721,0.15,1116,31.5246,2.84674,0.35797
1678,42,0,0,4,0,1,0,0,-25.282,0.24701,0.15,1116,31.5246,1.50346,0.35797
1679,63,3,3,14,0,1,0,0,0.282,0.2468,0.15,1116,31.5246,2.46778,0.35797
1680,52,2,2,10,0,1,0,0,-7.274,0.2466,0.15,1116,31.5246,2.42836,0.35797
1681,38,0,0,6,0,1,0,0,-21.304,0.24639,0.15,1116,31.5246,3.17925,0.35797
1682,7,0,0,3,0,1,0,0,-33.404,0.24619,0.15,1116,31.5246,5.08324,0.35797
1683,5,0,0,2,0,1,0,0,-31.104,0.24598,0.15,1116,31.5246,6.14979,0.35797
1684,61,2,2,13,0,1,0,0,-3.416,0.24578,0.15,1117,31.5246,3.17145,0.3578
1685,42,0,0,4,0,1,0,0,-25.333,0.24557,0.15,1117,31.5246,2.98483,0.3578
1686,30,0,0,7,0,1,0,0,-20.502,0.24537,0.15,1117,31.5246,2.821,0.3578
1687,56,0,0,7,0,1,0,0,-19.677,0.24516,0.15,1117,31.5246,3.46872,0.3578
1688,18,0,0,4,0,1,0,0,-23.675,0.24496,0.15,1117,31.5246,2.79654,0.3578
1689,45,1,1,6,0,1,0,0,-16.757,0.24475,0.15,1117,31.5246,2.85806,0.3578
1690,25,0,0,5,0,1,0,0,-27.016,0.24455,0.15,1117,31.5246,4.02939,0.3578
1691,65,2,2,22,0,1,0,0,-2.533,0.24435,0.15,1117,31.5246,2.94512,0.3578
1692,9,0,0,3,0,1,0,0,-29.696,0.24414,0.15,1117,31.5246,5.173,0.3578
1693,63,1,1,13,0,1,0,0,-5.137,0.24394,0.15,1117,31.5246,2.55912,0.3578
1694,20,0,0,10,0,1,0,0,-18.284,0.24374,0.15,1117,31.5246,2.91733,0.3578
1695,59,0,0,6,0,1,0,0,-20.42,0.24353,0.15,1117,31.5246,2.87155,0.3578
1696,16,0,0,8,0,1,0,0,-25.161,0.24333,0.15,1117,31.5246,4.11931,0.3578
1697,230,0,0,19,0,1,2,0,25.356,0.24313,0.15,1120,31.5246,2.15644,0.35729
1698,77,0,0,9,0,1,0,0,-8.706,0.24293,0.15,1120,31.5246,1.75392,0.35729
1699,122,2,2,12,0,1,0,0,-1.174,0.24272,0.15,1120,31.5246,2.42746,0.35729
1700,163,0,0,7,0,1,0,0,-3.267,0.24252,0.15,1120,31.5246,1.58616,0.35729
1701,7,0,0,3,0,1,0,0,-33.404,0.24232,0.15,1120,31.5246,3.16332,0.35729
1702,40,0,0,8,0,1,0,0,-16.434,0.24212,0.15,1120,31.5246,1.81576,0.35729
1703,26,0,0,6,0,1,0,0,-20.977,0.24192,0.15,1120,31.5246,1.96918,0.35729
1704,8,0,0,1,0,1,0,0,-26.85,0.24171,0.15,1120,31.5246,0.69195,0.35729
1705,55,0,0,7,0,1,0,0,-14.579,0.24151,0.15,1120,31.5246,1.11119,0.35729
1706,400,10,0,25,2,0,0,1,111.593,0.24131,0.15,1120,31.5246,1.4553,0.35729
1707,92,1,1,16,0,1,0,0,2.452,0.24111,0.15,1120,31.5246,1.99943,0.35729
1708,49,1,1,13,0,1,0,0,-7.424,0.24091,0.15,1120,31.5246,1.74271,0.35729
1709,6,0,0,2,0,1,0,0,-33.554,0.24071,0.15,1120,31.5246,4.91342,0.35729
1710,40,0,0,16,0,1,0,0,-6.418,0.24051,0.15,1120,31.5246,2.67779,0.35744
1711,145,2,2,21,0,1,0,0,15.675,0.24031,0.15,1120,31.5246,1.99001,0.35744
1712,110,1,1,16,0,1,1,0,-5.154,0.24011,0.15,1125,31.5246,2.77999,0.35659
1713,24,0,0,7,0,1,0,0,-21.682,0.23991,0.15,1125,31.5246,2.20404,0.35659
1714,14,0,0,5,0,1,0,0,-23.915,0.23971,0.15,1125,31.5246,3.93598,0.35659
1715,400,7,2,46,1,0,0,1,129.402,0.23951,0.15,1126,31.5246,1.4767,0.35642
1716,179,7,2,32,1,1,0,0,49.269,0.23931,0.15,1129,31.5246,1.97345,0.35607
1717,26,1,1,11,0,1,0,0,-18.489,0.23911,0.15,1129,31.5246,3.16387,0.35607
1718,32,0,0,13,0,1,0,0,-17.082,0.23891,0.15,1129,31.5246,3.37646,0.35607
1719,17,1,1,5,0,1,0,0,-18.967,0.23871,0.15,1129,31.5246,1.46319,0.35607
1720,133,0,0,19,0,1,0,0,8.583,0.23851,0.15,1129,31.5246,1.17244,0.35607
1721,30,0,0,9,0,1,0,0,-18.46,0.23831,0.15,1129,31.5246,2.41153,0.35607
1722,19,0,0,7,0,1,0,0,-24.096,0.23812,0.15,1129,31.5246,2.92108,0.35607
1723,28,0,0,8,0,1,0,0,-19.353,0.23792,0.15,1129,31.5246,2.91514,0.35607
1724,26,1,1,7,0,1,0,0,-17.896,0.23772,0.15,1129,31.5246,3.85249,0.35607
1725,27,0,0,9,0,1,0,0,-19.788,0.23752,0.15,1129,31.5246,3.62441,0.35607
1726,19,1,1,6,0,1,0,0,-21.355,0.23732,0.15,1129,31.5246,3.98478,0.35607
1727,13,0,0,3,0,1,0,0,-26.575,0.23713,0.15,1129,31.5246,6.55715,0.35607
1728,199,2,2,27,0,1,0,0,28.759,0.23693,0.15,1129,31.5246,1.4653,0.35607
1729,400,3,3,24,0,0,0,1,96.18,0.23673,0.15,1135,31.5246,1.32605,0.35551
1730,37,0,0,11,0,1,0,0,-19.469,0.23653,0.15,1135,31.5246,2.96992,0.35551
1731,10,0,0,6,0,1,0,0,-26.804,0.23634,0.15,1135,31.5246,4.22007,0.35551
1732,8,0,0,5,0,1,0,0,-29.156,0.23614,0.15,1135,31.5246,6.53006,0.35551
1733,400,3,3,25,0,0,0,1,92.6,0.23594,0.15,1136,31.5246,1.6461,0.35534
1734,62,0,0,6,0,1,0,0,-17.442,0.23575,0.15,1136,31.5246,2.1046,0.35534
1735,147,5,5,32,0,1,0,0,38.09,0.23555,0.15,1136,31.5246,2.11331,0.35534
1736,128,1,1,5,0,1,0,0,-4.244,0.23535,0.15,1137,31.5246,2.30383,0.35547
1737,5,0,0,4,0,1,0,0,-32.806,0.23516,0.15,1137,31.5246,1.86813,0.35547
1738,11,0,0,1,0,1,0,0,-30.744,0.23496,0.15,1137,31.5246,3.86457,0.35547
1739,39,0,0,4,0,1,0,0,-18.973,0.23477,0.15,1137,31.5246,1.75357,0.35547
1740,400,9,4,44,1,0,0,1,114.719,0.23457,0.15,1139,31.5246,2.04367,0.35543
1741,173,1,1,18,0,1,0,0,13.47,0.23437,0.15,1139,31.5246,1.78217,0.35543
1742,59,1,1,9,0,1,0,0,-12.828,0.23418,0.15,1139,31.5246,2.24382,0.35543
1743,93,0,0,11,0,1,0,0,-5.246,0.23398,0.15,1139,31.5246,1.67358,0.35543
1744,113,1,1,14,0,1,0,0,1.025,0.23379,0.15,1139,31.5246,1.93343,0.35543
1745,400,2,2,21,0,0,1,1,71.574,0.23359,0.15,1141,31.5246,1.66886,0.35524
1746,83,0,0,8,0,1,0,0,-11.025,0.2334,0.15,1141,31.5246,1.99854,0.35524
1747,149,4,4,19,0,1,0,0,21.477,0.23321,0.15,1143,31.5246,2.18433,0.35521
1748,44,0,0,7,0,1,0,0,-25.08,0.23301,0.15,1143,31.5246,3.0153,0.35521
1749,148,3,3,13,0,1,0,0,12.415,0.23282,0.15,1144,31.5246,1.80766,0.35504
1750,233,4,4,31,0,1,0,0,44.335,0.23262,0.15,1147,31.5246,1.95574,0.35484
1751,400,3,3,18,0,0,0,1,70.754,0.23243,0.15,1150,31.5246,1.55799,0.35449
1752,36,0,0,8,0,1,0,0,-20.236,0.23224,0.15,1150,31.5246,2.8206,0.35449
1753,5,0,0,2,0,1,0,0,-31.408,0.23204,0.15,1150,31.5246,6.55271,0.35449
1754,46,0,0,3,0,1,0,0,-21.599,0.23185,0.15,1150,31.5246,1.88281,0.35449
1755,8,0,0,1,0,1,0,0,-31.404,0.23166,0.15,1150,31.5246,6.45632,0.35449
1756,172,1,1,14,0,1,0,0,6.142,0.23146,0.15,1152,31.5246,2.30661,0.35417
1757,136,1,1,17,0,0,0,0,36.941,0.23127,0.15,1154,31.5246,1.85714,0.35413
1758,63,0,0,15,0,1,0,0,-9.912,0.23108,0.15,1154,31.5246,2.1075,0.35413
1759,23,0,0,6,0,1,0,0,-27.449,0.23089,0.15,1154,31.5246,3.1042,0.35413
1760,75,0,0,13,0,1,0,0,-13.9,0.23069,0.15,1154,31.5246,2.00314,0.35413
1761,14,0,0,6,0,1,0,0,-24.824,0.2305,0.15,1154,31.5246,3.42381,0.35413
1762,45,0,0,7,0,1,0,0,-18.299,0.23031,0.15,1154,31.5246,2.3169,0.35413
1763,62,1,1,9,0,1,0,0,-11.987,0.23012,0.15,1156,31.5246,2.99228,0.35381
1764,16,0,0,5,0,1,0,0,-22.712,0.22993,0.15,1156,31.5246,4.74613,0.35381
1765,356,2,2,21,0,1,0,0,29.34,0.22973,0.15,1159,31.5246,1.70875,0.35361
1766,74,0,0,10,0,1,0,0,-10.074,0.22954,0.15,1159,31.5246,1.73995,0.35361
1767,62,0,0,8,0,1,0,0,-13.67,0.22935,0.15,1159,31.5246,1.93708,0.35361
1768,44,0,0,5,0,1,0,0,-24.434,0.22916,0.15,1159,31.5246,2.54341,0.35361
1769,31,0,0,7,0,1,0,0,-18.049,0.22897,0.15,1159,31.5246,1.1903,0.35361
1770,51,0,0,11,0,1,0,0,-13.402,0.22878,0.15,1159,31.5246,1.39464,0.35361
1771,181,1,1,21,0,1,2,0,11.129,0.22859,0.15,1163,31.5246,2.70647,0.35354
1772,39,2,2,7,0,1,0,0,-8.385,0.2284,0.15,1163,31.5246,2.19271,0.35354
1773,24,1,1,4,0,1,0,0,-20.155,0.22821,0.15,1163,31.5246,4.22051,0.35354
1774,101,1,1,15,0,1,0,0,4.962,0.22802,0.15,1164,31.5246,2.55737,0.35367
1775,6,0,0,2,0,1,0,0,-31.206,0.22783,0.15,1164,31.5246,8.97792,0.35367
1776,254,5,5,33,0,1,0,0,61.315,0.22764,0.15,1164,31.5246,1.90929,0.35381
1777,33,0,0,7,0,1,0,0,-19.041,0.22745,0.15,1164,31.5246,1.6793,0.35381
1778,116,1,1,19,0,1,0,0,7.471,0.22726,0.15,1165,31.5246,2.08474,0.35365
1779,81,2,2,13,0,1,0,0,3.219,0.22707,0.15,1165,31.5246,2.0271,0.35365
1780,74,1,1,11,0,1,0,0,-4.513,0.22688,0.15,1165,31.5246,2.09231,0.35365
1781,55,1,1,11,0,1,0,0,-7.719,0.22669,0.15,1165,31.5246,1.33823,0.35365
1782,70,2,2,8,0,1,0,0,-1.005,0.2265,0.15,1165,31.5246,1.79297,0.35365
1783,5,0,0,3,0,1,0,0,-33.806,0.22631,0.15,1165,31.5246,1.93406,0.35365
1784,313,8,3,33,1,1,0,0,60.985,0.22613,0.15,1168,31.5246,2.17681,0.35317
1785,21,1,1,4,0,1,0,0,-19.362,0.22594,0.15,1168,31.5246,2.40303,0.35317
1786,21,0,0,7,0,1,0,0,-20.942,0.22575,0.15,1168,31.5246,3.49169,0.35317
1787,14,0,0,2,0,1,0,0,-29.437,0.22556,0.15,1168,31.5246,7.40678,0.35317
1788,399,11,6,65,1,1,0,0,122.646,0.22537,0.15,1169,31.5246,2.06734,0.35301
1789,32,1,1,10,0,1,0,0,-14.686,0.22518,0.15,1169,31.5246,3.90687,0.35301
1790,44,2,2,11,0,1,0,0,-9.66,0.225,0.15,1169,31.5246,3.05275,0.35301
1791,113,4,4,22,0,1,0,0,19.847,0.22481,0.15,1169,31.5246,2.27662,0.35301
1792,23,0,0,5,0,1,0,0,-22.811,0.22462,0.15,1169,31.5246,2.96181,0.35301
1793,60,2,2,11,0,1,0,0,0.879,0.22444,0.15,1174,31.5246,3.27622,0.35236
1794,112,1,1,13,0,1,0,0,-1.077,0.22425,0.15,1175,31.5246,1.99529,0.3522
1795,400,9,4,23,1,0,1,1,102.132,0.22406,0.15,1179,31.5246,1.83022,0.35213
1796,400,12,2,35,2,0,0,1,115.904,0.22388,0.15,1179,31.5246,1.68151,0.35228
1797,52,1,1,10,0,1,0,0,-4.485,0.22369,0.15,1179,31.5246,2.3085,0.35228
1798,400,8,3,15,1,0,0,1,86.389,0.2235,0.15,1183,31.5246,1.8457,0.35179
1799,100,2,2,24,0,1,0,0,8.517,0.22332,0.15,1183,31.5246,2.62343,0.35179
1800,187,3,3,25,0,1,0,0,33.993,0.22313,0.15,1184,31.5246,1.53264,0.35163
1801,32,0,0,7,0,1,0,0,-24.131,0.22294,0.15,1184,31.5246,2.76086,0.35163
1802,7,0,0,2,0,1,0,0,-30.594,0.22276,0.15,1184,31.5246,5.64838,0.35163
1803,29,0,0,9,0,1,0,0,-21.348,0.22257,0.15,1184,31.5246,2.85459,0.35163
1804,30,0,0,9,0,1,0,0,-19.697,0.22239,0.15,1184,31.5246,1.92322,0.35163
1805,73,0,0,15,0,1,0,0,-9.326,0.2222,0.15,1184,31.5246,2.18182,0.35163
1806,324,4,4,33,0,1,0,0,60.768,0.22202,0.15,1184,31.5246,1.90867,0.35177
1807,22,0,0,6,0,1,0,0,-19.952,0.22183,0.15,1184,31.5246,2.17248,0.35177
1808,132,1,1,9,0,1,0,0,2.679,0.22165,0.15,1184,31.5246,2.36445,0.35191
1809,139,1,1,24,0,1,0,0,15.996,0.22146,0.15,1184,31.5246,2.09106,0.35191
1810,56,2,2,12,0,1,0,0,-5.581,0.22128,0.15,1185,31.5246,2.56593,0.35176
1811,59,1,1,18,0,1,0,0,-1.953,0.22109,0.15,1185,31.5246,2.76098,0.35176
1812,37,0,0,7,0,1,0,0,-21.954,0.22091,0.15,1185,31.5246,2.94797,0.35176
1813,22,0,0,11,0,1,0,0,-18.172,0.22073,0.15,1185,31.5246,3.40538,0.35176
1814,35,1,1,13,0,1,0,0,-13.126,0.22054,0.15,1185,31.5246,2.96805,0.3519
1815,95,1,1,25,0,1,0,0,16.672,0.22036,0.15,1185,31.5246,2.09707,0.3519
1816,75,1,1,16,0,1,0,0,-0.466,0.22017,0.15,1185,31.5246,2.76606,0.35204
1817,153,0,0,16,0,1,0,0,12.589,0.21999,0.15,1185,31.5246,1.35082,0.35204
1818,201,3,3,21,0,1,0,0,26.119,0.21981,0.15,1185,31.5246,1.88705,0.35218
1819,35,0,0,3,0,1,0,0,-23.875,0.21963,0.15,1185,31.5246,2.66455,0.35218
1820,12,0,0,4,0,1,0,0,-31.548,0.21944,0.15,1185,31.5246,2.68686,0.35218
1821,400,3,3,30,0,0,1,1,105.107,0.21926,0.15,1187,31.5246,1.41849,0.35229
1822,24,0,0,7,0,1,0,0,-22.346,0.21908,0.15,1187,31.5246,2.89426,0.35229
1823,132,1,1,13,0,1,0,0,3.434,0.21889,0.15,1188,31.5246,1.40392,0.35213
1824,57,0,0,8,0,1,0,0,-12.179,0.21871,0.15,1188,31.5246,0.86366,0.35213
1825,40,0,0,4,0,1,0,0,-25.202,0.21853,0.15,1188,31.5246,1.0324,0.35213
1826,207,0,0,8,0,1,0,0,4.937,0.21835,0.15,1188,31.5246,1.26705,0.35213
1827,226,2,2,10,0,1,0,0,21.323,0.21817,0.15,1188,31.5246,1.26141,0.35255
1828,39,1,1,7,0,1,0,0,-15.896,0.21798,0.15,1188,31.5246,1.76603,0.35255
1829,28,0,0,4,0,1,0,0,-25.138,0.2178,0.15,1188,31.5246,2.83133,0.35255
1830,400,3,3,8,0,0,0,1,87.382,0.21762,0.15,1190,31.5246,1.00971,0.35238
1831,115,0,0,8,0,1,0,0,-0.663,0.21744,0.15,1190,31.5246,1.59012,0.35238
1832,180,1,1,13,0,1,0,0,15.283,0.21726,0.15,1190,31.5246,1.96425,0.35238
1833,107,0,0,7,0,1,0,0,-4.69,0.21708,0.15,1190,31.5246,1.88147,0.35238
1834,140,1,1,12,0,1,0,0,3.807,0.2169,0.15,1190,31.5246,2.0606,0.35238
1835,69,0,0,9,0,1,0,0,-7.787,0.21672,0.15,1191,31.5246,2.37083,0.3525
1836,67,0,0,10,0,1,1,0,-10.34,0.21654,0.15,1193,31.5246,3.46417,0.35219
1837,27,0,0,7,0,1,0,0,-20.066,0.21636,0.15,1193,31.5246,3.18286,0.35219
1838,22,0,0,5,0,1,0,0,-25.973,0.21618,0.15,1193,31.5246,2.96462,0.35219
1839,72,1,1,14,0,1,0,0,-2.008,0.216,0.15,1193,31.5246,2.26718,0.35219
1840,89,1,1,14,0,1,0,0,-2.707,0.21582,0.15,1193,31.5246,2.18614,0.35219
1841,102,0,0,7,0,1,0,0,-14.543,0.21564,0.15,1193,31.5246,2.04085,0.35219
1842,45,0,0,7,0,1,0,0,-19.37,0.21546,0.15,1193,31.5246,2.51847,0.35219
1843,82,0,0,10,0,1,0,0,-7.394,0.21528,0.15,1193,31.5246,1.55104,0.35219
1844,93,1,1,10,0,1,0,0,-6.347,0.2151,0.15,1193,31.5246,2.02974,0.35219
1845,32,0,0,6,0,1,0,0,-28.847,0.21492,0.15,1193,31.5246,3.15745,0.35219
1846,104,2,2,15,0,1,0,0,5.852,0.21474,0.15,1193,31.5246,2.66833,0.35219
1847,217,3,3,24,0,1,0,0,30.791,0.21456,0.15,1195,31.5246,2.1625,0.35202
1848,270,2,2,19,0,1,0,0,27.653,0.21438,0.15,1197,31.5246,1.90133,0.35199
1849,80,2,2,12,0,1,0,0,2.081,0.2142,0.15,1198,31.5246,2.545,0.35184
1850,29,0,0,4,0,1,0,0,-28.664,0.21402,0.15,1198,31.5246,2.75193,0.35184
1851,14,0,0,3,0,1,0,0,-27.712,0.21385,0.15,1198,31.5246,9.03869,0.35184
1852,34,0,0,10,0,1,0,0,-18.087,0.21367,0.15,1198,31.5246,3.0766,0.35184
1853,49,2,2,9,0,1,0,0,-4.644,0.21349,0.15,1198,31.5246,2.23763,0.35184
1854,51,0,0,7,0,1,0,0,-16.778,0.21331,0.15,1198,31.5246,2.05695,0.35184
1855,141,2,2,17,0,1,0,0,-0.19,0.21313,0.15,1199,31.5246,2.14115,0.35168
1856,400,1,1,24,0,0,0,1,64.132,0.21296,0.15,1200,31.5246,1.90294,0.35153
1857,6,0,0,2,0,1,0,0,-32.86,0.21278,0.15,1200,31.5246,6.92101,0.35153
1858,217,5,5,28,0,1,0,0,44.205,0.2126,0.15,1201,31.5246,1.75633,0.35137
1859,5,0,0,3,0,1,0,0,-32.154,0.21242,0.15,1201,31.5246,3.2777,0.35137
1860,32,3,3,14,0,1,0,0,-1.919,0.21225,0.15,1201,31.5246,3.78282,0.35137
1861,19,1,1,2,0,1,0,0,-23.615,0.21207,0.15,1201,31.5246,3.62614,0.35137
1862,49,0,0,8,0,1,0,0,-19.168,0.21189,0.15,1201,31.5246,3.0541,0.35137
1863,126,4,4,16,0,1,0,0,14.422,0.21172,0.15,1201,31.5246,2.7217,0.35137
1864,33,2,2,7,0,1,0,0,-11.475,0.21154,0.15,1201,31.5246,3.39286,0.35137
1865,91,1,1,8,0,1,0,0,-6.715,0.21137,0.15,1201,31.5246,3.14775,0.35137
1866,312,7,2,25,1,1,0,0,54.204,0.21119,0.15,1201,31.5246,1.78667,0.35151
1867,400,3,3,25,0,0,0,1,74.294,0.21101,0.15,1204,31.5246,1.57811,0.35105
1868,7,0,0,2,0,1,0,0,-27.7,0.21084,0.15,1204,31.5246,5.73139,0.35105
1869,71,0,0,10,0,1,0,0,-11.005,0.21066,0.15,1204,31.5246,2.2734,0.35105
1870,16,1,1,5,0,1,0,0,-24.423,0.21049,0.15,1204,31.5246,5.53336,0.35105
1871,201,2,2,19,0,1,0,0,26.913,0.21031,0.15,1204,31.5246,2.08769,0.35119
1872,18,1,1,5,0,1,0,0,-22.442,0.21014,0.15,1204,31.5246,4.40143,0.35119
1873,318,4,4,17,0,1,0,0,45.174,0.20996,0.15,1204,31.5246,1.6724,0.35147
1874,35,0,0,7,0,1,0,0,-19.899,0.20979,0.15,1204,31.5246,2.03116,0.35147
1875,152,1,1,15,0,1,0,0,14.843,0.20961,0.15,1205,31.5246,1.2041,0.35131
1876,111,0,0,4,0,1,0,0,-5.478,0.20944,0.15,1205,31.5246,1.72317,0.35131
1877,38,1,1,2,0,1,0,0,-22.065,0.20926,0.15,1205,31.5246,3.10164,0.35131
1878,21,0,0,5,0,1,0,0,-23.684,0.20909,0.15,1205,31.5246,3.77359,0.35131
1879,45,1,1,10,0,1,0,0,-10.098,0.20891,0.15,1205,31.5246,2.35715,0.35131
1880,20,0,0,2,0,1,0,0,-28.164,0.20874,0.15,1205,31.5246,2.60147,0.35131
1881,5,0,0,2,0,1,0,0,-31.402,0.20857,0.15,1205,31.5246,9.91948,0.35131
1882,175,2,2,22,0,1,0,0,25.616,0.20839,0.15,1205,31.5246,2.45202,0.35145
1883,153,2,2,14,0,1,0,0,17.203,0.20822,0.15,1206,31.5246,1.80633,0.3513
1884,26,1,1,8,0,1,0,0,-18.734,0.20805,0.15,1206,31.5246,4.15346,0.3513
1885,58,2,2,11,0,1,0,0,-4.232,0.20787,0.15,1206,31.5246,2.56982,0.3513
1886,58,0,0,11,0,1,0,0,-12.454,0.2077,0.15,1206,31.5246,2.37237,0.3513
1887,400,3,3,35,0,0,1,1,73.4,0.20753,0.15,1209,31.5246,1.83996,0.35098
1888,5,0,0,4,0,1,0,0,-33.206,0.20735,0.15,1209,31.5246,3.31336,0.35098
1889,28,0,0,5,0,1,0,0,-24.036,0.20718,0.15,1209,31.5246,3.50464,0.35098
1890,40,1,1,8,0,1,0,0,-16.778,0.20701,0.15,1209,31.5246,2.53872,0.35098
1891,121,1,1,15,0,1,0,0,-1.895,0.20684,0.15,1210,31.5246,2.16161,0.35096
1892,21,0,0,5,0,1,0,0,-22.769,0.20666,0.15,1210,31.5246,3.48527,0.35096
1893,400,7,2,21,1,0,0,1,92.532,0.20649,0.15,1213,31.5246,1.93494,0.35065
1894,21,0,0,5,0,1,0,0,-24.78,0.20632,0.15,1213,31.5246,3.74899,0.35065
1895,49,0,0,13,0,1,0,0,-16.058,0.20615,0.15,1213,31.5246,3.30309,0.35065
1896,20,0,0,7,0,1,0,0,-20.271,0.20598,0.15,1213,31.5246,1.92453,0.35065
1897,122,3,3,14,0,1,0,0,10.266,0.2058,0.15,1213,31.5246,2.19636,0.35065
1898,16,1,1,3,0,1,0,0,-20.978,0.20563,0.15,1213,31.5246,3.34684,0.35065
1899,67,0,0,11,0,1,0,0,-12.425,0.20546,0.15,1213,31.5246,2.29903,0.35065
1900,13,0,0,3,0,1,0,0,-30.277,0.20529,0.15,1213,31.5246,5.29389,0.35065
1901,400,6,6,27,0,0,0,1,96.798,0.20512,0.15,1213,31.5246,1.62618,0.35092
1902,26,1,1,7,0,1,0,0,-15.776,0.20495,0.15,1213,31.5246,2.50439,0.35092
1903,23,0,0,5,0,1,0,0,-23.551,0.20478,0.15,1213,31.5246,2.66931,0.35092
1904,51,0,0,6,0,1,0,0,-17.261,0.20461,0.15,1213,31.5246,2.48617,0.35092
1905,20,0,0,5,0,1,0,0,-25.161,0.20444,0.15,1213,31.5246,4.12479,0.35092
1906,13,0,0,4,0,1,0,0,-27.857,0.20427,0.15,1213,31.5246,4.93318,0.35092
1907,12,0,0,3,0,1,0,0,-25.348,0.2041,0.15,1213,31.5246,2.72103,0.35092
1908,211,8,3,20,1,1,0,0,42.168,0.20393,0.15,1220,31.5246,1.80587,0.34986
1909,28,1,1,10,0,1,0,0,-14.071,0.20376,0.15,1220,31.5246,3.19921,0.34986
1910,54,6,1,15,1,1,2,0,10.095,0.20359,0.15,1221,31.5246,2.49136,0.34985
1911,400,2,2,27,0,0,0,1,90.055,0.20342,0.15,1223,31.5246,1.8306,0.34982
1912,400,3,3,27,0,0,0,1,86.94,0.20325,0.15,1224,31.5246,1.44457,0.34967
1913,400,4,4,24,0,0,0,1,90.735,0.20308,0.15,1225,31.5246,1.55848,0.34952
1914,21,0,0,10,0,1,0,0,-21.516,0.20291,0.15,1225,31.5246,2.43177,0.34952
1915,400,3,3,17,0,0,0,1,65.178,0.20274,0.15,1227,31.5246,1.60878,0.34923
1916,28,0,0,8,0,1,0,0,-24.402,0.20257,0.15,1227,31.5246,4.68126,0.34923
1917,6,0,0,2,0,1,0,0,-31.356,0.2024,0.15,1227,31.5246,7.70501,0.34923
1918,65,1,1,11,0,1,0,0,-5.258,0.20223,0.15,1227,31.5246,2.02942,0.34923
1919,142,3,3,30,0,1,0,0,29.065,0.20206,0.15,1227,31.5246,1.70314,0.34936
1920,35,0,0,9,0,1,0,0,-15.557,0.2019,0.15,1227,31.5246,2.48302,0.34936
1921,27,1,1,8,0,1,0,0,-15.364,0.20173,0.15,1227,31.5246,3.10216,0.34936
1922,176,4,4,11,0,1,0,0,14.749,0.20156,0.15,1232,31.5246,2.15447,0.34876
1923,31,1,1,9,0,1,0,0,-14.254,0.20139,0.15,1232,31.5246,3.04889,0.34876
1924,43,0,0,7,0,1,0,0,-25.492,0.20122,0.15,1232,31.5246,3.39884,0.34876
1925,400,0,0,31,0,0,1,1,89.453,0.20106,0.15,1235,31.5246,1.66446,0.34872
1926,400,1,1,27,0,0,0,1,88.167,0.20089,0.15,1238,31.5246,1.68565,0.34868
1927,152,1,1,14,0,1,0,0,7.537,0.20072,0.15,1238,31.5246,1.67031,0.34868
1928,28,0,0,11,0,1,0,0,-19.199,0.20056,0.15,1238,31.5246,2.72022,0.34868
1929,21,0,0,6,0,1,0,0,-21.292,0.20039,0.15,1238,31.5246,2.5083,0.34868
1930,400,3,3,20,0,0,0,1,93.913,0.20022,0.15,1239,31.5246,1.45326,0.34853
1931,20,0,0,5,0,1,0,0,-23.784,0.20005,0.15,1239,31.5246,4.28802,0.34853
1932,376,8,3,24,1,0,1,1,92.859,0.19989,0.15,1240,31.5246,1.61036,0.34879
1933,70,0,0,5,0,1,0,0,-22.832,0.19972,0.15,1240,31.5246,2.29378,0.34879
1934,14,0,0,4,0,1,0,0,-24.507,0.19955,0.15,1240,31.5246,3.29293,0.34879
1935,6,0,0,4,0,1,0,0,-33.154,0.19939,0.15,1240,31.5246,3.72119,0.34879
1936,400,3,3,17,0,0,0,1,78.784,0.19922,0.15,1241,31.5246,1.35118,0.34864
1937,87,1,1,7,0,1,0,0,-10.881,0.19906,0.15,1241,31.5246,1.31104,0.34864
1938,13,0,0,4,0,1,0,0,-24.352,0.19889,0.15,1241,31.5246,3.38789,0.34864
1939,172,0,0,19,0,1,0,0,3.051,0.19872,0.15,1241,31.5246,1.76929,0.34864
1940,64,3,3,18,0,1,0,0,0.064,0.19856,0.15,1241,31.5246,2.83688,0.34864
1941,84,1,1,18,0,1,0,0,-0.409,0.19839,0.15,1242,31.5246,2.53188,0.34863
1942,168,2,2,18,0,1,0,0,13.965,0.19823,0.15,1242,31.5246,2.08215,0.34863
1943,141,3,3,14,0,1,0,0,19.091,0.19806,0.15,1242,31.5246,1.52142,0.34877
1944,92,0,0,20,0,1,0,0,-3.682,0.1979,0.15,1242,31.5246,1.90057,0.34877
1945,226,4,4,24,0,1,1,0,44.435,0.19773,0.15,1242,31.5246,1.54092,0.34877
1946,367,12,7,41,1,1,0,0,107.589,0.19757,0.15,1242,31.5246,1.81387,0.3489
1947,22,0,0,9,0,1,0,0,-22.27,0.1974,0.15,1242,31.5246,4.23127,0.3489
1948,22,0,0,9,0,1,0,0,-21.04,0.19724,0.15,1242,31.5246,4.24775,0.3489
1949,21,0,0,6,0,1,0,0,-19.494,0.19708,0.15,1242,31.5246,2.44144,0.3489
1950,203,1,1,35,0,1,0,0,32.396,0.19691,0.15,1243,31.5246,1.71856,0.34875
1951,5,0,0,4,0,1,0,0,-32.806,0.19675,0.15,1243,31.5246,1.56806,0.34875
1952,44,0,0,10,0,1,0,0,-15.317,0.19658,0.15,1243,31.5246,1.85026,0.34875
1953,51,1,1,18,0,1,0,0,-2.622,0.19642,0.15,1243,31.5246,2.33453,0.34875
1954,5,0,0,4,0,1,0,0,-33.206,0.19626,0.15,1243,31.5246,1.32407,0.34875
1955,188,0,0,20,0,0,1,0,36.999,0.19609,0.15,1245,31.5246,1.58113,0.34846
1956,58,0,0,14,0,1,0,0,-16.684,0.19593,0.15,1245,31.5246,3.50499,0.34859
1957,400,2,2,19,0,0,0,1,74.389,0.19577,0.15,1246,31.5246,1.47366,0.34845
1958,164,2,2,30,0,1,1,0,16.202,0.1956,0.15,1250,31.5246,1.97158,0.34813
1959,25,1,1,7,0,1,0,0,-22.71,0.19544,0.15,1250,31.5246,4.04534,0.34813
1960,84,0,0,15,0,1,0,0,-4.328,0.19528,0.15,1250,31.5246,1.87648,0.34813
1961,62,3,3,15,0,1,0,0,2.438,0.19511,0.15,1250,31.5246,2.24064,0.34813
1962,7,0,0,3,0,1,0,0,-28.452,0.19495,0.15,1250,31.5246,10.32397,0.34813
1963,22,0,0,7,0,1,0,0,-18.913,0.19479,0.15,1250,31.5246,2.0545,0.34813
1964,214,2,2,35,0,1,0,0,35.829,0.19463,0.15,1250,31.5246,1.78136,0.34813
1965,400,2,2,38,0,0,0,1,106.076,0.19447,0.15,1251,31.5246,1.47146,0.34839
1966,9,0,0,3,0,1,0,0,-32.904,0.1943,0.15,1251,31.5246,3.45268,0.34839
1967,61,2,2,14,0,1,0,0,-0.092,0.19414,0.15,1251,31.5246,3.52262,0.34839
1968,329,2,2,22,0,1,0,0,43.595,0.19398,0.15,1253,31.5246,1.59788,0.3481
1969,40,1,1,7,0,1,0,0,-13.557,0.19382,0.15,1253,31.5246,2.6337,0.3481
1970,55,0,0,9,0,1,0,0,-16.717,0.19366,0.15,1253,31.5246,2.09129,0.3481
1971,78,1,1,19,0,1,0,0,-5.452,0.1935,0.15,1253,31.5246,1.84366,0.3481
1972,20,0,0,4,0,1,0,0,-26.932,0.19333,0.15,1253,31.5246,4.30904,0.3481
1973,13,0,0,7,0,1,0,0,-24.373,0.19317,0.15,1253,31.5246,3.46019,0.3481
1974,13,0,0,3,0,1,0,0,-25.117,0.19301,0.15,1253,31.5246,3.05847,0.3481
1975,182,7,2,32,1,1,0,0,44.302,0.19285,0.15,1253,31.5246,2.52214,0.3485
1976,20,0,0,5,0,1,0,0,-25.467,0.19269,0.15,1253,31.5246,3.60422,0.3485
1977,95,1,1,26,0,1,0,0,12.309,0.19253,0.15,1253,31.5246,2.27806,0.3485
1978,159,4,4,19,0,1,0,0,22.239,0.19237,0.15,1254,31.5246,2.28449,0.34848
1979,99,1,1,25,0,1,0,0,6.126,0.19221,0.15,1254,31.5246,1.97744,0.34848
1980,53,2,2,16,0,1,0,0,0.895,0.19205,0.15,1254,31.5246,2.30329,0.34848
1981,400,1,1,16,0,0,0,1,69.1,0.19189,0.15,1256,31.5246,1.48728,0.3482
1982,24,0,0,7,0,1,0,0,-20.171,0.19173,0.15,1256,31.5246,2.1662,0.3482
1983,400,2,2,16,0,0,0,1,70.287,0.19157,0.15,1257,31.5246,1.50614,0.34818
1984,58,0,0,9,0,1,0,0,-14.657,0.19141,0.15,1257,31.5246,2.79585,0.34818
1985,66,1,1,17,0,1,0,0,5.028,0.19125,0.15,1257,31.5246,2.27508,0.34818
1986,372,3,3,49,0,1,0,0,54.208,0.19109,0.15,1257,31.5246,1.82769,0.34818
1987,27,0,0,7,0,1,0,0,-19.689,0.19093,0.15,1257,31.5246,2.52644,0.34818
1988,5,0,0,3,0,1,0,0,-30.808,0.19077,0.15,1257,31.5246,7.9113,0.34818
1989,29,1,1,11,0,1,0,0,-10.707,0.19061,0.15,1257,31.5246,2.73442,0.34818
1990,400,4,4,33,0,0,0,1,104.46,0.19046,0.15,1258,31.5246,1.52264,0.34817
1991,19,0,0,4,0,1,0,0,-24.149,0.1903,0.15,1258,31.5246,3.89989,0.34817
1992,84,1,1,12,0,1,0,0,-9.186,0.19014,0.15,1258,31.5246,2.37629,0.34817
1993,348,0,0,39,0,1,0,0,45.324,0.18998,0.15,1259,31.5246,1.40354,0.34803
1994,92,1,1,19,0,1,0,0,6.457,0.18982,0.15,1259,31.5246,1.9149,0.34803
1995,58,0,0,10,0,1,0,0,-15.058,0.18966,0.15,1259,31.5246,1.41039,0.34803
1996,102,0,0,11,0,1,0,0,-8.174,0.18951,0.15,1259,31.5246,1.75032,0.34803
1997,72,0,0,10,0,1,0,0,-14.106,0.18935,0.15,1259,31.5246,1.91235,0.34803
1998,39,1,1,9,0,1,0,0,-13.419,0.18919,0.15,1259,31.5246,2.05679,0.34803
1999,5,0,0,3,0,1,0,0,-33.806,0.18903,0.15,1259,31.5246,2.92461,0.34803
2000,52,1,1,12,0,1,0,0,-9.696,0.18888,0.15,1259,31.5246,2.96713,0.34803
2001,116,2,2,17,0,1,1,0,3.621,0.18872,0.15,1262,31.5246,2.6059,0.3476
2002,72,1,1,19,0,1,0,0,-0.064,0.18856,0.15,1262,31.5246,1.80612,0.3476
2003,109,2,2,36,0,1,0,0,25.958,0.1884,0.15,1262,31.5246,2.41537,0.3476
2004,309,5,5,32,0,1,0,0,63.369,0.18825,0.15,1262,31.5246,1.8046,0.3476
2005,102,8,3,31,1,1,0,0,37.856,0.18809,0.15,1264,31.5246,2.08073,0.34731
2006,150,1,1,34,0,1,0,0,22.493,0.18793,0.15,1271,31.5246,2.09457,0.34658
2007,5,0,0,3,0,1,0,0,-33.806,0.18778,0.15,1271,31.5246,1.3171,0.34658
2008,400,8,3,42,1,0,0,1,130.157,0.18762,0.15,1272,31.5246,1.58541,0.34722
2009,13,0,0,5,0,1,0,0,-23.561,0.18746,0.15,1272,31.5246,4.69563,0.34722
2010,161,3,3,33,0,1,0,0,41.022,0.18731,0.15,1273,31.5246,1.90998,0.34708
2011,400,1,1,43,0,0,0,1,118.735,0.18715,0.15,1275,31.5246,1.32639,0.34706
2012,27,0,0,8,0,1,0,0,-21.11,0.187,0.15,1275,31.5246,3.42704,0.34706
2013,7,0,0,5,0,1,0,0,-28.808,0.18684,0.15,1275,31.5246,8.4514,0.34706
2014,146,4,4,35,0,1,0,0,38.493,0.18668,0.15,1277,31.5246,1.90174,0.34704
2015,210,2,2,33,0,1,0,0,33.801,0.18653,0.15,1278,31.5246,2.26023,0.3469
2016,71,1,1,17,0,1,0,0,5.472,0.18637,0.15,1278,31.5246,2.00179,0.3469
2017,103,3,3,23,0,1,1,0,11.265,0.18622,0.15,1278,31.5246,2.90007,0.3469
2018,41,2,2,12,0,0,0,0,14.935,0.18606,0.15,1278,31.5246,2.19987,0.3469
2019,111,4,4,32,0,1,0,0,27.474,0.18591,0.15,1279,31.5246,2.30532,0.34676
2020,184,1,1,27,0,0,3,0,41.78,0.18575,0.15,1279,31.5246,1.53151,0.34689
2021,28,0,0,7,0,1,0,0,-20.122,0.1856,0.15,1279,31.5246,3.44317,0.34689
2022,14,1,1,9,0,1,0,0,-16.449,0.18544,0.15,1279,31.5246,4.6665,0.34689
2023,16,0,0,4,0,1,0,0,-24.007,0.18529,0.15,1279,31.5246,5.18237,0.34689
2024,148,3,3,28,0,1,0,0,31.298,0.18514,0.15,1280,31.5246,2.04314,0.34674
2025,5,0,0,2,0,1,0,0,-30.704,0.18498,0.15,1280,31.5246,6.64254,0.34674
2026,7,0,0,5,0,1,0,0,-23.448,0.18483,0.15,1280,31.5246,3.77995,0.34674
2027,107,1,1,11,0,1,0,0,8.277,0.18467,0.15,1280,31.5246,1.47357,0.34674
2028,79,1,1,12,0,1,1,0,-3.001,0.18452,0.15,1283,31.5246,2.85009,0.34684
2029,232,5,5,40,0,1,0,0,64.166,0.18437,0.15,1284,31.5246,1.95209,0.3467
2030,31,0,0,13,0,1,0,0,-11.207,0.18421,0.15,1284,31.5246,2.49259,0.3467
2031,21,0,0,10,0,1,0,0,-19.831,0.18406,0.15,1284,31.5246,4.24026,0.3467
2032,5,0,0,3,0,1,0,0,-30.808,0.18391,0.15,1284,31.5246,7.48195,0.3467
2033,400,3,3,43,0,0,0,1,125.304,0.18375,0.15,1284,31.5246,1.37893,0.34696
2034,43,0,0,10,0,1,0,0,-13.938,0.1836,0.15,1284,31.5246,2.26525,0.34696
2035,86,0,0,30,0,1,0,0,10.685,0.18345,0.15,1284,31.5246,2.29188,0.34696
2036,14,0,0,7,0,1,0,0,-26.023,0.18329,0.15,1284,31.5246,4.60332,0.34696
2037,240,5,5,36,0,1,0,0,68.582,0.18314,0.15,1285,31.5246,1.84849,0.34682
2038,73,2,2,29,0,1,0,0,14.235,0.18299,0.15,1285,31.5246,2.7018,0.34682
2039,43,2,2,20,0,1,0,0,2.523,0.18284,0.15,1285,31.5246,2.51539,0.34682
2040,36,1,1,9,0,1,0,0,-14.103,0.18268,0.15,1285,31.5246,3.04501,0.34682
2041,47,1,1,10,0,1,0,0,-12.086,0.18253,0.15,1285,31.5246,1.76306,0.34682
2042,6,0,0,2,0,1,0,0,-31.166,0.18238,0.15,1285,31.5246,8.77437,0.34682
2043,115,3,3,37,0,1,0,0,30.982,0.18223,0.15,1285,31.5246,2.06871,0.34682
2044,45,1,1,21,0,1,0,0,-3.252,0.18208,0.15,1285,31.5246,2.86496,0.34682
2045,110,3,3,29,0,1,0,0,19.19,0.18192,0.15,1285,31.5246,2.11458,0.34682
2046,144,2,2,24,0,1,0,0,19.413,0.18177,0.15,1287,31.5246,1.44582,0.34654
2047,36,0,0,8,0,1,0,0,-19.083,0.18162,0.15,1287,31.5246,1.46057,0.34654
2048,198,2,2,27,0,1,0,0,25.744,0.18147,0.15,1292,31.5246,2.26192,0.34598
2049,105,5,0,14,1,1,0,0,17.461,0.18132,0.15,1292,31.5246,2.0852,0.34598
2050,27,0,0,10,0,1,0,0,-19.197,0.18117,0.15,1292,31.5246,2.84911,0.34598
2051,400,9,4,42,1,0,1,1,130.952,0.18102,0.15,1292,31.5246,1.77978,0.34598
2052,56,0,0,23,0,1,0,0,-6.558,0.18087,0.15,1292,31.5246,2.20652,0.34598
2053,400,4,4,44,0,0,0,1,132.856,0.18072,0.15,1292,31.5246,1.29887,0.34598
2054,42,0,0,11,0,1,0,0,-13.247,0.18056,0.15,1292,31.5246,2.14138,0.34598
2055,28,1,1,13,0,1,0,0,-8.497,0.18041,0.15,1292,31.5246,2.21134,0.34598
2056,5,0,0,4,0,1,0,0,-33.206,0.18026,0.15,1292,31.5246,2.75849,0.34598
2057,127,3,3,35,0,1,0,0,38.573,0.18011,0.15,1292,31.5246,2.44038,0.34598
2058,400,6,6,39,0,0,0,1,134.552,0.17996,0.15,1292,31.5246,1.35888,0.3461
2059,33,1,1,13,0,1,0,0,-6.937,0.17981,0.15,1292,31.5246,1.82788,0.3461
2060,157,5,5,48,0,1,0,0,56.008,0.17966,0.15,1292,31.5246,1.96392,0.3461
2061,5,0,0,3,0,1,0,0,-33.806,0.17951,0.15,1292,31.5246,2.90444,0.3461
2062,400,3,3,38,0,0,0,1,120.943,0.17936,0.15,1295,31.5246,1.42499,0.34582
2063,49,1,1,18,0,1,0,0,-3.293,0.17922,0.15,1295,31.5246,2.5178,0.34595
2064,65,3,3,21,0,1,0,0,10.433,0.17907,0.15,1295,31.5246,2.40176,0.34595
2065,86,2,2,17,0,1,0,0,6.938,0.17892,0.15,1295,31.5246,2.94862,0.3462
2066,216,6,6,50,0,1,0,0,68.908,0.17877,0.15,1297,31.5246,2.26388,0.34631
2067,400,4,4,44,0,0,0,1,130.928,0.17862,0.15,1298,31.5246,1.23069,0.3463
2068,128,3,3,28,0,1,0,0,25.238,0.17847,0.15,1298,31.5246,1.95145,0.3463
2069,105,0,0,32,0,1,1,0,18.253,0.17832,0.15,1300,31.5246,2.69272,0.34603
2070,64,1,1,27,0,1,0,0,0.176,0.17817,0.15,1300,31.5246,2.26859,0.34603
2071,400,10,5,39,1,0,0,1,134.81,0.17802,0.15,1300,31.5246,1.50533,0.34603
2072,14,0,0,2,0,1,0,0,-25.457,0.17788,0.15,1300,31.5246,4.23186,0.34603
2073,400,4,4,33,0,0,0,1,112.11,0.17773,0.15,1301,31.5246,1.46953,0.34602
2074,64,2,2,21,0,1,0,0,9.745,0.17758,0.15,1301,31.5246,1.98894,0.34602
2075,123,5,5,41,0,1,0,0,46.029,0.17743,0.15,1301,31.5246,2.42807,0.34614
2076,400,12,7,37,1,0,0,1,162.268,0.17728,0.15,1301,31.5246,1.4502,0.34614
2077,66,3,3,22,0,1,0,0,7.903,0.17714,0.15,1301,31.5246,2.20447,0.34614
2078,180,5,5,48,0,1,0,0,61.727,0.17699,0.15,1301,31.5246,2.01517,0.34614
2079,61,1,1,24,0,1,0,0,5.759,0.17684,0.15,1301,31.5246,2.56862,0.34614
2080,28,0,0,10,0,1,0,0,-19.961,0.17669,0.15,1301,31.5246,3.03066,0.34614
2081,14,0,0,6,0,1,0,0,-28.098,0.17655,0.15,1301,31.5246,4.37826,0.34614
2082,14,0,0,4,0,1,0,0,-27.825,0.1764,0.15,1301,31.5246,3.95762,0.34614
2083,48,1,1,15,0,1,0,0,-9.09,0.17625,0.15,1301,31.5246,2.43592,0.34614
2084,13,0,0,5,0,1,0,0,-27.277,0.17611,0.15,1301,31.5246,3.63703,0.34614
2085,48,0,0,4,0,1,0,0,-25.755,0.17596,0.15,1301,31.5246,1.12117,0.34614
2086,186,0,0,17,0,1,0,0,16.53,0.17581,0.15,1301,31.5246,1.3979,0.34614
2087,400,4,4,29,0,0,1,1,113.549,0.17567,0.15,1301,31.5246,1.06326,0.34627
2088,84,1,1,22,0,1,0,0,6.177,0.17552,0.15,1301,31.5246,2.10648,0.34627
2089,70,0,0,18,0,1,0,0,-7.537,0.17537,0.15,1302,31.5246,2.06495,0.34613
2090,24,0,0,1,0,1,0,0,-26.663,0.17523,0.15,1302,31.5246,3.76827,0.34613
2091,247,5,5,41,0,1,0,0,64.54,0.17508,0.15,1303,31.5246,1.73736,0.346
2092,31,0,0,12,0,1,0,0,-14.437,0.17494,0.15,1303,31.5246,2.32564,0.346
2093,57,2,2,16,0,1,0,0,-1.555,0.17479,0.15,1303,31.5246,1.77883,0.346
2094,144,3,3,24,0,1,0,0,22.483,0.17464,0.15,1303,31.5246,1.63858,0.346
2095,400,5,5,39,0,0,0,1,122.059,0.1745,0.15,1303,31.5246,1.17721,0.346
2096,114,1,1,21,0,0,1,0,24.987,0.17435,0.15,1307,31.5246,2.27183,0.3457
2097,95,0,0,21,0,1,1,0,6.573,0.17421,0.15,1308,31.5246,2.45558,0.34557
2098,25,1,1,11,0,1,0,0,-19.083,0.17406,0.15,1308,31.5246,3.80207,0.34557
2099,400,13,3,38,2,0,0,1,149.444,0.17392,0.15,1308,31.5246,1.37894,0.34557
2100,400,6,6,36,0,0,0,1,119.405,0.17377,0.15,1308,31.5246,1.52806,0.34582
2101,6,0,0,2,0,1,0,0,-31.206,0.17363,0.15,1308,31.5246,8.58922,0.34582
2102,21,0,0,4,0,1,0,0,-26.58,0.17348,0.15,1308,31.5246,2.7272,0.34582
2103,400,9,4,17,1,0,0,1,105.213,0.17334,0.15,1309,31.5246,1.48767,0.34581
2104,377,3,3,29,0,1,1,0,60.351,0.1732,0.15,1309,31.5246,1.5027,0.34607
2105,37,0,0,6,0,1,0,0,-20.031,0.17305,0.15,1309,31.5246,1.8737,0.34607
2106,56,1,1,11,0,1,0,0,-8.649,0.17291,0.15,1309,31.5246,1.54601,0.34607
2107,400,15,5,64,2,0,0,1,170.388,0.17276,0.15,1309,31.5246,1.59731,0.34607
2108,400,9,4,30,1,0,0,1,102.66,0.17262,0.15,1310,31.5246,1.64141,0.34593
2109,74,0,0,17,0,1,0,0,-9.352,0.17248,0.15,1310,31.5246,2.6009,0.34606
2110,27,0,0,5,0,1,0,0,-22.728,0.17233,0.15,1310,31.5246,2.83211,0.34606
2111,43,1,1,9,0,1,0,0,-17.166,0.17219,0.15,1310,31.5246,2.77169,0.34606
2112,400,9,4,42,1,0,0,1,122.678,0.17204,0.15,1312,31.5246,1.81352,0.34591
2113,21,0,0,8,0,1,0,0,-22.131,0.1719,0.15,1312,31.5246,3.98522,0.34591
2114,58,3,3,14,0,1,0,0,-2.743,0.17176,0.15,1312,31.5246,3.2194,0.34591
2115,5,0,0,2,0,1,0,0,-31.008,0.17162,0.15,1312,31.5246,7.09006,0.34591
2116,400,2,2,46,0,0,0,1,108.362,0.17147,0.15,1313,31.5246,1.53496,0.34603
2117,138,3,3,30,0,1,1,0,36.624,0.17133,0.15,1314,31.5246,2.56645,0.34614
2118,112,4,4,21,0,1,0,0,22.026,0.17119,0.15,1314,31.5246,2.17832,0.34614
2119,77,0,0,17,0,1,0,0,-2.568,0.17104,0.15,1314,31.5246,1.76043,0.34614
2120,16,0,0,5,0,1,0,0,-26.093,0.1709,0.15,1314,31.5246,4.71959,0.34614
2121,20,1,1,9,0,1,0,0,-13.951,0.17076,0.15,1314,31.5246,3.24963,0.34614
2122,400,3,3,38,0,0,0,1,115.694,0.17062,0.15,1314,31.5246,1.31686,0.34614
2123,45,1,1,18,0,1,0,0,-5.287,0.17047,0.15,1314,31.5246,2.53101,0.34614
2124,122,8,3,28,1,1,0,0,40.183,0.17033,0.15,1314,31.5246,2.67017,0.34614
2125,105,0,0,15,0,1,0,0,1.813,0.17019,0.15,1314,31.5246,2.08469,0.34614
2126,344,7,2,34,1,1,0,0,77.559,0.17005,0.15,1314,31.5246,1.89102,0.34614
2127,50,2,2,10,0,1,0,0,0.078,0.16991,0.15,1316,31.5246,3.25766,0.346
2128,32,0,0,8,0,1,0,0,-17.921,0.16977,0.15,1316,31.5246,3.96699,0.346
2129,178,3,3,42,0,1,0,0,46.182,0.16962,0.15,1316,31.5246,1.89365,0.346
2130,77,1,1,13,0,1,0,0,-6.226,0.16948,0.15,1316,31.5246,2.00222,0.346
2131,123,2,2,29,0,1,0,0,19.986,0.16934,0.15,1317,31.5246,2.8865,0.34599
2132,87,2,2,23,0,1,0,0,18.397,0.1692,0.15,1317,31.5246,2.29362,0.34611
2133,124,4,4,34,0,1,1,0,30.805,0.16906,0.15,1323,31.5246,2.52462,0.34555
2134,68,2,2,28,0,1,0,0,7.91,0.16892,0.15,1323,31.5246,2.71075,0.34555
2135,400,3,3,33,0,0,0,1,107.493,0.16878,0.15,1323,31.5246,1.29066,0.34568
2136,220,1,1,35,0,1,0,0,35.404,0.16864,0.15,1324,31.5246,1.39125,0.34554
2137,7,0,0,3,0,1,0,0,-33.404,0.1685,0.15,1324,31.5246,5.11974,0.34554
2138,36,3,3,14,0,1,0,0,-2.997,0.16836,0.15,1324,31.5246,3.1649,0.34554
2139,90,2,2,26,0,0,0,0,39.926,0.16822,0.15,1327,31.5246,1.98024,0.34514
2140,78,3,3,26,0,1,0,0,8.15,0.16808,0.15,1329,31.5246,3.06824,0.345
2141,30,0,0,11,0,1,0,0,-13.298,0.16794,0.15,1329,31.5246,2.34092,0.345
2142,87,3,3,33,0,1,0,0,24.746,0.1678,0.15,1329,31.5246,2.21508,0.345
2143,31,1,1,13,0,1,0,0,-16.268,0.16766,0.15,1329,31.5246,3.62045,0.345
2144,43,1,1,9,0,1,0,0,-15.523,0.16752,0.15,1329,31.5246,3.67175,0.345
2145,30,0,0,12,0,1,0,0,-12.472,0.16738,0.15,1329,31.5246,3.57668,0.345
2146,64,0,0,25,0,1,0,0,4.902,0.16724,0.15,1329,31.5246,2.33125,0.345
2147,400,6,6,63,0,0,0,1,135.731,0.1671,0.15,1330,31.5246,1.76768,0.34486
2148,48,0,0,11,0,1,0,0,-17.78,0.16696,0.15,1330,31.5246,2.41931,0.34486
2149,13,0,0,6,0,1,0,0,-24.936,0.16682,0.15,1330,31.5246,4.55402,0.34486
2150,38,2,2,15,0,1,0,0,-3.873,0.16668,0.15,1330,31.5246,3.22317,0.34486
2151,140,0,0,44,0,1,0,0,34.887,0.16654,0.15,1330,31.5246,2.18114,0.34486
2152,101,0,0,21,0,1,0,0,-2.792,0.1664,0.15,1330,31.5246,2.5545,0.34486
2153,30,0,0,12,0,1,0,0,-14.263,0.16627,0.15,1330,31.5246,2.35457,0.34486
2154,5,0,0,3,0,1,0,0,-33.806,0.16613,0.15,1330,31.5246,1.68543,0.34486
2155,57,1,1,20,0,1,1,0,-3.436,0.16599,0.15,1330,31.5246,2.8128,0.34486
2156,136,6,6,44,0,1,0,0,53.521,0.16585,0.15,1330,31.5246,3.10136,0.34486
2157,33,1,1,14,0,1,0,0,-6.633,0.16571,0.15,1330,31.5246,2.75729,0.34486
2158,35,1,1,10,0,1,0,0,-14.104,0.16557,0.15,1330,31.5246,2.99097,0.34486
2159,34,1,1,10,0,1,0,0,-14.372,0.16544,0.15,1330,31.5246,3.61107,0.34486
2160,36,0,0,8,0,1,1,0,-19.773,0.1653,0.15,1330,31.5246,3.75268,0.34486
2161,5,0,0,3,0,1,0,0,-32.154,0.16516,0.15,1330,31.5246,4.48464,0.34486
2162,174,6,6,42,0,1,0,0,61.034,0.16502,0.15,1330,31.5246,1.95496,0.34511
2163,42,0,0,12,0,1,0,0,-10.65,0.16489,0.15,1330,31.5246,2.84675,0.34511
2164,154,3,3,44,0,1,0,0,42.231,0.16475,0.15,1332,31.5246,2.12207,0.3451
2165,59,0,0,15,0,1,0,0,-9.233,0.16461,0.15,1332,31.5246,2.54453,0.3451
2166,30,0,0,12,0,1,0,0,-13.339,0.16447,0.15,1332,31.5246,1.69812,0.3451
2167,400,2,2,34,0,0,0,1,96.073,0.16434,0.15,1332,31.5246,1.42656,0.3451
2168,35,0,0,14,0,1,0,0,-15.075,0.1642,0.15,1332,31.5246,2.8031,0.3451
2169,34,0,0,14,0,1,0,0,-14.299,0.16406,0.15,1332,31.5246,2.57699,0.3451
2170,5,0,0,3,0,1,0,0,-30.504,0.16393,0.15,1332,31.5246,4.13357,0.3451
2171,42,1,1,11,0,1,0,0,-8.013,0.16379,0.15,1332,31.5246,2.59487,0.3451
2172,113,1,1,14,0,1,0,0,8.814,0.16365,0.15,1335,31.5246,1.97709,0.34469
2173,28,1,1,7,0,1,0,0,-19.146,0.16352,0.15,1335,31.5246,3.6388,0.34469
2174,6,0,0,1,0,1,0,0,-31.766,0.16338,0.15,1335,31.5246,8.94046,0.34469
2175,161,3,3,29,0,0,0,0,48.277,0.16325,0.15,1335,31.5246,1.75565,0.34494
2176,7,0,0,6,0,1,0,0,-26.55,0.16311,0.15,1335,31.5246,6.23699,0.34494
2177,328,13,8,74,1,1,0,0,105.76,0.16297,0.15,1335,31.5246,2.1556,0.34507
2178,231,0,0,24,0,1,0,0,13.872,0.16284,0.15,1336,31.5246,1.51378,0.34506
2179,67,2,2,18,0,1,1,0,0.034,0.1627,0.15,1338,31.5246,3.46405,0.34479
2180,13,1,1,3,0,1,0,0,-23.251,0.16257,0.15,1338,31.5246,7.13275,0.34479
2181,58,1,1,15,0,1,0,0,-11.797,0.16243,0.15,1338,31.5246,2.91545,0.34479
2182,135,3,3,17,0,1,0,0,13.174,0.1623,0.15,1338,31.5246,2.06557,0.34479
2183,400,2,2,26,0,0,0,1,81.438,0.16216,0.15,1339,31.5246,1.56482,0.34466
2184,87,0,0,16,0,1,0,0,-4.225,0.16203,0.15,1339,31.5246,2.13476,0.34466
2185,76,2,2,20,0,1,0,0,1.425,0.16189,0.15,1339,31.5246,2.68846,0.34466
2186,48,2,2,19,0,1,0,0,1.369,0.16176,0.15,1339,31.5246,2.55277,0.34466
2187,51,1,1,19,0,1,0,0,-11.445,0.16162,0.15,1339,31.5246,3.2902,0.34466
2188,160,2,2,24,0,1,0,0,13.023,0.16149,0.15,1340,31.5246,2.19775,0.34478
2189,106,2,2,22,0,1,0,0,2.14,0.16135,0.15,1340,31.5246,2.15984,0.3449
2190,60,2,2,20,0,1,0,0,-4.778,0.16122,0.15,1340,31.5246,2.88565,0.3449
2191,35,1,1,8,0,1,0,0,-18.525,0.16108,0.15,1340,31.5246,4.1417,0.3449
2192,184,2,2,32,0,1,0,0,34.544,0.16095,0.15,1342,31.5246,1.80384,0.34476
2193,30,0,0,8,0,1,0,0,-19.596,0.16082,0.15,1342,31.5246,3.61266,0.34476
2194,93,2,2,24,0,1,0,0,9.563,0.16068,0.15,1342,31.5246,2.29986,0.34488
2195,89,1,1,25,0,1,0,0,7.643,0.16055,0.15,1342,31.5246,1.85079,0.34488
2196,148,4,4,36,0,1,0,0,41.275,0.16041,0.15,1343,31.5246,2.27959,0.34475
2197,32,2,2,15,0,1,0,0,-9.625,0.16028,0.15,1343,31.5246,3.47717,0.34475
2198,191,4,4,31,0,1,0,0,46.129,0.16015,0.15,1343,31.5246,1.54782,0.34475
2199,68,1,1,14,0,1,0,0,-7.78,0.16001,0.15,1343,31.5246,1.68442,0.34475
2200,14,1,1,5,0,1,0,0,-20.616,0.15988,0.15,1343,31.5246,5.36917,0.34475
2201,400,7,2,34,1,0,0,1,116.781,0.15975,0.15,1343,31.5246,1.40476,0.34487
2202,259,5,5,38,0,1,0,0,56.8,0.15961,0.15,1343,31.5246,1.69598,0.345
2203,73,3,3,23,0,1,0,0,16.259,0.15948,0.15,1343,31.5246,2.54739,0.345
2204,208,2,2,32,0,1,0,0,40.208,0.15935,0.15,1343,31.5246,1.67316,0.34525
2205,169,0,0,13,0,0,0,0,28.092,0.15921,0.15,1344,31.5246,1.32061,0.34511
2206,32,0,0,5,0,1,0,0,-23.993,0.15908,0.15,1344,31.5246,2.88477,0.34511
2207,110,1,1,25,0,1,0,0,6.054,0.15895,0.15,1345,31.5246,2.04083,0.34498
2208,400,2,2,39,0,0,0,1,93.265,0.15882,0.15,1346,31.5246,1.64221,0.34497
2209,400,9,4,40,1,0,1,1,121.304,0.15869,0.15,1349,31.5246,1.37906,0.34458
2210,5,0,0,2,0,1,0,0,-30.704,0.15855,0.15,1349,31.5246,3.75801,0.34458
2211,27,1,1,6,0,1,0,0,-16.654,0.15842,0.15,1349,31.5246,2.94188,0.34458
2212,400,2,2,39,0,0,0,1,111.311,0.15829,0.15,1351,31.5246,1.59045,0.34444
2213,400,6,6,26,0,0,0,1,101.16,0.15816,0.15,1353,31.5246,1.3628,0.34417
2214,27,0,0,8,0,1,0,0,-18.152,0.15803,0.15,1353,31.5246,1.53697,0.34417
2215,97,2,2,13,0,1,0,0,2.101,0.15789,0.15,1354,31.5246,2.32587,0.34441
2216,113,2,2,25,0,1,0,0,15.224,0.15776,0.15,1354,31.5246,2.25867,0.34453
2217,38,1,1,12,0,1,0,0,-15.019,0.15763,0.15,1354,31.5246,2.59216,0.34453
2218,186,2,2,30,0,1,0,0,28.268,0.1575,0.15,1354,31.5246,1.71316,0.34453
2219,74,2,2,12,0,1,0,0,-1.626,0.15737,0.15,1354,31.5246,2.36717,0.34453
2220,170,0,0,10,0,0,0,0,14.761,0.15724,0.15,1356,31.5246,1.14471,0.3444
2221,99,0,0,24,0,1,0,0,1.506,0.15711,0.15,1356,31.5246,1.51448,0.3444
2222,218,4,4,20,0,1,0,0,27.51,0.15698,0.15,1356,31.5246,1.77256,0.34452
2223,33,0,0,4,0,1,0,0,-22.843,0.15684,0.15,1356,31.5246,2.37805,0.34452
2224,127,1,1,22,0,1,1,0,18.712,0.15671,0.15,1356,31.5246,1.63342,0.34452
2225,21,0,0,5,0,1,0,0,-21.759,0.15658,0.15,1356,31.5246,2.92591,0.34452
2226,20,0,0,10,0,1,0,0,-21.546,0.15645,0.15,1356,31.5246,4.07746,0.34452
2227,400,5,5,24,0,0,0,1,86.827,0.15632,0.15,1359,31.5246,1.79391,0.34425
2228,79,0,0,17,0,1,0,0,-6.738,0.15619,0.15,1359,31.5246,2.41703,0.34425
2229,164,0,0,19,0,1,2,0,8.303,0.15606,0.15,1359,31.5246,2.20276,0.34425
2230,87,1,1,9,0,1,0,0,-7.049,0.15593,0.15,1359,31.5246,1.98951,0.34425
2231,53,1,1,9,0,1,0,0,-10.361,0.1558,0.15,1359,31.5246,1.70016,0.34425
2232,400,3,3,25,0,0,0,1,99.55,0.15567,0.15,1359,31.5246,1.61191,0.34425
2233,156,6,6,35,0,1,0,0,50.964,0.15554,0.15,1359,31.5246,1.76812,0.34425
2234,5,0,0,3,0,1,0,0,-28.752,0.15541,0.15,1359,31.5246,7.33495,0.34425
2235,48,1,1,12,0,1,0,0,-9.582,0.15528,0.15,1359,31.5246,2.35234,0.34425
2236,400,3,3,26,0,0,1,1,101.595,0.15515,0.15,1362,31.5246,1.47296,0.34386
2237,53,2,2,10,0,1,0,0,-4.539,0.15503,0.15,1362,31.5246,3.379,0.3441
2238,28,0,0,9,0,1,0,0,-18.203,0.1549,0.15,1362,31.5246,2.94332,0.3441
2239,20,0,0,7,0,1,0,0,-20.167,0.15477,0.15,1362,31.5246,4.27245,0.3441
2240,96,1,1,13,0,1,0,0,-1.809,0.15464,0.15,1362,31.5246,2.12466,0.3441
2241,110,0,0,17,0,1,0,0,8.572,0.15451,0.15,1362,31.5246,1.36892,0.3441
2242,208,6,6,25,0,1,0,0,50.042,0.15438,0.15,1362,31.5246,1.92802,0.3441
2243,400,2,2,20,0,0,0,1,75.508,0.15425,0.15,1362,31.5246,1.37435,0.3441
2244,69,0,0,10,0,1,0,0,-13.047,0.15412,0.15,1362,31.5246,1.55092,0.3441
2245,400,1,1,21,0,0,0,1,62.541,0.154,0.15,1362,31.5246,1.58947,0.34447
2246,400,7,2,21,1,0,0,1,90.421,0.15387,0.15,1365,31.5246,1.58435,0.3442
2247,145,4,4,36,0,1,0,0,43.86,0.15374,0.15,1366,31.5246,2.26716,0.34431
2248,113,1,1,17,0,1,0,0,2.227,0.15361,0.15,1366,31.5246,2.0471,0.34431
2249,400,4,4,23,0,0,0,1,78.732,0.15348,0.15,1366,31.5246,1.30412,0.34444
2250,400,3,3,32,0,0,0,1,109.691,0.15335,0.15,1367,31.5246,1.15171,0.34443
2251,22,0,0,1,0,1,0,0,-28.048,0.15323,0.15,1367,31.5246,3.03722,0.34443
2252,314,4,4,30,0,1,0,0,55.946,0.1531,0.15,1367,31.5246,1.46663,0.34443
2253,78,0,0,26,0,1,0,0,-0.859,0.15297,0.15,1367,31.5246,3.25299,0.34443
2254,133,1,1,10,0,1,0,0,6.152,0.15284,0.15,1367,31.5246,1.96789,0.34443
2255,400,2,2,24,0,0,0,1,88.71,0.15272,0.15,1367,31.5246,1.45685,0.34443
2256,155,6,1,20,1,1,0,0,28.286,0.15259,0.15,1369,31.5246,2.5637,0.34429
2257,400,7,2,25,1,0,0,1,95.525,0.15246,0.15,1370,31.5246,1.70988,0.34416
2258,5,0,0,4,0,1,0,0,-32.406,0.15234,0.15,1370,31.5246,3.20992,0.34416
2259,400,4,4,38,0,0,0,1,131.764,0.15221,0.15,1370,31.5246,1.35861,0.34416
2260,98,3,3,12,0,1,0,0,15.179,0.15208,0.15,1370,31.5246,1.79602,0.34428
2261,48,0,0,7,0,1,0,0,-19.703,0.15196,0.15,1370,31.5246,1.55982,0.34428
2262,41,1,1,7,0,1,0,0,-13.561,0.15183,0.15,1370,31.5246,2.36665,0.34428
2263,6,0,0,2,0,1,0,0,-30.806,0.1517,0.15,1370,31.5246,7.18328,0.34428
2264,32,0,0,5,0,1,0,0,-22.262,0.15158,0.15,1370,31.5246,2.28111,0.34428
2265,131,1,1,17,0,1,0,0,9.18,0.15145,0.15,1370,31.5246,1.62535,0.34428
2266,93,0,0,8,0,1,0,0,-5.681,0.15132,0.15,1370,31.5246,1.24259,0.34428
2267,58,1,1,9,0,1,0,0,-9.619,0.1512,0.15,1370,31.5246,1.21171,0.34428
2268,234,2,2,15,0,1,0,0,21.118,0.15107,0.15,1372,31.5246,1.75726,0.34402
2269,90,1,1,14,0,1,1,0,-1.675,0.15095,0.15,1372,31.5246,2.22506,0.34402
2270,46,0,0,9,0,1,0,0,-15.357,0.15082,0.15,1372,31.5246,1.29415,0.34402
2271,53,1,1,11,0,1,0,0,-6.085,0.15069,0.15,1372,31.5246,2.05988,0.34402
2272,17,2,2,6,0,1,0,0,-17.157,0.15057,0.15,1372,31.5246,5.0761,0.34402
2273,84,1,1,10,0,1,0,0,-3.311,0.15044,0.15,1372,31.5246,1.47311,0.34402
2274,59,0,0,7,0,1,0,0,-16.377,0.15032,0.15,1372,31.5246,3.28967,0.34402
2275,400,7,2,14,1,0,0,1,97.374,0.15019,0.15,1373,31.5246,1.22761,0.34414
2276,32,1,1,6,0,1,0,0,-15.637,0.15007,0.15,1373,31.5246,2.59134,0.34414
2277,15,0,0,5,0,1,0,0,-27.175,0.14994,0.15,1373,31.5246,3.18553,0.34414
2278,66,0,0,8,0,1,0,0,-10.413,0.14982,0.15,1373,31.5246,2.31719,0.34414
2279,13,0,0,5,0,1,0,0,-27.996,0.14969,0.15,1373,31.5246,4.18828,0.34414
2280,69,0,0,10,0,1,0,0,-8.575,0.14957,0.15,1373,31.5246,1.81,0.34414
2281,293,2,2,9,0,1,0,0,40.206,0.14944,0.15,1373,31.5246,1.20242,0.34414
2282,28,0,0,5,0,1,0,0,-21.495,0.14932,0.15,1373,31.5246,3.49143,0.34414
2283,264,1,1,22,0,1,0,0,29.148,0.1492,0.15,1373,31.5246,1.79058,0.34414
2284,400,4,4,15,0,0,0,1,80.091,0.14907,0.15,1373,31.5246,1.66231,0.34426
2285,50,0,0,7,0,1,0,0,-16.093,0.14895,0.15,1373,31.5246,2.5502,0.34426
2286,337,0,0,13,0,1,0,0,25.327,0.14882,0.15,1373,31.5246,1.51125,0.34426
2287,12,0,0,4,0,1,0,0,-32.554,0.1487,0.15,1373,31.5246,2.898,0.34426
2288,400,1,1,14,0,0,0,1,65.052,0.14857,0.15,1373,31.5246,1.48566,0.34438
2289,105,0,0,7,0,1,0,0,-13.87,0.14845,0.15,1373,31.5246,1.63591,0.34438
2290,400,5,0,12,1,0,0,1,66.285,0.14833,0.15,1373,31.5246,1.69122,0.34438
2291,27,1,1,5,0,1,0,0,-13.906,0.1482,0.15,1373,31.5246,1.56726,0.34438
2292,109,3,3,10,0,1,0,0,8.715,0.14808,0.15,1375,31.5246,1.9275,0.34424
2293,53,0,0,4,0,1,0,0,-19.389,0.14796,0.15,1375,31.5246,1.64273,0.34424
2294,400,1,1,23,0,0,1,1,62.166,0.14783,0.15,1375,31.5246,1.44554,0.34436
2295,400,4,4,23,0,0,0,1,64.636,0.14771,0.15,1375,31.5246,1.63796,0.34436
2296,75,1,1,17,0,1,0,0,-1.214,0.14759,0.15,1375,31.5246,2.51822,0.34436
2297,180,0,0,13,0,1,0,0,4.429,0.14746,0.15,1375,31.5246,1.6998,0.34448
2298,400,1,1,16,0,0,0,1,64.301,0.14734,0.15,1375,31.5246,1.62103,0.34448
2299,131,1,1,11,0,1,0,0,-9.169,0.14722,0.15,1375,31.5246,2.16035,0.34448
2300,21,1,1,6,0,1,0,0,-17.66,0.1471,0.15,1375,31.5246,3.60509,0.34448
2301,190,2,2,22,0,1,0,0,20.333,0.14697,0.15,1376,31.5246,2.16442,0.34448
2302,400,2,2,14,0,0,0,1,32.186,0.14685,0.15,1376,31.5246,1.65736,0.34448
2303,78,1,1,12,0,1,0,0,-12.55,0.14673,0.15,1376,31.5246,2.72135,0.34448
2304,122,0,0,9,0,1,0,0,-22.224,0.14661,0.15,1376,31.5246,2.36463,0.34448
2305,94,7,2,11,1,1,0,0,17.757,0.14648,0.15,1378,31.5246,2.27513,0.34422
2306,42,0,0,6,0,1,0,0,-19.866,0.14636,0.15,1378,31.5246,2.06373,0.34422
2307,13,0,0,4,0,1,0,0,-28.074,0.14624,0.15,1378,31.5246,4.73828,0.34422
2308,46,1,1,10,0,1,0,0,-12.93,0.14612,0.15,1378,31.5246,2.71608,0.34422
2309,71,2,2,9,0,1,0,0,-3.677,0.146,0.15,1378,31.5246,2.50438,0.34422
2310,346,1,1,15,0,1,0,0,13.244,0.14588,0.15,1378,31.5246,1.75247,0.34446
2311,400,2,2,16,0,0,1,1,56.033,0.14575,0.15,1380,31.5246,1.52616,0.3442
2312,20,0,0,5,0,1,0,0,-28.665,0.14563,0.15,1380,31.5246,3.8089,0.3442
2313,5,0,0,2,0,1,0,0,-30.704,0.14551,0.15,1380,31.5246,3.78809,0.3442
2314,400,1,1,17,0,0,0,1,37.792,0.14539,0.15,1381,31.5246,1.71901,0.3442
2315,271,1,1,23,0,1,0,0,20.578,0.14527,0.15,1381,31.5246,1.91336,0.3442
2316,369,2,2,35,0,1,0,0,47.933,0.14515,0.15,1381,31.5246,1.75483,0.3442
2317,400,2,2,28,0,0,1,1,62.371,0.14503,0.15,1381,31.5246,1.58983,0.34444
2318,8,0,0,1,0,1,0,0,-26.452,0.14491,0.15,1381,31.5246,1.6457,0.34444
2319,113,3,3,11,0,1,0,0,5.335,0.14479,0.15,1382,31.5246,2.09593,0.34443
2320,6,0,0,1,0,1,0,0,-26.856,0.14467,0.15,1382,31.5246,1.29931,0.34443
2321,13,0,0,4,0,1,0,0,-26.396,0.14454,0.15,1382,31.5246,3.57135,0.34443
2322,121,0,0,23,0,1,0,0,4.251,0.14442,0.15,1382,31.5246,1.79658,0.34443
2323,44,0,0,6,0,1,0,0,-16.92,0.1443,0.15,1382,31.5246,1.8112,0.34443
2324,98,0,0,3,0,1,0,0,-17.814,0.14418,0.15,1382,31.5246,1.40508,0.34443
2325,67,0,0,14,0,1,0,0,-9.17,0.14406,0.15,1382,31.5246,1.88363,0.34443
2326,59,1,1,8,0,1,0,0,-15.35,0.14394,0.15,1382,31.5246,2.45628,0.34443
2327,43,0,0,5,0,1,0,0,-24.742,0.14382,0.15,1382,31.5246,2.24824,0.34443
2328,400,7,2,19,1,0,0,1,84.297,0.1437,0.15,1383,31.5246,1.66237,0.34454
2329,150,0,0,8,0,1,0,0,-8.108,0.14358,0.15,1383,31.5246,1.64125,0.34454
2330,49,2,2,6,0,1,0,0,-17.088,0.14346,0.15,1383,31.5246,2.68794,0.34454
2331,68,0,0,11,0,1,0,0,-12.589,0.14335,0.15,1383,31.5246,2.05588,0.34454
2332,72,0,0,13,0,1,0,0,-3.909,0.14323,0.15,1383,31.5246,1.51488,0.34454
2333,65,0,0,13,0,1,0,0,-12.635,0.14311,0.15,1384,31.5246,1.95042,0.34441
2334,13,0,0,5,0,1,0,0,-27.744,0.14299,0.15,1384,31.5246,4.72067,0.34441
2335,18,1,1,3,0,1,0,0,-22.408,0.14287,0.15,1384,31.5246,4.73038,0.34465
2336,161,3,3,14,0,1,0,0,9.817,0.14275,0.15,1384,31.5246,1.99482,0.34465
2337,152,0,0,24,0,1,0,0,6.309,0.14263,0.15,1384,31.5246,1.98358,0.34477
2338,165,1,1,15,0,1,0,0,-4.382,0.14251,0.15,1384,31.5246,1.905,0.34489
2339,400,1,1,20,0,0,0,1,77.345,0.14239,0.15,1385,31.5246,1.14117,0.34489
2340,210,4,4,15,0,1,0,0,25.826,0.14227,0.15,1385,31.5246,1.76259,0.34489
2341,400,0,0,15,0,0,1,1,48.219,0.14216,0.15,1386,31.5246,1.55236,0.34476
2342,391,6,1,24,1,1,0,0,50.188,0.14204,0.15,1390,31.5246,1.7733,0.34448
2343,400,1,1,27,0,0,0,1,79.45,0.14192,0.15,1392,31.5246,1.37331,0.34423
2344,148,2,2,30,0,1,2,0,17.481,0.1418,0.15,1394,31.5246,1.76407,0.34409
2345,20,0,0,4,0,1,0,0,-24.321,0.14168,0.15,1394,31.5246,4.48876,0.34409
2346,69,1,1,8,0,1,0,0,-18.661,0.14156,0.15,1394,31.5246,2.30525,0.34409
2347,30,0,0,8,0,1,0,0,-18.077,0.14145,0.15,1394,31.5246,4.33771,0.34409
2348,45,1,1,12,0,1,0,0,-14.903,0.14133,0.15,1394,31.5246,2.99842,0.34409
2349,45,1,1,9,0,1,0,0,-16.063,0.14121,0.15,1394,31.5246,3.34682,0.34409
2350,400,8,3,36,1,0,0,1,102.32,0.14109,0.15,1396,31.5246,1.5128,0.34396
2351,22,0,0,9,0,1,0,0,-21.001,0.14098,0.15,1396,31.5246,4.23636,0.34396
2352,49,1,1,13,0,1,0,0,-5.86,0.14086,0.15,1396,31.5246,2.35916,0.34396
2353,35,0,0,13,0,1,0,0,-13.129,0.14074,0.15,1396,31.5246,2.79856,0.34396
2354,100,1,1,12,0,1,0,0,-3.203,0.14062,0.15,1396,31.5246,1.94651,0.34396
2355,28,0,0,6,0,1,0,0,-20.353,0.14051,0.15,1396,31.5246,1.73087,0.34396
2356,28,0,0,7,0,1,0,0,-19.676,0.14039,0.15,1396,31.5246,2.55622,0.34396
2357,141,1,1,25,0,1,1,0,15.053,0.14027,0.15,1396,31.5246,1.74762,0.34396
2358,52,0,0,5,0,1,0,0,-19.305,0.14016,0.15,1396,31.5246,2.03748,0.34396
2359,60,0,0,10,0,1,0,0,-14.382,0.14004,0.15,1396,31.5246,1.73611,0.34396
2360,60,0,0,7,0,1,0,0,-16.484,0.13992,0.15,1396,31.5246,2.44585,0.34396
2361,198,0,0,16,0,1,0,0,1.848,0.13981,0.15,1396,31.5246,1.75912,0.34408
2362,59,0,0,12,0,1,0,0,-8.523,0.13969,0.15,1396,31.5246,1.96569,0.34408
2363,44,0,0,12,0,1,0,0,-17.493,0.13957,0.15,1396,31.5246,2.32153,0.34408
2364,64,1,1,5,0,1,0,0,-8.772,0.13946,0.15,1396,31.5246,2.04226,0.34408
2365,400,7,2,16,1,0,0,1,60.415,0.13934,0.15,1397,31.5246,1.73503,0.34395
2366,21,0,0,7,0,1,0,0,-20.94,0.13922,0.15,1397,31.5246,2.45517,0.34395
2367,5,0,0,4,0,1,0,0,-33.206,0.13911,0.15,1397,31.5246,2.27071,0.34395
2368,191,2,2,17,0,1,0,0,19.698,0.13899,0.15,1397,31.5246,1.86141,0.34395
2369,363,1,1,17,0,1,1,0,20.269,0.13888,0.15,1400,31.5246,1.72161,0.34369
2370,13,0,0,4,0,1,0,0,-28.098,0.13876,0.15,1400,31.5246,4.97734,0.34369
2371,63,1,1,10,0,1,0,0,-15.5,0.13865,0.15,1400,31.5246,1.83029,0.34369
2372,400,2,2,23,0,0,1,1,71.161,0.13853,0.15,1401,31.5246,1.31679,0.34356
2373,20,0,0,9,0,1,0,0,-21.307,0.13841,0.15,1401,31.5246,5.2066,0.34356
2374,82,0,0,7,0,1,0,0,-10.737,0.1383,0.15,1401,31.5246,1.60855,0.34356
2375,400,3,3,21,0,0,0,1,79.168,0.13818,0.15,1403,31.5246,1.57532,0.34343
2376,129,1,1,7,0,0,0,0,21.748,0.13807,0.15,1403,31.5246,1.50912,0.34343
2377,57,0,0,6,0,1,0,0,-25.113,0.13795,0.15,1403,31.5246,2.05203,0.34343
2378,20,0,0,7,0,1,0,0,-24.782,0.13784,0.15,1403,31.5246,4.58549,0.34343
2379,400,0,0,12,0,0,0,1,46.319,0.13772,0.15,1405,31.5246,1.41946,0.34377
2380,400,13,3,23,2,0,0,1,94.376,0.13761,0.15,1406,31.5246,1.67976,0.34365
2381,400,2,2,19,0,0,0,1,69.226,0.1375,0.15,1407,31.5246,1.22261,0.34352
2382,44,0,0,8,0,1,0,0,-13.413,0.13738,0.15,1407,31.5246,2.17072,0.34352
2383,46,1,1,7,0,1,0,0,-14.211,0.13727,0.15,1407,31.5246,1.58141,0.34352
2384,167,2,2,18,0,1,1,0,-0.478,0.13715,0.15,1407,31.5246,1.87439,0.34352
2385,42,1,1,7,0,1,0,0,-18.141,0.13704,0.15,1407,31.5246,2.57681,0.34352
2386,328,6,6,32,0,1,0,0,50.755,0.13692,0.15,1407,31.5246,1.78371,0.34352
2387,24,0,0,6,0,1,0,0,-20.122,0.13681,0.15,1407,31.5246,2.50721,0.34352
2388,40,1,1,5,0,1,0,0,-17.339,0.1367,0.15,1407,31.5246,1.94005,0.34352
2389,117,0,0,10,0,1,0,0,-10.217,0.13658,0.15,1407,31.5246,2.15633,0.34352
2390,128,1,1,10,0,1,0,0,-2.365,0.13647,0.15,1409,31.5246,1.91892,0.34327
2391,101,3,3,18,0,1,0,0,8.784,0.13635,0.15,1409,31.5246,2.31798,0.34327
2392,29,0,0,5,0,1,0,0,-24.919,0.13624,0.15,1409,31.5246,3.48469,0.34327
2393,91,0,0,7,0,1,0,0,-12.473,0.13613,0.15,1409,31.5246,1.74412,0.34327
2394,400,3,3,13,0,0,0,1,48.446,0.13601,0.15,1412,31.5246,1.76248,0.34289
2395,69,2,2,12,0,1,0,0,-4.106,0.1359,0.15,1412,31.5246,2.84372,0.34289
2396,50,0,0,6,0,1,0,0,-20.13,0.13579,0.15,1412,31.5246,3.87235,0.34289
2397,5,0,0,4,0,1,0,0,-32.406,0.13567,0.15,1412,31.5246,2.89767,0.34289
2398,32,1,1,7,0,1,0,0,-16.421,0.13556,0.15,1412,31.5246,2.59844,0.34289
2399,219,2,2,16,0,1,0,0,17.141,0.13545,0.15,1412,31.5246,1.55829,0.34289
2400,197,3,3,20,0,1,0,0,27.031,0.13534,0.15,1412,31.5246,1.56272,0.34289
2401,251,1,1,18,0,1,0,0,14.168,0.13522,0.15,1415,31.5246,1.605,0.34287
2402,115,2,2,9,0,1,2,0,-2.844,0.13511,0.15,1417,31.5246,2.21046,0.34298
2403,43,0,0,5,0,1,0,0,-19.766,0.135,0.15,1417,31.5246,1.93739,0.34298
2404,201,2,2,16,0,1,0,0,17.768,0.13488,0.15,1417,31.5246,1.75762,0.34298
2405,93,0,0,4,0,1,0,0,-14.662,0.13477,0.15,1417,31.5246,1.49689,0.34298
2406,52,0,0,8,0,1,0,0,-18.207,0.13466,0.15,1417,31.5246,2.36461,0.34298
2407,94,2,2,21,0,1,0,0,10.114,0.13455,0.15,1417,31.5246,2.32161,0.34298
2408,15,0,0,6,0,1,0,0,-23.452,0.13444,0.15,1417,31.5246,3.6183,0.34298
2409,91,4,4,20,0,1,0,0,14.837,0.13432,0.15,1417,31.5246,3.2391,0.3431
2410,279,4,4,29,0,1,1,0,46.078,0.13421,0.15,1418,31.5246,1.43556,0.34297
2411,48,1,1,12,0,1,0,0,-8.359,0.1341,0.15,1418,31.5246,2.5206,0.34297
2412,299,4,4,35,0,1,0,0,52.762,0.13399,0.15,1418,31.5246,1.78168,0.34309
2413,21,0,0,7,0,1,0,0,-23.031,0.13388,0.15,1418,31.5246,3.46702,0.34309
2414,210,3,3,36,0,1,0,0,53.505,0.13377,0.15,1418,31.5246,1.71056,0.34332
2415,268,10,5,57,1,1,0,0,102.443,0.13365,0.15,1419,31.5246,1.83259,0.3432
2416,35,1,1,10,0,1,0,0,-14.667,0.13354,0.15,1419,31.5246,2.37643,0.3432
2417,280,2,2,22,0,1,0,0,54.574,0.13343,0.15,1419,31.5246,1.35867,0.34332
2418,46,2,2,11,0,1,0,0,-5.096,0.13332,0.15,1419,31.5246,2.43499,0.34332
2419,82,4,4,17,0,1,0,0,18.068,0.13321,0.15,1419,31.5246,2.12608,0.34332
2420,24,0,0,6,0,1,0,0,-19.682,0.1331,0.15,1419,31.5246,1.34573,0.34332
2421,55,2,2,12,0,1,0,0,-0.308,0.13299,0.15,1419,31.5246,2.44923,0.34332
2422,128,2,2,27,0,1,0,0,13.981,0.13288,0.15,1419,31.5246,2.13693,0.34332
2423,233,3,3,32,0,0,0,0,56.573,0.13277,0.15,1419,31.5246,1.7899,0.34355
2424,400,4,4,50,0,0,1,1,117.07,0.13266,0.15,1419,31.5246,1.15218,0.34367
2425,400,5,5,37,0,0,0,1,105.451,0.13254,0.15,1419,31.5246,1.36676,0.34367
2426,26,0,0,14,0,1,0,0,-20.266,0.13243,0.15,1419,31.5246,3.18632,0.34367
2427,74,1,1,24,0,1,0,0,-5.203,0.13232,0.15,1419,31.5246,2.62405,0.34367
2428,5,0,0,3,0,1,0,0,-33.806,0.13221,0.15,1419,31.5246,1.98364,0.34367
2429,38,1,1,12,0,1,0,0,-14.013,0.1321,0.15,1419,31.5246,2.08468,0.34367
2430,173,1,1,30,0,1,0,0,20.381,0.13199,0.15,1419,31.5246,1.71051,0.34367
2431,186,3,3,28,0,1,0,0,21.351,0.13188,0.15,1419,31.5246,1.48514,0.34367
2432,22,0,0,10,0,1,0,0,-21.886,0.13177,0.15,1419,31.5246,4.46349,0.34367
2433,219,4,4,36,0,1,1,0,39.516,0.13166,0.15,1419,31.5246,1.65217,0.34367
2434,32,1,1,8,0,1,0,0,-19.751,0.13155,0.15,1419,31.5246,3.97487,0.34367
2435,70,2,2,14,0,1,0,0,-3.376,0.13145,0.15,1419,31.5246,1.3743,0.34367
2436,278,3,3,34,0,1,0,0,55.582,0.13134,0.15,1419,31.5246,1.47476,0.34367
2437,22,0,0,10,0,1,0,0,-20.54,0.13123,0.15,1419,31.5246,2.84434,0.34367
2438,400,5,5,49,0,0,1,1,120.327,0.13112,0.15,1419,31.5246,1.47398,0.3439
2439,22,1,1,5,0,1,0,0,-22.308,0.13101,0.15,1419,31.5246,4.67781,0.3439
2440,400,7,2,35,1,0,0,1,112.488,0.1309,0.15,1420,31.5246,1.17033,0.3439
2441,48,1,1,10,0,1,0,0,-17.328,0.13079,0.15,1420,31.5246,2.29675,0.3439
2442,147,6,1,41,1,1,0,0,34.143,0.13068,0.15,1421,31.5246,2.20812,0.34377
2443,92,1,1,19,0,1,0,0,3.896,0.13057,0.15,1421,31.5246,2.043,0.34377
2444,264,2,2,34,0,1,1,0,35.474,0.13046,0.15,1421,31.5246,1.40771,0.34401
2445,400,8,3,35,1,0,1,1,113.684,0.13035,0.15,1427,31.5246,1.4289,0.34361
2446,45,0,0,10,0,1,0,0,-18.61,0.13025,0.15,1427,31.5246,2.90453,0.34361
2447,13,0,0,4,0,1,0,0,-27.846,0.13014,0.15,1427,31.5246,6.73772,0.34361
2448,42,0,0,9,0,1,0,0,-17.747,0.13003,0.15,1427,31.5246,2.52123,0.34361
2449,5,0,0,3,0,1,0,0,-33.406,0.12992,0.15,1427,31.5246,2.08254,0.34361
2450,362,0,0,11,0,0,2,0,57.506,0.12981,0.15,1427,31.5246,1.138,0.34384
2451,202,1,1,28,0,0,0,0,54.187,0.1297,0.15,1427,31.5246,1.10755,0.34384
2452,400,4,4,42,0,0,0,1,118.033,0.1296,0.15,1429,31.5246,1.15105,0.3436
2453,400,5,5,45,0,0,0,1,136.459,0.12949,0.15,1433,31.5246,1.28728,0.34357
2454,400,5,5,32,0,0,1,1,112.733,0.12938,0.15,1433,31.5246,1.19919,0.34368
2455,130,1,1,28,0,1,0,0,15.216,0.12927,0.15,1434,31.5246,2.03613,0.34356
2456,132,4,4,16,0,1,0,0,16.159,0.12916,0.15,1434,31.5246,1.93543,0.34356
2457,88,1,1,31,0,1,0,0,9.43,0.12906,0.15,1435,31.5246,2.33219,0.34344
2458,48,1,1,6,0,1,0,0,-13.751,0.12895,0.15,1435,31.5246,1.47674,0.34344
2459,22,0,0,5,0,1,0,0,-22.635,0.12884,0.15,1435,31.5246,2.85403,0.34344
2460,191,2,2,14,0,1,0,0,20.228,0.12873,0.15,1435,31.5246,1.49249,0.34344
2461,400,6,1,26,1,0,0,1,110.606,0.12863,0.15,1436,31.5246,1.26369,0.34331
2462,114,8,3,23,1,1,0,0,37.42,0.12852,0.15,1436,31.5246,2.23182,0.34331
2463,400,6,6,45,0,0,0,1,110.365,0.12841,0.15,1439,31.5246,1.50035,0.34295
2464,65,0,0,5,0,1,1,0,-14.473,0.12831,0.15,1439,31.5246,1.88347,0.34306
2465,30,0,0,7,0,1,0,0,-18.581,0.1282,0.15,1439,31.5246,2.24307,0.34306
2466,40,1,1,10,0,1,0,0,-11.787,0.12809,0.15,1439,31.5246,1.56585,0.34306
2467,400,1,1,24,0,0,0,1,83.261,0.12799,0.15,1439,31.5246,1.44314,0.34306
2468,71,0,0,8,0,1,0,0,-14.917,0.12788,0.15,1439,31.5246,1.19297,0.34306
2469,400,4,4,23,0,0,0,1,83.99,0.12777,0.15,1440,31.5246,1.4601,0.34294
2470,54,0,0,5,0,1,0,0,-17.553,0.12767,0.15,1440,31.5246,1.93097,0.34294
2471,6,0,0,2,0,1,0,0,-33.954,0.12756,0.15,1440,31.5246,5.63728,0.34294
2472,400,1,1,24,0,0,1,1,77.985,0.12745,0.15,1442,31.5246,1.34063,0.34281
2473,62,0,0,18,0,1,0,0,-2.931,0.12735,0.15,1442,31.5246,2.10968,0.34281
2474,21,0,0,6,0,1,0,0,-25.543,0.12724,0.15,1442,31.5246,4.37356,0.34281
2475,400,3,3,28,0,0,0,1,92.296,0.12714,0.15,1442,31.5246,1.3914,0.34281
2476,60,1,1,14,0,1,0,0,-10.973,0.12703,0.15,1442,31.5246,2.34805,0.34281
2477,400,1,1,14,0,0,0,1,61.768,0.12692,0.15,1442,31.5246,1.40482,0.34316
2478,172,1,1,18,0,1,0,0,7.181,0.12682,0.15,1442,31.5246,1.86655,0.34327
2479,45,0,0,9,0,1,0,0,-17.351,0.12671,0.15,1442,31.5246,2.49865,0.34327
2480,27,0,0,13,0,1,0,0,-14.247,0.12661,0.15,1442,31.5246,2.97186,0.34327
2481,400,2,2,21,0,0,0,1,75.044,0.1265,0.15,1442,31.5246,1.29882,0.3435
2482,54,0,0,9,0,1,0,0,-14.995,0.1264,0.15,1442,31.5246,2.35624,0.3435
2483,116,1,1,12,0,1,0,0,3.787,0.12629,0.15,1443,31.5246,2.24924,0.34361
2484,332,4,4,48,0,1,0,0,65.244,0.12619,0.15,1443,31.5246,1.69058,0.34361
2485,41,0,0,9,0,1,0,0,-15.621,0.12608,0.15,1443,31.5246,2.89562,0.34361
2486,201,1,1,28,0,1,2,0,24.841,0.12598,0.15,1445,31.5246,1.85308,0.34337
2487,400,1,1,25,0,0,0,1,64.291,0.12587,0.15,1446,31.5246,1.45181,0.34325
2488,160,0,0,15,0,1,0,0,-0.015,0.12577,0.15,1446,31.5246,1.76483,0.34325
2489,163,4,4,32,0,1,0,0,26.551,0.12566,0.15,1446,31.5246,2.2047,0.34325
2490,24,0,0,11,0,1,0,0,-15.665,0.12556,0.15,1446,31.5246,2.78411,0.34325
2491,185,2,2,22,0,1,0,0,13.788,0.12545,0.15,1446,31.5246,1.80907,0.34325
2492,57,1,1,13,0,1,0,0,-5.182,0.12535,0.15,1446,31.5246,2.45958,0.34325
2493,348,3,3,23,0,1,0,0,32.742,0.12524,0.15,1446,31.5246,1.61675,0.34325
2494,400,4,4,40,0,0,0,1,105.694,0.12514,0.15,1446,31.5246,1.56325,0.34336
2495,79,1,1,16,0,1,0,0,-3.867,0.12503,0.15,1447,31.5246,2.08822,0.34324
2496,400,8,3,31,1,0,0,1,112.205,0.12493,0.15,1448,31.5246,1.54641,0.34323
2497,270,3,3,26,0,1,0,0,17.853,0.12483,0.15,1448,31.5246,1.7609,0.34323
2498,400,9,4,37,1,0,0,1,111.718,0.12472,0.15,1450,31.5246,1.51924,0.3431
2499,400,9,4,40,1,0,3,1,105.997,0.12462,0.15,1451,31.5246,1.59381,0.34333
2500,35,0,0,9,0,1,0,0,-19.519,0.12451,0.15,1451,31.5246,2.17286,0.34333
2501,57,0,0,11,0,1,0,0,-15.116,0.12441,0.15,1451,31.5246,2.35774,0.34333
2502,202,3,3,53,0,1,0,0,54.421,0.12431,0.15,1453,31.5246,1.87422,0.3432
2503,319,6,1,31,1,1,0,0,43.037,0.1242,0.15,1456,31.5246,1.85606,0.34295
2504,184,1,1,24,0,1,0,0,17.291,0.1241,0.15,1456,31.5246,1.62085,0.34295
2505,400,9,4,33,1,0,0,1,114.413,0.124,0.15,1459,31.5246,1.50011,0.34259
2506,22,0,0,10,0,1,0,0,-16.916,0.12389,0.15,1459,31.5246,2.57033,0.34259
2507,5,0,0,3,0,1,0,0,-33.806,0.12379,0.15,1459,31.5246,1.96973,0.34259
2508,83,1,1,17,0,1,0,0,1.261,0.12369,0.15,1459,31.5246,2.4909,0.34259
2509,400,2,2,61,0,0,0,1,132.155,0.12358,0.15,1459,31.5246,1.27273,0.34281
2510,400,4,4,63,0,0,0,1,131.889,0.12348,0.15,1459,31.5246,1.49795,0.34281
2511,164,1,1,21,0,0,0,0,35.866,0.12338,0.15,1460,31.5246,1.64066,0.34281
2512,400,9,4,35,1,0,0,1,115.788,0.12328,0.15,1460,31.5246,1.63656,0.34281
2513,400,9,4,33,1,0,0,1,108.949,0.12317,0.15,1460,31.5246,1.52778,0.34281
2514,400,3,3,32,0,0,0,1,84.33,0.12307,0.15,1461,31.5246,1.38416,0.34292
2515,400,5,5,42,0,0,0,1,104.963,0.12297,0.15,1462,31.5246,1.37228,0.3428
2516,145,8,3,33,1,1,1,0,36.169,0.12287,0.15,1462,31.5246,2.18734,0.34291
2517,179,3,3,27,0,1,1,0,24.589,0.12276,0.15,1462,31.5246,2.34565,0.34314
2518,133,1,1,19,0,1,0,0,7.324,0.12266,0.15,1462,31.5246,2.01236,0.34314
2519,400,4,4,46,0,0,0,1,120.197,0.12256,0.15,1465,31.5246,1.46191,0.34289
2520,184,5,5,29,0,1,0,0,35.122,0.12246,0.15,1465,31.5246,1.8652,0.34289
2521,400,7,2,51,1,0,0,1,119.316,0.12235,0.15,1466,31.5246,1.65416,0.34288
2522,30,0,0,11,0,1,0,0,-19.25,0.12225,0.15,1466,31.5246,3.22776,0.34288
2523,400,3,3,26,0,0,0,1,86.745,0.12215,0.15,1466,31.5246,1.43411,0.34311
2524,400,4,4,39,0,0,0,1,94.318,0.12205,0.15,1468,31.5246,1.23105,0.34287
2525,400,3,3,71,0,0,0,1,128.037,0.12195,0.15,1468,31.5246,1.38035,0.34287
2526,400,9,4,49,1,0,0,1,128.304,0.12185,0.15,1468,31.5246,1.6459,0.3431
2527,149,3,3,33,0,1,0,0,30.153,0.12174,0.15,1468,31.5246,2.04027,0.34321
2528,229,1,1,37,0,1,1,0,30.248,0.12164,0.15,1469,31.5246,1.67518,0.3432
2529,221,2,2,40,0,1,0,0,40.033,0.12154,0.15,1469,31.5246,1.68843,0.3432
2530,400,1,1,39,0,0,1,1,84.903,0.12144,0.15,1469,31.5246,1.32581,0.3432
2531,132,2,2,14,0,1,0,0,6.763,0.12134,0.15,1469,31.5246,1.8734,0.3432
2532,114,2,2,21,0,1,0,0,14.33,0.12124,0.15,1469,31.5246,2.30158,0.3432
2533,368,5,5,53,0,1,0,0,83.0,0.12114,0.15,1469,31.5246,1.5773,0.3432
2534,167,1,1,22,0,0,0,0,28.526,0.12104,0.15,1470,31.5246,1.9226,0.3432
2535,41,1,1,14,0,1,0,0,-12.543,0.12094,0.15,1470,31.5246,3.09673,0.34331
2536,189,2,2,39,0,1,0,0,41.47,0.12083,0.15,1470,31.5246,1.70919,0.34331
2537,103,0,0,11,0,1,0,0,0.553,0.12073,0.15,1470,31.5246,1.8332,0.34331
2538,312,1,1,43,0,1,0,0,49.421,0.12063,0.15,1470,31.5246,1.56344,0.34331
2539,65,1,1,8,0,1,0,0,-14.512,0.12053,0.15,1470,31.5246,1.88504,0.34331
2540,89,1,1,24,0,1,0,0,6.467,0.12043,0.15,1472,31.5246,2.38962,0.34307
2541,42,0,0,18,0,1,0,0,-5.894,0.12033,0.15,1472,31.5246,2.09494,0.34307
2542,162,5,5,42,0,1,1,0,45.374,0.12023,0.15,1473,31.5246,2.37991,0.34306
2543,5,0,0,3,0,1,0,0,-33.406,0.12013,0.15,1473,31.5246,1.47947,0.34306
2544,355,6,1,45,1,1,0,0,68.299,0.12003,0.15,1475,31.5246,1.9821,0.34305
2545,400,9,4,36,1,0,0,1,106.887,0.11993,0.15,1475,31.5246,1.32153,0.34316
2546,13,0,0,4,0,1,0,0,-25.815,0.11983,0.15,1475,31.5246,4.13667,0.34316
2547,400,5,5,45,0,0,0,1,110.387,0.11973,0.15,1475,31.5246,1.33094,0.34328
2548,85,3,3,26,0,1,0,0,15.63,0.11963,0.15,1475,31.5246,2.28311,0.34328
2549,87,3,3,20,0,1,0,0,1.222,0.11953,0.15,1475,31.5246,2.20208,0.34328
2550,42,0,0,11,0,1,0,0,-18.75,0.11943,0.15,1475,31.5246,4.15201,0.34328
2551,21,0,0,6,0,1,0,0,-22.133,0.11933,0.15,1475,31.5246,3.42849,0.34328
2552,13,0,0,4,0,1,0,0,-26.221,0.11923,0.15,1475,31.5246,4.44458,0.34328
2553,400,10,5,39,1,0,0,1,110.427,0.11913,0.15,1475,31.5246,1.59404,0.34362
2554,400,11,6,38,1,0,1,1,114.449,0.11904,0.15,1475,31.5246,1.5825,0.34362
2555,13,0,0,3,0,1,0,0,-28.804,0.11894,0.15,1475,31.5246,3.40522,0.34362
2556,400,5,5,44,0,0,0,1,101.643,0.11884,0.15,1475,31.5246,1.20811,0.34362
2557,400,3,3,34,0,0,0,1,92.564,0.11874,0.15,1476,31.5246,1.2062,0.3435
2558,36,1,1,12,0,1,0,0,-13.74,0.11864,0.15,1476,31.5246,2.39436,0.3435
2559,134,3,3,21,0,1,0,0,15.797,0.11854,0.15,1479,31.5246,2.03459,0.34314
2560,96,1,1,12,0,1,0,0,-10.574,0.11844,0.15,1479,31.5246,2.12326,0.34314
2561,400,2,2,45,0,0,0,1,101.246,0.11834,0.15,1479,31.5246,1.213,0.34314
2562,400,5,5,33,0,0,0,1,106.962,0.11824,0.15,1480,31.5246,1.40398,0.34302
2563,27,1,1,11,0,1,0,0,-12.653,0.11815,0.15,1480,31.5246,2.71017,0.34302
2564,400,9,4,40,1,0,0,1,119.381,0.11805,0.15,1480,31.5246,1.52037,0.34313
2565,27,2,2,9,0,1,0,0,-12.555,0.11795,0.15,1480,31.5246,3.24641,0.34313
2566,133,5,5,29,0,1,1,0,29.74,0.11785,0.15,1480,31.5246,2.49298,0.34313
2567,21,1,1,10,0,1,0,0,-19.632,0.11775,0.15,1480,31.5246,4.23649,0.34313
2568,27,2,2,10,0,1,0,0,-11.461,0.11765,0.15,1480,31.5246,4.12811,0.34313
2569,73,2,2,23,0,1,0,0,6.071,0.11756,0.15,1480,31.5246,2.63149,0.34313
2570,133,2,2,24,0,1,0,0,21.461,0.11746,0.15,1480,31.5246,2.13689,0.34313
2571,400,4,4,26,0,0,0,1,90.227,0.11736,0.15,1480,31.5246,1.47828,0.34324
2572,85,0,0,19,0,1,0,0,-4.701,0.11726,0.15,1480,31.5246,2.10262,0.34324
2573,400,2,2,31,0,0,0,1,85.245,0.11717,0.15,1480,31.5246,1.25143,0.34324
2574,42,1,1,18,0,1,0,0,-3.172,0.11707,0.15,1480,31.5246,2.37921,0.34324
2575,5,0,0,2,0,1,0,0,-32.754,0.11697,0.15,1480,31.5246,4.53014,0.34324
2576,128,1,1,15,0,1,0,0,5.225,0.11687,0.15,1480,31.5246,1.7664,0.34347
2577,21,0,0,9,0,1,0,0,-18.974,0.11678,0.15,1480,31.5246,2.77536,0.34347
2578,169,6,1,22,1,1,0,0,29.504,0.11668,0.15,1481,31.5246,2.46009,0.34346
2579,52,1,1,21,0,1,0,0,-8.37,0.11658,0.15,1481,31.5246,3.17495,0.34346
2580,64,5,0,10,1,1,0,0,1.486,0.11648,0.15,1481,31.5246,2.46496,0.34346
2581,21,0,0,5,0,1,0,0,-27.883,0.11639,0.15,1481,31.5246,4.61777,0.34346
2582,400,1,1,44,0,0,0,1,90.789,0.11629,0.15,1483,31.5246,1.36786,0.34322
2583,400,1,1,34,0,0,0,1,77.868,0.11619,0.15,1483,31.5246,1.30382,0.34334
2584,5,0,0,3,0,1,0,0,-30.504,0.1161,0.15,1483,31.5246,4.42038,0.34334
2585,87,1,1,18,0,1,1,0,-6.284,0.116,0.15,1484,31.5246,2.82107,0.34322
2586,400,1,1,22,0,0,0,1,81.327,0.1159,0.15,1484,31.5246,1.13853,0.34344
2587,13,0,0,5,0,1,0,0,-28.565,0.11581,0.15,1484,31.5246,5.95822,0.34344
2588,5,0,0,3,0,1,0,0,-33.806,0.11571,0.15,1484,31.5246,2.06048,0.34344
2589,5,0,0,3,0,1,0,0,-33.806,0.11561,0.15,1484,31.5246,1.95037,0.34344
2590,400,8,3,40,1,0,0,1,116.426,0.11552,0.15,1484,31.5246,1.61862,0.34355
2591,57,1,1,18,0,1,0,0,-11.321,0.11542,0.15,1484,31.5246,2.23686,0.34355
2592,72,0,0,14,0,1,0,0,-5.866,0.11533,0.15,1484,31.5246,1.79423,0.34355
2593,113,1,1,20,0,1,0,0,1.923,0.11523,0.15,1485,31.5246,1.9465,0.34343
2594,144,0,0,18,0,1,0,0,-0.577,0.11513,0.15,1485,31.5246,1.73105,0.34343
2595,245,1,1,15,0,1,1,0,18.202,0.11504,0.15,1485,31.5246,1.47432,0.34343
2596,22,0,0,6,0,1,0,0,-20.834,0.11494,0.15,1485,31.5246,2.73031,0.34343
2597,400,1,1,15,0,0,0,1,57.482,0.11485,0.15,1485,31.5246,1.28684,0.34343
2598,13,0,0,3,0,1,0,0,-24.232,0.11475,0.15,1485,31.5246,4.49102,0.34343
2599,107,1,1,14,0,1,0,0,-4.267,0.11465,0.15,1485,31.5246,2.48398,0.34355
2600,6,0,0,1,0,1,0,0,-28.466,0.11456,0.15,1485,31.5246,4.6868,0.34355
2601,400,9,4,35,1,0,1,1,102.303,0.11446,0.15,1486,31.5246,1.96906,0.34343
2602,400,2,2,32,0,0,0,1,90.035,0.11437,0.15,1486,31.5246,1.49164,0.34354
2603,13,0,0,7,0,1,0,0,-21.107,0.11427,0.15,1486,31.5246,2.96584,0.34354
2604,221,5,5,25,0,1,0,0,42.137,0.11418,0.15,1486,31.5246,1.98073,0.34354
2605,297,2,2,33,0,1,0,0,37.956,0.11408,0.15,1486,31.5246,1.55801,0.34354
2606,400,2,2,25,0,0,0,1,75.561,0.11399,0.15,1486,31.5246,1.2437,0.34354
2607,400,2,2,16,0,0,0,1,70.227,0.11389,0.15,1486,31.5246,1.60393,0.34365
2608,400,0,0,27,0,0,0,1,65.413,0.1138,0.15,1486,31.5246,1.28382,0.34365
2609,268,1,1,21,0,1,0,0,13.633,0.1137,0.15,1486,31.5246,1.87337,0.34365
2610,162,0,0,14,0,1,0,0,0.74,0.11361,0.15,1486,31.5246,1.36724,0.34365
2611,28,1,1,9,0,1,0,0,-17.294,0.11351,0.15,1486,31.5246,3.52807,0.34365
2612,30,1,1,4,0,1,0,0,-20.582,0.11342,0.15,1486,31.5246,2.46567,0.34365
2613,400,5,5,32,0,0,0,1,92.792,0.11332,0.15,1487,31.5246,1.24935,0.34353
2614,21,1,1,5,0,1,0,0,-21.575,0.11323,0.15,1487,31.5246,5.2948,0.34353
2615,50,0,0,18,0,1,0,0,-9.336,0.11314,0.15,1487,31.5246,2.96818,0.34353
2616,400,1,1,32,0,0,1,1,82.414,0.11304,0.15,1489,31.5246,1.51123,0.34341
2617,20,0,0,8,0,1,0,0,-19.963,0.11295,0.15,1489,31.5246,3.03195,0.34341
2618,43,0,0,10,0,1,0,0,-14.888,0.11285,0.15,1489,31.5246,2.10254,0.34341
2619,400,2,2,24,0,0,0,1,41.275,0.11276,0.15,1489,31.5246,1.33664,0.34341
2620,97,0,0,9,0,1,0,0,-25.757,0.11267,0.15,1489,31.5246,1.88083,0.34341
2621,198,4,4,32,0,1,0,0,27.393,0.11257,0.15,1491,31.5246,2.02657,0.34328
2622,48,2,2,18,0,1,0,0,2.993,0.11248,0.15,1491,31.5246,2.51413,0.34328
2623,400,1,1,37,0,0,0,1,59.81,0.11238,0.15,1491,31.5246,1.53733,0.34328
2624,195,1,1,25,0,1,0,0,12.685,0.11229,0.15,1491,31.5246,1.72466,0.34328
2625,400,1,1,40,0,0,0,1,86.797,0.1122,0.15,1491,31.5246,1.38826,0.34339
2626,127,1,1,26,0,1,0,0,3.376,0.1121,0.15,1491,31.5246,1.95872,0.34339
2627,35,0,0,10,0,1,0,0,-17.236,0.11201,0.15,1491,31.5246,2.25263,0.34339
2628,400,1,1,18,0,0,0,1,67.448,0.11192,0.15,1491,31.5246,1.32267,0.34362
2629,5,0,0,4,0,1,0,0,-32.406,0.11182,0.15,1491,31.5246,1.52999,0.34362
2630,400,2,2,40,0,0,1,1,92.357,0.11173,0.15,1491,31.5246,1.16473,0.34362
2631,89,2,2,4,0,1,2,0,-14.282,0.11164,0.15,1493,31.5246,2.54449,0.34349
2632,28,2,2,5,0,1,0,0,-14.612,0.11154,0.15,1493,31.5246,3.9369,0.34349
2633,99,1,1,43,0,1,0,0,28.299,0.11145,0.15,1493,31.5246,2.40679,0.3436
2634,114,3,3,23,0,1,0,0,23.084,0.11136,0.15,1493,31.5246,2.27846,0.3436
2635,57,0,0,7,0,1,0,0,-17.712,0.11127,0.15,1493,31.5246,2.33572,0.3436
2636,28,1,1,6,0,1,0,0,-17.922,0.11117,0.15,1493,31.5246,2.68454,0.3436
2637,186,3,3,24,0,1,0,0,12.391,0.11108,0.15,1495,31.5246,2.12064,0.34337
2638,400,8,3,37,1,0,0,1,95.233,0.11099,0.15,1496,31.5246,1.5815,0.34325
2639,38,2,2,12,0,1,0,0,-10.22,0.1109,0.15,1496,31.5246,3.09038,0.34325
2640,37,1,1,13,0,1,0,0,-9.553,0.1108,0.15,1496,31.5246,2.31365,0.34325
2641,400,7,2,35,1,0,1,1,117.765,0.11071,0.15,1496,31.5246,1.50727,0.34336
2642,36,0,0,9,0,1,0,0,-14.678,0.11062,0.15,1496,31.5246,2.53528,0.34336
2643,64,1,1,6,0,1,0,0,-9.75,0.11053,0.15,1496,31.5246,1.73145,0.34336
2644,212,1,1,32,0,1,0,0,33.086,0.11043,0.15,1496,31.5246,1.44444,0.34347
2645,100,1,1,24,0,1,0,0,8.345,0.11034,0.15,1496,31.5246,2.1276,0.34347
2646,304,3,3,37,0,1,3,0,44.416,0.11025,0.15,1496,31.5246,1.79186,0.34347
2647,400,3,3,21,0,0,0,1,83.618,0.11016,0.15,1496,31.5246,1.2451,0.34358
2648,400,3,3,23,0,0,0,1,95.679,0.11007,0.15,1498,31.5246,1.34629,0.34346
2649,60,0,0,9,0,1,0,0,-11.526,0.10998,0.15,1498,31.5246,1.71526,0.34346
2650,98,2,2,18,0,1,0,0,7.042,0.10988,0.15,1498,31.5246,2.35652,0.34346
2651,118,2,2,19,0,1,0,0,8.316,0.10979,0.15,1499,31.5246,2.22682,0.34334
2652,129,2,2,9,0,1,0,0,9.149,0.1097,0.15,1499,31.5246,1.65316,0.34334
2653,400,4,4,45,0,0,0,1,110.489,0.10961,0.15,1499,31.5246,1.44537,0.34334
2654,20,1,1,11,0,1,0,0,-12.56,0.10952,0.15,1499,31.5246,3.02625,0.34334
2655,82,1,1,12,0,1,0,0,-3.174,0.10943,0.15,1499,31.5246,1.85509,0.34334
2656,400,5,5,42,0,0,0,1,105.134,0.10934,0.15,1500,31.5246,1.43378,0.34322
2657,400,3,3,28,0,0,0,1,84.06,0.10924,0.15,1500,31.5246,1.53077,0.34322
2658,163,7,7,38,0,1,0,0,44.576,0.10915,0.15,1500,31.5246,1.97046,0.34322
2659,190,5,0,23,1,1,1,0,27.056,0.10906,0.15,1501,31.5246,1.77912,0.3431
2660,400,7,2,27,1,0,0,1,100.44,0.10897,0.15,1502,31.5246,1.35186,0.3431
2661,227,5,5,45,0,1,1,0,59.764,0.10888,0.15,1502,31.5246,1.68421,0.3431
2662,400,2,2,22,0,0,0,1,77.337,0.10879,0.15,1504,31.5246,1.3825,0.34286
2663,112,1,1,38,0,1,0,0,20.021,0.1087,0.15,1504,31.5246,2.71661,0.34286
2664,400,5,5,38,0,0,0,1,117.092,0.10861,0.15,1504,31.5246,1.32361,0.34286
2665,400,1,1,29,0,0,0,1,86.595,0.10852,0.15,1504,31.5246,1.15808,0.34286
2666,73,0,0,13,0,1,0,0,-10.7,0.10843,0.15,1504,31.5246,2.04931,0.34286
2667,400,8,3,40,1,0,0,1,116.972,0.10834,0.15,1505,31.5246,1.51571,0.34286
2668,36,1,1,6,0,1,0,0,-15.35,0.10825,0.15,1505,31.5246,3.41712,0.34286
2669,68,1,1,11,0,1,0,0,-5.594,0.10816,0.15,1505,31.5246,2.09257,0.34286
2670,206,2,2,39,0,1,0,0,43.297,0.10807,0.15,1505,31.5246,1.95357,0.34286
2671,374,5,0,26,1,1,0,0,53.897,0.10798,0.15,1507,31.5246,1.59461,0.34273
2672,13,0,0,5,0,1,0,0,-22.632,0.10789,0.15,1507,31.5246,3.38512,0.34273
2673,182,2,2,23,0,1,0,0,20.727,0.1078,0.15,1509,31.5246,1.91284,0.34272
2674,81,0,0,20,0,1,0,0,-1.985,0.10771,0.15,1509,31.5246,1.80852,0.34272
2675,400,2,2,22,0,0,0,1,72.979,0.10762,0.15,1509,31.5246,1.23409,0.34272
2676,28,0,0,6,0,1,0,0,-20.741,0.10753,0.15,1509,31.5246,3.15756,0.34272
2677,313,1,1,12,0,1,0,0,22.915,0.10744,0.15,1509,31.5246,1.54528,0.34272
2678,134,0,0,13,0,1,0,0,0.043,0.10735,0.15,1509,31.5246,2.36948,0.34272
2679,106,1,1,20,0,1,0,0,2.162,0.10726,0.15,1509,31.5246,2.44448,0.34272
2680,143,0,0,9,0,1,0,0,-3.256,0.10717,0.15,1509,31.5246,1.49877,0.34272
2681,22,0,0,5,0,1,0,0,-22.682,0.10708,0.15,1509,31.5246,3.92678,0.34272
2682,95,0,0,18,0,1,0,0,-9.361,0.10699,0.15,1509,31.5246,1.83644,0.34272
2683,308,0,0,25,0,1,0,0,12.258,0.1069,0.15,1509,31.5246,1.57488,0.34272
2684,400,0,0,30,0,0,2,1,86.619,0.10681,0.15,1510,31.5246,1.24326,0.3426
2685,227,3,3,22,0,1,0,0,42.569,0.10672,0.15,1510,31.5246,1.51418,0.3426
2686,8,0,0,6,0,1,0,0,-23.552,0.10664,0.15,1510,31.5246,4.69645,0.3426
2687,400,2,2,38,0,0,0,1,86.903,0.10655,0.15,1510,31.5246,1.43748,0.34272
2688,194,2,2,24,0,1,0,0,35.649,0.10646,0.15,1510,31.5246,1.9198,0.34272
2689,400,16,6,69,2,0,0,1,182.395,0.10637,0.15,1510,31.5246,1.78686,0.34283
2690,351,2,2,31,0,1,1,0,39.942,0.10628,0.15,1510,31.5246,1.71459,0.34294
2691,391,7,2,39,1,0,0,1,99.676,0.10619,0.15,1510,31.5246,2.01367,0.34305
2692,400,8,3,26,1,0,0,1,116.799,0.1061,0.15,1510,31.5246,1.35584,0.34327
2693,400,3,3,44,0,0,0,1,119.987,0.10602,0.15,1510,31.5246,1.24599,0.34349
2694,27,1,1,8,0,1,0,0,-13.685,0.10593,0.15,1510,31.5246,2.84339,0.34349
2695,119,1,1,29,0,1,0,0,10.391,0.10584,0.15,1511,31.5246,2.11518,0.34337
2696,400,7,2,44,1,0,0,1,129.113,0.10575,0.15,1511,31.5246,1.45201,0.34337
2697,7,0,0,5,0,1,0,0,-24.202,0.10566,0.15,1511,31.5246,5.2044,0.34337
2698,400,8,3,46,1,0,0,1,126.145,0.10558,0.15,1513,31.5246,1.60784,0.34325
2699,13,0,0,5,0,1,0,0,-23.973,0.10549,0.15,1513,31.5246,5.40184,0.34325
2700,400,5,0,24,1,0,0,1,102.454,0.1054,0.15,1513,31.5246,1.25755,0.34325
2701,177,1,1,41,0,1,0,0,36.028,0.10531,0.15,1515,31.5246,1.51305,0.34312
2702,400,1,1,51,0,0,0,1,106.112,0.10522,0.15,1515,31.5246,1.19716,0.34312
2703,144,2,2,22,0,1,0,0,17.939,0.10514,0.15,1515,31.5246,2.06836,0.34312
2704,400,6,6,71,0,0,0,1,145.486,0.10505,0.15,1515,31.5246,1.36117,0.34323
2705,28,0,0,14,0,1,0,0,-11.497,0.10496,0.15,1515,31.5246,2.16364,0.34323
2706,305,2,2,33,0,1,0,0,44.603,0.10487,0.15,1515,31.5246,1.62116,0.34323
2707,13,0,0,3,0,1,0,0,-24.775,0.10479,0.15,1515,31.5246,3.6873,0.34323
2708,70,1,1,13,0,1,0,0,-12.605,0.1047,0.15,1515,31.5246,2.96444,0.34323
2709,363,1,1,35,0,1,0,0,59.438,0.10461,0.15,1515,31.5246,1.50394,0.34334
2710,74,2,2,27,0,1,0,0,7.856,0.10452,0.15,1515,31.5246,2.30295,0.34334
2711,5,0,0,4,0,1,0,0,-32.806,0.10444,0.15,1515,31.5246,1.90711,0.34334
2712,82,4,4,15,0,1,0,0,11.372,0.10435,0.15,1515,31.5246,2.15172,0.34334
2713,13,0,0,5,0,1,0,0,-23.221,0.10426,0.15,1515,31.5246,4.7457,0.34334
2714,97,2,2,31,0,1,0,0,24.767,0.10418,0.15,1515,31.5246,1.89719,0.34334
2715,113,5,0,31,1,1,0,0,26.271,0.10409,0.15,1515,31.5246,2.1797,0.34334
2716,400,8,3,32,1,0,0,1,117.814,0.104,0.15,1515,31.5246,1.49317,0.34334
2717,400,1,1,37,0,0,0,1,99.082,0.10392,0.15,1517,31.5246,1.33775,0.34311
2718,81,4,4,18,0,1,0,0,9.707,0.10383,0.15,1517,31.5246,2.57767,0.34311
2719,272,2,2,42,0,1,0,0,48.378,0.10374,0.15,1517,31.5246,1.48019,0.34311
2720,63,1,1,16,0,1,0,0,-0.286,0.10366,0.15,1517,31.5246,2.03785,0.34311
2721,30,1,1,12,0,1,0,0,-13.725,0.10357,0.15,1517,31.5246,3.19801,0.34311
2722,48,0,0,17,0,1,0,0,-11.096,0.10348,0.15,1517,31.5246,2.46901,0.34311
2723,174,1,1,34,0,1,0,0,36.501,0.1034,0.15,1517,31.5246,1.67585,0.34311
2724,139,1,1,27,0,1,0,0,24.293,0.10331,0.15,1517,31.5246,1.56576,0.34311
2725,77,2,2,29,0,1,0,0,7.823,0.10323,0.15,1517,31.5246,2.23665,0.34311
2726,13,0,0,4,0,1,0,0,-24.575,0.10314,0.15,1517,31.5246,3.03687,0.34311
2727,13,0,0,5,0,1,0,0,-24.961,0.10305,0.15,1517,31.5246,6.40996,0.34311
2728,161,1,1,43,0,1,1,0,31.303,0.10297,0.15,1517,31.5246,2.56316,0.34311
2729,108,2,2,16,0,1,0,0,7.962,0.10288,0.15,1517,31.5246,1.91672,0.34311
2730,400,4,4,47,0,0,0,1,120.732,0.1028,0.15,1517,31.5246,1.27141,0.34322
2731,400,5,5,66,0,0,0,1,134.602,0.10271,0.15,1518,31.5246,1.39084,0.34321
2732,136,2,2,22,0,1,0,0,17.81,0.10263,0.15,1518,31.5246,2.34032,0.34321
2733,12,1,1,5,0,1,0,0,-18.929,0.10254,0.15,1518,31.5246,1.52744,0.34321
2734,19,0,0,7,0,1,0,0,-22.076,0.10245,0.15,1518,31.5246,4.91243,0.34321
2735,14,0,0,4,0,1,0,0,-24.521,0.10237,0.15,1518,31.5246,4.99312,0.34321
2736,5,0,0,3,0,1,0,0,-33.806,0.10228,0.15,1518,31.5246,1.51766,0.34321
2737,400,8,3,44,1,0,0,1,133.304,0.1022,0.15,1518,31.5246,1.11125,0.34321
2738,13,0,0,5,0,1,0,0,-25.211,0.10211,0.15,1518,31.5246,5.37463,0.34321
2739,150,1,1,30,0,1,0,0,14.805,0.10203,0.15,1519,31.5246,1.8151,0.3431
2740,5,0,0,3,0,1,0,0,-30.808,0.10194,0.15,1519,31.5246,6.79429,0.3431
2741,400,8,3,51,1,0,1,1,129.309,0.10186,0.15,1519,31.5246,1.52158,0.3431
2742,36,1,1,14,0,1,0,0,-8.377,0.10177,0.15,1519,31.5246,2.22218,0.3431
2743,59,2,2,27,0,1,0,0,4.256,0.10169,0.15,1519,31.5246,2.88138,0.3431
2744,293,4,4,23,0,1,0,0,26.581,0.1016,0.15,1519,31.5246,1.54008,0.34332
2745,5,0,0,3,0,1,0,0,-33.806,0.10152,0.15,1519,31.5246,1.4205,0.34332
2746,134,1,1,28,0,1,1,0,16.198,0.10144,0.15,1521,31.5246,2.35263,0.34309
2747,400,3,3,44,0,0,0,1,111.691,0.10135,0.15,1521,31.5246,1.30955,0.34309
2748,13,0,0,5,0,1,0,0,-27.277,0.10127,0.15,1521,31.5246,3.23323,0.34309
2749,20,1,1,7,0,1,0,0,-14.717,0.10118,0.15,1521,31.5246,2.97744,0.34309
2750,247,1,1,42,0,1,1,0,52.866,0.1011,0.15,1521,31.5246,1.68114,0.34309
2751,400,8,3,46,1,0,0,1,127.545,0.10101,0.15,1523,31.5246,1.46747,0.34318
2752,131,7,2,32,1,1,1,0,40.538,0.10093,0.15,1523,31.5246,2.5923,0.34318
2753,400,4,4,49,0,0,1,1,108.626,0.10085,0.15,1527,31.5246,1.42909,0.34283
2754,95,1,1,15,0,1,0,0,0.384,0.10076,0.15,1527,31.5246,2.67927,0.34294
2755,28,0,0,13,0,1,0,0,-14.258,0.10068,0.15,1527,31.5246,2.49885,0.34294
2756,30,1,1,14,0,1,0,0,-10.306,0.10059,0.15,1527,31.5246,2.33461,0.34294
2757,21,0,0,10,0,1,0,0,-16.57,0.10051,0.15,1527,31.5246,3.08029,0.34294
2758,92,5,0,23,1,1,0,0,11.53,0.10043,0.15,1527,31.5246,2.10942,0.34294
2759,108,3,3,31,0,1,0,0,29.445,0.10034,0.15,1527,31.5246,1.72957,0.34294
2760,100,3,3,29,0,1,0,0,21.122,0.10026,0.15,1527,31.5246,2.01864,0.34294
2761,22,0,0,5,0,1,0,0,-22.482,0.10018,0.15,1527,31.5246,3.26244,0.34294
2762,398,7,2,46,1,1,1,0,78.89,0.10009,0.15,1527,31.5246,1.74053,0.34327
2763,21,0,0,8,0,1,0,0,-23.73,0.10001,0.15,1527,31.5246,4.10786,0.34327
2764,65,1,1,27,0,1,0,0,7.063,0.09993,0.15,1527,31.5246,2.33807,0.34327
2765,400,6,6,49,0,0,0,1,103.873,0.09984,0.15,1527,31.5246,1.67329,0.34337
2766,13,0,0,5,0,1,0,0,-23.215,0.09976,0.15,1527,31.5246,5.41016,0.34337
2767,39,0,0,19,0,1,0,0,-10.816,0.09968,0.15,1528,31.5246,3.94224,0.34337
2768,63,1,1,9,0,1,0,0,-10.664,0.09959,0.15,1528,31.5246,2.05389,0.34337
2769,194,3,3,25,0,1,0,0,37.474,0.09951,0.15,1529,31.5246,1.56196,0.34325
2770,20,1,1,9,0,1,0,0,-13.319,0.09943,0.15,1529,31.5246,2.86139,0.34325
2771,49,0,0,14,0,1,0,0,-7.563,0.09934,0.15,1529,31.5246,1.75469,0.34325
2772,28,0,0,10,0,1,0,0,-15.781,0.09926,0.15,1529,31.5246,2.40628,0.34325
2773,64,2,2,18,0,1,0,0,5.734,0.09918,0.15,1529,31.5246,2.00957,0.34325
2774,50,0,0,21,0,1,0,0,-9.085,0.0991,0.15,1529,31.5246,2.50504,0.34325
2775,79,1,1,18,0,1,0,0,4.061,0.09901,0.15,1529,31.5246,1.81523,0.34325
2776,349,14,4,51,2,1,0,0,107.348,0.09893,0.15,1529,31.5246,1.98282,0.34325
2777,194,6,1,49,1,1,0,0,70.798,0.09885,0.15,1529,31.5246,2.05106,0.34325
2778,400,9,4,56,1,0,0,1,129.64,0.09877,0.15,1529,31.5246,1.32742,0.34347
2779,400,5,5,58,0,0,0,1,114.282,0.09868,0.15,1530,31.5246,1.28233,0.34336
2780,400,2,2,44,0,0,1,1,108.479,0.0986,0.15,1531,31.5246,1.25267,0.34324
2781,13,0,0,5,0,1,0,0,-24.871,0.09852,0.15,1531,31.5246,5.14064,0.34324
2782,33,1,1,13,0,1,0,0,-9.888,0.09844,0.15,1531,31.5246,3.14794,0.34324
2783,400,5,5,81,0,0,0,1,149.983,0.09836,0.15,1531,31.5246,1.67164,0.34324
2784,96,0,0,29,0,1,0,0,12.106,0.09827,0.15,1531,31.5246,1.99675,0.34324
2785,22,0,0,10,0,1,0,0,-21.168,0.09819,0.15,1531,31.5246,3.19717,0.34324
2786,79,2,2,23,0,1,0,0,9.617,0.09811,0.15,1532,31.5246,2.40021,0.34312
2787,70,1,1,12,0,1,0,0,-10.346,0.09803,0.15,1532,31.5246,2.77812,0.34312
2788,400,2,2,53,0,0,0,1,118.976,0.09795,0.15,1532,31.5246,1.1906,0.34323
2789,400,1,1,37,0,0,0,1,85.952,0.09786,0.15,1533,31.5246,1.39575,0.34323
2790,28,1,1,12,0,1,0,0,-10.973,0.09778,0.15,1533,31.5246,3.41021,0.34323
2791,40,0,0,13,0,1,0,0,-11.932,0.0977,0.15,1533,31.5246,2.61158,0.34323
2792,209,5,5,51,0,1,1,0,54.312,0.09762,0.15,1534,31.5246,2.21106,0.34311
2793,27,1,1,10,0,1,0,0,-17.306,0.09754,0.15,1534,31.5246,4.77663,0.34311
2794,7,0,0,5,0,1,0,0,-27.546,0.09746,0.15,1534,31.5246,8.30347,0.34311
2795,400,6,1,40,1,0,0,1,84.412,0.09738,0.15,1534,31.5246,1.56266,0.34322
2796,5,0,0,3,0,1,0,0,-33.406,0.0973,0.15,1534,31.5246,1.28937,0.34322
2797,338,3,3,56,0,0,0,1,103.258,0.09721,0.15,1534,31.5246,1.36357,0.34322
2798,14,0,0,5,0,1,0,0,-27.045,0.09713,0.15,1534,31.5246,4.15055,0.34322
2799,400,11,6,59,1,0,0,1,136.557,0.09705,0.15,1535,31.5246,1.6098,0.34311
2800,400,6,6,68,0,0,0,1,134.275,0.09697,0.15,1535,31.5246,1.67099,0.34321
2801,23,0,0,7,0,1,0,0,-19.748,0.09689,0.15,1535,31.5246,3.59619,0.34321
2802,218,8,3,46,1,1,1,0,59.675,0.09681,0.15,1537,31.5246,2.16466,0.34309
2803,400,7,2,50,1,0,1,1,117.425,0.09673,0.15,1539,31.5246,1.79466,0.34286
2804,25,0,0,1,0,1,0,0,-27.426,0.09665,0.15,1539,31.5246,2.9484,0.34286
2805,166,1,1,41,0,1,1,0,32.746,0.09657,0.15,1539,31.5246,1.84026,0.34319
2806,328,6,1,47,1,1,0,0,67.609,0.09649,0.15,1539,31.5246,1.7783,0.34319
2807,213,3,3,53,0,0,1,0,74.08,0.09641,0.15,1539,31.5246,1.68258,0.34319
2808,26,0,0,8,0,1,0,0,-24.976,0.09633,0.15,1539,31.5246,4.4678,0.3433
2809,101,0,0,27,0,1,2,0,-1.406,0.09625,0.15,1540,31.5246,2.27047,0.34329
2810,400,3,3,44,0,0,0,1,93.942,0.09617,0.15,1541,31.5246,1.4292,0.34328
2811,400,3,3,54,0,0,0,1,107.589,0.09609,0.15,1541,31.5246,1.35263,0.34328
2812,400,2,2,38,0,0,0,1,99.712,0.09601,0.15,1541,31.5246,1.37809,0.34328
2813,88,3,3,22,0,0,0,0,32.147,0.09593,0.15,1542,31.5246,2.12529,0.34328
2814,182,4,4,31,0,1,0,0,39.979,0.09585,0.15,1543,31.5246,1.68324,0.34316
2815,400,2,2,53,0,0,0,1,111.363,0.09577,0.15,1543,31.5246,1.35646,0.34316
2816,108,1,1,32,0,1,0,0,17.204,0.09569,0.15,1543,31.5246,1.93932,0.34316
2817,400,7,2,52,1,0,0,1,133.143,0.09561,0.15,1546,31.5246,1.25182,0.34304
2818,400,2,2,31,0,0,0,1,81.811,0.09553,0.15,1546,31.5246,1.2492,0.34314
2819,400,5,5,32,0,0,0,1,126.937,0.09545,0.15,1547,31.5246,1.00114,0.34314
2820,182,0,0,33,0,1,0,0,33.057,0.09537,0.15,1547,31.5246,1.71095,0.34314
2821,400,3,3,49,0,0,0,1,130.153,0.09529,0.15,1547,31.5246,1.00478,0.34314
2822,311,9,4,28,1,1,0,0,58.51,0.09521,0.15,1547,31.5246,1.64436,0.34324
2823,400,4,4,64,0,0,0,1,152.105,0.09513,0.15,1547,31.5246,1.08783,0.34324
2824,158,5,5,34,0,1,0,0,40.58,0.09505,0.15,1547,31.5246,1.75725,0.34324
2825,221,3,3,61,0,1,0,0,68.989,0.09497,0.15,1547,31.5246,1.66896,0.34324
2826,13,0,0,4,0,1,0,0,-24.573,0.09489,0.15,1547,31.5246,5.40861,0.34324
2827,35,1,1,17,0,1,0,0,-7.149,0.09481,0.15,1547,31.5246,2.98256,0.34324
2828,20,0,0,8,0,1,0,0,-18.519,0.09474,0.15,1547,31.5246,2.40248,0.34324
2829,14,0,0,8,0,1,0,0,-26.356,0.09466,0.15,1547,31.5246,5.62385,0.34324
2830,13,0,0,3,0,1,0,0,-26.969,0.09458,0.15,1547,31.5246,6.37472,0.34324
2831,184,7,2,41,1,1,0,0,52.479,0.0945,0.15,1547,31.5246,1.87209,0.34335
2832,112,3,3,37,0,1,0,0,30.076,0.09442,0.15,1547,31.5246,1.99573,0.34335
2833,400,3,3,50,0,0,0,1,125.383,0.09434,0.15,1547,31.5246,1.39694,0.34357
2834,400,4,4,43,0,0,0,1,123.635,0.09426,0.15,1548,31.5246,1.24081,0.34356
2835,218,2,2,51,0,1,0,0,52.987,0.09418,0.15,1548,31.5246,1.68455,0.34356
2836,400,4,4,38,0,0,0,1,118.215,0.09411,0.15,1550,31.5246,1.1946,0.34344
2837,27,1,1,9,0,1,0,0,-12.319,0.09403,0.15,1550,31.5246,2.29053,0.34344
2838,156,3,3,34,0,1,0,0,37.95,0.09395,0.15,1550,31.5246,2.35165,0.34355
2839,14,0,0,10,0,1,0,0,-18.753,0.09387,0.15,1550,31.5246,3.37546,0.34355
2840,185,1,1,50,0,1,0,0,45.175,0.09379,0.15,1552,31.5246,1.84595,0.34332
2841,22,0,0,7,0,1,0,0,-18.726,0.09371,0.15,1552,31.5246,2.68307,0.34332
2842,27,0,0,15,0,1,0,0,-15.806,0.09364,0.15,1552,31.5246,3.14063,0.34332
2843,35,1,1,13,0,1,0,0,-8.505,0.09356,0.15,1552,31.5246,2.49254,0.34332
2844,400,4,4,38,0,0,0,1,107.667,0.09348,0.15,1552,31.5246,1.30823,0.34332
2845,13,0,0,5,0,1,0,0,-23.973,0.0934,0.15,1552,31.5246,5.01715,0.34332
2846,83,2,2,16,0,1,0,0,1.403,0.09333,0.15,1552,31.5246,1.32274,0.34332
2847,5,0,0,3,0,1,0,0,-33.806,0.09325,0.15,1552,31.5246,1.63304,0.34332
2848,400,3,3,57,0,0,0,1,141.365,0.09317,0.15,1553,31.5246,1.44733,0.34321
2849,78,3,3,22,0,1,0,0,12.197,0.09309,0.15,1553,31.5246,2.2995,0.34321
2850,208,4,4,48,0,1,0,0,56.726,0.09301,0.15,1554,31.5246,1.86949,0.34309
2851,340,8,3,62,1,0,0,1,141.382,0.09294,0.15,1554,31.5246,1.74054,0.34309
2852,20,0,0,9,0,1,0,0,-18.441,0.09286,0.15,1554,31.5246,2.85902,0.34309
2853,400,7,2,40,1,0,0,1,125.209,0.09278,0.15,1554,31.5246,1.2855,0.34309
2854,128,6,1,27,1,1,0,0,34.805,0.0927,0.15,1554,31.5246,2.26909,0.34309
2855,13,0,0,4,0,1,0,0,-24.161,0.09263,0.15,1554,31.5246,5.25918,0.34309
2856,27,0,0,10,0,1,0,0,-19.807,0.09255,0.15,1554,31.5246,2.99943,0.34309
2857,53,2,2,17,0,1,0,0,3.212,0.09247,0.15,1554,31.5246,2.6871,0.3432
2858,348,2,2,42,0,1,0,0,57.407,0.0924,0.15,1556,31.5246,1.7857,0.34329
2859,400,7,2,38,1,0,3,1,106.525,0.09232,0.15,1557,31.5246,1.46888,0.3434
2860,212,3,3,34,0,1,1,0,42.324,0.09224,0.15,1558,31.5246,2.12106,0.34328
2861,194,1,1,19,0,1,0,0,18.09,0.09217,0.15,1559,31.5246,1.71711,0.34317
2862,56,2,2,13,0,1,0,0,0.16,0.09209,0.15,1559,31.5246,2.35957,0.34317
2863,400,5,5,68,0,0,1,1,125.401,0.09201,0.15,1560,31.5246,1.60013,0.34348
2864,7,0,0,3,0,1,0,0,-33.404,0.09194,0.15,1560,31.5246,5.30924,0.34348
2865,178,5,5,33,0,1,0,0,37.845,0.09186,0.15,1560,31.5246,1.81963,0.34359
2866,15,0,0,2,0,1,0,0,-30.771,0.09178,0.15,1560,31.5246,5.04794,0.34359
2867,312,2,2,31,0,1,0,0,40.941,0.09171,0.15,1561,31.5246,1.79148,0.34348
2868,28,1,1,9,0,1,0,0,-16.477,0.09163,0.15,1561,31.5246,4.05415,0.34348
2869,20,0,0,7,0,1,0,0,-22.868,0.09155,0.15,1561,31.5246,3.779,0.34348
2870,63,1,1,11,0,1,0,0,-7.002,0.09148,0.15,1561,31.5246,1.96645,0.34348
2871,400,9,4,40,1,0,0,1,110.947,0.0914,0.15,1561,31.5246,1.24984,0.34348
2872,63,1,1,14,0,1,0,0,-7.987,0.09132,0.15,1561,31.5246,1.94575,0.34348
2873,37,2,2,8,0,1,0,0,-9.459,0.09125,0.15,1561,31.5246,4.16196,0.34348
2874,400,8,3,29,1,0,0,1,117.393,0.09117,0.15,1561,31.5246,1.25502,0.34348
2875,217,8,3,26,1,1,0,0,56.782,0.0911,0.15,1562,31.5246,1.75219,0.34336
2876,13,0,0,4,0,1,0,0,-24.569,0.09102,0.15,1562,31.5246,5.07709,0.34336
2877,102,2,2,24,0,1,0,0,16.198,0.09095,0.15,1562,31.5246,2.46531,0.34336
2878,147,2,2,28,0,1,0,0,27.776,0.09087,0.15,1562,31.5246,1.80709,0.34347
2879,230,2,2,27,0,1,0,0,35.322,0.09079,0.15,1562,31.5246,1.75544,0.34358
2880,6,0,0,2,0,1,0,0,-31.206,0.09072,0.15,1562,31.5246,9.48519,0.34358
2881,5,0,0,1,0,1,0,0,-27.012,0.09064,0.15,1562,31.5246,8.14225,0.34358
2882,400,4,4,45,0,0,0,1,117.391,0.09057,0.15,1563,31.5246,1.52307,0.34346
2883,400,2,2,35,0,0,0,1,98.036,0.09049,0.15,1563,31.5246,1.14652,0.34346
2884,5,0,0,2,0,1,0,0,-29.456,0.09042,0.15,1563,31.5246,6.71408,0.34346
2885,400,10,5,65,1,0,0,1,150.679,0.09034,0.15,1563,31.5246,1.63817,0.34346
2886,400,6,6,68,0,0,1,1,154.038,0.09027,0.15,1563,31.5246,1.36619,0.34346
2887,400,10,5,36,1,0,1,1,141.309,0.09019,0.15,1563,31.5246,1.29521,0.34357
2888,175,2,2,39,0,1,1,0,37.711,0.09012,0.15,1564,31.5246,1.75276,0.34346
2889,37,0,0,10,0,1,0,0,-20.118,0.09004,0.15,1564,31.5246,2.65783,0.34346
2890,400,16,6,76,2,0,0,1,178.788,0.08997,0.15,1566,31.5246,1.84969,0.34323
2891,13,0,0,3,0,1,0,0,-24.769,0.08989,0.15,1566,31.5246,5.15336,0.34323
2892,45,1,1,13,0,1,0,0,-12.806,0.08982,0.15,1566,31.5246,3.00558,0.34323
2893,400,4,4,50,0,0,2,1,118.923,0.08974,0.15,1566,31.5246,1.30266,0.34334
2894,133,1,1,37,0,1,0,0,28.249,0.08967,0.15,1567,31.5246,1.70591,0.34333
2895,115,2,2,27,0,1,1,0,19.463,0.08959,0.15,1567,31.5246,2.26806,0.34333
2896,210,4,4,48,0,1,3,0,43.224,0.08952,0.15,1567,31.5246,2.00616,0.34333
2897,400,2,2,43,0,0,0,1,109.07,0.08944,0.15,1569,31.5246,1.32122,0.34321
2898,58,1,1,17,0,1,0,0,1.66,0.08937,0.15,1569,31.5246,2.05364,0.34321
2899,400,8,3,53,1,0,0,1,148.405,0.08929,0.15,1569,31.5246,1.26677,0.34321
2900,63,1,1,27,0,1,0,0,6.955,0.08922,0.15,1569,31.5246,1.96348,0.34321
2901,194,1,1,35,0,1,0,0,36.586,0.08914,0.15,1569,31.5246,1.83089,0.34342
2902,400,4,4,37,0,0,0,1,114.412,0.08907,0.15,1570,31.5246,1.30571,0.34331
2903,42,2,2,16,0,1,0,0,-0.687,0.089,0.15,1570,31.5246,2.4842,0.34331
2904,20,0,0,6,0,1,0,0,-23.165,0.08892,0.15,1570,31.5246,5.41629,0.34331
2905,21,0,0,5,0,1,0,0,-24.571,0.08885,0.15,1570,31.5246,4.07058,0.34331
2906,34,0,0,10,0,1,0,0,-15.545,0.08877,0.15,1570,31.5246,2.49775,0.34331
2907,400,4,4,42,0,0,0,1,118.758,0.0887,0.15,1572,31.5246,1.23902,0.34309
2908,6,0,0,2,0,1,0,0,-30.804,0.08863,0.15,1572,31.5246,9.14146,0.34309
2909,35,2,2,8,0,1,0,0,-7.401,0.08855,0.15,1572,31.5246,2.8482,0.34309
2910,136,2,2,13,0,1,0,0,14.546,0.08848,0.15,1572,31.5246,2.21823,0.34309
2911,13,0,0,4,0,1,0,0,-24.569,0.0884,0.15,1572,31.5246,5.12025,0.34309
2912,21,0,0,10,0,1,0,0,-18.921,0.08833,0.15,1572,31.5246,3.02845,0.34309
2913,20,0,0,9,0,1,0,0,-19.213,0.08826,0.15,1572,31.5246,3.13278,0.34309
2914,173,4,4,42,0,1,0,0,46.526,0.08818,0.15,1572,31.5246,2.1883,0.34309
2915,400,3,3,38,0,1,0,0,85.153,0.08811,0.15,1576,31.5246,1.27941,0.34327
2916,13,0,0,2,0,1,0,0,-27.417,0.08804,0.15,1576,31.5246,5.28055,0.34327
2917,21,0,0,9,0,1,0,0,-22.123,0.08796,0.15,1576,31.5246,3.08793,0.34327
2918,400,2,2,41,0,0,1,1,115.738,0.08789,0.15,1576,31.5246,1.44976,0.34338
2919,400,4,4,58,0,0,0,1,140.803,0.08782,0.15,1577,31.5246,1.47745,0.34327
2920,158,4,4,33,0,1,0,0,38.236,0.08774,0.15,1577,31.5246,2.09046,0.34327
2921,20,1,1,2,0,1,0,0,-25.125,0.08767,0.15,1577,31.5246,3.6367,0.34327
2922,13,0,0,3,0,1,0,0,-26.557,0.0876,0.15,1577,31.5246,6.3414,0.34327
2923,400,4,4,43,0,0,0,1,125.598,0.08752,0.15,1577,31.5246,1.23462,0.34327
2924,27,0,0,9,0,1,0,0,-21.988,0.08745,0.15,1577,31.5246,3.275,0.34327
2925,155,4,4,45,0,1,0,0,43.519,0.08738,0.15,1581,31.5246,2.32724,0.34282
2926,238,4,4,57,0,1,1,0,71.146,0.08731,0.15,1582,31.5246,1.72133,0.34271
2927,199,4,4,53,0,1,0,0,62.078,0.08723,0.15,1582,31.5246,2.05544,0.34282
2928,93,1,1,31,0,1,0,0,14.069,0.08716,0.15,1582,31.5246,2.30186,0.34282
2929,400,3,3,64,0,0,3,1,133.431,0.08709,0.15,1582,31.5246,1.33993,0.34282
2930,13,0,0,4,0,1,0,0,-24.575,0.08702,0.15,1582,31.5246,3.96807,0.34282
2931,63,0,0,18,0,1,0,0,-1.88,0.08694,0.15,1582,31.5246,2.00635,0.34282
2932,400,8,3,53,1,0,0,1,137.185,0.08687,0.15,1582,31.5246,1.45584,0.34282
2933,88,2,2,18,0,1,1,0,1.773,0.0868,0.15,1584,31.5246,2.46694,0.34259
2934,41,0,0,11,0,1,0,0,-13.895,0.08673,0.15,1584,31.5246,1.92357,0.34259
2935,102,1,1,22,0,1,0,0,4.214,0.08665,0.15,1584,31.5246,1.73103,0.34259
2936,154,1,1,26,0,1,1,0,19.804,0.08658,0.15,1586,31.5246,1.93769,0.34248
2937,400,11,6,51,1,0,0,1,163.717,0.08651,0.15,1586,31.5246,1.3603,0.34248
2938,20,1,1,9,0,1,0,0,-15.739,0.08644,0.15,1586,31.5246,3.29468,0.34248
2939,111,2,2,16,0,1,0,0,14.668,0.08637,0.15,1586,31.5246,2.27432,0.34248
2940,400,2,2,52,0,0,0,1,127.804,0.08629,0.15,1586,31.5246,1.06446,0.34248
2941,79,1,1,20,0,1,0,0,3.019,0.08622,0.15,1586,31.5246,2.11,0.34248
2942,400,10,5,47,1,0,0,1,131.336,0.08615,0.15,1586,31.5246,1.35565,0.34258
2943,20,0,0,7,0,1,0,0,-22.413,0.08608,0.15,1586,31.5246,2.85872,0.34258
2944,392,2,2,37,0,1,0,0,66.832,0.08601,0.15,1586,31.5246,1.37058,0.34258
2945,63,0,0,13,0,1,0,0,-7.833,0.08593,0.15,1586,31.5246,1.62963,0.34258
2946,20,0,0,9,0,1,0,0,-17.915,0.08586,0.15,1586,31.5246,2.14271,0.34258
2947,400,3,3,36,0,0,0,1,98.624,0.08579,0.15,1586,31.5246,1.2584,0.34258
2948,193,2,2,31,0,1,1,0,26.071,0.08572,0.15,1586,31.5246,1.83038,0.34258
2949,104,0,0,21,0,1,0,0,3.295,0.08565,0.15,1586,31.5246,1.84864,0.34258
2950,35,1,1,6,0,1,0,0,-15.881,0.08558,0.15,1586,31.5246,2.07028,0.34258
2951,400,15,5,44,2,0,1,1,146.312,0.08551,0.15,1587,31.5246,1.59649,0.34268
2952,400,3,3,30,0,0,0,1,102.739,0.08543,0.15,1587,31.5246,1.01232,0.34268
2953,400,3,3,43,0,0,1,1,111.816,0.08536,0.15,1592,31.5246,1.26119,0.34223
2954,21,0,0,9,0,1,0,0,-19.343,0.08529,0.15,1592,31.5246,2.53514,0.34223
2955,20,0,0,9,0,1,0,0,-19.209,0.08522,0.15,1592,31.5246,3.53536,0.34223
2956,400,11,6,86,1,0,0,1,177.415,0.08515,0.15,1594,31.5246,1.69149,0.34201
2957,42,0,0,15,0,1,0,0,-11.555,0.08508,0.15,1594,31.5246,2.88061,0.34201
2958,34,0,0,11,0,1,0,0,-19.791,0.08501,0.15,1594,31.5246,3.25448,0.34201
2959,400,10,5,49,1,0,0,1,145.982,0.08494,0.15,1594,31.5246,1.31096,0.34212
2960,107,2,2,20,0,1,0,0,5.165,0.08487,0.15,1594,31.5246,2.30213,0.34212
2961,19,0,0,5,0,1,0,0,-22.635,0.0848,0.15,1594,31.5246,4.63762,0.34212
2962,400,3,3,42,0,0,0,1,127.263,0.08473,0.15,1594,31.5246,1.18164,0.34212
2963,20,1,1,6,0,1,0,0,-17.811,0.08466,0.15,1594,31.5246,3.542,0.34212
2964,50,0,0,12,0,1,0,0,-12.405,0.08458,0.15,1594,31.5246,1.65117,0.34212
2965,92,2,2,25,0,1,0,0,15.471,0.08451,0.15,1594,31.5246,2.52217,0.34212
2966,6,0,0,2,0,1,0,0,-31.206,0.08444,0.15,1594,31.5246,9.7776,0.34212
2967,5,0,0,4,0,1,0,0,-33.206,0.08437,0.15,1594,31.5246,2.22537,0.34212
2968,22,0,0,8,0,1,0,0,-24.861,0.0843,0.15,1594,31.5246,3.10333,0.34212
2969,20,0,0,10,0,1,0,0,-18.571,0.08423,0.15,1594,31.5246,2.86877,0.34212
2970,99,3,3,46,0,0,0,0,54.323,0.08416,0.15,1594,31.5246,2.32182,0.34212
2971,13,0,0,4,0,1,0,0,-24.161,0.08409,0.15,1594,31.5246,3.57522,0.34212
2972,35,1,1,8,0,1,0,0,-12.695,0.08402,0.15,1594,31.5246,2.21646,0.34212
2973,126,3,3,36,0,1,0,0,25.729,0.08395,0.15,1594,31.5246,2.31666,0.34212
2974,21,1,1,11,0,1,0,0,-16.766,0.08388,0.15,1594,31.5246,4.03429,0.34212
2975,244,4,4,35,0,0,0,0,74.403,0.08381,0.15,1594,31.5246,1.75758,0.34222
2976,400,9,4,61,1,0,0,1,130.087,0.08374,0.15,1594,31.5246,1.67577,0.34222
2977,46,0,0,6,0,1,0,0,-18.96,0.08367,0.15,1594,31.5246,2.19447,0.34222
2978,126,1,1,32,0,1,0,0,23.298,0.0836,0.15,1594,31.5246,2.05686,0.34222
2979,400,3,3,34,0,0,0,1,101.213,0.08353,0.15,1594,31.5246,1.37845,0.34222
2980,72,1,1,20,0,1,0,0,0.606,0.08346,0.15,1594,31.5246,1.97315,0.34222
2981,117,0,0,22,0,0,0,0,21.193,0.0834,0.15,1595,31.5246,1.60087,0.34222
2982,147,2,2,32,0,1,0,0,15.982,0.08333,0.15,1596,31.5246,2.01092,0.34211
2983,105,1,1,24,0,1,0,0,9.409,0.08326,0.15,1596,31.5246,1.57835,0.34211
2984,21,1,1,7,0,1,0,0,-15.705,0.08319,0.15,1596,31.5246,2.74567,0.34211
2985,120,3,3,29,0,1,1,0,27.72,0.08312,0.15,1596,31.5246,2.44517,0.34211
2986,400,3,3,59,0,0,0,1,113.647,0.08305,0.15,1597,31.5246,1.56662,0.3421
2987,400,3,3,47,0,0,0,1,127.721,0.08298,0.15,1598,31.5246,1.11528,0.3422
2988,68,0,0,11,0,1,0,0,-15.004,0.08291,0.15,1598,31.5246,1.97413,0.3422
2989,400,10,5,55,1,0,0,1,154.436,0.08284,0.15,1598,31.5246,1.39747,0.3422
2990,20,1,1,6,0,1,0,0,-20.246,0.08277,0.15,1598,31.5246,4.01979,0.3422
2991,240,1,1,28,0,1,1,0,32.716,0.0827,0.15,1598,31.5246,1.80571,0.3423
2992,400,15,5,59,2,0,0,1,166.72,0.08263,0.15,1598,31.5246,1.67079,0.34241
2993,143,3,3,35,0,1,0,0,34.583,0.08257,0.15,1598,31.5246,1.55287,0.34241
2994,13,0,0,3,0,1,0,0,-25.171,0.0825,0.15,1598,31.5246,3.67128,0.34241
2995,146,0,0,8,0,1,0,0,-10.451,0.08243,0.15,1598,31.5246,1.83337,0.34241
2996,274,3,3,47,0,1,0,0,59.949,0.08236,0.15,1598,31.5246,1.83179,0.34241
2997,310,7,2,48,1,1,0,0,74.869,0.08229,0.15,1599,31.5246,1.72688,0.3424
2998,44,0,0,14,0,1,0,0,-11.253,0.08222,0.15,1599,31.5246,1.43948,0.3424
2999,39,2,2,10,0,1,0,0,-4.081,0.08215,0.15,1599,31.5246,2.19432,0.3424
3000,400,3,3,25,0,0,0,1,95.102,0.08208,0.15,1600,31.5246,1.34243,0.3424
3001,91,0,0,7,0,1,0,0,-4.723,0.08202,0.15,1600,31.5246,1.8146,0.3424
3002,251,10,5,29,1,1,0,0,61.473,0.08195,0.15,1601,31.5246,2.02066,0.34239
3003,60,0,0,6,0,1,0,0,-17.593,0.08188,0.15,1601,31.5246,1.88905,0.34239
3004,6,0,0,2,0,1,0,0,-31.166,0.08181,0.15,1601,31.5246,9.17794,0.34239
3005,176,2,2,25,0,1,1,0,27.048,0.08174,0.15,1601,31.5246,1.89036,0.3426
3006,153,2,2,30,0,1,0,0,16.599,0.08168,0.15,1603,31.5246,2.03914,0.34248
3007,44,0,0,6,0,1,0,0,-14.687,0.08161,0.15,1603,31.5246,2.00216,0.34248
3008,137,1,1,17,0,1,0,0,10.004,0.08154,0.15,1603,31.5246,1.69593,0.34259
3009,53,0,0,11,0,1,0,0,-8.518,0.08147,0.15,1605,31.5246,2.27373,0.34237
3010,42,1,1,11,0,1,0,0,-9.976,0.0814,0.15,1605,31.5246,2.81746,0.34237
3011,400,2,2,47,0,0,0,1,121.115,0.08134,0.15,1605,31.5246,1.049,0.34237
3012,400,3,3,41,0,0,0,1,111.374,0.08127,0.15,1605,31.5246,1.26804,0.34247
3013,400,2,2,34,0,0,0,1,95.129,0.0812,0.15,1605,31.5246,1.20571,0.34247
3014,85,1,1,21,0,1,0,0,7.284,0.08113,0.15,1605,31.5246,2.02363,0.34247
3015,13,0,0,3,0,1,0,0,-23.519,0.08107,0.15,1605,31.5246,3.45843,0.34247
3016,57,1,1,15,0,1,0,0,-1.668,0.081,0.15,1605,31.5246,2.74129,0.34247
3017,28,1,1,6,0,1,0,0,-16.127,0.08093,0.15,1605,31.5246,2.67853,0.34247
3018,105,0,0,18,0,1,0,0,-0.196,0.08086,0.15,1605,31.5246,2.00304,0.34247
3019,400,2,2,42,0,0,0,1,112.917,0.0808,0.15,1605,31.5246,1.42817,0.34247
3020,42,1,1,14,0,1,0,0,-8.792,0.08073,0.15,1605,31.5246,2.28909,0.34247
3021,71,1,1,21,0,1,1,0,1.851,0.08066,0.15,1605,31.5246,3.25251,0.34247
3022,5,0,0,2,0,1,0,0,-27.706,0.08059,0.15,1605,31.5246,7.65144,0.34247
3023,400,12,7,84,1,0,0,1,179.005,0.08053,0.15,1606,31.5246,1.71401,0.34236
3024,400,2,2,40,0,0,0,1,119.189,0.08046,0.15,1606,31.5246,1.16686,0.34247
3025,400,2,2,37,0,0,0,1,102.639,0.08039,0.15,1607,31.5246,1.41415,0.34236
3026,400,1,1,49,0,0,1,1,103.6,0.08033,0.15,1608,31.5246,1.19086,0.34256
3027,20,0,0,6,0,1,0,0,-21.217,0.08026,0.15,1608,31.5246,2.39633,0.34256
3028,13,0,0,4,0,1,0,0,-27.873,0.08019,0.15,1608,31.5246,3.73037,0.34256
3029,28,0,0,10,0,1,0,0,-14.55,0.08013,0.15,1609,31.5246,3.68476,0.34245
3030,65,0,0,17,0,1,0,0,-0.087,0.08006,0.15,1609,31.5246,1.55676,0.34245
3031,246,4,4,43,0,1,0,0,49.802,0.07999,0.15,1610,31.5246,1.93002,0.34234
3032,130,2,2,36,0,1,0,0,30.393,0.07992,0.15,1610,31.5246,1.99735,0.34234
3033,38,1,1,13,0,1,0,0,-12.853,0.07986,0.15,1610,31.5246,3.03589,0.34234
3034,65,3,3,22,0,1,0,0,9.205,0.07979,0.15,1610,31.5246,2.53184,0.34234
3035,101,2,2,27,0,1,0,0,18.141,0.07973,0.15,1610,31.5246,2.22844,0.34234
3036,13,0,0,4,0,1,0,0,-27.873,0.07966,0.15,1610,31.5246,3.52125,0.34234
3037,22,0,0,3,0,1,0,0,-28.011,0.07959,0.15,1610,31.5246,1.89587,0.34234
3038,142,1,1,6,0,1,0,0,0.853,0.07953,0.15,1610,31.5246,1.55649,0.34234
3039,29,0,0,3,0,1,0,0,-24.337,0.07946,0.15,1610,31.5246,2.42082,0.34234
3040,400,6,6,34,0,0,0,1,118.391,0.07939,0.15,1612,31.5246,1.23866,0.34222
3041,400,7,2,28,1,0,0,1,117.711,0.07933,0.15,1612,31.5246,1.27783,0.34222
3042,185,1,1,11,0,1,0,0,3.458,0.07926,0.15,1612,31.5246,1.3173,0.34222
3043,400,5,5,37,0,0,0,1,99.841,0.0792,0.15,1612,31.5246,1.13897,0.34222
3044,17,0,0,1,0,1,0,0,-29.061,0.07913,0.15,1612,31.5246,3.29389,0.34222
3045,53,0,0,12,0,1,0,0,-8.732,0.07906,0.15,1612,31.5246,1.46916,0.34222
3046,200,3,3,31,0,1,1,0,28.127,0.079,0.15,1612,31.5246,1.72204,0.34222
3047,71,0,0,11,0,1,0,0,-17.589,0.07893,0.15,1612,31.5246,1.74753,0.34222
3048,357,3,3,16,0,1,0,0,47.57,0.07887,0.15,1612,31.5246,1.40918,0.34222
3049,400,0,0,11,0,0,0,1,57.634,0.0788,0.15,1612,31.5246,0.97299,0.34222
3050,25,1,1,5,0,1,0,0,-18.551,0.07874,0.15,1612,31.5246,3.51361,0.34222
3051,20,0,0,5,0,1,0,0,-22.391,0.07867,0.15,1612,31.5246,2.5561,0.34222
3052,212,8,3,28,1,1,0,0,51.087,0.0786,0.15,1614,31.5246,1.66959,0.34211
3053,5,0,0,4,0,1,0,0,-33.206,0.07854,0.15,1614,31.5246,1.7795,0.34211
3054,139,0,0,7,0,1,0,0,-6.103,0.07847,0.15,1614,31.5246,1.40881,0.34211
3055,93,1,1,32,0,1,0,0,11.086,0.07841,0.15,1614,31.5246,2.01774,0.34211
3056,400,1,1,28,0,0,0,1,82.042,0.07834,0.15,1614,31.5246,1.32035,0.34211
3057,84,0,0,5,0,1,0,0,-12.416,0.07828,0.15,1614,31.5246,1.40099,0.34211
3058,52,0,0,6,0,1,0,0,-18.898,0.07821,0.15,1614,31.5246,1.87189,0.34211
3059,74,0,0,8,0,1,0,0,-11.111,0.07815,0.15,1614,31.5246,1.81446,0.34211
3060,400,1,1,31,0,0,0,1,90.704,0.07808,0.15,1614,31.5246,1.05577,0.34211
3061,101,1,1,20,0,1,0,0,7.956,0.07802,0.15,1614,31.5246,1.7905,0.34211
3062,400,3,3,29,0,0,0,1,90.656,0.07795,0.15,1614,31.5246,1.20503,0.34211
3063,101,1,1,16,0,1,0,0,-1.542,0.07789,0.15,1614,31.5246,1.89771,0.34211
3064,20,0,0,3,0,1,0,0,-24.246,0.07782,0.15,1614,31.5246,4.63382,0.34211
3065,20,0,0,11,0,1,0,0,-18.742,0.07776,0.15,1614,31.5246,3.6738,0.34211
3066,6,0,0,1,0,1,0,0,-31.766,0.07769,0.15,1614,31.5246,9.91484,0.34211
3067,175,0,0,12,0,1,1,0,6.861,0.07763,0.15,1614,31.5246,1.44624,0.34221
3068,400,12,2,37,2,0,0,1,112.121,0.07756,0.15,1614,31.5246,1.58675,0.34221
3069,27,0,0,9,0,1,0,0,-19.322,0.0775,0.15,1614,31.5246,2.98647,0.34221
3070,400,6,1,33,1,0,0,1,101.707,0.07743,0.15,1614,31.5246,1.27968,0.34221
3071,400,6,1,19,1,0,0,1,88.805,0.07737,0.15,1615,31.5246,1.60019,0.34231
3072,13,0,0,3,0,1,0,0,-23.519,0.0773,0.15,1615,31.5246,3.80601,0.34231
3073,29,0,0,5,0,1,0,0,-19.18,0.07724,0.15,1615,31.5246,3.05388,0.34231
3074,298,2,2,20,0,1,1,0,27.286,0.07718,0.15,1615,31.5246,1.82853,0.34241
3075,400,2,2,18,0,0,0,1,79.82,0.07711,0.15,1616,31.5246,1.11817,0.34251
3076,14,0,0,6,0,1,0,0,-26.623,0.07705,0.15,1616,31.5246,3.7359,0.34251
3077,400,2,2,31,0,0,0,1,90.166,0.07698,0.15,1616,31.5246,1.17579,0.34251
3078,20,0,0,8,0,1,0,0,-19.765,0.07692,0.15,1616,31.5246,3.22339,0.34251
3079,13,0,0,3,0,1,0,0,-25.173,0.07686,0.15,1616,31.5246,4.96137,0.34251
3080,13,0,0,4,0,1,0,0,-26.548,0.07679,0.15,1616,31.5246,3.96026,0.34251
3081,28,0,0,5,0,1,0,0,-22.31,0.07673,0.15,1616,31.5246,2.60904,0.34251
3082,400,4,4,31,0,0,0,1,102.627,0.07666,0.15,1617,31.5246,1.13408,0.34251
3083,20,1,1,10,0,1,0,0,-15.053,0.0766,0.15,1617,31.5246,2.63887,0.34251
3084,311,3,3,17,0,1,1,0,31.44,0.07654,0.15,1617,31.5246,1.59742,0.34251
3085,400,6,1,40,1,0,1,1,103.986,0.07647,0.15,1617,31.5246,1.19065,0.34251
3086,13,0,0,3,0,1,0,0,-25.169,0.07641,0.15,1617,31.5246,4.08922,0.34251
3087,99,0,0,11,0,0,0,0,18.85,0.07634,0.15,1617,31.5246,1.21622,0.34261
3088,13,0,0,3,0,1,0,0,-24.757,0.07628,0.15,1617,31.5246,4.04226,0.34261
3089,13,0,0,5,0,1,0,0,-23.973,0.07622,0.15,1617,31.5246,3.64472,0.34261
3090,41,0,0,8,0,1,0,0,-14.715,0.07615,0.15,1617,31.5246,1.80713,0.34261
3091,20,0,0,8,0,1,0,0,-22.637,0.07609,0.15,1617,31.5246,2.79536,0.34261
3092,400,8,3,27,1,0,0,1,103.12,0.07603,0.15,1621,31.5246,1.5473,0.34218
3093,400,6,1,22,1,0,0,1,91.163,0.07596,0.15,1621,31.5246,1.28096,0.34218
3094,19,1,1,8,0,1,0,0,-14.85,0.0759,0.15,1621,31.5246,1.36668,0.34218
3095,154,1,1,13,0,1,0,0,6.874,0.07584,0.15,1621,31.5246,2.04029,0.34218
3096,42,2,2,14,0,1,0,0,-2.92,0.07577,0.15,1621,31.5246,2.48895,0.34218
3097,400,0,0,21,0,0,0,1,72.347,0.07571,0.15,1621,31.5246,1.10517,0.34218
3098,5,0,0,3,0,1,0,0,-30.504,0.07565,0.15,1621,31.5246,5.29226,0.34218
3099,81,1,1,14,0,1,0,0,0.202,0.07558,0.15,1621,31.5246,1.79371,0.34218
3100,400,2,2,13,0,0,0,1,61.437,0.07552,0.15,1621,31.5246,1.42269,0.34218
3101,400,11,6,44,1,0,0,1,142.721,0.07546,0.15,1621,31.5246,1.51927,0.34228
3102,322,4,4,31,0,1,0,0,63.989,0.0754,0.15,1621,31.5246,1.79806,0.34238
3103,400,1,1,32,0,0,0,1,93.179,0.07533,0.15,1621,31.5246,1.1962,0.34238
3104,302,3,3,36,0,0,0,1,91.889,0.07527,0.15,1622,31.5246,1.25499,0.34227
3105,78,0,0,22,0,1,0,0,-1.941,0.07521,0.15,1622,31.5246,2.24956,0.34227
3106,29,0,0,10,0,1,0,0,-15.993,0.07515,0.15,1622,31.5246,2.11474,0.34227
3107,57,2,2,15,0,1,0,0,-3.034,0.07508,0.15,1622,31.5246,1.99837,0.34227
3108,129,2,2,32,0,1,0,0,20.08,0.07502,0.15,1622,31.5246,1.98713,0.34227
3109,13,0,0,5,0,1,0,0,-27.147,0.07496,0.15,1622,31.5246,4.3431,0.34227
3110,13,0,0,4,0,1,0,0,-24.569,0.0749,0.15,1622,31.5246,4.306,0.34227
3111,27,0,0,10,0,1,0,0,-18.349,0.07483,0.15,1622,31.5246,2.32274,0.34227
3112,400,2,2,35,0,0,0,1,87.836,0.07477,0.15,1623,31.5246,1.35926,0.34216
3113,170,5,0,19,1,1,0,0,0.547,0.07471,0.15,1623,31.5246,1.6729,0.34227
3114,42,1,1,18,0,1,0,0,-7.383,0.07465,0.15,1623,31.5246,3.21996,0.34227
3115,75,0,0,14,0,1,0,0,-8.16,0.07458,0.15,1623,31.5246,2.07636,0.34227
3116,25,0,0,5,0,1,0,0,-20.687,0.07452,0.15,1623,31.5246,2.88,0.34227
3117,20,0,0,10,0,1,0,0,-18.553,0.07446,0.15,1623,31.5246,3.32466,0.34227
3118,5,0,0,4,0,1,0,0,-33.206,0.0744,0.15,1623,31.5246,1.75001,0.34227
3119,152,3,3,29,0,0,0,0,38.778,0.07434,0.15,1624,31.5246,1.9676,0.34226
3120,400,4,4,38,0,0,0,1,115.402,0.07427,0.15,1624,31.5246,1.37215,0.34226
3121,52,0,0,9,0,1,0,0,-11.931,0.07421,0.15,1624,31.5246,2.11522,0.34226
3122,400,3,3,26,0,0,0,1,84.625,0.07415,0.15,1628,31.5246,1.45664,0.34193
3123,44,1,1,18,0,1,0,0,-3.374,0.07409,0.15,1628,31.5246,2.03858,0.34193
3124,61,0,0,7,0,1,0,0,-14.909,0.07403,0.15,1628,31.5246,1.863,0.34193
3125,400,6,1,29,1,0,0,1,80.699,0.07396,0.15,1628,31.5246,1.56781,0.34193
3126,13,0,0,4,0,1,0,0,-22.923,0.0739,0.15,1628,31.5246,2.83909,0.34193
3127,216,3,3,24,0,1,0,0,33.295,0.07384,0.15,1628,31.5246,1.81437,0.34193
3128,400,6,6,43,0,0,0,1,110.508,0.07378,0.15,1628,31.5246,1.53342,0.34193
3129,67,2,2,13,0,1,0,0,-2.71,0.07372,0.15,1628,31.5246,1.79449,0.34193
3130,400,8,3,39,1,0,0,1,121.926,0.07366,0.15,1629,31.5246,1.41555,0.34183
3131,400,6,1,35,1,0,1,1,114.619,0.0736,0.15,1629,31.5246,1.42234,0.34183
3132,27,0,0,7,0,1,0,0,-18.467,0.07353,0.15,1629,31.5246,2.80114,0.34183
3133,197,3,3,46,0,1,0,0,47.854,0.07347,0.15,1629,31.5246,1.64162,0.34183
3134,267,4,4,31,0,1,0,0,43.482,0.07341,0.15,1629,31.5246,1.72805,0.34183
3135,107,3,3,22,0,1,0,0,13.141,0.07335,0.15,1629,31.5246,1.99975,0.34183
3136,59,0,0,12,0,1,2,0,-17.335,0.07329,0.15,1629,31.5246,2.64657,0.34183
3137,13,0,0,4,0,1,0,0,-27.877,0.07323,0.15,1629,31.5246,3.48416,0.34183
3138,41,1,1,12,0,1,0,0,-3.691,0.07317,0.15,1629,31.5246,2.02193,0.34183
3139,5,0,0,4,0,1,0,0,-33.206,0.07311,0.15,1629,31.5246,1.2948,0.34183
3140,400,2,2,19,0,0,0,1,60.753,0.07305,0.15,1629,31.5246,1.51533,0.34183
3141,13,0,0,4,0,1,0,0,-24.573,0.07299,0.15,1629,31.5246,4.55116,0.34183
3142,20,0,0,9,0,1,0,0,-19.097,0.07292,0.15,1629,31.5246,2.62513,0.34183
3143,318,4,4,50,0,1,2,0,75.094,0.07286,0.15,1630,31.5246,1.68965,0.34202
3144,400,3,3,33,0,0,0,1,102.337,0.0728,0.15,1630,31.5246,1.35939,0.34202
3145,260,2,2,51,0,1,0,0,69.058,0.07274,0.15,1630,31.5246,1.7093,0.34202
3146,13,0,0,5,0,1,0,0,-27.277,0.07268,0.15,1630,31.5246,3.55742,0.34202
3147,56,0,0,18,0,1,0,0,-5.944,0.07262,0.15,1630,31.5246,2.24854,0.34202
3148,226,3,3,20,0,1,0,0,22.373,0.07256,0.15,1630,31.5246,1.82779,0.34202
3149,400,0,0,25,0,0,1,1,94.309,0.0725,0.15,1630,31.5246,1.1747,0.34213
3150,49,1,1,16,0,1,0,0,-2.66,0.07244,0.15,1630,31.5246,1.97503,0.34213
3151,20,0,0,5,0,1,0,0,-20.288,0.07238,0.15,1630,31.5246,1.98142,0.34213
3152,400,2,2,30,0,0,0,1,85.978,0.07232,0.15,1631,31.5246,1.40627,0.34233
3153,34,0,0,17,0,1,0,0,-8.204,0.07226,0.15,1631,31.5246,2.15066,0.34233
3154,13,0,0,7,0,1,0,0,-24.292,0.0722,0.15,1631,31.5246,4.06686,0.34233
3155,6,0,0,4,0,1,0,0,-33.154,0.07214,0.15,1631,31.5246,4.38736,0.34233
3156,93,0,0,35,0,1,0,0,15.45,0.07208,0.15,1631,31.5246,2.26652,0.34233
3157,400,2,2,48,0,0,1,1,107.656,0.07202,0.15,1633,31.5246,1.3636,0.34211
3158,400,6,6,35,0,0,0,1,106.412,0.07196,0.15,1635,31.5246,1.23491,0.3419
3159,400,1,1,29,0,0,1,1,88.701,0.0719,0.15,1636,31.5246,1.04255,0.34179
3160,400,3,3,27,0,0,0,1,91.095,0.07184,0.15,1636,31.5246,1.01646,0.34179
3161,400,3,3,34,0,0,0,1,98.111,0.07178,0.15,1636,31.5246,1.32112,0.34179
3162,400,7,2,44,1,0,0,1,122.353,0.07172,0.15,1638,31.5246,1.3107,0.34158
3163,27,0,0,11,0,1,0,0,-19.711,0.07166,0.15,1638,31.5246,2.96765,0.34158
3164,400,6,6,44,0,0,0,1,110.41,0.0716,0.15,1638,31.5246,1.31689,0.34168
3165,305,4,4,35,0,0,0,0,82.568,0.07154,0.15,1640,31.5246,1.53023,0.34157
3166,27,1,1,8,0,1,0,0,-15.337,0.07148,0.15,1640,31.5246,3.12795,0.34157
3167,13,0,0,5,0,1,0,0,-27.277,0.07142,0.15,1640,31.5246,3.28862,0.34157
3168,51,0,0,21,0,1,0,0,-9.097,0.07136,0.15,1640,31.5246,2.53433,0.34157
3169,400,6,1,42,1,0,0,1,139.948,0.0713,0.15,1641,31.5246,1.14256,0.34176
3170,389,4,4,49,0,1,0,0,80.832,0.07124,0.15,1642,31.5246,1.42945,0.34166
3171,400,8,3,32,1,0,0,1,112.323,0.07118,0.15,1642,31.5246,1.14791,0.34176
3172,400,8,3,41,1,0,0,1,118.171,0.07112,0.15,1642,31.5246,1.15712,0.34176
3173,400,3,3,26,0,0,0,1,89.732,0.07106,0.15,1642,31.5246,1.26135,0.34186
3174,231,7,2,23,1,1,0,0,53.398,0.07101,0.15,1642,31.5246,1.72369,0.34186
3175,13,0,0,4,0,1,0,0,-22.923,0.07095,0.15,1642,31.5246,3.46985,0.34186
3176,400,7,7,20,0,0,0,1,104.523,0.07089,0.15,1643,31.5246,1.10328,0.34185
3177,20,0,0,10,0,1,0,0,-17.657,0.07083,0.15,1643,31.5246,3.28526,0.34185
3178,20,0,0,9,0,1,0,0,-19.271,0.07077,0.15,1643,31.5246,2.91531,0.34185
3179,13,0,0,4,0,1,0,0,-27.877,0.07071,0.15,1643,31.5246,3.63521,0.34185
3180,236,4,4,32,0,1,0,0,53.024,0.07065,0.15,1643,31.5246,1.60706,0.34185
3181,400,3,3,45,0,0,0,1,119.327,0.07059,0.15,1645,31.5246,1.31202,0.34164
3182,43,1,1,10,0,1,0,0,-7.275,0.07053,0.15,1645,31.5246,2.85498,0.34164
3183,20,1,1,7,0,1,0,0,-15.91,0.07047,0.15,1645,31.5246,4.08636,0.34164
3184,131,3,3,31,0,1,0,0,35.519,0.07042,0.15,1645,31.5246,1.80635,0.34164
3185,400,3,3,41,0,0,0,1,124.493,0.07036,0.15,1645,31.5246,1.15857,0.34164
3186,400,1,1,34,0,0,0,1,102.562,0.0703,0.15,1645,31.5246,1.0859,0.34164
3187,72,2,2,21,0,1,1,0,3.765,0.07024,0.15,1645,31.5246,2.79233,0.34164
3188,15,0,0,4,0,1,0,0,-27.595,0.07018,0.15,1645,31.5246,3.7914,0.34164
3189,43,0,0,7,0,1,0,0,-17.152,0.07012,0.15,1645,31.5246,2.66075,0.34164
3190,163,2,2,38,0,1,0,0,36.01,0.07006,0.15,1645,31.5246,1.98173,0.34164
3191,321,3,3,49,0,0,0,1,120.44,0.07001,0.15,1645,31.5246,1.25261,0.34164
3192,400,18,8,87,2,0,0,1,210.604,0.06995,0.15,1645,31.5246,1.88349,0.34164
3193,400,6,6,45,0,0,0,1,147.444,0.06989,0.15,1645,31.5246,1.17507,0.34164
3194,191,10,5,57,1,1,0,0,86.876,0.06983,0.15,1648,31.5246,2.27022,0.34132
3195,400,6,6,49,0,0,1,1,134.824,0.06977,0.15,1648,31.5246,1.50612,0.34132
3196,56,2,2,20,0,1,0,0,-1.197,0.06972,0.15,1648,31.5246,3.10339,0.34132
3197,186,5,5,45,0,1,1,0,60.391,0.06966,0.15,1648,31.5246,2.07783,0.34132
3198,400,5,5,48,0,0,0,1,130.546,0.0696,0.15,1649,31.5246,1.30363,0.34132
3199,400,8,3,57,1,0,0,1,160.284,0.06954,0.15,1649,31.5246,1.28778,0.34132
3200,400,10,5,62,1,0,0,1,164.251,0.06948,0.15,1649,31.5246,1.50122,0.34142
3201,75,3,3,23,0,1,0,0,16.124,0.06943,0.15,1649,31.5246,2.15781,0.34142
3202,20,0,0,11,0,1,0,0,-17.758,0.06937,0.15,1649,31.5246,4.09088,0.34142
3203,183,2,2,34,0,1,1,0,38.417,0.06931,0.15,1649,31.5246,2.1323,0.34142
3204,13,0,0,3,0,1,0,0,-26.825,0.06925,0.15,1649,31.5246,3.90609,0.34142
3205,50,2,2,14,0,1,0,0,0.82,0.06919,0.15,1649,31.5246,2.48046,0.34142
3206,400,7,2,56,1,0,0,1,163.336,0.06914,0.15,1649,31.5246,1.22475,0.34142
3207,400,3,3,51,0,0,0,1,141.644,0.06908,0.15,1649,31.5246,1.17961,0.34142
3208,293,5,5,57,0,1,0,0,91.541,0.06902,0.15,1649,31.5246,1.75132,0.34182
3209,98,3,3,25,0,1,0,0,18.137,0.06896,0.15,1649,31.5246,2.32175,0.34182
3210,78,1,1,28,0,1,0,0,11.867,0.06891,0.15,1649,31.5246,2.26205,0.34182
3211,285,9,4,61,1,0,0,1,133.051,0.06885,0.15,1649,31.5246,1.74563,0.34182
3212,27,0,0,8,0,1,0,0,-21.532,0.06879,0.15,1649,31.5246,2.30834,0.34182
3213,22,0,0,5,0,1,0,0,-19.719,0.06873,0.15,1649,31.5246,1.60713,0.34182
3214,20,0,0,10,0,1,0,0,-19.315,0.06868,0.15,1649,31.5246,2.67959,0.34182
3215,13,0,0,3,0,1,0,0,-26.975,0.06862,0.15,1649,31.5246,4.99132,0.34182
3216,400,4,4,46,0,0,0,1,136.039,0.06856,0.15,1649,31.5246,1.26675,0.34182
3217,12,0,0,6,0,1,0,0,-23.3,0.06851,0.15,1649,31.5246,5.17039,0.34182
3218,400,4,4,53,0,0,2,1,112.262,0.06845,0.15,1650,31.5246,1.50576,0.34172
3219,99,3,3,12,0,1,0,0,-4.549,0.06839,0.15,1650,31.5246,1.57475,0.34172
3220,20,0,0,8,0,1,0,0,-19.724,0.06833,0.15,1650,31.5246,3.88019,0.34172
3221,27,1,1,11,0,1,0,0,-10.565,0.06828,0.15,1650,31.5246,2.30115,0.34172
3222,268,4,4,43,0,1,0,0,66.463,0.06822,0.15,1650,31.5246,1.82809,0.34172
3223,400,5,5,55,0,0,0,1,146.45,0.06816,0.15,1650,31.5246,1.13942,0.34192
3224,400,5,5,55,0,0,0,1,147.434,0.06811,0.15,1650,31.5246,1.16944,0.34192
3225,295,14,4,57,2,0,0,1,152.743,0.06805,0.15,1650,31.5246,1.7756,0.34192
3226,400,10,5,52,1,0,1,1,159.716,0.06799,0.15,1652,31.5246,1.44384,0.34181
3227,211,3,3,21,0,1,2,0,12.18,0.06794,0.15,1652,31.5246,1.86619,0.34181
3228,400,4,4,50,0,0,0,1,127.34,0.06788,0.15,1653,31.5246,1.33028,0.3417
3229,400,11,6,51,1,0,1,1,146.806,0.06782,0.15,1653,31.5246,1.27658,0.3418
3230,400,3,3,42,0,0,1,1,105.795,0.06777,0.15,1655,31.5246,1.3407,0.34159
3231,127,1,1,32,0,1,0,0,23.167,0.06771,0.15,1655,31.5246,2.06276,0.34159
3232,138,2,2,28,0,1,0,0,24.954,0.06766,0.15,1655,31.5246,1.87711,0.34159
3233,323,10,5,56,1,1,0,0,101.872,0.0676,0.15,1655,31.5246,1.83155,0.34159
3234,400,11,6,48,1,0,0,1,140.668,0.06754,0.15,1656,31.5246,1.15244,0.34149
3235,400,4,4,60,0,0,0,1,131.705,0.06749,0.15,1656,31.5246,1.2641,0.34149
3236,36,1,1,13,0,1,0,0,-13.445,0.06743,0.15,1656,31.5246,2.8224,0.34149
3237,277,9,4,43,1,0,0,1,98.428,0.06737,0.15,1656,31.5246,1.64734,0.34149
3238,400,4,4,37,0,0,0,1,94.493,0.06732,0.15,1656,31.5246,1.50573,0.34149
3239,187,8,3,40,1,1,1,0,55.517,0.06726,0.15,1656,31.5246,1.57264,0.34149
3240,94,2,2,33,0,1,0,0,22.516,0.06721,0.15,1656,31.5246,2.33236,0.34149
3241,36,1,1,11,0,1,0,0,-12.889,0.06715,0.15,1656,31.5246,3.03249,0.34159
3242,76,2,2,20,0,1,0,0,13.391,0.06709,0.15,1656,31.5246,2.26668,0.34159
3243,400,15,5,54,2,0,0,1,153.515,0.06704,0.15,1656,31.5246,1.75589,0.34159
3244,285,3,3,36,0,0,0,1,94.229,0.06698,0.15,1656,31.5246,1.54053,0.34159
3245,5,0,0,4,0,1,0,0,-33.206,0.06693,0.15,1656,31.5246,1.74503,0.34159
3246,253,9,4,40,1,1,0,0,85.084,0.06687,0.15,1656,31.5246,1.89113,0.34159
3247,337,4,4,51,0,0,0,1,112.776,0.06681,0.15,1658,31.5246,1.53756,0.34138
3248,196,4,4,44,0,1,0,0,46.115,0.06676,0.15,1658,31.5246,2.09854,0.34138
3249,113,2,2,16,0,1,0,0,10.758,0.0667,0.15,1658,31.5246,1.96989,0.34138
3250,400,5,5,47,0,0,3,1,123.404,0.06665,0.15,1658,31.5246,1.37089,0.34138
3251,130,2,2,26,0,1,0,0,25.647,0.06659,0.15,1659,31.5246,1.93392,0.34137
3252,400,5,5,25,0,0,1,1,99.626,0.06654,0.15,1659,31.5246,1.24309,0.34147
3253,400,9,4,53,1,0,0,1,139.616,0.06648,0.15,1659,31.5246,1.45265,0.34147
3254,20,1,1,7,0,1,0,0,-20.264,0.06643,0.15,1659,31.5246,3.72739,0.34147
3255,400,4,4,36,0,0,1,1,113.013,0.06637,0.15,1660,31.5246,1.4705,0.34157
3256,86,2,2,36,0,1,0,0,18.399,0.06632,0.15,1660,31.5246,2.4223,0.34157
3257,19,1,1,6,0,1,0,0,-16.974,0.06626,0.15,1660,31.5246,3.1966,0.34157
3258,27,1,1,9,0,1,0,0,-13.991,0.0662,0.15,1660,31.5246,2.79826,0.34157
3259,136,3,3,45,0,1,0,0,47.814,0.06615,0.15,1660,31.5246,1.86213,0.34157
3260,400,5,5,31,0,0,0,1,118.408,0.06609,0.15,1664,31.5246,1.53167,0.34115
3261,400,7,7,54,0,0,0,1,146.345,0.06604,0.15,1664,31.5246,1.56056,0.34135
3262,400,7,2,66,1,0,0,1,144.968,0.06598,0.15,1664,31.5246,1.61942,0.34145
3263,28,0,0,6,0,1,0,0,-18.557,0.06593,0.15,1664,31.5246,2.33744,0.34145
3264,400,5,5,53,0,0,0,1,137.961,0.06587,0.15,1664,31.5246,1.23344,0.34155
3265,249,3,3,50,0,1,0,0,67.612,0.06582,0.15,1664,31.5246,1.6478,0.34155
3266,400,3,3,51,0,0,0,1,114.759,0.06577,0.15,1664,31.5246,1.19512,0.34155
3267,20,1,1,10,0,1,0,0,-12.817,0.06571,0.15,1664,31.5246,3.13709,0.34155
3268,27,0,0,5,0,1,0,0,-18.099,0.06566,0.15,1664,31.5246,2.99562,0.34155
3269,42,1,1,11,0,1,0,0,-7.752,0.0656,0.15,1664,31.5246,2.58048,0.34155
3270,400,6,6,33,0,0,0,1,113.026,0.06555,0.15,1664,31.5246,1.2158,0.34155
3271,5,0,0,3,0,1,0,0,-33.806,0.06549,0.15,1664,31.5246,1.71868,0.34155
3272,20,0,0,7,0,1,0,0,-20.396,0.06544,0.15,1664,31.5246,3.6771,0.34155
3273,105,2,2,19,0,1,0,0,8.218,0.06538,0.15,1664,31.5246,2.4313,0.34155
3274,400,12,2,48,2,0,0,1,145.925,0.06533,0.15,1664,31.5246,1.78151,0.34155
3275,174,2,2,38,0,1,2,0,37.696,0.06527,0.15,1664,31.5246,1.92747,0.34155
3276,55,1,1,27,0,1,0,0,8.141,0.06522,0.15,1664,31.5246,2.5615,0.34155
3277,13,0,0,4,0,1,0,0,-24.397,0.06516,0.15,1664,31.5246,5.14742,0.34155
3278,98,1,1,39,0,1,0,0,21.035,0.06511,0.15,1664,31.5246,2.14255,0.34155
3279,329,5,5,56,0,0,0,1,129.496,0.06506,0.15,1664,31.5246,1.48355,0.34155
3280,61,1,1,22,0,1,0,0,5.358,0.065,0.15,1664,31.5246,2.16534,0.34155
3281,382,7,2,67,1,0,0,1,146.498,0.06495,0.15,1665,31.5246,1.51702,0.34144
3282,43,1,1,17,0,1,0,0,-2.384,0.06489,0.15,1665,31.5246,2.46381,0.34144
3283,13,0,0,5,0,1,0,0,-27.277,0.06484,0.15,1665,31.5246,3.97181,0.34144
3284,27,0,0,8,0,1,0,0,-18.423,0.06479,0.15,1665,31.5246,4.41661,0.34144
3285,70,1,1,14,0,1,0,0,-2.489,0.06473,0.15,1665,31.5246,2.31135,0.34144
3286,20,0,0,6,0,1,0,0,-20.571,0.06468,0.15,1665,31.5246,3.58116,0.34144
3287,83,4,4,20,0,1,0,0,14.11,0.06462,0.15,1665,31.5246,2.15987,0.34144
3288,44,0,0,16,0,1,0,0,-8.983,0.06457,0.15,1665,31.5246,2.47001,0.34144
3289,111,3,3,32,0,1,0,0,27.752,0.06452,0.15,1665,31.5246,2.33568,0.34144
3290,96,1,1,28,0,1,0,0,6.487,0.06446,0.15,1666,31.5246,2.74805,0.34144
3291,30,1,1,6,0,1,0,0,-14.905,0.06441,0.15,1666,31.5246,2.44475,0.34144
3292,400,7,7,75,0,0,0,1,167.791,0.06436,0.15,1666,31.5246,1.7337,0.34144
3293,400,3,3,47,0,0,1,1,124.932,0.0643,0.15,1668,31.5246,1.35994,0.34123
3294,47,1,1,8,0,1,0,0,-17.014,0.06425,0.15,1668,31.5246,2.48929,0.34133
3295,400,10,5,47,1,0,1,1,136.704,0.06419,0.15,1668,31.5246,1.51155,0.34133
3296,36,0,0,18,0,1,0,0,-10.67,0.06414,0.15,1668,31.5246,3.25574,0.34133
3297,400,7,2,44,1,0,0,1,128.468,0.06409,0.15,1668,31.5246,1.46387,0.34143
3298,14,0,0,7,0,1,0,0,-21.057,0.06403,0.15,1668,31.5246,4.80062,0.34143
3299,152,4,4,15,0,1,0,0,14.393,0.06398,0.15,1668,31.5246,2.10478,0.34143
3300,15,0,0,5,0,1,0,0,-23.173,0.06393,0.15,1668,31.5246,3.52899,0.34143
3301,400,8,3,48,1,0,0,1,132.565,0.06387,0.15,1668,31.5246,1.48943,0.34143
3302,37,0,0,10,0,1,0,0,-16.121,0.06382,0.15,1668,31.5246,2.54439,0.34143
3303,80,2,2,17,0,1,0,0,3.315,0.06377,0.15,1669,31.5246,2.61814,0.34132
3304,400,3,3,41,0,0,0,1,100.066,0.06372,0.15,1669,31.5246,1.50961,0.34142
3305,400,3,3,18,0,0,0,1,89.285,0.06366,0.15,1669,31.5246,1.21079,0.34152
3306,59,0,0,14,0,1,0,0,-8.709,0.06361,0.15,1669,31.5246,2.30803,0.34152
3307,400,5,5,53,0,0,0,1,139.044,0.06356,0.15,1670,31.5246,1.44354,0.34162
3308,351,7,7,86,0,1,0,0,128.585,0.0635,0.15,1670,31.5246,1.72606,0.34162
3309,82,2,2,21,0,1,0,0,7.746,0.06345,0.15,1670,31.5246,2.23226,0.34162
3310,400,4,4,53,0,0,0,1,135.939,0.0634,0.15,1671,31.5246,1.25664,0.34151
3311,57,2,2,17,0,1,0,0,1.571,0.06334,0.15,1671,31.5246,2.27475,0.34151
3312,20,0,0,11,0,1,0,0,-18.013,0.06329,0.15,1671,31.5246,3.00796,0.34151
3313,400,3,3,54,0,0,0,1,125.006,0.06324,0.15,1671,31.5246,1.36069,0.34171
3314,140,4,4,37,0,1,0,0,40.183,0.06319,0.15,1671,31.5246,1.96684,0.34171
3315,400,4,4,52,0,0,0,1,132.438,0.06313,0.15,1671,31.5246,1.153,0.34171
3316,400,6,6,89,0,0,0,1,162.87,0.06308,0.15,1671,31.5246,1.53021,0.34171
3317,400,5,5,52,0,0,1,1,128.888,0.06303,0.15,1671,31.5246,1.36104,0.34171
3318,45,1,1,13,0,1,1,0,-10.439,0.06298,0.15,1671,31.5246,3.15877,0.34171
3319,212,4,4,57,0,1,1,0,68.651,0.06292,0.15,1672,31.5246,1.84775,0.34161
3320,40,1,1,11,0,1,0,0,-15.539,0.06287,0.15,1672,31.5246,3.17145,0.34161
3321,12,0,0,5,0,1,0,0,-22.661,0.06282,0.15,1672,31.5246,3.84423,0.34161
3322,400,4,4,59,0,0,0,1,141.892,0.06277,0.15,1672,31.5246,1.42575,0.34161
3323,166,4,4,43,0,1,0,0,44.342,0.06271,0.15,1672,31.5246,1.77044,0.34161
3324,280,8,3,59,1,1,0,0,94.555,0.06266,0.15,1673,31.5246,1.91283,0.3415
3325,400,3,3,50,0,0,0,1,130.733,0.06261,0.15,1673,31.5246,1.22207,0.3415
3326,400,5,5,48,0,0,0,1,134.606,0.06256,0.15,1673,31.5246,1.19888,0.3415
3327,255,10,5,46,1,1,0,0,79.669,0.06251,0.15,1673,31.5246,1.77079,0.3415
3328,5,0,0,2,0,1,0,0,-31.408,0.06245,0.15,1673,31.5246,7.1398,0.3415
3329,250,6,6,44,0,1,3,0,65.174,0.0624,0.15,1673,31.5246,1.76439,0.3415
3330,20,0,0,8,0,1,0,0,-17.587,0.06235,0.15,1673,31.5246,2.80757,0.3415
3331,15,0,0,5,0,1,0,0,-28.116,0.0623,0.15,1673,31.5246,3.23092,0.3415
3332,268,3,3,35,0,1,0,0,33.341,0.06225,0.15,1674,31.5246,1.90681,0.3414
3333,400,9,4,41,1,0,0,1,77.851,0.06219,0.15,1674,31.5246,1.34589,0.3414
3334,13,1,1,4,0,1,0,0,-22.923,0.06214,0.15,1674,31.5246,6.41567,0.3414
3335,400,5,5,47,0,0,0,1,122.632,0.06209,0.15,1674,31.5246,1.25681,0.3415
3336,245,3,3,21,0,1,0,0,6.099,0.06204,0.15,1675,31.5246,1.87285,0.34139
3337,19,1,1,5,0,1,0,0,-22.679,0.06199,0.15,1675,31.5246,6.18579,0.34139
3338,86,0,0,6,0,1,0,0,-19.03,0.06194,0.15,1675,31.5246,1.18943,0.34139
3339,217,2,2,34,0,1,1,0,42.686,0.06188,0.15,1676,31.5246,1.74675,0.34139
3340,31,0,0,7,0,1,0,0,-20.574,0.06183,0.15,1676,31.5246,2.14114,0.34139
3341,400,12,7,77,1,0,0,1,133.919,0.06178,0.15,1677,31.5246,1.68893,0.34128
3342,55,1,1,12,0,1,0,0,-15.92,0.06173,0.15,1677,31.5246,2.97018,0.34128
3343,400,9,4,27,1,0,1,1,97.151,0.06168,0.15,1678,31.5246,1.40252,0.34128
3344,158,0,0,19,0,1,0,0,-0.781,0.06163,0.15,1678,31.5246,2.03779,0.34128
3345,27,2,2,10,0,1,0,0,-13.473,0.06157,0.15,1678,31.5246,4.19359,0.34128
3346,400,7,2,22,1,0,0,1,66.964,0.06152,0.15,1678,31.5246,0.96355,0.34128
3347,37,0,0,5,0,1,0,0,-22.146,0.06147,0.15,1678,31.5246,0.73766,0.34128
3348,50,0,0,3,0,1,0,0,-21.909,0.06142,0.15,1678,31.5246,2.28451,0.34128
3349,400,1,1,29,0,0,0,1,54.16,0.06137,0.15,1678,31.5246,1.16983,0.34138
3350,26,0,0,5,0,1,0,0,-23.231,0.06132,0.15,1678,31.5246,3.29097,0.34138
3351,90,0,0,8,0,1,0,0,-16.929,0.06127,0.15,1678,31.5246,1.359,0.34138
3352,20,1,1,7,0,1,0,0,-17.733,0.06122,0.15,1678,31.5246,2.2899,0.34138
3353,400,4,4,40,0,0,0,1,102.537,0.06117,0.15,1678,31.5246,1.17458,0.34138
3354,71,1,1,21,0,1,0,0,-0.451,0.06111,0.15,1678,31.5246,2.43535,0.34138
3355,28,0,0,14,0,1,0,0,-14.427,0.06106,0.15,1678,31.5246,3.28755,0.34138
3356,400,0,0,31,0,0,0,1,66.099,0.06101,0.15,1678,31.5246,1.20373,0.34138
3357,400,1,1,34,0,0,0,1,74.914,0.06096,0.15,1679,31.5246,1.11059,0.34137
3358,400,2,2,23,0,0,0,1,70.077,0.06091,0.15,1680,31.5246,1.27879,0.34127
3359,160,4,4,31,0,1,0,0,37.204,0.06086,0.15,1680,31.5246,1.82587,0.34137
3360,139,1,1,11,0,1,0,0,-3.814,0.06081,0.15,1680,31.5246,1.81191,0.34137
3361,400,3,3,31,0,0,0,1,94.115,0.06076,0.15,1681,31.5246,1.48917,0.34156
3362,400,2,2,44,0,0,0,1,98.531,0.06071,0.15,1681,31.5246,1.25298,0.34166
3363,123,2,2,22,0,1,0,0,12.675,0.06066,0.15,1681,31.5246,1.62901,0.34166
3364,400,5,5,40,0,0,0,1,98.753,0.06061,0.15,1682,31.5246,0.9665,0.34166
3365,400,1,1,26,0,0,0,1,81.772,0.06056,0.15,1682,31.5246,1.2793,0.34166
3366,159,0,0,11,0,1,0,0,5.188,0.06051,0.15,1682,31.5246,1.86364,0.34166
3367,30,0,0,8,0,1,0,0,-19.528,0.06046,0.15,1682,31.5246,2.48286,0.34166
3368,400,10,5,53,1,0,1,1,138.202,0.06041,0.15,1683,31.5246,1.54745,0.34165
3369,35,0,0,14,0,1,0,0,-15.333,0.06036,0.15,1683,31.5246,3.23327,0.34165
3370,140,1,1,45,0,1,0,0,28.897,0.06031,0.15,1683,31.5246,2.07543,0.34165
3371,13,0,0,5,0,1,0,0,-26.877,0.06026,0.15,1683,31.5246,3.08894,0.34165
3372,167,0,0,10,0,1,0,0,-1.911,0.0602,0.15,1683,31.5246,1.1908,0.34165
3373,44,0,0,8,0,1,0,0,-14.874,0.06015,0.15,1683,31.5246,2.4072,0.34165
3374,395,3,3,48,0,1,0,0,66.047,0.0601,0.15,1683,31.5246,1.43166,0.34165
3375,36,0,0,7,0,1,0,0,-18.831,0.06005,0.15,1683,31.5246,2.3914,0.34165
3376,48,0,0,21,0,1,0,0,-10.799,0.06,0.15,1683,31.5246,1.87813,0.34165
3377,34,0,0,11,0,1,0,0,-17.129,0.05995,0.15,1683,31.5246,3.05693,0.34165
3378,400,2,2,23,0,0,0,1,84.159,0.0599,0.15,1683,31.5246,0.95227,0.34165
3379,57,0,0,8,0,1,0,0,-16.614,0.05985,0.15,1683,31.5246,0.77583,0.34165
3380,48,0,0,9,0,1,0,0,-15.441,0.0598,0.15,1683,31.5246,2.05839,0.34165
3381,400,2,2,22,0,0,0,1,60.166,0.05976,0.15,1683,31.5246,1.27497,0.34165
3382,215,9,4,32,1,1,0,0,57.218,0.05971,0.15,1683,31.5246,1.86077,0.34165
3383,400,2,2,27,0,0,1,1,93.434,0.05966,0.15,1684,31.5246,1.2986,0.34155
3384,400,0,0,23,0,0,0,1,56.892,0.05961,0.15,1684,31.5246,1.02125,0.34155
3385,304,4,4,62,0,1,0,0,69.674,0.05956,0.15,1684,31.5246,1.79395,0.34155
3386,151,3,3,25,0,0,0,0,49.936,0.05951,0.15,1684,31.5246,2.09002,0.34155
3387,400,4,4,46,0,0,0,1,123.745,0.05946,0.15,1684,31.5246,1.15751,0.34155
3388,400,2,2,34,0,0,0,1,107.843,0.05941,0.15,1685,31.5246,0.97404,0.34144
3389,400,2,2,39,0,0,0,1,116.341,0.05936,0.15,1686,31.5246,0.94311,0.34134
3390,400,2,2,20,0,0,0,1,93.509,0.05931,0.15,1686,31.5246,1.15547,0.34134
3391,93,0,0,25,0,1,0,0,7.408,0.05926,0.15,1686,31.5246,1.77262,0.34134
3392,78,2,2,34,0,1,0,0,15.226,0.05921,0.15,1686,31.5246,2.19411,0.34134
3393,59,3,3,20,0,1,1,0,5.436,0.05916,0.15,1687,31.5246,3.56192,0.34124
3394,400,2,2,35,0,0,0,1,112.19,0.05911,0.15,1689,31.5246,1.12142,0.34103
3395,400,5,5,42,0,0,0,1,119.964,0.05906,0.15,1689,31.5246,1.30151,0.34113
3396,400,1,1,38,0,0,0,1,106.62,0.05901,0.15,1691,31.5246,1.33472,0.34102
3397,13,0,0,5,0,1,0,0,-22.323,0.05896,0.15,1691,31.5246,3.32024,0.34102
3398,400,6,1,24,1,0,1,1,111.263,0.05891,0.15,1691,31.5246,0.90098,0.34102
3399,400,4,4,33,0,0,0,1,104.222,0.05887,0.15,1692,31.5246,1.31745,0.34141
3400,400,1,1,23,0,0,0,1,97.642,0.05882,0.15,1693,31.5246,0.79119,0.34131
3401,400,4,4,33,0,0,0,1,85.966,0.05877,0.15,1694,31.5246,1.37922,0.3412
3402,400,8,3,43,1,0,2,1,135.597,0.05872,0.15,1695,31.5246,1.41383,0.3411
3403,7,0,0,5,0,1,0,0,-24.202,0.05867,0.15,1695,31.5246,5.10123,0.3411
3404,67,5,5,26,0,1,0,0,20.551,0.05862,0.15,1695,31.5246,3.20456,0.3411
3405,400,1,1,31,0,0,1,1,104.784,0.05857,0.15,1695,31.5246,1.21737,0.3411
3406,400,6,1,37,1,0,0,1,130.762,0.05852,0.15,1696,31.5246,1.51283,0.3411
3407,400,2,2,40,0,0,0,1,119.217,0.05847,0.15,1696,31.5246,1.20895,0.34119
3408,400,10,5,47,1,0,0,1,143.513,0.05843,0.15,1696,31.5246,1.36771,0.34129
3409,400,8,3,36,1,0,0,1,114.154,0.05838,0.15,1696,31.5246,1.43368,0.34139
3410,64,0,0,18,0,1,0,0,-7.154,0.05833,0.15,1698,31.5246,2.47857,0.34119
3411,245,4,4,29,0,1,1,0,56.216,0.05828,0.15,1698,31.5246,1.51423,0.34119
3412,12,0,0,7,0,1,0,0,-23.102,0.05823,0.15,1698,31.5246,3.5084,0.34119
3413,302,2,2,35,0,1,0,0,61.531,0.05818,0.15,1698,31.5246,1.32391,0.34119
3414,175,4,4,60,0,0,1,0,84.007,0.05813,0.15,1698,31.5246,1.80987,0.34119
3415,73,1,1,28,0,1,0,0,8.703,0.05809,0.15,1698,31.5246,2.05414,0.34128
3416,255,7,2,49,1,0,0,0,92.139,0.05804,0.15,1698,31.5246,1.93564,0.34138
3417,400,5,5,31,0,0,0,1,119.197,0.05799,0.15,1698,31.5246,1.38157,0.34138
3418,400,3,3,64,0,0,2,1,123.311,0.05794,0.15,1698,31.5246,1.56572,0.34138
3419,400,9,4,21,1,0,0,1,108.963,0.05789,0.15,1702,31.5246,1.35279,0.34127
3420,400,4,4,37,0,0,0,1,114.898,0.05784,0.15,1702,31.5246,1.14707,0.34127
3421,400,3,3,58,0,0,0,1,143.497,0.0578,0.15,1703,31.5246,1.24914,0.34116
3422,19,1,1,8,0,1,0,0,-19.078,0.05775,0.15,1703,31.5246,2.98896,0.34116
3423,62,0,0,9,0,1,0,0,-12.343,0.0577,0.15,1703,31.5246,1.69463,0.34116
3424,322,2,2,45,0,1,0,0,69.984,0.05765,0.15,1704,31.5246,1.6482,0.34106
3425,400,5,5,39,0,0,0,1,131.21,0.0576,0.15,1704,31.5246,1.36664,0.34106
3426,43,2,2,13,0,1,0,0,-9.973,0.05756,0.15,1704,31.5246,2.75447,0.34106
3427,302,3,3,48,0,0,0,1,104.492,0.05751,0.15,1704,31.5246,1.35154,0.34106
3428,13,0,0,4,0,1,0,0,-22.523,0.05746,0.15,1704,31.5246,3.25511,0.34106
3429,131,4,4,27,0,1,1,0,21.936,0.05741,0.15,1704,31.5246,2.19417,0.34106
3430,163,3,3,39,0,1,0,0,43.102,0.05736,0.15,1704,31.5246,1.88805,0.34106
3431,400,5,5,59,0,0,0,1,117.107,0.05732,0.15,1704,31.5246,1.60767,0.34116
3432,210,5,5,56,0,1,0,0,70.104,0.05727,0.15,1704,31.5246,1.73662,0.34116
3433,400,5,5,38,0,0,1,1,115.765,0.05722,0.15,1704,31.5246,1.20041,0.34116
3434,102,0,0,12,0,1,0,0,1.02,0.05717,0.15,1704,31.5246,1.25178,0.34116
3435,400,5,5,44,0,0,1,1,110.772,0.05713,0.15,1704,31.5246,1.4245,0.34126
3436,36,1,1,9,0,1,0,0,-15.467,0.05708,0.15,1704,31.5246,3.2009,0.34135
3437,233,5,5,58,0,1,0,0,77.426,0.05703,0.15,1705,31.5246,2.07173,0.34125
3438,13,0,0,2,0,1,0,0,-25.105,0.05698,0.15,1705,31.5246,3.14613,0.34125
3439,171,0,0,8,0,1,0,0,-24.957,0.05694,0.15,1706,31.5246,1.76833,0.34115
3440,400,10,5,45,1,0,0,1,130.716,0.05689,0.15,1707,31.5246,1.27623,0.34124
3441,28,1,1,11,0,1,0,0,-9.047,0.05684,0.15,1707,31.5246,2.24248,0.34124
3442,27,0,0,10,0,1,0,0,-15.331,0.05679,0.15,1707,31.5246,1.62562,0.34124
3443,400,9,4,48,1,0,0,1,129.404,0.05675,0.15,1708,31.5246,1.28159,0.34114
3444,400,1,1,38,0,0,1,1,103.314,0.0567,0.15,1709,31.5246,1.24444,0.34104
3445,198,0,0,13,0,1,0,0,0.88,0.05665,0.15,1709,31.5246,0.97141,0.34104
3446,43,0,0,10,0,1,0,0,-14.387,0.0566,0.15,1709,31.5246,2.51391,0.34104
3447,27,0,0,8,0,1,0,0,-18.283,0.05656,0.15,1709,31.5246,2.4103,0.34104
3448,119,0,0,7,0,1,0,0,-9.557,0.05651,0.15,1709,31.5246,1.51382,0.34104
3449,400,7,2,41,1,0,1,1,116.049,0.05646,0.15,1709,31.5246,1.41203,0.34114
3450,400,1,1,35,0,0,0,1,99.932,0.05642,0.15,1709,31.5246,1.48577,0.34114
3451,343,2,2,39,0,1,0,0,56.76,0.05637,0.15,1709,31.5246,1.55517,0.34123
3452,400,6,1,26,1,0,1,1,75.654,0.05632,0.15,1709,31.5246,1.38325,0.34123
3453,13,0,0,4,0,1,0,0,-24.161,0.05628,0.15,1709,31.5246,5.06402,0.34123
3454,28,1,1,10,0,1,0,0,-16.659,0.05623,0.15,1709,31.5246,2.79281,0.34123
3455,400,4,4,30,0,0,0,1,102.309,0.05618,0.15,1709,31.5246,1.13865,0.34123
3456,5,0,0,3,0,1,0,0,-30.504,0.05613,0.15,1709,31.5246,4.84253,0.34123
3457,400,10,5,45,1,0,2,1,133.538,0.05609,0.15,1712,31.5246,1.3124,0.34112
3458,20,1,1,10,0,1,0,0,-13.357,0.05604,0.15,1712,31.5246,2.65854,0.34112
3459,400,3,3,23,0,0,0,1,74.684,0.05599,0.15,1712,31.5246,1.26768,0.34112
3460,400,1,1,27,0,0,0,1,87.387,0.05595,0.15,1712,31.5246,1.15602,0.34112
3461,400,2,2,31,0,0,0,1,89.922,0.0559,0.15,1713,31.5246,1.19367,0.34102
3462,5,0,0,2,0,1,0,0,-31.408,0.05585,0.15,1713,31.5246,8.47266,0.34102
3463,58,0,0,9,0,1,0,0,-14.203,0.05581,0.15,1713,31.5246,1.78868,0.34102
3464,400,8,3,31,1,0,0,1,109.797,0.05576,0.15,1713,31.5246,1.27766,0.34102
3465,400,4,4,33,0,0,1,1,103.287,0.05572,0.15,1713,31.5246,1.14776,0.34112
3466,283,1,1,36,0,1,1,0,44.923,0.05567,0.15,1713,31.5246,1.74786,0.34112
3467,400,2,2,40,0,0,0,1,110.843,0.05562,0.15,1714,31.5246,1.31638,0.34102
3468,400,3,3,45,0,0,0,1,97.984,0.05558,0.15,1714,31.5246,1.34666,0.34121
3469,400,2,2,38,0,0,0,1,107.861,0.05553,0.15,1714,31.5246,0.99184,0.34121
3470,251,5,5,32,0,1,0,0,54.048,0.05548,0.15,1715,31.5246,1.5884,0.34111
3471,226,3,3,33,0,1,0,0,40.04,0.05544,0.15,1715,31.5246,1.38718,0.34111
3472,400,1,1,41,0,0,0,1,97.291,0.05539,0.15,1715,31.5246,1.06457,0.34111
3473,400,2,2,39,0,0,0,1,92.42,0.05535,0.15,1715,31.5246,1.05557,0.34121
3474,400,2,2,27,0,0,1,1,101.459,0.0553,0.15,1715,31.5246,1.15605,0.34121
3475,400,2,2,39,0,0,0,1,76.71,0.05525,0.15,1715,31.5246,1.26822,0.34121
3476,20,0,0,8,0,1,0,0,-19.813,0.05521,0.15,1715,31.5246,3.86942,0.34121
3477,400,8,3,29,1,0,0,1,109.175,0.05516,0.15,1715,31.5246,1.24256,0.34121
3478,42,1,1,6,0,1,0,0,-16.347,0.05512,0.15,1715,31.5246,2.8638,0.34121
3479,400,6,1,34,1,0,0,1,106.488,0.05507,0.15,1715,31.5246,1.33024,0.34121
3480,55,1,1,9,0,1,0,0,-7.173,0.05502,0.15,1715,31.5246,1.90332,0.34121
3481,20,0,0,8,0,1,0,0,-20.171,0.05498,0.15,1715,31.5246,2.29959,0.34121
3482,400,2,2,27,0,0,0,1,76.82,0.05493,0.15,1715,31.5246,1.35975,0.34121
3483,27,0,0,8,0,1,0,0,-19.216,0.05489,0.15,1715,31.5246,2.21599,0.34121
3484,188,0,0,39,0,1,1,0,21.223,0.05484,0.15,1715,31.5246,1.92051,0.3413
3485,49,1,1,10,0,1,0,0,-7.243,0.05479,0.15,1715,31.5246,2.7017,0.3413
3486,12,0,0,5,0,1,0,0,-23.9,0.05475,0.15,1715,31.5246,5.82178,0.3413
3487,400,3,3,44,0,0,0,1,95.964,0.0547,0.15,1716,31.5246,1.40498,0.34139
3488,309,1,1,23,0,1,0,0,32.33,0.05466,0.15,1716,31.5246,1.25928,0.34139
3489,400,3,3,46,0,0,1,1,102.903,0.05461,0.15,1716,31.5246,1.31702,0.34139
3490,239,1,1,12,0,1,0,0,-8.967,0.05457,0.15,1716,31.5246,1.39553,0.34139
3491,400,3,3,30,0,0,0,1,104.694,0.05452,0.15,1716,31.5246,1.15901,0.34139
3492,27,0,0,8,0,1,0,0,-16.489,0.05448,0.15,1716,31.5246,2.23877,0.34139
3493,400,1,1,38,0,0,0,1,100.155,0.05443,0.15,1717,31.5246,1.25678,0.34129
3494,400,2,2,23,0,0,0,1,74.947,0.05439,0.15,1717,31.5246,1.17693,0.34129
3495,230,3,3,28,0,1,0,0,33.419,0.05434,0.15,1717,31.5246,1.79079,0.34129
3496,400,6,6,43,0,0,0,1,127.932,0.05429,0.15,1717,31.5246,1.38392,0.34129
3497,400,3,3,48,0,0,0,1,111.751,0.05425,0.15,1718,31.5246,1.50454,0.34119
3498,400,8,3,51,1,0,0,1,130.432,0.0542,0.15,1719,31.5246,1.44217,0.34109
3499,400,1,1,36,0,0,0,1,90.004,0.05416,0.15,1719,31.5246,1.28225,0.34109
3500,192,4,4,24,0,1,0,0,29.948,0.05411,0.15,1719,31.5246,1.59259,0.34109
3501,165,1,1,47,0,1,0,0,39.275,0.05407,0.15,1719,31.5246,2.22984,0.34109
3502,400,9,4,35,1,0,0,1,126.656,0.05402,0.15,1719,31.5246,1.49381,0.34109
3503,97,1,1,14,0,1,0,0,0.135,0.05398,0.15,1719,31.5246,1.8911,0.34109
3504,400,11,6,76,1,0,0,1,169.419,0.05393,0.15,1721,31.5246,1.6364,0.34089
3505,400,17,7,29,2,0,0,1,130.607,0.05389,0.15,1721,31.5246,1.73057,0.34098
3506,123,1,1,19,0,1,1,0,6.907,0.05384,0.15,1722,31.5246,2.17947,0.34088
3507,73,2,2,21,0,1,0,0,8.167,0.0538,0.15,1722,31.5246,2.05687,0.34088
3508,400,6,1,55,1,0,0,1,155.276,0.05375,0.15,1723,31.5246,1.18715,0.34078
3509,20,1,1,7,0,1,0,0,-16.118,0.05371,0.15,1723,31.5246,2.84373,0.34078
3510,175,7,2,29,1,1,1,0,43.833,0.05366,0.15,1723,31.5246,2.35448,0.34078
3511,73,1,1,24,0,1,0,0,7.313,0.05362,0.15,1723,31.5246,2.72395,0.34078
3512,237,1,1,20,0,1,0,0,14.822,0.05358,0.15,1723,31.5246,1.71737,0.34088
3513,139,3,3,38,0,1,0,0,44.32,0.05353,0.15,1723,31.5246,2.13156,0.34088
3514,214,4,4,43,0,1,0,0,52.559,0.05349,0.15,1723,31.5246,1.78163,0.34088
3515,400,3,3,46,0,0,0,1,123.995,0.05344,0.15,1723,31.5246,1.27528,0.34098
3516,261,2,2,53,0,1,0,0,75.581,0.0534,0.15,1723,31.5246,1.73485,0.34098
3517,14,0,0,4,0,1,0,0,-24.521,0.05335,0.15,1723,31.5246,5.05542,0.34098
3518,136,2,2,22,0,1,1,0,24.756,0.05331,0.15,1725,31.5246,2.12971,0.34077
3519,113,0,0,15,0,1,0,0,4.352,0.05326,0.15,1725,31.5246,1.96666,0.34077
3520,134,1,1,36,0,1,0,0,23.311,0.05322,0.15,1725,31.5246,2.10157,0.34077
3521,400,5,5,45,0,0,1,1,118.895,0.05318,0.15,1725,31.5246,1.39285,0.34087
3522,400,5,0,26,1,0,0,1,101.85,0.05313,0.15,1725,31.5246,1.51438,0.34097
3523,400,3,3,41,0,0,0,1,97.386,0.05309,0.15,1725,31.5246,1.30339,0.34106
3524,53,1,1,16,0,1,0,0,-5.94,0.05304,0.15,1725,31.5246,2.62744,0.34106
3525,400,4,4,29,0,0,0,1,106.645,0.053,0.15,1725,31.5246,1.37314,0.34106
3526,400,4,4,39,0,0,0,1,94.312,0.05295,0.15,1725,31.5246,1.17157,0.34106
3527,400,9,4,47,1,0,0,1,123.235,0.05291,0.15,1725,31.5246,1.03864,0.34116
3528,400,2,2,37,0,0,0,1,87.408,0.05287,0.15,1725,31.5246,1.26792,0.34126
3529,13,0,0,3,0,1,0,0,-25.175,0.05282,0.15,1725,31.5246,3.0541,0.34126
3530,13,0,0,4,0,1,0,0,-27.446,0.05278,0.15,1725,31.5246,7.5716,0.34126
3531,400,4,4,47,0,0,0,1,115.68,0.05273,0.15,1725,31.5246,1.22825,0.34145
3532,55,1,1,16,0,1,1,0,-2.447,0.05269,0.15,1726,31.5246,2.51233,0.34135
3533,400,1,1,26,0,0,2,1,97.19,0.05265,0.15,1726,31.5246,1.106,0.34144
3534,400,4,4,37,0,0,0,1,103.098,0.0526,0.15,1726,31.5246,1.38545,0.34144
3535,275,3,3,33,0,1,0,0,55.222,0.05256,0.15,1726,31.5246,1.37526,0.34144
3536,400,1,1,38,0,0,0,1,107.705,0.05251,0.15,1727,31.5246,1.33134,0.34134
3537,400,3,3,35,0,0,0,1,82.653,0.05247,0.15,1727,31.5246,1.33561,0.34134
3538,400,3,3,58,0,0,0,1,129.477,0.05243,0.15,1727,31.5246,1.25555,0.34134
3539,263,4,4,37,0,1,0,0,58.883,0.05238,0.15,1727,31.5246,1.64779,0.34144
3540,177,0,0,22,0,1,0,0,17.105,0.05234,0.15,1727,31.5246,1.47728,0.34144
3541,400,1,1,40,0,0,0,1,98.558,0.0523,0.15,1727,31.5246,1.31582,0.34144
3542,400,5,5,34,0,0,1,1,105.063,0.05225,0.15,1727,31.5246,1.14158,0.34144
3543,400,3,3,48,0,0,0,1,121.654,0.05221,0.15,1727,31.5246,1.18184,0.34144
3544,36,1,1,11,0,1,0,0,-8.07,0.05217,0.15,1727,31.5246,1.55182,0.34144
3545,130,4,4,42,0,1,0,0,38.468,0.05212,0.15,1727,31.5246,2.35634,0.34144
3546,400,1,1,40,0,0,1,1,104.317,0.05208,0.15,1727,31.5246,1.19699,0.34154
3547,400,4,4,42,0,0,0,1,107.946,0.05204,0.15,1727,31.5246,1.21292,0.34154
3548,400,2,2,29,0,0,0,1,91.348,0.05199,0.15,1727,31.5246,1.27317,0.34154
3549,400,1,1,42,0,0,0,1,102.621,0.05195,0.15,1728,31.5246,1.12289,0.34144
3550,400,2,2,32,0,0,1,1,89.601,0.05191,0.15,1729,31.5246,1.17774,0.34133
3551,400,4,4,29,0,0,0,1,86.376,0.05186,0.15,1729,31.5246,1.34068,0.34133
3552,400,10,5,36,1,0,0,1,127.581,0.05182,0.15,1729,31.5246,1.33087,0.34133
3553,62,2,2,25,0,1,0,0,7.286,0.05178,0.15,1729,31.5246,2.54671,0.34133
3554,195,2,2,28,0,1,0,0,27.857,0.05173,0.15,1729,31.5246,1.85906,0.34133
3555,400,1,1,26,0,0,0,1,71.961,0.05169,0.15,1729,31.5246,1.21227,0.34133
3556,123,1,1,30,0,1,0,0,17.915,0.05165,0.15,1729,31.5246,1.71413,0.34133
3557,400,1,1,20,0,0,0,1,63.579,0.0516,0.15,1729,31.5246,1.23494,0.34143
3558,244,2,2,36,0,1,0,0,33.448,0.05156,0.15,1731,31.5246,1.6434,0.34123
3559,400,2,2,51,0,0,0,1,131.304,0.05152,0.15,1733,31.5246,1.19628,0.34112
3560,100,1,1,22,0,1,0,0,6.862,0.05147,0.15,1733,31.5246,1.64222,0.34112
3561,400,6,1,40,1,0,0,1,104.057,0.05143,0.15,1733,31.5246,0.89007,0.34112
3562,400,12,2,49,2,0,1,1,131.83,0.05139,0.15,1733,31.5246,1.47251,0.34112
3563,265,3,3,31,0,1,0,0,30.034,0.05135,0.15,1733,31.5246,1.51349,0.34112
3564,125,3,3,27,0,1,0,0,19.703,0.0513,0.15,1733,31.5246,1.51317,0.34112
3565,86,2,2,27,0,1,0,0,15.771,0.05126,0.15,1733,31.5246,1.90451,0.34112
3566,80,0,0,22,0,1,1,0,-0.38,0.05122,0.15,1734,31.5246,1.97132,0.34102
3567,13,0,0,4,0,1,0,0,-24.573,0.05118,0.15,1734,31.5246,5.07614,0.34102
3568,13,0,0,4,0,1,0,0,-22.923,0.05113,0.15,1734,31.5246,3.07631,0.34102
3569,71,0,0,16,0,0,0,0,12.291,0.05109,0.15,1736,31.5246,1.87965,0.34092
3570,268,0,0,42,0,1,0,0,36.228,0.05105,0.15,1736,31.5246,1.57606,0.34092
3571,400,12,7,60,1,0,0,1,142.883,0.051,0.15,1737,31.5246,1.45434,0.34101
3572,13,0,0,7,0,1,0,0,-26.337,0.05096,0.15,1737,31.5246,4.1678,0.34101
3573,200,0,0,18,0,1,0,0,19.345,0.05092,0.15,1737,31.5246,1.67445,0.34101
3574,400,9,4,36,1,0,0,1,128.971,0.05088,0.15,1737,31.5246,1.12302,0.34101
3575,400,4,4,50,0,0,0,1,120.605,0.05084,0.15,1737,31.5246,1.23134,0.3412
3576,133,0,0,24,0,1,0,0,21.573,0.05079,0.15,1737,31.5246,1.41399,0.3412
3577,400,5,5,59,0,0,0,1,139.958,0.05075,0.15,1737,31.5246,1.35018,0.34139
3578,400,3,3,46,0,0,2,1,118.812,0.05071,0.15,1737,31.5246,1.20019,0.34149
3579,400,3,3,33,0,0,1,1,111.938,0.05067,0.15,1737,31.5246,1.11057,0.34149
3580,400,5,5,51,0,0,0,1,146.424,0.05062,0.15,1737,31.5246,1.1719,0.34159
3581,42,2,2,14,0,1,0,0,-6.849,0.05058,0.15,1737,31.5246,2.87292,0.34159
3582,282,10,5,35,1,1,1,0,80.015,0.05054,0.15,1740,31.5246,1.92513,0.34128
3583,400,16,6,61,2,0,0,1,177.025,0.0505,0.15,1740,31.5246,1.338,0.34128
3584,34,0,0,13,0,1,0,0,-12.111,0.05046,0.15,1740,31.5246,2.08636,0.34128
3585,205,1,1,45,0,1,0,0,47.648,0.05041,0.15,1741,31.5246,1.51652,0.34128
3586,400,3,3,49,0,0,0,1,130.175,0.05037,0.15,1741,31.5246,1.23518,0.34137
3587,281,3,3,49,0,0,0,1,105.321,0.05033,0.15,1741,31.5246,1.4063,0.34157
3588,42,0,0,15,0,1,0,0,-11.681,0.05029,0.15,1741,31.5246,3.06847,0.34157
3589,400,5,5,60,0,0,1,1,132.535,0.05025,0.15,1742,31.5246,1.39493,0.34156
3590,112,2,2,31,0,1,0,0,26.515,0.0502,0.15,1743,31.5246,2.01388,0.34146
3591,400,3,3,52,0,0,1,1,135.091,0.05016,0.15,1744,31.5246,1.14255,0.34136
3592,400,4,4,39,0,0,0,1,129.332,0.05012,0.15,1745,31.5246,0.98637,0.34136
3593,184,3,3,38,0,1,2,0,42.581,0.05008,0.15,1745,31.5246,1.93991,0.34136
3594,400,8,3,58,1,0,0,1,152.712,0.05004,0.15,1745,31.5246,1.42313,0.34145
3595,400,2,2,41,0,0,1,1,114.904,0.05,0.15,1745,31.5246,1.04885,0.34145
3596,20,0,0,7,0,1,0,0,-20.469,0.05,0.15,1745,31.5246,4.06723,0.34145
3597,400,4,4,52,0,0,0,1,139.874,0.05,0.15,1745,31.5246,1.06917,0.34145
3598,400,6,1,56,1,0,0,1,151.834,0.05,0.15,1745,31.5246,1.05392,0.34145
3599,400,10,5,41,1,0,0,1,139.477,0.05,0.15,1745,31.5246,1.16265,0.34145
3600,138,0,0,19,0,1,0,0,14.574,0.05,0.15,1745,31.5246,1.90669,0.34145
3601,400,3,3,44,0,0,0,1,134.327,0.05,0.15,1745,31.5246,1.03203,0.34145
3602,400,4,4,58,0,0,0,1,153.209,0.05,0.15,1745,31.5246,1.33508,0.34155
3603,400,9,4,70,1,0,0,1,161.597,0.05,0.15,1745,31.5246,1.18087,0.34155
3604,400,6,1,39,1,0,0,1,117.889,0.05,0.15,1745,31.5246,1.14826,0.34155
3605,400,9,4,37,1,0,0,1,126.463,0.05,0.15,1745,31.5246,1.02908,0.34155
3606,173,5,0,31,1,1,2,0,32.511,0.05,0.15,1745,31.5246,2.32738,0.34155
3607,221,3,3,45,0,1,0,0,56.174,0.05,0.15,1745,31.5246,1.77868,0.34155
3608,400,5,5,43,0,0,0,1,118.473,0.05,0.15,1745,31.5246,1.24849,0.34155
3609,196,3,3,48,0,1,1,0,52.408,0.05,0.15,1745,31.5246,1.9959,0.34155
3610,40,2,2,22,0,1,0,0,-2.864,0.05,0.15,1745,31.5246,3.30249,0.34155
3611,21,0,0,6,0,1,0,0,-20.455,0.05,0.15,1745,31.5246,3.63622,0.34155
3612,21,1,1,7,0,1,0,0,-16.502,0.05,0.15,1745,31.5246,4.09612,0.34155
3613,257,3,3,44,0,1,0,0,60.468,0.05,0.15,1746,31.5246,1.692,0.34154
3614,149,5,5,59,0,0,0,0,79.695,0.05,0.15,1746,31.5246,2.17132,0.34164
3615,400,1,1,26,0,0,0,1,78.259,0.05,0.15,1746,31.5246,0.74731,0.34164
3616,136,4,4,38,0,1,1,0,34.823,0.05,0.15,1746,31.5246,2.12177,0.34164
3617,205,1,1,23,0,1,0,0,42.748,0.05,0.15,1746,31.5246,1.22671,0.34164
3618,43,1,1,15,0,1,0,0,-9.056,0.05,0.15,1746,31.5246,2.84308,0.34164
3619,400,8,3,44,1,0,1,1,121.823,0.05,0.15,1746,31.5246,1.41732,0.34164
3620,400,4,4,45,0,0,0,1,114.076,0.05,0.15,1746,31.5246,1.09829,0.34164
3621,5,0,0,2,0,1,0,0,-28.104,0.05,0.15,1746,31.5246,10.76035,0.34164
3622,158,2,2,32,0,1,0,0,39.692,0.05,0.15,1746,31.5246,1.40246,0.34164
3623,121,2,2,22,0,1,0,0,22.235,0.05,0.15,1746,31.5246,2.08954,0.34164
3624,26,0,0,8,0,1,0,0,-17.758,0.05,0.15,1746,31.5246,2.08795,0.34164
3625,400,2,2,53,0,0,0,1,118.13,0.05,0.15,1747,31.5246,1.38067,0.34163
3626,400,3,3,64,0,0,1,1,150.513,0.05,0.15,1748,31.5246,1.13229,0.34153
3627,400,3,3,51,0,0,0,1,129.036,0.05,0.15,1748,31.5246,1.07529,0.34153
3628,400,0,0,29,0,0,0,1,96.275,0.05,0.15,1748,31.5246,1.20679,0.34163
3629,400,7,2,21,1,0,0,1,101.051,0.05,0.15,1748,31.5246,1.02548,0.34163
3630,17,0,0,2,0,1,0,0,-27.656,0.05,0.15,1748,31.5246,3.17758,0.34163
3631,400,8,3,48,1,0,0,1,124.715,0.05,0.15,1750,31.5246,1.35064,0.34143
3632,20,1,1,9,0,1,0,0,-15.547,0.05,0.15,1750,31.5246,4.14307,0.34143
3633,400,4,4,31,0,0,1,1,69.972,0.05,0.15,1750,31.5246,1.42334,0.34143
3634,252,1,1,30,0,1,1,0,24.236,0.05,0.15,1750,31.5246,1.9417,0.34152
3635,400,8,3,30,1,0,1,1,113.346,0.05,0.15,1750,31.5246,1.29318,0.34152
3636,400,8,3,25,1,0,0,1,127.048,0.05,0.15,1751,31.5246,1.05609,0.34142
3637,400,5,5,54,0,0,0,1,143.77,0.05,0.15,1751,31.5246,1.25501,0.34152
3638,400,8,3,36,1,0,0,1,132.301,0.05,0.15,1752,31.5246,1.14552,0.34142
3639,400,1,1,39,0,0,0,1,108.702,0.05,0.15,1752,31.5246,1.16959,0.34142
3640,400,3,3,36,0,0,0,1,113.804,0.05,0.15,1753,31.5246,1.08487,0.34141
3641,400,7,2,46,1,0,0,1,124.99,0.05,0.15,1753,31.5246,1.25372,0.34141
3642,400,4,4,48,0,0,0,1,136.287,0.05,0.15,1753,31.5246,1.18389,0.34141
3643,350,5,5,46,0,0,0,0,110.264,0.05,0.15,1753,31.5246,1.16743,0.34141
3644,109,1,1,21,0,1,0,0,11.336,0.05,0.15,1753,31.5246,2.08587,0.34141
3645,400,4,4,44,0,0,0,1,126.686,0.05,0.15,1753,31.5246,1.07265,0.34141
3646,400,9,4,50,1,0,0,1,150.084,0.05,0.15,1753,31.5246,1.11146,0.34141
3647,400,1,1,53,0,0,1,1,128.852,0.05,0.15,1753,31.5246,1.14541,0.34141
3648,400,2,2,35,0,0,0,1,117.785,0.05,0.15,1754,31.5246,1.28919,0.34132
3649,400,2,2,28,0,0,0,1,103.948,0.05,0.15,1756,31.5246,1.18924,0.34112
3650,27,2,2,8,0,1,0,0,-10.37,0.05,0.15,1756,31.5246,1.90085,0.34112
3651,89,2,2,36,0,1,0,0,23.272,0.05,0.15,1756,31.5246,2.76523,0.34112
3652,400,5,5,41,0,0,0,1,112.473,0.05,0.15,1757,31.5246,1.27546,0.34121
3653,77,3,3,25,0,1,1,0,13.657,0.05,0.15,1757,31.5246,2.52588,0.34121
3654,330,2,2,77,0,1,1,0,90.384,0.05,0.15,1757,31.5246,1.61961,0.34121
3655,400,1,1,38,0,0,0,1,111.533,0.05,0.15,1757,31.5246,1.06823,0.34121
3656,400,6,6,46,0,0,0,1,124.306,0.05,0.15,1757,31.5246,1.24627,0.34121
3657,400,1,1,30,0,0,0,1,106.795,0.05,0.15,1758,31.5246,0.60092,0.34111
3658,400,4,4,37,0,0,0,1,125.325,0.05,0.15,1758,31.5246,1.19171,0.34111
3659,400,8,3,37,1,0,0,1,119.94,0.05,0.15,1759,31.5246,1.40793,0.34101
3660,400,3,3,30,0,0,0,1,107.029,0.05,0.15,1759,31.5246,1.13743,0.34101
3661,400,3,3,37,0,0,0,1,110.148,0.05,0.15,1760,31.5246,1.19643,0.341
3662,400,5,5,44,0,0,0,1,115.944,0.05,0.15,1760,31.5246,1.25437,0.341
3663,90,0,0,22,0,1,0,0,5.941,0.05,0.15,1760,31.5246,1.77338,0.341
3664,400,2,2,26,0,0,0,1,105.171,0.05,0.15,1761,31.5246,0.87591,0.3409
3665,400,8,3,41,1,0,2,1,116.051,0.05,0.15,1761,31.5246,1.42999,0.3409
3666,5,0,0,2,0,1,0,0,-28.104,0.05,0.15,1761,31.5246,12.0247,0.3409
3667,34,0,0,6,0,1,0,0,-19.106,0.05,0.15,1761,31.5246,3.47573,0.3409
3668,43,0,0,7,0,1,0,0,-19.233,0.05,0.15,1761,31.5246,1.50627,0.3409
3669,400,4,4,50,0,0,1,1,123.652,0.05,0.15,1762,31.5246,1.44627,0.34081
3670,400,2,2,31,0,0,0,1,93.815,0.05,0.15,1768,31.5246,1.09482,0.34021
3671,166,3,3,47,0,1,0,0,48.481,0.05,0.15,1768,31.5246,1.87817,0.34021
3672,400,3,3,30,0,0,0,1,116.986,0.05,0.15,1768,31.5246,1.12106,0.34021
3673,199,3,3,36,0,1,0,0,45.899,0.05,0.15,1768,31.5246,1.75066,0.34021
3674,400,7,2,28,1,0,0,1,110.096,0.05,0.15,1768,31.5246,1.28163,0.34021
3675,83,3,3,24,0,1,0,0,17.972,0.05,0.15,1768,31.5246,2.2023,0.34021
3676,400,4,4,38,0,0,0,1,114.576,0.05,0.15,1768,31.5246,1.15405,0.34021
3677,26,0,0,8,0,1,0,0,-19.503,0.05,0.15,1768,31.5246,3.11547,0.34021
3678,400,3,3,32,0,0,0,1,102.959,0.05,0.15,1768,31.5246,1.11605,0.34021
3679,400,3,3,52,0,0,1,1,133.451,0.05,0.15,1768,31.5246,1.12995,0.34021
3680,49,1,1,16,0,1,0,0,-3.803,0.05,0.15,1768,31.5246,2.72058,0.34021
3681,134,0,0,20,0,1,0,0,12.178,0.05,0.15,1768,31.5246,1.82099,0.34021
3682,400,3,3,30,0,0,0,1,106.169,0.05,0.15,1769,31.5246,1.00304,0.34012
3683,400,3,3,41,0,0,0,1,131.726,0.05,0.15,1769,31.5246,0.88266,0.34012
3684,400,7,7,38,0,0,0,1,139.28,0.05,0.15,1769,31.5246,0.9507,0.34021
3685,400,3,3,53,0,0,0,1,135.393,0.05,0.15,1769,31.5246,1.16031,0.34021
3686,48,2,2,11,0,1,0,0,-10.218,0.05,0.15,1770,31.5246,3.40376,0.34011
3687,29,0,0,13,0,1,0,0,-17.373,0.05,0.15,1770,31.5246,2.7964,0.34011
3688,400,0,0,17,0,0,0,1,81.172,0.05,0.15,1770,31.5246,0.9394,0.34011
3689,20,1,1,12,0,1,0,0,-14.136,0.05,0.15,1770,31.5246,4.21823,0.34011
3690,400,4,4,31,0,0,0,1,109.305,0.05,0.15,1770,31.5246,1.20397,0.34011
3691,400,3,3,34,0,0,0,1,102.984,0.05,0.15,1770,31.5246,1.11215,0.34011
3692,400,6,6,58,0,0,0,1,131.586,0.05,0.15,1770,31.5246,1.44445,0.34021
3693,400,8,3,31,1,0,0,1,120.537,0.05,0.15,1771,31.5246,1.32926,0.34011
3694,131,2,2,25,0,1,0,0,21.468,0.05,0.15,1771,31.5246,1.99214,0.34011
3695,400,0,0,32,0,0,0,1,113.249,0.05,0.15,1771,31.5246,0.85615,0.34011
3696,400,6,6,52,0,0,0,1,135.112,0.05,0.15,1775,31.5246,1.22777,0.33981
3697,400,1,1,39,0,0,0,1,109.983,0.05,0.15,1775,31.5246,1.00604,0.33991
3698,20,0,0,8,0,1,0,0,-19.963,0.05,0.15,1775,31.5246,3.584,0.33991
3699,400,3,3,22,0,0,0,1,104.437,0.05,0.15,1775,31.5246,0.96889,0.34
3700,400,4,4,39,0,0,0,1,131.708,0.05,0.15,1775,31.5246,0.90156,0.34
3701,400,1,1,29,0,0,0,1,100.721,0.05,0.15,1775,31.5246,0.9478,0.34
3702,22,0,0,10,0,1,0,0,-17.247,0.05,0.15,1775,31.5246,3.13368,0.34
3703,5,0,0,2,0,1,0,0,-31.104,0.05,0.15,1775,31.5246,6.32166,0.34
3704,102,0,0,12,0,1,1,0,-7.477,0.05,0.15,1775,31.5246,2.55421,0.34
3705,400,1,1,26,0,0,0,1,88.519,0.05,0.15,1775,31.5246,1.1536,0.34
3706,400,3,3,12,0,0,0,1,96.698,0.05,0.15,1776,31.5246,0.79852,0.3399
3707,344,4,4,28,0,1,0,0,72.769,0.05,0.15,1777,31.5246,1.07988,0.3398
3708,400,2,2,21,0,0,0,1,107.336,0.05,0.15,1778,31.5246,0.7388,0.33971
3709,20,0,0,8,0,1,0,0,-18.513,0.05,0.15,1778,31.5246,1.85747,0.33971
3710,400,1,1,33,0,0,0,1,109.978,0.05,0.15,1778,31.5246,0.83663,0.33971
3711,328,0,0,10,0,1,0,0,31.52,0.05,0.15,1779,31.5246,1.0897,0.33961
3712,400,3,3,31,0,0,0,1,112.421,0.05,0.15,1779,31.5246,0.92783,0.33961
3713,400,1,1,16,0,0,0,1,87.065,0.05,0.15,1779,31.5246,0.69448,0.3397
3714,400,2,2,44,0,0,0,1,125.673,0.05,0.15,1779,31.5246,0.95297,0.3397
3715,258,0,0,38,0,1,1,0,51.021,0.05,0.15,1779,31.5246,1.06317,0.3397
3716,400,0,0,34,0,0,0,1,112.501,0.05,0.15,1779,31.5246,0.8894,0.3397
3717,280,2,2,31,0,1,0,0,55.814,0.05,0.15,1779,31.5246,1.49285,0.3397
3718,400,6,1,35,1,0,0,1,118.694,0.05,0.15,1779,31.5246,1.14754,0.3397
3719,175,3,3,25,0,1,0,0,41.236,0.05,0.15,1779,31.5246,1.53402,0.3397
3720,262,1,1,39,0,1,0,0,59.057,0.05,0.15,1779,31.5246,1.37593,0.3397
3721,400,2,2,22,0,0,0,1,109.995,0.05,0.15,1780,31.5246,0.93484,0.33961
3722,400,1,1,31,0,0,0,1,114.739,0.05,0.15,1780,31.5246,1.08024,0.33961
3723,400,12,2,23,2,0,1,1,131.661,0.05,0.15,1780,31.5246,1.05596,0.33961
3724,400,2,2,9,0,0,0,1,90.319,0.05,0.15,1780,31.5246,0.84308,0.33961
3725,400,2,2,32,0,0,0,1,114.803,0.05,0.15,1780,31.5246,0.86429,0.33961
3726,400,2,2,48,0,0,0,1,127.673,0.05,0.15,1780,31.5246,1.09588,0.33961
3727,400,10,5,26,1,0,0,1,132.992,0.05,0.15,1780,31.5246,1.06715,0.33961
3728,400,17,7,57,2,0,0,1,176.956,0.05,0.15,1780,31.5246,1.45496,0.33961
3729,41,0,0,13,0,1,0,0,-11.75,0.05,0.15,1780,31.5246,3.35015,0.33961
3730,314,9,4,36,1,1,0,0,87.015,0.05,0.15,1780,31.5246,1.31859,0.33961
3731,400,10,5,54,1,0,0,1,160.153,0.05,0.15,1780,31.5246,1.01521,0.33961
3732,400,1,1,23,0,0,0,1,102.744,0.05,0.15,1780,31.5246,0.85645,0.33961
3733,400,2,2,47,0,0,0,1,132.801,0.05,0.15,1780,31.5246,0.70515,0.33961
3734,13,0,0,5,0,1,0,0,-26.877,0.05,0.15,1780,31.5246,3.77936,0.33961
3735,216,9,4,17,1,1,1,0,40.462,0.05,0.15,1781,31.5246,2.14113,0.33951
3736,98,1,1,30,0,1,0,0,15.747,0.05,0.15,1783,31.5246,2.08869,0.33932
3737,400,0,0,31,0,0,0,1,85.996,0.05,0.15,1784,31.5246,1.43614,0.33931
3738,106,3,3,14,0,1,0,0,14.798,0.05,0.15,1784,31.5246,1.98764,0.33931
3739,400,5,5,32,0,0,0,1,117.331,0.05,0.15,1784,31.5246,1.18566,0.33941
3740,400,6,1,33,1,0,0,1,126.131,0.05,0.15,1784,31.5246,1.37859,0.3395
3741,400,0,0,23,0,0,0,1,69.339,0.05,0.15,1784,31.5246,1.32719,0.3395
3742,400,3,3,30,0,0,0,1,105.423,0.05,0.15,1784,31.5246,1.31368,0.3395
3743,187,1,1,25,0,1,1,0,25.593,0.05,0.15,1784,31.5246,1.82732,0.3395
3744,53,1,1,13,0,1,0,0,-8.551,0.05,0.15,1784,31.5246,2.12283,0.3395
3745,290,2,2,59,0,1,1,0,65.935,0.05,0.15,1784,31.5246,1.69742,0.3395
3746,400,4,4,54,0,0,1,1,135.272,0.05,0.15,1785,31.5246,1.3327,0.3394
3747,248,10,5,57,1,1,1,0,96.021,0.05,0.15,1786,31.5246,1.98369,0.33931
3748,178,4,4,47,0,1,0,0,48.036,0.05,0.15,1786,31.5246,1.98276,0.33931
3749,400,6,6,48,0,0,0,1,148.435,0.05,0.15,1786,31.5246,1.25103,0.33931
3750,5,0,0,3,0,1,0,0,-33.408,0.05,0.15,1786,31.5246,0.59279,0.33931
3751,20,0,0,6,0,1,0,0,-20.259,0.05,0.15,1786,31.5246,4.42871,0.33931
3752,400,5,5,63,0,0,1,1,129.748,0.05,0.15,1786,31.5246,1.30433,0.33931
3753,66,1,1,8,0,1,0,0,-9.438,0.05,0.15,1786,31.5246,1.96735,0.33931
3754,148,1,1,35,0,1,0,0,31.739,0.05,0.15,1786,31.5246,1.94815,0.33931
3755,145,0,0,22,0,1,0,0,16.632,0.05,0.15,1786,31.5246,1.55488,0.33931
3756,400,10,5,62,1,0,0,1,148.32,0.05,0.15,1786,31.5246,1.30321,0.33931
3757,400,10,5,47,1,0,0,1,131.973,0.05,0.15,1786,31.5246,1.55748,0.33931
3758,226,3,3,36,0,0,0,0,61.806,0.05,0.15,1786,31.5246,1.64781,0.33931
3759,400,3,3,59,0,0,1,1,126.589,0.05,0.15,1786,31.5246,1.32535,0.33931
3760,235,2,2,20,0,1,2,0,38.892,0.05,0.15,1786,31.5246,1.84204,0.33931
3761,89,2,2,49,0,1,0,0,32.632,0.05,0.15,1786,31.5246,2.63196,0.33931
3762,400,6,1,56,1,0,0,1,144.464,0.05,0.15,1786,31.5246,1.25322,0.33931
3763,400,3,3,51,0,0,0,1,125.02,0.05,0.15,1786,31.5246,1.27571,0.33931
3764,400,1,1,22,0,0,0,1,80.1,0.05,0.15,1787,31.5246,1.14635,0.33921
3765,297,0,0,21,0,0,1,0,49.958,0.05,0.15,1787,31.5246,1.17364,0.33921
3766,100,1,1,10,0,1,0,0,-0.538,0.05,0.15,1787,31.5246,2.13573,0.33921
3767,400,6,1,38,1,0,0,1,122.554,0.05,0.15,1787,31.5246,1.17898,0.33921
3768,146,1,1,19,0,1,0,0,7.235,0.05,0.15,1787,31.5246,1.76078,0.33921
3769,400,2,2,56,0,0,0,1,112.936,0.05,0.15,1787,31.5246,1.42892,0.3393
3770,400,3,3,42,0,0,0,1,113.218,0.05,0.15,1787,31.5246,1.10976,0.3393
3771,400,7,2,32,1,0,0,1,114.343,0.05,0.15,1787,31.5246,1.39033,0.3393
3772,400,13,3,65,2,0,1,1,176.357,0.05,0.15,1787,31.5246,1.60445,0.3393
3773,95,3,3,24,0,1,1,0,17.978,0.05,0.15,1787,31.5246,2.58428,0.3393
3774,400,6,6,49,0,0,0,1,142.4,0.05,0.15,1791,31.5246,1.43439,0.33901
3775,400,5,5,67,0,0,1,1,139.554,0.05,0.15,1791,31.5246,1.35115,0.33901
3776,282,1,1,53,0,0,0,1,102.014,0.05,0.15,1791,31.5246,1.42164,0.33901
3777,13,0,0,4,0,1,0,0,-24.161,0.05,0.15,1791,31.5246,4.9189,0.33901
3778,400,7,2,53,1,0,1,1,139.366,0.05,0.15,1791,31.5246,1.56872,0.33901
3779,400,2,2,48,0,0,1,1,108.15,0.05,0.15,1791,31.5246,1.41652,0.33901
3780,400,2,2,39,0,0,1,1,104.228,0.05,0.15,1791,31.5246,1.31011,0.33901
3781,400,9,4,63,1,0,0,1,154.581,0.05,0.15,1791,31.5246,1.36353,0.3391
3782,20,0,0,8,0,1,0,0,-20.171,0.05,0.15,1791,31.5246,3.65117,0.3391
3783,400,8,3,45,1,0,0,1,125.943,0.05,0.15,1793,31.5246,1.46434,0.339
3784,250,4,4,36,0,1,0,0,55.82,0.05,0.15,1793,31.5246,2.01854,0.339
3785,400,4,4,42,0,0,0,1,122.079,0.05,0.15,1793,31.5246,1.35001,0.339
3786,321,3,3,26,0,1,0,0,51.013,0.05,0.15,1793,31.5246,1.38815,0.339
3787,108,3,3,26,0,1,0,0,18.708,0.05,0.15,1793,31.5246,2.24402,0.339
3788,129,2,2,32,0,1,0,0,21.808,0.05,0.15,1796,31.5246,1.75168,0.33881
3789,82,2,2,21,0,1,0,0,7.804,0.05,0.15,1797,31.5246,2.06608,0.33871
3790,400,2,2,30,0,0,0,1,93.403,0.05,0.15,1798,31.5246,1.25903,0.33862
3791,400,7,2,61,1,0,0,1,128.716,0.05,0.15,1798,31.5246,1.5691,0.33871
3792,400,7,2,57,1,0,1,1,135.023,0.05,0.15,1798,31.5246,1.42386,0.33871
3793,13,0,0,5,0,1,0,0,-27.277,0.05,0.15,1798,31.5246,3.39497,0.33871
3794,277,3,3,62,0,0,0,1,107.12,0.05,0.15,1798,31.5246,1.36685,0.33871
3795,224,7,7,49,0,1,0,0,82.739,0.05,0.15,1799,31.5246,1.85015,0.33861
3796,151,1,1,19,0,1,0,0,21.787,0.05,0.15,1801,31.5246,1.94375,0.33852
3797,135,2,2,17,0,0,1,0,35.037,0.05,0.15,1802,31.5246,1.29722,0.33842
3798,184,5,5,40,0,1,0,0,43.849,0.05,0.15,1802,31.5246,1.67448,0.33842
3799,242,7,2,46,1,1,0,0,76.117,0.05,0.15,1805,31.5246,1.83348,0.33823
3800,400,3,3,50,0,0,0,1,125.016,0.05,0.15,1805,31.5246,1.18199,0.33823
3801,400,4,4,51,0,0,0,1,139.659,0.05,0.15,1805,31.5246,1.09187,0.33823
3802,207,2,2,48,0,1,0,0,48.276,0.05,0.15,1805,31.5246,1.67917,0.33823
3803,400,17,7,100,2,0,1,1,211.371,0.05,0.15,1805,31.5246,1.62658,0.33823
3804,236,10,5,62,1,1,1,0,98.849,0.05,0.15,1805,31.5246,1.86743,0.33823
3805,400,4,4,69,0,0,0,1,146.776,0.05,0.15,1805,31.5246,1.28172,0.33823
3806,400,10,5,74,1,0,0,1,162.066,0.05,0.15,1805,31.5246,1.51413,0.33823
3807,400,5,5,64,0,0,1,1,126.465,0.05,0.15,1805,31.5246,1.37579,0.33823
3808,140,4,4,33,0,1,1,0,33.415,0.05,0.15,1806,31.5246,2.36847,0.33813
3809,400,2,2,70,0,0,1,1,143.741,0.05,0.15,1807,31.5246,1.22146,0.33804
3810,400,4,4,54,0,0,0,1,120.134,0.05,0.15,1808,31.5246,1.47754,0.33794
3811,400,8,3,45,1,0,0,1,134.444,0.05,0.15,1808,31.5246,1.46212,0.33794
3812,172,4,4,60,0,1,0,0,61.679,0.05,0.15,1809,31.5246,1.87922,0.33785
3813,121,3,3,30,0,1,1,0,16.348,0.05,0.15,1809,31.5246,2.74819,0.33785
3814,13,0,0,4,0,1,0,0,-26.373,0.05,0.15,1809,31.5246,7.26772,0.33785
3815,338,4,4,68,0,0,0,1,135.875,0.05,0.15,1809,31.5246,1.64512,0.33785
3816,116,8,3,21,1,1,0,0,40.613,0.05,0.15,1809,31.5246,2.26991,0.33785
3817,400,12,7,72,1,0,0,1,176.768,0.05,0.15,1809,31.5246,1.53464,0.33785
3818,13,0,0,5,0,1,0,0,-27.277,0.05,0.15,1809,31.5246,4.77169,0.33785
3819,13,0,0,4,0,1,0,0,-27.877,0.05,0.15,1809,31.5246,3.05991,0.33785
3820,400,4,4,62,0,0,0,1,143.526,0.05,0.15,1809,31.5246,1.15746,0.33785
3821,82,2,2,19,0,1,0,0,9.385,0.05,0.15,1809,31.5246,2.14258,0.33785
3822,149,4,4,36,0,1,0,0,32.191,0.05,0.15,1809,31.5246,2.21853,0.33785
3823,206,5,5,52,0,1,0,0,71.196,0.05,0.15,1809,31.5246,2.07404,0.33794
3824,183,13,3,44,2,1,0,0,79.732,0.05,0.15,1809,31.5246,2.284,0.33794
3825,29,2,2,9,0,1,0,0,-12.996,0.05,0.15,1809,31.5246,3.09443,0.33794
3826,5,0,0,4,0,1,0,0,-32.806,0.05,0.15,1809,31.5246,1.62893,0.33794
3827,116,1,1,32,0,1,0,0,16.746,0.05,0.15,1809,31.5246,2.18447,0.33794
3828,5,0,0,3,0,1,0,0,-33.806,0.05,0.15,1809,31.5246,1.98149,0.33794
3829,141,1,1,18,0,1,0,0,4.844,0.05,0.15,1809,31.5246,1.65094,0.33794
3830,370,2,2,45,0,1,0,0,50.677,0.05,0.15,1810,31.5246,1.75034,0.33794
3831,80,1,1,16,0,1,1,0,-9.451,0.05,0.15,1810,31.5246,2.74678,0.33803
3832,43,0,0,5,0,1,0,0,-26.648,0.05,0.15,1810,31.5246,4.14491,0.33803
3833,400,5,5,47,0,0,0,1,121.707,0.05,0.15,1810,31.5246,1.30706,0.33803
3834,400,3,3,56,0,0,0,1,135.45,0.05,0.15,1810,31.5246,1.32207,0.33803
3835,288,7,7,57,0,0,0,1,139.985,0.05,0.15,1810,31.5246,1.63516,0.33803
3836,70,1,1,19,0,1,0,0,-0.831,0.05,0.15,1810,31.5246,2.46194,0.33803
3837,146,6,1,28,1,1,0,0,36.655,0.05,0.15,1810,31.5246,2.29604,0.33803
3838,333,9,4,33,1,1,0,0,72.705,0.05,0.15,1810,31.5246,1.22829,0.33803
3839,5,0,0,2,0,1,0,0,-31.06,0.05,0.15,1810,31.5246,3.22829,0.33803
3840,14,0,0,4,0,1,0,0,-22.65,0.05,0.15,1810,31.5246,1.33116,0.33803
3841,176,2,2,43,0,1,0,0,43.912,0.05,0.15,1810,31.5246,1.658,0.33803
3842,400,1,1,14,0,0,1,1,21.741,0.05,0.15,1810,31.5246,1.48304,0.33803
3843,31,0,0,11,0,1,0,0,-14.421,0.05,0.15,1810,31.5246,1.25652,0.33803
3844,400,4,4,33,0,0,0,1,88.392,0.05,0.15,1810,31.5246,1.3856,0.33803
3845,400,13,8,97,1,0,1,1,187.817,0.05,0.15,1810,31.5246,1.75514,0.33803
3846,37,1,1,7,0,1,0,0,-18.908,0.05,0.15,1810,31.5246,2.77171,0.33803
3847,240,3,3,35,0,1,0,0,47.898,0.05,0.15,1810,31.5246,1.58286,0.33803
3848,294,11,6,64,1,1,0,0,78.711,0.05,0.15,1810,31.5246,2.25164,0.33803
3849,5,0,0,4,0,1,0,0,-32.806,0.05,0.15,1810,31.5246,1.29208,0.33803
3850,43,1,1,7,0,1,0,0,-14.889,0.05,0.15,1810,31.5246,3.09743,0.33803
3851,59,2,2,17,0,1,0,0,3.272,0.05,0.15,1810,31.5246,1.8359,0.33803
3852,400,2,2,37,0,0,0,1,105.555,0.05,0.15,1810,31.5246,1.34023,0.33803
3853,400,4,4,42,0,0,0,1,134.038,0.05,0.15,1810,31.5246,1.20241,0.33803
3854,400,4,4,39,0,0,0,1,112.81,0.05,0.15,1810,31.5246,1.44055,0.33812
3855,400,3,3,31,0,0,0,1,97.639,0.05,0.15,1811,31.5246,1.06917,0.33803
3856,400,7,7,71,0,0,0,1,149.692,0.05,0.15,1812,31.5246,1.50075,0.33802
3857,400,5,5,55,0,0,0,1,116.887,0.05,0.15,1812,31.5246,1.70086,0.33802
3858,400,10,5,59,1,0,0,1,137.269,0.05,0.15,1812,31.5246,1.65365,0.33802
3859,106,1,1,27,0,1,0,0,14.899,0.05,0.15,1812,31.5246,1.96053,0.33812
3860,400,8,3,35,1,0,0,1,117.059,0.05,0.15,1812,31.5246,1.45401,0.33812
3861,400,4,4,42,0,0,0,1,116.103,0.05,0.15,1812,31.5246,1.1109,0.33812
3862,400,8,3,48,1,0,0,1,138.068,0.05,0.15,1814,31.5246,1.30999,0.33793
3863,20,0,0,8,0,1,0,0,-18.043,0.05,0.15,1814,31.5246,2.35671,0.33793
3864,75,2,2,17,0,1,0,0,0.14,0.05,0.15,1814,31.5246,2.3893,0.33793
3865,29,1,1,7,0,1,0,0,-19.032,0.05,0.15,1814,31.5246,3.39325,0.33793
3866,400,8,3,26,1,0,0,1,116.805,0.05,0.15,1814,31.5246,1.55032,0.33793
3867,361,3,3,50,0,1,0,0,94.929,0.05,0.15,1814,31.5246,1.64684,0.33793
3868,400,2,2,39,0,0,0,1,98.194,0.05,0.15,1814,31.5246,1.47747,0.33793
3869,400,4,4,39,0,0,0,1,118.469,0.05,0.15,1814,31.5246,1.18049,0.33793
3870,400,2,2,40,0,0,0,1,114.6,0.05,0.15,1814,31.5246,1.15128,0.33793
3871,400,2,2,36,0,0,0,1,109.3,0.05,0.15,1814,31.5246,1.14732,0.33793
3872,400,5,5,60,0,0,0,1,138.614,0.05,0.15,1814,31.5246,1.28727,0.33793
3873,46,2,2,14,0,1,0,0,-2.495,0.05,0.15,1814,31.5246,2.31458,0.33793
3874,21,0,0,7,0,1,0,0,-23.952,0.05,0.15,1814,31.5246,3.70332,0.33793
3875,400,4,4,62,0,0,0,1,131.869,0.05,0.15,1815,31.5246,1.45744,0.33792
3876,27,1,1,7,0,1,0,0,-14.364,0.05,0.15,1815,31.5246,1.47752,0.33792
3877,156,4,4,48,0,1,0,0,52.127,0.05,0.15,1815,31.5246,1.6961,0.33792
3878,67,1,1,30,0,1,0,0,10.528,0.05,0.15,1815,31.5246,2.22651,0.33792
3879,288,9,4,82,1,0,0,1,152.095,0.05,0.15,1815,31.5246,1.79295,0.33792
3880,141,2,2,37,0,1,0,0,28.834,0.05,0.15,1816,31.5246,2.22723,0.33783
3881,121,1,1,35,0,1,0,0,23.676,0.05,0.15,1816,31.5246,1.96663,0.33783
3882,400,9,4,50,1,0,0,1,158.255,0.05,0.15,1817,31.5246,1.35137,0.33783
3883,400,9,4,64,1,0,0,1,162.741,0.05,0.15,1817,31.5246,1.16973,0.33783
3884,400,8,3,44,1,0,0,1,150.373,0.05,0.15,1817,31.5246,1.24665,0.33783
3885,400,3,3,41,0,0,0,1,135.147,0.05,0.15,1817,31.5246,0.99455,0.33783
3886,215,3,3,49,0,1,0,0,60.2,0.05,0.15,1817,31.5246,1.71522,0.33792
3887,338,9,4,69,1,0,1,1,148.749,0.05,0.15,1817,31.5246,1.49402,0.33792
3888,35,1,1,14,0,1,0,0,-7.366,0.05,0.15,1817,31.5246,2.22831,0.33792
3889,242,10,5,61,1,1,0,0,89.191,0.05,0.15,1817,31.5246,1.84472,0.33801
3890,189,5,5,60,0,1,1,0,69.751,0.05,0.15,1817,31.5246,2.05288,0.33801
3891,175,6,6,61,0,0,0,0,98.539,0.05,0.15,1818,31.5246,1.6596,0.33792
3892,400,10,5,49,1,0,0,1,158.036,0.05,0.15,1818,31.5246,1.34945,0.33792
3893,5,0,0,3,0,1,0,0,-25.454,0.05,0.15,1818,31.5246,6.54485,0.33792
3894,329,8,3,69,1,0,0,1,149.695,0.05,0.15,1818,31.5246,1.58171,0.33792
3895,114,1,1,23,0,1,0,0,13.634,0.05,0.15,1818,31.5246,1.84599,0.33801
3896,177,2,2,38,0,1,0,0,35.689,0.05,0.15,1818,31.5246,2.01221,0.33801
3897,400,5,5,60,0,0,1,1,160.89,0.05,0.15,1818,31.5246,1.14239,0.33819
3898,264,3,3,36,0,1,0,0,40.059,0.05,0.15,1819,31.5246,1.84458,0.3381
3899,400,3,3,68,0,0,0,1,136.741,0.05,0.15,1819,31.5246,1.23951,0.3381
3900,302,4,4,66,0,0,0,1,126.851,0.05,0.15,1819,31.5246,1.56044,0.3381
3901,400,4,4,47,0,0,0,1,142.126,0.05,0.15,1820,31.5246,1.04774,0.338
3902,400,5,5,45,0,0,0,1,145.384,0.05,0.15,1820,31.5246,0.9458,0.3381
3903,159,3,3,49,0,1,0,0,50.333,0.05,0.15,1821,31.5246,2.18798,0.33809
3904,400,1,1,54,0,0,0,1,125.162,0.05,0.15,1821,31.5246,1.05141,0.33809
3905,257,2,2,57,0,0,0,0,86.397,0.05,0.15,1823,31.5246,1.51448,0.3379
3906,230,5,5,47,0,1,0,0,71.271,0.05,0.15,1823,31.5246,1.70547,0.3379
3907,400,9,4,44,1,0,0,1,132.522,0.05,0.15,1823,31.5246,1.30052,0.3379
3908,253,6,6,49,0,0,0,1,109.104,0.05,0.15,1825,31.5246,1.52643,0.3379
3909,400,2,2,50,0,0,1,1,132.428,0.05,0.15,1825,31.5246,1.2836,0.3379
3910,110,3,3,25,0,1,0,0,26.878,0.05,0.15,1825,31.5246,1.93154,0.3379
3911,79,2,2,23,0,0,0,0,31.017,0.05,0.15,1825,31.5246,2.05798,0.33799
3912,400,13,8,111,1,0,0,1,209.689,0.05,0.15,1828,31.5246,1.95641,0.33771
3913,228,7,2,49,1,1,2,0,77.012,0.05,0.15,1830,31.5246,2.12201,0.33752
3914,352,13,8,104,1,0,0,1,200.543,0.05,0.15,1830,31.5246,1.71177,0.33752
3915,311,6,6,66,0,0,0,1,131.171,0.05,0.15,1830,31.5246,1.49955,0.33752
3916,172,4,4,50,0,1,0,0,58.035,0.05,0.15,1830,31.5246,1.83892,0.33752
3917,400,4,4,61,0,0,0,1,124.995,0.05,0.15,1830,31.5246,1.28223,0.33752
3918,92,1,1,24,0,1,0,0,-0.749,0.05,0.15,1830,31.5246,2.43285,0.33752
3919,400,3,3,23,0,0,0,1,93.121,0.05,0.15,1832,31.5246,1.40634,0.33743
3920,13,0,0,6,0,1,0,0,-26.395,0.05,0.15,1832,31.5246,4.30868,0.33743
3921,400,5,5,38,0,0,0,1,140.975,0.05,0.15,1832,31.5246,1.10557,0.33743
3922,400,6,6,52,0,0,0,1,151.919,0.05,0.15,1832,31.5246,1.22307,0.33752
3923,117,2,2,44,0,1,1,0,34.802,0.05,0.15,1832,31.5246,2.50581,0.33752
3924,400,9,4,54,1,0,0,1,153.428,0.05,0.15,1832,31.5246,1.30368,0.33761
3925,400,3,3,43,0,0,0,1,116.938,0.05,0.15,1832,31.5246,1.1572,0.33761
3926,138,3,3,36,0,0,0,0,51.13,0.05,0.15,1832,31.5246,1.69007,0.3377
3927,400,7,2,53,1,0,0,1,136.165,0.05,0.15,1832,31.5246,1.53526,0.3377
3928,38,0,0,13,0,1,0,0,-16.943,0.05,0.15,1832,31.5246,2.47785,0.3377
3929,13,0,0,2,0,1,0,0,-33.992,0.05,0.15,1832,31.5246,2.30076,0.3377
3930,50,1,1,13,0,1,0,0,-5.7,0.05,0.15,1832,31.5246,2.33888,0.3377
3931,400,7,2,40,1,0,0,1,135.547,0.05,0.15,1832,31.5246,1.21613,0.3377
3932,116,2,2,44,0,0,0,0,53.296,0.05,0.15,1833,31.5246,1.75547,0.33761
3933,338,6,6,45,0,0,1,1,118.44,0.05,0.15,1835,31.5246,1.50749,0.33742
3934,400,4,4,53,0,0,0,1,139.827,0.05,0.15,1835,31.5246,1.09962,0.33742
3935,236,4,4,63,0,1,1,0,78.462,0.05,0.15,1835,31.5246,1.8612,0.33742
3936,13,0,0,5,0,1,0,0,-25.773,0.05,0.15,1835,31.5246,7.35762,0.33742
3937,122,1,1,37,0,1,0,0,24.3,0.05,0.15,1835,31.5246,2.20688,0.33742
3938,400,10,5,68,1,0,0,1,165.147,0.05,0.15,1835,31.5246,1.73316,0.33742
3939,200,4,4,45,0,1,0,0,59.705,0.05,0.15,1835,31.5246,1.71083,0.33742
3940,13,0,0,4,0,1,0,0,-24.725,0.05,0.15,1835,31.5246,4.73157,0.33742
3941,57,1,1,19,0,1,0,0,-4.175,0.05,0.15,1835,31.5246,3.25389,0.33742
3942,13,0,0,3,0,1,0,0,-26.973,0.05,0.15,1835,31.5246,7.16245,0.33742
3943,400,6,1,54,1,0,0,1,103.923,0.05,0.15,1835,31.5246,1.60088,0.33742
3944,400,2,2,54,0,0,3,1,82.295,0.05,0.15,1836,31.5246,1.43164,0.33733
3945,13,0,0,5,0,1,0,0,-25.773,0.05,0.15,1836,31.5246,6.9716,0.33733
3946,400,9,4,67,1,0,1,1,108.448,0.05,0.15,1836,31.5246,1.73276,0.33733
3947,400,11,6,73,1,0,0,1,131.197,0.05,0.15,1837,31.5246,1.70771,0.33723
3948,400,9,4,42,1,0,0,1,100.248,0.05,0.15,1837,31.5246,1.55977,0.33723
3949,13,0,0,4,0,1,0,0,-26.373,0.05,0.15,1837,31.5246,6.69007,0.33723
3950,20,0,0,6,0,1,0,0,-24.261,0.05,0.15,1837,31.5246,5.48181,0.33723
3951,400,4,4,46,0,0,0,1,121.986,0.05,0.15,1838,31.5246,1.5538,0.33714
3952,400,8,3,36,1,0,0,1,126.028,0.05,0.15,1838,31.5246,1.69373,0.33714
3953,400,3,3,53,0,0,0,1,123.119,0.05,0.15,1838,31.5246,1.40314,0.33714
3954,91,1,1,28,0,1,0,0,8.363,0.05,0.15,1838,31.5246,2.39916,0.33714
3955,34,0,0,14,0,1,0,0,-10.222,0.05,0.15,1838,31.5246,2.64051,0.33714
3956,400,3,3,39,0,0,0,1,111.965,0.05,0.15,1838,31.5246,1.09453,0.33714
3957,400,4,4,51,0,0,0,1,116.852,0.05,0.15,1838,31.5246,1.17308,0.33723
3958,195,4,4,45,0,1,0,0,64.131,0.05,0.15,1838,31.5246,1.87365,0.33723
3959,20,0,0,8,0,1,0,0,-18.526,0.05,0.15,1838,31.5246,2.92383,0.33723
3960,60,1,1,11,0,1,0,0,-5.533,0.05,0.15,1838,31.5246,2.04435,0.33723
3961,400,1,1,48,0,0,1,1,100.376,0.05,0.15,1841,31.5246,1.28821,0.33705
3962,400,6,1,49,1,0,0,1,130.929,0.05,0.15,1841,31.5246,1.43506,0.33705
3963,117,2,2,21,0,1,0,0,16.6,0.05,0.15,1841,31.5246,2.20671,0.33705
3964,400,10,5,46,1,0,0,1,149.578,0.05,0.15,1842,31.5246,1.72227,0.33695
3965,400,2,2,58,0,0,0,1,122.23,0.05,0.15,1845,31.5246,1.37114,0.33668
3966,400,1,1,41,0,0,0,1,104.953,0.05,0.15,1845,31.5246,1.1769,0.33668
3967,400,4,4,34,0,0,0,1,115.668,0.05,0.15,1845,31.5246,1.07234,0.33668
3968,268,8,3,55,1,1,2,0,84.402,0.05,0.15,1845,31.5246,1.78078,0.33668
3969,103,3,3,27,0,1,0,0,22.319,0.05,0.15,1845,31.5246,1.99623,0.33668
3970,265,3,3,28,0,1,1,0,44.203,0.05,0.15,1845,31.5246,1.6131,0.33677
3971,400,5,5,44,0,0,0,1,132.24,0.05,0.15,1846,31.5246,1.23606,0.33667
3972,400,6,1,34,1,0,0,1,121.759,0.05,0.15,1847,31.5246,1.24851,0.33658
3973,400,1,1,25,0,0,0,1,94.047,0.05,0.15,1847,31.5246,1.15964,0.33658
3974,13,0,0,4,0,1,0,0,-27.877,0.05,0.15,1847,31.5246,4.42266,0.33658
3975,211,2,2,30,0,1,0,0,27.931,0.05,0.15,1847,31.5246,1.21555,0.33658
3976,400,9,4,32,1,0,0,1,119.117,0.05,0.15,1847,31.5246,1.30257,0.33658
3977,400,4,4,30,0,0,0,1,106.584,0.05,0.15,1847,31.5246,1.12292,0.33658
3978,400,1,1,13,0,0,0,1,72.069,0.05,0.15,1847,31.5246,1.19385,0.33658
3979,400,2,2,36,0,0,0,1,92.845,0.05,0.15,1847,31.5246,1.45228,0.33658
3980,400,7,2,21,1,0,1,1,85.563,0.05,0.15,1848,31.5246,1.34593,0.33658
3981,129,0,0,23,0,1,0,0,7.426,0.05,0.15,1848,31.5246,1.5908,0.33658
3982,400,6,6,71,0,0,0,1,135.956,0.05,0.15,1848,31.5246,1.54003,0.33658
3983,397,3,3,16,0,0,1,1,62.772,0.05,0.15,1848,31.5246,1.17231,0.33658
3984,400,15,5,49,2,0,1,1,158.585,0.05,0.15,1848,31.5246,1.53571,0.33658
3985,400,9,4,37,1,0,2,1,129.792,0.05,0.15,1848,31.5246,1.25999,0.33658
3986,400,1,1,36,0,0,2,1,104.053,0.05,0.15,1849,31.5246,1.11373,0.33649
3987,195,3,3,32,0,1,0,0,47.739,0.05,0.15,1850,31.5246,1.70778,0.33649
3988,400,2,2,21,0,0,0,1,91.343,0.05,0.15,1851,31.5246,1.24449,0.33639
3989,29,0,0,9,0,1,0,0,-17.414,0.05,0.15,1851,31.5246,2.11676,0.33639
3990,400,8,3,37,1,0,1,1,125.301,0.05,0.15,1853,31.5246,1.40907,0.33621
3991,43,1,1,9,0,1,0,0,-15.118,0.05,0.15,1853,31.5246,3.72884,0.33621
3992,400,0,0,23,0,0,0,1,76.951,0.05,0.15,1853,31.5246,1.14938,0.33621
3993,139,4,4,45,0,1,1,0,44.323,0.05,0.15,1853,31.5246,2.12303,0.33621
3994,31,0,0,4,0,1,0,0,-23.432,0.05,0.15,1853,31.5246,2.59992,0.33621
3995,95,1,1,16,0,1,0,0,4.674,0.05,0.15,1853,31.5246,1.86953,0.33621
3996,116,3,3,18,0,1,0,0,18.859,0.05,0.15,1853,31.5246,1.91476,0.33621
3997,157,1,1,18,0,1,1,0,9.19,0.05,0.15,1853,31.5246,1.59107,0.33621
3998,252,4,4,21,0,0,0,0,50.308,0.05,0.15,1854,31.5246,1.39458,0.33612
3999,86,3,3,24,0,1,0,0,13.275,0.05,0.15,1854,31.5246,1.93685,0.33612
4000,400,3,3,37,0,0,0,1,107.992,0.05,0.15,1854,31.5246,1.47365,0.33612
4001,400,2,2,22,0,0,1,1,95.294,0.05,0.15,1854,31.5246,1.19358,0.33612
4002,32,0,0,5,0,1,0,0,-21.062,0.05,0.15,1854,31.5246,2.78207,0.33612
4003,27,0,0,6,0,1,0,0,-23.381,0.05,0.15,1854,31.5246,3.05509,0.33612
4004,17,0,0,6,0,1,0,0,-22.898,0.05,0.15,1854,31.5246,4.28632,0.33612
4005,79,1,1,21,0,0,0,0,28.806,0.05,0.15,1854,31.5246,1.75111,0.33612
4006,400,2,2,27,0,0,0,1,103.905,0.05,0.15,1854,31.5246,1.23333,0.33612
4007,56,2,2,18,0,1,0,0,-0.776,0.05,0.15,1854,31.5246,2.36769,0.33612
4008,67,3,3,16,0,1,0,0,-0.774,0.05,0.15,1854,31.5246,2.52377,0.33612
4009,400,9,4,22,1,0,1,1,101.106,0.05,0.15,1855,31.5246,1.56426,0.33603
4010,195,2,2,34,0,1,0,0,45.302,0.05,0.15,1855,31.5246,1.92308,0.33603
4011,74,1,1,16,0,1,0,0,-1.465,0.05,0.15,1855,31.5246,2.00229,0.33603
4012,34,0,0,9,0,1,0,0,-16.152,0.05,0.15,1855,31.5246,2.5277,0.33603
4013,400,3,3,30,0,0,0,1,81.108,0.05,0.15,1855,31.5246,1.51633,0.33603
4014,5,0,0,1,0,1,0,0,-27.012,0.05,0.15,1855,31.5246,1.32036,0.33603
4015,400,3,3,47,0,0,1,1,95.936,0.05,0.15,1855,31.5246,1.38832,0.33603
4016,299,1,1,33,0,1,0,0,36.85,0.05,0.15,1855,31.5246,1.60765,0.33603
4017,400,4,4,46,0,0,0,1,133.109,0.05,0.15,1855,31.5246,1.17057,0.33603
4018,400,2,2,33,0,0,0,1,77.337,0.05,0.15,1855,31.5246,1.22371,0.33603
4019,400,10,5,32,1,0,0,1,121.288,0.05,0.15,1855,31.5246,1.45933,0.33603
4020,400,1,1,20,0,0,0,1,63.04,0.05,0.15,1855,31.5246,1.38465,0.33603
4021,153,1,1,23,0,1,0,0,19.885,0.05,0.15,1855,31.5246,1.49534,0.33603
4022,400,3,3,32,0,0,0,1,102.663,0.05,0.15,1855,31.5246,1.18512,0.33603
4023,400,9,4,42,1,0,0,1,140.299,0.05,0.15,1855,31.5246,1.18054,0.33603
4024,20,0,0,9,0,1,0,0,-17.553,0.05,0.15,1855,31.5246,2.38967,0.33603
4025,400,8,3,24,1,0,0,1,100.18,0.05,0.15,1855,31.5246,1.20944,0.33612
4026,400,4,4,71,0,0,0,1,135.085,0.05,0.15,1856,31.5246,1.34992,0.33603
4027,400,3,3,32,0,0,0,1,100.838,0.05,0.15,1856,31.5246,1.13723,0.33603
4028,400,3,3,47,0,0,1,1,104.499,0.05,0.15,1856,31.5246,1.24609,0.33603
4029,27,1,1,7,0,1,0,0,-14.88,0.05,0.15,1856,31.5246,1.39702,0.33603
4030,400,5,5,27,0,0,0,1,94.79,0.05,0.15,1856,31.5246,1.1983,0.33621
4031,21,1,1,8,0,1,0,0,-15.684,0.05,0.15,1856,31.5246,2.36465,0.33621
4032,400,5,5,52,0,0,1,1,140.408,0.05,0.15,1856,31.5246,1.2323,0.33621
4033,56,2,2,15,0,1,0,0,-1.171,0.05,0.15,1856,31.5246,2.08565,0.33621
4034,400,3,3,34,0,0,0,1,98.827,0.05,0.15,1857,31.5246,1.34735,0.33612
4035,55,1,1,11,0,1,0,0,-10.15,0.05,0.15,1857,31.5246,3.04888,0.33621
4036,70,1,1,24,0,1,0,0,5.295,0.05,0.15,1857,31.5246,2.7667,0.33621
4037,400,3,3,42,0,0,0,1,122.427,0.05,0.15,1857,31.5246,1.12468,0.33621
4038,400,10,5,50,1,0,0,1,155.241,0.05,0.15,1857,31.5246,1.3188,0.33621
4039,400,10,5,41,1,0,0,1,143.131,0.05,0.15,1857,31.5246,1.45743,0.33621
4040,271,5,5,65,0,1,0,0,86.022,0.05,0.15,1857,31.5246,1.6596,0.33621
4041,5,0,0,1,0,1,0,0,-27.012,0.05,0.15,1857,31.5246,6.24741,0.33621
4042,56,1,1,20,0,1,0,0,-1.521,0.05,0.15,1857,31.5246,3.37725,0.33621
4043,185,3,3,40,0,1,0,0,48.414,0.05,0.15,1857,31.5246,1.78616,0.3363
4044,109,1,1,30,0,0,0,0,35.121,0.05,0.15,1859,31.5246,1.66905,0.3362
4045,263,11,6,42,1,1,3,0,79.851,0.05,0.15,1859,31.5246,2.02585,0.3362
4046,99,2,2,33,0,1,1,0,21.133,0.05,0.15,1859,31.5246,2.20793,0.3362
4047,307,3,3,49,0,0,1,1,97.938,0.05,0.15,1859,31.5246,1.44709,0.3362
4048,400,1,1,44,0,0,1,1,112.367,0.05,0.15,1859,31.5246,0.96309,0.3362
4049,400,4,4,48,0,0,0,1,128.17,0.05,0.15,1859,31.5246,1.12901,0.3362
4050,400,11,6,81,1,0,0,1,179.095,0.05,0.15,1859,31.5246,1.52248,0.3362
4051,27,2,2,9,0,1,0,0,-11.244,0.05,0.15,1859,31.5246,3.68711,0.3362
4052,137,3,3,31,0,1,0,0,25.966,0.05,0.15,1859,31.5246,1.92737,0.3362
4053,400,1,1,36,0,0,0,1,105.68,0.05,0.15,1859,31.5246,1.10234,0.3362
4054,104,2,2,27,0,1,0,0,17.307,0.05,0.15,1859,31.5246,2.2244,0.3362
4055,400,3,3,58,0,0,0,1,134.371,0.05,0.15,1859,31.5246,1.16621,0.33629
4056,400,8,3,67,1,0,0,1,152.889,0.05,0.15,1860,31.5246,1.27666,0.3362
4057,400,3,3,48,0,0,0,1,122.894,0.05,0.15,1860,31.5246,1.17936,0.3362
4058,400,3,3,40,0,0,0,1,117.721,0.05,0.15,1860,31.5246,1.1486,0.3362
4059,400,5,5,48,0,0,0,1,123.946,0.05,0.15,1861,31.5246,1.15627,0.33611
4060,226,3,3,49,0,1,1,0,63.458,0.05,0.15,1861,31.5246,1.78746,0.33611
4061,224,9,4,55,1,1,0,0,79.41,0.05,0.15,1861,31.5246,1.75191,0.33611
4062,27,1,1,7,0,1,0,0,-20.018,0.05,0.15,1861,31.5246,3.25466,0.33611
4063,5,0,0,2,0,1,0,0,-26.452,0.05,0.15,1861,31.5246,11.00322,0.33611
4064,400,11,6,48,1,0,0,1,151.52,0.05,0.15,1862,31.5246,1.63791,0.33611
4065,400,2,2,49,0,0,0,1,123.133,0.05,0.15,1862,31.5246,1.07899,0.33611
4066,400,3,3,52,0,0,1,1,119.559,0.05,0.15,1865,31.5246,1.15301,0.33584
4067,12,0,0,7,0,1,0,0,-21.077,0.05,0.15,1865,31.5246,3.97392,0.33584
4068,400,3,3,28,0,0,0,1,102.149,0.05,0.15,1865,31.5246,1.24527,0.33584
4069,323,11,6,56,1,1,1,0,99.114,0.05,0.15,1865,31.5246,1.80529,0.33584
4070,158,2,2,35,0,1,0,0,32.305,0.05,0.15,1865,31.5246,1.70553,0.33584
4071,21,1,1,9,0,1,0,0,-15.058,0.05,0.15,1865,31.5246,3.0451,0.33584
4072,245,8,3,46,1,1,0,0,64.49,0.05,0.15,1865,31.5246,1.73938,0.33584
4073,101,2,2,20,0,1,0,0,5.931,0.05,0.15,1865,31.5246,1.77669,0.33584
4074,70,1,1,28,0,1,0,0,8.641,0.05,0.15,1865,31.5246,1.63678,0.33584
4075,97,1,1,31,0,1,0,0,8.889,0.05,0.15,1865,31.5246,2.16514,0.33592
4076,400,9,4,46,1,0,0,1,134.81,0.05,0.15,1865,31.5246,1.27016,0.33592
4077,400,5,5,48,0,0,0,1,104.913,0.05,0.15,1865,31.5246,1.41874,0.33592
4078,400,3,3,35,0,0,1,1,113.017,0.05,0.15,1865,31.5246,1.35527,0.33592
4079,400,5,5,29,0,0,0,1,98.708,0.05,0.15,1866,31.5246,1.3543,0.33583
4080,104,1,1,11,0,1,1,0,2.437,0.05,0.15,1867,31.5246,2.23259,0.33574
4081,20,1,1,8,0,1,0,0,-19.249,0.05,0.15,1867,31.5246,3.43037,0.33574
4082,400,9,4,46,1,0,0,1,128.351,0.05,0.15,1867,31.5246,1.42006,0.33592
4083,55,2,2,12,0,1,0,0,-1.221,0.05,0.15,1867,31.5246,2.03973,0.33592
4084,5,0,0,2,0,1,0,0,-26.412,0.05,0.15,1867,31.5246,5.78001,0.33592
4085,126,4,4,11,0,1,0,0,3.796,0.05,0.15,1867,31.5246,1.7063,0.33592
4086,400,9,4,47,1,0,0,1,137.854,0.05,0.15,1867,31.5246,1.31465,0.33592
4087,400,10,5,24,1,0,1,1,108.923,0.05,0.15,1867,31.5246,1.24973,0.33592
4088,124,3,3,35,0,1,0,0,26.084,0.05,0.15,1867,31.5246,1.98196,0.33592
4089,56,2,2,21,0,1,0,0,6.252,0.05,0.15,1867,31.5246,2.35462,0.33592
4090,400,4,4,51,0,0,0,1,116.758,0.05,0.15,1867,31.5246,1.35191,0.33592
4091,76,2,2,9,0,1,0,0,-2.666,0.05,0.15,1867,31.5246,1.94632,0.33592
4092,289,2,2,38,0,1,2,0,44.254,0.05,0.15,1867,31.5246,1.75004,0.3361
4093,400,3,3,47,0,0,0,1,107.473,0.05,0.15,1867,31.5246,1.03575,0.3361
4094,400,9,4,41,1,0,0,1,111.271,0.05,0.15,1867,31.5246,1.30503,0.3361
4095,34,2,2,11,0,1,0,0,-6.506,0.05,0.15,1867,31.5246,2.26465,0.3361
4096,29,1,1,6,0,1,0,0,-14.776,0.05,0.15,1867,31.5246,1.69257,0.3361
4097,76,3,3,20,0,1,0,0,1.546,0.05,0.15,1867,31.5246,2.15134,0.3361
4098,400,1,1,26,0,0,0,1,93.235,0.05,0.15,1868,31.5246,1.17807,0.33601
4099,245,3,3,52,0,1,0,0,56.569,0.05,0.15,1868,31.5246,1.42901,0.33601
4100,400,10,5,59,1,0,0,1,155.258,0.05,0.15,1868,31.5246,1.15028,0.33601
4101,113,4,4,33,0,1,1,0,27.844,0.05,0.15,1868,31.5246,2.08378,0.33601
4102,101,2,2,31,0,0,0,0,39.328,0.05,0.15,1868,31.5246,1.92164,0.33601
4103,170,1,1,41,0,1,0,0,28.505,0.05,0.15,1868,31.5246,1.74576,0.33601
4104,400,10,5,70,1,0,0,1,140.842,0.05,0.15,1868,31.5246,1.3206,0.33601
4105,400,5,5,53,0,0,0,1,133.574,0.05,0.15,1868,31.5246,1.23411,0.3361
4106,71,1,1,24,0,1,0,0,6.623,0.05,0.15,1868,31.5246,2.05231,0.3361
4107,400,7,2,47,1,0,0,1,132.715,0.05,0.15,1868,31.5246,1.30934,0.33619
4108,400,2,2,31,0,0,0,1,91.529,0.05,0.15,1868,31.5246,1.03185,0.33619
4109,195,2,2,34,0,1,0,0,38.27,0.05,0.15,1868,31.5246,1.84773,0.33619
4110,400,3,3,57,0,0,0,1,138.507,0.05,0.15,1868,31.5246,1.09574,0.33619
4111,400,3,3,37,0,0,0,1,115.491,0.05,0.15,1868,31.5246,1.19843,0.33619
4112,400,3,3,55,0,0,0,1,117.385,0.05,0.15,1868,31.5246,1.233,0.33619
4113,364,2,2,57,0,0,0,1,111.56,0.05,0.15,1868,31.5246,1.26161,0.33619
4114,149,2,2,34,0,1,0,0,39.904,0.05,0.15,1868,31.5246,1.5959,0.33619
4115,400,3,3,53,0,0,1,1,118.581,0.05,0.15,1868,31.5246,1.18962,0.33619
4116,400,4,4,39,0,0,1,1,106.826,0.05,0.15,1868,31.5246,1.37346,0.33619
4117,400,6,6,46,0,0,0,1,124.791,0.05,0.15,1868,31.5246,1.18584,0.33628
4118,400,2,2,45,0,0,0,1,104.153,0.05,0.15,1868,31.5246,1.16125,0.33628
4119,400,3,3,42,0,0,0,1,117.221,0.05,0.15,1868,31.5246,1.18134,0.33628
4120,49,0,0,19,0,1,0,0,-9.318,0.05,0.15,1868,31.5246,2.97933,0.33628
4121,96,4,4,21,0,1,0,0,7.274,0.05,0.15,1868,31.5246,2.17111,0.33628
4122,400,12,7,68,1,0,1,1,170.581,0.05,0.15,1868,31.5246,1.60856,0.33628
4123,84,3,3,27,0,1,1,0,13.698,0.05,0.15,1868,31.5246,2.35775,0.33628
4124,400,9,4,65,1,0,0,1,154.969,0.05,0.15,1868,31.5246,1.73678,0.33628
4125,400,7,2,40,1,0,0,1,128.55,0.05,0.15,1868,31.5246,1.24708,0.33628
4126,400,1,1,32,0,0,0,1,99.984,0.05,0.15,1869,31.5246,1.47667,0.33619
4127,85,0,0,24,0,1,1,0,-0.068,0.05,0.15,1870,31.5246,2.49148,0.33619
4128,400,5,5,34,0,0,0,1,103.347,0.05,0.15,1870,31.5246,1.2928,0.33619
4129,79,0,0,13,0,1,0,0,-6.834,0.05,0.15,1870,31.5246,2.35326,0.33619
4130,15,0,0,4,0,1,0,0,-24.798,0.05,0.15,1870,31.5246,4.99556,0.33619
4131,400,9,4,47,1,0,0,1,142.755,0.05,0.15,1870,31.5246,1.42558,0.33619
4132,143,1,1,17,0,1,0,0,3.348,0.05,0.15,1870,31.5246,1.75833,0.33619
4133,400,10,5,48,1,0,0,1,152.579,0.05,0.15,1870,31.5246,1.40333,0.33619
4134,400,9,4,62,1,0,1,1,149.57,0.05,0.15,1870,31.5246,1.34175,0.33627
4135,400,5,5,44,0,0,0,1,115.49,0.05,0.15,1872,31.5246,1.45757,0.33609
4136,192,1,1,23,0,1,0,0,34.509,0.05,0.15,1872,31.5246,1.60232,0.33609
4137,400,2,2,27,0,0,0,1,93.9,0.05,0.15,1872,31.5246,1.09772,0.33609
4138,400,2,2,43,0,0,1,1,117.078,0.05,0.15,1873,31.5246,1.20995,0.33627
4139,400,2,2,16,0,0,0,1,68.703,0.05,0.15,1873,31.5246,1.07766,0.33627
4140,400,2,2,32,0,0,0,1,85.689,0.05,0.15,1873,31.5246,1.19792,0.33627
4141,382,3,3,43,0,0,0,1,105.245,0.05,0.15,1873,31.5246,1.31646,0.33636
4142,29,1,1,11,0,1,0,0,-11.089,0.05,0.15,1873,31.5246,1.50415,0.33636
4143,268,5,5,19,0,1,1,0,37.898,0.05,0.15,1875,31.5246,1.51433,0.33618
4144,155,3,3,49,0,1,0,0,44.731,0.05,0.15,1875,31.5246,2.03386,0.33618
4145,400,2,2,37,0,0,0,1,97.427,0.05,0.15,1875,31.5246,1.34948,0.33618
4146,400,10,5,70,1,0,0,1,157.425,0.05,0.15,1875,31.5246,1.48617,0.33618
4147,400,16,6,64,2,0,0,1,173.755,0.05,0.15,1875,31.5246,1.64514,0.33618
4148,175,8,3,22,1,1,3,0,42.018,0.05,0.15,1876,31.5246,2.18738,0.33609
4149,35,1,1,14,0,1,0,0,-8.753,0.05,0.15,1876,31.5246,2.32374,0.33609
4150,12,0,0,7,0,1,0,0,-22.7,0.05,0.15,1876,31.5246,5.87774,0.33609
4151,400,5,5,38,0,0,0,1,105.653,0.05,0.15,1878,31.5246,1.46121,0.336
4152,400,3,3,40,0,0,0,1,96.971,0.05,0.15,1878,31.5246,1.25146,0.336
4153,400,7,2,26,1,0,0,1,92.711,0.05,0.15,1878,31.5246,1.46096,0.336
4154,400,3,3,45,0,0,0,1,115.725,0.05,0.15,1878,31.5246,1.20849,0.336
4155,63,3,3,27,0,1,0,0,10.07,0.05,0.15,1878,31.5246,2.18267,0.336
4156,400,3,3,36,0,0,0,1,105.291,0.05,0.15,1878,31.5246,1.24358,0.336
4157,400,6,1,47,1,0,0,1,113.98,0.05,0.15,1879,31.5246,1.29976,0.33591
4158,203,3,3,46,0,1,0,0,45.221,0.05,0.15,1879,31.5246,1.66734,0.33591
4159,400,4,4,49,0,0,0,1,121.021,0.05,0.15,1879,31.5246,1.20558,0.33591
4160,400,4,4,43,0,0,0,1,116.47,0.05,0.15,1879,31.5246,1.12367,0.33591
4161,400,5,5,39,0,0,0,1,110.48,0.05,0.15,1879,31.5246,1.27883,0.33591
4162,400,2,2,49,0,0,1,1,106.725,0.05,0.15,1879,31.5246,1.48924,0.33599
4163,400,6,6,54,0,0,0,1,148.589,0.05,0.15,1879,31.5246,1.0988,0.33599
4164,400,5,5,22,0,0,0,1,90.63,0.05,0.15,1881,31.5246,1.2402,0.3359
4165,5,0,0,4,0,1,0,0,-33.206,0.05,0.15,1881,31.5246,1.09002,0.3359
4166,258,3,3,31,0,1,2,0,41.169,0.05,0.15,1881,31.5246,1.63327,0.3359
4167,400,0,0,21,0,0,0,1,75.942,0.05,0.15,1881,31.5246,1.1289,0.3359
4168,400,4,4,33,0,0,1,1,116.688,0.05,0.15,1881,31.5246,1.12315,0.3359
4169,400,1,1,42,0,0,0,1,105.713,0.05,0.15,1881,31.5246,1.05298,0.3359
4170,50,2,2,13,0,1,0,0,-4.183,0.05,0.15,1881,31.5246,1.91211,0.3359
4171,400,3,3,44,0,0,0,1,109.666,0.05,0.15,1881,31.5246,1.31279,0.33608
4172,145,0,0,22,0,1,0,0,-8.972,0.05,0.15,1881,31.5246,1.73816,0.33608
4173,400,7,2,29,1,0,0,1,94.708,0.05,0.15,1881,31.5246,1.44536,0.33608
4174,75,0,0,15,0,1,0,0,-7.562,0.05,0.15,1881,31.5246,1.95639,0.33608
4175,400,5,5,39,0,0,1,1,94.196,0.05,0.15,1881,31.5246,1.2132,0.33608
4176,399,3,3,39,0,1,0,0,43.464,0.05,0.15,1884,31.5246,1.34504,0.33581
4177,111,1,1,25,0,1,0,0,1.438,0.05,0.15,1884,31.5246,1.40248,0.33581
4178,125,3,3,24,0,1,0,0,32.221,0.05,0.15,1884,31.5246,1.48961,0.33581
4179,400,2,2,34,0,0,0,1,80.072,0.05,0.15,1884,31.5246,0.75039,0.33581
4180,58,1,1,19,0,1,0,0,-8.997,0.05,0.15,1884,31.5246,2.133,0.33581
4181,188,3,3,35,0,1,1,0,37.852,0.05,0.15,1884,31.5246,2.08247,0.33581
4182,400,5,5,43,0,0,0,1,130.156,0.05,0.15,1884,31.5246,1.2757,0.33581
4183,127,2,2,45,0,1,1,0,32.389,0.05,0.15,1884,31.5246,2.11978,0.3359
4184,20,0,0,3,0,1,0,0,-24.899,0.05,0.15,1884,31.5246,2.83659,0.3359
4185,400,8,3,52,1,0,0,1,143.317,0.05,0.15,1884,31.5246,1.35883,0.3359
4186,42,2,2,13,0,1,0,0,-9.851,0.05,0.15,1884,31.5246,2.75472,0.3359
4187,400,2,2,32,0,0,0,1,98.065,0.05,0.15,1884,31.5246,1.27609,0.3359
4188,400,8,3,35,1,0,0,1,126.638,0.05,0.15,1884,31.5246,1.47528,0.3359
4189,400,2,2,43,0,0,0,1,110.715,0.05,0.15,1884,31.5246,1.11296,0.3359
4190,400,3,3,50,0,0,0,1,128.716,0.05,0.15,1884,31.5246,1.30564,0.33599
4191,400,2,2,30,0,0,0,1,105.868,0.05,0.15,1884,31.5246,1.11068,0.33599
4192,58,1,1,17,0,1,0,0,-1.167,0.05,0.15,1884,31.5246,1.71104,0.33599
4193,400,12,2,26,2,0,1,1,133.46,0.05,0.15,1884,31.5246,1.501,0.33599
4194,400,2,2,41,0,0,0,1,113.965,0.05,0.15,1884,31.5246,1.16359,0.33599
4195,49,0,0,16,0,1,0,0,-10.709,0.05,0.15,1884,31.5246,2.38642,0.33599
4196,198,3,3,32,0,1,0,0,38.4,0.05,0.15,1884,31.5246,1.90282,0.33599
4197,400,9,4,43,1,0,0,1,136.23,0.05,0.15,1884,31.5246,1.26557,0.33608
4198,400,1,1,28,0,0,0,1,81.849,0.05,0.15,1884,31.5246,0.97958,0.33608
4199,400,2,2,13,0,0,0,1,75.916,0.05,0.15,1884,31.5246,1.27057,0.33608
4200,400,10,5,50,1,0,0,1,138.444,0.05,0.15,1884,31.5246,1.32216,0.33608
4201,80,1,1,18,0,1,0,0,5.039,0.05,0.15,1884,31.5246,1.49473,0.33608
4202,52,1,1,15,0,1,0,0,-10.715,0.05,0.15,1884,31.5246,2.49111,0.33608
4203,349,10,5,32,1,1,0,0,91.688,0.05,0.15,1884,31.5246,1.45292,0.33608
4204,400,5,5,33,0,0,0,1,117.164,0.05,0.15,1884,31.5246,1.24385,0.33608
4205,268,5,5,48,0,1,0,0,72.904,0.05,0.15,1884,31.5246,1.73489,0.33608
4206,186,2,2,46,0,1,2,0,45.591,0.05,0.15,1884,31.5246,1.95367,0.33608
4207,400,4,4,39,0,0,0,1,122.277,0.05,0.15,1884,31.5246,1.0913,0.33608
4208,66,1,1,20,0,1,0,0,-2.849,0.05,0.15,1884,31.5246,2.33072,0.33608
4209,192,3,3,35,0,1,0,0,43.905,0.05,0.15,1884,31.5246,1.68836,0.33608
4210,400,4,4,31,0,0,0,1,112.738,0.05,0.15,1884,31.5246,1.1087,0.33608
4211,235,4,4,48,0,1,0,0,57.465,0.05,0.15,1884,31.5246,1.71982,0.33608
4212,123,6,1,31,1,1,0,0,29.348,0.05,0.15,1884,31.5246,2.30518,0.33608
4213,13,0,0,5,0,1,0,0,-25.773,0.05,0.15,1884,31.5246,7.64423,0.33608
4214,158,10,5,39,1,1,0,0,63.106,0.05,0.15,1884,31.5246,2.47816,0.33608
4215,132,4,4,29,0,1,0,0,29.878,0.05,0.15,1884,31.5246,2.13958,0.33608
4216,20,0,0,8,0,1,0,0,-18.219,0.05,0.15,1884,31.5246,2.76511,0.33608
4217,213,2,2,30,0,1,0,0,23.51,0.05,0.15,1885,31.5246,1.78895,0.33599
4218,13,0,0,5,0,1,0,0,-25.361,0.05,0.15,1885,31.5246,6.60576,0.33599
4219,400,5,5,35,0,0,0,1,117.804,0.05,0.15,1885,31.5246,1.4523,0.33607
4220,124,8,3,35,1,1,0,0,44.231,0.05,0.15,1885,31.5246,2.32924,0.33607
4221,227,6,6,33,0,0,0,0,73.949,0.05,0.15,1885,31.5246,1.59952,0.33607
4222,21,0,0,8,0,1,0,0,-19.419,0.05,0.15,1885,31.5246,2.89066,0.33607
4223,77,1,1,24,0,0,0,0,22.585,0.05,0.15,1886,31.5246,1.92866,0.33598
4224,114,0,0,10,0,1,0,0,-13.545,0.05,0.15,1886,31.5246,1.57392,0.33607
4225,400,3,3,42,0,0,1,1,112.646,0.05,0.15,1887,31.5246,1.18723,0.33607
4226,400,3,3,30,0,0,0,1,105.325,0.05,0.15,1887,31.5246,1.03285,0.33607
4227,154,1,1,29,0,1,0,0,23.082,0.05,0.15,1887,31.5246,1.66863,0.33607
4228,400,2,2,23,0,0,0,1,95.06,0.05,0.15,1887,31.5246,0.89934,0.33607
4229,400,6,6,35,0,0,0,1,119.517,0.05,0.15,1888,31.5246,1.00789,0.33598
4230,400,6,1,23,1,0,0,1,116.577,0.05,0.15,1888,31.5246,0.90857,0.33598
4231,400,2,2,23,0,0,0,1,102.404,0.05,0.15,1889,31.5246,0.70743,0.33589
4232,122,1,1,23,0,1,1,0,7.474,0.05,0.15,1889,31.5246,2.10875,0.33589
4233,400,9,4,60,1,0,0,1,149.232,0.05,0.15,1889,31.5246,1.11797,0.33589
4234,400,3,3,38,0,0,0,1,118.391,0.05,0.15,1890,31.5246,0.98616,0.3358
4235,230,7,2,24,1,1,1,0,57.894,0.05,0.15,1890,31.5246,1.01404,0.3358
4236,400,4,4,26,0,0,0,1,113.669,0.05,0.15,1891,31.5246,1.10055,0.3358
4237,400,4,4,33,0,0,0,1,120.864,0.05,0.15,1891,31.5246,1.03118,0.3358
4238,400,5,5,39,0,0,1,1,125.247,0.05,0.15,1891,31.5246,0.83617,0.33589
4239,21,1,1,6,0,1,0,0,-20.819,0.05,0.15,1891,31.5246,3.82609,0.33589
4240,142,2,2,39,0,1,0,0,21.913,0.05,0.15,1893,31.5246,2.39392,0.33589
4241,55,1,1,15,0,1,0,0,-1.27,0.05,0.15,1893,31.5246,1.5995,0.33589
4242,185,0,0,17,0,1,0,0,19.913,0.05,0.15,1893,31.5246,1.35618,0.33589
4243,143,0,0,28,0,1,0,0,15.712,0.05,0.15,1894,31.5246,1.7827,0.3358
4244,400,3,3,30,0,0,0,1,103.42,0.05,0.15,1894,31.5246,1.27431,0.33589
4245,142,3,3,24,0,1,0,0,30.457,0.05,0.15,1894,31.5246,1.97044,0.33589
4246,400,4,4,29,0,0,0,1,115.655,0.05,0.15,1894,31.5246,0.77621,0.33589
4247,400,3,3,33,0,0,0,1,109.97,0.05,0.15,1894,31.5246,0.82429,0.33589
4248,400,6,6,33,0,0,0,1,138.081,0.05,0.15,1894,31.5246,0.90625,0.33589
4249,400,16,6,47,2,0,0,1,159.337,0.05,0.15,1894,31.5246,1.45056,0.33597
4250,400,6,1,39,1,0,0,1,114.007,0.05,0.15,1894,31.5246,1.19586,0.33597
4251,400,1,1,27,0,0,0,1,79.764,0.05,0.15,1894,31.5246,0.99074,0.33597
4252,400,1,1,24,0,0,0,1,80.269,0.05,0.15,1894,31.5246,0.97226,0.33597
4253,70,0,0,25,0,0,0,0,23.719,0.05,0.15,1894,31.5246,2.02863,0.33597
4254,400,4,4,37,0,0,0,1,105.508,0.05,0.15,1894,31.5246,1.09497,0.33597
4255,400,4,4,36,0,0,0,1,85.386,0.05,0.15,1894,31.5246,1.26361,0.33597
4256,400,9,4,37,1,0,1,1,141.906,0.05,0.15,1895,31.5246,1.32265,0.33597
4257,381,5,5,34,0,1,0,0,69.917,0.05,0.15,1896,31.5246,1.56806,0.33597
4258,400,11,6,56,1,0,2,1,153.416,0.05,0.15,1898,31.5246,1.42416,0.33579
4259,400,2,2,44,0,0,0,1,116.869,0.05,0.15,1899,31.5246,1.09492,0.33579
4260,13,0,0,4,0,1,0,0,-24.719,0.05,0.15,1899,31.5246,5.72439,0.33579
4261,272,3,3,30,0,1,2,0,43.398,0.05,0.15,1899,31.5246,1.66561,0.33579
4262,27,0,0,7,0,1,0,0,-19.507,0.05,0.15,1899,31.5246,3.52115,0.33579
4263,135,1,1,29,0,1,0,0,19.187,0.05,0.15,1900,31.5246,1.93233,0.3357
4264,215,0,0,22,0,1,1,0,22.673,0.05,0.15,1900,31.5246,1.52125,0.3357
4265,400,2,2,23,0,0,0,1,81.519,0.05,0.15,1900,31.5246,1.2408,0.3357
4266,5,0,0,1,0,1,0,0,-27.012,0.05,0.15,1900,31.5246,7.4052,0.3357
4267,400,3,3,42,0,0,0,1,96.974,0.05,0.15,1900,31.5246,1.179,0.3357
4268,41,0,0,15,0,1,0,0,-10.384,0.05,0.15,1900,31.5246,1.72189,0.3357
4269,20,0,0,10,0,1,0,0,-16.727,0.05,0.15,1900,31.5246,2.28434,0.3357
4270,400,1,1,37,0,0,1,1,96.397,0.05,0.15,1900,31.5246,1.36318,0.3357
4271,400,8,3,52,1,0,0,1,133.254,0.05,0.15,1901,31.5246,1.48833,0.33561
4272,393,2,2,42,0,1,0,0,79.568,0.05,0.15,1901,31.5246,1.18777,0.33579
4273,400,5,5,33,0,0,0,1,115.64,0.05,0.15,1901,31.5246,1.15356,0.33579
4274,400,3,3,38,0,0,0,1,99.201,0.05,0.15,1901,31.5246,1.18561,0.33588
4275,400,13,8,68,1,0,1,1,164.822,0.05,0.15,1902,31.5246,1.63016,0.33579
4276,400,8,3,46,1,0,0,1,127.245,0.05,0.15,1902,31.5246,1.24187,0.33587
4277,20,0,0,11,0,1,0,0,-18.371,0.05,0.15,1902,31.5246,2.74484,0.33587
4278,400,3,3,40,0,0,0,1,99.367,0.05,0.15,1902,31.5246,1.41795,0.33587
4279,400,7,7,34,0,0,0,1,119.11,0.05,0.15,1902,31.5246,1.3979,0.33587
4280,73,0,0,14,0,1,0,0,-7.299,0.05,0.15,1902,31.5246,1.52937,0.33587
4281,210,4,4,41,0,0,0,0,72.938,0.05,0.15,1907,31.5246,1.65905,0.33543
4282,79,2,2,26,0,1,0,0,8.222,0.05,0.15,1907,31.5246,2.07374,0.33543
4283,343,8,3,48,1,1,0,0,91.208,0.05,0.15,1908,31.5246,1.59729,0.33534
4284,400,9,4,36,1,0,0,1,109.39,0.05,0.15,1908,31.5246,1.42401,0.33534
4285,400,4,4,36,0,0,0,1,103.673,0.05,0.15,1908,31.5246,1.21867,0.33534
4286,5,0,0,1,0,1,0,0,-27.012,0.05,0.15,1908,31.5246,5.13522,0.33534
4287,5,0,0,3,0,1,0,0,-33.806,0.05,0.15,1908,31.5246,1.2724,0.33534
4288,20,0,0,9,0,1,0,0,-18.869,0.05,0.15,1908,31.5246,3.69391,0.33534
4289,13,0,0,9,0,1,0,0,-21.482,0.05,0.15,1908,31.5246,3.69635,0.33534
4290,400,3,3,33,0,0,0,1,89.464,0.05,0.15,1909,31.5246,1.38835,0.33534
4291,141,2,2,27,0,0,0,0,40.307,0.05,0.15,1909,31.5246,1.55376,0.33534
4292,238,2,2,25,0,1,0,0,37.706,0.05,0.15,1909,31.5246,1.61691,0.33534
4293,282,2,2,30,0,0,0,0,62.625,0.05,0.15,1909,31.5246,1.36979,0.33534
4294,249,0,0,47,0,0,0,0,79.355,0.05,0.15,1909,31.5246,1.35745,0.33534
4295,5,0,0,3,0,1,0,0,-30.408,0.05,0.15,1909,31.5246,7.41927,0.33534
4296,310,3,3,30,0,1,1,0,41.017,0.05,0.15,1909,31.5246,1.5106,0.33534
4297,400,12,7,71,1,0,1,1,150.919,0.05,0.15,1909,31.5246,1.58237,0.33534
4298,400,3,3,36,0,0,0,1,98.939,0.05,0.15,1910,31.5246,1.04058,0.33525
4299,85,1,1,15,0,1,0,0,-1.058,0.05,0.15,1910,31.5246,1.98624,0.33525
4300,77,2,2,13,0,1,2,0,4.084,0.05,0.15,1911,31.5246,2.34991,0.33516
4301,184,4,4,49,0,1,0,0,56.624,0.05,0.15,1911,31.5246,1.63748,0.33516
4302,400,3,3,46,0,0,0,1,122.841,0.05,0.15,1911,31.5246,1.097,0.33525
4303,400,4,4,46,0,0,0,1,124.195,0.05,0.15,1913,31.5246,1.3976,0.33508
4304,400,8,3,44,1,0,0,1,133.801,0.05,0.15,1913,31.5246,1.36123,0.33508
4305,400,8,3,42,1,0,0,1,140.795,0.05,0.15,1913,31.5246,1.33588,0.33508
4306,400,3,3,44,0,0,0,1,112.91,0.05,0.15,1913,31.5246,1.22878,0.33508
4307,358,9,4,50,1,0,1,1,134.313,0.05,0.15,1913,31.5246,1.35311,0.33508
4308,27,0,0,13,0,1,0,0,-15.908,0.05,0.15,1913,31.5246,1.76999,0.33508
4309,400,2,2,51,0,0,0,1,128.875,0.05,0.15,1913,31.5246,1.06377,0.33508
4310,167,7,2,54,1,1,0,0,68.748,0.05,0.15,1913,31.5246,2.28796,0.33508
4311,400,9,4,52,1,0,0,1,145.01,0.05,0.15,1913,31.5246,1.41696,0.33508
4312,400,8,3,58,1,0,0,1,143.263,0.05,0.15,1913,31.5246,1.53486,0.33516
4313,97,2,2,27,0,1,0,0,14.723,0.05,0.15,1913,31.5246,2.06006,0.33516
4314,21,0,0,6,0,1,0,0,-21.837,0.05,0.15,1913,31.5246,4.03416,0.33516
4315,400,1,1,31,0,0,0,1,96.411,0.05,0.15,1913,31.5246,1.11377,0.33516
4316,400,4,4,52,0,0,0,1,134.766,0.05,0.15,1913,31.5246,1.46261,0.33516
4317,20,0,0,12,0,1,0,0,-16.89,0.05,0.15,1913,31.5246,2.90835,0.33516
4318,400,4,4,49,0,0,0,1,131.665,0.05,0.15,1913,31.5246,1.08814,0.33516
4319,77,4,4,21,0,1,0,0,13.165,0.05,0.15,1913,31.5246,2.63246,0.33516
4320,200,4,4,66,0,1,1,0,75.418,0.05,0.15,1913,31.5246,1.95336,0.33516
4321,130,3,3,28,0,1,0,0,22.513,0.05,0.15,1913,31.5246,1.94164,0.33516
4322,13,0,0,5,0,1,0,0,-22.626,0.05,0.15,1913,31.5246,2.93385,0.33516
4323,13,0,0,3,0,1,0,0,-25.323,0.05,0.15,1913,31.5246,5.39154,0.33516
4324,117,2,2,35,0,1,0,0,33.16,0.05,0.15,1913,31.5246,2.15924,0.33516
4325,197,6,1,32,1,1,0,0,46.254,0.05,0.15,1914,31.5246,1.47149,0.33507
4326,95,1,1,33,0,0,0,0,37.478,0.05,0.15,1914,31.5246,1.87654,0.33507
4327,400,6,1,59,1,0,0,1,138.215,0.05,0.15,1914,31.5246,1.33861,0.33507
4328,50,3,3,13,0,1,0,0,2.266,0.05,0.15,1914,31.5246,2.51715,0.33507
4329,205,5,5,48,0,1,0,0,63.084,0.05,0.15,1914,31.5246,1.72941,0.33507
4330,65,0,0,18,0,1,0,0,-2.369,0.05,0.15,1914,31.5246,2.33763,0.33507
4331,400,4,4,44,0,0,0,1,121.821,0.05,0.15,1914,31.5246,1.24419,0.33507
4332,400,2,2,40,0,0,1,1,113.965,0.05,0.15,1914,31.5246,1.15625,0.33507
4333,400,16,6,61,2,0,0,1,162.18,0.05,0.15,1914,31.5246,1.66971,0.33516
4334,368,7,2,43,1,1,0,0,91.648,0.05,0.15,1915,31.5246,1.81412,0.33507
4335,269,6,1,48,1,1,2,0,74.526,0.05,0.15,1915,31.5246,1.62241,0.33507
4336,400,11,6,72,1,0,1,1,171.747,0.05,0.15,1915,31.5246,1.43644,0.33507
4337,303,1,1,30,0,0,0,0,66.964,0.05,0.15,1915,31.5246,1.51585,0.33507
4338,400,4,4,60,0,0,0,1,148.468,0.05,0.15,1916,31.5246,1.19327,0.33507
4339,400,2,2,46,0,0,1,1,110.449,0.05,0.15,1917,31.5246,1.3623,0.33499
4340,400,8,3,59,1,0,0,1,142.852,0.05,0.15,1917,31.5246,1.25216,0.33499
4341,400,6,6,38,0,0,0,1,117.013,0.05,0.15,1919,31.5246,1.06883,0.3349
4342,13,0,0,9,0,1,0,0,-19.832,0.05,0.15,1919,31.5246,3.35961,0.3349
4343,400,7,2,51,1,0,0,1,134.59,0.05,0.15,1919,31.5246,1.12067,0.3349
4344,400,8,3,53,1,0,0,1,141.022,0.05,0.15,1919,31.5246,1.18339,0.3349
4345,400,12,7,60,1,0,1,1,153.01,0.05,0.15,1920,31.5246,1.49179,0.3349
4346,400,1,1,43,0,0,3,1,88.712,0.05,0.15,1920,31.5246,1.194,0.33498
4347,400,10,5,46,1,0,0,1,138.197,0.05,0.15,1920,31.5246,1.30712,0.33498
4348,289,3,3,49,0,0,0,0,84.588,0.05,0.15,1922,31.5246,1.61684,0.33489
4349,329,5,5,58,0,0,0,1,121.59,0.05,0.15,1922,31.5246,1.25583,0.33489
4350,400,8,3,40,1,0,0,1,138.079,0.05,0.15,1922,31.5246,1.18764,0.33489
4351,400,4,4,53,0,0,1,1,124.501,0.05,0.15,1922,31.5246,1.27372,0.33498
4352,328,3,3,31,0,1,0,0,53.136,0.05,0.15,1922,31.5246,1.23028,0.33498
4353,400,4,4,37,0,0,0,1,104.647,0.05,0.15,1923,31.5246,1.2846,0.33498
4354,400,8,3,41,1,0,0,1,129.686,0.05,0.15,1924,31.5246,1.16528,0.33489
4355,400,9,4,34,1,0,0,1,128.517,0.05,0.15,1924,31.5246,1.17044,0.33489
4356,100,1,1,39,0,1,0,0,19.99,0.05,0.15,1924,31.5246,2.28863,0.33498
4357,20,0,0,6,0,1,0,0,-21.449,0.05,0.15,1924,31.5246,4.5414,0.33498
4358,344,5,5,31,0,1,0,0,62.579,0.05,0.15,1924,31.5246,1.42169,0.33498
4359,295,5,5,57,0,1,0,0,82.403,0.05,0.15,1924,31.5246,1.52409,0.33498
4360,400,8,3,35,1,0,2,1,101.42,0.05,0.15,1924,31.5246,1.48724,0.33498
4361,400,3,3,39,0,0,2,1,107.29,0.05,0.15,1924,31.5246,1.14628,0.33498
4362,13,0,0,3,0,1,0,0,-28.477,0.05,0.15,1924,31.5246,4.80374,0.33498
4363,400,2,2,45,0,0,1,1,102.718,0.05,0.15,1925,31.5246,1.24472,0.33489
4364,5,0,0,2,0,1,0,0,-26.454,0.05,0.15,1925,31.5246,8.15613,0.33489
4365,400,10,5,71,1,0,0,1,162.261,0.05,0.15,1926,31.5246,1.5862,0.33489
4366,400,9,4,66,1,0,1,1,152.113,0.05,0.15,1926,31.5246,1.4504,0.33489
4367,400,11,6,44,1,0,0,1,143.99,0.05,0.15,1926,31.5246,1.13066,0.33489
4368,35,0,0,12,0,1,0,0,-13.403,0.05,0.15,1926,31.5246,2.68218,0.33489
4369,400,10,5,49,1,0,0,1,131.02,0.05,0.15,1926,31.5246,1.47395,0.33489
4370,13,0,0,4,0,1,0,0,-24.575,0.05,0.15,1926,31.5246,3.31709,0.33489
4371,400,4,4,47,0,0,0,1,125.953,0.05,0.15,1926,31.5246,1.26929,0.33489
4372,116,3,3,45,0,1,1,0,41.167,0.05,0.15,1926,31.5246,1.94944,0.33489
4373,400,3,3,64,0,0,0,1,144.753,0.05,0.15,1927,31.5246,1.24499,0.33489
4374,400,3,3,49,0,0,0,1,125.189,0.05,0.15,1927,31.5246,1.12901,0.33489
4375,400,9,4,60,1,0,0,1,152.842,0.05,0.15,1927,31.5246,1.31405,0.33489
4376,49,1,1,23,0,1,0,0,-4.657,0.05,0.15,1927,31.5246,2.27791,0.33489
4377,29,0,0,10,0,1,0,0,-17.52,0.05,0.15,1927,31.5246,2.62905,0.33489
4378,400,4,4,46,0,0,1,1,118.216,0.05,0.15,1927,31.5246,1.24721,0.33489
4379,400,1,1,41,0,0,0,1,107.573,0.05,0.15,1927,31.5246,1.22345,0.33489
4380,400,8,3,44,1,0,1,1,140.217,0.05,0.15,1927,31.5246,1.1187,0.33489
4381,13,0,0,5,0,1,0,0,-27.277,0.05,0.15,1927,31.5246,3.97752,0.33489
4382,400,4,4,43,0,0,0,1,127.15,0.05,0.15,1927,31.5246,1.09031,0.33489
4383,157,8,3,35,1,1,4,0,46.703,0.05,0.15,1927,31.5246,1.66952,0.33489
4384,342,10,5,41,1,1,0,0,102.351,0.05,0.15,1928,31.5246,1.57158,0.3348
4385,346,6,6,50,0,1,1,0,89.236,0.05,0.15,1929,31.5246,1.53089,0.33472
4386,150,8,3,49,1,0,0,0,85.599,0.05,0.15,1929,31.5246,1.8289,0.33472
4387,400,2,2,56,0,0,0,1,125.296,0.05,0.15,1930,31.5246,1.20458,0.33463
4388,101,1,1,24,0,1,0,0,5.975,0.05,0.15,1930,31.5246,2.23236,0.33463
4389,141,2,2,41,0,1,1,0,31.828,0.05,0.15,1930,31.5246,2.08611,0.33472
4390,400,6,6,48,0,0,1,1,135.577,0.05,0.15,1930,31.5246,1.43956,0.33472
4391,400,3,3,44,0,0,0,1,120.105,0.05,0.15,1932,31.5246,1.07773,0.33463
4392,188,2,2,38,0,1,0,0,31.325,0.05,0.15,1933,31.5246,2.0281,0.33471
4393,400,3,3,48,0,0,0,1,117.59,0.05,0.15,1933,31.5246,1.13161,0.33471
4394,400,5,5,29,0,0,0,1,110.188,0.05,0.15,1933,31.5246,1.22651,0.33471
4395,400,10,5,53,1,0,0,1,138.66,0.05,0.15,1933,31.5246,1.37853,0.33471
4396,400,7,2,44,1,0,0,1,126.877,0.05,0.15,1933,31.5246,1.3773,0.33471
4397,87,2,2,27,0,1,0,0,15.366,0.05,0.15,1933,31.5246,2.02481,0.33471
4398,400,8,3,53,1,0,0,1,146.645,0.05,0.15,1933,31.5246,1.3627,0.3348
4399,400,13,8,83,1,0,1,1,188.065,0.05,0.15,1934,31.5246,1.53828,0.3348
4400,400,6,1,40,1,0,0,1,117.098,0.05,0.15,1934,31.5246,1.17911,0.3348
4401,156,0,0,28,0,1,0,0,21.776,0.05,0.15,1934,31.5246,1.688,0.3348
4402,400,16,6,59,2,0,0,1,179.46,0.05,0.15,1934,31.5246,1.43979,0.3348
4403,113,2,2,28,0,1,0,0,16.462,0.05,0.15,1934,31.5246,1.77094,0.3348
4404,400,3,3,46,0,0,0,1,122.869,0.05,0.15,1934,31.5246,1.17639,0.3348
4405,299,3,3,40,0,1,0,0,56.858,0.05,0.15,1934,31.5246,1.53244,0.3348
4406,400,16,6,88,2,0,0,1,203.8,0.05,0.15,1934,31.5246,1.53797,0.3348
4407,5,0,0,1,0,1,0,0,-26.654,0.05,0.15,1934,31.5246,7.48129,0.3348
4408,400,4,4,56,0,0,0,1,130.45,0.05,0.15,1934,31.5246,1.25392,0.3348
4409,400,6,6,46,0,0,0,1,131.353,0.05,0.15,1934,31.5246,1.22782,0.3348
4410,400,4,4,48,0,0,0,1,131.181,0.05,0.15,1934,31.5246,1.19916,0.3348
4411,400,9,4,50,1,0,1,1,143.339,0.05,0.15,1934,31.5246,1.31092,0.3348
4412,42,0,0,18,0,1,0,0,-5.022,0.05,0.15,1934,31.5246,1.97245,0.3348
4413,344,5,5,73,0,1,0,0,104.236,0.05,0.15,1934,31.5246,1.38934,0.3348
4414,400,5,5,70,0,0,0,1,147.952,0.05,0.15,1935,31.5246,1.11662,0.33471
4415,400,8,3,61,1,0,1,1,156.439,0.05,0.15,1935,31.5246,1.18214,0.33471
4416,400,10,5,62,1,0,1,1,148.678,0.05,0.15,1935,31.5246,1.47571,0.33471
4417,20,0,0,10,0,1,0,0,-20.015,0.05,0.15,1935,31.5246,3.82517,0.33471
4418,54,2,2,15,0,1,0,0,-3.4,0.05,0.15,1935,31.5246,3.20706,0.33471
4419,400,2,2,39,0,0,0,1,103.904,0.05,0.15,1935,31.5246,1.16633,0.33471
4420,400,9,4,71,1,0,0,1,169.181,0.05,0.15,1936,31.5246,1.58852,0.33471
4421,387,10,5,65,1,0,0,1,156.084,0.05,0.15,1936,31.5246,1.4839,0.33471
4422,400,3,3,23,0,0,0,1,99.811,0.05,0.15,1936,31.5246,1.30388,0.33471
4423,173,2,2,37,0,1,0,0,36.099,0.05,0.15,1937,31.5246,1.93398,0.33471
4424,400,6,6,49,0,0,0,1,122.084,0.05,0.15,1937,31.5246,1.27498,0.33471
4425,94,2,2,23,0,1,0,0,11.926,0.05,0.15,1937,31.5246,1.3116,0.33471
4426,94,1,1,41,0,1,0,0,17.749,0.05,0.15,1937,31.5246,2.14029,0.33471
4427,400,13,8,66,1,0,0,1,182.45,0.05,0.15,1937,31.5246,1.53107,0.33471
4428,71,1,1,21,0,1,0,0,-0.919,0.05,0.15,1937,31.5246,2.09702,0.33471
4429,400,4,4,42,0,0,0,1,117.42,0.05,0.15,1937,31.5246,1.17268,0.33471
4430,22,1,1,7,0,1,0,0,-18.058,0.05,0.15,1937,31.5246,4.49014,0.33471
4431,400,11,6,57,1,0,1,1,153.972,0.05,0.15,1937,31.5246,1.45438,0.3348
4432,400,4,4,59,0,0,0,1,134.425,0.05,0.15,1938,31.5246,1.23969,0.3348
4433,20,0,0,5,0,1,0,0,-21.745,0.05,0.15,1938,31.5246,3.81924,0.3348
4434,21,1,1,9,0,1,0,0,-16.185,0.05,0.15,1938,31.5246,3.98814,0.3348
4435,400,5,5,58,0,0,0,1,133.041,0.05,0.15,1939,31.5246,1.34977,0.33471
4436,400,5,5,51,0,0,1,1,129.847,0.05,0.15,1939,31.5246,1.11419,0.33471
4437,400,13,3,55,2,0,0,1,129.635,0.05,0.15,1939,31.5246,1.50924,0.33471
4438,181,1,1,37,0,1,0,0,30.941,0.05,0.15,1939,31.5246,1.78086,0.33471
4439,313,10,5,55,1,0,1,1,140.472,0.05,0.15,1939,31.5246,1.51028,0.33471
4440,332,6,1,47,1,1,0,0,86.411,0.05,0.15,1939,31.5246,1.54729,0.33471
4441,114,1,1,29,0,1,0,0,21.232,0.05,0.15,1939,31.5246,2.21047,0.33488
4442,43,1,1,13,0,1,0,0,-7.626,0.05,0.15,1939,31.5246,2.55024,0.33497
4443,299,5,5,74,0,0,0,1,136.979,0.05,0.15,1939,31.5246,1.48995,0.33497
4444,131,1,1,24,0,1,1,0,14.975,0.05,0.15,1939,31.5246,1.85305,0.33497
4445,13,0,0,5,0,1,0,0,-23.975,0.05,0.15,1939,31.5246,3.78715,0.33497
4446,212,1,1,19,0,1,0,0,23.294,0.05,0.15,1939,31.5246,1.71867,0.33497
4447,400,10,5,57,1,0,0,1,161.907,0.05,0.15,1939,31.5246,1.31286,0.33497
4448,400,4,4,41,0,0,0,1,137.087,0.05,0.15,1939,31.5246,1.33727,0.33497
4449,292,2,2,41,0,1,0,0,59.258,0.05,0.15,1939,31.5246,1.53536,0.33497
4450,84,2,2,21,0,1,1,0,6.141,0.05,0.15,1940,31.5246,2.12014,0.33497
4451,28,1,1,10,0,1,0,0,-13.885,0.05,0.15,1940,31.5246,3.26682,0.33497
4452,253,2,2,28,0,1,1,0,37.273,0.05,0.15,1940,31.5246,1.88942,0.33497
4453,20,0,0,9,0,1,0,0,-19.169,0.05,0.15,1940,31.5246,4.18641,0.33497
4454,285,6,1,24,1,1,1,0,55.565,0.05,0.15,1941,31.5246,1.69495,0.33488
4455,400,7,2,35,1,0,0,1,116.143,0.05,0.15,1941,31.5246,1.33904,0.33488
4456,130,1,1,21,0,1,0,0,3.804,0.05,0.15,1941,31.5246,1.75859,0.33488
4457,400,2,2,38,0,0,0,1,107.341,0.05,0.15,1941,31.5246,1.21156,0.33488
4458,22,0,0,4,0,1,0,0,-19.975,0.05,0.15,1941,31.5246,1.26911,0.33488
4459,400,2,2,42,0,0,0,1,113.315,0.05,0.15,1941,31.5246,1.07096,0.33488
4460,400,1,1,23,0,0,1,1,79.256,0.05,0.15,1941,31.5246,1.1085,0.33488
4461,400,6,1,30,1,0,0,1,99.031,0.05,0.15,1941,31.5246,1.4727,0.33488
4462,400,2,2,28,0,0,0,1,95.122,0.05,0.15,1941,31.5246,1.06407,0.33488
4463,400,7,2,38,1,0,0,1,98.681,0.05,0.15,1941,31.5246,1.57373,0.33488
4464,50,1,1,16,0,1,0,0,-12.925,0.05,0.15,1941,31.5246,2.68151,0.33488
4465,20,0,0,9,0,1,0,0,-17.203,0.05,0.15,1941,31.5246,2.58827,0.33488
4466,400,4,4,34,0,0,1,1,112.667,0.05,0.15,1941,31.5246,1.31906,0.33488
4467,234,2,2,35,0,0,0,0,69.953,0.05,0.15,1941,31.5246,1.10439,0.33496
4468,21,0,0,10,0,1,0,0,-18.921,0.05,0.15,1941,31.5246,2.48105,0.33496
4469,286,8,3,47,1,1,2,0,89.449,0.05,0.15,1942,31.5246,1.70318,0.33488
4470,400,2,2,17,0,0,0,1,92.264,0.05,0.15,1942,31.5246,1.10623,0.33488
4471,249,7,2,31,1,1,1,0,68.573,0.05,0.15,1942,31.5246,1.37506,0.33488
4472,400,4,4,40,0,0,0,1,128.723,0.05,0.15,1942,31.5246,1.28997,0.33488
4473,14,0,0,2,0,1,0,0,-28.965,0.05,0.15,1942,31.5246,3.89115,0.33488
4474,21,1,1,8,0,1,0,0,-16.003,0.05,0.15,1942,31.5246,2.61244,0.33488
4475,400,6,6,70,0,0,1,1,145.187,0.05,0.15,1942,31.5246,1.50794,0.33488
4476,400,3,3,32,0,0,0,1,120.654,0.05,0.15,1943,31.5246,1.06492,0.33479
4477,259,2,2,48,0,1,0,0,57.013,0.05,0.15,1944,31.5246,1.73411,0.33479
4478,355,6,6,29,0,0,0,1,93.47,0.05,0.15,1944,31.5246,1.47638,0.33488
4479,400,2,2,67,0,0,0,1,142.041,0.05,0.15,1944,31.5246,1.18807,0.33488
4480,13,0,0,5,0,1,0,0,-23.561,0.05,0.15,1944,31.5246,5.1951,0.33488
4481,36,0,0,11,0,1,0,0,-12.909,0.05,0.15,1944,31.5246,1.92313,0.33488
4482,230,2,2,44,0,1,0,0,37.856,0.05,0.15,1944,31.5246,1.85194,0.33488
4483,66,1,1,27,0,1,0,0,3.853,0.05,0.15,1944,31.5246,2.16931,0.33488
4484,37,0,0,14,0,1,0,0,-9.342,0.05,0.15,1944,31.5246,2.22915,0.33488
4485,400,11,6,79,1,0,1,1,174.252,0.05,0.15,1944,31.5246,1.71311,0.33488
4486,400,9,4,51,1,0,1,1,149.795,0.05,0.15,1944,31.5246,1.24163,0.33488
4487,400,1,1,40,0,0,0,1,117.647,0.05,0.15,1944,31.5246,1.32946,0.33488
4488,400,3,3,48,0,0,0,1,125.76,0.05,0.15,1944,31.5246,1.13558,0.33488
4489,307,4,4,67,0,0,0,1,128.301,0.05,0.15,1945,31.5246,1.50785,0.33488
4490,400,5,5,52,0,0,0,1,146.53,0.05,0.15,1945,31.5246,1.17983,0.33488
4491,118,2,2,33,0,1,0,0,24.408,0.05,0.15,1945,31.5246,1.79676,0.33488
4492,400,0,0,41,0,0,0,1,119.563,0.05,0.15,1945,31.5246,0.90497,0.33488
4493,400,4,4,51,0,0,0,1,132.083,0.05,0.15,1945,31.5246,1.15161,0.33488
4494,400,3,3,20,0,0,0,1,98.653,0.05,0.15,1948,31.5246,1.11954,0.33462
4495,72,2,2,29,0,1,0,0,13.299,0.05,0.15,1948,31.5246,2.39518,0.33462
4496,400,2,2,50,0,0,0,1,104.079,0.05,0.15,1951,31.5246,1.26248,0.33444
4497,131,2,2,29,0,1,0,0,8.59,0.05,0.15,1951,31.5246,2.06299,0.33444
4498,41,1,1,14,0,1,0,0,-17.412,0.05,0.15,1951,31.5246,2.81535,0.33444
4499,66,3,3,23,0,1,0,0,13.694,0.05,0.15,1951,31.5246,2.28464,0.33444
4500,400,3,3,46,0,0,0,1,138.052,0.05,0.15,1951,31.5246,1.1154,0.33444
4501,303,11,1,66,2,1,1,0,118.207,0.05,0.15,1951,31.5246,1.59918,0.33444
4502,316,3,3,56,0,0,0,1,113.711,0.05,0.15,1953,31.5246,1.45863,0.33427
4503,400,5,5,82,0,0,0,1,160.195,0.05,0.15,1953,31.5246,1.48836,0.33427
4504,400,4,4,45,0,0,0,1,132.173,0.05,0.15,1954,31.5246,1.03893,0.33427
4505,366,10,5,68,1,0,0,1,157.081,0.05,0.15,1954,31.5246,1.56848,0.33427
4506,70,0,0,26,0,0,0,0,24.47,0.05,0.15,1954,31.5246,1.89471,0.33427
4507,400,11,6,69,1,0,1,1,162.028,0.05,0.15,1954,31.5246,1.55269,0.33436
4508,70,2,2,28,0,1,0,0,16.147,0.05,0.15,1954,31.5246,1.94764,0.33436
4509,13,0,0,3,0,1,0,0,-26.973,0.05,0.15,1954,31.5246,7.60187,0.33436
4510,36,0,0,10,0,1,0,0,-21.168,0.05,0.15,1954,31.5246,3.75568,0.33436
4511,318,8,3,49,1,1,0,0,91.88,0.05,0.15,1954,31.5246,1.6114,0.33436
4512,13,0,0,4,0,1,0,0,-24.573,0.05,0.15,1954,31.5246,5.42407,0.33436
4513,67,0,0,16,0,0,1,0,11.739,0.05,0.15,1954,31.5246,2.0697,0.33436
4514,400,3,3,59,0,0,0,1,134.561,0.05,0.15,1954,31.5246,1.2541,0.33436
4515,109,1,1,32,0,1,0,0,15.354,0.05,0.15,1954,31.5246,2.09508,0.33436
4516,19,1,1,6,0,1,0,0,-15.836,0.05,0.15,1954,31.5246,3.39808,0.33436
4517,268,3,3,21,0,1,0,0,36.636,0.05,0.15,1954,31.5246,1.27686,0.33436
4518,69,1,1,15,0,1,0,0,0.364,0.05,0.15,1954,31.5246,2.11938,0.33436
4519,130,4,4,45,0,1,0,0,47.125,0.05,0.15,1954,31.5246,2.42889,0.33444
4520,400,9,4,58,1,0,0,1,143.329,0.05,0.15,1954,31.5246,1.42446,0.33444
4521,21,0,0,7,0,1,0,0,-20.319,0.05,0.15,1954,31.5246,3.11773,0.33444
4522,400,1,1,41,0,0,0,1,124.127,0.05,0.15,1954,31.5246,1.21225,0.33444
4523,65,1,1,18,0,0,0,0,16.795,0.05,0.15,1956,31.5246,2.25937,0.33436
4524,49,0,0,12,0,1,0,0,-12.35,0.05,0.15,1956,31.5246,2.91185,0.33436
4525,27,0,0,8,0,1,0,0,-18.663,0.05,0.15,1956,31.5246,3.47778,0.33436
4526,149,6,1,30,1,1,0,0,39.256,0.05,0.15,1957,31.5246,2.0621,0.33427
4527,191,6,1,49,1,1,1,0,66.606,0.05,0.15,1957,31.5246,1.97852,0.33427
4528,400,8,3,50,1,0,0,1,144.428,0.05,0.15,1957,31.5246,1.25859,0.33427
4529,244,2,2,34,0,0,0,0,63.651,0.05,0.15,1957,31.5246,1.70994,0.33427
4530,400,1,1,46,0,0,1,1,120.995,0.05,0.15,1957,31.5246,1.11718,0.33427
4531,397,4,4,26,0,1,0,0,79.702,0.05,0.15,1957,31.5246,1.29374,0.33427
4532,400,8,3,42,1,0,0,1,129.63,0.05,0.15,1957,31.5246,1.50906,0.33427
4533,66,0,0,4,0,1,0,0,-21.094,0.05,0.15,1957,31.5246,0.94423,0.33427
4534,20,0,0,7,0,1,0,0,-20.071,0.05,0.15,1957,31.5246,3.73487,0.33427
4535,114,3,3,37,0,1,2,0,29.605,0.05,0.15,1957,31.5246,2.42881,0.33427
4536,400,1,1,31,0,0,0,1,73.402,0.05,0.15,1957,31.5246,1.64234,0.33427
4537,29,0,0,9,0,1,0,0,-18.201,0.05,0.15,1957,31.5246,2.20326,0.33427
4538,400,6,6,42,0,0,0,1,126.481,0.05,0.15,1957,31.5246,1.60539,0.33453
4539,400,9,4,42,1,0,0,1,136.841,0.05,0.15,1957,31.5246,1.35912,0.33453
4540,21,1,1,10,0,1,0,0,-14.405,0.05,0.15,1957,31.5246,2.91348,0.33453
4541,27,0,0,14,0,1,0,0,-18.914,0.05,0.15,1957,31.5246,3.58107,0.33453
4542,400,3,3,60,0,0,0,1,140.628,0.05,0.15,1957,31.5246,1.21965,0.33453
4543,400,5,5,30,0,0,1,1,115.029,0.05,0.15,1957,31.5246,1.22046,0.33453
4544,400,0,0,31,0,0,0,1,89.505,0.05,0.15,1957,31.5246,1.15199,0.3347
4545,41,2,2,7,0,1,0,0,-7.8,0.05,0.15,1957,31.5246,2.25499,0.3347
4546,301,0,0,21,0,1,0,0,43.126,0.05,0.15,1957,31.5246,1.20655,0.3347
4547,89,3,3,14,0,1,1,0,3.2,0.05,0.15,1957,31.5246,2.75693,0.3347
4548,400,5,0,26,1,0,1,1,117.404,0.05,0.15,1957,31.5246,1.15918,0.3347
4549,400,10,5,39,1,0,0,1,134.689,0.05,0.15,1957,31.5246,1.42682,0.3347
4550,400,6,1,46,1,0,1,1,115.264,0.05,0.15,1957,31.5246,1.37042,0.3347
4551,68,1,1,18,0,1,0,0,0.99,0.05,0.15,1957,31.5246,2.13302,0.3347
4552,129,0,0,11,0,1,0,0,-3.917,0.05,0.15,1957,31.5246,1.80913,0.3347
4553,293,6,1,36,1,1,0,0,38.985,0.05,0.15,1957,31.5246,1.68298,0.3347
4554,23,1,1,5,0,1,0,0,-18.701,0.05,0.15,1957,31.5246,3.35034,0.3347
4555,5,0,0,3,0,1,0,0,-25.854,0.05,0.15,1957,31.5246,6.43804,0.3347
4556,400,4,4,42,0,0,0,1,113.14,0.05,0.15,1958,31.5246,1.12427,0.33461
4557,36,0,0,7,0,1,0,0,-19.88,0.05,0.15,1958,31.5246,2.7006,0.33461
4558,400,8,3,40,1,0,0,1,122.857,0.05,0.15,1959,31.5246,1.2446,0.33461
4559,228,6,6,28,0,1,0,0,53.289,0.05,0.15,1959,31.5246,1.37073,0.33461
4560,400,3,3,43,0,0,0,1,105.657,0.05,0.15,1960,31.5246,1.12182,0.33452
4561,220,4,4,46,0,1,0,0,56.971,0.05,0.15,1960,31.5246,1.37723,0.33452
4562,400,5,5,63,0,0,0,1,146.616,0.05,0.15,1960,31.5246,1.16149,0.33452
4563,400,2,2,40,0,0,0,1,120.865,0.05,0.15,1961,31.5246,1.16973,0.33444
4564,217,3,3,34,0,1,0,0,47.399,0.05,0.15,1962,31.5246,1.66881,0.33435
4565,27,0,0,13,0,1,0,0,-18.155,0.05,0.15,1962,31.5246,3.15794,0.33435
4566,400,8,3,39,1,0,0,1,141.96,0.05,0.15,1962,31.5246,1.15861,0.33435
4567,400,6,6,42,0,0,0,1,139.879,0.05,0.15,1962,31.5246,1.01109,0.33435
4568,400,3,3,53,0,0,0,1,135.353,0.05,0.15,1962,31.5246,1.2895,0.33435
4569,152,2,2,33,0,1,0,0,29.656,0.05,0.15,1962,31.5246,1.82431,0.33435
4570,400,4,4,35,0,0,0,1,117.78,0.05,0.15,1963,31.5246,1.35507,0.33427
4571,400,9,4,58,1,0,1,1,163.094,0.05,0.15,1963,31.5246,1.29382,0.33427
4572,20,0,0,9,0,1,0,0,-19.571,0.05,0.15,1963,31.5246,3.5409,0.33427
4573,202,5,5,46,0,1,0,0,57.625,0.05,0.15,1963,31.5246,1.52829,0.33427
4574,20,0,0,7,0,1,0,0,-18.738,0.05,0.15,1963,31.5246,2.49625,0.33427
4575,71,2,2,24,0,1,0,0,15.161,0.05,0.15,1963,31.5246,1.86901,0.33427
4576,400,5,5,50,0,0,0,1,142.351,0.05,0.15,1963,31.5246,1.08622,0.33427
4577,168,3,3,52,0,1,1,0,52.408,0.05,0.15,1963,31.5246,2.1421,0.33427
4578,400,8,3,56,1,0,0,1,167.2,0.05,0.15,1964,31.5246,1.06356,0.33418
4579,400,10,5,82,1,0,2,1,174.894,0.05,0.15,1964,31.5246,1.63432,0.33418
4580,213,3,3,48,0,1,1,0,59.285,0.05,0.15,1964,31.5246,1.74442,0.33418
4581,49,0,0,22,0,1,0,0,-2.686,0.05,0.15,1964,31.5246,1.58011,0.33418
4582,49,2,2,19,0,1,0,0,1.368,0.05,0.15,1964,31.5246,2.25098,0.33418
4583,160,10,5,47,1,1,0,0,58.797,0.05,0.15,1964,31.5246,2.3237,0.33418
4584,27,1,1,8,0,1,0,0,-12.495,0.05,0.15,1964,31.5246,3.03373,0.33418
4585,333,10,5,50,1,0,0,1,120.805,0.05,0.15,1964,31.5246,2.11764,0.33418
4586,21,2,2,8,0,1,0,0,-14.262,0.05,0.15,1964,31.5246,3.96106,0.33418
4587,252,10,5,50,1,1,0,0,90.477,0.05,0.15,1964,31.5246,1.99502,0.33427
4588,400,3,3,59,0,0,1,1,134.647,0.05,0.15,1965,31.5246,1.31333,0.33418
4589,22,1,1,7,0,1,0,0,-16.544,0.05,0.15,1965,31.5246,1.54069,0.33418
4590,400,5,5,51,0,0,0,1,142.843,0.05,0.15,1965,31.5246,1.05583,0.33418
4591,146,2,2,37,0,1,1,0,34.724,0.05,0.15,1965,31.5246,2.1476,0.33418
4592,381,4,4,59,0,0,1,1,136.304,0.05,0.15,1965,31.5246,1.38299,0.33418
4593,400,6,1,57,1,0,1,1,146.36,0.05,0.15,1965,31.5246,1.23654,0.33418
4594,157,3,3,38,0,0,1,0,60.116,0.05,0.15,1965,31.5246,1.73947,0.33418
4595,12,0,0,7,0,1,0,0,-21.05,0.05,0.15,1965,31.5246,3.75434,0.33418
4596,400,3,3,51,0,0,0,1,131.437,0.05,0.15,1965,31.5246,1.00754,0.33418
4597,400,1,1,56,0,0,0,1,119.531,0.05,0.15,1965,31.5246,1.12526,0.33418
4598,65,3,3,12,0,1,0,0,-3.241,0.05,0.15,1965,31.5246,2.20648,0.33418
4599,400,7,7,57,0,0,0,1,157.605,0.05,0.15,1965,31.5246,0.94237,0.33418
4600,13,0,0,4,0,1,0,0,-25.563,0.05,0.15,1965,31.5246,5.04735,0.33418
4601,5,0,0,2,0,1,0,0,-31.104,0.05,0.15,1965,31.5246,3.16566,0.33418
4602,20,0,0,8,0,1,0,0,-22.773,0.05,0.15,1965,31.5246,3.69857,0.33418
4603,400,3,3,50,0,0,1,1,142.96,0.05,0.15,1965,31.5246,1.16254,0.33418
4604,299,11,6,60,1,0,0,1,137.347,0.05,0.15,1965,31.5246,2.05429,0.33418
4605,58,0,0,23,0,1,0,0,0.43,0.05,0.15,1965,31.5246,2.39383,0.33418
4606,400,10,5,49,1,0,0,1,144.569,0.05,0.15,1965,31.5246,1.37071,0.33418
4607,400,2,2,53,0,0,1,1,122.597,0.05,0.15,1965,31.5246,1.16665,0.33427
4608,123,2,2,32,0,1,0,0,20.158,0.05,0.15,1965,31.5246,1.65442,0.33427
4609,360,8,8,62,0,0,0,1,145.529,0.05,0.15,1965,31.5246,1.46909,0.33427
4610,126,7,2,43,1,1,0,0,47.789,0.05,0.15,1965,31.5246,1.9305,0.33427
4611,132,1,1,47,0,0,0,0,57.783,0.05,0.15,1965,31.5246,1.83389,0.33427
4612,356,6,6,48,0,0,0,1,104.65,0.05,0.15,1966,31.5246,2.15036,0.33427
4613,400,5,5,54,0,0,0,1,143.913,0.05,0.15,1966,31.5246,0.97437,0.33427
4614,76,4,4,12,0,1,0,0,4.804,0.05,0.15,1966,31.5246,2.18032,0.33427
4615,400,9,4,61,1,0,0,1,154.979,0.05,0.15,1966,31.5246,1.3582,0.33427
4616,400,4,4,64,0,0,0,1,155.939,0.05,0.15,1966,31.5246,1.11028,0.33427
4617,400,8,3,54,1,0,0,1,146.905,0.05,0.15,1966,31.5246,1.24386,0.33427
4618,96,1,1,21,0,1,0,0,7.316,0.05,0.15,1966,31.5246,1.67799,0.33427
4619,20,0,0,8,0,1,0,0,-21.971,0.05,0.15,1966,31.5246,3.731,0.33427
4620,301,1,1,35,0,1,0,0,-2.04,0.05,0.15,1966,31.5246,2.27228,0.33427
4621,400,5,5,35,0,0,0,1,115.832,0.05,0.15,1966,31.5246,1.09792,0.33435
4622,189,4,4,32,0,1,0,0,39.03,0.05,0.15,1966,31.5246,1.32448,0.33435
4623,400,1,1,28,0,0,0,1,87.842,0.05,0.15,1966,31.5246,0.96935,0.33435
4624,167,0,0,21,0,1,0,0,11.172,0.05,0.15,1966,31.5246,0.83518,0.33435
4625,27,0,0,9,0,1,0,0,-18.349,0.05,0.15,1966,31.5246,3.35502,0.33435
4626,13,0,0,8,0,1,0,0,-20.838,0.05,0.15,1966,31.5246,3.4518,0.33435
4627,200,8,3,47,1,1,1,0,60.886,0.05,0.15,1966,31.5246,1.90955,0.33435
4628,55,0,0,14,0,1,0,0,-16.241,0.05,0.15,1967,31.5246,3.04675,0.33427
4629,252,3,3,32,0,0,0,0,61.349,0.05,0.15,1968,31.5246,1.36221,0.33418
4630,5,0,0,3,0,1,0,0,-29.152,0.05,0.15,1968,31.5246,6.30293,0.33418
4631,400,6,1,34,1,0,0,1,80.952,0.05,0.15,1968,31.5246,0.89012,0.33418
4632,400,10,5,48,1,0,0,1,115.685,0.05,0.15,1968,31.5246,1.01772,0.33426
4633,41,1,1,13,0,1,0,0,-8.737,0.05,0.15,1968,31.5246,1.93308,0.33426
4634,400,4,4,40,0,0,1,1,114.665,0.05,0.15,1968,31.5246,1.24497,0.33435
4635,400,5,5,34,0,0,0,1,115.935,0.05,0.15,1968,31.5246,1.08504,0.33435
4636,400,6,6,35,0,0,0,1,123.495,0.05,0.15,1968,31.5246,0.92319,0.33435
4637,400,12,7,34,1,0,0,1,137.502,0.05,0.15,1968,31.5246,1.10366,0.33435
4638,400,9,4,42,1,0,0,1,160.567,0.05,0.15,1968,31.5246,0.93393,0.33435
4639,400,5,5,48,0,0,0,1,138.427,0.05,0.15,1968,31.5246,1.18181,0.33435
4640,28,0,0,4,0,1,0,0,-27.097,0.05,0.15,1968,31.5246,2.03909,0.33435
4641,400,2,2,40,0,0,0,1,103.99,0.05,0.15,1968,31.5246,0.98493,0.33435
4642,142,0,0,25,0,1,0,0,20.731,0.05,0.15,1968,31.5246,1.34328,0.33435
4643,28,0,0,4,0,1,0,0,-31.61,0.05,0.15,1968,31.5246,1.55009,0.33435
4644,68,3,3,21,0,1,1,0,3.211,0.05,0.15,1968,31.5246,2.88588,0.33435
4645,85,2,2,25,0,1,0,0,16.14,0.05,0.15,1968,31.5246,2.70959,0.33435
4646,400,5,5,39,0,0,0,1,136.125,0.05,0.15,1968,31.5246,0.76818,0.33435
4647,400,9,4,43,1,0,0,1,145.609,0.05,0.15,1968,31.5246,1.12229,0.33443
4648,400,3,3,35,0,0,0,1,123.541,0.05,0.15,1968,31.5246,0.83857,0.33443
4649,400,9,4,46,1,0,0,1,149.016,0.05,0.15,1968,31.5246,0.9888,0.33443
4650,44,1,1,15,0,1,0,0,-7.39,0.05,0.15,1968,31.5246,2.23067,0.33443
4651,400,2,2,38,0,0,0,1,113.484,0.05,0.15,1968,31.5246,1.09506,0.33443
4652,20,0,0,11,0,1,0,0,-16.171,0.05,0.15,1968,31.5246,2.96321,0.33443
4653,400,3,3,35,0,0,0,1,124.662,0.05,0.15,1968,31.5246,0.95827,0.33443
4654,22,1,1,6,0,1,0,0,-16.605,0.05,0.15,1968,31.5246,2.87585,0.33443
4655,5,0,0,4,0,1,0,0,-33.206,0.05,0.15,1968,31.5246,1.07292,0.33443
4656,362,9,4,28,1,1,0,0,62.809,0.05,0.15,1968,31.5246,1.43434,0.33443
4657,400,4,4,46,0,0,0,1,128.335,0.05,0.15,1968,31.5246,0.81786,0.33443
4658,14,0,0,8,0,1,0,0,-20.774,0.05,0.15,1968,31.5246,3.30952,0.33443
4659,400,5,5,32,0,0,0,1,117.143,0.05,0.15,1968,31.5246,0.99088,0.33443
4660,5,0,0,3,0,1,0,0,-30.806,0.05,0.15,1968,31.5246,11.45442,0.33443
4661,203,5,5,44,0,1,1,0,53.529,0.05,0.15,1968,31.5246,1.81626,0.33443
4662,142,2,2,25,0,1,0,0,25.758,0.05,0.15,1968,31.5246,1.62805,0.33443
4663,57,2,2,21,0,1,0,0,7.99,0.05,0.15,1968,31.5246,2.85386,0.33443
4664,400,10,5,51,1,0,0,1,155.074,0.05,0.15,1968,31.5246,1.14266,0.33443
4665,400,8,3,31,1,0,0,1,126.71,0.05,0.15,1968,31.5246,1.13224,0.33443
4666,222,3,3,17,0,1,0,0,37.158,0.05,0.15,1969,31.5246,1.12211,0.33435
4667,167,1,1,28,0,1,1,0,19.341,0.05,0.15,1969,31.5246,2.1239,0.33435
4668,28,2,2,6,0,1,0,0,-15.944,0.05,0.15,1969,31.5246,3.56139,0.33435
4669,400,2,2,22,0,0,0,1,101.444,0.05,0.15,1969,31.5246,0.93275,0.33435
4670,400,8,3,24,1,0,0,1,110.618,0.05,0.15,1969,31.5246,0.93731,0.33435
4671,400,4,4,23,0,0,0,1,108.874,0.05,0.15,1969,31.5246,0.89136,0.33443
4672,27,2,2,8,0,1,0,0,-11.814,0.05,0.15,1969,31.5246,3.89274,0.33443
4673,400,2,2,21,0,0,2,1,75.364,0.05,0.15,1970,31.5246,1.02164,0.33435
4674,24,0,0,11,0,1,0,0,-16.701,0.05,0.15,1970,31.5246,3.7186,0.33435
4675,400,9,4,45,1,0,1,1,131.947,0.05,0.15,1970,31.5246,1.45748,0.33443
4676,20,0,0,8,0,1,0,0,-18.369,0.05,0.15,1970,31.5246,3.16663,0.33443
4677,400,8,3,45,1,0,0,1,134.807,0.05,0.15,1970,31.5246,1.21443,0.33443
4678,170,5,5,46,0,1,0,0,57.728,0.05,0.15,1970,31.5246,1.74754,0.33443
4679,377,2,2,34,0,1,1,0,72.39,0.05,0.15,1970,31.5246,1.42461,0.33443
4680,400,5,5,52,0,0,0,1,122.598,0.05,0.15,1970,31.5246,1.36047,0.33443
4681,400,7,2,34,1,0,1,1,116.433,0.05,0.15,1970,31.5246,1.29001,0.33452
4682,400,10,5,47,1,0,0,1,137.601,0.05,0.15,1970,31.5246,1.12541,0.33452
4683,69,2,2,13,0,1,0,0,-5.414,0.05,0.15,1970,31.5246,2.16616,0.33452
4684,400,15,5,48,2,0,0,1,138.792,0.05,0.15,1971,31.5246,1.86137,0.33452
4685,400,7,2,41,1,0,1,1,110.476,0.05,0.15,1971,31.5246,1.4867,0.33452
4686,183,12,2,51,2,1,0,0,75.524,0.05,0.15,1971,31.5246,2.30517,0.33452
4687,12,0,0,4,0,1,0,0,-23.257,0.05,0.15,1971,31.5246,3.95896,0.33452
4688,13,0,0,4,0,1,0,0,-27.611,0.05,0.15,1971,31.5246,5.88342,0.33452
4689,400,4,4,53,0,0,0,1,125.472,0.05,0.15,1971,31.5246,1.39221,0.33452
4690,400,3,3,36,0,0,0,1,111.438,0.05,0.15,1971,31.5246,1.01224,0.33452
4691,400,4,4,49,0,0,0,1,126.266,0.05,0.15,1971,31.5246,1.36286,0.33452
4692,223,3,3,42,0,1,0,0,50.654,0.05,0.15,1971,31.5246,1.58371,0.33452
4693,400,4,4,47,0,0,0,1,129.564,0.05,0.15,1971,31.5246,1.1097,0.33452
4694,225,3,3,51,0,1,1,0,55.643,0.05,0.15,1971,31.5246,1.71438,0.33452
4695,156,1,1,18,0,1,0,0,23.279,0.05,0.15,1971,31.5246,1.38775,0.33452
4696,28,0,0,14,0,1,0,0,-13.89,0.05,0.15,1971,31.5246,2.60412,0.33452
4697,41,0,0,13,0,1,0,0,-13.765,0.05,0.15,1971,31.5246,2.91351,0.33452
4698,400,9,4,43,1,0,0,1,141.98,0.05,0.15,1971,31.5246,0.82961,0.33452
4699,313,5,5,49,0,1,0,0,92.334,0.05,0.15,1971,31.5246,1.24907,0.33452
4700,195,6,1,44,1,1,0,0,59.066,0.05,0.15,1971,31.5246,1.83657,0.33452
4701,400,6,6,43,0,0,0,1,134.079,0.05,0.15,1971,31.5246,1.247,0.33452
4702,400,9,4,39,1,0,0,1,137.901,0.05,0.15,1971,31.5246,1.39725,0.33452
4703,400,6,1,19,1,0,0,1,105.685,0.05,0.15,1971,31.5246,1.01831,0.33452
4704,80,4,4,17,0,1,0,0,8.826,0.05,0.15,1971,31.5246,2.17015,0.33452
4705,400,3,3,41,0,0,0,1,122.295,0.05,0.15,1971,31.5246,1.00187,0.33452
4706,400,8,3,36,1,0,0,1,120.603,0.05,0.15,1971,31.5246,1.15986,0.33452
4707,400,2,2,47,0,0,1,1,115.805,0.05,0.15,1971,31.5246,1.06131,0.33452
4708,66,3,3,16,0,1,0,0,4.011,0.05,0.15,1971,31.5246,2.47619,0.33452
4709,13,0,0,8,0,1,0,0,-20.438,0.05,0.15,1971,31.5246,3.56754,0.33452
4710,400,3,3,42,0,0,0,1,118.149,0.05,0.15,1971,31.5246,1.20377,0.33452
4711,400,11,6,50,1,0,0,1,150.199,0.05,0.15,1971,31.5246,1.2616,0.33452
4712,99,2,2,27,0,0,0,0,38.665,0.05,0.15,1971,31.5246,1.88325,0.33469
4713,400,2,2,60,0,0,1,1,118.711,0.05,0.15,1971,31.5246,1.24077,0.33477
4714,34,1,1,13,0,1,0,0,-12.773,0.05,0.15,1971,31.5246,2.92851,0.33477
4715,191,3,3,25,0,1,0,0,29.435,0.05,0.15,1972,31.5246,1.64191,0.33469
4716,400,7,2,29,1,0,0,1,111.059,0.05,0.15,1972,31.5246,1.26982,0.33477
4717,400,5,5,35,0,0,0,1,113.444,0.05,0.15,1972,31.5246,0.97565,0.33477
4718,400,7,7,51,0,0,0,1,134.076,0.05,0.15,1972,31.5246,1.15512,0.33477
4719,6,0,0,2,0,1,0,0,-31.356,0.05,0.15,1972,31.5246,7.01577,0.33477
4720,127,1,1,30,0,0,0,0,36.014,0.05,0.15,1974,31.5246,1.75562,0.33468
4721,400,8,3,40,1,0,0,1,124.195,0.05,0.15,1974,31.5246,1.18619,0.33468
4722,400,8,3,42,1,0,0,1,132.253,0.05,0.15,1974,31.5246,1.13854,0.33485
4723,148,1,1,29,0,1,0,0,26.419,0.05,0.15,1974,31.5246,1.69134,0.33485
4724,13,0,0,4,0,1,0,0,-27.461,0.05,0.15,1974,31.5246,4.26245,0.33485
4725,27,0,0,11,0,1,0,0,-18.531,0.05,0.15,1974,31.5246,3.26623,0.33485
4726,35,1,1,11,0,1,0,0,-11.882,0.05,0.15,1974,31.5246,3.51007,0.33485
4727,20,0,0,10,0,1,0,0,-16.919,0.05,0.15,1974,31.5246,2.29347,0.33485
4728,5,0,0,2,0,1,0,0,-28.104,0.05,0.15,1974,31.5246,12.95633,0.33485
4729,400,3,3,36,0,0,0,1,118.83,0.05,0.15,1974,31.5246,1.10603,0.33485
4730,38,0,0,15,0,1,0,0,-8.503,0.05,0.15,1974,31.5246,2.62795,0.33485
4731,400,7,2,40,1,0,1,1,125.875,0.05,0.15,1974,31.5246,1.39957,0.33485
4732,5,0,0,4,0,1,0,0,-33.206,0.05,0.15,1974,31.5246,0.98742,0.33485
4733,13,0,0,5,0,1,0,0,-23.975,0.05,0.15,1974,31.5246,3.45964,0.33485
4734,400,8,3,36,1,0,1,1,117.099,0.05,0.15,1974,31.5246,1.39098,0.33485
4735,400,3,3,34,0,0,0,1,110.065,0.05,0.15,1974,31.5246,0.97381,0.33485
4736,283,0,0,31,0,1,0,0,32.623,0.05,0.15,1974,31.5246,1.42314,0.33485
4737,28,0,0,8,0,1,0,0,-22.934,0.05,0.15,1974,31.5246,3.41241,0.33485
4738,56,1,1,14,0,1,0,0,-7.779,0.05,0.15,1974,31.5246,2.08371,0.33485
4739,400,6,1,36,1,0,0,1,127.131,0.05,0.15,1974,31.5246,1.06162,0.33485
4740,400,3,3,26,0,0,0,1,104.849,0.05,0.15,1975,31.5246,1.19307,0.33477
4741,400,0,0,32,0,0,0,1,103.858,0.05,0.15,1975,31.5246,0.79791,0.33477
4742,191,2,2,31,0,1,0,0,39.687,0.05,0.15,1975,31.5246,1.33124,0.33477
4743,400,0,0,23,0,0,0,1,85.486,0.05,0.15,1975,31.5246,0.86562,0.33477
4744,400,8,3,39,1,0,1,1,126.788,0.05,0.15,1976,31.5246,1.32325,0.33477
4745,400,3,3,34,0,0,0,1,107.842,0.05,0.15,1976,31.5246,1.14752,0.33477
4746,400,5,5,45,0,0,0,1,138.325,0.05,0.15,1976,31.5246,1.03744,0.33485
4747,400,4,4,36,0,0,0,1,109.015,0.05,0.15,1977,31.5246,1.04936,0.33477
4748,274,3,3,41,0,1,0,0,70.842,0.05,0.15,1977,31.5246,1.47736,0.33477
4749,400,1,1,33,0,0,0,1,109.579,0.05,0.15,1977,31.5246,0.72637,0.33477
4750,13,0,0,4,0,1,0,0,-24.573,0.05,0.15,1977,31.5246,5.25644,0.33477
4751,400,8,3,40,1,0,0,1,135.206,0.05,0.15,1977,31.5246,0.76755,0.33477
4752,400,3,3,37,0,0,0,1,107.483,0.05,0.15,1977,31.5246,0.88019,0.33477
4753,400,8,3,29,1,0,0,1,118.93,0.05,0.15,1977,31.5246,0.9543,0.33477
4754,182,9,4,39,1,1,0,0,59.112,0.05,0.15,1977,31.5246,1.89821,0.33477
4755,139,5,5,31,0,1,0,0,36.416,0.05,0.15,1977,31.5246,2.16516,0.33485
4756,174,1,1,16,0,1,0,0,23.237,0.05,0.15,1977,31.5246,1.76416,0.33485
4757,400,4,4,31,0,0,0,1,111.527,0.05,0.15,1977,31.5246,1.00715,0.33485
4758,343,2,2,29,0,1,1,0,62.714,0.05,0.15,1977,31.5246,1.06597,0.33494
4759,125,3,3,13,0,0,0,0,39.222,0.05,0.15,1977,31.5246,1.0513,0.33502
4760,13,0,0,4,0,1,0,0,-26.377,0.05,0.15,1977,31.5246,5.5054,0.33502
4761,148,1,1,35,0,1,0,0,22.476,0.05,0.15,1977,31.5246,1.89475,0.33502
4762,284,3,3,33,0,1,0,0,56.8,0.05,0.15,1977,31.5246,1.49477,0.33502
4763,400,0,0,16,0,0,0,1,72.9,0.05,0.15,1977,31.5246,1.16135,0.33502
4764,205,0,0,13,0,1,1,0,2.695,0.05,0.15,1977,31.5246,1.06025,0.33502
4765,181,7,2,23,1,1,0,0,36.762,0.05,0.15,1977,31.5246,2.22092,0.33502
4766,400,2,2,30,0,0,0,1,93.396,0.05,0.15,1977,31.5246,1.00882,0.33502
4767,400,2,2,39,0,0,0,1,109.219,0.05,0.15,1977,31.5246,1.1176,0.33502
4768,400,7,2,50,1,0,0,1,133.34,0.05,0.15,1977,31.5246,1.08644,0.33502
4769,21,0,0,10,0,1,0,0,-18.919,0.05,0.15,1977,31.5246,3.63294,0.33502
4770,400,5,5,57,0,0,0,1,131.705,0.05,0.15,1977,31.5246,1.4322,0.33502
4771,400,3,3,25,0,0,0,1,98.726,0.05,0.15,1978,31.5246,1.18509,0.33493
4772,73,6,1,22,1,1,0,0,17.695,0.05,0.15,1978,31.5246,2.01028,0.33493
4773,400,11,6,52,1,0,0,1,158.381,0.05,0.15,1979,31.5246,1.16566,0.33485
4774,21,0,0,6,0,1,0,0,-20.837,0.05,0.15,1979,31.5246,4.32288,0.33485
4775,96,0,0,19,0,1,0,0,0.888,0.05,0.15,1979,31.5246,1.46683,0.33485
4776,400,4,4,38,0,0,0,1,109.632,0.05,0.15,1980,31.5246,1.16952,0.33476
4777,400,5,5,27,0,0,0,1,112.353,0.05,0.15,1980,31.5246,0.84417,0.33476
4778,400,3,3,40,0,0,0,1,120.868,0.05,0.15,1980,31.5246,1.05139,0.33476
4779,42,0,0,11,0,1,0,0,-12.934,0.05,0.15,1980,31.5246,3.30427,0.33476
4780,400,4,4,55,0,0,0,1,136.617,0.05,0.15,1980,31.5246,1.15769,0.33476
4781,78,0,0,16,0,1,0,0,-1.406,0.05,0.15,1980,31.5246,1.28655,0.33476
4782,20,0,0,9,0,1,0,0,-17.619,0.05,0.15,1980,31.5246,2.45309,0.33476
4783,400,9,4,25,1,0,0,1,123.637,0.05,0.15,1980,31.5246,1.30008,0.33476
4784,400,8,3,38,1,0,0,1,127.627,0.05,0.15,1980,31.5246,1.39041,0.33476
4785,174,2,2,28,0,1,1,0,31.605,0.05,0.15,1980,31.5246,1.59369,0.33476
4786,130,3,3,42,0,1,0,0,45.569,0.05,0.15,1982,31.5246,1.99271,0.33459
4787,400,9,4,40,1,0,0,1,142.316,0.05,0.15,1982,31.5246,1.15312,0.33459
4788,113,2,2,37,0,1,0,0,29.505,0.05,0.15,1982,31.5246,2.05773,0.33459
4789,400,5,0,25,1,0,0,1,121.909,0.05,0.15,1982,31.5246,0.91758,0.33459
4790,400,10,5,25,1,0,0,1,119.158,0.05,0.15,1982,31.5246,1.07757,0.33459
4791,400,5,5,47,0,0,0,1,105.537,0.05,0.15,1982,31.5246,1.35066,0.33459
4792,349,6,1,35,1,1,1,0,72.44,0.05,0.15,1982,31.5246,1.93328,0.33468
4793,102,2,2,25,0,1,0,0,12.855,0.05,0.15,1982,31.5246,1.87426,0.33468
4794,400,7,2,38,1,0,0,1,87.611,0.05,0.15,1982,31.5246,1.59097,0.33468
4795,400,3,3,35,0,0,0,1,93.143,0.05,0.15,1985,31.5246,1.33596,0.33442
4796,165,2,2,16,0,0,0,0,26.599,0.05,0.15,1986,31.5246,1.56193,0.33459
4797,152,2,2,26,0,1,0,0,17.096,0.05,0.15,1986,31.5246,1.72451,0.33459
4798,400,2,2,42,0,0,0,1,103.057,0.05,0.15,1986,31.5246,1.33574,0.33459
4799,400,9,4,55,1,0,1,1,140.147,0.05,0.15,1987,31.5246,1.20002,0.33451
4800,163,3,3,13,0,1,0,0,15.93,0.05,0.15,1987,31.5246,1.69619,0.33451
4801,400,3,3,34,0,0,0,1,105.072,0.05,0.15,1987,31.5246,1.06652,0.33451
4802,13,0,0,5,0,1,0,0,-22.307,0.05,0.15,1987,31.5246,3.81985,0.33451
4803,400,0,0,31,0,0,0,1,101.1,0.05,0.15,1987,31.5246,1.12028,0.33451
4804,261,3,3,34,0,1,1,0,44.832,0.05,0.15,1988,31.5246,1.68049,0.33451
4805,400,1,1,34,0,0,0,1,111.897,0.05,0.15,1988,31.5246,0.79555,0.33451
4806,400,3,3,43,0,0,0,1,120.134,0.05,0.15,1988,31.5246,0.8343,0.33451
4807,159,1,1,21,0,1,0,0,16.206,0.05,0.15,1989,31.5246,1.7044,0.33451
4808,130,2,2,17,0,1,0,0,13.283,0.05,0.15,1989,31.5246,2.02123,0.33451
4809,400,2,2,23,0,0,0,1,93.824,0.05,0.15,1989,31.5246,1.02858,0.33451
4810,21,1,1,6,0,1,0,0,-20.163,0.05,0.15,1989,31.5246,3.54836,0.33451
4811,184,1,1,20,0,1,0,0,26.832,0.05,0.15,1990,31.5246,1.38347,0.33442
4812,400,7,2,33,1,0,0,1,133.193,0.05,0.15,1990,31.5246,1.1969,0.33442
4813,22,1,1,8,0,1,0,0,-13.885,0.05,0.15,1990,31.5246,3.39487,0.33442
4814,304,8,3,30,1,1,0,0,76.996,0.05,0.15,1990,31.5246,1.28434,0.33442
4815,400,6,1,28,1,0,0,1,102.799,0.05,0.15,1990,31.5246,1.2902,0.33442
4816,400,2,2,39,0,0,0,1,104.818,0.05,0.15,1990,31.5246,1.38093,0.33442
4817,400,12,7,48,1,0,0,1,142.982,0.05,0.15,1990,31.5246,1.40692,0.33442
4818,20,0,0,10,0,1,0,0,-18.984,0.05,0.15,1990,31.5246,3.49409,0.33442
4819,400,2,2,22,0,0,0,1,74.109,0.05,0.15,1990,31.5246,1.37982,0.33442
4820,20,0,0,7,0,1,0,0,-19.837,0.05,0.15,1990,31.5246,3.93459,0.33442
4821,400,4,4,36,0,0,0,1,112.189,0.05,0.15,1990,31.5246,1.08492,0.33442
4822,400,6,6,38,0,0,0,1,113.773,0.05,0.15,1990,31.5246,1.26917,0.33442
4823,23,2,2,8,0,1,0,0,-13.025,0.05,0.15,1990,31.5246,3.15009,0.33442
4824,400,5,5,46,0,0,0,1,127.641,0.05,0.15,1990,31.5246,1.11097,0.33442
4825,400,2,2,50,0,0,0,1,118.334,0.05,0.15,1990,31.5246,1.07545,0.33442
4826,400,6,6,41,0,0,0,1,115.25,0.05,0.15,1990,31.5246,1.18377,0.33451
4827,21,0,0,6,0,1,0,0,-22.286,0.05,0.15,1990,31.5246,3.41349,0.33451
4828,55,1,1,11,0,1,0,0,-5.542,0.05,0.15,1990,31.5246,1.83043,0.33451
4829,400,6,1,58,1,0,0,1,130.77,0.05,0.15,1990,31.5246,1.13037,0.33451
4830,15,0,0,6,0,1,0,0,-21.353,0.05,0.15,1990,31.5246,4.29179,0.33451
4831,195,3,3,35,0,1,0,0,34.259,0.05,0.15,1990,31.5246,1.60893,0.33451
4832,139,3,3,23,0,1,0,0,28.883,0.05,0.15,1990,31.5246,1.77843,0.33459
4833,400,8,3,46,1,0,0,1,134.668,0.05,0.15,1990,31.5246,1.35626,0.33459
4834,72,2,2,20,0,1,0,0,4.041,0.05,0.15,1990,31.5246,2.71249,0.33467
4835,297,8,3,41,1,1,0,0,64.933,0.05,0.15,1990,31.5246,1.73213,0.33467
4836,400,5,5,49,0,0,1,1,119.543,0.05,0.15,1990,31.5246,1.32041,0.33467
4837,400,3,3,37,0,0,0,1,87.349,0.05,0.15,1991,31.5246,1.47161,0.33459
4838,152,0,0,18,0,1,1,0,2.66,0.05,0.15,1991,31.5246,1.99035,0.33459
4839,400,8,3,27,1,0,1,1,117.456,0.05,0.15,1991,31.5246,1.349,0.33467
4840,27,1,1,9,0,1,0,0,-12.455,0.05,0.15,1991,31.5246,2.71581,0.33467
4841,109,1,1,15,0,1,0,0,6.105,0.05,0.15,1991,31.5246,1.80905,0.33476
4842,14,0,0,4,0,1,0,0,-24.523,0.05,0.15,1991,31.5246,3.23559,0.33476
4843,400,4,4,39,0,0,1,1,92.622,0.05,0.15,1991,31.5246,1.3482,0.33476
4844,13,0,0,4,0,1,0,0,-26.373,0.05,0.15,1991,31.5246,7.08767,0.33476
4845,157,2,2,32,0,1,1,0,32.792,0.05,0.15,1991,31.5246,1.5743,0.33476
4846,400,2,2,30,0,0,0,1,99.265,0.05,0.15,1992,31.5246,0.75986,0.33467
4847,400,3,3,21,0,0,0,1,91.009,0.05,0.15,1992,31.5246,0.78392,0.33467
4848,400,1,1,24,0,0,0,1,92.759,0.05,0.15,1992,31.5246,0.9792,0.33476
4849,400,7,2,46,1,0,1,1,123.487,0.05,0.15,1992,31.5246,1.29403,0.33476
4850,400,2,2,29,0,0,0,1,86.799,0.05,0.15,1992,31.5246,0.76315,0.33476
4851,35,1,1,8,0,1,0,0,-15.384,0.05,0.15,1992,31.5246,3.45498,0.33476
4852,226,4,4,36,0,1,1,0,56.004,0.05,0.15,1992,31.5246,1.37953,0.33476
4853,400,6,6,55,0,0,0,1,140.742,0.05,0.15,1992,31.5246,1.09869,0.33484
4854,400,8,3,33,1,0,1,1,125.833,0.05,0.15,1992,31.5246,1.07885,0.33484
4855,400,4,4,42,0,0,0,1,126.437,0.05,0.15,1993,31.5246,1.08549,0.33475
4856,400,2,2,32,0,0,0,1,95.105,0.05,0.15,1993,31.5246,1.05243,0.33492
4857,72,0,0,5,0,1,0,0,-15.152,0.05,0.15,1993,31.5246,1.51345,0.33492
4858,400,9,4,42,1,0,0,1,130.276,0.05,0.15,1993,31.5246,1.0697,0.33492
4859,400,7,7,38,0,0,1,1,131.01,0.05,0.15,1993,31.5246,1.20603,0.33492
4860,120,3,3,26,0,1,1,0,25.359,0.05,0.15,1993,31.5246,2.21978,0.33492
4861,150,7,2,35,1,1,0,0,43.913,0.05,0.15,1993,31.5246,1.76922,0.33492
4862,67,3,3,24,0,1,0,0,6.616,0.05,0.15,1993,31.5246,2.62568,0.33492
4863,400,2,2,27,0,0,0,1,95.482,0.05,0.15,1993,31.5246,1.05651,0.33492
4864,400,4,4,45,0,0,0,1,113.42,0.05,0.15,1993,31.5246,1.08873,0.33492
4865,400,8,3,33,1,0,0,1,109.584,0.05,0.15,1993,31.5246,0.99749,0.33492
4866,400,7,2,39,1,0,1,1,113.15,0.05,0.15,1993,31.5246,1.24683,0.33492
4867,95,1,1,12,0,1,0,0,2.382,0.05,0.15,1993,31.5246,1.51799,0.33492
4868,206,3,3,34,0,1,1,0,44.507,0.05,0.15,1993,31.5246,1.52406,0.33492
4869,315,3,3,28,0,1,0,0,67.397,0.05,0.15,1995,31.5246,1.25897,0.33475
4870,400,1,1,45,0,0,0,1,114.235,0.05,0.15,1995,31.5246,0.89221,0.33475
4871,400,2,2,50,0,0,0,1,113.801,0.05,0.15,1995,31.5246,1.24587,0.33484
4872,58,1,1,22,0,1,0,0,2.516,0.05,0.15,1995,31.5246,2.64651,0.33484
4873,251,2,2,50,0,1,0,0,67.748,0.05,0.15,1995,31.5246,1.21906,0.33484
4874,5,0,0,4,0,1,0,0,-33.206,0.05,0.15,1995,31.5246,0.61163,0.33484
4875,5,0,0,2,0,1,0,0,-28.104,0.05,0.15,1995,31.5246,12.47444,0.33484
4876,400,10,5,46,1,0,0,1,154.688,0.05,0.15,1995,31.5246,1.10443,0.33484
4877,400,7,7,63,0,0,0,1,140.579,0.05,0.15,1995,31.5246,1.27424,0.33484
4878,20,0,0,8,0,1,0,0,-19.869,0.05,0.15,1995,31.5246,4.09831,0.33484
4879,238,0,0,28,0,1,2,0,19.144,0.05,0.15,1995,31.5246,1.90508,0.33484
4880,400,5,5,34,0,0,0,1,125.169,0.05,0.15,1995,31.5246,0.9216,0.33484
4881,152,1,1,44,0,1,0,0,45.895,0.05,0.15,1995,31.5246,2.07816,0.33484
4882,20,0,0,9,0,1,0,0,-19.271,0.05,0.15,1995,31.5246,2.63806,0.33484
4883,5,0,0,3,0,1,0,0,-33.806,0.05,0.15,1995,31.5246,2.92884,0.33484
4884,13,0,0,5,0,1,0,0,-23.573,0.05,0.15,1995,31.5246,5.75659,0.33484
4885,62,1,1,18,0,1,0,0,-1.179,0.05,0.15,1995,31.5246,2.2562,0.33484
4886,77,0,0,20,0,1,0,0,3.167,0.05,0.15,1995,31.5246,2.34486,0.33484
4887,373,9,4,54,1,1,0,0,115.266,0.05,0.15,1995,31.5246,1.46725,0.33484
4888,245,6,6,37,0,1,2,0,62.639,0.05,0.15,1995,31.5246,1.93586,0.33492
4889,52,0,0,13,0,1,0,0,-7.856,0.05,0.15,1995,31.5246,1.69929,0.33492
4890,400,9,4,48,1,0,0,1,156.655,0.05,0.15,1995,31.5246,1.41166,0.33492
4891,333,7,7,57,0,0,1,1,135.26,0.05,0.15,1995,31.5246,1.36575,0.33492
4892,400,3,3,53,0,0,1,1,115.905,0.05,0.15,1995,31.5246,1.07383,0.33492
4893,400,2,2,50,0,0,0,1,125.12,0.05,0.15,1995,31.5246,0.94541,0.33492
4894,400,5,5,46,0,0,2,1,121.09,0.05,0.15,1997,31.5246,1.10161,0.33484
4895,400,6,1,48,1,0,1,1,130.491,0.05,0.15,1997,31.5246,1.09211,0.33484
4896,329,2,2,26,0,0,0,1,98.57,0.05,0.15,1997,31.5246,0.92529,0.33484
4897,241,3,3,46,0,1,0,0,69.526,0.05,0.15,1997,31.5246,1.4256,0.33484
4898,13,0,0,5,0,1,0,0,-23.973,0.05,0.15,1997,31.5246,5.85237,0.33484
4899,400,5,5,43,0,0,0,1,130.186,0.05,0.15,1997,31.5246,1.02326,0.33484
4900,400,3,3,45,0,0,0,1,123.273,0.05,0.15,1997,31.5246,1.08094,0.33484
4901,13,0,0,5,0,1,0,0,-27.277,0.05,0.15,1997,31.5246,4.45547,0.33484
4902,123,2,2,39,0,1,0,0,32.469,0.05,0.15,1997,31.5246,2.16509,0.33484
4903,400,4,4,33,0,0,0,1,122.706,0.05,0.15,1997,31.5246,1.07672,0.33484
4904,21,1,1,5,0,1,0,0,-20.631,0.05,0.15,1997,31.5246,3.87602,0.33484
4905,400,2,2,35,0,0,0,1,114.466,0.05,0.15,1997,31.5246,0.90897,0.33484
4906,28,3,3,13,0,1,0,0,-3.264,0.05,0.15,1997,31.5246,3.27629,0.33484
4907,400,9,4,59,1,0,1,1,149.017,0.05,0.15,1997,31.5246,1.19269,0.33484
4908,156,0,0,36,0,1,2,0,25.492,0.05,0.15,1997,31.5246,2.04035,0.33492
4909,400,4,4,44,0,0,1,1,122.24,0.05,0.15,1997,31.5246,1.09508,0.33492
4910,400,15,5,46,2,0,0,1,166.069,0.05,0.15,1998,31.5246,1.25169,0.33483
4911,400,10,5,45,1,0,1,1,148.547,0.05,0.15,1998,31.5246,1.2372,0.33483
4912,400,0,0,28,0,0,0,1,94.087,0.05,0.15,1999,31.5246,1.03903,0.33475
4913,400,2,2,30,0,0,0,1,96.324,0.05,0.15,1999,31.5246,1.14845,0.33475
4914,20,0,0,11,0,1,0,0,-18.369,0.05,0.15,1999,31.5246,4.17025,0.33475
4915,84,0,0,24,0,1,0,0,-1.789,0.05,0.15,1999,31.5246,1.89339,0.33475
4916,315,13,3,54,2,1,0,0,108.907,0.05,0.15,1999,31.5246,1.83822,0.33475
4917,331,6,6,60,0,1,0,0,100.256,0.05,0.15,1999,31.5246,1.52157,0.33475
4918,400,3,3,52,0,0,1,1,120.247,0.05,0.15,1999,31.5246,1.11343,0.33475
4919,400,7,2,57,1,0,0,1,136.083,0.05,0.15,1999,31.5246,1.30331,0.33475
4920,176,5,5,35,0,1,0,0,49.71,0.05,0.15,2000,31.5246,2.0352,0.33467
4921,400,3,3,52,0,0,0,1,129.656,0.05,0.15,2000,31.5246,1.23833,0.33475
4922,341,6,6,52,0,0,1,1,130.257,0.05,0.15,2000,31.5246,1.48958,0.33475
4923,400,11,6,34,1,0,1,1,146.58,0.05,0.15,2000,31.5246,1.15786,0.33475
4924,400,10,5,36,1,0,1,1,139.31,0.05,0.15,2000,31.5246,1.18149,0.33475
4925,43,2,2,10,0,1,0,0,-5.353,0.05,0.15,2000,31.5246,2.28851,0.33475
4926,400,4,4,46,0,0,0,1,134.937,0.05,0.15,2000,31.5246,1.02309,0.33475
4927,391,7,7,56,0,1,0,0,108.601,0.05,0.15,2000,31.5246,1.41337,0.33483
4928,400,6,6,34,0,0,0,1,120.6,0.05,0.15,2000,31.5246,1.21139,0.33483
4929,146,2,2,29,0,1,0,0,29.099,0.05,0.15,2000,31.5246,1.5694,0.33483
4930,400,6,6,55,0,0,0,1,143.673,0.05,0.15,2000,31.5246,1.16351,0.33483
4931,20,0,0,11,0,1,0,0,-20.019,0.05,0.15,2000,31.5246,3.87429,0.33483
4932,400,2,2,42,0,0,0,1,122.067,0.05,0.15,2000,31.5246,1.15559,0.33483
4933,400,3,3,39,0,0,0,1,104.229,0.05,0.15,2000,31.5246,1.14523,0.33483
4934,400,3,3,28,0,0,0,1,103.576,0.05,0.15,2000,31.5246,1.08799,0.33483
4935,400,7,2,58,1,0,1,1,146.302,0.05,0.15,2000,31.5246,1.22359,0.33483
4936,400,4,4,26,0,0,0,1,103.927,0.05,0.15,2000,31.5246,1.02046,0.33483
4937,400,7,2,18,1,0,2,1,104.326,0.05,0.15,2000,31.5246,1.01283,0.33483
4938,400,0,0,24,0,0,0,1,95.405,0.05,0.15,2000,31.5246,0.82602,0.33483
4939,400,2,2,28,0,0,1,1,96.012,0.05,0.15,2000,31.5246,0.86645,0.33483
4940,400,5,5,51,0,0,0,1,128.941,0.05,0.15,2001,31.5246,1.0061,0.33475
4941,128,5,5,24,0,1,0,0,35.104,0.05,0.15,2001,31.5246,2.31857,0.33475
4942,138,0,0,10,0,1,0,0,4.496,0.05,0.15,2001,31.5246,0.92251,0.33475
4943,400,9,4,46,1,0,0,1,139.243,0.05,0.15,2002,31.5246,1.19237,0.33467
4944,99,2,2,28,0,1,0,0,15.427,0.05,0.15,2002,31.5246,1.93729,0.33467
4945,400,4,4,35,0,0,0,1,123.868,0.05,0.15,2002,31.5246,0.69207,0.33467
4946,400,7,2,43,1,0,0,1,132.534,0.05,0.15,2002,31.5246,1.11463,0.33467
4947,20,0,0,7,0,1,0,0,-23.741,0.05,0.15,2002,31.5246,4.35116,0.33467
4948,400,3,3,48,0,0,0,1,126.973,0.05,0.15,2002,31.5246,1.071,0.33467
4949,400,2,2,30,0,0,0,1,106.775,0.05,0.15,2002,31.5246,0.81631,0.33467
4950,44,1,1,11,0,1,0,0,-9.437,0.05,0.15,2002,31.5246,3.41583,0.33467
4951,109,4,4,24,0,1,1,0,30.554,0.05,0.15,2002,31.5246,1.635,0.33467
4952,400,3,3,24,0,0,0,1,91.369,0.05,0.15,2003,31.5246,0.97073,0.33458
4953,194,8,3,42,1,1,0,0,58.517,0.05,0.15,2003,31.5246,1.39267,0.33458
4954,64,2,2,16,0,1,0,0,1.412,0.05,0.15,2003,31.5246,2.53618,0.33458
4955,36,1,1,16,0,1,0,0,-3.507,0.05,0.15,2003,31.5246,2.96836,0.33458
4956,400,3,3,29,0,0,1,1,109.84,0.05,0.15,2003,31.5246,0.98147,0.33458
4957,400,8,3,14,1,0,0,1,102.555,0.05,0.15,2003,31.5246,1.07215,0.33466
4958,57,0,0,19,0,1,0,0,-4.676,0.05,0.15,2003,31.5246,2.3226,0.33466
4959,400,5,0,28,1,0,0,1,112.289,0.05,0.15,2005,31.5246,1.13639,0.3345
4960,400,3,3,43,0,0,0,1,120.206,0.05,0.15,2005,31.5246,0.8057,0.3345
4961,163,1,1,34,0,1,0,0,31.936,0.05,0.15,2005,31.5246,1.47782,0.3345
4962,400,0,0,41,0,0,1,1,103.182,0.05,0.15,2005,31.5246,0.86996,0.3345
4963,21,1,1,7,0,1,0,0,-15.449,0.05,0.15,2005,31.5246,1.08831,0.3345
4964,400,2,2,53,0,0,1,1,119.475,0.05,0.15,2005,31.5246,1.23079,0.3345
4965,165,3,3,33,0,1,0,0,34.188,0.05,0.15,2005,31.5246,1.87949,0.3345
4966,245,5,0,42,1,1,0,0,67.314,0.05,0.15,2005,31.5246,1.18643,0.3345
4967,400,4,4,55,0,0,0,1,133.624,0.05,0.15,2005,31.5246,0.9508,0.3345
4968,400,4,4,42,0,0,0,1,120.862,0.05,0.15,2005,31.5246,1.04603,0.3345
4969,400,8,3,43,1,0,1,1,131.644,0.05,0.15,2005,31.5246,1.39865,0.3345
4970,96,1,1,25,0,1,0,0,17.972,0.05,0.15,2005,31.5246,1.92018,0.3345
4971,400,8,3,40,1,0,0,1,117.795,0.05,0.15,2005,31.5246,1.24587,0.3345
4972,400,9,4,39,1,0,0,1,147.18,0.05,0.15,2005,31.5246,0.92414,0.3345
4973,128,3,3,42,0,1,1,0,29.972,0.05,0.15,2005,31.5246,2.3368,0.3345
4974,65,2,2,18,0,1,0,0,1.356,0.05,0.15,2005,31.5246,1.99244,0.3345
4975,400,2,2,45,0,0,0,1,112.794,0.05,0.15,2005,31.5246,1.19442,0.3345
4976,13,0,0,4,0,1,0,0,-27.877,0.05,0.15,2005,31.5246,4.6227,0.3345
4977,400,1,1,37,0,0,0,1,107.67,0.05,0.15,2005,31.5246,0.99984,0.3345
4978,400,10,5,42,1,0,0,1,137.888,0.05,0.15,2005,31.5246,1.22245,0.3345
4979,27,0,0,11,0,1,0,0,-15.329,0.05,0.15,2005,31.5246,3.08547,0.3345
4980,128,1,1,33,0,1,2,0,21.664,0.05,0.15,2005,31.5246,1.85515,0.33458
4981,400,9,4,36,1,0,0,1,131.967,0.05,0.15,2005,31.5246,1.09687,0.33458
4982,400,6,6,34,0,0,0,1,116.444,0.05,0.15,2005,31.5246,1.11758,0.33458
4983,13,0,0,5,0,1,0,0,-23.573,0.05,0.15,2005,31.5246,5.25337,0.33458
4984,400,3,3,59,0,0,0,1,134.165,0.05,0.15,2005,31.5246,1.02875,0.33458
4985,5,0,0,1,0,1,0,0,-31.704,0.05,0.15,2005,31.5246,6.34757,0.33458
4986,400,1,1,37,0,0,0,1,73.135,0.05,0.15,2005,31.5246,1.37997,0.33458
4987,400,13,8,47,1,0,0,1,153.258,0.05,0.15,2008,31.5246,1.37174,0.3345
4988,67,1,1,22,0,1,0,0,1.982,0.05,0.15,2008,31.5246,2.14109,0.3345
4989,169,2,2,27,0,1,0,0,23.27,0.05,0.15,2008,31.5246,1.74149,0.3345
4990,400,4,4,23,0,0,0,1,82.871,0.05,0.15,2008,31.5246,1.34927,0.3345
4991,400,5,5,41,0,0,0,1,112.679,0.05,0.15,2008,31.5246,1.33534,0.3345
4992,246,6,1,25,1,1,0,0,43.21,0.05,0.15,2008,31.5246,1.7724,0.3345
4993,252,1,1,20,0,1,0,0,21.225,0.05,0.15,2008,31.5246,1.16481,0.3345
4994,400,1,1,39,0,0,0,1,98.756,0.05,0.15,2008,31.5246,1.05959,0.3345
4995,109,0,0,31,0,1,0,0,17.304,0.05,0.15,2008,31.5246,1.97516,0.3345
4996,400,7,2,43,1,0,0,1,121.437,0.05,0.15,2008,31.5246,1.18339,0.3345
4997,28,2,2,6,0,1,0,0,-11.872,0.05,0.15,2008,31.5246,2.59156,0.3345
4998,232,5,5,42,0,1,0,0,48.945,0.05,0.15,2008,31.5246,1.71386,0.3345
4999,400,0,0,38,0,0,0,1,65.796,0.05,0.15,2008,31.5246,1.25695,0.3345
5000,400,3,3,33,0,0,0,1,93.309,0.05,0.15,2008,31.5246,1.14334,0.3345
5001,21,1,1,6,0,1,0,0,-20.419,0.05,0.15,2008,31.5246,3.21506,0.3345
5002,272,3,3,24,0,1,0,0,18.849,0.05,0.15,2008,31.5246,1.52975,0.3345
5003,198,5,5,37,0,1,0,0,46.594,0.05,0.15,2008,31.5246,1.82408,0.3345
5004,353,1,1,31,0,1,0,0,51.24,0.05,0.15,2008,31.5246,1.30139,0.3345
5005,400,10,0,41,2,0,0,1,127.671,0.05,0.15,2008,31.5246,1.68421,0.3345
5006,44,1,1,7,0,1,0,0,-13.689,0.05,0.15,2008,31.5246,2.65804,0.3345
5007,27,1,1,7,0,1,0,0,-20.007,0.05,0.15,2008,31.5246,4.13285,0.3345
5008,35,0,0,14,0,1,0,0,-9.581,0.05,0.15,2008,31.5246,2.29294,0.3345
5009,277,2,2,29,0,1,0,0,36.152,0.05,0.15,2008,31.5246,1.84867,0.3345
5010,400,0,0,45,0,0,0,1,86.785,0.05,0.15,2008,31.5246,1.41902,0.33466
5011,239,4,4,17,0,1,0,0,45.597,0.05,0.15,2008,31.5246,1.62734,0.33466
5012,42,0,0,16,0,1,0,0,-8.834,0.05,0.15,2008,31.5246,2.12268,0.33466
5013,13,0,0,5,0,1,0,0,-25.773,0.05,0.15,2008,31.5246,7.34768,0.33466
5014,95,0,0,7,0,1,0,0,-6.88,0.05,0.15,2008,31.5246,2.23828,0.33466
5015,400,1,1,26,0,0,0,1,66.989,0.05,0.15,2008,31.5246,1.55201,0.33466
5016,88,3,3,28,0,1,0,0,18.578,0.05,0.15,2008,31.5246,2.89931,0.33474
5017,252,4,4,36,0,1,1,0,54.446,0.05,0.15,2011,31.5246,1.8074,0.33449
5018,43,0,0,17,0,0,0,0,11.633,0.05,0.15,2011,31.5246,2.24106,0.33449
5019,20,1,1,10,0,1,0,0,-13.359,0.05,0.15,2011,31.5246,2.50285,0.33449
5020,378,2,2,34,0,1,0,0,58.428,0.05,0.15,2011,31.5246,1.31625,0.33449
5021,20,0,0,10,0,1,0,0,-18.673,0.05,0.15,2011,31.5246,3.52638,0.33449
5022,400,4,4,36,0,0,0,1,97.585,0.05,0.15,2011,31.5246,1.10966,0.33449
5023,348,3,3,46,0,1,1,0,70.734,0.05,0.15,2011,31.5246,1.52795,0.33449
5024,362,0,0,18,0,0,0,1,58.767,0.05,0.15,2011,31.5246,1.32428,0.33449
5025,119,2,2,37,0,1,1,0,24.517,0.05,0.15,2012,31.5246,1.87126,0.33458
5026,49,2,2,9,0,1,0,0,-2.969,0.05,0.15,2012,31.5246,2.70004,0.33458
5027,400,10,5,33,1,0,1,1,117.268,0.05,0.15,2012,31.5246,1.37453,0.33458
5028,400,15,5,33,2,0,0,1,154.987,0.05,0.15,2012,31.5246,1.18956,0.33466
5029,68,2,2,17,0,1,0,0,1.037,0.05,0.15,2012,31.5246,2.21223,0.33466
5030,113,0,0,10,0,1,0,0,5.461,0.05,0.15,2012,31.5246,0.89906,0.33466
5031,400,1,1,41,0,0,0,1,99.929,0.05,0.15,2012,31.5246,1.39271,0.33466
5032,400,6,1,25,1,0,0,1,92.757,0.05,0.15,2012,31.5246,1.44545,0.33466
5033,69,0,0,15,0,1,0,0,-9.029,0.05,0.15,2012,31.5246,2.73745,0.33466
5034,22,0,0,3,0,1,0,0,-26.189,0.05,0.15,2012,31.5246,3.62757,0.33466
5035,400,3,3,18,0,0,0,1,105.402,0.05,0.15,2012,31.5246,0.67261,0.33466
5036,400,8,3,40,1,0,1,1,118.993,0.05,0.15,2012,31.5246,1.27053,0.33466
5037,400,1,1,18,0,0,0,1,56.227,0.05,0.15,2012,31.5246,1.20659,0.33466
5038,400,2,2,19,0,0,0,1,80.611,0.05,0.15,2012,31.5246,0.82885,0.33466
5039,20,0,0,4,0,1,0,0,-23.563,0.05,0.15,2012,31.5246,4.91134,0.33466
5040,35,2,2,13,0,1,0,0,-2.733,0.05,0.15,2012,31.5246,1.51003,0.33466
5041,400,8,3,20,1,0,0,1,104.259,0.05,0.15,2012,31.5246,1.31716,0.33466
5042,39,1,1,7,0,1,0,0,-15.183,0.05,0.15,2012,31.5246,2.03185,0.33466
5043,270,14,4,37,2,1,0,0,86.706,0.05,0.15,2012,31.5246,1.59457,0.33466
5044,38,1,1,8,0,1,0,0,-14.295,0.05,0.15,2012,31.5246,3.14163,0.33466
5045,35,0,0,10,0,1,0,0,-17.234,0.05,0.15,2012,31.5246,3.52561,0.33466
5046,35,1,1,6,0,1,0,0,-18.533,0.05,0.15,2012,31.5246,3.93874,0.33466
5047,20,0,0,8,0,1,0,0,-19.771,0.05,0.15,2012,31.5246,3.19402,0.33466
5048,34,0,0,12,0,1,0,0,-14.547,0.05,0.15,2012,31.5246,2.78164,0.33466
5049,400,2,2,29,0,0,0,1,101.129,0.05,0.15,2012,31.5246,1.05461,0.33466
5050,13,0,0,2,0,1,0,0,-25.105,0.05,0.15,2012,31.5246,2.79287,0.33466
5051,112,6,1,11,1,1,0,0,19.734,0.05,0.15,2012,31.5246,2.24377,0.33466
5052,400,6,1,30,1,0,1,1,105.301,0.05,0.15,2012,31.5246,1.20111,0.33466
5053,400,6,1,18,1,0,0,1,100.501,0.05,0.15,2012,31.5246,1.04541,0.33466
5054,60,0,0,8,0,1,0,0,-12.311,0.05,0.15,2012,31.5246,2.45039,0.33466
5055,13,1,1,4,0,1,0,0,-21.069,0.05,0.15,2012,31.5246,4.99186,0.33466
5056,178,8,3,33,1,1,1,0,49.868,0.05,0.15,2012,31.5246,2.163,0.33466
5057,400,6,1,26,1,0,0,1,102.811,0.05,0.15,2014,31.5246,1.59024,0.33449
5058,400,2,2,29,0,0,0,1,61.094,0.05,0.15,2015,31.5246,1.4532,0.33449
5059,35,1,1,11,0,1,0,0,-8.283,0.05,0.15,2015,31.5246,2.29728,0.33449
5060,36,0,0,12,0,1,0,0,-15.349,0.05,0.15,2015,31.5246,3.68967,0.33449
5061,13,0,0,4,0,1,0,0,-31.598,0.05,0.15,2015,31.5246,2.78362,0.33449
5062,188,3,3,45,0,1,1,0,40.733,0.05,0.15,2015,31.5246,2.0249,0.33449
5063,400,1,1,30,0,0,0,1,75.944,0.05,0.15,2015,31.5246,1.17679,0.33449
5064,265,2,2,17,0,1,1,0,31.039,0.05,0.15,2015,31.5246,1.0225,0.33449
5065,52,1,1,12,0,1,0,0,-5.015,0.05,0.15,2015,31.5246,2.31994,0.33449
5066,51,2,2,8,0,1,0,0,-5.564,0.05,0.15,2016,31.5246,1.88637,0.33441
5067,28,1,1,5,0,1,0,0,-16.385,0.05,0.15,2016,31.5246,2.14299,0.33441
5068,55,0,0,4,0,1,0,0,-16.883,0.05,0.15,2016,31.5246,2.07293,0.33441
5069,400,9,4,29,1,0,1,1,119.685,0.05,0.15,2017,31.5246,1.13121,0.33432
5070,109,0,0,14,0,1,0,0,-2.168,0.05,0.15,2017,31.5246,1.77718,0.33432
5071,400,2,2,19,0,0,0,1,84.458,0.05,0.15,2017,31.5246,1.21547,0.33432
5072,15,0,0,1,0,1,0,0,-29.57,0.05,0.15,2017,31.5246,3.55258,0.33432
5073,53,3,3,19,0,1,0,0,5.898,0.05,0.15,2017,31.5246,2.53974,0.33432
5074,35,0,0,9,0,1,0,0,-17.533,0.05,0.15,2017,31.5246,2.30946,0.33432
5075,346,3,3,34,0,0,0,1,96.025,0.05,0.15,2017,31.5246,1.52611,0.33432
5076,131,2,2,16,0,1,0,0,10.356,0.05,0.15,2017,31.5246,1.91449,0.33432
5077,400,1,1,22,0,0,0,1,77.002,0.05,0.15,2018,31.5246,1.58538,0.33449
5078,400,3,3,19,0,0,1,1,73.166,0.05,0.15,2018,31.5246,1.42066,0.33449
5079,34,0,0,9,0,1,0,0,-16.286,0.05,0.15,2018,31.5246,1.96942,0.33449
5080,400,5,5,41,0,0,0,1,103.143,0.05,0.15,2018,31.5246,1.21172,0.33449
5081,400,5,5,47,0,0,0,1,122.263,0.05,0.15,2018,31.5246,1.37701,0.33449
5082,209,8,3,29,1,1,0,0,48.969,0.05,0.15,2018,31.5246,1.89787,0.33457
5083,50,2,2,13,0,1,0,0,-2.395,0.05,0.15,2018,31.5246,2.09375,0.33457
5084,400,2,2,20,0,0,0,1,63.604,0.05,0.15,2018,31.5246,1.33387,0.33457
5085,400,4,4,29,0,0,0,1,90.599,0.05,0.15,2018,31.5246,1.21757,0.33457
5086,400,0,0,13,0,0,0,1,53.172,0.05,0.15,2018,31.5246,1.1298,0.33457
5087,400,10,5,34,1,0,0,1,118.731,0.05,0.15,2018,31.5246,1.31387,0.33457
5088,400,5,5,25,0,0,0,1,90.329,0.05,0.15,2018,31.5246,1.35099,0.33457
5089,245,2,2,26,0,1,1,0,13.078,0.05,0.15,2018,31.5246,1.93353,0.33474
5090,65,1,1,16,0,1,0,0,-4.002,0.05,0.15,2018,31.5246,1.58773,0.33474
5091,400,1,1,22,0,0,0,1,69.181,0.05,0.15,2018,31.5246,1.20048,0.33474
5092,124,1,1,31,0,1,0,0,18.006,0.05,0.15,2018,31.5246,1.91135,0.33474
5093,101,2,2,19,0,1,0,0,9.045,0.05,0.15,2018,31.5246,1.58179,0.33474
5094,64,2,2,9,0,1,0,0,-7.352,0.05,0.15,2018,31.5246,3.4003,0.33482
5095,42,0,0,5,0,1,0,0,-20.925,0.05,0.15,2018,31.5246,1.92123,0.33482
5096,209,3,3,17,0,1,0,0,8.187,0.05,0.15,2018,31.5246,1.38931,0.33482
5097,42,0,0,7,0,1,0,0,-18.763,0.05,0.15,2018,31.5246,2.23129,0.33482
5098,161,0,0,18,0,0,0,0,29.492,0.05,0.15,2018,31.5246,1.57746,0.33499
5099,45,1,1,8,0,1,0,0,-14.257,0.05,0.15,2018,31.5246,2.84206,0.33499
5100,57,1,1,18,0,1,0,0,-2.599,0.05,0.15,2018,31.5246,2.70242,0.33499
5101,353,2,2,12,0,1,0,0,35.741,0.05,0.15,2018,31.5246,1.59193,0.33499
5102,54,1,1,13,0,1,0,0,-4.218,0.05,0.15,2018,31.5246,2.15774,0.33499
5103,14,0,0,7,0,1,0,0,-26.304,0.05,0.15,2018,31.5246,5.259,0.33499
5104,400,3,3,23,0,0,0,1,79.559,0.05,0.15,2018,31.5246,1.33541,0.33499
5105,43,2,2,13,0,1,0,0,-7.669,0.05,0.15,2018,31.5246,1.73441,0.33499
5106,400,1,1,26,0,0,0,1,72.657,0.05,0.15,2018,31.5246,1.42886,0.33499
5107,29,0,0,5,0,1,0,0,-20.503,0.05,0.15,2018,31.5246,2.54996,0.33499
5108,212,5,5,34,0,1,0,0,45.497,0.05,0.15,2018,31.5246,2.10352,0.33499
5109,147,0,0,30,0,1,0,0,14.638,0.05,0.15,2018,31.5246,1.8613,0.33499
5110,198,0,0,11,0,1,0,0,1.909,0.05,0.15,2018,31.5246,1.40057,0.33499
5111,400,0,0,28,0,0,0,1,82.498,0.05,0.15,2018,31.5246,1.18019,0.33499
5112,100,0,0,7,0,1,0,0,-13.576,0.05,0.15,2018,31.5246,2.02453,0.33507
5113,20,0,0,8,0,1,0,0,-18.218,0.05,0.15,2018,31.5246,3.14454,0.33507
5114,13,0,0,5,0,1,0,0,-23.19,0.05,0.15,2018,31.5246,4.61203,0.33507
5115,106,0,0,14,0,1,0,0,-6.817,0.05,0.15,2018,31.5246,1.58533,0.33507
5116,400,6,6,31,0,0,0,1,85.528,0.05,0.15,2018,31.5246,1.42793,0.33507
5117,58,0,0,8,0,1,0,0,-12.974,0.05,0.15,2018,31.5246,1.75872,0.33507
5118,400,3,3,26,0,0,0,1,69.472,0.05,0.15,2018,31.5246,1.1913,0.33507
5119,20,0,0,5,0,1,0,0,-21.486,0.05,0.15,2018,31.5246,4.59337,0.33507
5120,214,4,4,13,0,1,0,0,14.979,0.05,0.15,2018,31.5246,1.55304,0.33507
5121,51,0,0,23,0,1,2,0,-6.864,0.05,0.15,2018,31.5246,3.57813,0.33507
5122,400,3,3,22,0,0,2,1,73.166,0.05,0.15,2018,31.5246,1.32361,0.33507
5123,400,4,4,26,0,0,0,1,90.063,0.05,0.15,2019,31.5246,1.33349,0.33507
5124,137,1,1,17,0,1,1,0,8.304,0.05,0.15,2019,31.5246,1.81535,0.33507
5125,21,0,0,4,0,1,0,0,-21.1,0.05,0.15,2019,31.5246,3.45132,0.33507
5126,400,5,5,20,0,0,0,1,81.694,0.05,0.15,2019,31.5246,1.05813,0.33507
5127,112,2,2,16,0,1,0,0,8.32,0.05,0.15,2019,31.5246,1.75072,0.33507
5128,128,3,3,14,0,1,0,0,14.665,0.05,0.15,2019,31.5246,1.69616,0.33507
5129,400,1,1,17,0,0,0,1,67.314,0.05,0.15,2019,31.5246,1.30382,0.33507
5130,400,9,4,27,1,0,0,1,106.492,0.05,0.15,2019,31.5246,1.35582,0.33507
5131,77,1,1,14,0,1,0,0,-3.697,0.05,0.15,2019,31.5246,1.77789,0.33507
5132,400,6,1,24,1,0,0,1,98.082,0.05,0.15,2019,31.5246,1.21499,0.33507
5133,21,0,0,5,0,1,0,0,-22.444,0.05,0.15,2019,31.5246,3.23085,0.33507
5134,400,11,1,27,2,0,0,1,109.186,0.05,0.15,2019,31.5246,1.46121,0.33507
5135,35,0,0,6,0,1,0,0,-17.884,0.05,0.15,2019,31.5246,1.96723,0.33507
5136,400,14,4,63,2,0,1,1,178.668,0.05,0.15,2019,31.5246,1.47013,0.33507
5137,139,2,2,20,0,1,0,0,7.561,0.05,0.15,2019,31.5246,2.2196,0.33507
5138,100,0,0,8,0,1,0,0,-8.313,0.05,0.15,2019,31.5246,1.38777,0.33507
5139,400,3,3,55,0,0,0,1,111.978,0.05,0.15,2019,31.5246,1.46444,0.33507
5140,219,4,4,32,0,1,1,0,52.387,0.05,0.15,2019,31.5246,1.52817,0.33515
5141,400,0,0,18,0,0,1,1,66.542,0.05,0.15,2019,31.5246,1.25068,0.33515
5142,400,6,1,15,1,0,0,1,75.999,0.05,0.15,2019,31.5246,1.12314,0.33515
5143,191,4,4,11,0,1,0,0,5.818,0.05,0.15,2019,31.5246,1.60472,0.33515
5144,29,0,0,5,0,1,0,0,-24.68,0.05,0.15,2019,31.5246,2.85214,0.33515
5145,400,5,5,28,0,0,0,1,93.169,0.05,0.15,2019,31.5246,1.31264,0.33515
5146,400,1,1,22,0,0,0,1,69.822,0.05,0.15,2019,31.5246,1.11162,0.33515
5147,88,2,2,12,0,1,0,0,-2.744,0.05,0.15,2019,31.5246,2.07361,0.33515
5148,13,0,0,4,0,1,0,0,-23.118,0.05,0.15,2019,31.5246,3.34473,0.33515
5149,77,0,0,6,0,1,0,0,-16.044,0.05,0.15,2019,31.5246,1.63119,0.33515
5150,22,0,0,4,0,1,0,0,-22.608,0.05,0.15,2019,31.5246,2.70743,0.33515
5151,43,1,1,14,0,1,0,0,-10.173,0.05,0.15,2019,31.5246,2.30357,0.33515
5152,96,1,1,13,0,1,0,0,3.599,0.05,0.15,2019,31.5246,2.20707,0.33515
5153,400,8,3,38,1,0,0,1,108.246,0.05,0.15,2020,31.5246,1.10585,0.33515
5154,177,5,0,12,1,1,0,0,21.966,0.05,0.15,2020,31.5246,1.68188,0.33515
5155,400,2,2,42,0,0,0,1,105.586,0.05,0.15,2020,31.5246,1.17452,0.33515
5156,179,0,0,19,0,1,0,0,9.505,0.05,0.15,2021,31.5246,1.45932,0.33507
5157,18,0,0,5,0,1,0,0,-22.522,0.05,0.15,2021,31.5246,4.42436,0.33507
5158,400,4,4,33,0,0,0,1,95.603,0.05,0.15,2021,31.5246,1.18662,0.33507
5159,65,2,2,12,0,1,0,0,-2.414,0.05,0.15,2021,31.5246,1.92685,0.33507
5160,400,2,2,21,0,0,1,1,69.077,0.05,0.15,2021,31.5246,1.28951,0.33507
5161,35,1,1,10,0,1,0,0,-13.699,0.05,0.15,2021,31.5246,2.51249,0.33507
5162,312,2,2,42,0,1,1,0,49.747,0.05,0.15,2021,31.5246,1.6773,0.33523
5163,400,2,2,36,0,0,0,1,105.553,0.05,0.15,2021,31.5246,1.2579,0.33523
5164,181,0,0,30,0,1,0,0,29.366,0.05,0.15,2022,31.5246,1.37643,0.33515
5165,19,0,0,4,0,1,0,0,-24.412,0.05,0.15,2022,31.5246,5.54743,0.33515
5166,13,0,0,3,0,1,0,0,-23.369,0.05,0.15,2022,31.5246,0.97812,0.33515
5167,27,0,0,7,0,1,0,0,-21.26,0.05,0.15,2022,31.5246,3.28747,0.33515
5168,115,1,1,21,0,1,0,0,8.972,0.05,0.15,2022,31.5246,1.47857,0.33515
5169,41,1,1,9,0,1,0,0,-12.332,0.05,0.15,2022,31.5246,1.53437,0.33515
5170,34,0,0,9,0,1,0,0,-17.014,0.05,0.15,2022,31.5246,3.72024,0.33523
5171,229,0,0,35,0,1,1,0,28.622,0.05,0.15,2023,31.5246,1.82973,0.33515
5172,171,1,1,26,0,1,0,0,21.323,0.05,0.15,2023,31.5246,1.63083,0.33515
5173,400,1,1,24,0,0,0,1,83.638,0.05,0.15,2023,31.5246,1.13132,0.33515
5174,400,0,0,26,0,0,0,1,68.718,0.05,0.15,2023,31.5246,1.16211,0.33515
5175,35,1,1,11,0,1,0,0,-13.53,0.05,0.15,2023,31.5246,3.51811,0.33515
5176,400,2,2,36,0,0,1,1,91.705,0.05,0.15,2023,31.5246,1.21117,0.33515
5177,137,2,2,40,0,1,0,0,32.755,0.05,0.15,2025,31.5246,2.27143,0.33498
5178,360,1,1,38,0,0,2,1,89.732,0.05,0.15,2025,31.5246,1.31704,0.33498
5179,234,1,1,18,0,1,0,0,-0.363,0.05,0.15,2025,31.5246,1.57359,0.33498
5180,20,1,1,8,0,1,0,0,-17.205,0.05,0.15,2025,31.5246,4.41894,0.33498
5181,400,3,3,48,0,0,0,1,114.113,0.05,0.15,2025,31.5246,1.04019,0.33498
5182,400,8,3,37,1,0,0,1,118.565,0.05,0.15,2025,31.5246,1.12766,0.33498
5183,62,0,0,16,0,1,0,0,-3.757,0.05,0.15,2025,31.5246,1.53293,0.33498
5184,400,6,1,42,1,0,0,1,117.032,0.05,0.15,2025,31.5246,1.07872,0.33498
5185,13,0,0,5,0,1,0,0,-26.873,0.05,0.15,2025,31.5246,4.47548,0.33498
5186,400,1,1,32,0,0,0,1,84.691,0.05,0.15,2025,31.5246,0.96194,0.33498
5187,400,2,2,29,0,0,0,1,93.507,0.05,0.15,2026,31.5246,1.11593,0.3349
5188,41,0,0,19,0,1,0,0,-6.091,0.05,0.15,2026,31.5246,1.75782,0.3349
5189,400,5,0,45,1,0,1,1,110.749,0.05,0.15,2026,31.5246,1.41173,0.3349
5190,400,3,3,26,0,0,1,1,83.242,0.05,0.15,2026,31.5246,1.27914,0.3349
5191,180,8,3,14,1,1,0,0,27.082,0.05,0.15,2026,31.5246,2.24351,0.3349
5192,27,1,1,7,0,1,0,0,-15.463,0.05,0.15,2026,31.5246,3.27431,0.3349
5193,400,2,2,37,0,0,0,1,101.624,0.05,0.15,2027,31.5246,0.92544,0.33481
5194,400,11,6,50,1,0,0,1,124.326,0.05,0.15,2027,31.5246,1.43939,0.33481
5195,143,1,1,16,0,1,0,0,3.223,0.05,0.15,2027,31.5246,1.19649,0.33481
5196,34,1,1,9,0,1,0,0,-11.481,0.05,0.15,2027,31.5246,2.61489,0.33481
5197,400,2,2,22,0,0,0,1,67.756,0.05,0.15,2027,31.5246,1.36605,0.33481
5198,400,12,7,40,1,0,0,1,133.662,0.05,0.15,2027,31.5246,1.63562,0.33481
5199,57,1,1,13,0,1,0,0,-8.393,0.05,0.15,2027,31.5246,1.81739,0.33481
5200,271,6,1,41,1,1,1,0,64.936,0.05,0.15,2027,31.5246,2.10211,0.33481
5201,71,0,0,20,0,1,0,0,-4.629,0.05,0.15,2027,31.5246,2.01634,0.33481
5202,13,0,0,5,0,1,0,0,-23.488,0.05,0.15,2027,31.5246,5.18634,0.33481
5203,208,4,4,50,0,1,0,0,60.104,0.05,0.15,2027,31.5246,2.02183,0.33481
5204,400,3,3,34,0,0,0,1,96.73,0.05,0.15,2027,31.5246,1.30987,0.33481
5205,308,3,3,37,0,1,1,0,61.195,0.05,0.15,2027,31.5246,1.46263,0.33481
5206,245,4,4,38,0,1,0,0,42.941,0.05,0.15,2027,31.5246,1.58933,0.33481
5207,400,1,1,28,0,0,0,1,83.53,0.05,0.15,2027,31.5246,0.98371,0.33481
5208,168,1,1,22,0,1,0,0,9.682,0.05,0.15,2027,31.5246,1.77975,0.33481
5209,400,3,3,38,0,0,0,1,112.994,0.05,0.15,2027,31.5246,1.30507,0.33481
5210,143,0,0,17,0,1,0,0,0.432,0.05,0.15,2027,31.5246,1.74987,0.33481
5211,119,3,3,17,0,1,0,0,15.118,0.05,0.15,2027,31.5246,1.7924,0.33481
5212,30,1,1,8,0,1,0,0,-18.721,0.05,0.15,2027,31.5246,3.01546,0.33481
5213,400,2,2,46,0,0,0,1,118.921,0.05,0.15,2027,31.5246,1.19801,0.33481
5214,214,5,5,38,0,1,1,0,51.388,0.05,0.15,2027,31.5246,1.72769,0.33481
5215,400,4,4,40,0,0,0,1,113.909,0.05,0.15,2027,31.5246,1.36515,0.33481
5216,400,1,1,27,0,0,0,1,77.429,0.05,0.15,2027,31.5246,1.22973,0.33481
5217,5,0,0,2,0,1,0,0,-26.054,0.05,0.15,2027,31.5246,6.75447,0.33481
5218,37,1,1,13,0,1,0,0,-14.868,0.05,0.15,2027,31.5246,3.30976,0.33481
5219,55,0,0,24,0,1,0,0,-3.354,0.05,0.15,2027,31.5246,2.20678,0.33481
5220,27,0,0,8,0,1,0,0,-16.456,0.05,0.15,2027,31.5246,2.31796,0.33481
5221,50,1,1,11,0,1,0,0,-13.194,0.05,0.15,2027,31.5246,2.83998,0.33481
5222,20,0,0,6,0,1,0,0,-21.861,0.05,0.15,2027,31.5246,1.39542,0.33481
5223,261,2,2,25,0,1,0,0,27.829,0.05,0.15,2027,31.5246,1.69332,0.33481
5224,400,1,1,52,0,0,1,1,117.503,0.05,0.15,2027,31.5246,1.20471,0.33481
5225,400,3,3,37,0,0,0,1,103.969,0.05,0.15,2027,31.5246,1.09969,0.33481
5226,400,5,5,33,0,0,0,1,107.491,0.05,0.15,2027,31.5246,1.35427,0.33481
5227,400,10,5,44,1,0,1,1,124.431,0.05,0.15,2027,31.5246,1.48449,0.33481
5228,400,8,3,36,1,0,1,1,127.58,0.05,0.15,2028,31.5246,1.57792,0.33473
5229,26,0,0,6,0,1,0,0,-20.216,0.05,0.15,2028,31.5246,2.63992,0.33473
5230,20,0,0,7,0,1,0,0,-19.103,0.05,0.15,2028,31.5246,2.84002,0.33473
5231,47,1,1,14,0,1,0,0,-7.049,0.05,0.15,2028,31.5246,2.50342,0.33473
5232,400,9,4,53,1,0,0,1,146.605,0.05,0.15,2028,31.5246,1.34515,0.33473
5233,400,2,2,44,0,0,0,1,95.939,0.05,0.15,2028,31.5246,1.37051,0.33473
5234,314,2,2,34,0,1,0,0,49.218,0.05,0.15,2028,31.5246,1.41785,0.33473
5235,400,9,4,61,1,0,0,1,141.033,0.05,0.15,2028,31.5246,1.48591,0.33473
5236,21,0,0,7,0,1,0,0,-23.912,0.05,0.15,2028,31.5246,3.81457,0.33473
5237,400,3,3,40,0,0,0,1,99.65,0.05,0.15,2028,31.5246,1.32193,0.33473
5238,400,3,3,59,0,0,1,1,124.401,0.05,0.15,2028,31.5246,1.17942,0.33473
5239,203,3,3,30,0,1,0,0,28.052,0.05,0.15,2028,31.5246,1.91409,0.33473
5240,124,2,2,32,0,1,0,0,25.72,0.05,0.15,2028,31.5246,1.92594,0.33481
5241,17,0,0,9,0,1,0,0,-23.007,0.05,0.15,2028,31.5246,3.55233,0.33481
5242,207,2,2,40,0,1,0,0,35.814,0.05,0.15,2028,31.5246,1.79098,0.33481
5243,319,2,2,47,0,1,0,0,75.474,0.05,0.15,2028,31.5246,1.4127,0.33481
5244,25,0,0,6,0,1,0,0,-24.257,0.05,0.15,2028,31.5246,3.44986,0.33481
5245,400,2,2,33,0,0,0,1,101.611,0.05,0.15,2028,31.5246,1.03775,0.33481
5246,400,4,4,26,0,0,0,1,75.359,0.05,0.15,2028,31.5246,1.44812,0.33481
5247,400,10,5,50,1,0,0,1,115.535,0.05,0.15,2028,31.5246,1.65536,0.33481
5248,400,4,4,50,0,0,0,1,102.855,0.05,0.15,2028,31.5246,1.36463,0.33481
5249,17,0,0,5,0,1,0,0,-22.115,0.05,0.15,2028,31.5246,2.59056,0.33481
5250,26,0,0,3,0,1,0,0,-28.534,0.05,0.15,2028,31.5246,2.23481,0.33481
5251,82,0,0,20,0,1,0,0,-3.989,0.05,0.15,2028,31.5246,1.65238,0.33481
5252,20,0,0,8,0,1,0,0,-20.338,0.05,0.15,2028,31.5246,3.13056,0.33481
5253,400,9,4,57,1,0,0,1,120.912,0.05,0.15,2028,31.5246,1.53784,0.33481
5254,400,2,2,34,0,0,0,1,58.91,0.05,0.15,2028,31.5246,1.29641,0.33481
5255,58,0,0,13,0,1,0,0,-15.463,0.05,0.15,2028,31.5246,2.42935,0.33481
5256,12,0,0,5,0,1,0,0,-29.096,0.05,0.15,2028,31.5246,5.60035,0.33481
5257,400,5,0,35,1,0,0,1,79.501,0.05,0.15,2029,31.5246,1.10235,0.33481
5258,400,2,2,34,0,0,0,1,76.138,0.05,0.15,2029,31.5246,1.23896,0.33481
5259,400,5,5,42,0,0,0,1,92.736,0.05,0.15,2029,31.5246,1.08724,0.33481
5260,400,1,1,32,0,0,0,1,104.342,0.05,0.15,2029,31.5246,1.10345,0.33481
5261,400,6,1,50,1,0,0,1,115.927,0.05,0.15,2029,31.5246,1.33031,0.33489
5262,400,1,1,36,0,0,0,1,97.281,0.05,0.15,2029,31.5246,1.10924,0.33489
5263,400,1,1,37,0,0,0,1,100.763,0.05,0.15,2029,31.5246,0.91787,0.33489
5264,400,3,3,24,0,0,0,1,67.211,0.05,0.15,2029,31.5246,1.23537,0.33489
5265,400,8,3,59,1,0,0,1,143.329,0.05,0.15,2029,31.5246,1.3209,0.33489
5266,138,5,5,44,0,1,0,0,49.186,0.05,0.15,2029,31.5246,1.81051,0.33489
5267,32,2,2,10,0,1,0,0,-8.717,0.05,0.15,2029,31.5246,3.02131,0.33489
5268,170,1,1,40,0,0,1,0,50.543,0.05,0.15,2029,31.5246,1.59515,0.33498
5269,400,6,1,53,1,0,0,1,114.349,0.05,0.15,2029,31.5246,1.26944,0.33498
5270,400,1,1,48,0,0,0,1,113.519,0.05,0.15,2029,31.5246,1.07175,0.33498
5271,400,16,6,44,2,0,0,1,138.074,0.05,0.15,2029,31.5246,1.61494,0.33498
5272,400,1,1,33,0,0,0,1,83.282,0.05,0.15,2029,31.5246,1.16804,0.33498
5273,400,9,4,38,1,0,0,1,129.001,0.05,0.15,2029,31.5246,1.26054,0.33498
5274,220,4,4,22,0,1,0,0,39.349,0.05,0.15,2029,31.5246,1.4353,0.33498
5275,400,4,4,43,0,0,1,1,123.635,0.05,0.15,2029,31.5246,1.30521,0.33498
5276,56,0,0,21,0,1,0,0,-0.144,0.05,0.15,2029,31.5246,2.04558,0.33498
5277,72,1,1,20,0,1,0,0,4.526,0.05,0.15,2029,31.5246,1.7334,0.33498
5278,5,0,0,2,0,1,0,0,-31.104,0.05,0.15,2029,31.5246,3.18435,0.33498
5279,400,8,3,38,1,0,0,1,110.767,0.05,0.15,2029,31.5246,1.2222,0.33498
5280,87,0,0,28,0,0,1,0,27.78,0.05,0.15,2029,31.5246,1.80258,0.33514
5281,301,3,3,28,0,0,1,0,63.314,0.05,0.15,2030,31.5246,1.72401,0.33522
5282,113,3,3,28,0,1,0,0,20.285,0.05,0.15,2030,31.5246,1.99499,0.33522
5283,176,2,2,46,0,0,0,0,68.321,0.05,0.15,2031,31.5246,1.52906,0.33514
5284,13,0,0,5,0,1,0,0,-27.277,0.05,0.15,2031,31.5246,3.92941,0.33514
5285,400,4,4,27,0,0,0,1,103.194,0.05,0.15,2031,31.5246,1.08328,0.33514
5286,20,0,0,9,0,1,0,0,-18.341,0.05,0.15,2031,31.5246,3.98837,0.33514
5287,13,0,0,4,0,1,0,0,-24.169,0.05,0.15,2031,31.5246,4.92808,0.33514
5288,400,15,5,58,2,0,0,1,171.353,0.05,0.15,2031,31.5246,1.60418,0.33522
5289,235,2,2,27,0,1,0,0,33.971,0.05,0.15,2031,31.5246,1.4439,0.33522
5290,198,2,2,34,0,1,0,0,33.856,0.05,0.15,2031,31.5246,1.61207,0.33522
5291,13,0,0,4,0,1,0,0,-24.569,0.05,0.15,2031,31.5246,5.2922,0.33522
5292,400,3,3,19,0,0,0,1,78.85,0.05,0.15,2031,31.5246,1.00327,0.33522
5293,198,3,3,35,0,1,2,0,37.269,0.05,0.15,2031,31.5246,1.65104,0.33522
5294,6,0,0,1,0,1,0,0,-31.766,0.05,0.15,2031,31.5246,9.76933,0.33522
5295,159,8,3,27,1,1,2,0,37.532,0.05,0.15,2031,31.5246,2.13937,0.33522
5296,16,0,0,7,0,1,0,0,-25.617,0.05,0.15,2031,31.5246,3.29546,0.33522
5297,400,3,3,29,0,0,0,1,83.623,0.05,0.15,2031,31.5246,1.25426,0.33522
5298,400,3,3,37,0,0,0,1,114.772,0.05,0.15,2031,31.5246,1.08437,0.3353
5299,400,4,4,32,0,0,0,1,108.662,0.05,0.15,2031,31.5246,1.24676,0.3353
5300,106,1,1,18,0,1,0,0,4.35,0.05,0.15,2031,31.5246,1.93945,0.3353
5301,400,1,1,36,0,0,0,1,108.586,0.05,0.15,2031,31.5246,0.82273,0.3353
5302,20,0,0,9,0,1,0,0,-20.899,0.05,0.15,2031,31.5246,4.81522,0.3353
5303,83,1,1,10,0,1,0,0,-8.562,0.05,0.15,2031,31.5246,2.41556,0.3353
5304,95,1,1,15,0,1,0,0,4.494,0.05,0.15,2031,31.5246,1.79964,0.3353
5305,400,5,5,53,0,0,0,1,128.943,0.05,0.15,2031,31.5246,1.02917,0.3353
5306,400,9,4,26,1,0,0,1,111.61,0.05,0.15,2031,31.5246,1.1562,0.3353
5307,26,0,0,9,0,1,0,0,-18.678,0.05,0.15,2031,31.5246,2.99754,0.3353
5308,34,0,0,13,0,1,0,0,-10.508,0.05,0.15,2031,31.5246,2.07923,0.3353
5309,20,0,0,10,0,1,0,0,-18.371,0.05,0.15,2031,31.5246,3.87673,0.3353
5310,400,0,0,23,0,0,0,1,79.232,0.05,0.15,2031,31.5246,1.1415,0.3353
5311,170,5,5,31,0,0,0,0,62.8,0.05,0.15,2032,31.5246,1.5721,0.33522
5312,400,0,0,12,0,0,0,1,26.66,0.05,0.15,2032,31.5246,1.09231,0.3353
5313,263,1,1,18,0,1,0,0,27.567,0.05,0.15,2032,31.5246,1.21491,0.3353
5314,400,3,3,27,0,0,0,1,96.192,0.05,0.15,2032,31.5246,1.20723,0.3353
5315,400,3,3,45,0,0,1,1,124.975,0.05,0.15,2033,31.5246,1.1968,0.3353
5316,400,1,1,34,0,0,0,1,87.566,0.05,0.15,2033,31.5246,1.31316,0.3353
5317,400,1,1,31,0,0,0,1,96.3,0.05,0.15,2033,31.5246,0.90527,0.3353
5318,400,7,2,37,1,0,0,1,113.734,0.05,0.15,2033,31.5246,1.46754,0.3353
5319,205,8,3,36,1,1,0,0,53.354,0.05,0.15,2033,31.5246,1.80606,0.3353
5320,400,1,1,10,0,0,0,1,66.365,0.05,0.15,2033,31.5246,0.96485,0.3353
5321,400,2,2,25,0,0,0,1,82.84,0.05,0.15,2033,31.5246,1.03699,0.3353
5322,400,11,6,34,1,0,1,1,127.971,0.05,0.15,2033,31.5246,1.38342,0.3353
5323,400,5,5,62,0,0,0,1,140.785,0.05,0.15,2033,31.5246,1.29844,0.3353
5324,248,4,4,35,0,1,0,0,47.465,0.05,0.15,2033,31.5246,1.63956,0.3353
5325,56,2,2,17,0,1,0,0,3.822,0.05,0.15,2033,31.5246,2.25823,0.3353
5326,400,6,6,66,0,0,0,1,138.331,0.05,0.15,2033,31.5246,1.38412,0.3353
5327,80,2,2,24,0,1,0,0,11.345,0.05,0.15,2033,31.5246,2.19929,0.3353
5328,51,0,0,16,0,1,0,0,-10.556,0.05,0.15,2034,31.5246,3.5012,0.33522
5329,13,0,0,7,0,1,0,0,-21.438,0.05,0.15,2034,31.5246,3.70479,0.33522
5330,400,3,3,23,0,0,0,1,88.751,0.05,0.15,2034,31.5246,1.23563,0.33522
5331,400,4,4,41,0,0,0,1,125.554,0.05,0.15,2034,31.5246,0.99263,0.33522
5332,400,2,2,42,0,0,0,1,109.326,0.05,0.15,2034,31.5246,1.1963,0.33522
5333,400,3,3,51,0,0,0,1,116.598,0.05,0.15,2034,31.5246,1.38083,0.33522
5334,13,0,0,4,0,1,0,0,-24.544,0.05,0.15,2034,31.5246,4.73942,0.33522
5335,121,2,2,24,0,1,0,0,14.293,0.05,0.15,2034,31.5246,1.76752,0.33522
5336,400,4,4,53,0,0,0,1,123.834,0.05,0.15,2034,31.5246,1.19716,0.33522
5337,400,2,2,47,0,0,0,1,119.066,0.05,0.15,2034,31.5246,1.00216,0.33522
5338,400,12,2,31,2,0,0,1,100.407,0.05,0.15,2034,31.5246,1.36604,0.33522
5339,20,0,0,8,0,1,0,0,-18.219,0.05,0.15,2034,31.5246,2.67479,0.33522
5340,400,8,3,44,1,0,0,1,125.459,0.05,0.15,2034,31.5246,1.40541,0.33522
5341,400,3,3,40,0,0,0,1,77.98,0.05,0.15,2036,31.5246,1.22842,0.33505
5342,5,0,0,4,0,1,0,0,-33.206,0.05,0.15,2036,31.5246,3.09585,0.33505
5343,400,3,3,33,0,0,0,1,107.254,0.05,0.15,2036,31.5246,1.1386,0.33513
5344,400,6,1,22,1,0,0,1,104.693,0.05,0.15,2036,31.5246,1.29658,0.33513
5345,67,1,1,23,0,1,0,0,3.985,0.05,0.15,2036,31.5246,2.36429,0.33513
5346,213,1,1,17,0,1,0,0,19.11,0.05,0.15,2036,31.5246,1.5118,0.33513
5347,400,7,2,39,1,0,0,1,113.19,0.05,0.15,2036,31.5246,1.2875,0.33513
5348,123,7,2,25,1,1,0,0,31.033,0.05,0.15,2036,31.5246,1.56024,0.33513
5349,400,7,2,57,1,0,0,1,144.069,0.05,0.15,2036,31.5246,1.28788,0.33513
5350,13,0,0,4,0,1,0,0,-27.852,0.05,0.15,2036,31.5246,5.59557,0.33513
5351,400,6,1,40,1,0,0,1,129.625,0.05,0.15,2036,31.5246,1.1754,0.33513
5352,400,10,5,57,1,0,1,1,149.731,0.05,0.15,2036,31.5246,1.51265,0.33513
5353,28,0,0,10,0,1,0,0,-17.036,0.05,0.15,2036,31.5246,2.99201,0.33513
5354,400,6,1,29,1,0,0,1,108.781,0.05,0.15,2036,31.5246,1.22006,0.33513
5355,5,0,0,2,0,1,0,0,-31.104,0.05,0.15,2036,31.5246,3.83369,0.33513
5356,400,9,4,47,1,0,1,1,144.093,0.05,0.15,2036,31.5246,1.33741,0.33513
5357,400,5,5,58,0,0,0,1,131.713,0.05,0.15,2036,31.5246,1.32258,0.33513
5358,236,7,2,35,1,1,0,0,52.264,0.05,0.15,2036,31.5246,1.47631,0.33513
5359,400,2,2,13,0,0,0,1,75.158,0.05,0.15,2036,31.5246,1.0489,0.33513
5360,400,8,3,54,1,0,0,1,134.877,0.05,0.15,2036,31.5246,1.36583,0.33522
5361,400,2,2,24,0,0,0,1,70.455,0.05,0.15,2036,31.5246,1.23618,0.33522
5362,400,4,4,34,0,0,2,1,103.521,0.05,0.15,2036,31.5246,1.49621,0.33522
5363,400,7,2,35,1,0,2,1,107.952,0.05,0.15,2036,31.5246,1.32278,0.33522
5364,132,3,3,26,0,0,0,0,44.569,0.05,0.15,2036,31.5246,1.74168,0.33522
5365,43,2,2,12,0,1,0,0,-8.052,0.05,0.15,2036,31.5246,2.13261,0.33522
5366,162,4,4,39,0,1,0,0,43.164,0.05,0.15,2036,31.5246,2.24097,0.33522
5367,262,2,2,37,0,1,1,0,38.287,0.05,0.15,2036,31.5246,1.94308,0.3353
5368,98,1,1,19,0,1,0,0,-0.425,0.05,0.15,2036,31.5246,1.89231,0.3353
5369,400,5,5,55,0,0,0,1,150.366,0.05,0.15,2036,31.5246,1.0708,0.3353
5370,114,0,0,29,0,1,1,0,10.375,0.05,0.15,2036,31.5246,2.06194,0.3353
5371,83,1,1,29,0,1,0,0,11.139,0.05,0.15,2036,31.5246,2.01327,0.3353
5372,400,7,2,45,1,0,1,1,117.761,0.05,0.15,2036,31.5246,1.46139,0.3353
5373,182,7,2,44,1,1,0,0,53.634,0.05,0.15,2036,31.5246,2.08749,0.3353
5374,400,14,4,64,2,0,0,1,134.168,0.05,0.15,2036,31.5246,1.5485,0.3353
5375,128,3,3,39,0,1,0,0,40.612,0.05,0.15,2036,31.5246,1.95012,0.3353
5376,400,1,1,39,0,0,0,1,110.657,0.05,0.15,2036,31.5246,1.13847,0.3353
5377,179,2,2,18,0,1,0,0,-2.093,0.05,0.15,2036,31.5246,1.52852,0.3353
5378,400,9,4,60,1,0,0,1,156.043,0.05,0.15,2036,31.5246,1.48446,0.3353
5379,20,0,0,7,0,1,0,0,-19.798,0.05,0.15,2036,31.5246,2.06843,0.3353
5380,128,1,1,11,0,1,0,0,-10.511,0.05,0.15,2036,31.5246,1.04785,0.3353
5381,400,4,4,57,0,0,0,1,120.81,0.05,0.15,2036,31.5246,1.29575,0.3353
5382,258,0,0,17,0,1,0,0,-12.052,0.05,0.15,2036,31.5246,1.26134,0.3353
5383,48,2,2,24,0,1,0,0,3.204,0.05,0.15,2036,31.5246,2.87751,0.3353
5384,400,7,2,44,1,0,0,1,124.86,0.05,0.15,2036,31.5246,1.36158,0.3353
5385,400,2,2,40,0,0,1,1,110.918,0.05,0.15,2036,31.5246,1.11959,0.3353
5386,400,1,1,28,0,0,0,1,81.527,0.05,0.15,2036,31.5246,1.11173,0.3353
5387,400,9,4,54,1,0,0,1,139.877,0.05,0.15,2036,31.5246,1.49458,0.3353
5388,400,1,1,31,0,0,0,1,76.011,0.05,0.15,2036,31.5246,1.31644,0.33538
5389,40,1,1,20,0,1,0,0,-5.406,0.05,0.15,2036,31.5246,2.2839,0.33538
5390,400,4,4,39,0,0,0,1,111.137,0.05,0.15,2036,31.5246,1.26026,0.33538
5391,146,0,0,25,0,1,0,0,15.098,0.05,0.15,2036,31.5246,1.97781,0.33538
5392,183,2,2,28,0,1,0,0,20.859,0.05,0.15,2036,31.5246,1.35505,0.33538
5393,102,1,1,22,0,0,0,0,21.514,0.05,0.15,2036,31.5246,1.95277,0.33538
5394,400,3,3,40,0,0,0,1,112.384,0.05,0.15,2038,31.5246,1.25033,0.33538
5395,126,3,3,23,0,1,0,0,19.368,0.05,0.15,2038,31.5246,1.61783,0.33538
5396,218,1,1,33,0,1,0,0,40.006,0.05,0.15,2038,31.5246,1.70203,0.33538
5397,400,7,7,37,0,0,0,1,118.372,0.05,0.15,2038,31.5246,1.25951,0.33538
5398,400,8,3,46,1,0,0,1,141.568,0.05,0.15,2038,31.5246,1.36438,0.33538
5399,400,4,4,51,0,0,0,1,140.983,0.05,0.15,2038,31.5246,1.13005,0.33538
5400,400,10,5,39,1,0,0,1,119.798,0.05,0.15,2038,31.5246,1.53834,0.33538
5401,72,1,1,16,0,1,0,0,-1.849,0.05,0.15,2038,31.5246,2.18532,0.33538
5402,73,2,2,18,0,1,0,0,-1.563,0.05,0.15,2038,31.5246,2.71229,0.33538
5403,195,1,1,38,0,1,0,0,38.854,0.05,0.15,2038,31.5246,1.48569,0.33538
5404,400,5,5,22,0,0,1,1,86.044,0.05,0.15,2038,31.5246,0.96046,0.33546
5405,400,6,6,25,0,0,0,1,106.751,0.05,0.15,2038,31.5246,1.27683,0.33546
5406,400,9,4,38,1,0,1,1,121.606,0.05,0.15,2038,31.5246,1.3011,0.33546
5407,27,1,1,7,0,1,0,0,-18.493,0.05,0.15,2038,31.5246,3.55786,0.33546
5408,183,0,0,23,0,1,0,0,14.296,0.05,0.15,2038,31.5246,1.59901,0.33546
5409,400,6,1,23,1,0,2,1,108.134,0.05,0.15,2038,31.5246,1.14131,0.33554
5410,400,9,4,68,1,0,0,1,149.983,0.05,0.15,2039,31.5246,1.24978,0.33546
5411,400,0,0,39,0,0,0,1,95.003,0.05,0.15,2039,31.5246,1.31015,0.33546
5412,400,4,4,24,0,0,0,1,82.014,0.05,0.15,2039,31.5246,1.23347,0.33546
5413,400,3,3,52,0,0,0,1,134.71,0.05,0.15,2039,31.5246,1.07178,0.33554
5414,400,9,4,29,1,0,1,1,112.572,0.05,0.15,2039,31.5246,1.47629,0.33554
5415,27,0,0,8,0,1,0,0,-16.524,0.05,0.15,2039,31.5246,2.33547,0.33554
5416,400,3,3,37,0,0,0,1,114.333,0.05,0.15,2039,31.5246,1.23939,0.33554
5417,41,0,0,14,0,1,0,0,-14.959,0.05,0.15,2039,31.5246,2.60944,0.33554
5418,5,0,0,4,0,1,0,0,-33.206,0.05,0.15,2039,31.5246,2.5704,0.33554
5419,400,0,0,38,0,0,0,1,97.554,0.05,0.15,2039,31.5246,1.09731,0.33554
5420,400,2,2,31,0,0,1,1,100.272,0.05,0.15,2039,31.5246,1.08762,0.33554
5421,309,3,3,33,0,1,1,0,46.153,0.05,0.15,2039,31.5246,1.20429,0.33554
5422,37,0,0,8,0,1,0,0,-20.205,0.05,0.15,2039,31.5246,2.45892,0.33554
5423,400,9,4,42,1,0,0,1,126.195,0.05,0.15,2041,31.5246,1.31974,0.33537
5424,400,10,5,32,1,0,1,1,116.086,0.05,0.15,2041,31.5246,1.33366,0.33537
5425,68,0,0,10,0,1,0,0,-12.664,0.05,0.15,2041,31.5246,1.92382,0.33537
5426,172,3,3,38,0,1,1,0,36.038,0.05,0.15,2041,31.5246,1.68072,0.33537
5427,78,0,0,7,0,1,0,0,-16.285,0.05,0.15,2041,31.5246,1.77522,0.33537
5428,41,0,0,5,0,1,0,0,-18.966,0.05,0.15,2041,31.5246,1.96349,0.33537
5429,400,2,2,37,0,0,0,1,103.209,0.05,0.15,2041,31.5246,1.15874,0.33537
5430,78,1,1,22,0,1,0,0,3.581,0.05,0.15,2041,31.5246,2.05264,0.33537
5431,400,2,2,36,0,0,0,1,104.392,0.05,0.15,2041,31.5246,1.00103,0.33537
5432,400,2,2,23,0,0,0,1,80.529,0.05,0.15,2041,31.5246,0.98246,0.33546
5433,20,0,0,5,0,1,0,0,-23.709,0.05,0.15,2041,31.5246,2.78018,0.33546
5434,161,0,0,14,0,1,0,0,10.907,0.05,0.15,2041,31.5246,1.06787,0.33546
5435,6,0,0,2,0,1,0,0,-31.166,0.05,0.15,2041,31.5246,9.34625,0.33546
5436,262,10,5,52,1,0,0,1,139.061,0.05,0.15,2041,31.5246,1.49205,0.33546
5437,400,3,3,60,0,0,0,1,135.832,0.05,0.15,2041,31.5246,1.17472,0.33546
5438,36,0,0,13,0,1,0,0,-13.663,0.05,0.15,2041,31.5246,3.75887,0.33554
5439,400,4,4,45,0,0,0,1,131.056,0.05,0.15,2041,31.5246,1.13532,0.33554
5440,21,1,1,11,0,1,0,0,-13.511,0.05,0.15,2041,31.5246,3.77482,0.33554
5441,318,8,3,40,1,1,0,0,87.229,0.05,0.15,2041,31.5246,1.59361,0.33562
5442,19,0,0,3,0,1,0,0,-24.77,0.05,0.15,2041,31.5246,3.12964,0.33562
5443,116,1,1,25,0,1,0,0,14.21,0.05,0.15,2041,31.5246,2.17681,0.33562
5444,77,2,2,20,0,1,0,0,5.179,0.05,0.15,2041,31.5246,1.9098,0.33562
5445,400,3,3,52,0,0,0,1,139.21,0.05,0.15,2041,31.5246,1.2061,0.33562
5446,400,2,2,42,0,0,0,1,120.9,0.05,0.15,2041,31.5246,1.06926,0.33562
5447,30,1,1,10,0,1,0,0,-12.29,0.05,0.15,2041,31.5246,2.63083,0.33562
5448,292,4,4,29,0,1,0,0,58.341,0.05,0.15,2041,31.5246,1.27492,0.33562
5449,400,3,3,36,0,0,0,1,127.786,0.05,0.15,2041,31.5246,1.08068,0.33562
5450,261,8,3,49,1,1,0,0,80.152,0.05,0.15,2042,31.5246,1.77599,0.33554
5451,5,0,0,2,0,1,0,0,-27.704,0.05,0.15,2042,31.5246,11.65294,0.33554
5452,5,0,0,2,0,1,0,0,-32.754,0.05,0.15,2042,31.5246,5.4536,0.33554
5453,400,9,4,59,1,0,0,1,159.249,0.05,0.15,2042,31.5246,1.28104,0.33554
5454,80,3,3,25,0,1,0,0,17.179,0.05,0.15,2042,31.5246,1.88471,0.33554
5455,400,7,7,31,0,0,0,1,119.859,0.05,0.15,2042,31.5246,1.24154,0.33554
5456,58,0,0,10,0,1,0,0,-20.368,0.05,0.15,2042,31.5246,2.70704,0.33554
5457,400,12,7,68,1,0,0,1,177.628,0.05,0.15,2042,31.5246,1.60769,0.33554
5458,400,2,2,53,0,0,0,1,127.374,0.05,0.15,2043,31.5246,1.09253,0.33554
5459,400,0,0,14,0,0,0,1,50.228,0.05,0.15,2043,31.5246,1.11883,0.33554
5460,161,0,0,18,0,1,0,0,6.879,0.05,0.15,2043,31.5246,1.45294,0.33554
5461,20,0,0,9,0,1,0,0,-16.787,0.05,0.15,2043,31.5246,2.64304,0.33554
5462,13,0,0,4,0,1,0,0,-22.911,0.05,0.15,2043,31.5246,4.15926,0.33554
5463,105,1,1,23,0,1,0,0,12.216,0.05,0.15,2043,31.5246,1.72406,0.33554
5464,20,0,0,9,0,1,0,0,-17.447,0.05,0.15,2043,31.5246,2.50768,0.33554
5465,130,2,2,32,0,1,0,0,31.812,0.05,0.15,2043,31.5246,2.0809,0.33554
5466,400,2,2,59,0,0,0,1,126.857,0.05,0.15,2043,31.5246,1.51172,0.33562
5467,400,6,6,58,0,0,0,1,125.674,0.05,0.15,2043,31.5246,1.27147,0.33562
5468,13,0,0,4,0,1,0,0,-26.373,0.05,0.15,2043,31.5246,7.48879,0.33562
5469,13,0,0,3,0,1,0,0,-26.973,0.05,0.15,2043,31.5246,7.65885,0.33562
5470,284,10,5,54,1,1,1,0,84.206,0.05,0.15,2043,31.5246,2.10281,0.33562
5471,232,8,3,29,1,1,1,0,46.738,0.05,0.15,2043,31.5246,2.07156,0.33562
5472,400,1,1,24,0,0,0,1,74.976,0.05,0.15,2043,31.5246,1.14634,0.33562
5473,13,0,0,4,0,1,0,0,-26.369,0.05,0.15,2043,31.5246,7.17836,0.33562
5474,13,0,0,4,0,1,0,0,-24.569,0.05,0.15,2043,31.5246,5.1827,0.33562
5475,60,1,1,9,0,1,0,0,-12.506,0.05,0.15,2043,31.5246,2.61723,0.33562
5476,125,1,1,24,0,1,0,0,8.721,0.05,0.15,2043,31.5246,1.73537,0.33562
5477,400,1,1,35,0,0,0,1,105.769,0.05,0.15,2043,31.5246,1.13738,0.3357
5478,400,8,3,43,1,0,0,1,127.915,0.05,0.15,2043,31.5246,1.42431,0.33578
5479,14,0,0,5,0,1,0,0,-22.271,0.05,0.15,2043,31.5246,3.16035,0.33578
5480,400,4,4,49,0,0,0,1,129.119,0.05,0.15,2043,31.5246,1.60294,0.33586
5481,400,2,2,34,0,0,0,1,104.984,0.05,0.15,2044,31.5246,1.19394,0.33578
5482,400,2,2,25,0,0,0,1,89.634,0.05,0.15,2044,31.5246,1.1564,0.33578
5483,400,2,2,22,0,0,0,1,87.036,0.05,0.15,2044,31.5246,1.14637,0.33578
5484,400,9,4,27,1,0,0,1,111.881,0.05,0.15,2044,31.5246,1.35208,0.33578
5485,200,5,5,34,0,1,0,0,55.067,0.05,0.15,2044,31.5246,1.82383,0.33578
5486,42,2,2,14,0,1,0,0,-1.622,0.05,0.15,2044,31.5246,1.70553,0.33578
5487,20,0,0,10,0,1,0,0,-18.971,0.05,0.15,2044,31.5246,3.74632,0.33578
5488,28,1,1,9,0,1,0,0,-21.129,0.05,0.15,2044,31.5246,4.37803,0.33578
5489,400,4,4,38,0,0,0,1,106.213,0.05,0.15,2044,31.5246,1.20477,0.33578
5490,27,0,0,8,0,1,0,0,-19.278,0.05,0.15,2044,31.5246,2.89525,0.33578
5491,400,8,3,34,1,0,0,1,131.286,0.05,0.15,2044,31.5246,1.21049,0.33578
5492,20,0,0,9,0,1,0,0,-21.371,0.05,0.15,2044,31.5246,3.31479,0.33578
5493,400,4,4,29,0,0,0,1,106.93,0.05,0.15,2044,31.5246,1.16273,0.33578
5494,86,2,2,14,0,1,0,0,7.857,0.05,0.15,2044,31.5246,1.74977,0.33578
5495,65,0,0,13,0,1,0,0,-10.65,0.05,0.15,2044,31.5246,2.15669,0.33578
5496,400,3,3,36,0,0,3,1,111.171,0.05,0.15,2045,31.5246,1.30711,0.33578
5497,123,1,1,19,0,1,0,0,6.65,0.05,0.15,2045,31.5246,1.39652,0.33578
5498,20,0,0,9,0,1,0,0,-19.169,0.05,0.15,2045,31.5246,3.08086,0.33578
5499,41,0,0,9,0,1,0,0,-13.28,0.05,0.15,2045,31.5246,2.08231,0.33578
5500,66,0,0,13,0,1,0,0,-3.57,0.05,0.15,2045,31.5246,1.64978,0.33578
5501,128,1,1,17,0,1,0,0,7.604,0.05,0.15,2045,31.5246,1.92986,0.33578
5502,400,4,4,32,0,0,0,1,108.043,0.05,0.15,2045,31.5246,1.16332,0.33578
5503,400,7,2,35,1,0,0,1,116.304,0.05,0.15,2045,31.5246,1.27152,0.33578
5504,158,5,5,41,0,1,0,0,56.097,0.05,0.15,2045,31.5246,1.71233,0.33578
5505,400,4,4,33,0,0,0,1,105.49,0.05,0.15,2045,31.5246,1.20442,0.33578
5506,400,5,5,38,0,0,0,1,131.903,0.05,0.15,2045,31.5246,1.01624,0.33578
5507,246,4,4,45,0,1,2,0,55.763,0.05,0.15,2045,31.5246,1.84167,0.33586
5508,400,4,4,26,0,0,0,1,97.579,0.05,0.15,2045,31.5246,1.04483,0.33586
5509,400,4,4,45,0,0,0,1,110.987,0.05,0.15,2045,31.5246,1.36012,0.33594
5510,400,2,2,18,0,0,0,1,65.773,0.05,0.15,2045,31.5246,1.31548,0.33594
5511,400,7,2,44,1,0,1,1,115.024,0.05,0.15,2045,31.5246,1.20925,0.33619
5512,400,3,3,15,0,0,0,1,67.274,0.05,0.15,2045,31.5246,1.22556,0.33619
5513,163,4,4,36,0,1,0,0,40.708,0.05,0.15,2045,31.5246,1.98081,0.33619
5514,400,2,2,29,0,0,0,1,100.078,0.05,0.15,2045,31.5246,1.06219,0.33619
5515,20,0,0,9,0,1,0,0,-19.569,0.05,0.15,2045,31.5246,2.65281,0.33619
5516,400,13,8,77,1,0,0,1,176.365,0.05,0.15,2045,31.5246,1.49579,0.33619
5517,400,13,8,61,1,0,0,1,150.391,0.05,0.15,2046,31.5246,1.49353,0.33618
5518,400,8,3,57,1,0,1,1,132.645,0.05,0.15,2046,31.5246,1.25389,0.33618
5519,400,12,2,40,2,0,0,1,126.5,0.05,0.15,2046,31.5246,1.61411,0.33618
5520,400,1,1,34,0,0,0,1,118.378,0.05,0.15,2046,31.5246,0.91818,0.33618
5521,400,4,4,55,0,0,0,1,130.906,0.05,0.15,2047,31.5246,1.16043,0.33618
5522,215,4,4,34,0,1,0,0,44.127,0.05,0.15,2047,31.5246,1.74863,0.33618
5523,87,2,2,14,0,1,0,0,0.467,0.05,0.15,2047,31.5246,1.90086,0.33618
5524,400,10,5,61,1,0,0,1,148.317,0.05,0.15,2048,31.5246,1.43182,0.33618
5525,400,10,5,32,1,0,0,1,126.717,0.05,0.15,2048,31.5246,1.23327,0.33618
5526,400,5,5,34,0,0,0,1,125.026,0.05,0.15,2048,31.5246,1.07394,0.33618
5527,400,4,4,41,0,0,0,1,128.412,0.05,0.15,2048,31.5246,1.10919,0.33626
5528,57,1,1,15,0,1,0,0,-11.569,0.05,0.15,2048,31.5246,2.23858,0.33626
5529,20,0,0,6,0,1,0,0,-23.579,0.05,0.15,2048,31.5246,4.09604,0.33626
5530,181,4,4,44,0,1,0,0,51.21,0.05,0.15,2049,31.5246,2.00654,0.33626
5531,147,7,2,30,1,1,0,0,46.627,0.05,0.15,2049,31.5246,1.88288,0.33626
5532,138,2,2,29,0,1,0,0,28.559,0.05,0.15,2049,31.5246,1.78583,0.33626
5533,400,4,4,55,0,0,0,1,117.026,0.05,0.15,2049,31.5246,1.34959,0.33626
5534,400,2,2,23,0,0,0,1,85.22,0.05,0.15,2049,31.5246,1.07253,0.33626
5535,400,8,3,36,1,0,0,1,119.078,0.05,0.15,2049,31.5246,1.28283,0.33634
5536,253,4,4,35,0,1,1,0,52.68,0.05,0.15,2049,31.5246,1.53784,0.33634
5537,400,2,2,21,0,0,0,1,73.795,0.05,0.15,2049,31.5246,1.2319,0.33634
5538,20,1,1,5,0,1,0,0,-21.535,0.05,0.15,2049,31.5246,3.70838,0.33634
5539,167,2,2,21,0,1,0,0,24.155,0.05,0.15,2049,31.5246,1.42839,0.33634
5540,400,1,1,22,0,0,0,1,70.713,0.05,0.15,2049,31.5246,1.07502,0.33642
5541,400,2,2,29,0,0,1,1,104.665,0.05,0.15,2049,31.5246,0.90038,0.33642
5542,109,1,1,15,0,1,0,0,-9.697,0.05,0.15,2049,31.5246,1.52569,0.33642
5543,231,3,3,24,0,1,1,0,42.209,0.05,0.15,2049,31.5246,1.36062,0.33642
5544,400,2,2,26,0,0,0,1,75.61,0.05,0.15,2049,31.5246,1.21369,0.33642
5545,400,1,1,18,0,0,0,1,61.68,0.05,0.15,2049,31.5246,0.90334,0.33642
5546,400,2,2,19,0,0,0,1,78.571,0.05,0.15,2049,31.5246,1.04727,0.33642
5547,20,0,0,10,0,1,0,0,-18.559,0.05,0.15,2049,31.5246,3.51011,0.33642
5548,400,0,0,24,0,0,0,1,85.549,0.05,0.15,2049,31.5246,1.02949,0.33642
5549,73,3,3,11,0,1,0,0,1.751,0.05,0.15,2049,31.5246,1.91321,0.33651
5550,400,4,4,31,0,0,1,1,104.838,0.05,0.15,2049,31.5246,1.15537,0.33651
5551,34,1,1,14,0,1,0,0,-9.485,0.05,0.15,2049,31.5246,1.94096,0.33651
5552,169,1,1,19,0,1,0,0,20.558,0.05,0.15,2049,31.5246,1.64693,0.33651
5553,253,3,3,25,0,1,1,0,33.744,0.05,0.15,2049,31.5246,1.41549,0.33651
5554,400,0,0,24,0,0,0,1,74.227,0.05,0.15,2049,31.5246,0.96153,0.33651
5555,400,3,3,17,0,0,0,1,67.574,0.05,0.15,2051,31.5246,1.25578,0.33634
5556,400,2,2,27,0,0,0,1,80.139,0.05,0.15,2051,31.5246,1.05988,0.33634
5557,400,3,3,14,0,0,0,1,82.406,0.05,0.15,2051,31.5246,1.29041,0.33634
5558,400,9,4,37,1,0,0,1,128.324,0.05,0.15,2051,31.5246,1.41426,0.33634
5559,78,0,0,17,0,1,0,0,-0.844,0.05,0.15,2051,31.5246,1.5747,0.33634
5560,400,2,2,27,0,0,0,1,102.847,0.05,0.15,2052,31.5246,1.11782,0.33626
5561,400,0,0,12,0,0,0,1,58.113,0.05,0.15,2052,31.5246,1.10717,0.33626
5562,141,0,0,9,0,1,0,0,-6.371,0.05,0.15,2052,31.5246,1.22939,0.33626
5563,41,1,1,13,0,1,0,0,-10.447,0.05,0.15,2052,31.5246,2.36131,0.33626
5564,400,11,6,66,1,0,0,1,170.81,0.05,0.15,2053,31.5246,1.25638,0.33617
5565,27,1,1,9,0,1,0,0,-12.153,0.05,0.15,2053,31.5246,2.22522,0.33617
5566,400,3,3,43,0,0,0,1,126.688,0.05,0.15,2053,31.5246,0.9048,0.33617
5567,20,1,1,10,0,1,0,0,-15.198,0.05,0.15,2053,31.5246,3.76563,0.33617
5568,400,1,1,34,0,0,0,1,100.879,0.05,0.15,2053,31.5246,0.98357,0.33617
5569,5,0,0,3,0,1,0,0,-30.808,0.05,0.15,2053,31.5246,7.49626,0.33617
5570,400,3,3,21,0,0,0,1,91.836,0.05,0.15,2055,31.5246,1.14807,0.33601
5571,400,5,5,39,0,0,0,1,129.679,0.05,0.15,2055,31.5246,1.05896,0.33601
5572,171,5,5,27,0,1,0,0,50.836,0.05,0.15,2055,31.5246,1.61563,0.33601
5573,102,2,2,20,0,1,1,0,12.812,0.05,0.15,2055,31.5246,2.47013,0.33601
5574,400,9,4,41,1,0,1,1,126.679,0.05,0.15,2055,31.5246,1.38745,0.33601
5575,400,6,1,26,1,0,0,1,101.361,0.05,0.15,2055,31.5246,1.25442,0.33601
5576,400,3,3,33,0,0,0,1,101.362,0.05,0.15,2055,31.5246,1.10953,0.33601
5577,400,1,1,33,0,0,0,1,94.604,0.05,0.15,2055,31.5246,1.01244,0.33601
5578,134,2,2,32,0,1,0,0,22.461,0.05,0.15,2055,31.5246,1.56149,0.33601
5579,400,7,2,42,1,0,1,1,133.902,0.05,0.15,2055,31.5246,1.18486,0.33601
5580,107,2,2,21,0,1,0,0,11.191,0.05,0.15,2055,31.5246,2.20079,0.33601
5581,52,0,0,10,0,1,0,0,-12.283,0.05,0.15,2055,31.5246,1.51033,0.33601
5582,400,7,2,36,1,0,0,1,127.689,0.05,0.15,2056,31.5246,1.21681,0.33593
5583,400,7,2,26,1,0,0,1,106.803,0.05,0.15,2056,31.5246,1.09306,0.33593
5584,400,7,2,41,1,0,0,1,113.394,0.05,0.15,2056,31.5246,1.43069,0.33593
5585,80,0,0,8,0,1,0,0,-13.161,0.05,0.15,2056,31.5246,1.43718,0.33593
5586,400,3,3,52,0,0,0,1,113.373,0.05,0.15,2056,31.5246,1.27706,0.33593
5587,227,5,5,46,0,1,1,0,53.359,0.05,0.15,2056,31.5246,1.7812,0.33593
5588,400,3,3,25,0,0,0,1,92.403,0.05,0.15,2056,31.5246,1.14146,0.33593
5589,94,2,2,25,0,1,0,0,16.391,0.05,0.15,2056,31.5246,1.60695,0.33593
5590,400,9,4,53,1,0,0,1,135.252,0.05,0.15,2056,31.5246,1.38086,0.33593
5591,116,1,1,30,0,1,0,0,16.198,0.05,0.15,2056,31.5246,1.95688,0.33593
5592,400,3,3,35,0,0,0,1,123.863,0.05,0.15,2056,31.5246,1.0916,0.33593
5593,400,8,3,46,1,0,0,1,129.912,0.05,0.15,2057,31.5246,1.3829,0.33585
5594,400,2,2,47,0,0,0,1,111.96,0.05,0.15,2057,31.5246,1.29238,0.33585
5595,400,2,2,36,0,0,0,1,109.92,0.05,0.15,2057,31.5246,1.18729,0.33585
5596,20,0,0,9,0,1,0,0,-18.6,0.05,0.15,2057,31.5246,2.45485,0.33585
5597,376,9,4,48,1,1,1,0,93.558,0.05,0.15,2057,31.5246,1.69338,0.33593
5598,400,2,2,31,0,0,0,1,97.305,0.05,0.15,2057,31.5246,1.05531,0.33593
5599,400,9,4,28,1,0,0,1,111.998,0.05,0.15,2057,31.5246,1.2191,0.33601
5600,400,3,3,32,0,0,0,1,97.263,0.05,0.15,2057,31.5246,1.04265,0.33601
5601,400,3,3,27,0,0,0,1,89.11,0.05,0.15,2057,31.5246,1.23891,0.33601
5602,27,1,1,9,0,1,0,0,-15.024,0.05,0.15,2057,31.5246,2.65225,0.33601
5603,192,8,3,40,1,0,0,0,83.138,0.05,0.15,2057,31.5246,2.07423,0.33601
5604,227,5,5,43,0,1,0,0,54.955,0.05,0.15,2057,31.5246,1.87433,0.33601
5605,334,1,1,33,0,1,0,0,33.927,0.05,0.15,2057,31.5246,1.69429,0.33601
5606,168,0,0,14,0,1,0,0,-4.921,0.05,0.15,2057,31.5246,1.44521,0.33601
5607,400,8,3,31,1,0,0,1,123.34,0.05,0.15,2057,31.5246,1.2733,0.33601
5608,290,2,2,28,0,1,1,0,38.901,0.05,0.15,2057,31.5246,1.48543,0.33601
5609,400,6,1,52,1,0,0,1,123.661,0.05,0.15,2058,31.5246,1.28213,0.33601
5610,400,1,1,34,0,0,0,1,100.594,0.05,0.15,2058,31.5246,1.06879,0.33601
5611,400,5,0,26,1,0,0,1,92.879,0.05,0.15,2059,31.5246,1.0627,0.33592
5612,400,1,1,36,0,0,0,1,88.078,0.05,0.15,2059,31.5246,1.15154,0.33592
5613,373,7,2,13,1,1,2,0,47.396,0.05,0.15,2059,31.5246,1.22469,0.33592
5614,27,0,0,8,0,1,0,0,-19.548,0.05,0.15,2059,31.5246,3.9677,0.33592
5615,400,1,1,36,0,0,1,1,100.676,0.05,0.15,2059,31.5246,1.10244,0.33592
5616,400,7,2,50,1,0,2,1,118.677,0.05,0.15,2059,31.5246,1.41075,0.33592
5617,188,4,4,40,0,1,0,0,48.822,0.05,0.15,2060,31.5246,1.95602,0.33584
5618,149,1,1,35,0,1,0,0,37.355,0.05,0.15,2060,31.5246,1.70536,0.33584
5619,48,2,2,13,0,1,0,0,-1.539,0.05,0.15,2060,31.5246,2.47743,0.33584
5620,231,10,5,37,1,1,1,0,61.285,0.05,0.15,2060,31.5246,2.0901,0.33584
5621,400,3,3,40,0,0,1,1,123.119,0.05,0.15,2060,31.5246,1.27926,0.33584
5622,109,1,1,16,0,1,0,0,7.376,0.05,0.15,2060,31.5246,1.86283,0.33584
5623,115,2,2,27,0,1,0,0,28.67,0.05,0.15,2060,31.5246,2.11062,0.33592
5624,27,1,1,7,0,1,0,0,-16.777,0.05,0.15,2060,31.5246,3.86422,0.33592
5625,400,3,3,28,0,0,0,1,100.332,0.05,0.15,2060,31.5246,1.26155,0.33592
5626,400,1,1,19,0,0,0,1,85.568,0.05,0.15,2060,31.5246,1.27027,0.33592
5627,400,8,3,20,1,0,0,1,106.225,0.05,0.15,2060,31.5246,1.3752,0.33592
5628,400,3,3,27,0,0,0,1,105.88,0.05,0.15,2060,31.5246,0.89661,0.33592
5629,49,1,1,11,0,1,0,0,-7.321,0.05,0.15,2060,31.5246,3.17848,0.336
5630,20,1,1,9,0,1,0,0,-14.807,0.05,0.15,2060,31.5246,2.20083,0.336
5631,13,0,0,4,0,1,0,0,-27.473,0.05,0.15,2060,31.5246,3.6212,0.336
5632,42,1,1,8,0,1,0,0,-10.817,0.05,0.15,2060,31.5246,2.6451,0.336
5633,400,0,0,20,0,0,0,1,87.833,0.05,0.15,2060,31.5246,0.93737,0.336
5634,27,1,1,9,0,1,0,0,-14.459,0.05,0.15,2060,31.5246,3.31329,0.336
5635,193,1,1,13,0,1,0,0,14.799,0.05,0.15,2060,31.5246,1.14773,0.336
5636,75,1,1,16,0,1,0,0,0.76,0.05,0.15,2060,31.5246,1.85073,0.336
5637,148,2,2,35,0,1,0,0,31.845,0.05,0.15,2061,31.5246,2.27903,0.336
5638,51,1,1,7,0,1,0,0,-12.341,0.05,0.15,2061,31.5246,2.52694,0.336
5639,400,8,3,45,1,0,0,1,134.429,0.05,0.15,2061,31.5246,1.38807,0.336
5640,74,0,0,15,0,1,0,0,-3.139,0.05,0.15,2061,31.5246,1.20923,0.336
5641,400,2,2,29,0,0,0,1,87.11,0.05,0.15,2062,31.5246,1.00617,0.33592
5642,400,7,2,43,1,0,1,1,130.983,0.05,0.15,2062,31.5246,1.31842,0.33592
5643,13,0,0,5,0,1,0,0,-27.277,0.05,0.15,2062,31.5246,3.82024,0.33592
5644,38,0,0,8,0,1,0,0,-18.404,0.05,0.15,2062,31.5246,2.57352,0.33592
5645,21,0,0,4,0,1,0,0,-23.226,0.05,0.15,2062,31.5246,3.14056,0.33592
5646,400,2,2,36,0,0,0,1,104.416,0.05,0.15,2062,31.5246,1.20949,0.33592
5647,400,1,1,25,0,0,0,1,97.186,0.05,0.15,2062,31.5246,0.90966,0.33592
5648,379,4,4,33,0,1,0,0,73.137,0.05,0.15,2062,31.5246,1.22951,0.33592
5649,304,11,6,64,1,1,0,0,101.666,0.05,0.15,2062,31.5246,1.91958,0.33592
5650,20,0,0,4,0,1,0,0,-22.567,0.05,0.15,2062,31.5246,2.73582,0.33592
5651,41,1,1,8,0,1,0,0,-12.517,0.05,0.15,2062,31.5246,3.44103,0.33592
5652,400,7,7,41,0,0,0,1,127.757,0.05,0.15,2063,31.5246,1.24075,0.33584
5653,43,1,1,8,0,1,0,0,-11.461,0.05,0.15,2063,31.5246,2.75282,0.33584
5654,69,0,0,4,0,1,0,0,-15.9,0.05,0.15,2063,31.5246,1.1841,0.33584
5655,400,5,0,43,1,0,1,1,117.909,0.05,0.15,2063,31.5246,1.19881,0.33584
5656,400,4,4,41,0,0,0,1,105.803,0.05,0.15,2063,31.5246,1.17324,0.33584
5657,400,1,1,23,0,0,0,1,76.734,0.05,0.15,2063,31.5246,1.08537,0.33584
5658,27,1,1,8,0,1,0,0,-13.685,0.05,0.15,2063,31.5246,2.22687,0.33584
5659,20,0,0,7,0,1,0,0,-20.365,0.05,0.15,2063,31.5246,3.11358,0.33584
5660,155,1,1,20,0,1,0,0,15.283,0.05,0.15,2063,31.5246,1.40359,0.33584
5661,400,2,2,18,0,0,0,1,81.836,0.05,0.15,2063,31.5246,0.88016,0.33584
5662,400,11,6,28,1,0,0,1,106.761,0.05,0.15,2063,31.5246,1.43436,0.33584
5663,146,0,0,9,0,1,0,0,-0.54,0.05,0.15,2063,31.5246,1.12793,0.33584
5664,27,0,0,10,0,1,0,0,-15.652,0.05,0.15,2063,31.5246,2.21332,0.33584
5665,400,9,4,64,1,0,0,1,143.655,0.05,0.15,2063,31.5246,1.46076,0.33584
5666,400,5,5,43,0,0,0,1,112.912,0.05,0.15,2064,31.5246,1.43921,0.33576
5667,85,2,2,27,0,1,0,0,12.467,0.05,0.15,2064,31.5246,2.19295,0.33576
5668,34,2,2,12,0,1,0,0,-8.726,0.05,0.15,2064,31.5246,3.49389,0.33576
5669,400,3,3,22,0,0,0,1,80.957,0.05,0.15,2064,31.5246,1.32232,0.33576
5670,165,2,2,15,0,1,0,0,11.372,0.05,0.15,2064,31.5246,1.50649,0.33576
5671,166,5,5,28,0,1,1,0,41.992,0.05,0.15,2064,31.5246,2.04194,0.33576
5672,400,6,1,29,1,0,0,1,103.928,0.05,0.15,2064,31.5246,1.47003,0.33576
5673,400,0,0,28,0,0,1,1,74.434,0.05,0.15,2064,31.5246,1.30551,0.33576
5674,28,0,0,5,0,1,0,0,-21.473,0.05,0.15,2064,31.5246,3.58154,0.33576
5675,41,0,0,10,0,1,0,0,-17.87,0.05,0.15,2064,31.5246,2.68995,0.33576
5676,400,9,4,39,1,0,0,1,110.093,0.05,0.15,2064,31.5246,1.47487,0.33576
5677,400,2,2,19,0,0,0,1,88.48,0.05,0.15,2064,31.5246,0.96671,0.33576
5678,400,4,4,45,0,0,0,1,131.073,0.05,0.15,2064,31.5246,0.90231,0.33576
5679,136,0,0,22,0,1,1,0,5.459,0.05,0.15,2065,31.5246,1.72501,0.33575
5680,160,1,1,12,0,1,1,0,-18.046,0.05,0.15,2065,31.5246,2.09344,0.33575
5681,400,9,4,58,1,0,0,1,140.049,0.05,0.15,2066,31.5246,1.41096,0.33567
5682,400,3,3,38,0,0,0,1,126.378,0.05,0.15,2066,31.5246,1.14411,0.33567
5683,234,8,3,36,1,1,0,0,44.543,0.05,0.15,2067,31.5246,1.88477,0.33559
5684,19,1,1,4,0,1,0,0,-19.433,0.05,0.15,2067,31.5246,2.87744,0.33559
5685,20,0,0,9,0,1,0,0,-19.569,0.05,0.15,2067,31.5246,3.67909,0.33559
5686,400,4,4,50,0,0,0,1,117.499,0.05,0.15,2067,31.5246,1.42013,0.33559
5687,400,9,4,40,1,0,1,1,116.125,0.05,0.15,2067,31.5246,1.49633,0.33559
5688,167,1,1,18,0,1,0,0,16.367,0.05,0.15,2068,31.5246,1.78095,0.33551
5689,400,11,6,43,1,0,0,1,126.507,0.05,0.15,2069,31.5246,1.42103,0.33551
5690,363,1,1,22,0,1,1,0,8.044,0.05,0.15,2069,31.5246,1.45385,0.33551
5691,327,2,2,37,0,1,0,0,46.404,0.05,0.15,2069,31.5246,1.18121,0.33551
5692,6,0,0,1,0,1,0,0,-26.456,0.05,0.15,2069,31.5246,1.23676,0.33551
5693,27,1,1,7,0,1,0,0,-16.102,0.05,0.15,2069,31.5246,3.39722,0.33551
5694,400,3,3,16,0,0,1,1,84.786,0.05,0.15,2069,31.5246,1.14328,0.33551
5695,20,1,1,6,0,1,0,0,-21.191,0.05,0.15,2069,31.5246,4.02635,0.33551
5696,104,0,0,14,0,1,0,0,-1.22,0.05,0.15,2069,31.5246,2.13575,0.33551
5697,400,4,4,38,0,0,0,1,106.052,0.05,0.15,2069,31.5246,1.01498,0.33551
5698,400,3,3,47,0,0,0,1,115.972,0.05,0.15,2069,31.5246,1.04152,0.33559
5699,35,0,0,8,0,1,0,0,-16.371,0.05,0.15,2069,31.5246,3.28268,0.33559
5700,40,1,1,12,0,1,0,0,-10.521,0.05,0.15,2069,31.5246,2.78864,0.33559
5701,400,3,3,50,0,0,0,1,108.037,0.05,0.15,2070,31.5246,1.49379,0.33567
5702,57,1,1,9,0,1,0,0,-11.819,0.05,0.15,2070,31.5246,1.95538,0.33567
5703,195,1,1,14,0,1,0,0,12.048,0.05,0.15,2070,31.5246,1.6184,0.33567
5704,400,5,0,25,1,0,1,1,91.451,0.05,0.15,2071,31.5246,1.20972,0.33559
5705,400,3,3,27,0,0,1,1,84.842,0.05,0.15,2071,31.5246,1.07261,0.33559
5706,73,2,2,16,0,1,0,0,5.543,0.05,0.15,2071,31.5246,1.83674,0.33559
5707,52,0,0,6,0,1,0,0,-17.161,0.05,0.15,2071,31.5246,1.49049,0.33559
5708,400,9,4,39,1,0,0,1,119.571,0.05,0.15,2071,31.5246,1.14572,0.33559
5709,400,4,4,21,0,0,0,1,92.477,0.05,0.15,2071,31.5246,1.04218,0.33559
5710,21,0,0,4,0,1,0,0,-20.073,0.05,0.15,2071,31.5246,2.57687,0.33559
5711,400,9,4,34,1,0,0,1,117.528,0.05,0.15,2071,31.5246,1.23957,0.33559
5712,199,2,2,24,0,1,0,0,33.967,0.05,0.15,2071,31.5246,1.46617,0.33559
5713,400,4,4,22,0,0,0,1,90.014,0.05,0.15,2071,31.5246,1.28737,0.33559
5714,400,4,4,33,0,0,0,1,91.407,0.05,0.15,2071,31.5246,1.09678,0.33559
5715,213,2,2,26,0,1,0,0,25.269,0.05,0.15,2071,31.5246,1.63725,0.33559
5716,400,1,1,22,0,0,0,1,86.055,0.05,0.15,2071,31.5246,1.12433,0.33559
5717,183,1,1,8,0,1,0,0,-14.241,0.05,0.15,2071,31.5246,1.10207,0.33559
5718,252,3,3,42,0,1,0,0,56.228,0.05,0.15,2072,31.5246,1.64125,0.33551
5719,181,1,1,20,0,1,0,0,13.928,0.05,0.15,2073,31.5246,1.59383,0.33542
5720,112,3,3,7,0,1,0,0,1.267,0.05,0.15,2073,31.5246,1.95592,0.33542
5721,400,2,2,30,0,0,0,1,95.232,0.05,0.15,2073,31.5246,1.00465,0.33542
5722,42,0,0,11,0,1,0,0,-15.099,0.05,0.15,2073,31.5246,2.3027,0.33542
5723,400,3,3,38,0,0,0,1,106.289,0.05,0.15,2073,31.5246,1.09825,0.33542
5724,400,7,2,37,1,0,0,1,115.335,0.05,0.15,2073,31.5246,1.27212,0.33542
5725,20,0,0,7,0,1,0,0,-20.765,0.05,0.15,2073,31.5246,3.45606,0.33542
5726,400,4,4,33,0,0,0,1,101.084,0.05,0.15,2075,31.5246,1.07468,0.33526
5727,176,3,3,34,0,1,0,0,38.349,0.05,0.15,2075,31.5246,1.69941,0.33526
5728,400,7,2,30,1,0,0,1,116.769,0.05,0.15,2075,31.5246,1.07419,0.33526
5729,400,3,3,41,0,0,1,1,114.672,0.05,0.15,2075,31.5246,1.19911,0.33526
5730,400,8,3,30,1,0,1,1,104.272,0.05,0.15,2075,31.5246,1.2081,0.33526
5731,400,12,7,51,1,0,0,1,145.691,0.05,0.15,2075,31.5246,1.43256,0.33526
5732,71,1,1,19,0,1,0,0,3.002,0.05,0.15,2075,31.5246,1.86864,0.33526
5733,13,0,0,4,0,1,0,0,-27.877,0.05,0.15,2075,31.5246,3.8742,0.33526
5734,400,4,4,36,0,0,0,1,122.554,0.05,0.15,2075,31.5246,1.04003,0.33526
5735,400,3,3,27,0,0,0,1,86.049,0.05,0.15,2075,31.5246,1.09674,0.33526
5736,19,0,0,6,0,1,0,0,-23.087,0.05,0.15,2075,31.5246,3.72835,0.33526
5737,135,0,0,20,0,1,0,0,7.759,0.05,0.15,2075,31.5246,1.28989,0.33526
5738,209,3,3,26,0,1,0,0,37.931,0.05,0.15,2075,31.5246,1.3909,0.33526
5739,400,6,1,30,1,0,0,1,105.657,0.05,0.15,2075,31.5246,1.23874,0.33526
5740,347,2,2,21,0,1,0,0,42.586,0.05,0.15,2075,31.5246,1.2498,0.33526
5741,183,2,2,19,0,1,1,0,27.714,0.05,0.15,2075,31.5246,1.48704,0.33526
5742,128,1,1,14,0,1,0,0,1.217,0.05,0.15,2075,31.5246,1.76641,0.33526
5743,400,2,2,31,0,0,0,1,69.942,0.05,0.15,2075,31.5246,1.21825,0.33526
5744,213,2,2,25,0,1,0,0,16.883,0.05,0.15,2075,31.5246,1.37042,0.33526
5745,400,2,2,38,0,0,0,1,80.365,0.05,0.15,2076,31.5246,1.32563,0.33518
5746,400,3,3,27,0,0,1,1,82.952,0.05,0.15,2076,31.5246,1.23573,0.33534
5747,400,3,3,30,0,0,0,1,96.436,0.05,0.15,2077,31.5246,1.13917,0.33526
5748,43,1,1,12,0,1,0,0,-7.678,0.05,0.15,2077,31.5246,2.26069,0.33526
5749,400,2,2,17,0,0,0,1,105.086,0.05,0.15,2077,31.5246,0.94118,0.33534
5750,400,1,1,27,0,0,0,1,93.735,0.05,0.15,2077,31.5246,1.48942,0.33534
5751,400,3,3,43,0,0,0,1,122.454,0.05,0.15,2077,31.5246,1.17017,0.33534
5752,400,4,4,31,0,0,0,1,105.744,0.05,0.15,2077,31.5246,1.09547,0.33534
5753,400,5,5,39,0,0,0,1,124.858,0.05,0.15,2077,31.5246,1.27829,0.33542
5754,400,8,3,50,1,0,1,1,138.01,0.05,0.15,2077,31.5246,1.3727,0.3355
5755,29,1,1,7,0,1,0,0,-16.211,0.05,0.15,2077,31.5246,3.84316,0.3355
5756,56,1,1,12,0,1,0,0,-7.155,0.05,0.15,2077,31.5246,1.67992,0.3355
5757,316,4,4,48,0,1,1,0,78.18,0.05,0.15,2077,31.5246,1.64294,0.3355
5758,400,5,5,45,0,0,0,1,123.34,0.05,0.15,2077,31.5246,1.16001,0.3355
5759,54,0,0,9,0,1,0,0,-13.439,0.05,0.15,2077,31.5246,1.44775,0.3355
5760,138,1,1,20,0,1,0,0,12.675,0.05,0.15,2077,31.5246,1.57156,0.3355
5761,81,0,0,7,0,1,0,0,-2.337,0.05,0.15,2077,31.5246,1.93418,0.3355
5762,400,9,4,43,1,0,0,1,125.498,0.05,0.15,2078,31.5246,1.39628,0.33542
5763,105,1,1,12,0,1,0,0,-3.532,0.05,0.15,2078,31.5246,1.88746,0.3355
5764,400,1,1,24,0,0,1,1,92.767,0.05,0.15,2078,31.5246,1.16641,0.3355
5765,34,2,2,10,0,1,0,0,-7.311,0.05,0.15,2078,31.5246,2.66232,0.3355
5766,400,1,1,34,0,0,0,1,81.896,0.05,0.15,2078,31.5246,1.15609,0.3355
5767,20,0,0,8,0,1,0,0,-22.581,0.05,0.15,2078,31.5246,3.20476,0.3355
5768,400,1,1,36,0,0,0,1,98.257,0.05,0.15,2078,31.5246,1.22564,0.3355
5769,400,4,4,22,0,0,1,1,104.27,0.05,0.15,2078,31.5246,1.03012,0.3355
5770,20,0,0,7,0,1,0,0,-20.409,0.05,0.15,2078,31.5246,3.22619,0.3355
5771,400,3,3,36,0,0,0,1,109.096,0.05,0.15,2078,31.5246,1.10626,0.3355
5772,400,1,1,34,0,0,0,1,98.041,0.05,0.15,2078,31.5246,1.3014,0.3355
5773,400,4,4,39,0,0,0,1,109.863,0.05,0.15,2078,31.5246,1.38469,0.3355
5774,113,1,1,17,0,1,0,0,3.071,0.05,0.15,2078,31.5246,1.67364,0.3355
5775,400,5,0,26,1,0,0,1,92.75,0.05,0.15,2078,31.5246,1.39292,0.3355
5776,34,0,0,10,0,1,0,0,-16.077,0.05,0.15,2078,31.5246,1.64389,0.3355
5777,400,4,4,25,0,0,0,1,108.448,0.05,0.15,2078,31.5246,1.01472,0.3355
5778,400,2,2,54,0,0,0,1,115.487,0.05,0.15,2078,31.5246,1.29813,0.3355
5779,400,3,3,27,0,0,0,1,107.985,0.05,0.15,2078,31.5246,1.45351,0.33558
5780,400,9,4,32,1,0,0,1,111.96,0.05,0.15,2078,31.5246,1.42006,0.33558
5781,20,0,0,7,0,1,0,0,-22.273,0.05,0.15,2078,31.5246,3.49056,0.33558
5782,400,6,6,32,0,0,0,1,99.729,0.05,0.15,2078,31.5246,1.22903,0.33566
5783,191,2,2,23,0,1,0,0,20.023,0.05,0.15,2078,31.5246,1.39927,0.33566
5784,205,0,0,13,0,1,0,0,10.632,0.05,0.15,2078,31.5246,1.22659,0.33566
5785,226,5,0,27,1,1,2,0,36.321,0.05,0.15,2079,31.5246,1.51437,0.33558
5786,400,10,5,20,1,0,0,1,116.786,0.05,0.15,2079,31.5246,1.1407,0.33558
5787,71,1,1,10,0,1,0,0,-5.152,0.05,0.15,2079,31.5246,1.64808,0.33558
5788,400,3,3,36,0,0,0,1,109.944,0.05,0.15,2081,31.5246,1.16741,0.3355
5789,12,0,0,3,0,1,0,0,-28.823,0.05,0.15,2081,31.5246,5.40831,0.3355
5790,226,3,3,24,0,1,1,0,39.287,0.05,0.15,2081,31.5246,1.47725,0.3355
5791,20,0,0,9,0,1,0,0,-18.633,0.05,0.15,2081,31.5246,3.43952,0.3355
5792,115,1,1,5,0,1,0,0,-8.144,0.05,0.15,2081,31.5246,1.4354,0.3355
5793,49,3,3,14,0,1,0,0,-2.91,0.05,0.15,2081,31.5246,2.70046,0.3355
5794,400,4,4,44,0,0,0,1,114.318,0.05,0.15,2081,31.5246,1.15887,0.3355
5795,400,3,3,42,0,0,0,1,108.362,0.05,0.15,2081,31.5246,1.18892,0.3355
5796,400,1,1,21,0,0,0,1,79.372,0.05,0.15,2081,31.5246,1.03219,0.3355
5797,400,4,4,42,0,0,0,1,115.397,0.05,0.15,2082,31.5246,1.17752,0.33549
5798,391,9,4,55,1,1,0,0,109.694,0.05,0.15,2084,31.5246,1.81101,0.33533
5799,122,1,1,51,0,1,0,0,28.578,0.05,0.15,2085,31.5246,1.99467,0.33525
5800,400,4,4,43,0,0,0,1,120.461,0.05,0.15,2087,31.5246,1.15946,0.33517
5801,400,3,3,33,0,0,0,1,115.235,0.05,0.15,2087,31.5246,0.96372,0.33517
5802,400,4,4,38,0,0,0,1,113.838,0.05,0.15,2087,31.5246,1.12522,0.33517
5803,208,13,8,60,1,1,0,0,93.635,0.05,0.15,2087,31.5246,2.26362,0.33517
5804,400,2,2,36,0,0,0,1,104.449,0.05,0.15,2087,31.5246,1.24343,0.33517
5805,400,4,4,31,0,0,0,1,110.804,0.05,0.15,2087,31.5246,1.01532,0.33517
5806,41,0,0,8,0,1,0,0,-15.271,0.05,0.15,2087,31.5246,2.72476,0.33517
5807,67,1,1,12,0,1,0,0,-10.308,0.05,0.15,2087,31.5246,1.92268,0.33517
5808,400,2,2,41,0,0,0,1,104.772,0.05,0.15,2087,31.5246,1.06706,0.33517
5809,117,0,0,31,0,1,0,0,8.197,0.05,0.15,2087,31.5246,1.76207,0.33517
5810,27,0,0,7,0,1,0,0,-19.116,0.05,0.15,2087,31.5246,3.75025,0.33517
5811,400,7,2,47,1,0,1,1,125.569,0.05,0.15,2088,31.5246,1.39371,0.33509
5812,400,17,7,70,2,0,1,1,177.617,0.05,0.15,2088,31.5246,1.681,0.33509
5813,400,5,5,37,0,0,0,1,129.424,0.05,0.15,2088,31.5246,1.19052,0.33509
5814,400,2,2,32,0,0,0,1,105.083,0.05,0.15,2088,31.5246,1.13411,0.33517
5815,162,2,2,29,0,1,0,0,28.31,0.05,0.15,2088,31.5246,1.90398,0.33517
5816,400,3,3,33,0,0,0,1,95.197,0.05,0.15,2088,31.5246,1.20395,0.33517
5817,400,2,2,22,0,0,2,1,92.409,0.05,0.15,2088,31.5246,1.20278,0.33517
5818,400,1,1,26,0,0,0,1,87.105,0.05,0.15,2089,31.5246,1.26193,0.33525
5819,400,10,5,47,1,0,1,1,133.937,0.05,0.15,2089,31.5246,1.43712,0.33541
5820,400,10,5,45,1,0,0,1,145.681,0.05,0.15,2089,31.5246,1.43478,0.33541
5821,400,2,2,12,0,0,0,1,77.078,0.05,0.15,2092,31.5246,1.47702,0.33517
5822,64,0,0,16,0,1,0,0,-0.615,0.05,0.15,2092,31.5246,1.47587,0.33517
5823,34,4,4,11,0,1,0,0,-4.408,0.05,0.15,2092,31.5246,3.64281,0.33517
5824,400,1,1,18,0,0,0,1,85.161,0.05,0.15,2092,31.5246,1.04478,0.33517
5825,400,1,1,31,0,0,0,1,82.102,0.05,0.15,2092,31.5246,0.84134,0.33517
5826,400,3,3,28,0,0,1,1,109.019,0.05,0.15,2092,31.5246,1.01524,0.33517
5827,400,3,3,21,0,0,0,1,74.731,0.05,0.15,2092,31.5246,1.00411,0.33517
5828,109,0,0,22,0,1,0,0,2.466,0.05,0.15,2092,31.5246,1.7482,0.33517
5829,400,1,1,32,0,0,0,1,74.143,0.05,0.15,2092,31.5246,1.29213,0.33517
5830,400,5,5,41,0,0,1,1,112.344,0.05,0.15,2092,31.5246,1.31905,0.33517
5831,5,0,0,4,0,1,0,0,-32.806,0.05,0.15,2092,31.5246,2.7928,0.33517
5832,400,3,3,32,0,0,0,1,108.841,0.05,0.15,2092,31.5246,1.21588,0.33517
5833,41,0,0,16,0,1,0,0,-9.894,0.05,0.15,2092,31.5246,1.75928,0.33517
5834,400,0,0,19,0,0,1,1,58.354,0.05,0.15,2092,31.5246,1.0213,0.33525
5835,400,9,4,34,1,0,0,1,124.242,0.05,0.15,2092,31.5246,1.22645,0.33525
5836,121,2,2,18,0,1,0,0,11.104,0.05,0.15,2092,31.5246,1.91658,0.33533
5837,400,1,1,25,0,0,0,1,90.344,0.05,0.15,2092,31.5246,1.06681,0.33533
5838,400,13,3,45,2,0,0,1,135.737,0.05,0.15,2092,31.5246,1.31204,0.33533
5839,400,3,3,32,0,0,1,1,95.289,0.05,0.15,2092,31.5246,1.10039,0.33533
5840,400,3,3,41,0,0,0,1,111.876,0.05,0.15,2092,31.5246,1.13275,0.33533
5841,400,6,6,45,0,0,1,1,105.514,0.05,0.15,2092,31.5246,0.91785,0.33533
5842,255,1,1,43,0,1,2,0,41.069,0.05,0.15,2092,31.5246,1.49497,0.3354
5843,400,3,3,23,0,0,0,1,91.391,0.05,0.15,2092,31.5246,1.01977,0.3354
5844,400,7,2,41,1,0,1,1,103.583,0.05,0.15,2092,31.5246,1.00464,0.33548
5845,400,0,0,24,0,0,1,1,72.137,0.05,0.15,2092,31.5246,1.12218,0.33548
5846,400,7,2,37,1,0,2,1,109.333,0.05,0.15,2092,31.5246,1.29856,0.33548
5847,27,0,0,10,0,1,0,0,-16.005,0.05,0.15,2092,31.5246,1.36917,0.33548
5848,71,1,1,7,0,1,0,0,-11.759,0.05,0.15,2092,31.5246,2.45534,0.33548
5849,400,8,3,48,1,0,0,1,128.579,0.05,0.15,2092,31.5246,1.39473,0.33548
5850,27,0,0,10,0,1,0,0,-16.754,0.05,0.15,2092,31.5246,2.83262,0.33548
5851,400,0,0,25,0,0,0,1,77.066,0.05,0.15,2092,31.5246,1.11698,0.33548
5852,400,10,5,27,1,0,0,1,121.89,0.05,0.15,2092,31.5246,1.25255,0.33548
5853,116,4,4,21,0,1,0,0,20.103,0.05,0.15,2092,31.5246,2.11448,0.33548
5854,5,0,0,3,0,1,0,0,-25.454,0.05,0.15,2092,31.5246,6.0338,0.33548
5855,400,10,5,52,1,0,1,1,116.052,0.05,0.15,2092,31.5246,1.67089,0.33548
5856,20,0,0,6,0,1,0,0,-24.528,0.05,0.15,2092,31.5246,3.99948,0.33548
5857,28,1,1,14,0,1,0,0,-14.573,0.05,0.15,2092,31.5246,3.33379,0.33548
5858,400,8,3,47,1,0,0,1,100.368,0.05,0.15,2092,31.5246,1.36252,0.33548
5859,102,2,2,29,0,1,0,0,2.649,0.05,0.15,2092,31.5246,2.56687,0.33548
5860,19,0,0,8,0,1,0,0,-22.48,0.05,0.15,2092,31.5246,3.02243,0.33548
5861,35,0,0,14,0,1,0,0,-20.416,0.05,0.15,2092,31.5246,3.37197,0.33548
5862,400,5,5,48,0,0,0,1,107.156,0.05,0.15,2094,31.5246,1.54963,0.33532
5863,27,0,0,8,0,1,0,0,-22.664,0.05,0.15,2094,31.5246,4.47755,0.33532
5864,27,1,1,7,0,1,0,0,-19.962,0.05,0.15,2094,31.5246,4.31604,0.33532
5865,21,0,0,6,0,1,0,0,-27.761,0.05,0.15,2094,31.5246,4.65482,0.33532
5866,13,0,0,5,0,1,0,0,-25.773,0.05,0.15,2094,31.5246,5.94911,0.33532
5867,14,0,0,5,0,1,0,0,-27.026,0.05,0.15,2094,31.5246,4.21186,0.33532
5868,400,8,3,48,1,0,0,1,133.58,0.05,0.15,2094,31.5246,1.74604,0.33532
5869,132,1,1,15,0,1,0,0,13.841,0.05,0.15,2094,31.5246,1.72393,0.33532
5870,400,3,3,29,0,0,0,1,93.294,0.05,0.15,2094,31.5246,1.35143,0.33532
5871,13,0,0,5,0,1,0,0,-22.323,0.05,0.15,2094,31.5246,3.54272,0.33532
5872,96,3,3,32,0,1,0,0,30.054,0.05,0.15,2094,31.5246,2.30996,0.3354
5873,162,5,5,47,0,1,1,0,56.99,0.05,0.15,2094,31.5246,2.22118,0.3354
5874,116,1,1,50,0,1,0,0,33.987,0.05,0.15,2094,31.5246,2.42721,0.33548
5875,49,2,2,22,0,1,0,0,-0.988,0.05,0.15,2094,31.5246,2.93026,0.33548
5876,400,8,3,63,1,0,1,1,143.43,0.05,0.15,2094,31.5246,1.96553,0.33548
5877,400,12,7,56,1,0,0,1,166.055,0.05,0.15,2094,31.5246,1.67206,0.33548
5878,400,2,2,36,0,0,0,1,92.223,0.05,0.15,2094,31.5246,1.42363,0.33548
5879,21,1,1,11,0,1,0,0,-14.357,0.05,0.15,2094,31.5246,2.67906,0.33548
5880,400,5,0,39,1,0,1,1,138.352,0.05,0.15,2094,31.5246,1.39545,0.33556
5881,400,1,1,19,0,0,0,1,87.889,0.05,0.15,2094,31.5246,1.37758,0.33564
5882,400,10,5,45,1,0,0,1,138.392,0.05,0.15,2094,31.5246,1.49599,0.33572
5883,253,8,3,46,1,1,0,0,76.421,0.05,0.15,2094,31.5246,1.66105,0.33572
5884,365,8,3,31,1,1,0,0,86.855,0.05,0.15,2094,31.5246,1.59571,0.33572
5885,400,1,1,26,0,0,0,1,109.311,0.05,0.15,2094,31.5246,1.02931,0.33572
5886,400,6,6,53,0,0,0,1,141.638,0.05,0.15,2094,31.5246,1.13495,0.33572
5887,400,10,5,28,1,0,1,1,113.413,0.05,0.15,2094,31.5246,1.54259,0.33572
5888,164,0,0,40,0,0,2,0,42.284,0.05,0.15,2095,31.5246,1.90256,0.33572
5889,195,1,1,41,0,0,0,0,58.727,0.05,0.15,2095,31.5246,1.54187,0.33572
5890,98,1,1,31,0,1,0,0,18.201,0.05,0.15,2095,31.5246,1.62563,0.33572
5891,400,1,1,32,0,0,0,1,100.751,0.05,0.15,2095,31.5246,1.35848,0.33572
5892,400,9,4,54,1,0,0,1,151.155,0.05,0.15,2095,31.5246,1.31509,0.3358
5893,99,4,4,23,0,1,0,0,18.619,0.05,0.15,2095,31.5246,2.40911,0.33596
5894,400,7,2,32,1,0,0,1,114.64,0.05,0.15,2095,31.5246,1.19838,0.33604
5895,400,2,2,49,0,0,0,1,125.045,0.05,0.15,2095,31.5246,1.04004,0.33604
5896,400,2,2,31,0,0,0,1,92.458,0.05,0.15,2095,31.5246,1.15303,0.33604
5897,400,9,4,52,1,0,1,1,148.062,0.05,0.15,2095,31.5246,1.35028,0.33604
5898,34,1,1,16,0,1,0,0,-10.733,0.05,0.15,2095,31.5246,2.89504,0.33604
5899,400,2,2,33,0,0,0,1,108.173,0.05,0.15,2095,31.5246,1.1588,0.33604
5900,41,0,0,16,0,1,0,0,-8.738,0.05,0.15,2095,31.5246,2.5951,0.33604
5901,400,7,2,43,1,0,0,1,142.455,0.05,0.15,2095,31.5246,1.16828,0.33604
5902,400,10,5,52,1,0,0,1,142.431,0.05,0.15,2096,31.5246,1.62471,0.33612
5903,400,15,5,69,2,0,0,1,177.62,0.05,0.15,2096,31.5246,1.52032,0.33612
5904,272,4,4,43,0,1,0,0,66.733,0.05,0.15,2096,31.5246,1.81523,0.33612
5905,400,2,2,27,0,0,0,1,100.514,0.05,0.15,2096,31.5246,1.05163,0.33612
5906,400,0,0,31,0,0,0,1,87.854,0.05,0.15,2096,31.5246,1.12346,0.33612
5907,400,9,4,41,1,0,0,1,160.31,0.05,0.15,2096,31.5246,1.12981,0.33612
5908,81,1,1,26,0,1,0,0,12.641,0.05,0.15,2096,31.5246,1.75454,0.33612
5909,400,3,3,46,0,0,0,1,118.844,0.05,0.15,2096,31.5246,1.25107,0.33612
5910,56,1,1,18,0,1,0,0,-6.048,0.05,0.15,2096,31.5246,2.80541,0.33612
5911,195,2,2,35,0,1,1,0,44.753,0.05,0.15,2096,31.5246,1.72311,0.33612
5912,29,0,0,8,0,1,0,0,-18.232,0.05,0.15,2096,31.5246,3.02363,0.33612
5913,136,7,2,39,1,1,0,0,54.912,0.05,0.15,2096,31.5246,2.24424,0.33612
5914,100,0,0,22,0,1,0,0,2.954,0.05,0.15,2096,31.5246,2.20444,0.33612
5915,400,1,1,29,0,0,0,1,116.094,0.05,0.15,2096,31.5246,0.90667,0.33612
5916,123,2,2,47,0,0,0,0,50.406,0.05,0.15,2097,31.5246,2.11125,0.33604
5917,5,0,0,2,0,1,0,0,-26.052,0.05,0.15,2097,31.5246,11.87559,0.33604
5918,49,2,2,16,0,1,0,0,-3.396,0.05,0.15,2097,31.5246,2.56843,0.33604
5919,400,3,3,39,0,0,1,1,114.346,0.05,0.15,2097,31.5246,1.01932,0.33604
5920,141,1,1,18,0,1,0,0,15.229,0.05,0.15,2097,31.5246,1.79982,0.33604
5921,400,10,5,65,1,0,0,1,167.128,0.05,0.15,2097,31.5246,1.32153,0.33604
5922,400,8,3,52,1,0,0,1,155.167,0.05,0.15,2097,31.5246,1.15574,0.33604
5923,400,7,2,34,1,0,0,1,122.744,0.05,0.15,2097,31.5246,1.23667,0.33604
5924,244,8,3,58,1,1,0,0,87.228,0.05,0.15,2097,31.5246,1.85989,0.33604
5925,121,1,1,21,0,1,2,0,3.811,0.05,0.15,2098,31.5246,2.34949,0.33603
5926,400,5,5,53,0,0,0,1,137.003,0.05,0.15,2098,31.5246,1.02486,0.33603
5927,400,4,4,33,0,0,0,1,99.998,0.05,0.15,2098,31.5246,1.02729,0.33603
5928,400,7,2,35,1,0,0,1,131.322,0.05,0.15,2098,31.5246,1.1809,0.33603
5929,400,7,2,31,1,0,0,1,121.465,0.05,0.15,2098,31.5246,1.39504,0.33603
5930,224,2,2,34,0,1,0,0,40.105,0.05,0.15,2098,31.5246,1.87342,0.33603
5931,310,14,4,54,2,0,0,1,129.933,0.05,0.15,2098,31.5246,1.7044,0.33603
5932,400,1,1,39,0,0,0,1,116.85,0.05,0.15,2098,31.5246,1.12253,0.33603
5933,193,1,1,30,0,1,0,0,23.215,0.05,0.15,2098,31.5246,1.79253,0.33603
5934,118,7,2,28,1,1,0,0,23.276,0.05,0.15,2098,31.5246,2.84448,0.33603
5935,400,4,4,20,0,0,0,1,74.074,0.05,0.15,2098,31.5246,1.49007,0.33603
5936,13,0,0,4,0,1,0,0,-26.375,0.05,0.15,2098,31.5246,6.95115,0.33603
5937,240,8,3,41,1,1,0,0,61.033,0.05,0.15,2098,31.5246,1.90785,0.33603
5938,97,1,1,24,0,1,0,0,7.341,0.05,0.15,2098,31.5246,1.9049,0.33603
5939,35,0,0,3,0,1,0,0,-22.505,0.05,0.15,2098,31.5246,2.34152,0.33603
5940,400,3,3,36,0,0,0,1,101.929,0.05,0.15,2098,31.5246,1.12405,0.33603
5941,346,6,6,44,0,1,1,0,64.83,0.05,0.15,2098,31.5246,1.34736,0.33619
5942,195,2,2,34,0,1,0,0,26.02,0.05,0.15,2098,31.5246,1.58537,0.33619
5943,400,7,2,26,1,0,0,1,92.709,0.05,0.15,2098,31.5246,0.98219,0.33619
5944,400,3,3,23,0,0,0,1,74.958,0.05,0.15,2098,31.5246,1.02877,0.33619
5945,400,2,2,30,0,0,0,1,97.325,0.05,0.15,2098,31.5246,1.02152,0.33619
5946,40,2,2,10,0,1,0,0,-7.502,0.05,0.15,2098,31.5246,2.22129,0.33619
5947,182,2,2,23,0,1,0,0,26.876,0.05,0.15,2098,31.5246,1.39629,0.33619
5948,197,2,2,37,0,1,0,0,36.331,0.05,0.15,2098,31.5246,1.46903,0.33619
5949,400,2,2,51,0,0,0,1,110.433,0.05,0.15,2099,31.5246,1.11258,0.33611
5950,290,3,3,32,0,1,0,0,54.666,0.05,0.15,2099,31.5246,1.3211,0.33611
5951,52,0,0,14,0,1,0,0,-14.566,0.05,0.15,2099,31.5246,2.66044,0.33611
5952,67,2,2,18,0,1,0,0,3.938,0.05,0.15,2099,31.5246,2.24532,0.33611
5953,253,4,4,37,0,1,0,0,58.907,0.05,0.15,2099,31.5246,1.71663,0.33619
5954,13,0,0,4,0,1,0,0,-27.461,0.05,0.15,2099,31.5246,3.86189,0.33619
5955,400,0,0,20,0,0,0,1,83.315,0.05,0.15,2099,31.5246,0.97305,0.33619
5956,400,3,3,18,0,0,0,1,98.563,0.05,0.15,2099,31.5246,0.86415,0.33619
5957,400,0,0,16,0,0,0,1,94.655,0.05,0.15,2099,31.5246,0.76094,0.33619
5958,38,0,0,9,0,1,0,0,-17.935,0.05,0.15,2099,31.5246,2.38439,0.33619
5959,400,1,1,33,0,0,0,1,108.774,0.05,0.15,2099,31.5246,0.87596,0.33619
5960,400,1,1,32,0,0,0,1,102.611,0.05,0.15,2099,31.5246,0.84845,0.33619
5961,155,8,3,31,1,1,0,0,45.524,0.05,0.15,2099,31.5246,1.71563,0.33619
5962,400,2,2,23,0,0,1,1,88.286,0.05,0.15,2099,31.5246,0.95213,0.33619
5963,400,9,4,30,1,0,0,1,129.203,0.05,0.15,2100,31.5246,1.18841,0.33611
5964,400,1,1,28,0,0,0,1,106.601,0.05,0.15,2100,31.5246,0.80801,0.33611
5965,400,1,1,32,0,0,0,1,103.233,0.05,0.15,2100,31.5246,1.07815,0.33611
5966,400,3,3,23,0,0,0,1,84.384,0.05,0.15,2100,31.5246,0.66278,0.33619
5967,400,8,3,56,1,0,0,1,151.372,0.05,0.15,2100,31.5246,1.19417,0.33619
5968,400,10,5,34,1,0,0,1,124.976,0.05,0.15,2101,31.5246,1.21143,0.33611
5969,60,1,1,14,0,1,0,0,-8.861,0.05,0.15,2101,31.5246,1.32979,0.33611
5970,150,1,1,21,0,1,0,0,5.149,0.05,0.15,2101,31.5246,1.23141,0.33611
5971,400,3,3,35,0,0,0,1,105.095,0.05,0.15,2101,31.5246,1.19574,0.33611
5972,400,12,7,90,1,0,0,1,188.872,0.05,0.15,2101,31.5246,1.39046,0.33611
5973,62,0,0,11,0,1,0,0,-15.305,0.05,0.15,2101,31.5246,1.32105,0.33611
5974,5,0,0,4,0,1,0,0,-33.206,0.05,0.15,2101,31.5246,2.28466,0.33611
5975,400,1,1,28,0,0,0,1,92.783,0.05,0.15,2101,31.5246,0.91639,0.33611
5976,400,4,4,27,0,0,1,1,98.419,0.05,0.15,2101,31.5246,1.0214,0.33611
5977,76,1,1,21,0,1,0,0,3.67,0.05,0.15,2101,31.5246,1.6805,0.33611
5978,400,6,1,49,1,0,0,1,135.874,0.05,0.15,2101,31.5246,1.02819,0.33611
5979,400,5,5,40,0,0,0,1,123.096,0.05,0.15,2102,31.5246,0.94021,0.33611
5980,229,1,1,31,0,1,0,0,42.463,0.05,0.15,2102,31.5246,1.19388,0.33611
5981,400,2,2,46,0,0,1,1,123.273,0.05,0.15,2104,31.5246,1.2286,0.33619
5982,400,2,2,38,0,0,0,1,106.152,0.05,0.15,2104,31.5246,1.2393,0.33619
5983,400,4,4,51,0,0,0,1,138.933,0.05,0.15,2104,31.5246,1.20548,0.33626
5984,400,2,2,44,0,0,0,1,111.539,0.05,0.15,2104,31.5246,1.10986,0.33626
5985,400,7,2,51,1,0,0,1,138.163,0.05,0.15,2104,31.5246,1.1756,0.33626
5986,400,1,1,31,0,0,0,1,112.727,0.05,0.15,2104,31.5246,0.77049,0.33626
5987,13,0,0,3,0,1,0,0,-24.821,0.05,0.15,2104,31.5246,5.78714,0.33626
5988,400,3,3,28,0,0,0,1,115.519,0.05,0.15,2104,31.5246,0.98096,0.33634
5989,13,0,0,4,0,1,0,0,-22.919,0.05,0.15,2104,31.5246,3.23514,0.33634
5990,400,4,4,41,0,0,0,1,125.148,0.05,0.15,2104,31.5246,1.03538,0.33634
5991,13,0,0,4,0,1,0,0,-25.963,0.05,0.15,2104,31.5246,5.98804,0.33634
5992,20,0,0,8,0,1,0,0,-20.171,0.05,0.15,2104,31.5246,2.24042,0.33634
5993,13,0,0,4,0,1,0,0,-26.369,0.05,0.15,2104,31.5246,7.27196,0.33634
5994,400,1,1,36,0,0,0,1,99.455,0.05,0.15,2104,31.5246,1.36656,0.33634
5995,400,1,1,49,0,0,0,1,102.911,0.05,0.15,2104,31.5246,1.2235,0.33634
5996,27,0,0,9,0,1,0,0,-17.949,0.05,0.15,2104,31.5246,2.2155,0.33634
5997,400,2,2,24,0,0,0,1,99.067,0.05,0.15,2104,31.5246,1.13218,0.33634
5998,134,3,3,35,0,1,0,0,39.029,0.05,0.15,2106,31.5246,1.71412,0.33618
5999,400,12,7,81,1,0,0,1,170.458,0.05,0.15,2106,31.5246,1.61915,0.33618
6000,400,0,0,27,0,0,0,1,87.465,0.05,0.15,2106,31.5246,1.30543,0.33618
