round,steps,score,coins,crates,kills,suicides,invalid,survived,total_reward,epsilon,alpha,n_states,max_abs_q,mean_abs_td,coverage
1,96,5,5,0,0,1,0,0,-32.149,0.9975,0.15,48,4.5178,2.50617,0.25347
2,291,22,22,0,0,1,0,0,27.755,0.99501,0.15,97,4.7205,1.95905,0.31959
3,5,0,0,0,0,1,0,0,-37.168,0.99253,0.15,99,4.7565,20.34654,0.31987
4,87,8,8,0,0,1,0,0,-13.355,0.99005,0.15,111,8.5192,2.70487,0.32282
5,29,3,3,0,0,1,0,0,-27.204,0.98758,0.15,118,8.5192,4.15832,0.3178
6,6,1,1,0,0,1,0,0,-28.8,0.98511,0.15,121,8.5192,14.21998,0.31543
7,9,1,1,0,0,1,0,0,-32.092,0.98265,0.15,126,8.5192,10.26737,0.31217
8,9,1,1,0,0,1,0,0,-33.73,0.9802,0.15,127,8.7995,10.28585,0.31234
9,28,4,4,0,0,1,0,0,-20.644,0.97775,0.15,132,8.7995,4.77489,0.31313
10,5,1,1,0,0,1,0,0,-33.81,0.97531,0.15,137,8.7995,19.17631,0.30779
11,270,17,17,0,0,1,0,0,5.494,0.97287,0.15,167,8.7995,2.05474,0.30938
12,7,2,2,0,0,1,0,0,-29.11,0.97045,0.15,171,8.7995,11.925,0.30702
13,28,2,2,0,0,1,0,0,-29.487,0.96802,0.15,174,11.5841,4.10213,0.30651
14,12,1,1,0,0,1,0,0,-31.822,0.96561,0.15,176,11.5841,8.10831,0.30682
15,28,3,3,0,0,1,0,0,-28.328,0.96319,0.15,178,11.604,4.46094,0.30712
16,43,5,5,0,0,1,0,0,-25.856,0.96079,0.15,179,11.604,4.44987,0.30819
17,26,8,8,0,0,1,0,0,-10.489,0.95839,0.15,180,11.604,5.73177,0.31389
18,25,3,3,0,0,1,0,0,-25.767,0.956,0.15,180,11.593,5.36992,0.31759
19,30,4,4,0,0,1,0,0,-22.462,0.95361,0.15,183,11.593,5.14985,0.32332
20,9,1,1,0,0,1,0,0,-31.752,0.95123,0.15,183,11.593,10.56994,0.32423
21,52,3,3,0,0,1,0,0,-29.862,0.94885,0.15,185,11.593,3.47659,0.32523
22,6,0,0,0,0,1,0,0,-31.324,0.94649,0.15,186,11.593,13.00965,0.32616
23,5,1,1,0,0,1,0,0,-30.856,0.94412,0.15,186,11.593,18.73864,0.32706
24,62,6,6,0,0,1,0,0,-16.465,0.94176,0.15,190,11.593,3.43675,0.32982
25,120,11,11,0,0,1,0,0,-5.942,0.93941,0.15,194,14.3555,2.37215,0.33247
26,35,4,4,0,0,1,0,0,-21.66,0.93707,0.15,196,14.3555,4.32153,0.33418
27,71,3,3,0,0,1,0,0,-27.729,0.93473,0.15,199,14.3555,2.42331,0.33668
28,5,0,0,0,0,1,0,0,-37.15,0.93239,0.15,199,14.3555,18.10315,0.33668
29,5,0,0,0,0,1,0,0,-34.372,0.93007,0.15,199,14.3555,16.2203,0.33668
30,27,5,5,0,0,1,0,0,-20.056,0.92774,0.15,201,14.3555,5.60316,0.33831
31,88,4,4,0,0,1,0,0,-26.276,0.92543,0.15,202,14.3555,2.28006,0.34323
32,78,7,7,0,0,1,0,0,-18.258,0.92312,0.15,205,14.3555,2.55244,0.34715
33,20,1,1,0,0,1,0,0,-31.413,0.92081,0.15,208,14.3555,5.43756,0.34615
34,16,2,2,0,0,1,0,0,-27.884,0.91851,0.15,208,14.3555,6.98079,0.34776
35,7,0,0,0,0,1,0,0,-32.82,0.91622,0.15,209,14.3555,12.80484,0.34928
36,31,6,6,0,0,1,0,0,-18.672,0.91393,0.15,211,14.3555,5.42369,0.35071
37,59,3,3,0,0,1,0,0,-32.166,0.91165,0.15,215,14.3555,3.53981,0.34884
38,29,3,3,0,0,1,0,0,-22.28,0.90937,0.15,215,14.3555,4.02337,0.34961
39,29,5,5,0,0,1,0,0,-20.241,0.9071,0.15,216,14.3555,5.278,0.35031
40,70,9,9,0,0,1,0,0,-16.11,0.90484,0.15,218,14.3555,3.34675,0.35321
41,13,0,0,0,0,1,0,0,-37.67,0.90258,0.15,220,14.3555,9.00383,0.35379
42,29,4,4,0,0,1,0,0,-27.712,0.90032,0.15,221,14.3555,5.50635,0.35445
43,32,6,6,0,0,1,0,0,-16.527,0.89808,0.15,226,14.3555,4.4699,0.35398
44,110,14,14,0,0,1,0,0,7.02,0.89583,0.15,233,14.3555,2.98694,0.35336
45,7,2,2,0,0,1,0,0,-26.046,0.8936,0.15,234,14.3555,11.25126,0.35328
46,117,12,12,0,0,1,0,0,-2.718,0.89137,0.15,235,14.3555,2.73175,0.35887
47,19,2,2,0,0,1,0,0,-29.852,0.88914,0.15,235,14.3555,6.26013,0.35887
48,5,0,0,0,0,1,0,0,-35.386,0.88692,0.15,236,16.6932,16.94834,0.35876
49,20,5,5,0,0,1,0,0,-20.218,0.88471,0.15,239,18.6982,6.96246,0.35844
50,16,6,6,0,0,1,0,0,-16.036,0.8825,0.15,239,18.6982,7.84706,0.35844
51,74,7,7,0,0,1,0,0,-15.067,0.88029,0.15,240,18.6982,3.21051,0.35903
52,89,7,7,0,0,1,0,0,-17.535,0.8781,0.15,241,18.6982,2.55721,0.36238
53,10,2,2,0,0,1,0,0,-30.284,0.8759,0.15,242,18.6982,10.02993,0.36226
54,16,1,1,0,0,1,0,0,-31.894,0.87372,0.15,245,18.6982,6.34712,0.3619
55,65,6,6,0,0,1,0,0,-15.394,0.87153,0.15,247,18.6982,2.94861,0.36437
56,32,6,6,0,0,1,0,0,-12.031,0.86936,0.15,248,18.6982,4.71037,0.36425
57,16,2,2,0,0,1,0,0,-29.148,0.86719,0.15,248,18.6982,7.0487,0.36492
58,8,0,0,0,0,1,0,0,-33.41,0.86502,0.15,249,18.6982,11.54288,0.36412
59,23,2,2,0,0,1,0,0,-28.958,0.86286,0.15,249,18.6982,6.10318,0.36613
60,107,5,5,0,0,1,0,0,-23.771,0.86071,0.15,251,18.6982,2.50922,0.36985
61,65,8,8,0,0,1,0,0,-10.391,0.85856,0.15,251,18.6982,3.30992,0.37251
62,12,1,1,0,0,1,0,0,-28.438,0.85642,0.15,253,18.6982,9.00468,0.37154
63,58,11,11,0,0,1,0,0,-0.155,0.85428,0.15,255,18.6982,3.38161,0.37255
64,25,4,4,0,0,1,0,0,-21.243,0.85214,0.15,256,18.6982,4.94515,0.37174
65,138,12,12,0,0,1,0,0,-6.841,0.85002,0.15,258,18.6982,2.92304,0.37532
66,24,5,5,0,0,1,0,0,-17.913,0.84789,0.15,259,18.6982,5.59682,0.37709
67,36,7,7,0,0,1,0,0,-11.614,0.84578,0.15,259,18.6982,5.14554,0.37773
68,52,8,8,0,0,1,0,0,-14.052,0.84366,0.15,260,18.6982,4.31707,0.37821
69,47,5,5,0,0,1,0,0,-21.78,0.84156,0.15,260,18.6982,4.29717,0.38013
70,5,1,1,0,0,1,0,0,-33.496,0.83946,0.15,260,18.6982,14.73573,0.38141
71,17,3,3,0,0,1,0,0,-26.126,0.83736,0.15,260,19.9558,6.2498,0.38205
72,8,2,2,0,0,1,0,0,-28.886,0.83527,0.15,260,19.9558,11.53879,0.38205
73,60,6,6,0,0,1,0,0,-16.892,0.83318,0.15,260,19.9558,3.42135,0.38269
74,69,9,9,0,0,1,0,0,-7.492,0.8311,0.15,261,19.9558,3.49154,0.38378
75,24,2,2,0,0,1,0,0,-26.638,0.82903,0.15,261,19.9558,5.20361,0.38442
76,128,16,16,0,0,1,0,0,9.872,0.82696,0.15,261,19.9558,2.5832,0.38953
77,108,11,11,0,0,1,0,0,0.67,0.82489,0.15,262,19.9558,2.81014,0.39059
78,106,15,15,0,0,1,0,0,10.722,0.82283,0.15,264,19.9558,2.80844,0.39141
79,135,10,10,0,0,1,0,0,-9.906,0.82078,0.15,268,19.9558,2.53412,0.39303
80,21,2,2,0,0,1,0,0,-27.38,0.81873,0.15,268,19.9558,5.49879,0.39366
81,16,3,3,0,0,1,0,0,-28.386,0.81669,0.15,268,19.9558,6.15477,0.39428
82,64,4,4,0,0,1,0,0,-21.928,0.81465,0.15,268,19.9558,3.13528,0.3949
83,6,1,1,0,0,1,0,0,-33.838,0.81261,0.15,268,19.9558,13.10076,0.3949
84,6,0,0,0,0,1,0,0,-38.2,0.81058,0.15,269,19.9558,18.35903,0.39405
85,85,8,8,0,0,1,0,0,-16.255,0.80856,0.15,273,20.3305,2.67405,0.39316
86,21,4,4,0,0,1,0,0,-19.002,0.80654,0.15,273,20.3305,6.50269,0.39377
87,17,0,0,0,0,1,0,0,-32.86,0.80453,0.15,273,20.3305,5.70196,0.39499
88,54,12,12,0,0,1,0,0,-4.502,0.80252,0.15,276,20.3305,4.56932,0.39493
89,41,3,3,0,0,1,0,0,-27.938,0.80052,0.15,276,20.3305,3.88173,0.39674
90,172,14,14,0,0,1,0,0,-0.85,0.79852,0.15,276,20.3305,2.55821,0.40036
91,84,7,7,0,0,1,0,0,-14.253,0.79652,0.15,276,20.3305,2.93693,0.40097
92,110,9,9,0,0,1,0,0,-19.403,0.79453,0.15,277,20.3305,2.78941,0.40373
93,47,8,8,0,0,1,0,0,-8.968,0.79255,0.15,277,20.3305,3.83455,0.40373
94,5,2,2,0,0,1,0,0,-28.894,0.79057,0.15,277,20.3305,10.90852,0.40373
95,107,13,13,0,0,1,0,0,2.75,0.7886,0.15,278,20.3305,2.74487,0.40528
96,141,18,18,0,0,1,0,0,24.927,0.78663,0.15,278,20.3305,3.00108,0.40887
97,45,6,6,0,0,1,0,0,-15.394,0.78466,0.15,278,20.3305,4.1284,0.41007
98,56,7,7,0,0,1,0,0,-12.168,0.7827,0.15,278,20.3305,3.29929,0.41067
99,242,22,22,0,0,1,0,0,29.489,0.78075,0.15,280,20.3305,2.06888,0.41131
100,99,10,10,0,0,1,0,0,-14.007,0.7788,0.15,280,20.3305,3.38175,0.41369
101,133,9,9,0,0,1,0,0,-10.471,0.77686,0.15,281,21.7539,2.52725,0.41518
102,17,2,2,0,0,1,0,0,-35.276,0.77492,0.15,281,21.7539,6.00753,0.41518
103,27,2,2,0,0,1,0,0,-31.799,0.77298,0.15,281,21.7539,4.61116,0.41637
104,26,7,7,0,0,1,0,0,-13.198,0.77105,0.15,281,21.7539,5.25549,0.41637
105,32,7,7,0,0,1,0,0,-17.676,0.76913,0.15,281,21.7539,5.01548,0.41696
106,116,19,19,0,0,1,0,0,21.467,0.76721,0.15,282,21.7539,3.32352,0.41844
107,94,17,17,0,0,1,0,0,17.396,0.76529,0.15,282,21.7539,3.34624,0.41962
108,163,19,19,0,0,1,0,0,23.806,0.76338,0.15,283,21.7539,2.79798,0.42108
109,11,1,1,0,0,1,0,0,-29.69,0.76147,0.15,283,21.7539,8.59123,0.42226
110,13,2,2,0,0,1,0,0,-29.232,0.75957,0.15,283,21.7539,6.99158,0.42226
111,71,7,7,0,0,1,0,0,-15.175,0.75768,0.15,283,21.7539,3.05686,0.42285
112,7,1,1,0,0,1,0,0,-29.494,0.75578,0.15,284,21.7539,12.10169,0.42195
113,131,5,5,0,0,1,0,0,-25.553,0.7539,0.15,284,21.7539,2.59127,0.42254
114,162,11,11,0,0,1,0,0,-8.671,0.75201,0.15,286,21.7539,2.49813,0.42366
115,21,2,2,0,0,1,0,0,-29.928,0.75014,0.15,286,21.7539,5.40759,0.42424
116,6,0,0,0,0,1,0,0,-36.55,0.74826,0.15,288,21.7539,16.96272,0.42303
117,55,10,10,0,0,1,0,0,-4.426,0.7464,0.15,289,21.7539,3.38881,0.42215
118,109,13,13,0,0,1,0,0,0.956,0.74453,0.15,291,21.7539,2.78633,0.42039
119,79,14,14,0,0,1,0,0,9.564,0.74267,0.15,291,21.7539,3.52452,0.42039
120,17,1,1,0,0,1,0,0,-29.937,0.74082,0.15,291,21.7539,4.24795,0.42039
121,8,1,1,0,0,1,0,0,-28.678,0.73897,0.15,291,21.7539,9.51346,0.42039
122,48,11,11,0,0,1,0,0,3.395,0.73712,0.15,292,21.7539,4.0201,0.42009
123,18,5,5,0,0,1,0,0,-18.808,0.73528,0.15,292,22.7736,5.31286,0.42009
124,135,34,34,0,0,1,0,0,73.134,0.73345,0.15,292,23.8306,3.67513,0.42066
125,7,1,1,0,0,1,0,0,-30.396,0.73162,0.15,292,23.8306,10.47052,0.42123
126,30,9,9,0,0,1,0,0,-5.772,0.72979,0.15,292,23.8306,5.72079,0.4218
127,135,12,12,0,0,1,0,0,3.123,0.72797,0.15,294,23.8306,2.94145,0.42404
128,24,4,4,0,0,1,0,0,-21.121,0.72615,0.15,294,23.8306,5.70567,0.42574
129,61,16,16,0,0,1,0,0,17.296,0.72434,0.15,294,23.8306,4.12092,0.42574
130,72,12,12,0,0,1,0,0,3.332,0.72253,0.15,294,23.8306,3.45229,0.4263
131,54,9,9,0,0,1,0,0,-6.637,0.72072,0.15,294,23.8306,4.51998,0.42687
132,15,1,1,0,0,1,0,0,-28.118,0.71892,0.15,294,23.8306,5.21489,0.42687
133,66,9,9,0,0,1,0,0,-3.51,0.71713,0.15,294,23.8306,3.91057,0.428
134,57,9,9,0,0,1,0,0,-3.976,0.71534,0.15,294,23.8306,4.00793,0.42914
135,61,11,11,0,0,1,0,0,0.78,0.71355,0.15,295,23.8306,4.08255,0.42938
136,189,31,31,0,0,1,0,0,65.706,0.71177,0.15,295,23.8306,3.25199,0.43107
137,5,1,1,0,0,1,0,0,-30.392,0.70999,0.15,295,23.8306,14.57605,0.43107
138,238,24,24,0,0,1,0,0,32.291,0.70822,0.15,295,24.729,2.59006,0.43333
139,33,7,7,0,0,1,0,0,-14.26,0.70645,0.15,295,25.5286,3.57672,0.43333
140,52,10,10,0,0,1,0,0,-3.321,0.70469,0.15,295,25.5286,4.54439,0.4339
141,123,17,17,0,0,1,0,0,11.884,0.70293,0.15,295,25.5286,3.27057,0.43503
142,91,13,13,0,0,1,0,0,2.961,0.70117,0.15,295,25.5286,3.53034,0.43559
143,62,12,12,0,0,1,0,0,4.797,0.69942,0.15,295,25.5286,3.79679,0.43616
144,117,18,18,0,0,1,0,0,22.556,0.69768,0.15,296,25.5286,3.67198,0.43525
145,6,0,0,0,0,1,0,0,-33.306,0.69593,0.15,296,25.5286,13.74751,0.43581
146,127,18,18,0,0,1,0,0,21.326,0.6942,0.15,296,25.5286,3.09772,0.43581
147,76,18,18,0,0,1,0,0,23.216,0.69246,0.15,296,25.5286,4.11063,0.43694
148,153,30,30,0,0,1,0,0,57.22,0.69073,0.15,296,25.5286,3.72172,0.4375
149,48,9,9,0,0,1,0,0,-8.037,0.68901,0.15,296,25.5286,3.71737,0.4375
150,29,4,4,0,0,1,0,0,-24.737,0.68729,0.15,296,25.5286,4.19446,0.4375
151,33,2,2,0,0,1,0,0,-33.529,0.68557,0.15,296,25.5286,4.27257,0.43806
152,73,14,14,0,0,1,0,0,8.07,0.68386,0.15,297,25.5286,4.28611,0.43715
153,21,3,3,0,0,1,0,0,-26.234,0.68215,0.15,297,25.5286,5.55628,0.43771
154,43,7,7,0,0,1,0,0,-8.5,0.68045,0.15,298,25.5286,5.348,0.43792
155,23,4,4,0,0,1,0,0,-20.3,0.67875,0.15,298,25.5286,4.12244,0.43792
156,95,11,11,0,0,1,0,0,-6.238,0.67706,0.15,298,25.5286,3.90331,0.43848
157,12,1,1,0,0,1,0,0,-31.624,0.67537,0.15,298,26.1543,4.63308,0.43848
158,15,3,3,0,0,1,0,0,-26.01,0.67368,0.15,298,26.1543,6.53155,0.43848
159,91,16,16,0,0,1,0,0,18.478,0.672,0.15,298,26.1543,4.04723,0.43904
160,32,6,6,0,0,1,0,0,-14.782,0.67032,0.15,299,26.1543,4.5915,0.43813
161,54,10,10,0,0,1,0,0,-2.508,0.66865,0.15,299,26.1543,4.24293,0.43924
162,219,24,24,0,0,1,0,0,32.032,0.66698,0.15,300,26.1543,2.98885,0.43833
163,83,14,14,0,0,1,0,0,12.247,0.66531,0.15,300,26.1543,3.63655,0.43889
164,45,9,9,0,0,1,0,0,-5.535,0.66365,0.15,300,26.1543,4.44203,0.43889
165,172,32,32,0,0,1,0,0,68.106,0.66199,0.15,300,26.772,3.29488,0.44
166,64,12,12,0,0,1,0,0,1.367,0.66034,0.15,300,26.772,4.07076,0.44111
167,69,16,16,0,0,1,0,0,16.618,0.65869,0.15,301,26.772,4.15513,0.44186
168,223,27,27,0,0,1,0,0,48.734,0.65705,0.15,301,26.772,2.66465,0.44241
169,7,2,2,0,0,1,0,0,-28.626,0.65541,0.15,301,26.772,8.12952,0.44241
170,64,9,9,0,0,1,0,0,-5.634,0.65377,0.15,302,26.772,4.05345,0.4415
171,37,11,11,0,0,1,0,0,3.548,0.65214,0.15,302,26.772,4.89615,0.4415
172,64,14,14,0,0,1,0,0,12.279,0.65051,0.15,302,26.772,4.23208,0.44205
173,56,9,9,0,0,1,0,0,-0.984,0.64888,0.15,302,26.772,4.3054,0.44316
174,32,4,4,0,0,1,0,0,-26.094,0.64726,0.15,302,26.772,4.03111,0.44316
175,73,9,9,0,0,1,0,0,-6.023,0.64565,0.15,303,26.772,3.41973,0.44224
176,360,45,45,0,0,1,0,0,114.549,0.64404,0.15,304,26.772,2.81447,0.44189
177,34,6,6,0,0,1,0,0,-14.371,0.64243,0.15,304,26.772,4.31544,0.44189
178,11,2,2,0,0,1,0,0,-29.834,0.64082,0.15,304,26.772,8.27699,0.44189
179,84,15,15,0,0,1,0,0,20.86,0.63922,0.15,304,26.772,3.59922,0.44189
180,49,9,9,0,0,1,0,0,-3.043,0.63763,0.15,304,26.772,4.69922,0.44189
181,49,5,5,0,0,1,0,0,-21.264,0.63604,0.15,305,26.772,4.656,0.44153
182,84,11,11,0,0,1,0,0,9.544,0.63445,0.15,305,26.772,3.55715,0.44153
183,123,24,24,0,0,1,0,0,44.202,0.63286,0.15,306,26.772,3.82518,0.44118
184,8,1,1,0,0,1,0,0,-29.626,0.63128,0.15,306,26.772,10.10336,0.44118
185,240,32,32,0,0,1,0,0,68.776,0.62971,0.15,308,27.2382,3.35345,0.44048
186,187,36,36,0,0,1,0,0,85.931,0.62814,0.15,308,27.2382,3.41142,0.44102
187,86,16,16,0,0,1,0,0,17.2,0.62657,0.15,308,27.2382,3.64669,0.44102
188,51,8,8,0,0,1,0,0,-14.272,0.625,0.15,308,27.4868,4.32112,0.44156
189,7,2,2,0,0,1,0,0,-27.752,0.62344,0.15,308,27.4868,11.65554,0.44156
190,24,3,3,0,0,1,0,0,-23.86,0.62189,0.15,308,27.4868,5.0546,0.44156
191,40,7,7,0,0,1,0,0,-10.935,0.62033,0.15,308,27.8413,3.18429,0.44156
192,127,25,25,0,0,1,0,0,41.219,0.61878,0.15,308,27.8413,3.56315,0.44156
193,65,11,11,0,0,1,0,0,0.991,0.61724,0.15,309,27.8413,4.71027,0.44121
194,77,17,17,0,0,1,0,0,19.051,0.6157,0.15,309,27.8413,4.05341,0.44121
195,5,1,1,0,0,1,0,0,-33.78,0.61416,0.15,309,27.8413,13.90742,0.44121
196,122,22,22,0,0,1,0,0,43.902,0.61263,0.15,311,27.8413,4.27339,0.44051
197,52,17,17,0,0,1,0,0,23.586,0.6111,0.15,313,27.7691,4.01924,0.43876
198,45,10,10,0,0,1,0,0,0.366,0.60957,0.15,313,27.7691,4.64269,0.4393
199,35,7,7,0,0,1,0,0,-11.125,0.60805,0.15,313,27.7691,5.00058,0.4393
200,217,36,36,0,0,1,0,0,79.014,0.60653,0.15,313,27.7691,3.98438,0.44036
201,20,6,6,0,0,1,0,0,-13.651,0.60502,0.15,313,27.7691,7.99362,0.44036
202,111,15,15,0,0,1,0,0,10.821,0.60351,0.15,313,28.2984,3.00384,0.44036
203,7,1,1,0,0,1,0,0,-33.742,0.602,0.15,313,28.8022,6.71105,0.44036
204,43,10,10,0,0,1,0,0,2.072,0.6005,0.15,313,28.8022,4.70476,0.44089
205,102,21,21,0,0,1,0,0,32.211,0.599,0.15,314,28.8022,4.35207,0.44002
206,9,1,1,0,0,1,0,0,-29.588,0.5975,0.15,314,28.8022,10.96122,0.44002
207,176,30,30,0,0,1,0,0,69.551,0.59601,0.15,314,28.8022,3.63623,0.44055
208,22,5,5,0,0,1,0,0,-16.716,0.59452,0.15,314,28.8022,6.34887,0.44055
209,37,9,9,0,0,1,0,0,-6.362,0.59304,0.15,314,28.8022,4.81866,0.44055
210,28,8,8,0,0,1,0,0,-9.566,0.59156,0.15,314,28.8022,5.374,0.44108
211,18,5,5,0,0,1,0,0,-19.052,0.59008,0.15,314,28.8022,6.92605,0.44161
212,342,49,49,0,0,1,0,0,133.356,0.5886,0.15,315,28.8022,3.18576,0.44233
213,44,5,5,0,0,1,0,0,-21.914,0.58714,0.15,315,28.8022,4.34412,0.44233
214,80,17,17,0,0,1,0,0,19.24,0.58567,0.15,315,28.8022,4.41503,0.44286
215,321,49,49,0,0,1,0,0,128.736,0.58421,0.15,315,28.8022,3.23886,0.44286
216,22,2,2,0,0,1,0,0,-26.809,0.58275,0.15,315,28.8022,4.15408,0.44286
217,5,1,1,0,0,1,0,0,-33.478,0.58129,0.15,315,28.8022,9.37014,0.44286
218,81,14,14,0,0,1,0,0,18.053,0.57984,0.15,315,28.8022,3.76409,0.44339
219,22,5,5,0,0,1,0,0,-19.429,0.57839,0.15,315,28.8022,6.3144,0.44339
220,59,16,16,0,0,1,0,0,17.476,0.57695,0.15,315,28.8022,4.33795,0.44339
221,11,3,3,0,0,1,0,0,-23.156,0.57551,0.15,315,28.8022,8.96444,0.44339
222,188,31,31,0,0,1,0,0,62.089,0.57407,0.15,316,28.8022,3.51669,0.44251
223,142,25,25,0,0,1,0,0,52.904,0.57264,0.15,317,28.8022,4.15054,0.44217
224,36,5,5,0,0,1,0,0,-17.687,0.57121,0.15,317,28.8022,5.06554,0.44269
225,43,8,8,0,0,1,0,0,-10.671,0.56978,0.15,317,28.8022,5.16729,0.44269
226,111,21,21,0,0,1,0,0,31.129,0.56836,0.15,317,28.8022,4.17005,0.44269
227,121,22,22,0,0,1,0,0,41.432,0.56694,0.15,317,28.8022,4.12265,0.44269
228,93,16,16,0,0,1,0,0,16.661,0.56553,0.15,317,28.8022,4.13987,0.44427
229,52,8,8,0,0,1,0,0,-2.326,0.56411,0.15,317,28.8022,3.78411,0.44479
230,39,6,6,0,0,1,0,0,-20.479,0.5627,0.15,318,28.8022,6.17085,0.44444
231,61,14,14,0,0,1,0,0,13.571,0.5613,0.15,318,28.8022,4.02303,0.44497
232,190,36,36,0,0,1,0,0,93.709,0.5599,0.15,319,28.8022,3.48849,0.4441
233,217,38,38,0,0,1,0,0,90.308,0.5585,0.15,319,28.8022,3.76366,0.4441
234,56,12,12,0,0,1,0,0,4.668,0.55711,0.15,319,28.8022,4.63632,0.4441
235,88,20,20,0,0,1,0,0,31.472,0.55571,0.15,319,28.8022,4.42294,0.44514
236,88,14,14,0,0,1,0,0,10.764,0.55433,0.15,319,28.8022,3.80461,0.44514
237,40,6,6,0,0,1,0,0,-14.071,0.55294,0.15,320,28.8022,4.71299,0.44427
238,301,40,40,0,0,1,0,0,104.329,0.55156,0.15,320,28.8022,3.32284,0.44479
239,83,15,15,0,0,1,0,0,18.284,0.55019,0.15,320,28.8022,3.55602,0.44479
240,80,15,15,0,0,1,0,0,15.746,0.54881,0.15,320,28.8022,4.12406,0.44479
241,251,38,38,0,0,1,0,0,93.98,0.54744,0.15,320,28.8022,3.33217,0.44479
242,385,50,50,0,0,0,0,1,162.611,0.54607,0.15,320,28.8022,3.14008,0.44479
243,48,12,12,0,0,1,0,0,1.664,0.54471,0.15,320,28.8022,4.9806,0.44479
244,199,42,42,0,0,1,0,0,110.375,0.54335,0.15,320,28.8022,3.71138,0.44479
245,321,43,43,0,0,1,0,0,116.105,0.54199,0.15,320,28.8022,3.12149,0.44531
246,7,1,1,0,0,1,0,0,-32.08,0.54064,0.15,320,28.8022,11.678,0.44531
247,190,39,39,0,0,1,0,0,95.438,0.53929,0.15,320,28.8022,3.53031,0.44531
248,164,36,36,0,0,1,0,0,83.43,0.53794,0.15,320,28.8022,3.15463,0.44531
249,25,5,5,0,0,1,0,0,-16.594,0.5366,0.15,320,28.8022,6.10514,0.44583
250,27,4,4,0,0,1,0,0,-21.243,0.53526,0.15,320,28.8022,5.70866,0.44583
251,28,7,7,0,0,1,0,0,-18.308,0.53392,0.15,320,28.8022,5.62552,0.44583
252,68,12,12,0,0,1,0,0,6.695,0.53259,0.15,320,28.8022,4.62783,0.44635
253,124,18,18,0,0,1,0,0,23.557,0.53126,0.15,320,28.8022,3.40298,0.44635
254,135,29,29,0,0,1,0,0,64.485,0.52994,0.15,320,28.8022,3.91954,0.44635
255,204,40,40,0,0,1,0,0,105.182,0.52861,0.15,320,28.8022,3.41694,0.44688
256,7,0,0,0,0,1,0,0,-31.138,0.52729,0.15,320,28.8022,10.23454,0.44688
257,5,1,1,0,0,1,0,0,-30.524,0.52598,0.15,320,28.8022,13.81133,0.4474
258,34,4,4,0,0,1,0,0,-17.136,0.52466,0.15,320,28.8022,4.74577,0.4474
259,42,10,10,0,0,1,0,0,-3.98,0.52335,0.15,320,29.2305,4.11176,0.4474
260,98,16,16,0,0,1,0,0,14.689,0.52205,0.15,320,29.2305,3.39099,0.44792
261,217,42,42,0,0,1,0,0,104.919,0.52074,0.15,320,29.2305,3.56291,0.44844
262,314,50,50,0,0,1,0,0,143.991,0.51944,0.15,324,29.2305,3.47365,0.44496
263,298,43,43,0,0,1,0,0,118.29,0.51815,0.15,325,29.2305,3.21858,0.44462
264,53,9,9,0,0,1,0,0,-6.019,0.51685,0.15,326,29.5946,4.09105,0.44376
265,383,50,50,0,0,0,0,1,181.858,0.51556,0.15,330,29.5946,3.13088,0.44091
266,91,21,21,0,0,1,0,0,38.433,0.51427,0.15,330,29.5946,3.80985,0.44091
267,92,23,23,0,0,1,0,0,36.482,0.51299,0.15,330,29.5946,3.7659,0.44091
268,35,9,9,0,0,1,0,0,-8.34,0.51171,0.15,330,29.5946,5.67084,0.44091
269,11,5,5,0,0,1,0,0,-19.648,0.51043,0.15,330,29.5946,8.17877,0.44091
270,7,1,1,0,0,1,0,0,-27.624,0.50916,0.15,330,29.5946,10.98051,0.44091
271,245,35,35,0,0,1,0,0,84.641,0.50789,0.15,330,29.5946,3.08577,0.44091
272,58,11,11,0,0,1,0,0,-4.539,0.50662,0.15,331,29.5946,5.11271,0.44008
273,159,42,42,0,0,1,0,0,111.07,0.50535,0.15,331,29.5946,3.62978,0.44008
274,19,8,8,0,0,1,0,0,-6.31,0.50409,0.15,331,29.5946,6.51136,0.44008
275,118,27,27,0,0,1,0,0,52.696,0.50283,0.15,331,29.5946,4.05532,0.44109
276,14,4,4,0,0,1,0,0,-22.547,0.50158,0.15,331,29.5946,8.7795,0.44159
277,234,42,42,0,0,1,0,0,105.182,0.50032,0.15,331,29.5946,3.7988,0.44209
278,13,5,5,0,0,1,0,0,-21.036,0.49907,0.15,331,29.5946,7.04128,0.44209
279,10,4,4,0,0,1,0,0,-18.986,0.49783,0.15,331,29.5946,9.06584,0.44209
280,80,14,14,0,0,1,0,0,11.705,0.49659,0.15,332,29.5946,4.79671,0.44127
281,193,40,40,0,0,1,0,0,94.166,0.49535,0.15,334,29.5946,3.95597,0.44012
282,111,24,24,0,0,1,0,0,50.676,0.49411,0.15,334,29.5946,3.86058,0.44012
283,72,10,10,0,0,1,0,0,0.654,0.49287,0.15,334,29.5946,4.43867,0.44012
284,165,35,35,0,0,1,0,0,85.815,0.49164,0.15,334,29.6689,3.48743,0.44012
285,78,20,20,0,0,1,0,0,30.143,0.49042,0.15,334,29.6689,4.62383,0.44012
286,115,27,27,0,0,1,0,0,52.348,0.48919,0.15,334,29.6689,4.20022,0.44062
287,147,29,29,0,0,1,0,0,68.134,0.48797,0.15,334,29.6689,4.39269,0.44062
288,300,39,39,0,0,1,0,0,112.257,0.48675,0.15,334,29.6689,3.50533,0.44112
289,347,50,50,0,0,0,0,1,180.441,0.48554,0.15,336,29.6689,3.35733,0.43948
290,36,7,7,0,0,1,0,0,-11.957,0.48432,0.15,336,29.6689,5.96439,0.43948
291,283,44,44,0,0,1,0,0,114.161,0.48312,0.15,336,29.6689,3.44896,0.43948
292,28,8,8,0,0,1,0,0,-4.096,0.48191,0.15,336,29.6689,5.07034,0.43948
293,29,10,10,0,0,1,0,0,-1.839,0.48071,0.15,336,29.6689,6.7718,0.43948
294,31,5,5,0,0,1,0,0,-15.754,0.47951,0.15,336,29.6689,4.76449,0.43948
295,260,50,50,0,0,0,0,1,181.108,0.47831,0.15,336,29.6689,3.13993,0.43948
296,34,8,8,0,0,1,0,0,-7.909,0.47711,0.15,336,29.6689,5.12327,0.43948
297,134,31,31,0,0,1,0,0,70.698,0.47592,0.15,336,29.6689,2.91597,0.43998
298,6,1,1,0,0,1,0,0,-34.322,0.47473,0.15,336,29.6689,6.73919,0.43998
299,11,3,3,0,0,1,0,0,-26.846,0.47355,0.15,336,29.6689,10.07199,0.43998
300,66,11,11,0,0,1,0,0,0.328,0.47237,0.15,337,29.6689,3.94162,0.43966
301,110,29,29,0,0,1,0,0,62.479,0.47119,0.15,337,29.6689,3.66715,0.43966
302,224,44,44,0,0,1,0,0,119.171,0.47001,0.15,338,29.6689,3.78936,0.43886
303,136,24,24,0,0,1,0,0,50.247,0.46884,0.15,338,29.6689,3.83299,0.43886
304,224,43,43,0,0,1,0,0,117.295,0.46767,0.15,338,29.6689,3.52261,0.43886
305,35,5,5,0,0,1,0,0,-16.075,0.4665,0.15,338,29.6689,3.79019,0.43886
306,250,40,40,0,0,1,0,0,113.211,0.46533,0.15,340,29.6689,3.5903,0.43775
307,222,50,50,0,0,0,0,1,179.529,0.46417,0.15,340,29.6689,3.10721,0.43775
308,307,50,50,0,0,0,0,1,174.341,0.46301,0.15,340,29.6689,3.27863,0.43824
309,136,30,30,0,0,1,0,0,64.769,0.46186,0.15,340,29.6689,3.8015,0.43873
310,118,19,19,0,0,1,0,0,19.374,0.4607,0.15,340,29.6689,4.06837,0.43873
311,142,27,27,0,0,1,0,0,60.475,0.45955,0.15,340,29.6689,2.91092,0.43873
312,157,31,31,0,0,1,0,0,67.332,0.45841,0.15,340,29.6689,3.6174,0.43873
313,42,10,10,0,0,1,0,0,-6.49,0.45726,0.15,340,29.6689,4.10192,0.43873
314,74,23,23,0,0,1,0,0,47.069,0.45612,0.15,340,29.6689,4.52586,0.43922
315,305,50,50,0,0,0,0,1,178.499,0.45498,0.15,340,29.6689,3.32272,0.43922
316,138,33,33,0,0,1,0,0,81.212,0.45384,0.15,340,29.6689,3.54475,0.43922
317,269,50,50,0,0,0,0,1,178.193,0.45271,0.15,343,29.6689,3.19725,0.43732
318,41,9,9,0,0,1,0,0,-3.631,0.45158,0.15,343,29.6689,3.77738,0.4378
319,55,14,14,0,0,1,0,0,8.951,0.45045,0.15,343,29.6689,4.22561,0.4378
320,38,10,10,0,0,1,0,0,-4.429,0.44933,0.15,343,29.6689,5.52871,0.4378
321,190,42,42,0,0,1,0,0,101.3,0.44821,0.15,343,29.6689,4.00776,0.4378
322,96,23,23,0,0,1,0,0,40.514,0.44709,0.15,343,29.6689,4.18497,0.4378
323,143,30,30,0,0,1,0,0,64.908,0.44597,0.15,344,29.6689,3.70253,0.4375
324,112,29,29,0,0,1,0,0,63.378,0.44486,0.15,345,29.6689,3.78107,0.43671
325,70,20,20,0,0,1,0,0,28.566,0.44375,0.15,345,29.6689,4.55062,0.43671
326,135,24,24,0,0,1,0,0,47.612,0.44264,0.15,345,29.6689,3.69225,0.43671
327,306,50,50,0,0,0,0,1,196.684,0.44153,0.15,345,29.6689,3.24283,0.43671
328,294,50,50,0,0,0,0,1,185.897,0.44043,0.15,346,29.6689,2.92754,0.43642
329,150,32,32,0,0,1,0,0,75.535,0.43933,0.15,346,29.6689,3.32555,0.43642
330,150,26,26,0,0,1,0,0,56.891,0.43823,0.15,347,29.6689,3.59776,0.43564
331,273,50,50,0,0,0,0,1,195.668,0.43714,0.15,348,29.6689,2.69398,0.43534
332,120,26,26,0,0,1,0,0,56.386,0.43605,0.15,348,29.6689,3.5768,0.43534
333,240,50,50,0,0,0,0,1,184.775,0.43496,0.15,348,29.6689,2.86709,0.43534
334,177,37,37,0,0,1,0,0,94.648,0.43387,0.15,348,29.6689,3.48005,0.43582
335,230,47,47,0,0,1,0,0,124.89,0.43279,0.15,348,29.6689,3.53561,0.43582
336,101,29,29,0,0,1,0,0,66.433,0.43171,0.15,348,29.6689,4.35044,0.43582
337,249,50,50,0,0,0,0,1,169.127,0.43063,0.15,348,29.6689,3.5796,0.43582
338,73,16,16,0,0,1,0,0,18.453,0.42956,0.15,348,29.6689,4.00574,0.43582
339,43,13,13,0,0,1,0,0,11.129,0.42848,0.15,348,29.6689,3.5392,0.43582
340,298,50,50,0,0,0,0,1,179.557,0.42741,0.15,348,29.6689,3.03737,0.4363
341,234,47,47,0,0,1,0,0,134.505,0.42635,0.15,349,29.6689,3.58105,0.43553
342,56,15,15,0,0,1,0,0,16.381,0.42528,0.15,349,29.6689,4.49259,0.43553
343,67,19,19,0,0,1,0,0,32.317,0.42422,0.15,349,29.6689,3.89913,0.43553
344,129,21,21,0,0,1,0,0,45.026,0.42316,0.15,349,29.6689,3.65115,0.43553
345,211,50,50,0,0,0,0,1,178.468,0.42211,0.15,349,29.6689,3.37219,0.43553
346,250,50,50,0,0,0,0,1,180.206,0.42105,0.15,349,29.6689,2.96437,0.43553
347,51,7,7,0,0,1,0,0,-5.217,0.42,0.15,349,29.6689,4.92029,0.43553
348,257,48,48,0,0,1,0,0,131.162,0.41895,0.15,349,29.6689,3.54714,0.43553
349,269,50,50,0,0,0,0,1,181.117,0.41791,0.15,352,29.6689,3.21767,0.43419
350,88,27,27,0,0,1,0,0,54.546,0.41686,0.15,352,29.6689,4.51108,0.43466
351,51,13,13,0,0,1,0,0,7.338,0.41582,0.15,352,29.6689,4.65522,0.43466
352,206,48,48,0,0,1,0,0,141.07,0.41478,0.15,353,29.6689,3.74409,0.4339
353,45,12,12,0,0,1,0,0,5.448,0.41375,0.15,353,29.6689,4.77881,0.4339
354,85,17,17,0,0,1,0,0,29.145,0.41271,0.15,353,29.6689,3.62109,0.43437
355,232,50,50,0,0,0,0,1,186.606,0.41168,0.15,353,29.6689,3.65168,0.43484
356,167,39,39,0,0,1,0,0,106.445,0.41066,0.15,353,29.6689,3.58508,0.43484
357,171,37,37,0,0,1,0,0,100.76,0.40963,0.15,353,29.6689,3.67278,0.43484
358,85,27,27,0,0,1,0,0,61.665,0.40861,0.15,353,29.6689,3.9832,0.43484
359,113,26,26,0,0,1,0,0,55.513,0.40759,0.15,353,29.6689,4.24811,0.43484
360,338,50,50,0,0,0,0,1,177.699,0.40657,0.15,354,29.6689,3.41123,0.43409
361,69,19,19,0,0,1,0,0,33.299,0.40555,0.15,354,29.6689,4.04148,0.43456
362,7,1,1,0,0,1,0,0,-31.954,0.40454,0.15,354,29.6689,7.01841,0.43456
363,5,1,1,0,0,1,0,0,-30.282,0.40353,0.15,354,29.6689,14.30594,0.43456
364,288,50,50,0,0,0,0,1,185.859,0.40252,0.15,354,29.6689,3.16282,0.43456
365,289,45,45,0,0,1,0,0,117.257,0.40152,0.15,354,29.6689,3.50107,0.43456
366,16,3,3,0,0,1,0,0,-21.031,0.40052,0.15,354,29.6689,7.03738,0.43456
367,318,50,50,0,0,0,0,1,177.511,0.39952,0.15,354,29.6689,2.93803,0.43503
368,348,50,50,0,0,0,0,1,178.282,0.39852,0.15,360,29.6689,3.18486,0.43148
369,47,13,13,0,0,1,0,0,6.506,0.39752,0.15,360,29.6689,3.9394,0.43148
370,5,0,0,0,0,1,0,0,-36.31,0.39653,0.15,360,29.6689,7.60652,0.43148
371,102,17,17,0,0,1,0,0,23.76,0.39554,0.15,360,29.6689,3.54594,0.43148
372,82,22,22,0,0,1,0,0,47.356,0.39455,0.15,360,29.6689,3.29296,0.43148
373,212,50,50,0,0,0,0,1,181.676,0.39357,0.15,360,29.6689,2.80716,0.43148
374,7,0,0,0,0,1,0,0,-36.02,0.39259,0.15,360,29.6689,9.39759,0.43148
375,209,40,40,0,0,1,0,0,107.714,0.39161,0.15,360,29.6689,2.85005,0.43148
376,293,50,50,0,0,0,0,1,182.502,0.39063,0.15,360,29.6689,3.40488,0.43194
377,155,43,43,0,0,1,0,0,119.787,0.38965,0.15,360,29.6689,3.50151,0.43194
378,198,50,50,0,0,0,0,1,175.543,0.38868,0.15,360,29.6689,3.18378,0.43194
379,228,50,50,0,0,0,0,1,183.204,0.38771,0.15,360,29.6689,3.40918,0.43287
380,30,14,14,0,0,1,0,0,10.398,0.38674,0.15,360,29.6689,5.49196,0.43287
381,32,11,11,0,0,1,0,0,-0.234,0.38578,0.15,360,29.6689,5.48488,0.43287
382,185,47,47,0,0,1,0,0,138.814,0.38481,0.15,360,29.6689,3.42798,0.43287
383,100,26,26,0,0,1,0,0,56.876,0.38385,0.15,360,29.6689,4.15028,0.43287
384,235,50,50,0,0,0,0,1,183.156,0.38289,0.15,361,29.6689,3.40699,0.43306
385,218,45,45,0,0,1,0,0,125.914,0.38194,0.15,361,29.6689,3.84636,0.43306
386,268,49,49,0,0,1,0,0,146.052,0.38098,0.15,361,29.6689,3.05191,0.43352
387,214,50,50,0,0,0,0,1,183.531,0.38003,0.15,361,29.6689,3.5262,0.43352
388,223,50,50,0,0,0,0,1,184.504,0.37908,0.15,361,29.6689,3.2655,0.43398
389,71,26,26,0,0,1,0,0,55.15,0.37814,0.15,361,29.6689,4.60792,0.43398
390,212,46,46,0,0,1,0,0,127.004,0.37719,0.15,361,29.6689,3.43849,0.43398
391,12,2,2,0,0,1,0,0,-29.021,0.37625,0.15,361,29.6928,6.61499,0.43398
392,252,50,50,0,0,0,0,1,183.575,0.37531,0.15,362,29.6928,2.85401,0.4337
393,209,49,49,0,0,1,0,0,142.48,0.37437,0.15,362,29.6928,3.22535,0.4337
394,252,50,50,0,0,0,0,1,186.649,0.37344,0.15,362,29.6928,3.24439,0.4337
395,181,39,39,0,0,1,0,0,103.288,0.37251,0.15,362,29.6928,3.38408,0.4337
396,224,50,50,0,0,0,0,1,188.291,0.37158,0.15,362,29.6928,3.25755,0.43416
397,291,48,48,0,0,1,0,0,131.729,0.37065,0.15,362,29.6689,3.16514,0.43462
398,67,18,18,0,0,1,0,0,23.172,0.36972,0.15,362,29.6689,4.28281,0.43462
399,73,20,20,0,0,1,0,0,34.973,0.3688,0.15,362,29.6689,4.39327,0.43462
400,237,50,50,0,0,0,0,1,190.159,0.36788,0.15,362,29.6689,3.00368,0.43462
401,7,3,3,0,0,1,0,0,-22.678,0.36696,0.15,362,29.6689,12.98158,0.43462
402,5,1,1,0,0,1,0,0,-29.37,0.36604,0.15,362,29.6689,12.51856,0.43462
403,190,45,45,0,0,1,0,0,130.117,0.36513,0.15,362,29.6689,3.66916,0.43462
404,231,50,50,0,0,0,0,1,180.509,0.36422,0.15,363,29.6689,3.11297,0.43388
405,258,50,50,0,0,0,0,1,189.291,0.36331,0.15,363,29.6689,3.29969,0.43388
406,173,47,47,0,0,1,0,0,136.648,0.3624,0.15,363,29.6689,3.18603,0.43388
407,289,50,50,0,0,0,0,1,185.84,0.3615,0.15,363,29.6689,3.0629,0.43388
408,99,22,22,0,0,1,0,0,48.586,0.36059,0.15,363,29.6689,3.32673,0.43434
409,223,44,44,0,0,1,0,0,127.294,0.35969,0.15,363,29.6689,3.11263,0.43434
410,146,39,39,0,0,1,0,0,97.438,0.3588,0.15,363,29.6689,3.58288,0.43434
411,278,50,50,0,0,0,0,1,183.116,0.3579,0.15,363,29.6689,3.06141,0.43434
412,201,50,50,0,0,0,0,1,169.541,0.35701,0.15,363,29.6689,3.62673,0.4348
413,79,14,14,0,0,1,0,0,8.91,0.35612,0.15,363,29.6689,4.1556,0.4348
414,58,17,17,0,0,1,0,0,26.215,0.35523,0.15,363,29.6689,5.05202,0.4348
415,224,50,50,0,0,0,0,1,181.421,0.35434,0.15,364,29.6689,3.23122,0.43452
416,128,40,40,0,0,1,0,0,102.812,0.35345,0.15,364,29.6689,3.53402,0.43452
417,222,50,50,0,0,0,0,1,191.736,0.35257,0.15,366,29.6689,3.21525,0.43352
418,209,50,50,0,0,0,0,1,185.801,0.35169,0.15,366,29.6689,3.31926,0.43352
419,167,39,39,0,0,1,0,0,110.501,0.35081,0.15,366,29.6689,2.65597,0.43352
420,196,50,50,0,0,0,0,1,187.637,0.34994,0.15,366,29.6689,2.95267,0.43352
421,190,41,41,0,0,1,0,0,115.359,0.34906,0.15,366,29.6689,3.54374,0.43352
422,44,11,11,0,0,1,0,0,3.952,0.34819,0.15,366,29.6689,5.14241,0.43352
423,221,50,50,0,0,0,0,1,188.751,0.34732,0.15,366,29.6689,2.98239,0.43397
424,233,50,50,0,0,0,0,1,191.322,0.34646,0.15,366,29.6689,2.76085,0.43397
425,5,3,3,0,0,1,0,0,-25.0,0.34559,0.15,366,29.6689,16.49824,0.43397
426,272,50,50,0,0,0,0,1,183.09,0.34473,0.15,366,29.6689,3.48168,0.43397
427,110,33,33,0,0,1,0,0,75.653,0.34387,0.15,366,29.6689,4.14232,0.43397
428,101,27,27,0,0,1,0,0,64.792,0.34301,0.15,366,29.6689,3.69067,0.43397
429,259,50,50,0,0,0,0,1,183.467,0.34215,0.15,366,29.6689,3.39774,0.43397
430,128,32,32,0,0,1,0,0,80.605,0.3413,0.15,366,29.6689,3.58035,0.43397
431,228,50,50,0,0,0,0,1,185.321,0.34045,0.15,366,29.6689,2.91118,0.43397
432,250,50,50,0,0,0,0,1,186.91,0.3396,0.15,366,29.6689,3.13044,0.43397
433,99,24,24,0,0,1,0,0,49.125,0.33875,0.15,366,29.6689,3.57388,0.43397
434,105,28,28,0,0,1,0,0,58.273,0.3379,0.15,366,29.6689,4.07972,0.43397
435,48,14,14,0,0,1,0,0,15.498,0.33706,0.15,366,29.6689,4.84211,0.43397
436,260,50,50,0,0,0,0,1,194.445,0.33622,0.15,366,29.6689,2.92898,0.43397
437,120,37,37,0,0,1,0,0,96.549,0.33538,0.15,366,29.6689,4.28818,0.43397
438,101,28,28,0,0,1,0,0,57.903,0.33454,0.15,366,29.6689,4.90816,0.43488
439,184,47,47,0,0,1,0,0,141.977,0.3337,0.15,366,29.6689,3.38525,0.43488
440,211,50,50,0,0,1,0,0,143.382,0.33287,0.15,371,29.6689,3.51103,0.43172
441,39,12,12,0,0,1,0,0,7.456,0.33204,0.15,371,29.6689,4.75552,0.43172
442,12,3,3,0,0,1,0,0,-23.822,0.33121,0.15,371,29.6689,6.69241,0.43172
443,219,50,50,0,0,0,0,1,172.938,0.33038,0.15,371,29.6689,3.82802,0.43172
444,110,33,33,0,0,1,0,0,76.724,0.32956,0.15,371,29.6689,4.51219,0.43172
445,185,50,50,0,0,0,0,1,184.181,0.32874,0.15,371,29.6689,3.4439,0.43172
446,205,50,50,0,0,0,0,1,193.949,0.32792,0.15,371,29.6689,3.06355,0.43172
447,205,50,50,0,0,0,0,1,186.956,0.3271,0.15,371,29.6689,2.94798,0.43172
448,218,50,50,0,0,0,0,1,182.409,0.32628,0.15,371,29.6689,3.02775,0.43172
449,263,50,50,0,0,0,0,1,176.864,0.32547,0.15,372,29.6689,3.63312,0.431
450,189,38,38,0,0,1,0,0,102.413,0.32465,0.15,372,29.6689,3.78331,0.431
451,179,50,50,0,0,0,0,1,181.433,0.32384,0.15,372,29.6689,3.00903,0.431
452,75,19,19,0,0,1,0,0,35.263,0.32303,0.15,372,29.6689,3.92264,0.431
453,224,50,50,0,0,0,0,1,187.866,0.32223,0.15,372,29.6689,2.95668,0.43145
454,226,50,50,0,0,0,0,1,191.669,0.32142,0.15,372,29.6689,2.44212,0.43145
455,100,26,26,0,0,1,0,0,58.13,0.32062,0.15,372,29.6689,3.00975,0.43145
456,264,50,50,0,0,0,0,1,198.466,0.31982,0.15,372,29.6689,2.84332,0.43145
457,57,14,14,0,0,1,0,0,13.383,0.31902,0.15,372,29.6689,3.86516,0.43145
458,70,21,21,0,0,1,0,0,42.823,0.31822,0.15,372,29.6689,4.10427,0.43145
459,68,16,16,0,0,1,0,0,24.15,0.31743,0.15,372,29.6689,3.6216,0.4319
460,214,50,50,0,0,0,0,1,195.629,0.31664,0.15,372,29.6689,2.50079,0.4319
461,222,50,50,0,0,0,0,1,185.251,0.31585,0.15,372,29.6689,3.05085,0.4319
462,246,50,50,0,0,1,0,0,153.555,0.31506,0.15,373,29.6689,3.13684,0.43164
463,237,50,50,0,0,0,0,1,186.512,0.31427,0.15,374,29.6689,3.1764,0.43137
464,198,50,50,0,0,0,0,1,175.88,0.31349,0.15,374,29.6689,3.25081,0.43137
465,95,36,36,0,0,1,0,0,92.97,0.3127,0.15,374,29.6689,3.34335,0.43137
466,199,50,50,0,0,0,0,1,189.771,0.31192,0.15,376,29.6689,3.43059,0.43041
467,5,0,0,0,0,1,0,0,-36.16,0.31114,0.15,376,29.9102,9.76243,0.43041
468,191,50,50,0,0,0,0,1,188.23,0.31037,0.15,376,29.9102,3.42241,0.43041
469,155,41,41,0,0,1,0,0,111.8,0.30959,0.15,376,29.9102,3.27051,0.43041
470,103,33,33,0,0,1,0,0,79.571,0.30882,0.15,376,30.1442,3.73602,0.43041
471,190,50,50,0,0,0,0,1,180.878,0.30805,0.15,376,30.1442,3.22364,0.43041
472,44,10,10,0,0,1,0,0,0.516,0.30728,0.15,376,30.1442,5.64168,0.43041
473,175,41,41,0,0,1,0,0,109.007,0.30651,0.15,376,30.1442,3.45972,0.43041
474,94,25,25,0,0,1,0,0,58.694,0.30575,0.15,376,30.1442,3.40567,0.43041
475,195,50,50,0,0,0,0,1,181.851,0.30498,0.15,376,30.1442,2.67929,0.43041
476,240,50,50,0,0,0,0,1,194.191,0.30422,0.15,378,30.1442,2.56913,0.42901
477,272,50,50,0,0,0,0,1,188.211,0.30346,0.15,378,30.1442,2.88878,0.42901
478,237,49,49,0,0,1,0,0,157.928,0.3027,0.15,378,30.1442,3.48659,0.42901
479,5,1,1,0,0,1,0,0,-29.346,0.30195,0.15,378,30.1442,15.59838,0.42901
480,46,14,14,0,0,1,0,0,14.035,0.30119,0.15,378,30.1442,3.38253,0.42901
481,149,38,38,0,0,1,0,0,98.311,0.30044,0.15,378,30.1442,3.51395,0.42901
482,229,50,50,0,0,0,0,1,188.576,0.29969,0.15,378,30.1442,3.3382,0.42901
483,93,30,30,0,0,1,0,0,64.51,0.29894,0.15,378,30.1442,3.78119,0.42901
484,163,45,45,0,0,1,0,0,124.992,0.2982,0.15,379,30.1442,3.65139,0.42832
485,239,50,50,0,0,0,0,1,184.856,0.29745,0.15,379,30.1442,3.15853,0.42832
486,399,50,50,0,0,0,0,1,185.886,0.29671,0.15,379,30.1442,3.11882,0.42832
487,345,50,50,0,0,0,0,1,186.276,0.29597,0.15,379,30.1442,2.83978,0.42832
488,43,9,9,0,0,1,0,0,-4.485,0.29523,0.15,379,30.1442,3.49913,0.42832
489,87,10,10,0,0,1,0,0,0.982,0.29449,0.15,379,30.1442,3.7018,0.42832
490,232,50,50,0,0,0,0,1,178.101,0.29376,0.15,379,30.1442,2.70643,0.42832
491,144,32,32,0,0,1,0,0,81.46,0.29302,0.15,379,30.1442,3.49399,0.42832
492,65,24,24,0,0,1,0,0,47.179,0.29229,0.15,379,30.1442,4.52654,0.42832
493,221,50,50,0,0,0,0,1,187.742,0.29156,0.15,379,30.1442,2.50292,0.42832
494,206,50,50,0,0,0,0,1,187.788,0.29083,0.15,379,30.1442,3.27371,0.42832
495,246,50,50,0,0,0,0,1,185.542,0.29011,0.15,379,30.1442,2.96146,0.42832
496,232,50,50,0,0,0,0,1,179.556,0.28938,0.15,380,30.1442,3.38925,0.42763
497,213,50,50,0,0,0,0,1,182.364,0.28866,0.15,380,30.1442,2.96529,0.42763
498,222,50,50,0,0,0,0,1,185.245,0.28794,0.15,380,30.1442,3.0966,0.42763
499,213,50,50,0,0,0,0,1,191.384,0.28722,0.15,380,30.1442,2.94592,0.42763
500,185,50,50,0,0,0,0,1,191.5,0.2865,0.15,380,30.1442,2.55415,0.42763
501,185,50,50,0,0,0,0,1,191.127,0.28579,0.15,380,30.1442,2.92326,0.42763
502,182,50,50,0,0,0,0,1,182.948,0.28508,0.15,380,30.1442,3.1904,0.42763
503,196,50,50,0,0,0,0,1,185.746,0.28436,0.15,380,30.1442,2.79947,0.42763
504,228,50,50,0,0,0,0,1,188.654,0.28365,0.15,380,30.1442,3.25306,0.42763
505,186,50,50,0,0,0,0,1,189.493,0.28295,0.15,380,30.1442,2.63096,0.42763
506,219,50,50,0,0,0,0,1,186.108,0.28224,0.15,380,30.1442,2.77065,0.42807
507,192,50,50,0,0,0,0,1,193.249,0.28153,0.15,382,30.1442,2.79074,0.4267
508,179,50,50,0,0,0,0,1,176.075,0.28083,0.15,382,30.1442,3.72659,0.4267
509,231,50,50,0,0,0,0,1,185.48,0.28013,0.15,382,30.1442,3.3973,0.4267
510,242,50,50,0,0,0,0,1,194.792,0.27943,0.15,382,30.1442,3.05296,0.4267
511,212,50,50,0,0,0,0,1,187.731,0.27873,0.15,382,30.1442,2.81288,0.4267
512,257,50,50,0,0,0,0,1,179.894,0.27804,0.15,382,30.1442,2.81625,0.4267
513,203,50,50,0,0,1,0,0,152.941,0.27734,0.15,384,30.1442,3.20765,0.42535
514,184,50,50,0,0,1,0,0,142.148,0.27665,0.15,386,30.1442,3.908,0.42444
515,213,50,50,0,0,0,0,1,179.327,0.27596,0.15,386,30.1442,2.98326,0.42444
516,209,50,50,0,0,0,0,1,180.931,0.27527,0.15,386,30.1442,3.33682,0.42444
517,140,38,38,0,0,1,0,0,99.735,0.27458,0.15,386,30.1442,2.85174,0.42444
518,160,42,42,0,0,1,0,0,117.355,0.2739,0.15,386,30.1442,3.4795,0.42444
519,210,50,50,0,0,1,0,0,159.397,0.27321,0.15,387,30.1442,3.34812,0.42463
520,192,50,50,0,0,0,0,1,183.996,0.27253,0.15,387,30.1442,3.19627,0.42463
521,264,50,50,0,0,1,0,0,161.018,0.27185,0.15,388,30.1442,3.15314,0.42397
522,195,50,50,0,0,0,0,1,187.331,0.27117,0.15,388,30.1442,2.66485,0.42397
523,205,50,50,0,0,0,0,1,185.523,0.2705,0.15,388,30.1442,2.76863,0.42397
524,184,50,50,0,0,0,0,1,189.321,0.26982,0.15,388,30.1442,2.88159,0.42397
525,177,50,50,0,0,0,0,1,177.191,0.26915,0.15,388,30.1442,2.99136,0.42397
526,50,13,13,0,0,1,0,0,11.895,0.26847,0.15,388,30.1442,2.96521,0.42397
527,7,1,1,0,0,1,0,0,-29.966,0.2678,0.15,388,30.1442,13.24397,0.42397
528,215,50,50,0,0,0,0,1,186.174,0.26714,0.15,388,30.1442,2.9397,0.42526
529,174,50,50,0,0,0,0,1,189.512,0.26647,0.15,388,30.1442,2.78066,0.42526
530,180,50,50,0,0,0,0,1,182.725,0.2658,0.15,388,30.1442,2.95469,0.42526
531,175,50,50,0,0,0,0,1,185.076,0.26514,0.15,388,30.1442,2.82594,0.42526
532,253,50,50,0,0,0,0,1,188.508,0.26448,0.15,389,30.1442,3.33013,0.42459
533,143,50,50,0,0,0,0,1,176.769,0.26382,0.15,389,30.1442,3.01133,0.42459
534,244,50,50,0,0,0,0,1,186.679,0.26316,0.15,389,30.1442,2.90889,0.42459
535,15,5,5,0,0,1,0,0,-14.216,0.2625,0.15,389,30.1442,6.34278,0.42459
536,187,50,50,0,0,0,0,1,182.454,0.26185,0.15,389,30.1442,2.70822,0.42459
537,35,9,9,0,0,1,0,0,0.277,0.26119,0.15,389,30.1442,4.76248,0.42459
538,25,7,7,0,0,1,0,0,-9.902,0.26054,0.15,389,30.1442,3.8332,0.42459
539,92,28,28,0,0,1,0,0,69.862,0.25989,0.15,389,30.1442,3.17305,0.42459
540,212,50,50,0,0,0,0,1,192.433,0.25924,0.15,389,30.1442,3.0132,0.42459
541,202,50,50,0,0,0,0,1,186.025,0.25859,0.15,389,30.1442,3.16847,0.42459
542,225,50,50,0,0,0,0,1,189.333,0.25795,0.15,389,30.1442,2.51076,0.42459
543,166,50,50,0,0,0,0,1,182.058,0.2573,0.15,389,30.1442,3.00385,0.42502
544,78,27,27,0,0,1,0,0,65.362,0.25666,0.15,389,30.1442,3.50799,0.42502
545,5,0,0,0,0,1,0,0,-36.016,0.25602,0.15,389,30.361,11.05879,0.42502
546,189,50,50,0,0,0,0,1,191.822,0.25538,0.15,389,30.361,2.55849,0.42502
547,208,50,50,0,0,0,0,1,184.11,0.25474,0.15,389,30.361,3.67276,0.42545
548,190,50,50,0,0,0,0,1,188.581,0.25411,0.15,389,30.361,3.1504,0.42588
549,37,13,13,0,0,1,0,0,10.718,0.25347,0.15,389,30.361,5.10962,0.42588
550,217,50,50,0,0,0,0,1,182.514,0.25284,0.15,389,30.361,3.28911,0.42588
551,182,50,50,0,0,0,0,1,187.307,0.25221,0.15,389,30.361,2.47489,0.42631
552,186,50,50,0,0,0,0,1,182.054,0.25158,0.15,389,30.361,3.03931,0.42631
553,173,50,50,0,0,0,0,1,179.524,0.25095,0.15,389,30.361,2.91655,0.42631
554,180,49,49,0,0,1,0,0,146.975,0.25032,0.15,389,30.361,3.97184,0.42631
555,188,50,50,0,0,0,0,1,182.854,0.2497,0.15,389,30.361,3.74111,0.42631
556,278,50,50,0,0,0,0,1,179.533,0.24908,0.15,389,30.361,2.89215,0.42631
557,48,11,11,0,0,1,0,0,4.041,0.24845,0.15,389,30.361,4.61015,0.42631
558,235,50,50,0,0,0,0,1,183.913,0.24783,0.15,389,30.361,2.94486,0.42716
559,134,31,31,0,0,1,0,0,82.445,0.24721,0.15,389,30.361,3.11881,0.42716
560,138,38,38,0,0,1,0,0,104.861,0.2466,0.15,389,30.361,3.80524,0.42716
561,257,50,50,0,0,0,0,1,190.403,0.24598,0.15,389,30.361,2.9861,0.42716
562,354,50,50,0,0,0,0,1,186.912,0.24537,0.15,389,30.361,3.11398,0.42802
563,289,47,47,0,0,1,0,0,135.442,0.24475,0.15,389,30.361,3.2539,0.42802
564,222,50,50,0,0,0,0,1,179.389,0.24414,0.15,389,30.361,2.80306,0.42802
565,204,47,47,0,0,1,0,0,141.972,0.24353,0.15,389,30.361,2.58922,0.42802
566,100,27,27,0,0,1,0,0,61.74,0.24293,0.15,389,30.361,3.29924,0.42802
567,138,47,47,0,0,1,0,0,131.14,0.24232,0.15,389,30.361,3.24386,0.42845
568,184,50,50,0,0,0,0,1,189.038,0.24171,0.15,389,30.361,3.0864,0.42888
569,157,50,50,0,0,0,0,1,184.359,0.24111,0.15,389,30.361,2.77157,0.42888
570,201,50,50,0,0,0,0,1,185.267,0.24051,0.15,389,30.361,3.25816,0.42888
571,179,50,50,0,0,0,0,1,189.143,0.23991,0.15,389,30.361,3.26222,0.42888
572,145,50,50,0,0,0,0,1,189.32,0.23931,0.15,389,30.361,2.51135,0.42888
573,160,50,50,0,0,0,0,1,186.618,0.23871,0.15,389,30.361,2.94832,0.42888
574,200,50,50,0,0,0,0,1,189.06,0.23812,0.15,389,30.361,3.20367,0.42888
575,169,50,50,0,0,0,0,1,186.615,0.23752,0.15,389,30.361,2.95822,0.42888
576,232,50,50,0,0,0,0,1,188.623,0.23693,0.15,389,30.361,2.94072,0.42888
577,176,50,50,0,0,0,0,1,183.207,0.23634,0.15,389,30.361,2.80497,0.42888
578,106,38,38,0,0,1,0,0,97.227,0.23575,0.15,389,30.361,3.56849,0.42888
579,185,50,50,0,0,0,0,1,186.93,0.23516,0.15,389,30.361,2.71,0.42888
580,187,50,50,0,0,0,0,1,184.8,0.23457,0.15,389,30.361,2.99198,0.42888
581,207,50,50,0,0,0,0,1,182.652,0.23398,0.15,389,30.361,2.78363,0.42888
582,212,50,50,0,0,0,0,1,191.855,0.2334,0.15,389,30.361,3.06336,0.42888
583,176,35,35,0,0,1,0,0,84.984,0.23282,0.15,389,30.361,3.59311,0.42888
584,207,50,50,0,0,0,0,1,186.456,0.23224,0.15,389,30.361,2.91943,0.42888
585,200,50,50,0,0,0,0,1,187.743,0.23166,0.15,389,30.361,2.39613,0.42888
586,170,50,50,0,0,0,0,1,186.454,0.23108,0.15,389,30.361,3.05311,0.42888
587,175,50,50,0,0,0,0,1,177.922,0.2305,0.15,389,30.361,3.28591,0.42888
588,232,50,50,0,0,0,0,1,186.664,0.22993,0.15,389,30.361,2.68485,0.42888
589,197,50,50,0,0,0,0,1,188.466,0.22935,0.15,389,30.361,3.11946,0.42888
590,191,50,50,0,0,0,0,1,182.261,0.22878,0.15,389,30.361,2.9991,0.42888
591,102,32,32,0,0,1,0,0,78.245,0.22821,0.15,389,30.361,3.09874,0.42888
592,224,50,50,0,0,0,0,1,192.754,0.22764,0.15,389,30.361,2.89529,0.42888
593,87,27,27,0,0,1,0,0,58.55,0.22707,0.15,389,30.361,3.92114,0.42888
594,222,50,50,0,0,0,0,1,183.723,0.2265,0.15,389,30.361,3.51861,0.42888
595,163,50,50,0,0,0,0,1,180.718,0.22594,0.15,389,30.361,2.93626,0.42888
596,198,50,50,0,0,0,0,1,181.725,0.22537,0.15,389,30.361,2.60365,0.42888
597,196,50,50,0,0,1,0,0,152.844,0.22481,0.15,393,30.361,3.18484,0.42621
598,173,50,50,0,0,0,0,1,184.243,0.22425,0.15,393,30.361,2.9931,0.42621
599,18,4,4,0,0,1,0,0,-18.69,0.22369,0.15,393,30.361,5.48389,0.42621
600,145,43,43,0,0,1,0,0,125.822,0.22313,0.15,393,30.361,3.02911,0.42621
601,130,37,37,0,0,1,0,0,102.377,0.22257,0.15,393,30.361,2.96448,0.42621
602,188,50,50,0,0,0,0,1,192.614,0.22202,0.15,393,30.361,2.63212,0.42663
603,177,50,50,0,0,0,0,1,186.532,0.22146,0.15,393,30.361,2.80668,0.42663
604,171,50,50,0,0,0,0,1,188.098,0.22091,0.15,393,30.361,2.79555,0.42663
605,222,50,50,0,0,0,0,1,192.816,0.22036,0.15,393,30.361,3.12164,0.42663
606,187,50,50,0,0,0,0,1,188.427,0.21981,0.15,393,30.361,2.80226,0.42663
607,164,50,50,0,0,0,0,1,190.19,0.21926,0.15,393,30.361,2.81268,0.42663
608,198,50,50,0,0,0,0,1,186.245,0.21871,0.15,393,30.361,3.15478,0.42663
609,184,50,50,0,0,0,0,1,187.156,0.21817,0.15,393,30.361,2.63007,0.42663
610,72,29,29,0,0,1,0,0,67.434,0.21762,0.15,393,30.361,4.03563,0.42706
611,172,50,50,0,0,0,0,1,191.452,0.21708,0.15,393,30.361,2.87459,0.42706
612,183,50,50,0,0,0,0,1,187.132,0.21654,0.15,393,30.361,2.97917,0.42706
613,94,30,30,0,0,1,0,0,69.115,0.216,0.15,393,30.361,4.14079,0.42706
614,166,50,50,0,0,0,0,1,188.353,0.21546,0.15,393,30.361,2.97571,0.42706
615,214,50,50,0,0,0,0,1,195.633,0.21492,0.15,393,30.361,2.9242,0.42748
616,228,50,50,0,0,0,0,1,190.151,0.21438,0.15,393,30.361,2.81692,0.42748
617,182,50,50,0,0,0,0,1,182.171,0.21385,0.15,393,30.361,2.88438,0.42748
618,184,50,50,0,0,0,0,1,178.727,0.21331,0.15,393,30.361,3.16418,0.42748
619,170,49,49,0,0,1,0,0,145.874,0.21278,0.15,393,30.361,3.3556,0.42748
620,183,50,50,0,0,0,0,1,188.465,0.21225,0.15,393,30.361,2.77877,0.42748
621,152,50,50,0,0,0,0,1,185.524,0.21172,0.15,393,30.361,2.629,0.42748
622,208,50,50,0,0,0,0,1,196.803,0.21119,0.15,393,30.361,2.52078,0.42748
623,122,33,33,0,0,1,0,0,91.402,0.21066,0.15,393,30.361,3.35767,0.42748
624,170,50,50,0,0,0,0,1,185.523,0.21014,0.15,393,30.361,2.42035,0.42748
625,183,50,50,0,0,0,0,1,185.171,0.20961,0.15,393,30.361,2.76679,0.42748
626,234,50,50,0,0,0,0,1,181.419,0.20909,0.15,393,30.361,2.83757,0.42748
627,222,50,50,0,0,1,0,0,158.317,0.20857,0.15,395,30.361,3.10804,0.42827
628,157,50,50,0,0,0,0,1,188.045,0.20805,0.15,395,30.361,2.30284,0.42827
629,183,50,50,0,0,0,0,1,191.64,0.20753,0.15,395,30.361,2.3847,0.42827
630,172,50,50,0,0,0,0,1,183.841,0.20701,0.15,395,30.361,2.80128,0.42827
631,172,50,50,0,0,0,0,1,187.179,0.20649,0.15,395,30.361,2.44216,0.42827
632,189,50,50,0,0,0,0,1,195.182,0.20598,0.15,395,30.361,2.629,0.42827
633,191,50,50,0,0,0,0,1,190.669,0.20546,0.15,395,30.361,2.67098,0.42827
634,204,50,50,0,0,0,0,1,186.829,0.20495,0.15,396,30.361,3.25975,0.42803
635,152,50,50,0,0,0,0,1,183.502,0.20444,0.15,396,30.361,2.97045,0.42803
636,185,50,50,0,0,0,0,1,187.496,0.20393,0.15,396,30.361,3.20819,0.42803
637,200,50,50,0,0,0,0,1,191.616,0.20342,0.15,396,30.361,2.78347,0.42803
638,198,50,50,0,0,0,0,1,191.313,0.20291,0.15,396,30.361,2.757,0.42803
639,186,50,50,0,0,0,0,1,191.02,0.2024,0.15,396,30.361,2.56908,0.42803
640,218,50,50,0,0,0,0,1,185.997,0.2019,0.15,396,30.361,3.13987,0.42803
641,129,32,32,0,0,1,0,0,80.699,0.20139,0.15,396,30.361,3.30138,0.42803
642,161,50,50,0,0,0,0,1,184.422,0.20089,0.15,396,30.361,2.69807,0.42803
643,37,15,15,0,0,1,0,0,18.614,0.20039,0.15,396,30.361,4.12583,0.42803
644,97,30,30,0,0,1,0,0,71.405,0.19989,0.15,396,30.361,3.88312,0.42803
645,165,50,50,0,0,0,0,1,189.722,0.19939,0.15,396,30.361,2.86443,0.42803
646,192,50,50,0,0,0,0,1,189.409,0.19889,0.15,396,30.361,3.15088,0.42803
647,189,50,50,0,0,0,0,1,188.091,0.19839,0.15,396,30.361,2.63836,0.42803
648,68,14,14,0,0,1,0,0,20.301,0.1979,0.15,396,30.361,3.28041,0.42803
649,192,50,50,0,0,0,0,1,180.503,0.1974,0.15,396,30.361,2.68748,0.42803
650,186,50,50,0,0,0,0,1,181.282,0.19691,0.15,396,30.361,3.01721,0.42845
651,204,50,50,0,0,0,0,1,183.939,0.19642,0.15,396,30.361,2.76873,0.42845
652,160,50,50,0,0,0,0,1,187.595,0.19593,0.15,396,30.361,2.83826,0.42845
653,144,50,50,0,0,0,0,1,184.277,0.19544,0.15,396,30.361,2.72306,0.42845
654,149,50,50,0,0,0,0,1,184.314,0.19495,0.15,396,30.361,2.72236,0.42845
655,125,42,42,0,0,1,0,0,119.811,0.19447,0.15,396,30.361,3.4553,0.42845
656,191,50,50,0,0,0,0,1,192.264,0.19398,0.15,396,30.361,2.6392,0.42845
657,163,50,50,0,0,0,0,1,186.131,0.1935,0.15,396,30.361,2.69483,0.42845
658,171,50,50,0,0,0,0,1,191.859,0.19301,0.15,396,30.361,2.48746,0.42845
659,162,50,50,0,0,0,0,1,181.89,0.19253,0.15,398,30.361,3.64479,0.42714
660,171,50,50,0,0,0,0,1,187.817,0.19205,0.15,398,30.361,2.79012,0.42714
661,83,31,31,0,0,1,0,0,75.938,0.19157,0.15,398,30.361,3.49248,0.42714
662,181,50,50,0,0,0,0,1,185.562,0.19109,0.15,398,30.361,3.40118,0.42714
663,142,50,50,0,0,0,0,1,184.475,0.19061,0.15,398,30.361,2.53258,0.42714
664,207,50,50,0,0,0,0,1,191.395,0.19014,0.15,399,30.361,3.45592,0.42648
665,178,50,50,0,0,1,0,0,151.808,0.18966,0.15,402,30.361,3.47157,0.42454
666,131,41,41,0,0,1,0,0,119.421,0.18919,0.15,402,30.361,2.75052,0.42454
667,151,50,50,0,0,0,0,1,187.037,0.18872,0.15,402,30.361,2.74575,0.42454
668,164,50,50,0,0,0,0,1,190.962,0.18825,0.15,402,30.361,3.03298,0.42454
669,132,50,50,0,0,0,0,1,180.262,0.18778,0.15,402,30.361,2.6349,0.42454
670,185,50,50,0,0,0,0,1,187.074,0.18731,0.15,402,30.361,3.00483,0.42454
671,174,50,50,0,0,0,0,1,188.145,0.18684,0.15,402,30.361,2.89008,0.42454
672,63,20,20,0,0,1,0,0,36.442,0.18637,0.15,402,30.361,4.54543,0.42454
673,172,50,50,0,0,0,0,1,188.316,0.18591,0.15,402,30.361,2.9248,0.42454
674,178,50,50,0,0,0,0,1,195.72,0.18544,0.15,402,30.361,2.5962,0.42454
675,154,44,44,0,0,1,0,0,126.672,0.18498,0.15,402,30.361,3.83979,0.42454
676,191,50,50,0,0,0,0,1,185.844,0.18452,0.15,402,30.361,3.13094,0.42454
677,106,20,20,0,0,1,0,0,41.798,0.18406,0.15,402,30.361,3.69795,0.42454
678,151,50,50,0,0,0,0,1,180.487,0.1836,0.15,402,30.361,3.03632,0.42454
679,176,50,50,0,0,0,0,1,179.731,0.18314,0.15,402,30.361,3.03458,0.42454
680,174,50,50,0,0,0,0,1,180.711,0.18268,0.15,402,30.361,3.26266,0.42454
681,272,50,50,0,0,0,0,1,182.551,0.18223,0.15,402,30.361,3.18202,0.42454
682,262,50,50,0,0,0,0,1,189.22,0.18177,0.15,402,30.361,3.01803,0.42454
683,273,50,50,0,0,0,0,1,183.63,0.18132,0.15,402,30.361,3.12711,0.42454
684,321,50,50,0,0,0,0,1,189.936,0.18087,0.15,402,30.361,2.891,0.42454
685,156,50,50,0,0,0,0,1,180.854,0.18041,0.15,402,30.361,2.41794,0.42454
686,133,44,44,0,0,1,0,0,133.621,0.17996,0.15,403,30.361,2.94658,0.4239
687,167,50,50,0,0,0,0,1,186.826,0.17951,0.15,403,30.361,2.77013,0.4239
688,171,50,50,0,0,0,0,1,185.525,0.17907,0.15,404,30.361,3.21412,0.42327
689,199,50,50,0,0,0,0,1,186.716,0.17862,0.15,404,30.361,3.16022,0.42327
690,233,50,50,0,0,0,0,1,198.847,0.17817,0.15,404,30.361,2.31591,0.42327
691,203,50,50,0,0,0,0,1,193.182,0.17773,0.15,404,30.361,2.69765,0.42327
692,162,50,50,0,0,0,0,1,190.437,0.17728,0.15,404,30.361,2.57273,0.42327
693,196,50,50,0,0,0,0,1,195.18,0.17684,0.15,404,30.361,2.95924,0.42327
694,143,50,50,0,0,0,0,1,181.487,0.1764,0.15,404,30.361,2.76841,0.42327
695,70,28,28,0,0,1,0,0,69.024,0.17596,0.15,404,30.361,3.63768,0.42327
696,176,50,50,0,0,0,0,1,185.451,0.17552,0.15,404,30.361,2.71234,0.42327
697,175,50,50,0,0,0,0,1,194.823,0.17508,0.15,404,30.361,2.77318,0.42327
698,16,5,5,0,0,1,0,0,-13.688,0.17464,0.15,404,30.361,6.91075,0.42327
699,143,50,50,0,0,0,0,1,179.626,0.17421,0.15,404,30.361,3.03527,0.42327
700,165,50,50,0,0,0,0,1,191.824,0.17377,0.15,404,30.361,2.52045,0.42327
701,142,50,50,0,0,0,0,1,184.131,0.17334,0.15,404,30.361,2.71944,0.42327
702,187,50,50,0,0,0,0,1,190.964,0.17291,0.15,404,30.361,2.91372,0.42327
703,170,50,50,0,0,0,0,1,185.194,0.17248,0.15,404,30.361,2.54642,0.42327
704,57,15,15,0,0,1,0,0,22.486,0.17204,0.15,404,30.361,3.49112,0.42327
705,5,1,1,0,0,1,0,0,-29.37,0.17162,0.15,404,30.361,14.56137,0.42327
706,185,50,50,0,0,0,0,1,191.056,0.17119,0.15,404,30.361,2.7829,0.42327
707,169,50,50,0,0,0,0,1,185.864,0.17076,0.15,404,30.361,2.91232,0.42327
708,148,50,50,0,0,0,0,1,178.9,0.17033,0.15,404,30.361,2.9396,0.42327
709,102,38,38,0,0,1,0,0,102.677,0.16991,0.15,404,30.361,3.2641,0.42327
710,159,50,50,0,0,0,0,1,185.016,0.16948,0.15,404,30.361,2.99725,0.42327
711,178,50,50,0,0,0,0,1,191.201,0.16906,0.15,404,30.361,2.82113,0.42327
712,143,50,50,0,0,0,0,1,184.142,0.16864,0.15,404,30.361,3.34371,0.42327
713,167,50,50,0,0,0,0,1,190.022,0.16822,0.15,404,30.361,2.9446,0.42327
714,168,50,50,0,0,0,0,1,188.54,0.1678,0.15,404,30.361,2.78477,0.42327
715,183,50,50,0,0,0,0,1,192.035,0.16738,0.15,404,30.361,2.81812,0.42327
716,182,50,50,0,0,0,0,1,185.656,0.16696,0.15,404,30.361,2.80824,0.42327
717,247,50,50,0,0,0,0,1,191.39,0.16654,0.15,404,30.361,2.82924,0.42327
718,163,50,50,0,0,0,0,1,180.215,0.16613,0.15,404,30.361,2.84311,0.42327
719,178,50,50,0,0,0,0,1,188.748,0.16571,0.15,404,30.361,2.47519,0.42327
720,131,50,50,0,0,0,0,1,182.525,0.1653,0.15,404,30.361,2.64737,0.42327
721,157,50,50,0,0,0,0,1,183.297,0.16489,0.15,404,30.361,3.25984,0.42327
722,163,50,50,0,0,0,0,1,187.016,0.16447,0.15,404,30.361,3.10233,0.42327
723,174,50,50,0,0,0,0,1,181.702,0.16406,0.15,404,30.361,3.34113,0.42327
724,129,50,50,0,0,0,0,1,183.953,0.16365,0.15,404,30.361,2.77626,0.42327
725,140,50,50,0,0,0,0,1,180.594,0.16325,0.15,404,30.361,3.68399,0.42327
726,138,50,50,0,0,0,0,1,188.648,0.16284,0.15,404,30.361,2.43001,0.42327
727,172,50,50,0,0,0,0,1,183.6,0.16243,0.15,405,30.361,3.15887,0.42263
728,154,50,50,0,0,0,0,1,188.41,0.16203,0.15,405,30.361,2.43949,0.42263
729,15,3,3,0,0,1,0,0,-20.402,0.16162,0.15,405,30.361,7.47466,0.42263
730,199,50,50,0,0,0,0,1,193.713,0.16122,0.15,405,30.361,3.18239,0.42263
731,167,50,50,0,0,0,0,1,189.873,0.16082,0.15,405,30.361,3.04539,0.42263
732,106,35,35,0,0,1,0,0,92.296,0.16041,0.15,405,30.361,3.40778,0.42263
733,154,50,50,0,0,0,0,1,187.722,0.16001,0.15,405,30.361,3.39,0.42263
734,151,50,50,0,0,0,0,1,184.263,0.15961,0.15,405,30.361,2.73219,0.42263
735,162,50,50,0,0,0,0,1,175.899,0.15921,0.15,405,30.361,3.0402,0.42263
736,159,50,50,0,0,0,0,1,185.51,0.15882,0.15,405,30.361,3.10628,0.42263
737,172,50,50,0,0,0,0,1,196.244,0.15842,0.15,405,30.361,2.43094,0.42263
738,168,50,50,0,0,0,0,1,181.419,0.15803,0.15,405,30.361,2.89586,0.42263
739,186,50,50,0,0,0,0,1,185.904,0.15763,0.15,405,30.361,3.18602,0.42263
740,186,50,50,0,0,0,0,1,185.313,0.15724,0.15,405,30.361,2.88149,0.42263
741,210,50,50,0,0,0,0,1,185.571,0.15684,0.15,405,30.361,2.73194,0.42263
742,340,50,50,0,0,0,0,1,191.858,0.15645,0.15,405,30.361,2.6234,0.42263
743,193,50,50,0,0,0,0,1,187.221,0.15606,0.15,406,30.361,2.87591,0.42282
744,164,50,50,0,0,0,0,1,190.472,0.15567,0.15,406,30.361,2.46973,0.42282
745,162,50,50,0,0,0,0,1,184.681,0.15528,0.15,406,30.361,2.4329,0.42282
746,190,50,50,0,0,0,0,1,192.794,0.1549,0.15,408,30.361,2.51841,0.42198
747,152,50,50,0,0,0,0,1,186.955,0.15451,0.15,408,30.361,2.77165,0.42198
748,170,50,50,0,0,0,0,1,186.606,0.15412,0.15,408,30.361,2.67304,0.42198
749,5,1,1,0,0,1,0,0,-28.632,0.15374,0.15,408,30.361,16.1808,0.42198
750,172,50,50,0,0,0,0,1,181.011,0.15335,0.15,409,30.361,3.27141,0.42135
751,151,50,50,0,0,0,0,1,187.798,0.15297,0.15,409,30.361,2.48906,0.42135
752,166,50,50,0,0,0,0,1,186.537,0.15259,0.15,409,30.361,2.92999,0.42135
753,163,50,50,0,0,0,0,1,190.506,0.15221,0.15,409,30.361,2.71887,0.42135
754,180,50,50,0,0,0,0,1,188.414,0.15183,0.15,409,30.361,2.67081,0.42135
755,154,50,50,0,0,0,0,1,187.887,0.15145,0.15,409,30.361,2.80938,0.42135
756,178,50,50,0,0,0,0,1,192.377,0.15107,0.15,409,30.361,2.47476,0.42135
757,184,49,49,0,0,1,0,0,149.107,0.15069,0.15,409,30.361,2.75147,0.42135
758,169,50,50,0,0,0,0,1,186.464,0.15032,0.15,409,30.361,2.78017,0.42135
759,147,50,50,0,0,0,0,1,185.139,0.14994,0.15,409,30.361,2.29546,0.42135
760,189,50,50,0,0,0,0,1,194.225,0.14957,0.15,409,30.361,2.53119,0.42135
761,133,50,50,0,0,0,0,1,185.838,0.1492,0.15,409,30.361,2.39604,0.42135
762,145,50,50,0,0,0,0,1,184.188,0.14882,0.15,409,30.361,2.9091,0.42135
763,161,50,50,0,0,0,0,1,193.912,0.14845,0.15,409,30.361,2.35488,0.42135
764,11,5,5,0,0,1,0,0,-15.526,0.14808,0.15,409,30.361,8.02118,0.42135
765,146,50,50,0,0,0,0,1,189.784,0.14771,0.15,409,30.361,2.18966,0.42135
766,158,49,49,0,0,1,0,0,148.912,0.14734,0.15,409,30.361,2.81086,0.42135
767,168,50,50,0,0,0,0,1,187.244,0.14697,0.15,409,30.361,2.60785,0.42135
768,162,50,50,0,0,0,0,1,194.614,0.14661,0.15,409,30.361,2.38403,0.42135
769,136,50,50,0,0,0,0,1,179.22,0.14624,0.15,409,30.361,3.11901,0.42135
770,186,50,50,0,0,0,0,1,188.433,0.14588,0.15,409,30.361,3.1306,0.42135
771,201,50,50,0,0,0,0,1,187.021,0.14551,0.15,409,30.361,2.48155,0.42135
772,178,50,50,0,0,0,0,1,197.158,0.14515,0.15,409,30.361,2.26056,0.42135
773,184,50,50,0,0,0,0,1,185.286,0.14479,0.15,409,30.361,2.72691,0.42135
774,160,50,50,0,0,0,0,1,182.957,0.14442,0.15,409,30.361,2.80998,0.42135
775,190,50,50,0,0,0,0,1,197.53,0.14406,0.15,409,30.361,2.82977,0.42135
776,193,50,50,0,0,0,0,1,189.498,0.1437,0.15,409,30.361,3.14183,0.42135
777,199,50,50,0,0,0,0,1,184.747,0.14335,0.15,409,30.361,2.88703,0.42135
778,194,50,50,0,0,0,0,1,192.643,0.14299,0.15,409,30.361,2.41046,0.42176
779,162,50,50,0,0,0,0,1,188.081,0.14263,0.15,409,30.361,2.53466,0.42176
780,171,50,50,0,0,0,0,1,188.042,0.14227,0.15,409,30.361,2.72548,0.42176
781,140,50,50,0,0,0,0,1,179.69,0.14192,0.15,409,30.361,2.81064,0.42176
782,152,50,50,0,0,0,0,1,184.101,0.14156,0.15,409,30.361,2.99148,0.42176
783,164,50,50,0,0,0,0,1,188.039,0.14121,0.15,409,30.361,2.71698,0.42176
784,154,50,50,0,0,0,0,1,188.817,0.14086,0.15,409,30.361,2.4894,0.42176
785,153,50,50,0,0,0,0,1,189.776,0.14051,0.15,409,30.361,2.37778,0.42176
786,153,50,50,0,0,0,0,1,188.245,0.14016,0.15,409,30.361,2.93157,0.42176
787,151,50,50,0,0,0,0,1,183.925,0.13981,0.15,409,30.361,2.70552,0.42176
788,130,50,50,0,0,0,0,1,184.996,0.13946,0.15,409,30.361,2.82291,0.42176
789,140,50,50,0,0,0,0,1,188.539,0.13911,0.15,409,30.361,2.62247,0.42176
790,183,50,50,0,0,0,0,1,192.485,0.13876,0.15,409,30.361,2.72199,0.42176
791,182,50,50,0,0,0,0,1,189.863,0.13841,0.15,409,30.361,2.61844,0.42176
792,149,50,50,0,0,0,0,1,186.424,0.13807,0.15,409,30.361,2.55436,0.42176
793,151,50,50,0,0,0,0,1,192.471,0.13772,0.15,409,30.361,2.33352,0.42176
794,149,50,50,0,0,0,0,1,190.324,0.13738,0.15,409,30.361,2.55348,0.42176
795,163,50,50,0,0,0,0,1,187.815,0.13704,0.15,409,30.361,2.67102,0.42176
796,171,50,50,0,0,0,0,1,188.149,0.1367,0.15,409,30.361,2.87356,0.42176
797,184,50,50,0,0,0,0,1,190.981,0.13635,0.15,409,30.361,2.46694,0.42176
798,165,50,50,0,0,0,0,1,191.185,0.13601,0.15,409,30.361,2.63827,0.42176
799,59,20,20,0,0,1,0,0,37.77,0.13567,0.15,409,30.361,3.72169,0.42176
800,173,50,50,0,0,0,0,1,188.411,0.13534,0.15,409,30.361,2.94407,0.42176
801,151,50,50,0,0,0,0,1,185.269,0.135,0.15,409,30.361,2.55468,0.42176
802,172,50,50,0,0,0,0,1,192.651,0.13466,0.15,409,30.361,2.80451,0.42176
803,160,50,50,0,0,0,0,1,180.848,0.13432,0.15,409,30.361,3.07213,0.42176
804,159,50,50,0,0,0,0,1,183.098,0.13399,0.15,409,30.361,3.01285,0.42176
805,161,50,50,0,0,0,0,1,178.368,0.13365,0.15,409,30.361,3.15703,0.42176
806,203,50,50,0,0,0,0,1,194.0,0.13332,0.15,409,30.361,2.85934,0.42176
807,184,50,50,0,0,0,0,1,191.622,0.13299,0.15,409,30.361,2.50276,0.42176
808,173,50,50,0,0,0,0,1,190.341,0.13266,0.15,409,30.361,2.82369,0.42176
809,149,50,50,0,0,0,0,1,197.412,0.13232,0.15,409,30.361,2.26769,0.42176
810,139,50,50,0,0,0,0,1,183.814,0.13199,0.15,409,30.361,2.67079,0.42176
811,98,31,31,0,0,1,0,0,75.864,0.13166,0.15,409,30.361,3.09482,0.42176
812,161,50,50,0,0,0,0,1,192.118,0.13134,0.15,409,30.361,2.4863,0.42176
813,168,50,50,0,0,0,0,1,187.998,0.13101,0.15,409,30.361,2.83455,0.42176
814,146,50,50,0,0,0,0,1,183.838,0.13068,0.15,409,30.361,2.80843,0.42176
815,138,50,50,0,0,0,0,1,184.247,0.13035,0.15,409,30.361,2.17936,0.42176
816,143,50,50,0,0,0,0,1,189.529,0.13003,0.15,409,30.361,2.92753,0.42176
817,155,47,47,0,0,1,0,0,146.683,0.1297,0.15,409,30.361,2.94056,0.42176
818,129,37,37,0,0,1,0,0,109.041,0.12938,0.15,409,30.361,2.8959,0.42176
819,146,50,50,0,0,0,0,1,190.464,0.12906,0.15,409,30.361,2.33327,0.42176
820,146,50,50,0,0,0,0,1,185.855,0.12873,0.15,409,30.361,2.77049,0.42176
821,134,50,50,0,0,0,0,1,187.303,0.12841,0.15,409,30.361,2.60944,0.42176
822,155,50,50,0,0,0,0,1,183.564,0.12809,0.15,409,30.361,3.20506,0.42176
823,43,16,16,0,0,1,0,0,22.924,0.12777,0.15,409,30.361,4.45211,0.42176
824,131,50,50,0,0,0,0,1,183.404,0.12745,0.15,409,30.361,2.59432,0.42176
825,60,23,23,0,0,1,0,0,49.18,0.12714,0.15,409,30.361,3.66148,0.42176
826,143,50,50,0,0,0,0,1,187.53,0.12682,0.15,409,30.361,2.59291,0.42176
827,174,50,50,0,0,0,0,1,196.646,0.1265,0.15,409,30.361,2.67742,0.42176
828,140,50,50,0,0,0,0,1,183.494,0.12619,0.15,409,30.361,2.85783,0.42176
829,167,50,50,0,0,0,0,1,190.76,0.12587,0.15,409,30.361,2.75849,0.42176
830,159,50,50,0,0,0,0,1,180.405,0.12556,0.15,409,30.361,2.77515,0.42217
831,150,50,50,0,0,0,0,1,193.549,0.12524,0.15,409,30.361,2.31348,0.42217
832,167,50,50,0,0,0,0,1,192.342,0.12493,0.15,409,30.361,2.90978,0.42217
833,176,50,50,0,0,0,0,1,185.521,0.12462,0.15,409,30.361,3.18472,0.42217
834,184,50,50,0,0,0,0,1,190.334,0.12431,0.15,409,30.361,3.04219,0.42217
835,193,50,50,0,0,0,0,1,186.649,0.124,0.15,409,30.361,3.05095,0.42217
836,18,3,3,0,0,1,0,0,-23.237,0.12369,0.15,409,30.5634,7.18985,0.42217
837,187,50,50,0,0,0,0,1,181.309,0.12338,0.15,409,30.5634,2.71438,0.42217
838,172,50,50,0,0,0,0,1,189.777,0.12307,0.15,409,30.5634,2.72412,0.42217
839,233,50,50,0,0,0,0,1,195.177,0.12276,0.15,409,30.5634,2.66602,0.42217
840,354,50,50,0,0,0,0,1,182.897,0.12246,0.15,411,30.5634,3.23316,0.42133
841,400,50,50,0,0,0,0,1,188.162,0.12215,0.15,411,30.5634,3.42278,0.42133
842,335,50,50,0,0,0,0,1,175.281,0.12185,0.15,411,30.5634,3.34354,0.42133
843,400,32,32,0,0,0,0,1,112.173,0.12154,0.15,411,30.5634,3.92839,0.42133
844,306,46,46,0,0,1,0,0,125.481,0.12124,0.15,411,30.5634,3.85942,0.42133
845,400,49,49,0,0,0,0,1,165.28,0.12094,0.15,411,30.5634,3.22109,0.42133
846,189,27,27,0,0,1,0,0,49.547,0.12063,0.15,411,30.5634,3.57035,0.42133
847,400,32,32,0,0,0,0,1,100.684,0.12033,0.15,411,30.5634,3.41543,0.42133
848,89,12,12,0,0,1,0,0,2.997,0.12003,0.15,411,30.5634,3.92623,0.42133
849,400,31,31,0,0,0,0,1,103.562,0.11973,0.15,411,30.5634,3.22959,0.42133
850,21,3,3,0,0,1,0,0,-23.331,0.11943,0.15,411,30.5634,7.39587,0.42133
851,400,31,31,0,0,0,0,1,98.033,0.11913,0.15,411,30.5634,3.18812,0.42133
852,400,39,39,0,0,0,0,1,140.806,0.11884,0.15,411,30.5634,3.19006,0.42133
853,164,28,28,0,0,1,0,0,55.275,0.11854,0.15,411,30.5634,3.59618,0.42133
854,400,46,46,0,0,0,0,1,164.799,0.11824,0.15,411,30.5634,2.77043,0.42133
855,400,44,44,0,0,0,0,1,137.697,0.11795,0.15,411,30.5634,3.29532,0.42133
856,400,48,48,0,0,0,0,1,161.33,0.11765,0.15,411,30.5634,2.81932,0.42133
857,400,43,43,0,0,0,0,1,142.085,0.11736,0.15,411,30.5634,3.06188,0.42133
858,400,43,43,0,0,0,0,1,139.88,0.11707,0.15,411,30.5634,2.85898,0.42133
859,400,49,49,0,0,0,0,1,169.587,0.11678,0.15,411,30.5634,2.68125,0.42133
860,232,35,35,0,0,1,0,0,80.489,0.11648,0.15,411,30.5634,3.05453,0.42133
861,400,46,46,0,0,0,0,1,156.39,0.11619,0.15,411,30.5634,2.60707,0.42133
862,391,50,50,0,0,0,0,1,180.621,0.1159,0.15,414,30.5634,2.43887,0.42029
863,400,38,38,0,0,0,0,1,141.27,0.11561,0.15,414,30.5634,2.40222,0.42029
864,400,48,48,0,0,0,0,1,162.182,0.11533,0.15,414,30.5634,2.7282,0.42029
865,324,50,50,0,0,0,0,1,183.523,0.11504,0.15,414,30.5634,2.65257,0.42029
866,400,47,47,0,0,0,0,1,163.124,0.11475,0.15,414,30.5634,2.38276,0.42029
867,356,38,38,0,0,1,0,0,93.28,0.11446,0.15,414,30.5634,2.48858,0.42029
868,353,50,50,0,0,0,0,1,177.618,0.11418,0.15,415,30.5634,2.92998,0.42008
869,400,49,49,0,0,0,0,1,178.794,0.11389,0.15,415,30.5634,2.82445,0.42008
870,292,50,50,0,0,0,0,1,178.216,0.11361,0.15,415,30.5634,2.72879,0.42008
871,103,18,18,0,0,1,0,0,30.445,0.11332,0.15,415,30.5634,3.08531,0.42008
872,353,50,50,0,0,0,0,1,180.873,0.11304,0.15,415,30.5634,2.66282,0.42008
873,357,50,50,0,0,0,0,1,186.421,0.11276,0.15,415,30.5634,2.55553,0.42008
874,247,50,50,0,0,0,0,1,175.275,0.11248,0.15,415,30.5634,2.86399,0.42008
875,266,50,50,0,0,0,0,1,187.584,0.1122,0.15,415,30.5634,2.35714,0.42008
876,216,50,50,0,0,0,0,1,188.186,0.11192,0.15,415,30.5634,2.73796,0.42048
877,236,50,50,0,0,0,0,1,185.163,0.11164,0.15,415,30.5634,2.83623,0.42048
878,239,50,50,0,0,0,0,1,179.795,0.11136,0.15,415,30.5634,2.99707,0.42048
879,234,50,50,0,0,0,0,1,178.564,0.11108,0.15,415,30.5634,2.85507,0.42088
880,20,8,8,0,0,1,0,0,-6.219,0.1108,0.15,415,30.5634,6.54522,0.42088
881,324,50,50,0,0,0,0,1,187.665,0.11053,0.15,417,30.5634,2.72968,0.41966
882,36,7,7,0,0,1,0,0,-7.318,0.11025,0.15,417,30.5634,3.66651,0.41966
883,177,35,35,0,0,1,0,0,87.384,0.10998,0.15,417,30.5634,2.93259,0.41966
884,69,19,19,0,0,1,0,0,34.654,0.1097,0.15,417,30.5634,3.68405,0.41966
885,163,45,45,0,0,1,0,0,120.752,0.10943,0.15,417,30.5634,3.15136,0.41966
886,229,50,50,0,0,0,0,1,183.835,0.10915,0.15,417,30.5634,2.58981,0.41966
887,191,50,50,0,0,0,0,1,178.672,0.10888,0.15,417,30.5634,3.01319,0.41966
888,228,50,50,0,0,0,0,1,182.846,0.10861,0.15,417,30.5634,2.60366,0.41966
889,239,50,50,0,0,0,0,1,182.845,0.10834,0.15,417,30.5634,2.61595,0.41966
890,274,50,50,0,0,0,0,1,184.369,0.10807,0.15,417,30.5634,2.62725,0.41966
891,251,50,50,0,0,0,0,1,186.345,0.1078,0.15,417,30.5634,2.85845,0.41966
892,238,50,50,0,0,0,0,1,186.202,0.10753,0.15,419,30.5634,2.5858,0.41846
893,206,50,50,0,0,0,0,1,174.93,0.10726,0.15,419,30.5634,3.02053,0.41846
894,273,50,50,0,0,0,0,1,187.343,0.10699,0.15,419,30.5634,2.80906,0.41846
895,38,18,18,0,0,1,0,0,28.683,0.10672,0.15,419,30.5634,4.60305,0.41846
896,16,6,6,0,0,1,0,0,-12.694,0.10646,0.15,419,30.5634,6.63009,0.41846
897,216,50,50,0,0,0,0,1,182.317,0.10619,0.15,419,30.5634,2.76534,0.41846
898,61,22,22,0,0,1,0,0,42.317,0.10593,0.15,419,30.5634,3.85126,0.41846
899,251,50,50,0,0,0,0,1,186.81,0.10566,0.15,419,30.5634,2.89754,0.41846
900,319,50,50,0,0,0,0,1,197.42,0.1054,0.15,419,30.5634,2.2622,0.41846
901,239,50,50,0,0,0,0,1,175.64,0.10514,0.15,419,30.5634,2.61802,0.41846
902,211,50,50,0,0,0,0,1,183.992,0.10487,0.15,419,30.5634,2.73001,0.41846
903,173,49,49,0,0,1,0,0,138.379,0.10461,0.15,419,30.5634,3.62972,0.41846
904,180,50,50,0,0,0,0,1,184.086,0.10435,0.15,419,30.5634,3.09784,0.41846
905,278,50,50,0,0,0,0,1,195.052,0.10409,0.15,419,30.5634,2.86442,0.41846
906,237,50,50,0,0,0,0,1,190.482,0.10383,0.15,419,30.5634,2.7733,0.41846
907,136,44,44,0,0,1,0,0,127.858,0.10357,0.15,419,30.5634,3.58503,0.41885
908,168,50,50,0,0,0,0,1,189.004,0.10331,0.15,419,30.5634,2.97166,0.41885
909,180,50,50,0,0,0,0,1,184.54,0.10305,0.15,419,30.5634,2.91288,0.41885
910,28,9,9,0,0,1,0,0,-0.389,0.1028,0.15,419,30.5634,5.13741,0.41885
911,189,50,50,0,0,0,0,1,186.193,0.10254,0.15,419,30.5634,3.08404,0.41885
912,138,50,50,0,0,0,0,1,186.629,0.10228,0.15,419,30.5634,2.86312,0.41885
913,132,47,47,0,0,1,0,0,141.992,0.10203,0.15,419,30.5634,3.4149,0.41885
914,166,50,50,0,0,0,0,1,186.064,0.10177,0.15,419,30.5634,2.98802,0.41885
915,139,50,50,0,0,0,0,1,182.91,0.10152,0.15,419,30.5634,3.43006,0.41885
916,169,50,50,0,0,0,0,1,190.347,0.10127,0.15,419,30.5634,3.23668,0.41885
917,156,50,50,0,0,0,0,1,185.29,0.10101,0.15,419,30.5634,3.18859,0.41885
918,147,50,50,0,0,0,0,1,189.787,0.10076,0.15,419,30.5634,2.69742,0.41885
919,49,19,19,0,0,1,0,0,35.744,0.10051,0.15,419,30.5634,4.25181,0.41885
920,127,50,50,0,0,0,0,1,186.718,0.10026,0.15,419,30.5634,2.84878,0.41885
921,95,43,43,0,0,1,0,0,117.375,0.10001,0.15,419,30.5634,4.19048,0.41885
922,167,50,50,0,0,0,0,1,195.828,0.09976,0.15,419,30.5634,3.24433,0.41885
923,133,50,50,0,0,0,0,1,180.751,0.09951,0.15,419,30.5634,3.82061,0.41885
924,156,50,50,0,0,0,0,1,188.785,0.09926,0.15,419,30.5634,3.23762,0.41885
925,99,39,39,0,0,1,0,0,109.666,0.09901,0.15,419,30.5634,3.81889,0.41885
926,167,50,50,0,0,0,0,1,187.305,0.09877,0.15,419,30.5634,3.54928,0.41885
927,130,50,50,0,0,0,0,1,186.67,0.09852,0.15,419,30.5634,2.95543,0.41885
928,172,50,50,0,0,0,0,1,195.374,0.09827,0.15,419,30.5634,2.98973,0.41885
929,149,50,50,0,0,0,0,1,184.909,0.09803,0.15,419,30.5634,3.32646,0.41885
930,149,50,50,0,0,0,0,1,190.224,0.09778,0.15,419,30.5634,3.0556,0.41885
931,164,50,50,0,0,0,0,1,191.665,0.09754,0.15,419,30.5634,3.0355,0.41885
932,133,50,50,0,0,0,0,1,183.958,0.0973,0.15,419,30.5634,2.81192,0.41885
933,134,50,50,0,0,0,0,1,185.217,0.09705,0.15,419,30.5634,2.97197,0.41885
934,135,50,50,0,0,0,0,1,185.502,0.09681,0.15,419,30.5634,2.75302,0.41885
935,141,50,50,0,0,0,0,1,180.623,0.09657,0.15,419,30.5634,3.48718,0.41885
936,151,49,49,0,0,1,0,0,144.721,0.09633,0.15,419,30.5634,3.09657,0.41885
937,156,50,50,0,0,0,0,1,191.399,0.09609,0.15,419,30.5634,3.18697,0.41885
938,127,50,50,0,0,0,0,1,184.822,0.09585,0.15,419,30.5634,3.14148,0.41885
939,144,50,50,0,0,0,0,1,184.117,0.09561,0.15,419,30.5634,3.14034,0.41885
940,49,24,24,0,0,1,0,0,51.096,0.09537,0.15,419,30.5634,4.29628,0.41885
941,149,50,50,0,0,1,0,0,152.037,0.09513,0.15,420,30.5634,3.82323,0.41865
942,134,50,50,0,0,0,0,1,188.538,0.09489,0.15,420,30.5634,3.10496,0.41865
943,131,50,50,0,0,0,0,1,183.697,0.09466,0.15,420,30.5634,3.11543,0.41865
944,146,50,50,0,0,0,0,1,182.987,0.09442,0.15,420,30.5634,3.50911,0.41865
945,148,50,50,0,0,0,0,1,188.206,0.09418,0.15,420,30.5634,3.06175,0.41865
946,131,50,50,0,0,0,0,1,183.299,0.09395,0.15,420,30.5634,3.12733,0.41865
947,135,50,50,0,0,0,0,1,188.856,0.09371,0.15,420,30.5634,2.6688,0.41865
948,164,50,50,0,0,0,0,1,192.196,0.09348,0.15,420,30.5634,3.22525,0.41865
949,141,50,50,0,0,0,0,1,182.766,0.09325,0.15,420,30.5634,3.02959,0.41865
950,132,50,50,0,0,0,0,1,190.734,0.09301,0.15,420,30.5634,2.46961,0.41865
951,156,50,50,0,0,0,0,1,188.377,0.09278,0.15,420,30.5634,3.43138,0.41865
952,135,50,50,0,0,0,0,1,190.178,0.09255,0.15,420,30.5634,2.5166,0.41865
953,148,50,50,0,0,0,0,1,188.211,0.09232,0.15,420,30.5634,3.17899,0.41865
954,155,50,50,0,0,0,0,1,185.909,0.09209,0.15,420,30.5634,3.21933,0.41865
955,144,50,50,0,0,0,0,1,188.764,0.09186,0.15,420,30.5634,2.78244,0.41865
956,158,50,50,0,0,0,0,1,188.65,0.09163,0.15,420,30.5634,3.02697,0.41865
957,157,50,50,0,0,0,0,1,189.568,0.0914,0.15,420,30.5634,3.24097,0.41865
958,164,50,50,0,0,0,0,1,195.485,0.09117,0.15,420,30.5634,2.86902,0.41865
959,111,50,50,0,0,0,0,1,180.154,0.09095,0.15,420,30.5634,2.58394,0.41865
960,133,50,50,0,0,0,0,1,184.908,0.09072,0.15,420,30.5634,3.50206,0.41865
961,164,50,50,0,0,0,0,1,191.217,0.09049,0.15,420,30.5634,3.07032,0.41865
962,136,50,50,0,0,0,0,1,182.98,0.09027,0.15,420,30.5634,3.48836,0.41865
963,88,28,28,0,0,1,0,0,69.803,0.09004,0.15,420,30.5634,4.62359,0.41865
964,160,50,50,0,0,0,0,1,189.464,0.08982,0.15,420,30.5634,3.11367,0.41865
965,137,50,50,0,0,0,0,1,186.004,0.08959,0.15,420,30.5634,2.84203,0.41865
966,131,50,50,0,0,0,0,1,188.06,0.08937,0.15,420,30.5634,2.97722,0.41865
967,139,50,50,0,0,0,0,1,184.254,0.08914,0.15,420,30.5634,3.10818,0.41865
968,152,50,50,0,0,0,0,1,188.731,0.08892,0.15,420,30.5634,2.86196,0.41865
969,144,50,50,0,0,0,0,1,189.092,0.0887,0.15,420,30.5634,2.97595,0.41865
970,146,50,50,0,0,0,0,1,183.622,0.08848,0.15,420,30.5634,3.47776,0.41865
971,159,50,50,0,0,0,0,1,188.5,0.08826,0.15,420,30.5634,2.87832,0.41865
972,146,50,50,0,0,0,0,1,180.825,0.08804,0.15,420,30.5634,3.12003,0.41865
973,141,50,50,0,0,0,0,1,188.203,0.08782,0.15,420,30.5634,2.85257,0.41865
974,154,50,50,0,0,0,0,1,192.587,0.0876,0.15,420,30.5634,2.82887,0.41865
975,128,50,50,0,0,0,0,1,183.721,0.08738,0.15,420,30.5634,3.12893,0.41865
976,142,50,50,0,0,0,0,1,186.55,0.08716,0.15,420,30.5634,3.00045,0.41865
977,132,50,50,0,0,0,0,1,187.034,0.08694,0.15,420,30.5634,2.46919,0.41865
978,126,48,48,0,0,1,0,0,147.977,0.08673,0.15,420,30.5634,3.11984,0.41865
979,159,50,50,0,0,0,0,1,197.871,0.08651,0.15,420,30.5634,2.50989,0.41865
980,125,50,50,0,0,0,0,1,185.554,0.08629,0.15,420,30.5634,2.5532,0.41865
981,172,50,50,0,0,0,0,1,197.296,0.08608,0.15,420,30.5634,2.41769,0.41865
982,31,12,12,0,0,1,0,0,4.416,0.08586,0.15,420,30.5634,5.09808,0.41865
983,131,50,50,0,0,0,0,1,187.456,0.08565,0.15,420,30.5634,2.44877,0.41865
984,152,50,50,0,0,0,0,1,187.941,0.08543,0.15,420,30.5634,2.93749,0.41865
985,150,50,50,0,0,0,0,1,185.391,0.08522,0.15,420,30.5634,3.45974,0.41865
986,136,50,50,0,0,0,0,1,185.179,0.08501,0.15,420,30.5634,2.63964,0.41865
987,135,50,50,0,0,0,0,1,186.363,0.0848,0.15,420,30.5634,2.56108,0.41865
988,153,50,50,0,0,0,0,1,192.652,0.08458,0.15,420,30.5634,2.67161,0.41865
989,168,50,50,0,0,0,0,1,196.294,0.08437,0.15,420,30.5634,3.12094,0.41865
990,142,50,50,0,0,0,0,1,186.69,0.08416,0.15,420,30.5634,2.7937,0.41865
991,143,50,50,0,0,0,0,1,188.175,0.08395,0.15,420,30.5634,2.65188,0.41865
992,165,50,50,0,0,0,0,1,195.276,0.08374,0.15,420,30.5634,2.75815,0.41865
993,95,41,41,0,0,1,0,0,116.144,0.08353,0.15,420,30.5634,3.11643,0.41865
994,175,50,50,0,0,0,0,1,196.01,0.08333,0.15,420,30.5634,2.70479,0.41865
995,128,50,50,0,0,0,0,1,180.423,0.08312,0.15,420,30.5634,2.71307,0.41865
996,140,49,49,0,0,1,0,0,147.567,0.08291,0.15,420,30.5634,3.10201,0.41865
997,134,50,50,0,0,0,0,1,189.285,0.0827,0.15,420,30.5634,3.05827,0.41865
998,144,50,50,0,0,0,0,1,190.187,0.0825,0.15,420,30.5634,2.48344,0.41865
999,158,50,50,0,0,0,0,1,185.926,0.08229,0.15,422,30.5634,3.27643,0.41746
1000,126,50,50,0,0,0,0,1,183.787,0.08208,0.15,422,30.5634,2.92312,0.41746
1001,173,50,50,0,0,0,0,1,190.214,0.08188,0.15,422,30.5634,3.07629,0.41746
1002,168,49,49,0,0,1,0,0,153.78,0.08168,0.15,422,30.5634,2.99195,0.41746
1003,170,50,50,0,0,0,0,1,189.989,0.08147,0.15,422,30.5634,3.14737,0.41746
1004,158,50,50,0,0,0,0,1,187.157,0.08127,0.15,422,30.5634,2.61422,0.41746
1005,137,50,50,0,0,0,0,1,180.188,0.08107,0.15,422,30.5634,3.57169,0.41746
1006,152,50,50,0,0,0,0,1,187.411,0.08086,0.15,422,30.5634,3.20415,0.41746
1007,118,50,50,0,0,0,0,1,176.796,0.08066,0.15,422,30.5634,3.38961,0.41746
1008,134,50,50,0,0,0,0,1,187.398,0.08046,0.15,422,30.5634,2.35308,0.41746
1009,131,50,50,0,0,0,0,1,183.761,0.08026,0.15,422,30.5634,2.66662,0.41746
1010,130,50,50,0,0,0,0,1,184.728,0.08006,0.15,422,30.5634,2.8312,0.41746
1011,155,50,50,0,0,0,0,1,187.455,0.07986,0.15,422,30.5634,3.05834,0.41746
1012,127,50,50,0,0,0,0,1,185.912,0.07966,0.15,422,30.5634,2.38112,0.41746
1013,157,50,50,0,0,0,0,1,182.952,0.07946,0.15,422,30.5634,3.58099,0.41746
1014,169,50,50,0,0,0,0,1,192.648,0.07926,0.15,422,30.5634,2.68487,0.41746
1015,120,50,50,0,0,0,0,1,182.406,0.07906,0.15,422,30.5634,2.91908,0.41746
1016,149,50,50,0,0,0,0,1,194.259,0.07887,0.15,422,30.5634,2.43084,0.41746
1017,148,50,50,0,0,0,0,1,193.51,0.07867,0.15,422,30.5634,2.36801,0.41746
1018,145,50,50,0,0,0,0,1,191.982,0.07847,0.15,422,30.5634,2.5378,0.41746
1019,135,50,50,0,0,0,0,1,185.403,0.07828,0.15,422,30.5634,2.94675,0.41746
1020,141,50,50,0,0,0,0,1,193.21,0.07808,0.15,422,30.5634,2.69203,0.41746
1021,150,50,50,0,0,0,0,1,189.595,0.07789,0.15,422,30.5634,2.56026,0.41746
1022,156,50,50,0,0,0,0,1,185.124,0.07769,0.15,422,30.5634,3.01356,0.41746
1023,120,50,50,0,0,0,0,1,181.142,0.0775,0.15,422,30.5634,2.72192,0.41746
1024,134,50,50,0,0,0,0,1,186.133,0.0773,0.15,422,30.5634,2.71751,0.41746
1025,152,50,50,0,0,0,0,1,186.85,0.07711,0.15,422,30.5634,2.93701,0.41746
1026,145,50,50,0,0,0,0,1,186.815,0.07692,0.15,422,30.5634,3.05898,0.41746
1027,149,50,50,0,0,0,0,1,194.216,0.07673,0.15,422,30.5634,2.30195,0.41746
1028,135,50,50,0,0,0,0,1,185.896,0.07654,0.15,422,30.5634,2.30108,0.41746
1029,140,50,50,0,0,0,0,1,185.747,0.07634,0.15,422,30.5634,2.61625,0.41746
1030,150,50,50,0,0,0,0,1,194.188,0.07615,0.15,422,30.5634,2.95513,0.41785
1031,176,50,50,0,0,0,0,1,192.608,0.07596,0.15,422,30.5634,2.73162,0.41785
1032,116,50,50,0,0,0,0,1,175.535,0.07577,0.15,422,30.5634,3.45618,0.41785
1033,136,50,50,0,0,0,0,1,189.486,0.07558,0.15,422,30.5634,2.55762,0.41785
1034,147,50,50,0,0,0,0,1,183.941,0.0754,0.15,422,30.5634,3.00322,0.41785
1035,145,50,50,0,0,0,0,1,185.154,0.07521,0.15,422,30.5634,2.78143,0.41785
1036,153,50,50,0,0,0,0,1,190.036,0.07502,0.15,422,30.5634,3.06192,0.41785
1037,140,50,50,0,0,0,0,1,184.911,0.07483,0.15,422,30.5634,2.87362,0.41785
1038,157,50,50,0,0,0,0,1,197.157,0.07465,0.15,422,30.5634,2.61793,0.41785
1039,146,50,50,0,0,0,0,1,188.552,0.07446,0.15,422,30.5634,2.71231,0.41785
1040,151,50,50,0,0,0,0,1,184.414,0.07427,0.15,422,30.5634,3.25317,0.41785
1041,140,50,50,0,0,0,0,1,189.655,0.07409,0.15,422,30.5634,2.56996,0.41785
1042,171,50,50,0,0,0,0,1,187.866,0.0739,0.15,422,30.5634,3.23047,0.41785
1043,168,50,50,0,0,0,0,1,196.375,0.07372,0.15,422,30.5634,2.45585,0.41785
1044,158,50,50,0,0,0,0,1,192.23,0.07353,0.15,422,30.5634,2.60302,0.41785
1045,220,50,50,0,0,0,0,1,198.468,0.07335,0.15,422,30.5634,3.02083,0.41785
1046,160,50,50,0,0,0,0,1,189.056,0.07317,0.15,422,30.5634,2.80872,0.41785
1047,169,50,50,0,0,0,0,1,181.454,0.07299,0.15,422,30.5634,3.32767,0.41785
1048,127,50,50,0,0,0,0,1,185.274,0.0728,0.15,422,30.5634,2.47791,0.41785
1049,149,50,50,0,0,0,0,1,188.263,0.07262,0.15,422,30.5634,3.07282,0.41785
1050,146,50,50,0,0,0,0,1,188.33,0.07244,0.15,422,30.5634,2.90706,0.41785
1051,130,50,50,0,0,0,0,1,186.368,0.07226,0.15,422,30.5634,2.31221,0.41785
1052,133,50,50,0,0,0,0,1,188.222,0.07208,0.15,422,30.5634,2.74081,0.41785
1053,118,50,50,0,0,0,0,1,182.21,0.0719,0.15,422,30.5634,2.53815,0.41785
1054,152,50,50,0,0,0,0,1,194.179,0.07172,0.15,422,30.5634,2.73948,0.41785
1055,148,50,50,0,0,0,0,1,184.119,0.07154,0.15,422,30.5634,2.84956,0.41785
1056,118,50,50,0,0,0,0,1,181.658,0.07136,0.15,422,30.5634,2.68853,0.41785
1057,123,50,50,0,0,0,0,1,181.814,0.07118,0.15,422,30.5634,2.83282,0.41785
1058,140,50,50,0,0,0,0,1,188.341,0.07101,0.15,422,30.5634,3.11154,0.41785
1059,172,50,50,0,0,0,0,1,203.85,0.07083,0.15,422,30.5634,2.26452,0.41785
1060,157,50,50,0,0,0,0,1,183.1,0.07065,0.15,422,30.5634,2.725,0.41785
1061,133,50,50,0,0,0,0,1,181.212,0.07047,0.15,422,30.5634,3.59519,0.41785
1062,157,50,50,0,0,0,0,1,193.467,0.0703,0.15,422,30.5634,2.86575,0.41785
1063,138,50,50,0,0,0,0,1,191.466,0.07012,0.15,422,30.5634,2.41905,0.41785
1064,148,50,50,0,0,0,0,1,188.07,0.06995,0.15,422,30.5634,2.72715,0.41785
1065,144,50,50,0,0,0,0,1,185.067,0.06977,0.15,422,30.5634,2.78081,0.41785
1066,168,50,50,0,0,0,0,1,186.85,0.0696,0.15,422,30.5634,2.92021,0.41785
1067,156,50,50,0,0,0,0,1,188.07,0.06943,0.15,422,30.5634,3.08767,0.41785
1068,132,50,50,0,0,0,0,1,182.368,0.06925,0.15,422,30.5634,2.97822,0.41785
1069,144,50,50,0,0,0,0,1,188.421,0.06908,0.15,422,30.5634,2.912,0.41785
1070,152,50,50,0,0,0,0,1,192.049,0.06891,0.15,422,30.5634,2.43836,0.41785
1071,163,50,50,0,0,0,0,1,194.637,0.06873,0.15,422,30.5634,2.53418,0.41785
1072,69,25,25,0,0,1,0,0,55.506,0.06856,0.15,422,30.5634,4.12385,0.41785
1073,146,50,50,0,0,0,0,1,188.611,0.06839,0.15,422,30.5634,2.38867,0.41785
1074,156,50,50,0,0,0,0,1,183.189,0.06822,0.15,422,30.5634,2.79854,0.41785
1075,155,50,50,0,0,0,0,1,185.839,0.06805,0.15,422,30.5634,2.92534,0.41785
1076,150,50,50,0,0,0,0,1,185.815,0.06788,0.15,422,30.5634,2.7431,0.41785
1077,156,50,50,0,0,0,0,1,190.044,0.06771,0.15,422,30.5634,2.54196,0.41785
1078,158,50,50,0,0,0,0,1,186.008,0.06754,0.15,422,30.5634,2.81686,0.41785
1079,144,50,50,0,0,0,0,1,181.652,0.06737,0.15,422,30.5634,3.42971,0.41785
1080,145,50,50,0,0,0,0,1,186.407,0.06721,0.15,422,30.5634,2.77985,0.41785
1081,148,50,50,0,0,0,0,1,189.416,0.06704,0.15,422,30.5634,2.42743,0.41785
1082,138,50,50,0,0,0,0,1,186.625,0.06687,0.15,422,30.5634,2.93694,0.41785
1083,137,50,50,0,0,0,0,1,188.582,0.0667,0.15,422,30.5634,2.832,0.41785
1084,160,50,50,0,0,0,0,1,199.575,0.06654,0.15,422,30.5634,2.3538,0.41785
1085,169,50,50,0,0,0,0,1,183.515,0.06637,0.15,422,30.5634,2.8093,0.41785
1086,146,50,50,0,0,0,0,1,183.91,0.0662,0.15,422,30.5634,2.94477,0.41785
1087,133,50,50,0,0,0,0,1,180.964,0.06604,0.15,422,30.5634,2.99189,0.41785
1088,145,50,50,0,0,0,0,1,181.793,0.06587,0.15,422,30.5634,3.27441,0.41785
1089,138,50,50,0,0,0,0,1,187.798,0.06571,0.15,422,30.5634,2.42134,0.41785
1090,143,50,50,0,0,0,0,1,188.437,0.06555,0.15,422,30.5634,2.57329,0.41785
1091,131,50,50,0,0,0,0,1,184.407,0.06538,0.15,422,30.5634,2.7373,0.41785
1092,149,50,50,0,0,0,0,1,190.764,0.06522,0.15,422,30.5634,2.5629,0.41785
1093,142,50,50,0,0,0,0,1,187.57,0.06506,0.15,422,30.5634,2.40889,0.41825
1094,114,50,50,0,0,0,0,1,181.584,0.06489,0.15,422,30.5634,2.64075,0.41825
1095,152,50,50,0,0,0,0,1,186.422,0.06473,0.15,422,30.5634,3.29138,0.41825
1096,123,50,50,0,0,0,0,1,179.771,0.06457,0.15,422,30.5634,2.8843,0.41825
1097,124,50,50,0,0,0,0,1,186.16,0.06441,0.15,422,30.5634,2.62958,0.41825
1098,164,50,50,0,0,0,0,1,198.198,0.06425,0.15,422,30.5634,2.71296,0.41825
1099,139,50,50,0,0,0,0,1,187.635,0.06409,0.15,422,30.5634,2.82913,0.41825
1100,151,50,50,0,0,0,0,1,187.177,0.06393,0.15,422,30.5634,2.87621,0.41825
1101,146,50,50,0,0,0,0,1,186.654,0.06377,0.15,422,30.5634,2.8844,0.41825
1102,133,50,50,0,0,0,0,1,183.812,0.06361,0.15,422,30.5634,2.97375,0.41825
1103,148,50,50,0,0,0,0,1,192.476,0.06345,0.15,422,30.5634,2.58641,0.41825
1104,151,50,50,0,0,0,0,1,190.765,0.06329,0.15,422,30.5634,2.63431,0.41825
1105,144,50,50,0,0,0,0,1,186.16,0.06313,0.15,422,30.5634,2.44297,0.41825
1106,123,50,50,0,0,0,0,1,183.751,0.06298,0.15,422,30.5634,2.42663,0.41825
1107,148,50,50,0,0,0,0,1,180.27,0.06282,0.15,422,30.5634,3.48031,0.41825
1108,140,50,50,0,0,0,0,1,193.32,0.06266,0.15,422,30.5634,2.36696,0.41825
1109,137,50,50,0,0,0,0,1,190.728,0.06251,0.15,422,30.5634,2.37241,0.41825
1110,132,50,50,0,0,0,0,1,183.147,0.06235,0.15,422,30.5634,2.79604,0.41825
1111,129,50,50,0,0,0,0,1,181.894,0.06219,0.15,422,30.5634,3.00311,0.41825
1112,155,50,50,0,0,0,0,1,187.687,0.06204,0.15,422,30.5634,3.01452,0.41825
1113,129,50,50,0,0,0,0,1,183.924,0.06188,0.15,422,30.5634,2.7384,0.41825
1114,133,50,50,0,0,0,0,1,185.07,0.06173,0.15,422,30.5634,2.42953,0.41825
1115,135,50,50,0,0,0,0,1,187.982,0.06157,0.15,422,30.5634,2.39373,0.41825
1116,147,50,50,0,0,0,0,1,192.987,0.06142,0.15,422,30.5634,2.37722,0.41825
1117,150,50,50,0,0,0,0,1,193.874,0.06127,0.15,422,30.5634,2.60247,0.41825
1118,137,50,50,0,0,0,0,1,190.952,0.06111,0.15,422,30.5634,2.14306,0.41825
1119,126,50,50,0,0,0,0,1,185.207,0.06096,0.15,422,30.5634,2.58306,0.41825
1120,148,50,50,0,0,0,0,1,192.937,0.06081,0.15,422,30.5634,2.51674,0.41825
1121,151,50,50,0,0,0,0,1,189.625,0.06066,0.15,422,30.5634,2.7472,0.41825
1122,136,50,50,0,0,0,0,1,187.147,0.06051,0.15,422,30.5634,2.65546,0.41825
1123,138,50,50,0,0,0,0,1,187.317,0.06036,0.15,422,30.5634,2.68122,0.41825
1124,142,50,50,0,0,0,0,1,187.434,0.0602,0.15,422,30.5634,3.25064,0.41825
1125,138,50,50,0,0,0,0,1,186.283,0.06005,0.15,422,30.5634,2.42725,0.41825
1126,152,50,50,0,0,0,0,1,193.61,0.0599,0.15,422,30.5634,2.43909,0.41825
1127,159,50,50,0,0,0,0,1,185.377,0.05976,0.15,422,30.5634,2.68406,0.41825
1128,129,50,50,0,0,0,0,1,186.148,0.05961,0.15,422,30.5634,2.54628,0.41825
1129,152,50,50,0,0,0,0,1,190.163,0.05946,0.15,422,30.5634,2.57295,0.41825
1130,144,50,50,0,0,0,0,1,189.664,0.05931,0.15,422,30.5634,2.43928,0.41825
1131,146,50,50,0,0,0,0,1,192.438,0.05916,0.15,422,30.5634,2.12328,0.41825
1132,135,50,50,0,0,0,0,1,185.317,0.05901,0.15,422,30.5634,2.59149,0.41825
1133,146,50,50,0,0,0,0,1,183.848,0.05887,0.15,422,30.5634,3.14135,0.41825
1134,129,50,50,0,0,0,0,1,182.063,0.05872,0.15,422,30.5634,3.0731,0.41825
1135,129,50,50,0,0,0,0,1,185.982,0.05857,0.15,422,30.5634,2.60864,0.41825
1136,136,50,50,0,0,0,0,1,191.844,0.05843,0.15,422,30.5634,2.08163,0.41825
1137,135,50,50,0,0,0,0,1,189.906,0.05828,0.15,422,30.5634,2.37644,0.41825
1138,139,50,50,0,0,0,0,1,186.461,0.05813,0.15,422,30.5634,2.80546,0.41825
1139,152,50,50,0,0,0,0,1,191.375,0.05799,0.15,422,30.5634,2.4118,0.41825
1140,136,50,50,0,0,0,0,1,190.141,0.05784,0.15,422,30.5634,2.21516,0.41825
1141,150,50,50,0,0,0,0,1,190.908,0.0577,0.15,422,30.5634,2.57498,0.41825
1142,140,50,50,0,0,0,0,1,192.676,0.05756,0.15,422,30.5634,2.35943,0.41825
1143,140,50,50,0,0,0,0,1,189.827,0.05741,0.15,422,30.5634,2.49698,0.41825
1144,144,50,50,0,0,0,0,1,185.715,0.05727,0.15,422,30.5634,2.9369,0.41825
1145,137,50,50,0,0,0,0,1,182.686,0.05713,0.15,422,30.5634,2.94963,0.41825
1146,170,50,50,0,0,0,0,1,189.562,0.05698,0.15,422,30.5634,2.6969,0.41825
1147,148,50,50,0,0,0,0,1,187.27,0.05684,0.15,422,30.5634,2.76327,0.41825
1148,142,50,50,0,0,0,0,1,186.059,0.0567,0.15,422,30.5634,2.35891,0.41825
1149,140,50,50,0,0,0,0,1,190.924,0.05656,0.15,422,30.5634,2.52614,0.41825
1150,138,50,50,0,0,0,0,1,188.148,0.05642,0.15,422,30.5634,2.41083,0.41825
1151,134,50,50,0,0,0,0,1,186.199,0.05628,0.15,422,30.5634,2.34041,0.41825
1152,133,50,50,0,0,0,0,1,190.868,0.05613,0.15,422,30.5634,2.0817,0.41825
1153,149,50,50,0,0,0,0,1,189.966,0.05599,0.15,422,30.5634,2.46704,0.41825
1154,125,50,50,0,0,0,0,1,187.08,0.05585,0.15,422,30.5634,2.46375,0.41825
1155,144,50,50,0,0,0,0,1,195.088,0.05572,0.15,422,30.5634,2.23083,0.41825
1156,168,50,50,0,0,0,0,1,198.16,0.05558,0.15,422,30.5634,2.43972,0.41825
1157,148,50,50,0,0,0,0,1,195.718,0.05544,0.15,422,30.5634,2.39642,0.41825
1158,150,50,50,0,0,0,0,1,191.69,0.0553,0.15,422,30.5634,2.52391,0.41825
1159,150,50,50,0,0,0,0,1,186.977,0.05516,0.15,422,30.5634,2.79196,0.41825
1160,141,50,50,0,0,0,0,1,183.779,0.05502,0.15,422,30.5634,2.77357,0.41825
1161,131,50,50,0,0,0,0,1,190.12,0.05489,0.15,422,30.5634,2.372,0.41825
1162,139,50,50,0,0,0,0,1,191.026,0.05475,0.15,422,30.5634,2.38032,0.41825
1163,126,50,50,0,0,0,0,1,184.375,0.05461,0.15,422,30.5634,2.4291,0.41825
1164,144,50,50,0,0,0,0,1,190.716,0.05448,0.15,422,30.5634,2.90455,0.41825
1165,130,50,50,0,0,0,0,1,183.494,0.05434,0.15,422,30.5634,2.88175,0.41825
1166,143,50,50,0,0,0,0,1,185.077,0.0542,0.15,422,30.5634,2.88385,0.41825
1167,140,50,50,0,0,0,0,1,191.476,0.05407,0.15,422,30.5634,2.2224,0.41825
1168,145,50,50,0,0,0,0,1,193.618,0.05393,0.15,422,30.5634,2.80157,0.41825
1169,148,50,50,0,0,0,0,1,191.87,0.0538,0.15,422,30.5634,2.55758,0.41825
1170,134,50,50,0,0,0,0,1,186.919,0.05366,0.15,422,30.5634,2.62343,0.41825
1171,155,50,50,0,0,0,0,1,189.487,0.05353,0.15,422,30.5634,2.45876,0.41825
1172,143,50,50,0,0,0,0,1,185.817,0.0534,0.15,422,30.5634,2.75458,0.41825
1173,141,50,50,0,0,0,0,1,190.588,0.05326,0.15,422,30.5634,2.5837,0.41825
1174,138,50,50,0,0,0,0,1,187.984,0.05313,0.15,422,30.5634,2.43871,0.41825
1175,156,50,50,0,0,0,0,1,185.229,0.053,0.15,422,30.5634,2.96238,0.41825
1176,151,50,50,0,0,0,0,1,185.661,0.05287,0.15,422,30.5634,2.59572,0.41825
1177,155,50,50,0,0,0,0,1,192.369,0.05273,0.15,422,30.5634,2.90433,0.41825
1178,151,50,50,0,0,0,0,1,188.326,0.0526,0.15,422,30.5634,2.79683,0.41825
1179,139,50,50,0,0,0,0,1,188.73,0.05247,0.15,422,30.5634,2.40701,0.41825
1180,127,50,50,0,0,0,0,1,182.356,0.05234,0.15,422,30.5634,2.49531,0.41825
1181,142,50,50,0,0,0,0,1,187.083,0.05221,0.15,422,30.5634,2.79433,0.41825
1182,128,50,50,0,0,0,0,1,185.51,0.05208,0.15,422,30.5634,2.352,0.41825
1183,133,50,50,0,0,0,0,1,186.845,0.05195,0.15,422,30.5634,2.6263,0.41825
1184,123,50,50,0,0,0,0,1,184.526,0.05182,0.15,422,30.5634,2.62431,0.41825
1185,129,50,50,0,0,0,0,1,186.685,0.05169,0.15,422,30.5634,2.27515,0.41825
1186,140,50,50,0,0,0,0,1,192.726,0.05156,0.15,422,30.5634,2.44446,0.41825
1187,121,50,50,0,0,0,0,1,186.306,0.05143,0.15,422,30.5634,2.06079,0.41825
1188,124,50,50,0,0,0,0,1,182.143,0.0513,0.15,422,30.5634,2.7137,0.41825
1189,136,50,50,0,0,0,0,1,188.027,0.05118,0.15,422,30.5634,2.57978,0.41825
1190,128,50,50,0,0,0,0,1,186.754,0.05105,0.15,422,30.5634,2.51079,0.41825
1191,156,50,50,0,0,0,0,1,198.257,0.05092,0.15,422,30.5634,2.4586,0.41825
1192,126,50,50,0,0,0,0,1,180.477,0.05079,0.15,422,30.5634,2.87984,0.41825
1193,128,50,50,0,0,0,0,1,183.764,0.05067,0.15,422,30.5634,2.94191,0.41825
1194,139,50,50,0,0,0,0,1,186.681,0.05054,0.15,422,30.5634,2.75886,0.41825
1195,122,50,50,0,0,0,0,1,183.898,0.05041,0.15,422,30.5634,2.55469,0.41825
1196,152,50,50,0,0,0,0,1,190.46,0.05029,0.15,422,30.5634,2.51757,0.41825
1197,157,50,50,0,0,0,0,1,192.451,0.05016,0.15,422,30.5634,2.65782,0.41825
1198,144,50,50,0,0,0,0,1,191.562,0.05004,0.15,422,30.5634,2.2711,0.41825
1199,154,50,50,0,0,0,0,1,197.706,0.05,0.15,422,30.5634,2.29179,0.41825
1200,145,50,50,0,0,0,0,1,183.924,0.05,0.15,422,30.5634,3.07283,0.41825
1201,128,50,50,0,0,0,0,1,185.785,0.05,0.15,422,30.5634,2.43127,0.41825
1202,126,50,50,0,0,0,0,1,182.957,0.05,0.15,422,30.5634,2.38559,0.41825
1203,156,50,50,0,0,0,0,1,188.101,0.05,0.15,422,30.5634,3.16703,0.41825
1204,147,50,50,0,0,0,0,1,185.151,0.05,0.15,422,30.5634,2.76094,0.41825
1205,126,50,50,0,0,0,0,1,188.576,0.05,0.15,422,30.5634,2.39063,0.41825
1206,139,50,50,0,0,0,0,1,188.286,0.05,0.15,422,30.5634,2.52327,0.41825
1207,129,50,50,0,0,0,0,1,183.324,0.05,0.15,422,30.5634,2.40469,0.41825
1208,125,50,50,0,0,0,0,1,185.606,0.05,0.15,422,30.5634,2.40566,0.41825
1209,130,50,50,0,0,0,0,1,186.86,0.05,0.15,422,30.5634,2.35711,0.41825
1210,144,50,50,0,0,0,0,1,193.306,0.05,0.15,422,30.5634,2.47537,0.41825
1211,134,50,50,0,0,0,0,1,189.368,0.05,0.15,422,30.5634,2.60028,0.41825
1212,139,50,50,0,0,0,0,1,187.639,0.05,0.15,422,30.5634,2.63827,0.41825
1213,147,50,50,0,0,0,0,1,188.482,0.05,0.15,422,30.5634,2.53597,0.41825
1214,137,50,50,0,0,0,0,1,188.578,0.05,0.15,422,30.5634,2.39989,0.41825
1215,143,50,50,0,0,0,0,1,191.088,0.05,0.15,422,30.5634,2.71466,0.41825
1216,135,50,50,0,0,0,0,1,182.392,0.05,0.15,422,30.5634,3.01807,0.41825
1217,132,50,50,0,0,0,0,1,186.152,0.05,0.15,422,30.5634,2.69024,0.41825
1218,155,50,50,0,0,0,0,1,194.352,0.05,0.15,422,30.5634,2.68416,0.41825
1219,146,50,50,0,0,0,0,1,188.912,0.05,0.15,422,30.5634,2.59086,0.41825
1220,129,50,50,0,0,0,0,1,184.863,0.05,0.15,422,30.5634,2.56344,0.41825
1221,129,50,50,0,0,0,0,1,186.318,0.05,0.15,422,30.5634,3.10219,0.41825
1222,139,50,50,0,0,0,0,1,190.131,0.05,0.15,422,30.5634,2.65404,0.41825
1223,151,50,50,0,0,0,0,1,193.185,0.05,0.15,422,30.5634,2.62896,0.41825
1224,147,50,50,0,0,0,0,1,187.76,0.05,0.15,422,30.5634,2.81639,0.41825
1225,154,50,50,0,0,0,0,1,191.455,0.05,0.15,422,30.5634,2.54628,0.41825
1226,131,50,50,0,0,0,0,1,184.806,0.05,0.15,422,30.5634,2.30443,0.41825
1227,151,50,50,0,0,0,0,1,189.903,0.05,0.15,422,30.5634,2.69872,0.41825
1228,138,50,50,0,0,0,0,1,190.414,0.05,0.15,422,30.5634,2.28869,0.41825
1229,139,50,50,0,0,0,0,1,189.16,0.05,0.15,422,30.5634,2.30635,0.41825
1230,144,50,50,0,0,0,0,1,189.215,0.05,0.15,422,30.5634,2.80178,0.41825
1231,132,50,50,0,0,0,0,1,189.4,0.05,0.15,422,30.5634,2.49557,0.41825
1232,113,50,50,0,0,0,0,1,179.688,0.05,0.15,422,30.5634,2.84205,0.41825
1233,148,50,50,0,0,0,0,1,190.365,0.05,0.15,422,30.5634,2.25915,0.41825
1234,140,50,50,0,0,0,0,1,187.115,0.05,0.15,422,30.5634,2.6083,0.41825
1235,158,50,50,0,0,0,0,1,191.665,0.05,0.15,422,30.5634,2.77916,0.41825
1236,163,50,50,0,0,0,0,1,200.285,0.05,0.15,422,30.5634,2.1326,0.41825
1237,139,50,50,0,0,0,0,1,187.182,0.05,0.15,422,30.5634,2.49634,0.41825
1238,139,50,50,0,0,0,0,1,182.267,0.05,0.15,422,30.5634,3.34068,0.41825
1239,151,50,50,0,0,0,0,1,190.743,0.05,0.15,422,30.5634,2.43341,0.41825
1240,187,50,50,0,0,0,0,1,194.95,0.05,0.15,422,30.5634,2.82306,0.41825
1241,244,50,50,0,0,0,0,1,189.79,0.05,0.15,422,30.5634,3.0411,0.41825
1242,243,50,50,0,0,0,0,1,195.613,0.05,0.15,422,30.5634,2.76164,0.41825
1243,168,50,50,0,0,0,0,1,194.474,0.05,0.15,422,30.5634,2.36955,0.41825
1244,133,50,50,0,0,0,0,1,187.619,0.05,0.15,422,30.5634,2.58368,0.41825
1245,130,50,50,0,0,0,0,1,188.71,0.05,0.15,422,30.5634,2.29309,0.41825
1246,151,50,50,0,0,0,0,1,187.086,0.05,0.15,422,30.5634,2.63646,0.41825
1247,121,50,50,0,0,0,0,1,185.182,0.05,0.15,422,30.5634,2.57035,0.41825
1248,152,50,50,0,0,0,0,1,191.789,0.05,0.15,422,30.5634,2.64784,0.41825
1249,129,50,50,0,0,0,0,1,183.387,0.05,0.15,422,30.5634,3.03984,0.41825
1250,154,50,50,0,0,0,0,1,192.6,0.05,0.15,422,30.5634,2.50273,0.41825
1251,121,50,50,0,0,0,0,1,183.784,0.05,0.15,422,30.5634,2.74464,0.41825
1252,166,50,50,0,0,0,0,1,191.763,0.05,0.15,422,30.5634,2.75965,0.41825
1253,129,50,50,0,0,0,0,1,184.832,0.05,0.15,422,30.5634,2.92353,0.41825
1254,143,50,50,0,0,0,0,1,191.03,0.05,0.15,422,30.5634,2.41059,0.41825
1255,130,50,50,0,0,0,0,1,184.908,0.05,0.15,422,30.5634,2.9407,0.41825
1256,128,50,50,0,0,0,0,1,185.878,0.05,0.15,422,30.5634,2.5469,0.41825
1257,147,50,50,0,0,0,0,1,196.982,0.05,0.15,422,30.5634,1.982,0.41825
1258,139,50,50,0,0,0,0,1,185.794,0.05,0.15,422,30.5634,2.8367,0.41825
1259,124,50,50,0,0,0,0,1,185.712,0.05,0.15,422,30.5634,2.45023,0.41825
1260,149,50,50,0,0,0,0,1,192.06,0.05,0.15,422,30.5634,2.54211,0.41825
1261,116,50,50,0,0,0,0,1,179.756,0.05,0.15,422,30.5634,2.6999,0.41825
1262,145,50,50,0,0,0,0,1,189.112,0.05,0.15,422,30.5634,3.0481,0.41825
1263,145,50,50,0,0,0,0,1,190.623,0.05,0.15,422,30.5634,2.81211,0.41825
1264,121,50,50,0,0,0,0,1,180.325,0.05,0.15,422,30.5634,2.54154,0.41825
1265,152,50,50,0,0,0,0,1,194.299,0.05,0.15,422,30.5634,2.45872,0.41825
1266,132,50,50,0,0,0,0,1,185.358,0.05,0.15,422,30.5634,2.75801,0.41825
1267,132,50,50,0,0,0,0,1,189.47,0.05,0.15,422,30.5634,2.13471,0.41825
1268,133,50,50,0,0,0,0,1,189.406,0.05,0.15,422,30.5634,2.33542,0.41825
1269,139,50,50,0,0,0,0,1,188.279,0.05,0.15,422,30.5634,2.71351,0.41825
1270,133,50,50,0,0,0,0,1,187.75,0.05,0.15,422,30.5634,2.27224,0.41825
1271,164,50,50,0,0,0,0,1,194.552,0.05,0.15,422,30.5634,2.88957,0.41825
1272,140,50,50,0,0,0,0,1,186.03,0.05,0.15,422,30.5634,2.80706,0.41825
1273,120,50,50,0,0,0,0,1,180.782,0.05,0.15,422,30.5634,2.75622,0.41825
1274,139,50,50,0,0,0,0,1,188.011,0.05,0.15,422,30.5634,2.17697,0.41825
1275,149,50,50,0,0,0,0,1,193.294,0.05,0.15,422,30.5634,2.24359,0.41825
1276,129,50,50,0,0,0,0,1,189.032,0.05,0.15,422,30.5634,2.11146,0.41825
1277,138,50,50,0,0,0,0,1,189.257,0.05,0.15,422,30.5634,2.46883,0.41825
1278,129,50,50,0,0,0,0,1,183.573,0.05,0.15,422,30.5634,2.67098,0.41825
1279,123,50,50,0,0,0,0,1,180.712,0.05,0.15,422,30.5634,3.08715,0.41825
1280,137,50,50,0,0,0,0,1,193.432,0.05,0.15,422,30.5634,2.07154,0.41825
1281,143,50,50,0,0,0,0,1,185.005,0.05,0.15,422,30.5634,2.66757,0.41825
1282,141,50,50,0,0,0,0,1,190.292,0.05,0.15,422,30.5634,2.21983,0.41825
1283,150,50,50,0,0,0,0,1,190.06,0.05,0.15,422,30.5634,2.90328,0.41825
1284,136,50,50,0,0,0,0,1,185.474,0.05,0.15,422,30.5634,2.61679,0.41825
1285,133,50,50,0,0,0,0,1,181.131,0.05,0.15,422,30.5634,2.72324,0.41825
1286,228,50,50,0,0,0,0,1,196.705,0.05,0.15,422,30.5634,3.17869,0.41825
1287,147,50,50,0,0,0,0,1,189.856,0.05,0.15,422,30.5634,2.48838,0.41825
1288,137,50,50,0,0,0,0,1,189.006,0.05,0.15,422,30.5634,2.46596,0.41825
1289,157,50,50,0,0,0,0,1,193.606,0.05,0.15,422,30.5634,2.58705,0.41825
1290,177,50,50,0,0,0,0,1,192.882,0.05,0.15,422,30.5634,2.70482,0.41825
1291,184,50,50,0,0,0,0,1,189.7,0.05,0.15,422,30.5634,2.77643,0.41825
1292,133,50,50,0,0,0,0,1,185.344,0.05,0.15,422,30.5634,2.52054,0.41825
1293,139,50,50,0,0,0,0,1,187.344,0.05,0.15,422,30.5634,2.24233,0.41825
1294,129,50,50,0,0,0,0,1,185.369,0.05,0.15,422,30.5634,2.54528,0.41825
1295,125,50,50,0,0,0,0,1,185.774,0.05,0.15,422,30.5634,2.36364,0.41825
1296,133,50,50,0,0,0,0,1,186.844,0.05,0.15,422,30.5634,2.57181,0.41825
1297,136,50,50,0,0,0,0,1,187.666,0.05,0.15,422,30.5634,2.6905,0.41825
1298,165,50,50,0,0,0,0,1,196.927,0.05,0.15,422,30.5634,2.51407,0.41825
1299,148,50,50,0,0,0,0,1,191.505,0.05,0.15,422,30.5634,2.6905,0.41825
1300,142,50,50,0,0,0,0,1,189.88,0.05,0.15,422,30.5634,2.72512,0.41825
1301,126,50,50,0,0,0,0,1,187.274,0.05,0.15,422,30.5634,2.20568,0.41825
1302,140,50,50,0,0,0,0,1,193.896,0.05,0.15,422,30.5634,2.00898,0.41825
1303,151,50,50,0,0,0,0,1,194.225,0.05,0.15,422,30.5634,2.12527,0.41825
1304,128,50,50,0,0,0,0,1,185.648,0.05,0.15,422,30.5634,2.32845,0.41825
1305,132,50,50,0,0,0,0,1,185.653,0.05,0.15,422,30.5634,2.64281,0.41825
1306,133,50,50,0,0,0,0,1,186.381,0.05,0.15,422,30.5634,2.43719,0.41825
1307,141,50,50,0,0,0,0,1,189.541,0.05,0.15,422,30.5634,2.59275,0.41825
1308,148,50,50,0,0,0,0,1,183.978,0.05,0.15,422,30.5634,3.22005,0.41825
1309,155,50,50,0,0,0,0,1,192.76,0.05,0.15,422,30.5634,2.46231,0.41825
1310,161,50,50,0,0,0,0,1,191.547,0.05,0.15,422,30.5634,2.76056,0.41825
1311,128,50,50,0,0,0,0,1,179.993,0.05,0.15,422,30.5634,2.78718,0.41825
1312,128,50,50,0,0,0,0,1,185.269,0.05,0.15,422,30.5634,2.50073,0.41825
1313,160,50,50,0,0,0,0,1,196.664,0.05,0.15,422,30.5634,2.35358,0.41825
1314,135,50,50,0,0,0,0,1,186.314,0.05,0.15,422,30.5634,2.43261,0.41825
1315,126,50,50,0,0,0,0,1,185.768,0.05,0.15,422,30.5634,2.22329,0.41825
1316,162,50,50,0,0,0,0,1,193.001,0.05,0.15,422,30.5634,2.79564,0.41825
1317,144,50,50,0,0,0,0,1,183.975,0.05,0.15,422,30.5634,3.20247,0.41825
1318,138,50,50,0,0,0,0,1,190.744,0.05,0.15,422,30.5634,2.42281,0.41825
1319,112,50,50,0,0,0,0,1,181.232,0.05,0.15,422,30.5634,2.6878,0.41825
1320,132,50,50,0,0,0,0,1,186.258,0.05,0.15,422,30.5634,2.3717,0.41825
1321,145,50,50,0,0,0,0,1,190.676,0.05,0.15,422,30.5634,2.72074,0.41825
1322,145,50,50,0,0,0,0,1,189.987,0.05,0.15,422,30.5634,2.38427,0.41825
1323,130,50,50,0,0,0,0,1,189.57,0.05,0.15,422,30.5634,2.08209,0.41825
1324,122,50,50,0,0,0,0,1,181.565,0.05,0.15,422,30.5634,2.70888,0.41825
1325,123,50,50,0,0,0,0,1,183.546,0.05,0.15,422,30.5634,2.31532,0.41825
1326,151,50,50,0,0,0,0,1,194.721,0.05,0.15,423,30.5634,2.38642,0.41765
1327,155,50,50,0,0,0,0,1,197.382,0.05,0.15,423,30.5634,2.41063,0.41765
1328,153,50,50,0,0,0,0,1,189.573,0.05,0.15,423,30.5634,2.94548,0.41765
1329,115,50,50,0,0,0,0,1,180.912,0.05,0.15,423,30.5634,2.5944,0.41765
1330,124,50,50,0,0,0,0,1,186.814,0.05,0.15,423,30.5634,2.48763,0.41765
1331,159,50,50,0,0,0,0,1,193.369,0.05,0.15,423,30.5634,2.6814,0.41765
1332,148,50,50,0,0,0,0,1,189.465,0.05,0.15,423,30.5634,2.68169,0.41765
1333,133,50,50,0,0,0,0,1,177.693,0.05,0.15,423,30.5634,3.01783,0.41765
1334,152,50,50,0,0,0,0,1,194.034,0.05,0.15,423,30.5634,2.23005,0.41765
1335,154,50,50,0,0,0,0,1,192.49,0.05,0.15,423,30.5634,2.00689,0.41765
1336,128,50,50,0,0,0,0,1,183.153,0.05,0.15,423,30.5634,2.45786,0.41765
1337,140,50,50,0,0,0,0,1,187.062,0.05,0.15,423,30.5634,2.9067,0.41765
1338,156,50,50,0,0,0,0,1,184.474,0.05,0.15,423,30.5634,3.07152,0.41765
1339,148,50,50,0,0,0,0,1,191.605,0.05,0.15,423,30.5634,2.65162,0.41765
1340,149,50,50,0,0,0,0,1,190.614,0.05,0.15,423,30.5634,2.52462,0.41765
1341,6,1,1,0,0,1,0,0,-28.654,0.05,0.15,423,30.5634,17.93797,0.41765
1342,148,50,50,0,0,0,0,1,189.73,0.05,0.15,423,30.5634,2.58821,0.41765
1343,128,50,50,0,0,0,0,1,185.838,0.05,0.15,423,30.5634,2.52978,0.41765
1344,187,50,50,0,0,0,0,1,195.826,0.05,0.15,423,30.5634,2.99095,0.41765
1345,150,50,50,0,0,0,0,1,194.614,0.05,0.15,423,30.5634,2.08088,0.41765
1346,139,50,50,0,0,0,0,1,186.309,0.05,0.15,423,30.5634,2.77536,0.41765
1347,149,50,50,0,0,0,0,1,186.527,0.05,0.15,423,30.5634,2.85913,0.41765
1348,142,50,50,0,0,0,0,1,191.84,0.05,0.15,423,30.5634,1.97342,0.41765
1349,141,50,50,0,0,0,0,1,190.318,0.05,0.15,423,30.5634,2.4982,0.41765
1350,123,50,50,0,0,0,0,1,183.912,0.05,0.15,423,30.5634,2.53553,0.41765
1351,137,50,50,0,0,0,0,1,185.592,0.05,0.15,423,30.5634,2.89718,0.41765
1352,151,50,50,0,0,0,0,1,191.187,0.05,0.15,423,30.5634,2.70293,0.41765
1353,129,50,50,0,0,0,0,1,183.219,0.05,0.15,423,30.5634,2.74466,0.41765
1354,147,50,50,0,0,0,0,1,194.704,0.05,0.15,423,30.5634,2.30128,0.41765
1355,145,50,50,0,0,0,0,1,189.172,0.05,0.15,423,30.5634,2.45703,0.41765
1356,151,50,50,0,0,0,0,1,193.446,0.05,0.15,423,30.5634,2.18105,0.41765
1357,140,50,50,0,0,0,0,1,189.545,0.05,0.15,423,30.5634,2.26337,0.41765
1358,129,50,50,0,0,0,0,1,186.29,0.05,0.15,423,30.5634,2.25995,0.41765
1359,134,50,50,0,0,0,0,1,188.299,0.05,0.15,423,30.5634,2.29542,0.41765
1360,144,50,50,0,0,0,0,1,185.638,0.05,0.15,423,30.5634,2.56417,0.41765
1361,169,50,50,0,0,0,0,1,195.574,0.05,0.15,423,30.5634,2.43778,0.41765
1362,129,50,50,0,0,0,0,1,183.494,0.05,0.15,423,30.5634,2.18214,0.41765
1363,123,50,50,0,0,0,0,1,182.904,0.05,0.15,423,30.5634,2.49658,0.41765
1364,151,50,50,0,0,0,0,1,191.199,0.05,0.15,423,30.5634,2.49816,0.41765
1365,159,50,50,0,0,0,0,1,187.309,0.05,0.15,423,30.5634,2.96342,0.41765
1366,146,50,50,0,0,0,0,1,185.427,0.05,0.15,423,30.5634,2.59578,0.41765
1367,149,50,50,0,0,0,0,1,192.615,0.05,0.15,423,30.5634,2.1464,0.41765
1368,142,50,50,0,0,0,0,1,182.475,0.05,0.15,423,30.5634,3.30268,0.41765
1369,158,50,50,0,0,0,0,1,189.386,0.05,0.15,423,30.5634,2.72101,0.41765
1370,149,50,50,0,0,0,0,1,188.798,0.05,0.15,423,30.5634,2.08074,0.41765
1371,141,50,50,0,0,0,0,1,187.317,0.05,0.15,423,30.5634,2.54326,0.41765
1372,134,50,50,0,0,0,0,1,187.71,0.05,0.15,423,30.5634,2.56163,0.41765
1373,151,50,50,0,0,0,0,1,188.289,0.05,0.15,423,30.5634,2.76697,0.41765
1374,147,50,50,0,0,0,0,1,184.82,0.05,0.15,423,30.5634,2.63105,0.41765
1375,165,50,50,0,0,0,0,1,189.191,0.05,0.15,423,30.5634,2.55001,0.41765
1376,166,50,50,0,0,0,0,1,190.397,0.05,0.15,423,30.5634,2.42105,0.41765
1377,157,50,50,0,0,0,0,1,187.808,0.05,0.15,423,30.5634,2.67022,0.41765
1378,133,50,50,0,0,0,0,1,186.11,0.05,0.15,423,30.5634,2.54463,0.41765
1379,158,50,50,0,0,0,0,1,194.609,0.05,0.15,423,30.5634,2.60199,0.41765
1380,136,50,50,0,0,0,0,1,189.509,0.05,0.15,423,30.5634,2.39118,0.41765
1381,131,50,50,0,0,0,0,1,187.898,0.05,0.15,423,30.5634,2.59221,0.41765
1382,116,50,50,0,0,0,0,1,181.77,0.05,0.15,423,30.5634,2.70657,0.41765
1383,147,50,50,0,0,0,0,1,192.771,0.05,0.15,423,30.5634,2.69512,0.41765
1384,158,50,50,0,0,0,0,1,188.272,0.05,0.15,423,30.5634,2.81734,0.41765
1385,148,50,50,0,0,0,0,1,191.09,0.05,0.15,423,30.5634,2.51111,0.41765
1386,135,50,50,0,0,0,0,1,187.533,0.05,0.15,423,30.5634,2.66329,0.41765
1387,151,50,50,0,0,0,0,1,193.85,0.05,0.15,423,30.5634,2.5428,0.41765
1388,144,50,50,0,0,0,0,1,193.806,0.05,0.15,423,30.5634,2.32791,0.41765
1389,180,50,50,0,0,0,0,1,205.561,0.05,0.15,423,30.5634,2.23409,0.41765
1390,153,50,50,0,0,0,0,1,192.113,0.05,0.15,423,30.5634,2.65595,0.41765
1391,124,50,50,0,0,0,0,1,182.505,0.05,0.15,423,30.5634,2.66106,0.41765
1392,149,50,50,0,0,0,0,1,194.272,0.05,0.15,423,30.5634,2.05788,0.41765
1393,135,50,50,0,0,0,0,1,190.076,0.05,0.15,423,30.5634,2.21225,0.41765
1394,173,50,50,0,0,0,0,1,190.608,0.05,0.15,423,30.5634,2.68527,0.41765
1395,140,50,50,0,0,0,0,1,188.957,0.05,0.15,423,30.5634,2.26945,0.41765
1396,131,50,50,0,0,0,0,1,186.269,0.05,0.15,423,30.5634,2.36906,0.41765
1397,131,50,50,0,0,0,0,1,190.708,0.05,0.15,423,30.5634,2.05426,0.41765
1398,147,50,50,0,0,0,0,1,188.646,0.05,0.15,423,30.5634,2.42679,0.41765
1399,150,50,50,0,0,0,0,1,195.6,0.05,0.15,423,30.5634,2.19555,0.41765
1400,152,50,50,0,0,0,0,1,193.85,0.05,0.15,423,30.5634,2.13239,0.41765
1401,145,50,50,0,0,0,0,1,185.268,0.05,0.15,423,30.5634,2.51997,0.41765
1402,143,50,50,0,0,0,0,1,182.127,0.05,0.15,423,30.5634,2.90284,0.41765
1403,128,50,50,0,0,0,0,1,186.39,0.05,0.15,423,30.5634,2.21315,0.41765
1404,144,50,50,0,0,0,0,1,188.071,0.05,0.15,423,30.5634,2.50756,0.41765
1405,122,50,50,0,0,0,0,1,183.452,0.05,0.15,423,30.5634,2.49613,0.41765
1406,122,50,50,0,0,0,0,1,183.642,0.05,0.15,423,30.5634,2.40056,0.41765
1407,140,50,50,0,0,0,0,1,185.193,0.05,0.15,423,30.5634,3.20827,0.41765
1408,121,50,50,0,0,0,0,1,184.446,0.05,0.15,423,30.5634,2.29993,0.41765
1409,148,50,50,0,0,0,0,1,193.414,0.05,0.15,423,30.5634,2.31762,0.41765
1410,130,50,50,0,0,0,0,1,188.4,0.05,0.15,423,30.5634,2.37705,0.41765
1411,134,50,50,0,0,0,0,1,188.665,0.05,0.15,423,30.5634,2.29523,0.41765
1412,141,50,50,0,0,0,0,1,187.874,0.05,0.15,423,30.5634,2.74751,0.41765
1413,137,50,50,0,0,0,0,1,185.556,0.05,0.15,423,30.5634,2.53614,0.41765
1414,149,50,50,0,0,0,0,1,190.211,0.05,0.15,423,30.5634,2.55608,0.41765
1415,164,50,50,0,0,0,0,1,197.908,0.05,0.15,423,30.5634,2.36222,0.41765
1416,154,50,50,0,0,0,0,1,185.659,0.05,0.15,423,30.5634,3.0352,0.41765
1417,137,50,50,0,0,0,0,1,185.589,0.05,0.15,423,30.5634,2.44041,0.41765
1418,127,50,50,0,0,0,0,1,186.47,0.05,0.15,423,30.5634,2.42225,0.41765
1419,151,50,50,0,0,0,0,1,182.642,0.05,0.15,423,30.5634,2.64254,0.41765
1420,159,50,50,0,0,0,0,1,187.01,0.05,0.15,423,30.5634,2.85628,0.41765
1421,172,50,50,0,0,0,0,1,186.484,0.05,0.15,423,30.5634,2.92307,0.41765
1422,135,50,50,0,0,0,0,1,183.712,0.05,0.15,423,30.5634,2.78563,0.41765
1423,215,50,50,0,0,0,0,1,176.618,0.05,0.15,423,30.5634,3.67443,0.41765
1424,327,50,50,0,0,0,0,1,183.176,0.05,0.15,423,30.5634,3.52312,0.41765
1425,352,50,50,0,0,0,0,1,184.404,0.05,0.15,423,30.5634,3.38504,0.41765
1426,333,50,50,0,0,0,0,1,187.917,0.05,0.15,423,30.5634,3.35899,0.41765
1427,337,50,50,0,0,0,0,1,186.937,0.05,0.15,423,30.5634,3.51661,0.41765
1428,276,50,50,0,0,0,0,1,176.483,0.05,0.15,423,30.5634,3.42865,0.41765
1429,400,49,49,0,0,0,0,1,194.52,0.05,0.15,423,30.5634,3.42738,0.41765
1430,389,50,50,0,0,0,0,1,186.385,0.05,0.15,423,30.5634,3.23856,0.41765
1431,400,33,33,0,0,0,0,1,115.829,0.05,0.15,423,30.5634,3.51364,0.41765
1432,400,44,44,0,0,0,0,1,152.282,0.05,0.15,423,30.5634,3.26957,0.41765
1433,400,49,49,0,0,0,0,1,177.982,0.05,0.15,423,30.5634,2.82983,0.41765
1434,400,43,43,0,0,0,0,1,161.198,0.05,0.15,423,30.5634,2.93587,0.41765
1435,400,50,50,0,0,0,0,1,171.931,0.05,0.15,424,30.5634,3.24724,0.41706
1436,400,49,49,0,0,0,0,1,169.473,0.05,0.15,424,30.5634,3.03628,0.41706
1437,400,47,47,0,0,0,0,1,160.736,0.05,0.15,424,30.5634,2.86016,0.41706
1438,400,44,44,0,0,0,0,1,161.373,0.05,0.15,424,30.5634,2.92838,0.41706
1439,391,50,50,0,0,0,0,1,172.985,0.05,0.15,424,30.5634,2.79928,0.41706
1440,400,48,48,0,0,0,0,1,159.149,0.05,0.15,424,30.5634,2.76261,0.41706
1441,400,45,45,0,0,0,0,1,141.9,0.05,0.15,424,30.5634,2.74767,0.41706
1442,400,45,45,0,0,0,0,1,144.493,0.05,0.15,424,30.5634,2.6828,0.41706
1443,322,50,50,0,0,0,0,1,180.578,0.05,0.15,424,30.5634,2.80464,0.41706
1444,130,24,24,0,0,1,0,0,46.715,0.05,0.15,424,30.5634,3.06103,0.41706
1445,33,4,4,0,0,1,0,0,-18.909,0.05,0.15,424,30.5634,5.1599,0.41706
1446,389,50,50,0,0,0,0,1,175.632,0.05,0.15,424,30.5634,2.55163,0.41706
1447,400,49,49,0,0,0,0,1,173.657,0.05,0.15,424,30.5634,2.62727,0.41706
1448,257,31,31,0,0,1,0,0,67.425,0.05,0.15,424,30.5634,2.85183,0.41706
1449,400,48,48,0,0,0,0,1,159.95,0.05,0.15,424,30.5634,2.42682,0.41706
1450,360,50,50,0,0,0,0,1,168.028,0.05,0.15,424,30.5634,2.51099,0.41706
1451,400,43,43,0,0,0,0,1,157.109,0.05,0.15,424,30.5634,2.58772,0.41706
1452,400,49,49,0,0,0,0,1,166.998,0.05,0.15,424,30.5634,2.63027,0.41706
1453,293,50,50,0,0,0,0,1,176.458,0.05,0.15,424,30.5634,2.80103,0.41706
1454,348,50,50,0,0,0,0,1,177.273,0.05,0.15,424,30.5634,2.65086,0.41706
1455,297,50,50,0,0,0,0,1,177.058,0.05,0.15,424,30.5634,2.338,0.41706
1456,360,50,50,0,0,0,0,1,172.326,0.05,0.15,424,30.5634,2.44309,0.41706
1457,400,34,34,0,0,0,0,1,142.455,0.05,0.15,424,30.5634,2.44774,0.41706
1458,400,34,34,0,0,0,0,1,117.656,0.05,0.15,424,30.5634,2.4382,0.41745
1459,395,50,50,0,0,0,0,1,191.778,0.05,0.15,424,30.5634,2.59796,0.41745
1460,400,49,49,0,0,0,0,1,180.617,0.05,0.15,424,30.5634,2.70657,0.41745
1461,400,48,48,0,0,0,0,1,182.84,0.05,0.15,424,30.5634,2.35164,0.41745
1462,388,50,50,0,0,0,0,1,176.376,0.05,0.15,424,30.5634,2.54325,0.41745
1463,250,50,50,0,0,0,0,1,171.673,0.05,0.15,425,30.5634,2.33127,0.41686
1464,165,50,50,0,0,0,0,1,181.485,0.05,0.15,425,30.5634,3.00603,0.41686
1465,202,50,50,0,0,0,0,1,178.804,0.05,0.15,425,30.5634,3.00605,0.41686
1466,182,50,50,0,0,0,0,1,190.479,0.05,0.15,425,30.5634,2.59226,0.41686
1467,202,50,50,0,0,0,0,1,182.817,0.05,0.15,425,30.5634,2.94226,0.41686
1468,107,35,35,0,0,1,0,0,90.43,0.05,0.15,425,30.5634,3.35595,0.41686
1469,197,50,50,0,0,0,0,1,189.014,0.05,0.15,425,30.5634,2.68164,0.41686
1470,183,50,50,0,0,0,0,1,184.59,0.05,0.15,425,30.5634,2.82825,0.41686
1471,179,49,49,0,0,1,0,0,152.744,0.05,0.15,425,30.5634,2.86922,0.41686
1472,219,50,50,0,0,0,0,1,181.795,0.05,0.15,425,30.5634,3.05074,0.41686
1473,209,50,50,0,0,0,0,1,185.817,0.05,0.15,425,30.5634,2.75055,0.41686
1474,160,50,50,0,0,0,0,1,182.121,0.05,0.15,425,30.5634,2.81826,0.41686
1475,207,50,50,0,0,0,0,1,188.686,0.05,0.15,425,30.5634,2.56583,0.41686
1476,174,50,50,0,0,0,0,1,180.799,0.05,0.15,425,30.5634,2.71926,0.41686
1477,188,50,50,0,0,0,0,1,190.698,0.05,0.15,425,30.5634,2.55237,0.41686
1478,187,50,50,0,0,0,0,1,177.616,0.05,0.15,425,30.5634,2.83179,0.41686
1479,170,50,50,0,0,0,0,1,185.199,0.05,0.15,425,30.5634,2.54904,0.41686
1480,167,50,50,0,0,0,0,1,182.688,0.05,0.15,425,30.5634,3.03766,0.41725
1481,192,50,50,0,0,0,0,1,185.318,0.05,0.15,425,30.5634,2.95384,0.41725
1482,172,50,50,0,0,0,0,1,181.952,0.05,0.15,425,30.5634,3.17718,0.41725
1483,161,50,50,0,0,0,0,1,181.55,0.05,0.15,425,30.5634,3.24866,0.41725
1484,160,50,50,0,0,0,0,1,183.911,0.05,0.15,425,30.5634,2.99751,0.41725
1485,145,50,50,0,0,0,0,1,180.082,0.05,0.15,425,30.5634,3.21697,0.41725
1486,156,50,50,0,0,0,0,1,184.02,0.05,0.15,425,30.5634,2.99119,0.41725
1487,143,50,50,0,0,0,0,1,182.983,0.05,0.15,425,30.5634,3.44916,0.41725
1488,161,50,50,0,0,0,0,1,184.745,0.05,0.15,425,30.5634,2.9005,0.41765
1489,171,50,50,0,0,0,0,1,189.528,0.05,0.15,425,30.5634,2.98652,0.41765
1490,127,42,42,0,0,1,0,0,118.263,0.05,0.15,425,30.5634,3.83423,0.41765
1491,152,50,50,0,0,0,0,1,191.082,0.05,0.15,425,30.5634,3.17762,0.41765
1492,150,50,50,0,0,0,0,1,187.27,0.05,0.15,425,30.5634,3.05868,0.41765
1493,144,50,50,0,0,0,0,1,190.02,0.05,0.15,425,30.5634,3.20384,0.41765
1494,151,50,50,0,0,0,0,1,185.613,0.05,0.15,425,30.5634,3.31666,0.41765
1495,136,50,50,0,0,0,0,1,186.405,0.05,0.15,425,30.5634,2.78606,0.41765
1496,140,50,50,0,0,0,0,1,186.53,0.05,0.15,425,30.5634,2.86802,0.41765
1497,145,50,50,0,0,0,0,1,189.603,0.05,0.15,425,30.5634,2.63213,0.41765
1498,137,50,50,0,0,0,0,1,184.688,0.05,0.15,425,30.5634,3.78267,0.41765
1499,166,50,50,0,0,0,0,1,195.028,0.05,0.15,425,30.5634,3.23934,0.41765
1500,117,50,50,0,0,0,0,1,179.881,0.05,0.15,425,30.5634,3.20745,0.41765
1501,130,50,50,0,0,0,0,1,185.112,0.05,0.15,425,30.5634,3.21122,0.41765
1502,165,50,50,0,0,0,0,1,186.614,0.05,0.15,425,30.5634,3.07115,0.41765
1503,142,50,50,0,0,0,0,1,190.045,0.05,0.15,425,30.5634,2.87895,0.41765
1504,146,50,50,0,0,0,0,1,188.416,0.05,0.15,425,30.5634,2.97103,0.41765
1505,153,50,50,0,0,0,0,1,182.901,0.05,0.15,425,30.5634,3.50383,0.41765
1506,159,50,50,0,0,0,0,1,191.233,0.05,0.15,425,30.5634,3.12288,0.41765
1507,148,50,50,0,0,0,0,1,186.326,0.05,0.15,425,30.5634,3.23062,0.41765
1508,151,50,50,0,0,0,0,1,188.89,0.05,0.15,425,30.5634,3.14785,0.41804
1509,142,50,50,0,0,0,0,1,185.909,0.05,0.15,425,30.5634,3.02222,0.41804
1510,147,50,50,0,0,0,0,1,193.261,0.05,0.15,425,30.5634,2.65478,0.41804
1511,120,50,50,0,0,0,0,1,183.951,0.05,0.15,425,30.5634,3.04613,0.41804
1512,124,50,50,0,0,0,0,1,182.814,0.05,0.15,425,30.5634,3.48982,0.41804
1513,147,50,50,0,0,0,0,1,188.353,0.05,0.15,425,30.5634,3.02477,0.41804
1514,118,50,50,0,0,0,0,1,182.307,0.05,0.15,425,30.5634,3.16686,0.41804
1515,139,50,50,0,0,0,0,1,186.674,0.05,0.15,425,30.5634,2.8705,0.41804
1516,130,43,43,0,0,1,0,0,132.418,0.05,0.15,425,30.5634,3.51456,0.41804
1517,144,50,50,0,0,0,0,1,188.014,0.05,0.15,425,30.5634,3.30322,0.41804
1518,122,50,50,0,0,0,0,1,181.617,0.05,0.15,425,30.5634,3.20983,0.41804
1519,142,50,50,0,0,0,0,1,192.072,0.05,0.15,425,30.5634,2.96835,0.41804
1520,154,50,50,0,0,0,0,1,191.196,0.05,0.15,425,30.5634,2.9004,0.41804
1521,137,50,50,0,0,0,0,1,187.283,0.05,0.15,425,30.5634,3.19068,0.41804
1522,140,50,50,0,0,0,0,1,191.167,0.05,0.15,425,30.5634,2.82136,0.41804
1523,143,50,50,0,0,0,0,1,193.504,0.05,0.15,425,30.5634,2.62913,0.41804
1524,130,50,50,0,0,0,0,1,187.461,0.05,0.15,425,30.5634,2.82412,0.41804
1525,130,50,50,0,0,0,0,1,185.267,0.05,0.15,425,30.5634,2.70774,0.41804
1526,123,50,50,0,0,0,0,1,179.211,0.05,0.15,425,30.5634,3.22405,0.41804
1527,125,50,50,0,0,0,0,1,182.154,0.05,0.15,425,30.5634,2.76999,0.41804
1528,152,50,50,0,0,0,0,1,194.151,0.05,0.15,425,30.5634,2.7907,0.41804
1529,140,50,50,0,0,0,0,1,186.484,0.05,0.15,425,30.5634,2.89315,0.41804
1530,104,44,44,0,0,1,0,0,124.533,0.05,0.15,425,30.5634,3.66368,0.41804
1531,139,50,50,0,0,0,0,1,190.481,0.05,0.15,425,30.5634,2.56416,0.41804
1532,157,50,50,0,0,0,0,1,186.896,0.05,0.15,425,30.5634,3.1706,0.41804
1533,143,50,50,0,0,0,0,1,186.005,0.05,0.15,425,30.5634,3.25658,0.41804
1534,122,50,50,0,0,0,0,1,182.693,0.05,0.15,425,30.5634,3.12059,0.41804
1535,141,50,50,0,0,0,0,1,192.752,0.05,0.15,425,30.5634,2.81767,0.41804
1536,132,50,50,0,0,0,0,1,188.432,0.05,0.15,425,30.5634,2.86246,0.41804
1537,128,50,50,0,0,0,0,1,187.366,0.05,0.15,425,30.5634,2.83926,0.41804
1538,133,50,50,0,0,0,0,1,180.814,0.05,0.15,425,30.5634,3.39905,0.41804
1539,149,50,50,0,0,0,0,1,193.247,0.05,0.15,425,30.5634,2.93985,0.41804
1540,131,50,50,0,0,0,0,1,187.882,0.05,0.15,425,30.5634,2.86884,0.41804
1541,141,50,50,0,0,0,0,1,185.235,0.05,0.15,425,30.5634,3.47431,0.41804
1542,137,50,50,0,0,0,0,1,186.092,0.05,0.15,425,30.5634,3.16746,0.41804
1543,137,46,46,0,0,1,0,0,140.184,0.05,0.15,425,30.5634,3.44252,0.41804
1544,143,50,50,0,0,0,0,1,187.301,0.05,0.15,425,30.5634,3.52343,0.41804
1545,150,50,50,0,0,0,0,1,192.33,0.05,0.15,425,30.5634,3.06144,0.41804
1546,133,50,50,0,0,0,0,1,185.828,0.05,0.15,425,30.5634,2.77897,0.41804
1547,137,50,50,0,0,0,0,1,188.761,0.05,0.15,425,30.5634,2.69744,0.41804
1548,142,50,50,0,0,0,0,1,185.337,0.05,0.15,425,30.5634,2.94162,0.41804
1549,143,50,50,0,0,0,0,1,185.853,0.05,0.15,425,30.5634,3.1779,0.41804
1550,123,50,50,0,0,0,0,1,181.836,0.05,0.15,425,30.5634,3.08079,0.41804
1551,120,50,50,0,0,0,0,1,178.13,0.05,0.15,425,30.5634,3.34055,0.41804
1552,134,50,50,0,0,0,0,1,188.667,0.05,0.15,425,30.5634,2.77783,0.41804
1553,127,50,50,0,0,0,0,1,177.119,0.05,0.15,425,30.5634,3.54314,0.41804
1554,142,50,50,0,0,0,0,1,188.982,0.05,0.15,425,30.5634,2.81815,0.41804
1555,133,50,50,0,0,0,0,1,189.483,0.05,0.15,425,30.5634,2.7661,0.41804
1556,135,50,50,0,0,0,0,1,180.778,0.05,0.15,425,30.5634,3.08773,0.41804
1557,148,50,50,0,0,0,0,1,193.813,0.05,0.15,425,30.5634,3.00731,0.41804
1558,150,50,50,0,0,0,0,1,189.946,0.05,0.15,425,30.5634,3.06564,0.41804
1559,125,50,50,0,0,0,0,1,182.517,0.05,0.15,425,30.5634,3.12772,0.41804
1560,144,50,50,0,0,0,0,1,188.928,0.05,0.15,425,30.5634,3.0713,0.41804
1561,136,50,50,0,0,0,0,1,188.144,0.05,0.15,425,30.5634,2.75785,0.41804
1562,149,50,50,0,0,0,0,1,192.342,0.05,0.15,425,30.5634,2.69618,0.41804
1563,131,50,50,0,0,0,0,1,183.665,0.05,0.15,425,30.5634,3.41934,0.41804
1564,125,50,50,0,0,0,0,1,183.162,0.05,0.15,425,30.5634,3.03308,0.41804
1565,136,50,50,0,0,0,0,1,185.821,0.05,0.15,425,30.5634,2.93316,0.41804
1566,138,50,50,0,0,0,0,1,189.969,0.05,0.15,425,30.5634,2.64428,0.41804
1567,143,50,50,0,0,0,0,1,188.835,0.05,0.15,425,30.5634,2.97526,0.41804
1568,136,50,50,0,0,0,0,1,189.034,0.05,0.15,425,30.5634,2.93803,0.41804
1569,115,50,50,0,0,0,0,1,181.96,0.05,0.15,425,30.5634,2.71255,0.41804
1570,135,50,50,0,0,0,0,1,189.995,0.05,0.15,425,30.5634,2.44255,0.41804
1571,139,50,50,0,0,0,0,1,185.48,0.05,0.15,425,30.5634,3.0912,0.41804
1572,148,50,50,0,0,0,0,1,190.822,0.05,0.15,425,30.5634,2.95042,0.41804
1573,141,50,50,0,0,0,0,1,187.116,0.05,0.15,426,30.5634,2.91619,0.41745
1574,138,50,50,0,0,0,0,1,188.362,0.05,0.15,426,30.5634,2.88949,0.41745
1575,132,50,50,0,0,0,0,1,185.803,0.05,0.15,426,30.5634,2.63901,0.41745
1576,131,50,50,0,0,0,0,1,183.883,0.05,0.15,426,30.5634,2.91501,0.41745
1577,147,50,50,0,0,0,0,1,191.043,0.05,0.15,426,30.5634,2.96346,0.41745
1578,167,50,50,0,0,0,0,1,201.28,0.05,0.15,426,30.5634,2.78898,0.41745
1579,124,50,50,0,0,0,0,1,185.167,0.05,0.15,426,30.5634,2.9149,0.41745
1580,147,50,50,0,0,0,0,1,189.678,0.05,0.15,426,30.5634,3.1713,0.41745
1581,189,50,50,0,0,0,0,1,195.544,0.05,0.15,426,30.5634,3.5045,0.41745
1582,138,50,50,0,0,0,0,1,182.79,0.05,0.15,426,30.5634,3.04098,0.41745
1583,134,50,50,0,0,0,0,1,185.558,0.05,0.15,426,30.5634,2.79596,0.41745
1584,148,50,50,0,0,0,0,1,191.919,0.05,0.15,426,30.5634,2.64871,0.41745
1585,183,50,50,0,0,0,0,1,199.364,0.05,0.15,426,30.5634,2.72437,0.41745
1586,152,50,50,0,0,0,0,1,187.926,0.05,0.15,426,30.5634,2.92374,0.41745
1587,168,50,50,0,0,0,0,1,196.37,0.05,0.15,426,30.5634,2.75336,0.41745
1588,164,50,50,0,0,0,0,1,184.358,0.05,0.15,426,30.5634,3.53353,0.41745
1589,139,50,50,0,0,0,0,1,186.439,0.05,0.15,426,30.5634,2.92189,0.41745
1590,120,50,50,0,0,0,0,1,180.974,0.05,0.15,426,30.5634,3.08435,0.41745
1591,148,50,50,0,0,0,0,1,189.983,0.05,0.15,426,30.5634,2.72295,0.41745
1592,138,50,50,0,0,0,0,1,184.4,0.05,0.15,426,30.5634,2.50395,0.41745
1593,138,50,50,0,0,0,0,1,190.325,0.05,0.15,426,30.5634,2.7683,0.41745
1594,150,50,50,0,0,0,0,1,190.977,0.05,0.15,426,30.5634,2.9716,0.41745
1595,130,50,50,0,0,0,0,1,186.495,0.05,0.15,426,30.5634,2.52149,0.41745
1596,146,50,50,0,0,0,0,1,190.733,0.05,0.15,426,30.5634,2.62826,0.41745
1597,158,50,50,0,0,0,0,1,195.416,0.05,0.15,426,30.5634,2.89228,0.41745
1598,150,50,50,0,0,0,0,1,190.9,0.05,0.15,426,30.5634,2.81733,0.41745
1599,146,50,50,0,0,0,0,1,191.117,0.05,0.15,426,30.5634,2.85935,0.41745
1600,128,50,50,0,0,0,0,1,180.961,0.05,0.15,426,30.5634,2.87395,0.41745
1601,140,50,50,0,0,0,0,1,191.494,0.05,0.15,427,30.5634,2.48896,0.41686
1602,138,50,50,0,0,0,0,1,183.546,0.05,0.15,427,30.5634,2.95075,0.41686
1603,154,50,50,0,0,0,0,1,194.821,0.05,0.15,427,30.5634,2.42228,0.41686
1604,146,50,50,0,0,0,0,1,181.945,0.05,0.15,427,30.5634,3.21335,0.41686
1605,134,50,50,0,0,0,0,1,186.903,0.05,0.15,427,30.5634,3.0218,0.41686
1606,138,50,50,0,0,0,0,1,185.881,0.05,0.15,427,30.5634,2.89174,0.41686
1607,154,50,50,0,0,0,0,1,189.816,0.05,0.15,427,30.5634,3.02424,0.41686
1608,127,50,50,0,0,0,0,1,181.297,0.05,0.15,427,30.5634,2.80634,0.41686
1609,128,50,50,0,0,0,0,1,187.553,0.05,0.15,427,30.5634,2.52147,0.41686
1610,153,50,50,0,0,0,0,1,194.831,0.05,0.15,427,30.5634,2.61012,0.41686
1611,156,50,50,0,0,0,0,1,192.657,0.05,0.15,427,30.5634,2.91754,0.41686
1612,142,50,50,0,0,0,0,1,192.006,0.05,0.15,427,30.5634,2.76531,0.41686
1613,145,50,50,0,0,0,0,1,185.165,0.05,0.15,427,30.5634,2.78368,0.41686
1614,148,50,50,0,0,0,0,1,186.739,0.05,0.15,427,30.5634,2.85596,0.41686
1615,132,50,50,0,0,0,0,1,183.222,0.05,0.15,427,30.5634,3.23289,0.41686
1616,165,50,50,0,0,0,0,1,190.071,0.05,0.15,427,30.5634,3.01656,0.41686
1617,117,47,47,0,0,1,0,0,139.816,0.05,0.15,427,30.5634,3.19587,0.41686
1618,122,50,50,0,0,0,0,1,182.006,0.05,0.15,427,30.5634,2.89421,0.41686
1619,145,50,50,0,0,0,0,1,185.396,0.05,0.15,427,30.5634,2.83015,0.41686
1620,136,50,50,0,0,0,0,1,183.558,0.05,0.15,427,30.5634,3.30441,0.41686
1621,147,50,50,0,0,0,0,1,193.698,0.05,0.15,427,30.5634,2.88174,0.41686
1622,155,50,50,0,0,0,0,1,190.52,0.05,0.15,427,30.5634,3.02341,0.41686
1623,134,50,50,0,0,0,0,1,184.723,0.05,0.15,427,30.5634,2.86694,0.41686
1624,139,50,50,0,0,0,0,1,186.375,0.05,0.15,427,30.5634,2.65904,0.41686
1625,135,50,50,0,0,0,0,1,185.347,0.05,0.15,427,30.5634,2.74127,0.41686
1626,125,50,50,0,0,0,0,1,182.841,0.05,0.15,427,30.5634,2.78191,0.41686
1627,134,50,50,0,0,0,0,1,183.821,0.05,0.15,427,30.5634,2.86559,0.41686
1628,145,50,50,0,0,0,0,1,185.204,0.05,0.15,427,30.5634,3.04866,0.41686
1629,132,50,50,0,0,0,0,1,187.768,0.05,0.15,427,30.5634,2.84404,0.41686
1630,164,50,50,0,0,0,0,1,193.034,0.05,0.15,427,30.5634,3.27969,0.41686
1631,147,50,50,0,0,0,0,1,185.843,0.05,0.15,427,30.5634,2.80372,0.41686
1632,144,50,50,0,0,0,0,1,191.694,0.05,0.15,427,30.5634,2.6177,0.41686
1633,151,50,50,0,0,0,0,1,194.967,0.05,0.15,427,30.5634,2.51792,0.41686
1634,148,50,50,0,0,0,0,1,191.543,0.05,0.15,427,30.5634,2.79116,0.41686
1635,136,50,50,0,0,0,0,1,184.772,0.05,0.15,427,30.5634,2.81173,0.41686
1636,154,50,50,0,0,0,0,1,190.68,0.05,0.15,427,30.5634,2.80614,0.41686
1637,161,50,50,0,0,0,0,1,196.109,0.05,0.15,427,30.5634,2.69792,0.41686
1638,142,50,50,0,0,0,0,1,186.395,0.05,0.15,427,30.5634,2.55377,0.41686
1639,130,50,50,0,0,0,0,1,185.402,0.05,0.15,427,30.5634,2.93914,0.41686
1640,142,50,50,0,0,0,0,1,186.92,0.05,0.15,427,30.5634,2.81006,0.41686
1641,63,23,23,0,0,1,0,0,52.152,0.05,0.15,427,30.5634,2.98376,0.41686
1642,143,50,50,0,0,0,0,1,183.106,0.05,0.15,427,30.5634,3.31703,0.41686
1643,172,50,50,0,0,0,0,1,196.432,0.05,0.15,427,30.5634,2.92773,0.41686
1644,132,50,50,0,0,0,0,1,187.097,0.05,0.15,427,30.5634,2.52931,0.41686
1645,154,50,50,0,0,0,0,1,187.349,0.05,0.15,427,30.5634,2.71772,0.41686
1646,134,50,50,0,0,0,0,1,181.91,0.05,0.15,427,30.5634,2.81273,0.41686
1647,150,50,50,0,0,0,0,1,187.113,0.05,0.15,427,30.5634,2.68964,0.41686
1648,142,50,50,0,0,0,0,1,188.71,0.05,0.15,427,30.5634,2.61553,0.41686
1649,137,50,50,0,0,0,0,1,185.909,0.05,0.15,427,30.5634,2.79068,0.41686
1650,146,50,50,0,0,0,0,1,189.308,0.05,0.15,427,30.5634,2.58621,0.41686
1651,138,50,50,0,0,0,0,1,186.648,0.05,0.15,427,30.5634,2.84956,0.41686
1652,133,50,50,0,0,0,0,1,185.966,0.05,0.15,427,30.5634,2.53397,0.41686
1653,136,50,50,0,0,0,0,1,186.315,0.05,0.15,427,30.5634,2.80165,0.41686
1654,131,50,50,0,0,0,0,1,184.881,0.05,0.15,427,30.5634,2.64945,0.41686
1655,130,50,50,0,0,0,0,1,188.682,0.05,0.15,427,30.5634,2.47492,0.41686
1656,144,50,50,0,0,0,0,1,189.658,0.05,0.15,427,30.5634,2.64512,0.41686
1657,128,50,50,0,0,0,0,1,182.469,0.05,0.15,427,30.5634,3.22568,0.41686
1658,143,50,50,0,0,0,0,1,188.322,0.05,0.15,427,30.5634,2.77883,0.41686
1659,135,50,50,0,0,0,0,1,185.657,0.05,0.15,427,30.5634,2.75919,0.41686
1660,155,50,50,0,0,0,0,1,194.629,0.05,0.15,427,30.5634,2.59909,0.41686
1661,126,50,50,0,0,0,0,1,180.383,0.05,0.15,427,30.5634,2.84514,0.41686
1662,152,50,50,0,0,0,0,1,187.124,0.05,0.15,427,30.5634,3.11585,0.41686
1663,140,50,50,0,0,0,0,1,192.975,0.05,0.15,427,30.5634,2.24842,0.41686
1664,152,50,50,0,0,0,0,1,190.4,0.05,0.15,427,30.5634,2.61298,0.41686
1665,129,50,50,0,0,0,0,1,185.587,0.05,0.15,427,30.5634,2.77643,0.41686
1666,134,50,50,0,0,0,0,1,189.726,0.05,0.15,427,30.5634,2.52195,0.41686
1667,148,50,50,0,0,0,0,1,189.329,0.05,0.15,427,30.5634,2.44501,0.41686
1668,131,50,50,0,0,0,0,1,184.355,0.05,0.15,427,30.5634,2.67973,0.41686
1669,146,50,50,0,0,0,0,1,190.704,0.05,0.15,427,30.5634,2.46795,0.41686
1670,137,50,50,0,0,0,0,1,184.203,0.05,0.15,427,30.5634,2.78643,0.41686
1671,150,50,50,0,0,0,0,1,186.361,0.05,0.15,427,30.5634,2.91329,0.41686
1672,156,50,50,0,0,0,0,1,190.741,0.05,0.15,427,30.5634,3.00983,0.41686
1673,157,50,50,0,0,0,0,1,188.232,0.05,0.15,427,30.5634,2.65538,0.41686
1674,149,50,50,0,0,0,0,1,195.323,0.05,0.15,427,30.5634,2.58483,0.41686
1675,126,50,50,0,0,0,0,1,185.686,0.05,0.15,427,30.5634,2.77385,0.41686
1676,130,50,50,0,0,0,0,1,184.972,0.05,0.15,427,30.5634,2.8055,0.41686
1677,128,50,50,0,0,0,0,1,182.581,0.05,0.15,427,30.5634,3.12241,0.41686
1678,142,50,50,0,0,0,0,1,187.582,0.05,0.15,427,30.5634,2.84353,0.41686
1679,140,50,50,0,0,0,0,1,184.942,0.05,0.15,427,30.5634,2.90157,0.41686
1680,133,50,50,0,0,0,0,1,179.328,0.05,0.15,427,30.5634,3.15618,0.41686
1681,151,50,50,0,0,0,0,1,194.635,0.05,0.15,427,30.5634,2.59681,0.41686
1682,163,50,50,0,0,0,0,1,196.215,0.05,0.15,427,30.5634,2.6705,0.41686
1683,157,50,50,0,0,0,0,1,186.334,0.05,0.15,427,30.5634,2.83788,0.41686
1684,152,50,50,0,0,0,0,1,194.448,0.05,0.15,427,30.5634,2.46205,0.41686
1685,144,50,50,0,0,0,0,1,185.173,0.05,0.15,427,30.5634,2.91801,0.41686
1686,146,50,50,0,0,0,0,1,193.476,0.05,0.15,427,30.5634,2.59037,0.41686
1687,105,38,38,0,0,1,0,0,101.178,0.05,0.15,427,30.5634,3.69803,0.41686
1688,138,50,50,0,0,0,0,1,183.127,0.05,0.15,427,30.5634,2.84801,0.41686
1689,138,50,50,0,0,0,0,1,183.29,0.05,0.15,427,30.5634,2.49775,0.41686
1690,156,50,50,0,0,0,0,1,191.112,0.05,0.15,427,30.5634,2.54078,0.41686
1691,150,50,50,0,0,0,0,1,188.652,0.05,0.15,427,30.5634,3.03742,0.41686
1692,127,50,50,0,0,0,0,1,181.411,0.05,0.15,427,30.5634,2.78662,0.41686
1693,150,50,50,0,0,0,0,1,192.106,0.05,0.15,427,30.5634,2.78037,0.41686
1694,142,50,50,0,0,0,0,1,191.563,0.05,0.15,427,30.5634,2.4027,0.41686
1695,136,50,50,0,0,0,0,1,184.887,0.05,0.15,427,30.5634,2.90342,0.41686
1696,126,50,50,0,0,0,0,1,184.238,0.05,0.15,427,30.5634,2.81209,0.41686
1697,149,50,50,0,0,0,0,1,193.69,0.05,0.15,427,30.5634,2.68375,0.41686
1698,149,50,50,0,0,0,0,1,189.965,0.05,0.15,427,30.5634,2.43576,0.41686
1699,143,50,50,0,0,0,0,1,183.646,0.05,0.15,427,30.5634,3.29068,0.41686
1700,150,50,50,0,0,0,0,1,190.747,0.05,0.15,427,30.5634,2.95978,0.41686
1701,125,50,50,0,0,0,0,1,178.004,0.05,0.15,427,30.5634,2.87774,0.41686
1702,150,50,50,0,0,0,0,1,189.101,0.05,0.15,427,30.5634,2.94964,0.41686
1703,127,50,50,0,0,0,0,1,183.792,0.05,0.15,427,30.5634,2.59562,0.41686
1704,173,50,50,0,0,0,0,1,198.636,0.05,0.15,427,30.5634,2.79966,0.41725
1705,120,50,50,0,0,0,0,1,179.1,0.05,0.15,427,30.5634,2.8467,0.41725
1706,131,50,50,0,0,0,0,1,183.515,0.05,0.15,427,30.5634,2.69176,0.41725
1707,134,50,50,0,0,0,0,1,182.021,0.05,0.15,427,30.5634,3.13074,0.41725
1708,161,50,50,0,0,0,0,1,192.706,0.05,0.15,427,30.5634,3.05944,0.41725
1709,151,50,50,0,0,0,0,1,188.594,0.05,0.15,427,30.5634,2.67275,0.41725
1710,145,50,50,0,0,0,0,1,187.901,0.05,0.15,427,30.5634,2.81909,0.41725
1711,151,50,50,0,0,0,0,1,191.15,0.05,0.15,427,30.5634,2.92163,0.41725
1712,136,50,50,0,0,0,0,1,186.016,0.05,0.15,427,30.5634,2.64071,0.41764
1713,146,50,50,0,0,0,0,1,191.07,0.05,0.15,427,30.5634,2.65822,0.41764
1714,158,50,50,0,0,0,0,1,195.576,0.05,0.15,427,30.5634,2.60178,0.41764
1715,128,50,50,0,0,0,0,1,180.797,0.05,0.15,427,30.5634,2.96139,0.41764
1716,154,50,50,0,0,0,0,1,189.106,0.05,0.15,427,30.5634,3.26899,0.41764
1717,147,50,50,0,0,0,0,1,189.375,0.05,0.15,427,30.5634,2.46211,0.41764
1718,153,50,50,0,0,0,0,1,182.029,0.05,0.15,427,30.5634,3.19099,0.41764
1719,149,50,50,0,0,0,0,1,188.075,0.05,0.15,427,30.5634,2.61796,0.41764
1720,129,50,50,0,0,0,0,1,182.687,0.05,0.15,427,30.5634,2.89251,0.41764
1721,142,50,50,0,0,0,0,1,187.468,0.05,0.15,427,30.5634,2.83886,0.41764
1722,165,50,50,0,0,0,0,1,190.381,0.05,0.15,427,30.5634,2.94756,0.41764
1723,146,50,50,0,0,0,0,1,186.364,0.05,0.15,427,30.5634,2.74431,0.41764
1724,161,50,50,0,0,0,0,1,187.129,0.05,0.15,427,30.5634,3.13335,0.41764
1725,145,50,50,0,0,0,0,1,190.076,0.05,0.15,427,30.5634,2.77784,0.41764
1726,149,50,50,0,0,0,0,1,187.321,0.05,0.15,427,30.5634,3.03324,0.41764
1727,142,50,50,0,0,0,0,1,181.667,0.05,0.15,427,30.5634,2.7873,0.41764
1728,155,50,50,0,0,0,0,1,184.991,0.05,0.15,427,30.5634,3.24618,0.41764
1729,165,50,50,0,0,0,0,1,185.167,0.05,0.15,427,30.5634,2.96394,0.41764
1730,174,50,50,0,0,0,0,1,195.459,0.05,0.15,427,30.5634,2.51047,0.41764
1731,198,50,50,0,0,0,0,1,185.446,0.05,0.15,427,30.5634,2.9935,0.41764
1732,143,50,50,0,0,0,0,1,188.026,0.05,0.15,427,30.5634,2.27555,0.41764
1733,12,5,5,0,0,1,0,0,-15.438,0.05,0.15,427,30.5634,8.4184,0.41764
1734,146,50,50,0,0,0,0,1,183.601,0.05,0.15,427,30.5634,3.0012,0.41764
1735,137,50,50,0,0,0,0,1,180.027,0.05,0.15,427,30.5634,3.08557,0.41764
1736,169,50,50,0,0,0,0,1,191.045,0.05,0.15,427,30.5634,2.85096,0.41764
1737,145,50,50,0,0,0,0,1,186.249,0.05,0.15,427,30.5634,2.96554,0.41764
1738,137,50,50,0,0,0,0,1,186.682,0.05,0.15,427,30.5634,2.59487,0.41764
1739,155,50,50,0,0,0,0,1,187.875,0.05,0.15,427,30.5634,2.6412,0.41764
1740,128,50,50,0,0,0,0,1,184.516,0.05,0.15,427,30.5634,2.60652,0.41764
1741,125,50,50,0,0,0,0,1,183.499,0.05,0.15,427,30.5634,2.41601,0.41764
1742,121,50,50,0,0,0,0,1,181.598,0.05,0.15,427,30.5634,2.82643,0.41764
1743,126,50,50,0,0,0,0,1,177.847,0.05,0.15,427,30.5634,3.19217,0.41764
1744,153,50,50,0,0,0,0,1,189.976,0.05,0.15,427,30.5634,3.14082,0.41764
1745,156,50,50,0,0,0,0,1,192.107,0.05,0.15,427,30.5634,3.01788,0.41764
1746,144,50,50,0,0,0,0,1,184.154,0.05,0.15,427,30.5634,2.87128,0.41764
1747,143,50,50,0,0,0,0,1,190.062,0.05,0.15,427,30.5634,2.39312,0.41764
1748,137,50,50,0,0,0,0,1,186.847,0.05,0.15,427,30.5634,2.50426,0.41764
1749,163,50,50,0,0,0,0,1,185.322,0.05,0.15,427,30.5634,3.66301,0.41764
1750,146,50,50,0,0,0,0,1,188.422,0.05,0.15,427,30.5634,2.99395,0.41764
1751,151,50,50,0,0,0,0,1,193.522,0.05,0.15,427,30.5634,2.78948,0.41764
1752,145,50,50,0,0,0,0,1,186.124,0.05,0.15,427,30.5634,2.5871,0.41764
1753,118,50,50,0,0,0,0,1,181.386,0.05,0.15,427,30.5634,2.9768,0.41764
1754,129,50,50,0,0,0,0,1,180.498,0.05,0.15,427,30.5634,2.72586,0.41764
1755,136,50,50,0,0,0,0,1,187.652,0.05,0.15,427,30.5634,2.3175,0.41764
1756,145,50,50,0,0,0,0,1,187.783,0.05,0.15,427,30.5634,2.84466,0.41764
1757,146,50,50,0,0,0,0,1,180.69,0.05,0.15,427,30.5634,3.84001,0.41764
1758,124,50,50,0,0,0,0,1,178.352,0.05,0.15,427,30.5634,2.83476,0.41764
1759,158,50,50,0,0,0,0,1,192.907,0.05,0.15,427,30.5634,2.83727,0.41764
1760,130,50,50,0,0,0,0,1,186.409,0.05,0.15,427,30.5634,2.39597,0.41764
1761,152,50,50,0,0,0,0,1,188.036,0.05,0.15,427,30.5634,2.57256,0.41764
1762,142,50,50,0,0,0,0,1,185.498,0.05,0.15,427,30.5634,2.97678,0.41764
1763,126,50,50,0,0,0,0,1,187.34,0.05,0.15,427,30.5634,2.44333,0.41764
1764,125,50,50,0,0,0,0,1,184.663,0.05,0.15,427,30.5634,2.47618,0.41764
1765,137,50,50,0,0,0,0,1,190.063,0.05,0.15,427,30.5634,2.69541,0.41764
1766,138,50,50,0,0,0,0,1,186.623,0.05,0.15,427,30.5634,2.68611,0.41764
1767,138,50,50,0,0,0,0,1,187.918,0.05,0.15,427,30.5634,2.59801,0.41764
1768,127,50,50,0,0,0,0,1,184.877,0.05,0.15,427,30.5634,2.20876,0.41764
1769,134,50,50,0,0,0,0,1,188.411,0.05,0.15,427,30.5634,2.30413,0.41764
1770,167,50,50,0,0,0,0,1,197.177,0.05,0.15,427,30.5634,2.64236,0.41764
1771,151,50,50,0,0,0,0,1,190.609,0.05,0.15,427,30.5634,2.66995,0.41764
1772,141,49,49,0,0,1,0,0,151.59,0.05,0.15,427,30.5634,2.51247,0.41764
1773,145,50,50,0,0,0,0,1,189.907,0.05,0.15,427,30.5634,2.58836,0.41764
1774,163,50,50,0,0,0,0,1,191.616,0.05,0.15,427,30.5634,2.55365,0.41764
1775,146,50,50,0,0,0,0,1,191.272,0.05,0.15,427,30.5634,2.40604,0.41764
1776,148,50,50,0,0,0,0,1,186.127,0.05,0.15,427,30.5634,2.87285,0.41764
1777,128,50,50,0,0,0,0,1,183.527,0.05,0.15,427,30.5634,2.71881,0.41764
1778,142,50,50,0,0,0,0,1,189.615,0.05,0.15,427,30.5634,2.33185,0.41764
1779,139,50,50,0,0,0,0,1,184.302,0.05,0.15,427,30.5634,2.81057,0.41764
1780,142,50,50,0,0,0,0,1,182.927,0.05,0.15,427,30.5634,2.83761,0.41764
1781,137,50,50,0,0,0,0,1,187.965,0.05,0.15,427,30.5634,2.38808,0.41764
1782,140,50,50,0,0,0,0,1,187.14,0.05,0.15,427,30.5634,2.59578,0.41764
1783,147,50,50,0,0,0,0,1,192.493,0.05,0.15,427,30.5634,2.4634,0.41764
1784,143,50,50,0,0,0,0,1,188.038,0.05,0.15,427,30.5634,2.40889,0.41764
1785,130,50,50,0,0,0,0,1,181.592,0.05,0.15,427,30.5634,2.84363,0.41764
1786,166,50,50,0,0,0,0,1,200.081,0.05,0.15,427,30.5634,2.47485,0.41764
1787,86,30,30,0,0,1,0,0,77.5,0.05,0.15,427,30.5634,3.85897,0.41764
1788,149,50,50,0,0,0,0,1,179.549,0.05,0.15,427,30.5634,3.14962,0.41764
1789,130,50,50,0,0,0,0,1,185.671,0.05,0.15,427,30.5634,2.3738,0.41764
1790,126,50,50,0,0,0,0,1,181.915,0.05,0.15,427,30.5634,3.01972,0.41764
1791,143,50,50,0,0,0,0,1,183.816,0.05,0.15,427,30.5634,2.81388,0.41764
1792,146,50,50,0,0,0,0,1,189.505,0.05,0.15,427,30.5634,2.59684,0.41764
1793,162,50,50,0,0,0,0,1,187.49,0.05,0.15,427,30.5634,2.96101,0.41764
1794,128,50,50,0,0,0,0,1,183.462,0.05,0.15,427,30.5634,2.87663,0.41764
1795,138,50,50,0,0,0,0,1,188.153,0.05,0.15,427,30.5634,2.56707,0.41764
1796,163,50,50,0,0,0,0,1,193.641,0.05,0.15,427,30.5634,2.64517,0.41764
1797,152,50,50,0,0,0,0,1,190.535,0.05,0.15,427,30.5634,2.8107,0.41764
1798,195,50,50,0,0,0,0,1,190.005,0.05,0.15,427,30.5634,3.14606,0.41764
1799,158,50,50,0,0,0,0,1,190.888,0.05,0.15,427,30.5634,2.65064,0.41764
1800,134,50,50,0,0,0,0,1,185.021,0.05,0.15,427,30.5634,2.46071,0.41764
1801,147,50,50,0,0,0,0,1,189.566,0.05,0.15,427,30.5634,2.64217,0.41764
1802,145,50,50,0,0,0,0,1,184.976,0.05,0.15,427,30.5634,2.75571,0.41764
1803,142,50,50,0,0,0,0,1,191.405,0.05,0.15,427,30.5634,2.39671,0.41764
1804,144,50,50,0,0,0,0,1,189.045,0.05,0.15,427,30.5634,2.34885,0.41764
1805,164,50,50,0,0,0,0,1,198.3,0.05,0.15,427,30.5634,2.08617,0.41764
1806,143,50,50,0,0,0,0,1,193.809,0.05,0.15,427,30.5634,2.63805,0.41764
1807,143,50,50,0,0,0,0,1,182.922,0.05,0.15,427,30.5634,2.93711,0.41764
1808,155,50,50,0,0,0,0,1,188.555,0.05,0.15,427,30.5634,2.84934,0.41764
1809,158,50,50,0,0,0,0,1,185.547,0.05,0.15,427,30.5634,2.89388,0.41764
1810,161,50,50,0,0,0,0,1,192.345,0.05,0.15,427,30.5634,2.48558,0.41764
1811,134,50,50,0,0,0,0,1,187.19,0.05,0.15,427,30.5634,2.06151,0.41764
1812,152,50,50,0,0,0,0,1,191.148,0.05,0.15,427,30.5634,2.50124,0.41764
1813,139,50,50,0,0,0,0,1,183.892,0.05,0.15,427,30.5634,2.75088,0.41764
1814,160,50,50,0,0,0,0,1,187.811,0.05,0.15,427,30.5634,2.70899,0.41764
1815,156,50,50,0,0,0,0,1,186.135,0.05,0.15,427,30.5634,2.85563,0.41764
1816,135,50,50,0,0,0,0,1,186.346,0.05,0.15,427,30.5634,2.36528,0.41764
1817,133,50,50,0,0,0,0,1,185.995,0.05,0.15,427,30.5634,2.50633,0.41764
1818,101,42,42,0,0,1,0,0,121.34,0.05,0.15,427,30.5634,2.73763,0.41764
1819,144,50,50,0,0,0,0,1,190.451,0.05,0.15,427,30.5634,2.6236,0.41764
1820,142,50,50,0,0,0,0,1,191.06,0.05,0.15,427,30.5634,2.46355,0.41764
1821,138,50,50,0,0,0,0,1,186.254,0.05,0.15,427,30.5634,2.75534,0.41764
1822,138,50,50,0,0,0,0,1,189.277,0.05,0.15,427,30.5634,2.35932,0.41764
1823,156,50,50,0,0,0,0,1,198.409,0.05,0.15,427,30.5634,2.48079,0.41764
1824,132,50,50,0,0,0,0,1,187.199,0.05,0.15,427,30.5634,2.51878,0.41764
1825,138,50,50,0,0,0,0,1,187.134,0.05,0.15,427,30.5634,2.8178,0.41764
1826,153,50,50,0,0,0,0,1,193.353,0.05,0.15,427,30.5634,2.50329,0.41764
1827,153,50,50,0,0,0,0,1,188.412,0.05,0.15,427,30.5634,2.5776,0.41764
1828,138,50,50,0,0,0,0,1,179.529,0.05,0.15,427,30.5634,3.26538,0.41764
1829,158,50,50,0,0,0,0,1,189.29,0.05,0.15,427,30.5634,3.15666,0.41764
1830,140,50,50,0,0,0,0,1,191.216,0.05,0.15,427,30.5634,2.43817,0.41764
1831,164,50,50,0,0,0,0,1,194.542,0.05,0.15,427,30.5634,2.62862,0.41764
1832,126,50,50,0,0,0,0,1,184.313,0.05,0.15,427,30.5634,2.46357,0.41764
1833,164,50,50,0,0,0,0,1,193.587,0.05,0.15,427,30.5634,2.49757,0.41764
1834,138,50,50,0,0,0,0,1,188.789,0.05,0.15,427,30.5634,2.47808,0.41764
1835,140,50,50,0,0,0,0,1,192.048,0.05,0.15,427,30.5634,2.3584,0.41764
1836,128,50,50,0,0,0,0,1,187.82,0.05,0.15,427,30.5634,2.20811,0.41764
1837,142,50,50,0,0,0,0,1,191.652,0.05,0.15,427,30.5634,2.47116,0.41764
1838,136,50,50,0,0,0,0,1,182.183,0.05,0.15,427,30.5634,2.76699,0.41764
1839,167,50,50,0,0,0,0,1,195.103,0.05,0.15,427,30.5634,2.54058,0.41764
1840,144,50,50,0,0,0,0,1,187.102,0.05,0.15,427,30.5634,2.7044,0.41764
1841,136,50,50,0,0,0,0,1,184.677,0.05,0.15,427,30.5634,2.44301,0.41764
1842,127,50,50,0,0,0,0,1,185.594,0.05,0.15,427,30.5634,2.33227,0.41764
1843,150,50,50,0,0,0,0,1,188.632,0.05,0.15,427,30.5634,2.34334,0.41764
1844,164,50,50,0,0,0,0,1,195.97,0.05,0.15,427,30.5634,2.71214,0.41764
1845,141,50,50,0,0,0,0,1,185.431,0.05,0.15,427,30.5634,2.53069,0.41764
1846,150,50,50,0,0,0,0,1,191.295,0.05,0.15,427,30.5634,2.6081,0.41764
1847,128,50,50,0,0,0,0,1,184.315,0.05,0.15,427,30.5634,2.94975,0.41764
1848,163,50,50,0,0,0,0,1,195.737,0.05,0.15,427,30.5634,2.53037,0.41764
1849,141,50,50,0,0,0,0,1,189.898,0.05,0.15,427,30.5634,2.54987,0.41764
1850,148,50,50,0,0,0,0,1,190.306,0.05,0.15,427,30.5634,2.46583,0.41764
1851,129,50,50,0,0,0,0,1,183.563,0.05,0.15,427,30.5634,2.91306,0.41764
1852,139,50,50,0,0,0,0,1,191.256,0.05,0.15,427,30.5634,2.2848,0.41764
1853,133,50,50,0,0,0,0,1,188.253,0.05,0.15,427,30.5634,2.32482,0.41764
1854,152,50,50,0,0,0,0,1,190.34,0.05,0.15,427,30.5634,2.52874,0.41764
1855,144,50,50,0,0,0,0,1,187.378,0.05,0.15,427,30.5634,2.72868,0.41764
1856,144,50,50,0,0,0,0,1,187.031,0.05,0.15,427,30.5634,2.75109,0.41764
1857,134,50,50,0,0,0,0,1,182.728,0.05,0.15,427,30.5634,3.01362,0.41764
1858,76,25,25,0,0,1,0,0,56.742,0.05,0.15,427,30.5634,3.43353,0.41764
1859,152,50,50,0,0,0,0,1,193.784,0.05,0.15,427,30.5634,2.69512,0.41764
1860,125,50,50,0,0,0,0,1,182.976,0.05,0.15,427,30.5634,2.36313,0.41764
1861,146,50,50,0,0,0,0,1,190.093,0.05,0.15,427,30.5634,2.62533,0.41764
1862,154,50,50,0,0,0,0,1,186.738,0.05,0.15,427,30.5634,2.53231,0.41764
1863,180,50,50,0,0,0,0,1,197.898,0.05,0.15,427,30.5634,2.86133,0.41764
1864,142,50,50,0,0,0,0,1,185.15,0.05,0.15,427,30.5634,2.83569,0.41764
1865,141,50,50,0,0,0,0,1,190.43,0.05,0.15,427,30.5634,2.4008,0.41764
1866,155,50,50,0,0,0,0,1,193.359,0.05,0.15,427,30.5634,2.63185,0.41764
1867,151,50,50,0,0,0,0,1,189.358,0.05,0.15,427,30.5634,2.41427,0.41764
1868,161,50,50,0,0,0,0,1,195.122,0.05,0.15,427,30.5634,2.96879,0.41764
1869,147,50,50,0,0,0,0,1,191.932,0.05,0.15,427,30.5634,2.32824,0.41764
1870,165,50,50,0,0,0,0,1,203.286,0.05,0.15,427,30.5634,2.26685,0.41764
1871,157,50,50,0,0,0,0,1,190.936,0.05,0.15,427,30.5634,2.29037,0.41764
1872,148,50,50,0,0,0,0,1,192.078,0.05,0.15,427,30.5634,2.32323,0.41764
1873,130,50,50,0,0,0,0,1,185.437,0.05,0.15,427,30.5634,2.30533,0.41764
1874,146,49,49,0,0,1,0,0,151.179,0.05,0.15,427,30.5634,2.68619,0.41764
1875,135,50,50,0,0,0,0,1,182.614,0.05,0.15,427,30.5634,2.68369,0.41764
1876,139,50,50,0,0,0,0,1,185.402,0.05,0.15,427,30.5634,2.51129,0.41764
1877,158,50,50,0,0,0,0,1,195.702,0.05,0.15,427,30.5634,2.46186,0.41764
1878,149,50,50,0,0,0,0,1,189.019,0.05,0.15,427,30.5634,2.65679,0.41764
1879,131,50,50,0,0,0,0,1,185.313,0.05,0.15,427,30.5634,2.46591,0.41764
1880,138,50,50,0,0,0,0,1,183.54,0.05,0.15,427,30.5634,2.84068,0.41764
1881,144,50,50,0,0,0,0,1,191.259,0.05,0.15,427,30.5634,2.26862,0.41764
1882,139,50,50,0,0,0,0,1,187.853,0.05,0.15,427,30.5634,2.67375,0.41764
1883,128,50,50,0,0,0,0,1,184.061,0.05,0.15,427,30.5634,2.50975,0.41764
1884,123,50,50,0,0,0,0,1,184.668,0.05,0.15,427,30.5634,2.70411,0.41764
1885,127,50,50,0,0,0,0,1,187.295,0.05,0.15,427,30.5634,2.46951,0.41764
1886,99,42,42,0,0,1,0,0,120.368,0.05,0.15,427,30.5634,3.02219,0.41764
1887,128,50,50,0,0,0,0,1,186.386,0.05,0.15,427,30.5634,2.33309,0.41764
1888,133,50,50,0,0,0,0,1,188.416,0.05,0.15,427,30.5634,2.65877,0.41764
1889,139,50,50,0,0,0,0,1,190.433,0.05,0.15,427,30.5634,2.67768,0.41764
1890,135,50,50,0,0,0,0,1,189.602,0.05,0.15,427,30.5634,2.42716,0.41764
1891,113,50,50,0,0,0,0,1,178.763,0.05,0.15,427,30.5634,2.42689,0.41764
1892,164,50,50,0,0,0,0,1,197.889,0.05,0.15,427,30.5634,2.92282,0.41764
1893,154,50,50,0,0,0,0,1,200.156,0.05,0.15,427,30.5634,2.19986,0.41764
1894,144,50,50,0,0,0,0,1,189.722,0.05,0.15,427,30.5634,2.52112,0.41764
1895,122,50,50,0,0,0,0,1,185.258,0.05,0.15,427,30.5634,2.44183,0.41764
1896,147,50,50,0,0,0,0,1,187.096,0.05,0.15,427,30.5634,2.87539,0.41764
1897,149,50,50,0,0,0,0,1,190.907,0.05,0.15,427,30.5634,2.4054,0.41764
1898,150,50,50,0,0,0,0,1,190.786,0.05,0.15,427,30.5634,2.56794,0.41764
1899,167,50,50,0,0,0,0,1,193.743,0.05,0.15,427,30.5634,2.5535,0.41764
1900,124,50,50,0,0,0,0,1,184.562,0.05,0.15,427,30.5634,2.52389,0.41764
1901,162,50,50,0,0,0,0,1,192.533,0.05,0.15,427,30.5634,2.68204,0.41764
1902,164,50,50,0,0,0,0,1,188.101,0.05,0.15,427,30.5634,2.88764,0.41764
1903,148,50,50,0,0,0,0,1,187.909,0.05,0.15,427,30.5634,2.9473,0.41764
1904,140,50,50,0,0,0,0,1,182.092,0.05,0.15,427,30.5634,2.71151,0.41764
1905,138,50,50,0,0,0,0,1,182.456,0.05,0.15,427,30.5634,2.79451,0.41764
1906,139,50,50,0,0,0,0,1,186.032,0.05,0.15,427,30.5634,3.2356,0.41764
1907,151,50,50,0,0,0,0,1,193.342,0.05,0.15,427,30.5634,2.63665,0.41764
1908,140,50,50,0,0,0,0,1,180.215,0.05,0.15,427,30.5634,2.91578,0.41764
1909,158,50,50,0,0,0,0,1,192.861,0.05,0.15,427,30.5634,2.31194,0.41764
1910,144,50,50,0,0,0,0,1,186.288,0.05,0.15,427,30.5634,2.62616,0.41764
1911,151,50,50,0,0,0,0,1,188.61,0.05,0.15,427,30.5634,2.54794,0.41764
1912,129,50,50,0,0,0,0,1,185.295,0.05,0.15,427,30.5634,2.27473,0.41764
1913,145,50,50,0,0,0,0,1,191.382,0.05,0.15,427,30.5634,2.57445,0.41764
1914,124,50,50,0,0,0,0,1,185.208,0.05,0.15,427,30.5634,2.61629,0.41764
1915,144,50,50,0,0,0,0,1,187.78,0.05,0.15,427,30.5634,2.70503,0.41764
1916,132,50,50,0,0,0,0,1,186.203,0.05,0.15,427,30.5634,2.54651,0.41764
1917,144,50,50,0,0,0,0,1,190.464,0.05,0.15,427,30.5634,2.38312,0.41764
1918,141,50,50,0,0,0,0,1,181.496,0.05,0.15,427,30.5634,2.90416,0.41764
1919,129,50,50,0,0,0,0,1,186.665,0.05,0.15,427,30.5634,2.34804,0.41764
1920,135,50,50,0,0,0,0,1,185.867,0.05,0.15,427,30.5634,2.44517,0.41764
1921,122,50,50,0,0,0,0,1,183.91,0.05,0.15,427,30.5634,2.4764,0.41764
1922,136,50,50,0,0,0,0,1,191.048,0.05,0.15,427,30.5634,2.39587,0.41764
1923,132,50,50,0,0,0,0,1,187.253,0.05,0.15,427,30.5634,2.36238,0.41764
1924,163,50,50,0,0,0,0,1,192.766,0.05,0.15,427,30.5634,2.40458,0.41764
1925,130,50,50,0,0,0,0,1,184.894,0.05,0.15,427,30.5634,2.86519,0.41764
1926,115,50,50,0,0,0,0,1,183.21,0.05,0.15,427,30.5634,2.3148,0.41764
1927,135,50,50,0,0,0,0,1,189.281,0.05,0.15,427,30.5634,2.64685,0.41764
1928,120,50,50,0,0,0,0,1,178.582,0.05,0.15,427,30.5634,2.91992,0.41764
1929,134,50,50,0,0,0,0,1,187.337,0.05,0.15,427,30.5634,2.43403,0.41764
1930,138,50,50,0,0,0,0,1,186.258,0.05,0.15,427,30.5634,2.65723,0.41764
1931,166,50,50,0,0,0,0,1,186.416,0.05,0.15,427,30.5634,2.83773,0.41764
1932,147,50,50,0,0,0,0,1,195.54,0.05,0.15,427,30.5634,2.53174,0.41764
1933,136,50,50,0,0,0,0,1,186.029,0.05,0.15,427,30.5634,2.58931,0.41764
1934,138,50,50,0,0,0,0,1,189.042,0.05,0.15,427,30.5634,2.32366,0.41764
1935,125,50,50,0,0,0,0,1,182.195,0.05,0.15,427,30.5634,2.83153,0.41764
1936,151,50,50,0,0,0,0,1,190.654,0.05,0.15,427,30.5634,2.41315,0.41764
1937,141,50,50,0,0,0,0,1,190.944,0.05,0.15,427,30.5634,2.41773,0.41764
1938,143,50,50,0,0,0,0,1,183.762,0.05,0.15,427,30.5634,2.85333,0.41764
1939,132,50,50,0,0,0,0,1,185.695,0.05,0.15,427,30.5634,2.39585,0.41764
1940,121,50,50,0,0,0,0,1,181.178,0.05,0.15,427,30.5634,2.77306,0.41764
1941,154,50,50,0,0,0,0,1,181.606,0.05,0.15,427,30.5634,3.22045,0.41764
1942,130,50,50,0,0,0,0,1,186.78,0.05,0.15,427,30.5634,2.89321,0.41764
1943,132,50,50,0,0,0,0,1,189.236,0.05,0.15,427,30.5634,2.46116,0.41764
1944,129,50,50,0,0,0,0,1,188.538,0.05,0.15,427,30.5634,2.35259,0.41764
1945,151,50,50,0,0,0,0,1,191.446,0.05,0.15,427,30.5634,2.84733,0.41764
1946,151,50,50,0,0,0,0,1,196.028,0.05,0.15,427,30.5634,2.12421,0.41764
1947,145,50,50,0,0,0,0,1,187.039,0.05,0.15,427,30.5634,2.32377,0.41764
1948,138,50,50,0,0,0,0,1,192.06,0.05,0.15,427,30.5634,2.27961,0.41764
1949,138,50,50,0,0,0,0,1,183.917,0.05,0.15,427,30.5634,2.65481,0.41764
1950,138,50,50,0,0,0,0,1,188.749,0.05,0.15,427,30.5634,2.46932,0.41764
1951,124,50,50,0,0,0,0,1,186.67,0.05,0.15,427,30.5634,2.15255,0.41764
1952,141,50,50,0,0,0,0,1,190.1,0.05,0.15,427,30.5634,2.50855,0.41764
1953,153,50,50,0,0,0,0,1,189.767,0.05,0.15,427,30.5634,2.86356,0.41764
1954,145,50,50,0,0,0,0,1,192.182,0.05,0.15,427,30.5634,2.06882,0.41764
1955,149,50,50,0,0,0,0,1,192.683,0.05,0.15,427,30.5634,2.23097,0.41764
1956,131,50,50,0,0,0,0,1,181.627,0.05,0.15,427,30.5634,3.15615,0.41764
1957,134,50,50,0,0,0,0,1,189.54,0.05,0.15,427,30.5634,2.45321,0.41764
1958,138,50,50,0,0,0,0,1,191.25,0.05,0.15,427,30.5634,2.41517,0.41764
1959,153,50,50,0,0,0,0,1,183.687,0.05,0.15,427,30.5634,2.75679,0.41764
1960,131,50,50,0,0,0,0,1,184.126,0.05,0.15,427,30.5634,2.80875,0.41764
1961,129,50,50,0,0,0,0,1,185.911,0.05,0.15,427,30.5634,1.98208,0.41764
1962,119,50,50,0,0,0,0,1,180.406,0.05,0.15,427,30.5634,2.42969,0.41764
1963,125,50,50,0,0,0,0,1,186.312,0.05,0.15,427,30.5634,2.29598,0.41764
1964,145,50,50,0,0,0,0,1,189.121,0.05,0.15,427,30.5634,2.65933,0.41764
1965,143,50,50,0,0,0,0,1,192.263,0.05,0.15,427,30.5634,2.37533,0.41764
1966,130,50,50,0,0,0,0,1,185.126,0.05,0.15,427,30.5634,2.45883,0.41764
1967,147,50,50,0,0,0,0,1,192.486,0.05,0.15,427,30.5634,2.38938,0.41764
1968,140,50,50,0,0,0,0,1,193.294,0.05,0.15,427,30.5634,2.18513,0.41764
1969,137,50,50,0,0,0,0,1,187.414,0.05,0.15,427,30.5634,3.05689,0.41764
1970,156,50,50,0,0,0,0,1,192.322,0.05,0.15,427,30.5634,2.79001,0.41764
1971,159,50,50,0,0,0,0,1,184.498,0.05,0.15,427,30.5634,3.16936,0.41764
1972,138,50,50,0,0,0,0,1,192.606,0.05,0.15,427,30.5634,2.18725,0.41764
1973,134,50,50,0,0,0,0,1,187.754,0.05,0.15,427,30.5634,2.65405,0.41764
1974,148,50,50,0,0,0,0,1,190.837,0.05,0.15,427,30.5634,2.45826,0.41764
1975,153,50,50,0,0,0,0,1,187.867,0.05,0.15,427,30.5634,2.93288,0.41764
1976,130,50,50,0,0,0,0,1,189.198,0.05,0.15,427,30.5634,2.51757,0.41764
1977,147,50,50,0,0,0,0,1,185.521,0.05,0.15,427,30.5634,3.03846,0.41764
1978,170,50,50,0,0,0,0,1,186.526,0.05,0.15,427,30.5634,2.79167,0.41764
1979,139,50,50,0,0,0,0,1,187.814,0.05,0.15,427,30.5634,2.57143,0.41764
1980,158,50,50,0,0,0,0,1,187.353,0.05,0.15,427,30.5634,3.15649,0.41764
1981,136,50,50,0,0,0,0,1,185.497,0.05,0.15,427,30.5634,2.32434,0.41764
1982,130,50,50,0,0,0,0,1,185.183,0.05,0.15,427,30.5634,2.2033,0.41764
1983,139,50,50,0,0,0,0,1,186.802,0.05,0.15,427,30.5634,2.61381,0.41764
1984,151,50,50,0,0,0,0,1,192.473,0.05,0.15,427,30.5634,2.17746,0.41764
1985,135,50,50,0,0,0,0,1,189.783,0.05,0.15,427,30.5634,2.6195,0.41764
1986,141,50,50,0,0,0,0,1,187.372,0.05,0.15,427,30.5634,2.74971,0.41764
1987,124,50,50,0,0,0,0,1,184.068,0.05,0.15,427,30.5634,2.40403,0.41764
1988,151,50,50,0,0,0,0,1,185.659,0.05,0.15,427,30.5634,2.81747,0.41764
1989,126,50,50,0,0,0,0,1,182.593,0.05,0.15,427,30.5634,2.65048,0.41764
1990,161,50,50,0,0,0,0,1,193.246,0.05,0.15,427,30.5634,2.61908,0.41764
1991,176,50,50,0,0,0,0,1,191.743,0.05,0.15,427,30.5634,2.61475,0.41764
1992,143,50,50,0,0,0,0,1,191.116,0.05,0.15,427,30.5634,2.36736,0.41764
1993,136,50,50,0,0,0,0,1,185.16,0.05,0.15,427,30.5634,2.83866,0.41764
1994,133,50,50,0,0,0,0,1,187.064,0.05,0.15,427,30.5634,2.74467,0.41764
1995,124,50,50,0,0,0,0,1,177.626,0.05,0.15,427,30.5634,3.10033,0.41764
1996,123,50,50,0,0,0,0,1,184.578,0.05,0.15,427,30.5634,2.97061,0.41764
1997,143,50,50,0,0,0,0,1,194.376,0.05,0.15,427,30.5634,2.31727,0.41764
1998,121,50,50,0,0,0,0,1,181.091,0.05,0.15,427,30.5634,2.47942,0.41764
1999,158,50,50,0,0,0,0,1,196.657,0.05,0.15,427,30.5634,2.46014,0.41764
2000,161,50,50,0,0,0,0,1,194.47,0.05,0.15,427,30.5634,2.30362,0.41764
