iteration,total_steps,steps_per_second,episodes,policy_loss,value_loss,entropy,approx_kl,clip_fraction,explained_variance,grad_norm,n_updates,early_stopped,ep_score,ep_coins,ep_kills,ep_suicides,ep_steps,ep_survived,ep_episode_return,step
1,2048,651.0209021160832,54,-0.003126557683572173,104.87145495414734,1.2018448449671268,0.0003579848853405565,0.0,0.013240218162536621,10.728039214387536,32.0,0.0,2.9,2.9,0.0,1.0,30.16,0.0,-30.054551696777345,2048
2,4096,754.9894584285144,106,-0.01432897498307284,101.32752203941345,1.226389892399311,0.009095860441448167,0.114990234375,0.012658953666687012,5.220683870837092,32.0,0.0,3.9,3.9,0.0,1.0,40.02,0.0,-28.3479638671875,4096
3,6144,799.4522227122042,149,-0.005027772989706136,82.34313225746155,1.2607726156711578,0.0006896989652886987,0.0001220703125,0.010483264923095703,10.666515696793795,32.0,0.0,3.64,3.64,0.0,1.0,41.24,0.0,-27.290379524230957,6144
4,8192,820.9144799683078,180,-0.010900235880399123,58.734614849090576,1.2598074935376644,0.006366635352605954,0.0816650390625,0.026735961437225342,7.573939044028521,32.0,0.0,5.14,5.14,0.0,1.0,50.72,0.0,-21.77414333343506,8192
5,10240,835.7675858553343,219,-0.006500563147710636,62.67027461528778,1.2277998477220535,0.004471497140912106,0.0567626953125,0.03881049156188965,11.644729509949684,32.0,0.0,5.0,5.0,0.0,1.0,53.22,0.0,-21.53061939239502,10240
6,12288,847.9365256588887,232,-0.001061884919181466,29.672085762023926,1.2123822122812271,0.004879144180449657,0.048828125,0.08167576789855957,6.587639166042209,32.0,0.0,6.24,6.24,0.0,0.98,71.76,0.02,-17.260378398895263,12288
7,14336,852.5661480221486,247,-0.005237183693679981,29.573063790798187,1.1883604861795902,0.004560786772344727,0.04931640625,0.09998542070388794,7.899573553353548,32.0,0.0,8.24,8.24,0.0,0.96,97.52,0.04,-10.077650928497315,14336
8,16384,861.5275687794734,258,-0.005386822653235868,26.112153232097626,1.1861587688326836,0.005316612005117349,0.062744140625,0.05323857069015503,6.345662010833621,32.0,0.0,8.92,8.92,0.0,0.96,104.24,0.04,-6.829372959136963,16384
9,18432,867.6759971156274,273,-0.003650014230515808,28.749045193195343,1.190110631287098,0.0038770614883105736,0.0362548828125,0.03302609920501709,8.099180476740003,32.0,0.0,11.6,11.6,0.0,0.92,141.48,0.08,3.6649803161621093,18432
10,20480,870.1466313987255,283,-0.0037694112688768655,21.46694952249527,1.1879513561725616,0.0037111961537448224,0.0439453125,0.05015254020690918,6.322792816907167,32.0,0.0,11.52,11.52,0.0,0.92,136.94,0.08,4.157063331604004,20480
11,22528,874.4128477732826,303,-0.005387342069298029,35.85646295547485,1.1628848873078823,0.008834233678499004,0.10205078125,0.07653814554214478,7.84345593303442,32.0,0.0,11.88,11.88,0.0,0.86,148.06,0.14,7.504730567932129,22528
12,24576,891.5397397431068,314,-0.005589207314187661,26.11852240562439,1.159650545567274,0.003091958958975738,0.021240234375,0.08566063642501831,11.927182760089636,32.0,0.0,11.82,11.82,0.0,0.86,147.54,0.14,7.822056846618652,24576
13,26624,896.7497402865143,320,-0.006397308869054541,15.224838197231293,1.1188305728137493,0.00610548248005216,0.08349609375,0.1116071343421936,8.294770266860723,32.0,0.0,12.18,12.18,0.0,0.82,158.24,0.18,10.724015045166016,26624
14,28672,903.1483528314687,331,-0.0045191647950559855,19.36432382464409,1.0886783413589,0.0077774228957423475,0.0985107421875,0.08079469203948975,6.917055880650878,32.0,0.0,12.88,12.88,0.0,0.8,180.08,0.2,14.128940544128419,28672
15,30720,904.12107627837,340,-0.0027110715527669527,15.597753822803497,1.1030910834670067,0.004235605851135915,0.04931640625,0.16216284036636353,7.213549150153995,32.0,0.0,12.38,12.38,0.0,0.82,178.28,0.18,12.293326148986816,30720
16,32768,903.9462312837642,348,-0.007984857365954667,17.59027123451233,1.071415700018406,0.0064235333920805715,0.07861328125,0.14904296398162842,4.782400276511908,32.0,0.0,13.6,13.6,0.0,0.78,196.34,0.22,18.225578670501708,32768
17,34816,905.6119886804714,354,-0.004181265161605552,12.906463354825974,1.068220604211092,0.006961832623346709,0.0670166015625,0.09840041399002075,4.893780034035444,32.0,0.0,14.24,14.24,0.0,0.72,213.18,0.28,23.13286729812622,34816
18,36864,905.4243725481101,360,-0.008039576263399795,8.14662081003189,1.075961772352457,0.008298105745780049,0.10400390625,0.29737329483032227,5.465542148798704,32.0,0.0,15.12,15.12,0.0,0.66,232.1,0.34,28.95058000564575,36864
19,38912,906.182773071533,369,-0.0032036023039836437,13.084661394357681,1.0824786573648453,0.0027740499062929302,0.011962890625,0.21343666315078735,5.887917708605528,32.0,0.0,16.08,16.08,0.0,0.62,256.72,0.38,34.24664197921753,38912
20,40960,906.5401451362651,375,-0.0018158382445108145,13.393096834421158,1.1043920926749706,0.005107668635901064,0.039306640625,0.16253876686096191,7.371641907840967,32.0,0.0,16.06,16.06,0.0,0.56,260.28,0.44,36.63924425125122,40960
21,43008,907.1791384309693,381,-0.0056975468032760546,13.887603014707565,1.1004834398627281,0.0051191278180340305,0.06298828125,0.2562599778175354,5.6416439935564995,32.0,0.0,17.12,17.12,0.0,0.52,275.72,0.48,41.68626741409302,43008
22,45056,907.7303969281364,386,-0.003667275042971596,8.910720482468605,1.1008244045078754,0.003912902328011114,0.0379638671875,0.20992618799209595,4.406725624576211,32.0,0.0,18.4,18.4,0.0,0.46,296.14,0.54,48.43476076126099,45056
23,47104,907.6431207246209,390,-0.013135878631146625,7.5000579953193665,1.0862119942903519,0.009614222799427807,0.1507568359375,0.19678276777267456,6.0918321423232555,32.0,0.0,18.6,18.6,0.0,0.42,306.4,0.58,50.88607992172241,47104
24,49152,907.6208178201533,398,-0.0037527734821196645,11.066405564546585,1.054281234741211,0.005928001162828878,0.093017578125,0.27677983045578003,11.097632352262735,32.0,0.0,20.36,20.36,0.0,0.34,332.76,0.66,60.08913181304931,49152
25,51200,907.7709933524653,402,-0.01270482546533458,7.133030369877815,1.0605790130794048,0.01002061251347186,0.1405029296875,0.2715068459510803,10.519699476659298,32.0,0.0,21.6,21.6,0.0,0.28,350.14,0.72,66.72598972320557,51200
26,53248,907.8270352995664,405,-0.0068950758868595585,10.701570600271225,1.0632848627865314,0.008621907967608422,0.118896484375,0.2108156681060791,10.170998200774193,32.0,0.0,21.72,21.72,0.0,0.3,348.46,0.7,66.3767818069458,53248
27,55296,907.3442551241455,413,-0.006657025704043917,7.013316065073013,0.9818024821579456,0.006742041492543649,0.0792236328125,0.23208004236221313,14.755176439881325,32.0,0.0,22.48,22.48,0.0,0.22,359.54,0.78,71.65181495666504,55296
28,57344,908.3746266846155,419,-0.0038575507714995183,11.728603407740593,0.9412348680198193,0.0051039002210018225,0.05859375,0.3328844904899597,12.35863646864891,32.0,0.0,23.58,23.58,0.0,0.22,367.12,0.78,75.35143718719482,57344
29,59392,908.7201683369206,421,-0.011202795198187232,2.937785491347313,0.9994572661817074,0.008227196842199191,0.119140625,0.41085588932037354,5.999795019626617,32.0,0.0,23.8,23.8,0.0,0.2,372.96,0.8,76.85101402282714,59392
30,61440,908.5620048226181,429,-0.002804635325446725,5.084051698446274,0.9214399270713329,0.007064537603582721,0.1075439453125,0.4925408959388733,6.818244360387325,32.0,0.0,23.42,23.42,0.0,0.16,384.5,0.84,77.46876998901367,61440
31,63488,908.0140667235869,435,-0.000392952497350052,10.575821489095688,0.9424609299749136,0.006915140591445379,0.06787109375,0.26779770851135254,20.3448364213109,32.0,0.0,22.58,22.58,0.0,0.14,383.98,0.86,75.75971042633057,63488
32,65536,908.5799878191312,438,-0.010115201497683302,7.148387238383293,0.9826569240540266,0.009114280750509351,0.1197509765625,0.2965373396873474,8.29604784399271,32.0,0.0,22.6,22.6,0.0,0.14,383.98,0.86,75.89022655487061,65536
33,67584,909.3580726680467,445,-0.0060462083492893726,4.4036475121974945,0.9241810627281666,0.0049114406647277065,0.05224609375,0.5426419973373413,14.883929200470448,32.0,0.0,22.44,22.44,0.0,0.14,383.98,0.86,75.53955028533936,67584
34,69632,909.750902838865,450,-0.004254852363374084,6.329857036471367,0.9185882154852152,0.006855962688860018,0.0850830078125,0.4170341491699219,15.548649251461029,32.0,0.0,22.08,22.08,0.0,0.12,386.66,0.88,75.09722728729248,69632
35,71680,909.3522470513101,453,-0.009042999183293432,5.169360987842083,0.9120406098663807,0.008881798697984777,0.1419677734375,0.5005917549133301,11.395804978907108,32.0,0.0,21.84,21.84,0.0,0.12,386.66,0.88,74.24816020965577,71680
36,73728,909.4500405620031,461,-0.006053608332877047,8.148410573601723,0.8933604191988707,0.007446780786267482,0.070068359375,0.5322511196136475,13.811750739812851,32.0,0.0,21.28,21.28,0.0,0.12,386.1,0.88,72.80955348968506,73728
37,75776,909.0452486784213,465,-0.00337331005721353,4.969954676926136,0.8909320309758186,0.006484636178356595,0.0887451171875,0.5530661344528198,19.848411180078983,32.0,0.0,20.8,20.8,0.0,0.1,388.84,0.9,72.20575588226319,75776
38,77824,909.8539453322882,468,-0.002575080463429913,4.622216872870922,0.9018522202968597,0.002604569534014445,0.0245361328125,0.5402259826660156,17.296213641762733,32.0,0.0,20.38,20.38,0.0,0.06,392.0,0.94,72.27289585113526,77824
39,79872,909.9391382262361,476,-0.0025186341372318566,3.663873217999935,0.9168042074888945,0.006541211507283151,0.092041015625,0.7220049500465393,12.008745439350605,32.0,0.0,21.28,21.28,0.0,0.04,393.36,0.96,76.67584590911865,79872
40,81920,910.4761255341643,481,-0.0019299004052300006,5.1694349348545074,0.9315476957708597,0.0071996019323705696,0.09521484375,0.597679853439331,18.41457162797451,32.0,0.0,21.38,21.38,0.0,0.04,393.36,0.96,77.21657665252685,81920
41,83968,909.4473837764737,484,-0.005154934857273474,5.154608830809593,0.9278554022312164,0.006046574242645875,0.06103515625,0.6145042777061462,18.011086404323578,32.0,0.0,21.54,21.54,0.0,0.04,393.36,0.96,77.95961994171142,83968
42,86016,910.0803213121935,491,-0.006145603285403922,7.269549399614334,0.9569289050996304,0.004904630724922754,0.063232421875,0.4936145544052124,19.522739194333553,32.0,0.0,22.18,22.18,0.0,0.02,397.76,0.98,81.09777938842774,86016
43,88064,910.4918779195168,496,-0.0005944347067270428,3.338748000562191,0.9084745831787586,0.004743776451505255,0.048583984375,0.7069334387779236,25.30380243062973,32.0,0.0,22.5,22.5,0.0,0.02,397.76,0.98,82.36355056762696,88064
44,90112,911.2022994586448,500,-0.004321608954342082,8.943135365843773,0.9865259993821383,0.005813712727103848,0.0660400390625,0.4291747808456421,21.706775330007076,32.0,0.0,22.72,22.72,0.0,0.02,397.76,0.98,83.34805168151856,90112
45,92160,911.0816554547652,505,-0.004403481405461207,7.468852281570435,0.9929026328027248,0.005941853960393928,0.06689453125,0.503838300704956,23.570109099149704,32.0,0.0,23.52,23.52,0.0,0.0,400.0,1.0,87.03835426330566,92160
46,94208,910.741360662249,512,-0.005050062609370798,5.97808338701725,0.9464237857609987,0.004170102016360033,0.0469970703125,0.6608412265777588,20.2134715244174,32.0,0.0,24.26,24.26,0.0,0.0,400.0,1.0,89.67352226257324,94208
47,96256,911.0091833625763,516,-0.005008372376323678,4.661370910704136,0.9566211756318808,0.005424133960332256,0.0743408203125,0.6049902439117432,28.642684429883957,32.0,0.0,25.08,25.08,0.0,0.0,400.0,1.0,92.46935218811035,96256
48,98304,911.1608188255634,521,-0.01000461149669718,5.294069394469261,0.9732333347201347,0.00966970824811142,0.122802734375,0.52312171459198,24.363405719399452,32.0,0.0,25.38,25.38,0.0,0.0,400.0,1.0,93.555619430542,98304
49,100352,911.4244342943476,527,-0.005727774288970977,8.135618105530739,0.9626883286982775,0.007274968673300464,0.107421875,0.6645516157150269,37.49812211096287,32.0,0.0,25.7,25.7,0.0,0.0,400.0,1.0,94.79517822265625,100352
50,102400,911.9462167191344,532,-0.0034310911723878235,9.394451007246971,0.9354912117123604,0.00547880455997074,0.057861328125,0.6422420144081116,29.74968358874321,32.0,0.0,26.6,26.6,0.0,0.0,400.0,1.0,97.76865257263184,102400
51,104448,912.3162275426288,535,-0.00482787805958651,4.922781012952328,0.9592208378016949,0.004749233594338875,0.044189453125,0.6354963779449463,27.200845792889595,32.0,0.0,26.94,26.94,0.0,0.0,400.0,1.0,98.86329429626466,104448
52,106496,912.4549294396979,541,-0.003369529455085285,6.108447328209877,0.9406846053898335,0.0055853096273494884,0.05859375,0.6905949115753174,36.972828060388565,32.0,0.0,27.72,27.72,0.0,0.0,400.0,1.0,101.76053184509277,106496
53,108544,912.7990400884114,548,-0.001858476287452504,7.272688716650009,0.9509227145463228,0.0035502936589182355,0.031982421875,0.6438930034637451,33.013786509633064,32.0,0.0,28.46,28.46,0.0,0.0,400.0,1.0,104.34248100280762,108544
54,110592,913.0780392332659,551,-0.0024453635851386935,5.130760356783867,0.955887921154499,0.00554917046247283,0.0458984375,0.665964663028717,33.2589061409235,32.0,0.0,28.92,28.92,0.0,0.0,400.0,1.0,105.86805290222168,110592
55,112640,913.9223813127056,557,-0.0039530578651465476,4.931937724351883,0.9612100217491388,0.009155678031675052,0.089599609375,0.7869160175323486,34.162434339523315,32.0,0.0,29.24,29.24,0.0,0.0,400.0,1.0,106.87792198181153,112640
56,114688,913.827900566619,563,-0.005841214529937133,4.063854910433292,0.9489336516708136,0.008670819508552086,0.12744140625,0.7451648712158203,28.331843733787537,32.0,0.0,29.72,29.72,0.0,0.0,400.0,1.0,108.82216804504395,114688
57,116736,913.9348235332757,566,-0.007250951435707975,4.207356974482536,0.9601288251578808,0.009482018300332129,0.1197509765625,0.7253098487854004,31.204446122050285,32.0,0.0,29.76,29.76,0.0,0.0,400.0,1.0,108.98266914367676,116736
58,118784,914.1968410320953,573,-0.0009700966911623254,6.129002287983894,0.913153138011694,0.005494534452736843,0.058837890625,0.6581248641014099,32.61391705274582,32.0,0.0,29.86,29.86,0.0,0.0,400.0,1.0,109.37644401550293,118784
59,120832,914.4067329165251,578,-0.007750630582449958,6.0509630143642426,0.9072017651051283,0.009941932665242348,0.1453857421875,0.6368618011474609,34.831642776727676,32.0,0.0,30.66,30.66,0.0,0.0,400.0,1.0,112.09548782348632,120832
60,122880,914.5135254152273,581,-0.00718427830724977,6.4983168840408325,0.9425003789365292,0.005715161642001476,0.072265625,0.6093100309371948,29.899910412728786,32.0,0.0,31.14,31.14,0.0,0.0,400.0,1.0,113.71753463745117,122880
61,124928,914.0800151138392,589,-0.0036966678162571043,4.595254451036453,0.9072877578437328,0.0057106913372990675,0.0654296875,0.7834267616271973,39.486581683158875,32.0,0.0,30.74,30.74,0.0,0.0,400.0,1.0,112.32064483642579,124928
62,126976,914.3000282809509,593,-0.0013830326352035627,5.499473422765732,0.9119156133383512,0.003359697548148688,0.023681640625,0.7691550850868225,42.87321336567402,32.0,0.0,30.68,30.68,0.0,0.0,400.0,1.0,112.07048217773438,126976
63,129024,914.7022504521506,596,-0.0008514934743288904,4.568786613643169,0.9168149307370186,0.008467597122944426,0.1199951171875,0.7538785934448242,40.76009187847376,32.0,0.0,30.12,30.12,0.0,0.0,400.0,1.0,110.08753631591797,129024
64,131072,914.5761039615054,604,-0.003913370208465494,5.454155832529068,0.9460871163755655,0.006088235903007444,0.0648193359375,0.8535110950469971,30.757089287042618,32.0,0.0,29.4,29.4,0.0,0.0,400.0,1.0,107.68100830078124,131072
65,133120,914.9185535572917,609,-0.0033791177993407473,6.2000574469566345,0.9443822894245386,0.004608145827660337,0.0380859375,0.7866567969322205,29.34115882962942,32.0,0.0,29.48,29.48,0.0,0.0,400.0,1.0,108.01084823608399,133120
66,135168,915.0643755777571,612,-0.001429629628546536,5.994723275303841,0.942555857822299,0.005681172631739173,0.055908203125,0.7777131795883179,56.308153569698334,32.0,0.0,29.2,29.2,0.0,0.0,400.0,1.0,106.90155120849609,135168
67,137216,914.8259595556763,619,-0.005814646428916603,3.8795869797468185,0.915949447080493,0.005546260348637588,0.0557861328125,0.8667463064193726,33.38166509568691,32.0,0.0,29.66,29.66,0.0,0.0,400.0,1.0,108.57007354736328,137216
68,139264,914.954538117307,624,-0.0024164491042029113,5.681836649775505,0.919262433424592,0.004800975431862753,0.0498046875,0.845849871635437,41.29181548953056,32.0,0.0,30.14,30.14,0.0,0.0,400.0,1.0,110.06479736328124,139264
69,141312,915.350289900049,628,-0.002514543230063282,5.800478130578995,0.904655346646905,0.00902015117026167,0.1337890625,0.7384799718856812,75.81046235561371,32.0,0.0,30.16,30.16,0.0,0.0,400.0,1.0,109.96057510375977,141312
70,143360,915.3004958669825,633,-0.00511562594329007,3.844476543366909,0.9321607798337936,0.004753025408717804,0.0440673828125,0.8678593635559082,63.814561545848846,32.0,0.0,30.06,30.06,0.0,0.0,400.0,1.0,109.71089721679688,143360
71,145408,915.3670289241996,640,-0.0025124155945377424,5.696170806884766,0.9025812745094299,0.006156234587251674,0.073486328125,0.8140890598297119,73.97004234790802,32.0,0.0,30.62,30.62,0.0,0.0,400.0,1.0,111.7210612487793,145408
72,147456,915.4859929624996,644,-0.0006245572731131688,5.998728305101395,0.8935395739972591,0.007248721027281135,0.0914306640625,0.7657143473625183,55.50846177339554,32.0,0.0,31.0,31.0,0.0,0.0,400.0,1.0,113.1438067626953,147456
73,149504,915.5401098653405,649,0.001253718277439475,4.133948728442192,0.91975455917418,0.0076774729750468396,0.09033203125,0.824552595615387,35.8724050372839,32.0,0.0,31.56,31.56,0.0,0.0,400.0,1.0,115.15859436035156,149504
74,151552,915.828551798834,655,-0.0003100781177636236,7.294744208455086,0.9280311223119497,0.0037474624841706827,0.0257568359375,0.8152783513069153,71.64370545744896,32.0,0.0,32.3,32.3,0.0,0.0,400.0,1.0,117.48615493774415,151552
75,153600,915.8515590357222,660,-0.0009229037023033015,4.429944723844528,0.908478295430541,0.003827194443147164,0.04443359375,0.8498900532722473,51.02124375104904,32.0,0.0,32.4,32.4,0.0,0.0,400.0,1.0,117.92011581420898,153600
76,155648,915.8843956738887,663,-0.0024192851124098524,5.236882239580154,0.9426969643682241,0.005533225572435185,0.0648193359375,0.820717990398407,65.6088382601738,32.0,0.0,32.56,32.56,0.0,0.0,400.0,1.0,118.46019638061523,155648
77,157696,915.3982137146667,669,-0.004955378914019093,3.8396103754639626,0.9244801513850689,0.006517619221995119,0.0897216796875,0.8995044827461243,76.93358337879181,32.0,0.0,32.34,32.34,0.0,0.0,400.0,1.0,117.7392121887207,157696
78,159744,915.8043921060215,676,-0.003197428595740348,5.4903604835271835,0.9110093954950571,0.006197771122970153,0.0589599609375,0.827276349067688,49.97770670056343,32.0,0.0,32.58,32.58,0.0,0.0,400.0,1.0,118.79459609985352,159744
79,161792,915.5633586767406,679,0.0007675855595152825,3.568081259727478,0.9100474528968334,0.006648963455518242,0.08251953125,0.8710989356040955,63.36121276021004,32.0,0.0,32.6,32.6,0.0,0.0,400.0,1.0,118.94094451904297,161792
80,163840,915.2939637421246,685,-0.006232351588550955,4.624842904508114,0.9048587363213301,0.00725110610073898,0.0767822265625,0.8802086710929871,58.36360225081444,32.0,0.0,32.56,32.56,0.0,0.0,400.0,1.0,118.72173156738282,163840
81,165888,914.7496160663651,691,-0.0032326696964446455,5.741808891296387,0.9117818307131529,0.005688388155249413,0.0611572265625,0.8423435688018799,50.612580984830856,32.0,0.0,32.04,32.04,0.0,0.0,400.0,1.0,116.82744888305665,165888
82,167936,914.9145973756159,694,-1.0195537470281124e-05,3.525911420583725,0.9367578327655792,0.005264817365969066,0.05419921875,0.8724567890167236,38.708766892552376,32.0,0.0,32.42,32.42,0.0,0.0,400.0,1.0,117.97623031616212,167936
83,169984,914.7579587455308,701,-0.00579450668010395,6.196202129125595,0.9027939643710852,0.005663487863785122,0.0606689453125,0.882430374622345,57.35637140274048,32.0,0.0,32.5,32.5,0.0,0.0,400.0,1.0,118.04752517700196,169984
84,172032,914.6371789383996,706,-0.0024579097953392193,5.0940279215574265,0.9105429612100124,0.006247354584047571,0.07421875,0.8727526068687439,50.15102109313011,32.0,0.0,32.22,32.22,0.0,0.0,400.0,1.0,117.07767227172852,172032
85,174080,914.6843746849022,709,5.210342351347208e-06,3.6352115496993065,0.9188755434006453,0.009551286151690874,0.1435546875,0.8634136319160461,39.70006012916565,32.0,0.0,32.6,32.6,0.0,0.0,400.0,1.0,118.40031448364257,174080
86,176128,917.1677277417917,717,0.007410156074911356,3.31375789642334,0.9063233584165573,0.014566832513082772,0.189453125,0.8872036933898926,33.179561614990234,4.0,1.0,32.86,32.86,0.0,0.0,400.0,1.0,119.35949127197266,176128
87,178176,916.7072240388302,721,-0.00031477666925638914,3.844024270772934,0.8735491931438446,0.006569765355379786,0.0845947265625,0.8619109988212585,55.13030523061752,32.0,0.0,32.72,32.72,0.0,0.0,400.0,1.0,118.93515350341796,178176
88,180224,916.5658539791791,724,-0.005262889317236841,5.6699865609407425,0.8760814480483532,0.00839209086552728,0.10546875,0.7281639575958252,48.96769720315933,32.0,0.0,32.5,32.5,0.0,0.0,400.0,1.0,118.1002587890625,180224
89,182272,916.7246747815742,732,-0.005290425877319649,4.622162751853466,0.8713670261204243,0.007719790839473717,0.111572265625,0.8843955993652344,38.90362212061882,32.0,0.0,32.02,32.02,0.0,0.0,400.0,1.0,116.5027537536621,182272
90,184320,916.8904906378292,737,-0.003935205488232896,6.369702532887459,0.888842485845089,0.005963083742244635,0.077880859375,0.8350781798362732,49.63944090902805,32.0,0.0,30.92,30.92,0.0,0.0,400.0,1.0,112.91078392028808,184320
91,186368,916.8398019871843,740,-0.0007794355333317071,4.8291866183280945,0.8985349237918854,0.009834656586463097,0.127197265625,0.8453792333602905,88.26516544818878,32.0,0.0,31.18,31.18,0.0,0.0,400.0,1.0,113.7666561126709,186368
92,188416,916.8525011354168,747,-0.004297964187571779,4.816709280014038,0.9154733791947365,0.0033768950888770632,0.028076171875,0.8981239795684814,87.19919341802597,32.0,0.0,30.88,30.88,0.0,0.0,400.0,1.0,112.82012351989746,188416
93,190464,916.8817820067331,752,-0.0040298364765476435,2.8777403458952904,0.9061234947293997,0.006123540420958307,0.0804443359375,0.9112143516540527,52.8964569568634,32.0,0.0,30.74,30.74,0.0,0.0,400.0,1.0,112.56605354309082,190464
94,192512,917.3326135444379,756,-0.0027719835707102902,4.092930622398853,0.9243093710392714,0.007021170356892981,0.0966796875,0.8537949323654175,41.903433710336685,32.0,0.0,30.72,30.72,0.0,0.0,400.0,1.0,112.3474047088623,192512
95,194560,917.403895024558,761,-2.0782201318070292e-05,3.866206683218479,0.8709390796720982,0.005072513442428317,0.0653076171875,0.8937202095985413,70.93767857551575,32.0,0.0,29.9,29.9,0.0,0.0,400.0,1.0,109.3710019683838,194560
96,196608,917.7196654909163,768,-0.0002487056772224605,4.80268382281065,0.8754662945866585,0.008497036957123782,0.1177978515625,0.898680567741394,64.6105885207653,32.0,0.0,29.7,29.7,0.0,0.0,400.0,1.0,108.48947502136231,196608
97,198656,917.9200175803699,772,0.0009387882018927485,4.416827514767647,0.8717094212770462,0.00856573396595195,0.099365234375,0.8794743418693542,76.32048574090004,32.0,0.0,29.94,29.94,0.0,0.0,400.0,1.0,109.37001029968262,198656
98,200704,920.2983012101802,777,0.003668295778334141,4.031361770629883,0.8639176845550537,0.012690153298899531,0.14296875,0.8856492042541504,34.28232002258301,5.0,1.0,29.96,29.96,0.0,0.0,400.0,1.0,109.1515976715088,200704
99,202752,921.2232266344375,783,0.005022896477021277,3.9286455392837523,0.8558414995670318,0.010135550703853368,0.1427734375,0.917118489742279,41.19079670906067,20.0,1.0,29.62,29.62,0.0,0.0,400.0,1.0,108.04968166351318,202752
100,204800,921.174605179088,788,0.002871477074222639,4.290784791111946,0.8845515828579664,0.012989855822524987,0.199462890625,0.8871601223945618,40.18260011076927,32.0,0.0,30.68,30.68,0.0,0.0,400.0,1.0,111.53188480377197,204800
101,206848,921.1599186837145,791,0.002138519412255846,4.88943187892437,0.8418248817324638,0.007610938977450132,0.1055908203125,0.8575342297554016,56.40963637828827,32.0,0.0,30.42,30.42,0.0,0.0,400.0,1.0,110.59282093048095,206848
102,208896,921.282176949668,797,0.0007098102360032499,4.9194509238004684,0.8679103385657072,0.004347455622337293,0.0506591796875,0.9089158773422241,57.47026506066322,32.0,0.0,29.76,29.76,0.0,0.0,400.0,1.0,108.33803379058838,208896
103,210944,923.417371927028,804,0.0028211571276187896,5.000334167480469,0.8795849680900574,0.011354800965636968,0.171875,0.8739534020423889,70.72647762298584,5.0,1.0,29.56,29.56,0.0,0.0,400.0,1.0,107.43577754974365,210944
104,212992,923.2278687854109,807,-0.0026258466677973047,3.9119054451584816,0.9058111887425184,0.00701904708694201,0.09521484375,0.8874366283416748,65.14333337545395,32.0,0.0,29.62,29.62,0.0,0.0,400.0,1.0,107.6778014755249,212992
105,215040,923.367671559922,813,-0.0009066802595043555,3.547718606889248,0.8907182905822992,0.006539264548337087,0.077880859375,0.9334611892700195,41.08165068924427,32.0,0.0,29.58,29.58,0.0,0.0,400.0,1.0,107.7297416305542,215040
106,217088,924.8339567608831,819,0.0018157069571316242,6.7153266006045875,0.9163181086381277,0.00958778564300802,0.11762152777777778,0.8632837533950806,64.28873496585422,18.0,1.0,30.0,30.0,0.0,0.0,400.0,1.0,109.14254650115967,217088
107,219136,924.5934771185227,822,-0.004560569053865038,5.145034641027451,0.9432460386306047,0.005709644348826259,0.0587158203125,0.8714518547058105,42.399506360292435,32.0,0.0,30.04,30.04,0.0,0.0,400.0,1.0,109.17588237762452,219136
108,221184,924.484166472839,829,-0.001846738625317812,4.588459320366383,0.8943684883415699,0.005577761243330315,0.064453125,0.9218505620956421,53.97278121113777,32.0,0.0,30.76,30.76,0.0,0.0,400.0,1.0,111.79364631652832,221184
109,223232,924.5723755866348,834,-0.004540186389931478,3.204993098974228,0.866985160857439,0.007527250199927948,0.088134765625,0.9308912754058838,25.84166595339775,32.0,0.0,31.34,31.34,0.0,0.0,400.0,1.0,113.79777122497559,223232
110,225280,924.3115818169922,837,-0.0006282939575612545,6.442035511136055,0.9007757753133774,0.005622742624836974,0.0596923828125,0.8430080413818359,54.36991873383522,32.0,0.0,31.54,31.54,0.0,0.0,400.0,1.0,114.36975074768067,225280
111,227328,924.2334165851578,845,-0.0007217357924673706,3.8840064629912376,0.9078064244240522,0.005632545791740995,0.068359375,0.9257761240005493,53.17042517662048,32.0,0.0,32.24,32.24,0.0,0.0,400.0,1.0,116.78584571838378,227328
112,229376,924.2816798367375,849,0.0019319499842822552,5.200998991727829,0.8767459373921156,0.009804796696698759,0.1522216796875,0.8925989866256714,64.43978345394135,32.0,0.0,32.2,32.2,0.0,0.0,400.0,1.0,116.627172164917,229376
113,231424,924.289490517931,852,-0.0016744529129937291,3.9890843331813812,0.8897042758762836,0.003419354761717841,0.0325927734375,0.8984610438346863,58.58997866511345,32.0,0.0,32.62,32.62,0.0,0.0,400.0,1.0,118.16769371032714,231424
114,233472,924.0885291223406,860,-0.007391161081613973,3.1036984622478485,0.8720848802477121,0.01135598979453789,0.16552734375,0.9382407665252686,40.0407489836216,32.0,0.0,33.26,33.26,0.0,0.0,400.0,1.0,120.46223220825195,233472
115,235520,924.2427766665941,865,-0.002684869396034628,7.850224494934082,0.8959758393466473,0.005111205100547522,0.056640625,0.8596521019935608,108.90965163707733,32.0,0.0,32.88,32.88,0.0,0.0,400.0,1.0,119.15565353393555,235520
116,237568,924.2478412699581,868,-0.0049726205033948645,3.978844575583935,0.8913645148277283,0.00441513849364128,0.041015625,0.875774085521698,51.811004757881165,32.0,0.0,32.58,32.58,0.0,0.0,400.0,1.0,118.24375137329102,237568
117,239616,924.3356234061476,875,-0.00274201572756283,3.6742779538035393,0.8683463633060455,0.005205418317927979,0.051513671875,0.9325017929077148,40.745344281196594,32.0,0.0,32.46,32.46,0.0,0.0,400.0,1.0,117.82167694091797,239616
118,241664,924.0566574175776,880,0.0004888187249889597,5.182169958949089,0.8756457455456257,0.00830055505502969,0.1141357421875,0.9210407137870789,64.887465685606,32.0,0.0,32.28,32.28,0.0,0.0,400.0,1.0,117.06217010498047,241664
119,243712,923.759726305129,884,-0.000998284827801399,4.8156576082110405,0.8893231507390738,0.00603987406793749,0.068115234375,0.8894253373146057,57.811931133270264,32.0,0.0,32.04,32.04,0.0,0.0,400.0,1.0,116.37261108398438,243712
120,245760,924.1032974942618,889,0.005422427922625233,4.2383092597678855,0.8835078853148001,0.011344910711394969,0.1736111111111111,0.9168863296508789,47.923742082383896,27.0,1.0,31.84,31.84,0.0,0.0,400.0,1.0,115.72507080078125,245760
121,247808,923.8617716582122,896,-0.002160026226192713,3.796647883951664,0.8825254645198584,0.005909741419600323,0.06591796875,0.9378118515014648,85.44717329740524,32.0,0.0,31.86,31.86,0.0,0.0,400.0,1.0,115.99730072021484,247808
122,249856,923.7477667234496,900,-0.0029611153586301953,5.104002803564072,0.8551124781370163,0.002824284187227022,0.025634765625,0.8800327777862549,73.86626118421555,32.0,0.0,31.66,31.66,0.0,0.0,400.0,1.0,115.22091903686524,249856
123,251904,923.6554280489967,905,4.3592612200882286e-05,5.50315298140049,0.8806331362575293,0.010980787883454468,0.1429443359375,0.9036788940429688,64.08037394285202,32.0,0.0,31.4,31.4,0.0,0.0,400.0,1.0,114.10574920654297,251904
124,253952,923.7066071234889,911,0.0007423234055750072,4.552364327013493,0.8736876640468836,0.007900969889305998,0.105224609375,0.9325140714645386,34.25391113758087,32.0,0.0,31.84,31.84,0.0,0.0,400.0,1.0,115.72688293457031,253952
125,256000,923.5489557066273,916,0.0010294865060131997,4.233177311718464,0.8435307387262583,0.008066182781476527,0.1021728515625,0.9128732085227966,56.3019435107708,32.0,0.0,32.22,32.22,0.0,0.0,400.0,1.0,116.95239501953125,256000
126,258048,923.4346453141621,919,-0.002944402731372975,3.6458361819386482,0.8670373260974884,0.006994852701609489,0.07958984375,0.9367927312850952,40.41900372505188,32.0,0.0,32.7,32.7,0.0,0.0,400.0,1.0,118.70311813354492,258048
127,260096,923.2604489115282,925,-0.0007073157757986337,4.182072378695011,0.8463057577610016,0.005843875078426208,0.065185546875,0.9271289706230164,44.38635864853859,32.0,0.0,32.76,32.76,0.0,0.0,400.0,1.0,119.01718597412109,260096
128,262144,923.1836511080877,932,-0.0015993100532796234,3.8236838951706886,0.8654314763844013,0.00661638659221353,0.084716796875,0.9337902069091797,64.38421675562859,32.0,0.0,32.24,32.24,0.0,0.0,400.0,1.0,117.33293899536133,262144
129,264192,923.4284480514124,935,-0.0025627316354075447,4.275688491761684,0.8858965896070004,0.006477097122115083,0.0654296875,0.901844322681427,73.42656302452087,32.0,0.0,32.04,32.04,0.0,0.0,400.0,1.0,116.79287826538086,264192
130,266240,923.1979535171566,941,0.0033367949654348195,5.154006503522396,0.8226573616266251,0.006844788309535943,0.0736083984375,0.9263448119163513,51.690828412771225,32.0,0.0,31.74,31.74,0.0,0.0,400.0,1.0,115.8492658996582,266240
131,268288,923.777170030098,947,0.0034951299185986104,4.907258303269096,0.8243888383326323,0.011473622385655408,0.13077445652173914,0.9009350538253784,65.44961000525433,23.0,1.0,31.84,31.84,0.0,0.0,400.0,1.0,116.20607902526855,268288
132,270336,923.8012917147195,950,-0.0015368252352345735,5.022743672132492,0.8839416448026896,0.0059608309748000465,0.061767578125,0.8548104763031006,54.201784893870354,32.0,0.0,31.68,31.68,0.0,0.0,400.0,1.0,115.72944709777832,270336
133,272384,925.5755225336192,957,0.02588293608278036,5.502274751663208,0.8371645510196686,0.017156243440695107,0.19140625,0.9146203994750977,60.282620429992676,4.0,1.0,31.36,31.36,0.0,0.0,400.0,1.0,114.7471183013916,272384
134,274432,925.7450307295057,962,-0.0029238129063742235,4.624509170651436,0.8397990968078375,0.007979681366123259,0.10107421875,0.9146247506141663,82.2224389910698,32.0,0.0,31.48,31.48,0.0,0.0,400.0,1.0,115.2522843170166,274432
135,276480,925.8445314083863,965,-0.001700928231002763,4.399948440492153,0.8506633397191763,0.008750483364565298,0.1248779296875,0.8885098099708557,51.310417011380196,32.0,0.0,30.7,30.7,0.0,0.0,400.0,1.0,112.41970787048339,276480
136,278528,925.7032288547591,973,-4.9779104301705956e-05,4.621128588914871,0.8196601793169975,0.007500193351006601,0.0819091796875,0.925666332244873,56.91115593910217,32.0,0.0,29.24,29.24,0.0,0.0,400.0,1.0,107.30446334838867,278528
137,280576,925.4818773263411,977,-0.0002085851738229394,4.6462546065449715,0.8469615634530783,0.0097933371871477,0.138671875,0.9077593684196472,78.90757408738136,32.0,0.0,30.18,30.18,0.0,0.0,400.0,1.0,110.38557693481445,280576
138,282624,925.9305041583531,980,-0.0012340956891421229,5.976167052984238,0.8309891149401665,0.01066459235153161,0.1475830078125,0.8564216494560242,102.19069784879684,32.0,0.0,30.38,30.38,0.0,0.0,400.0,1.0,111.15875915527344,282624
139,284672,925.8076556381949,988,-0.0044661302817985415,4.586576513946056,0.842602014541626,0.007803556865837891,0.085693359375,0.9279258847236633,55.919985860586166,32.0,0.0,30.32,30.32,0.0,0.0,400.0,1.0,111.01161178588868,284672
140,286720,925.7604336319993,993,9.532121475785971e-05,5.216217920184135,0.8643467985093594,0.012266742975043599,0.1802978515625,0.9157937169075012,57.46770626306534,32.0,0.0,30.62,30.62,0.0,0.0,400.0,1.0,112.21841201782226,286720
141,288768,925.8305436740823,996,-0.0011070563341490924,3.792350374162197,0.8907339330762625,0.009109018807066604,0.1224365234375,0.9083470702171326,47.5637284219265,32.0,0.0,30.98,30.98,0.0,0.0,400.0,1.0,113.25112693786622,288768
142,290816,925.8293707818668,1003,-0.00501693069236353,3.6989856883883476,0.9191267397254705,0.008949477705755271,0.125244140625,0.9293010234832764,42.123397678136826,32.0,0.0,30.7,30.7,0.0,0.0,400.0,1.0,112.13166954040527,290816
143,292864,925.7645261843886,1008,-0.0012340429093455896,4.466111533343792,0.8754268661141396,0.008811609870463144,0.1092529296875,0.9291520714759827,66.08793398737907,32.0,0.0,31.58,31.58,0.0,0.0,400.0,1.0,115.14172477722168,292864
144,294912,925.6323189528231,1012,-0.0005336380854714662,4.772877894341946,0.8616820629686117,0.009084630968573038,0.117431640625,0.8914185166358948,42.74376889318228,32.0,0.0,31.46,31.46,0.0,0.0,400.0,1.0,114.77842338562012,294912
145,296960,925.5464535653756,1017,-0.003204244581866078,3.9470065981149673,0.8628579750657082,0.01052146954316413,0.1488037109375,0.9208768010139465,40.899570271372795,32.0,0.0,32.02,32.02,0.0,0.0,400.0,1.0,116.82463912963867,296960
146,299008,926.2976634332427,1024,0.009290132627245925,5.290745190211704,0.829877998147692,0.01119067074198808,0.1363467261904762,0.9170147776603699,51.68854883738926,21.0,1.0,32.36,32.36,0.0,0.0,400.0,1.0,118.08873512268066,299008
147,301056,926.3685079073949,1028,-0.008319081127410755,3.0361472219228745,0.8732286430895329,0.00891678046900779,0.1234130859375,0.9312421679496765,62.9078698605299,32.0,0.0,32.04,32.04,0.0,0.0,400.0,1.0,116.82868476867675,301056
148,303104,926.3838537403017,1033,-0.005794076743768528,3.2597731798887253,0.8793150410056114,0.005985969670291524,0.072265625,0.9348971843719482,71.17467802762985,32.0,0.0,32.06,32.06,0.0,0.0,400.0,1.0,116.83268913269043,303104
149,305152,926.4670488200707,1039,-0.0007266234897542745,4.706357054412365,0.8584038615226746,0.005513274845725391,0.056640625,0.9302981495857239,68.01170539855957,32.0,0.0,32.1,32.1,0.0,0.0,400.0,1.0,116.84503288269043,305152
150,307200,927.1800283448268,1044,0.0017522483770000307,5.2925828130621655,0.8506795418889899,0.008523122848648774,0.09745065789473684,0.9221912622451782,41.60187550594932,19.0,1.0,31.96,31.96,0.0,0.0,400.0,1.0,116.42574577331543,307200
151,309248,927.0832106966589,1047,-0.005121807829709724,3.4049710109829903,0.9161892775446177,0.00733956976182526,0.1019287109375,0.9266855120658875,43.91277925670147,32.0,0.0,32.14,32.14,0.0,0.0,400.0,1.0,117.1930689239502,309248
152,311296,926.9848196805156,1053,0.004635094723198563,5.775133967399597,0.8692422565072775,0.007511208175856154,0.0872802734375,0.9266144037246704,95.80586272478104,32.0,0.0,32.68,32.68,0.0,0.0,400.0,1.0,119.05061882019044,311296
153,313344,926.917495432944,1060,-0.00017130261403508484,6.016938880085945,0.8652988690882921,0.009490462834946811,0.1298828125,0.898894727230072,56.81433457136154,32.0,0.0,32.0,32.0,0.0,0.0,400.0,1.0,116.58848304748535,313344
154,315392,927.0189500996756,1063,0.0011529507173690945,5.456117197871208,0.8731313496828079,0.005463569119456224,0.0479736328125,0.8820444345474243,73.81047016382217,32.0,0.0,32.22,32.22,0.0,0.0,400.0,1.0,117.44734992980958,315392
155,317440,927.034720916251,1069,-0.00016291954671032727,4.927671790122986,0.8537676818668842,0.009986024975660257,0.118896484375,0.9368940591812134,73.86366088688374,32.0,0.0,32.44,32.44,0.0,0.0,400.0,1.0,118.0391000366211,317440
156,319488,927.0421259128245,1075,-0.0014523917343467474,4.020680241286755,0.8857586607336998,0.004435446782736108,0.0435791015625,0.9260545372962952,55.306486904621124,32.0,0.0,32.64,32.64,0.0,0.0,400.0,1.0,118.35377975463867,319488
157,321536,927.0718890115018,1078,-0.00422135423286818,3.987914204597473,0.8829862587153912,0.00619003862811951,0.0693359375,0.8915044069290161,46.4145754724741,32.0,0.0,32.7,32.7,0.0,0.0,400.0,1.0,118.65367111206055,321536
158,323584,927.4007939062287,1085,-0.0012645786191569641,5.436251625418663,0.8123273551464081,0.009081707838049624,0.1187744140625,0.9271824955940247,66.95609933137894,32.0,0.0,32.74,32.74,0.0,0.0,400.0,1.0,118.77954025268555,323584
159,325632,928.1636419635794,1090,0.0007317778876140004,6.113681747799828,0.791768817674546,0.009845569995897157,0.13374255952380953,0.8650830984115601,100.012940179734,21.0,1.0,32.54,32.54,0.0,0.0,400.0,1.0,117.978515625,325632
160,327680,928.4382966088757,1093,-0.0007618047238793224,4.814863570034504,0.7824138682335615,0.005980199828627519,0.080322265625,0.870286762714386,73.75130333006382,32.0,0.0,32.48,32.48,0.0,0.0,400.0,1.0,117.78308380126953,327680
161,329728,928.3352323686041,1101,-0.004858353044255637,4.562347777187824,0.7391787115484476,0.007107972043741029,0.0894775390625,0.9328895211219788,69.61656850576401,32.0,0.0,31.78,31.78,0.0,0.0,400.0,1.0,115.37648216247558,329728
162,331776,928.2843466935726,1105,-0.002618025173433125,4.699448280036449,0.8278742674738169,0.011553193246072624,0.168701171875,0.8873128890991211,55.66342318058014,32.0,0.0,30.18,30.18,0.0,0.0,400.0,1.0,110.05267993927002,331776
163,333824,928.3356732129595,1108,-7.300826837308705e-05,4.045038923621178,0.8325712382793427,0.006510314560728148,0.06787109375,0.8994871973991394,56.76069995760918,32.0,0.0,29.56,29.56,0.0,0.0,400.0,1.0,107.88091594696044,333824
164,335872,928.3655933982338,1116,-0.0022184533809195273,4.413608781993389,0.8470696676522493,0.007642151816980913,0.09228515625,0.9269297122955322,41.53303901851177,32.0,0.0,29.16,29.16,0.0,0.0,400.0,1.0,106.71780673980713,335872
165,337920,928.5035279947783,1121,0.0034746484109951605,4.64430078383415,0.8059257557315211,0.00996202599227188,0.11743951612903226,0.9221543073654175,40.54239463806152,31.0,1.0,29.0,29.0,0.0,0.0,400.0,1.0,106.03136157989502,337920
166,339968,929.7849957146607,1124,0.004771372225756447,4.788421630859375,0.8328483700752258,0.015900052812260885,0.20377604166666666,0.8650538325309753,86.40630308787028,6.0,1.0,28.92,28.92,0.0,0.0,400.0,1.0,105.95334049224853,339968
167,342016,931.2252308642059,1131,0.004060222767293453,2.9735958576202393,0.8529049058755239,0.012423866971706351,0.17643229166666666,0.9257304668426514,37.24304533004761,6.0,1.0,28.62,28.62,0.0,0.0,400.0,1.0,104.97188495635986,342016
168,344064,931.2835955781903,1136,-0.004063377913553268,4.212819434702396,0.8556453660130501,0.010358507199271116,0.13623046875,0.9189362525939941,54.21702283620834,32.0,0.0,28.02,28.02,0.0,0.0,400.0,1.0,103.2591279220581,344064
169,346112,931.1783208064415,1140,-0.0011872692994074896,3.3879458233714104,0.8366523440927267,0.00555326711764792,0.0546875,0.9187962412834167,51.870518922805786,32.0,0.0,27.68,27.68,0.0,0.0,400.0,1.0,102.17737895965575,346112
170,348160,931.0747080056124,1145,0.004279289045371115,4.822652094066143,0.8642142210155725,0.011672120635921601,0.144287109375,0.9147961735725403,61.772971004247665,32.0,0.0,27.76,27.76,0.0,0.0,400.0,1.0,102.41209056854248,348160
171,350208,931.0407448491845,1152,-0.00306909711798653,5.141577288508415,0.848820149898529,0.008402192601351999,0.1119384765625,0.9180729985237122,52.71663761138916,32.0,0.0,28.58,28.58,0.0,0.0,400.0,1.0,105.20843997955322,350208
172,352256,931.0360278467562,1156,0.006846070318715647,5.7931554317474365,0.8536765743046999,0.009952534426702186,0.1339111328125,0.8858004808425903,55.08915427327156,32.0,0.0,29.98,29.98,0.0,0.0,400.0,1.0,109.95924003601074,352256
173,354304,931.5711766466718,1161,0.0004272470250725746,4.259355268980327,0.8837113254948666,0.009665444799649873,0.12541118421052633,0.8876199126243591,31.70635158137271,19.0,1.0,31.04,31.04,0.0,0.0,400.0,1.0,113.65958747863769,354304
174,356352,931.5192320858404,1167,0.00034971967397723347,4.12909472733736,0.8302920274436474,0.007675039298192132,0.088134765625,0.9396394491195679,48.92696648836136,32.0,0.0,31.36,31.36,0.0,0.0,400.0,1.0,114.69517967224121,356352
175,358400,931.4716055956242,1172,-0.0016131758748088032,5.32083373516798,0.8444361928850412,0.006098143989220262,0.0645751953125,0.8963025212287903,70.62981235980988,32.0,0.0,31.32,31.32,0.0,0.0,400.0,1.0,114.49001716613769,358400
176,360448,931.4125343701737,1175,-0.0038286074850475416,5.225714102387428,0.8668372258543968,0.006752057699486613,0.0736083984375,0.8692452907562256,49.06711621582508,32.0,0.0,31.74,31.74,0.0,0.0,400.0,1.0,116.02037788391114,360448
177,362496,931.3203608635881,1181,-0.0024563959013903514,5.8736636489629745,0.8331944048404694,0.012185572726593819,0.1644287109375,0.9073174595832825,30.469590693712234,32.0,0.0,31.86,31.86,0.0,0.0,400.0,1.0,116.52946098327637,362496
178,364544,931.2172562002838,1188,-0.005472712728078477,4.913679003715515,0.8399210348725319,0.009868221750366502,0.1317138671875,0.8976645469665527,53.2753691971302,32.0,0.0,32.12,32.12,0.0,0.0,400.0,1.0,117.2175079345703,364544
179,366592,931.0850552123748,1191,-0.00046491975081153214,4.424145080149174,0.8354466035962105,0.007974342246598098,0.097412109375,0.8849767446517944,55.59257514774799,32.0,0.0,32.66,32.66,0.0,0.0,400.0,1.0,118.71958221435547,366592
180,368640,930.9447583809111,1197,-0.0028054105350747705,4.03431510925293,0.8454091660678387,0.005998059918056242,0.07421875,0.9269312620162964,53.022776424884796,32.0,0.0,32.98,32.98,0.0,0.0,400.0,1.0,119.86063980102539,368640
181,370688,930.8871038022311,1203,-0.004008076517493464,6.475927233695984,0.8590906709432602,0.007141169888200238,0.0802001953125,0.8742146492004395,84.68822166323662,32.0,0.0,32.02,32.02,0.0,0.0,400.0,1.0,116.44185092926026,370688
182,372736,930.8371210909933,1206,-0.0014202705642674118,3.2491825446486473,0.9111934322863817,0.008514415392710362,0.1005859375,0.908294677734375,29.319915294647217,32.0,0.0,31.68,31.68,0.0,0.0,400.0,1.0,115.36018726348877,372736
183,374784,930.7450953317718,1213,-0.0017457824724260718,6.428376093506813,0.872962299734354,0.006452260240621399,0.08154296875,0.9131795167922974,70.46967720985413,32.0,0.0,31.82,31.82,0.0,0.0,400.0,1.0,115.83349781036377,374784
184,376832,930.748623086626,1218,0.0032947535801213235,4.395796567201614,0.8671362604945898,0.0090977716317866,0.1173095703125,0.9111341238021851,63.38652765750885,32.0,0.0,31.68,31.68,0.0,0.0,400.0,1.0,115.25527072906495,376832
185,378880,930.6076778260891,1221,0.00025929443654604256,5.712601587176323,0.8822766728699207,0.0046418712081504054,0.04931640625,0.8823133111000061,84.3430891931057,32.0,0.0,31.78,31.78,0.0,0.0,400.0,1.0,115.69134571075439,378880
186,380928,930.5678655699566,1229,-0.0021443812584038824,4.827367462217808,0.8625127207487822,0.004442749370355159,0.0496826171875,0.9287924766540527,67.8627715408802,32.0,0.0,31.82,31.82,0.0,0.0,400.0,1.0,115.62005725860595,380928
187,382976,930.4406259791596,1233,-0.00035987501905765384,4.916281417012215,0.8367006089538336,0.006196981164976023,0.070068359375,0.9043852090835571,55.67792582511902,32.0,0.0,32.42,32.42,0.0,0.0,400.0,1.0,117.67500568389893,382976
188,385024,930.2558597697446,1236,-0.0002023833367275074,4.262771405279636,0.8419858142733574,0.007938939437735826,0.0972900390625,0.9062346816062927,57.6860414147377,32.0,0.0,32.1,32.1,0.0,0.0,400.0,1.0,116.52975589752197,385024
189,387072,930.239194010556,1244,-0.009529957940685563,4.4398107677698135,0.8495154958218336,0.009856220858637244,0.1275634765625,0.9348665475845337,50.811366721987724,32.0,0.0,33.12,33.12,0.0,0.0,400.0,1.0,120.33481174468994,387072
190,389120,930.1779707858044,1249,-0.0026527309382800013,4.6561955362558365,0.7944269124418497,0.00602750319376355,0.0740966796875,0.915469765663147,91.16488313674927,32.0,0.0,32.52,32.52,0.0,0.0,400.0,1.0,118.38419235229492,389120
191,391168,930.0512995732557,1252,-0.000603412656346336,4.442415691912174,0.8070733044296503,0.008572804348659702,0.1187744140625,0.9002017378807068,56.92290213704109,32.0,0.0,32.64,32.64,0.0,0.0,400.0,1.0,118.80418621063232,391168
192,393216,930.1251284241284,1259,-0.003702478396007791,5.072963401675224,0.7761776112020016,0.007752033612632658,0.104736328125,0.8934006094932556,31.44112540781498,32.0,0.0,32.48,32.48,0.0,0.0,400.0,1.0,118.39438945770263,393216
193,395264,930.2297229524273,1264,0.0005648326769005507,5.098720565438271,0.7549435533583164,0.006866275522042997,0.0841064453125,0.9266289472579956,70.63678781688213,32.0,0.0,31.68,31.68,0.0,0.0,400.0,1.0,115.78313983917236,395264
194,397312,930.3441631932698,1268,-0.003493046824587509,3.793124996125698,0.768027676269412,0.008425688669376541,0.121826171875,0.9117812514305115,44.0854686498642,32.0,0.0,31.56,31.56,0.0,0.0,400.0,1.0,115.63762035369874,397312
195,399360,930.2744813763248,1273,0.0021789253660244867,4.242993049323559,0.8673896957188845,0.009426628523215186,0.12109375,0.9221660494804382,69.57744619250298,32.0,0.0,30.56,30.56,0.0,0.0,400.0,1.0,112.28135276794434,399360
196,401408,930.3514119304705,1280,0.0015600452607031912,5.435706526041031,0.8303123470395803,0.00862137354852166,0.1080322265625,0.9066193103790283,70.13549011945724,32.0,0.0,29.76,29.76,0.0,0.0,400.0,1.0,109.56504837036132,401408
197,403456,930.2206776257974,1284,0.0051295117737026885,6.506009444594383,0.8708486948162317,0.011529559102200437,0.1517333984375,0.8953253030776978,48.38937968015671,32.0,0.0,29.28,29.28,0.0,0.0,400.0,1.0,108.14974746704101,403456
198,405504,931.008476422663,1289,0.0070819810110454755,3.327071030934652,0.8908389608065287,0.015211124050741395,0.21907552083333334,0.926811933517456,30.03279372056325,12.0,1.0,28.96,28.96,0.0,0.0,400.0,1.0,107.01418136596679,405504
199,407552,931.0521461526334,1295,-0.0005895423237234354,5.191851489245892,0.8137340638786554,0.006397925622877665,0.081787109375,0.935448408126831,67.22804307937622,32.0,0.0,29.56,29.56,0.0,0.0,400.0,1.0,108.88102863311768,407552
200,409600,931.0425360422787,1300,0.00029101321706548333,5.224504083395004,0.8279937040060759,0.005135018880537245,0.0533447265625,0.9221147298812866,77.69413813948631,32.0,0.0,30.06,30.06,0.0,0.0,400.0,1.0,110.43460163116455,409600
201,411648,930.9126532096961,1303,0.00028947902319487184,4.399793051183224,0.8659624271094799,0.010751084468211047,0.15185546875,0.9149227142333984,43.10000640153885,32.0,0.0,30.46,30.46,0.0,0.0,400.0,1.0,111.81436664581298,411648
202,413696,930.9154926687146,1309,-0.0029231279040686786,5.052049309015274,0.8017915170639753,0.010467124469869304,0.1414794921875,0.934052586555481,41.103612929582596,32.0,0.0,30.24,30.24,0.0,0.0,400.0,1.0,111.07362617492676,413696
203,415744,931.4206404452583,1316,0.0007332520455949836,4.57339604695638,0.8426835106478797,0.011799491230501898,0.13736979166666666,0.9349727034568787,78.70990382300482,18.0,1.0,31.06,31.06,0.0,0.0,400.0,1.0,113.5668327331543,415744
204,417792,931.4077228683817,1319,-0.001239023928064853,4.220140993595123,0.8614114373922348,0.00478347459284123,0.056884765625,0.9243910312652588,35.58793647587299,32.0,0.0,31.48,31.48,0.0,0.0,400.0,1.0,114.83000999450684,417792
205,419840,931.4953964134369,1325,0.00016832041243712106,4.94106175104777,0.8180673162142436,0.008954487903974951,0.123828125,0.9437370896339417,45.14404061635335,30.0,1.0,32.86,32.86,0.0,0.0,400.0,1.0,119.68627262115479,419840
206,421888,931.5930207327962,1331,5.9314785175956786e-05,4.404959782958031,0.7935394328087568,0.008077953643805813,0.108642578125,0.934455156326294,48.61998400092125,32.0,0.0,33.5,33.5,0.0,0.0,400.0,1.0,122.01865909576416,421888
207,423936,931.6445236245343,1334,-0.0008469103777315468,5.4842183738946915,0.7989602666348219,0.0071649728415650316,0.092041015625,0.8884711265563965,79.23147836327553,32.0,0.0,33.84,33.84,0.0,0.0,400.0,1.0,123.11334491729737,423936
208,425984,931.8620518449375,1341,-0.0016010633553378284,5.005802430212498,0.8157162889838219,0.006449086533393711,0.08056640625,0.9380690455436707,49.77973169088364,32.0,0.0,33.18,33.18,0.0,0.0,400.0,1.0,121.11648204803467,425984
209,428032,931.8609602211474,1346,-0.0011019017110811546,6.6464560478925705,0.8242304418236017,0.004600605148880277,0.05517578125,0.8990617394447327,73.27264097332954,32.0,0.0,33.16,33.16,0.0,0.0,400.0,1.0,121.16583278656006,428032
210,430080,931.6940324774026,1349,0.0007935880857985467,3.3871549144387245,0.859991230070591,0.013851942094333936,0.18115234375,0.9309871196746826,44.083860754966736,32.0,0.0,33.36,33.36,0.0,0.0,400.0,1.0,121.98404613494873,430080
211,432128,932.7064724787627,1357,0.004367031529545784,5.77358341217041,0.7852908730506897,0.016825762251392005,0.1953125,0.9191638827323914,70.35643997192383,5.0,1.0,33.92,33.92,0.0,0.0,400.0,1.0,123.93027931213379,432128
212,434176,932.6736921488966,1361,0.0011641886230790988,6.171895250678062,0.7430572621524334,0.007138998320442624,0.096923828125,0.9092406630516052,67.42928022146225,32.0,0.0,33.94,33.94,0.0,0.0,400.0,1.0,123.97752799987794,434176
213,436224,932.7269902335148,1364,-0.0007687360339332372,5.537363439798355,0.7791173849254847,0.007040736178169027,0.0960693359375,0.8796963095664978,75.47748285531998,32.0,0.0,33.68,33.68,0.0,0.0,400.0,1.0,123.20935585021972,436224
214,438272,932.7239932132063,1372,-0.004221950104692951,4.593101918697357,0.7800692226737738,0.006458695170294959,0.0789794921875,0.9189662933349609,57.47894215583801,32.0,0.0,32.52,32.52,0.0,0.0,400.0,1.0,119.2706672668457,438272
215,440320,933.7570468617307,1377,0.009201185405254364,5.6144050598144535,0.7613420367240906,0.014050556533038615,0.171875,0.8796911239624023,38.882516098022464,5.0,1.0,32.24,32.24,0.0,0.0,400.0,1.0,118.13875885009766,440320
216,442368,933.6129053302409,1380,-0.004767196718603373,4.993167728185654,0.8401823248714209,0.006558268127264455,0.0863037109375,0.8802593350410461,65.31537337601185,32.0,0.0,31.26,31.26,0.0,0.0,400.0,1.0,114.63668617248535,442368
217,444416,933.4762618992718,1387,-0.0037030956736998633,4.343734912574291,0.8232799023389816,0.008376521451282315,0.1195068359375,0.9235423803329468,40.43039362132549,32.0,0.0,31.54,31.54,0.0,0.0,400.0,1.0,115.44271591186524,444416
218,446464,933.5562496193554,1392,-0.003935677857953124,5.545050382614136,0.793224424123764,0.006825690245022997,0.082275390625,0.9059537053108215,43.131408363580704,32.0,0.0,31.24,31.24,0.0,0.0,400.0,1.0,114.5354627609253,446464
219,448512,933.7123394817768,1396,-0.0036181953037157655,5.20080803334713,0.8079858776181936,0.005837492528371513,0.0684814453125,0.8919343948364258,60.330091297626495,32.0,0.0,30.86,30.86,0.0,0.0,400.0,1.0,113.05908184051513,448512
220,450560,933.8833144502464,1401,0.0011438504443503916,2.877092480659485,0.8477241285145283,0.012716777353489306,0.1715087890625,0.9391031861305237,37.228734239935875,32.0,0.0,30.7,30.7,0.0,0.0,400.0,1.0,112.49099269866943,450560
221,452608,934.6290734815004,1408,0.004594902507960796,6.838252434363732,0.8022283361508296,0.007306256438963688,0.07451923076923077,0.8877928853034973,59.57040214538574,13.0,1.0,30.02,30.02,0.0,0.0,400.0,1.0,110.0840353012085,452608
222,454656,934.8237969717492,1412,-0.001850646745879203,5.957552269101143,0.7921571936458349,0.005994901686790399,0.078125,0.8808529376983643,38.53485219925642,32.0,0.0,30.18,30.18,0.0,0.0,400.0,1.0,110.94728221893311,454656
223,456704,935.1712787862189,1417,-0.00496091294501509,4.238713213375637,0.7847796380519867,0.009585931464763624,0.12667410714285715,0.9202880859375,35.64912993567331,28.0,1.0,30.24,30.24,0.0,0.0,400.0,1.0,111.19545680999755,456704
224,458752,935.2507976896446,1423,-0.0011028424487449229,6.147285416722298,0.7420494332909584,0.006347408874717075,0.0816650390625,0.9175844192504883,89.57435354590416,32.0,0.0,31.4,31.4,0.0,0.0,400.0,1.0,115.03046787261962,458752
225,460800,935.4552233048952,1428,-0.002399763325229287,6.991958990693092,0.7417865730822086,0.005251004251476843,0.069091796875,0.8610265254974365,77.55359518527985,32.0,0.0,30.04,30.04,0.0,0.0,400.0,1.0,110.24882118225098,460800
226,462848,935.5699716655679,1431,-0.00712360606121365,4.017189137637615,0.8124485574662685,0.006497588605270721,0.0809326171875,0.9165363311767578,62.704782366752625,32.0,0.0,30.54,30.54,0.0,0.0,400.0,1.0,111.99319808959962,462848
227,464896,935.650358311798,1437,-0.00032678674324415624,5.2794013023376465,0.8039543144404888,0.0041189275798387825,0.0428466796875,0.9179647564888,102.28122675418854,32.0,0.0,30.74,30.74,0.0,0.0,400.0,1.0,112.70201263427734,464896
228,466944,935.6125891860956,1444,-0.00448720421991311,6.27093531191349,0.7853788584470749,0.005084144700958859,0.0640869140625,0.8796182870864868,89.46398907899857,32.0,0.0,30.68,30.68,0.0,0.0,400.0,1.0,112.25418186187744,466944
229,468992,935.6191921011311,1447,-0.006694487776258029,4.708360478281975,0.8469225578010082,0.00874182838742854,0.1051025390625,0.8962841629981995,28.607107415795326,32.0,0.0,30.76,30.76,0.0,0.0,400.0,1.0,112.53374301910401,468992
230,471040,935.618125218677,1453,0.0008947558817453682,4.602265641093254,0.7909307554364204,0.007395162792818155,0.0941162109375,0.9373522996902466,56.82026469707489,32.0,0.0,31.5,31.5,0.0,0.0,400.0,1.0,114.90523029327393,471040
231,473088,935.6931428058347,1459,0.0008593375678174198,4.124629341065884,0.7550514880567789,0.011320052864903118,0.1424560546875,0.9326761364936829,39.44276964664459,32.0,0.0,31.36,31.36,0.0,0.0,400.0,1.0,114.35089405059814,473088
232,475136,935.6407909897003,1462,-0.0050514169270172715,3.80754005163908,0.8215355705469847,0.010157842101762071,0.1453857421875,0.9200922846794128,47.49065664410591,32.0,0.0,31.06,31.06,0.0,0.0,400.0,1.0,113.20764888763428,475136
233,477184,935.5983896386593,1469,-0.0027501363365445286,6.019446581602097,0.7553199082612991,0.006247007208003197,0.077392578125,0.9019300937652588,83.03363081812859,32.0,0.0,30.56,30.56,0.0,0.0,400.0,1.0,111.70119617462159,477184
234,479232,935.491805965231,1474,-0.0021868652111152187,5.07258976995945,0.7619463931769133,0.006249531281355303,0.0791015625,0.8928120136260986,58.292108327150345,32.0,0.0,31.4,31.4,0.0,0.0,400.0,1.0,114.57095405578613,479232
235,481280,935.8895965851669,1477,0.009619570078535212,4.902826892005073,0.7751404212580787,0.01631947221337921,0.2144097222222222,0.849673867225647,42.25941981209649,18.0,1.0,31.96,31.96,0.0,0.0,400.0,1.0,116.56867950439454,481280
236,483328,935.8703786203871,1485,-0.0011801064247265458,5.99497389793396,0.7706797886639833,0.005061697593191639,0.0584716796875,0.9190388917922974,43.80926185846329,32.0,0.0,31.38,31.38,0.0,0.0,400.0,1.0,114.6351427268982,483328
237,485376,936.350892577467,1489,-0.001101819031378802,4.223771025152767,0.7915803719969357,0.009994068100829335,0.13832720588235295,0.9194936156272888,44.83933625501745,17.0,1.0,31.64,31.64,0.0,0.0,400.0,1.0,115.61481870651245,485376
238,487424,936.8823792557337,1492,0.0026910525253590416,4.23261479770436,0.7962880099520964,0.008273889926974387,0.09719669117647059,0.9022665023803711,30.383722024805405,17.0,1.0,31.1,31.1,0.0,0.0,400.0,1.0,113.9181478881836,487424
239,489472,936.999500231519,1500,-0.000583483734064632,4.44821952007435,0.7819081986391986,0.008880442129103121,0.11038773148148148,0.9379250407218933,31.51279354095459,27.0,1.0,30.9,30.9,0.0,0.0,400.0,1.0,113.50496559143066,489472
240,491520,936.9110346133887,1505,-0.0002469593018759042,4.951354399323463,0.7722188271582127,0.00676419314550003,0.0850830078125,0.9008603692054749,41.46400912106037,32.0,0.0,30.48,30.48,0.0,0.0,400.0,1.0,112.2962200164795,491520
241,493568,936.7090699718887,1508,0.0019799401925411075,5.2712580263614655,0.8375909514725208,0.009789521885977592,0.122802734375,0.8800197243690491,49.58592154085636,32.0,0.0,30.5,30.5,0.0,0.0,400.0,1.0,112.37419395446777,493568
242,495616,936.6932504910519,1515,-0.0041029349667951465,4.242409139871597,0.8459059298038483,0.006193965338752605,0.0635986328125,0.9490301609039307,25.36965374648571,32.0,0.0,30.4,30.4,0.0,0.0,400.0,1.0,111.8369873046875,495616
243,497664,937.3550786916912,1520,0.000786733697168529,5.2720396518707275,0.7699232622981071,0.00937280073412694,0.12353515625,0.8704518675804138,48.78767931461334,8.0,1.0,30.42,30.42,0.0,0.0,400.0,1.0,111.85165184020997,497664
244,499712,937.2434024316531,1524,-0.004829640340176411,5.900600016117096,0.747438857331872,0.0066121514537371695,0.0887451171875,0.8978205323219299,41.779694229364395,32.0,0.0,30.32,30.32,0.0,0.0,400.0,1.0,111.76588287353516,499712
245,501760,937.5104746377476,1529,0.0038885353598743675,3.260845458507538,0.785029262304306,0.011047211091499776,0.1501953125,0.9385585784912109,25.460959482192994,20.0,1.0,30.68,30.68,0.0,0.0,400.0,1.0,113.02050155639648,501760
246,503808,937.5294894925723,1536,-0.0017130502092186362,4.450336001813412,0.7634911928325891,0.008591255384089891,0.1151123046875,0.9382709264755249,29.064322859048843,32.0,0.0,30.14,30.14,0.0,0.0,400.0,1.0,110.87357126235962,503808
247,505856,938.2467533287913,1540,0.007089244946837425,5.548897457122803,0.7583408951759338,0.015335935773327947,0.19140625,0.8963946104049683,63.68739967346191,5.0,1.0,30.18,30.18,0.0,0.0,400.0,1.0,110.81902627944946,505856
248,507904,938.20258812184,1545,-0.003105393931036815,4.815023384988308,0.8275476936250925,0.005946047451288905,0.0704345703125,0.9051067233085632,51.158887311816216,32.0,0.0,31.06,31.06,0.0,0.0,400.0,1.0,113.78607627868652,507904
249,509952,938.2811845337341,1551,-0.002934973032097332,5.075385436415672,0.7435004953294992,0.01198874269175576,0.178955078125,0.9340882897377014,32.31831279397011,32.0,0.0,30.9,30.9,0.0,0.0,400.0,1.0,113.21202713012696,509952
250,512000,938.1524260002617,1556,0.0007379768649116158,5.311867594718933,0.7817476000636816,0.006804018434195314,0.089111328125,0.9224168658256531,83.53674221038818,32.0,0.0,30.92,30.92,0.0,0.0,400.0,1.0,113.06590026855469,512000
251,514048,938.0467911903748,1559,0.0022185463167261332,4.065214902162552,0.8480913415551186,0.012322081543970853,0.1748046875,0.928015410900116,42.67486011981964,32.0,0.0,31.64,31.64,0.0,0.0,400.0,1.0,115.60771865844727,514048
252,516096,938.2602675467367,1565,-0.0007085829108421292,5.430913141795567,0.7865743637084961,0.009830059591747289,0.11593191964285714,0.93071448802948,50.31617786203112,28.0,1.0,31.18,31.18,0.0,0.0,400.0,1.0,113.9315406036377,516096
253,518144,938.1654708310746,1572,-0.0016185557324206457,5.273750156164169,0.779853405430913,0.0092268010484986,0.134765625,0.9077380299568176,56.0283345580101,32.0,0.0,31.76,31.76,0.0,0.0,400.0,1.0,115.91038909912109,518144
254,520192,937.8895851272291,1575,0.004115586707484908,3.270845092833042,0.8192183878272772,0.012613173304998782,0.16845703125,0.9430305361747742,47.18693318963051,32.0,0.0,31.18,31.18,0.0,0.0,400.0,1.0,113.72144317626953,520192
255,522240,938.6104390670188,1581,0.013412029296159745,5.848227310180664,0.7605407357215881,0.017819223925471306,0.240625,0.9088367223739624,32.8422872543335,5.0,1.0,32.0,32.0,0.0,0.0,400.0,1.0,116.29816802978516,522240
256,524288,938.4882635632362,1587,-0.007288081367732957,4.416372217237949,0.7884139493107796,0.00725220962340245,0.0986328125,0.9239872694015503,48.70402327179909,32.0,0.0,32.1,32.1,0.0,0.0,400.0,1.0,116.83144119262695,524288
257,526336,938.3012964727637,1590,-0.0033110424847109243,5.420356199145317,0.8079827260226011,0.0060761842905776575,0.0811767578125,0.8795608282089233,39.36185508966446,32.0,0.0,31.76,31.76,0.0,0.0,400.0,1.0,115.8197685623169,526336
258,528384,938.4216601096556,1597,0.0005907874583499506,5.878762394189835,0.8006133418530226,0.009385474273585714,0.1097412109375,0.9286050200462341,51.970824003219604,32.0,0.0,31.26,31.26,0.0,0.0,400.0,1.0,114.19369228363037,528384
259,530432,938.4861270796141,1602,0.002449384453939274,5.082161918282509,0.787129258736968,0.010870272904867306,0.1312255859375,0.8907760381698608,49.40834766626358,32.0,0.0,31.64,31.64,0.0,0.0,400.0,1.0,115.57871341705322,530432
260,532480,938.5057561005877,1605,-0.0038826768432045355,5.485349506139755,0.7775437086820602,0.009472447993175592,0.1390380859375,0.8573318719863892,42.90256267786026,32.0,0.0,31.38,31.38,0.0,0.0,400.0,1.0,114.7758485031128,532480
261,534528,938.5040918317037,1613,0.00466942333150655,3.8455624282360077,0.753907710313797,0.012192160422273446,0.1488037109375,0.9507397413253784,33.664238691329956,32.0,1.0,31.4,31.4,0.0,0.0,400.0,1.0,114.5624485397339,534528
262,536576,938.5647038277455,1617,-0.0020896448113489896,5.390774503350258,0.7700944449752569,0.004954660682415124,0.055908203125,0.9179944396018982,47.5507378578186,32.0,0.0,31.16,31.16,0.0,0.0,400.0,1.0,113.74817226409913,536576
263,538624,938.4379124788022,1620,-0.0067914938990725204,6.017731294035912,0.7892212010920048,0.007098058493284043,0.09521484375,0.8774938583374023,51.04867550730705,32.0,0.0,31.36,31.36,0.0,0.0,400.0,1.0,114.5430212020874,538624
264,540672,938.6581930796043,1628,0.0032026203857226806,4.851261767474088,0.80544651909308,0.010506929819133471,0.08966619318181818,0.9320329427719116,38.503473953767255,22.0,1.0,31.08,31.08,0.0,0.0,400.0,1.0,113.49206348419189,540672
265,542720,938.7055969514644,1633,-0.0010184280399698764,5.451512694358826,0.798341354355216,0.006590196338947862,0.078857421875,0.9279330968856812,58.23177953064442,32.0,0.0,31.82,31.82,0.0,0.0,400.0,1.0,116.17794086456298,542720
266,544768,938.7412216651924,1636,0.001775163080310449,4.107256703078747,0.8113771993666887,0.008460342163743917,0.1124267578125,0.9188072085380554,39.3111467063427,32.0,0.0,31.78,31.78,0.0,0.0,400.0,1.0,116.05160373687744,544768
267,546816,938.6707775728194,1643,-0.0017223818867933005,5.895646020770073,0.7974545527249575,0.00698205475055147,0.088134765625,0.9133186340332031,43.670114398002625,32.0,0.0,32.36,32.36,0.0,0.0,400.0,1.0,118.0449057006836,546816
268,548864,938.7116520154683,1648,-0.0011230525997234508,4.379479922354221,0.7990447040647268,0.00849322652356932,0.1080322265625,0.9318965077400208,63.07246817648411,32.0,0.0,32.46,32.46,0.0,0.0,400.0,1.0,118.36802429199219,548864
269,550912,938.8060177014519,1652,-0.0026044263067888096,5.016247503459454,0.841383121907711,0.00842086436750833,0.109619140625,0.9090487360954285,27.704879850149155,32.0,0.0,31.56,31.56,0.0,0.0,400.0,1.0,115.19720741271972,550912
270,552960,938.8207051335685,1657,-0.0029110292089171708,4.264055043458939,0.8585826698690653,0.004129048058530316,0.0361328125,0.9238109588623047,52.648970529437065,32.0,0.0,31.72,31.72,0.0,0.0,400.0,1.0,115.48047500610352,552960
271,555008,939.2074561491911,1664,0.009479799258865808,5.883847412310149,0.7995187075514543,0.01321428544868372,0.16776315789473684,0.9063867330551147,35.67598137102629,19.0,1.0,31.86,31.86,0.0,0.0,400.0,1.0,116.15731262207031,555008
272,557056,939.1182345205078,1668,-0.0020940473477821797,4.3272495195269585,0.7906193900853395,0.007276934586116113,0.0946044921875,0.913726806640625,37.46581247448921,32.0,0.0,32.06,32.06,0.0,0.0,400.0,1.0,116.65480880737304,557056
273,559104,939.0684624847358,1673,-0.0038061996892793104,4.358447417616844,0.8314857464283705,0.007653652421140578,0.0997314453125,0.9053468704223633,31.113464415073395,32.0,0.0,32.52,32.52,0.0,0.0,400.0,1.0,118.5373397064209,559104
274,561152,939.123528747374,1679,-0.004655373370042071,6.570844918489456,0.7642287220805883,0.006556104664923623,0.074951171875,0.9216398000717163,57.28686234354973,32.0,0.0,31.26,31.26,0.0,0.0,400.0,1.0,114.16176315307617,561152
275,563200,938.9772528563368,1684,-0.003934340085834265,5.3897306472063065,0.78759497217834,0.004682942868384998,0.056640625,0.9235441088676453,53.97497394680977,32.0,0.0,30.84,30.84,0.0,0.0,400.0,1.0,112.45712142944336,563200
276,565248,939.0168926423131,1687,-0.003046535450266674,3.6324698999524117,0.8457799889147282,0.006059826315322425,0.0682373046875,0.9340327978134155,47.95312786102295,32.0,0.0,31.12,31.12,0.0,0.0,400.0,1.0,113.35843475341797,565248
277,567296,938.9296722293237,1693,-0.003411101017263718,5.40352688729763,0.7495752237737179,0.007718434004345909,0.0849609375,0.9299795627593994,36.087582886219025,32.0,0.0,32.1,32.1,0.0,0.0,400.0,1.0,116.71139961242676,567296
278,569344,939.1391163928914,1700,0.0011834780126810075,7.091228618621826,0.7813568782806396,0.012364749638363719,0.15984375,0.8840930461883545,49.66728702545166,25.0,1.0,32.36,32.36,0.0,0.0,400.0,1.0,117.55552536010742,569344
279,571392,939.3529938060216,1703,7.748320374799812e-05,5.184948506562606,0.8051349028297092,0.006915276444962491,0.08169157608695653,0.885796308517456,52.613578713458516,23.0,1.0,32.66,32.66,0.0,0.0,400.0,1.0,118.80737869262695,571392
280,573440,939.5649137031587,1709,-0.00016591916210018098,5.037776805460453,0.7864884156733751,0.009888240907457657,0.1085205078125,0.9371711611747742,43.58517402410507,32.0,0.0,32.98,32.98,0.0,0.0,400.0,1.0,120.09794746398926,573440
281,575488,939.4157749368014,1715,0.002016628423007205,5.820449694991112,0.7882748302072287,0.008861515649186913,0.1212158203125,0.9231511354446411,74.70371437072754,32.0,0.0,32.82,32.82,0.0,0.0,400.0,1.0,119.60243461608887,575488
282,577536,939.2617471580817,1718,0.00034914599382318556,3.978612795472145,0.850236963480711,0.005331320717232302,0.0638427734375,0.9205962419509888,66.36369076371193,32.0,0.0,32.5,32.5,0.0,0.0,400.0,1.0,118.37943351745605,577536
283,579584,939.2033170959489,1725,0.0033814403432188556,3.809483803808689,0.8257849123328924,0.008280240348540246,0.099609375,0.9412382245063782,44.68185068666935,32.0,0.0,33.1,33.1,0.0,0.0,400.0,1.0,120.32504692077637,579584
284,581632,939.8580167428291,1730,0.009843980760446616,6.703359127044678,0.8239842568125043,0.015019374799781613,0.15848214285714285,0.8704106211662292,73.48333249773297,7.0,1.0,34.18,34.18,0.0,0.0,400.0,1.0,124.05912414550781,581632
285,583680,939.8561494621117,1733,-0.005992971870000474,4.361227512359619,0.8266284950077534,0.007642518430657219,0.0941162109375,0.9205480217933655,47.49883112311363,32.0,0.0,34.18,34.18,0.0,0.0,400.0,1.0,124.12345138549804,583680
286,585728,939.8099138873372,1741,-0.0044286003831075504,2.6649171113967896,0.7974020838737488,0.006912558397743851,0.0848388671875,0.9672254323959351,42.2790561914444,32.0,0.0,33.64,33.64,0.0,0.0,400.0,1.0,122.24565307617188,585728
287,587776,939.7495661233003,1745,0.001905859147589053,4.758374660245834,0.7612732571940268,0.008730823767461603,0.09412802419354839,0.9293281435966492,70.89724559168661,31.0,1.0,33.7,33.7,0.0,0.0,400.0,1.0,122.46066116333007,587776
288,589824,939.5987200279044,1748,0.0014845875411992893,4.75855079293251,0.8096974845975637,0.008182303427020088,0.1090087890625,0.8990305662155151,94.48650705814362,32.0,0.0,32.78,32.78,0.0,0.0,400.0,1.0,119.23797737121582,589824
289,591872,939.5667540174659,1756,-0.0009448502969462425,4.313056394457817,0.8030496295541525,0.005714522521884646,0.071044921875,0.9303611516952515,58.2481170296669,32.0,0.0,32.28,32.28,0.0,0.0,400.0,1.0,117.42839767456054,591872
290,593920,939.6051723396606,1761,-0.004342619504313916,3.019165053963661,0.7956185359507799,0.0056444430447299965,0.0650634765625,0.9550417065620422,61.43779018521309,32.0,0.0,32.48,32.48,0.0,0.0,400.0,1.0,117.93425415039063,593920
291,595968,939.5198407476007,1764,0.0025588937278371304,5.558247148990631,0.7904118373990059,0.008425819876720197,0.1148681640625,0.8730343580245972,53.06397616863251,32.0,0.0,32.22,32.22,0.0,0.0,400.0,1.0,117.05378295898437,595968
292,598016,939.5657606521657,1771,-0.0035983528214273974,3.63767097145319,0.8043452743440866,0.007891565139289014,0.103515625,0.948759913444519,41.00372035801411,32.0,0.0,32.04,32.04,0.0,0.0,400.0,1.0,116.68531600952149,598016
293,600064,940.0067443585355,1776,-0.0011701705482076196,6.366727744831758,0.7350441953715157,0.007639306474148351,0.07605698529411764,0.9023585319519043,86.1515339683084,17.0,1.0,31.78,31.78,0.0,0.0,400.0,1.0,115.66419326782227,600064
294,602112,940.3395751482234,1780,0.00231450870342087,5.6835905611515045,0.7095343377441168,0.008687028785061557,0.107666015625,0.9176073670387268,74.07951217889786,32.0,0.0,31.68,31.68,0.0,0.0,400.0,1.0,115.3913037109375,602112
295,604160,940.4739833249416,1785,-0.0011139029957121238,4.118587292730808,0.7726516220718622,0.00902857036999194,0.1092529296875,0.920779287815094,32.75290220975876,32.0,0.0,31.08,31.08,0.0,0.0,400.0,1.0,113.3972798538208,604160
296,606208,940.495978932014,1792,0.001690596473054029,6.080348551273346,0.7638448365032673,0.006896978920849506,0.0802001953125,0.8990404605865479,100.87507712841034,32.0,0.0,30.58,30.58,0.0,0.0,400.0,1.0,111.89414936065674,606208
297,608256,940.9528478496476,1796,-0.0016117599152494222,6.609859526157379,0.7893445286899805,0.007192310251411982,0.09619140625,0.8648948669433594,70.37710762023926,32.0,0.0,31.3,31.3,0.0,0.0,400.0,1.0,114.49481060028076,608256
298,610304,940.9793954016369,1801,-0.0037816654657945037,5.061564415693283,0.8010333701968193,0.007766304828692228,0.101806640625,0.8948834538459778,41.868019953370094,32.0,0.0,31.06,31.06,0.0,0.0,400.0,1.0,113.48735454559326,610304
299,612352,941.1057641883305,1807,0.00037654868971842987,5.438402377642118,0.7715194798432864,0.011432167715751208,0.12635216346153846,0.8975926637649536,44.431897566868706,26.0,1.0,32.06,32.06,0.0,0.0,400.0,1.0,117.10333499908447,612352
300,614400,941.082553661854,1812,0.0013970666623208672,4.802172005176544,0.8069602344185114,0.011645531973044854,0.14990234375,0.9040637612342834,83.13550275564194,32.0,0.0,31.68,31.68,0.0,0.0,400.0,1.0,115.80102611541749,614400
301,616448,941.0497683349307,1815,-0.0008597584965173155,3.6508206352591515,0.83620885014534,0.006980758378631435,0.0704345703125,0.8999472260475159,53.91054028272629,32.0,0.0,31.56,31.56,0.0,0.0,400.0,1.0,115.33178310394287,616448
302,618496,940.9712341375109,1821,-0.0033319705980829895,4.4360466375947,0.8181779272854328,0.006760521791875362,0.085205078125,0.9320381283760071,46.822679221630096,32.0,0.0,31.78,31.78,0.0,0.0,400.0,1.0,116.02900859832764,618496
303,620544,941.0323383607436,1828,-0.004908146365778521,4.241223394870758,0.8061694484204054,0.0072320617400691845,0.09033203125,0.915825366973877,53.55183619260788,32.0,0.0,30.9,30.9,0.0,0.0,400.0,1.0,113.07274494171142,620544
304,622592,941.1031613757576,1831,-0.0015627115935785696,3.746297910809517,0.8382092546671629,0.006660032653599046,0.080810546875,0.9213254451751709,53.01346731185913,32.0,0.0,31.22,31.22,0.0,0.0,400.0,1.0,114.03709842681884,622592
305,624640,940.9791285879109,1837,-0.0004308227507863194,4.981544680893421,0.808968897908926,0.006659566883172374,0.0819091796875,0.9287834763526917,93.48751762509346,32.0,0.0,32.3,32.3,0.0,0.0,400.0,1.0,117.5490705871582,624640
306,626688,940.8956540615859,1843,0.001889917577500455,5.2198116928339005,0.7903322391211987,0.010936044047411997,0.1451416015625,0.9173600077629089,59.46966287493706,32.0,0.0,32.02,32.02,0.0,0.0,400.0,1.0,116.45254592895508,626688
307,628736,940.8064184104674,1846,-0.0027456810930743814,3.7490407824516296,0.8300598468631506,0.006306302959274035,0.08056640625,0.9307962656021118,67.36892479658127,32.0,0.0,31.68,31.68,0.0,0.0,400.0,1.0,115.17117706298828,628736
308,630784,940.7752406331457,1853,0.0002097940378007479,5.643160372972488,0.7898548878729343,0.0078937618600321,0.10009765625,0.9173199534416199,43.83979386091232,32.0,0.0,31.66,31.66,0.0,0.0,400.0,1.0,115.12311180114746,630784
309,632832,940.6909685958128,1858,0.0013479003993173441,5.514420048395793,0.8202976206938426,0.01146448547175775,0.15989583333333332,0.9186288118362427,36.703045018514,30.0,1.0,31.44,31.44,0.0,0.0,400.0,1.0,114.3978313446045,632832
310,634880,940.7263204422358,1861,-0.0004389411333249882,4.14797992259264,0.8613953143358231,0.010370515039539896,0.1273193359375,0.918309211730957,46.94723439216614,32.0,0.0,31.66,31.66,0.0,0.0,400.0,1.0,115.30417335510253,634880
311,636928,940.9995293921305,1869,0.002216577676958159,4.373604561153211,0.8060124830195778,0.009923751723315371,0.12335526315789473,0.929097056388855,37.504620803029916,19.0,1.0,31.98,31.98,0.0,0.0,400.0,1.0,116.54037132263184,636928
312,638976,940.8613571846863,1873,0.003199970000423491,4.325852915644646,0.781832329928875,0.01147408531687688,0.145751953125,0.9296401143074036,75.55295892059803,32.0,1.0,32.1,32.1,0.0,0.0,400.0,1.0,116.74415306091309,638976
313,641024,940.9887210627768,1876,-0.00016400287859141827,5.548142928343553,0.7852261020587041,0.008197818945448559,0.10006009615384616,0.8765120506286621,37.24645400047302,26.0,1.0,32.92,32.92,0.0,0.0,400.0,1.0,119.50490310668945,641024
314,643072,941.0946645244198,1884,-0.0009327626466983929,4.815581686794758,0.8288502786308527,0.009194734913762659,0.10986328125,0.9385207295417786,80.04041916131973,32.0,0.0,32.66,32.66,0.0,0.0,400.0,1.0,118.9988752746582,643072
315,645120,941.1725201241267,1889,-0.005106150405481458,6.116166710853577,0.8033677842468023,0.004331522359279916,0.0516357421875,0.9118120074272156,91.41228160262108,32.0,0.0,33.06,33.06,0.0,0.0,400.0,1.0,120.28677688598633,645120
316,647168,941.1667588875019,1892,-0.0034454683045623824,5.562404632568359,0.8035004865378141,0.004805808064702433,0.060791015625,0.8967633843421936,83.7215116918087,32.0,0.0,32.92,32.92,0.0,0.0,400.0,1.0,119.77248352050782,647168
317,649216,941.1025953358783,1899,-0.000977885676547885,3.8994924649596214,0.8227158933877945,0.005360167771868873,0.0625,0.9464284777641296,58.0852230489254,32.0,0.0,33.22,33.22,0.0,0.0,400.0,1.0,120.90253646850586,649216
318,651264,941.4456730211629,1904,0.0007578505422262585,4.59200735653148,0.789090749095468,0.010426480268292567,0.15625,0.9396216869354248,57.24380790486055,17.0,1.0,34.4,34.4,0.0,0.0,400.0,1.0,125.03871589660645,651264
319,653312,941.349159511706,1908,0.002716656366828829,5.102064475417137,0.8136199694126844,0.01006055693142116,0.14013671875,0.9260279536247253,127.8452695608139,32.0,0.0,35.1,35.1,0.0,0.0,400.0,1.0,127.37416870117187,653312
320,655360,941.169947913585,1913,-0.0021422504214569926,4.528772287070751,0.8107148036360741,0.008495207061059773,0.1201171875,0.93869948387146,39.11761596798897,32.0,0.0,34.74,34.74,0.0,0.0,400.0,1.0,126.16920288085937,655360
321,657408,941.0116663712604,1920,-0.003481028019450605,3.901256784796715,0.8203508239239454,0.010916401799477171,0.149169921875,0.9508952498435974,66.52957874536514,32.0,0.0,34.72,34.72,0.0,0.0,400.0,1.0,126.18884262084961,657408
322,659456,940.9626784975563,1924,0.0021131755493115634,4.530199289321899,0.824739309027791,0.005001730292860884,0.0589599609375,0.9170502424240112,81.05900365114212,32.0,0.0,34.22,34.22,0.0,0.0,400.0,1.0,124.47775413513183,659456
323,661504,941.1298878668932,1929,0.0005484568645004873,4.604114832701506,0.8020651715773123,0.011191698049919473,0.14322916666666666,0.9239147901535034,34.7773898795799,27.0,1.0,34.1,34.1,0.0,0.0,400.0,1.0,123.98368522644043,661504
324,663552,941.2198555053895,1935,0.0026532491901889443,4.93842875957489,0.8367919716984034,0.008340476808371022,0.10498046875,0.9514899253845215,53.4717373251915,32.0,0.0,34.32,34.32,0.0,0.0,400.0,1.0,124.62543434143066,663552
325,665600,941.2556659939204,1940,0.0029135918302927166,4.558442011475563,0.7930842563509941,0.00730074673629133,0.0919189453125,0.9417905211448669,85.68239438533783,32.0,0.0,34.2,34.2,0.0,0.0,400.0,1.0,124.39145301818847,665600
326,667648,941.3237169252785,1943,-0.0035688654315890744,4.683315008878708,0.783662237226963,0.00708724711148534,0.0924072265625,0.936528742313385,67.93952995538712,32.0,0.0,34.56,34.56,0.0,0.0,400.0,1.0,125.5657120513916,667648
327,669696,941.4235407248858,1949,-0.005204588363994844,5.058140382170677,0.7797752860933542,0.006409777190128807,0.0814208984375,0.958004891872406,95.70820552110672,32.0,0.0,34.22,34.22,0.0,0.0,400.0,1.0,124.45766078948975,669696
328,671744,941.3427188556869,1956,-0.004115077506867237,5.6826032102108,0.7630312815308571,0.007094236869306769,0.0943603515625,0.9379558563232422,89.67965984344482,32.0,0.0,34.16,34.16,0.0,0.0,400.0,1.0,124.3860453414917,671744
329,673792,941.6398135588882,1959,-0.003051042142841551,2.66624199019538,0.8295069866710238,0.012039964527098669,0.15885416666666666,0.9652705788612366,47.25514782799615,18.0,1.0,34.48,34.48,0.0,0.0,400.0,1.0,125.67260677337646,673792
330,675840,941.6208718262842,1965,0.0013211479381425306,4.234620474278927,0.796842535957694,0.009528806469461415,0.1246337890625,0.962111234664917,95.11192405223846,32.0,0.0,34.94,34.94,0.0,0.0,400.0,1.0,127.33653224945068,675840
331,677888,941.5829274127602,1971,0.002438818948576227,4.47888271510601,0.7814995385706425,0.008582350783399306,0.1138916015625,0.953431248664856,120.29527822136879,32.0,0.0,35.6,35.6,0.0,0.0,400.0,1.0,129.54121349334716,677888
332,679936,941.5979117953527,1974,-0.004401657817652449,3.215189054608345,0.8299062941223383,0.006058930732251611,0.07861328125,0.9606219530105591,65.66357934474945,32.0,0.0,36.18,36.18,0.0,0.0,400.0,1.0,131.5362672805786,679936
333,681984,941.6042183080596,1981,-0.0011429505102569237,5.6378700733184814,0.740931598469615,0.008551599530619569,0.0943603515625,0.9395753741264343,48.91771590709686,32.0,0.0,36.1,36.1,0.0,0.0,400.0,1.0,131.1900647354126,681984
334,684032,941.7077918165544,1986,-0.0009555447759339586,5.811030209064484,0.7729529701173306,0.005858239899680484,0.0701904296875,0.9286185503005981,82.13751518726349,32.0,0.0,36.06,36.06,0.0,0.0,400.0,1.0,131.13280475616455,684032
335,686080,941.8563098216534,1989,0.0003759811787555615,4.245705970128378,0.7814960956573487,0.009682935864354173,0.126171875,0.9297802448272705,80.82112665176392,30.0,1.0,36.26,36.26,0.0,0.0,400.0,1.0,131.76421268463136,686080
336,688128,941.9549516488561,1997,0.0022073935251682997,6.7724562138319016,0.7448682002723217,0.008869317411154043,0.114501953125,0.9307213425636292,48.35034427046776,32.0,0.0,36.54,36.54,0.0,0.0,400.0,1.0,132.73902221679688,688128
337,690176,941.9538141529532,2001,-0.0011340569471940398,5.478503465652466,0.7333311848342419,0.009753417514730245,0.1298828125,0.9345608949661255,61.824778974056244,32.0,0.0,36.7,36.7,0.0,0.0,400.0,1.0,133.31151931762696,690176
338,692224,941.986431942892,2004,0.0013604583509732038,6.555332690477371,0.7388079315423965,0.007125481184630189,0.0859375,0.9041411280632019,87.61735847592354,32.0,0.0,36.5,36.5,0.0,0.0,400.0,1.0,132.56784408569337,692224
339,694272,941.9752271337577,2012,-0.0031447988585568964,5.935229882597923,0.7482119053602219,0.009339956523035653,0.130615234375,0.9394662380218506,101.14994904398918,32.0,0.0,35.46,35.46,0.0,0.0,400.0,1.0,128.95935943603516,694272
340,696320,941.945477268133,2017,0.0031171626469586045,6.789770573377609,0.7488699778914452,0.011394357141398359,0.12158203125,0.9297111630439758,101.57627362012863,32.0,0.0,34.64,34.64,0.0,0.0,400.0,1.0,125.99651176452636,696320
341,698368,942.1358686902691,2020,-0.004466079190024175,6.559312492609024,0.765246719121933,0.0048446098662680015,0.0574951171875,0.9053673148155212,85.69528059661388,32.0,0.0,34.64,34.64,0.0,0.0,400.0,1.0,126.13953804016113,698368
342,700416,942.818064135327,2027,0.0033399506161610284,4.965410788853963,0.7845728695392609,0.01490791498993834,0.18098958333333334,0.9396910667419434,102.91830380757649,6.0,1.0,34.5,34.5,0.0,0.0,400.0,1.0,125.89860549926757,700416
343,702464,942.9376785961647,2032,-0.007755663013085723,7.433960989117622,0.7583908811211586,0.012110732299333904,0.1595458984375,0.9226396679878235,52.37341687083244,32.0,0.0,34.6,34.6,0.0,0.0,400.0,1.0,126.2859603881836,702464
344,704512,943.2957163563692,2036,0.006478571990395293,5.885383970597211,0.7467632048270282,0.01374171320896815,0.1918658088235294,0.9281569123268127,111.87207376255708,17.0,1.0,34.82,34.82,0.0,0.0,400.0,1.0,126.9622802734375,704512
345,706560,943.3605299373341,2041,-0.0034215103805763647,3.203669235110283,0.8068655971437693,0.004331460273533594,0.0445556640625,0.9594461917877197,61.648963153362274,32.0,0.0,35.4,35.4,0.0,0.0,400.0,1.0,128.96685546875,706560
346,708608,943.4287571546101,2048,-0.003313690220238641,6.827245131134987,0.7014919295907021,0.007009209046373144,0.086181640625,0.9278882145881653,71.53292721509933,32.0,0.0,35.62,35.62,0.0,0.0,400.0,1.0,129.70865783691406,708608
347,710656,943.4937122339526,2052,0.0005072043277323246,6.2182240933179855,0.7680289819836617,0.004361535829957575,0.049072265625,0.9333568811416626,128.88478109240532,32.0,0.0,35.48,35.48,0.0,0.0,400.0,1.0,129.0588932800293,710656
348,712704,943.4889841827147,2057,-0.001856976334238425,5.402922987937927,0.8026429004967213,0.008390428716666065,0.1025390625,0.9263888597488403,106.19279584288597,32.0,0.0,35.94,35.94,0.0,0.0,400.0,1.0,130.83712844848634,712704
349,714752,943.5565953202425,2063,0.0030556600249838084,8.460069343447685,0.707360502332449,0.0073082285016425885,0.0909423828125,0.9318349361419678,143.43279403448105,32.0,0.0,35.58,35.58,0.0,0.0,400.0,1.0,129.4738747406006,714752
350,716800,943.495274953969,2068,-0.002255631043226458,6.176469027996063,0.739971898496151,0.007088828300766181,0.088623046875,0.9268012046813965,69.79026240110397,32.0,0.0,36.16,36.16,0.0,0.0,400.0,1.0,131.32993835449219,716800
351,718848,943.4945906538907,2071,-0.003893676883308217,5.537355482578278,0.7552983835339546,0.00482199908583425,0.0562744140625,0.9135227799415588,72.95335525274277,32.0,0.0,35.24,35.24,0.0,0.0,400.0,1.0,128.0789303588867,718848
352,720896,943.572529724656,2077,-0.002098055643728003,5.842312917113304,0.7689327318221331,0.00435400010610465,0.0467529296875,0.9399609565734863,88.58675360679626,32.0,0.0,35.02,35.02,0.0,0.0,400.0,1.0,127.38784400939942,720896
353,722944,943.980246924858,2084,0.0010607775184325874,5.450388818979263,0.8056087680160999,0.00973582650476601,0.1181640625,0.9326189756393433,46.444537699222565,16.0,1.0,34.74,34.74,0.0,0.0,400.0,1.0,126.17767127990723,722944
354,724992,944.4589680772959,2087,-0.0007118906181019086,4.817712637094351,0.8085065117249122,0.010619724097733315,0.12560096153846154,0.9325664639472961,41.37383820460393,13.0,1.0,34.8,34.8,0.0,0.0,400.0,1.0,126.47060066223145,724992
355,727040,944.6611589486603,2093,0.0035238006617873906,3.669877278804779,0.7587481081485749,0.009175893117208034,0.1064453125,0.9695035815238953,56.05594835281372,20.0,1.0,34.24,34.24,0.0,0.0,400.0,1.0,124.5339510345459,727040
356,729088,944.5788334107036,2099,-0.001756433819537051,4.880534991621971,0.7609295267611742,0.009420098991540726,0.117919921875,0.9419844150543213,69.66690275073051,32.0,0.0,34.3,34.3,0.0,0.0,400.0,1.0,124.83165580749511,729088
357,731136,944.5636238002083,2102,0.0024188839743146673,5.033958151936531,0.7877563424408436,0.00714165060344385,0.0933837890625,0.9436885714530945,155.16457092761993,32.0,0.0,33.42,33.42,0.0,0.0,400.0,1.0,121.89785888671875,731136
358,733184,944.5218888197188,2109,-0.0013195828214520589,5.14272141456604,0.8063113279640675,0.004851129524467979,0.062255859375,0.9525696039199829,130.6895408630371,32.0,0.0,34.04,34.04,0.0,0.0,400.0,1.0,123.79682609558105,733184
359,735232,945.0557119558349,2114,0.0070189308109028,5.113002436501639,0.7631893157958984,0.01441184857061931,0.15625,0.9268473386764526,89.95587594168526,7.0,1.0,33.32,33.32,0.0,0.0,400.0,1.0,121.32424812316894,735232
360,737280,945.1436006199137,2117,-0.004326591035351157,3.9441978484392166,0.8003816921263933,0.00677535314753186,0.088134765625,0.9383370876312256,47.320143550634384,32.0,0.0,32.96,32.96,0.0,0.0,400.0,1.0,120.34630233764648,737280
361,739328,945.1840050672416,2125,0.001051547471433878,4.242997206747532,0.7743507139384747,0.008778733725193888,0.11328125,0.9603570699691772,62.056182622909546,32.0,0.0,34.4,34.4,0.0,0.0,400.0,1.0,125.39588470458985,739328
362,741376,945.3938371551559,2129,-0.002024614349162827,4.7250925699869795,0.7593896562854449,0.014212645270163193,0.17333984375,0.9423419237136841,54.82155911127726,24.0,1.0,34.54,34.54,0.0,0.0,400.0,1.0,125.93074005126954,741376
363,743424,945.3412877201266,2132,-0.004270973382517695,4.079212598502636,0.8240836448967457,0.008703240913746413,0.1192626953125,0.9478131532669067,67.83153343200684,32.0,0.0,33.86,33.86,0.0,0.0,400.0,1.0,123.62924133300781,743424
364,745472,945.3228375636563,2140,0.0010448548418935388,7.3503477871418,0.7922613564878702,0.010480191005626693,0.1575927734375,0.9242292046546936,102.42689642310143,32.0,0.0,34.72,34.72,0.0,0.0,400.0,1.0,126.79318313598633,745472
365,747520,945.3473084551962,2145,-0.00018856313545256853,4.566792532801628,0.8024970162659883,0.005953703621344175,0.075439453125,0.9545570015907288,89.11943072080612,32.0,0.0,33.94,33.94,0.0,0.0,400.0,1.0,124.05475383758545,747520
366,749568,945.3268802914167,2148,-0.0036825256247539073,4.059705018997192,0.8308082669973373,0.007123639916244429,0.09765625,0.9533855319023132,75.93142825365067,32.0,0.0,33.94,33.94,0.0,0.0,400.0,1.0,124.01949428558349,749568
367,751616,945.2101907936494,2155,0.0005390820442698896,3.774223744869232,0.8428556565195322,0.008601882480434142,0.0977783203125,0.9546034932136536,91.53941342234612,32.0,0.0,34.84,34.84,0.0,0.0,400.0,1.0,126.92725986480713,751616
368,753664,945.4963981527733,2160,0.0007082713694360695,4.243385954907066,0.7797408699989319,0.012098096911550352,0.13466282894736842,0.9519185423851013,79.653396305285,19.0,1.0,34.18,34.18,0.0,0.0,400.0,1.0,124.7826290512085,753664
369,755712,945.5476633445958,2164,-0.00048816759954206645,4.4355237409472466,0.7716123107820749,0.0049758255991037,0.062744140625,0.9484680891036987,113.0966362208128,32.0,0.0,34.8,34.8,0.0,0.0,400.0,1.0,126.97013652801513,755712
370,757760,945.9228049452062,2169,0.006505655626264902,4.073494489376362,0.8267859312204214,0.010523837310476946,0.12349759615384616,0.9508840441703796,101.75762029794546,13.0,1.0,35.3,35.3,0.0,0.0,400.0,1.0,128.40364078521728,757760
371,759808,945.8921622708463,2176,0.0013592634786618873,4.596617594361305,0.7572112418711185,0.008360881140106358,0.10302734375,0.9610477685928345,119.49734231829643,32.0,0.0,35.72,35.72,0.0,0.0,400.0,1.0,129.84715808868407,759808
372,761856,945.9057898522636,2180,-0.00026588562468532473,3.758900336921215,0.7578016724437475,0.008910658973036334,0.1148681640625,0.9550758600234985,109.54406586289406,32.0,0.0,35.88,35.88,0.0,0.0,400.0,1.0,130.20184574127197,761856
373,763904,945.7765103485302,2185,-0.006425197978387587,4.664297305047512,0.8064076043665409,0.007787152972014155,0.101806640625,0.9358342885971069,94.22795903682709,32.0,0.0,35.9,35.9,0.0,0.0,400.0,1.0,130.3097183609009,763904
374,765952,945.8044230276072,2191,-0.0016412332188338041,3.6019517928361893,0.7721894327551126,0.006893192527059,0.090087890625,0.9725944399833679,56.03718850016594,32.0,0.0,36.22,36.22,0.0,0.0,400.0,1.0,131.31249687194824,765952
375,768000,946.4191941785829,2196,0.004348404705524445,4.826171875,0.7194217443466187,0.01603847020305693,0.1625,0.9291419386863708,83.50395889282227,5.0,1.0,36.44,36.44,0.0,0.0,400.0,1.0,132.04809074401857,768000
376,770048,946.7280397326566,2199,0.005776469953931295,3.450596039111798,0.8133735519189101,0.009380845478377663,0.0946514423076923,0.9567402601242065,45.5007969049307,13.0,1.0,36.38,36.38,0.0,0.0,400.0,1.0,131.96492195129395,770048
377,772096,946.6766648704859,2205,0.00032909263973124325,4.600869208574295,0.7874602898955345,0.007291896668903064,0.0848388671875,0.949330747127533,84.80671465396881,32.0,0.0,36.42,36.42,0.0,0.0,400.0,1.0,132.06948936462402,772096
378,774144,946.5934022846584,2212,-0.0014638875145465136,4.596908964216709,0.7552796378731728,0.009003274019050878,0.1082763671875,0.9533771276473999,69.48733931779861,32.0,0.0,36.8,36.8,0.0,0.0,400.0,1.0,133.04069946289061,774144
379,776192,946.6005504526066,2215,-0.0007433749560732394,4.401345230638981,0.7843508925288916,0.0033302102456218563,0.033447265625,0.9491177797317505,76.61295878887177,32.0,0.0,36.86,36.86,0.0,0.0,400.0,1.0,133.29169921875,776192
380,778240,946.5164232915188,2221,0.0050970490265171975,4.75956903398037,0.7449651621282101,0.011009999267116655,0.1204833984375,0.9575633406639099,65.08738902211189,32.0,0.0,36.86,36.86,0.0,0.0,400.0,1.0,133.3551629638672,778240
381,780288,946.5577595397606,2227,-0.003226894494746962,3.4782092648167766,0.756803729841786,0.008584737792731292,0.10950100806451613,0.9578478336334229,50.482092795833466,31.0,1.0,36.92,36.92,0.0,0.0,400.0,1.0,133.77017776489257,780288
382,782336,946.4298078008517,2230,-0.001805022096959874,5.096027657389641,0.7503946013748646,0.00435979499889072,0.0462646484375,0.9332262277603149,89.72894859313965,32.0,0.0,36.96,36.96,0.0,0.0,400.0,1.0,133.99194076538086,782336
383,784384,946.3161794743191,2237,0.0014533773210132495,3.7222219482064247,0.7623709365725517,0.0069431677693501115,0.09033203125,0.9680048823356628,83.16710725426674,32.0,0.0,37.0,37.0,0.0,0.0,400.0,1.0,134.10014739990234,784384
384,786432,946.3065675335091,2242,-0.0017919632518896833,5.234411597251892,0.7435137182474136,0.005281679063045885,0.072021484375,0.9361402988433838,109.25088196992874,32.0,0.0,36.62,36.62,0.0,0.0,400.0,1.0,132.7727515411377,786432
385,788480,946.2851952927297,2245,-9.010780292252699e-05,4.0006776014963785,0.7764616489410401,0.007470081343005101,0.07994791666666666,0.9381464123725891,76.7629703203837,30.0,1.0,36.94,36.94,0.0,0.0,400.0,1.0,134.1256874847412,788480
386,790528,946.3013904270123,2253,-0.004588259034790099,4.800106421113014,0.7631893679499626,0.007617438423039857,0.0943603515625,0.9562200307846069,43.390323519706726,32.0,0.0,36.92,36.92,0.0,0.0,400.0,1.0,134.25161140441895,790528
387,792576,946.7388655117273,2257,0.011185590709958757,6.516576085771833,0.6898438079016549,0.016238789839137877,0.17912946428571427,0.9203746318817139,102.62929262433734,7.0,1.0,37.18,37.18,0.0,0.0,400.0,1.0,135.19259483337402,792576
388,794624,946.6592133686786,2260,-0.003314980014692992,5.48042194545269,0.7653324045240879,0.006400126170774456,0.084228515625,0.9108251333236694,43.37077581882477,32.0,0.0,37.34,37.34,0.0,0.0,400.0,1.0,135.9401634979248,794624
389,796672,946.5537651713091,2268,0.0024353359476663172,4.37291768938303,0.7542488072067499,0.006922997847141232,0.080810546875,0.9542576670646667,52.25806599855423,32.0,0.0,36.22,36.22,0.0,0.0,400.0,1.0,132.3490181350708,796672
390,798720,946.4305111253967,2273,0.00017464975826442242,5.680511057376862,0.7374728694558144,0.008747416111873463,0.116943359375,0.926996111869812,59.06967422366142,32.0,0.0,36.18,36.18,0.0,0.0,400.0,1.0,132.344747505188,798720
391,800768,946.627679620025,2276,0.005450190976262093,4.499204385280609,0.7334330886602402,0.015241922507993878,0.180859375,0.9296637177467346,33.47899231910706,20.0,1.0,35.92,35.92,0.0,0.0,400.0,1.0,131.46242008209228,800768
392,802816,946.7965623250576,2283,0.0007091981645386952,4.219861388206482,0.7626037987378927,0.011129761060986381,0.14738581730769232,0.9460686445236206,47.686701407799355,26.0,1.0,35.22,35.22,0.0,0.0,400.0,1.0,128.78236003875733,802816
393,804864,946.8572035976508,2288,-0.0045473474892787635,4.262741565704346,0.7164319083094597,0.005394404033722822,0.060546875,0.9568729400634766,128.9590453505516,32.0,0.0,35.08,35.08,0.0,0.0,400.0,1.0,128.31514751434327,804864
394,806912,946.8589466673288,2292,-0.0029147214081604034,3.9210104644298553,0.7465801853686571,0.005309997475706041,0.06005859375,0.9442499876022339,124.83942580223083,32.0,0.0,35.66,35.66,0.0,0.0,400.0,1.0,130.33336139678954,806912
395,808960,946.8802171008764,2297,0.0006872474332340062,3.9787226244807243,0.7881967425346375,0.007023880090855528,0.07958984375,0.9499728679656982,88.71358466148376,32.0,0.0,35.84,35.84,0.0,0.0,400.0,1.0,130.76892292022706,808960
396,811008,946.8122417352376,2304,-0.0011242214677622542,5.427916795015335,0.7436258513480425,0.006494327193649951,0.082275390625,0.9310452938079834,60.62951174378395,32.0,0.0,36.14,36.14,0.0,0.0,400.0,1.0,131.6215379714966,811008
397,813056,946.8010297059584,2308,0.0011511542543303221,6.869000658392906,0.7194588258862495,0.007001020909228828,0.08837890625,0.9107267260551453,120.3057342171669,32.0,0.0,36.26,36.26,0.0,0.0,400.0,1.0,131.95317905426026,813056
398,815104,946.7996545283931,2313,-0.0021691506990464404,4.225781217217445,0.7803080063313246,0.004003718451713212,0.0408935546875,0.9488821029663086,121.07083976268768,32.0,0.0,36.72,36.72,0.0,0.0,400.0,1.0,133.52260734558106,815104
399,817152,946.7999170559675,2319,0.0010883470677072182,4.274778112769127,0.7291771601885557,0.006913051911396906,0.077392578125,0.9602601528167725,103.51237267255783,32.0,0.0,36.96,36.96,0.0,0.0,400.0,1.0,134.2457273864746,817152
400,819200,946.7809894320786,2324,-0.0013389626692514867,4.929477781057358,0.7038271762430668,0.004715949798992369,0.055419921875,0.9433046579360962,118.56104788184166,32.0,0.0,36.82,36.82,0.0,0.0,400.0,1.0,133.40803634643555,819200
401,821248,946.7545510927735,2327,-0.0003159885454806499,2.8812269121408463,0.7894373796880245,0.007537572244473267,0.0968017578125,0.9650946855545044,49.46629774570465,32.0,0.0,36.72,36.72,0.0,0.0,400.0,1.0,133.19646514892577,821248
402,823296,946.7621549173502,2333,-0.0013753186212852597,5.314959451556206,0.7698352355509996,0.00780189735814929,0.0946044921875,0.9484944343566895,66.56510689854622,32.0,0.0,37.54,37.54,0.0,0.0,400.0,1.0,135.84391746520996,823296
403,825344,946.8100234920202,2340,-0.0017602760053705424,6.501658454537392,0.710812583565712,0.004140786484640557,0.045654296875,0.9359608292579651,113.83170926570892,32.0,0.0,37.92,37.92,0.0,0.0,400.0,1.0,137.24135780334473,825344
404,827392,946.7911702590908,2343,-0.003701550667756237,3.918920084834099,0.7746344022452831,0.004377880948595703,0.048095703125,0.9456722736358643,80.4406111240387,32.0,0.0,37.46,37.46,0.0,0.0,400.0,1.0,135.54045631408692,827392
405,829440,946.7479854173001,2349,0.0008578482520533726,5.802186548709869,0.7524868883192539,0.006261576083488762,0.0667724609375,0.9504607915878296,97.83467447757721,32.0,0.0,37.0,37.0,0.0,0.0,400.0,1.0,134.06043159484864,829440
406,831488,946.668227715021,2355,-0.002807879645843059,6.925465002655983,0.7651173360645771,0.005306420898705255,0.0648193359375,0.9324367642402649,124.588652998209,32.0,0.0,37.2,37.2,0.0,0.0,400.0,1.0,134.83616706848144,831488
407,833536,946.6891544822693,2358,-0.003433784208027646,4.773445874452591,0.816514415666461,0.005046870275691617,0.0604248046875,0.9373099207878113,97.7498197555542,32.0,0.0,37.14,37.14,0.0,0.0,400.0,1.0,134.81003059387206,833536
408,835584,946.6053298100566,2365,-0.001861006167018786,4.090952821075916,0.7927559521049261,0.00760613184684189,0.091796875,0.9594761729240417,68.12993302941322,32.0,0.0,37.52,37.52,0.0,0.0,400.0,1.0,136.23237731933594,835584
409,837632,947.0802580464002,2370,0.007038166746497154,4.359999179840088,0.7337288955847422,0.014162891583206752,0.15494791666666666,0.9524006843566895,74.68728892008464,6.0,1.0,37.38,37.38,0.0,0.0,400.0,1.0,135.64084075927735,837632
410,839680,947.2388013171332,2373,0.0004145274093995492,4.586471319198608,0.7702393084764481,0.00787867641580912,0.09016927083333333,0.9351743459701538,84.3075703382492,24.0,1.0,37.18,37.18,0.0,0.0,400.0,1.0,135.03466094970702,839680
411,841728,947.1944020747113,2381,-0.0014079174725338817,3.5394232496619225,0.7674007769674063,0.00665017753635766,0.0765380859375,0.9686819911003113,52.346761614084244,32.0,0.0,37.1,37.1,0.0,0.0,400.0,1.0,135.05713073730467,841728
412,843776,947.1510055785371,2385,2.073777432087809e-05,3.4681454971432686,0.7782419715076685,0.00869706579396734,0.1158447265625,0.9660619497299194,56.37514182925224,32.0,0.0,36.7,36.7,0.0,0.0,400.0,1.0,133.5499722290039,843776
413,845824,947.6610576719188,2388,0.012019668240100145,3.2254675030708313,0.737793818116188,0.015638287120964378,0.1923828125,0.957392692565918,66.65384817123413,4.0,1.0,36.58,36.58,0.0,0.0,400.0,1.0,133.31757522583007,845824
414,847872,947.5780800028698,2396,-0.0005290763947414234,2.861870728433132,0.7806626260280609,0.011109570164990146,0.142333984375,0.9708387851715088,58.57097452878952,32.0,0.0,37.12,37.12,0.0,0.0,400.0,1.0,135.36440460205077,847872
415,849920,947.5311012443763,2401,0.0020226488850312307,4.8569580763578415,0.7169932704418898,0.007486968344892375,0.0989990234375,0.9468361139297485,56.69234198331833,32.0,0.0,36.58,36.58,0.0,0.0,400.0,1.0,133.34175430297853,849920
416,851968,947.5379272082706,2404,0.0011018572404282168,4.600171752274036,0.7475317027419806,0.004836927531869151,0.0604248046875,0.94353187084198,88.92530024051666,32.0,0.0,36.46,36.46,0.0,0.0,400.0,1.0,132.92351440429687,851968
417,854016,947.5191949347791,2411,-0.0014989896735642105,3.622916042804718,0.7561405170708895,0.006243502095458098,0.0770263671875,0.9653784036636353,94.83133688569069,32.0,0.0,36.16,36.16,0.0,0.0,400.0,1.0,131.88007553100587,854016
418,856064,947.4487756982423,2416,-0.001167405949672684,4.136516973376274,0.7768266331404448,0.008067040529567748,0.095703125,0.967527449131012,60.29532188177109,32.0,0.0,36.66,36.66,0.0,0.0,400.0,1.0,133.59749114990234,856064
419,858112,947.4019626160823,2420,-0.0014626702904934064,4.604602001607418,0.7282357830554247,0.007412080231006257,0.0970458984375,0.94830322265625,69.60025376081467,32.0,0.0,36.88,36.88,0.0,0.0,400.0,1.0,134.41523635864257,858112
420,860160,947.3428902674052,2425,-0.003542242440744303,5.083950072526932,0.8009184785187244,0.006236380693735555,0.0738525390625,0.9457918405532837,88.82988941669464,32.0,0.0,37.2,37.2,0.0,0.0,400.0,1.0,135.70966735839843,860160
421,862208,947.3290697267299,2432,0.00032501986424904317,3.7120249569416046,0.7275765296071768,0.006507397600216791,0.085205078125,0.9690287709236145,66.76644086837769,32.0,0.0,37.76,37.76,0.0,0.0,400.0,1.0,137.58613327026367,862208
422,864256,947.2526702634889,2436,-0.0023514534113928676,4.3664658814668655,0.6996247004717588,0.006890859003760852,0.099853515625,0.9466744661331177,91.29033952951431,32.0,0.0,37.96,37.96,0.0,0.0,400.0,1.0,138.27879638671874,864256
423,866304,947.4133237912575,2441,-0.00027388718951007593,3.03651617920917,0.7951927858850231,0.012805174904592011,0.1676290760869565,0.9663286209106445,44.67479235193004,23.0,1.0,37.74,37.74,0.0,0.0,400.0,1.0,137.539228515625,866304
424,868352,947.4470017279622,2447,-0.002877910461393185,4.3829005509614944,0.6944481022655964,0.007051329899695702,0.0882568359375,0.9646883010864258,84.96602526307106,32.0,0.0,37.78,37.78,0.0,0.0,400.0,1.0,137.54467407226562,868352
425,870400,947.412668304376,2452,-0.0029753848066320643,4.186764061450958,0.7324555013328791,0.0037282005869201384,0.0435791015625,0.9615721702575684,90.47913354635239,32.0,0.0,38.46,38.46,0.0,0.0,400.0,1.0,140.21300994873047,870400
426,872448,947.3148392162507,2455,-0.0030527104681823403,3.743742823600769,0.7476141229271889,0.00471395729255164,0.06103515625,0.9605439901351929,119.84146839380264,32.0,0.0,38.6,38.6,0.0,0.0,400.0,1.0,140.85813766479492,872448
427,874496,947.2629756014945,2461,-0.0025218751252396032,4.472286894917488,0.7538248375058174,0.004999985852919053,0.049072265625,0.9710856080055237,128.27758836746216,32.0,0.0,38.9,38.9,0.0,0.0,400.0,1.0,141.89557250976563,874496
428,876544,947.2280977854888,2468,-0.0025094011652981862,3.4179811403155327,0.7015826106071472,0.007274274619703647,0.0947265625,0.9705651998519897,93.06964653730392,32.0,0.0,38.74,38.74,0.0,0.0,400.0,1.0,141.3792202758789,876544
429,878592,947.1387228663218,2471,-0.004976862503099255,4.328843280673027,0.7146930042654276,0.007435571496898774,0.0992431640625,0.9512252807617188,65.75646904110909,32.0,0.0,38.58,38.58,0.0,0.0,400.0,1.0,140.66215454101564,878592
430,880640,947.1412087468369,2477,-0.0009915857808664441,4.6039393693208694,0.7068574577569962,0.006257350534724537,0.0718994140625,0.9664403200149536,76.74604552984238,32.0,0.0,38.72,38.72,0.0,0.0,400.0,1.0,141.0657815551758,880640
431,882688,947.2052545912131,2483,-0.0029748138913419098,3.8020278364419937,0.7074217833578587,0.00846494072175119,0.1016845703125,0.9673013091087341,76.37886101007462,32.0,0.0,38.5,38.5,0.0,0.0,400.0,1.0,140.23335891723633,882688
432,884736,947.2507090548183,2486,5.277684249449521e-05,3.116119645535946,0.7270782999694347,0.003474002325674519,0.037109375,0.9638521671295166,110.15038913488388,32.0,0.0,38.62,38.62,0.0,0.0,400.0,1.0,140.73063171386718,884736
433,886784,947.2289004428886,2493,0.0014472114125965163,5.254583224654198,0.7037330586463213,0.005572573609242681,0.0650634765625,0.9679014086723328,104.99423605203629,32.0,0.0,38.8,38.8,0.0,0.0,400.0,1.0,141.53455749511718,886784
434,888832,947.2126177020318,2498,-0.00390750118822325,5.64029386639595,0.7281338255852461,0.007611105495016091,0.1026611328125,0.957338809967041,83.30551049113274,32.0,0.0,38.96,38.96,0.0,0.0,400.0,1.0,141.903603515625,888832
435,890880,947.2787520095409,2501,-0.001076114916941151,4.422439508140087,0.7588026002049446,0.006964483480260242,0.077392578125,0.9559577703475952,95.51027317345142,32.0,0.0,38.14,38.14,0.0,0.0,400.0,1.0,138.88267463684082,890880
436,892928,947.6120564575384,2509,0.004943857726175338,4.918173611164093,0.7572255581617355,0.008815524342935532,0.092041015625,0.9630399346351624,104.80187928676605,16.0,1.0,37.96,37.96,0.0,0.0,400.0,1.0,138.4214739227295,892928
437,894976,947.5200959640954,2513,0.000283692788798362,4.084083430469036,0.7441527508199215,0.013155270789866336,0.1729736328125,0.9636431336402893,48.92637252807617,32.0,0.0,38.06,38.06,0.0,0.0,400.0,1.0,138.56336784362793,894976
438,897024,947.9962796762401,2516,0.01648527809551784,4.46337137903486,0.742490793977465,0.0184127145579883,0.20535714285714285,0.9540451169013977,102.35710144042969,7.0,1.0,37.96,37.96,0.0,0.0,400.0,1.0,138.3710668182373,897024
439,899072,948.0307067770809,2524,0.0016419966705143452,4.41306209564209,0.7854404170066118,0.0087713167667971,0.1097412109375,0.9696431159973145,91.64672893285751,32.0,0.0,37.86,37.86,0.0,0.0,400.0,1.0,138.0644116973877,899072
440,901120,947.9625815114036,2529,-0.003711353041580878,4.20728263258934,0.7148758806288242,0.006351139258185867,0.0740966796875,0.9623169898986816,114.74684143066406,32.0,0.0,37.94,37.94,0.0,0.0,400.0,1.0,138.26218086242676,901120
441,903168,947.8706630544694,2532,0.002941006430773996,6.373756423592567,0.7110391948372126,0.005104626092361286,0.0599365234375,0.9412081241607666,124.78426288068295,32.0,0.0,37.98,37.98,0.0,0.0,400.0,1.0,138.46857093811036,903168
442,905216,947.8148771804784,2539,-0.0014620703732362017,3.5669942796230316,0.7255277130752802,0.006455222930526361,0.072509765625,0.9731739163398743,61.838266760110855,32.0,0.0,38.62,38.62,0.0,0.0,400.0,1.0,140.9133214569092,905216
443,907264,947.7729969929468,2544,0.0019691330089699477,3.9199344143271446,0.6830632295459509,0.010465635343280155,0.1300048828125,0.9705802202224731,75.48699036240578,32.0,0.0,37.78,37.78,0.0,0.0,400.0,1.0,137.9134642791748,907264
444,909312,947.8177299353678,2548,0.0015144292556215078,3.309172675013542,0.7465584091842175,0.007365800986008253,0.1019287109375,0.9735841751098633,135.37692034244537,32.0,0.0,37.6,37.6,0.0,0.0,400.0,1.0,137.44385856628418,909312
445,911360,947.8434188879755,2553,-0.001326973710092716,3.861091285943985,0.740133648738265,0.006915622478118166,0.07568359375,0.965684175491333,76.60383504629135,32.0,0.0,38.44,38.44,0.0,0.0,400.0,1.0,140.55319519042968,911360
446,913408,947.850809646549,2560,-0.0011183054884895682,4.1373608112335205,0.6764792576432228,0.005478916929860134,0.07421875,0.9713255167007446,96.53776133060455,32.0,0.0,38.68,38.68,0.0,0.0,400.0,1.0,141.42757034301758,913408
447,915456,947.8448733250046,2564,-0.0017724236531648785,3.8067715987563133,0.7085182424634695,0.008987523448013235,0.1268310546875,0.9683595299720764,122.4911807179451,32.0,0.0,38.86,38.86,0.0,0.0,400.0,1.0,141.90761184692383,915456
448,917504,947.8711685028882,2569,-0.0021054743410786614,3.488676391541958,0.7496648672968149,0.0050884929951280355,0.063720703125,0.9718246459960938,65.76291152834892,32.0,0.0,38.64,38.64,0.0,0.0,400.0,1.0,140.99913223266603,917504
449,919552,947.8506072014123,2575,-3.456689357276886e-05,6.673910140991211,0.698620452034858,0.009947937710451023,0.11164314516129033,0.960300624370575,124.73184788611627,31.0,1.0,38.9,38.9,0.0,0.0,400.0,1.0,141.71117782592773,919552
450,921600,948.2965991231822,2580,0.016930530468622845,6.669307311375936,0.65708855787913,0.011488053753661612,0.11328125,0.9463533163070679,164.97303263346353,6.0,1.0,39.3,39.3,0.0,0.0,400.0,1.0,143.29582092285156,921600
451,923648,948.2551867401359,2583,-0.005466643677209504,6.609134033322334,0.7012891378253698,0.006119413359556347,0.0772705078125,0.946160078048706,86.1751115322113,32.0,0.0,39.46,39.46,0.0,0.0,400.0,1.0,143.85740158081055,923648
452,925696,948.1634981062128,2589,0.0003727176663232967,7.058932214975357,0.676493164151907,0.0045381120798992924,0.0440673828125,0.9603681564331055,108.75334227085114,32.0,0.0,39.0,39.0,0.0,0.0,400.0,1.0,142.10410140991212,925696
453,927744,948.1731456775822,2596,-0.0026556566735962406,7.130358576774597,0.6657597851008177,0.006108593865064904,0.072021484375,0.9395027160644531,119.48608979582787,32.0,0.0,38.9,38.9,0.0,0.0,400.0,1.0,141.9686538696289,927744
454,929792,948.2161588660391,2599,-0.0036721083597512916,4.115440458059311,0.6911505311727524,0.00746962582343258,0.0941162109375,0.95148104429245,65.44846442341805,32.0,0.0,38.52,38.52,0.0,0.0,400.0,1.0,140.61431900024414,929792
455,931840,948.2811008906156,2605,-0.0021163752923409143,4.7626142501831055,0.689718813807876,0.01413294433236674,0.16710069444444445,0.9707075953483582,44.026859000877096,27.0,1.0,38.58,38.58,0.0,0.0,400.0,1.0,140.76750717163085,931840
456,933888,948.1545054819006,2611,-0.0009031962399603799,4.496854588389397,0.6641618646681309,0.008900042725144885,0.111328125,0.9647899270057678,86.40504822134972,32.0,0.0,38.66,38.66,0.0,0.0,400.0,1.0,141.19683670043946,933888
457,935936,948.5509689916084,2614,0.0013191340152512896,2.785139625722712,0.7144477367401123,0.010224691592156887,0.10333806818181818,0.9724818468093872,78.08248181776567,11.0,1.0,38.4,38.4,0.0,0.0,400.0,1.0,140.29760635375976,935936
458,937984,948.6169829484479,2621,0.0001959302753675729,4.611083269119263,0.6907031554728746,0.007580292382044718,0.10595703125,0.9748637676239014,50.43586093187332,32.0,0.0,38.66,38.66,0.0,0.0,400.0,1.0,141.31406433105468,937984
459,940032,948.6181826650713,2626,0.002026988033321686,3.6656266152858734,0.6642744224518538,0.008165781240677461,0.0987548828125,0.974658191204071,100.07008463144302,32.0,0.0,38.74,38.74,0.0,0.0,400.0,1.0,141.56481567382812,940032
460,942080,948.6980274000797,2629,-0.0013941168144810945,3.0983948037028313,0.6576608251780272,0.009915587870636955,0.116943359375,0.9677187204360962,56.625948429107666,32.0,0.0,38.64,38.64,0.0,0.0,400.0,1.0,141.2741340637207,942080
461,944128,948.7057267129192,2637,-0.0018729930452536792,3.067391037940979,0.6824793480336666,0.007407129225612152,0.0887451171875,0.9843924641609192,77.63910403847694,32.0,0.0,39.22,39.22,0.0,0.0,400.0,1.0,143.2140104675293,944128
462,946176,948.6324814932321,2641,-0.0028179505898151547,3.46384110301733,0.6400207430124283,0.005437087151221931,0.0738525390625,0.9776261448860168,95.3396064043045,32.0,0.0,39.22,39.22,0.0,0.0,400.0,1.0,143.09427505493164,946176
463,948224,948.6253227100735,2644,-0.00235396519733163,3.113291777097262,0.6523186128873092,0.006978325062216475,0.08638822115384616,0.9740673303604126,70.61793264975914,26.0,1.0,40.38,40.38,0.0,0.0,400.0,1.0,147.06287933349608,948224
464,950272,948.5142949812008,2652,-0.0025116662436630577,2.413432005792856,0.6518799886107445,0.0046456479612970725,0.0555419921875,0.9851067066192627,76.50775742530823,32.0,0.0,40.62,40.62,0.0,0.0,400.0,1.0,147.7196357727051,950272
465,952320,948.5603979679445,2657,0.0005099726040498354,4.357117727398872,0.6202859338372946,0.004909122413664591,0.0582275390625,0.973356306552887,89.96911704540253,32.0,0.0,40.48,40.48,0.0,0.0,400.0,1.0,147.06758255004883,952320
466,954368,948.6162625217992,2660,-0.0002458129602018744,4.311286993324757,0.6647020522505045,0.007552827461040579,0.090087890625,0.9640355110168457,130.01634395122528,32.0,1.0,40.52,40.52,0.0,0.0,400.0,1.0,147.07400955200194,954368
467,956416,948.6490724810636,2667,-0.0031542064098175615,3.928115338087082,0.6627065166831017,0.0053793384722666815,0.0687255859375,0.9708027243614197,72.03320783376694,32.0,0.0,40.02,40.02,0.0,0.0,400.0,1.0,145.35274559020996,956416
468,958464,948.5149205323352,2672,-0.002019603591179475,4.996434785425663,0.6201391741633415,0.006386379711329937,0.0767822265625,0.9699148535728455,77.38541090488434,32.0,0.0,40.08,40.08,0.0,0.0,400.0,1.0,145.79842597961425,958464
469,960512,948.4345622572426,2676,0.001017143513308838,4.246933661401272,0.6253309361636639,0.007602380879689008,0.094482421875,0.973294198513031,73.507198959589,32.0,0.0,39.72,39.72,0.0,0.0,400.0,1.0,144.43272438049317,960512
470,962560,948.3661437917993,2681,-0.003362178395036608,2.882874570786953,0.6873816903680563,0.006515516965009738,0.0819091796875,0.9798709750175476,73.67499336600304,32.0,0.0,39.22,39.22,0.0,0.0,400.0,1.0,142.95210914611818,962560
471,964608,948.3995986297167,2688,0.002151920048233408,3.0644153356552124,0.6080020459798666,0.009057738970463665,0.09795673076923077,0.9828576445579529,80.16012675945575,26.0,1.0,39.0,39.0,0.0,0.0,400.0,1.0,142.1478018951416,964608
472,966656,948.2689608689843,2692,0.0003227292327210307,4.667363673448563,0.6340559218078852,0.009968324542569462,0.1109619140625,0.9736776947975159,112.4479193687439,32.0,0.0,38.58,38.58,0.0,0.0,400.0,1.0,140.45669395446777,966656
473,968704,948.1167992797634,2697,-0.0028504558431450278,3.9868025556206703,0.687144635245204,0.005223551212111488,0.069091796875,0.9691652655601501,110.02195316553116,32.0,0.0,38.44,38.44,0.0,0.0,400.0,1.0,139.96987586975098,968704
474,970752,948.049450367539,2703,-0.002397724863840267,3.563170835375786,0.642198983579874,0.005913763772696257,0.0714111328125,0.9797414541244507,82.13860750198364,32.0,0.0,38.6,38.6,0.0,0.0,400.0,1.0,140.42981269836426,970752
475,972800,947.9961079057255,2708,0.0014541064883815125,4.279627226293087,0.5940737333148718,0.008939197214203887,0.1033935546875,0.9721717834472656,129.9164092540741,32.0,0.0,38.94,38.94,0.0,0.0,400.0,1.0,141.8023365020752,972800
476,974848,947.908271887227,2711,0.0014398099156096578,3.686951830983162,0.6784463413059711,0.006187257757119369,0.0765380859375,0.9752967357635498,65.1178135573864,32.0,0.0,39.0,39.0,0.0,0.0,400.0,1.0,142.0296981048584,974848
477,976896,948.2667721593509,2717,0.00610963295080832,3.7695166724068776,0.6053614871842521,0.0125024767060365,0.12388392857142858,0.9779868125915527,116.37515694754464,7.0,1.0,39.84,39.84,0.0,0.0,400.0,1.0,145.14132064819336,976896
478,978944,948.3062815352097,2724,-0.001020047880176987,4.693495682307652,0.6164354660681316,0.0078013972961343825,0.08970424107142858,0.9662002325057983,74.60701237406049,28.0,1.0,39.86,39.86,0.0,0.0,400.0,1.0,144.92192504882811,978944
479,980992,948.2934008403996,2727,-0.00244599676807411,3.484077386558056,0.6362486928701401,0.00569445600558538,0.070068359375,0.9721028804779053,84.59157133102417,32.0,0.0,40.22,40.22,0.0,0.0,400.0,1.0,146.26479553222657,980992
480,983040,948.1595341357545,2733,0.0023065553832566366,3.7977165058255196,0.6246263738721609,0.008160828838299494,0.0819091796875,0.9819406270980835,64.8078265786171,32.0,0.0,40.56,40.56,0.0,0.0,400.0,1.0,147.08249877929688,983040
481,985088,947.9483899525382,2739,-8.97389545571059e-05,3.674678824841976,0.5968016497790813,0.0073672606304171495,0.08935546875,0.9767211675643921,97.28744578361511,32.0,0.0,41.0,41.0,0.0,0.0,400.0,1.0,148.75802413940428,985088
482,987136,947.8584033923007,2742,-0.003474678480415605,3.2117404490709305,0.6853093542158604,0.005813270989165176,0.0771484375,0.9769690632820129,110.44401007890701,32.0,0.0,41.08,41.08,0.0,0.0,400.0,1.0,149.11063766479492,987136
483,989184,947.7444474936224,2749,-0.0026151261408813298,3.637309968471527,0.6582004968076944,0.00633857402135618,0.0806884765625,0.9824778437614441,100.6752672791481,32.0,0.0,40.92,40.92,0.0,0.0,400.0,1.0,148.4695315551758,989184
484,991232,947.6036849235976,2754,0.008059507847065106,5.129523277282715,0.5964016858488321,0.0110637242833036,0.1043701171875,0.9705994725227356,123.99948200583458,32.0,0.0,40.66,40.66,0.0,0.0,400.0,1.0,147.71748413085936,991232
485,993280,947.5308373220926,2757,0.0006112915580160916,4.844069272279739,0.6100874710828066,0.0046886301643098705,0.0499267578125,0.9631577134132385,108.62136346101761,32.0,0.0,40.56,40.56,0.0,0.0,400.0,1.0,147.152060546875,993280
486,995328,947.4054698155225,2765,0.0038210984639590606,7.470978602766991,0.629464402794838,0.0062259481637738645,0.0665283203125,0.9616255760192871,74.4790118932724,32.0,0.0,40.66,40.66,0.0,0.0,400.0,1.0,147.47003158569336,995328
487,997376,947.7424232367281,2769,0.005888524651527405,9.197506523132324,0.631425416469574,0.014438034547492862,0.1421875,0.9537085294723511,219.1219497680664,5.0,1.0,39.76,39.76,0.0,0.0,400.0,1.0,144.44381736755372,997376
488,999424,947.7193736498872,2772,-0.0007645003934158012,7.13038632273674,0.5916570127010345,0.010116227451362647,0.1136474609375,0.9533118009567261,85.00633463263512,32.0,0.0,39.88,39.88,0.0,0.0,400.0,1.0,144.84182670593262,999424
489,1001472,947.7161008736812,2780,-0.0031213327310979366,5.270916789770126,0.6303908824920654,0.005634829409245867,0.0625,0.9690901637077332,96.21509540081024,32.0,0.0,39.1,39.1,0.0,0.0,400.0,1.0,141.9471590423584,1001472
490,1003520,947.8537813559223,2785,-0.00048177288845181466,5.962229609489441,0.6104022681713104,0.004581151844467968,0.0431640625,0.9623295664787292,67.5512466430664,20.0,1.0,38.08,38.08,0.0,0.0,400.0,1.0,138.4261859893799,1003520
491,1005568,947.8179848168452,2788,-8.186764898709953e-05,4.792818270623684,0.6284329891204834,0.003606255726481322,0.0382080078125,0.9608494639396667,96.93210354447365,32.0,0.0,38.02,38.02,0.0,0.0,400.0,1.0,138.36599922180176,1005568
492,1007616,947.7471297739125,2795,0.001007604820188135,4.188169896602631,0.6920787710696459,0.0069428356509888545,0.084228515625,0.9762259721755981,166.98850274085999,32.0,0.0,37.86,37.86,0.0,0.0,400.0,1.0,137.9116641998291,1007616
493,1009664,947.7786951916152,2800,0.0012015674063669784,4.059798249176571,0.6357235993657794,0.008492785580788873,0.09723772321428571,0.9761486649513245,90.16796881811959,28.0,1.0,37.44,37.44,0.0,0.0,400.0,1.0,136.48143409729005,1009664
494,1011712,947.7057626711628,2804,-0.003913432999979705,3.7303833588957787,0.6134114935994148,0.0055028441129252315,0.064697265625,0.9688254594802856,93.22169962525368,32.0,0.0,37.8,37.8,0.0,0.0,400.0,1.0,137.921499710083,1011712
495,1013760,947.9109311412607,2809,0.004717953322041366,3.103093557887607,0.6557878454526266,0.00811774381953809,0.0822482638888889,0.9761719107627869,55.131515714857315,18.0,1.0,37.68,37.68,0.0,0.0,400.0,1.0,137.3044406890869,1013760
496,1015808,947.839531818639,2816,0.0036432399501791224,5.0916218757629395,0.6753987967967987,0.00929011455446016,0.1153564453125,0.9715223908424377,128.32020223140717,32.0,0.0,37.22,37.22,0.0,0.0,400.0,1.0,135.66891273498535,1015808
497,1017856,947.8179420841175,2820,-0.00041869682900141925,3.581370785832405,0.5971791427582502,0.006546803837409243,0.0823974609375,0.975694477558136,51.16685739159584,32.0,0.0,38.44,38.44,0.0,0.0,400.0,1.0,140.1681701660156,1017856
498,1019904,947.7208950464576,2825,-0.0038755492569180205,3.39313043653965,0.6469815149903297,0.003396894426259678,0.0361328125,0.9714924693107605,63.10707479715347,32.0,0.0,38.7,38.7,0.0,0.0,400.0,1.0,141.24244888305665,1019904
499,1021952,947.6466262101072,2831,0.003080196227529086,3.579755090177059,0.6573201734572649,0.0089482162729837,0.1085205078125,0.9818915724754333,94.02111515402794,32.0,0.0,39.2,39.2,0.0,0.0,400.0,1.0,143.00358657836915,1021952
500,1024000,947.543972071433,2836,0.00016207588487304747,3.8766820952296257,0.6307068858295679,0.005931755054916721,0.078369140625,0.9712750911712646,120.85559171438217,32.0,0.0,40.1,40.1,0.0,0.0,400.0,1.0,146.328828125,1024000
501,1026048,947.4428891155825,2839,0.0008427888678852469,2.956157051026821,0.6514218654483557,0.010371576216130052,0.1260986328125,0.9764469265937805,107.96736788749695,32.0,0.0,40.08,40.08,0.0,0.0,400.0,1.0,146.24540252685546,1026048
502,1028096,947.6295450239355,2845,0.003066908458576483,3.2225161159739777,0.5700011814341825,0.008439771146239602,0.0900735294117647,0.9810056686401367,92.78407001495361,17.0,1.0,40.6,40.6,0.0,0.0,400.0,1.0,148.0234637451172,1028096
503,1030144,947.7891394584543,2852,0.004884001523764296,3.0578979470513086,0.5946193147789348,0.007918515210886571,0.07652698863636363,0.981461226940155,157.61596029455012,22.0,1.0,41.14,41.14,0.0,0.0,400.0,1.0,149.8957598876953,1030144
504,1032192,947.7344808062677,2855,0.00019402330508455634,3.0740818232297897,0.5964324083179235,0.0049693484616000205,0.06005859375,0.9738478064537048,83.08968913555145,32.0,0.0,41.2,41.2,0.0,0.0,400.0,1.0,150.11785675048827,1032192
505,1034240,947.6513819915448,2861,0.001655374580877833,3.2607691064476967,0.5838860366493464,0.005179112289624754,0.05810546875,0.9818240404129028,117.32564109563828,32.0,0.0,40.88,40.88,0.0,0.0,400.0,1.0,148.83317230224608,1034240
506,1036288,947.6334156723664,2867,0.004624326696136483,3.095877938800388,0.5777087653124774,0.008932015780980388,0.09505208333333333,0.9817082285881042,116.71705630973533,27.0,1.0,41.14,41.14,0.0,0.0,400.0,1.0,149.96927673339843,1036288
507,1038336,947.596200209568,2870,-0.0012856391840614378,3.726497396826744,0.6300193164497614,0.011270317991147749,0.133056640625,0.9715129733085632,98.39792290329933,32.0,0.0,40.96,40.96,0.0,0.0,400.0,1.0,149.10830169677735,1038336
508,1040384,947.5145410442191,2877,-0.0008501248375978321,3.2480166479945183,0.6145270597189665,0.005479127721628174,0.055419921875,0.984662652015686,86.85131585597992,32.0,0.0,41.2,41.2,0.0,0.0,400.0,1.0,150.27539276123048,1040384
509,1042432,947.5011235975373,2882,0.00023378487094305456,2.547455683350563,0.594125421717763,0.009972089545044582,0.1248779296875,0.9826170802116394,87.22303214669228,32.0,0.0,41.02,41.02,0.0,0.0,400.0,1.0,149.7707325744629,1042432
510,1044480,947.474636014647,2885,-0.00050714636745397,3.6135501116514206,0.6033828910440207,0.007710449339356273,0.086181640625,0.9616624116897583,118.1678651869297,32.0,0.0,41.08,41.08,0.0,0.0,400.0,1.0,149.86678436279297,1044480
511,1046528,947.3581451573846,2893,3.3922813599929214e-05,2.679557390511036,0.5870568174868822,0.00986290474247653,0.103515625,0.9835376739501953,64.46990391612053,32.0,0.0,40.84,40.84,0.0,0.0,400.0,1.0,148.8955014038086,1046528
512,1048576,947.2777338992507,2897,0.004072567113325931,3.7373628318309784,0.5855841971933842,0.008738526608794928,0.11083984375,0.9751777052879333,150.6268265247345,32.0,0.0,40.88,40.88,0.0,0.0,400.0,1.0,149.35177947998048,1048576
513,1050624,947.1836361040488,2900,0.0022320130083244294,4.168290056288242,0.5697005018591881,0.006679147656541318,0.0836181640625,0.9655975699424744,82.20516741275787,32.0,0.0,41.14,41.14,0.0,0.0,400.0,1.0,150.33501281738282,1050624
514,1052672,947.110706201223,2908,-0.0005160178552614525,3.5259761586785316,0.649955041706562,0.0035714693294721656,0.035400390625,0.9794692397117615,100.63910204172134,32.0,0.0,40.86,40.86,0.0,0.0,400.0,1.0,149.45547637939453,1052672
515,1054720,947.15145562812,2913,0.002515965859250476,3.686645964781443,0.5835565080245336,0.006842291263941054,0.0703125,0.9792015552520752,103.64228955904643,24.0,1.0,40.76,40.76,0.0,0.0,400.0,1.0,149.4469479370117,1054720
516,1056768,947.028435257474,2916,0.0028812129894504324,3.5661077052354813,0.6286892052739859,0.006388237190549262,0.0787353515625,0.977653443813324,74.82738429307938,32.0,0.0,41.22,41.22,0.0,0.0,400.0,1.0,150.99547180175782,1056768
517,1058816,946.944300848374,2923,-0.0004076029290445149,2.7431439384818077,0.6019124556332827,0.003930602135369554,0.04296875,0.9793550372123718,62.63419857621193,32.0,0.0,41.06,41.06,0.0,0.0,400.0,1.0,150.41496963500975,1058816
518,1060864,946.8715766449533,2928,0.002411855530226603,4.269052550196648,0.5873118061572313,0.010281468763423618,0.1240234375,0.9745835661888123,65.43931043148041,32.0,0.0,41.26,41.26,0.0,0.0,400.0,1.0,151.35901412963867,1060864
519,1062912,946.9751393180885,2932,-5.77341868645615e-05,4.527544829580519,0.6064185765054491,0.011822062402239276,0.107421875,0.9612462520599365,70.41538959079318,18.0,1.0,41.2,41.2,0.0,0.0,400.0,1.0,150.92189651489258,1062912
520,1064960,946.8748127305579,2937,0.0020058698573848233,4.559926509857178,0.613127026706934,0.006425159655918833,0.074951171875,0.9675807356834412,71.42604601383209,32.0,0.0,41.28,41.28,0.0,0.0,400.0,1.0,151.42039749145508,1064960
521,1067008,947.1541709491555,2944,0.021491991489061286,3.4358136313302174,0.5461272597312927,0.01960217410565487,0.15290178571428573,0.9745526313781738,76.78071321759906,7.0,1.0,40.78,40.78,0.0,0.0,400.0,1.0,149.48026634216308,1067008
522,1069056,947.1009930850892,2948,0.0006115950818639249,3.3785200342535973,0.5490920711308718,0.011757328087696806,0.1146240234375,0.9727597236633301,104.46352875232697,32.0,0.0,40.74,40.74,0.0,0.0,400.0,1.0,148.9593239593506,1069056
523,1071104,947.0676082774568,2953,-0.002894723293138668,2.70385030657053,0.5805626232177019,0.002626799680001568,0.0274658203125,0.976982831954956,83.0793142914772,32.0,0.0,40.66,40.66,0.0,0.0,400.0,1.0,148.4132610321045,1071104
524,1073152,947.0017049380982,2959,-0.002424204518320039,2.871998779475689,0.5376738896593451,0.0042832193212234415,0.0474853515625,0.9818315505981445,113.81766611337662,32.0,0.0,40.82,40.82,0.0,0.0,400.0,1.0,148.89999320983887,1073152
525,1075200,947.1162273100554,2964,0.002708426723256707,3.8764129996299745,0.5373659193515777,0.005502153967972845,0.0505859375,0.9736647605895996,147.4839262008667,20.0,1.0,40.78,40.78,0.0,0.0,400.0,1.0,148.4252611541748,1075200
526,1077248,947.0589140526606,2967,0.0001076030166586861,4.28129568696022,0.5615337025374174,0.007273291994351894,0.0787353515625,0.9725377559661865,140.49324488639832,32.0,0.0,40.78,40.78,0.0,0.0,400.0,1.0,148.35545219421385,1077248
527,1079296,946.9907811710277,2973,-0.003263656690251082,4.398344203829765,0.5647094529122114,0.005760092550190166,0.0670166015625,0.9734836220741272,75.71457096934319,32.0,0.0,41.02,41.02,0.0,0.0,400.0,1.0,149.20337669372557,1079296
528,1081344,946.908611718937,2980,0.0031248557497747242,3.4771126210689545,0.5816816166043282,0.010715225500462111,0.1365966796875,0.9795401692390442,89.41856795549393,32.0,0.0,40.56,40.56,0.0,0.0,400.0,1.0,147.46055793762207,1081344
529,1083392,947.1398741847083,2983,0.00010294384426540798,4.649668561087714,0.5915079580412971,0.017455160928269226,0.1362847222222222,0.964333176612854,98.79702822367351,9.0,1.0,40.52,40.52,0.0,0.0,400.0,1.0,147.31871376037597,1083392
530,1085440,947.0409331097974,2989,-0.001673290113103576,5.835706785321236,0.5706868059933186,0.005185559763049241,0.0537109375,0.9729839563369751,81.90186434984207,32.0,0.0,40.06,40.06,0.0,0.0,400.0,1.0,145.50553688049317,1085440
531,1087488,946.980439731081,2995,-0.0025238204543711618,6.218519419431686,0.5786868166178465,0.006031733559211716,0.072265625,0.9670894145965576,115.84934437274933,32.0,0.0,40.7,40.7,0.0,0.0,400.0,1.0,148.10934539794923,1087488
532,1089536,946.9084692605994,2998,-0.0004194750072201714,6.42683120071888,0.5359608419239521,0.0024302100646309555,0.0255126953125,0.9442722797393799,86.04781019687653,32.0,0.0,40.52,40.52,0.0,0.0,400.0,1.0,147.40771728515625,1089536
533,1091584,946.8497794528132,3005,-0.0008104984299279749,6.816364824771881,0.5633691027760506,0.007459981512511149,0.0833740234375,0.9620818495750427,64.88777726888657,32.0,0.0,39.32,39.32,0.0,0.0,400.0,1.0,143.26594078063965,1091584
534,1093632,946.755492488796,3010,0.0006433550151996315,3.73595829308033,0.5673925820738077,0.009341651879367419,0.1085205078125,0.9750464558601379,83.31590962409973,32.0,0.0,39.42,39.42,0.0,0.0,400.0,1.0,143.79053886413575,1093632
535,1095680,946.9577781230053,3013,0.00767509825527668,3.355054633957999,0.5648159342152732,0.01070213773553925,0.10881696428571429,0.971369206905365,84.74331835338047,14.0,1.0,39.42,39.42,0.0,0.0,400.0,1.0,143.90597373962402,1095680
536,1097728,946.9255620440955,3021,-0.0022258331009652466,2.694136381149292,0.5058536557480693,0.0036436892187339254,0.041015625,0.9862542152404785,81.33924996852875,32.0,0.0,39.0,39.0,0.0,0.0,400.0,1.0,142.23598335266112,1097728
537,1099776,946.8705244784983,3025,-0.0009691770828794688,2.768532581627369,0.5028187334537506,0.007774136574880686,0.0859375,0.9855320453643799,98.25392830371857,32.0,0.0,39.46,39.46,0.0,0.0,400.0,1.0,143.97826972961425,1099776
538,1101824,946.7926205515597,3028,0.0011300912301521748,2.5375848077237606,0.5067988904193044,0.007746584873530082,0.092041015625,0.9781513810157776,102.72615963220596,32.0,0.0,39.58,39.58,0.0,0.0,400.0,1.0,144.53457130432128,1101824
539,1103872,946.742397602522,3036,-0.0035661324072862044,2.9098373502492905,0.5263234339654446,0.005470952106406912,0.0587158203125,0.9850630760192871,88.39730882644653,32.0,0.0,39.56,39.56,0.0,0.0,400.0,1.0,144.53023933410645,1103872
540,1105920,946.7156426738541,3041,-0.0009460433211643249,3.7293170392513275,0.516988012008369,0.003077057503105607,0.0355224609375,0.9809934496879578,116.39423859119415,32.0,0.0,40.1,40.1,0.0,0.0,400.0,1.0,146.5825415802002,1105920
541,1107968,946.6782397256504,3044,0.000594053155509755,4.037567034363747,0.49838336557149887,0.006529407030029688,0.080322265625,0.9710634350776672,84.40730911493301,32.0,0.0,40.32,40.32,0.0,0.0,400.0,1.0,147.52536293029786,1107968
542,1110016,946.6373220071832,3051,-0.0012300265225348994,4.409248441457748,0.5872545689344406,0.0036391159082995728,0.04736328125,0.9758623838424683,158.52686113119125,32.0,0.0,40.22,40.22,0.0,0.0,400.0,1.0,147.29232414245607,1110016
543,1112064,946.5869665857799,3056,0.0005733270809287205,3.378583386540413,0.5108630629256368,0.007478684805391822,0.075927734375,0.9803985953330994,62.6192629635334,32.0,0.0,41.24,41.24,0.0,0.0,400.0,1.0,150.7248356628418,1112064
544,1114112,946.6061025795595,3060,-0.0023107109300326556,4.020880967378616,0.52703464217484,0.011756143525417428,0.13525390625,0.9733830690383911,74.34296572208405,32.0,0.0,41.22,41.22,0.0,0.0,400.0,1.0,150.59314498901367,1114112
545,1116160,946.6046672055239,3065,0.00474137396668084,3.997211180627346,0.5442505348473787,0.010037712039775215,0.0892333984375,0.9731177091598511,53.64126059412956,32.0,0.0,41.44,41.44,0.0,0.0,400.0,1.0,151.5309700012207,1116160
546,1118208,946.5892355562985,3072,0.00392750883474946,5.832629844546318,0.4708284828811884,0.007324856655031908,0.069091796875,0.969828724861145,101.8998938202858,32.0,0.0,40.94,40.94,0.0,0.0,400.0,1.0,150.045962600708,1118208
547,1120256,946.5702651326112,3076,-0.0011184769682586193,2.7874143198132515,0.4948582099750638,0.005522054816538002,0.0645751953125,0.9804975390434265,79.54539155960083,32.0,0.0,41.0,41.0,0.0,0.0,400.0,1.0,150.17721870422363,1120256
548,1122304,946.5096518802766,3081,0.0021644233784172684,2.8061314448714256,0.5347781404852867,0.006599439249839634,0.0743408203125,0.9777951836585999,85.85960468649864,32.0,0.0,41.08,41.08,0.0,0.0,400.0,1.0,150.8323752593994,1122304
549,1124352,946.4646400007314,3087,-0.0006064332264941186,5.672753989696503,0.5015147114172578,0.01311332995101111,0.1439208984375,0.9706286787986755,75.5209247469902,32.0,0.0,41.2,41.2,0.0,0.0,400.0,1.0,151.1679953765869,1124352
550,1126400,946.4259452586873,3092,0.0009912991954479367,5.623639345169067,0.5049815597012639,0.00889600771915866,0.1016845703125,0.9700415134429932,118.95273101329803,32.0,0.0,40.96,40.96,0.0,0.0,400.0,1.0,150.21621894836426,1126400
551,1128448,946.3068442072114,3095,0.0014754225849173963,5.812067165970802,0.5811524726450443,0.009610558889107779,0.1226806640625,0.9528229832649231,84.03971707820892,32.0,0.0,40.42,40.42,0.0,0.0,400.0,1.0,148.2562982940674,1128448
552,1130496,946.5696049023591,3101,0.012418320535549096,4.282446384429932,0.5296596118382045,0.014399504488600152,0.12667410714285715,0.9767922759056091,173.20954077584403,7.0,1.0,39.74,39.74,0.0,0.0,400.0,1.0,145.52179763793944,1130496
553,1132544,946.482190570449,3108,0.0011501973058329895,4.291358202695847,0.4993010452017188,0.009233985532773659,0.1007080078125,0.9729054570198059,93.86285495758057,32.0,0.0,40.0,40.0,0.0,0.0,400.0,1.0,146.41092651367188,1132544
554,1134592,946.3875669513785,3111,-0.0036017275415360928,2.9055407345294952,0.5729866363108158,0.005032444358221255,0.0615234375,0.9768277406692505,70.95603007078171,32.0,0.0,39.72,39.72,0.0,0.0,400.0,1.0,145.40001129150392,1134592
555,1136640,946.369989249818,3117,0.0018701708904700354,5.644729360938072,0.5825743936002254,0.007908886727818754,0.0830078125,0.9742854833602905,63.800072222948074,32.0,0.0,39.44,39.44,0.0,0.0,400.0,1.0,144.1482717895508,1136640
556,1138688,946.3150670698473,3123,-0.0023471595195587724,4.203018553555012,0.5131412260234356,0.008075106154137757,0.099365234375,0.9807107448577881,85.00147241353989,32.0,0.0,40.18,40.18,0.0,0.0,400.0,1.0,146.3366597747803,1138688
557,1140736,946.2661809826324,3126,0.0052537303999997675,4.326492458581924,0.5147684095427394,0.009096528410736937,0.10595703125,0.9709955453872681,41.68330800533295,32.0,0.0,40.32,40.32,0.0,0.0,400.0,1.0,146.82788414001465,1140736
558,1142784,946.6938723896229,3133,0.01625189296901226,4.555915355682373,0.5253870129585266,0.014071602979674936,0.15234375,0.9749438762664795,131.4974479675293,5.0,1.0,40.22,40.22,0.0,0.0,400.0,1.0,146.0804012298584,1142784
559,1144832,946.6639571672365,3138,0.001597053575096652,4.366430945694447,0.5273566003888845,0.009759376516740303,0.11376953125,0.9704232215881348,64.08633372187614,32.0,0.0,39.38,39.38,0.0,0.0,400.0,1.0,143.20538635253905,1144832
560,1146880,946.5970693689474,3141,0.00020863131794612855,2.8907687216997147,0.49676798935979605,0.0064739666631794535,0.0748291015625,0.9801999926567078,130.28030449151993,32.0,0.0,39.38,39.38,0.0,0.0,400.0,1.0,143.2314596557617,1146880
561,1148928,946.4596962384079,3149,0.004103998493519612,2.50607168674469,0.5357326352968812,0.00937427241296973,0.114990234375,0.988627016544342,50.20608380436897,32.0,0.0,40.72,40.72,0.0,0.0,400.0,1.0,148.0373575592041,1148928
562,1150976,946.4002402703892,3153,-0.0017717254959279671,3.6700469106435776,0.4904799163341522,0.004009490454336628,0.04248046875,0.978661835193634,108.64263927936554,32.0,0.0,41.04,41.04,0.0,0.0,400.0,1.0,149.46192359924316,1150976
563,1153024,946.3296440510733,3156,-0.0010818732844199985,4.908286027610302,0.5274031804874539,0.005483552551595494,0.0712890625,0.9710850715637207,115.7962219119072,32.0,0.0,40.98,40.98,0.0,0.0,400.0,1.0,149.2147010040283,1153024
564,1155072,946.2342357674628,3164,-1.5935103874653578e-05,3.3705207258462906,0.5224368739873171,0.005091568986244965,0.065673828125,0.9823455810546875,126.7713720202446,32.0,0.0,41.44,41.44,0.0,0.0,400.0,1.0,150.85365699768067,1155072
565,1157120,946.1752235178088,3169,-0.00038493059400934726,4.517238765954971,0.5310471188277006,0.00963516226329375,0.1024169921875,0.9721590280532837,107.24303412437439,32.0,0.0,41.32,41.32,0.0,0.0,400.0,1.0,150.47606956481934,1157120
566,1159168,946.1433576787423,3172,0.0012612257851287723,3.111580729484558,0.5580566674470901,0.004279185908671934,0.05322265625,0.9713096022605896,89.6778966486454,32.0,0.0,41.26,41.26,0.0,0.0,400.0,1.0,150.50850761413574,1159168
567,1161216,946.0599420854279,3179,-0.0005762340733781457,2.5900221168994904,0.5408089486882091,0.005392973733250983,0.0640869140625,0.9847038984298706,77.2376999258995,32.0,0.0,40.94,40.94,0.0,0.0,400.0,1.0,149.47246040344237,1161216
568,1163264,946.0329510382521,3184,-0.0014467808359768242,4.799987755715847,0.505045685917139,0.005481299158418551,0.0682373046875,0.9725616574287415,81.28686130046844,32.0,0.0,41.06,41.06,0.0,0.0,400.0,1.0,150.0724555206299,1163264
569,1165312,946.0340102712355,3188,0.004656630499219453,4.453447836416739,0.49512841524901213,0.006221306104971854,0.06712962962962964,0.9679652452468872,60.17157339166712,27.0,1.0,41.8,41.8,0.0,0.0,400.0,1.0,152.5105239868164,1165312
570,1167360,945.967122033568,3193,-0.0038176235393621027,2.8671907112002373,0.5410408172756433,0.007343074117670767,0.0887451171875,0.9800652861595154,95.30613309144974,32.0,0.0,41.78,41.78,0.0,0.0,400.0,1.0,152.39664901733397,1167360
571,1169408,945.9031882900945,3200,-0.0012747658474836498,5.168542370200157,0.5068103075027466,0.005105249336338602,0.0692138671875,0.9683833718299866,86.50907957553864,32.0,0.0,41.38,41.38,0.0,0.0,400.0,1.0,151.07175918579102,1169408
572,1171456,946.2198913623646,3204,-0.004307589214295149,5.5817039012908936,0.5863465368747711,0.00723047589417547,0.0703125,0.9668904542922974,96.5890516281128,10.0,1.0,41.14,41.14,0.0,0.0,400.0,1.0,150.21546371459962,1171456
573,1173504,946.1362191194448,3209,-0.002100570374750532,5.682708844542503,0.5363752208650112,0.007237591176817659,0.09423828125,0.9586085081100464,148.36971735954285,32.0,0.0,40.66,40.66,0.0,0.0,400.0,1.0,148.78854431152342,1173504
574,1175552,946.1250725371468,3215,-0.005808814908959903,5.205022066831589,0.5231830989941955,0.006500087270978838,0.0831298828125,0.9700965285301208,77.9115618467331,32.0,0.0,40.46,40.46,0.0,0.0,400.0,1.0,147.95748153686523,1175552
575,1177600,946.1035542053005,3220,-0.002042160980636254,2.5621760115027428,0.5077322768047452,0.010063427631394006,0.1185302734375,0.9814049601554871,41.07031947374344,32.0,0.0,40.4,40.4,0.0,0.0,400.0,1.0,147.84017807006836,1177600
576,1179648,946.0732234424187,3223,-0.002457402864820324,2.7266430482268333,0.5179428681731224,0.003895707952324301,0.0511474609375,0.9795268774032593,146.88803708553314,32.0,0.0,40.36,40.36,0.0,0.0,400.0,1.0,147.68323867797852,1179648
577,1181696,946.0410106044271,3229,-0.0029977913945913315,3.5714501217007637,0.4579448401927948,0.0030137999638100155,0.035888671875,0.9817679524421692,156.58960473537445,32.0,0.0,40.78,40.78,0.0,0.0,400.0,1.0,149.28647369384765,1181696
578,1183744,946.0409756548183,3236,0.001344751231954433,2.7969435453414917,0.4737677061930299,0.005001101759262383,0.0567626953125,0.983220636844635,138.84268540143967,32.0,0.0,40.62,40.62,0.0,0.0,400.0,1.0,148.5887023925781,1183744
579,1185792,945.9957935464765,3239,-0.001552904985146597,2.855667933821678,0.5217706579715014,0.005075945409771521,0.067626953125,0.9807036519050598,134.35711532831192,32.0,0.0,40.78,40.78,0.0,0.0,400.0,1.0,149.32095397949217,1185792
580,1187840,945.988512365017,3245,-0.0028595296462299302,3.194572292268276,0.5216934476047754,0.007025796243397053,0.0919189453125,0.9841795563697815,69.5048166513443,32.0,0.0,41.24,41.24,0.0,0.0,400.0,1.0,151.07731094360352,1187840
581,1189888,945.9687410313521,3251,-0.0018837621610146016,2.9157382175326347,0.5148358708247542,0.007924401354102883,0.1043701171875,0.9843341708183289,74.65107327699661,32.0,0.0,41.38,41.38,0.0,0.0,400.0,1.0,151.27758712768554,1189888
582,1191936,946.0591998657756,3254,0.0023424604635996125,2.7798869609832764,0.4765292890369892,0.008431092040458074,0.09619140625,0.9732875823974609,57.87449709574381,24.0,1.0,41.54,41.54,0.0,0.0,400.0,1.0,151.7239762878418,1191936
583,1193984,946.0189800074688,3261,0.0031261634576367214,5.554091066122055,0.46839177142828703,0.007317271032661665,0.0792236328125,0.9715105891227722,79.34244579076767,32.0,0.0,42.26,42.26,0.0,0.0,400.0,1.0,154.23520767211915,1193984
584,1196032,945.9663231674601,3266,0.0019295401289127767,5.186157941818237,0.5267015229910612,0.006942850006453227,0.0908203125,0.9620512127876282,135.2917616069317,32.0,0.0,42.6,42.6,0.0,0.0,400.0,1.0,155.6212957763672,1196032
585,1198080,945.8745393494466,3269,-0.0010872007842408493,5.008343145251274,0.5164075018838048,0.005846170672157314,0.0762939453125,0.9562907218933105,98.52745012938976,32.0,0.0,41.98,41.98,0.0,0.0,400.0,1.0,153.43106964111328,1198080
586,1200128,945.7887085343456,3277,-0.004327961316448636,3.791823834180832,0.49163531325757504,0.004217003035591915,0.0511474609375,0.9824696779251099,87.7695224583149,32.0,0.0,42.32,42.32,0.0,0.0,400.0,1.0,154.4870590209961,1200128
587,1202176,945.5303671499167,3281,0.0007670931906128923,3.9939421117305756,0.4930509626865387,0.008219669029737512,0.07975260416666667,0.969182550907135,77.56343775987625,24.0,1.0,42.62,42.62,0.0,0.0,400.0,1.0,155.65286315917967,1202176
588,1204224,945.2567958082103,3284,-0.001991060811893216,3.692911216190883,0.518571033009461,0.007062494979306523,0.07896205357142858,0.9677906632423401,51.661024059568135,28.0,1.0,42.68,42.68,0.0,0.0,400.0,1.0,155.8894778442383,1204224
589,1206272,945.2587245371437,3292,-0.0024949412618298084,2.545259229838848,0.5481470795348287,0.0060391490696929395,0.073974609375,0.9861230850219727,43.7074191570282,32.0,0.0,42.32,42.32,0.0,0.0,400.0,1.0,154.73374710083007,1206272
590,1208320,945.7022430309631,3297,0.0012992604014774164,2.552481023470561,0.4078098624944687,0.009065278518634538,0.09244791666666667,0.981677770614624,65.4956561088562,30.0,1.0,41.94,41.94,0.0,0.0,400.0,1.0,153.52650833129883,1208320
591,1210368,946.1522717693555,3300,-0.0016894199361559004,2.9567398726940155,0.4827140672132373,0.0042937487523886375,0.0540771484375,0.9793891310691833,86.28452831506729,32.0,0.0,42.12,42.12,0.0,0.0,400.0,1.0,154.26264297485352,1210368
592,1212416,946.6376513645007,3307,-0.001682597488979809,4.312779575586319,0.5597594827413559,0.007555108444648795,0.0947265625,0.9796241521835327,110.21444380283356,32.0,0.0,42.4,42.4,0.0,0.0,400.0,1.0,155.48575027465822,1212416
593,1214464,947.0481694457617,3312,-0.0034139796771341935,3.481689304113388,0.5857394877821207,0.004824538664252032,0.0576171875,0.9809596538543701,73.85468679666519,32.0,0.0,42.54,42.54,0.0,0.0,400.0,1.0,155.83661666870117,1214464
594,1216512,947.6438261998753,3316,0.004938141365225117,3.028496185938517,0.5245807965596517,0.008872585371136665,0.09147135416666667,0.9752521514892578,85.80625216166179,12.0,1.0,42.24,42.24,0.0,0.0,400.0,1.0,154.84215347290038,1216512
595,1218560,947.7226167707714,3321,-0.002643087223987095,2.7781253159046173,0.5481212958693504,0.006307849042059388,0.0714111328125,0.9773313999176025,41.62226194143295,32.0,0.0,42.86,42.86,0.0,0.0,400.0,1.0,157.05653549194335,1218560
596,1220608,948.0474781408641,3328,-0.004582969966577366,3.504333384335041,0.5385872088372707,0.0062214829595177434,0.07177734375,0.9812385439872742,82.70175912976265,32.0,0.0,42.64,42.64,0.0,0.0,400.0,1.0,156.0683103942871,1220608
597,1222656,948.199498797408,3332,-0.0016188466106541455,3.867343209683895,0.5214857906103134,0.0057866161732818,0.0830078125,0.9711888432502747,104.63191455602646,32.0,0.0,42.6,42.6,0.0,0.0,400.0,1.0,155.967589263916,1222656
598,1224704,948.2462418925036,3337,0.003150318516418338,3.3290875777602196,0.554820291697979,0.009265770720958244,0.1177978515625,0.9764933586120605,67.40724894404411,32.0,0.0,42.82,42.82,0.0,0.0,400.0,1.0,156.62525497436525,1224704
599,1226752,948.2660574305924,3343,-0.003071469021961093,3.480012595653534,0.5251084743067622,0.007816142722731456,0.102294921875,0.9814214110374451,69.9683313369751,32.0,0.0,42.56,42.56,0.0,0.0,400.0,1.0,155.678193359375,1226752
600,1228800,948.3491848588166,3348,0.0009708165016490966,4.531134657561779,0.5161032620817423,0.004714058566605672,0.0577392578125,0.9631766676902771,78.83973670005798,32.0,0.0,42.76,42.76,0.0,0.0,400.0,1.0,156.3374752807617,1228800
601,1230848,948.236387733794,3351,-0.003215591743355617,3.88201791793108,0.5524289198219776,0.006631171010667458,0.0838623046875,0.9664121866226196,89.61961817741394,32.0,0.0,42.7,42.7,0.0,0.0,400.0,1.0,156.20624908447266,1230848
602,1232896,948.2739344998946,3357,-4.451014683581889e-05,3.0359403416514397,0.46173931658267975,0.006584412367374171,0.0789794921875,0.9834964275360107,49.08069843053818,32.0,0.0,41.82,41.82,0.0,0.0,400.0,1.0,153.0233716583252,1232896
603,1234944,948.2554413066007,3364,0.00284107169136405,2.6000239700078964,0.4613435845822096,0.007122547322069295,0.0816650390625,0.985887885093689,71.06667336821556,32.0,0.0,42.02,42.02,0.0,0.0,400.0,1.0,153.74753089904786,1234944
604,1236992,948.2223898612052,3367,-0.0037536507443292066,2.166722558438778,0.4984179139137268,0.004721424447780009,0.0615234375,0.9823904037475586,94.24795985221863,32.0,0.0,41.98,41.98,0.0,0.0,400.0,1.0,153.42751960754396,1236992
605,1239040,948.1918861429143,3373,-0.0016567147977184504,3.267194554209709,0.48799931071698666,0.005409523859270848,0.068115234375,0.9843696355819702,53.99868305027485,32.0,0.0,42.1,42.1,0.0,0.0,400.0,1.0,154.37386726379395,1239040
606,1241088,948.4908948363278,3379,0.009111239441803523,2.8160670144217357,0.5076651445456913,0.012167440860399179,0.11607142857142858,0.980615496635437,41.71851001467024,7.0,1.0,42.24,42.24,0.0,0.0,400.0,1.0,154.987173538208,1241088
607,1243136,948.4623410617351,3382,0.00012979062739759684,4.310491062700748,0.5536438245326281,0.006896463062730618,0.083984375,0.9707173109054565,122.84419393539429,32.0,0.0,42.14,42.14,0.0,0.0,400.0,1.0,154.3704972076416,1243136
608,1245184,948.4431718063086,3389,-0.0017509733443148434,3.6972425878047943,0.5291822012513876,0.002946076579974033,0.0382080078125,0.9817532300949097,123.13347750902176,32.0,0.0,42.4,42.4,0.0,0.0,400.0,1.0,155.4673755645752,1245184
609,1247232,948.4330472571158,3394,0.001668690296355635,2.385561056435108,0.4528426108881831,0.00921435723284958,0.0938720703125,0.9845738410949707,55.90935881435871,32.0,0.0,42.04,42.04,0.0,0.0,400.0,1.0,154.10976066589356,1247232
610,1249280,948.47201890194,3397,0.0013688735489267856,2.7103298157453537,0.49790518172085285,0.015022581086668652,0.137451171875,0.982379674911499,55.59995925426483,32.0,0.0,42.04,42.04,0.0,0.0,400.0,1.0,154.09216209411622,1249280
611,1251328,948.4212084406386,3405,0.0005837983189849183,2.9213898852467537,0.4735225774347782,0.0072571553682792,0.076904296875,0.9868580102920532,89.19690650701523,32.0,0.0,42.56,42.56,0.0,0.0,400.0,1.0,155.77012283325195,1251328
612,1253376,948.5258349328446,3409,0.0056134511530399325,3.249115982055664,0.4493246531486511,0.013960702614858746,0.11875,0.9817199110984802,43.63898910522461,25.0,1.0,42.72,42.72,0.0,0.0,400.0,1.0,156.53709701538085,1253376
613,1255424,948.4807639294062,3412,0.002316998019523453,4.121173702180386,0.5031371442601085,0.01090185727662174,0.1058349609375,0.9733622074127197,68.2765992730856,32.0,0.0,42.74,42.74,0.0,0.0,400.0,1.0,156.610860748291,1255424
614,1257472,948.4320803073542,3420,-0.003254619732615538,4.520752690732479,0.5039653023704886,0.004212319930957165,0.0477294921875,0.9787700176239014,84.81979668140411,32.0,0.0,42.38,42.38,0.0,0.0,400.0,1.0,155.33079162597656,1257472
615,1259520,948.3760702889278,3425,-0.002859049040125683,2.9424501210451126,0.4853033544495702,0.006831321712525096,0.0799560546875,0.9839463829994202,61.1259263753891,32.0,0.0,42.42,42.42,0.0,0.0,400.0,1.0,155.49078369140625,1259520
616,1261568,948.3269714222885,3428,4.216528031975031e-05,2.576088584959507,0.46333140414208174,0.006170019449200481,0.0655517578125,0.9832321405410767,83.48909130692482,32.0,0.0,42.0,42.0,0.0,0.0,400.0,1.0,154.14875747680665,1261568
617,1263616,948.2883933300947,3435,-0.006975985466851853,2.5049605667591095,0.47933333553373814,0.0037877759968978353,0.0467529296875,0.9832015037536621,71.30135041475296,32.0,0.0,41.86,41.86,0.0,0.0,400.0,1.0,153.60698440551758,1263616
618,1265664,948.2702005342403,3440,-0.0013740223075728863,3.0981801077723503,0.49576323200017214,0.005685255317075644,0.065673828125,0.9853399395942688,67.27467969059944,32.0,0.0,42.22,42.22,0.0,0.0,400.0,1.0,154.8003956604004,1265664
619,1267712,948.251843289233,3444,-0.002476178255164996,3.023049905896187,0.4765532221645117,0.0033764393810997717,0.041748046875,0.9793447256088257,106.43900394439697,32.0,0.0,42.68,42.68,0.0,0.0,400.0,1.0,156.66396575927735,1267712
620,1269760,948.223905698381,3449,-0.004504536875174381,2.9247288554906845,0.548543056473136,0.00548944465117529,0.0640869140625,0.9823594689369202,68.81121373176575,32.0,0.0,42.76,42.76,0.0,0.0,400.0,1.0,156.85185699462892,1269760
621,1271808,948.1528008812318,3456,-0.0014367539261002094,3.659276559948921,0.5221498664468527,0.003273441041528713,0.0391845703125,0.9820567965507507,117.95231702923775,32.0,0.0,42.92,42.92,0.0,0.0,400.0,1.0,157.37512084960937,1271808
622,1273856,948.1273569716617,3460,-0.004690473724622279,4.086122892796993,0.44922663923352957,0.004967667358869221,0.053955078125,0.9727064967155457,61.52523612976074,32.0,0.0,42.68,42.68,0.0,0.0,400.0,1.0,156.32135864257813,1273856
623,1275904,948.1829123429096,3465,-0.0003891121596097946,2.7414427250623703,0.5251558311283588,0.006904528789164033,0.081298828125,0.9793805480003357,66.4625224173069,32.0,0.0,42.62,42.62,0.0,0.0,400.0,1.0,156.04393493652344,1275904
624,1277952,948.1173687259111,3471,-0.0012383837311062962,3.0970349460840225,0.5030303252860904,0.004514650347118732,0.054931640625,0.9844373464584351,77.98097288608551,32.0,0.0,42.58,42.58,0.0,0.0,400.0,1.0,155.83233123779297,1277952
625,1280000,948.1309951667602,3476,-0.0015964629710651934,3.0064871832728386,0.4550742879509926,0.0019071177302976139,0.0203857421875,0.9813795685768127,109.14416027069092,32.0,0.0,42.56,42.56,0.0,0.0,400.0,1.0,155.56569213867186,1280000
626,1282048,948.2120853458534,3479,-0.0023235109547385946,1.8758161924779415,0.46567555516958237,0.004300279513699934,0.0455322265625,0.9852088689804077,66.92295110225677,32.0,0.0,42.94,42.94,0.0,0.0,400.0,1.0,156.84820358276366,1282048
627,1284096,948.2565935467675,3485,0.0025381976302014664,2.9146374836564064,0.45590789429843426,0.008207822422264144,0.0947265625,0.9866910576820374,55.61692890524864,32.0,0.0,43.02,43.02,0.0,0.0,400.0,1.0,157.3508674621582,1284096
628,1286144,948.2424651819903,3492,-0.0036686971288872883,3.7156442627310753,0.4376249425113201,0.006138106509752106,0.07958984375,0.9790605306625366,69.12582293152809,32.0,0.0,43.0,43.0,0.0,0.0,400.0,1.0,157.57262283325196,1286144
629,1288192,948.2284620714987,3495,-0.0011678675364237279,2.7084929198026657,0.5187817113474011,0.005717222040402703,0.0716552734375,0.9835132360458374,51.80208885669708,32.0,0.0,43.04,43.04,0.0,0.0,400.0,1.0,157.88276138305665,1288192
630,1290240,948.1996678432843,3501,0.00026842448278330266,3.3009929805994034,0.4622844895347953,0.005432880701846443,0.0589599609375,0.9839083552360535,111.88629651069641,32.0,0.0,43.18,43.18,0.0,0.0,400.0,1.0,158.5940577697754,1290240
631,1292288,948.1947680797417,3507,0.0012004561722278595,3.9805397614836693,0.517848682589829,0.008427331740676891,0.0986328125,0.9790007472038269,59.73587507009506,32.0,0.0,43.04,43.04,0.0,0.0,400.0,1.0,158.0982356262207,1292288
632,1294336,948.1935557783195,3510,-0.0022671808837912977,4.3207337856292725,0.49528407771140337,0.008062411106948275,0.105712890625,0.965438961982727,83.61732104420662,32.0,0.0,43.38,43.38,0.0,0.0,400.0,1.0,159.55974166870118,1294336
633,1296384,948.2030289982699,3517,-0.002054386175586842,3.4458739832043648,0.48760970309376717,0.004015559963590931,0.047607421875,0.9850508570671082,68.82810208201408,32.0,0.0,42.44,42.44,0.0,0.0,400.0,1.0,156.00295776367187,1296384
634,1298432,948.2209774047343,3522,0.0007707125623710454,2.9481813460588455,0.456428368575871,0.005542111975955777,0.0635986328125,0.9846495389938354,83.65451636910439,32.0,0.0,43.2,43.2,0.0,0.0,400.0,1.0,158.82350051879882,1298432
635,1300480,948.3670106487479,3525,0.003907041088677943,2.8129738450050352,0.44872875362634657,0.007198912266176194,0.063671875,0.9776566624641418,76.80643606185913,20.0,1.0,43.4,43.4,0.0,0.0,400.0,1.0,159.75477188110352,1300480
636,1302528,948.3832869993917,3533,-0.0016846461221575737,2.477952480316162,0.49458051938563585,0.005499325365235563,0.056640625,0.9881203770637512,44.62606617808342,32.0,0.0,43.58,43.58,0.0,0.0,400.0,1.0,160.22747604370116,1302528
637,1304576,948.3593929028501,3537,-0.0020803524676011875,2.0626638866961002,0.4455715427175164,0.006880945700686425,0.0692138671875,0.9882023930549622,104.97925448417664,32.0,0.0,43.54,43.54,0.0,0.0,400.0,1.0,159.79276596069337,1304576
638,1306624,948.3300158841128,3540,-0.0023211297520902008,2.514234609901905,0.480782519094646,0.004117170334211551,0.0526123046875,0.9834733009338379,106.03971073031425,32.0,0.0,43.54,43.54,0.0,0.0,400.0,1.0,159.58797622680663,1306624
639,1308672,948.5943782718141,3548,0.004069662963350614,1.9256421724955242,0.49858278036117554,0.01023965294007212,0.1015625,0.9890277981758118,50.495466232299805,6.0,1.0,43.24,43.24,0.0,0.0,400.0,1.0,158.1670216369629,1308672
640,1310720,948.5731748358238,3553,-0.0033421135449316353,3.1257008388638496,0.4278711564838886,0.0035617945904959925,0.0389404296875,0.9855495691299438,66.02578514814377,32.0,0.0,43.16,43.16,0.0,0.0,400.0,1.0,157.89237014770507,1310720
641,1312768,948.5629343526396,3556,-0.0009722256363602355,2.5125434435904026,0.46782325208187103,0.002909063950937707,0.0330810546875,0.982943594455719,98.55441981554031,32.0,0.0,43.18,43.18,0.0,0.0,400.0,1.0,157.80439102172852,1312768
642,1314816,948.528888878677,3563,0.001066537428414449,1.6739156283438206,0.525715890340507,0.009586243373632897,0.099365234375,0.9896324276924133,63.927966475486755,32.0,0.0,43.8,43.8,0.0,0.0,400.0,1.0,160.28516036987304,1314816
643,1316864,948.4507474816558,3568,0.0007674735170439817,2.3237007297575474,0.4349018922075629,0.00506225506978808,0.0604248046875,0.987718939781189,126.07903277873993,32.0,0.0,44.1,44.1,0.0,0.0,400.0,1.0,161.23106536865234,1316864
644,1318912,948.4178926980364,3572,9.996359585784376e-05,2.8078490421175957,0.4196739038452506,0.005565396000747569,0.0628662109375,0.9817634224891663,78.18704609572887,32.0,0.0,43.9,43.9,0.0,0.0,400.0,1.0,160.60261169433593,1318912
645,1320960,948.3444382278832,3577,-0.002108498512825463,2.5873190090060234,0.5036033848300576,0.008050852971791755,0.089111328125,0.9857165813446045,77.89488877356052,32.0,0.0,44.04,44.04,0.0,0.0,400.0,1.0,161.1406964111328,1320960
646,1323008,948.2719337882291,3584,0.0005457187508000061,2.4939588122069836,0.4552474180236459,0.007339735879213549,0.0718994140625,0.9904094338417053,67.37234997749329,32.0,0.0,43.76,43.76,0.0,0.0,400.0,1.0,160.32548034667968,1323008
647,1325056,948.252897230935,3588,0.0006736544089327598,2.743787091353844,0.4554686340792426,0.006256455370899418,0.059267241379310345,0.9836453795433044,113.23193343754473,29.0,1.0,43.68,43.68,0.0,0.0,400.0,1.0,160.10813537597656,1325056
648,1327104,948.2389524661525,3593,0.0012346497138163873,2.2138097754546573,0.5039611948387963,0.009765306105171996,0.08775111607142858,0.9858007431030273,49.532488993235994,28.0,1.0,43.96,43.96,0.0,0.0,400.0,1.0,160.95940399169922,1327104
649,1329152,948.4103086100316,3599,0.0035283716587240204,4.967213798971737,0.49844769519918103,0.008296300383175121,0.08203125,0.9794579148292542,86.87389727199779,17.0,1.0,44.0,44.0,0.0,0.0,400.0,1.0,161.4758166503906,1329152
650,1331200,948.4087345098877,3604,-1.4297556705199755e-05,6.372464143312895,0.45723068484893215,0.010889094994546702,0.1063701923076923,0.9697719812393188,86.8427781691918,26.0,1.0,43.92,43.92,0.0,0.0,400.0,1.0,161.0125,1331200
651,1333248,948.3192662333746,3607,-0.0015996324946172535,7.003650665283203,0.4807384219020605,0.007042581040877849,0.0694580078125,0.965419590473175,66.95421132445335,32.0,0.0,43.52,43.52,0.0,0.0,400.0,1.0,159.8586584472656,1333248
652,1335296,948.2684368935203,3613,-0.003141730645438656,3.125361666083336,0.48713718727231026,0.0058065662160515785,0.070068359375,0.9887461066246033,118.0006628036499,32.0,0.0,43.16,43.16,0.0,0.0,400.0,1.0,158.26907897949218,1335296
653,1337344,948.243860445802,3620,-0.0027570211968850344,2.3577792271971703,0.41217305697500706,0.00497080462082522,0.0596923828125,0.9880563616752625,92.6573033630848,32.0,0.0,42.94,42.94,0.0,0.0,400.0,1.0,157.71221054077148,1337344
654,1339392,948.4885880986702,3623,0.004291813510159652,2.449261612362332,0.4669051700168186,0.010307391432838308,0.10503472222222222,0.9820026755332947,41.401439136928985,9.0,1.0,42.82,42.82,0.0,0.0,400.0,1.0,157.09813705444336,1339392
655,1341440,948.4959248323671,3629,-0.0010083649831358343,2.5116738080978394,0.4250187398865819,0.006930420560820494,0.0728759765625,0.9893534183502197,39.7046982049942,32.0,0.0,42.84,42.84,0.0,0.0,400.0,1.0,157.17710006713867,1341440
656,1343488,948.497447668153,3635,0.0019746281031984836,3.8561391681432724,0.5030678221955895,0.00914836190349888,0.0963134765625,0.9797553420066833,71.85124298930168,32.0,0.0,43.02,43.02,0.0,0.0,400.0,1.0,158.09897201538087,1343488
657,1345536,948.7857468859166,3638,0.009919141046702861,3.4686231136322023,0.47613348960876467,0.012387072946876288,0.103125,0.9763467907905579,60.170141983032224,5.0,1.0,43.06,43.06,0.0,0.0,400.0,1.0,158.4621501159668,1345536
658,1347584,948.7447414453235,3645,-0.004775152818183415,2.537004128098488,0.411361082457006,0.007309754684683867,0.0706787109375,0.9884306788444519,108.67822277545929,32.0,0.0,42.62,42.62,0.0,0.0,400.0,1.0,156.99835556030274,1347584
659,1349632,948.7061009490424,3650,0.0001819436001824215,2.799345299601555,0.4497054275125265,0.006052000564523041,0.070556640625,0.9830631613731384,88.95029181241989,32.0,0.0,42.68,42.68,0.0,0.0,400.0,1.0,157.23445236206055,1349632
660,1351680,948.6743956269834,3653,0.0034322897263336927,4.416784234344959,0.4860599348321557,0.005610565305687487,0.0618896484375,0.971337080001831,84.51580864191055,32.0,0.0,42.84,42.84,0.0,0.0,400.0,1.0,158.08785751342774,1351680
661,1353728,948.9493027975142,3661,0.0027019110109124866,4.349636656897409,0.49107980728149414,0.010792176837899856,0.09821428571428571,0.9820892214775085,168.95223345075334,7.0,1.0,43.66,43.66,0.0,0.0,400.0,1.0,161.27008193969726,1353728
662,1355776,948.9594820371007,3665,-0.0018359224341111258,2.5197023451328278,0.45143743604421616,0.005246505439572502,0.063720703125,0.9876915216445923,104.77540683746338,32.0,0.0,43.24,43.24,0.0,0.0,400.0,1.0,159.8094332885742,1355776
663,1357824,948.9192680342001,3668,-0.002456030575558543,3.073329411447048,0.4922700924798846,0.003751013704459183,0.0439453125,0.9814027547836304,137.98356330394745,32.0,0.0,43.6,43.6,0.0,0.0,400.0,1.0,161.0600358581543,1357824
664,1359872,948.888168120955,3676,-0.00380245984706562,2.4731158390641212,0.4665208477526903,0.002812918923154939,0.0364990234375,0.9884297251701355,67.75835955142975,32.0,0.0,43.5,43.5,0.0,0.0,400.0,1.0,160.50281936645507,1359872
665,1361920,948.8657652491192,3681,0.0037813817616552114,2.7094188556075096,0.4516370175406337,0.00932126054976834,0.086181640625,0.9900604486465454,83.14061427116394,32.0,0.0,43.64,43.64,0.0,0.0,400.0,1.0,160.7967448425293,1361920
666,1363968,948.7931982457978,3684,-0.0012948821968166158,2.849659249186516,0.4777684258297086,0.0026826434550457634,0.0281982421875,0.9845778942108154,110.0239930152893,32.0,0.0,43.74,43.74,0.0,0.0,400.0,1.0,161.04803817749024,1363968
667,1366016,948.7656973367733,3691,-0.0017450675077270716,2.554955504834652,0.528997890651226,0.0036221616974216886,0.03662109375,0.985771656036377,98.97832676768303,32.0,0.0,43.96,43.96,0.0,0.0,400.0,1.0,161.36226425170898,1366016
668,1368064,948.7540924049148,3696,0.005053664674051106,2.8603555038571358,0.4589078286662698,0.00755288854270475,0.0682373046875,0.9880239963531494,66.31779566407204,32.0,0.0,43.96,43.96,0.0,0.0,400.0,1.0,161.49642105102538,1368064
669,1370112,948.7836861709377,3700,0.004646860557841137,2.672788992524147,0.46909180376678705,0.008228450205933768,0.0794677734375,0.9854150414466858,87.73475357890129,32.0,0.0,43.78,43.78,0.0,0.0,400.0,1.0,160.88300582885742,1370112
670,1372160,948.794839745615,3705,0.0012715323246084154,3.2829801961779594,0.5280840313062072,0.006630630734434817,0.080322265625,0.983722448348999,98.22328791022301,32.0,0.0,43.72,43.72,0.0,0.0,400.0,1.0,160.66243362426758,1372160
671,1374208,948.7574468718896,3712,0.0022927989484742284,2.797753669321537,0.4697263054549694,0.006415179275791161,0.060546875,0.9864771962165833,112.29804900288582,32.0,0.0,44.24,44.24,0.0,0.0,400.0,1.0,162.8995883178711,1374208
672,1376256,948.7507814980579,3716,-0.0010506705148145556,2.812728278338909,0.4084613425657153,0.006232220868696459,0.0631103515625,0.9848248362541199,145.17714941501617,32.0,0.0,43.98,43.98,0.0,0.0,400.0,1.0,161.77697967529298,1376256
673,1378304,948.6814613423002,3721,-0.0035230041394243017,1.7556205950677395,0.49351929780095816,0.006978496530791745,0.0826416015625,0.9896156191825867,53.00756432116032,32.0,0.0,44.0,44.0,0.0,0.0,400.0,1.0,161.85182525634767,1378304
674,1380352,948.942317185238,3727,0.012078549596481025,3.4732949137687683,0.43142519146203995,0.01578887674259022,0.1220703125,0.9845637679100037,94.85003876686096,8.0,1.0,44.26,44.26,0.0,0.0,400.0,1.0,162.84926788330077,1380352
675,1382400,948.9179991169757,3732,-0.0006360601691994816,3.875621810555458,0.47235721349716187,0.003133180638542399,0.0399169921875,0.9805594682693481,101.7117110490799,32.0,0.0,44.42,44.42,0.0,0.0,400.0,1.0,163.4922250366211,1382400
676,1384448,948.8798695285241,3735,-0.0022055754234315827,2.6331420317292213,0.5151158217340708,0.0019038729878957383,0.0208740234375,0.9797800779342651,89.8929870724678,32.0,0.0,44.36,44.36,0.0,0.0,400.0,1.0,163.07323394775392,1384448
677,1386496,948.8458607280774,3741,-0.001322647774941288,5.3616188913583755,0.45914250519126654,0.00470059036888415,0.054443359375,0.978382408618927,98.25615918636322,32.0,0.0,43.9,43.9,0.0,0.0,400.0,1.0,161.66808380126952,1386496
678,1388544,948.8089080743703,3748,-0.0010484544764040038,8.149522334337234,0.46693440061062574,0.005485098488861695,0.0660400390625,0.9659096002578735,75.11327660083771,32.0,0.0,44.0,44.0,0.0,0.0,400.0,1.0,161.99098373413085,1388544
679,1390592,948.764256794882,3751,-0.00218361898441799,5.253700405359268,0.5036460040137172,0.0083328888649703,0.091064453125,0.9717903137207031,67.86239984631538,32.0,0.0,44.0,44.0,0.0,0.0,400.0,1.0,161.77123794555663,1390592
680,1392640,948.7699782097123,3757,0.0014000469236634672,4.352079972624779,0.4493316747248173,0.005635678484395612,0.059326171875,0.9784570336341858,127.77025485038757,32.0,0.0,43.06,43.06,0.0,0.0,400.0,1.0,158.19628896713257,1392640
681,1394688,948.6690419991997,3763,-0.000721205971785821,4.5262860134243965,0.44414498563855886,0.008069230018008966,0.0838623046875,0.9765697121620178,69.9378811120987,32.0,0.0,42.5,42.5,0.0,0.0,400.0,1.0,155.83527898788452,1394688
682,1396736,948.6311085850379,3766,-0.0011583738378249109,2.8377832919359207,0.48230935633182526,0.005009045955375768,0.0556640625,0.9807672500610352,113.07315117120743,32.0,0.0,42.74,42.74,0.0,0.0,400.0,1.0,156.71955938339232,1396736
683,1398784,948.6217323445687,3773,-0.0021149917010916397,2.350391536951065,0.45393120404332876,0.0034744171498459764,0.0355224609375,0.9894054532051086,67.84583906829357,32.0,0.0,42.36,42.36,0.0,0.0,400.0,1.0,155.22750371932983,1398784
684,1400832,948.5584950654265,3778,-0.002580720611149445,1.6453413590788841,0.41232288628816605,0.00279774573573377,0.0325927734375,0.99223792552948,93.69258171319962,32.0,0.0,42.56,42.56,0.0,0.0,400.0,1.0,156.08898931503296,1400832
685,1402880,948.4882263085907,3781,-0.002646421518875286,2.7016072496771812,0.40764826722443104,0.010195019145612605,0.0904541015625,0.9809300899505615,61.0820275247097,32.0,0.0,42.42,42.42,0.0,0.0,400.0,1.0,155.4326865196228,1402880
686,1404928,948.4698648100801,3789,0.00037953167338855565,1.9597505517303944,0.4367008972913027,0.007743485861283261,0.076904296875,0.9919638633728027,62.10936003923416,32.0,0.0,42.82,42.82,0.0,0.0,400.0,1.0,157.1813437461853,1404928
687,1406976,948.4000211569113,3793,-0.0004593697376549244,3.7718263790011406,0.4096965789794922,0.0058244109895895235,0.0601806640625,0.983608067035675,74.19038134813309,32.0,0.0,42.88,42.88,0.0,0.0,400.0,1.0,157.23289220809937,1406976
688,1409024,948.2951036060276,3796,-0.0025027420197147876,2.3663046024739742,0.40357520431280136,0.004089313879376277,0.045166015625,0.9855281114578247,72.04540699720383,32.0,0.0,43.12,43.12,0.0,0.0,400.0,1.0,158.21890768051148,1409024
689,1411072,948.2578699502778,3804,-0.0022109224228188396,2.6052548810839653,0.4582535019144416,0.004547620337689295,0.04736328125,0.9875645637512207,59.079685896635056,32.0,0.0,44.04,44.04,0.0,0.0,400.0,1.0,161.83096054077149,1411072
690,1413120,948.219983307114,3809,0.0008291752601508051,3.1369156315922737,0.4058744814246893,0.004482568183448166,0.05029296875,0.9860978126525879,84.41227978467941,32.0,0.0,44.42,44.42,0.0,0.0,400.0,1.0,163.48894760131836,1413120
691,1415168,948.1595132103581,3812,-0.002413663634797558,2.1484161093831062,0.4036748167127371,0.003194805161911063,0.0411376953125,0.9887781739234924,134.05684506893158,32.0,0.0,44.84,44.84,0.0,0.0,400.0,1.0,165.18209930419923,1415168
692,1417216,948.1056146187298,3820,-0.0013980936637381092,2.369331892579794,0.4249785114079714,0.003016016758920159,0.02685546875,0.9885348677635193,104.22595047950745,32.0,0.0,44.8,44.8,0.0,0.0,399.1,1.0,165.13493804931642,1417216
693,1419264,948.0699349517732,3824,0.0007272798102349043,4.370582826435566,0.42031086795032024,0.005034809328208212,0.0562744140625,0.984035074710846,68.57028150558472,32.0,0.0,45.2,45.2,0.0,0.0,399.1,1.0,166.82318267822265,1419264
694,1421312,948.0255783470981,3828,-0.0009481438901275396,3.4123884811997414,0.4530670838430524,0.005942287643847521,0.064453125,0.982865571975708,73.27382731437683,32.0,0.0,45.16,45.16,0.0,0.0,399.1,1.0,166.69698699951172,1421312
695,1423360,948.0209225416315,3834,-0.007121669521438889,1.8836618922650814,0.46673858258873224,0.00599646241607843,0.069580078125,0.9896805882453918,71.24065798521042,32.0,0.0,45.16,45.16,0.0,0.0,399.1,1.0,166.72404388427734,1423360
696,1425408,947.9465338505216,3840,-0.002202891482738778,1.9466774612665176,0.3707471899688244,0.003826102190942038,0.0440673828125,0.991356372833252,64.21928197145462,32.0,0.0,44.94,44.94,0.0,0.0,399.1,1.0,165.7028189086914,1425408
697,1427456,947.9159480767961,3844,-0.004228533827699721,2.53531688824296,0.3949748305603862,0.0038952077011344954,0.034912109375,0.9891178607940674,100.19403916597366,32.0,0.0,44.82,44.82,0.0,0.0,399.1,1.0,165.11789825439453,1427456
698,1429504,947.8632405112758,3849,-0.0030986459023552015,2.466554641723633,0.47205476090312004,0.003612599160987884,0.04296875,0.9842031598091125,67.67162257432938,32.0,0.0,44.84,44.84,0.0,0.0,399.1,1.0,164.80153259277344,1429504
699,1431552,947.810003131381,3855,-0.001267189538339153,3.848516345024109,0.4489038698375225,0.0074183398828608915,0.0689697265625,0.9887517690658569,68.99931880831718,32.0,0.0,45.02,45.02,0.0,0.0,399.1,1.0,165.57424346923827,1431552
700,1433600,947.8828398323875,3860,-0.0005552690770280989,2.3561108614269055,0.36134465587766545,0.00552039257691879,0.04009046052631579,0.9874242544174194,54.319432509572884,19.0,1.0,45.08,45.08,0.0,0.0,399.1,1.0,166.04189697265625,1433600
701,1435648,947.8598963772325,3863,-0.0005865563580300659,2.6621247306466103,0.4456191873177886,0.0041322486140416,0.04736328125,0.9861149787902832,78.42129248380661,32.0,0.0,45.14,45.14,0.0,0.0,399.1,1.0,166.18413452148437,1435648
702,1437696,947.8077966878218,3869,0.002365127220400609,3.4642257168889046,0.4531080713495612,0.00976490537141217,0.090576171875,0.9884994626045227,126.93765360116959,32.0,0.0,45.26,45.26,0.0,0.0,400.0,1.0,166.81221923828124,1437696
703,1439744,947.862426771666,3876,-0.0034025281381148556,2.3593485905573917,0.4631216778204991,0.011065187183423685,0.10321514423076923,0.9888068437576294,62.13198353694035,26.0,1.0,45.2,45.2,0.0,0.0,400.0,1.0,166.50768005371094,1439744
704,1441792,947.8110871453403,3879,-0.0008467936713714153,2.2739033550024033,0.4178092097863555,0.00446796167670982,0.05126953125,0.9840306043624878,72.6210326552391,32.0,0.0,45.08,45.08,0.0,0.0,400.0,1.0,166.03138916015624,1441792
705,1443840,947.751262438431,3885,0.000866119095007889,3.393938936293125,0.4262388488277793,0.004748356339405291,0.0479736328125,0.9879055023193359,125.34620496630669,32.0,0.0,45.3,45.3,0.0,0.0,400.0,1.0,166.76909576416017,1443840
706,1445888,947.9088429048049,3891,0.009618557774676727,2.6842069900952854,0.3934085414959834,0.014004285483119579,0.11298076923076923,0.9877181649208069,162.9958393390362,13.0,1.0,45.68,45.68,0.0,0.0,400.0,1.0,168.4372137451172,1445888
707,1447936,947.9147234404339,3895,-0.005303639423800632,2.2751198932528496,0.45759625639766455,0.0069376688479678705,0.07470703125,0.9866077899932861,43.32830396294594,32.0,0.0,45.86,45.86,0.0,0.0,398.3,1.0,169.32142303466796,1447936
708,1449984,947.9096785882365,3901,0.002562598529038951,2.4516066312789917,0.4121848791837692,0.007138172019040212,0.0692138671875,0.9907188415527344,47.391340002417564,32.0,0.0,45.72,45.72,0.0,0.0,398.3,1.0,168.77146057128905,1449984
709,1452032,947.8415375434491,3906,0.001376170272124,2.1876488365232944,0.3724002046510577,0.008638757120934315,0.0743408203125,0.9868186116218567,55.99726450443268,32.0,0.0,45.76,45.76,0.0,0.0,398.3,1.0,169.107373046875,1452032
710,1454080,948.043515511824,3909,0.007551249281010207,2.191408641198102,0.43219054271193114,0.012354632414986981,0.0900735294117647,0.9852030277252197,57.24232858770034,17.0,1.0,45.78,45.78,0.0,0.0,398.3,1.0,169.19896301269532,1454080
711,1456128,948.1113709199691,3917,-0.0017760360788088292,1.9812712632119656,0.41488989908248186,0.006695748452330008,0.0693359375,0.992141842842102,70.50164723396301,32.0,0.0,45.56,45.56,0.0,0.0,398.3,1.0,168.16197357177734,1456128
712,1458176,948.0873997963166,3921,0.0015043025487102568,2.571378067135811,0.3554840423166752,0.006142844089481514,0.06005859375,0.9864152669906616,86.43111535906792,32.0,0.0,45.4,45.4,0.0,0.0,398.3,1.0,167.61187896728515,1458176
713,1460224,948.0273338858116,3924,0.0017494759667897597,1.9574537575244904,0.41394134797155857,0.007688650228374172,0.075927734375,0.9899725914001465,96.78025823831558,32.0,0.0,45.42,45.42,0.0,0.0,398.3,1.0,167.9456201171875,1460224
714,1462272,947.9869207047725,3933,-0.0014020128146512434,3.415193386375904,0.4219070114195347,0.004388669702166226,0.04052734375,0.9867908358573914,46.12057161331177,32.0,0.0,45.42,45.42,0.0,0.0,398.3,1.0,168.0610415649414,1462272
715,1464320,947.9258438924337,3937,0.00035800322075374424,2.751691088080406,0.3954480104148388,0.005284174294502009,0.0570068359375,0.9862458109855652,164.07474493980408,32.0,0.0,45.64,45.64,0.0,0.0,398.3,1.0,169.09974334716796,1464320
716,1466368,947.8552243903994,3940,-0.003137625113595277,3.51079498231411,0.43107111752033234,0.003582073681172915,0.0428466796875,0.9819961190223694,147.37465834617615,32.0,0.0,45.56,45.56,0.0,0.0,398.3,1.0,168.88723724365235,1466368
717,1468416,947.8294074026156,3948,-0.0045053227368043736,3.0637215077877045,0.47644886188209057,0.004475147638004273,0.0474853515625,0.9877434968948364,112.83070540428162,32.0,0.0,45.46,45.46,0.0,0.0,400.0,1.0,168.07756713867187,1468416
718,1470464,947.7622024496465,3952,0.000579762039706111,3.095029518008232,0.41003795340657234,0.0045016353178652935,0.048095703125,0.9858235716819763,61.51376575231552,32.0,0.0,45.38,45.38,0.0,0.0,400.0,1.0,167.7074591064453,1470464
719,1472512,947.7074345632419,3956,0.0022745222377125174,3.230026923120022,0.41875721886754036,0.006765276790247299,0.066650390625,0.9849132895469666,84.50238585472107,32.0,0.0,45.46,45.46,0.0,0.0,400.0,1.0,168.19579071044922,1472512
720,1474560,947.6671103059624,3963,-0.002000930195208639,5.041980803012848,0.4588084649294615,0.008043648966122419,0.0902099609375,0.9815476536750793,71.30453678965569,32.0,0.0,45.22,45.22,0.0,0.0,400.0,1.0,166.78724243164064,1474560
721,1476608,947.6122931449497,3968,0.0030766219861106947,5.729172810912132,0.4129934059455991,0.008339265994436573,0.090087890625,0.9723594188690186,67.77848559617996,32.0,0.0,45.42,45.42,0.0,0.0,400.0,1.0,167.60205535888673,1476608
722,1478656,947.5760006773338,3972,-0.0060707611264660954,3.8343153819441795,0.42831936571747065,0.006602458153793123,0.07421875,0.9830124974250793,74.36121255159378,32.0,0.0,44.8,44.8,0.0,0.0,400.0,1.0,165.13219802856446,1478656
723,1480704,947.5638276300838,3978,-0.0012630437850020826,3.7927940487861633,0.49897441640496254,0.003885357473336626,0.044189453125,0.9816318154335022,65.23919868469238,32.0,0.0,44.8,44.8,0.0,0.0,400.0,1.0,164.9107096862793,1480704
724,1482752,947.5037076613512,3983,-0.00444169418187812,3.324554994702339,0.4187343530356884,0.0045224396453704685,0.058349609375,0.9852301478385925,60.386060923337936,32.0,0.0,44.66,44.66,0.0,0.0,400.0,1.0,164.35950424194337,1482752
725,1484800,947.4640536686211,3988,-0.0012255135807208717,2.7644200697541237,0.3805453618988395,0.0074046132795047015,0.072265625,0.9862431287765503,71.82026615738869,32.0,0.0,44.16,44.16,0.0,0.0,400.0,1.0,161.9064421081543,1484800
726,1486848,947.437861951946,3992,-0.003239004756323993,2.3805474787950516,0.3822606857866049,0.001915422544698231,0.0196533203125,0.9865349531173706,105.12576162815094,32.0,0.0,44.36,44.36,0.0,0.0,400.0,1.0,162.62769973754882,1486848
727,1488896,947.4193369433182,3997,-0.001010345615213737,2.327993221580982,0.35705689899623394,0.0009747395451995544,0.0089111328125,0.9914374351501465,85.61031764745712,32.0,0.0,44.34,44.34,0.0,0.0,400.0,1.0,162.72030288696288,1488896
728,1490944,947.3900108740582,4004,0.000534986873390153,1.8669854253530502,0.39766052458435297,0.006424359649827238,0.0692138671875,0.9910948872566223,76.85366839170456,32.0,0.0,44.28,44.28,0.0,0.0,400.0,1.0,162.73568771362304,1490944
729,1492992,947.4334880115364,4008,-0.0011430659890174866,2.4784409475326536,0.4196935951709747,0.008519201278686524,0.0671875,0.9873641729354858,35.77366436004639,25.0,1.0,44.2,44.2,0.0,0.0,400.0,1.0,162.47410446166992,1492992
730,1495040,947.6480471999629,4013,0.0031150013885714793,2.489259026267312,0.39792541482231836,0.007447691994126548,0.05752840909090909,0.9879791140556335,45.970599694685504,11.0,1.0,44.36,44.36,0.0,0.0,400.0,1.0,163.2132292175293,1495040
731,1497088,947.5952474220697,4019,0.0038152663910295814,1.9195389300584793,0.3794648898765445,0.007878636592067778,0.06884765625,0.9905717968940735,110.8996692597866,32.0,0.0,44.42,44.42,0.0,0.0,400.0,1.0,163.45917739868165,1497088
732,1499136,947.6047487166301,4023,0.002711765337153338,2.1101152673363686,0.3654986619949341,0.008170420980604831,0.073974609375,0.9863226413726807,71.16684103012085,32.0,0.0,45.18,45.18,0.0,0.0,400.0,1.0,166.385400390625,1499136
733,1501184,947.5918231747471,4029,0.000259963606367819,2.2356804236769676,0.3247837293893099,0.0039956152977538295,0.044921875,0.9925546646118164,159.9660462141037,32.0,0.0,45.04,45.04,0.0,0.0,400.0,1.0,165.86344177246093,1501184
734,1503232,947.712527640429,4034,0.009729668531300766,2.8788420983723233,0.3898248331887381,0.009655288038110095,0.076171875,0.9865389466285706,69.94782243456159,14.0,1.0,45.24,45.24,0.0,0.0,400.0,1.0,166.91703979492186,1503232
735,1505280,947.7390033939708,4037,-0.0023488227161578834,6.1768332570791245,0.42074969224631786,0.00526108135090908,0.0631103515625,0.96788090467453,80.12124797701836,32.0,0.0,45.44,45.44,0.0,0.0,400.0,1.0,167.75882995605468,1505280
736,1507328,947.7110970175078,4045,-0.0028913106652908027,5.4456226378679276,0.3953336952254176,0.002536147840146441,0.0286865234375,0.9818204045295715,90.63250756263733,32.0,0.0,45.26,45.26,0.0,0.0,400.0,1.0,167.2425067138672,1507328
737,1509376,947.6755136002138,4049,-0.0031574484892189503,2.4006577767431736,0.37713749147951603,0.0032344506034860387,0.0447998046875,0.9854465126991272,72.74718379974365,32.0,0.0,45.2,45.2,0.0,0.0,400.0,1.0,167.21056884765625,1509376
738,1511424,947.8807174038099,4052,0.0019007202030883895,2.28568563858668,0.381874711977111,0.00687268012875898,0.04079861111111111,0.986410915851593,74.44545873006184,18.0,1.0,44.86,44.86,0.0,0.0,400.0,1.0,165.87890594482423,1511424
739,1513472,948.0379173958958,4061,0.012125755621430775,2.358172674973806,0.3720778127511342,0.011969932995270938,0.07942708333333333,0.9906976819038391,129.28597621122995,12.0,1.0,44.9,44.9,0.0,0.0,400.0,1.0,165.96410766601562,1513472
740,1515520,948.0275083078408,4065,-0.0015686648403061554,2.9552770629525185,0.3749411152675748,0.002185550947615411,0.0233154296875,0.9852779507637024,126.50526416301727,32.0,0.0,45.0,45.0,0.0,0.0,400.0,1.0,166.5680078125,1515520
741,1517568,947.9949106344608,4068,0.000609738752245903,2.080781754106283,0.3828638447448611,0.005147714022314176,0.0537109375,0.9891201853752136,53.425970047712326,32.0,0.0,45.08,45.08,0.0,0.0,400.0,1.0,166.55151763916015,1517568
742,1519616,947.9611129073329,4076,0.0010712204239098355,1.971118751913309,0.3635874455794692,0.006648348273301963,0.0672607421875,0.9922271370887756,58.27774553000927,32.0,0.0,45.38,45.38,0.0,0.0,400.0,1.0,167.8022674560547,1519616
743,1521664,947.8824031431982,4080,-0.0003614071320043877,1.6268697082996368,0.34113352838903666,0.002652199582371395,0.0296630859375,0.9925082921981812,92.6180992424488,32.0,0.0,45.44,45.44,0.0,0.0,400.0,1.0,168.04126708984376,1521664
744,1523712,947.9528156975282,4084,1.7468621464152085e-05,2.2873241336722123,0.3820695500624807,0.006947530286484643,0.07339638157894737,0.9883960485458374,135.6251701555754,19.0,1.0,45.34,45.34,0.0,0.0,400.0,1.0,167.58992065429686,1523712
745,1525760,947.9021426128426,4091,-0.0013769711222266778,2.6801925599575043,0.40605913382023573,0.0026878920980379917,0.02783203125,0.9879840612411499,83.30498540401459,32.0,0.0,45.76,45.76,0.0,0.0,400.0,1.0,169.46527740478516,1525760
746,1527808,947.8634333187646,4096,5.1105060265399516e-05,2.4333291575312614,0.33921704441308975,0.0016703036744729616,0.0206298828125,0.9902188181877136,140.4934822320938,32.0,0.0,45.66,45.66,0.0,0.0,399.86,1.0,169.05136596679688,1527808
747,1529856,947.8323673262412,4100,-0.001548223604913801,2.2094673700630665,0.3558780634775758,0.0033164056803798303,0.0400390625,0.989513635635376,100.85034132003784,32.0,0.0,46.0,46.0,0.0,0.0,399.86,1.0,170.02563690185548,1529856
748,1531904,947.7980702506283,4106,-0.004286597803002223,3.114752598106861,0.39247141499072313,0.003517274926707614,0.0361328125,0.985517680644989,95.17826774716377,32.0,0.0,46.04,46.04,0.0,0.0,399.86,1.0,170.0144497680664,1531904
749,1533952,947.7251853670583,4111,-0.003162420165608637,4.648521453142166,0.3693154389038682,0.00449012379249325,0.046875,0.9823819398880005,63.04642042517662,32.0,0.0,46.26,46.26,0.0,0.0,399.86,1.0,170.97626037597655,1533952
750,1536000,947.6936207899136,4116,0.0010969719151034951,2.871900886297226,0.3315526256337762,0.009180404784274288,0.0753173828125,0.9859301447868347,64.47897684574127,32.0,0.0,46.22,46.22,0.0,0.0,399.86,1.0,171.01091369628907,1536000
751,1538048,947.7271061637452,4121,0.009484204675324938,5.441769621588967,0.41335696659304877,0.007432200670750303,0.04918323863636364,0.9764758944511414,67.49570421739058,22.0,1.0,45.82,45.82,0.0,0.0,399.32,1.0,169.45595260620118,1538048
752,1540096,947.7117646525121,4125,-0.004108578359591775,2.6073970273137093,0.3941884180530906,0.003024331985216122,0.0355224609375,0.9908306002616882,102.51038181781769,32.0,0.0,45.82,45.82,0.0,0.0,399.32,1.0,169.32627365112305,1540096
753,1542144,947.6519430800344,4132,0.007805184010067023,3.3336240351200104,0.3855440756306052,0.008595791718107648,0.074462890625,0.9838101863861084,125.84388908743858,32.0,0.0,45.72,45.72,0.0,0.0,399.32,1.0,169.35447052001953,1542144
754,1544192,947.6151782542157,4136,0.0010222490527667105,1.7382275946438313,0.3751754630357027,0.005002048077585641,0.05615234375,0.9907119274139404,58.85567653179169,32.0,0.0,45.88,45.88,0.0,0.0,399.32,1.0,170.17349395751953,1544192
755,1546240,947.5719833451284,4142,-0.0005314177833497524,2.5024433583021164,0.354353285394609,0.0040833113744156435,0.043701171875,0.9903567433357239,65.22893017530441,32.0,0.0,45.86,45.86,0.0,0.0,398.42,1.0,170.0371807861328,1546240
756,1548288,947.6261756791378,4147,0.0023467929327282413,1.7844327523790557,0.3712969134593832,0.00597937086372283,0.05589978448275862,0.9904364943504333,74.15071401924922,29.0,1.0,46.04,46.04,0.0,0.0,398.56,1.0,170.30895080566407,1548288
757,1550336,947.6006898960063,4151,-0.002248815944767557,1.9412940181791782,0.39589862432330847,0.004088296853296924,0.0516357421875,0.98859041929245,51.29373699426651,32.0,0.0,46.1,46.1,0.0,0.0,398.56,1.0,170.6604376220703,1550336
758,1552384,947.5520684337738,4158,0.0011504632275318727,2.3229710906744003,0.37665550876408815,0.0025338235864182934,0.0281982421875,0.9906638264656067,107.2570336163044,32.0,0.0,46.12,46.12,0.0,0.0,398.56,1.0,170.96683349609376,1552384
759,1554432,947.5065096026057,4162,-0.003492702584480867,2.5146211236715317,0.3735459605231881,0.00423221292294329,0.051513671875,0.9852725267410278,67.36329486966133,32.0,0.0,46.12,46.12,0.0,0.0,398.56,1.0,170.91560974121094,1554432
760,1556480,947.4737479819819,4166,-0.0006254524341784418,2.2038724198937416,0.39318383764475584,0.009320406345068477,0.08740234375,0.989295482635498,78.25335168838501,32.0,0.0,46.26,46.26,0.0,0.0,397.26,1.0,171.5763897705078,1556480
761,1558528,947.4326630917551,4173,-0.0036325416731415316,2.0081740617752075,0.35549746453762054,0.0029441567676258273,0.0361328125,0.9927823543548584,63.90591299533844,32.0,0.0,46.32,46.32,0.0,0.0,397.8,1.0,171.57263778686524,1558528
762,1560576,947.353283991192,4177,-0.0010270063066855073,2.337040714919567,0.3651839988306165,0.0061676293626078404,0.07373046875,0.9866018295288086,82.83851477503777,32.0,0.0,46.14,46.14,0.0,0.0,397.8,1.0,170.83580642700196,1560576
763,1562624,947.3114538729686,4181,-0.0017269553209189326,2.337900660932064,0.40057665295898914,0.004568362266581971,0.0501708984375,0.9869287014007568,91.18055146932602,32.0,0.0,45.96,45.96,0.0,0.0,397.8,1.0,170.12617385864257,1562624
764,1564672,947.2727449353112,4189,-0.0001675601815804839,3.042106159031391,0.341940744780004,0.007932330103358254,0.0799560546875,0.9898343682289124,80.96594110131264,32.0,0.0,46.22,46.22,0.0,0.0,397.8,1.0,170.78375396728515,1564672
765,1566720,947.2199092440566,4193,-0.0012949752708664164,1.59415839985013,0.37338879331946373,0.006652781325101387,0.0731201171875,0.9904972314834595,46.13483878970146,32.0,0.0,46.22,46.22,0.0,0.0,398.7,1.0,170.90456207275392,1566720
766,1568768,947.5061550327564,4196,0.009322859346866608,1.597635555267334,0.4105311334133148,0.011498967790976167,0.090625,0.9897942543029785,72.52571029663086,5.0,1.0,46.1,46.1,0.0,0.0,398.7,1.0,170.48332275390624,1568768
767,1570816,947.455352541836,4204,-0.0014537719107465819,2.317713361233473,0.3520344300195575,0.0019223598064854741,0.0218505859375,0.9915897846221924,139.75704711675644,32.0,0.0,46.12,46.12,0.0,0.0,398.7,1.0,170.46586212158203,1570816
768,1572864,947.4357421624551,4208,-0.00260756399075035,1.8782956823706627,0.3591738576069474,0.00441301448881859,0.0517578125,0.9910426735877991,86.68854022026062,32.0,0.0,45.98,45.98,0.0,0.0,398.7,1.0,169.7102896118164,1572864
769,1574912,947.41523927713,4212,-0.00379678574972786,2.63797178119421,0.4029377596452832,0.003514188669214491,0.0445556640625,0.9865992069244385,95.29019373655319,32.0,0.0,45.92,45.92,0.0,0.0,398.7,1.0,169.4105487060547,1574912
770,1576960,947.3568693214381,4219,-0.0021727314888266847,2.8619698360562325,0.40954235568642616,0.0023784439399605617,0.02490234375,0.9894962906837463,111.67763781547546,32.0,0.0,46.0,46.0,0.0,0.0,399.84,1.0,169.86675842285158,1576960
771,1579008,947.2904620362095,4224,-0.0031213361653499305,2.0990000031888485,0.38210730720311403,0.004942370287608355,0.052978515625,0.991819441318512,71.70189982652664,32.0,0.0,46.22,46.22,0.0,0.0,398.58,1.0,170.60975219726564,1579008
772,1581056,947.2332801866793,4228,-0.0029581050184788182,1.8163946345448494,0.3990631951019168,0.002339685357583221,0.0279541015625,0.9915756583213806,106.02458995580673,32.0,0.0,46.4,46.4,0.0,0.0,398.58,1.0,171.51589416503907,1581056
773,1583104,947.1950101700187,4235,-0.003792743184021674,2.0057439245283604,0.4252954414114356,0.002154738802346401,0.02294921875,0.9918349981307983,118.11806029081345,32.0,0.0,46.76,46.76,0.0,0.0,397.78,1.0,173.1006301879883,1583104
774,1585152,947.1307157429251,4239,-0.001019607443595305,1.9609587900340557,0.3560620518401265,0.004195149180304725,0.0478515625,0.9905897974967957,77.66455811262131,32.0,0.0,46.74,46.74,0.0,0.0,397.78,1.0,172.9198614501953,1585152
775,1587200,947.0561604131053,4244,0.0012121561012463644,2.347862347960472,0.37608740013092756,0.006168619445816148,0.0596923828125,0.9843819737434387,104.2506611943245,32.0,0.0,46.68,46.68,0.0,0.0,397.12,1.0,172.51812438964845,1587200
776,1589248,947.0305467242538,4250,-0.0029264659533509985,2.4023702293634415,0.3834590669721365,0.0039016978698782623,0.0504150390625,0.9891417026519775,86.9762664437294,32.0,0.0,46.86,46.86,0.0,0.0,396.62,1.0,173.34442016601562,1589248
777,1591296,947.0241107530851,4255,0.007307964860676573,2.725690089739286,0.37249692472127766,0.013716326408589689,0.11162860576923077,0.9899332523345947,121.60513965900128,26.0,1.0,46.92,46.92,0.0,0.0,396.62,1.0,173.90852966308594,1591296
778,1593344,947.0085916561399,4260,0.00334928062511608,2.2690971828997135,0.34797552414238453,0.008092636104265694,0.0843505859375,0.988754391670227,109.73664738237858,32.0,0.0,47.08,47.08,0.0,0.0,396.62,1.0,174.8579476928711,1593344
779,1595392,946.9498855101587,4266,-0.0035840039199683815,4.3503047451376915,0.40326243452727795,0.0040210594816016965,0.0377197265625,0.9804317951202393,74.22749668359756,32.0,0.0,47.1,47.1,0.0,0.0,396.78,1.0,175.09677520751953,1595392
780,1597440,946.8978271473021,4271,0.00111546934931539,6.297036752104759,0.4229530645534396,0.006570879661012441,0.0584716796875,0.9811843633651733,101.7330549955368,32.0,0.0,46.98,46.98,0.0,0.0,396.78,1.0,174.68302642822266,1597440
781,1599488,946.8056777538611,4275,-0.0013061726640444249,6.6683380752801895,0.4279051013290882,0.006033956531609874,0.0654296875,0.9722536206245422,110.92783999443054,32.0,0.0,46.22,46.22,0.0,0.0,398.04,1.0,171.6846664428711,1599488
782,1601536,946.7576395619021,4280,0.005331208711140789,3.6527062132954597,0.4505597138777375,0.008159755358065013,0.0867919921875,0.9863899350166321,59.49265557527542,32.0,0.0,46.28,46.28,0.0,0.0,398.04,1.0,171.9895639038086,1601536
783,1603584,946.7032467588496,4287,2.1238374756649137e-06,5.979633741080761,0.40425992105156183,0.0038988686283119023,0.039794921875,0.9744235873222351,124.12722194194794,32.0,0.0,45.56,45.56,0.0,0.0,398.74,1.0,169.48113746643065,1603584
784,1605632,946.6547328324666,4290,-0.0019057416507313328,1.990818492827877,0.36715483857739356,0.008133673139156835,0.06980846774193548,0.9890129566192627,33.85785092076948,31.0,1.0,45.54,45.54,0.0,0.0,398.74,1.0,169.64577949523925,1605632
785,1607680,946.5807982321793,4295,-0.0021454037923831493,2.093638550490141,0.41437214333564043,0.003972370926931035,0.0452880859375,0.9880986213684082,59.13766270875931,32.0,0.0,45.4,45.4,0.0,0.0,399.4,1.0,169.17336769104003,1607680
786,1609728,946.5405875765847,4302,-0.003122534166323021,2.707036316394806,0.3534026965498924,0.0019339555510669015,0.0225830078125,0.990040123462677,147.39809942245483,32.0,0.0,45.28,45.28,0.0,0.0,399.9,1.0,168.8680521392822,1609728
787,1611776,946.5047204801452,4306,-0.002470902574714273,1.9321117587387562,0.3354305401444435,0.0012604209914570674,0.0118408203125,0.9907970428466797,124.9702176451683,32.0,0.0,45.38,45.38,0.0,0.0,399.6,1.0,169.18971199035644,1611776
788,1613824,946.481629487328,4310,-0.004257332315319218,2.041899148374796,0.38988953828811646,0.0024588348824181594,0.033203125,0.9884472489356995,113.41383439302444,32.0,0.0,45.32,45.32,0.0,0.0,398.14,1.0,168.88274360656737,1613824
789,1615872,946.433063431246,4317,-0.0012960565945832059,2.2779523618519306,0.4007176337763667,0.0012425198074197397,0.010009765625,0.990450382232666,113.82694989442825,32.0,0.0,45.4,45.4,0.0,0.0,398.14,1.0,169.21239723205565,1615872
790,1617920,946.4242649695914,4322,-0.00047952684690244496,2.0284592397511005,0.3302278658375144,0.0033357350403093733,0.0384521484375,0.9899394512176514,100.12970001250505,32.0,0.0,45.82,45.82,0.0,0.0,398.0,1.0,171.5085019683838,1617920
791,1619968,946.3982231385044,4325,-0.002712591507588513,2.4105266481637955,0.38456931058317423,0.0026185649112449028,0.02978515625,0.9850206971168518,97.60729157924652,32.0,0.0,46.2,46.2,0.0,0.0,398.0,1.0,172.99597297668458,1619968
792,1622016,946.3568354652951,4332,-0.00150327842857223,2.070043809711933,0.39253847766667604,0.004225774071528576,0.05126953125,0.9919599890708923,133.83841568231583,32.0,0.0,46.4,46.4,0.0,0.0,397.22,1.0,174.48476387023925,1622016
793,1624064,946.3988543539034,4337,0.0003456495178397745,2.188511475920677,0.4006823878735304,0.008595051593147218,0.0723876953125,0.989256739616394,79.54879452288151,32.0,0.0,47.04,47.04,0.0,0.0,397.32,1.0,176.59050445556642,1624064
794,1626112,946.3780992702174,4341,0.0004212521016597748,1.9641937091946602,0.3687824718654156,0.004747799001052044,0.0595703125,0.9898686408996582,96.69329714775085,32.0,0.0,46.98,46.98,0.0,0.0,397.32,1.0,175.9521643066406,1626112
795,1628160,946.3248022123822,4347,-0.00200542806123849,1.954467236995697,0.4289459018036723,0.0050270343126612715,0.0662841796875,0.9922375082969666,34.078505381941795,32.0,0.0,47.22,47.22,0.0,0.0,397.32,1.0,176.84764465332032,1628160
796,1630208,946.2771591975447,4353,-0.00129371699586045,2.0774902775883675,0.3803024971857667,0.004440340882865712,0.0482177734375,0.9912939667701721,74.0681784749031,32.0,0.0,47.0,47.0,0.0,0.0,397.32,1.0,175.61151153564452,1630208
797,1632256,946.210533713272,4357,-0.005739695014199242,2.5142883509397507,0.3953282004222274,0.005946397504885681,0.0595703125,0.9886407852172852,39.07699632644653,32.0,0.0,46.8,46.8,0.0,0.0,397.62,1.0,174.74175903320312,1632256
798,1634304,946.1552488962863,4363,-0.0015723730612080544,1.969655029475689,0.3378641791641712,0.005663023192028049,0.053466796875,0.9919564127922058,45.40254136919975,32.0,0.0,46.72,46.72,0.0,0.0,399.08,1.0,174.56327209472656,1634304
799,1636352,946.1207946839248,4367,0.0010588013101369143,2.545441061258316,0.37033899035304785,0.004779419185069855,0.0628662109375,0.9888237118721008,109.88893163204193,32.0,0.0,46.64,46.64,0.0,0.0,399.08,1.0,173.99633331298827,1636352
800,1638400,946.070797742002,4373,-0.0012996555888094008,2.528631664812565,0.3670566501095891,0.0026794409641297534,0.0260009765625,0.989767849445343,99.33908611536026,32.0,0.0,46.58,46.58,0.0,0.0,399.22,1.0,173.36667236328125,1638400
801,1640448,945.9426851718164,4378,0.0011242856562603265,2.5117989853024483,0.391713066957891,0.004760087176691741,0.0518798828125,0.9877504706382751,111.96534472703934,32.0,0.0,46.4,46.4,0.0,0.0,400.0,1.0,172.11074676513672,1640448
802,1642496,945.9664485370424,4383,0.0013874157836350303,1.7744228442509968,0.41459649180372554,0.007472088405241569,0.06477864583333333,0.991237461566925,82.94339684645335,24.0,1.0,46.16,46.16,0.0,0.0,400.0,1.0,171.00141052246093,1642496
803,1644544,945.962365664413,4389,0.005768425979961952,1.8054893652598063,0.3828443855047226,0.00981922362310191,0.09440104166666667,0.9885699152946472,62.686271794637044,30.0,1.0,46.26,46.26,0.0,0.0,400.0,1.0,171.63444732666017,1644544
804,1646592,945.8989808257865,4394,-0.0028440599562600255,1.6715941950678825,0.4213244756683707,0.0049441223964095116,0.0609130859375,0.9925159811973572,51.89787343144417,32.0,0.0,46.14,46.14,0.0,0.0,400.0,1.0,171.36290740966797,1646592
805,1648640,946.0011395754699,4399,0.0007535529012481372,2.1414868513743084,0.4008363942305247,0.007325965849061807,0.07682291666666667,0.9900897741317749,87.54214763641357,15.0,1.0,46.2,46.2,0.0,0.0,400.0,1.0,171.83587036132812,1648640
806,1650688,945.9289230500785,4403,-0.0019851061661029235,2.4088850989937782,0.4256473211571574,0.0022357384805218317,0.0264892578125,0.9869112968444824,64.78021204471588,32.0,0.0,46.3,46.3,0.0,0.0,400.0,1.0,172.3172735595703,1650688
807,1652736,945.9154691238398,4409,-0.005832463808474131,2.0988092087209225,0.36963210348039865,0.0046663576940773055,0.05810546875,0.9909532070159912,45.91909655928612,32.0,0.0,46.4,46.4,0.0,0.0,400.0,1.0,172.55684844970702,1652736
808,1654784,945.8698565832968,4415,-0.0011392244778107852,2.109643615782261,0.3902417169883847,0.006290050027018879,0.0609130859375,0.9921857714653015,105.80054794251919,32.0,0.0,46.44,46.44,0.0,0.0,399.22,1.0,172.5535595703125,1654784
809,1656832,945.815734880074,4418,-0.0012167799868620932,1.6312303580343723,0.3978393133729696,0.003884027355525177,0.04052734375,0.9922288060188293,53.57201628386974,32.0,0.0,46.48,46.48,0.0,0.0,399.22,1.0,172.64943176269531,1656832
810,1658880,945.7707373492709,4424,-0.002187538833823055,2.0394933968782425,0.40897141210734844,0.00319955256418325,0.040771484375,0.9900964498519897,45.33166778087616,32.0,0.0,46.42,46.42,0.0,0.0,399.22,1.0,172.1387188720703,1658880
811,1660928,945.7208510840366,4430,-0.0005385935946833342,2.376270078122616,0.37090048752725124,0.0022518333644256927,0.0224609375,0.9905040860176086,95.71379655599594,32.0,0.0,46.6,46.6,0.0,0.0,399.22,1.0,172.76848022460936,1660928
812,1662976,945.6454007325651,4434,-0.0037919833412161097,1.5333725288510323,0.42286110296845436,0.003912097556167282,0.0416259765625,0.9935381412506104,76.30889320373535,32.0,0.0,46.7,46.7,0.0,0.0,399.22,1.0,173.00411437988282,1662976
813,1665024,945.5686965693409,4438,-0.0004791510582435876,1.970187894999981,0.4111983608454466,0.0034394041940686293,0.043701171875,0.9909451603889465,68.09925317764282,32.0,0.0,46.64,46.64,0.0,0.0,399.22,1.0,172.77251342773437,1665024
814,1667072,945.4836019739524,4445,-0.004565528768580407,1.886483769863844,0.362973690032959,0.003287457104306668,0.0401611328125,0.9930017590522766,44.34777960181236,32.0,0.0,46.66,46.66,0.0,0.0,399.22,1.0,172.52083740234374,1667072
815,1669120,945.4256600847373,4450,-0.00011241559695918113,2.760908931493759,0.3786350069567561,0.0028924018624820746,0.0340576171875,0.9863900542259216,111.44817972183228,32.0,0.0,46.72,46.72,0.0,0.0,398.16,1.0,172.68691680908202,1669120
816,1671168,945.3648199436466,4453,0.000525141105754301,1.7745689153671265,0.4271677304059267,0.0027041181238018908,0.0291748046875,0.9924329519271851,125.02562519907951,32.0,0.0,46.88,46.88,0.0,0.0,398.16,1.0,173.58493988037108,1671168
817,1673216,945.5280727794835,4460,0.010091604199260473,3.529978370666504,0.41066841781139374,0.01108895733486861,0.075,0.9873131513595581,64.98289413452149,10.0,1.0,46.82,46.82,0.0,0.0,398.94,1.0,173.44859924316407,1673216
818,1675264,945.474135871241,4466,-0.003656726621557027,2.5147692188620567,0.3851935360580683,0.0070224401279119775,0.0689697265625,0.9894812703132629,63.264149248600006,32.0,0.0,47.0,47.0,0.0,0.0,397.32,1.0,174.1029638671875,1675264
819,1677312,945.4013327622883,4469,0.0026388082042103633,2.24992074072361,0.3963994588702917,0.009360002979519777,0.08447265625,0.985580325126648,65.83279120922089,32.0,0.0,47.0,47.0,0.0,0.0,397.32,1.0,174.17563873291016,1677312
820,1679360,945.4076936740377,4476,0.001295493624638766,2.170378379523754,0.41592883225530386,0.005766933361883275,0.0645751953125,0.9916442632675171,45.97960865497589,32.0,0.0,47.08,47.08,0.0,0.0,395.52,1.0,175.0693524169922,1679360
821,1681408,945.4302245144388,4482,0.0020395002256219205,4.484249078310453,0.41559654474258423,0.007841175941463847,0.0703125,0.9810508489608765,59.00143942466149,26.0,1.0,47.1,47.1,0.0,0.0,395.52,1.0,175.6587057495117,1681408
822,1683456,945.4064842783265,4485,0.009430154794245027,4.524025157094002,0.42612078972160816,0.00909336104086833,0.067626953125,0.9798754453659058,77.89352732896805,32.0,0.0,47.16,47.16,0.0,0.0,395.52,1.0,175.8274740600586,1683456
823,1685504,945.3535257961703,4491,0.0037999430060153827,3.836293652653694,0.44169511646032333,0.008316489853314124,0.08837890625,0.9868735671043396,33.78717842698097,32.0,0.0,47.24,47.24,0.0,0.0,395.52,1.0,176.35351348876952,1685504
824,1687552,945.303178396759,4498,-0.0004395443538669497,3.8231552466750145,0.3636140450835228,0.0035940688030677848,0.0430908203125,0.9851069450378418,126.11630618572235,32.0,0.0,46.38,46.38,0.0,0.0,393.74,1.0,173.23423095703126,1687552
825,1689600,945.265856088449,4501,-0.002246352087240666,2.074556089937687,0.38189295679330826,0.0017884591070469469,0.016845703125,0.9889704585075378,92.32042557001114,32.0,0.0,46.56,46.56,0.0,0.0,392.2,1.0,173.9119415283203,1689600
826,1691648,945.2330202928151,4508,-0.0026623908488545567,1.8117414712905884,0.4144356967881322,0.003305705788079649,0.037353515625,0.9928053021430969,57.17338612675667,32.0,0.0,46.56,46.56,0.0,0.0,390.14,1.0,174.0754867553711,1691648
827,1693696,945.1820004522986,4513,-0.0024145579372998327,1.5971210487186909,0.41679807286709547,0.007676891087612603,0.0848388671875,0.9942530393600464,56.96795040369034,32.0,0.0,46.62,46.62,0.0,0.0,390.14,1.0,174.07053619384766,1693696
828,1695744,945.1666392812305,4517,0.00032653713424224406,2.5459956377744675,0.3687452394515276,0.0042090089482371695,0.043212890625,0.9850664138793945,86.97728100419044,32.0,0.0,46.58,46.58,0.0,0.0,391.76,1.0,173.92551605224608,1695744
829,1697792,945.111242216918,4524,-0.003945383854443207,1.8840347491204739,0.4195393742993474,0.004912687036267016,0.0440673828125,0.9914914965629578,39.56041604280472,32.0,0.0,46.4,46.4,0.0,0.0,392.18,1.0,173.1956121826172,1697792
830,1699840,945.0806472834023,4529,-0.00253311287087854,1.8287348710000515,0.4017476923763752,0.003639472764916718,0.048095703125,0.9928512573242188,70.69344568252563,32.0,0.0,46.56,46.56,0.0,0.0,392.78,1.0,173.44973419189452,1699840
831,1701888,945.0319592825022,4532,-0.0017383580125169829,2.2441687770187855,0.36639030929654837,0.004029037219879683,0.050048828125,0.9867908358573914,103.37806668877602,32.0,0.0,46.54,46.54,0.0,0.0,392.78,1.0,173.32864074707032,1701888
832,1703936,945.0316325890858,4538,0.0014570826354126135,1.7750001430511475,0.441320722301801,0.005746276001445949,0.06419270833333333,0.9907440543174744,103.12906023661296,30.0,1.0,46.56,46.56,0.0,0.0,392.78,1.0,173.6026287841797,1703936
833,1705984,944.9587465647676,4544,-0.0034944182698382065,2.161103703081608,0.3925404828041792,0.006000420595228206,0.0628662109375,0.9941078424453735,101.57777106761932,32.0,0.0,47.46,47.46,0.0,0.0,393.32,1.0,176.95678833007813,1705984
834,1708032,944.9443241986498,4548,-0.0033205359941348433,1.9791983217000961,0.3715786850079894,0.0023451325178029947,0.024658203125,0.9902005195617676,101.31950843334198,32.0,0.0,47.64,47.64,0.0,0.0,395.18,1.0,177.85751953125,1708032
835,1710080,944.8944610908294,4553,5.745772796217352e-05,1.945513065904379,0.46011460945010185,0.0046445675325230695,0.047607421875,0.9887294769287109,80.63686907291412,32.0,0.0,47.78,47.78,0.0,0.0,396.18,1.0,178.40058044433593,1710080
836,1712128,945.0890094796887,4560,0.011477252637798136,1.7847181125120684,0.3719229427250949,0.017212579386647452,0.11896306818181818,0.9938924312591553,123.41007232666016,11.0,1.0,47.54,47.54,0.0,0.0,398.24,1.0,177.28815765380858,1712128
837,1714176,945.0555874339789,4564,-0.00032960953831207007,2.0871479138731956,0.3737742593511939,0.003264846178353764,0.03369140625,0.9886332750320435,107.22736489772797,32.0,0.0,47.46,47.46,0.0,0.0,397.66,1.0,177.11921600341796,1714176
838,1716224,945.0156726508376,4567,-0.0007265830208780244,5.277979269623756,0.42895622178912163,0.0049698176080710255,0.0609130859375,0.9725005030632019,79.22298330068588,32.0,0.0,47.56,47.56,0.0,0.0,397.66,1.0,177.6995474243164,1716224
839,1718272,944.9667817361897,4576,0.001004591496894136,4.760492734611034,0.3782038437202573,0.002352156428969465,0.02587890625,0.9877152442932129,52.985632568597794,32.0,0.0,47.62,47.62,0.0,0.0,398.12,1.0,177.71843811035157,1718272
840,1720320,944.9100214780857,4580,-0.0011616328411037102,7.434373416006565,0.34855493903160095,0.007865006795327645,0.0826416015625,0.9635956287384033,89.58401542901993,32.0,0.0,46.76,46.76,0.0,0.0,397.78,1.0,174.73594928741454,1720320
841,1722368,944.8093532891138,4583,-0.002781449118629098,2.122459974139929,0.40984637569636106,0.0068318539269967005,0.0751953125,0.9838277101516724,56.56275396049023,32.0,0.0,46.84,46.84,0.0,0.0,397.04,1.0,174.91224018096923,1722368
842,1724416,944.7554776650637,4591,-0.0038063248503021896,1.9125390909612179,0.38474157825112343,0.0022438106825575233,0.0263671875,0.9939024448394775,80.91836360096931,32.0,0.0,46.8,46.8,0.0,0.0,397.04,1.0,174.71467548370362,1724416
843,1726464,944.6939615754848,4596,-0.0033608303201617673,2.3662285953760147,0.33381487615406513,0.0042013141719507985,0.05078125,0.9909998178482056,126.360067486763,32.0,0.0,46.68,46.68,0.0,0.0,396.46,1.0,174.01085376739502,1726464
844,1728512,944.6440411637216,4598,-0.004754396723001264,1.6879489123821259,0.43708899430930614,0.0039182284963317215,0.0450439453125,0.9874595403671265,54.950148567557335,32.0,0.0,46.6,46.6,0.0,0.0,396.9,1.0,173.84797626495362,1728512
845,1730560,944.5798343977011,4607,-0.002247582786367275,1.9908446334302425,0.450579390861094,0.00360858540807385,0.041748046875,0.9949522614479065,84.72884976863861,32.0,0.0,46.64,46.64,0.0,0.0,396.42,1.0,173.76828784942626,1730560
846,1732608,944.5233702241136,4612,-0.0022328958366415463,1.735657762736082,0.33125082310289145,0.002827644450007938,0.036865234375,0.992621123790741,103.81245309114456,32.0,0.0,46.4,46.4,0.0,0.0,397.0,1.0,172.92231830596924,1732608
847,1734656,944.5295621496123,4613,-0.003649023154543506,1.2783842307549935,0.41239521790433814,0.012947253770781335,0.11762152777777778,0.9917464256286621,34.61943218443129,27.0,1.0,46.48,46.48,0.0,0.0,397.0,1.0,173.28796100616455,1734656
848,1736704,944.4588625472467,4621,-0.0004927935951855034,1.6357595399022102,0.3915799167007208,0.0031371385775855742,0.037841796875,0.9951966404914856,118.12722128629684,32.0,0.0,46.72,46.72,0.0,0.0,396.08,1.0,174.45573932647704,1736704
849,1738752,944.3864795427761,4627,-0.0012690765433944762,1.813241895288229,0.3381394213065505,0.0031163623425527476,0.0396728515625,0.9924920201301575,75.47094585001469,32.0,0.0,46.72,46.72,0.0,0.0,396.12,1.0,174.5336812210083,1738752
850,1740800,944.3318321515139,4629,0.0035061162197962403,1.5125056505203247,0.3515195231884718,0.008022970170713961,0.072021484375,0.9902896285057068,69.03043338656425,32.0,0.0,46.78,46.78,0.0,0.0,396.04,1.0,174.71368793487548,1740800
851,1742848,944.4324676820866,4638,0.0005808005161169502,1.5679405993885465,0.38643476366996765,0.004525678245247238,0.030164930555555556,0.9950229525566101,74.0202538702223,18.0,1.0,47.64,47.64,0.0,0.0,395.0,1.0,177.5412777709961,1742848
852,1744896,944.5024295423556,4642,0.005265138602178348,1.8647142021279586,0.3405857980251312,0.01444982700540047,0.10711348684210527,0.9913861155509949,74.98850149857371,19.0,1.0,47.78,47.78,0.0,0.0,394.84,1.0,178.25965118408203,1744896
853,1746944,944.4870623356361,4645,0.0015177832974586636,1.4936632812023163,0.38306876458227634,0.00680385031591868,0.07763671875,0.9893787503242493,45.157881543040276,32.0,0.0,47.8,47.8,0.0,0.0,395.42,1.0,178.51532745361328,1746944
854,1748992,944.4633825124682,4653,-0.003461920947302133,1.076107930392027,0.3817797973752022,0.004033337041619234,0.0401611328125,0.996156632900238,49.168621718883514,32.0,0.0,47.76,47.76,0.0,0.0,396.44,1.0,178.3012139892578,1748992
855,1751040,944.4104647565902,4658,9.341647091787308e-05,2.230256587266922,0.35883322451263666,0.004774034314323217,0.05810546875,0.9921255111694336,148.33086663484573,32.0,0.0,47.88,47.88,0.0,0.0,395.7,1.0,178.9523791503906,1751040
856,1753088,944.3739228315997,4661,-0.004096774326171726,1.227623037993908,0.378166445530951,0.0031537244649371132,0.0394287109375,0.9922875761985779,79.72493362426758,32.0,0.0,48.12,48.12,0.0,0.0,395.64,1.0,179.87041748046875,1753088
857,1755136,944.3454517398396,4667,0.005133543716510758,4.186928130686283,0.46168678905814886,0.010423893305414822,0.0721435546875,0.9867887496948242,46.81998082995415,32.0,0.0,48.04,48.04,0.0,0.0,395.7,1.0,179.30002868652343,1755136
858,1757184,944.5490047253345,4674,0.0035480025357433726,6.453604698181152,0.3247992481504168,0.015777307795360684,0.09654017857142858,0.9780756235122681,186.06088638305664,7.0,1.0,47.92,47.92,0.0,0.0,395.78,1.0,178.87584075927734,1757184
859,1759232,944.5281659910687,4676,0.00041267211781814694,5.352686449885368,0.3726198226213455,0.005092922714538872,0.06396484375,0.9677548408508301,111.01635414361954,32.0,0.0,47.8,47.8,0.0,0.0,396.06,1.0,178.27259216308593,1759232
860,1761280,944.5140256591999,4682,-0.002868656360078603,1.7781498432159424,0.45584623515605927,0.0028693521599052474,0.03466796875,0.9903880953788757,104.97861820459366,32.0,0.0,46.74,46.74,0.0,0.0,396.48,1.0,174.27856986999512,1761280
861,1763328,944.669294674167,4689,0.008713336894288659,3.3397728353738785,0.33862446434795856,0.007997521664947271,0.047119140625,0.9887711405754089,143.687347561121,16.0,1.0,46.62,46.62,0.0,0.0,398.4,1.0,173.55897575378418,1763328
862,1765376,944.7355091615271,4692,-0.00041785057295452464,7.586389996788719,0.4099446060982617,0.006731437942521138,0.06747159090909091,0.9612347483634949,69.61809990622781,22.0,1.0,46.56,46.56,0.0,0.0,398.32,1.0,173.3098641204834,1765376
863,1767424,944.7781420548794,4696,0.004528507468817027,8.138516156569771,0.4681243067202361,0.008092291005279707,0.08050271739130435,0.9657642841339111,58.225675002388336,23.0,1.0,46.48,46.48,0.0,0.0,398.32,1.0,172.86843101501464,1767424
864,1769472,944.7374573436138,4705,0.0020338876347523183,8.920341476798058,0.3998922249302268,0.007375798188149929,0.0704345703125,0.9697898626327515,76.82745534181595,32.0,0.0,45.08,45.08,0.0,0.0,399.06,1.0,167.51860549926758,1769472
865,1771520,944.6954009728081,4708,-0.0020210718212183565,1.5473468527197838,0.35520102363079786,0.007069112689350732,0.0758056640625,0.9893373847007751,50.66172321140766,32.0,0.0,45.04,45.04,0.0,0.0,399.06,1.0,167.4223258972168,1771520
866,1773568,944.6549059106372,4711,0.004253004887892354,1.7081124705653037,0.41962946999457573,0.01255510715887912,0.12903225806451613,0.9889225959777832,58.341509680594164,31.0,1.0,45.02,45.02,0.0,0.0,397.3,1.0,167.30661361694337,1773568
867,1775616,944.6224095188198,4721,0.001440695094061084,3.0010966807603836,0.364337001927197,0.0031554869419778697,0.0328369140625,0.9926333427429199,157.10514068603516,32.0,0.0,44.92,44.92,0.0,0.0,396.0,1.0,167.19751571655274,1775616
868,1777664,944.5882248505309,4724,-0.0008887940493877977,5.649765804409981,0.4170331582427025,0.0034633978430065326,0.0440673828125,0.9746588468551636,133.9386175274849,32.0,0.0,45.0,45.0,0.0,0.0,396.0,1.0,167.51416610717774,1777664
869,1779712,944.5097011581887,4726,8.728369721211493e-05,5.80440928041935,0.44170537404716015,0.0031217374416883104,0.0362548828125,0.9736523032188416,97.79350516200066,32.0,0.0,45.0,45.0,0.0,0.0,396.0,1.0,167.66626998901367,1779712
870,1781760,944.4632672130173,4737,-0.001996479113586247,7.373101398348808,0.40446632262319326,0.003491308423690498,0.0401611328125,0.9777680039405823,83.13992384076118,32.0,0.0,44.42,44.42,0.0,0.0,394.64,1.0,165.52650539398192,1781760
871,1783808,944.4451177041275,4740,-0.0002496780944056809,2.391599804162979,0.4428155906498432,0.005879530661331955,0.06591796875,0.9887197017669678,104.60123443603516,32.0,0.0,44.38,44.38,0.0,0.0,394.64,1.0,165.51295680999755,1783808
872,1785856,944.3671436283402,4743,-0.0033586680656298995,1.7638246901333332,0.4223737418651581,0.0036068289628019556,0.0377197265625,0.9908713102340698,101.05819082260132,32.0,0.0,44.38,44.38,0.0,0.0,393.68,1.0,165.21306240081788,1785856
873,1787904,944.3136447058081,4752,-0.002408066953648813,3.9534648284316063,0.4267080817371607,0.0021830363548360765,0.026611328125,0.9896770119667053,134.9567797780037,32.0,0.0,44.3,44.3,0.0,0.0,392.94,1.0,165.1984023666382,1787904
874,1789952,944.461818347872,4755,-0.0032416394678875804,2.2356932647526264,0.3753953045234084,0.004252881793945562,0.0556640625,0.9886143803596497,75.38687919080257,32.0,0.0,45.68,45.68,0.0,0.0,392.94,1.0,170.15371768951417,1789952
875,1792000,944.4660990156978,4759,0.00019407091895118356,1.841017372906208,0.4353512329980731,0.004695586430898402,0.0516357421875,0.9894747138023376,69.43600794672966,32.0,0.0,45.76,45.76,0.0,0.0,394.76,1.0,170.69656925201417,1792000
876,1794048,944.6973438229148,4768,0.0040034420089796185,1.8185402870178222,0.3958693087100983,0.008317806536797433,0.0720703125,0.9950885772705078,43.64762864112854,20.0,1.0,45.7,45.7,0.0,0.0,396.78,1.0,170.27845523834227,1794048
877,1796096,944.8906666585034,4771,0.009996367711573839,1.896555233001709,0.3350753277540207,0.015192918106913566,0.106640625,0.9895690679550171,111.49465684890747,10.0,1.0,45.8,45.8,0.0,0.0,396.64,1.0,170.6002518081665,1796096
878,1798144,944.9704815028558,4774,-0.0021667536784661934,2.4385112561285496,0.3882724093273282,0.0038868461051606573,0.0460205078125,0.988587498664856,57.070641815662384,32.0,0.0,45.76,45.76,0.0,0.0,396.64,1.0,170.38898349761962,1798144
879,1800192,944.9147016211601,4784,-0.0006854762614239007,2.698752723634243,0.3807408269494772,0.0065599546796875075,0.0677490234375,0.9914519786834717,68.33962650597095,32.0,0.0,47.46,47.46,0.0,0.0,394.22,1.0,177.04052215576172,1800192
880,1802240,944.8835105232868,4787,-0.0014433384785661474,2.886845588684082,0.3639112412929535,0.005674203508533537,0.0667724609375,0.9805213212966919,69.89899282157421,32.0,0.0,47.6,47.6,0.0,0.0,393.4,1.0,177.68833923339844,1802240
881,1804288,944.8270808872987,4790,-0.004233950923662633,1.4375409558415413,0.404805981554091,0.004025256217573769,0.0457763671875,0.991683840751648,75.0035474896431,32.0,0.0,47.2,47.2,0.0,0.0,393.4,1.0,176.19314376831053,1804288
882,1806336,945.0274967858074,4799,0.006894923746585846,4.6225574016571045,0.42157914241154987,0.010278359521180391,0.07942708333333333,0.9869521856307983,78.40472443898518,6.0,1.0,47.26,47.26,0.0,0.0,394.82,1.0,176.4835676574707,1806336
883,1808384,945.1023318687633,4802,0.0059073446318507195,5.42958851294084,0.37976983054117724,0.009859126664444127,0.09375,0.9740859866142273,80.52663118189031,22.0,1.0,47.36,47.36,0.0,0.0,394.6,1.0,176.82732650756836,1808384
884,1810432,945.1544005512402,4806,0.0017735473229549825,4.609244748950005,0.43231250811368227,0.009767432828084566,0.0958251953125,0.976414680480957,61.95713526010513,32.0,0.0,47.54,47.54,0.0,0.0,393.02,1.0,177.59070419311524,1810432
885,1812480,945.1341357010803,4814,-0.002142259807442315,2.9695249050855637,0.4280632436275482,0.003814509829680901,0.0472412109375,0.9921797513961792,79.0393471121788,32.0,0.0,46.74,46.74,0.0,0.0,393.08,1.0,174.71514457702636,1812480
886,1814528,945.0863077416603,4818,-0.00044472322770161554,2.4583795219659805,0.35424816980957985,0.0032196195461438037,0.0352783203125,0.9889121651649475,133.14013415575027,32.0,0.0,46.92,46.92,0.0,0.0,392.38,1.0,175.43646781921387,1814528
887,1816576,945.0795473517892,4822,0.00047614917275495827,1.736510805785656,0.4029871877282858,0.006687747183605097,0.063720703125,0.9912776350975037,56.891978070139885,32.0,0.0,46.86,46.86,0.0,0.0,392.52,1.0,175.29360893249512,1816576
888,1818624,945.0985074761145,4830,-0.0013802781904814765,1.8838402666151524,0.41527302376925945,0.0049193669692613184,0.048583984375,0.9939668774604797,95.86916917562485,32.0,0.0,46.78,46.78,0.0,0.0,395.72,1.0,174.91665550231934,1818624
889,1820672,945.0981461563915,4834,-0.0008975243254099041,1.6374693363904953,0.3278282778337598,0.00241901476692874,0.028076171875,0.9931212067604065,122.97074082493782,32.0,0.0,46.82,46.82,0.0,0.0,395.2,1.0,175.02147178649903,1820672
890,1822720,945.113964387207,4837,0.0014647380739916116,1.547964595258236,0.3517604982480407,0.0050483064478612505,0.0506591796875,0.9906556606292725,104.15376564860344,32.0,0.0,46.76,46.76,0.0,0.0,395.44,1.0,174.96919914245606,1822720
891,1824768,945.0775958354689,4844,-0.0005442400797619484,2.6484107673168182,0.4176824716851115,0.008011591198737733,0.0557861328125,0.9924131035804749,42.49025312066078,32.0,0.0,47.28,47.28,0.0,0.0,395.26,1.0,177.07239265441893,1824768
892,1826816,945.0461576266023,4850,-0.0011079345985005298,2.3833621899286905,0.3661732961734136,0.005510443410215279,0.06341145833333334,0.9912587404251099,49.63879728317261,30.0,1.0,47.3,47.3,0.0,0.0,393.74,1.0,177.03380683898925,1826816
893,1828864,945.023547245304,4852,-0.0059121413505636156,2.3210660219192505,0.3487998070195317,0.008109704052913003,0.077880859375,0.9834930896759033,46.521658167243004,32.0,0.0,47.28,47.28,0.0,0.0,393.96,1.0,176.99110511779784,1828864
894,1830912,945.001901656126,4858,-0.002923394895333331,1.6212153397500515,0.41105178836733103,0.004260017434717156,0.0438232421875,0.9938199520111084,100.9021024107933,32.0,0.0,48.12,48.12,0.0,0.0,394.54,1.0,179.82609313964844,1830912
895,1832960,944.9715984448991,4866,-0.0004215745721012354,1.7891588918864727,0.35641320794820786,0.004374073214421514,0.0438232421875,0.9945660829544067,115.5226138830185,32.0,0.0,48.06,48.06,0.0,0.0,394.54,1.0,179.46979614257813,1832960
896,1835008,944.9395904762077,4868,0.000612088362686336,2.3444965668022633,0.4174194885417819,0.009040124394232407,0.100341796875,0.9852184653282166,78.67808143794537,32.0,0.0,47.98,47.98,0.0,0.0,395.24,1.0,179.12787872314453,1835008
897,1837056,944.950134727318,4874,-0.0030148429577820934,2.511037193238735,0.435293385758996,0.0057587512346799485,0.052734375,0.9898366928100586,70.45123139023781,32.0,0.0,48.06,48.06,0.0,0.0,394.06,1.0,179.25419372558594,1837056
898,1839104,944.9191983055566,4881,-0.0006101127873989753,1.9042924121022224,0.3507369505241513,0.0037141811990295537,0.039794921875,0.9933780431747437,89.75998124480247,32.0,0.0,48.16,48.16,0.0,0.0,393.2,1.0,179.8623110961914,1839104
899,1841152,944.8500252811343,4884,-0.002388289518421516,1.82292939722538,0.37841827515512705,0.004513480867899489,0.0479736328125,0.9909402132034302,77.13459774851799,32.0,0.0,48.14,48.14,0.0,0.0,393.2,1.0,179.76044830322266,1841152
900,1843200,944.8051064893692,4892,-0.004025485890451819,1.6730358935892582,0.4049701578915119,0.0019919191690860316,0.021728515625,0.9944408535957336,98.9418885409832,32.0,0.0,48.26,48.26,0.0,0.0,389.34,1.0,180.07380493164064,1843200
901,1845248,944.7534042248468,4897,-0.00035419191408436745,2.5010912530124187,0.3481387384235859,0.0017531674238853157,0.02001953125,0.9896055459976196,112.65136510133743,32.0,0.0,48.28,48.28,0.0,0.0,389.24,1.0,180.52285064697264,1845248
902,1847296,944.7529135089146,4901,-0.0028403333853930235,3.168810151517391,0.3970271172001958,0.004962263519701082,0.041748046875,0.9859813451766968,53.453049540519714,32.0,0.0,48.02,48.02,0.0,0.0,389.32,1.0,179.81325897216797,1847296
903,1849344,944.7403492212123,4908,-0.00040417911077383906,2.041556265205145,0.433461862616241,0.0035213091323385015,0.036376953125,0.9941067695617676,83.91371843218803,32.0,0.0,48.06,48.06,0.0,0.0,389.82,1.0,180.0853430175781,1849344
904,1851392,944.7085541032801,4913,-0.0012706045235972852,2.2604991048574448,0.39313219394534826,0.0033555091722519137,0.03515625,0.9911606907844543,137.58227735757828,32.0,0.0,48.04,48.04,0.0,0.0,389.82,1.0,180.28344146728514,1851392
905,1853440,944.6585216058331,4916,-0.005484379129484296,1.839024841785431,0.41251797042787075,0.0053443964789039455,0.0645751953125,0.9911937117576599,60.6186658591032,32.0,0.0,48.16,48.16,0.0,0.0,389.82,1.0,181.04845153808594,1853440
906,1855488,944.6624269819561,4922,-0.001811268797609955,4.674508325755596,0.42651493288576603,0.0041051663720281795,0.0516357421875,0.9844045042991638,82.93029755353928,32.0,0.0,48.18,48.18,0.0,0.0,390.04,1.0,181.42346374511717,1855488
907,1857536,944.6663913981218,4929,0.005438800959382206,4.726856268942356,0.33543163910508156,0.006213097309228033,0.06591796875,0.9796028137207031,93.65659707784653,32.0,0.0,48.36,48.36,0.0,0.0,385.76,1.0,182.05314666748046,1857536
908,1859584,944.615045831579,4933,-0.0013709618360735476,5.752302028238773,0.397589054889977,0.0030587272558477707,0.039306640625,0.9653186798095703,74.17647659778595,32.0,0.0,47.66,47.66,0.0,0.0,383.9,1.0,179.655322265625,1859584
909,1861632,944.5491996059799,4937,-0.0028271776827750728,1.5323653630912304,0.42242010217159986,0.005925071265664883,0.052490234375,0.9948334097862244,39.05354565382004,32.0,0.0,47.8,47.8,0.0,0.0,381.82,1.0,180.02455474853517,1861632
910,1863680,944.5007238056327,4946,-0.0008246652601707367,1.5631967359973538,0.3543109461184471,0.010102846854997257,0.10345262096774194,0.9946235418319702,57.76938775277907,31.0,1.0,47.74,47.74,0.0,0.0,383.56,1.0,179.63663269042968,1863680
911,1865728,944.4393954430585,4949,-0.002065066510112956,1.876056857407093,0.39914573170244694,0.0026524381173658185,0.0281982421875,0.9874262809753418,73.08087654411793,32.0,0.0,47.84,47.84,0.0,0.0,382.66,1.0,179.74407836914062,1865728
912,1867776,944.406550029971,4957,-0.0033062621077988297,1.9241173192858696,0.40686666034162045,0.004994800001441035,0.05908203125,0.9948210716247559,61.569639682769775,32.0,0.0,48.06,48.06,0.0,0.0,379.52,1.0,180.32345733642578,1867776
913,1869824,944.3357633557374,4962,-0.003358977774041705,1.4322097338736057,0.29699431732296944,0.005895140966458712,0.0562744140625,0.9934602975845337,63.06898182630539,32.0,0.0,48.1,48.1,0.0,0.0,378.08,1.0,180.5827899169922,1869824
914,1871872,944.313565352253,4963,-0.006729985529091209,1.27626583725214,0.4376681922003627,0.008411330651142634,0.0963134765625,0.9906144738197327,73.99509716033936,32.0,0.0,48.16,48.16,0.0,0.0,377.5,1.0,180.89426208496093,1871872
915,1873920,944.3326754786632,4972,-0.0010804518533404917,1.3501646891236305,0.39441564679145813,0.0039911766652949154,0.0423583984375,0.9956947565078735,74.9449611902237,32.0,0.0,48.02,48.02,0.0,0.0,377.32,1.0,180.36010375976562,1873920
916,1875968,944.2737085578647,4977,-0.003343834832776338,1.8935316428542137,0.36452707182615995,0.006879614127683453,0.0802001953125,0.9916905164718628,105.35384285449982,32.0,0.0,47.88,47.88,0.0,0.0,381.02,1.0,180.12512145996095,1875968
917,1878016,944.2800563851678,4979,-0.0006807770987506956,1.4066098630428314,0.3768142480403185,0.005735101229220163,0.056396484375,0.9892538189888,88.01328328251839,32.0,0.0,47.84,47.84,0.0,0.0,383.56,1.0,180.17205169677734,1878016
918,1880064,944.2632950978189,4989,-0.0021476148394867778,1.7275660894811153,0.42251960653811693,0.0017540575936436653,0.0186767578125,0.9948616623878479,82.16575711965561,32.0,0.0,48.58,48.58,0.0,0.0,385.8,1.0,182.92225036621093,1880064
919,1882112,944.2087004750973,4993,0.0005745726521126926,3.106013171374798,0.3674355745315552,0.005411610109149478,0.0552978515625,0.9884146451950073,181.5085005760193,32.0,0.0,48.42,48.42,0.0,0.0,386.04,1.0,182.13273986816407,1882112
920,1884160,944.2357105987319,4995,0.008376937214052305,4.472603678703308,0.4511529840528965,0.008218476563342847,0.0802001953125,0.9710637331008911,57.14093468338251,32.0,0.0,48.34,48.34,0.0,0.0,386.04,1.0,181.6654428100586,1884160
921,1886208,944.1698003240382,5003,0.001778206555172801,4.253138788044453,0.41251320485025644,0.006234808926819824,0.05810546875,0.9887380003929138,72.36940053105354,32.0,0.0,48.4,48.4,0.0,0.0,383.2,1.0,182.12389251708984,1886208
922,1888256,944.1005465506546,5009,0.0026569839101284742,8.384158328175545,0.39869025629013777,0.007314414062420838,0.0833740234375,0.9711841344833374,136.43637931346893,32.0,0.0,47.54,47.54,0.0,0.0,388.66,1.0,178.77299018859864,1888256
923,1890304,944.0710049605417,5010,0.002679231154615991,5.1903732270002365,0.45758001413196325,0.005640446201141458,0.0552978515625,0.9757986068725586,60.417534321546555,32.0,0.0,47.5,47.5,0.0,0.0,388.66,1.0,178.1436890411377,1890304
924,1892352,944.06616645387,5017,-0.0017085724684875458,4.052765280008316,0.46846563555300236,0.005974956635327544,0.0609130859375,0.9889692068099976,74.11411896348,32.0,0.0,47.5,47.5,0.0,0.0,391.24,1.0,178.24726417541504,1892352
925,1894400,944.0431512534531,5025,-0.0009425664466107264,3.8442375399172306,0.384641925804317,0.005043487006332725,0.0577392578125,0.9851648807525635,85.41674560308456,32.0,0.0,46.68,46.68,0.0,0.0,390.1,1.0,174.74627727508545,1894400
926,1896448,944.0277843489202,5027,-0.0026757207087939605,2.4991021379828453,0.39445368852466345,0.0031078534011612646,0.0350341796875,0.9863365292549133,88.41836315393448,32.0,0.0,46.7,46.7,0.0,0.0,387.6,1.0,174.71056468963624,1896448
927,1898496,944.0135341557717,5033,-0.0005387498968048021,1.6425244845449924,0.4220624528825283,0.010338624284486286,0.1146240234375,0.9949228167533875,65.59633135795593,32.0,0.0,46.68,46.68,0.0,0.0,387.02,1.0,174.5428678512573,1898496
928,1900544,944.0059119941475,5041,-0.0015154199354583398,1.502253144979477,0.3285282589495182,0.00238179812731687,0.028076171875,0.9950417876243591,87.74182122945786,32.0,0.0,46.74,46.74,0.0,0.0,389.54,1.0,175.02061473846436,1900544
929,1902592,943.9874131104921,5043,-0.002835892082657665,1.889370422810316,0.3914521439000964,0.002529962337575853,0.0294189453125,0.9896957278251648,73.0060039460659,32.0,0.0,46.78,46.78,0.0,0.0,389.54,1.0,175.36239055633544,1902592
930,1904640,943.9688131806346,5050,-0.0023056871577864513,1.5997157655656338,0.3956928914412856,0.006188652492710389,0.071044921875,0.9950913786888123,46.43755070865154,32.0,0.0,46.88,46.88,0.0,0.0,386.9,1.0,175.8109803390503,1904640
931,1906688,944.1186413791646,5057,0.005463373924915989,2.498639543851217,0.35556546598672867,0.007646586435536544,0.047200520833333336,0.9910860061645508,74.04072705904643,12.0,1.0,46.94,46.94,0.0,0.0,388.56,1.0,176.38968517303468,1906688
932,1908736,944.0723544890358,5060,-0.002236584245110862,2.278317641466856,0.41360749397426844,0.002133530921128113,0.02392578125,0.9890515208244324,93.57940816879272,32.0,0.0,47.76,47.76,0.0,0.0,385.64,1.0,179.4842789077759,1908736
933,1910784,944.0222288109329,5067,-0.0012787299638148397,1.5960573591291904,0.3762012114748359,0.006396795986802317,0.059326171875,0.995147705078125,53.2893431186676,32.0,0.0,47.54,47.54,0.0,0.0,384.9,1.0,178.12563846588134,1910784
934,1912832,944.0418013884877,5074,-0.004200473631499335,3.5465461909770966,0.352367983199656,0.0032183335642912425,0.0367431640625,0.9860180616378784,98.3693778514862,32.0,0.0,48.46,48.46,0.0,0.0,382.4,1.0,181.6458297729492,1912832
935,1914880,943.9956747796645,5079,0.0032628339831717312,2.6484299078583717,0.36233530938625336,0.008763567529967986,0.0933837890625,0.9900004863739014,75.48993420600891,32.0,0.0,48.36,48.36,0.0,0.0,377.64,1.0,181.05211029052734,1914880
936,1916928,943.95295920859,5085,-0.0020923798147123307,2.3843925073742867,0.38862390629947186,0.002793195024423767,0.035888671875,0.9914349913597107,89.4774478673935,32.0,0.0,48.48,48.48,0.0,0.0,373.1,1.0,181.60195404052735,1916928
937,1918976,944.0472897435109,5089,0.004106358676734898,1.673209223482344,0.38116996983687085,0.00873167200997058,0.08116319444444445,0.9947569966316223,50.12721294826932,18.0,1.0,48.34,48.34,0.0,0.0,373.1,1.0,180.79464599609375,1918976
938,1921024,943.9883256902291,5095,-0.0031035849533509463,1.778068020939827,0.34347685519605875,0.0027966669003944844,0.0341796875,0.9943534135818481,71.33160093426704,32.0,0.0,48.42,48.42,0.0,0.0,370.74,1.0,180.48821868896485,1921024
939,1923072,944.1219302523123,5100,0.0019333393778651954,1.557076919078827,0.37792723178863524,0.012227701465599239,0.09765625,0.9929043650627136,75.32913856506347,10.0,1.0,48.42,48.42,0.0,0.0,371.32,1.0,180.45201904296874,1923072
940,1925120,944.0761779147974,5106,-0.0012256012705620378,1.4560761116445065,0.3568965597078204,0.006423783932405058,0.0650634765625,0.9950768947601318,82.89371880888939,32.0,0.0,48.34,48.34,0.0,0.0,369.42,1.0,180.08416870117188,1925120
941,1927168,944.0265239331968,5111,-0.002129645145032555,1.4114949516952038,0.3166732657700777,0.003250078014389146,0.041748046875,0.9952160716056824,47.512986838817596,32.0,0.0,48.46,48.46,0.0,0.0,372.16,1.0,180.8282257080078,1927168
942,1929216,944.0076725120607,5116,-0.002927134992205538,1.681362073868513,0.38147821463644505,0.0038926429260754958,0.04638671875,0.9930485486984253,46.741608530282974,32.0,0.0,48.52,48.52,0.0,0.0,371.12,1.0,181.37343780517577,1929216
943,1931264,944.06771714258,5122,0.00151025359518826,1.6384273171424866,0.3848739728331566,0.006804326083511114,0.0423828125,0.9944183826446533,46.600195503234865,20.0,1.0,48.5,48.5,0.0,0.0,371.2,1.0,181.222822265625,1931264
944,1933312,943.9993291658194,5127,0.00012808259634766728,1.529066413640976,0.3473464250564575,0.005525017666514032,0.0426025390625,0.9942952990531921,55.21058243513107,32.0,0.0,48.56,48.56,0.0,0.0,376.6,1.0,181.4724642944336,1933312
945,1935360,943.9712999743134,5132,-0.0024893224908737466,1.8939912542700768,0.4025193899869919,0.004871944620390423,0.059326171875,0.9933547377586365,100.02675923705101,32.0,0.0,48.38,48.38,0.0,0.0,382.42,1.0,180.6646987915039,1935360
946,1937408,943.9281319648649,5139,-0.0028935791706317104,1.7998421229422092,0.41204315796494484,0.006036703867721371,0.0738525390625,0.9931329488754272,64.25751721858978,32.0,0.0,48.56,48.56,0.0,0.0,379.8,1.0,181.5657797241211,1937408
947,1939456,943.8657699569682,5143,-0.0020813698938582093,2.5203869454562664,0.3433244675397873,0.005413279424828943,0.04052734375,0.9914145469665527,70.66842377185822,32.0,0.0,48.44,48.44,0.0,0.0,383.02,1.0,181.59964080810548,1939456
948,1941504,943.8636219675996,5149,-0.004211068691802211,1.8187820985913277,0.34153370559215546,0.0016088362972368486,0.017578125,0.9935941100120544,80.15038433670998,32.0,0.0,48.4,48.4,0.0,0.0,381.0,1.0,181.56612274169922,1941504
949,1943552,943.8072512992845,5151,-0.00271479319781065,1.4078080877661705,0.4066143212839961,0.004017132705484983,0.044921875,0.9926779270172119,46.547108858823776,32.0,0.0,48.34,48.34,0.0,0.0,381.0,1.0,181.1090460205078,1943552
950,1945600,943.8087681430003,5160,-0.0038254476676229388,2.797114059329033,0.36911187041550875,0.006694123432680499,0.0623779296875,0.9928629994392395,54.70499184727669,32.0,0.0,48.4,48.4,0.0,0.0,382.16,1.0,181.4307827758789,1945600
951,1947648,943.7357549369227,5165,-0.003961512673413381,2.9452488496899605,0.3598072212189436,0.007114210864529014,0.08447265625,0.9888697862625122,76.90904480218887,32.0,0.0,48.26,48.26,0.0,0.0,384.62,1.0,180.83173767089843,1947648
952,1949696,943.7108649878231,5168,0.00030723547388333827,3.748190976679325,0.3825628971680999,0.0034557438630145043,0.037353515625,0.9843623638153076,85.5404227077961,32.0,0.0,48.34,48.34,0.0,0.0,382.52,1.0,181.21552337646483,1949696
953,1951744,943.6732669955607,5176,0.003493388940114528,4.4271672666072845,0.404190962202847,0.009628746418457013,0.0960693359375,0.9869407415390015,89.83691111207008,32.0,0.0,47.66,47.66,0.0,0.0,383.8,1.0,178.78497772216798,1951744
954,1953792,943.6421201143858,5181,0.0002767860278254375,1.393543802201748,0.36612528655678034,0.006122584374679718,0.0697021484375,0.9938682317733765,74.96059156954288,32.0,0.0,47.74,47.74,0.0,0.0,385.9,1.0,179.1256832885742,1953792
955,1955840,943.5987704962907,5185,-0.0018561330653028563,1.5705361664295197,0.4351649386808276,0.004448861320270225,0.0518798828125,0.9943353533744812,64.75135135650635,32.0,0.0,47.84,47.84,0.0,0.0,384.32,1.0,179.47448760986327,1955840
956,1957888,943.5599367546198,5191,-0.0017513595666969195,1.9535875394940376,0.35716543439775705,0.0029831493229721673,0.0369873046875,0.9931485056877136,61.2489156126976,32.0,0.0,47.88,47.88,0.0,0.0,385.04,1.0,179.74983673095704,1957888
957,1959936,943.5340915221427,5197,-0.004246274620527402,1.4581089541316032,0.41216710302978754,0.002048465554253198,0.0218505859375,0.9940124750137329,61.46431851387024,32.0,0.0,47.78,47.78,0.0,0.0,387.02,1.0,179.31932983398437,1959936
958,1961984,943.496847685266,5203,-0.002097988355671987,1.554735567420721,0.3351867636665702,0.0025226112629752606,0.026611328125,0.9953061938285828,93.14498567581177,32.0,0.0,48.02,48.02,0.0,0.0,381.56,1.0,180.0126382446289,1961984
959,1964032,943.4942236659002,5207,-0.0014322161150630563,1.7301857471466064,0.3250723211094737,0.001026279955112841,0.0098876953125,0.9920397400856018,93.46400526165962,32.0,0.0,48.06,48.06,0.0,0.0,380.14,1.0,179.9171530151367,1964032
960,1966080,943.4602127820248,5213,-0.003507650224491954,1.8168285451829433,0.39017186127603054,0.0039015494330669753,0.0518798828125,0.9916499853134155,64.14075616002083,32.0,0.0,47.94,47.94,0.0,0.0,378.8,1.0,179.2105990600586,1966080
961,1968128,943.4506052343118,5220,-0.0018871998036047444,1.7754698358476162,0.34890949446707964,0.0028806991322198883,0.029052734375,0.9948903322219849,99.053371489048,32.0,0.0,48.04,48.04,0.0,0.0,375.82,1.0,179.25765686035157,1968128
962,1970176,943.420103103583,5225,-0.0015214165032375604,1.6702203452587128,0.358486476354301,0.0020930870741722174,0.0252685546875,0.9932399988174438,92.74430575966835,32.0,0.0,48.18,48.18,0.0,0.0,372.32,1.0,180.17639739990236,1970176
963,1972224,943.3723427441872,5230,-0.002716878370847553,1.6373352110385895,0.40246161445975304,0.0028477299274527468,0.035888671875,0.9920725226402283,75.87342989444733,32.0,0.0,48.84,48.84,0.0,0.0,367.78,1.0,182.58799591064454,1972224
964,1974272,943.3413450751997,5237,-0.002978162679937668,1.4148853234946728,0.35291022155433893,0.0036501662616501562,0.0467529296875,0.9958207607269287,81.05114299058914,32.0,0.0,48.84,48.84,0.0,0.0,367.56,1.0,182.58709991455078,1974272
965,1976320,943.2798963367153,5241,-0.001481103798141703,1.6928391195833683,0.38040408212691545,0.004023856083222199,0.0460205078125,0.9926744103431702,65.80975699424744,32.0,0.0,48.92,48.92,0.0,0.0,367.56,1.0,183.4292562866211,1976320
966,1978368,943.2509961288131,5249,-0.0013436277949949726,2.1425394229590893,0.3459586873650551,0.002446604958095122,0.032958984375,0.9936802387237549,112.31619849801064,32.0,0.0,49.08,49.08,0.0,0.0,361.84,1.0,184.13618286132814,1978368
967,1980416,943.2046153414138,5253,-0.0006737209623679519,1.740000069141388,0.36237800773233175,0.005317295072018169,0.059814453125,0.9923286437988281,61.32005678117275,32.0,0.0,49.04,49.04,0.0,0.0,363.5,1.0,184.18345062255858,1980416
968,1982464,943.1590839207718,5257,-0.0018146816873922944,2.536121852695942,0.3862293213605881,0.004123255945160054,0.0543212890625,0.9900161027908325,117.64103960990906,32.0,0.0,49.04,49.04,0.0,0.0,363.68,1.0,184.42066345214843,1982464
969,1984512,943.1139034846866,5266,-0.0056332566746277735,2.4763079173862934,0.3924070857465267,0.006344286310195457,0.0462646484375,0.9927492141723633,80.3542041182518,32.0,0.0,49.32,49.32,0.0,0.0,365.2,1.0,185.98007995605468,1984512
970,1986560,943.1041704353773,5270,-0.004629921866580844,2.207892455160618,0.3571942634880543,0.004196565576421563,0.0478515625,0.9918172359466553,106.77001988887787,32.0,0.0,49.26,49.26,0.0,0.0,365.14,1.0,185.903193359375,1986560
971,1988608,943.060833102775,5272,-0.0014199393626768142,1.4056595340371132,0.36007645167410374,0.005783136555692181,0.0626220703125,0.992259681224823,42.591374427080154,32.0,0.0,49.26,49.26,0.0,0.0,364.7,1.0,185.71594787597655,1988608
972,1990656,943.2126807126845,5283,0.003929069659744318,3.0990591049194336,0.38128641706246597,0.014080277124706369,0.11658653846153846,0.9920982122421265,100.93914501483624,13.0,1.0,49.14,49.14,0.0,0.0,368.86,1.0,185.22309326171876,1990656
973,1992704,943.1661928212951,5288,0.003870424145134166,5.644602864980698,0.35415868554264307,0.006771935375581961,0.051513671875,0.9810678958892822,91.26807372272015,32.0,0.0,49.1,49.1,0.0,0.0,368.04,1.0,185.1167791748047,1992704
974,1994752,943.1396711112625,5288,0.0005013855989091098,4.654737055301666,0.3970489762723446,0.0031695487195975147,0.036376953125,0.9759275317192078,76.28488898277283,32.0,0.0,49.1,49.1,0.0,0.0,368.04,1.0,185.1167791748047,1994752
975,1996800,943.1403158008387,5300,-0.0018596885784063488,6.026963904500008,0.3986754398792982,0.005187301627302077,0.048583984375,0.9848728775978088,49.94801825284958,32.0,0.0,48.28,48.28,0.0,0.0,372.64,1.0,181.9365991973877,1996800
976,1998848,943.081224620975,5304,-0.0009241777006536722,1.60084068775177,0.34814350586384535,0.004203241871437058,0.052734375,0.9922991991043091,131.66308271884918,32.0,0.0,48.38,48.38,0.0,0.0,372.68,1.0,182.40129096984865,1998848
977,2000896,943.0282946891563,5305,0.0010220720141660422,1.2889682687819004,0.40241471491754055,0.0053066962864249945,0.064208984375,0.9923371076583862,69.33489106595516,32.0,0.0,48.38,48.38,0.0,0.0,370.52,1.0,182.28808296203613,2000896
978,2002944,942.9783548094624,5314,-0.0012261037772987038,2.3302441649138927,0.4397948533296585,0.006958403486351017,0.07421875,0.9947078227996826,66.27324000000954,32.0,0.0,48.24,48.24,0.0,0.0,372.76,1.0,181.72878120422362,2002944
979,2004992,942.9443603748889,5320,-0.0009967844234779477,2.187733020633459,0.3758319215849042,0.004547758770058863,0.051513671875,0.9925355315208435,114.82334160804749,32.0,0.0,48.14,48.14,0.0,0.0,376.88,1.0,181.5537442779541,2004992
980,2007040,942.9410671599247,5322,-0.003982499736594036,1.9278064593672752,0.3791500711813569,0.0035170017945347354,0.0281982421875,0.9886472821235657,69.73462015390396,32.0,0.0,48.12,48.12,0.0,0.0,377.34,1.0,181.8618906402588,2007040
981,2009088,942.9342844844257,5331,-0.0018003441218752414,1.9391143880784512,0.426977027207613,0.005583037629548926,0.0634765625,0.9947251677513123,74.41730606555939,32.0,0.0,48.1,48.1,0.0,0.0,377.8,1.0,181.87980812072755,2009088
982,2011136,942.8850017164153,5336,-0.003994905273430049,1.498472597450018,0.3219421561807394,0.0035359678076929413,0.0498046875,0.9938950538635254,95.4267045557499,32.0,0.0,47.96,47.96,0.0,0.0,379.7,1.0,181.08218299865723,2011136
983,2013184,942.8856483214753,5338,-0.003058774716919288,1.6447739377617836,0.4009079039096832,0.0027275790052954108,0.0362548828125,0.9856423735618591,77.76981207728386,32.0,0.0,48.0,48.0,0.0,0.0,378.08,1.0,181.12285774230958,2013184
984,2015232,942.8236920345431,5348,-0.003380293521331623,1.885019302368164,0.39270404260605574,0.001737248727295082,0.0196533203125,0.9955053329467773,115.19031155109406,32.0,0.0,48.72,48.72,0.0,0.0,378.34,1.0,183.85617767333986,2015232
985,2017280,942.7943410141343,5352,0.00018836343951988965,2.220185350626707,0.30554408114403486,0.0024987316646729596,0.0316162109375,0.990629255771637,112.63566467165947,32.0,0.0,48.72,48.72,0.0,0.0,378.46,1.0,184.05023956298828,2017280
986,2019328,942.7263260410297,5358,0.0037471219256985933,1.8798169158399105,0.4175457116216421,0.008250960818259045,0.0794677734375,0.9932878613471985,61.21446844935417,32.0,0.0,48.82,48.82,0.0,0.0,370.16,1.0,184.08268249511718,2019328
987,2021376,942.8839587869959,5365,0.011304910548708656,1.5533425699580798,0.3756198368289254,0.016599464060908013,0.11860795454545454,0.9946134090423584,68.9472375349565,11.0,1.0,48.98,48.98,0.0,0.0,363.9,1.0,184.57299041748047,2021376
988,2023424,942.8510699893749,5368,0.001233403367223218,1.4491552598774433,0.32645405642688274,0.006513326552521903,0.06396484375,0.9940871596336365,71.81942197680473,32.0,0.0,49.08,49.08,0.0,0.0,362.8,1.0,184.93951873779298,2023424
989,2025472,942.8330530930281,5375,0.0016315111715812236,1.666109412908554,0.40128073282539845,0.005290133361995686,0.052490234375,0.9934719204902649,69.55655363202095,32.0,0.0,49.04,49.04,0.0,0.0,360.82,1.0,184.47624786376954,2025472
990,2027520,942.8064821639616,5381,-0.003052172076422721,2.015951331704855,0.40398265048861504,0.0037904226046521217,0.04443359375,0.993813157081604,59.741023898124695,32.0,0.0,49.08,49.08,0.0,0.0,359.46,1.0,184.29224365234376,2027520
991,2029568,942.8036072662017,5384,-0.003033401953871362,1.4447554983198643,0.35162569396197796,0.003296203023637645,0.041259765625,0.993175745010376,36.987695664167404,32.0,0.0,49.12,49.12,0.0,0.0,363.16,1.0,184.83115447998046,2029568
992,2031616,942.8136852495641,5390,-0.002207591664046049,2.6735498793423176,0.416559130884707,0.006832816339738201,0.0675048828125,0.9910228252410889,66.82875388860703,32.0,0.0,49.08,49.08,0.0,0.0,362.54,1.0,184.44096618652344,2031616
993,2033664,942.7989266261326,5398,-0.0016929049015743658,1.960455983877182,0.36525783501565456,0.0050627380987862125,0.0595703125,0.993873655796051,94.03419238328934,32.0,0.0,49.12,49.12,0.0,0.0,362.14,1.0,184.2939288330078,2033664
994,2035712,942.7938590835138,5400,-0.0032220839348156005,1.4232345148921013,0.361622161231935,0.006296051011304371,0.0687255859375,0.9942497611045837,69.57966229319572,32.0,0.0,49.1,49.1,0.0,0.0,363.56,1.0,184.23999542236328,2035712
995,2037760,942.7908080421228,5406,-0.002313561039045453,1.4982448183000088,0.4206949910148978,0.00765026398585178,0.0595703125,0.9946911931037903,44.3194759786129,32.0,0.0,49.08,49.08,0.0,0.0,372.58,1.0,184.2457730102539,2037760
996,2039808,942.7565405580326,5413,0.0017499260138720274,1.7714363932609558,0.3685457604005933,0.006741990240698215,0.072265625,0.9942753911018372,49.51664361357689,32.0,0.0,48.94,48.94,0.0,0.0,380.68,1.0,184.12659454345703,2039808
997,2041856,942.7490045530212,5417,-0.0006952958065085113,2.192077584564686,0.33021563570946455,0.0039234861033037305,0.0394287109375,0.9915496706962585,82.18343898653984,32.0,0.0,48.9,48.9,0.0,0.0,378.7,1.0,183.67786956787108,2041856
998,2043904,942.7340950112412,5424,-0.002431415894534439,1.358392734080553,0.397216341458261,0.0018457723781466484,0.021240234375,0.9956035017967224,75.62323880195618,32.0,0.0,48.96,48.96,0.0,0.0,374.7,1.0,183.41684112548828,2043904
999,2045952,942.6842816061427,5431,-0.0027948951174039394,1.968087863177061,0.38952171616256237,0.0027608162999968044,0.03369140625,0.9932175278663635,69.21770229935646,32.0,0.0,49.02,49.02,0.0,0.0,377.72,1.0,183.92027130126954,2045952
1000,2048000,942.6454084852744,5433,-0.0024393604253418744,1.5687549449503422,0.39508506190031767,0.0031605237381882034,0.0404052734375,0.9927288293838501,71.75815641880035,32.0,0.0,49.02,49.02,0.0,0.0,375.92,1.0,183.8608657836914,2048000
1001,2050048,942.5720197681258,5440,-0.0023393817973555997,1.566684503108263,0.37054406199604273,0.0032312080002157018,0.038330078125,0.9952226877212524,62.85034304857254,32.0,0.0,49.04,49.04,0.0,0.0,376.74,1.0,183.9225408935547,2050048
1002,2052096,942.5894663776012,5447,-0.003256351425079629,1.4380448162555695,0.3753917310386896,0.0032878480124054477,0.045654296875,0.9954597353935242,69.38829293847084,32.0,0.0,49.1,49.1,0.0,0.0,375.6,1.0,184.14557556152343,2052096
1003,2054144,942.5616770368856,5449,0.0005549995985347778,1.2980521097779274,0.3391330549493432,0.003449637566518504,0.042724609375,0.9942138195037842,57.29865583777428,32.0,0.0,49.08,49.08,0.0,0.0,375.7,1.0,184.09089416503906,2054144
1004,2056192,942.5156836131489,5457,-0.004088834102731198,1.3802487291395664,0.41371653601527214,0.006950314455025364,0.0770263671875,0.995765745639801,59.534145057201385,32.0,0.0,49.1,49.1,0.0,0.0,373.9,1.0,184.50906066894532,2056192
1005,2058240,942.5171357939013,5463,0.00466365432711663,1.8444090772558142,0.37916626974388407,0.0115121364403792,0.11704282407407407,0.9937846064567566,81.08381589253743,27.0,1.0,49.2,49.2,0.0,0.0,371.02,1.0,185.07593933105468,2058240
1006,2060288,942.5106475735319,5466,0.0006021199515089393,1.324736826121807,0.3589698411524296,0.006114988231274765,0.07470703125,0.9934158325195312,87.61500692367554,32.0,0.0,49.36,49.36,0.0,0.0,368.22,1.0,185.7785580444336,2060288
1007,2062336,942.4665138777643,5473,-0.0055602298671146855,2.630107019096613,0.38248301204293966,0.0034789963756338693,0.041748046875,0.9916948080062866,79.02864229679108,32.0,0.0,49.42,49.42,0.0,0.0,370.14,1.0,186.22677215576172,2062336
1008,2064384,942.4134929936479,5480,-0.0006494707486126572,3.2670986354351044,0.36535281501710415,0.00515111353888642,0.05908203125,0.9914396405220032,79.11675348877907,32.0,0.0,49.34,49.34,0.0,0.0,368.66,1.0,186.15197784423827,2064384
1009,2066432,942.3686036762973,5483,-0.0024018635594984517,5.181908033788204,0.3874253686517477,0.0042680592378019355,0.0556640625,0.976615309715271,84.46851369738579,32.0,0.0,49.34,49.34,0.0,0.0,369.86,1.0,186.15576538085938,2066432
1010,2068480,942.3243339687752,5489,-0.0011994991364190355,4.6897081434726715,0.4101856919005513,0.0014892454200889915,0.0135498046875,0.9886019825935364,123.07788348197937,32.0,0.0,49.46,49.46,0.0,0.0,368.82,1.0,186.6533383178711,2068480
1011,2070528,942.2581538231246,5496,-0.005731443467084318,4.395874284207821,0.3782787099480629,0.008800908690318465,0.0791015625,0.986556887626648,59.161673963069916,32.0,0.0,48.68,48.68,0.0,0.0,371.72,1.0,184.16840171813965,2070528
1012,2072576,942.2397186854582,5500,0.0001739828585414216,2.0440987534821033,0.38731169793754816,0.004934323464112822,0.0599365234375,0.9915245175361633,113.43397521972656,32.0,0.0,48.68,48.68,0.0,0.0,370.64,1.0,184.11250419616698,2072576
1013,2074624,942.2280352513154,5508,-0.004399641969939694,1.8649421110749245,0.4123038537800312,0.004058513659401797,0.0523681640625,0.9947096705436707,81.30012732744217,32.0,0.0,48.64,48.64,0.0,0.0,366.68,1.0,183.41792137145995,2074624
1014,2076672,942.2071898868176,5513,-0.002539588705985807,1.796347439289093,0.34844618756324053,0.0020317603193689138,0.022705078125,0.9923404455184937,94.28774410486221,32.0,0.0,48.68,48.68,0.0,0.0,366.74,1.0,183.60931053161622,2076672
1015,2078720,942.1834008226094,5519,-0.0034115876478608698,1.8718662858009338,0.35641390923410654,0.0027366799986339174,0.0333251953125,0.9933522939682007,87.15801101922989,32.0,0.0,48.64,48.64,0.0,0.0,364.0,1.0,183.80943382263183,2078720
1016,2080768,942.1602441041302,5525,-0.0009278418001485988,1.454636212438345,0.34290912188589573,0.004117956050322391,0.0484619140625,0.9944269061088562,73.91004857420921,32.0,0.0,48.74,48.74,0.0,0.0,361.56,1.0,184.222836227417,2080768
1017,2082816,942.1554785147886,5530,-0.001424929650966078,2.55795306712389,0.374093328602612,0.002290571319463197,0.023681640625,0.9884802103042603,87.90269529819489,32.0,0.0,48.52,48.52,0.0,0.0,361.4,1.0,183.12297691345213,2082816
1018,2084864,942.1626167796605,5539,-0.0003385262534720823,1.5437532030045986,0.374936499632895,0.0030213590944185853,0.031494140625,0.9955023527145386,62.551958844065666,32.0,0.0,48.42,48.42,0.0,0.0,356.16,1.0,183.00339530944825,2084864
1019,2086912,942.1782716402935,5542,0.0010079790372401476,1.7143388465046883,0.33603168558329344,0.004116821124625858,0.0469970703125,0.9924455285072327,121.34544634819031,32.0,0.0,48.44,48.44,0.0,0.0,355.04,1.0,182.75451652526854,2086912
1020,2088960,942.1689848999189,5545,-0.0018197252502432093,1.5412442311644554,0.3740196470171213,0.0013408633021754213,0.0125732421875,0.9939195513725281,77.22524750232697,32.0,0.0,49.3,49.3,0.0,0.0,352.6,1.0,185.9169677734375,2088960
1021,2091008,942.1446228869322,5555,-0.0014714782882947475,1.0726960580796003,0.36467139050364494,0.005039356765337288,0.060791015625,0.9968124628067017,70.14356543123722,32.0,0.0,49.3,49.3,0.0,0.0,350.8,1.0,185.83105590820313,2091008
1022,2093056,942.13013184286,5558,-0.002270189201226458,1.3349971920251846,0.32827967684715986,0.002061000202957075,0.025634765625,0.9932396411895752,87.3061752319336,32.0,0.0,49.36,49.36,0.0,0.0,350.92,1.0,186.0012548828125,2093056
1023,2095104,942.1251916241005,5565,-0.001013623084872961,1.8177080489695072,0.40525887720286846,0.001823220016376581,0.017822265625,0.9930718541145325,132.23548591136932,32.0,0.0,49.32,49.32,0.0,0.0,351.0,1.0,186.1836962890625,2095104
1024,2097152,942.1202786578332,5572,-3.356453089509159e-05,4.595939852297306,0.3769538439810276,0.0035450774303171784,0.0411376953125,0.9864341020584106,94.7977619767189,32.0,0.0,49.28,49.28,0.0,0.0,354.84,1.0,185.5286129760742,2097152
1025,2099200,942.124278643419,5574,0.0005953777290415019,1.8015396483242512,0.40683911088854074,0.007047746046737302,0.067138671875,0.9920944571495056,88.59022027254105,32.0,0.0,49.22,49.22,0.0,0.0,356.92,1.0,185.3182229614258,2099200
1026,2101248,942.1039591782499,5583,-0.0036250054981792346,2.0161699913442135,0.40993322245776653,0.0034621448576217517,0.033935546875,0.9938607811927795,54.755536913871765,32.0,0.0,49.16,49.16,0.0,0.0,361.7,1.0,185.24325073242187,2101248
1027,2103296,942.0480710236138,5587,0.0016963450179900974,1.7342288941144943,0.36136005725711584,0.008751894005399663,0.09326171875,0.9939578175544739,63.489350229501724,32.0,0.0,49.28,49.28,0.0,0.0,363.1,1.0,185.82460510253907,2103296
1028,2105344,942.0277603058641,5590,0.005420969595434144,2.086044602096081,0.43138653598725796,0.010122862695425283,0.1109619140625,0.9875141382217407,65.27508607506752,32.0,0.0,49.22,49.22,0.0,0.0,365.98,1.0,185.63534759521485,2105344
1029,2107392,942.0075048276974,5599,-0.0010969449213007465,1.9604120664298534,0.3968573734164238,0.005302502358972561,0.0628662109375,0.9944681525230408,83.53783452510834,32.0,0.0,49.16,49.16,0.0,0.0,369.26,1.0,185.84496612548827,2107392
1030,2109440,941.9948741869282,5604,-2.7494781534187496e-05,2.3993696682155132,0.37042545806616545,0.0038549040182260796,0.0472412109375,0.9922636151313782,101.9509262740612,32.0,0.0,49.06,49.06,0.0,0.0,373.04,1.0,185.83921600341796,2109440
1031,2111488,941.9824660974456,5607,-0.0027525027107913047,1.8974294923245907,0.4327642908319831,0.0033373356636730023,0.0433349609375,0.9913007616996765,88.89391529560089,32.0,0.0,49.06,49.06,0.0,0.0,372.84,1.0,185.9134716796875,2111488
1032,2113536,941.9462747593179,5616,-0.0030927491461625323,2.18526254221797,0.4175484925508499,0.0030200900218915194,0.03759765625,0.9940021634101868,101.07888233661652,32.0,0.0,48.88,48.88,0.0,0.0,374.48,1.0,184.93019104003906,2113536
1033,2115584,941.9278569540529,5620,-0.0011251390824327245,2.3218241594731808,0.3644130351021886,0.0023605684327776544,0.0306396484375,0.9919467568397522,108.48826891183853,32.0,0.0,48.56,48.56,0.0,0.0,375.22,1.0,183.80179077148438,2115584
1034,2117632,941.8941570938023,5623,-0.00035894932807423174,1.7806547917425632,0.39068667497485876,0.00433803101623198,0.0433349609375,0.9904131293296814,63.510709673166275,32.0,0.0,48.58,48.58,0.0,0.0,371.76,1.0,183.84330780029296,2117632
1035,2119680,941.8787313374419,5631,-0.003956693923100829,1.475077636539936,0.3872430603951216,0.004215364046103787,0.0462646484375,0.9955917596817017,56.36442643404007,32.0,0.0,48.8,48.8,0.0,0.0,370.68,1.0,184.65089935302734,2119680
1036,2121728,941.8631428668726,5637,-0.0026993548235623166,2.520049348473549,0.3717214250937104,0.003584949161449913,0.0396728515625,0.9916689395904541,97.04046493768692,32.0,0.0,48.68,48.68,0.0,0.0,371.88,1.0,184.0817349243164,2121728
1037,2123776,941.8413207863001,5642,-0.002442953526042402,1.6385728865861893,0.4009283045306802,0.005472852870298084,0.0579833984375,0.9934720993041992,63.95272698998451,32.0,0.0,48.74,48.74,0.0,0.0,366.94,1.0,184.00207702636717,2123776
1038,2125824,941.826680497472,5648,-0.004497735877521336,1.6015321165323257,0.41215541306883097,0.007878717100538779,0.06884765625,0.9939828515052795,45.77436372637749,32.0,0.0,48.7,48.7,0.0,0.0,368.0,1.0,183.48294708251953,2125824
1039,2127872,941.7760735332442,5655,-0.002386308420682326,1.9189743399620056,0.35094109270721674,0.0037707636147388257,0.03759765625,0.993887722492218,79.30756956338882,32.0,0.0,48.8,48.8,0.0,0.0,361.9,1.0,183.69822174072266,2127872
1040,2129920,941.7492401002248,5659,-0.00460351025685668,1.4448994249105453,0.3585371244698763,0.0023675543125136755,0.0311279296875,0.9918763041496277,69.25748033821583,32.0,0.0,48.76,48.76,0.0,0.0,362.48,1.0,183.74164154052735,2129920
1041,2131968,941.8306589811073,5665,0.008057925671052475,1.3973609392459576,0.39333343735108006,0.013876436224493843,0.10907451923076923,0.9959746599197388,33.77216163048377,13.0,1.0,48.9,48.9,0.0,0.0,357.02,1.0,183.93036254882813,2131968
1042,2134016,941.8066947952628,5671,-0.001815393945435062,1.8452857919037342,0.41556548699736595,0.007763351473840885,0.0780029296875,0.9938304424285889,33.10499823093414,32.0,0.0,49.26,49.26,0.0,0.0,358.8,1.0,185.65032836914062,2134016
1043,2136064,941.7927920032139,5677,-0.0027514155954122543,2.141304362565279,0.42466435208916664,0.004720390708826017,0.0487060546875,0.9917052388191223,110.70809261500835,32.0,0.0,49.32,49.32,0.0,0.0,358.72,1.0,185.86395477294923,2136064
1044,2138112,941.804241988649,5683,-0.0019431214313954115,2.2863658741116524,0.39712082501500845,0.0028292342758504674,0.0325927734375,0.992534339427948,70.6719191968441,32.0,0.0,49.48,49.48,0.0,0.0,355.94,1.0,186.7268994140625,2138112
1045,2140160,941.8259998750584,5688,-0.0023448370047844946,2.6423414647579193,0.4217879381030798,0.004237854067469016,0.048583984375,0.9913103580474854,88.6456760764122,32.0,0.0,49.28,49.28,0.0,0.0,358.2,1.0,185.91999572753906,2140160
1046,2142208,941.7836711910934,5693,-0.0006635007448494434,5.359676614403725,0.40570553950965405,0.0031767972468514927,0.0341796875,0.9832905530929565,68.6239048242569,32.0,0.0,49.34,49.34,0.0,0.0,357.42,1.0,185.9301205444336,2142208
1047,2144256,941.7399452292967,5701,-0.0005364731914596632,5.4842038825154305,0.3703321758657694,0.0019595425910665654,0.0225830078125,0.9821773767471313,106.41545015573502,32.0,0.0,49.46,49.46,0.0,0.0,353.72,1.0,186.25792755126952,2144256
1048,2146304,941.7048919235451,5705,-0.0024493363016517833,7.286017209291458,0.3989397566765547,0.002171908025047742,0.0264892578125,0.9679315090179443,83.7044013440609,32.0,0.0,48.5,48.5,0.0,0.0,356.62,1.0,182.92541034698488,2146304
1049,2148352,941.868033204821,5713,0.013201383757404983,1.3765580356121063,0.35864610970020294,0.014638471155194566,0.11865234375,0.9954615831375122,76.78881919384003,8.0,1.0,48.5,48.5,0.0,0.0,356.98,1.0,182.84970142364503,2148352
1050,2150400,941.8386474948786,5719,-0.003656474524177611,1.825666181743145,0.4122280441224575,0.003402868052944541,0.04345703125,0.9932271838188171,70.59355421364307,32.0,0.0,48.5,48.5,0.0,0.0,356.56,1.0,182.80492755889892,2150400
1051,2152448,941.7969613828369,5722,0.0036938457342330366,1.6293580941855907,0.3722207425162196,0.010035571467597038,0.1046142578125,0.9931620359420776,94.57246363162994,32.0,0.0,48.52,48.52,0.0,0.0,351.52,1.0,182.83959552764892,2152448
1052,2154496,941.758906516821,5729,-0.00013342284364625812,1.7110439874231815,0.3680298812687397,0.005698102570022456,0.063720703125,0.9942470192909241,83.6426041573286,32.0,0.0,48.5,48.5,0.0,0.0,353.62,1.0,182.8427711868286,2154496
1053,2156544,941.754174804745,5736,-0.003049015795113519,1.363976839929819,0.38464978244155645,0.005532123002922162,0.0628662109375,0.995551586151123,31.02741815149784,32.0,0.0,48.72,48.72,0.0,0.0,352.98,1.0,183.70636127471923,2156544
1054,2158592,941.7261632446439,5740,-0.0001465028035454452,1.2866250909864902,0.381944065913558,0.005339127063052729,0.060302734375,0.9946334958076477,60.22457268834114,32.0,0.0,48.72,48.72,0.0,0.0,352.74,1.0,183.52913837432862,2158592
1055,2160640,941.7002765212629,5746,-0.0019482432398945093,1.4381368607282639,0.4109328854829073,0.006394898773578461,0.065673828125,0.9948385953903198,44.09478113055229,32.0,0.0,48.58,48.58,0.0,0.0,352.76,1.0,183.19406452178956,2160640
1056,2162688,941.6396957773635,5752,-0.0010087018017657101,1.6239074282348156,0.3836764506995678,0.006047490627679508,0.0621337890625,0.9942159056663513,96.32349106669426,32.0,0.0,48.54,48.54,0.0,0.0,354.34,1.0,183.1821837234497,2162688
1057,2164736,941.6124594441774,5756,-0.0030978097129263915,1.558691032230854,0.4617274897173047,0.005232097835687455,0.0616455078125,0.9942275881767273,56.61150902509689,32.0,0.0,49.48,49.48,0.0,0.0,353.88,1.0,186.67765228271483,2164736
1058,2166784,941.6059059145005,5764,-0.003314148838398978,2.97292410582304,0.4179488979279995,0.004909833303827327,0.0635986328125,0.9923341274261475,113.56642425060272,32.0,0.0,49.38,49.38,0.0,0.0,355.82,1.0,186.32998474121095,2166784
1059,2168832,941.5926144445282,5768,-0.001152318698586896,3.187033675611019,0.3872995125129819,0.003963352210121229,0.0447998046875,0.986443281173706,99.03736409544945,32.0,0.0,49.34,49.34,0.0,0.0,356.5,1.0,186.04002868652344,2168832
1060,2170880,941.5599292699585,5776,-0.0024356094072572887,1.6120206862688065,0.3980773752555251,0.002458366107020993,0.030029296875,0.9942160248756409,49.38211277127266,32.0,0.0,49.22,49.22,0.0,0.0,357.66,1.0,185.34236206054686,2170880
1061,2172928,941.5283836388768,5781,-0.0010482662182766944,1.4131713211536407,0.38332382403314114,0.0026815357414307073,0.0283203125,0.9953311681747437,98.04344773292542,32.0,0.0,49.16,49.16,0.0,0.0,358.0,1.0,184.83183959960937,2172928
1062,2174976,941.5090174752656,5785,-0.0018091696256306022,1.8674129955470562,0.4193975171074271,0.0021601752887363546,0.0224609375,0.9915340542793274,154.17969477176666,32.0,0.0,49.16,49.16,0.0,0.0,357.24,1.0,184.9169479370117,2174976
1063,2177024,941.4758065317528,5794,-0.004229625352309085,1.6612377502024174,0.41022602934390306,0.0019843616319121793,0.0240478515625,0.9950180053710938,57.00884312391281,32.0,0.0,49.26,49.26,0.0,0.0,359.32,1.0,185.28470092773438,2177024
1064,2179072,941.440138661844,5798,-0.005307366023771465,3.786276686936617,0.40167177841067314,0.003942814495530911,0.040771484375,0.9877349734306335,70.08935359120369,32.0,0.0,49.34,49.34,0.0,0.0,357.14,1.0,185.57432678222656,2179072
1065,2181120,941.4167661062739,5802,0.0006406298780348152,1.8870538286864758,0.39732676185667515,0.002474829088896513,0.023681640625,0.990722119808197,75.54956936836243,32.0,0.0,49.32,49.32,0.0,0.0,355.7,1.0,185.53083740234376,2181120
1066,2183168,941.4016659047321,5812,0.0014969403127906844,1.6223666295409203,0.37694686371833086,0.009425251962966286,0.091064453125,0.9958667159080505,74.6904627084732,32.0,0.0,49.36,49.36,0.0,0.0,354.48,1.0,185.70159240722657,2183168
1067,2185216,941.3706701021957,5816,-0.0022217831865418702,1.3741088584065437,0.37533840816468,0.0024748322466621175,0.027099609375,0.9943157434463501,119.79012715816498,32.0,0.0,49.28,49.28,0.0,0.0,358.16,1.0,185.27183898925782,2185216
1068,2187264,941.3707777792481,5819,-3.6889811356862384e-05,2.033853626251221,0.42074137131373085,0.0062161895136038465,0.06692708333333333,0.9911262392997742,59.56336208979289,30.0,1.0,49.36,49.36,0.0,0.0,351.72,1.0,185.3923617553711,2187264
1069,2189312,941.338872888123,5829,-0.003445497204666026,1.6586190275847912,0.4359874138608575,0.0019866073271259665,0.019287109375,0.9955568313598633,64.14388792216778,32.0,0.0,49.42,49.42,0.0,0.0,353.9,1.0,185.78556182861328,2189312
1070,2191360,941.3867873151926,5833,0.001160590210929513,1.7168970555067062,0.36249857395887375,0.005609935164102353,0.0667724609375,0.9929905533790588,96.26708889007568,32.0,0.0,49.46,49.46,0.0,0.0,352.98,1.0,185.98136505126953,2191360
1071,2193408,941.3659965807572,5838,-0.002049524278845638,1.8751832470297813,0.4215013151988387,0.003217975732695777,0.0347900390625,0.9910723567008972,117.82239866256714,32.0,0.0,49.4,49.4,0.0,0.0,351.46,1.0,185.35239013671875,2193408
1072,2195456,941.3291637770004,5846,-0.006316706596408039,1.6421477496623993,0.39747353829443455,0.007096164976246655,0.0780029296875,0.9955264329910278,46.62545749545097,32.0,0.0,49.4,49.4,0.0,0.0,349.4,1.0,185.30674377441406,2195456
1073,2197504,941.2972755661001,5850,-0.001685257302597165,1.216427493840456,0.376311176456511,0.003961513190006372,0.0504150390625,0.9941018223762512,67.26862043142319,32.0,0.0,49.34,49.34,0.0,0.0,350.76,1.0,185.3588198852539,2197504
1074,2199552,941.265658107556,5856,-0.002006264781812206,1.4441524110734463,0.42339555732905865,0.0026165145536651835,0.0223388671875,0.9948445558547974,107.50041553378105,32.0,0.0,49.4,49.4,0.0,0.0,353.24,1.0,185.55088958740234,2199552
1075,2201600,941.2835636387833,5862,-0.0031419865117641166,1.5269208885729313,0.4009677404537797,0.0023888256691861898,0.029541015625,0.9948363900184631,63.872874557971954,32.0,0.0,49.42,49.42,0.0,0.0,353.64,1.0,185.77267395019533,2201600
1076,2203648,941.255558309513,5867,-0.004451061467989348,1.4728207401931286,0.3838844271376729,0.0033346085765515454,0.0372314453125,0.9945486187934875,64.4778902232647,32.0,0.0,49.46,49.46,0.0,0.0,355.86,1.0,186.2455355834961,2203648
1077,2205696,941.2315748859459,5873,-0.0008780974894762039,1.1910712718963623,0.3862273208796978,0.005514715252502356,0.0657958984375,0.9959518313407898,86.94141846895218,32.0,0.0,49.48,49.48,0.0,0.0,357.84,1.0,186.55795593261718,2205696
1078,2207744,941.219609822586,5880,0.0017705519057926722,1.9005242064595222,0.3663078164681792,0.0051999379065819085,0.0606689453125,0.9933304190635681,56.00729289650917,32.0,0.0,49.5,49.5,0.0,0.0,355.86,1.0,186.65575897216797,2207744
1079,2209792,941.3022292602795,5885,0.0015162693203559943,1.4946418489728654,0.3573930093220302,0.010754189969572638,0.09402901785714286,0.9945440888404846,66.06179693767002,14.0,1.0,49.58,49.58,0.0,0.0,352.72,1.0,187.09933685302735,2209792
1080,2211840,941.2792330605989,5890,-0.002003230416448787,1.4904718361794949,0.34291649889200926,0.002419364362140186,0.032470703125,0.9939979314804077,78.46319448947906,32.0,0.0,49.58,49.58,0.0,0.0,355.3,1.0,187.08279174804687,2211840
1081,2213888,941.2102204972376,5896,-0.0015138090238906443,1.2622424438595772,0.4138240208849311,0.002999094453116413,0.0374755859375,0.9949702620506287,57.69338910281658,32.0,0.0,49.58,49.58,0.0,0.0,354.74,1.0,187.2880630493164,2213888
1082,2215936,941.1717510813817,5903,-0.0010950685682473704,1.5987346172332764,0.34289985336363316,0.0027712575683835894,0.033447265625,0.9952022433280945,133.5714191198349,32.0,0.0,49.62,49.62,0.0,0.0,352.92,1.0,187.2298550415039,2215936
1083,2217984,941.1156164931133,5907,-0.0030727048724656925,1.3112834990024567,0.38818617537617683,0.0026341696138842963,0.0284423828125,0.9935019612312317,107.36099225282669,32.0,0.0,49.56,49.56,0.0,0.0,355.4,1.0,187.06009246826173,2217984
1084,2220032,941.1179047309774,5913,-0.0024409321777056903,1.3662268109619617,0.40336674731224775,0.002534531813580543,0.0333251953125,0.9962343573570251,87.17606043815613,32.0,0.0,49.56,49.56,0.0,0.0,353.8,1.0,187.16309020996093,2220032
1085,2222080,941.0869971724547,5920,0.0015302579995477572,1.7626060247421265,0.3836415586993098,0.00513787695672363,0.0584716796875,0.9946172833442688,98.14812499284744,32.0,0.0,49.52,49.52,0.0,0.0,356.62,1.0,186.82615631103516,2222080
1086,2224128,941.0713969275646,5924,-0.001197900652186945,1.2862163111567497,0.41486746445298195,0.003236013915739022,0.0433349609375,0.9949626922607422,49.156938314437866,32.0,0.0,49.5,49.5,0.0,0.0,355.9,1.0,186.41613372802735,2224128
1087,2226176,941.0562362846371,5934,-0.0005145932518644258,1.5042994320392609,0.3348596300929785,0.004008558105851989,0.04931640625,0.995992124080658,61.07520967721939,32.0,0.0,49.62,49.62,0.0,0.0,353.48,1.0,186.94312438964843,2226176
1088,2228224,941.0319664377984,5936,-0.0032563099812250584,1.1826147977262735,0.3732460932806134,0.0024125458439812064,0.025146484375,0.9944960474967957,71.00793185830116,32.0,0.0,49.56,49.56,0.0,0.0,356.58,1.0,186.80456604003905,2228224
1089,2230272,940.9906883891941,5943,-0.003610689702327363,1.0673242509365082,0.39637227542698383,0.004425240185810253,0.0555419921875,0.9967707395553589,46.372444063425064,32.0,0.0,49.56,49.56,0.0,0.0,354.58,1.0,186.9644711303711,2230272
1090,2232320,940.9587204994291,5950,-0.003673383966088295,1.5658266805112362,0.3940530363470316,0.002825901086907834,0.032958984375,0.9949349761009216,57.83043813705444,32.0,0.0,49.58,49.58,0.0,0.0,354.36,1.0,186.90604064941405,2232320
1091,2234368,940.9134291010131,5956,0.0030902675352990627,1.9107417948544025,0.3616975490003824,0.006452390851336531,0.0633544921875,0.992409348487854,107.13685312867165,32.0,0.0,49.64,49.64,0.0,0.0,348.28,1.0,187.48305053710936,2234368
1092,2236416,940.8912752072501,5962,-0.001199480873765424,1.7639936320483685,0.38751985412091017,0.0029521980104618706,0.0355224609375,0.9945077300071716,83.48035581409931,32.0,0.0,49.64,49.64,0.0,0.0,342.42,1.0,187.07499420166016,2236416
1093,2238464,940.8564900006012,5967,-0.0016468982794322073,1.2446860671043396,0.39341731276363134,0.001613078777154442,0.0166015625,0.9946867227554321,85.04680949449539,32.0,0.0,49.62,49.62,0.0,0.0,342.08,1.0,187.11135925292967,2238464
1094,2240512,940.8352606661513,5972,-0.0022401002352125943,1.1936878468841314,0.40377399418503046,0.003993670899944846,0.0455322265625,0.9960963129997253,53.67640985548496,32.0,0.0,49.7,49.7,0.0,0.0,339.8,1.0,187.61331787109376,2240512
1095,2242560,940.787917939946,5979,-0.0015440322895301506,1.6469339281320572,0.3630753383040428,0.0052220801953808405,0.0621337890625,0.9949541091918945,98.98775088787079,32.0,0.0,49.66,49.66,0.0,0.0,341.7,1.0,187.6292755126953,2242560
1096,2244608,940.7704577089158,5984,-0.0013065393432043493,1.2758798338472843,0.36597074568271637,0.002881359359889757,0.03466796875,0.994866132736206,52.500456780195236,32.0,0.0,49.66,49.66,0.0,0.0,342.92,1.0,187.76026092529298,2244608
1097,2246656,940.7606306327084,5991,-0.002768558988464065,1.2342461794614792,0.4162147296592593,0.0026098632733919658,0.0318603515625,0.9960029721260071,63.150247514247894,32.0,0.0,49.7,49.7,0.0,0.0,343.3,1.0,187.97800720214843,2246656
1098,2248704,940.7277035253578,5996,-0.0012271370214875787,1.2754961960017681,0.36731512006372213,0.002235804589872714,0.027099609375,0.9960672855377197,63.80528607964516,32.0,0.0,49.62,49.62,0.0,0.0,346.0,1.0,187.60460205078124,2248704
1099,2250752,940.6809456529105,6003,-0.005442726222099736,1.3682753331959248,0.39387147780507803,0.004088808178494219,0.0506591796875,0.9950698614120483,44.07941398024559,32.0,0.0,49.64,49.64,0.0,0.0,346.74,1.0,187.95929626464843,2250752
1100,2252800,940.6672504206261,6009,-0.0012957055441802368,1.390431061387062,0.3810673989355564,0.005157819789019413,0.0628662109375,0.9952846765518188,52.15150246024132,32.0,0.0,49.66,49.66,0.0,0.0,348.92,1.0,187.43760314941406,2252800
1101,2254848,940.6197943922906,6015,-0.0004985046107321978,1.2784224450588226,0.4095892580226064,0.00516201498976443,0.0535888671875,0.9957461953163147,71.69570934772491,32.0,0.0,49.74,49.74,0.0,0.0,349.22,1.0,188.0481591796875,2254848
1102,2256896,940.5784684616478,6020,-0.0006159723270684481,1.4817619733512402,0.3666743338108063,0.004794111060618889,0.0517578125,0.9946199655532837,59.574937894940376,32.0,0.0,49.72,49.72,0.0,0.0,348.88,1.0,188.00214477539063,2256896
1103,2258944,940.561397483887,6026,-0.0023645112523809075,1.8809298798441887,0.38516573142260313,0.0027751061497838236,0.0272216796875,0.9945548176765442,94.08233511447906,32.0,0.0,49.74,49.74,0.0,0.0,345.4,1.0,188.28467651367188,2258944
1104,2260992,940.5441778766154,6031,-0.0008655030105728656,2.8413871824741364,0.4007130581885576,0.002654506970429793,0.0325927734375,0.9888013601303101,130.09900936484337,32.0,0.0,49.76,49.76,0.0,0.0,345.68,1.0,188.18884063720702,2260992
1105,2263040,940.5118237374973,6037,-0.0006571998819708824,2.53614005073905,0.43620549980551004,0.0037946349184494466,0.04443359375,0.9880272150039673,52.291929960250854,32.0,0.0,49.5,49.5,0.0,0.0,349.56,1.0,187.47840728759766,2263040
1106,2265088,940.4803145337346,6044,0.004343312626588158,4.489140264689922,0.3901283275336027,0.004601194785209373,0.0531005859375,0.9890518188476562,110.6688404083252,32.0,0.0,49.48,49.48,0.0,0.0,351.62,1.0,187.54369384765624,2265088
1107,2267136,940.4537272836285,6049,-0.0003845719329547137,8.367426574230194,0.36929985135793686,0.003404793911613524,0.039306640625,0.9768664836883545,118.0939510166645,32.0,0.0,49.52,49.52,0.0,0.0,347.72,1.0,187.40678985595704,2267136
1108,2269184,940.4506766305246,6055,-0.0002779044589260593,9.20945891737938,0.38844237849116325,0.0016878593669389375,0.0179443359375,0.9723386168479919,111.631611764431,32.0,0.0,48.86,48.86,0.0,0.0,345.4,1.0,184.8321290588379,2269184
1109,2271232,940.4055887098177,6060,-0.00024284463142976165,6.160132236778736,0.4356932984665036,0.0025677162702777423,0.0299072265625,0.9785035848617554,59.92636555433273,32.0,0.0,48.1,48.1,0.0,0.0,348.18,1.0,182.2797924041748,2271232
1110,2273280,940.4377744570797,6067,-0.0009394582593813539,1.4697195403277874,0.42649826779961586,0.0035339537280378863,0.0452880859375,0.996084451675415,137.51645237207413,32.0,0.0,48.04,48.04,0.0,0.0,349.64,1.0,181.8132573699951,2273280
1111,2275328,940.4186387189807,6073,-0.0016058958135545254,1.7199104279279709,0.3541768416762352,0.002239250075945165,0.024169921875,0.9943810105323792,84.74466601014137,32.0,0.0,47.98,47.98,0.0,0.0,349.08,1.0,181.16714256286622,2275328
1112,2277376,940.3724303188889,6078,1.9646831788122654e-06,1.4407929740846157,0.3971086423844099,0.007437156527885236,0.0750732421875,0.9948506951332092,52.020565927028656,32.0,0.0,48.0,48.0,0.0,0.0,346.18,1.0,180.7005037689209,2277376
1113,2279424,940.3315756387044,6086,-0.0028901054756715894,1.3684713207185268,0.407782606780529,0.0036611482137232088,0.04638671875,0.9957848787307739,93.55188274383545,32.0,0.0,48.18,48.18,0.0,0.0,343.88,1.0,181.32182823181154,2279424
1114,2281472,940.3147143085046,6091,-0.0033527501072967425,1.3842441774904728,0.36136472038924694,0.005326300350134261,0.0628662109375,0.9950594902038574,111.41456240415573,32.0,0.0,48.26,48.26,0.0,0.0,337.48,1.0,181.97657066345215,2281472
1115,2283520,940.2924060984443,6096,-0.001706080132862553,1.3685231246054173,0.3778392346575856,0.003605918594985269,0.0435791015625,0.9953107237815857,73.07962173223495,32.0,0.0,48.24,48.24,0.0,0.0,336.7,1.0,181.79596885681153,2283520
1116,2285568,940.2964491341698,6106,-0.0015625032683601603,1.506614837795496,0.34247962292283773,0.0025276460219174623,0.0277099609375,0.9958240389823914,90.53035932779312,32.0,0.0,48.84,48.84,0.0,0.0,340.9,1.0,184.05254432678223,2285568
1117,2287616,940.284603922075,6110,-0.00018955490668304265,1.7137448824942112,0.3747439878061414,0.0047365567297674716,0.05029296875,0.9928805828094482,56.793419033288956,32.0,0.0,49.6,49.6,0.0,0.0,335.78,1.0,186.55303924560548,2287616
1118,2289664,940.2642204202789,6115,-4.3261738028377295e-05,1.8830998055636883,0.4211975149810314,0.0027660540508804843,0.0325927734375,0.9938057065010071,71.68840777873993,32.0,0.0,49.62,49.62,0.0,0.0,333.02,1.0,186.56957489013672,2289664
1119,2291712,940.2343690394848,6123,-0.0007585730345454067,4.300421506166458,0.3559222863987088,0.00232594976114342,0.029541015625,0.9881303906440735,99.0985466837883,32.0,0.0,49.72,49.72,0.0,0.0,331.82,1.0,187.2998538208008,2291712
1120,2293760,940.2114684979956,6128,0.0017854132602224126,5.428622618317604,0.4017889052629471,0.00510688030772144,0.0498046875,0.9836665391921997,98.04454463720322,32.0,0.0,49.72,49.72,0.0,0.0,330.66,1.0,187.37740783691407,2293760
1121,2295808,940.2351209997524,6136,0.0031636047177016737,3.909120261669159,0.41001448035240173,0.0077041169628500935,0.0681640625,0.9903315305709839,65.70881547927857,20.0,1.0,49.72,49.72,0.0,0.0,329.74,1.0,187.24050415039062,2295808
1122,2297856,940.1956964022987,6140,-0.0007166101131588221,5.445044629275799,0.3608097853139043,0.006099346166593023,0.0526123046875,0.977701723575592,63.65665654838085,32.0,0.0,48.78,48.78,0.0,0.0,333.16,1.0,183.63628273010255,2297856
1123,2299904,940.1347992888827,6146,-0.0030733635503565893,1.2283822074532509,0.3970447164028883,0.002946675507701002,0.0382080078125,0.9959294199943542,104.07295322418213,32.0,0.0,48.8,48.8,0.0,0.0,333.98,1.0,183.57561500549318,2299904
1124,2301952,940.1211873390923,6154,-0.004211560182739049,1.7661580555140972,0.3827849952504039,0.006013377300405409,0.0810546875,0.9956749677658081,65.4162229001522,32.0,0.0,48.82,48.82,0.0,0.0,337.78,1.0,183.7162949371338,2301952
1125,2304000,940.0857810400761,6159,0.0011722392082447186,1.4573460966348648,0.3689498556777835,0.005273697650409304,0.06103515625,0.9937649369239807,88.80440872907639,32.0,0.0,48.82,48.82,0.0,0.0,336.96,1.0,183.80317085266114,2304000
1126,2306048,940.0849679263981,6165,-0.0032079853117465973,1.1191347297281027,0.3812481202185154,0.0021619333492708392,0.0245361328125,0.9951804280281067,48.775133058428764,32.0,0.0,48.86,48.86,0.0,0.0,338.1,1.0,184.01958442687987,2306048
1127,2308096,940.0680633727992,6171,-0.0016491183632751927,1.200673507526517,0.364118286408484,0.006000186724122614,0.0736083984375,0.9967209696769714,36.72457471489906,32.0,0.0,48.82,48.82,0.0,0.0,342.34,1.0,183.84163246154785,2308096
1128,2310144,940.0612054479844,6176,-0.004580541397444904,1.5703906379640102,0.3646502550691366,0.009116612207435537,0.1112060546875,0.9949347972869873,57.66071334481239,32.0,0.0,48.8,48.8,0.0,0.0,342.0,1.0,183.62897590637206,2310144
1129,2312192,940.0262943419929,6185,0.0005820058868266642,1.329222459346056,0.37699113320559263,0.00539975703577511,0.0643310546875,0.9961556792259216,90.66793662309647,32.0,0.0,48.86,48.86,0.0,0.0,341.06,1.0,183.92348762512208,2312192
1130,2314240,939.9939603288204,6188,-0.0012022129667457193,1.0997131038457155,0.38746418710798025,0.004237285982526373,0.053466796875,0.9951925277709961,53.77752077579498,32.0,0.0,48.94,48.94,0.0,0.0,336.9,1.0,184.297818069458,2314240
1131,2316288,939.986694851932,6196,-0.0028254393255338073,1.6318601965904236,0.39012163132429123,0.002057517456705682,0.021240234375,0.9955946207046509,81.8173329681158,32.0,0.0,49.78,49.78,0.0,0.0,334.44,1.0,187.38689544677734,2316288
1132,2318336,939.9477992163473,6202,0.00016696963575668633,1.0968588665127754,0.3767761290073395,0.006708714063279331,0.0782470703125,0.9965156316757202,53.00938415527344,32.0,0.0,49.8,49.8,0.0,0.0,334.16,1.0,187.38467071533202,2318336
1133,2320384,939.9279671171175,6208,-0.0038849527190905064,1.3636667542159557,0.3983691353350878,0.004226623532304075,0.050048828125,0.9953444600105286,41.78887748718262,32.0,0.0,49.82,49.82,0.0,0.0,329.7,1.0,187.0494320678711,2320384
1134,2322432,939.906166781425,6213,-0.005816075688926503,1.8700928650796413,0.43339120876044035,0.0035998264502268285,0.0419921875,0.9935302734375,49.72892144322395,32.0,0.0,49.8,49.8,0.0,0.0,329.22,1.0,187.26425567626953,2322432
1135,2324480,939.8658209640307,6221,-0.002075463766232133,1.559205025434494,0.3750261068344116,0.0038886198672116734,0.0445556640625,0.9958089590072632,66.88411059975624,32.0,0.0,49.68,49.68,0.0,0.0,330.54,1.0,187.21320373535156,2324480
1136,2326528,939.8440066948875,6224,0.0001578297233209014,1.4198604002594948,0.38582875579595566,0.00441669983410975,0.048095703125,0.9946426749229431,51.511049926280975,32.0,0.0,49.62,49.62,0.0,0.0,331.44,1.0,186.92831115722657,2326528
1137,2328576,939.8397176894964,6232,-0.004824307281523943,1.412973802536726,0.38753384817391634,0.0031220566015690565,0.03857421875,0.9961596727371216,56.448064506053925,32.0,0.0,49.6,49.6,0.0,0.0,334.28,1.0,187.2767025756836,2328576
1138,2330624,939.8137600480954,6241,-0.0014683133485959843,1.479285553097725,0.3650151137262583,0.002541922112868633,0.029296875,0.9955409169197083,91.69788354635239,32.0,0.0,49.58,49.58,0.0,0.0,330.82,1.0,186.31669555664064,2330624
1139,2332672,939.7810630559891,6246,0.0009019985591294244,1.057045254856348,0.37244839780032635,0.0028363665405777283,0.030029296875,0.9965981841087341,82.42406985163689,32.0,0.0,49.62,49.62,0.0,0.0,328.24,1.0,186.36818481445312,2332672
1140,2334720,939.7682953953113,6254,-0.0022593735629925504,1.3673306331038475,0.3473620982840657,0.003380162022949662,0.04248046875,0.9962526559829712,77.98843263089657,32.0,0.0,49.64,49.64,0.0,0.0,322.54,1.0,186.49902618408203,2334720
1141,2336768,939.7580024159352,6258,-0.003204267384717241,1.052334014326334,0.3700253628194332,0.002784896845696494,0.0341796875,0.9961566925048828,56.84577272832394,32.0,0.0,49.6,49.6,0.0,0.0,329.26,1.0,186.72637817382812,2336768
1142,2338816,939.7439201191241,6267,-0.002258537570014596,2.1596672609448433,0.33092619851231575,0.0015098090734682046,0.016357421875,0.9949632287025452,153.677430331707,32.0,0.0,49.78,49.78,0.0,0.0,318.06,1.0,186.31219482421875,2338816
1143,2340864,939.7077423253098,6272,-0.0010661047417670488,1.0793282110244036,0.36526953149586916,0.003105555006186478,0.035400390625,0.9965848326683044,94.31553116440773,32.0,0.0,49.78,49.78,0.0,0.0,316.54,1.0,186.16073974609375,2340864
1144,2342912,939.6935102398812,6278,-0.001995101250940934,1.0129028651863337,0.3454339746385813,0.003293474073871039,0.0347900390625,0.9967494606971741,77.66134577989578,32.0,0.0,49.88,49.88,0.0,0.0,310.82,1.0,186.656201171875,2342912
1145,2344960,939.6750171314676,6285,-0.0010393658885732293,0.8142727762460709,0.3602221515029669,0.004501721021370031,0.0528564453125,0.9974128007888794,71.97199764847755,32.0,0.0,49.84,49.84,0.0,0.0,313.68,1.0,186.53764221191406,2344960
1146,2347008,939.6456337200095,6291,-0.00013492665311787277,1.2078479584306479,0.3770884172990918,0.004782946540217381,0.0548095703125,0.996667742729187,64.6066686809063,32.0,0.0,49.86,49.86,0.0,0.0,315.86,1.0,186.98779327392577,2347008
1147,2349056,939.6285443370369,6296,-0.0010904319497058168,1.4623869471251965,0.33781627006828785,0.0016749506030464545,0.021484375,0.9961363673210144,170.45345425605774,32.0,0.0,49.82,49.82,0.0,0.0,317.16,1.0,186.68629974365234,2349056
1148,2351104,939.6022742414953,6305,-0.004666349006583914,1.191938268020749,0.36845271568745375,0.004205941782856826,0.0538330078125,0.996793806552887,94.16051614284515,32.0,0.0,49.78,49.78,0.0,0.0,322.02,1.0,186.82466552734374,2351104
1149,2353152,939.5512233623523,6310,-0.003582902209018357,1.543114311993122,0.3375957803800702,0.005246045759122353,0.0579833984375,0.9956289529800415,51.41261883080006,32.0,0.0,49.82,49.82,0.0,0.0,320.26,1.0,187.12496673583985,2353152
1150,2355200,939.5398327056088,6316,-0.002450753454468213,2.1680470183491707,0.3618406318128109,0.002142743600415997,0.02294921875,0.9936310648918152,86.57771795988083,32.0,0.0,49.82,49.82,0.0,0.0,319.16,1.0,187.29386474609376,2355200
1151,2357248,939.628705432884,6326,-0.004373066243715584,2.3156492561101913,0.34919528011232615,0.001992436060390901,0.02392578125,0.9950814247131348,120.0820822417736,32.0,0.0,49.56,49.56,0.0,0.0,324.28,1.0,186.60632720947265,2357248
1152,2359296,939.6306397020805,6330,-0.002224251991719939,1.7843325957655907,0.3378485944122076,0.0041188392278854735,0.0494384765625,0.9928302764892578,125.04061725735664,32.0,0.0,49.56,49.56,0.0,0.0,323.02,1.0,186.5334631347656,2359296
1153,2361344,939.7599976478942,6337,-0.0003193196462234482,1.5658737644553185,0.38223719969391823,0.00632952171145007,0.0648193359375,0.9942115545272827,32.142512172460556,32.0,0.0,49.62,49.62,0.0,0.0,317.04,1.0,186.55233001708984,2361344
1154,2363392,939.8793332617636,6343,0.010535724461078644,2.8628478050231934,0.3944419703700326,0.015206268522888422,0.1338778409090909,0.992303192615509,150.65426774458453,11.0,1.0,49.44,49.44,0.0,0.0,320.66,1.0,186.09076232910155,2363392
1155,2365440,939.8634675033621,6348,-0.003830664063571021,1.5006726905703545,0.3649785239249468,0.00352027721964987,0.0390625,0.9938024282455444,34.31682339310646,32.0,0.0,49.5,49.5,0.0,0.0,320.56,1.0,186.29202606201173,2365440
1156,2367488,939.8509787445428,6358,-0.0015198973705992103,1.1891352236270905,0.3801862206310034,0.005158898937224876,0.0576171875,0.9971761703491211,33.974807143211365,32.0,0.0,49.48,49.48,0.0,0.0,322.1,1.0,186.0690594482422,2367488
1157,2369536,939.8538551835235,6360,-0.002284997724927962,2.3041497990489006,0.3635989837348461,0.0035988071394967847,0.048583984375,0.9901297688484192,42.00478556752205,32.0,0.0,49.48,49.48,0.0,0.0,318.42,1.0,186.10152465820312,2369536
1158,2371584,939.8424978343295,6368,0.0006416042742785066,1.9971475005149841,0.4079635227099061,0.00465648174576927,0.0555419921875,0.9947442412376404,98.96892294287682,32.0,0.0,49.44,49.44,0.0,0.0,317.82,1.0,186.20532897949218,2371584
1159,2373632,939.8238429015361,6375,-0.0005536355311051011,1.648019626736641,0.39121182542294264,0.005045455400249921,0.0595703125,0.9948132038116455,59.77108073234558,32.0,0.0,49.7,49.7,0.0,0.0,320.16,1.0,187.11412750244142,2373632
1160,2375680,939.8140997404494,6380,0.0013186151627451181,4.325854443013668,0.3716972880065441,0.0048830655723577365,0.057861328125,0.9864387512207031,118.56430986523628,32.0,0.0,49.68,49.68,0.0,0.0,322.52,1.0,187.24644989013672,2375680
1161,2377728,939.7621356254557,6386,-0.004038054263219237,4.734956957399845,0.3941707769408822,0.0023360958075500093,0.027099609375,0.9860216379165649,75.21797609329224,32.0,0.0,49.64,49.64,0.0,0.0,322.9,1.0,187.0363034057617,2377728
1162,2379776,939.7689799329055,6393,-0.0017476529465056956,5.648088656365871,0.37115745712071657,0.002114056929713115,0.021728515625,0.9850752949714661,47.98292398452759,32.0,0.0,48.92,48.92,0.0,0.0,324.82,1.0,184.1122681427002,2379776
1163,2381824,939.7571892121796,6400,-0.0019498469773679972,0.950040852651,0.40928681567311287,0.0021364444110076874,0.023681640625,0.997187614440918,84.37835481762886,32.0,0.0,48.92,48.92,0.0,0.0,329.56,1.0,184.27232124328614,2381824
1164,2383872,939.7385803542402,6406,-0.0021668431581929326,1.8567422963678837,0.35070290975272655,0.002864082605810836,0.0321044921875,0.9938803315162659,90.14942026138306,32.0,0.0,48.92,48.92,0.0,0.0,325.94,1.0,183.9244150543213,2383872
1165,2385920,939.728745493559,6412,-0.001836459938203916,1.993150182068348,0.383843507617712,0.004142555670114234,0.046630859375,0.994466245174408,55.18351152539253,32.0,0.0,48.92,48.92,0.0,0.0,325.28,1.0,183.66566200256347,2385920
1166,2387968,939.7006365695653,6417,-0.003194779361365363,1.0610176846385002,0.4373650150373578,0.0034480298054404557,0.0465087890625,0.9966229200363159,49.68141722679138,32.0,0.0,48.92,48.92,0.0,0.0,330.82,1.0,183.6982740020752,2387968
1167,2390016,939.682613695163,6424,-0.0014831633598078042,1.2860938981175423,0.3522627120837569,0.0037201556260697544,0.04150390625,0.9966127276420593,73.73311957716942,32.0,0.0,48.92,48.92,0.0,0.0,334.12,1.0,183.6297992706299,2390016
1168,2392064,939.6679559837095,6431,-0.002924696687841788,1.1170880626887083,0.38717918656766415,0.0032480473164469004,0.0333251953125,0.9965134263038635,74.95868673920631,32.0,0.0,48.94,48.94,0.0,0.0,333.48,1.0,183.72648445129394,2392064
1169,2394112,939.6417384078618,6437,-0.003507926521706395,1.1363067273050547,0.3811506172642112,0.0033071237558033317,0.04345703125,0.996809720993042,72.93304572999477,32.0,0.0,49.18,49.18,0.0,0.0,332.8,1.0,184.59266609191894,2394112
1170,2396160,939.6227019789192,6444,0.0033128024078905582,2.5057343975190194,0.3576391339302063,0.0069377415648271,0.0546875,0.9934123754501343,46.06120926334012,31.0,1.0,49.82,49.82,0.0,0.0,328.84,1.0,187.00690673828126,2396160
1171,2398208,939.5895748866608,6451,0.00013995985500514507,5.2286777049303055,0.37510292418301105,0.007431006968545262,0.072998046875,0.9854872822761536,67.79058593511581,32.0,0.0,49.82,49.82,0.0,0.0,325.72,1.0,186.8981069946289,2398208
1172,2400256,939.5871897647686,6456,-0.00013081065844744444,5.447114780545235,0.33800871670246124,0.0037718007661169395,0.03662109375,0.98001629114151,64.93782852590084,32.0,0.0,49.82,49.82,0.0,0.0,326.84,1.0,186.85655181884766,2400256
1173,2402304,939.5757611434829,6464,-0.004726867031422444,8.95581690222025,0.35994643345475197,0.00635219083778793,0.0545654296875,0.9789624214172363,88.7041891515255,32.0,0.0,48.94,48.94,0.0,0.0,327.14,1.0,183.6855799102783,2402304
1174,2404352,939.5622937553254,6469,0.00036403870035428554,1.7251318842172623,0.3473840383812785,0.0023619003768544644,0.0272216796875,0.9948776960372925,62.25285089015961,32.0,0.0,48.92,48.92,0.0,0.0,322.42,1.0,183.61816017150878,2404352
1175,2406400,939.5503880960152,6475,-0.0035469207068672404,1.542715847492218,0.4042733386158943,0.0030149405502015725,0.031982421875,0.994516909122467,46.48422637581825,32.0,0.0,48.84,48.84,0.0,0.0,320.82,1.0,183.2029239654541,2406400
1176,2408448,939.5367279853452,6481,-0.0022137986088637263,1.5934963151812553,0.3648019479587674,0.0038773036576458253,0.0445556640625,0.9953647255897522,65.41575703024864,32.0,0.0,48.84,48.84,0.0,0.0,319.72,1.0,183.06764472961424,2408448
1177,2410496,939.4968290103888,6487,-0.00011312050628475845,1.294910753145814,0.39694421738386154,0.0047891352223814465,0.0572509765625,0.9954351186752319,49.59133605659008,32.0,0.0,48.82,48.82,0.0,0.0,318.74,1.0,182.66686408996583,2410496
1178,2412544,939.4900561433176,6495,0.0025855664134724066,1.1253308523446321,0.36610697489231825,0.008562303657527082,0.0916748046875,0.9971910715103149,59.538184970617294,32.0,0.0,48.84,48.84,0.0,0.0,321.02,1.0,182.97546577453613,2412544
1179,2414592,939.4832132671423,6500,-0.0023368935944745317,1.099201364442706,0.3518148409202695,0.004043697117595002,0.0455322265625,0.9962534308433533,62.763967365026474,32.0,0.0,48.84,48.84,0.0,0.0,324.54,1.0,182.93608558654785,2414592
1180,2416640,939.4520780061924,6506,-0.003143452951917425,1.105903534218669,0.39743061922490597,0.0036985970073146746,0.0457763671875,0.9962013959884644,62.26315015554428,32.0,0.0,48.82,48.82,0.0,0.0,324.66,1.0,183.24012733459472,2416640
1181,2418688,939.4705168405001,6512,-0.0010665003501344472,1.6771463230252266,0.34108950197696686,0.0036258152540540323,0.0460205078125,0.99416184425354,86.98533356189728,32.0,0.0,49.74,49.74,0.0,0.0,322.74,1.0,186.70843994140625,2418688
1182,2420736,939.4461504626158,6518,-0.002310354422661476,1.1635220162570477,0.37762676645070314,0.002990244756801985,0.03955078125,0.9955353736877441,104.28184676170349,32.0,0.0,49.72,49.72,0.0,0.0,326.12,1.0,186.6777700805664,2420736
1183,2422784,939.4367334574124,6528,-0.0009871319634839892,1.3251345679163933,0.3072397196665406,0.004357200850790832,0.046142578125,0.9959409832954407,93.58874148130417,32.0,0.0,49.86,49.86,0.0,0.0,318.4,1.0,186.5986004638672,2422784
1184,2424832,939.4104228526819,6529,-0.0020209629146847874,1.1125742234289646,0.3663419308140874,0.0026000340076279826,0.03271484375,0.991089403629303,61.13925817608833,32.0,0.0,49.86,49.86,0.0,0.0,317.68,1.0,186.64275512695312,2424832
1185,2426880,939.3704661348532,6540,-0.0037724398425780237,1.4018241241574287,0.3864949056878686,0.003807620429142844,0.042236328125,0.9970825910568237,36.356585085392,32.0,0.0,49.82,49.82,0.0,0.0,317.32,1.0,187.284580078125,2426880
1186,2428928,939.377451347913,6545,0.0026549166650511324,1.3875466771423817,0.35224646143615246,0.004511437102337368,0.0517578125,0.9943140745162964,61.79448890686035,32.0,0.0,49.78,49.78,0.0,0.0,319.94,1.0,186.9650341796875,2428928
1187,2430976,939.3721286471718,6551,-0.0020284437923692167,1.2564832754433155,0.36247039027512074,0.0036033541910001077,0.0435791015625,0.995585024356842,42.45123781263828,32.0,0.0,49.8,49.8,0.0,0.0,313.0,1.0,186.8855355834961,2430976
1188,2433024,939.4936111708582,6561,0.0065523069351911545,1.8915512710809708,0.341335766017437,0.010292468185070902,0.07958984375,0.9949648380279541,125.92771935462952,8.0,1.0,49.76,49.76,0.0,0.0,314.44,1.0,186.51868225097655,2433024
1189,2435072,939.4656840291063,6564,7.762658060528338e-05,1.160180039703846,0.34765494149178267,0.00549815567501355,0.0625,0.9951342940330505,76.57249492406845,32.0,0.0,49.78,49.78,0.0,0.0,309.02,1.0,186.27600463867188,2435072
1190,2437120,939.4449208963649,6573,-0.003088545738137327,1.1156578566879034,0.3541472954675555,0.0027513593886396848,0.032958984375,0.9967131614685059,57.733074992895126,32.0,0.0,49.78,49.78,0.0,0.0,308.48,1.0,186.81347259521485,2437120
1191,2439168,939.419726203053,6579,-0.0014554314693668857,1.4880510084331036,0.29717437736690044,0.0010747194028226659,0.0098876953125,0.9949345588684082,109.44214415550232,32.0,0.0,49.78,49.78,0.0,0.0,312.46,1.0,187.3283578491211,2439168
1192,2441216,939.3935687692604,6585,-0.0005938783433521166,1.543924268335104,0.3624039702117443,0.004043362045194954,0.037353515625,0.9950481653213501,53.65520069003105,32.0,0.0,49.78,49.78,0.0,0.0,313.14,1.0,187.1800698852539,2441216
1193,2443264,939.3768858922359,6593,-0.0019725828897207975,1.322662878781557,0.349297140724957,0.002288026487804018,0.025634765625,0.996036171913147,60.94266879558563,32.0,0.0,49.88,49.88,0.0,0.0,308.68,1.0,187.38861846923828,2443264
1194,2445312,939.3536421451936,6597,-0.003830775633105077,1.3959410302340984,0.3786782342940569,0.0022132480444270186,0.026123046875,0.9948400855064392,115.98046463727951,32.0,0.0,49.84,49.84,0.0,0.0,311.44,1.0,187.08114379882812,2445312
1195,2447360,939.3380190730818,6606,0.0025971284339902923,1.836326964199543,0.32506673131138086,0.003947570359741803,0.0382080078125,0.9955049753189087,85.83405309915543,32.0,0.0,49.84,49.84,0.0,0.0,309.72,1.0,187.07343658447266,2447360
1196,2449408,939.3312581418533,6611,-0.0023150388879003003,1.3317674919962883,0.3588947309181094,0.006340091429592576,0.072265625,0.9948806166648865,83.26800128817558,32.0,0.0,49.9,49.9,0.0,0.0,309.58,1.0,187.11890106201173,2449408
1197,2451456,939.3063122967003,6620,-0.0024997304135467857,0.9531954545527697,0.382390134036541,0.0033445542430854402,0.039306640625,0.9974766969680786,42.81018278002739,32.0,0.0,49.9,49.9,0.0,0.0,313.74,1.0,186.86307006835938,2451456
1198,2453504,939.2910377782749,6625,-2.5039189495146275e-06,1.4213465601205826,0.35796367097646,0.004015477221400943,0.0518798828125,0.9958333969116211,101.86959290504456,32.0,0.0,49.88,49.88,0.0,0.0,314.46,1.0,186.27437255859374,2453504
1199,2455552,939.27674838958,6630,-0.00647549242421519,1.5830475687980652,0.38748670741915703,0.0039151505479821935,0.0557861328125,0.9937340021133423,80.94843238592148,32.0,0.0,49.8,49.8,0.0,0.0,313.62,1.0,186.0794549560547,2455552
1200,2457600,939.2220206691794,6637,-0.00313926582748536,1.1871291045099497,0.3603566186502576,0.0032330325921066105,0.0301513671875,0.9968353509902954,108.66022554039955,32.0,0.0,49.8,49.8,0.0,0.0,315.22,1.0,186.12960327148437,2457600
1201,2459648,939.1421448497008,6642,-0.001674293220276013,1.2429195418953896,0.3192867264151573,0.002455460446071811,0.030029296875,0.9956581592559814,57.36625054478645,32.0,0.0,49.78,49.78,0.0,0.0,317.44,1.0,186.2741213989258,2459648
1202,2461696,939.1364822690517,6649,-0.004095137439435348,1.3470191173255444,0.38838942907750607,0.0038362229242920876,0.0452880859375,0.9958371520042419,60.473607927560806,32.0,0.0,49.82,49.82,0.0,0.0,315.34,1.0,186.5322424316406,2461696
1203,2463744,939.1204932074936,6654,-0.002174612891394645,1.0016239322721958,0.37264392524957657,0.0024864440347300842,0.0269775390625,0.9958992600440979,47.10918338596821,32.0,0.0,49.76,49.76,0.0,0.0,321.2,1.0,186.6295999145508,2463744
1204,2465792,939.0982584295083,6663,-0.0023689873632974923,1.5114809609949589,0.34024921618402004,0.0018191143390140496,0.024169921875,0.9961864352226257,101.47552645206451,32.0,0.0,49.72,49.72,0.0,0.0,323.74,1.0,186.85678100585938,2465792
1205,2467840,939.1009858101426,6669,-0.0024221628555096686,1.0930851250886917,0.30111979972571135,0.0026901767851086333,0.031982421875,0.9955461621284485,45.157148629426956,32.0,0.0,49.72,49.72,0.0,0.0,320.56,1.0,186.71480712890624,2467840
1206,2469888,939.0944785976267,6675,-0.0013085849641356617,0.8004999868571758,0.36157274805009365,0.002299617881362792,0.028564453125,0.9972271919250488,54.18473768234253,32.0,0.0,49.74,49.74,0.0,0.0,320.54,1.0,187.38162567138673,2469888
1207,2471936,939.0862135875336,6681,-0.0018578743329271674,1.4977146685123444,0.3233750741928816,0.00294802627468016,0.0333251953125,0.9948375225067139,55.00323374569416,32.0,0.0,49.82,49.82,0.0,0.0,323.4,1.0,187.82100799560547,2471936
1208,2473984,939.1068974509884,6688,-0.004244021693011746,1.1208483446389437,0.3129682959988713,0.00396965270920191,0.05029296875,0.9965342879295349,70.05548232793808,32.0,0.0,49.82,49.82,0.0,0.0,322.72,1.0,188.00422302246093,2473984
1209,2476032,939.1086943253235,6696,0.002090831214445643,1.290311487391591,0.3506932845339179,0.005513751442776993,0.053955078125,0.9965246319770813,61.80215035378933,32.0,0.0,49.86,49.86,0.0,0.0,320.92,1.0,187.69710723876952,2476032
1210,2478080,939.0866511590714,6701,-0.0007682985306018963,0.9329207688570023,0.3363839369267225,0.005764038083725609,0.068115234375,0.9966051578521729,70.22049963474274,32.0,0.0,49.9,49.9,0.0,0.0,314.68,1.0,187.73207794189454,2478080
1211,2480128,939.0957290931433,6709,-0.0022579269716516137,1.1560609266161919,0.3539898907765746,0.003566234387108125,0.046875,0.9966645836830139,38.560633167624474,32.0,0.0,50.0,50.0,0.0,0.0,309.22,1.0,187.77452301025392,2480128
1212,2482176,939.1073313796747,6714,0.0006068400398362428,2.4654361493885517,0.3608178738504648,0.0037435615158756264,0.041259765625,0.9923253655433655,105.00586900115013,32.0,0.0,50.0,50.0,0.0,0.0,312.04,1.0,188.17071014404297,2482176
1213,2484224,939.088920986559,6721,-0.002354784606723115,1.7746339477598667,0.33099286165088415,0.0027832398991449736,0.033935546875,0.9941340684890747,57.16462704539299,32.0,0.0,49.98,49.98,0.0,0.0,314.18,1.0,188.59542877197265,2484224
1214,2486272,939.0785265837535,6727,-0.0038850866694701836,4.57853152602911,0.36616674344986677,0.0022697197055094875,0.0250244140625,0.9879110455513,91.32115459442139,32.0,0.0,49.94,49.94,0.0,0.0,311.12,1.0,188.00744506835937,2486272
1215,2488320,939.0680662020109,6735,-0.001662486043642275,1.5036448687314987,0.38592402823269367,0.006019437154463958,0.0584716796875,0.9955896139144897,76.1458261013031,32.0,0.0,49.92,49.92,0.0,0.0,311.1,1.0,187.76839599609374,2488320
1216,2490368,939.0424441960208,6743,-0.0013384778576437384,1.1862414702773094,0.33190160244703293,0.002831445657648146,0.034912109375,0.9963959455490112,75.43423742055893,32.0,0.0,49.86,49.86,0.0,0.0,314.52,1.0,187.40959716796874,2490368
1217,2492416,939.008739037853,6748,0.00018382869893684983,0.9634556509554386,0.3190491972491145,0.002802922834234778,0.0360107421875,0.9967814087867737,82.87363174557686,32.0,0.0,49.84,49.84,0.0,0.0,314.52,1.0,187.81836822509766,2492416
1218,2494464,939.0015146656402,6757,-0.0017977057432290167,1.2239261008799076,0.328426381573081,0.003657581110019237,0.0426025390625,0.9966021180152893,62.6800294816494,32.0,0.0,49.84,49.84,0.0,0.0,310.52,1.0,187.64476348876954,2494464
1219,2496512,938.9866663849856,6764,-0.0015245524991769344,1.5963580161333084,0.3203461728990078,0.0031245992140611634,0.037109375,0.9953327775001526,64.69850099086761,32.0,0.0,49.84,49.84,0.0,0.0,304.02,1.0,187.03744659423828,2496512
1220,2498560,938.9686467203429,6768,-0.003450164833338931,1.3167357482016087,0.37540656980127096,0.003635875713371206,0.0428466796875,0.9950727224349976,69.04227203130722,32.0,0.0,49.86,49.86,0.0,0.0,302.2,1.0,186.82132904052733,2498560
1221,2500608,938.955294021195,6780,-0.0014367763433256187,1.0472074542194605,0.3355072345584631,0.004719817501609214,0.052978515625,0.9973078966140747,109.42485964298248,32.0,0.0,49.92,49.92,0.0,0.0,297.98,1.0,186.59633575439454,2500608
1222,2502656,938.9721957492482,6781,-0.002736943104537204,1.0838867593556643,0.30832799803465605,0.0017041620012605563,0.020263671875,0.9951667785644531,106.04874789714813,32.0,0.0,49.92,49.92,0.0,0.0,297.6,1.0,186.52648681640625,2502656
1223,2504704,938.9462703754145,6795,-0.002895919984439388,1.0868328474462032,0.3652149885892868,0.0017581493593752384,0.0155029296875,0.9974536299705505,55.27928148210049,32.0,0.0,49.96,49.96,0.0,0.0,290.32,1.0,186.81358612060546,2504704
1224,2506752,938.9067393655326,6797,0.0014404126850422472,1.8630574010312557,0.3505575843155384,0.006075043995224405,0.0643310546875,0.9917669296264648,45.276217728853226,32.0,0.0,49.96,49.96,0.0,0.0,290.84,1.0,186.7586489868164,2506752
1225,2508800,938.8835027634275,6802,-0.0032089856977108866,1.168132547289133,0.3919491833075881,0.0033022291681845672,0.045166015625,0.9944621920585632,50.65220254659653,32.0,0.0,49.96,49.96,0.0,0.0,286.82,1.0,186.56415710449218,2508800
1226,2510848,938.8621283592876,6812,0.00011982118303421885,2.1271195486187935,0.3745007114484906,0.0017818723426898941,0.0198974609375,0.9958792924880981,118.39272719621658,32.0,0.0,49.88,49.88,0.0,0.0,298.5,1.0,186.67706420898438,2510848
1227,2512896,938.8232848360899,6814,-0.002144127633073367,1.1123108193278313,0.35938954446464777,0.0018648122932063416,0.02392578125,0.9950178265571594,94.1622514128685,32.0,0.0,49.82,49.82,0.0,0.0,302.5,1.0,186.7342269897461,2512896
1228,2514944,938.8070716640043,6823,-0.002479448157828301,1.3207665458321571,0.3822501776739955,0.008586551637563389,0.0794677734375,0.9970313310623169,75.43293115496635,32.0,0.0,49.82,49.82,0.0,0.0,300.34,1.0,187.0199349975586,2514944
1229,2516992,938.7773397070634,6829,-0.003691978330607526,1.7253342233598232,0.3263045931234956,0.0025570999132469296,0.0303955078125,0.9929783940315247,32.580298125743866,32.0,0.0,49.8,49.8,0.0,0.0,304.7,1.0,187.1637026977539,2516992
1230,2519040,938.7557503341926,6835,-0.003257724005379714,1.160362584516406,0.3552170293405652,0.002044019987806678,0.025390625,0.9957562685012817,34.93477416038513,32.0,0.0,49.82,49.82,0.0,0.0,303.12,1.0,187.38446960449218,2519040
1231,2521088,938.7436291162471,6843,-0.001994301113882102,1.87275068461895,0.35747352335602045,0.0027098138380097225,0.0345458984375,0.9950464963912964,109.59142142534256,32.0,0.0,49.84,49.84,0.0,0.0,309.36,1.0,187.5518411254883,2521088
1232,2523136,938.7218703410366,6850,-0.0029590581107186154,1.2286813855171204,0.3724850844591856,0.0012111111063859425,0.0133056640625,0.9955307245254517,94.56574104726315,32.0,0.0,49.74,49.74,0.0,0.0,313.92,1.0,186.81487060546874,2523136
1233,2525184,938.6954208881652,6858,-0.0030053928057895973,1.1391623932868242,0.35426777228713036,0.0021063847743789665,0.0244140625,0.9967650175094604,58.77036875486374,32.0,0.0,49.74,49.74,0.0,0.0,313.82,1.0,186.82275756835938,2525184
1234,2527232,938.6783267476779,6862,-0.0006247185228858143,1.0771173872053623,0.36724652722477913,0.0020598838746082038,0.0238037109375,0.9958091974258423,61.98251575231552,32.0,0.0,49.82,49.82,0.0,0.0,308.3,1.0,187.26577239990235,2527232
1235,2529280,938.6950052010847,6870,-0.0017317567835561931,1.483440324664116,0.38023801892995834,0.0013721706200158224,0.0128173828125,0.9957277774810791,62.38241744041443,32.0,0.0,49.88,49.88,0.0,0.0,305.38,1.0,187.30148315429688,2529280
1236,2531328,938.6825644483383,6876,-0.00352007889887318,1.0667007341980934,0.3831156473606825,0.00413130345987156,0.0526123046875,0.9962507486343384,63.60432496666908,32.0,0.0,49.88,49.88,0.0,0.0,304.48,1.0,187.4779196166992,2531328
1237,2533376,938.6594629889114,6883,-0.0025290058692917228,2.6471761651337147,0.38569834642112255,0.0023383182706311345,0.0260009765625,0.9921901226043701,79.4939613044262,32.0,0.0,49.9,49.9,0.0,0.0,305.8,1.0,187.4521826171875,2533376
1238,2535424,938.6610525079865,6889,0.0005392176390159875,1.3351207375526428,0.3592835497111082,0.004686336498707533,0.04833984375,0.9956684112548828,42.466023445129395,32.0,0.0,49.88,49.88,0.0,0.0,309.2,1.0,187.66121948242187,2535424
1239,2537472,938.6542506695477,6897,0.0021975022536935285,1.9556996710598469,0.3748968215659261,0.005272370035527274,0.0650634765625,0.9943907260894775,89.56834867596626,32.0,0.0,49.98,49.98,0.0,0.0,301.04,1.0,188.09774871826173,2537472
1240,2539520,938.6403264901295,6902,-0.002214058200479485,1.3704039119184017,0.36488632019609213,0.0028935263253515586,0.035888671875,0.9941771030426025,32.339485585689545,32.0,0.0,49.94,49.94,0.0,0.0,302.94,1.0,188.11730590820312,2539520
1241,2541568,938.6207495562874,6909,-0.003011757740750909,1.15180579200387,0.38564486242830753,0.0035751713148783892,0.036865234375,0.9966760873794556,80.25574684143066,32.0,0.0,49.92,49.92,0.0,0.0,307.22,1.0,188.00926727294922,2541568
1242,2543616,938.6293963788937,6918,-0.005187602422665805,2.0326080173254013,0.3338986951857805,0.0033909512276295573,0.046630859375,0.9945034384727478,77.89920049905777,32.0,0.0,49.92,49.92,0.0,0.0,310.96,1.0,188.36401245117187,2543616
1243,2545664,938.6269917931776,6921,-0.0033007267775246873,1.259854193776846,0.38941853307187557,0.0013714215747313574,0.0125732421875,0.9938317537307739,71.5588843524456,32.0,0.0,49.92,49.92,0.0,0.0,310.92,1.0,188.4939764404297,2545664
1244,2547712,938.5997356224098,6930,-0.002102164435200393,2.2837441451847553,0.37709037866443396,0.001381977526762057,0.014404296875,0.9939247369766235,122.77397781610489,32.0,0.0,49.92,49.92,0.0,0.0,310.34,1.0,188.557861328125,2547712
1245,2549760,938.5686142030074,6937,-0.0020587812759913504,1.391320340335369,0.34360705222934484,0.0011325616942485794,0.0108642578125,0.9951158761978149,61.66098344326019,32.0,0.0,49.9,49.9,0.0,0.0,306.72,1.0,188.45522979736327,2549760
1246,2551808,938.5595905490992,6943,-0.001412017925758846,1.2375008910894394,0.3656848594546318,0.002073024894343689,0.0244140625,0.9960060715675354,52.27650110423565,32.0,0.0,49.9,49.9,0.0,0.0,306.22,1.0,188.17876708984375,2551808
1247,2553856,938.5406439329229,6951,-0.004337364254752174,1.1539125852286816,0.349663557484746,0.0031461730613955297,0.0394287109375,0.9966667294502258,50.934656620025635,32.0,0.0,49.88,49.88,0.0,0.0,309.48,1.0,188.3918212890625,2553856
1248,2555904,938.5237671623781,6957,-0.0004456284368643537,1.110898643732071,0.37294824328273535,0.0031237088187481277,0.034912109375,0.9963454604148865,73.54899394512177,32.0,0.0,49.88,49.88,0.0,0.0,306.72,1.0,188.3255401611328,2555904
1249,2557952,938.5507401573074,6964,0.000762829280574806,1.350874550640583,0.3807242577895522,0.0035214522722526453,0.0438232421875,0.9959924221038818,73.9460021853447,32.0,0.0,49.88,49.88,0.0,0.0,303.5,1.0,188.098818359375,2557952
1250,2560000,938.7002604070212,6970,0.005552632578959067,1.4119554228252835,0.3735098209646013,0.012591667835497193,0.08897569444444445,0.9954812526702881,98.46351612938776,9.0,1.0,49.82,49.82,0.0,0.0,307.9,1.0,187.81047302246094,2560000
1251,2562048,938.6940567312056,6975,-0.003977469576057047,1.2177269607782364,0.35791367571800947,0.005178357700060587,0.0594482421875,0.995640218257904,60.544401094317436,32.0,0.0,49.82,49.82,0.0,0.0,308.54,1.0,187.8176998901367,2562048
1252,2564096,938.6651663540321,6985,-0.002878110361052677,1.3073293752968311,0.3698163889348507,0.0034131138963857666,0.0433349609375,0.9965147972106934,66.08993226289749,32.0,0.0,49.86,49.86,0.0,0.0,305.0,1.0,187.7662030029297,2564096
1253,2566144,938.6468409755635,6988,-0.0019981007208116353,1.631845060735941,0.33867782540619373,0.0032892936578718945,0.04150390625,0.9938437938690186,38.0654718875885,32.0,0.0,49.86,49.86,0.0,0.0,308.68,1.0,188.11229919433595,2566144
1254,2568192,938.6335914910425,7000,-0.000587459173402749,2.848002903163433,0.31654376070946455,0.005959474823612254,0.058349609375,0.9931924939155579,51.17167928814888,32.0,0.0,49.92,49.92,0.0,0.0,302.5,1.0,188.24917724609375,2568192
1255,2570240,938.6141761256455,7004,0.000829785261885263,6.194277435541153,0.31363296043127775,0.002422384983219672,0.02587890625,0.9786826968193054,84.9086127281189,32.0,0.0,49.92,49.92,0.0,0.0,299.38,1.0,188.21886291503907,2570240
1256,2572288,938.5892801813254,7012,-0.00017735562869347632,5.636639662086964,0.35478113405406475,0.0016093755548354238,0.02001953125,0.9866243600845337,93.86256197094917,32.0,0.0,49.94,49.94,0.0,0.0,297.96,1.0,188.3447424316406,2572288
1257,2574336,938.5741159482154,7019,-0.005682240676833317,8.208205327391624,0.3192495219409466,0.002575461592641659,0.03466796875,0.9781560897827148,45.08274433016777,32.0,0.0,49.1,49.1,0.0,0.0,292.82,1.0,185.18586654663085,2574336
1258,2576384,938.5539755925125,7025,-0.004057559272041544,1.5155129171907902,0.39474356826394796,0.0015394114598166198,0.0177001953125,0.9942920804023743,68.78722858428955,32.0,0.0,49.1,49.1,0.0,0.0,287.34,1.0,184.77564407348632,2576384
1259,2578432,938.5269035146003,7032,-0.0022305731545202434,2.086015071719885,0.36621640529483557,0.003134046208288055,0.0347900390625,0.9953908324241638,47.54356253147125,32.0,0.0,48.88,48.88,0.0,0.0,289.78,1.0,183.69311996459962,2578432
1260,2580480,938.5042360824469,7041,-0.0014148291375022382,1.339109767228365,0.3389942469075322,0.004906148416921496,0.0545654296875,0.9957960247993469,49.5481673181057,32.0,0.0,48.88,48.88,0.0,0.0,287.5,1.0,183.02205856323243,2580480
1261,2582528,938.4868222079358,7047,-0.0024444312293780968,1.3489722721278667,0.34770606830716133,0.0015835237136343494,0.0172119140625,0.9958177208900452,84.38798350095749,32.0,0.0,48.88,48.88,0.0,0.0,289.54,1.0,183.27213333129882,2582528
1262,2584576,938.464965673772,7053,-0.003158478590194136,1.1376314107328653,0.379675623960793,0.0025498284157947637,0.0318603515625,0.9963305592536926,51.48081561923027,32.0,0.0,48.88,48.88,0.0,0.0,292.98,1.0,183.4758592224121,2584576
1263,2586624,938.4339187333811,7059,-0.002080898644635454,1.2410411722958088,0.36047107074409723,0.0017391327091900166,0.0189208984375,0.9968878626823425,92.0027442574501,32.0,0.0,48.84,48.84,0.0,0.0,296.14,1.0,183.5877033996582,2586624
1264,2588672,938.4082115440923,7066,-0.002159478564863093,1.40710911154747,0.38819572795182467,0.001492385083111003,0.011962890625,0.9956823587417603,90.42535400390625,32.0,0.0,48.7,48.7,0.0,0.0,301.64,1.0,183.02626815795898,2588672
1265,2590720,938.3865231462113,7076,-0.0014797236071899533,1.1570183020085096,0.3268003659322858,0.0023160118798841722,0.0220947265625,0.9969523549079895,55.351859867572784,32.0,0.0,49.64,49.64,0.0,0.0,302.32,1.0,186.72328186035156,2590720
1266,2592768,938.3985026977252,7079,-0.0033579325099708512,1.3161517959088087,0.3423492591828108,0.0028108526676078327,0.036865234375,0.9949871897697449,71.53184074163437,32.0,0.0,49.64,49.64,0.0,0.0,301.4,1.0,186.6475015258789,2592768
1267,2594816,938.3842238114448,7087,-0.003445821988862008,1.1877172105014324,0.37002668529748917,0.0014902876428095624,0.0167236328125,0.9963831901550293,53.18456071615219,32.0,0.0,49.82,49.82,0.0,0.0,294.0,1.0,187.48272979736328,2594816
1268,2596864,938.3692318632317,7094,-0.0034763052681228146,1.2202113829553127,0.350083502009511,0.0038264810063992627,0.0482177734375,0.9966191053390503,59.41816309094429,32.0,0.0,49.72,49.72,0.0,0.0,301.62,1.0,187.35869354248047,2596864
1269,2598912,938.3578889077583,7101,-0.005389356898376718,1.5566356107592583,0.32758855912834406,0.00351328200486023,0.0379638671875,0.9958674907684326,50.01692187786102,32.0,0.0,49.7,49.7,0.0,0.0,304.36,1.0,187.54806457519533,2598912
1270,2600960,938.3336109553338,7110,-0.003217973804567009,1.4725418128073215,0.3229793244972825,0.0015423582299263217,0.0167236328125,0.995785117149353,77.61130353808403,32.0,0.0,49.78,49.78,0.0,0.0,297.32,1.0,187.40713745117188,2600960
1271,2603008,938.3237321847271,7115,-0.0017141491262009367,1.0715445317327976,0.3324466021731496,0.0026771806296892464,0.0367431640625,0.9957878589630127,67.0635926425457,32.0,0.0,49.88,49.88,0.0,0.0,292.78,1.0,187.70401000976562,2603008
1272,2605056,938.3034240938009,7124,-0.002497150228009559,1.2363251000642776,0.33514833450317383,0.0016016576628317125,0.0185546875,0.9968315958976746,105.56153011322021,32.0,0.0,49.88,49.88,0.0,0.0,289.04,1.0,187.4847262573242,2605056
1273,2607104,938.2860461089334,7127,-0.0029990976763656363,1.2402277160435915,0.3823471236974001,0.0024494761382811703,0.0301513671875,0.9951598048210144,70.42751136422157,32.0,0.0,49.88,49.88,0.0,0.0,291.12,1.0,187.45285736083986,2607104
1274,2609152,938.2653776970571,7139,-0.000676784839015454,1.0669562965631485,0.31882160156965256,0.004009294731076807,0.0499267578125,0.9975144863128662,74.05089402198792,32.0,0.0,49.84,49.84,0.0,0.0,290.38,1.0,186.7731494140625,2609152
1275,2611200,938.2524740871626,7142,-0.002592475328128785,1.3938382007181644,0.3224960481747985,0.002538737069698982,0.0330810546875,0.9939588904380798,86.31487822532654,32.0,0.0,49.92,49.92,0.0,0.0,290.74,1.0,187.4772607421875,2611200
1276,2613248,938.2632645534188,7151,-0.0041393009887542576,2.52481834217906,0.3204200891777873,0.0032110531246871687,0.035888671875,0.9935262799263,90.59225356578827,32.0,0.0,49.94,49.94,0.0,0.0,282.0,1.0,186.641826171875,2613248
1277,2615296,938.2503322201098,7159,-0.00382418031222187,6.045292057096958,0.345181024633348,0.002658476536453236,0.03076171875,0.9847730994224548,93.12255591154099,32.0,0.0,49.92,49.92,0.0,0.0,285.1,1.0,186.7786016845703,2615296
1278,2617344,938.252146510984,7164,0.00014838321658317,5.303756222128868,0.38237082678824663,0.0035968270458397456,0.02880859375,0.9874519109725952,97.77448070049286,32.0,0.0,49.92,49.92,0.0,0.0,288.36,1.0,186.46421569824219,2617344
1279,2619392,938.2224783002058,7173,-0.0013411268446361646,4.406197100877762,0.34309334587305784,0.0024690066384209786,0.0313720703125,0.9877063035964966,54.313707292079926,32.0,0.0,49.28,49.28,0.0,0.0,292.12,1.0,183.95533325195314,2619392
1280,2621440,938.2279350529417,7176,-0.004246024109306745,1.0739917289465666,0.3436480760574341,0.0034064550054608844,0.044921875,0.9947729110717773,31.578121930360794,32.0,0.0,49.28,49.28,0.0,0.0,292.68,1.0,183.8856036376953,2621440
1281,2623488,938.1628641522374,7187,-0.0011467682488728315,1.1347986236214638,0.3374037817120552,0.0018199635087512434,0.02099609375,0.9974259734153748,94.47435191273689,32.0,0.0,49.3,49.3,0.0,0.0,298.9,1.0,184.68811279296875,2623488
1282,2625536,938.1546492766453,7191,-0.0032774193095974624,1.1812820360064507,0.3209389625117183,0.0025637529615778476,0.0321044921875,0.9954921007156372,55.3935210108757,32.0,0.0,49.32,49.32,0.0,0.0,296.92,1.0,184.9040692138672,2625536
1283,2627584,938.1451373097248,7202,-0.001859557261923328,1.3200385998934507,0.3345844205468893,0.00223454853403382,0.0235595703125,0.9966190457344055,75.58113107085228,32.0,0.0,49.32,49.32,0.0,0.0,295.88,1.0,184.79740814208984,2627584
1284,2629632,938.1205855347165,7207,-0.0016097493207780644,1.1442867126315832,0.333147800527513,0.00487610163690988,0.0535888671875,0.9954307079315186,59.821046471595764,32.0,0.0,49.32,49.32,0.0,0.0,294.52,1.0,184.55064361572266,2629632
1285,2631680,938.118923764964,7218,-0.001436838079825975,2.9434996396303177,0.3200379088521004,0.0035920410300605,0.0390625,0.9931333065032959,43.861320197582245,32.0,0.0,49.34,49.34,0.0,0.0,296.06,1.0,185.7128433227539,2631680
1286,2633728,938.1073752102654,7222,-0.0017961037519853562,2.329862341284752,0.29828004259616137,0.0016766187254688703,0.0205078125,0.9896518588066101,55.4299193918705,32.0,0.0,49.98,49.98,0.0,0.0,286.56,1.0,187.48403900146485,2633728
1287,2635776,938.1103795957583,7231,-0.0032214638486038893,1.468980796635151,0.3350795563310385,0.0020699727901956066,0.027099609375,0.9964906573295593,53.90798982977867,32.0,0.0,49.88,49.88,0.0,0.0,279.66,1.0,186.66545867919922,2635776
1288,2637824,938.1022841374729,7236,-0.0018153786950279027,1.602164026349783,0.3539342191070318,0.0029424052554531954,0.0303955078125,0.9945940375328064,123.33604979515076,32.0,0.0,49.86,49.86,0.0,0.0,280.16,1.0,186.8151547241211,2637824
1289,2639872,938.1086389986501,7244,-0.0016002062329789624,1.4189736805856228,0.33678992558270693,0.0013579724982264452,0.01416015625,0.9959492087364197,44.29510721564293,32.0,0.0,49.86,49.86,0.0,0.0,277.34,1.0,186.62239807128907,2639872
1290,2641920,938.0974379786051,7251,-0.0006646498659392819,1.2299152724444866,0.36999282985925674,0.003983704016718548,0.05078125,0.9963325262069702,70.42491459846497,32.0,0.0,49.86,49.86,0.0,0.0,280.94,1.0,186.74581268310547,2641920
1291,2643968,938.0987338882876,7256,-0.002395832256297581,1.3774635009467602,0.33456859178841114,0.0025764109523152,0.033935546875,0.9954929351806641,54.19690099358559,32.0,0.0,49.84,49.84,0.0,0.0,280.82,1.0,186.6142007446289,2643968
1292,2646016,938.0730777581095,7267,-0.0016910360136535019,1.6056456975638866,0.32825180888175964,0.0016323679446941242,0.020263671875,0.996191143989563,55.36606775224209,32.0,0.0,49.84,49.84,0.0,0.0,284.9,1.0,186.4081427001953,2646016
1293,2648064,938.0405367524866,7271,-0.0025043550558621064,1.3297654204070568,0.33678523916751146,0.004409644854604267,0.051025390625,0.994936466217041,51.171640396118164,32.0,0.0,49.84,49.84,0.0,0.0,285.06,1.0,186.76982818603517,2648064
1294,2650112,938.0334739578135,7281,-0.003684195544337854,1.105084991082549,0.36293319426476955,0.0020821612924919464,0.02490234375,0.9969496130943298,57.0865099132061,32.0,0.0,49.96,49.96,0.0,0.0,285.1,1.0,187.10650390625,2650112
1295,2652160,938.0241556351301,7287,-0.004842280759476125,1.4725910238921642,0.33120558969676495,0.0045246611116454005,0.0557861328125,0.9954619407653809,53.8041053712368,32.0,0.0,49.9,49.9,0.0,0.0,287.06,1.0,186.84875457763673,2652160
1296,2654208,938.0146279114249,7293,-0.002193307795096189,1.4556141532957554,0.34745263680815697,0.0012849110571551137,0.011474609375,0.9945074915885925,54.21948567032814,32.0,0.0,49.9,49.9,0.0,0.0,288.8,1.0,186.90572479248047,2654208
1297,2656256,937.9936112983972,7303,0.0026435707841301337,1.0879178289324045,0.30618692748248577,0.0053189925602055155,0.0592041015625,0.9971442222595215,64.23398017883301,32.0,0.0,49.88,49.88,0.0,0.0,288.76,1.0,187.0481069946289,2656256
1298,2658304,938.0023299438383,7306,0.002517270462703891,1.14704411290586,0.3379784822463989,0.0035594558576121926,0.042724609375,0.9948126077651978,80.11014278233051,32.0,0.0,49.9,49.9,0.0,0.0,284.86,1.0,186.8841229248047,2658304
1299,2660352,937.9923493423773,7319,-0.0034202978567918763,0.8245106376707554,0.2998673301190138,0.0044616016748477705,0.0528564453125,0.998253583908081,52.57022267580032,32.0,0.0,49.9,49.9,0.0,0.0,288.12,1.0,186.6837628173828,2660352
1300,2662400,937.9893633740162,7321,-0.0028573035961017013,0.945054704323411,0.322727139107883,0.0018361136608291417,0.0218505859375,0.9957253336906433,50.91987803578377,32.0,0.0,49.9,49.9,0.0,0.0,288.76,1.0,186.65944427490234,2662400
1301,2664448,937.9875852914065,7330,-0.0032888155401451513,1.3297639936208725,0.3536831559613347,0.0025905453803716227,0.0301513671875,0.997162401676178,60.82459814846516,32.0,0.0,49.9,49.9,0.0,0.0,288.12,1.0,186.52387115478516,2664448
1302,2666496,938.0080785003457,7337,0.0023262245958903804,1.6209292709827423,0.32045445311814547,0.006714157083479222,0.0780029296875,0.995216965675354,93.83414798974991,32.0,0.0,49.94,49.94,0.0,0.0,287.64,1.0,186.8019577026367,2666496
1303,2668544,938.0209551812051,7344,-0.0025654565542936325,1.1024317406117916,0.35579944122582674,0.0032107504885061644,0.0418701171875,0.9967962503433228,122.1144307255745,32.0,0.0,49.94,49.94,0.0,0.0,286.94,1.0,186.94650604248048,2668544
1304,2670592,937.9977077196413,7350,-0.004225176642648876,0.9320454709231853,0.3447674438357353,0.004200472394586541,0.05712890625,0.9973013401031494,32.83571481704712,32.0,0.0,49.92,49.92,0.0,0.0,293.18,1.0,187.05825225830077,2670592
1305,2672640,937.9728856562323,7360,-0.0005505677254404873,1.4759727753698826,0.31555038690567017,0.003095717082032934,0.0406494140625,0.9958676099777222,57.40716265141964,32.0,0.0,49.92,49.92,0.0,0.0,290.32,1.0,186.77207427978516,2672640
1306,2674688,937.95817050493,7365,0.0003578301111701876,1.461257629096508,0.3499644948169589,0.0014973341094446369,0.016845703125,0.9949668049812317,86.39955422282219,32.0,0.0,49.92,49.92,0.0,0.0,288.66,1.0,186.82658966064454,2674688
1307,2676736,937.9352835925389,7373,-0.0051801712543237954,1.2320124097168446,0.3639737796038389,0.002608663278806489,0.0328369140625,0.9967053532600403,66.17156586050987,32.0,0.0,49.92,49.92,0.0,0.0,287.26,1.0,187.06896240234374,2676736
1308,2678784,937.9166336077418,7379,-0.0016904843942029402,1.2976694591343403,0.3067009700462222,0.0016723029184504412,0.0185546875,0.9958149790763855,64.77222990989685,32.0,0.0,49.9,49.9,0.0,0.0,292.32,1.0,187.30314025878906,2678784
1309,2680832,937.9150132900673,7386,-0.002654704643646255,1.0919689517468214,0.32941883709281683,0.0037389099888969213,0.0457763671875,0.9969668388366699,44.429432928562164,32.0,0.0,49.86,49.86,0.0,0.0,287.32,1.0,187.2054299926758,2680832
1310,2682880,937.9040982821398,7394,-0.0020557631069095805,0.9555940106511116,0.35847661923617125,0.0019558985804906115,0.0206298828125,0.9970375895500183,67.61358501017094,32.0,0.0,49.86,49.86,0.0,0.0,292.8,1.0,187.34892303466796,2682880
1311,2684928,937.8899432950248,7400,-0.0025168621505144984,1.781870674341917,0.31508991681039333,0.002217551817011554,0.0255126953125,0.994085431098938,51.75803416967392,32.0,0.0,49.88,49.88,0.0,0.0,288.78,1.0,187.31131561279298,2684928
1312,2686976,937.8676348208763,7406,-0.0025623331021051854,1.7911226339638233,0.3328550420701504,0.0017506746080471203,0.0189208984375,0.99447101354599,76.95196655392647,32.0,0.0,49.86,49.86,0.0,0.0,287.16,1.0,187.04671325683594,2686976
1313,2689024,937.8513878255446,7416,-0.0014790930144954473,2.642184793949127,0.3077465482056141,0.006304207687207963,0.062744140625,0.9943896532058716,87.04767128825188,32.0,0.0,49.64,49.64,0.0,0.0,291.74,1.0,185.80686065673828,2689024
1314,2691072,937.8504440181763,7422,-0.0019466613448457792,2.469832368195057,0.34970153495669365,0.0023098331948858686,0.0269775390625,0.9921050667762756,71.47761499881744,32.0,0.0,49.64,49.64,0.0,0.0,286.82,1.0,185.41145080566406,2691072
1315,2693120,937.8270120149944,7429,-0.002340632214327343,2.2041191421449184,0.34861733950674534,0.0019477242676657625,0.024658203125,0.994373083114624,29.999758452177048,32.0,0.0,49.32,49.32,0.0,0.0,288.2,1.0,184.23618194580078,2693120
1316,2695168,937.7795388431458,7436,-0.0028184034308651462,1.3542607873678207,0.3473336352035403,0.002304501918843016,0.0296630859375,0.9958587288856506,65.36785718798637,32.0,0.0,49.4,49.4,0.0,0.0,290.18,1.0,184.5398617553711,2695168
1317,2697216,937.7664048272751,7442,-0.0019467688107397407,1.544508382678032,0.32868971675634384,0.004140988312428817,0.048095703125,0.9955037236213684,60.29182988405228,32.0,0.0,49.4,49.4,0.0,0.0,284.84,1.0,184.6034814453125,2697216
1318,2699264,937.7385999520046,7450,-0.0008601385925430804,1.2603775560855865,0.37841965816915035,0.0016203408304136246,0.0164794921875,0.9961854815483093,58.307776898145676,32.0,0.0,49.4,49.4,0.0,0.0,286.52,1.0,184.71180755615234,2699264
1319,2701312,937.7278424728453,7457,-0.0007535163167631254,0.9684002511203289,0.3537239795550704,0.0025249474347219802,0.0328369140625,0.9968969225883484,58.403067007660866,32.0,0.0,49.44,49.44,0.0,0.0,287.64,1.0,184.8808108520508,2701312
1320,2703360,937.7209758703145,7466,-0.0013034594303462654,1.0240669716149569,0.3328251503407955,0.0013329109642654657,0.013916015625,0.9974201321601868,95.0584067106247,32.0,0.0,49.62,49.62,0.0,0.0,289.18,1.0,185.89906860351562,2703360
1321,2705408,937.6935440290338,7472,-0.001059700094629079,1.4063965491950512,0.3143854485824704,0.007188510593550745,0.0721435546875,0.9950687289237976,76.74743101000786,32.0,0.0,49.62,49.62,0.0,0.0,291.4,1.0,186.3322967529297,2705408
1322,2707456,937.6576049715194,7481,-0.0014852085441816598,1.0330533906817436,0.30978391598910093,0.0012948172297910787,0.0135498046875,0.9969765543937683,44.62477225065231,32.0,0.0,49.96,49.96,0.0,0.0,284.12,1.0,187.4268814086914,2707456
1323,2709504,937.6336328048072,7487,5.2616247558034956e-05,1.2280046828091145,0.3373870924115181,0.004427862782904413,0.05078125,0.9961989521980286,50.20260593295097,32.0,0.0,49.96,49.96,0.0,0.0,282.48,1.0,187.06402557373048,2709504
1324,2711552,937.6279942725181,7492,-0.001905873024952598,1.036007545888424,0.34632587525993586,0.003388837263628375,0.04150390625,0.996669352054596,58.9334537088871,32.0,0.0,49.96,49.96,0.0,0.0,282.56,1.0,186.78602142333983,2711552
1325,2713600,937.6359695507499,7501,-0.0014921203255653381,1.1300427410751581,0.3323680693283677,0.0016918770015763585,0.01904296875,0.9972419738769531,52.434148728847504,32.0,0.0,49.96,49.96,0.0,0.0,286.12,1.0,187.1055288696289,2713600
1326,2715648,937.6194579827635,7510,-0.001903612312162295,1.2797352634370327,0.33676214050501585,0.0019389638036955148,0.023681640625,0.9964339137077332,46.27317035198212,32.0,0.0,50.0,50.0,0.0,0.0,277.3,1.0,187.14134674072267,2715648
1327,2717696,937.5844080391312,7515,-0.0020524496503639966,1.8995807394385338,0.3146882224828005,0.0013761558511760086,0.0162353515625,0.9940816760063171,76.84956303238869,32.0,0.0,50.0,50.0,0.0,0.0,273.58,1.0,187.15092498779296,2717696
1328,2719744,937.5641546758499,7524,-0.0014202407037373632,2.003252938389778,0.3596759345382452,0.0023065131972543895,0.0277099609375,0.9947407841682434,64.81800056993961,32.0,0.0,50.0,50.0,0.0,0.0,272.8,1.0,186.80851409912108,2719744
1329,2721792,937.527419892279,7532,-0.0006994891446083784,2.482219073921442,0.3478232277557254,0.001040518589434214,0.00830078125,0.9941957592964172,70.4226576089859,32.0,0.0,49.7,49.7,0.0,0.0,275.86,1.0,185.4515689086914,2721792
1330,2723840,937.5318568044275,7538,-0.0012435308744898066,1.1628140099346638,0.3364041466265917,0.0003940135138691403,0.001708984375,0.996465265750885,80.95639955997467,32.0,0.0,49.7,49.7,0.0,0.0,273.36,1.0,185.49648559570312,2723840
1331,2725888,937.5144459558171,7548,-0.004070047114510089,1.61576609313488,0.3454155717045069,0.0018924699543276802,0.021240234375,0.9962975382804871,56.98568993806839,32.0,0.0,49.7,49.7,0.0,0.0,273.54,1.0,185.75733947753906,2725888
1332,2727936,937.5149677239581,7554,-0.0015279576182365417,1.8927703090012074,0.3358005043119192,0.0013623306149384007,0.0150146484375,0.9934864640235901,99.20355743169785,32.0,0.0,49.7,49.7,0.0,0.0,265.34,1.0,185.31185363769532,2727936
1333,2729984,937.5185543579458,7560,-0.0022651184408459812,1.5242960304021835,0.3697072248905897,0.0019441064941929653,0.01953125,0.995716392993927,105.45936051011086,32.0,0.0,49.7,49.7,0.0,0.0,269.18,1.0,185.71307067871095,2729984
1334,2732032,937.5203055793363,7569,-0.0019895334844477475,1.4154834747314453,0.3669216586276889,0.0021061393490526825,0.02587890625,0.9964385032653809,88.33451680839062,32.0,0.0,49.68,49.68,0.0,0.0,278.42,1.0,186.19078277587892,2732032
1335,2734080,937.5120699113885,7574,-0.0031096216989681125,1.3235213793814182,0.35103338211774826,0.0023138244068832137,0.031005859375,0.9953380227088928,75.12538728117943,32.0,0.0,49.68,49.68,0.0,0.0,277.3,1.0,186.25855529785156,2734080
1336,2736128,937.5149033258463,7582,-0.000502939336001873,1.3587214648723602,0.38536539021879435,0.0022717099636793137,0.0250244140625,0.9966649413108826,103.26650616526604,32.0,0.0,49.98,49.98,0.0,0.0,279.52,1.0,187.47605072021486,2736128
1337,2738176,937.4968206320003,7590,-0.0026084491692017764,1.3659005649387836,0.3325309669598937,0.001030153434840031,0.01025390625,0.9955373406410217,48.59060987830162,32.0,0.0,49.96,49.96,0.0,0.0,282.66,1.0,187.1870150756836,2738176
1338,2740224,937.480506085539,7599,-0.0009352498018415645,1.1524122413247824,0.3040661867707968,0.0009188193071167916,0.010009765625,0.9967879056930542,61.87465524673462,32.0,0.0,49.96,49.96,0.0,0.0,282.48,1.0,187.2014419555664,2740224
1339,2742272,937.4683874056292,7605,0.0008941561100073159,1.449829075485468,0.35378174763172865,0.0036571266609826125,0.04296875,0.9961845278739929,100.3353513777256,32.0,0.0,49.96,49.96,0.0,0.0,283.64,1.0,187.27436889648436,2742272
1340,2744320,937.4551324449484,7611,-0.0054570565989706665,1.0947915203869343,0.3524456424638629,0.0023223510361276567,0.0286865234375,0.9964022636413574,38.363258600234985,32.0,0.0,49.96,49.96,0.0,0.0,280.22,1.0,186.995078125,2744320
1341,2746368,937.447423060346,7621,-0.0037005568447057158,1.1291067153215408,0.3055849615484476,0.002824956478434615,0.036865234375,0.9967706203460693,117.09066504240036,32.0,0.0,49.96,49.96,0.0,0.0,275.92,1.0,186.6168734741211,2746368
1342,2748416,937.4329664099988,7627,-0.001814449526136741,1.3795214295387268,0.330530290491879,0.0009313285700045526,0.0076904296875,0.9945773482322693,89.39959326386452,32.0,0.0,49.96,49.96,0.0,0.0,276.16,1.0,186.70898864746093,2748416
1343,2750464,937.4065398036287,7636,-0.00248432598891668,0.848324965685606,0.31383476220071316,0.0016342905728379264,0.021484375,0.997768759727478,55.986199244856834,32.0,0.0,49.98,49.98,0.0,0.0,268.92,1.0,186.99521240234375,2750464
1344,2752512,937.3943846999797,7643,-0.00261052034329623,1.1276486571878195,0.31945407576859,0.0013629534005303867,0.013671875,0.9963382482528687,81.72897213697433,32.0,0.0,49.98,49.98,0.0,0.0,268.3,1.0,187.32467834472655,2752512
1345,2754560,937.3899323144691,7650,-0.0008355727331945673,1.1822950951755047,0.3832025760784745,0.0014597242115996778,0.0184326171875,0.9961856603622437,70.74549981951714,32.0,0.0,49.98,49.98,0.0,0.0,271.62,1.0,187.47237731933595,2754560
1346,2756608,937.3795375189612,7659,-0.0043468040094012395,1.0489689093083143,0.3427805043756962,0.002069308749923948,0.0286865234375,0.9974914193153381,28.49953232705593,32.0,0.0,49.98,49.98,0.0,0.0,278.86,1.0,187.70002990722656,2756608
1347,2758656,937.364795432522,7662,-0.004198323411401361,1.31164088845253,0.3436065036803484,0.0035531998219084926,0.044921875,0.995332658290863,58.29379892349243,32.0,0.0,49.94,49.94,0.0,0.0,280.28,1.0,187.4226235961914,2758656
1348,2760704,937.3528652175028,7672,-0.0028331096546025947,1.0916249919682741,0.3151465468108654,0.0010569984005996957,0.010498046875,0.9973374605178833,89.35625010728836,32.0,0.0,49.96,49.96,0.0,0.0,279.04,1.0,187.27652740478516,2760704
1349,2762752,937.3307796238266,7681,-0.00277431242284365,1.2278299070894718,0.32023411244153976,0.0009262185412808321,0.0078125,0.9962299466133118,57.0264430642128,32.0,0.0,49.96,49.96,0.0,0.0,278.58,1.0,187.3598776245117,2762752
1350,2764800,937.3154357551196,7686,-0.0019362614984856918,1.281125519424677,0.3641308406367898,0.000800591406004969,0.00732421875,0.99607914686203,72.84490104019642,32.0,0.0,49.96,49.96,0.0,0.0,276.78,1.0,187.21462005615234,2764800
1351,2766848,937.3051966807197,7694,-0.001744151784805581,1.2702174820005894,0.35460509825497866,0.0023374165612040088,0.028076171875,0.9966855049133301,62.70427060127258,32.0,0.0,49.94,49.94,0.0,0.0,280.12,1.0,186.977119140625,2766848
1352,2768896,937.2860995389391,7701,-0.0018106941861333326,1.447869185358286,0.3666949141770601,0.00390974419133272,0.0440673828125,0.9956586360931396,52.78766983747482,32.0,0.0,49.94,49.94,0.0,0.0,280.74,1.0,187.1158447265625,2768896
1353,2770944,937.2523883979715,7709,-0.0010623002890497446,1.7733432464301586,0.36424285639077425,0.0011932679772144184,0.0115966796875,0.9958033561706543,76.17378687858582,32.0,0.0,49.92,49.92,0.0,0.0,279.16,1.0,187.0789633178711,2770944
1354,2772992,937.2307450079134,7715,-0.0038463939272332937,1.3228747248649597,0.35593140311539173,0.002460029434587341,0.0284423828125,0.996109664440155,44.493674755096436,32.0,0.0,49.96,49.96,0.0,0.0,281.14,1.0,187.4395379638672,2772992
1355,2775040,937.2006319694535,7723,-0.0029644444002769887,1.6312516257166862,0.34351458866149187,0.0018198575271526352,0.0206298828125,0.9959389567375183,57.10394451022148,32.0,0.0,49.96,49.96,0.0,0.0,283.14,1.0,187.30171478271484,2775040
1356,2777088,937.190357863258,7729,-0.0022145584371173754,1.0812672227621078,0.34349832870066166,0.003967541626479942,0.0469970703125,0.9963216185569763,41.374905079603195,32.0,0.0,49.94,49.94,0.0,0.0,288.68,1.0,187.46223236083983,2777088
1357,2779136,937.1983935847279,7736,-0.002473229033057578,1.6984195597469807,0.325879474170506,0.002199105510953814,0.0245361328125,0.9957270622253418,60.08811968564987,32.0,0.0,49.94,49.94,0.0,0.0,288.2,1.0,187.1143649291992,2779136
1358,2781184,937.1917938742166,7743,-0.0013731676735915244,1.0865690354257822,0.3375899326056242,0.0026003343009506352,0.034423828125,0.9964517951011658,56.87060922384262,32.0,0.0,49.94,49.94,0.0,0.0,291.44,1.0,187.26907653808593,2781184
1359,2783232,937.1782071633404,7751,-0.001508598099462688,1.419763620942831,0.3472319981083274,0.002046186098596081,0.0262451171875,0.9965709447860718,63.45002177357674,32.0,0.0,49.94,49.94,0.0,0.0,293.52,1.0,187.17520233154298,2783232
1360,2785280,937.1697108876007,7758,-0.00040171833825297654,3.3851435109972954,0.3513344433158636,0.0018510018053348176,0.02001953125,0.9894374012947083,62.476020097732544,32.0,0.0,49.94,49.94,0.0,0.0,292.26,1.0,187.17015350341796,2785280
1361,2787328,937.1226775775468,7764,-0.00314673590764869,2.9327608719468117,0.3323123175650835,0.0015401757045765407,0.0159912109375,0.9898513555526733,54.63790798187256,32.0,0.0,49.96,49.96,0.0,0.0,288.04,1.0,186.940966796875,2787328
1362,2789376,937.123448670836,7772,-0.0010545839322730899,3.1288472712039948,0.32950478326529264,0.0016277265531243756,0.0225830078125,0.9924370646476746,76.48878711462021,32.0,0.0,49.46,49.46,0.0,0.0,287.66,1.0,185.16360122680663,2789376
1363,2791424,937.0973128972144,7781,-0.004232942184899002,1.1902392357587814,0.32909092120826244,0.0019100506833638065,0.021240234375,0.9957939982414246,60.07214084267616,32.0,0.0,49.48,49.48,0.0,0.0,282.12,1.0,185.2894514465332,2791424
1364,2793472,937.0699335156278,7789,-0.0019400962046347558,1.5783210098743439,0.3083571242168546,0.0014336338863358833,0.0155029296875,0.995844304561615,105.32550117373466,32.0,0.0,49.48,49.48,0.0,0.0,279.26,1.0,185.3611311340332,2793472
1365,2795520,937.0622573545796,7796,-0.0017384556704200804,1.6315891221165657,0.3465418480336666,0.0012146352746640332,0.0126953125,0.9956262707710266,45.887778013944626,32.0,0.0,49.48,49.48,0.0,0.0,272.78,1.0,184.9486390686035,2795520
1366,2797568,937.0629364621552,7804,-0.0017490222526248544,0.8375386372208595,0.31940857879817486,0.0011564130982151255,0.0128173828125,0.997539222240448,66.01869335770607,32.0,0.0,49.48,49.48,0.0,0.0,267.7,1.0,184.5775456237793,2797568
1367,2799616,937.0520307447572,7810,-0.0006737619696650654,1.936444103717804,0.3271817332133651,0.0018636338281794451,0.02197265625,0.9943094849586487,64.91687712073326,32.0,0.0,49.48,49.48,0.0,0.0,266.9,1.0,184.3270536804199,2799616
1368,2801664,937.052293104244,7816,-0.0019371282251086086,1.4318299405276775,0.37493743002414703,0.002393229602603242,0.03125,0.9949332475662231,65.43269158899784,32.0,0.0,49.46,49.46,0.0,0.0,267.16,1.0,184.23862777709962,2801664
1369,2803712,937.0347861558034,7825,-0.0021013847726862878,1.184891166165471,0.3224058272317052,0.00199519214220345,0.0269775390625,0.9970340132713318,103.59346409142017,32.0,0.0,49.94,49.94,0.0,0.0,273.18,1.0,186.24606872558593,2803712
1370,2805760,936.9998046818722,7832,-0.0006617219478357583,1.1552107352763414,0.3167327428236604,0.0023010125441942364,0.0244140625,0.99634850025177,70.85325483977795,32.0,0.0,49.94,49.94,0.0,0.0,272.7,1.0,186.235927734375,2805760
1371,2807808,937.003676109228,7839,-0.0011592492810450494,1.8130391873419285,0.366537855938077,0.002318454164196737,0.026611328125,0.995327889919281,47.07698377966881,32.0,0.0,49.96,49.96,0.0,0.0,270.36,1.0,186.32790924072265,2807808
1372,2809856,936.999058945249,7846,-0.0022074885346228257,1.8347403854131699,0.36048881243914366,0.0033971113443840295,0.0443115234375,0.994352400302887,70.96891698241234,32.0,0.0,49.96,49.96,0.0,0.0,276.88,1.0,186.96486206054686,2809856
1373,2811904,936.9975686612472,7854,-0.0023774118744768202,1.2168320044875145,0.3233358869329095,0.0020354406879050657,0.01904296875,0.9969726800918579,70.49520266056061,32.0,0.0,49.96,49.96,0.0,0.0,280.38,1.0,187.22157836914062,2811904
1374,2813952,936.9816006982167,7861,-0.0032107545994222164,0.87229891307652,0.37537067476660013,0.0020840739889536053,0.0247802734375,0.9967718720436096,41.06852062046528,32.0,0.0,49.96,49.96,0.0,0.0,287.12,1.0,187.58855529785157,2813952
1375,2816000,936.9646849917177,7869,-0.0011929232568945736,1.5076886042952538,0.2984284730628133,0.002559840082540177,0.030517578125,0.9959939122200012,85.2336368560791,32.0,0.0,49.98,49.98,0.0,0.0,283.76,1.0,187.6104135131836,2816000
1376,2818048,936.9588030878292,7877,-0.0021367896188166924,1.1335136722773314,0.3180754967033863,0.0021629744005622342,0.0211181640625,0.9967378973960876,41.070529878139496,32.0,0.0,50.0,50.0,0.0,0.0,278.84,1.0,187.48085235595704,2818048
1377,2820096,936.9510947052506,7885,-0.0006175259768497199,1.9725217744708061,0.3322196416556835,0.001578774164954666,0.0184326171875,0.993778645992279,79.07225266098976,32.0,0.0,50.0,50.0,0.0,0.0,281.06,1.0,187.71417022705077,2820096
1378,2822144,936.9352892372164,7892,-0.0020531986228888854,1.2853282392024994,0.3108864864334464,0.0014756915843463503,0.0166015625,0.9956185221672058,43.229470774531364,32.0,0.0,50.0,50.0,0.0,0.0,276.62,1.0,187.051015625,2822144
1379,2824192,936.8989417625061,7900,-0.002264814655063674,1.3330909572541714,0.2818529889918864,0.0014030465899850242,0.01953125,0.996296763420105,61.79405252635479,32.0,0.0,50.0,50.0,0.0,0.0,273.4,1.0,186.82569915771484,2824192
1380,2826240,936.8776001239404,7908,-0.0020695041021099314,1.4819845147430897,0.32341450080275536,0.0009427443510503508,0.0081787109375,0.9953333735466003,60.39819574356079,32.0,0.0,50.0,50.0,0.0,0.0,267.66,1.0,186.95252227783203,2826240
1381,2828288,936.8638086967213,7913,-0.0022027281229384243,1.1681199632585049,0.3246429208666086,0.001758444843289908,0.02001953125,0.9957889914512634,38.83000377565622,32.0,0.0,50.0,50.0,0.0,0.0,266.84,1.0,187.05881286621093,2828288
1382,2830336,936.8519682837062,7921,-0.0018631329730851576,1.283831063657999,0.3339405134320259,0.0033337656350340694,0.0321044921875,0.9961899518966675,38.23316344618797,32.0,0.0,49.98,49.98,0.0,0.0,264.84,1.0,187.13158905029297,2830336
1383,2832384,936.857519744094,7931,-0.002993872156366706,1.4940901063382626,0.3325156820937991,0.00266840128460899,0.03466796875,0.9957498908042908,40.2218102067709,32.0,0.0,49.96,49.96,0.0,0.0,267.88,1.0,187.33296295166016,2832384
1384,2834432,936.8657032119929,7937,-0.0011965634039370343,1.19889135658741,0.3057242901995778,0.0012136660079704598,0.01171875,0.9961256384849548,69.05556732416153,32.0,0.0,49.96,49.96,0.0,0.0,269.22,1.0,187.51309692382813,2834432
1385,2836480,936.8584876831749,7944,-0.0023472068714909256,1.1737188436090946,0.37658210657536983,0.001503226965724025,0.016845703125,0.9969188570976257,75.4281899034977,32.0,0.0,49.96,49.96,0.0,0.0,272.38,1.0,187.5771514892578,2836480
1386,2838528,936.8368791552634,7952,-0.0004100780643057078,1.5335034914314747,0.30816626735031605,0.0018153376659029163,0.0216064453125,0.9955772757530212,55.147310346364975,32.0,0.0,49.94,49.94,0.0,0.0,273.74,1.0,187.27699279785156,2838528
1387,2840576,936.8267243084143,7959,-0.0024308859719894826,0.8632117658853531,0.321822009049356,0.001428391959052533,0.0147705078125,0.997491180896759,48.10439097881317,32.0,0.0,49.94,49.94,0.0,0.0,273.74,1.0,187.49468566894532,2840576
1388,2842624,936.8229654165295,7968,-0.0030679924529977143,1.4190056063234806,0.3277200320735574,0.0014543050638167188,0.0159912109375,0.99627286195755,47.403616070747375,32.0,0.0,49.96,49.96,0.0,0.0,275.26,1.0,187.54062286376953,2842624
1389,2844672,936.8253552935998,7976,-0.0028777937113773078,0.9188239630311728,0.3209832296706736,0.001290409876673948,0.0142822265625,0.9968112707138062,56.02714712917805,32.0,0.0,49.98,49.98,0.0,0.0,270.02,1.0,187.29615936279296,2844672
1390,2846720,936.8016763899608,7983,-0.0009669780265539885,1.3243321999907494,0.3515282915905118,0.0010017690001404844,0.0072021484375,0.9966506958007812,63.095577374100685,32.0,0.0,49.98,49.98,0.0,0.0,269.72,1.0,187.19436248779297,2846720
1391,2848768,936.7761879646014,7989,-0.0018036054243566468,1.349644262343645,0.3139589512720704,0.001784777436114382,0.0198974609375,0.9957454800605774,75.6501270532608,32.0,0.0,49.98,49.98,0.0,0.0,271.88,1.0,187.28163848876954,2848768
1392,2850816,936.7539465899451,7998,-0.002202974515967071,1.2778838910162449,0.33076170459389687,0.0025977233453886583,0.0325927734375,0.9967871308326721,42.609503120183945,32.0,0.0,50.0,50.0,0.0,0.0,265.98,1.0,187.35322387695314,2850816
1393,2852864,936.7497452901879,8005,0.0005669473757734522,1.4100183211266994,0.33428414817899466,0.003991654513811227,0.0447998046875,0.9957759380340576,67.0570595562458,32.0,0.0,50.0,50.0,0.0,0.0,269.42,1.0,187.42191741943358,2852864
1394,2854912,936.735798328911,8013,-0.0023602063592988998,1.1829184647649527,0.33491554018110037,0.0007372202671831474,0.0067138671875,0.9967970252037048,51.34525394439697,32.0,0.0,50.0,50.0,0.0,0.0,270.78,1.0,187.34446075439453,2854912
1395,2856960,936.7330567382508,8021,-0.00246067727857735,1.0286166835576296,0.3300169911235571,0.0013399264353211038,0.0135498046875,0.9968069791793823,51.80681957304478,32.0,0.0,50.0,50.0,0.0,0.0,269.06,1.0,187.2932876586914,2856960
1396,2859008,936.7304106014399,8029,-0.0008208822982851416,1.17337079718709,0.28029322577640414,0.001828449239837937,0.0198974609375,0.9967359304428101,49.271477937698364,32.0,0.0,50.0,50.0,0.0,0.0,269.28,1.0,186.96579376220703,2859008
1397,2861056,936.7184569830501,8037,-0.0024571145768277347,0.8938851282000542,0.30069680977612734,0.0015654062663088553,0.0186767578125,0.9973135590553284,55.13208317756653,32.0,0.0,50.0,50.0,0.0,0.0,263.4,1.0,186.76798522949218,2861056
1398,2863104,936.7184054904945,8045,-0.0010401517938589677,1.1005077417939901,0.35429978370666504,0.0013495422244886868,0.0164794921875,0.9969807863235474,71.04045966267586,32.0,0.0,50.0,50.0,0.0,0.0,261.58,1.0,186.41772216796875,2863104
1399,2865152,936.6951350571662,8051,-0.0006949975941097364,1.4385150894522667,0.3577955989167094,0.0009571330447215587,0.0086669921875,0.9960612654685974,82.90801644325256,32.0,0.0,49.98,49.98,0.0,0.0,265.46,1.0,186.85945037841796,2865152
1400,2867200,936.682649868262,8059,-0.0015134602144826204,1.003191938623786,0.35500041488558054,0.0016226882798946463,0.02001953125,0.9971908926963806,46.33123758435249,32.0,0.0,49.98,49.98,0.0,0.0,269.24,1.0,186.84666809082032,2867200
1401,2869248,936.6423906007373,8066,-0.002833604085026309,1.4695230945944786,0.33607850316911936,0.0019422614277573302,0.0216064453125,0.9954276084899902,86.13299149274826,32.0,0.0,49.98,49.98,0.0,0.0,267.36,1.0,187.16589538574217,2869248
1402,2871296,936.6246600811135,8077,-0.0029027439595665783,1.4260072112083435,0.3438986502587795,0.0015864603337831795,0.01513671875,0.9963892698287964,35.100099354982376,32.0,0.0,49.98,49.98,0.0,0.0,267.4,1.0,186.81678558349608,2871296
1403,2873344,936.632589694725,8079,-0.0019249318283982575,1.3162556290626526,0.360549695789814,0.0021816230582771823,0.0264892578125,0.995902419090271,31.281711488962173,32.0,0.0,49.98,49.98,0.0,0.0,269.44,1.0,187.11840850830077,2873344
1404,2875392,936.6087906668017,8092,-0.003374041261849925,1.434682048857212,0.32307454384863377,0.0011142203875351697,0.0106201171875,0.99671870470047,54.680053412914276,32.0,0.0,49.98,49.98,0.0,0.0,274.1,1.0,186.95691772460938,2875392
1405,2877440,936.6067933621166,8097,-0.0022553759772563353,1.7277249619364738,0.3438195213675499,0.0010512758817640133,0.00927734375,0.9936334490776062,63.3388199955225,32.0,0.0,49.98,49.98,0.0,0.0,275.22,1.0,186.9727459716797,2877440
1406,2879488,936.5925318610623,8106,-0.0039836729993112385,1.071782287210226,0.33013622276484966,0.0028731342026731,0.0380859375,0.9971486330032349,50.10350739955902,32.0,0.0,50.0,50.0,0.0,0.0,268.06,1.0,186.5826089477539,2879488
1407,2881536,936.5979673210811,8111,-0.0009565051295794547,1.0865437239408493,0.34948536939918995,0.0014553895307471976,0.0126953125,0.9962710738182068,34.49516290426254,32.0,0.0,49.98,49.98,0.0,0.0,267.58,1.0,186.62896850585938,2881536
1408,2883584,936.5880261821792,8120,-0.0037421860470203683,1.3513782247900963,0.3178033037111163,0.004368426809378434,0.0516357421875,0.9963989853858948,52.89695370197296,32.0,0.0,49.98,49.98,0.0,0.0,266.84,1.0,186.73381256103517,2883584
1409,2885632,936.5946294039173,8127,-0.0008098809630610049,2.278789322823286,0.3593127364292741,0.0018671349826036021,0.019775390625,0.9927064180374146,49.348181307315826,32.0,0.0,49.98,49.98,0.0,0.0,268.98,1.0,186.65200866699217,2885632
1410,2887680,936.581898289779,8135,-0.00079639459727332,1.5512756071984768,0.31379389483481646,0.00047862336941761896,0.00244140625,0.9955532550811768,67.55579596757889,32.0,0.0,49.98,49.98,0.0,0.0,264.94,1.0,186.7019241333008,2887680
1411,2889728,936.5887872522725,8143,-0.001783192652510479,0.9314266256988049,0.3360567791387439,0.0009944473058567382,0.00927734375,0.9970043897628784,57.85175934433937,32.0,0.0,49.88,49.88,0.0,0.0,263.54,1.0,185.83569580078125,2889728
1412,2891776,936.5648129358519,8151,-0.0011804974492406473,1.7622894272208214,0.3374544084072113,0.0006935250639799051,0.00341796875,0.9942396879196167,79.40605080127716,32.0,0.0,49.88,49.88,0.0,0.0,267.76,1.0,186.25926177978516,2891776
1413,2893824,936.5444957478729,8159,-0.0016369670338463038,1.27572875097394,0.34305810183286667,0.0013797917636111379,0.015380859375,0.9960078597068787,52.628946498036385,32.0,0.0,49.88,49.88,0.0,0.0,262.84,1.0,185.65305084228515,2893824
1414,2895872,936.5244407413616,8167,-0.0024631200212752447,1.6845413222908974,0.3258437877520919,0.002343222404306289,0.0311279296875,0.9949983954429626,60.08357289433479,32.0,0.0,49.9,49.9,0.0,0.0,261.72,1.0,185.65029357910157,2895872
1415,2897920,936.5332091065636,8173,-0.0016429246752522886,1.508956890553236,0.4008943783119321,0.0018033367523457855,0.018798828125,0.9945862293243408,47.27705255150795,32.0,0.0,49.9,49.9,0.0,0.0,256.88,1.0,185.33721405029297,2897920
1416,2899968,936.5095173358823,8182,-0.003289409403805621,1.1616767384111881,0.32765229139477015,0.001514587966084946,0.018310546875,0.996848464012146,31.635198444128036,32.0,0.0,49.84,49.84,0.0,0.0,266.34,1.0,185.60761505126953,2899968
1417,2902016,936.4991615438378,8186,-0.0014898856315994635,0.892277954146266,0.3818519841879606,0.001100129447877407,0.008544921875,0.9969894886016846,59.78790497779846,32.0,0.0,49.92,49.92,0.0,0.0,268.06,1.0,186.09450744628907,2902016
1418,2904064,936.4902766770086,8196,-0.0006923719774931669,1.436967521905899,0.31992045138031244,0.0004589638119796291,0.0032958984375,0.9967337846755981,45.10099017620087,32.0,0.0,49.92,49.92,0.0,0.0,274.36,1.0,186.65814239501952,2904064
1419,2906112,936.4611383206208,8203,-0.0035493087343638763,1.1411020290106535,0.31840624939650297,0.001367243537970353,0.013427734375,0.9963914155960083,31.46118253469467,32.0,0.0,49.88,49.88,0.0,0.0,275.94,1.0,186.46385711669922,2906112
1420,2908160,936.4349919633106,8211,-0.001760890954756178,1.1273120734840631,0.3300604000687599,0.000759224574721884,0.0064697265625,0.9968844056129456,76.16363722085953,32.0,0.0,49.88,49.88,0.0,0.0,278.24,1.0,186.72460510253907,2908160
1421,2910208,936.4215918980464,8219,-0.004484151548240334,1.8961269669234753,0.31510110292583704,0.002309690047695767,0.0306396484375,0.9941123723983765,73.12209492921829,32.0,0.0,49.82,49.82,0.0,0.0,275.58,1.0,186.54332580566407,2910208
1422,2912256,936.4176078958667,8223,-0.0009575170988682657,1.270832896232605,0.3953160773962736,0.0006597536557819694,0.0042724609375,0.9947383403778076,58.18963158130646,32.0,0.0,49.82,49.82,0.0,0.0,277.96,1.0,186.71792205810547,2912256
1423,2914304,936.4049400075722,8234,-0.002479406161000952,1.3410964459180832,0.32343579083681107,0.0013146861892892048,0.0142822265625,0.9968317747116089,54.467108860611916,32.0,0.0,49.9,49.9,0.0,0.0,278.3,1.0,187.5528121948242,2914304
1424,2916352,936.4886273407335,8240,0.0005609024374280125,1.139993967488408,0.3105069976300001,0.0003418454507482238,0.0006103515625,0.9962098002433777,78.75637912750244,32.0,0.0,49.9,49.9,0.0,0.0,276.64,1.0,187.70745025634767,2916352
1425,2918400,936.5049368810504,8249,-0.0025885543873300776,0.963565519079566,0.3363009877502918,0.0018415724698570557,0.025390625,0.9977095127105713,44.59271836280823,32.0,0.0,49.9,49.9,0.0,0.0,272.84,1.0,187.2209552001953,2918400
1426,2920448,936.5055119251965,8257,-0.0007702299917582422,1.3403547573834658,0.3173857079818845,0.0008618544525234029,0.0069580078125,0.9954894185066223,44.557670056819916,32.0,0.0,49.94,49.94,0.0,0.0,273.98,1.0,187.73720031738281,2920448
1427,2922496,936.6075109185552,8262,-0.0007470635464414954,1.1017000544816256,0.3537030452862382,0.0027684661545208655,0.033935546875,0.996376097202301,72.88470315933228,32.0,0.0,49.94,49.94,0.0,0.0,271.1,1.0,187.68706115722657,2922496
1428,2924544,936.5986702945165,8272,-0.002757103939075023,1.3253160640597343,0.3871478885412216,0.0013222643538028933,0.0145263671875,0.9967271089553833,55.60124695301056,32.0,0.0,49.96,49.96,0.0,0.0,276.98,1.0,187.73447631835938,2924544
1429,2926592,936.5827501057349,8279,-0.0017255855636904016,1.8760658539831638,0.3217438170686364,0.001679526780208107,0.0198974609375,0.9944033026695251,49.96823246777058,32.0,0.0,49.92,49.92,0.0,0.0,274.14,1.0,187.33706909179688,2926592
1430,2928640,936.5921830495545,8285,-0.001867344370111823,1.0107494536787271,0.3360605416819453,0.0014654762271675281,0.016357421875,0.9965512156486511,48.14919966459274,32.0,0.0,49.92,49.92,0.0,0.0,268.2,1.0,187.05636016845702,2928640
1431,2930688,936.5954508171092,8293,-0.0008477514784317464,2.2277977280318737,0.35284854006022215,0.0008474855712847784,0.0062255859375,0.9937942624092102,119.35888156294823,32.0,0.0,49.92,49.92,0.0,0.0,272.36,1.0,186.98596099853515,2930688
1432,2932736,936.6139039694743,8302,-0.0017748342652339488,1.028281008824706,0.346931011416018,0.0023596084938617423,0.0252685546875,0.9968523383140564,63.01732724905014,32.0,0.0,49.92,49.92,0.0,0.0,268.18,1.0,187.05066680908203,2932736
1433,2934784,936.5999607263495,8307,-0.0009930872329277918,1.580418724566698,0.3251375900581479,0.0005469513562275097,0.0025634765625,0.9952423572540283,114.53403407335281,32.0,0.0,49.92,49.92,0.0,0.0,270.54,1.0,186.67995513916014,2934784
1434,2936832,936.5983185049643,8318,-0.002019692910835147,1.1384169682860374,0.3103625401854515,0.0005793725940748118,0.005126953125,0.9971421360969543,35.8257315158844,32.0,0.0,49.9,49.9,0.0,0.0,267.14,1.0,185.75411193847657,2936832
1435,2938880,936.5994626454183,8323,-0.0017656260606599972,1.6021633110940456,0.34443085081875324,0.0006845200259704143,0.0050048828125,0.9936138391494751,64.23810142278671,32.0,0.0,49.92,49.92,0.0,0.0,266.84,1.0,186.13225036621094,2938880
1436,2940928,936.6031477955381,8335,-0.0022941968927625567,1.0013074781745672,0.339333675801754,0.0010138831930817105,0.0107421875,0.9972078204154968,44.027808636426926,32.0,0.0,49.96,49.96,0.0,0.0,264.5,1.0,186.0253939819336,2940928
1437,2942976,936.5996964257147,8340,-0.002213857398601249,1.274306982755661,0.3162465784698725,0.0008920489344745874,0.0074462890625,0.9958272576332092,49.590265557169914,32.0,0.0,49.96,49.96,0.0,0.0,264.36,1.0,186.0414340209961,2942976
1438,2945024,936.599661084754,8350,-0.001976065686903894,1.261141311377287,0.3219305220991373,0.0017225031624548137,0.0206298828125,0.9964913129806519,71.13630041480064,32.0,0.0,49.96,49.96,0.0,0.0,260.04,1.0,185.90039764404298,2945024
1439,2947072,936.5856836581082,8359,-0.0019481726922094822,1.5825647227466106,0.3052565511316061,0.0015538911611656658,0.0159912109375,0.9949946403503418,37.34455828368664,32.0,0.0,49.96,49.96,0.0,0.0,257.3,1.0,185.86520629882813,2947072
1440,2949120,936.5713781488085,8366,-0.0019211842445656657,0.8879470527172089,0.33183856680989265,0.0011352289802744053,0.0126953125,0.9974409341812134,32.5593019425869,32.0,0.0,49.98,49.98,0.0,0.0,257.36,1.0,186.351162109375,2949120
1441,2951168,936.576899542084,8373,-0.0020552980713546276,1.051467977464199,0.3364220382645726,0.0007494264864362776,0.0068359375,0.9966254830360413,43.08719927072525,32.0,0.0,50.0,50.0,0.0,0.0,256.54,1.0,186.09761505126954,2951168
1442,2953216,936.5611982825676,8381,-0.0009334085771115497,1.430343758314848,0.3252180991694331,0.0003483580658212304,0.0010986328125,0.9959825277328491,42.57979737222195,32.0,0.0,50.0,50.0,0.0,0.0,257.22,1.0,186.37491119384765,2953216
1443,2955264,936.5502705294404,8389,-0.002865922564524226,1.2875445988029242,0.33001982513815165,0.0020035788547829725,0.024169921875,0.995487630367279,40.62945830821991,32.0,0.0,50.0,50.0,0.0,0.0,257.4,1.0,186.44862060546876,2955264
1444,2957312,936.5237318798994,8395,-0.0012350312026683241,1.1583142206072807,0.33219422865659,0.00034451836108928546,0.0023193359375,0.9961962699890137,51.2765251994133,32.0,0.0,50.0,50.0,0.0,0.0,261.58,1.0,186.89939086914063,2957312
1445,2959360,936.5005771525413,8404,-0.0004886493843514472,1.1716400422155857,0.3040735824033618,0.0010793558831210248,0.0106201171875,0.9967148900032043,62.83074551820755,32.0,0.0,50.0,50.0,0.0,0.0,262.9,1.0,186.53722564697264,2959360
1446,2961408,936.4700696579447,8412,-0.0010478183685336262,1.3452778495848179,0.316011231392622,0.0007565633859485388,0.004150390625,0.9956077933311462,41.5246886909008,32.0,0.0,50.0,50.0,0.0,0.0,265.7,1.0,186.8945834350586,2961408
1447,2963456,936.4550831012659,8419,-0.0016696188831701875,1.1232835799455643,0.3221522932872176,0.0006534743297379464,0.005859375,0.9962301850318909,36.006222784519196,32.0,0.0,50.0,50.0,0.0,0.0,264.18,1.0,186.6452001953125,2963456
1448,2965504,936.4254221440117,8427,-0.0014676735736429691,1.238802209496498,0.33008274156600237,0.0007030022970866412,0.0059814453125,0.9965843558311462,75.29106748104095,32.0,0.0,50.0,50.0,0.0,0.0,265.0,1.0,186.7983724975586,2965504
1449,2967552,936.3910784314585,8437,-0.0027507823251653463,1.121540891006589,0.2823587702587247,0.0015777377484482713,0.0203857421875,0.9962369799613953,27.46247974038124,32.0,0.0,50.0,50.0,0.0,0.0,264.18,1.0,186.94643280029297,2967552
1450,2969600,936.3636688876235,8441,-0.0025220138777513057,1.0190187767148018,0.31590705551207066,0.002209587379184086,0.026123046875,0.9966724514961243,28.377885431051254,32.0,0.0,50.0,50.0,0.0,0.0,262.84,1.0,186.46014556884765,2969600
1451,2971648,936.3356907219376,8450,-0.0017924638959812,1.4455840475857258,0.33986315969377756,0.0013625284045701846,0.0162353515625,0.9962205290794373,50.78064128756523,32.0,0.0,50.0,50.0,0.0,0.0,261.72,1.0,186.43567901611328,2971648
1452,2973696,936.3319248371185,8458,-0.0033098255516961217,1.9078274592757225,0.33606413193047047,0.0019319981220178306,0.019287109375,0.9942935705184937,45.90244761109352,32.0,0.0,50.0,50.0,0.0,0.0,264.7,1.0,186.62401428222657,2973696
1453,2975744,936.3116954692523,8468,-0.0017781874485081062,1.4475339576601982,0.28222922421991825,0.0008866379866958596,0.008544921875,0.9960035085678101,63.44259089231491,32.0,0.0,50.0,50.0,0.0,0.0,265.38,1.0,186.70841369628906,2975744
1454,2977792,936.3190117910862,8475,-0.002457995171425864,2.8665994703769684,0.3182914238423109,0.0017275660356972367,0.0218505859375,0.9904950261116028,38.99022436141968,32.0,0.0,50.0,50.0,0.0,0.0,262.58,1.0,186.97488311767577,2977792
1455,2979840,936.3006957990233,8483,-0.00321630178950727,3.7651376128196716,0.35349298268556595,0.001417013416357804,0.01806640625,0.9902644157409668,39.217228308320045,32.0,0.0,50.0,50.0,0.0,0.0,258.56,1.0,186.2764813232422,2979840
1456,2981888,936.2872830788191,8491,-0.002180336741730571,4.993294902145863,0.33919782377779484,0.0012513407273218036,0.0162353515625,0.9870501756668091,41.24002294242382,32.0,0.0,49.46,49.46,0.0,0.0,260.54,1.0,184.49572509765625,2981888
1457,2983936,936.2796140053052,8497,-0.002236833839560859,1.2027194052934647,0.31826175283640623,0.001273772977583576,0.013916015625,0.996171236038208,37.574039041996,32.0,0.0,49.46,49.46,0.0,0.0,258.64,1.0,184.41144561767578,2983936
1458,2985984,936.2849226127898,8506,-0.0008374728058697656,1.3370521180331707,0.3320690132677555,0.00044301097659626976,0.002197265625,0.9964831471443176,41.492550641298294,32.0,0.0,49.44,49.44,0.0,0.0,258.9,1.0,184.48721923828126,2985984
1459,2988032,936.2500549965941,8510,-0.004054046105011366,1.3863319549709558,0.3333106553182006,0.0010130442169611342,0.010009765625,0.9955766201019287,25.820536360144615,32.0,0.0,49.44,49.44,0.0,0.0,262.36,1.0,185.05456359863283,2988032
1460,2990080,936.274984460298,8521,-0.0012587108212755993,1.4839416109025478,0.3423188915476203,0.0010413319832878187,0.010498046875,0.9964600205421448,43.97154513001442,32.0,0.0,49.42,49.42,0.0,0.0,266.28,1.0,184.73180694580077,2990080
1461,2992128,936.2657556648948,8528,-0.0024737997446209192,1.5843335874378681,0.3042447241023183,0.0018493910974939354,0.0218505859375,0.9942387938499451,30.0505198687315,32.0,0.0,49.42,49.42,0.0,0.0,267.7,1.0,184.7998828125,2992128
1462,2994176,936.2522369449906,8536,-0.0017732081178110093,1.4725863561034203,0.31123185623437166,0.0011184467512066476,0.0120849609375,0.9956237077713013,32.42647358775139,32.0,0.0,49.42,49.42,0.0,0.0,268.12,1.0,185.17912963867187,2994176
1463,2996224,936.2295416496721,8545,-0.001107545365812257,1.4922447577118874,0.3077859841287136,0.0013248594186734408,0.014892578125,0.995863139629364,30.243267983198166,32.0,0.0,49.96,49.96,0.0,0.0,265.96,1.0,187.13838317871094,2996224
1464,2998272,936.2099652197369,8552,-0.002783011208521202,1.4355955384671688,0.33869578409940004,0.002214438201917801,0.0269775390625,0.9956567287445068,51.14075720310211,32.0,0.0,49.96,49.96,0.0,0.0,264.18,1.0,186.89760406494142,2998272
