round,steps,score,coins,crates,kills,suicides,invalid,survived,total_reward,epsilon,alpha,n_states,max_abs_q,mean_abs_td,coverage
1,36,0,0,5,0,1,0,0,-28.037,0.99833,0.15,151,31.572,4.09758,0.40728
2,30,1,1,9,0,1,0,0,-22.161,0.99667,0.15,166,31.572,4.47955,0.38956
3,8,0,0,3,0,1,0,0,-32.952,0.99501,0.15,169,31.572,11.39491,0.38856
4,6,0,0,2,0,1,0,0,-30.41,0.99336,0.15,171,31.572,14.20029,0.38694
5,53,3,3,10,0,1,0,0,-12.319,0.9917,0.15,181,31.572,2.84047,0.38858
6,6,0,0,3,0,1,0,0,-32.954,0.99005,0.15,181,31.572,13.67337,0.3895
7,5,0,0,3,0,1,0,0,-30.806,0.9884,0.15,183,31.572,14.86335,0.38798
8,31,0,0,6,0,1,0,0,-27.502,0.98676,0.15,187,31.572,4.33572,0.38681
9,5,0,0,4,0,1,0,0,-32.006,0.98511,0.15,187,31.572,12.55716,0.38681
10,5,0,0,3,0,1,0,0,-33.806,0.98347,0.15,187,31.572,12.7291,0.38681
11,10,0,0,4,0,1,0,0,-31.852,0.98183,0.15,188,31.572,7.50586,0.38652
12,31,2,2,12,0,1,0,0,-15.105,0.9802,0.15,195,31.572,4.57536,0.37949
13,34,0,0,7,0,1,0,0,-26.003,0.97857,0.15,201,31.572,3.57431,0.37562
14,67,1,1,10,0,1,0,0,-22.695,0.97694,0.15,212,31.572,2.71796,0.37343
15,5,0,0,4,0,1,0,0,-32.006,0.97531,0.15,212,31.572,9.81119,0.37343
16,16,0,0,4,0,1,0,0,-28.893,0.97369,0.15,213,31.572,5.68474,0.3748
17,5,0,0,3,0,1,0,0,-33.008,0.97206,0.15,213,31.572,11.80495,0.3748
18,10,0,0,4,0,1,0,0,-32.796,0.97045,0.15,215,31.572,9.28519,0.37364
19,5,0,0,3,0,1,0,0,-33.008,0.96883,0.15,215,31.572,10.74867,0.37364
20,21,0,0,4,0,1,0,0,-29.832,0.96722,0.15,216,31.572,4.94525,0.37346
21,14,0,0,5,0,1,0,0,-27.721,0.96561,0.15,216,31.572,6.1401,0.37423
22,7,0,0,3,0,1,0,0,-28.35,0.964,0.15,217,31.572,11.33027,0.37558
23,15,0,0,3,0,1,0,0,-29.867,0.96239,0.15,218,31.572,4.62324,0.37538
24,35,2,2,4,0,1,0,0,-21.696,0.96079,0.15,218,31.572,3.58687,0.37768
25,21,1,1,5,0,1,0,0,-20.544,0.95919,0.15,219,31.572,4.78278,0.37976
26,15,0,0,2,0,1,0,0,-29.5,0.95759,0.15,219,31.572,3.89897,0.37976
27,7,0,0,2,0,1,0,0,-32.81,0.956,0.15,219,31.572,12.05153,0.38052
28,6,0,0,3,0,1,0,0,-30.756,0.95441,0.15,219,31.572,8.03279,0.38052
29,13,0,0,2,0,1,0,0,-30.25,0.95282,0.15,219,31.572,6.736,0.38128
30,22,0,0,3,0,1,0,0,-26.514,0.95123,0.15,221,31.572,5.21255,0.38009
31,11,0,0,4,0,1,0,0,-31.9,0.94965,0.15,221,31.572,5.83209,0.38084
32,5,0,0,3,0,1,0,0,-32.606,0.94806,0.15,221,31.572,8.8653,0.38084
33,23,1,1,3,0,1,0,0,-28.774,0.94649,0.15,222,31.572,4.53459,0.38063
34,31,2,2,4,0,1,0,0,-16.597,0.94491,0.15,225,31.572,3.99679,0.37926
35,8,0,0,2,0,1,0,0,-33.954,0.94334,0.15,225,31.572,7.46552,0.37926
36,5,0,0,4,0,1,0,0,-32.804,0.94176,0.15,225,31.572,10.16742,0.38
37,18,1,1,1,0,1,0,0,-26.986,0.9402,0.15,225,31.572,5.61294,0.38148
38,5,0,0,2,0,1,0,0,-31.404,0.93863,0.15,226,31.572,11.9771,0.38127
39,5,0,0,4,0,1,0,0,-32.008,0.93707,0.15,226,31.572,6.89822,0.38127
40,25,0,0,8,0,1,0,0,-28.866,0.93551,0.15,226,31.572,5.51321,0.38274
41,42,0,0,7,0,1,0,0,-22.88,0.93395,0.15,228,31.572,3.58843,0.38231
42,11,0,0,2,0,1,0,0,-29.946,0.93239,0.15,228,31.572,7.63912,0.38231
43,6,0,0,3,0,1,0,0,-33.356,0.93084,0.15,228,31.572,8.87256,0.38231
44,38,4,4,7,0,1,0,0,-12.048,0.92929,0.15,234,31.572,4.06064,0.37821
45,5,0,0,3,0,1,0,0,-33.408,0.92774,0.15,234,31.572,7.95,0.37821
46,6,0,0,1,0,1,0,0,-28.466,0.9262,0.15,234,31.572,14.30634,0.38034
47,8,0,0,3,0,1,0,0,-32.952,0.92466,0.15,234,31.572,5.74061,0.38034
48,41,1,1,4,0,1,0,0,-24.899,0.92312,0.15,236,31.572,3.6605,0.38065
49,62,3,3,14,0,1,0,0,-6.771,0.92158,0.15,248,31.572,2.98258,0.37433
50,39,0,0,9,0,1,0,0,-20.242,0.92004,0.15,252,31.572,3.46644,0.37368
51,9,0,0,4,0,1,0,0,-31.906,0.91851,0.15,252,31.572,5.56659,0.37368
52,16,1,1,4,0,1,0,0,-22.473,0.91698,0.15,252,31.572,6.25401,0.37434
53,16,1,1,3,0,1,0,0,-24.421,0.91546,0.15,253,31.572,6.23701,0.37418
54,14,0,0,4,0,1,0,0,-29.292,0.91393,0.15,254,31.572,7.22041,0.37533
55,8,0,0,6,0,1,0,0,-28.15,0.91241,0.15,256,31.572,9.27456,0.375
56,10,0,0,3,0,1,0,0,-28.606,0.91089,0.15,256,31.572,6.74757,0.375
57,36,3,3,10,0,1,0,0,-11.82,0.90937,0.15,256,31.572,3.74342,0.37565
58,5,0,0,4,0,1,0,0,-32.808,0.90786,0.15,256,31.572,5.75164,0.37565
59,14,0,0,3,0,1,0,0,-31.296,0.90635,0.15,256,31.572,5.00547,0.37565
60,5,0,0,4,0,1,0,0,-32.408,0.90484,0.15,256,31.572,4.91469,0.37565
61,11,0,0,2,0,1,0,0,-29.948,0.90333,0.15,256,31.572,6.88587,0.37565
62,8,0,0,6,0,1,0,0,-27.714,0.90183,0.15,258,31.572,10.38148,0.37468
63,6,0,0,4,0,1,0,0,-32.754,0.90032,0.15,258,31.572,7.40989,0.37468
64,30,0,0,6,0,1,0,0,-30.608,0.89883,0.15,260,31.572,4.73332,0.37436
65,17,0,0,5,0,1,0,0,-30.118,0.89733,0.15,260,31.572,5.44912,0.37436
66,19,1,1,5,0,1,0,0,-22.19,0.89583,0.15,260,31.572,5.88412,0.375
67,30,0,0,5,0,1,0,0,-27.693,0.89434,0.15,260,31.572,3.43299,0.375
68,97,1,1,12,0,1,0,0,-21.643,0.89285,0.15,283,31.572,2.56168,0.36396
69,17,0,0,5,0,1,0,0,-29.781,0.89137,0.15,285,31.572,7.23174,0.36316
70,27,2,2,8,0,1,0,0,-17.322,0.88988,0.15,286,31.572,3.69914,0.36364
71,9,0,0,4,0,1,0,0,-30.916,0.8884,0.15,286,31.572,9.17704,0.36422
72,34,1,1,8,0,1,0,0,-19.979,0.88692,0.15,289,31.572,3.1145,0.36332
73,59,4,4,16,0,1,0,0,-3.296,0.88544,0.15,300,31.572,3.33078,0.35944
74,5,0,0,3,0,1,0,0,-33.808,0.88397,0.15,300,31.572,5.41972,0.35944
75,17,0,0,5,0,1,0,0,-26.75,0.8825,0.15,301,31.572,5.42607,0.35991
76,45,2,2,11,0,1,0,0,-21.086,0.88103,0.15,304,31.572,3.35882,0.35855
77,8,0,0,3,0,1,0,0,-27.894,0.87956,0.15,304,31.572,9.88288,0.35855
78,17,0,0,5,0,1,0,0,-29.532,0.8781,0.15,304,31.572,4.52921,0.35855
79,15,0,0,5,0,1,0,0,-25.202,0.87663,0.15,305,31.572,6.09105,0.35792
80,5,0,0,2,0,1,0,0,-31.062,0.87517,0.15,305,31.572,19.2696,0.35792
81,20,1,1,6,0,1,0,0,-21.075,0.87372,0.15,305,31.572,3.93364,0.35792
82,5,0,0,4,0,1,0,0,-32.808,0.87226,0.15,305,31.572,4.65042,0.35792
83,24,0,0,10,0,1,0,0,-27.828,0.87081,0.15,305,31.572,4.85892,0.35847
84,16,0,0,5,0,1,0,0,-32.078,0.86936,0.15,305,31.572,6.41414,0.35902
85,27,1,1,6,0,1,0,0,-18.675,0.86791,0.15,305,31.572,4.30435,0.35956
86,15,0,0,4,0,1,0,0,-27.258,0.86647,0.15,305,31.572,3.96366,0.35956
87,7,0,0,2,0,1,0,0,-34.0,0.86502,0.15,305,31.572,13.89919,0.35956
88,15,1,1,5,0,1,0,0,-23.3,0.86358,0.15,305,31.572,6.20196,0.36011
89,35,1,1,10,0,1,0,0,-16.149,0.86214,0.15,305,31.572,4.19342,0.3612
90,23,0,0,5,0,1,0,0,-25.436,0.86071,0.15,305,31.572,4.82327,0.36175
91,27,1,1,5,0,1,0,0,-24.405,0.85927,0.15,305,31.572,5.20369,0.36284
92,7,0,0,2,0,1,0,0,-32.41,0.85784,0.15,305,31.572,8.74347,0.36284
93,21,1,1,7,0,1,0,0,-23.092,0.85642,0.15,309,31.572,3.48156,0.36138
94,5,0,0,2,0,1,0,0,-30.26,0.85499,0.15,309,31.572,12.11113,0.36138
95,21,0,0,5,0,1,0,0,-28.55,0.85357,0.15,311,31.572,6.71558,0.36066
96,16,0,0,5,0,1,0,0,-26.744,0.85214,0.15,311,31.572,4.20593,0.3612
97,6,0,0,3,0,1,0,0,-31.704,0.85072,0.15,311,31.572,15.7968,0.3612
98,5,0,0,4,0,1,0,0,-32.408,0.84931,0.15,311,31.572,5.87647,0.3612
99,21,0,0,3,0,1,0,0,-25.02,0.84789,0.15,311,31.572,3.99005,0.36174
100,14,0,0,5,0,1,0,0,-30.358,0.84648,0.15,311,31.572,7.90702,0.36227
101,19,0,0,5,0,1,0,0,-25.366,0.84507,0.15,311,31.572,4.55368,0.36227
102,6,0,0,4,0,1,0,0,-32.756,0.84366,0.15,311,31.572,5.38072,0.36227
103,5,0,0,4,0,1,0,0,-32.406,0.84226,0.15,311,31.572,6.86567,0.36227
104,5,0,0,2,0,1,0,0,-31.406,0.84086,0.15,311,31.572,11.03686,0.36227
105,7,0,0,4,0,1,0,0,-32.004,0.83946,0.15,311,31.572,5.97146,0.36227
106,36,1,1,8,0,1,0,0,-21.71,0.83806,0.15,311,31.572,3.36535,0.36281
107,63,3,3,9,0,1,0,0,-13.903,0.83666,0.15,313,31.572,3.49577,0.36209
108,6,0,0,3,0,1,0,0,-30.21,0.83527,0.15,313,31.572,8.78267,0.36209
109,30,1,1,10,0,1,0,0,-18.895,0.83388,0.15,313,31.572,4.48838,0.36209
110,16,0,0,3,0,1,0,0,-24.926,0.83249,0.15,313,31.572,5.33423,0.36209
111,14,0,0,9,0,1,0,0,-24.31,0.8311,0.15,314,31.572,5.59256,0.36253
112,91,5,5,21,0,1,0,0,8.993,0.82972,0.15,326,31.572,2.94823,0.35941
113,18,0,0,4,0,1,0,0,-27.256,0.82834,0.15,326,31.572,4.07546,0.35941
114,19,0,0,5,0,1,0,0,-27.356,0.82696,0.15,326,31.572,4.62095,0.35941
115,8,0,0,6,0,1,0,0,-26.898,0.82558,0.15,326,31.572,8.36802,0.35941
116,28,1,1,8,0,1,0,0,-17.155,0.82421,0.15,328,31.572,4.57639,0.35976
117,5,0,0,3,0,1,0,0,-33.006,0.82283,0.15,328,31.572,4.53065,0.35976
118,8,0,0,3,0,1,0,0,-32.554,0.82146,0.15,328,31.572,5.44101,0.35976
119,18,0,0,2,0,1,0,0,-31.53,0.8201,0.15,328,31.572,7.69194,0.35976
120,21,0,0,8,0,1,0,0,-26.183,0.81873,0.15,328,31.572,6.34471,0.36026
121,7,0,0,4,0,1,0,0,-32.002,0.81737,0.15,328,31.572,9.62019,0.36026
122,17,1,1,4,0,1,0,0,-23.304,0.81601,0.15,328,31.572,5.82707,0.36026
123,16,0,0,5,0,1,0,0,-27.839,0.81465,0.15,328,31.572,4.54041,0.36026
124,84,1,1,11,0,1,0,0,-19.494,0.81329,0.15,330,31.572,2.68826,0.36313
125,8,0,0,2,0,1,0,0,-33.552,0.81194,0.15,330,31.572,5.21197,0.36313
126,6,0,0,3,0,1,0,0,-30.052,0.81058,0.15,330,31.572,13.26291,0.36313
127,5,0,0,3,0,1,0,0,-30.104,0.80923,0.15,330,31.572,14.6721,0.36313
128,6,0,0,1,0,1,0,0,-31.806,0.80789,0.15,330,31.572,13.51418,0.36313
129,5,0,0,4,0,1,0,0,-32.408,0.80654,0.15,330,31.572,4.57814,0.36313
130,5,0,0,4,0,1,0,0,-32.408,0.8052,0.15,330,31.572,5.50008,0.36313
131,8,0,0,4,0,1,0,0,-29.344,0.80386,0.15,330,31.572,8.83106,0.36313
132,37,1,1,8,0,1,0,0,-20.564,0.80252,0.15,330,31.572,4.49436,0.36364
133,13,0,0,3,0,1,0,0,-23.998,0.80118,0.15,330,31.572,5.3144,0.36364
134,17,2,2,7,0,1,0,0,-13.504,0.79985,0.15,330,31.572,5.8227,0.36414
135,16,0,0,5,0,1,0,0,-29.268,0.79852,0.15,330,31.572,4.91331,0.36414
136,34,1,1,8,0,1,0,0,-13.609,0.79719,0.15,330,31.572,3.51583,0.36465
137,16,1,1,5,0,1,0,0,-18.419,0.79586,0.15,330,31.572,6.20233,0.36515
138,64,2,2,13,0,1,0,0,-8.415,0.79453,0.15,330,31.572,2.37298,0.36616
139,5,0,0,4,0,1,0,0,-32.806,0.79321,0.15,330,31.572,3.48896,0.36616
140,7,0,0,4,0,1,0,0,-32.006,0.79189,0.15,330,31.572,5.7637,0.36616
141,20,0,0,4,0,1,0,0,-30.748,0.79057,0.15,330,31.572,4.81118,0.36616
142,54,2,2,11,0,1,0,0,-9.647,0.78925,0.15,330,31.572,3.20379,0.36717
143,120,3,3,21,0,1,0,0,-4.156,0.78794,0.15,341,31.572,2.92818,0.36461
144,17,0,0,6,0,1,0,0,-25.505,0.78663,0.15,341,31.572,4.48716,0.36461
145,25,1,1,7,0,1,0,0,-18.583,0.78532,0.15,342,31.572,4.06273,0.36452
146,27,1,1,5,0,1,0,0,-23.91,0.78401,0.15,345,31.572,5.198,0.3628
147,33,1,1,9,0,1,0,0,-17.725,0.7827,0.15,346,31.572,3.88656,0.36224
148,27,1,1,2,0,1,0,0,-23.449,0.7814,0.15,348,31.572,4.68946,0.36111
149,5,0,0,3,0,1,0,0,-28.454,0.7801,0.15,348,31.572,14.60206,0.36111
150,18,1,1,2,0,1,0,0,-22.917,0.7788,0.15,348,31.572,4.49986,0.36159
151,5,0,0,3,0,1,0,0,-30.408,0.7775,0.15,348,31.572,8.45084,0.36159
152,5,0,0,4,0,1,0,0,-32.408,0.77621,0.15,348,31.572,5.03525,0.36159
153,50,1,1,10,0,1,0,0,-18.385,0.77492,0.15,350,31.572,3.0229,0.36143
154,13,0,0,5,0,1,0,0,-29.348,0.77363,0.15,350,31.572,7.91014,0.3619
155,5,0,0,4,0,1,0,0,-32.808,0.77234,0.15,350,31.572,4.19635,0.3619
156,60,1,1,9,0,1,0,0,-13.334,0.77105,0.15,354,31.572,2.87254,0.3597
157,15,0,0,4,0,1,0,0,-27.197,0.76977,0.15,354,31.572,4.65635,0.3597
158,5,0,0,4,0,1,0,0,-33.208,0.76849,0.15,354,31.572,3.32188,0.3597
159,5,0,0,4,0,1,0,0,-32.404,0.76721,0.15,354,31.572,10.10266,0.3597
160,16,0,0,5,0,1,0,0,-29.988,0.76593,0.15,354,31.572,6.38732,0.3597
161,21,0,0,6,0,1,0,0,-27.395,0.76465,0.15,354,31.572,3.89594,0.36017
162,37,0,0,8,0,1,0,0,-24.175,0.76338,0.15,354,31.572,5.18371,0.36017
163,35,1,1,5,0,1,0,0,-20.877,0.76211,0.15,354,31.572,4.34278,0.36064
164,13,0,0,5,0,1,0,0,-29.081,0.76084,0.15,354,31.572,5.659,0.36064
165,52,1,1,11,0,1,0,0,-19.746,0.75957,0.15,354,31.572,2.78501,0.36111
166,22,2,2,5,0,1,0,0,-15.437,0.75831,0.15,354,31.572,3.56301,0.36111
167,7,0,0,5,0,1,0,0,-28.356,0.75704,0.15,354,31.572,6.83808,0.36111
168,29,1,1,7,0,1,0,0,-16.921,0.75578,0.15,355,31.572,2.97957,0.36056
169,47,1,1,6,0,1,0,0,-22.783,0.75453,0.15,355,31.572,3.80999,0.36103
170,18,0,0,5,0,1,0,0,-26.342,0.75327,0.15,355,31.572,3.72093,0.36103
171,24,2,2,10,0,1,0,0,-12.288,0.75201,0.15,357,31.572,3.82812,0.35994
172,14,0,0,1,0,1,0,0,-29.213,0.75076,0.15,357,31.572,7.57659,0.36088
173,8,0,0,1,0,1,0,0,-29.754,0.74951,0.15,357,31.572,9.14792,0.36088
174,31,1,1,10,0,1,0,0,-18.95,0.74826,0.15,357,31.572,3.53311,0.36088
175,8,0,0,3,0,1,0,0,-32.852,0.74702,0.15,357,31.572,4.31807,0.36088
176,7,0,0,4,0,1,0,0,-33.104,0.74577,0.15,357,31.572,4.54778,0.36088
177,8,0,0,2,0,1,0,0,-30.408,0.74453,0.15,357,31.572,6.14413,0.36088
178,7,0,0,3,0,1,0,0,-32.604,0.74329,0.15,357,31.572,7.16063,0.36088
179,13,0,0,8,0,1,0,0,-29.406,0.74205,0.15,358,31.572,8.77229,0.3608
180,31,1,1,7,0,1,0,0,-20.603,0.74082,0.15,358,31.572,4.57778,0.3608
181,5,0,0,2,0,1,0,0,-31.954,0.73958,0.15,358,31.572,13.04984,0.3608
182,5,0,0,3,0,1,0,0,-33.008,0.73835,0.15,358,31.572,3.65863,0.3608
183,12,0,0,2,0,1,0,0,-27.604,0.73712,0.15,359,31.572,7.32652,0.36026
184,28,0,0,6,0,1,0,0,-25.205,0.7359,0.15,359,31.572,4.3288,0.36026
185,16,0,0,2,0,1,0,0,-31.573,0.73467,0.15,360,31.572,7.28744,0.35972
186,5,0,0,4,0,1,0,0,-32.808,0.73345,0.15,360,31.572,2.27215,0.35972
187,14,0,0,5,0,1,0,0,-26.763,0.73223,0.15,360,31.572,3.88021,0.35972
188,35,0,0,7,0,1,0,0,-26.555,0.73101,0.15,362,31.572,4.61477,0.35912
189,37,2,2,7,0,1,0,0,-15.225,0.72979,0.15,362,31.572,3.16619,0.35912
190,36,2,2,5,0,1,0,0,-19.932,0.72857,0.15,362,31.572,3.52457,0.35912
191,14,0,0,2,0,1,0,0,-28.395,0.72736,0.15,362,31.572,4.64097,0.35912
192,21,0,0,3,0,1,0,0,-26.959,0.72615,0.15,362,31.572,2.8275,0.35912
193,5,0,0,4,0,1,0,0,-32.406,0.72494,0.15,362,31.572,5.18753,0.35912
194,8,0,0,1,0,1,0,0,-28.402,0.72373,0.15,362,31.572,7.55262,0.35912
195,5,0,0,4,0,1,0,0,-32.008,0.72253,0.15,362,31.572,3.51057,0.35912
196,18,0,0,6,0,1,0,0,-25.073,0.72132,0.15,362,31.572,3.62703,0.35958
197,29,0,0,4,0,1,0,0,-31.195,0.72012,0.15,362,31.572,4.78103,0.36004
198,17,0,0,5,0,1,0,0,-30.33,0.71892,0.15,362,31.572,3.54171,0.36004
199,13,0,0,3,0,1,0,0,-32.0,0.71773,0.15,362,31.572,3.95299,0.36004
200,10,0,0,4,0,1,0,0,-23.592,0.71653,0.15,362,31.572,7.10722,0.36004
201,38,2,2,8,0,1,0,0,-14.603,0.71534,0.15,363,31.572,4.60684,0.36088
202,8,0,0,3,0,1,0,0,-32.552,0.71415,0.15,363,31.572,5.88051,0.36088
203,30,0,0,4,0,1,0,0,-29.255,0.71296,0.15,363,31.572,3.44021,0.36088
204,5,0,0,4,0,1,0,0,-32.408,0.71177,0.15,363,31.572,1.99658,0.36088
205,28,1,1,6,0,1,0,0,-21.592,0.71059,0.15,363,31.572,4.70928,0.36134
206,44,0,0,11,0,1,0,0,-23.404,0.7094,0.15,364,31.572,4.57407,0.36218
207,30,0,0,10,0,1,0,0,-19.303,0.70822,0.15,364,31.572,3.95557,0.36264
208,5,0,0,3,0,1,0,0,-30.504,0.70704,0.15,364,31.572,10.09191,0.36264
209,16,0,0,5,0,1,0,0,-25.685,0.70586,0.15,364,31.572,4.44842,0.36264
210,17,0,0,4,0,1,0,0,-28.677,0.70469,0.15,364,31.572,3.76324,0.3631
211,77,3,3,13,0,1,0,0,-3.245,0.70351,0.15,366,31.572,3.03623,0.3643
212,5,0,0,3,0,1,0,0,-32.152,0.70234,0.15,366,31.572,11.9218,0.3643
213,21,1,1,4,0,1,0,0,-20.849,0.70117,0.15,366,31.572,3.16032,0.3643
214,14,2,2,2,0,1,0,0,-23.284,0.70001,0.15,368,31.572,7.38367,0.36322
215,23,1,1,8,0,1,0,0,-20.866,0.69884,0.15,368,31.572,5.62872,0.36322
216,5,0,0,3,0,1,0,0,-31.354,0.69768,0.15,368,31.572,10.43181,0.36322
217,83,0,0,6,0,1,0,0,-13.305,0.69651,0.15,368,31.572,1.45871,0.36322
218,39,0,0,3,0,1,0,0,-23.841,0.69535,0.15,369,31.572,3.38271,0.36314
219,5,0,0,3,0,1,0,0,-33.408,0.6942,0.15,369,31.572,3.70427,0.36314
220,46,1,1,5,0,1,0,0,-28.593,0.69304,0.15,369,31.572,3.91314,0.3636
221,30,1,1,8,0,1,0,0,-15.258,0.69189,0.15,369,31.572,2.75772,0.3636
222,12,0,0,6,0,1,0,0,-26.846,0.69073,0.15,369,31.572,4.15899,0.3636
223,14,0,0,6,0,1,0,0,-27.543,0.68958,0.15,369,31.572,4.56701,0.3636
224,10,0,0,3,0,1,0,0,-29.61,0.68844,0.15,369,31.572,4.76915,0.3636
225,30,2,2,2,0,1,0,0,-23.366,0.68729,0.15,369,31.572,3.90049,0.3636
226,61,1,1,7,0,1,0,0,-20.663,0.68614,0.15,370,31.572,3.09444,0.36396
227,5,0,0,2,0,1,0,0,-36.004,0.685,0.15,370,31.572,14.33486,0.36396
228,22,2,2,10,0,1,0,0,-16.827,0.68386,0.15,370,31.572,5.5278,0.36441
229,30,0,0,12,0,1,0,0,-18.961,0.68272,0.15,370,31.572,3.98493,0.36441
230,27,2,2,5,0,1,0,0,-17.325,0.68159,0.15,370,31.572,4.9037,0.36441
231,16,0,0,4,0,1,0,0,-29.461,0.68045,0.15,370,31.572,5.5038,0.36441
232,8,0,0,3,0,1,0,0,-32.95,0.67932,0.15,370,31.572,5.12187,0.36441
233,10,0,0,3,0,1,0,0,-32.552,0.67819,0.15,370,31.572,3.27344,0.36441
234,14,0,0,4,0,1,0,0,-31.449,0.67706,0.15,370,31.572,4.75027,0.36441
235,13,0,0,4,0,1,0,0,-29.001,0.67593,0.15,370,31.572,6.19637,0.36441
236,7,0,0,3,0,1,0,0,-33.006,0.6748,0.15,370,31.572,4.90193,0.36441
237,67,2,2,14,0,1,0,0,-3.594,0.67368,0.15,370,31.572,3.28962,0.36577
238,17,0,0,6,0,1,0,0,-22.403,0.67256,0.15,370,31.572,3.54636,0.36622
239,11,0,0,3,0,1,0,0,-30.844,0.67144,0.15,370,31.572,6.59036,0.36622
240,66,3,3,7,0,1,0,0,-6.674,0.67032,0.15,372,31.572,3.05769,0.36649
241,16,0,0,4,0,1,0,0,-27.563,0.6692,0.15,372,31.572,4.79115,0.36649
242,37,1,1,12,0,1,0,0,-17.0,0.66809,0.15,373,31.572,2.85206,0.36685
243,8,0,0,3,0,1,0,0,-33.354,0.66698,0.15,373,31.572,3.18519,0.36685
244,25,0,0,5,0,1,0,0,-24.225,0.66587,0.15,373,31.572,4.55044,0.36729
245,5,0,0,3,0,1,0,0,-33.008,0.66476,0.15,373,31.572,1.45289,0.36729
246,5,0,0,4,0,1,0,0,-32.406,0.66365,0.15,373,31.572,4.34809,0.36729
247,29,1,1,12,0,1,0,0,-18.077,0.66255,0.15,375,31.572,3.62144,0.36667
248,41,1,1,7,0,1,0,0,-24.239,0.66144,0.15,375,31.572,2.45052,0.36711
249,34,2,2,8,0,1,0,0,-13.556,0.66034,0.15,375,31.572,4.06958,0.36844
250,18,1,1,3,0,1,0,0,-23.533,0.65924,0.15,375,31.572,3.98761,0.36844
251,57,0,0,9,0,1,0,0,-19.882,0.65814,0.15,375,31.572,2.12445,0.36844
252,17,1,1,6,0,1,0,0,-25.156,0.65705,0.15,377,31.572,8.26527,0.36826
253,5,0,0,3,0,1,0,0,-30.106,0.65595,0.15,377,31.572,11.82057,0.36826
254,39,1,1,13,0,1,0,0,-11.485,0.65486,0.15,378,31.572,3.55485,0.36772
255,21,1,1,4,0,1,0,0,-24.197,0.65377,0.15,378,31.572,4.73703,0.36861
256,8,0,0,1,0,1,0,0,-28.002,0.65268,0.15,378,31.572,5.57591,0.36861
257,26,0,0,4,0,1,0,0,-23.157,0.65159,0.15,378,31.572,2.71821,0.36861
258,30,1,1,6,0,1,0,0,-20.915,0.65051,0.15,378,31.572,4.43576,0.36905
259,40,0,0,7,0,1,0,0,-21.106,0.64943,0.15,378,31.572,2.54599,0.36949
260,5,0,0,4,0,1,0,0,-32.006,0.64834,0.15,378,31.572,2.45932,0.36949
261,15,0,0,3,0,1,0,0,-28.015,0.64726,0.15,378,31.572,5.4972,0.36949
262,24,1,1,4,0,1,0,0,-24.45,0.64619,0.15,378,31.572,4.38537,0.37037
263,5,0,0,4,0,1,0,0,-33.208,0.64511,0.15,378,31.572,3.55442,0.37037
264,58,1,1,11,0,1,0,0,-15.698,0.64404,0.15,378,31.572,2.56873,0.37037
265,16,0,0,5,0,1,0,0,-24.769,0.64296,0.15,378,31.572,5.59557,0.37037
266,18,2,2,8,0,1,0,0,-17.415,0.64189,0.15,378,31.572,4.23955,0.37125
267,45,1,1,7,0,1,0,0,-17.435,0.64082,0.15,381,31.572,3.18454,0.37008
268,26,1,1,6,0,1,0,0,-18.797,0.63976,0.15,381,31.572,3.60898,0.37052
269,5,0,0,2,0,1,0,0,-32.752,0.63869,0.15,381,31.572,7.42548,0.37052
270,40,1,1,13,0,1,0,0,-12.492,0.63763,0.15,381,31.572,3.68427,0.37052
271,41,1,1,7,0,1,0,0,-17.469,0.63657,0.15,381,31.572,1.87145,0.37052
272,47,1,1,4,0,1,0,0,-17.789,0.63551,0.15,381,31.572,2.97936,0.37139
273,5,0,0,3,0,1,0,0,-33.806,0.63445,0.15,381,31.572,3.61671,0.37139
274,70,1,1,3,0,1,0,0,-14.808,0.63339,0.15,381,31.572,2.13257,0.37139
275,7,0,0,3,0,1,0,0,-33.004,0.63234,0.15,381,31.572,4.50536,0.37139
276,49,1,1,6,0,1,0,0,-21.755,0.63128,0.15,381,31.572,3.26943,0.37139
277,22,0,0,3,0,1,0,0,-29.044,0.63023,0.15,382,31.572,3.10072,0.37129
278,40,2,2,11,0,1,0,0,-11.688,0.62918,0.15,382,31.572,2.93138,0.37129
279,32,1,1,4,0,1,0,0,-20.606,0.62814,0.15,382,31.572,3.45688,0.37129
280,13,0,0,2,0,1,0,0,-33.1,0.62709,0.15,382,31.572,2.80451,0.37129
281,36,0,0,3,0,1,0,0,-22.174,0.62604,0.15,382,31.572,2.91438,0.37173
282,15,0,0,3,0,1,0,0,-27.795,0.625,0.15,382,31.572,4.94877,0.37173
283,33,1,1,7,0,1,0,0,-15.796,0.62396,0.15,385,31.572,5.25003,0.37013
284,5,0,0,3,0,1,0,0,-33.408,0.62292,0.15,385,31.572,2.74431,0.37013
285,29,0,0,7,0,1,0,0,-24.689,0.62189,0.15,385,31.572,2.33814,0.37013
286,14,1,1,6,0,1,0,0,-23.816,0.62085,0.15,385,31.572,5.8701,0.37056
287,22,1,1,8,0,1,0,0,-17.407,0.61982,0.15,385,31.572,3.00108,0.37056
288,5,0,0,3,0,1,0,0,-31.752,0.61878,0.15,385,31.572,5.88095,0.37056
289,22,1,1,5,0,1,0,0,-23.203,0.61775,0.15,385,31.572,4.80278,0.37056
290,17,1,1,3,0,1,0,0,-21.802,0.61672,0.15,385,31.572,5.42131,0.37056
291,31,0,0,7,0,1,0,0,-22.374,0.6157,0.15,385,31.572,2.75175,0.37056
292,22,1,1,7,0,1,0,0,-19.035,0.61467,0.15,385,31.572,5.31182,0.37056
293,23,2,2,13,0,1,0,0,-14.78,0.61365,0.15,385,31.572,5.92455,0.371
294,20,0,0,4,0,1,0,0,-24.989,0.61263,0.15,385,31.572,5.16948,0.371
295,49,1,1,10,0,1,0,0,-10.741,0.61161,0.15,385,31.572,3.58171,0.37143
296,25,2,2,5,0,1,0,0,-23.541,0.61059,0.15,385,31.572,4.92231,0.37143
297,19,1,1,2,0,1,0,0,-26.015,0.60957,0.15,385,31.572,3.75827,0.37143
298,5,0,0,2,0,1,0,0,-34.402,0.60856,0.15,385,31.572,6.73968,0.37143
299,5,0,0,4,0,1,0,0,-32.804,0.60754,0.15,385,31.572,6.9994,0.37143
300,16,2,2,2,0,1,0,0,-21.899,0.60653,0.15,385,31.572,5.51323,0.37186
301,52,2,2,12,0,1,0,0,-8.374,0.60552,0.15,386,31.572,2.93039,0.37176
302,24,0,0,3,0,1,0,0,-25.502,0.60451,0.15,386,31.572,3.21895,0.37176
303,43,0,0,7,0,1,0,0,-24.783,0.60351,0.15,386,31.572,2.58217,0.37176
304,13,0,0,5,0,1,0,0,-27.404,0.6025,0.15,386,31.572,3.38642,0.37176
305,25,1,1,5,0,1,0,0,-27.016,0.6015,0.15,386,31.572,4.82308,0.37176
306,6,0,0,2,0,1,0,0,-30.956,0.6005,0.15,386,31.572,6.87505,0.37176
307,91,2,2,11,0,1,0,0,-8.383,0.5995,0.15,387,31.572,3.08207,0.37209
308,24,1,1,6,0,1,0,0,-17.997,0.5985,0.15,387,31.572,2.8015,0.37209
309,27,1,1,8,0,1,0,0,-21.886,0.5975,0.15,387,31.572,3.07708,0.37209
310,37,2,2,6,0,1,0,0,-14.839,0.59651,0.15,389,31.572,2.48913,0.37147
311,13,0,0,5,0,1,0,0,-26.371,0.59551,0.15,389,31.572,4.47084,0.37147
312,28,2,2,9,0,1,0,0,-9.536,0.59452,0.15,389,31.572,3.07585,0.37147
313,82,5,5,12,0,1,0,0,6.745,0.59353,0.15,390,31.572,2.73118,0.37094
314,32,3,3,8,0,1,0,0,-18.847,0.59254,0.15,390,31.572,4.76622,0.37094
315,33,2,2,5,0,1,0,0,-13.985,0.59156,0.15,390,31.572,3.20763,0.37094
316,12,0,0,5,0,1,0,0,-25.894,0.59057,0.15,390,31.572,4.57061,0.37094
317,6,0,0,3,0,1,0,0,-32.26,0.58959,0.15,390,31.572,7.29189,0.37094
318,5,0,0,4,0,1,0,0,-32.802,0.5886,0.15,390,31.572,10.926,0.37137
319,25,2,2,3,0,1,0,0,-20.272,0.58762,0.15,391,31.572,4.18661,0.37084
320,5,0,0,2,0,1,0,0,-30.306,0.58665,0.15,391,31.572,19.15214,0.3717
321,31,1,1,12,0,1,0,0,-20.771,0.58567,0.15,391,31.572,4.91673,0.37212
322,35,1,1,11,0,1,0,0,-19.466,0.58469,0.15,391,31.572,3.29731,0.37212
323,55,1,1,5,0,1,0,0,-15.001,0.58372,0.15,391,31.572,1.9633,0.37255
324,15,0,0,3,0,1,0,0,-31.992,0.58275,0.15,391,31.572,3.51045,0.37255
325,66,2,2,12,0,1,0,0,-7.609,0.58178,0.15,394,31.572,2.76641,0.3714
326,11,0,0,3,0,1,0,0,-32.296,0.58081,0.15,394,31.572,3.1909,0.3714
327,6,0,0,3,0,1,0,0,-30.61,0.57984,0.15,394,31.572,5.19329,0.3714
328,150,3,3,18,0,1,0,0,4.522,0.57888,0.15,405,31.572,1.97775,0.37037
329,31,3,3,7,0,1,0,0,-15.699,0.57791,0.15,405,31.572,4.57917,0.37037
330,45,2,2,10,0,1,0,0,-13.903,0.57695,0.15,405,31.572,3.31663,0.37037
331,5,0,0,4,0,1,0,0,-33.202,0.57599,0.15,405,31.572,9.42169,0.37037
332,25,1,1,8,0,1,0,0,-20.097,0.57503,0.15,406,31.572,2.72881,0.37028
333,10,0,0,2,0,1,0,0,-30.002,0.57407,0.15,406,31.572,5.671,0.37028
334,10,0,0,3,0,1,0,0,-32.552,0.57312,0.15,406,31.572,2.96595,0.37028
335,5,0,0,4,0,1,0,0,-32.008,0.57216,0.15,406,31.572,2.794,0.37028
336,48,2,2,8,0,1,0,0,-14.675,0.57121,0.15,406,31.572,4.06662,0.37028
337,45,0,0,6,0,1,0,0,-16.269,0.57026,0.15,406,31.572,2.51781,0.37069
338,15,1,1,2,0,1,0,0,-24.675,0.56931,0.15,407,31.572,7.02892,0.3706
339,126,3,3,11,0,1,0,0,0.307,0.56836,0.15,411,31.572,2.64909,0.37226
340,41,1,1,3,0,1,0,0,-21.052,0.56741,0.15,411,31.572,3.66488,0.37226
341,10,0,0,4,0,1,0,0,-28.904,0.56647,0.15,411,31.572,5.2066,0.37226
342,16,0,0,5,0,1,0,0,-25.278,0.56553,0.15,411,31.572,6.18302,0.37226
343,13,0,0,4,0,1,0,0,-27.323,0.56458,0.15,411,31.572,3.67045,0.37226
344,15,2,2,2,0,1,0,0,-20.352,0.56364,0.15,411,31.572,5.09927,0.37226
345,29,1,1,4,0,1,0,0,-20.367,0.5627,0.15,411,31.572,3.93516,0.37226
346,26,0,0,7,0,1,0,0,-22.228,0.56177,0.15,411,31.572,3.42279,0.37226
347,66,2,2,7,0,1,0,0,-15.081,0.56083,0.15,413,31.572,2.58716,0.37207
348,15,0,0,4,0,1,0,0,-27.602,0.5599,0.15,413,31.572,4.89597,0.37207
349,5,0,0,4,0,1,0,0,-32.806,0.55897,0.15,413,31.572,2.97646,0.37207
350,16,0,0,4,0,1,0,0,-27.429,0.55804,0.15,413,31.572,2.90526,0.37207
351,55,3,3,6,0,1,0,0,-15.867,0.55711,0.15,413,31.572,3.31543,0.37207
352,64,1,1,9,0,1,0,0,-9.876,0.55618,0.15,415,31.572,1.98308,0.37189
353,62,0,0,7,0,1,0,0,-26.313,0.55525,0.15,415,31.572,3.40183,0.37269
354,19,2,2,4,0,1,0,0,-17.073,0.55433,0.15,415,31.572,3.25546,0.37269
355,13,1,1,5,0,1,0,0,-21.093,0.5534,0.15,415,31.572,4.9813,0.37269
356,20,0,0,7,0,1,0,0,-20.28,0.55248,0.15,415,31.572,3.10657,0.37309
357,26,1,1,6,0,1,0,0,-19.676,0.55156,0.15,415,31.572,3.14545,0.37309
358,8,0,0,1,0,1,0,0,-29.714,0.55064,0.15,415,31.572,7.81035,0.37309
359,7,0,0,5,0,1,0,0,-23.448,0.54973,0.15,415,31.572,5.17997,0.37309
360,23,1,1,5,0,1,0,0,-21.206,0.54881,0.15,415,31.572,4.22759,0.37309
361,25,1,1,3,0,1,0,0,-21.032,0.5479,0.15,415,31.572,3.7402,0.37349
362,5,0,0,4,0,1,0,0,-32.004,0.54699,0.15,415,31.572,4.49515,0.37349
363,16,0,0,5,0,1,0,0,-29.774,0.54607,0.15,415,31.572,4.69918,0.37349
364,18,1,1,6,0,1,0,0,-22.966,0.54517,0.15,415,31.572,5.05674,0.37349
365,63,4,4,12,0,1,0,0,-1.534,0.54426,0.15,415,31.572,2.68383,0.37349
366,36,2,2,7,0,1,0,0,-16.12,0.54335,0.15,415,31.572,3.99679,0.3739
367,24,1,1,5,0,1,0,0,-17.09,0.54245,0.15,415,31.572,3.30874,0.3739
368,5,0,0,3,0,1,0,0,-33.408,0.54154,0.15,415,31.572,1.46395,0.3739
369,20,3,3,9,0,1,0,0,-13.064,0.54064,0.15,415,31.572,5.44141,0.3739
370,7,0,0,3,0,1,0,0,-31.808,0.53974,0.15,415,31.572,6.65013,0.3739
371,51,1,1,8,0,1,0,0,-17.614,0.53884,0.15,416,31.572,3.79439,0.3734
372,9,0,0,2,0,1,0,0,-33.602,0.53794,0.15,416,31.572,4.38606,0.3734
373,32,2,2,8,0,1,0,0,-16.773,0.53705,0.15,417,31.572,3.66517,0.3729
374,5,0,0,3,0,1,0,0,-33.406,0.53615,0.15,417,31.572,2.60399,0.3729
375,24,2,2,7,0,1,0,0,-15.302,0.53526,0.15,417,31.572,3.51284,0.3729
376,34,2,2,3,0,1,0,0,-18.875,0.53437,0.15,417,31.572,2.90475,0.3733
377,5,0,0,2,0,1,0,0,-34.008,0.53348,0.15,417,31.572,1.53005,0.3733
378,5,0,0,4,0,1,0,0,-32.004,0.53259,0.15,417,31.572,4.39204,0.3733
379,5,0,0,4,0,1,0,0,-33.208,0.5317,0.15,417,31.572,2.09315,0.3733
380,27,0,0,7,0,1,0,0,-24.465,0.53082,0.15,417,31.572,2.9143,0.3733
381,177,7,7,27,0,1,0,0,21.404,0.52994,0.15,427,31.572,2.42598,0.37237
382,13,0,0,4,0,1,0,0,-26.446,0.52905,0.15,427,31.572,5.28333,0.37276
383,22,0,0,5,0,1,0,0,-26.996,0.52817,0.15,427,31.572,3.34394,0.37276
384,5,0,0,3,0,1,0,0,-33.406,0.52729,0.15,427,31.572,2.54533,0.37276
385,22,0,0,5,0,1,0,0,-26.366,0.52641,0.15,427,31.572,5.4117,0.37276
386,62,1,1,12,0,1,0,0,-16.83,0.52554,0.15,431,31.572,3.36547,0.37084
387,5,0,0,4,0,1,0,0,-32.406,0.52466,0.15,431,31.572,2.20255,0.37084
388,12,0,0,4,0,1,0,0,-28.098,0.52379,0.15,431,31.572,5.2348,0.37084
389,14,0,0,2,0,1,0,0,-27.692,0.52292,0.15,431,31.572,6.14285,0.37084
390,5,0,0,2,0,1,0,0,-33.608,0.52205,0.15,431,31.572,3.32952,0.37084
391,47,1,1,7,0,1,0,0,-15.542,0.52118,0.15,431,31.572,2.92867,0.37084
392,14,0,0,3,0,1,0,0,-31.344,0.52031,0.15,431,31.572,3.63004,0.37084
393,41,1,1,13,0,1,0,0,-11.404,0.51944,0.15,431,31.572,3.18012,0.37123
394,32,3,3,11,0,1,0,0,-7.51,0.51858,0.15,432,31.572,5.13251,0.37114
395,6,0,0,3,0,1,0,0,-30.052,0.51771,0.15,432,31.572,7.42141,0.37114
396,105,1,1,7,0,1,0,0,-10.88,0.51685,0.15,432,31.572,1.98592,0.37153
397,36,1,1,4,0,1,0,0,-26.265,0.51599,0.15,432,31.572,2.98142,0.37153
398,11,0,0,4,0,1,0,0,-31.804,0.51513,0.15,432,31.572,3.2741,0.37153
399,125,3,3,9,0,1,0,0,-0.524,0.51427,0.15,434,31.572,2.01088,0.37097
400,55,4,4,13,0,1,0,0,-2.373,0.51342,0.15,434,31.572,2.84853,0.37097
401,31,2,2,9,0,1,0,0,-12.007,0.51256,0.15,434,31.572,3.07503,0.37097
402,25,1,1,6,0,1,0,0,-19.262,0.51171,0.15,434,31.572,3.92398,0.37135
403,32,1,1,3,0,1,0,0,-22.39,0.51086,0.15,434,31.572,3.16919,0.37135
404,42,0,0,13,0,1,0,0,-16.812,0.51001,0.15,434,31.572,3.19183,0.37135
405,22,1,1,8,0,1,0,0,-21.087,0.50916,0.15,434,31.572,3.6238,0.37135
406,27,1,1,7,0,1,0,0,-19.489,0.50831,0.15,434,31.572,3.26415,0.37212
407,18,0,0,3,0,1,0,0,-24.313,0.50746,0.15,434,31.572,4.04199,0.37212
408,41,1,1,10,0,1,0,0,-15.47,0.50662,0.15,434,31.572,2.21019,0.37212
409,5,0,0,3,0,1,0,0,-32.152,0.50577,0.15,434,31.572,2.18179,0.37212
410,131,5,5,16,0,1,0,0,9.163,0.50493,0.15,436,31.572,2.27548,0.37156
411,5,0,0,4,0,1,0,0,-32.008,0.50409,0.15,436,31.572,3.05103,0.37156
412,8,0,0,4,0,1,0,0,-28.55,0.50325,0.15,436,31.572,6.07001,0.37156
413,30,1,1,9,0,1,0,0,-15.647,0.50241,0.15,436,31.572,3.68743,0.37156
414,51,3,3,12,0,1,0,0,-7.348,0.50158,0.15,436,31.572,2.06409,0.37156
415,18,1,1,3,0,1,0,0,-27.53,0.50074,0.15,436,31.572,6.61906,0.37232
416,6,0,0,4,0,1,0,0,-31.956,0.49991,0.15,436,31.572,4.65964,0.37232
417,17,2,2,3,0,1,0,0,-17.519,0.49907,0.15,436,31.572,3.30808,0.37232
418,21,0,0,6,0,1,0,0,-24.801,0.49824,0.15,436,31.572,3.85046,0.37271
419,16,1,1,4,0,1,0,0,-23.254,0.49741,0.15,436,31.572,5.75403,0.37271
420,61,2,2,13,0,1,0,0,-6.611,0.49659,0.15,437,31.572,2.47971,0.373
421,87,2,2,10,0,1,0,0,-6.594,0.49576,0.15,439,31.572,2.04852,0.37396
422,16,1,1,4,0,1,0,0,-21.897,0.49493,0.15,439,31.572,6.01629,0.37396
423,62,1,1,7,0,1,0,0,-11.571,0.49411,0.15,439,31.572,2.56164,0.37396
424,29,1,1,5,0,1,0,0,-16.989,0.49329,0.15,439,31.572,1.96626,0.37396
425,81,6,6,14,0,1,0,0,7.694,0.49246,0.15,442,31.572,2.81513,0.37406
426,21,1,1,7,0,1,0,0,-19.635,0.49164,0.15,442,31.572,4.36391,0.37406
427,17,0,0,5,0,1,0,0,-28.209,0.49083,0.15,442,31.572,5.50542,0.37406
428,172,3,3,19,0,1,0,0,9.074,0.49001,0.15,442,31.572,1.95833,0.37443
429,81,3,3,18,0,1,0,0,-4.745,0.48919,0.15,443,31.572,2.86447,0.37434
430,53,4,4,14,0,1,0,0,-1.69,0.48838,0.15,444,31.572,3.38528,0.37387
431,9,0,0,4,0,1,0,0,-24.344,0.48756,0.15,444,31.572,5.79206,0.37387
432,5,0,0,4,0,1,0,0,-32.806,0.48675,0.15,444,31.572,1.78113,0.37387
433,5,0,0,3,0,1,0,0,-33.408,0.48594,0.15,444,31.572,2.1186,0.37387
434,46,1,1,8,0,1,0,0,-18.887,0.48513,0.15,444,31.572,4.01424,0.37462
435,42,2,2,8,0,1,0,0,-13.418,0.48432,0.15,445,31.572,3.87676,0.37453
436,40,1,1,7,0,1,0,0,-14.235,0.48352,0.15,445,31.572,3.18809,0.37491
437,38,0,0,6,0,1,0,0,-26.814,0.48271,0.15,445,31.572,2.31314,0.37528
438,47,5,5,9,0,1,0,0,-3.027,0.48191,0.15,445,31.572,3.73261,0.37566
439,24,2,2,5,0,1,0,0,-18.758,0.48111,0.15,445,31.572,3.59823,0.37566
440,103,5,5,22,0,1,0,0,11.911,0.48031,0.15,446,31.572,2.44974,0.37556
441,5,0,0,3,0,1,0,0,-33.008,0.47951,0.15,446,31.572,0.75353,0.37556
442,29,2,2,5,0,1,0,0,-17.672,0.47871,0.15,446,31.572,2.9362,0.37556
443,35,2,2,13,0,1,0,0,-10.291,0.47791,0.15,447,31.572,3.49895,0.37584
444,14,0,0,3,0,1,0,0,-29.641,0.47711,0.15,447,31.572,5.15347,0.37584
445,24,0,0,9,0,1,0,0,-20.44,0.47632,0.15,449,31.572,5.03111,0.37565
446,33,2,2,10,0,1,0,0,-10.37,0.47553,0.15,449,31.572,2.89201,0.37602
447,10,0,0,4,0,1,0,0,-29.254,0.47473,0.15,449,31.572,5.95312,0.37639
448,27,1,1,4,0,1,0,0,-21.571,0.47394,0.15,449,31.572,4.51716,0.37639
449,23,1,1,7,0,1,0,0,-17.297,0.47315,0.15,449,31.572,3.14413,0.37639
450,48,3,3,10,0,1,0,0,-9.13,0.47237,0.15,449,31.572,3.28841,0.37676
451,7,0,0,3,0,1,0,0,-33.402,0.47158,0.15,449,31.572,7.02993,0.37676
452,169,5,5,25,0,1,0,0,24.701,0.47079,0.15,449,31.572,1.99447,0.37788
453,22,2,2,4,0,1,0,0,-19.9,0.47001,0.15,449,31.572,4.38124,0.37788
454,42,0,0,8,0,1,0,0,-18.025,0.46923,0.15,449,31.572,3.15005,0.37825
455,35,2,2,10,0,1,0,0,-14.42,0.46845,0.15,450,31.572,3.70853,0.37815
456,247,11,11,36,0,1,0,0,68.798,0.46767,0.15,461,31.572,2.10032,0.37636
457,12,0,0,4,0,1,0,0,-26.69,0.46689,0.15,461,31.572,3.8505,0.37636
458,47,1,1,4,0,1,0,0,-15.648,0.46611,0.15,461,31.572,2.27443,0.37636
459,23,2,2,6,0,1,0,0,-17.647,0.46533,0.15,461,31.572,3.48447,0.37636
460,37,1,1,7,0,1,0,0,-17.826,0.46456,0.15,461,31.572,3.80009,0.37636
461,123,3,3,17,0,1,0,0,8.501,0.46379,0.15,461,31.572,2.50852,0.37636
462,64,2,2,12,0,1,0,0,-6.32,0.46301,0.15,461,31.572,2.96398,0.37672
463,5,0,0,3,0,1,0,0,-30.106,0.46224,0.15,461,31.572,8.24861,0.37672
464,6,0,0,4,0,1,0,0,-31.954,0.46147,0.15,461,31.572,5.0713,0.37672
465,27,1,1,4,0,1,0,0,-18.125,0.4607,0.15,461,31.572,2.66676,0.37672
466,25,0,0,5,0,1,0,0,-26.0,0.45994,0.15,462,31.572,5.81666,0.37662
467,132,9,9,23,0,1,0,0,32.469,0.45917,0.15,465,31.572,3.02992,0.37563
468,43,2,2,6,0,1,0,0,-14.619,0.45841,0.15,465,31.572,3.17026,0.37563
469,6,0,0,2,0,1,0,0,-30.806,0.45764,0.15,465,31.572,8.48213,0.37563
470,14,0,0,2,0,1,0,0,-26.973,0.45688,0.15,465,31.572,4.78076,0.37563
471,41,0,0,6,0,1,0,0,-18.719,0.45612,0.15,465,31.572,2.66044,0.37599
472,8,0,0,2,0,1,0,0,-30.402,0.45536,0.15,465,31.572,5.5895,0.37599
473,22,0,0,4,0,1,0,0,-28.807,0.4546,0.15,465,31.572,5.68566,0.37599
474,5,0,0,3,0,1,0,0,-33.802,0.45384,0.15,465,31.572,3.96514,0.37599
475,53,2,2,8,0,1,0,0,-16.49,0.45309,0.15,465,31.572,3.36626,0.37599
476,76,4,4,14,0,1,0,0,6.434,0.45233,0.15,465,31.572,2.15085,0.37599
477,30,1,1,6,0,1,0,0,-19.504,0.45158,0.15,465,31.572,4.05404,0.37599
478,48,1,1,5,0,1,0,0,-17.056,0.45083,0.15,465,31.572,3.27389,0.37634
479,36,1,1,5,0,1,0,0,-17.321,0.45008,0.15,465,31.572,1.72397,0.37634
480,44,2,2,5,0,1,0,0,-12.88,0.44933,0.15,465,31.572,2.30086,0.37634
481,68,0,0,9,0,1,0,0,-19.51,0.44858,0.15,465,31.572,3.17954,0.37634
482,49,3,3,13,0,1,0,0,-6.847,0.44783,0.15,465,31.572,2.80976,0.3767
483,45,2,2,12,0,1,0,0,-14.631,0.44709,0.15,466,31.572,5.06664,0.37697
484,78,1,1,14,0,1,0,0,-8.868,0.44634,0.15,466,31.572,2.39544,0.37697
485,9,0,0,3,0,1,0,0,-27.95,0.4456,0.15,466,31.572,5.26431,0.37697
486,22,2,2,3,0,1,0,0,-18.204,0.44486,0.15,466,31.572,3.49567,0.37697
487,17,0,0,2,0,1,0,0,-26.934,0.44412,0.15,466,31.572,4.90066,0.37697
488,8,0,0,2,0,1,0,0,-30.404,0.44338,0.15,466,31.572,5.83924,0.37697
489,26,0,0,7,0,1,0,0,-21.941,0.44264,0.15,466,31.572,3.1477,0.37697
490,52,3,3,8,0,1,0,0,-8.542,0.4419,0.15,466,31.572,2.66293,0.37697
491,9,0,0,4,0,1,0,0,-31.902,0.44117,0.15,466,31.572,5.64252,0.37697
492,13,0,0,4,0,1,0,0,-25.461,0.44043,0.15,466,31.572,8.94704,0.37697
493,34,1,1,9,0,1,0,0,-13.158,0.4397,0.15,466,31.572,2.11189,0.37697
494,13,0,0,5,0,1,0,0,-23.215,0.43897,0.15,466,31.572,6.6695,0.37697
495,30,1,1,6,0,1,0,0,-19.625,0.43823,0.15,466,31.572,4.64321,0.37697
496,15,1,1,4,0,1,0,0,-25.52,0.43751,0.15,466,31.572,6.11696,0.37697
497,109,5,5,15,0,1,0,0,9.108,0.43678,0.15,467,31.572,2.89428,0.37759
498,16,1,1,2,0,1,0,0,-25.149,0.43605,0.15,467,31.572,5.389,0.37759
499,68,4,4,16,0,1,0,0,3.333,0.43532,0.15,468,31.572,2.4168,0.37714
500,13,0,0,8,0,1,0,0,-20.96,0.4346,0.15,468,31.572,5.29815,0.37714
501,61,1,1,6,0,1,0,0,-15.699,0.43387,0.15,468,31.572,2.60499,0.37749
502,106,3,3,13,0,1,0,0,3.185,0.43315,0.15,470,31.572,2.34503,0.37801
503,35,2,2,8,0,1,0,0,-15.824,0.43243,0.15,470,31.572,2.98889,0.37801
504,41,0,0,5,0,1,0,0,-26.676,0.43171,0.15,470,31.572,1.81411,0.37801
505,49,2,2,4,0,1,0,0,-12.034,0.43099,0.15,470,31.572,2.24868,0.37801
506,72,1,1,6,0,1,0,0,-16.622,0.43027,0.15,471,31.572,1.68279,0.37757
507,152,6,6,22,0,1,0,0,29.349,0.42956,0.15,471,31.572,1.95959,0.37827
508,33,2,2,8,0,1,0,0,-12.589,0.42884,0.15,472,31.572,3.58987,0.37782
509,22,2,2,6,0,1,0,0,-17.597,0.42813,0.15,472,31.572,5.86695,0.37782
510,9,0,0,2,0,1,0,0,-26.654,0.42741,0.15,472,31.572,6.4292,0.37782
511,13,0,0,2,0,1,0,0,-29.69,0.4267,0.15,472,31.572,8.0442,0.37782
512,87,0,0,6,0,1,0,0,-16.293,0.42599,0.15,473,31.572,2.45445,0.37738
513,7,0,0,4,0,1,0,0,-31.606,0.42528,0.15,473,31.572,5.87082,0.37738
514,14,0,0,2,0,1,0,0,-28.586,0.42457,0.15,473,31.572,5.79736,0.37738
515,17,1,1,5,0,1,0,0,-22.883,0.42387,0.15,473,31.572,5.03272,0.37738
516,40,1,1,8,0,1,0,0,-17.987,0.42316,0.15,473,31.572,2.53155,0.37738
517,11,0,0,3,0,1,0,0,-27.444,0.42246,0.15,473,31.572,4.75817,0.37738
518,70,5,5,17,0,1,0,0,7.318,0.42175,0.15,474,31.572,2.519,0.37729
519,44,3,3,14,0,1,0,0,-6.787,0.42105,0.15,476,31.572,3.65283,0.37675
520,10,0,0,2,0,1,0,0,-32.752,0.42035,0.15,476,31.572,3.95758,0.37675
521,111,9,9,25,0,1,0,0,28.207,0.41965,0.15,478,31.572,2.5629,0.37692
522,24,1,1,4,0,1,0,0,-22.818,0.41895,0.15,478,31.572,4.82108,0.37692
523,10,0,0,5,0,1,0,0,-28.246,0.41825,0.15,478,31.572,5.02165,0.37692
524,5,0,0,4,0,1,0,0,-33.206,0.41756,0.15,478,31.572,2.54148,0.37692
525,16,0,0,7,0,1,0,0,-26.936,0.41686,0.15,478,31.572,6.48968,0.37692
526,43,0,0,7,0,1,0,0,-24.355,0.41617,0.15,478,31.572,2.75973,0.37692
527,50,0,0,8,0,1,0,0,-16.784,0.41547,0.15,478,31.572,2.68249,0.37727
528,41,2,2,8,0,1,0,0,-9.202,0.41478,0.15,478,31.572,4.72711,0.37727
529,17,1,1,1,0,1,0,0,-23.746,0.41409,0.15,478,31.572,5.25986,0.37727
530,51,2,2,11,0,1,0,0,-5.139,0.4134,0.15,478,31.572,3.60578,0.37762
531,9,0,0,1,0,1,0,0,-31.352,0.41271,0.15,478,31.572,5.42945,0.37762
532,19,0,0,2,0,1,0,0,-26.269,0.41203,0.15,478,31.572,3.9883,0.37762
533,28,2,2,3,0,1,0,0,-18.057,0.41134,0.15,478,31.572,2.81826,0.37762
534,42,1,1,4,0,1,0,0,-21.728,0.41066,0.15,478,31.572,2.6485,0.37762
535,77,7,7,16,0,1,0,0,16.492,0.40997,0.15,479,31.572,3.12071,0.37717
536,78,5,5,16,0,1,0,0,13.066,0.40929,0.15,479,31.572,2.61918,0.37717
537,22,1,1,5,0,1,0,0,-21.904,0.40861,0.15,479,31.572,5.33063,0.37717
538,31,0,0,4,0,1,0,0,-25.601,0.40793,0.15,479,31.572,4.1885,0.37717
539,54,3,3,19,0,1,0,0,1.958,0.40725,0.15,479,31.572,3.94508,0.37717
540,5,0,0,2,0,1,0,0,-32.356,0.40657,0.15,479,31.572,6.8565,0.37717
541,57,3,3,10,0,1,0,0,-1.173,0.40589,0.15,479,31.572,1.90408,0.37717
542,16,0,0,3,0,1,0,0,-28.44,0.40522,0.15,479,31.572,4.5274,0.37717
543,15,0,0,3,0,1,0,0,-28.984,0.40454,0.15,480,31.572,8.43648,0.37743
544,175,10,10,21,0,1,0,0,47.79,0.40387,0.15,481,31.572,2.24264,0.37699
545,22,2,2,5,0,1,0,0,-14.971,0.4032,0.15,481,31.572,2.55183,0.37699
546,27,0,0,6,0,1,0,0,-25.282,0.40252,0.15,481,31.572,2.8128,0.37699
547,23,1,1,5,0,1,0,0,-21.115,0.40185,0.15,481,31.572,4.41246,0.37699
548,25,2,2,9,0,1,0,0,-13.017,0.40118,0.15,481,31.572,3.9884,0.37699
549,13,0,0,4,0,1,0,0,-28.204,0.40052,0.15,481,31.572,4.5604,0.37699
550,108,4,4,19,0,1,0,0,11.642,0.39985,0.15,482,31.572,2.56503,0.37725
551,77,2,2,8,0,1,0,0,-8.747,0.39918,0.15,482,31.572,2.79481,0.37725
552,310,18,18,48,0,1,0,0,109.452,0.39852,0.15,487,31.572,2.4435,0.37885
553,89,5,5,18,0,1,0,0,12.445,0.39786,0.15,487,31.572,2.02898,0.37919
554,35,3,3,9,0,1,0,0,-8.315,0.39719,0.15,487,31.572,3.10694,0.37919
555,24,1,1,7,0,1,0,0,-23.298,0.39653,0.15,487,31.572,3.67102,0.37919
556,5,0,0,4,0,1,0,0,-32.808,0.39587,0.15,487,31.572,4.42568,0.37919
557,78,7,7,14,0,1,0,0,16.374,0.39521,0.15,489,31.572,3.10104,0.379
558,46,2,2,8,0,1,0,0,-9.369,0.39455,0.15,489,31.572,2.57334,0.379
559,30,2,2,9,0,1,0,0,-10.117,0.3939,0.15,490,31.572,4.92409,0.37857
560,55,0,0,5,0,1,0,0,-23.08,0.39324,0.15,491,31.572,2.06808,0.37814
561,168,7,7,26,0,1,0,0,28.261,0.39259,0.15,493,31.572,2.8124,0.37931
562,103,5,5,20,0,1,0,0,21.985,0.39193,0.15,493,31.572,2.38307,0.37999
563,82,5,5,10,0,1,0,0,3.129,0.39128,0.15,494,31.572,2.22975,0.37955
564,138,7,7,19,0,1,0,0,24.354,0.39063,0.15,495,31.572,2.47975,0.38047
565,17,1,1,6,0,1,0,0,-18.825,0.38998,0.15,495,31.572,4.65611,0.38047
566,94,9,9,25,0,1,0,0,38.858,0.38933,0.15,496,31.572,2.46186,0.38038
567,27,2,2,6,0,1,0,0,-15.477,0.38868,0.15,496,31.572,3.56619,0.38038
568,12,0,0,2,0,1,0,0,-26.298,0.38803,0.15,496,31.572,2.83463,0.38038
569,43,3,3,7,0,1,0,0,-11.862,0.38739,0.15,496,31.572,3.76129,0.38038
570,22,1,1,5,0,1,0,0,-21.943,0.38674,0.15,496,31.572,3.79511,0.38038
571,49,3,3,6,0,1,0,0,-11.953,0.3861,0.15,498,31.572,2.50755,0.37952
572,43,2,2,6,0,1,0,0,-14.39,0.38545,0.15,498,31.572,2.66818,0.37952
573,17,1,1,7,0,1,0,0,-21.428,0.38481,0.15,498,31.572,5.15048,0.37952
574,5,0,0,3,0,1,0,0,-33.402,0.38417,0.15,498,31.572,11.12225,0.37985
575,45,1,1,7,0,1,0,0,-14.346,0.38353,0.15,498,31.572,2.1467,0.37985
576,7,0,0,5,0,1,0,0,-24.248,0.38289,0.15,498,31.572,4.75809,0.37985
577,5,0,0,3,0,1,0,0,-25.054,0.38226,0.15,498,31.572,9.95198,0.38019
578,28,0,0,10,0,1,0,0,-17.553,0.38162,0.15,498,31.572,3.09509,0.38019
579,13,0,0,5,0,1,0,0,-24.975,0.38098,0.15,498,31.572,7.38918,0.38019
580,183,5,5,21,0,1,0,0,21.663,0.38035,0.15,501,31.572,1.8693,0.38024
581,33,2,2,6,0,1,0,0,-17.079,0.37972,0.15,501,31.572,4.28386,0.38024
582,33,2,2,9,0,1,0,0,-14.174,0.37908,0.15,501,31.572,3.48938,0.38024
583,22,1,1,6,0,1,0,0,-22.737,0.37845,0.15,502,31.572,4.79286,0.37981
584,56,1,1,11,0,1,0,0,-6.485,0.37782,0.15,503,31.572,2.62732,0.37939
585,106,7,7,15,0,1,0,0,22.765,0.37719,0.15,503,31.572,2.45621,0.38005
586,25,1,1,8,0,1,0,0,-20.114,0.37656,0.15,503,31.572,3.3741,0.38005
587,65,4,4,11,0,1,0,0,4.137,0.37594,0.15,503,31.572,1.6554,0.38005
588,23,1,1,5,0,1,0,0,-23.652,0.37531,0.15,503,31.572,4.02568,0.38005
589,5,0,0,3,0,1,0,0,-31.352,0.37469,0.15,503,31.572,3.23102,0.38005
590,69,3,3,6,0,1,0,0,-2.018,0.37406,0.15,504,31.572,1.25824,0.37963
591,19,2,2,4,0,1,0,0,-19.727,0.37344,0.15,504,31.572,3.91523,0.37963
592,23,0,0,5,0,1,0,0,-25.557,0.37282,0.15,504,31.572,2.67679,0.37963
593,34,2,2,5,0,1,0,0,-14.559,0.3722,0.15,504,31.572,3.42775,0.37963
594,19,1,1,7,0,1,0,0,-22.339,0.37158,0.15,504,31.572,2.98093,0.37963
595,81,1,1,7,0,1,0,0,-5.932,0.37096,0.15,504,31.572,1.54901,0.37963
596,84,9,9,17,0,1,0,0,26.818,0.37034,0.15,507,31.572,3.41448,0.3787
597,136,8,8,17,0,1,0,0,30.681,0.36972,0.15,508,31.572,2.48616,0.37861
598,60,0,0,8,0,1,0,0,-17.387,0.36911,0.15,508,31.572,2.93205,0.37894
599,78,5,5,16,0,1,0,0,8.232,0.36849,0.15,509,31.572,2.70054,0.37885
600,69,2,2,15,0,1,0,0,-4.09,0.36788,0.15,509,31.572,2.57289,0.37885
601,198,4,4,18,0,1,0,0,27.948,0.36727,0.15,510,31.572,1.86935,0.37908
602,84,5,5,18,0,1,0,0,10.847,0.36666,0.15,510,31.572,2.33892,0.37908
603,151,9,9,29,0,1,0,0,45.693,0.36604,0.15,510,31.572,1.91051,0.37974
604,17,1,1,4,0,1,0,0,-18.248,0.36544,0.15,510,31.572,5.36843,0.37974
605,32,1,1,12,0,1,0,0,-12.66,0.36483,0.15,510,31.572,3.50133,0.37974
606,10,0,0,3,0,1,0,0,-24.498,0.36422,0.15,510,31.572,3.71296,0.37974
607,20,0,0,8,0,1,0,0,-22.666,0.36361,0.15,510,31.572,3.98936,0.37974
608,26,2,2,10,0,1,0,0,-13.874,0.36301,0.15,510,31.572,3.24062,0.37974
609,32,2,2,10,0,1,0,0,-6.933,0.3624,0.15,510,31.572,3.66412,0.37974
610,5,0,0,2,0,1,0,0,-33.606,0.3618,0.15,510,31.572,2.87692,0.37974
611,30,1,1,12,0,1,0,0,-17.75,0.3612,0.15,510,31.572,2.83877,0.37974
612,20,0,0,5,0,1,0,0,-27.638,0.36059,0.15,510,31.572,5.44136,0.37974
613,118,3,3,10,0,1,0,0,3.517,0.35999,0.15,510,31.572,1.44029,0.37974
614,55,4,4,11,0,1,0,0,-4.431,0.35939,0.15,510,31.572,3.50729,0.37974
615,9,0,0,4,0,1,0,0,-32.004,0.3588,0.15,510,31.572,4.60575,0.37974
616,24,1,1,7,0,1,0,0,-18.211,0.3582,0.15,510,31.572,3.90769,0.37974
617,6,0,0,3,0,1,0,0,-33.356,0.3576,0.15,510,31.572,4.87525,0.37974
618,17,2,2,3,0,1,0,0,-22.877,0.35701,0.15,510,31.572,7.57063,0.38007
619,35,2,2,8,0,1,0,0,-12.511,0.35641,0.15,510,31.572,2.44213,0.38007
620,108,4,4,13,0,1,0,0,5.411,0.35582,0.15,510,31.572,2.14745,0.38039
621,42,1,1,6,0,1,0,0,-21.158,0.35523,0.15,512,31.572,3.76231,0.37988
622,60,4,4,13,0,1,0,0,-1.841,0.35463,0.15,513,31.572,2.73952,0.38012
623,40,1,1,5,0,1,0,0,-21.656,0.35404,0.15,513,31.572,4.33731,0.38012
624,266,17,17,36,0,1,0,0,94.966,0.35345,0.15,515,31.572,2.41499,0.38026
625,26,0,0,4,0,1,0,0,-29.748,0.35287,0.15,515,31.572,1.65124,0.38026
626,36,0,0,4,0,1,0,0,-24.282,0.35228,0.15,515,31.572,2.94486,0.38026
627,89,2,2,5,0,1,0,0,-7.214,0.35169,0.15,515,31.572,2.55837,0.38058
628,18,1,1,6,0,1,0,0,-20.26,0.35111,0.15,515,31.572,3.17236,0.38058
629,58,2,2,9,0,1,0,0,-7.492,0.35052,0.15,515,31.572,2.26365,0.38091
630,141,3,3,10,0,1,0,0,-3.38,0.34994,0.15,515,31.572,2.64771,0.38091
631,21,0,0,7,0,1,0,0,-26.909,0.34936,0.15,515,31.572,4.16241,0.38091
632,70,2,2,8,0,1,0,0,-4.127,0.34877,0.15,515,31.572,1.01942,0.38091
633,9,0,0,3,0,1,0,0,-32.604,0.34819,0.15,515,31.572,4.02122,0.38091
634,5,0,0,4,0,1,0,0,-32.806,0.34761,0.15,515,31.572,1.51992,0.38091
635,5,0,0,4,0,1,0,0,-32.808,0.34703,0.15,515,31.572,1.79441,0.38091
636,288,12,12,34,0,1,0,0,69.015,0.34646,0.15,516,31.572,1.98189,0.38211
637,124,7,7,14,0,1,0,0,22.072,0.34588,0.15,516,31.572,1.96055,0.38211
638,5,0,0,3,0,1,0,0,-33.406,0.3453,0.15,516,31.572,1.44187,0.38211
639,45,2,2,5,0,1,0,0,-19.465,0.34473,0.15,516,31.572,3.543,0.38211
640,62,4,4,10,0,1,0,0,-0.63,0.34415,0.15,516,31.572,2.63967,0.38211
641,8,0,0,4,0,1,0,0,-32.356,0.34358,0.15,516,31.572,4.24803,0.38211
642,65,2,2,6,0,1,0,0,-10.154,0.34301,0.15,516,31.572,1.85722,0.38211
643,5,0,0,2,0,1,0,0,-27.706,0.34244,0.15,516,31.572,7.65953,0.38211
644,29,0,0,4,0,1,0,0,-30.604,0.34187,0.15,516,31.572,1.24682,0.38211
645,180,3,3,18,0,1,0,0,14.418,0.3413,0.15,516,31.572,2.1874,0.38275
646,36,0,0,6,0,1,0,0,-16.929,0.34073,0.15,516,31.572,2.90933,0.38275
647,79,4,4,15,0,1,0,0,9.777,0.34016,0.15,517,31.572,2.86479,0.38266
648,31,2,2,5,0,1,0,0,-16.587,0.3396,0.15,517,31.572,2.88538,0.38266
649,15,0,0,5,0,1,0,0,-24.871,0.33903,0.15,517,31.572,4.99639,0.38266
650,146,8,8,14,0,1,0,0,31.039,0.33847,0.15,518,31.572,2.39686,0.3832
651,15,0,0,5,0,1,0,0,-28.677,0.3379,0.15,518,31.572,4.25459,0.3832
652,29,1,1,6,0,1,0,0,-15.803,0.33734,0.15,518,31.572,2.87662,0.3832
653,5,0,0,3,0,1,0,0,-33.006,0.33678,0.15,518,31.572,1.14612,0.3832
654,27,1,1,4,0,1,0,0,-17.502,0.33622,0.15,518,31.572,2.46262,0.3832
655,130,7,7,22,0,1,0,0,18.993,0.33566,0.15,521,31.572,2.66219,0.3826
656,265,7,7,20,0,1,0,0,50.999,0.3351,0.15,521,31.572,1.40673,0.38356
657,25,2,2,3,0,1,0,0,-17.265,0.33454,0.15,521,31.572,3.29491,0.38356
658,42,5,5,10,0,1,0,0,2.918,0.33398,0.15,521,31.572,4.12739,0.3842
659,34,0,0,7,0,1,0,0,-22.128,0.33343,0.15,521,31.572,2.29185,0.3842
660,52,6,6,13,0,1,0,0,10.601,0.33287,0.15,521,31.572,3.85978,0.3842
661,56,2,2,9,0,1,0,0,-9.719,0.33232,0.15,522,31.572,2.63113,0.38378
662,230,13,13,36,0,1,0,0,84.681,0.33176,0.15,523,31.572,2.51457,0.38368
663,5,0,0,4,0,1,0,0,-32.808,0.33121,0.15,523,31.572,1.26362,0.38368
664,42,2,2,8,0,1,0,0,-9.704,0.33066,0.15,523,31.572,2.82344,0.38368
665,96,3,3,12,0,1,0,0,7.628,0.33011,0.15,523,31.572,1.42481,0.38368
666,14,1,1,3,0,1,0,0,-21.489,0.32956,0.15,523,31.572,4.67993,0.38368
667,55,2,2,17,0,1,0,0,3.149,0.32901,0.15,523,31.572,2.31868,0.384
668,99,5,5,12,0,1,0,0,10.484,0.32846,0.15,523,31.572,2.2119,0.38432
669,7,0,0,4,0,1,0,0,-29.008,0.32792,0.15,523,31.572,6.02881,0.38432
670,46,3,3,9,0,1,0,0,-4.031,0.32737,0.15,523,31.572,2.82877,0.38432
671,78,3,3,15,0,1,0,0,8.581,0.32682,0.15,523,31.572,1.28373,0.38432
672,92,1,1,12,0,1,0,0,-3.277,0.32628,0.15,523,31.572,1.95356,0.38496
673,156,8,8,17,0,1,0,0,33.403,0.32574,0.15,525,31.572,2.11159,0.38508
674,32,4,4,8,0,1,0,0,-4.438,0.32519,0.15,525,31.572,3.5715,0.38508
675,82,1,1,11,0,1,0,0,-11.364,0.32465,0.15,525,31.572,2.01341,0.38508
676,91,5,5,8,0,1,0,0,0.067,0.32411,0.15,525,31.572,2.49525,0.3854
677,5,0,0,3,0,1,0,0,-33.806,0.32357,0.15,525,31.572,1.46817,0.3854
678,5,0,0,4,0,1,0,0,-32.808,0.32303,0.15,525,31.572,1.10038,0.3854
679,262,16,16,47,0,1,0,0,109.576,0.3225,0.15,527,31.572,2.43181,0.38552
680,14,1,1,4,0,1,0,0,-22.764,0.32196,0.15,527,31.572,6.6838,0.38552
681,19,0,0,6,0,1,0,0,-27.266,0.32142,0.15,527,31.572,4.08883,0.38552
682,5,0,0,3,0,1,0,0,-33.808,0.32089,0.15,527,31.572,1.25817,0.38552
683,5,0,0,2,0,1,0,0,-34.402,0.32035,0.15,527,31.572,8.97459,0.38552
684,24,1,1,6,0,1,0,0,-23.113,0.31982,0.15,527,31.572,3.94679,0.38552
685,7,0,0,3,0,1,0,0,-30.1,0.31929,0.15,527,31.572,7.65212,0.38552
686,42,3,3,8,0,1,0,0,-8.155,0.31875,0.15,527,31.572,3.82971,0.38552
687,36,1,1,10,0,1,0,0,-12.445,0.31822,0.15,527,31.572,3.52824,0.38552
688,36,2,2,8,0,1,0,0,-16.161,0.31769,0.15,527,31.572,4.11739,0.38552
689,20,0,0,9,0,1,0,0,-22.603,0.31716,0.15,527,31.572,4.5113,0.38552
690,42,1,1,7,0,1,0,0,-13.088,0.31664,0.15,527,31.572,3.32658,0.38552
691,104,3,3,16,0,1,0,0,4.111,0.31611,0.15,527,31.572,2.84097,0.38552
692,5,0,0,3,0,1,0,0,-33.408,0.31558,0.15,527,31.572,0.91215,0.38552
693,239,15,15,26,0,1,0,0,74.332,0.31506,0.15,529,31.572,2.1143,0.385
694,108,8,8,22,0,1,0,0,32.762,0.31453,0.15,530,31.572,2.87293,0.38553
695,36,5,5,13,0,1,0,0,1.443,0.31401,0.15,530,31.572,3.69955,0.38553
696,71,2,2,8,0,1,0,0,-4.067,0.31349,0.15,530,31.572,1.88727,0.38553
697,19,0,0,6,0,1,0,0,-21.74,0.31296,0.15,530,31.572,1.79773,0.38553
698,11,0,0,6,0,1,0,0,-26.59,0.31244,0.15,530,31.572,5.21248,0.38553
699,76,5,5,11,0,1,0,0,7.346,0.31192,0.15,530,31.572,2.45396,0.38553
700,47,1,1,8,0,1,0,0,-12.622,0.3114,0.15,530,31.572,2.34306,0.38553
701,83,4,4,9,0,1,0,0,3.535,0.31088,0.15,531,31.572,2.21353,0.38575
702,24,0,0,4,0,1,0,0,-26.559,0.31037,0.15,531,31.572,3.06404,0.38575
703,42,1,1,8,0,1,0,0,-15.625,0.30985,0.15,531,31.572,2.11478,0.38575
704,5,0,0,4,0,1,0,0,-32.008,0.30933,0.15,531,31.572,1.06534,0.38575
705,230,7,7,23,0,1,0,0,54.557,0.30882,0.15,531,31.572,1.79365,0.38606
706,93,1,1,8,0,1,0,0,-1.984,0.3083,0.15,531,31.572,1.857,0.38606
707,63,3,3,10,0,1,0,0,-3.071,0.30779,0.15,531,31.572,2.56068,0.38606
708,198,5,5,20,0,1,0,0,29.557,0.30728,0.15,531,31.572,1.72543,0.38606
709,128,0,0,10,0,1,0,0,-5.972,0.30677,0.15,531,31.572,1.41364,0.38606
710,42,2,2,8,0,1,0,0,-8.27,0.30626,0.15,531,31.572,2.16644,0.38606
711,35,1,1,4,0,1,0,0,-19.979,0.30575,0.15,531,31.572,3.25374,0.38606
712,48,2,2,7,0,1,0,0,-11.971,0.30524,0.15,531,31.572,3.1884,0.38606
713,149,9,9,22,0,1,0,0,43.17,0.30473,0.15,531,31.572,2.1709,0.38606
714,48,1,1,6,0,1,0,0,-14.276,0.30422,0.15,531,31.572,3.16107,0.38606
715,5,0,0,3,0,1,0,0,-32.452,0.30371,0.15,532,31.572,15.55755,0.38565
716,196,10,10,28,0,1,0,0,53.089,0.30321,0.15,532,31.572,2.3484,0.38628
717,35,2,2,6,0,1,0,0,-15.507,0.3027,0.15,532,31.572,2.87714,0.38628
718,14,0,0,4,0,1,0,0,-31.548,0.3022,0.15,532,31.572,2.60405,0.38628
719,127,5,5,12,0,1,0,0,16.11,0.3017,0.15,532,31.572,1.6947,0.38628
720,72,3,3,9,0,1,0,0,-2.11,0.30119,0.15,532,31.572,1.78934,0.38628
721,9,0,0,4,0,1,0,0,-32.6,0.30069,0.15,532,31.572,2.94109,0.38628
722,132,5,5,17,0,1,0,0,28.75,0.30019,0.15,533,31.572,1.99879,0.38587
723,5,0,0,3,0,1,0,0,-33.408,0.29969,0.15,533,31.572,0.54322,0.38587
724,195,9,9,21,0,1,0,0,52.405,0.29919,0.15,533,31.572,1.78943,0.38587
725,14,0,0,2,0,1,0,0,-26.198,0.29869,0.15,533,31.572,2.79513,0.38587
726,17,2,2,9,0,1,0,0,-13.486,0.2982,0.15,533,31.572,3.62604,0.38587
727,22,0,0,6,0,1,0,0,-26.906,0.2977,0.15,533,31.572,6.18562,0.38618
728,37,3,3,7,0,1,0,0,-7.344,0.2972,0.15,533,31.572,2.45039,0.38618
729,211,3,3,11,0,1,0,0,8.506,0.29671,0.15,533,31.572,1.78833,0.38618
730,20,0,0,6,0,1,0,0,-24.519,0.29622,0.15,533,31.572,4.35905,0.38618
731,117,2,2,15,0,1,0,0,3.661,0.29572,0.15,533,31.572,2.24762,0.38618
732,26,1,1,6,0,1,0,0,-17.632,0.29523,0.15,533,31.572,3.15961,0.38618
733,5,0,0,4,0,1,0,0,-32.806,0.29474,0.15,533,31.572,1.77266,0.38618
734,13,0,0,3,0,1,0,0,-24.761,0.29425,0.15,533,31.572,3.57786,0.38618
735,90,5,5,20,0,1,0,0,19.04,0.29376,0.15,534,31.572,2.91418,0.38608
736,50,3,3,6,0,1,0,0,-6.572,0.29327,0.15,534,31.572,2.6763,0.38608
737,5,0,0,3,0,1,0,0,-31.752,0.29278,0.15,534,31.572,1.23299,0.38608
738,7,0,0,4,0,1,0,0,-24.848,0.29229,0.15,534,31.572,5.36201,0.38608
739,65,5,5,14,0,1,0,0,12.302,0.29181,0.15,535,31.572,2.51699,0.38567
740,250,17,17,42,0,1,0,0,101.734,0.29132,0.15,543,31.572,2.6188,0.38398
741,82,6,6,8,0,1,0,0,7.555,0.29083,0.15,543,31.572,2.68261,0.38398
742,43,2,2,9,0,1,0,0,-13.197,0.29035,0.15,543,31.572,3.42289,0.38398
743,13,0,0,3,0,1,0,0,-28.077,0.28987,0.15,543,31.572,4.47502,0.38398
744,20,3,3,5,0,1,0,0,-11.069,0.28938,0.15,544,31.572,4.26708,0.38358
745,59,3,3,10,0,1,0,0,-8.922,0.2889,0.15,544,31.572,3.94935,0.38358
746,186,14,14,27,0,1,0,0,73.106,0.28842,0.15,545,31.572,2.47349,0.38318
747,309,14,14,32,0,1,0,0,109.35,0.28794,0.15,546,31.572,1.59314,0.38309
748,33,0,0,3,0,1,0,0,-21.599,0.28746,0.15,546,31.572,1.93738,0.38309
749,34,0,0,7,0,1,0,0,-24.522,0.28698,0.15,546,31.572,2.89714,0.38309
750,34,2,2,9,0,1,0,0,-9.269,0.2865,0.15,546,31.572,2.7043,0.38309
751,175,4,4,15,0,1,0,0,26.151,0.28603,0.15,546,31.572,1.75998,0.38309
752,104,2,2,14,0,1,0,0,7.962,0.28555,0.15,546,31.572,1.86461,0.38339
753,53,4,4,15,0,1,0,0,-1.042,0.28508,0.15,547,31.572,3.40322,0.383
754,96,7,7,19,0,1,0,0,26.048,0.2846,0.15,547,31.572,2.40201,0.383
755,66,6,6,19,0,1,0,0,19.078,0.28413,0.15,547,31.572,2.81231,0.3833
756,12,0,0,2,0,1,0,0,-28.554,0.28365,0.15,547,31.572,5.60705,0.3833
757,152,10,10,23,0,1,0,0,47.865,0.28318,0.15,550,31.572,2.20071,0.38242
758,20,1,1,7,0,1,0,0,-17.711,0.28271,0.15,550,31.572,4.2489,0.38242
759,75,1,1,9,0,1,0,0,-11.538,0.28224,0.15,550,31.572,3.10047,0.38273
760,27,1,1,4,0,1,0,0,-23.656,0.28177,0.15,550,31.572,4.09074,0.38273
761,213,11,11,27,0,1,0,0,63.189,0.2813,0.15,550,31.572,2.55453,0.38303
762,31,4,4,8,0,1,0,0,-7.16,0.28083,0.15,550,31.572,3.55842,0.38303
763,28,1,1,6,0,1,0,0,-17.597,0.28036,0.15,550,31.572,2.8649,0.38303
764,106,6,6,18,0,1,0,0,16.28,0.2799,0.15,550,31.572,2.80128,0.38333
765,29,2,2,7,0,1,0,0,-11.083,0.27943,0.15,550,31.572,2.67275,0.38333
766,73,2,2,9,0,1,0,0,-9.483,0.27897,0.15,550,31.572,1.87183,0.38364
767,202,7,7,28,0,1,0,0,37.08,0.2785,0.15,552,31.572,2.52422,0.38376
768,44,0,0,15,0,1,0,0,-14.002,0.27804,0.15,552,31.572,3.62828,0.38376
769,137,13,13,28,0,1,0,0,53.501,0.27757,0.15,552,31.572,2.60834,0.38436
770,172,10,10,23,0,1,0,0,54.199,0.27711,0.15,552,31.572,2.5088,0.38496
771,58,2,2,9,0,1,0,0,-4.999,0.27665,0.15,552,31.572,2.59274,0.38527
772,254,16,16,31,0,1,0,0,91.858,0.27619,0.15,554,31.572,2.73289,0.38568
773,156,9,9,30,0,1,0,0,45.166,0.27573,0.15,556,31.572,2.805,0.38549
774,100,8,8,26,0,1,0,0,31.664,0.27527,0.15,556,31.572,3.24739,0.38549
775,5,0,0,3,0,1,0,0,-33.006,0.27481,0.15,556,31.572,1.45438,0.38549
776,176,7,7,25,0,1,0,0,39.684,0.27435,0.15,556,31.572,2.23083,0.38639
777,51,5,5,16,0,1,0,0,4.579,0.2739,0.15,556,31.572,2.6566,0.38639
778,95,7,7,15,0,1,0,0,11.956,0.27344,0.15,556,31.572,2.66045,0.38699
779,33,2,2,8,0,1,0,0,-18.957,0.27299,0.15,557,31.572,4.86153,0.38689
780,130,10,10,28,0,1,0,0,43.473,0.27253,0.15,557,31.572,2.67884,0.38719
781,33,4,4,9,0,1,0,0,-4.943,0.27208,0.15,557,31.572,4.55928,0.38719
782,14,0,0,3,0,1,0,0,-26.925,0.27162,0.15,557,31.572,6.44688,0.38719
783,21,0,0,8,0,1,0,0,-19.555,0.27117,0.15,557,31.572,3.96767,0.38719
784,59,2,2,14,0,1,0,0,-3.424,0.27072,0.15,558,31.572,3.27261,0.3871
785,20,2,2,6,0,1,0,0,-13.653,0.27027,0.15,558,31.572,2.05937,0.3871
786,34,4,4,11,0,1,0,0,0.411,0.26982,0.15,558,31.572,3.39861,0.3871
787,14,0,0,5,0,1,0,0,-23.771,0.26937,0.15,558,31.572,4.03911,0.3871
788,49,5,5,8,0,1,0,0,-2.364,0.26892,0.15,558,31.572,3.67067,0.3871
789,13,0,0,4,0,1,0,0,-22.45,0.26847,0.15,558,31.572,4.10227,0.3871
790,110,4,4,18,0,1,0,0,14.406,0.26803,0.15,558,31.572,2.18626,0.3874
791,60,3,3,18,0,1,0,0,1.013,0.26758,0.15,558,31.572,3.2485,0.3874
792,128,7,7,17,0,1,0,0,34.713,0.26714,0.15,560,31.572,2.09166,0.38661
793,257,18,18,47,0,1,0,0,104.091,0.26669,0.15,561,31.572,2.49111,0.38711
794,18,1,1,8,0,1,0,0,-16.346,0.26625,0.15,561,31.572,3.2332,0.38711
795,110,7,7,17,0,1,0,0,27.591,0.2658,0.15,563,31.572,2.13166,0.38662
796,62,3,3,11,0,1,0,0,0.811,0.26536,0.15,563,31.572,2.31265,0.38662
797,78,3,3,11,0,1,0,0,-1.667,0.26492,0.15,563,31.572,1.61827,0.38662
798,77,7,7,15,0,1,0,0,20.095,0.26448,0.15,563,31.572,1.94334,0.38662
799,66,4,4,8,0,1,0,0,-4.166,0.26404,0.15,563,31.572,2.59722,0.38662
800,121,5,5,14,0,1,0,0,19.359,0.2636,0.15,563,31.572,2.22156,0.38662
801,186,7,7,19,0,1,0,0,35.061,0.26316,0.15,563,31.572,2.15054,0.38692
802,5,0,0,2,0,1,0,0,-34.408,0.26272,0.15,563,31.572,1.10297,0.38692
803,76,0,0,13,0,1,0,0,-10.927,0.26228,0.15,563,31.572,2.65079,0.38692
804,112,3,3,18,0,1,0,0,5.906,0.26185,0.15,563,31.572,2.69053,0.38692
805,6,0,0,2,0,1,0,0,-31.206,0.26141,0.15,563,31.572,9.06224,0.38692
806,20,0,0,2,0,1,0,0,-29.71,0.26097,0.15,563,31.572,2.74714,0.38692
807,119,5,5,26,0,1,0,0,13.356,0.26054,0.15,564,31.572,2.85327,0.38712
808,52,2,2,10,0,1,0,0,-8.192,0.26011,0.15,564,31.572,2.5402,0.38741
809,13,0,0,3,0,1,0,0,-28.804,0.25967,0.15,564,31.572,4.49178,0.38741
810,200,15,15,29,0,1,0,0,77.136,0.25924,0.15,564,31.572,2.0663,0.38771
811,58,3,3,7,0,1,0,0,-5.199,0.25881,0.15,564,31.572,1.45136,0.38771
812,48,5,5,11,0,1,0,0,4.066,0.25838,0.15,564,31.572,2.96945,0.38771
813,119,7,7,24,0,1,0,0,35.013,0.25795,0.15,565,31.572,2.23193,0.38732
814,16,1,1,4,0,1,0,0,-22.726,0.25752,0.15,565,31.572,5.07415,0.38732
815,96,3,3,12,0,1,0,0,-4.404,0.25709,0.15,565,31.572,2.36805,0.38732
816,72,4,4,13,0,1,0,0,6.659,0.25666,0.15,565,31.572,2.9982,0.38732
817,14,0,0,5,0,1,0,0,-25.947,0.25623,0.15,565,31.572,6.6747,0.38732
818,20,1,1,3,0,1,0,0,-22.469,0.25581,0.15,565,31.572,3.69018,0.38732
819,59,5,5,10,0,1,0,0,2.25,0.25538,0.15,565,31.572,2.83979,0.38732
820,5,0,0,3,0,1,0,0,-33.006,0.25496,0.15,565,31.572,1.38325,0.38732
821,13,0,0,4,0,1,0,0,-28.539,0.25453,0.15,565,31.572,7.42552,0.38732
822,98,5,5,25,0,1,0,0,15.838,0.25411,0.15,565,31.572,3.38519,0.38761
823,27,1,1,12,0,1,0,0,-16.025,0.25368,0.15,565,31.572,3.15871,0.38761
824,99,7,7,22,0,1,0,0,19.364,0.25326,0.15,565,31.572,2.37845,0.38761
825,57,5,5,17,0,1,0,0,6.021,0.25284,0.15,566,31.572,3.99427,0.38722
826,39,1,1,9,0,1,0,0,-17.261,0.25242,0.15,566,31.572,2.36362,0.38722
827,60,2,2,7,0,1,0,0,-10.923,0.252,0.15,566,31.572,1.70135,0.38722
828,14,0,0,4,0,1,0,0,-31.24,0.25158,0.15,566,31.572,2.50584,0.38722
829,9,0,0,2,0,1,0,0,-33.602,0.25116,0.15,566,31.572,4.16602,0.38722
830,124,6,6,18,0,1,0,0,19.343,0.25074,0.15,567,31.572,2.67622,0.38742
831,33,0,0,5,0,1,0,0,-20.134,0.25032,0.15,567,31.572,1.56864,0.38742
832,172,6,6,23,0,1,0,0,33.871,0.24991,0.15,567,31.572,2.44286,0.38742
833,35,3,3,9,0,1,0,0,-8.109,0.24949,0.15,567,31.572,2.75337,0.38742
834,66,3,3,13,0,1,0,0,-2.102,0.24908,0.15,567,31.572,3.17769,0.38742
835,62,4,4,7,0,1,0,0,-1.098,0.24866,0.15,567,31.572,1.98256,0.38742
836,400,20,20,54,0,0,0,1,175.743,0.24825,0.15,568,31.572,2.22265,0.38938
837,108,8,8,17,0,1,0,0,23.246,0.24783,0.15,568,31.572,2.52161,0.38938
838,39,1,1,6,0,1,0,0,-16.667,0.24742,0.15,568,31.572,2.33953,0.38938
839,5,0,0,4,0,1,0,0,-32.002,0.24701,0.15,568,31.572,6.34005,0.38938
840,139,8,8,23,0,1,0,0,28.662,0.2466,0.15,569,31.572,3.18484,0.38957
841,203,12,12,30,0,1,0,0,56.623,0.24619,0.15,570,31.572,2.40594,0.38977
842,5,0,0,4,0,1,0,0,-33.206,0.24578,0.15,570,31.572,1.16085,0.38977
843,400,16,16,35,0,0,0,1,152.461,0.24537,0.15,571,31.572,1.54077,0.38967
844,141,12,12,34,0,1,0,0,62.16,0.24496,0.15,572,31.572,2.83717,0.38957
845,5,0,0,3,0,1,0,0,-33.008,0.24455,0.15,572,31.572,0.3863,0.38957
846,37,0,0,4,0,1,0,0,-23.781,0.24414,0.15,572,31.572,2.30178,0.38957
847,100,5,5,13,0,1,0,0,8.175,0.24374,0.15,572,31.572,2.18111,0.38957
848,133,11,11,30,0,1,0,0,48.271,0.24333,0.15,572,31.572,2.46559,0.39015
849,7,0,0,2,0,1,0,0,-30.314,0.24293,0.15,572,31.572,6.9438,0.39015
850,40,3,3,9,0,1,0,0,-7.118,0.24252,0.15,572,31.572,2.77652,0.39015
851,20,2,2,8,0,1,0,0,-16.502,0.24212,0.15,572,31.572,7.937,0.39044
852,61,3,3,12,0,1,0,0,-4.577,0.24171,0.15,572,31.572,2.5679,0.39044
853,23,2,2,3,0,1,0,0,-16.523,0.24131,0.15,572,31.572,2.25997,0.39044
854,377,13,13,34,0,1,0,0,90.129,0.24091,0.15,572,31.572,1.4995,0.39044
855,47,1,1,2,0,1,0,0,-19.077,0.24051,0.15,572,31.572,2.729,0.39044
856,91,1,1,10,0,1,0,0,-13.475,0.24011,0.15,572,31.572,2.71519,0.39044
857,45,5,5,14,0,1,0,0,3.412,0.23971,0.15,572,31.572,4.72881,0.39073
858,31,2,2,7,0,1,0,0,-12.96,0.23931,0.15,572,31.572,3.5339,0.39073
859,17,2,2,9,0,1,0,0,-11.034,0.23891,0.15,572,31.572,3.87876,0.39073
860,221,16,16,50,0,1,0,0,110.441,0.23851,0.15,575,31.572,2.75161,0.38957
861,101,5,5,13,0,1,0,0,15.476,0.23812,0.15,576,31.572,2.55797,0.38918
862,231,11,11,30,0,1,0,0,61.426,0.23772,0.15,576,31.572,2.55029,0.38947
863,28,1,1,9,0,1,0,0,-13.785,0.23732,0.15,576,31.572,3.54726,0.38947
864,20,2,2,5,0,1,0,0,-15.566,0.23693,0.15,576,31.572,4.63974,0.38947
865,53,6,6,23,0,1,0,0,17.779,0.23653,0.15,576,31.572,3.51007,0.38947
866,91,4,4,20,0,1,0,0,8.433,0.23614,0.15,576,31.572,2.58036,0.38947
867,5,0,0,1,0,1,0,0,-33.306,0.23575,0.15,576,31.572,4.13431,0.38947
868,69,5,5,13,0,1,0,0,5.445,0.23535,0.15,576,31.572,2.51117,0.38947
869,77,7,7,15,0,1,0,0,20.587,0.23496,0.15,576,31.572,2.50461,0.38947
870,5,0,0,2,0,1,0,0,-29.752,0.23457,0.15,576,31.572,8.99211,0.38947
871,82,7,7,20,0,1,0,0,24.272,0.23418,0.15,576,31.572,3.07461,0.38947
872,45,2,2,12,0,1,0,0,-3.664,0.23379,0.15,576,31.572,2.84269,0.38947
873,127,13,13,30,0,1,0,0,64.86,0.2334,0.15,576,31.572,3.02264,0.38947
874,15,0,0,5,0,1,0,0,-26.698,0.23301,0.15,576,31.572,4.08894,0.38947
875,28,0,0,4,0,1,0,0,-23.886,0.23262,0.15,576,31.572,4.00348,0.38947
876,38,2,2,6,0,1,0,0,-12.873,0.23224,0.15,576,31.572,2.05927,0.38947
877,87,6,6,17,0,1,0,0,16.107,0.23185,0.15,576,31.572,3.05989,0.38976
878,20,2,2,8,0,1,0,0,-16.496,0.23146,0.15,576,31.572,3.79925,0.38976
879,57,2,2,8,0,1,0,0,-10.905,0.23108,0.15,576,31.572,3.64135,0.38976
880,5,0,0,4,0,1,0,0,-32.404,0.23069,0.15,576,31.572,2.6095,0.38976
881,161,4,4,11,0,1,0,0,8.97,0.23031,0.15,577,31.572,1.70088,0.38937
882,126,6,6,15,0,1,0,0,19.877,0.22993,0.15,577,31.572,1.79155,0.38937
883,124,8,8,21,0,1,0,0,32.418,0.22954,0.15,577,31.572,2.52483,0.38937
884,18,0,0,5,0,1,0,0,-27.906,0.22916,0.15,577,31.572,5.36308,0.38937
885,23,1,1,3,0,1,0,0,-23.265,0.22878,0.15,577,31.572,5.84186,0.38937
886,325,18,18,40,0,1,0,0,118.029,0.2284,0.15,577,31.572,1.97489,0.38995
887,258,6,6,24,0,1,0,0,56.64,0.22802,0.15,577,31.572,1.37094,0.38995
888,5,0,0,3,0,1,0,0,-30.008,0.22764,0.15,577,31.572,7.64555,0.38995
889,30,1,1,10,0,1,0,0,-15.136,0.22726,0.15,577,31.572,3.21956,0.38995
890,22,2,2,5,0,1,0,0,-15.158,0.22688,0.15,577,31.572,3.96356,0.38995
891,186,8,8,23,0,1,0,0,51.472,0.2265,0.15,577,31.572,2.17495,0.39053
892,117,4,4,18,0,1,0,0,21.128,0.22613,0.15,577,31.572,1.76142,0.39053
893,26,2,2,6,0,1,0,0,-12.366,0.22575,0.15,577,31.572,3.25643,0.39053
894,26,3,3,7,0,1,0,0,-9.176,0.22537,0.15,577,31.572,3.75754,0.39053
895,22,0,0,14,0,1,0,0,-14.834,0.225,0.15,577,31.572,4.25762,0.39053
896,28,0,0,4,0,1,0,0,-22.034,0.22462,0.15,577,31.572,2.59206,0.39053
897,400,20,20,56,0,0,0,1,184.718,0.22425,0.15,579,31.572,2.12367,0.39062
898,36,2,2,13,0,1,0,0,-5.339,0.22388,0.15,579,31.572,2.43108,0.39062
899,69,7,7,18,0,1,0,0,13.963,0.2235,0.15,579,31.572,2.89658,0.39062
900,5,0,0,4,0,1,0,0,-32.804,0.22313,0.15,579,31.572,2.40653,0.39062
901,24,2,2,10,0,1,0,0,-8.922,0.22276,0.15,579,31.572,3.9907,0.39062
902,16,1,1,5,0,1,0,0,-20.026,0.22239,0.15,579,31.572,4.56199,0.39062
903,63,6,6,11,0,1,0,0,9.267,0.22202,0.15,579,31.572,2.93086,0.39062
904,17,2,2,5,0,1,0,0,-15.15,0.22165,0.15,579,31.572,3.86787,0.39062
905,45,3,3,7,0,1,0,0,-6.776,0.22128,0.15,579,31.572,2.83256,0.39062
906,125,4,4,15,0,1,0,0,16.815,0.22091,0.15,579,31.572,2.35959,0.3909
907,127,4,4,13,0,1,0,0,13.346,0.22054,0.15,579,31.572,1.82815,0.3909
908,163,3,3,8,0,1,0,0,7.126,0.22017,0.15,579,31.572,1.20493,0.3909
909,119,7,7,24,0,1,0,0,33.125,0.21981,0.15,579,31.572,2.77222,0.39119
910,8,0,0,2,0,1,0,0,-27.148,0.21944,0.15,579,31.572,8.18239,0.39119
911,85,8,8,17,0,1,0,0,29.117,0.21908,0.15,579,31.572,2.85189,0.39119
912,82,1,1,15,0,1,0,0,2.347,0.21871,0.15,579,31.572,2.16982,0.39148
913,15,0,0,3,0,1,0,0,-26.015,0.21835,0.15,579,31.572,5.51612,0.39148
914,19,1,1,8,0,1,0,0,-16.471,0.21798,0.15,579,31.572,3.70462,0.39148
915,18,1,1,9,0,1,0,0,-18.205,0.21762,0.15,579,31.572,5.58869,0.39148
916,217,8,8,31,0,1,0,0,55.186,0.21726,0.15,579,31.572,2.11149,0.39177
917,35,0,0,5,0,1,0,0,-18.283,0.2169,0.15,579,31.572,3.81788,0.39177
918,103,5,5,24,0,1,0,0,24.985,0.21654,0.15,579,31.572,2.93673,0.39177
919,142,5,5,21,0,1,0,0,27.278,0.21618,0.15,579,31.572,2.48603,0.39177
920,129,3,3,9,0,1,0,0,3.869,0.21582,0.15,579,31.572,2.05454,0.39177
921,19,1,1,8,0,1,0,0,-18.021,0.21546,0.15,579,31.572,3.27125,0.39177
922,141,7,7,18,0,1,0,0,28.758,0.2151,0.15,579,31.572,2.40197,0.39206
923,37,3,3,7,0,1,0,0,-7.928,0.21474,0.15,579,31.572,3.35744,0.39206
924,27,0,0,6,0,1,0,0,-19.903,0.21438,0.15,579,31.572,2.42813,0.39206
925,261,13,13,37,0,1,0,0,80.585,0.21402,0.15,579,31.572,2.03255,0.39234
926,13,0,0,4,0,1,0,0,-24.021,0.21367,0.15,579,31.572,3.57302,0.39234
927,46,4,4,10,0,1,0,0,0.807,0.21331,0.15,579,31.572,2.42184,0.39234
928,36,2,2,16,0,1,0,0,-9.9,0.21296,0.15,579,31.572,2.54394,0.39234
929,60,1,1,15,0,1,0,0,-2.792,0.2126,0.15,579,31.572,3.26971,0.39263
930,36,2,2,7,0,1,0,0,-13.041,0.21225,0.15,579,31.572,3.75351,0.39263
931,328,19,19,42,0,1,0,0,114.043,0.21189,0.15,581,31.572,2.03507,0.39185
932,23,1,1,5,0,1,0,0,-19.045,0.21154,0.15,581,31.572,4.33452,0.39185
933,6,0,0,3,0,1,0,0,-32.954,0.21119,0.15,581,31.572,4.72534,0.39185
934,13,0,0,4,0,1,0,0,-24.575,0.21084,0.15,581,31.572,3.59303,0.39185
935,152,15,15,39,0,1,0,0,81.794,0.21049,0.15,581,31.572,2.68488,0.39185
936,48,4,4,7,0,1,0,0,-4.792,0.21014,0.15,581,31.572,3.82136,0.39185
937,65,2,2,9,0,1,0,0,-6.806,0.20979,0.15,581,31.572,2.67226,0.39185
938,99,2,2,11,0,1,0,0,1.829,0.20944,0.15,581,31.572,1.79236,0.39185
939,93,2,2,11,0,1,0,0,-3.727,0.20909,0.15,581,31.572,2.14518,0.39185
940,17,2,2,7,0,1,0,0,-15.217,0.20874,0.15,581,31.572,6.71991,0.39185
941,50,3,3,9,0,1,0,0,-7.978,0.20839,0.15,581,31.572,3.05713,0.39185
942,63,3,3,8,0,1,0,0,-7.069,0.20805,0.15,581,31.572,1.95248,0.39185
943,25,0,0,3,0,1,0,0,-24.142,0.2077,0.15,581,31.572,4.08714,0.39185
944,154,5,5,19,0,1,0,0,34.894,0.20735,0.15,581,31.572,1.63328,0.39185
945,43,1,1,8,0,1,0,0,-11.567,0.20701,0.15,581,31.572,2.61401,0.39185
946,7,0,0,2,0,1,0,0,-33.6,0.20666,0.15,581,31.572,6.31131,0.39185
947,87,5,5,16,0,1,0,0,8.964,0.20632,0.15,581,31.572,2.48274,0.39185
948,54,7,7,10,0,1,0,0,11.109,0.20598,0.15,581,31.572,3.33015,0.39185
949,91,5,5,18,0,1,0,0,22.501,0.20563,0.15,581,31.572,2.65787,0.39185
950,41,2,2,8,0,1,0,0,-8.267,0.20529,0.15,581,31.572,3.80956,0.39214
951,47,1,1,4,0,1,0,0,-19.03,0.20495,0.15,581,31.572,1.92099,0.39214
952,29,0,0,9,0,1,0,0,-18.826,0.20461,0.15,581,31.572,1.97514,0.39214
953,34,3,3,9,0,1,0,0,-5.982,0.20427,0.15,581,31.572,3.05565,0.39214
954,42,0,0,5,0,1,0,0,-17.949,0.20393,0.15,581,31.572,1.8873,0.39214
955,132,3,3,11,0,1,0,0,11.837,0.20359,0.15,581,31.572,1.67751,0.39214
956,95,5,5,7,0,1,0,0,10.823,0.20325,0.15,581,31.572,1.43378,0.39214
957,45,3,3,6,0,1,0,0,-5.368,0.20291,0.15,581,31.572,2.50956,0.39214
958,99,4,4,18,0,1,0,0,16.691,0.20257,0.15,581,31.572,2.46606,0.39214
959,270,8,8,25,0,1,0,0,68.222,0.20223,0.15,581,31.572,1.65103,0.39271
960,241,19,19,36,0,1,0,0,110.09,0.2019,0.15,581,31.572,2.18104,0.393
961,5,0,0,2,0,1,0,0,-34.006,0.20156,0.15,581,31.572,1.77191,0.393
962,68,5,5,20,0,1,0,0,15.203,0.20122,0.15,581,31.572,2.59102,0.393
963,13,0,0,5,0,1,0,0,-23.488,0.20089,0.15,581,31.572,3.88179,0.393
964,166,14,14,31,0,1,0,0,68.975,0.20056,0.15,581,31.572,2.20271,0.393
965,141,9,9,24,0,1,0,0,37.236,0.20022,0.15,581,31.572,2.54731,0.393
966,7,0,0,3,0,1,0,0,-33.004,0.19989,0.15,581,31.572,4.68622,0.393
967,27,1,1,8,0,1,0,0,-13.983,0.19955,0.15,581,31.572,2.82039,0.393
968,141,2,2,13,0,1,0,0,9.421,0.19922,0.15,581,31.572,1.446,0.393
969,357,14,14,36,0,1,0,0,105.959,0.19889,0.15,581,31.572,1.4391,0.39329
970,179,10,10,24,0,1,0,0,46.177,0.19856,0.15,581,31.572,2.31918,0.39329
971,26,1,1,5,0,1,0,0,-17.322,0.19823,0.15,581,31.572,3.28291,0.39329
972,160,11,11,38,0,1,0,0,73.404,0.1979,0.15,581,31.572,2.00136,0.39329
973,55,3,3,11,0,1,0,0,-3.699,0.19757,0.15,581,31.572,2.45984,0.39329
974,377,16,16,40,0,1,0,0,122.237,0.19724,0.15,582,31.572,1.37539,0.39318
975,400,13,13,45,0,0,0,1,135.499,0.19691,0.15,582,31.572,1.88162,0.39347
976,31,1,1,4,0,1,0,0,-15.919,0.19658,0.15,582,31.572,1.46358,0.39347
977,71,4,4,15,0,1,0,0,8.96,0.19626,0.15,582,31.572,2.84963,0.39347
978,47,2,2,11,0,1,0,0,-8.059,0.19593,0.15,582,31.572,1.91288,0.39347
979,18,1,1,7,0,1,0,0,-17.323,0.1956,0.15,582,31.572,4.61359,0.39347
980,252,17,17,55,0,1,0,0,122.813,0.19528,0.15,582,31.572,2.11165,0.39347
981,121,3,3,12,0,1,0,0,8.785,0.19495,0.15,582,31.572,1.58753,0.39347
982,7,0,0,3,0,1,0,0,-27.546,0.19463,0.15,582,31.572,7.64697,0.39347
983,38,2,2,15,0,1,0,0,-5.451,0.1943,0.15,582,31.572,2.86293,0.39347
984,31,3,3,10,0,1,0,0,-10.341,0.19398,0.15,582,31.572,3.37843,0.39347
985,5,0,0,3,0,1,0,0,-33.402,0.19366,0.15,582,31.572,6.29105,0.39347
986,130,10,10,30,0,1,0,0,56.291,0.19333,0.15,582,31.572,2.02914,0.39347
987,5,0,0,3,0,1,0,0,-33.006,0.19301,0.15,582,31.572,1.07608,0.39347
988,234,14,14,49,0,1,0,0,102.451,0.19269,0.15,583,31.572,2.07296,0.39308
989,59,8,8,16,0,1,0,0,18.052,0.19237,0.15,583,31.572,3.11654,0.39308
990,35,2,2,11,0,1,0,0,-6.543,0.19205,0.15,583,31.572,3.07413,0.39308
991,5,0,0,4,0,1,0,0,-32.006,0.19173,0.15,583,31.572,1.347,0.39308
992,184,5,5,18,0,1,0,0,33.28,0.19141,0.15,583,31.572,2.09654,0.39308
993,400,11,11,33,0,0,0,1,130.164,0.19109,0.15,583,31.572,1.38464,0.39337
994,192,10,10,21,0,1,0,0,51.984,0.19077,0.15,583,31.572,2.51074,0.39423
995,37,0,0,2,0,1,0,0,-20.523,0.19046,0.15,583,31.572,2.4269,0.39423
996,13,0,0,2,0,1,0,0,-31.99,0.19014,0.15,583,31.572,2.82264,0.39423
997,13,0,0,5,0,1,0,0,-25.373,0.18982,0.15,583,31.572,7.73236,0.39423
998,305,19,19,43,0,1,0,0,127.88,0.18951,0.15,583,31.572,1.85585,0.39451
999,93,4,4,11,0,1,0,0,7.757,0.18919,0.15,583,31.572,1.77019,0.39451
1000,40,2,2,5,0,1,0,0,-11.747,0.18888,0.15,583,31.572,2.69021,0.39451
1001,108,3,3,13,0,1,0,0,9.668,0.18856,0.15,583,31.572,1.62772,0.39451
1002,166,9,9,23,0,1,0,0,41.995,0.18825,0.15,583,31.572,2.31535,0.39451
1003,95,1,1,9,0,1,0,0,-10.469,0.18793,0.15,583,31.572,2.38701,0.39451
1004,125,7,7,22,0,1,0,0,34.697,0.18762,0.15,585,31.572,1.94404,0.39373
1005,271,20,20,44,0,1,0,0,116.137,0.18731,0.15,585,31.572,1.88868,0.39373
1006,56,5,5,17,0,1,0,0,11.451,0.187,0.15,585,31.572,3.56199,0.39373
1007,13,0,0,6,0,1,0,0,-26.25,0.18668,0.15,585,31.572,3.24017,0.39373
1008,5,0,0,4,0,1,0,0,-32.408,0.18637,0.15,585,31.572,0.72026,0.39373
1009,400,18,18,48,0,0,0,1,177.444,0.18606,0.15,585,31.572,1.49741,0.39402
1010,78,3,3,26,0,1,0,0,15.992,0.18575,0.15,585,31.572,2.82254,0.39402
1011,20,1,1,7,0,1,0,0,-16.473,0.18544,0.15,585,31.572,5.71944,0.39402
1012,5,0,0,4,0,1,0,0,-32.806,0.18514,0.15,585,31.572,0.59596,0.39402
1013,400,27,27,56,0,0,0,1,208.259,0.18483,0.15,585,31.572,1.97521,0.3943
1014,45,2,2,8,0,1,0,0,-7.833,0.18452,0.15,585,31.572,2.54293,0.3943
1015,400,19,19,57,0,0,0,1,182.976,0.18421,0.15,585,31.572,2.24473,0.3943
1016,13,0,0,4,0,1,0,0,-22.053,0.18391,0.15,585,31.572,4.32212,0.3943
1017,28,4,4,6,0,1,0,0,-5.426,0.1836,0.15,585,31.572,4.22559,0.3943
1018,400,20,20,58,0,0,0,1,182.411,0.18329,0.15,585,31.572,1.93771,0.39459
1019,129,11,11,28,0,1,0,0,51.474,0.18299,0.15,585,31.572,2.30202,0.39459
1020,68,6,6,16,0,1,0,0,12.19,0.18268,0.15,585,31.572,3.42455,0.39487
1021,271,15,15,41,0,1,0,0,96.853,0.18238,0.15,585,31.572,2.52907,0.39544
1022,20,2,2,7,0,1,0,0,-13.512,0.18208,0.15,585,31.572,4.76012,0.39544
1023,44,6,6,13,0,1,0,0,7.039,0.18177,0.15,585,31.572,3.42055,0.39544
1024,13,0,0,2,0,1,0,0,-24.974,0.18147,0.15,585,31.572,6.63916,0.39544
1025,42,3,3,8,0,1,0,0,-2.796,0.18117,0.15,585,31.572,2.15763,0.39544
1026,25,2,2,11,0,1,0,0,-7.962,0.18087,0.15,585,31.572,3.23658,0.39544
1027,289,27,27,55,0,1,0,0,152.027,0.18056,0.15,585,31.572,2.59499,0.39544
1028,75,5,5,25,0,1,0,0,20.698,0.18026,0.15,585,31.572,3.12744,0.39544
1029,65,6,6,7,0,1,0,0,5.426,0.17996,0.15,585,31.572,2.63086,0.39544
1030,68,8,8,20,0,1,0,0,28.06,0.17966,0.15,585,31.572,3.05995,0.39573
1031,6,0,0,4,0,1,0,0,-32.754,0.17936,0.15,585,31.572,4.69685,0.39573
1032,5,0,0,2,0,1,0,0,-31.104,0.17907,0.15,585,31.572,5.26717,0.39573
1033,45,3,3,10,0,1,0,0,-10.435,0.17877,0.15,585,31.572,5.04967,0.39573
1034,186,16,16,42,0,1,0,0,94.857,0.17847,0.15,586,31.572,2.46371,0.39562
1035,70,6,6,19,0,1,0,0,17.276,0.17817,0.15,586,31.572,2.89,0.3959
1036,400,34,34,75,0,0,0,1,245.997,0.17788,0.15,586,31.572,2.38283,0.3959
1037,78,6,6,15,0,1,0,0,12.19,0.17758,0.15,586,31.572,3.3455,0.39619
1038,7,0,0,3,0,1,0,0,-30.95,0.17728,0.15,586,31.572,7.21542,0.39619
1039,16,0,0,4,0,1,0,0,-21.392,0.17699,0.15,586,31.572,3.7576,0.39619
1040,91,7,7,20,0,1,0,0,24.442,0.17669,0.15,586,31.572,2.6486,0.39647
1041,253,23,23,58,0,1,0,0,144.946,0.1764,0.15,587,31.572,2.58627,0.39665
1042,31,1,1,8,0,1,0,0,-14.847,0.17611,0.15,587,31.572,3.14431,0.39665
1043,6,0,0,3,0,1,0,0,-30.9,0.17581,0.15,587,31.572,4.17109,0.39665
1044,48,2,2,13,0,1,0,0,-4.465,0.17552,0.15,587,31.572,3.62103,0.39665
1045,105,9,9,27,0,1,0,0,39.503,0.17523,0.15,587,31.572,2.91087,0.39693
1046,84,10,10,21,0,1,0,0,40.178,0.17494,0.15,587,31.572,2.7765,0.39693
1047,332,25,25,60,0,1,0,0,159.295,0.17464,0.15,590,31.572,2.63268,0.39633
1048,67,6,6,17,0,1,0,0,16.396,0.17435,0.15,590,31.572,2.12239,0.39633
1049,182,14,14,31,0,1,0,0,78.103,0.17406,0.15,590,31.572,2.13822,0.39633
1050,27,4,4,11,0,1,0,0,-3.184,0.17377,0.15,590,31.572,4.65852,0.39633
1051,198,20,20,43,0,1,0,0,107.82,0.17348,0.15,590,31.572,2.25495,0.39633
1052,25,2,2,12,0,1,0,0,-11.442,0.1732,0.15,590,31.572,5.20413,0.39633
1053,53,6,6,18,0,1,0,0,14.135,0.17291,0.15,590,31.572,2.99055,0.39633
1054,31,2,2,9,0,1,0,0,-7.001,0.17262,0.15,590,31.572,3.31607,0.39633
1055,312,21,21,55,0,1,0,0,144.599,0.17233,0.15,590,31.572,2.10066,0.39689
1056,17,1,1,9,0,1,0,0,-15.706,0.17204,0.15,590,31.572,3.19403,0.39689
1057,101,7,7,14,0,1,0,0,21.08,0.17176,0.15,591,31.572,3.14393,0.39679
1058,36,3,3,15,0,1,0,0,-3.974,0.17147,0.15,591,31.572,3.10567,0.39679
1059,54,5,5,18,0,1,0,0,13.611,0.17119,0.15,591,31.572,2.3892,0.39679
1060,7,0,0,6,0,1,0,0,-22.048,0.1709,0.15,591,31.572,6.34483,0.39679
1061,212,16,16,64,0,1,0,0,109.17,0.17062,0.15,593,31.572,2.72827,0.39685
1062,272,14,14,46,0,1,0,0,104.861,0.17033,0.15,595,31.572,2.20247,0.39608
1063,73,5,5,18,0,1,0,0,10.944,0.17005,0.15,596,31.572,3.02922,0.39569
1064,139,14,14,40,0,1,0,0,75.499,0.16977,0.15,596,31.572,2.70705,0.39653
1065,81,8,8,19,0,1,0,0,22.786,0.16948,0.15,596,31.572,2.67175,0.39653
1066,166,17,17,39,0,1,0,0,87.098,0.1692,0.15,596,31.572,2.48249,0.39681
1067,19,1,1,8,0,1,0,0,-14.439,0.16892,0.15,596,31.572,3.75885,0.39681
1068,228,13,13,36,0,1,0,0,84.685,0.16864,0.15,596,31.572,1.70245,0.39709
1069,128,13,13,37,0,1,0,0,56.681,0.16836,0.15,596,31.572,3.14612,0.39737
1070,42,1,1,5,0,1,0,0,-18.929,0.16808,0.15,596,31.572,1.90016,0.39737
1071,43,2,2,8,0,1,0,0,-6.737,0.1678,0.15,596,31.572,3.4278,0.39737
1072,28,2,2,7,0,1,0,0,-10.861,0.16752,0.15,596,31.572,2.85564,0.39737
1073,37,2,2,9,0,1,0,0,-9.313,0.16724,0.15,596,31.572,3.00072,0.39737
1074,254,13,13,36,0,1,0,0,77.157,0.16696,0.15,596,31.572,1.66635,0.39765
1075,167,18,18,46,0,1,0,0,108.982,0.16668,0.15,596,31.572,2.4839,0.39765
1076,19,1,1,6,0,1,0,0,-17.439,0.1664,0.15,596,31.572,4.44869,0.39765
1077,5,0,0,3,0,1,0,0,-29.704,0.16613,0.15,596,31.572,4.32148,0.39765
1078,14,0,0,2,0,1,0,0,-23.671,0.16585,0.15,596,31.572,5.70386,0.39765
1079,59,3,3,5,0,1,0,0,-10.644,0.16557,0.15,596,31.572,1.95476,0.39765
1080,400,32,32,87,0,0,0,1,262.452,0.1653,0.15,596,31.572,2.47332,0.39793
1081,51,4,4,19,0,1,0,0,11.796,0.16502,0.15,596,31.572,3.27141,0.39793
1082,44,4,4,16,0,1,0,0,7.676,0.16475,0.15,596,31.572,3.18246,0.39793
1083,5,0,0,2,0,1,0,0,-26.012,0.16447,0.15,596,31.572,9.13751,0.39793
1084,137,12,12,34,0,1,0,0,51.832,0.1642,0.15,596,31.572,3.13839,0.39821
1085,334,23,23,62,0,1,0,0,153.803,0.16393,0.15,596,31.572,1.86792,0.39821
1086,28,5,5,9,0,1,0,0,-0.379,0.16365,0.15,596,31.572,2.90442,0.39821
1087,31,1,1,7,0,1,0,0,-17.94,0.16338,0.15,596,31.572,3.55573,0.39821
1088,30,2,2,6,0,1,0,0,-13.61,0.16311,0.15,596,31.572,3.35502,0.39821
1089,29,2,2,7,0,1,0,0,-12.171,0.16284,0.15,596,31.572,1.90079,0.39821
1090,81,9,9,21,0,1,0,0,33.937,0.16257,0.15,596,31.572,2.85938,0.39821
1091,400,24,24,62,0,0,0,1,197.291,0.1623,0.15,597,31.572,2.11269,0.39838
1092,55,1,1,10,0,1,0,0,-10.67,0.16203,0.15,597,31.572,3.84598,0.39866
1093,372,23,23,82,0,1,0,0,176.393,0.16176,0.15,597,31.572,2.38868,0.39894
1094,209,20,20,54,0,1,0,0,123.628,0.16149,0.15,597,31.572,2.62642,0.39922
1095,183,12,12,38,0,1,0,0,74.95,0.16122,0.15,598,31.572,2.23805,0.39883
1096,41,2,2,13,0,1,0,0,-8.941,0.16095,0.15,598,31.572,3.42886,0.39911
1097,76,7,7,19,0,1,0,0,26.989,0.16068,0.15,598,31.572,2.58368,0.39911
1098,329,37,37,81,0,1,0,0,230.917,0.16041,0.15,598,31.572,2.75918,0.39939
1099,38,4,4,14,0,1,0,0,1.426,0.16015,0.15,598,31.572,3.16508,0.39939
1100,19,2,2,8,0,1,0,0,-13.534,0.15988,0.15,598,31.572,5.49226,0.39939
1101,400,36,36,81,0,0,0,1,257.382,0.15961,0.15,598,31.572,2.50347,0.39994
1102,160,12,12,45,0,1,0,0,75.502,0.15935,0.15,598,31.572,2.69907,0.39994
1103,120,13,13,30,0,1,0,0,57.862,0.15908,0.15,598,31.572,2.97496,0.40022
1104,205,20,20,49,0,1,0,0,116.615,0.15882,0.15,599,31.572,2.37768,0.39983
1105,87,5,5,23,0,1,0,0,22.861,0.15855,0.15,599,31.572,2.80362,0.39983
1106,26,3,3,9,0,1,0,0,-6.99,0.15829,0.15,599,31.572,4.81101,0.39983
1107,68,5,5,16,0,1,0,0,14.626,0.15803,0.15,601,31.572,3.16951,0.39933
1108,47,4,4,13,0,1,0,0,2.064,0.15776,0.15,601,31.572,3.65541,0.39989
1109,106,5,5,15,0,1,0,0,17.402,0.1575,0.15,601,31.572,1.69329,0.39989
1110,186,18,18,57,0,1,0,0,104.819,0.15724,0.15,602,31.572,3.13344,0.40006
1111,37,4,4,15,0,1,0,0,1.865,0.15698,0.15,602,31.572,3.71747,0.40006
1112,57,4,4,22,0,1,0,0,10.584,0.15671,0.15,602,31.572,3.3812,0.40006
1113,199,11,11,45,0,1,0,0,79.572,0.15645,0.15,602,31.572,1.96412,0.40006
1114,24,1,1,10,0,1,0,0,-15.069,0.15619,0.15,602,31.572,5.4613,0.40006
1115,57,5,5,17,0,1,0,0,11.023,0.15593,0.15,602,31.572,4.04373,0.40006
1116,361,32,32,89,0,1,0,0,223.539,0.15567,0.15,602,31.572,2.66475,0.40006
1117,166,17,17,53,0,1,0,0,105.177,0.15541,0.15,602,31.572,2.07104,0.40006
1118,239,22,22,51,0,1,0,0,130.221,0.15515,0.15,602,31.572,2.60388,0.40033
1119,145,16,16,42,0,1,0,0,86.114,0.1549,0.15,602,31.572,2.7359,0.40033
1120,147,7,7,22,0,1,0,0,27.506,0.15464,0.15,602,31.572,2.63787,0.40033
1121,249,6,6,26,0,1,0,0,38.775,0.15438,0.15,602,31.572,1.80914,0.40061
1122,400,25,25,72,0,0,0,1,222.257,0.15412,0.15,603,31.572,1.84181,0.4005
1123,14,0,0,5,0,1,0,0,-26.4,0.15387,0.15,603,31.572,10.35757,0.4005
1124,117,9,9,19,0,1,0,0,26.953,0.15361,0.15,603,31.572,2.96879,0.40077
1125,52,2,2,12,0,1,0,0,-2.75,0.15335,0.15,603,31.572,2.16375,0.40077
1126,44,3,3,11,0,1,0,0,-4.559,0.1531,0.15,603,31.572,3.8366,0.40077
1127,230,20,20,50,0,1,0,0,114.286,0.15284,0.15,604,31.572,2.45958,0.40039
1128,184,13,13,33,0,1,0,0,78.36,0.15259,0.15,604,31.572,2.33885,0.40066
1129,17,1,1,4,0,1,0,0,-19.587,0.15234,0.15,604,31.572,3.51459,0.40066
1130,54,5,5,15,0,1,0,0,11.477,0.15208,0.15,604,31.572,2.60395,0.40066
1131,356,27,27,61,0,1,0,0,178.834,0.15183,0.15,604,31.572,2.33999,0.40066
1132,64,1,1,11,0,1,0,0,-8.289,0.15158,0.15,604,31.572,2.1728,0.40066
1133,380,22,22,56,0,1,0,0,162.662,0.15132,0.15,604,31.572,2.24121,0.40066
1134,7,0,0,4,0,1,0,0,-32.004,0.15107,0.15,604,31.572,5.09721,0.40066
1135,182,7,7,26,0,1,0,0,48.144,0.15082,0.15,604,31.572,2.30142,0.40094
1136,400,22,22,57,0,0,0,1,185.864,0.15057,0.15,604,31.572,2.12907,0.40094
1137,26,2,2,5,0,1,0,0,-15.011,0.15032,0.15,604,31.572,3.43332,0.40121
1138,153,15,15,32,0,1,0,0,75.353,0.15007,0.15,604,31.572,2.52928,0.40121
1139,17,2,2,7,0,1,0,0,-14.377,0.14982,0.15,604,31.572,3.89922,0.40121
1140,43,5,5,18,0,1,0,0,5.352,0.14957,0.15,604,31.572,4.20491,0.40121
1141,24,3,3,9,0,1,0,0,-10.467,0.14932,0.15,604,31.572,5.14624,0.40121
1142,191,17,17,39,0,1,0,0,96.988,0.14907,0.15,604,31.572,2.66903,0.40121
1143,400,22,22,54,0,0,0,1,191.836,0.14882,0.15,605,31.572,2.40702,0.40138
1144,58,3,3,10,0,1,0,0,0.31,0.14857,0.15,605,31.572,2.93501,0.40138
1145,102,7,7,20,0,1,0,0,31.504,0.14833,0.15,605,31.572,2.39058,0.40138
1146,400,22,22,60,0,0,0,1,198.408,0.14808,0.15,605,31.572,1.97647,0.40165
1147,144,11,11,32,0,1,0,0,58.955,0.14783,0.15,605,31.572,2.11001,0.40165
1148,141,11,11,25,0,1,0,0,57.722,0.14759,0.15,605,31.572,2.09243,0.40165
1149,5,0,0,4,0,1,0,0,-32.408,0.14734,0.15,605,31.572,0.49391,0.40165
1150,221,10,10,25,0,1,0,0,57.999,0.1471,0.15,605,31.572,1.62103,0.40165
1151,400,20,20,49,0,0,0,1,168.76,0.14685,0.15,605,31.572,1.98387,0.40193
1152,85,4,4,11,0,1,0,0,6.416,0.14661,0.15,605,31.572,3.25659,0.40193
1153,36,2,2,9,0,1,0,0,-7.285,0.14636,0.15,605,31.572,2.76411,0.40193
1154,186,13,13,32,0,1,0,0,62.696,0.14612,0.15,605,31.572,2.08336,0.40193
1155,5,0,0,3,0,1,0,0,-32.606,0.14588,0.15,605,31.572,1.8369,0.40193
1156,155,7,7,33,0,1,0,0,40.078,0.14563,0.15,605,31.572,1.96744,0.4022
1157,38,1,1,12,0,1,0,0,-12.174,0.14539,0.15,605,31.572,3.07394,0.4022
1158,400,14,14,32,0,0,0,1,150.916,0.14515,0.15,605,31.572,1.01678,0.4022
1159,98,6,6,16,0,1,0,0,24.719,0.14491,0.15,605,31.572,1.85842,0.4022
1160,203,8,8,22,0,1,0,0,51.508,0.14467,0.15,605,31.572,1.7432,0.4022
1161,129,10,10,33,0,1,0,0,55.954,0.14442,0.15,605,31.572,2.4893,0.4022
1162,109,6,6,28,0,1,0,0,34.073,0.14418,0.15,605,31.572,2.24955,0.4022
1163,13,0,0,4,0,1,0,0,-22.917,0.14394,0.15,605,31.572,5.71624,0.4022
1164,211,16,16,36,0,1,0,0,87.475,0.1437,0.15,605,31.572,2.2992,0.4022
1165,19,1,1,7,0,1,0,0,-21.351,0.14346,0.15,605,31.572,3.40983,0.4022
1166,21,0,0,5,0,1,0,0,-20.799,0.14323,0.15,605,31.572,4.22547,0.4022
1167,400,17,17,44,0,0,0,1,159.55,0.14299,0.15,605,31.572,2.05329,0.4022
1168,26,1,1,5,0,1,0,0,-17.667,0.14275,0.15,605,31.572,4.53209,0.4022
1169,27,3,3,8,0,1,0,0,-8.581,0.14251,0.15,605,31.572,2.90809,0.4022
1170,18,2,2,8,0,1,0,0,-15.365,0.14227,0.15,605,31.572,5.95887,0.4022
1171,81,7,7,16,0,1,0,0,20.394,0.14204,0.15,605,31.572,2.26851,0.4022
1172,242,16,16,49,0,1,0,0,102.055,0.1418,0.15,605,31.572,2.49719,0.40248
1173,20,0,0,6,0,1,0,0,-21.39,0.14156,0.15,605,31.572,4.57486,0.40248
1174,277,16,16,37,0,1,0,0,101.555,0.14133,0.15,605,31.572,1.97951,0.40248
1175,70,5,5,8,0,1,0,0,7.595,0.14109,0.15,605,31.572,1.89639,0.40248
1176,400,26,26,52,0,0,0,1,205.707,0.14086,0.15,605,31.572,1.56037,0.40248
1177,319,26,26,51,0,1,0,0,157.209,0.14062,0.15,605,31.572,2.02861,0.40275
1178,322,11,11,35,0,1,0,0,90.138,0.14039,0.15,605,31.572,1.59152,0.40275
1179,216,17,17,37,0,1,0,0,94.99,0.14016,0.15,605,31.572,2.63249,0.40303
1180,270,15,15,41,0,1,0,0,110.394,0.13992,0.15,605,31.572,1.9042,0.40303
1181,5,0,0,2,0,1,0,0,-27.306,0.13969,0.15,605,31.572,7.48999,0.40303
1182,119,12,12,39,0,1,0,0,63.855,0.13946,0.15,605,31.572,2.82005,0.40331
1183,30,5,5,12,0,1,0,0,2.127,0.13922,0.15,605,31.572,4.25331,0.40331
1184,207,4,4,25,0,1,0,0,43.897,0.13899,0.15,605,31.572,1.67441,0.40358
1185,50,2,2,9,0,1,0,0,-7.582,0.13876,0.15,605,31.572,3.16323,0.40358
1186,265,18,18,48,0,1,0,0,119.395,0.13853,0.15,605,31.572,2.17342,0.40386
1187,42,3,3,8,0,1,0,0,-5.779,0.1383,0.15,605,31.572,2.40639,0.40386
1188,61,4,4,17,0,1,0,0,8.575,0.13807,0.15,605,31.572,2.77275,0.40386
1189,400,19,19,53,0,0,0,1,180.48,0.13784,0.15,605,31.572,1.50175,0.40413
1190,47,6,6,13,0,1,0,0,9.79,0.13761,0.15,605,31.572,2.93351,0.40413
1191,110,8,8,18,0,1,0,0,29.3,0.13738,0.15,605,31.572,1.76733,0.40441
1192,24,1,1,4,0,1,0,0,-20.35,0.13715,0.15,605,31.572,3.99427,0.40441
1193,79,9,9,18,0,1,0,0,18.11,0.13692,0.15,605,31.572,3.27714,0.40441
1194,12,0,0,2,0,1,0,0,-31.988,0.1367,0.15,605,31.572,2.90938,0.40441
1195,255,21,21,56,0,1,0,0,140.238,0.13647,0.15,605,31.572,2.05238,0.40441
1196,244,15,15,50,0,1,0,0,113.445,0.13624,0.15,605,31.572,2.03449,0.40441
1197,33,4,4,9,0,1,0,0,-1.209,0.13601,0.15,605,31.572,2.46402,0.40441
1198,173,12,12,28,0,1,0,0,67.668,0.13579,0.15,605,31.572,2.28463,0.40441
1199,117,14,14,24,0,1,0,0,66.953,0.13556,0.15,605,31.572,2.29138,0.40441
1200,400,11,11,29,0,0,0,1,123.183,0.13534,0.15,605,31.572,1.8552,0.40441
1201,16,2,2,2,0,1,0,0,-19.613,0.13511,0.15,605,31.572,5.29171,0.40441
1202,235,29,29,50,0,1,0,0,156.176,0.13488,0.15,605,31.572,2.92306,0.40441
1203,399,22,22,55,0,1,0,0,165.101,0.13466,0.15,605,31.572,2.1637,0.40441
1204,49,3,3,11,0,1,0,0,-3.796,0.13444,0.15,605,31.572,3.71225,0.40441
1205,15,1,1,6,0,1,0,0,-17.574,0.13421,0.15,605,31.572,3.7116,0.40441
1206,34,2,2,12,0,1,0,0,-4.396,0.13399,0.15,605,31.572,2.8669,0.40441
1207,54,5,5,22,0,1,0,0,16.015,0.13377,0.15,605,31.572,3.58307,0.40441
1208,65,2,2,18,0,1,0,0,3.133,0.13354,0.15,605,31.572,3.08523,0.40441
1209,178,12,12,35,0,1,0,0,74.2,0.13332,0.15,605,31.572,2.5251,0.40496
1210,400,28,28,66,0,0,0,1,232.037,0.1331,0.15,605,31.572,1.83329,0.40496
1211,32,3,3,12,0,1,0,0,-4.67,0.13288,0.15,605,31.572,4.14522,0.40496
1212,400,24,24,66,0,0,0,1,214.114,0.13266,0.15,605,31.572,1.75967,0.40496
1213,400,29,29,69,0,0,0,1,233.504,0.13243,0.15,605,31.572,1.93442,0.40523
1214,205,9,9,30,0,1,0,0,64.272,0.13221,0.15,605,31.572,1.72313,0.40523
1215,7,0,0,3,0,1,0,0,-28.9,0.13199,0.15,605,31.572,7.35573,0.40523
1216,33,2,2,8,0,1,0,0,-15.267,0.13177,0.15,605,31.572,4.17695,0.40523
1217,18,1,1,6,0,1,0,0,-19.366,0.13155,0.15,605,31.572,3.88814,0.40523
1218,93,7,7,17,0,1,0,0,23.412,0.13134,0.15,605,31.572,2.49115,0.40523
1219,17,1,1,7,0,1,0,0,-17.379,0.13112,0.15,605,31.572,4.07918,0.40523
1220,400,19,19,50,0,0,0,1,177.439,0.1309,0.15,605,31.572,1.41667,0.40579
1221,5,0,0,4,0,1,0,0,-32.806,0.13068,0.15,605,31.572,2.12992,0.40579
1222,12,0,0,8,0,1,0,0,-21.896,0.13046,0.15,605,31.572,5.92609,0.40579
1223,19,2,2,7,0,1,0,0,-15.915,0.13025,0.15,605,31.572,4.13919,0.40579
1224,9,0,0,5,0,1,0,0,-23.302,0.13003,0.15,605,31.572,4.41812,0.40579
1225,20,0,0,6,0,1,0,0,-19.474,0.12981,0.15,605,31.572,6.91776,0.40579
1226,17,1,1,6,0,1,0,0,-17.577,0.1296,0.15,605,31.572,4.75884,0.40579
1227,256,11,11,35,0,1,0,0,79.589,0.12938,0.15,606,31.572,1.79704,0.40539
1228,356,23,23,63,0,1,0,0,167.316,0.12916,0.15,606,31.572,1.91868,0.40539
1229,400,19,19,51,0,0,0,1,176.026,0.12895,0.15,606,31.572,1.44928,0.40539
1230,400,32,32,72,0,0,0,1,244.702,0.12873,0.15,606,31.572,2.3066,0.40539
1231,213,23,23,52,0,1,0,0,136.43,0.12852,0.15,606,31.572,2.38819,0.40539
1232,68,11,11,25,0,1,0,0,45.33,0.12831,0.15,606,31.572,3.32588,0.40539
1233,72,5,5,18,0,1,0,0,17.843,0.12809,0.15,606,31.572,2.4856,0.40539
1234,123,15,15,37,0,1,0,0,77.966,0.12788,0.15,606,31.572,2.71374,0.40539
1235,398,35,35,91,0,1,0,0,248.321,0.12767,0.15,606,31.572,2.13067,0.40567
1236,400,29,29,72,0,0,0,1,231.054,0.12745,0.15,606,31.572,2.04756,0.40567
1237,136,11,11,27,0,1,0,0,57.56,0.12724,0.15,606,31.572,2.53694,0.40567
1238,67,9,9,18,0,1,0,0,30.651,0.12703,0.15,606,31.572,3.11751,0.40567
1239,312,27,27,69,0,1,0,0,187.449,0.12682,0.15,606,31.572,2.19407,0.40567
1240,64,8,8,25,0,1,0,0,31.109,0.12661,0.15,606,31.572,2.80692,0.40567
1241,253,22,22,49,0,1,0,0,135.482,0.1264,0.15,606,31.572,2.54592,0.40567
1242,283,19,19,48,0,1,0,0,134.306,0.12619,0.15,606,31.572,2.03546,0.40567
1243,331,22,22,62,0,1,0,0,159.525,0.12598,0.15,606,31.572,1.70379,0.40567
1244,189,14,14,34,0,1,0,0,82.521,0.12577,0.15,606,31.572,2.63971,0.40567
1245,24,1,1,4,0,1,0,0,-16.985,0.12556,0.15,606,31.572,4.31118,0.40567
1246,59,4,4,11,0,1,0,0,1.442,0.12535,0.15,606,31.572,2.62621,0.40567
1247,400,39,39,83,0,0,0,1,290.613,0.12514,0.15,606,31.572,2.44078,0.40567
1248,187,15,15,36,0,1,0,0,85.652,0.12493,0.15,606,31.572,2.80214,0.40594
1249,73,7,7,16,0,1,0,0,20.58,0.12472,0.15,606,31.572,2.73658,0.40594
1250,133,13,13,43,0,1,0,0,74.945,0.12451,0.15,606,31.572,2.73725,0.40594
1251,90,9,9,20,0,1,0,0,32.27,0.12431,0.15,606,31.572,2.62664,0.40622
1252,25,1,1,3,0,1,0,0,-17.704,0.1241,0.15,606,31.572,4.46399,0.40622
1253,46,2,2,9,0,1,0,0,-14.515,0.12389,0.15,606,31.572,3.08268,0.40622
1254,179,8,8,21,0,1,0,0,33.786,0.12369,0.15,606,31.572,2.53316,0.40649
1255,139,8,8,27,0,1,0,0,37.204,0.12348,0.15,606,31.572,2.2325,0.40649
1256,102,4,4,17,0,1,0,0,19.068,0.12328,0.15,606,31.572,1.94747,0.40649
1257,200,7,7,25,0,1,0,0,31.08,0.12307,0.15,606,31.572,1.94417,0.40649
1258,400,11,11,36,0,0,0,1,124.053,0.12287,0.15,606,31.572,1.64698,0.40704
1259,152,4,4,16,0,1,0,0,21.323,0.12266,0.15,606,31.572,2.10324,0.40704
1260,26,2,2,10,0,1,0,0,-12.189,0.12246,0.15,606,31.572,3.53215,0.40704
1261,55,5,5,10,0,1,0,0,4.658,0.12225,0.15,606,31.572,2.6511,0.40704
1262,208,21,21,46,0,1,0,0,115.619,0.12205,0.15,606,31.572,2.49102,0.40704
1263,272,20,20,45,0,1,0,0,121.627,0.12185,0.15,606,31.572,2.38165,0.40732
1264,46,1,1,8,0,1,0,0,-10.515,0.12164,0.15,606,31.572,2.51183,0.40732
1265,33,2,2,10,0,1,0,0,-8.132,0.12144,0.15,606,31.572,2.37388,0.40732
1266,177,18,18,35,0,1,0,0,96.075,0.12124,0.15,606,31.572,2.36364,0.40732
1267,21,1,1,8,0,1,0,0,-15.86,0.12104,0.15,606,31.572,1.97351,0.40732
1268,54,3,3,14,0,1,0,0,3.998,0.12083,0.15,606,31.572,2.86794,0.40732
1269,197,12,12,27,0,1,0,0,62.478,0.12063,0.15,606,31.572,2.15184,0.40732
1270,400,23,23,62,0,0,0,1,183.019,0.12043,0.15,606,31.572,1.65321,0.40732
1271,37,0,0,5,0,1,0,0,-21.815,0.12023,0.15,606,31.572,2.5231,0.40732
1272,15,0,0,2,0,1,0,0,-29.084,0.12003,0.15,606,31.572,3.18214,0.40732
1273,36,3,3,13,0,1,0,0,-4.322,0.11983,0.15,606,31.572,3.54523,0.40732
1274,400,12,12,29,0,0,0,1,133.998,0.11963,0.15,606,31.572,1.36863,0.40732
1275,280,14,14,44,0,1,0,0,106.974,0.11943,0.15,606,31.572,1.88292,0.40759
1276,220,9,9,25,0,1,0,0,63.299,0.11923,0.15,606,31.572,1.62716,0.40759
1277,34,3,3,11,0,1,0,0,-5.362,0.11904,0.15,606,31.572,2.47425,0.40759
1278,336,16,16,36,0,1,0,0,121.048,0.11884,0.15,606,31.572,1.32701,0.40759
1279,8,0,0,2,0,1,0,0,-27.106,0.11864,0.15,606,31.572,6.48263,0.40759
1280,23,1,1,5,0,1,0,0,-18.389,0.11844,0.15,606,31.572,3.00244,0.40759
1281,197,13,13,32,0,1,0,0,77.418,0.11824,0.15,606,31.572,2.44438,0.40759
1282,400,21,21,53,0,0,0,1,198.07,0.11805,0.15,606,31.572,1.69924,0.40759
1283,5,0,0,4,0,1,0,0,-32.806,0.11785,0.15,606,31.572,2.43204,0.40759
1284,5,0,0,4,0,1,0,0,-32.406,0.11765,0.15,606,31.572,1.85449,0.40759
1285,346,25,25,83,0,1,0,0,185.562,0.11746,0.15,606,31.572,2.39554,0.40814
1286,82,6,6,25,0,1,0,0,24.43,0.11726,0.15,606,31.572,2.67953,0.40814
1287,400,34,34,81,0,0,0,1,267.796,0.11707,0.15,606,31.572,1.98177,0.40842
1288,216,16,16,43,0,1,0,0,98.089,0.11687,0.15,606,31.572,2.01425,0.40842
1289,38,2,2,6,0,1,0,0,-13.384,0.11668,0.15,606,31.572,3.43612,0.40842
1290,400,26,26,73,0,0,0,1,223.489,0.11648,0.15,606,31.572,2.06814,0.40842
1291,5,0,0,2,0,1,0,0,-30.704,0.11629,0.15,606,31.572,3.8995,0.40842
1292,5,0,0,2,0,1,0,0,-31.008,0.1161,0.15,606,31.572,9.2767,0.40842
1293,41,3,3,9,0,1,0,0,-2.198,0.1159,0.15,606,31.572,2.69247,0.40842
1294,19,1,1,7,0,1,0,0,-23.152,0.11571,0.15,606,31.572,6.06025,0.40842
1295,274,23,23,56,0,1,0,0,138.893,0.11552,0.15,606,31.572,2.62735,0.40869
1296,179,21,21,50,0,1,0,0,119.157,0.11533,0.15,606,31.572,2.52812,0.40869
1297,95,10,10,30,0,1,0,0,42.938,0.11513,0.15,606,31.572,3.01499,0.40869
1298,334,22,22,64,0,1,0,0,156.203,0.11494,0.15,607,31.572,2.13212,0.40829
1299,149,13,13,33,0,1,0,0,74.482,0.11475,0.15,607,31.572,2.41138,0.40829
1300,182,14,14,44,0,1,0,0,88.13,0.11456,0.15,607,31.572,2.53111,0.40829
1301,90,6,6,20,0,1,0,0,27.25,0.11437,0.15,607,31.572,2.88138,0.40829
1302,39,3,3,10,0,1,0,0,-1.469,0.11418,0.15,607,31.572,3.24391,0.40829
1303,16,1,1,3,0,1,0,0,-20.964,0.11399,0.15,607,31.572,3.43624,0.40829
1304,364,29,29,72,0,1,0,0,204.627,0.1138,0.15,607,31.572,2.26383,0.40829
1305,164,13,13,35,0,1,0,0,72.189,0.11361,0.15,607,31.572,2.39843,0.40829
1306,295,24,24,64,0,1,0,0,153.32,0.11342,0.15,607,31.572,1.86758,0.40884
1307,29,2,2,9,0,1,0,0,-7.657,0.11323,0.15,607,31.572,3.06843,0.40884
1308,217,20,20,60,0,1,0,0,119.574,0.11304,0.15,607,31.572,2.5973,0.40884
1309,55,6,6,20,0,1,0,0,12.601,0.11285,0.15,607,31.572,4.35056,0.40884
1310,14,0,0,4,0,1,0,0,-25.763,0.11267,0.15,607,31.572,5.61726,0.40884
1311,270,28,28,60,0,1,0,0,170.719,0.11248,0.15,607,31.572,2.36956,0.40884
1312,69,6,6,18,0,1,0,0,20.338,0.11229,0.15,607,31.572,2.36617,0.40884
1313,82,10,10,23,0,1,0,0,36.891,0.1121,0.15,607,31.572,3.44568,0.40884
1314,20,2,2,9,0,1,0,0,-13.663,0.11192,0.15,607,31.572,5.83972,0.40884
1315,63,8,8,15,0,1,0,0,20.469,0.11173,0.15,607,31.572,2.90872,0.40912
1316,400,28,28,74,0,0,0,1,242.24,0.11154,0.15,607,31.572,2.03648,0.40912
1317,20,0,0,8,0,1,0,0,-19.371,0.11136,0.15,607,31.572,6.79483,0.40912
1318,322,30,30,80,0,1,0,0,207.225,0.11117,0.15,608,31.572,2.155,0.40899
1319,355,36,36,83,0,1,0,0,229.428,0.11099,0.15,608,31.572,2.30137,0.40899
1320,56,4,4,20,0,1,0,0,4.331,0.1108,0.15,608,31.572,3.35892,0.40899
1321,378,28,28,63,0,1,0,0,184.567,0.11062,0.15,608,31.572,1.83133,0.40899
1322,106,7,7,28,0,1,0,0,34.814,0.11043,0.15,608,31.572,2.26372,0.40899
1323,49,4,4,12,0,1,0,0,0.408,0.11025,0.15,608,31.572,3.06809,0.40899
1324,170,15,15,44,0,1,0,0,95.185,0.11007,0.15,608,31.572,2.13071,0.40899
1325,95,8,8,21,0,1,0,0,31.554,0.10988,0.15,608,31.572,1.94179,0.40899
1326,70,9,9,14,0,1,0,0,25.461,0.1097,0.15,608,31.572,2.73357,0.40899
1327,16,0,0,7,0,1,0,0,-27.088,0.10952,0.15,608,31.572,5.55989,0.40899
1328,400,37,37,94,0,0,0,1,282.79,0.10934,0.15,608,31.572,2.07383,0.40927
1329,169,14,14,37,0,1,0,0,75.424,0.10915,0.15,608,31.572,2.34953,0.40927
1330,31,2,2,11,0,1,0,0,-5.844,0.10897,0.15,608,31.572,2.31622,0.40927
1331,109,11,11,31,0,1,0,0,54.618,0.10879,0.15,608,31.572,2.85379,0.40927
1332,34,3,3,11,0,1,0,0,-4.856,0.10861,0.15,608,31.572,3.67423,0.40927
1333,13,0,0,4,0,1,0,0,-25.973,0.10843,0.15,608,31.572,8.27059,0.40927
1334,195,18,18,47,0,1,0,0,113.698,0.10825,0.15,608,31.572,2.45796,0.40927
1335,111,13,13,26,0,1,0,0,51.728,0.10807,0.15,608,31.572,2.63039,0.40927
1336,13,0,0,5,0,1,0,0,-25.373,0.10789,0.15,608,31.572,7.67877,0.40927
1337,228,17,17,43,0,1,0,0,100.201,0.10771,0.15,608,31.572,2.37851,0.40927
1338,279,30,30,64,0,1,0,0,177.739,0.10753,0.15,608,31.572,2.40178,0.40927
1339,169,16,16,48,0,1,0,0,99.664,0.10735,0.15,608,31.572,2.49517,0.40927
1340,13,0,0,4,0,1,0,0,-30.798,0.10717,0.15,608,31.572,3.48102,0.40927
1341,276,19,19,50,0,1,0,0,132.348,0.10699,0.15,608,31.572,1.68315,0.40927
1342,253,21,21,61,0,1,0,0,139.443,0.10681,0.15,608,31.572,2.30953,0.40927
1343,5,0,0,3,0,1,0,0,-33.006,0.10664,0.15,608,31.572,2.19961,0.40927
1344,400,38,38,80,0,0,0,1,276.855,0.10646,0.15,608,31.572,2.08841,0.40927
1345,63,7,7,22,0,1,0,0,26.126,0.10628,0.15,608,31.572,3.31967,0.40927
1346,400,30,30,87,0,0,0,1,238.608,0.1061,0.15,608,31.572,2.02558,0.40927
1347,42,5,5,12,0,1,0,0,3.858,0.10593,0.15,608,31.572,2.67282,0.40927
1348,15,1,1,5,0,1,0,0,-18.18,0.10575,0.15,608,31.572,3.51783,0.40927
1349,367,38,38,103,0,1,0,0,254.236,0.10558,0.15,608,31.572,2.23883,0.40927
1350,37,6,6,13,0,1,0,0,6.343,0.1054,0.15,608,31.572,4.29122,0.40927
1351,193,15,15,54,0,1,0,0,107.648,0.10522,0.15,608,31.572,2.4827,0.40927
1352,292,32,32,65,0,1,0,0,189.323,0.10505,0.15,608,31.572,2.43527,0.40954
1353,133,12,12,34,0,1,0,0,64.299,0.10487,0.15,608,31.572,2.79424,0.40954
1354,57,6,6,20,0,1,0,0,13.391,0.1047,0.15,608,31.572,3.40057,0.40954
1355,278,25,25,64,0,1,0,0,163.062,0.10452,0.15,608,31.572,2.23264,0.40954
1356,121,11,11,31,0,1,0,0,62.459,0.10435,0.15,608,31.572,2.73442,0.40954
1357,400,23,23,58,0,0,0,1,203.384,0.10418,0.15,608,31.572,1.951,0.40981
1358,23,1,1,3,0,1,0,0,-23.213,0.104,0.15,608,31.572,3.4921,0.40981
1359,400,36,36,89,0,0,0,1,277.918,0.10383,0.15,608,31.572,2.24204,0.41009
1360,20,1,1,7,0,1,0,0,-16.185,0.10366,0.15,608,31.572,3.06556,0.41009
1361,140,9,9,31,0,1,0,0,45.906,0.10348,0.15,608,31.572,1.88838,0.41009
1362,44,5,5,19,0,1,0,0,5.669,0.10331,0.15,608,31.572,3.24123,0.41009
1363,191,15,15,28,0,1,0,0,74.262,0.10314,0.15,608,31.572,1.95587,0.41009
1364,400,41,41,107,0,0,0,1,317.6,0.10297,0.15,608,31.572,2.11715,0.41009
1365,345,34,34,83,0,1,0,0,221.111,0.1028,0.15,608,31.572,2.19721,0.41009
1366,11,0,0,2,0,1,0,0,-33.694,0.10263,0.15,608,31.572,3.41822,0.41009
1367,71,3,3,15,0,1,0,0,-1.159,0.10245,0.15,608,31.572,3.16426,0.41009
1368,400,36,36,92,0,0,0,1,293.335,0.10228,0.15,608,31.572,2.22051,0.41009
1369,400,37,37,82,0,0,0,1,278.018,0.10211,0.15,608,31.572,2.05547,0.41009
1370,390,30,30,79,0,1,0,0,213.749,0.10194,0.15,608,31.572,2.18681,0.41009
1371,257,28,28,62,0,1,0,0,174.176,0.10177,0.15,608,31.572,2.32023,0.41009
1372,33,4,4,10,0,1,0,0,-3.014,0.1016,0.15,608,31.572,3.59617,0.41009
1373,47,2,2,8,0,1,0,0,-9.425,0.10144,0.15,608,31.572,3.00862,0.41009
1374,13,0,0,5,0,1,0,0,-24.973,0.10127,0.15,608,31.572,8.62573,0.41009
1375,13,0,0,4,0,1,0,0,-24.173,0.1011,0.15,608,31.572,6.73223,0.41009
1376,41,4,4,15,0,1,0,0,0.132,0.10093,0.15,608,31.572,3.65602,0.41009
1377,13,1,1,3,0,1,0,0,-23.017,0.10076,0.15,608,31.572,5.69701,0.41009
1378,100,9,9,21,0,1,0,0,38.912,0.10059,0.15,608,31.572,2.35904,0.41009
1379,5,0,0,3,0,1,0,0,-30.504,0.10043,0.15,608,31.572,4.03435,0.41009
1380,82,7,7,31,0,1,0,0,31.592,0.10026,0.15,608,31.572,2.96965,0.41009
1381,400,31,31,72,0,0,0,1,254.931,0.10009,0.15,608,31.572,1.8911,0.41009
1382,400,12,12,49,0,0,0,1,149.591,0.09993,0.15,608,31.572,1.53637,0.41009
1383,136,3,3,14,0,1,0,0,16.143,0.09976,0.15,608,31.572,1.4725,0.41009
1384,136,11,11,23,0,1,0,0,46.863,0.09959,0.15,608,31.572,2.32221,0.41009
1385,400,15,15,37,0,0,0,1,152.103,0.09943,0.15,609,31.572,1.89101,0.40969
1386,65,3,3,11,0,1,0,0,-4.852,0.09926,0.15,609,31.572,3.16781,0.40969
1387,139,6,6,16,0,1,0,0,21.086,0.0991,0.15,609,31.572,2.14778,0.40996
1388,13,1,1,5,0,1,0,0,-20.251,0.09893,0.15,609,31.572,6.95057,0.40996
1389,49,4,4,9,0,1,0,0,-1.32,0.09877,0.15,609,31.572,2.98632,0.40996
1390,44,3,3,5,0,1,0,0,-7.703,0.0986,0.15,609,31.572,2.91482,0.40996
1391,15,0,0,4,0,1,0,0,-32.286,0.09844,0.15,609,31.572,2.2531,0.40996
1392,14,0,0,3,0,1,0,0,-27.871,0.09827,0.15,609,31.572,4.83512,0.40996
1393,400,29,29,61,0,0,0,1,228.535,0.09811,0.15,609,31.572,1.74395,0.40996
1394,56,3,3,16,0,1,0,0,7.102,0.09795,0.15,609,31.572,2.40317,0.40996
1395,154,17,17,35,0,1,0,0,87.77,0.09778,0.15,609,31.572,2.33038,0.40996
1396,400,23,23,71,0,0,0,1,213.447,0.09762,0.15,609,31.572,1.89581,0.40996
1397,400,29,29,75,0,0,0,1,238.127,0.09746,0.15,609,31.572,1.93523,0.40996
1398,64,5,5,14,0,1,0,0,6.01,0.0973,0.15,609,31.572,2.98236,0.40996
1399,69,7,7,18,0,1,0,0,23.731,0.09713,0.15,609,31.572,3.04012,0.40996
1400,362,33,33,81,0,1,0,0,213.436,0.09697,0.15,611,31.572,2.3544,0.40944
1401,146,5,5,22,0,1,0,0,34.28,0.09681,0.15,611,31.572,1.88767,0.40944
1402,323,33,33,73,0,1,0,0,204.905,0.09665,0.15,611,31.572,2.03251,0.40944
1403,255,28,28,66,0,1,0,0,171.845,0.09649,0.15,611,31.572,2.30412,0.40944
1404,400,32,32,78,0,0,0,1,262.567,0.09633,0.15,611,31.572,2.15401,0.40944
1405,22,2,2,12,0,1,0,0,-10.911,0.09617,0.15,611,31.572,4.993,0.40944
1406,7,0,0,6,0,1,0,0,-22.448,0.09601,0.15,611,31.572,7.44963,0.40944
1407,7,0,0,6,0,1,0,0,-22.448,0.09585,0.15,611,31.572,6.29596,0.40944
1408,35,3,3,11,0,1,0,0,-5.464,0.09569,0.15,611,31.572,2.86675,0.40944
1409,106,9,9,20,0,1,0,0,33.68,0.09553,0.15,611,31.572,2.48124,0.40944
1410,88,7,7,27,0,1,0,0,36.613,0.09537,0.15,611,31.572,2.46878,0.40944
1411,20,1,1,8,0,1,0,0,-19.319,0.09521,0.15,611,31.572,4.49053,0.40944
1412,400,22,22,54,0,0,0,1,174.153,0.09505,0.15,611,31.572,1.629,0.40944
1413,163,16,16,38,0,1,0,0,81.442,0.09489,0.15,611,31.572,2.40997,0.40944
1414,114,3,3,15,0,1,0,0,14.763,0.09474,0.15,611,31.572,2.04591,0.40944
1415,31,3,3,10,0,1,0,0,-7.099,0.09458,0.15,611,31.572,3.03157,0.40944
1416,278,17,17,48,0,1,0,0,122.954,0.09442,0.15,611,31.572,1.97631,0.40944
1417,171,13,13,38,0,1,0,0,79.942,0.09426,0.15,611,31.572,2.05357,0.40944
1418,120,14,14,34,0,1,0,0,68.151,0.09411,0.15,611,31.572,2.37627,0.40944
1419,123,7,7,24,0,1,0,0,29.846,0.09395,0.15,611,31.572,2.41289,0.40944
1420,369,26,26,64,0,1,0,0,173.98,0.09379,0.15,611,31.572,1.79515,0.40944
1421,45,2,2,10,0,1,0,0,-8.115,0.09364,0.15,611,31.572,3.44863,0.40944
1422,400,15,15,53,0,0,0,1,164.152,0.09348,0.15,611,31.572,1.44691,0.40944
1423,54,5,5,13,0,1,0,0,8.22,0.09333,0.15,611,31.572,3.15464,0.40944
1424,13,0,0,4,0,1,0,0,-27.477,0.09317,0.15,611,31.572,5.31711,0.40944
1425,282,21,21,51,0,1,0,0,126.019,0.09301,0.15,611,31.572,2.33004,0.40971
1426,21,0,0,4,0,1,0,0,-26.938,0.09286,0.15,611,31.572,4.73675,0.40971
1427,48,4,4,13,0,1,0,0,3.626,0.0927,0.15,611,31.572,2.50032,0.40971
1428,19,0,0,4,0,1,0,0,-30.392,0.09255,0.15,611,31.572,2.41162,0.40971
1429,400,22,22,54,0,0,0,1,196.391,0.0924,0.15,611,31.572,1.78411,0.40971
1430,45,4,4,16,0,1,0,0,8.839,0.09224,0.15,611,31.572,2.88085,0.40971
1431,400,26,26,59,0,0,0,1,220.423,0.09209,0.15,612,31.572,1.7469,0.40931
1432,400,29,29,71,0,0,0,1,237.922,0.09194,0.15,614,31.572,1.86717,0.40852
1433,29,0,0,2,0,1,0,0,-29.058,0.09178,0.15,614,31.572,2.17022,0.40852
1434,137,8,8,22,0,1,0,0,44.805,0.09163,0.15,614,31.572,2.45956,0.40852
1435,78,3,3,13,0,1,0,0,-2.949,0.09148,0.15,614,31.572,2.3347,0.40852
1436,58,3,3,6,0,1,0,0,-7.312,0.09132,0.15,614,31.572,3.22752,0.40879
1437,23,1,1,7,0,1,0,0,-16.425,0.09117,0.15,614,31.572,3.73515,0.40879
1438,28,4,4,6,0,1,0,0,-6.45,0.09102,0.15,614,31.572,4.1593,0.40879
1439,84,4,4,15,0,1,0,0,5.622,0.09087,0.15,614,31.572,2.34495,0.40879
1440,219,8,8,22,0,1,0,0,49.809,0.09072,0.15,614,31.572,1.54794,0.40879
1441,132,7,7,21,0,1,0,0,30.299,0.09057,0.15,614,31.572,1.45601,0.40879
1442,400,28,28,74,0,0,0,1,232.338,0.09042,0.15,614,31.572,1.90796,0.40879
1443,7,0,0,6,0,1,0,0,-22.448,0.09027,0.15,614,31.572,6.27359,0.40879
1444,41,2,2,17,0,1,0,0,0.87,0.09012,0.15,614,31.572,2.36342,0.40879
1445,150,11,11,38,0,1,0,0,67.059,0.08997,0.15,614,31.572,2.14631,0.40907
1446,400,22,22,54,0,0,0,1,198.567,0.08982,0.15,614,31.572,1.49886,0.40907
1447,388,28,28,71,0,1,0,0,202.249,0.08967,0.15,614,31.572,1.90912,0.40907
1448,246,8,8,26,0,1,0,0,56.717,0.08952,0.15,614,31.572,1.70001,0.40907
1449,173,14,14,39,0,1,0,0,78.462,0.08937,0.15,614,31.572,1.95535,0.40907
1450,202,17,17,44,0,1,0,0,107.589,0.08922,0.15,614,31.572,2.23795,0.40907
1451,102,8,8,31,0,1,0,0,47.739,0.08907,0.15,614,31.572,2.81371,0.40907
1452,182,8,8,29,0,1,0,0,56.871,0.08892,0.15,614,31.572,2.33817,0.40907
1453,102,14,14,25,0,1,0,0,63.501,0.08877,0.15,614,31.572,2.71423,0.40907
1454,228,18,18,50,0,1,0,0,110.135,0.08863,0.15,614,31.572,2.78123,0.40907
1455,400,28,28,62,0,0,0,1,226.057,0.08848,0.15,614,31.572,1.7945,0.40907
1456,114,12,12,22,0,1,0,0,51.089,0.08833,0.15,614,31.572,2.34874,0.40907
1457,92,8,8,24,0,1,0,0,35.298,0.08818,0.15,614,31.572,2.46499,0.40907
1458,222,11,11,33,0,1,0,0,76.685,0.08804,0.15,614,31.572,1.78754,0.40907
1459,400,15,15,50,0,0,0,1,154.217,0.08789,0.15,614,31.572,1.84085,0.40907
1460,129,11,11,30,0,1,0,0,58.022,0.08774,0.15,614,31.572,2.90829,0.40907
1461,102,5,5,17,0,1,0,0,18.22,0.0876,0.15,614,31.572,2.15659,0.40907
1462,53,5,5,13,0,1,0,0,5.68,0.08745,0.15,614,31.572,2.73224,0.40907
1463,26,1,1,7,0,1,0,0,-15.921,0.08731,0.15,614,31.572,2.36065,0.40907
1464,204,4,4,24,0,1,0,0,42.112,0.08716,0.15,614,31.572,1.55189,0.40907
1465,400,17,17,42,0,0,0,1,171.883,0.08702,0.15,614,31.572,0.92634,0.40907
1466,70,1,1,10,0,1,0,0,-6.941,0.08687,0.15,614,31.572,1.75767,0.40934
1467,400,43,43,102,0,0,0,1,318.076,0.08673,0.15,614,31.572,2.32177,0.40934
1468,400,41,41,86,0,0,0,1,294.751,0.08658,0.15,614,31.572,2.09207,0.40934
1469,400,32,32,86,0,0,0,1,247.239,0.08644,0.15,614,31.572,2.03025,0.40934
1470,112,12,12,28,0,1,0,0,62.237,0.08629,0.15,614,31.572,2.10387,0.40934
1471,31,3,3,7,0,1,0,0,-6.658,0.08615,0.15,614,31.572,2.68027,0.40934
1472,33,3,3,10,0,1,0,0,-6.334,0.08601,0.15,614,31.572,2.79324,0.40934
1473,164,16,16,58,0,1,0,0,86.895,0.08586,0.15,614,31.572,2.87681,0.40961
1474,48,5,5,15,0,1,0,0,3.61,0.08572,0.15,614,31.572,2.66839,0.40961
1475,69,9,9,24,0,1,0,0,33.683,0.08558,0.15,614,31.572,3.36253,0.40961
1476,35,4,4,9,0,1,0,0,-4.665,0.08543,0.15,614,31.572,3.83024,0.40961
1477,5,0,0,0,0,1,0,0,-35.308,0.08529,0.15,614,31.572,2.62508,0.40961
1478,104,11,11,27,0,1,0,0,49.055,0.08515,0.15,614,31.572,2.68431,0.40961
1479,400,34,34,78,0,0,0,1,261.871,0.08501,0.15,614,31.572,2.01368,0.40961
1480,55,2,2,15,0,1,0,0,-2.735,0.08487,0.15,614,31.572,2.12462,0.40961
1481,235,12,12,30,0,1,0,0,75.845,0.08473,0.15,614,31.572,1.82923,0.40961
1482,13,0,0,3,0,1,0,0,-26.969,0.08458,0.15,614,31.572,8.07859,0.40961
1483,131,8,8,26,0,1,0,0,47.199,0.08444,0.15,614,31.572,2.18395,0.40961
1484,48,3,3,16,0,1,0,0,0.257,0.0843,0.15,614,31.572,2.92706,0.40961
1485,5,0,0,2,0,1,0,0,-31.008,0.08416,0.15,614,31.572,7.39078,0.40961
1486,262,18,18,48,0,1,0,0,122.067,0.08402,0.15,614,31.572,1.66384,0.40961
1487,357,14,14,38,0,1,0,0,112.849,0.08388,0.15,614,31.572,1.7364,0.40961
1488,248,11,11,46,0,1,0,0,79.294,0.08374,0.15,614,31.572,2.14859,0.40961
1489,325,4,4,13,0,1,0,0,33.415,0.0836,0.15,614,31.572,1.13734,0.40961
1490,239,9,9,25,0,1,0,0,68.376,0.08346,0.15,614,31.572,0.89264,0.40961
1491,166,9,9,35,0,1,0,0,58.609,0.08333,0.15,614,31.572,1.79791,0.40961
1492,40,3,3,9,0,1,0,0,-5.223,0.08319,0.15,614,31.572,2.30232,0.40961
1493,400,29,29,62,0,0,0,1,212.583,0.08305,0.15,614,31.572,2.11888,0.40961
1494,72,0,0,3,0,1,0,0,-19.844,0.08291,0.15,614,31.572,2.55131,0.40961
1495,400,17,17,31,0,0,0,1,151.478,0.08277,0.15,614,31.572,1.16126,0.40961
1496,400,25,25,53,0,0,0,1,207.411,0.08263,0.15,614,31.572,1.75916,0.40988
1497,29,0,0,6,0,1,0,0,-17.928,0.0825,0.15,614,31.572,3.63398,0.40988
1498,81,3,3,14,0,1,0,0,3.55,0.08236,0.15,614,31.572,3.0339,0.40988
1499,16,2,2,3,0,1,0,0,-20.915,0.08222,0.15,614,31.572,5.77879,0.40988
1500,23,2,2,5,0,1,0,0,-14.741,0.08208,0.15,614,31.572,3.71451,0.40988
1501,400,18,18,40,0,0,0,1,160.324,0.08195,0.15,614,31.572,1.65787,0.40988
1502,5,0,0,2,0,1,0,0,-27.704,0.08181,0.15,614,31.572,11.48392,0.40988
1503,86,4,4,12,0,1,0,0,5.951,0.08168,0.15,614,31.572,2.14273,0.40988
1504,400,32,32,72,0,0,0,1,252.953,0.08154,0.15,614,31.572,1.9116,0.40988
1505,400,31,31,64,0,0,0,1,235.487,0.0814,0.15,614,31.572,2.18297,0.40988
1506,14,1,1,4,0,1,0,0,-20.103,0.08127,0.15,614,31.572,6.27189,0.40988
1507,14,0,0,3,0,1,0,0,-25.05,0.08113,0.15,614,31.572,6.09646,0.40988
1508,13,0,0,1,0,1,0,0,-30.036,0.081,0.15,614,31.572,5.16757,0.40988
1509,400,19,19,55,0,0,0,1,193.774,0.08086,0.15,614,31.572,1.38646,0.40988
1510,76,4,4,15,0,1,0,0,14.391,0.08073,0.15,614,31.572,3.12372,0.40988
1511,400,23,23,54,0,0,0,1,211.863,0.08059,0.15,614,31.572,1.43335,0.41015
1512,400,6,6,16,0,0,0,1,117.178,0.08046,0.15,614,31.572,0.43855,0.41015
1513,400,26,26,70,0,0,0,1,221.802,0.08033,0.15,614,31.572,1.922,0.41015
1514,273,19,19,69,0,1,0,0,135.821,0.08019,0.15,614,31.572,2.26186,0.41015
1515,13,0,0,5,0,1,0,0,-26.723,0.08006,0.15,614,31.572,6.1993,0.41015
1516,21,0,0,3,0,1,0,0,-27.272,0.07992,0.15,614,31.572,2.80715,0.41015
1517,168,4,4,12,0,1,0,0,26.32,0.07979,0.15,614,31.572,1.02541,0.41015
1518,400,20,20,51,0,0,0,1,198.399,0.07966,0.15,614,31.572,1.5325,0.41015
1519,84,2,2,10,0,1,0,0,-4.862,0.07953,0.15,614,31.572,2.89073,0.41015
1520,274,17,17,61,0,1,0,0,130.901,0.07939,0.15,614,31.572,2.28212,0.41015
1521,242,15,15,39,0,1,0,0,98.539,0.07926,0.15,614,31.572,2.46919,0.41015
1522,211,14,14,40,0,1,0,0,86.286,0.07913,0.15,614,31.572,2.55754,0.41015
1523,68,5,5,14,0,1,0,0,8.423,0.079,0.15,614,31.572,2.83995,0.41015
1524,314,24,24,69,0,1,0,0,174.224,0.07887,0.15,614,31.572,1.94527,0.41015
1525,400,12,12,28,0,0,0,1,150.918,0.07874,0.15,614,31.572,0.98537,0.41015
1526,128,12,12,34,0,1,0,0,63.883,0.0786,0.15,614,31.572,2.49077,0.41015
1527,141,5,5,17,0,1,0,0,24.356,0.07847,0.15,614,31.572,2.81575,0.41015
1528,127,5,5,14,0,1,0,0,18.504,0.07834,0.15,614,31.572,1.97937,0.41015
1529,154,1,1,18,0,1,0,0,12.33,0.07821,0.15,614,31.572,1.42979,0.41015
1530,400,13,13,31,0,0,0,1,145.924,0.07808,0.15,614,31.572,0.95379,0.41015
1531,400,24,24,59,0,0,0,1,217.748,0.07795,0.15,614,31.572,1.53428,0.41015
1532,20,1,1,11,0,1,0,0,-18.88,0.07782,0.15,614,31.572,4.76429,0.41015
1533,67,3,3,17,0,1,0,0,7.063,0.07769,0.15,614,31.572,3.37882,0.41015
1534,17,1,1,8,0,1,0,0,-14.327,0.07756,0.15,614,31.572,3.2724,0.41015
1535,29,2,2,7,0,1,0,0,-9.05,0.07743,0.15,614,31.572,3.16157,0.41015
1536,400,13,13,35,0,0,0,1,157.526,0.0773,0.15,614,31.572,0.99951,0.41015
1537,400,28,28,65,0,0,0,1,236.943,0.07718,0.15,614,31.572,1.77843,0.41015
1538,400,31,31,69,0,0,0,1,255.432,0.07705,0.15,614,31.572,1.97382,0.41015
1539,400,26,26,64,0,0,0,1,225.027,0.07692,0.15,614,31.572,1.77921,0.41015
1540,17,2,2,8,0,1,0,0,-11.725,0.07679,0.15,614,31.572,4.36693,0.41015
1541,5,0,0,2,0,1,0,0,-32.354,0.07666,0.15,614,31.572,6.42756,0.41015
1542,67,3,3,12,0,1,0,0,1.447,0.07654,0.15,614,31.572,3.67647,0.41015
1543,38,0,0,9,0,1,0,0,-14.237,0.07641,0.15,614,31.572,3.14157,0.41015
1544,53,3,3,19,0,1,0,0,2.1,0.07628,0.15,614,31.572,3.36644,0.41015
1545,350,15,15,48,0,1,0,0,126.807,0.07615,0.15,614,31.572,1.47352,0.41015
1546,5,0,0,3,0,1,0,0,-33.406,0.07603,0.15,614,31.572,3.23674,0.41015
1547,219,12,12,34,0,1,0,0,82.089,0.0759,0.15,614,31.572,1.72898,0.41015
1548,66,4,4,9,0,1,0,0,1.854,0.07577,0.15,614,31.572,2.0833,0.41015
1549,15,0,0,4,0,1,0,0,-22.121,0.07565,0.15,614,31.572,4.43908,0.41015
1550,11,0,0,3,0,1,0,0,-30.94,0.07552,0.15,614,31.572,3.23972,0.41015
1551,400,22,22,47,0,0,0,1,196.963,0.0754,0.15,614,31.572,1.59294,0.41015
1552,176,12,12,26,0,1,0,0,61.515,0.07527,0.15,614,31.572,1.97421,0.41015
1553,268,9,9,27,0,1,0,0,77.876,0.07515,0.15,614,31.572,1.23895,0.41015
1554,63,6,6,15,0,1,0,0,20.069,0.07502,0.15,614,31.572,2.37335,0.41015
1555,183,6,6,18,0,1,0,0,43.327,0.0749,0.15,614,31.572,1.20462,0.41015
1556,65,3,3,6,0,1,0,0,-1.598,0.07477,0.15,614,31.572,2.23023,0.41015
1557,251,7,7,14,0,1,0,0,56.026,0.07465,0.15,614,31.572,0.86181,0.41015
1558,143,10,10,31,0,1,0,0,60.465,0.07452,0.15,614,31.572,1.57251,0.41015
1559,19,1,1,8,0,1,0,0,-17.613,0.0744,0.15,614,31.572,6.3493,0.41015
1560,148,3,3,13,0,1,0,0,16.82,0.07427,0.15,614,31.572,1.22798,0.41015
1561,400,9,9,17,0,0,0,1,114.948,0.07415,0.15,614,31.572,0.84966,0.41015
1562,5,0,0,1,0,1,0,0,-31.66,0.07403,0.15,614,31.572,3.49726,0.41015
1563,400,17,17,54,0,0,0,1,170.566,0.0739,0.15,614,31.572,1.59508,0.41015
1564,306,11,11,34,0,1,0,0,79.604,0.07378,0.15,614,31.572,1.51971,0.41015
1565,15,0,0,5,0,1,0,0,-21.819,0.07366,0.15,614,31.572,4.74518,0.41015
1566,400,25,25,62,0,0,0,1,197.69,0.07353,0.15,614,31.572,1.7098,0.41015
1567,400,27,27,59,0,0,0,1,219.818,0.07341,0.15,614,31.572,1.60072,0.41015
1568,121,7,7,23,0,1,0,0,42.354,0.07329,0.15,614,31.572,2.23196,0.41015
1569,82,5,5,18,0,1,0,0,22.19,0.07317,0.15,614,31.572,2.9657,0.41015
1570,17,0,0,3,0,1,0,0,-33.182,0.07305,0.15,614,31.572,2.12073,0.41015
1571,400,13,13,33,0,0,0,1,144.326,0.07292,0.15,614,31.572,1.36743,0.41015
1572,249,17,17,52,0,1,0,0,111.961,0.0728,0.15,614,31.572,2.41457,0.41015
1573,280,21,21,65,0,1,0,0,142.352,0.07268,0.15,614,31.572,2.04796,0.41015
1574,372,25,25,62,0,1,0,0,181.768,0.07256,0.15,614,31.572,1.6142,0.41015
1575,400,23,23,56,0,0,0,1,195.11,0.07244,0.15,614,31.572,1.92418,0.41015
1576,400,27,27,72,0,0,0,1,214.172,0.07232,0.15,614,31.572,1.98631,0.41015
1577,13,0,0,4,0,1,0,0,-24.573,0.0722,0.15,614,31.572,6.95633,0.41015
1578,400,36,36,84,0,0,0,1,280.545,0.07208,0.15,614,31.572,2.25051,0.41015
1579,400,39,39,97,0,0,0,1,292.503,0.07196,0.15,614,31.572,2.1065,0.41015
1580,229,15,15,36,0,1,0,0,86.777,0.07184,0.15,614,31.572,1.924,0.41015
1581,88,7,7,19,0,1,0,0,32.386,0.07172,0.15,614,31.572,2.37725,0.41015
1582,367,28,28,66,0,1,0,0,204.168,0.0716,0.15,614,31.572,1.62009,0.41015
1583,45,3,3,11,0,1,0,0,-1.41,0.07148,0.15,614,31.572,2.54814,0.41015
1584,204,19,19,52,0,1,0,0,110.164,0.07136,0.15,614,31.572,2.64353,0.41042
1585,400,31,31,78,0,0,0,1,256.152,0.07124,0.15,614,31.572,1.92872,0.41042
1586,400,17,17,53,0,0,0,1,172.24,0.07112,0.15,614,31.572,1.71755,0.41042
1587,400,36,36,80,0,0,0,1,269.099,0.07101,0.15,614,31.572,1.88264,0.41042
1588,151,3,3,17,0,1,0,0,15.529,0.07089,0.15,615,31.572,2.08853,0.4103
1589,59,3,3,11,0,1,0,0,-1.108,0.07077,0.15,615,31.572,2.07937,0.4103
1590,397,19,19,45,0,1,0,0,141.532,0.07065,0.15,615,31.572,1.32934,0.4103
1591,400,11,11,36,0,0,0,1,143.989,0.07053,0.15,615,31.572,1.77077,0.4103
1592,129,9,9,15,0,1,0,0,38.479,0.07042,0.15,615,31.572,2.13291,0.4103
1593,31,3,3,7,0,1,0,0,-6.885,0.0703,0.15,615,31.572,2.37127,0.4103
1594,400,27,27,57,0,0,0,1,216.581,0.07018,0.15,615,31.572,1.92474,0.4103
1595,28,2,2,4,0,1,0,0,-15.549,0.07006,0.15,615,31.572,2.55636,0.4103
1596,71,9,9,20,0,1,0,0,33.393,0.06995,0.15,615,31.572,2.32013,0.4103
1597,81,6,6,18,0,1,0,0,21.945,0.06983,0.15,615,31.572,2.25368,0.4103
1598,400,14,14,58,0,0,0,1,169.151,0.06972,0.15,615,31.572,1.61855,0.4103
1599,47,1,1,10,0,1,0,0,-10.291,0.0696,0.15,615,31.572,2.42801,0.4103
1600,89,1,1,6,0,1,0,0,-12.273,0.06948,0.15,615,31.572,2.34008,0.4103
1601,9,0,0,3,0,1,0,0,-29.296,0.06937,0.15,615,31.572,4.84621,0.4103
1602,400,28,28,65,0,0,0,1,233.361,0.06925,0.15,615,31.572,1.80087,0.4103
1603,400,25,25,65,0,0,0,1,225.951,0.06914,0.15,615,31.572,1.61435,0.4103
1604,172,14,14,37,0,1,0,0,75.444,0.06902,0.15,615,31.572,2.43514,0.4103
1605,193,13,13,40,0,1,0,0,79.702,0.06891,0.15,616,31.572,2.31521,0.41017
1606,25,2,2,5,0,1,0,0,-13.959,0.06879,0.15,616,31.572,4.71146,0.41017
1607,18,1,1,4,0,1,0,0,-19.209,0.06868,0.15,616,31.572,4.62506,0.41017
1608,20,0,0,9,0,1,0,0,-18.771,0.06856,0.15,616,31.572,4.87425,0.41017
1609,400,24,24,56,0,0,0,1,192.959,0.06845,0.15,616,31.572,2.439,0.41017
1610,32,1,1,8,0,1,0,0,-14.925,0.06833,0.15,616,31.572,3.97437,0.41044
1611,400,29,29,61,0,0,0,1,229.787,0.06822,0.15,616,31.572,2.28894,0.41044
1612,400,34,34,89,0,0,0,1,271.025,0.06811,0.15,616,31.572,1.96748,0.41044
1613,43,3,3,15,0,1,0,0,1.248,0.06799,0.15,616,31.572,2.60988,0.41044
1614,162,13,13,45,0,1,0,0,84.797,0.06788,0.15,616,31.572,2.36951,0.41044
1615,18,1,1,6,0,1,0,0,-17.489,0.06777,0.15,616,31.572,3.15505,0.41044
1616,152,11,11,36,0,1,0,0,72.091,0.06766,0.15,616,31.572,2.2257,0.41044
1617,119,15,15,38,0,1,0,0,79.291,0.06754,0.15,616,31.572,2.53951,0.41044
1618,400,18,18,49,0,0,0,1,170.939,0.06743,0.15,616,31.572,2.04051,0.41044
1619,400,28,28,74,0,0,0,1,244.343,0.06732,0.15,616,31.572,2.02694,0.41044
1620,382,29,29,81,0,1,0,0,198.969,0.06721,0.15,616,31.572,2.37004,0.41044
1621,400,15,15,53,0,0,0,1,158.643,0.06709,0.15,616,31.572,1.92139,0.41044
1622,201,21,21,48,0,1,0,0,130.374,0.06698,0.15,616,31.572,2.45339,0.41044
1623,79,6,6,24,0,1,0,0,29.591,0.06687,0.15,616,31.572,2.69818,0.41044
1624,400,30,30,64,0,0,0,1,227.28,0.06676,0.15,616,31.572,2.09493,0.41044
1625,400,32,32,68,0,0,0,1,251.477,0.06665,0.15,616,31.572,1.86457,0.41044
1626,126,8,8,35,0,1,0,0,53.65,0.06654,0.15,617,31.572,2.68086,0.41005
1627,25,2,2,8,0,1,0,0,-11.491,0.06643,0.15,617,31.572,3.49432,0.41005
1628,400,31,31,74,0,0,0,1,256.279,0.06632,0.15,617,31.572,2.1684,0.41005
1629,45,1,1,8,0,1,0,0,-16.683,0.0662,0.15,617,31.572,2.13753,0.41005
1630,104,4,4,13,0,1,0,0,9.972,0.06609,0.15,617,31.572,1.33637,0.41005
1631,5,0,0,4,0,1,0,0,-31.604,0.06598,0.15,617,31.572,2.69679,0.41005
1632,400,28,28,79,0,0,0,1,234.703,0.06587,0.15,617,31.572,1.99206,0.41005
1633,400,34,34,83,0,0,0,1,264.883,0.06577,0.15,617,31.572,2.38175,0.41032
1634,392,32,32,72,0,1,0,0,202.796,0.06566,0.15,617,31.572,2.16106,0.41032
1635,51,0,0,4,0,1,0,0,-30.014,0.06555,0.15,617,31.572,0.67013,0.41032
1636,56,3,3,17,0,1,0,0,5.353,0.06544,0.15,617,31.572,2.86979,0.41032
1637,14,0,0,4,0,1,0,0,-22.471,0.06533,0.15,617,31.572,4.50883,0.41032
1638,62,4,4,15,0,1,0,0,4.903,0.06522,0.15,617,31.572,2.59947,0.41032
1639,121,10,10,26,0,1,0,0,53.778,0.06511,0.15,617,31.572,2.60903,0.41032
1640,94,6,6,16,0,1,0,0,21.966,0.065,0.15,617,31.572,2.68983,0.41032
1641,5,0,0,4,0,1,0,0,-32.006,0.06489,0.15,617,31.572,1.90519,0.41032
1642,21,3,3,7,0,1,0,0,-10.775,0.06479,0.15,617,31.572,3.22837,0.41032
1643,136,11,11,32,0,1,0,0,59.648,0.06468,0.15,617,31.572,2.92852,0.41059
1644,34,1,1,10,0,1,0,0,-10.625,0.06457,0.15,617,31.572,2.6274,0.41059
1645,40,2,2,17,0,1,0,0,-5.66,0.06446,0.15,617,31.572,3.34192,0.41059
1646,307,19,19,43,0,1,0,0,114.018,0.06436,0.15,617,31.572,1.83416,0.41059
1647,64,7,7,23,0,1,0,0,26.743,0.06425,0.15,617,31.572,2.44467,0.41059
1648,51,5,5,14,0,1,0,0,8.571,0.06414,0.15,617,31.572,2.64905,0.41059
1649,43,3,3,14,0,1,0,0,-6.741,0.06403,0.15,617,31.572,2.89793,0.41059
1650,400,31,31,71,0,0,0,1,235.348,0.06393,0.15,617,31.572,1.75078,0.41059
1651,338,27,27,63,0,1,0,0,177.605,0.06382,0.15,617,31.572,1.92953,0.41059
1652,289,24,24,58,0,1,0,0,143.844,0.06372,0.15,617,31.572,2.17964,0.41059
1653,13,0,0,3,0,1,0,0,-28.404,0.06361,0.15,617,31.572,4.78505,0.41059
1654,17,1,1,8,0,1,0,0,-16.375,0.0635,0.15,617,31.572,5.20046,0.41059
1655,271,24,24,66,0,1,0,0,159.113,0.0634,0.15,617,31.572,2.3772,0.41059
1656,400,17,17,41,0,0,0,1,166.961,0.06329,0.15,617,31.572,1.63976,0.41059
1657,400,33,33,86,0,0,0,1,254.305,0.06319,0.15,617,31.572,2.12291,0.41059
1658,400,31,31,74,0,0,0,1,230.298,0.06308,0.15,617,31.572,2.42834,0.41059
1659,188,20,20,43,0,1,0,0,113.593,0.06298,0.15,617,31.572,2.34899,0.41059
1660,400,25,25,61,0,0,0,1,205.671,0.06287,0.15,617,31.572,1.70113,0.41059
1661,108,10,10,25,0,1,0,0,44.893,0.06277,0.15,617,31.572,2.38079,0.41059
1662,47,2,2,12,0,1,0,0,-4.377,0.06266,0.15,617,31.572,2.51837,0.41059
1663,13,0,0,4,0,1,0,0,-26.373,0.06256,0.15,617,31.572,7.66063,0.41059
1664,321,20,20,58,0,1,0,0,147.136,0.06245,0.15,617,31.572,1.6273,0.41059
1665,400,34,34,90,0,0,0,1,274.113,0.06235,0.15,617,31.572,2.01265,0.41086
1666,400,17,17,62,0,0,0,1,186.558,0.06225,0.15,617,31.572,1.68501,0.41086
1667,400,26,26,67,0,0,0,1,230.565,0.06214,0.15,617,31.572,1.99697,0.4114
1668,35,2,2,8,0,1,0,0,-9.041,0.06204,0.15,617,31.572,3.18541,0.4114
1669,400,27,27,61,0,0,0,1,215.828,0.06194,0.15,617,31.572,2.03316,0.4114
1670,29,2,2,8,0,1,0,0,-7.085,0.06183,0.15,617,31.572,2.62997,0.4114
1671,25,3,3,6,0,1,0,0,-9.671,0.06173,0.15,617,31.572,2.95174,0.4114
1672,140,11,11,37,0,1,0,0,60.259,0.06163,0.15,617,31.572,2.83267,0.4114
1673,19,2,2,6,0,1,0,0,-16.635,0.06152,0.15,617,31.572,6.53979,0.4114
1674,392,38,38,93,0,1,0,0,248.667,0.06142,0.15,617,31.572,2.78066,0.4114
1675,358,27,27,52,0,1,0,0,181.737,0.06132,0.15,617,31.572,2.18079,0.41167
1676,234,29,29,66,0,1,0,0,172.853,0.06122,0.15,617,31.572,2.68711,0.41167
1677,298,22,22,52,0,1,0,0,145.073,0.06111,0.15,617,31.572,2.69992,0.41167
1678,400,31,31,80,0,0,0,1,251.55,0.06101,0.15,617,31.572,2.17301,0.41167
1679,226,23,23,54,0,1,0,0,134.411,0.06091,0.15,617,31.572,2.34689,0.41167
1680,81,10,10,31,0,1,0,0,49.098,0.06081,0.15,617,31.572,2.71897,0.41167
1681,96,7,7,25,0,1,0,0,32.662,0.06071,0.15,617,31.572,2.9638,0.41167
1682,79,9,9,16,0,1,0,0,29.5,0.06061,0.15,617,31.572,2.50373,0.41167
1683,5,0,0,2,0,1,0,0,-31.104,0.06051,0.15,617,31.572,3.61712,0.41167
1684,400,26,26,63,0,0,0,1,205.169,0.06041,0.15,617,31.572,1.92685,0.41167
1685,400,33,33,87,0,0,0,1,259.984,0.06031,0.15,617,31.572,2.27493,0.41167
1686,400,36,36,87,0,0,0,1,261.304,0.0602,0.15,617,31.572,2.44508,0.41167
1687,198,23,23,53,0,1,0,0,135.942,0.0601,0.15,617,31.572,2.08325,0.41167
1688,148,16,16,37,0,1,0,0,83.122,0.06,0.15,617,31.572,2.17478,0.41167
1689,400,39,39,95,0,0,0,1,294.718,0.0599,0.15,617,31.572,2.1464,0.41167
1690,400,33,33,81,0,0,0,1,249.819,0.0598,0.15,617,31.572,2.0198,0.41167
1691,26,1,1,8,0,1,0,0,-14.715,0.05971,0.15,617,31.572,4.39238,0.41167
1692,196,19,19,47,0,1,0,0,111.11,0.05961,0.15,617,31.572,2.37602,0.41167
1693,120,12,12,40,0,1,0,0,66.078,0.05951,0.15,617,31.572,2.47057,0.41167
1694,67,8,8,16,0,1,0,0,25.601,0.05941,0.15,617,31.572,2.81485,0.41167
1695,400,37,37,92,0,0,0,1,286.646,0.05931,0.15,617,31.572,2.38829,0.41194
1696,152,18,18,37,0,1,0,0,92.998,0.05921,0.15,617,31.572,2.27946,0.41194
1697,31,3,3,14,0,1,0,0,-5.861,0.05911,0.15,617,31.572,3.49914,0.41194
1698,368,32,32,90,0,1,0,0,223.02,0.05901,0.15,617,31.572,2.61837,0.41194
1699,275,23,23,66,0,1,0,0,159.92,0.05891,0.15,617,31.572,2.44247,0.41194
1700,74,9,9,29,0,1,0,0,41.264,0.05882,0.15,617,31.572,2.92113,0.41194
1701,400,32,32,85,0,0,0,1,265.337,0.05872,0.15,617,31.572,2.04818,0.41194
1702,400,31,31,84,0,0,0,1,244.224,0.05862,0.15,617,31.572,2.36293,0.41194
1703,275,29,29,73,0,1,0,0,186.083,0.05852,0.15,617,31.572,2.44886,0.41194
1704,252,19,19,52,0,1,0,0,121.854,0.05843,0.15,617,31.572,2.01348,0.41194
1705,272,26,26,79,0,1,0,0,179.121,0.05833,0.15,617,31.572,2.36679,0.41194
1706,106,15,15,32,0,1,0,0,66.826,0.05823,0.15,617,31.572,2.72943,0.41194
1707,249,6,6,21,0,1,0,0,52.023,0.05813,0.15,617,31.572,1.16018,0.41194
1708,400,14,14,32,0,0,0,1,148.569,0.05804,0.15,617,31.572,1.29621,0.41194
1709,400,29,29,73,0,0,0,1,250.574,0.05794,0.15,617,31.572,1.92113,0.41194
1710,400,22,22,68,0,0,0,1,218.798,0.05784,0.15,617,31.572,1.45315,0.41194
1711,148,16,16,48,0,1,0,0,96.853,0.05775,0.15,617,31.572,2.45972,0.41194
1712,400,29,29,71,0,0,0,1,214.916,0.05765,0.15,617,31.572,2.4719,0.41194
1713,41,3,3,12,0,1,0,0,-3.835,0.05756,0.15,617,31.572,3.36519,0.41194
1714,79,4,4,12,0,1,0,0,7.906,0.05746,0.15,617,31.572,2.18662,0.41194
1715,400,25,25,60,0,0,0,1,208.233,0.05736,0.15,617,31.572,1.82354,0.41194
1716,400,22,22,52,0,0,0,1,186.625,0.05727,0.15,617,31.572,1.8784,0.41194
1717,5,0,0,4,0,1,0,0,-32.406,0.05717,0.15,617,31.572,2.22349,0.41194
1718,40,2,2,8,0,1,0,0,-5.333,0.05708,0.15,617,31.572,2.67811,0.41194
1719,269,17,17,48,0,1,0,0,100.635,0.05698,0.15,619,31.572,2.04901,0.41115
1720,84,8,8,23,0,1,0,0,37.704,0.05689,0.15,619,31.572,2.80915,0.41115
1721,82,8,8,25,0,1,0,0,34.265,0.05679,0.15,619,31.572,2.14208,0.41115
1722,17,2,2,3,0,1,0,0,-20.457,0.0567,0.15,619,31.572,5.80707,0.41115
1723,400,38,38,92,0,0,0,1,275.443,0.0566,0.15,619,31.572,2.12025,0.41115
1724,389,32,32,79,0,1,0,0,214.198,0.05651,0.15,619,31.572,2.48041,0.41115
1725,108,13,13,27,0,1,0,0,62.046,0.05642,0.15,619,31.572,2.24653,0.41115
1726,137,16,16,46,0,1,0,0,83.326,0.05632,0.15,619,31.572,2.47873,0.41115
1727,400,37,37,87,0,0,0,1,277.629,0.05623,0.15,619,31.572,2.23047,0.41142
1728,400,23,23,75,0,0,0,1,203.579,0.05613,0.15,619,31.572,2.28426,0.41142
1729,400,35,35,85,0,0,0,1,263.695,0.05604,0.15,619,31.572,2.20698,0.41142
1730,112,10,10,30,0,1,0,0,52.655,0.05595,0.15,619,31.572,2.51164,0.41142
1731,400,27,27,70,0,0,0,1,222.351,0.05585,0.15,619,31.572,1.76988,0.41142
1732,47,3,3,10,0,1,0,0,2.519,0.05576,0.15,619,31.572,1.95623,0.41142
1733,37,2,2,10,0,1,0,0,-4.944,0.05567,0.15,619,31.572,2.61191,0.41142
1734,97,10,10,27,0,1,0,0,46.495,0.05558,0.15,619,31.572,2.20336,0.41142
1735,400,22,22,62,0,0,0,1,206.495,0.05548,0.15,619,31.572,1.51965,0.41142
1736,56,0,0,7,0,1,0,0,-12.695,0.05539,0.15,619,31.572,2.25693,0.41142
1737,400,19,19,45,0,0,0,1,181.311,0.0553,0.15,619,31.572,1.61702,0.41142
1738,140,13,13,29,0,1,0,0,69.374,0.05521,0.15,619,31.572,2.14143,0.41142
1739,130,12,12,27,0,1,0,0,58.751,0.05512,0.15,619,31.572,2.43036,0.41142
1740,20,1,1,7,0,1,0,0,-21.772,0.05502,0.15,619,31.572,3.69057,0.41142
1741,400,14,14,33,0,0,0,1,137.188,0.05493,0.15,619,31.572,1.40009,0.41142
1742,18,1,1,8,0,1,0,0,-16.727,0.05484,0.15,619,31.572,4.75357,0.41142
1743,59,2,2,13,0,1,0,0,-4.92,0.05475,0.15,619,31.572,3.29803,0.41142
1744,400,9,9,32,0,0,0,1,119.531,0.05466,0.15,619,31.572,1.73479,0.41169
1745,400,21,21,52,0,0,0,1,176.561,0.05457,0.15,619,31.572,2.0625,0.41169
1746,43,1,1,9,0,1,0,0,-8.183,0.05448,0.15,619,31.572,2.9824,0.41169
1747,22,2,2,2,0,1,0,0,-17.882,0.05439,0.15,619,31.572,3.42652,0.41169
1748,93,5,5,10,0,1,0,0,5.464,0.05429,0.15,619,31.572,2.15791,0.41169
1749,400,30,30,81,0,0,0,1,250.975,0.0542,0.15,619,31.572,2.15469,0.41169
1750,19,2,2,3,0,1,0,0,-18.528,0.05411,0.15,619,31.572,4.04795,0.41169
1751,107,2,2,6,0,1,0,0,-3.515,0.05402,0.15,619,31.572,1.93484,0.41169
1752,400,30,30,72,0,0,0,1,216.884,0.05393,0.15,619,31.572,2.05241,0.41169
1753,5,0,0,3,0,1,0,0,-30.008,0.05384,0.15,619,31.572,7.19414,0.41169
1754,400,20,20,54,0,0,0,1,173.612,0.05375,0.15,619,31.572,1.56069,0.41169
1755,400,12,12,39,0,0,0,1,141.941,0.05366,0.15,619,31.572,1.02518,0.41169
1756,400,19,19,52,0,0,0,1,171.351,0.05358,0.15,619,31.572,1.58114,0.41169
1757,400,32,32,75,0,0,0,1,249.077,0.05349,0.15,619,31.572,1.60204,0.41169
1758,400,19,19,52,0,0,0,1,196.649,0.0534,0.15,619,31.572,1.09694,0.41169
1759,38,0,0,1,0,1,0,0,-27.248,0.05331,0.15,619,31.572,1.9513,0.41169
1760,24,1,1,6,0,1,0,0,-20.114,0.05322,0.15,619,31.572,4.18821,0.41169
1761,400,18,18,38,0,0,0,1,180.743,0.05313,0.15,619,31.572,0.99515,0.41169
1762,400,14,14,34,0,0,0,1,148.543,0.05304,0.15,619,31.572,1.03631,0.41169
1763,112,15,15,31,0,1,0,0,75.255,0.05295,0.15,619,31.572,2.43102,0.41169
1764,400,14,14,38,0,0,0,1,161.153,0.05287,0.15,619,31.572,0.87501,0.41169
1765,400,20,20,40,0,0,0,1,185.296,0.05278,0.15,619,31.572,1.00414,0.41169
1766,339,19,19,58,0,1,0,0,151.82,0.05269,0.15,619,31.572,2.06308,0.41195
1767,400,39,39,83,0,0,0,1,276.911,0.0526,0.15,619,31.572,2.17129,0.41195
1768,16,2,2,4,0,1,0,0,-19.517,0.05251,0.15,619,31.572,6.01887,0.41195
1769,50,1,1,11,0,1,0,0,-5.266,0.05243,0.15,619,31.572,2.39961,0.41195
1770,230,14,14,39,0,1,0,0,94.855,0.05234,0.15,619,31.572,1.77684,0.41195
1771,400,44,44,100,0,0,0,1,314.495,0.05225,0.15,619,31.572,2.1623,0.41195
1772,77,4,4,15,0,1,0,0,14.377,0.05217,0.15,619,31.572,1.61078,0.41195
1773,381,34,34,86,0,1,0,0,227.464,0.05208,0.15,619,31.572,2.09405,0.41195
1774,43,5,5,12,0,1,0,0,3.827,0.05199,0.15,619,31.572,3.56771,0.41195
1775,379,27,27,72,0,1,0,0,192.884,0.05191,0.15,619,31.572,1.79718,0.41195
1776,340,38,38,91,0,1,0,0,248.079,0.05182,0.15,619,31.572,2.34925,0.41195
1777,400,44,44,97,0,0,0,1,322.88,0.05173,0.15,619,31.572,2.10577,0.41195
1778,369,32,32,65,0,1,0,0,207.382,0.05165,0.15,619,31.572,2.34681,0.41195
1779,204,16,16,38,0,1,0,0,94.072,0.05156,0.15,619,31.572,1.96062,0.41195
1780,400,37,37,91,0,0,0,1,280.28,0.05147,0.15,619,31.572,2.09281,0.41195
1781,15,0,0,7,0,1,0,0,-21.005,0.05139,0.15,619,31.572,5.79675,0.41195
1782,123,11,11,38,0,1,0,0,63.476,0.0513,0.15,619,31.572,2.46698,0.41195
1783,30,1,1,9,0,1,0,0,-13.644,0.05122,0.15,619,31.572,4.52248,0.41195
1784,400,28,28,77,0,0,0,1,250.321,0.05113,0.15,619,31.572,1.8143,0.41195
1785,400,28,28,81,0,0,0,1,238.88,0.05105,0.15,619,31.572,2.3196,0.41195
1786,208,19,19,52,0,1,0,0,124.703,0.05096,0.15,619,31.572,2.25349,0.41195
1787,400,33,33,83,0,0,0,1,268.194,0.05088,0.15,619,31.572,1.86578,0.41195
1788,400,30,30,84,0,0,0,1,259.42,0.05079,0.15,619,31.572,2.00722,0.41195
1789,400,35,35,95,0,0,0,1,285.229,0.05071,0.15,619,31.572,2.29959,0.41195
1790,53,4,4,16,0,1,0,0,8.31,0.05062,0.15,619,31.572,3.46691,0.41195
1791,126,16,16,41,0,1,0,0,86.235,0.05054,0.15,619,31.572,2.63617,0.41195
1792,46,5,5,18,0,1,0,0,5.489,0.05046,0.15,619,31.572,3.76692,0.41195
1793,23,2,2,9,0,1,0,0,-10.435,0.05037,0.15,619,31.572,4.26482,0.41195
1794,41,3,3,12,0,1,0,0,-3.204,0.05029,0.15,619,31.572,1.76788,0.41195
1795,29,3,3,8,0,1,0,0,-9.731,0.0502,0.15,619,31.572,3.8465,0.41195
1796,392,30,30,70,0,1,0,0,203.327,0.05012,0.15,619,31.572,2.31662,0.41195
1797,400,27,27,77,0,0,0,1,239.216,0.05004,0.15,619,31.572,1.89753,0.41195
1798,76,9,9,25,0,1,0,0,37.445,0.05,0.15,619,31.572,2.46819,0.41195
1799,400,32,32,86,0,0,0,1,267.141,0.05,0.15,619,31.572,1.94478,0.41195
1800,313,30,30,84,0,1,0,0,202.865,0.05,0.15,619,31.572,2.19699,0.41195
1801,132,18,18,37,0,1,0,0,89.215,0.05,0.15,619,31.572,3.08903,0.41195
1802,267,21,21,57,0,1,0,0,132.674,0.05,0.15,619,31.572,2.50991,0.41195
1803,400,29,29,69,0,0,0,1,237.485,0.05,0.15,619,31.572,2.06934,0.41195
1804,5,0,0,3,0,1,0,0,-33.406,0.05,0.15,619,31.572,2.46982,0.41195
1805,216,23,23,61,0,1,0,0,146.062,0.05,0.15,619,31.572,2.34845,0.41195
1806,51,3,3,10,0,1,0,0,-1.706,0.05,0.15,619,31.572,2.98696,0.41195
1807,37,0,0,2,0,1,0,0,-30.69,0.05,0.15,619,31.572,1.34283,0.41195
1808,400,38,38,97,0,0,0,1,306.355,0.05,0.15,619,31.572,2.43926,0.41195
1809,400,35,35,78,0,0,0,1,265.78,0.05,0.15,619,31.572,2.24161,0.41195
1810,140,14,14,37,0,1,0,0,75.037,0.05,0.15,619,31.572,1.92288,0.41195
1811,247,30,30,73,0,1,0,0,186.746,0.05,0.15,619,31.572,2.27477,0.41195
1812,79,7,7,20,0,1,0,0,21.146,0.05,0.15,619,31.572,2.96248,0.41195
1813,400,27,27,72,0,0,0,1,237.423,0.05,0.15,619,31.572,1.93051,0.41195
1814,66,5,5,16,0,1,0,0,13.719,0.05,0.15,619,31.572,2.13627,0.41195
1815,221,14,14,38,0,1,0,0,89.176,0.05,0.15,619,31.572,1.99704,0.41195
1816,100,8,8,25,0,1,0,0,39.387,0.05,0.15,619,31.572,2.67452,0.41195
1817,213,18,18,49,0,1,0,0,110.886,0.05,0.15,619,31.572,2.30475,0.41195
1818,400,34,34,82,0,0,0,1,266.559,0.05,0.15,619,31.572,2.32012,0.41195
1819,13,0,0,4,0,1,0,0,-27.877,0.05,0.15,619,31.572,5.72665,0.41195
1820,400,30,30,75,0,0,0,1,223.99,0.05,0.15,619,31.572,2.17057,0.41195
1821,7,0,0,6,0,1,0,0,-22.448,0.05,0.15,619,31.572,7.03378,0.41195
1822,400,17,17,44,0,0,0,1,146.865,0.05,0.15,619,31.572,1.60165,0.41195
1823,400,6,6,30,0,0,0,1,106.263,0.05,0.15,619,31.572,1.6269,0.41195
1824,247,17,17,50,0,1,0,0,116.695,0.05,0.15,619,31.572,2.27028,0.41195
1825,48,3,3,13,0,1,0,0,-2.932,0.05,0.15,619,31.572,3.82871,0.41195
1826,400,27,27,68,0,0,0,1,219.779,0.05,0.15,619,31.572,1.91514,0.41195
1827,400,40,40,101,0,0,0,1,302.816,0.05,0.15,619,31.572,2.36698,0.41195
1828,74,5,5,18,0,1,0,0,16.857,0.05,0.15,619,31.572,2.22915,0.41195
1829,17,3,3,8,0,1,0,0,-9.931,0.05,0.15,619,31.572,5.40184,0.41195
1830,400,40,40,94,0,0,0,1,301.646,0.05,0.15,619,31.572,2.45826,0.41195
1831,400,40,40,99,0,0,0,1,313.506,0.05,0.15,619,31.572,2.3715,0.41222
1832,103,10,10,30,0,1,0,0,47.833,0.05,0.15,619,31.572,2.37144,0.41222
1833,400,37,37,90,0,0,0,1,289.94,0.05,0.15,619,31.572,1.91543,0.41222
1834,311,17,17,52,0,1,0,0,116.913,0.05,0.15,619,31.572,1.96418,0.41222
1835,10,0,0,3,0,1,0,0,-32.95,0.05,0.15,619,31.572,3.95767,0.41222
1836,400,24,24,71,0,0,0,1,219.232,0.05,0.15,619,31.572,1.96567,0.41222
1837,400,30,30,70,0,0,0,1,248.385,0.05,0.15,619,31.572,2.39901,0.41222
1838,205,13,13,44,0,1,0,0,76.902,0.05,0.15,619,31.572,2.29661,0.41249
1839,23,2,2,5,0,1,0,0,-17.588,0.05,0.15,619,31.572,3.01615,0.41249
1840,333,26,26,71,0,1,0,0,183.295,0.05,0.15,619,31.572,2.49036,0.41276
1841,400,33,33,95,0,0,0,1,267.084,0.05,0.15,619,31.572,2.14935,0.41276
1842,17,2,2,7,0,1,0,0,-13.18,0.05,0.15,619,31.572,5.36509,0.41276
1843,164,19,19,44,0,1,0,0,109.86,0.05,0.15,619,31.572,2.55092,0.41276
1844,244,14,14,48,0,1,0,0,104.311,0.05,0.15,619,31.572,2.39604,0.41276
1845,5,0,0,3,0,1,0,0,-30.808,0.05,0.15,619,31.572,7.57367,0.41276
1846,400,36,36,89,0,0,0,1,266.642,0.05,0.15,619,31.572,2.00278,0.41276
1847,163,13,13,40,0,1,0,0,74.826,0.05,0.15,619,31.572,2.38408,0.41276
1848,400,33,33,76,0,0,0,1,246.479,0.05,0.15,619,31.572,1.88849,0.41276
1849,400,23,23,56,0,0,0,1,201.544,0.05,0.15,619,31.572,1.58652,0.41276
1850,400,19,19,46,0,0,0,1,169.236,0.05,0.15,619,31.572,1.78118,0.41276
1851,400,29,29,64,0,0,0,1,239.384,0.05,0.15,619,31.572,1.4336,0.41276
1852,400,28,28,79,0,0,0,1,236.174,0.05,0.15,620,31.572,2.09467,0.41237
1853,400,38,38,100,0,0,0,1,290.979,0.05,0.15,620,31.572,2.09337,0.41237
1854,63,7,7,17,0,1,0,0,16.054,0.05,0.15,620,31.572,2.23651,0.41237
1855,239,23,23,58,0,1,0,0,147.721,0.05,0.15,620,31.572,2.32029,0.41263
1856,400,41,41,107,0,0,0,1,312.338,0.05,0.15,620,31.572,2.09488,0.41263
1857,400,34,34,96,0,0,0,1,273.699,0.05,0.15,620,31.572,1.97147,0.41263
1858,400,40,40,99,0,0,0,1,315.939,0.05,0.15,620,31.572,2.04809,0.41263
1859,278,27,27,78,0,1,0,0,178.652,0.05,0.15,620,31.572,2.43323,0.41263
1860,280,30,30,79,0,1,0,0,206.719,0.05,0.15,620,31.572,1.88904,0.41263
1861,400,40,40,99,0,0,0,1,310.144,0.05,0.15,620,31.572,2.14589,0.41263
1862,400,38,38,93,0,0,0,1,292.077,0.05,0.15,620,31.572,2.19871,0.41263
1863,91,7,7,21,0,1,0,0,34.221,0.05,0.15,620,31.572,2.61584,0.41263
1864,99,11,11,38,0,1,0,0,55.306,0.05,0.15,620,31.572,2.60962,0.41263
1865,400,34,34,94,0,0,0,1,290.827,0.05,0.15,620,31.572,1.96185,0.41263
1866,400,40,40,96,0,0,0,1,308.503,0.05,0.15,620,31.572,1.91139,0.41263
1867,374,28,28,73,0,1,0,0,186.211,0.05,0.15,620,31.572,2.31057,0.41263
1868,12,0,0,4,0,1,0,0,-22.55,0.05,0.15,620,31.572,4.96834,0.41263
1869,280,26,26,59,0,1,0,0,145.768,0.05,0.15,621,31.572,2.52175,0.41224
1870,43,5,5,12,0,1,0,0,6.647,0.05,0.15,621,31.572,3.58285,0.41224
1871,127,15,15,38,0,1,0,0,75.1,0.05,0.15,621,31.572,2.72354,0.41224
1872,400,21,21,65,0,0,0,1,212.576,0.05,0.15,621,31.572,1.46124,0.41224
1873,27,1,1,8,0,1,0,0,-16.296,0.05,0.15,621,31.572,2.88002,0.41224
1874,400,42,42,99,0,0,0,1,314.342,0.05,0.15,622,31.572,2.31891,0.41184
1875,62,9,9,15,0,1,0,0,27.534,0.05,0.15,622,31.572,2.54936,0.41184
1876,5,0,0,2,0,1,0,0,-33.558,0.05,0.15,622,31.572,2.48006,0.41184
1877,140,20,20,37,0,1,0,0,101.588,0.05,0.15,622,31.572,2.10797,0.41184
1878,400,38,38,81,0,0,0,1,282.229,0.05,0.15,622,31.572,2.36443,0.41184
1879,247,31,31,62,0,1,0,0,178.596,0.05,0.15,622,31.572,2.2623,0.41184
1880,400,38,38,97,0,0,0,1,291.445,0.05,0.15,622,31.572,2.23816,0.41184
1881,282,25,25,60,0,1,0,0,160.917,0.05,0.15,622,31.572,2.29866,0.41184
1882,39,6,6,15,0,1,0,0,10.491,0.05,0.15,622,31.572,3.93665,0.41184
1883,20,1,1,9,0,1,0,0,-14.675,0.05,0.15,622,31.572,5.31418,0.41184
1884,148,20,20,44,0,1,0,0,106.181,0.05,0.15,622,31.572,2.70208,0.41184
1885,400,35,35,88,0,0,0,1,289.076,0.05,0.15,622,31.572,2.18374,0.41184
1886,41,5,5,12,0,1,0,0,6.883,0.05,0.15,622,31.572,2.69916,0.41184
1887,400,40,40,109,0,0,0,1,306.726,0.05,0.15,622,31.572,2.41087,0.41184
1888,270,29,29,73,0,1,0,0,194.934,0.05,0.15,622,31.572,2.38915,0.41184
1889,400,39,39,92,0,0,0,1,305.387,0.05,0.15,622,31.572,2.49487,0.41184
1890,381,29,29,80,0,1,0,0,195.692,0.05,0.15,622,31.572,2.53257,0.41184
1891,281,23,23,57,0,1,0,0,148.445,0.05,0.15,622,31.572,2.12022,0.41184
1892,88,4,4,12,0,1,0,0,2.67,0.05,0.15,622,31.572,2.76308,0.41184
1893,310,24,24,64,0,1,0,0,157.159,0.05,0.15,622,31.572,2.01714,0.41211
1894,67,7,7,25,0,1,0,0,25.694,0.05,0.15,622,31.572,3.15788,0.41211
1895,13,0,0,3,0,1,0,0,-23.517,0.05,0.15,622,31.572,6.15246,0.41211
1896,83,6,6,27,0,1,0,0,23.175,0.05,0.15,622,31.572,3.69036,0.41211
1897,36,3,3,13,0,1,0,0,-5.654,0.05,0.15,622,31.572,4.04185,0.41211
1898,400,34,34,70,0,0,0,1,238.275,0.05,0.15,622,31.572,1.9561,0.41211
1899,25,3,3,12,0,1,0,0,-9.662,0.05,0.15,622,31.572,4.55597,0.41211
1900,15,1,1,4,0,1,0,0,-22.491,0.05,0.15,622,31.572,8.2017,0.41211
1901,20,1,1,9,0,1,0,0,-15.943,0.05,0.15,622,31.572,6.61147,0.41211
1902,13,0,0,3,0,1,0,0,-26.573,0.05,0.15,622,31.572,8.5119,0.41211
1903,400,18,18,44,0,0,0,1,143.454,0.05,0.15,622,31.572,1.97791,0.41211
1904,47,0,0,3,0,1,0,0,-25.324,0.05,0.15,622,31.572,0.92325,0.41211
1905,13,1,1,4,0,1,0,0,-22.653,0.05,0.15,622,31.572,8.44455,0.41211
1906,400,30,30,70,0,0,0,1,230.878,0.05,0.15,622,31.572,1.59767,0.41211
1907,33,3,3,11,0,1,0,0,-5.131,0.05,0.15,622,31.572,4.30322,0.41211
1908,358,12,12,34,0,1,0,0,88.916,0.05,0.15,622,31.572,1.82813,0.41211
1909,400,13,13,39,0,0,0,1,141.814,0.05,0.15,622,31.572,2.06201,0.41211
1910,80,6,6,14,0,1,0,0,18.325,0.05,0.15,622,31.572,1.85107,0.41211
1911,13,0,0,5,0,1,0,0,-22.809,0.05,0.15,622,31.572,5.87387,0.41211
1912,334,18,18,45,0,1,0,0,112.791,0.05,0.15,622,31.572,1.64756,0.41211
1913,400,32,32,79,0,0,0,1,257.147,0.05,0.15,622,31.572,2.32733,0.41211
1914,400,35,35,94,0,0,0,1,270.395,0.05,0.15,622,31.572,2.29828,0.41211
1915,162,8,8,22,0,1,0,0,38.503,0.05,0.15,622,31.572,2.71102,0.41211
1916,49,3,3,12,0,1,0,0,-3.611,0.05,0.15,622,31.572,2.8413,0.41211
1917,400,28,28,74,0,0,0,1,242.277,0.05,0.15,623,31.572,1.51708,0.41172
1918,400,25,25,68,0,0,0,1,227.785,0.05,0.15,623,31.572,1.226,0.41172
1919,33,5,5,15,0,1,0,0,5.253,0.05,0.15,623,31.572,4.24636,0.41172
1920,400,22,22,52,0,0,0,1,188.636,0.05,0.15,623,31.572,1.94368,0.41172
1921,124,11,11,25,0,1,0,0,59.115,0.05,0.15,623,31.572,1.79615,0.41172
1922,264,26,26,64,0,1,0,0,156.114,0.05,0.15,623,31.572,2.70813,0.41199
1923,400,36,36,95,0,0,0,1,285.654,0.05,0.15,623,31.572,2.21631,0.41199
1924,175,16,16,40,0,1,0,0,91.354,0.05,0.15,623,31.572,2.49705,0.41199
1925,150,11,11,36,0,1,0,0,65.683,0.05,0.15,623,31.572,2.44073,0.41199
1926,13,0,0,3,0,1,0,0,-24.769,0.05,0.15,623,31.572,8.07072,0.41199
1927,400,22,22,58,0,0,0,1,205.977,0.05,0.15,623,31.572,2.24099,0.41252
1928,400,30,30,64,0,0,0,1,230.68,0.05,0.15,623,31.572,2.16964,0.41252
1929,400,22,22,53,0,0,0,1,185.89,0.05,0.15,623,31.572,2.16017,0.41252
1930,17,1,1,7,0,1,0,0,-17.706,0.05,0.15,623,31.572,3.08804,0.41252
1931,400,38,38,96,0,0,0,1,271.238,0.05,0.15,623,31.572,2.35896,0.41252
1932,34,1,1,7,0,1,0,0,-14.843,0.05,0.15,623,31.572,5.3811,0.41252
1933,23,1,1,4,0,1,0,0,-19.277,0.05,0.15,623,31.572,5.83652,0.41252
1934,400,27,27,68,0,0,0,1,234.707,0.05,0.15,623,31.572,2.0506,0.41252
1935,400,30,30,86,0,0,0,1,260.885,0.05,0.15,623,31.572,2.22016,0.41252
1936,121,11,11,31,0,1,0,0,59.643,0.05,0.15,623,31.572,2.34808,0.41252
1937,134,12,12,28,0,1,0,0,57.881,0.05,0.15,623,31.572,2.46913,0.41252
1938,163,12,12,35,0,1,0,0,76.697,0.05,0.15,623,31.572,2.62234,0.41252
1939,400,32,32,75,0,0,0,1,248.182,0.05,0.15,623,31.572,2.57509,0.41252
1940,400,13,13,35,0,0,0,1,121.257,0.05,0.15,623,31.572,1.81674,0.41252
1941,400,36,36,98,0,0,0,1,307.491,0.05,0.15,623,31.572,2.13454,0.41252
1942,16,1,1,3,0,1,0,0,-20.787,0.05,0.15,623,31.572,5.6061,0.41252
1943,187,14,14,36,0,1,0,0,82.027,0.05,0.15,623,31.572,2.5708,0.41252
1944,252,23,23,64,0,1,0,0,148.02,0.05,0.15,623,31.572,2.60862,0.41252
1945,80,8,8,24,0,1,0,0,25.618,0.05,0.15,623,31.572,2.86016,0.41252
1946,400,25,25,63,0,0,0,1,199.777,0.05,0.15,623,31.572,2.17676,0.41252
1947,193,22,22,47,0,1,0,0,122.858,0.05,0.15,623,31.572,2.15828,0.41279
1948,65,5,5,16,0,1,0,0,12.239,0.05,0.15,623,31.572,2.64289,0.41279
1949,151,12,12,27,0,1,0,0,53.946,0.05,0.15,623,31.572,2.37964,0.41279
1950,5,0,0,3,0,1,0,0,-35.052,0.05,0.15,623,31.572,6.9195,0.41279
1951,400,33,33,77,0,0,0,1,243.933,0.05,0.15,623,31.572,2.02056,0.41279
1952,400,18,18,50,0,0,0,1,150.375,0.05,0.15,623,31.572,1.81015,0.41279
1953,99,15,15,26,0,1,0,0,60.467,0.05,0.15,623,31.572,2.73928,0.41279
1954,190,21,21,41,0,1,0,0,99.838,0.05,0.15,623,31.572,2.88022,0.41279
1955,132,13,13,33,0,1,0,0,52.034,0.05,0.15,623,31.572,3.0173,0.41279
1956,14,0,0,3,0,1,0,0,-26.521,0.05,0.15,623,31.572,7.99625,0.41279
1957,13,0,0,3,0,1,0,0,-26.575,0.05,0.15,623,31.572,8.48573,0.41279
1958,400,25,25,65,0,0,0,1,194.946,0.05,0.15,623,31.572,2.23854,0.41279
1959,20,1,1,9,0,1,0,0,-15.611,0.05,0.15,623,31.572,3.91217,0.41279
1960,400,29,29,72,0,0,0,1,222.848,0.05,0.15,623,31.572,2.05697,0.41279
1961,101,10,10,29,0,1,0,0,46.385,0.05,0.15,623,31.572,2.5825,0.41279
1962,400,32,32,79,0,0,0,1,250.373,0.05,0.15,623,31.572,2.22412,0.41279
1963,56,6,6,16,0,1,0,0,15.26,0.05,0.15,624,31.572,3.35896,0.41239
1964,29,2,2,7,0,1,0,0,-14.802,0.05,0.15,624,31.572,3.44354,0.41239
1965,140,8,8,29,0,1,0,0,46.419,0.05,0.15,624,31.572,1.88122,0.41239
1966,41,4,4,11,0,1,0,0,3.129,0.05,0.15,624,31.572,3.14333,0.41239
1967,400,19,19,57,0,0,0,1,190.835,0.05,0.15,624,31.572,1.3383,0.41239
1968,400,9,9,29,0,0,0,1,124.523,0.05,0.15,624,31.572,0.89738,0.41239
1969,400,15,15,40,0,0,0,1,152.007,0.05,0.15,624,31.572,1.12851,0.41239
1970,400,18,18,37,0,0,0,1,174.721,0.05,0.15,624,31.572,1.12183,0.41239
1971,242,17,17,44,0,1,0,0,101.158,0.05,0.15,624,31.572,1.98387,0.41239
1972,400,23,23,47,0,0,0,1,186.868,0.05,0.15,624,31.572,1.34784,0.41239
1973,63,4,4,13,0,1,0,0,5.189,0.05,0.15,624,31.572,2.30938,0.41239
1974,400,31,31,73,0,0,0,1,230.354,0.05,0.15,624,31.572,2.31732,0.41239
1975,400,29,29,69,0,0,0,1,234.094,0.05,0.15,625,31.572,2.12964,0.412
1976,400,33,33,82,0,0,0,1,258.094,0.05,0.15,625,31.572,2.30483,0.412
1977,400,18,18,47,0,0,0,1,169.707,0.05,0.15,625,31.572,1.94094,0.412
1978,400,28,28,76,0,0,0,1,229.311,0.05,0.15,625,31.572,2.17369,0.412
1979,400,38,38,92,0,0,0,1,295.779,0.05,0.15,625,31.572,2.29217,0.412
1980,13,0,0,5,0,1,0,0,-26.371,0.05,0.15,625,31.572,6.12005,0.412
1981,76,5,5,15,0,1,0,0,12.156,0.05,0.15,625,31.572,2.83745,0.412
1982,400,18,18,62,0,0,0,1,192.583,0.05,0.15,625,31.572,1.90461,0.412
1983,130,15,15,34,0,1,0,0,74.543,0.05,0.15,625,31.572,2.72923,0.412
1984,20,0,0,5,0,1,0,0,-21.584,0.05,0.15,625,31.572,4.08267,0.412
1985,400,37,37,96,0,0,0,1,294.606,0.05,0.15,625,31.572,2.57677,0.412
1986,29,2,2,8,0,1,0,0,-12.431,0.05,0.15,625,31.572,3.97313,0.412
1987,400,27,27,80,0,0,0,1,222.218,0.05,0.15,625,31.572,2.13299,0.412
1988,400,36,36,77,0,0,0,1,256.697,0.05,0.15,625,31.572,2.46594,0.412
1989,172,17,17,45,0,1,0,0,98.036,0.05,0.15,625,31.572,2.49597,0.412
1990,105,10,10,37,0,1,0,0,58.025,0.05,0.15,625,31.572,2.88154,0.412
1991,104,13,13,34,0,1,0,0,60.964,0.05,0.15,625,31.572,2.72701,0.412
1992,400,34,34,89,0,0,0,1,266.436,0.05,0.15,625,31.572,2.48451,0.412
1993,400,31,31,90,0,0,0,1,254.399,0.05,0.15,625,31.572,2.27203,0.41227
1994,400,25,25,77,0,0,0,1,209.621,0.05,0.15,625,31.572,2.23693,0.41227
1995,400,39,39,98,0,0,0,1,288.812,0.05,0.15,625,31.572,2.5446,0.41227
1996,400,38,38,109,0,0,0,1,293.926,0.05,0.15,625,31.572,2.25877,0.41227
1997,400,40,40,102,0,0,0,1,304.949,0.05,0.15,625,31.572,2.53042,0.41227
1998,400,32,32,77,0,0,0,1,247.663,0.05,0.15,625,31.572,2.10864,0.41227
1999,400,40,40,107,0,0,0,1,306.865,0.05,0.15,625,31.572,2.54544,0.41227
2000,135,15,15,28,0,1,0,0,73.174,0.05,0.15,625,31.572,2.08644,0.41227
2001,83,1,1,17,0,1,0,0,-8.259,0.05,0.15,625,31.572,2.96409,0.41227
2002,27,2,2,5,0,1,0,0,-13.599,0.05,0.15,625,31.572,4.50776,0.41227
2003,324,33,33,86,0,1,0,0,216.111,0.05,0.15,625,31.572,2.13186,0.41227
2004,68,0,0,1,0,1,0,0,-31.726,0.05,0.15,625,31.572,0.57697,0.41227
2005,32,1,1,8,0,1,0,0,-13.561,0.05,0.15,625,31.572,3.38888,0.41227
2006,333,22,22,58,0,1,0,0,147.084,0.05,0.15,625,31.572,2.46308,0.41253
2007,309,33,33,74,0,1,0,0,205.462,0.05,0.15,625,31.572,2.7691,0.4128
2008,400,30,30,77,0,0,0,1,231.778,0.05,0.15,625,31.572,2.11615,0.4128
2009,336,38,38,83,0,1,0,0,223.317,0.05,0.15,625,31.572,2.56144,0.4128
2010,163,3,3,11,0,1,0,0,7.662,0.05,0.15,625,31.572,2.43268,0.4128
2011,291,13,13,39,0,1,0,0,107.776,0.05,0.15,625,31.572,1.36892,0.4128
2012,13,0,0,7,0,1,0,0,-26.004,0.05,0.15,625,31.572,4.09776,0.4128
2013,35,3,3,11,0,1,0,0,-8.066,0.05,0.15,625,31.572,3.75479,0.4128
2014,290,19,19,52,0,1,0,0,127.098,0.05,0.15,625,31.572,1.72969,0.4128
2015,400,39,39,101,0,0,0,1,304.271,0.05,0.15,625,31.572,2.32991,0.4128
2016,195,23,23,62,0,1,0,0,136.95,0.05,0.15,625,31.572,2.66293,0.4128
2017,400,12,12,35,0,0,0,1,144.739,0.05,0.15,625,31.572,1.01422,0.4128
2018,290,21,21,72,0,1,0,0,155.921,0.05,0.15,625,31.572,2.04665,0.4128
2019,288,33,33,78,0,1,0,0,205.94,0.05,0.15,625,31.572,2.27626,0.4128
2020,400,29,29,73,0,0,0,1,234.845,0.05,0.15,625,31.572,1.88906,0.41307
2021,329,25,25,59,0,1,0,0,168.917,0.05,0.15,625,31.572,1.56529,0.41307
2022,400,41,41,111,0,0,0,1,310.081,0.05,0.15,625,31.572,2.19184,0.41307
2023,170,19,19,56,0,1,0,0,118.145,0.05,0.15,625,31.572,2.72268,0.41307
2024,400,47,47,114,0,0,0,1,331.897,0.05,0.15,625,31.572,2.33105,0.41307
2025,120,15,15,47,0,1,0,0,83.748,0.05,0.15,625,31.572,2.67197,0.41307
2026,400,40,40,102,0,0,0,1,293.381,0.05,0.15,625,31.572,2.07817,0.41307
2027,400,17,17,32,0,0,0,1,153.266,0.05,0.15,625,31.572,1.35243,0.41307
2028,400,38,38,92,0,0,0,1,279.77,0.05,0.15,625,31.572,2.34811,0.41307
2029,400,39,39,102,0,0,0,1,296.838,0.05,0.15,625,31.572,2.00381,0.41307
2030,221,23,23,54,0,1,0,0,140.294,0.05,0.15,625,31.572,2.35732,0.41307
2031,400,44,44,112,0,0,0,1,319.743,0.05,0.15,625,31.572,2.27408,0.41307
2032,400,41,41,100,0,0,0,1,303.791,0.05,0.15,625,31.572,2.07152,0.41307
2033,105,11,11,27,0,1,0,0,54.182,0.05,0.15,625,31.572,2.68955,0.41307
2034,13,0,0,5,0,1,0,0,-25.773,0.05,0.15,625,31.572,8.65963,0.41307
2035,18,1,1,11,0,1,0,0,-15.146,0.05,0.15,625,31.572,3.59379,0.41307
2036,104,12,12,41,0,1,0,0,55.664,0.05,0.15,625,31.572,3.51923,0.41307
2037,400,45,45,115,0,0,0,1,327.872,0.05,0.15,625,31.572,2.51355,0.41307
2038,284,21,21,57,0,1,0,0,135.707,0.05,0.15,625,31.572,2.07201,0.41307
2039,226,26,26,73,0,1,0,0,157.803,0.05,0.15,625,31.572,2.4892,0.41307
2040,400,40,40,86,0,0,0,1,294.213,0.05,0.15,625,31.572,2.41705,0.41307
2041,16,1,1,3,0,1,0,0,-20.763,0.05,0.15,625,31.572,3.83274,0.41307
2042,400,48,48,115,0,0,0,1,338.809,0.05,0.15,625,31.572,2.50396,0.41333
2043,400,31,31,86,0,0,0,1,252.151,0.05,0.15,625,31.572,1.98167,0.41333
2044,5,0,0,3,0,1,0,0,-33.806,0.05,0.15,625,31.572,1.92789,0.41333
2045,163,18,18,42,0,1,0,0,95.849,0.05,0.15,625,31.572,2.61134,0.41333
2046,400,40,40,103,0,0,0,1,306.732,0.05,0.15,625,31.572,2.21222,0.41333
2047,68,4,4,17,0,1,0,0,13.963,0.05,0.15,625,31.572,2.74912,0.41333
2048,246,25,25,80,0,1,0,0,167.161,0.05,0.15,625,31.572,2.78723,0.4136
2049,185,21,21,58,0,1,0,0,131.442,0.05,0.15,625,31.572,2.43032,0.4136
2050,400,45,45,97,0,0,0,1,316.319,0.05,0.15,625,31.572,2.47776,0.4136
2051,400,41,41,102,0,0,0,1,301.614,0.05,0.15,625,31.572,2.03901,0.4136
2052,400,31,31,76,0,0,0,1,238.04,0.05,0.15,625,31.572,2.00395,0.4136
2053,400,40,40,105,0,0,0,1,309.194,0.05,0.15,625,31.572,2.26577,0.4136
2054,66,7,7,18,0,1,0,0,22.595,0.05,0.15,625,31.572,2.60031,0.4136
2055,400,40,40,96,0,0,0,1,303.879,0.05,0.15,625,31.572,2.08497,0.4136
2056,400,41,41,96,0,0,0,1,297.178,0.05,0.15,625,31.572,2.32483,0.41387
2057,400,48,48,119,0,0,0,1,338.545,0.05,0.15,625,31.572,2.36356,0.41387
2058,400,45,45,118,0,0,0,1,335.202,0.05,0.15,625,31.572,2.08785,0.41387
2059,154,21,21,52,0,1,0,0,107.291,0.05,0.15,625,31.572,3.38284,0.41387
2060,103,11,11,38,0,1,0,0,54.399,0.05,0.15,625,31.572,2.94195,0.41387
2061,72,4,4,16,0,1,0,0,3.435,0.05,0.15,625,31.572,2.96298,0.41387
2062,400,43,43,101,0,0,0,1,325.468,0.05,0.15,625,31.572,2.12345,0.41387
2063,400,42,42,112,0,0,0,1,319.882,0.05,0.15,625,31.572,2.19055,0.41387
2064,400,45,45,107,0,0,0,1,320.867,0.05,0.15,625,31.572,2.21319,0.41387
2065,188,17,17,52,0,1,0,0,116.195,0.05,0.15,625,31.572,2.48346,0.41387
2066,400,36,36,106,0,0,0,1,297.152,0.05,0.15,625,31.572,2.23381,0.41387
2067,178,21,21,49,0,1,0,0,118.283,0.05,0.15,625,31.572,2.24119,0.41387
2068,400,39,39,95,0,0,0,1,294.271,0.05,0.15,625,31.572,2.06908,0.41387
2069,42,5,5,16,0,1,0,0,8.897,0.05,0.15,625,31.572,3.64833,0.41387
2070,246,27,27,60,0,1,0,0,165.098,0.05,0.15,625,31.572,2.32651,0.41387
2071,306,30,30,77,0,1,0,0,200.357,0.05,0.15,625,31.572,2.08326,0.41387
2072,22,2,2,5,0,1,0,0,-16.668,0.05,0.15,625,31.572,3.78499,0.41387
2073,108,13,13,29,0,1,0,0,65.536,0.05,0.15,625,31.572,2.68862,0.41387
2074,400,40,40,108,0,0,0,1,312.359,0.05,0.15,625,31.572,2.00277,0.41387
2075,185,21,21,60,0,1,0,0,126.853,0.05,0.15,625,31.572,2.22123,0.41387
2076,110,15,15,31,0,1,0,0,73.749,0.05,0.15,625,31.572,2.52803,0.41387
2077,304,31,31,84,0,1,0,0,197.67,0.05,0.15,625,31.572,2.38008,0.41387
2078,221,26,26,64,0,1,0,0,159.155,0.05,0.15,625,31.572,2.30311,0.41387
2079,400,38,38,96,0,0,0,1,301.876,0.05,0.15,625,31.572,2.06611,0.41387
2080,400,27,27,70,0,0,0,1,236.885,0.05,0.15,625,31.572,1.69272,0.41387
2081,39,3,3,12,0,1,0,0,-6.519,0.05,0.15,625,31.572,3.72816,0.41387
2082,53,5,5,12,0,1,0,0,8.86,0.05,0.15,625,31.572,1.96344,0.41387
2083,259,25,25,70,0,1,0,0,167.547,0.05,0.15,625,31.572,2.51287,0.41387
2084,55,6,6,17,0,1,0,0,15.61,0.05,0.15,625,31.572,3.39728,0.41387
2085,148,10,10,27,0,1,0,0,53.426,0.05,0.15,625,31.572,2.14901,0.41387
2086,400,41,41,100,0,0,0,1,313.475,0.05,0.15,625,31.572,2.16496,0.41387
2087,198,22,22,47,0,1,0,0,112.812,0.05,0.15,625,31.572,2.52167,0.41387
2088,365,39,39,91,0,1,0,0,248.163,0.05,0.15,625,31.572,2.12575,0.41387
2089,203,29,29,60,0,1,0,0,159.158,0.05,0.15,625,31.572,2.76696,0.41387
2090,400,39,39,91,0,0,0,1,290.454,0.05,0.15,625,31.572,2.22999,0.41387
2091,400,39,39,95,0,0,0,1,294.334,0.05,0.15,625,31.572,2.04333,0.41387
2092,38,4,4,11,0,1,0,0,-3.052,0.05,0.15,625,31.572,3.26519,0.41387
2093,96,12,12,34,0,1,0,0,58.246,0.05,0.15,625,31.572,2.73959,0.41387
2094,175,16,16,51,0,1,0,0,100.746,0.05,0.15,625,31.572,2.57406,0.41387
2095,400,36,36,82,0,0,0,1,267.227,0.05,0.15,625,31.572,2.02188,0.41387
2096,39,1,1,13,0,1,0,0,-10.001,0.05,0.15,625,31.572,3.3611,0.41387
2097,400,43,43,97,0,0,0,1,318.224,0.05,0.15,625,31.572,2.29044,0.41387
2098,165,17,17,47,0,1,0,0,99.636,0.05,0.15,625,31.572,2.16211,0.41387
2099,400,42,42,96,0,0,0,1,302.809,0.05,0.15,625,31.572,2.24844,0.41387
2100,400,39,39,100,0,0,0,1,310.456,0.05,0.15,625,31.572,2.04609,0.41387
2101,139,14,14,45,0,1,0,0,75.7,0.05,0.15,625,31.572,2.20715,0.41387
2102,400,38,38,89,0,0,0,1,284.624,0.05,0.15,625,31.572,2.03336,0.41387
2103,400,40,40,90,0,0,0,1,303.606,0.05,0.15,625,31.572,2.11206,0.41387
2104,400,38,38,91,0,0,0,1,292.101,0.05,0.15,625,31.572,2.0033,0.41387
2105,327,31,31,92,0,1,0,0,221.052,0.05,0.15,625,31.572,2.08708,0.41387
2106,13,0,0,5,0,1,0,0,-27.277,0.05,0.15,625,31.572,5.19448,0.41387
2107,400,44,44,107,0,0,0,1,324.099,0.05,0.15,625,31.572,2.03675,0.41387
2108,17,0,0,4,0,1,0,0,-23.965,0.05,0.15,625,31.572,6.973,0.41387
2109,208,23,23,57,0,1,0,0,132.528,0.05,0.15,625,31.572,2.40958,0.41387
2110,28,1,1,10,0,1,0,0,-15.532,0.05,0.15,625,31.572,4.18546,0.41387
2111,400,45,45,93,0,0,0,1,319.506,0.05,0.15,625,31.572,2.24158,0.41387
2112,342,28,28,90,0,1,0,0,213.892,0.05,0.15,625,31.572,2.05074,0.41387
2113,83,8,8,22,0,1,0,0,28.26,0.05,0.15,625,31.572,2.57562,0.41387
2114,217,15,15,36,0,1,0,0,95.782,0.05,0.15,625,31.572,1.86278,0.41387
2115,400,29,29,66,0,0,0,1,233.103,0.05,0.15,625,31.572,1.6832,0.41387
2116,64,3,3,11,0,1,0,0,-3.446,0.05,0.15,625,31.572,3.30076,0.41387
2117,400,26,26,77,0,1,0,0,199.915,0.05,0.15,625,31.572,1.85075,0.41387
2118,52,3,3,12,0,1,0,0,1.355,0.05,0.15,625,31.572,2.32915,0.41387
2119,400,22,22,51,0,0,0,1,182.09,0.05,0.15,625,31.572,1.50351,0.41387
2120,13,0,0,5,0,1,0,0,-24.973,0.05,0.15,625,31.572,8.66778,0.41387
2121,181,11,11,28,0,1,0,0,67.577,0.05,0.15,625,31.572,1.32933,0.41387
2122,37,0,0,4,0,1,0,0,-19.721,0.05,0.15,625,31.572,2.62275,0.41387
2123,400,13,13,35,0,0,0,1,143.202,0.05,0.15,625,31.572,1.33723,0.41387
2124,355,37,37,96,0,1,0,0,247.306,0.05,0.15,625,31.572,2.51958,0.41387
2125,400,44,44,101,0,0,0,1,326.687,0.05,0.15,625,31.572,2.13808,0.41387
2126,400,40,40,90,0,0,0,1,305.417,0.05,0.15,625,31.572,2.2543,0.41387
2127,29,2,2,10,0,1,0,0,-10.855,0.05,0.15,625,31.572,3.86006,0.41387
2128,400,10,10,27,0,0,0,1,135.547,0.05,0.15,625,31.572,0.94938,0.41387
2129,400,28,28,74,0,0,0,1,225.373,0.05,0.15,625,31.572,2.21712,0.41387
2130,400,34,34,71,0,0,0,1,264.138,0.05,0.15,625,31.572,2.22162,0.41387
2131,400,32,32,83,0,0,0,1,265.256,0.05,0.15,625,31.572,2.2315,0.41387
2132,70,5,5,14,0,1,0,0,15.939,0.05,0.15,625,31.572,2.69915,0.41387
2133,80,7,7,24,0,1,0,0,32.733,0.05,0.15,625,31.572,2.77357,0.41387
2134,164,13,13,36,0,1,0,0,80.849,0.05,0.15,625,31.572,2.70475,0.41387
2135,400,18,18,43,0,0,0,1,163.71,0.05,0.15,625,31.572,2.03821,0.41387
2136,88,8,8,23,0,1,0,0,38.303,0.05,0.15,625,31.572,2.7848,0.41387
2137,396,34,34,94,0,1,0,0,239.753,0.05,0.15,625,31.572,2.17593,0.41387
2138,5,0,0,4,0,1,0,0,-32.004,0.05,0.15,625,31.572,1.68217,0.41387
2139,400,34,34,75,0,0,0,1,256.335,0.05,0.15,625,31.572,2.34511,0.41387
2140,295,23,23,57,0,1,0,0,164.106,0.05,0.15,625,31.572,2.05074,0.41387
2141,400,32,32,69,0,0,0,1,244.213,0.05,0.15,625,31.572,2.08361,0.41413
2142,45,2,2,7,0,1,0,0,-10.921,0.05,0.15,625,31.572,4.18126,0.41413
2143,400,28,28,67,0,0,0,1,219.851,0.05,0.15,625,31.572,2.09546,0.41413
2144,248,11,11,30,0,1,0,0,72.595,0.05,0.15,625,31.572,1.92768,0.41413
2145,400,37,37,90,0,0,0,1,282.857,0.05,0.15,625,31.572,2.17226,0.4144
2146,400,18,18,39,0,0,0,1,160.763,0.05,0.15,625,31.572,1.93472,0.4144
2147,400,28,28,78,0,0,0,1,234.668,0.05,0.15,625,31.572,1.87103,0.4144
2148,400,35,35,91,0,0,0,1,281.278,0.05,0.15,625,31.572,1.91598,0.4144
2149,171,12,12,36,0,1,0,0,75.031,0.05,0.15,625,31.572,1.69815,0.4144
2150,400,35,35,79,0,0,0,1,268.04,0.05,0.15,625,31.572,1.98822,0.4144
2151,30,5,5,10,0,1,0,0,3.199,0.05,0.15,625,31.572,3.90517,0.4144
2152,400,45,45,108,0,0,0,1,329.86,0.05,0.15,625,31.572,2.01803,0.4144
2153,343,28,28,83,0,1,0,0,207.083,0.05,0.15,625,31.572,2.07531,0.4144
2154,76,9,9,25,0,1,0,0,32.933,0.05,0.15,625,31.572,2.86518,0.4144
2155,241,19,19,56,0,1,0,0,125.93,0.05,0.15,625,31.572,2.1296,0.4144
2156,137,13,13,26,0,1,0,0,66.693,0.05,0.15,625,31.572,2.48755,0.4144
2157,400,35,35,105,0,0,0,1,300.701,0.05,0.15,625,31.572,1.95424,0.4144
2158,67,10,10,20,0,1,0,0,32.902,0.05,0.15,625,31.572,3.9505,0.4144
2159,400,44,44,102,0,0,0,1,329.894,0.05,0.15,625,31.572,2.14851,0.4144
2160,400,44,44,106,0,0,0,1,322.455,0.05,0.15,625,31.572,2.03533,0.4144
2161,5,0,0,1,0,1,0,0,-28.664,0.05,0.15,625,31.572,9.62243,0.4144
2162,400,42,42,98,0,0,0,1,310.339,0.05,0.15,625,31.572,2.20754,0.4144
2163,400,37,37,111,0,0,0,1,295.532,0.05,0.15,625,31.572,2.01821,0.4144
2164,400,43,43,106,0,0,0,1,321.677,0.05,0.15,625,31.572,2.19297,0.4144
2165,400,41,41,109,0,0,0,1,328.412,0.05,0.15,625,31.572,2.00838,0.4144
2166,400,39,39,91,0,0,0,1,286.364,0.05,0.15,625,31.572,2.12503,0.4144
2167,57,10,10,22,0,1,0,0,29.094,0.05,0.15,625,31.572,4.03789,0.4144
2168,400,42,42,107,0,0,0,1,330.076,0.05,0.15,625,31.572,1.89576,0.4144
2169,105,11,11,34,0,1,0,0,60.347,0.05,0.15,625,31.572,2.88301,0.4144
2170,20,1,1,7,0,1,0,0,-16.009,0.05,0.15,625,31.572,5.39889,0.4144
2171,400,39,39,98,0,0,0,1,306.647,0.05,0.15,625,31.572,2.00772,0.4144
2172,400,40,40,91,0,0,0,1,303.99,0.05,0.15,625,31.572,1.92312,0.4144
2173,244,24,24,67,0,1,0,0,157.65,0.05,0.15,625,31.572,2.09857,0.4144
2174,20,0,0,8,0,1,0,0,-24.963,0.05,0.15,625,31.572,5.91984,0.4144
2175,67,6,6,21,0,1,0,0,23.029,0.05,0.15,625,31.572,2.45608,0.4144
2176,214,24,24,54,0,1,0,0,141.394,0.05,0.15,625,31.572,2.25585,0.4144
2177,400,43,43,111,0,0,0,1,325.685,0.05,0.15,625,31.572,2.27773,0.4144
2178,160,18,18,49,0,1,0,0,108.26,0.05,0.15,625,31.572,2.44873,0.4144
2179,208,22,22,48,0,1,0,0,132.463,0.05,0.15,625,31.572,2.6052,0.4144
2180,397,41,41,105,0,1,0,0,284.416,0.05,0.15,625,31.572,2.75014,0.4144
2181,33,3,3,13,0,1,0,0,-4.973,0.05,0.15,625,31.572,4.09456,0.4144
2182,28,5,5,7,0,1,0,0,-2.745,0.05,0.15,625,31.572,4.44858,0.4144
2183,37,1,1,14,0,1,0,0,-13.159,0.05,0.15,625,31.572,4.14094,0.4144
2184,166,9,9,25,0,1,0,0,51.327,0.05,0.15,625,31.572,1.94913,0.4144
2185,31,3,3,11,0,1,0,0,-3.032,0.05,0.15,625,31.572,3.33702,0.4144
2186,134,13,13,35,0,1,0,0,63.067,0.05,0.15,625,31.572,3.01835,0.4144
2187,400,41,41,109,0,0,0,1,323.252,0.05,0.15,625,31.572,2.3141,0.4144
2188,112,11,11,32,0,1,0,0,63.163,0.05,0.15,625,31.572,2.35021,0.4144
2189,400,39,39,100,0,0,0,1,303.308,0.05,0.15,625,31.572,2.39466,0.4144
2190,400,43,43,107,0,0,0,1,317.884,0.05,0.15,625,31.572,2.38224,0.4144
2191,83,8,8,27,0,1,0,0,42.659,0.05,0.15,625,31.572,2.6173,0.4144
2192,369,41,41,104,0,1,0,0,278.321,0.05,0.15,625,31.572,2.24047,0.4144
2193,103,8,8,27,0,1,0,0,38.676,0.05,0.15,625,31.572,2.47541,0.4144
2194,104,13,13,25,0,1,0,0,54.4,0.05,0.15,625,31.572,2.46103,0.4144
2195,20,1,1,8,0,1,0,0,-18.977,0.05,0.15,625,31.572,5.47975,0.4144
2196,400,46,46,103,0,0,0,1,333.266,0.05,0.15,625,31.572,2.16455,0.41467
2197,284,29,29,72,0,1,0,0,190.066,0.05,0.15,625,31.572,2.46821,0.41467
2198,208,24,24,49,0,1,0,0,133.145,0.05,0.15,625,31.572,2.57873,0.41467
2199,202,22,22,52,0,1,0,0,123.027,0.05,0.15,625,31.572,2.59273,0.41467
2200,331,32,32,84,0,1,0,0,209.629,0.05,0.15,625,31.572,2.51618,0.41493
2201,5,0,0,4,0,1,0,0,-32.004,0.05,0.15,625,31.572,1.59279,0.41493
2202,122,9,9,35,0,1,0,0,46.1,0.05,0.15,625,31.572,2.62387,0.41493
2203,50,4,4,17,0,1,0,0,5.588,0.05,0.15,625,31.572,3.30983,0.41493
2204,400,29,29,70,0,0,0,1,248.512,0.05,0.15,625,31.572,1.58577,0.41493
2205,13,0,0,3,0,1,0,0,-24.371,0.05,0.15,625,31.572,5.50394,0.41493
2206,13,0,0,3,0,1,0,0,-26.573,0.05,0.15,625,31.572,8.66714,0.41493
2207,400,8,8,27,0,0,0,1,103.787,0.05,0.15,625,31.572,1.96854,0.41493
2208,257,18,18,51,0,1,0,0,121.404,0.05,0.15,625,31.572,2.31158,0.41493
2209,400,28,28,63,0,0,0,1,222.851,0.05,0.15,625,31.572,2.10797,0.41493
2210,400,30,30,75,0,0,0,1,243.492,0.05,0.15,625,31.572,2.23363,0.41493
2211,400,30,30,55,0,0,0,1,228.483,0.05,0.15,625,31.572,2.26225,0.41493
2212,400,31,31,86,0,0,0,1,258.835,0.05,0.15,625,31.572,2.10049,0.41493
2213,400,32,32,73,0,0,0,1,240.991,0.05,0.15,625,31.572,2.17897,0.41493
2214,369,31,31,78,0,1,0,0,216.551,0.05,0.15,625,31.572,2.18871,0.41493
2215,116,7,7,26,0,1,0,0,31.397,0.05,0.15,625,31.572,2.9901,0.41493
2216,352,27,27,74,0,1,0,0,191.251,0.05,0.15,625,31.572,2.0304,0.4152
2217,400,30,30,80,0,0,0,1,255.119,0.05,0.15,625,31.572,1.94094,0.4152
2218,114,8,8,33,0,1,0,0,46.673,0.05,0.15,625,31.572,2.76305,0.4152
2219,117,10,10,32,0,1,0,0,63.144,0.05,0.15,625,31.572,2.4254,0.4152
2220,400,39,39,95,0,0,0,1,299.279,0.05,0.15,625,31.572,2.39728,0.4152
2221,48,6,6,11,0,1,0,0,6.002,0.05,0.15,625,31.572,2.85451,0.4152
2222,43,6,6,12,0,1,0,0,10.193,0.05,0.15,625,31.572,2.51902,0.4152
2223,41,3,3,10,0,1,0,0,-6.008,0.05,0.15,625,31.572,3.17119,0.4152
2224,400,39,39,102,0,0,0,1,302.714,0.05,0.15,625,31.572,1.98956,0.4152
2225,400,42,42,100,0,0,0,1,316.263,0.05,0.15,625,31.572,2.21495,0.4152
2226,164,16,16,44,0,1,0,0,99.323,0.05,0.15,625,31.572,2.18347,0.4152
2227,310,22,22,57,0,1,0,0,142.678,0.05,0.15,625,31.572,1.89232,0.41547
2228,15,0,0,5,0,1,0,0,-21.801,0.05,0.15,625,31.572,5.84243,0.41547
2229,16,2,2,2,0,1,0,0,-17.488,0.05,0.15,625,31.572,3.48726,0.41547
2230,45,5,5,16,0,1,0,0,8.807,0.05,0.15,625,31.572,3.14653,0.41547
2231,391,27,27,74,0,1,0,0,196.121,0.05,0.15,625,31.572,1.95226,0.41547
2232,400,37,37,83,0,0,0,1,279.832,0.05,0.15,625,31.572,2.29016,0.41547
2233,400,40,40,94,0,0,0,1,282.943,0.05,0.15,625,31.572,2.29486,0.41547
2234,19,0,0,7,0,1,0,0,-24.458,0.05,0.15,625,31.572,4.30198,0.41547
2235,400,35,35,80,0,0,0,1,252.874,0.05,0.15,625,31.572,2.18395,0.41547
2236,311,22,22,63,0,1,0,0,141.524,0.05,0.15,625,31.572,2.19599,0.41547
2237,400,32,32,74,0,0,0,1,242.824,0.05,0.15,625,31.572,2.28547,0.41573
2238,179,18,18,43,0,1,0,0,104.344,0.05,0.15,625,31.572,2.16205,0.41573
2239,227,15,15,44,0,1,0,0,100.539,0.05,0.15,625,31.572,1.87628,0.41573
2240,5,0,0,3,0,1,0,0,-31.352,0.05,0.15,625,31.572,1.34816,0.41573
2241,341,33,33,78,0,1,0,0,211.133,0.05,0.15,625,31.572,2.34211,0.41573
2242,25,1,1,7,0,1,0,0,-20.763,0.05,0.15,625,31.572,4.64579,0.41573
2243,14,0,0,5,0,1,0,0,-27.896,0.05,0.15,625,31.572,5.05157,0.41573
2244,400,27,27,77,0,0,0,1,229.941,0.05,0.15,625,31.572,1.93889,0.41573
2245,282,20,20,53,0,1,0,0,131.81,0.05,0.15,625,31.572,2.34056,0.41573
2246,16,1,1,4,0,1,0,0,-23.339,0.05,0.15,625,31.572,5.94973,0.41573
2247,400,24,24,61,0,0,0,1,205.379,0.05,0.15,625,31.572,1.41638,0.41573
2248,400,29,29,82,0,0,0,1,246.764,0.05,0.15,625,31.572,1.99111,0.41573
2249,400,13,13,42,0,0,0,1,160.533,0.05,0.15,625,31.572,0.9679,0.41573
2250,17,1,1,9,0,1,0,0,-15.377,0.05,0.15,625,31.572,5.23228,0.41573
2251,201,18,18,41,0,1,0,0,103.766,0.05,0.15,625,31.572,2.05661,0.41573
2252,400,13,13,28,0,0,0,1,122.632,0.05,0.15,625,31.572,1.85751,0.41573
2253,186,14,14,32,0,1,0,0,83.076,0.05,0.15,625,31.572,2.33197,0.41573
2254,400,28,28,70,0,0,0,1,220.52,0.05,0.15,625,31.572,2.14352,0.41573
2255,17,2,2,9,0,1,0,0,-13.159,0.05,0.15,625,31.572,4.46274,0.41573
2256,400,33,33,87,0,0,0,1,254.635,0.05,0.15,625,31.572,2.20253,0.41573
2257,53,3,3,10,0,1,0,0,0.753,0.05,0.15,625,31.572,2.53534,0.41573
2258,400,25,25,68,0,0,0,1,216.31,0.05,0.15,625,31.572,2.19302,0.41573
2259,400,30,30,65,0,0,0,1,231.777,0.05,0.15,625,31.572,2.18468,0.41573
2260,207,10,10,25,0,1,0,0,60.119,0.05,0.15,625,31.572,1.71046,0.41573
2261,189,21,21,51,0,1,0,0,116.605,0.05,0.15,625,31.572,2.23375,0.41573
2262,252,19,19,42,0,1,0,0,103.944,0.05,0.15,625,31.572,2.0525,0.41573
2263,342,26,26,61,0,1,0,0,155.805,0.05,0.15,625,31.572,1.9266,0.41573
2264,400,18,18,49,0,0,0,1,187.392,0.05,0.15,625,31.572,1.23269,0.41573
2265,123,9,9,25,0,1,0,0,42.066,0.05,0.15,625,31.572,2.39602,0.41573
2266,400,31,31,81,0,0,0,1,246.019,0.05,0.15,625,31.572,2.12543,0.41573
2267,397,14,14,41,0,1,0,0,85.336,0.05,0.15,625,31.572,1.9154,0.41573
2268,48,2,2,8,0,1,0,0,-8.55,0.05,0.15,625,31.572,3.73153,0.41573
2269,33,0,0,2,0,1,0,0,-21.455,0.05,0.15,625,31.572,4.27827,0.416
2270,400,13,13,42,0,0,0,1,159.626,0.05,0.15,625,31.572,1.22771,0.416
2271,18,1,1,6,0,1,0,0,-18.015,0.05,0.15,625,31.572,5.18795,0.416
2272,400,22,22,40,0,0,0,1,183.204,0.05,0.15,625,31.572,1.44633,0.416
2273,400,22,22,54,0,0,0,1,194.943,0.05,0.15,625,31.572,2.09468,0.416
2274,400,20,20,53,0,0,0,1,184.463,0.05,0.15,625,31.572,1.92896,0.416
2275,5,0,0,3,0,1,0,0,-33.404,0.05,0.15,625,31.572,1.53696,0.416
2276,39,2,2,13,0,1,0,0,-4.28,0.05,0.15,625,31.572,2.57461,0.416
2277,168,17,17,35,0,1,0,0,95.658,0.05,0.15,625,31.572,2.4163,0.416
2278,400,20,20,53,0,0,0,1,200.687,0.05,0.15,625,31.572,1.48165,0.416
2279,53,1,1,10,0,1,0,0,-9.773,0.05,0.15,625,31.572,2.24303,0.416
2280,400,27,27,67,0,0,0,1,235.68,0.05,0.15,625,31.572,1.58845,0.416
2281,210,19,19,45,0,1,0,0,120.494,0.05,0.15,625,31.572,1.97658,0.416
2282,180,16,16,47,0,1,0,0,103.25,0.05,0.15,625,31.572,2.15613,0.416
2283,400,44,44,101,0,0,0,1,330.046,0.05,0.15,625,31.572,2.46922,0.416
2284,270,31,31,81,0,1,0,0,207.08,0.05,0.15,625,31.572,2.44261,0.416
2285,400,47,47,105,0,0,0,1,337.929,0.05,0.15,625,31.572,2.42725,0.416
2286,119,8,8,26,0,1,0,0,47.241,0.05,0.15,625,31.572,2.25331,0.416
2287,113,13,13,34,0,1,0,0,71.126,0.05,0.15,625,31.572,2.42204,0.416
2288,71,9,9,22,0,1,0,0,37.17,0.05,0.15,625,31.572,2.16063,0.416
2289,400,45,45,103,0,0,0,1,332.303,0.05,0.15,625,31.572,2.41416,0.416
2290,400,48,48,117,0,0,0,1,355.854,0.05,0.15,625,31.572,2.49693,0.416
2291,400,38,38,99,0,0,0,1,297.923,0.05,0.15,625,31.572,2.09732,0.416
2292,5,0,0,3,0,1,0,0,-33.802,0.05,0.15,625,31.572,5.1647,0.416
2293,400,43,43,109,0,0,0,1,337.663,0.05,0.15,625,31.572,2.19972,0.416
2294,123,11,11,40,0,1,0,0,70.231,0.05,0.15,625,31.572,2.31963,0.416
2295,86,9,9,29,0,1,0,0,37.93,0.05,0.15,625,31.572,3.20559,0.416
2296,15,1,1,6,0,1,0,0,-17.243,0.05,0.15,625,31.572,4.00187,0.416
2297,118,14,14,37,0,1,0,0,66.26,0.05,0.15,625,31.572,3.58758,0.416
2298,71,7,7,19,0,1,0,0,17.355,0.05,0.15,625,31.572,3.39581,0.416
2299,334,29,29,87,0,1,0,0,178.646,0.05,0.15,625,31.572,2.61013,0.416
2300,50,3,3,10,0,1,0,0,-6.243,0.05,0.15,625,31.572,3.58915,0.416
2301,400,31,31,77,0,0,0,1,262.042,0.05,0.15,625,31.572,2.16473,0.416
2302,400,24,24,75,0,0,0,1,227.33,0.05,0.15,625,31.572,2.0955,0.416
2303,276,27,27,75,0,1,0,0,189.331,0.05,0.15,625,31.572,2.38759,0.416
2304,400,40,40,106,0,0,0,1,317.641,0.05,0.15,625,31.572,2.49574,0.416
2305,103,7,7,27,0,1,0,0,38.535,0.05,0.15,625,31.572,2.67811,0.416
2306,84,11,11,31,0,1,0,0,54.248,0.05,0.15,625,31.572,2.06944,0.416
2307,400,40,40,88,0,0,0,1,302.59,0.05,0.15,625,31.572,2.4144,0.416
2308,156,22,22,46,0,1,0,0,127.134,0.05,0.15,625,31.572,2.65586,0.416
2309,400,36,36,96,0,0,0,1,288.989,0.05,0.15,625,31.572,2.42951,0.416
2310,379,41,41,94,0,1,0,0,279.52,0.05,0.15,625,31.572,2.27364,0.416
2311,42,4,4,11,0,1,0,0,4.804,0.05,0.15,625,31.572,2.60058,0.416
2312,339,35,35,85,0,1,0,0,240.94,0.05,0.15,625,31.572,2.3952,0.416
2313,400,36,36,91,0,0,0,1,302.048,0.05,0.15,625,31.572,2.33087,0.416
2314,194,17,17,53,0,1,0,0,116.755,0.05,0.15,625,31.572,2.4426,0.416
2315,203,23,23,53,0,1,0,0,120.71,0.05,0.15,625,31.572,2.82781,0.416
2316,367,31,31,82,0,1,0,0,225.882,0.05,0.15,625,31.572,2.40766,0.416
2317,267,20,20,53,0,1,0,0,126.999,0.05,0.15,625,31.572,2.28668,0.416
2318,400,43,43,99,0,0,0,1,320.045,0.05,0.15,625,31.572,2.37463,0.416
2319,311,30,30,87,0,1,0,0,217.585,0.05,0.15,625,31.572,2.52511,0.416
2320,40,2,2,12,0,1,0,0,-2.817,0.05,0.15,625,31.572,3.16414,0.416
2321,40,4,4,18,0,1,0,0,3.674,0.05,0.15,625,31.572,3.71814,0.416
2322,400,36,36,88,0,0,0,1,276.757,0.05,0.15,625,31.572,2.3887,0.416
2323,215,23,23,51,0,1,0,0,138.14,0.05,0.15,625,31.572,2.65639,0.416
2324,341,21,21,43,0,1,0,0,134.716,0.05,0.15,625,31.572,1.83536,0.416
2325,180,18,18,41,0,1,0,0,100.288,0.05,0.15,625,31.572,2.24833,0.416
2326,400,37,37,94,0,0,0,1,297.428,0.05,0.15,625,31.572,2.09733,0.416
2327,400,40,40,92,0,0,0,1,305.052,0.05,0.15,625,31.572,1.68431,0.416
2328,400,45,45,97,0,0,0,1,329.804,0.05,0.15,625,31.572,2.03117,0.416
2329,400,40,40,103,0,0,0,1,312.068,0.05,0.15,625,31.572,2.2106,0.416
2330,225,27,27,75,0,1,0,0,177.703,0.05,0.15,625,31.572,2.46862,0.416
2331,400,41,41,108,0,0,0,1,330.142,0.05,0.15,625,31.572,2.13887,0.416
2332,400,43,43,109,0,0,0,1,334.64,0.05,0.15,625,31.572,2.36472,0.416
2333,400,38,38,98,0,0,0,1,303.549,0.05,0.15,625,31.572,2.22927,0.416
2334,400,39,39,99,0,0,0,1,313.862,0.05,0.15,625,31.572,1.95998,0.416
2335,23,1,1,13,0,1,0,0,-15.448,0.05,0.15,625,31.572,4.88147,0.416
2336,400,44,44,102,0,0,0,1,325.854,0.05,0.15,625,31.572,2.26159,0.416
2337,70,4,4,17,0,1,0,0,14.614,0.05,0.15,625,31.572,2.80889,0.416
2338,52,4,4,15,0,1,0,0,10.785,0.05,0.15,625,31.572,2.86846,0.416
2339,48,5,5,17,0,1,0,0,12.804,0.05,0.15,625,31.572,2.88491,0.416
2340,5,0,0,1,0,1,0,0,-28.662,0.05,0.15,625,31.572,7.61887,0.416
2341,125,12,12,45,0,1,0,0,71.192,0.05,0.15,625,31.572,3.00949,0.41627
2342,52,3,3,15,0,1,0,0,5.923,0.05,0.15,625,31.572,2.48032,0.41627
2343,400,39,39,97,0,0,0,1,307.899,0.05,0.15,625,31.572,2.22323,0.41627
2344,400,44,44,101,0,0,0,1,323.68,0.05,0.15,625,31.572,2.04598,0.41627
2345,400,42,42,97,0,0,0,1,313.406,0.05,0.15,625,31.572,2.45772,0.41627
2346,400,42,42,101,0,0,0,1,317.379,0.05,0.15,625,31.572,2.08445,0.41627
2347,400,38,38,100,0,0,0,1,304.202,0.05,0.15,625,31.572,2.10675,0.41627
2348,60,5,5,18,0,1,0,0,13.859,0.05,0.15,625,31.572,2.47332,0.41627
2349,127,10,10,39,0,1,0,0,61.579,0.05,0.15,625,31.572,2.12248,0.41627
2350,400,38,38,104,0,0,0,1,310.895,0.05,0.15,625,31.572,2.20913,0.41627
2351,156,12,12,34,0,1,0,0,68.81,0.05,0.15,625,31.572,2.23744,0.41627
2352,400,38,38,97,0,0,0,1,291.51,0.05,0.15,625,31.572,1.93904,0.41627
2353,310,31,31,85,0,1,0,0,210.252,0.05,0.15,625,31.572,2.27677,0.41627
2354,18,3,3,9,0,1,0,0,-10.483,0.05,0.15,625,31.572,3.88859,0.41627
2355,13,0,0,3,0,1,0,0,-26.573,0.05,0.15,625,31.572,9.40038,0.41627
2356,400,21,21,66,0,0,0,1,170.442,0.05,0.15,625,31.572,2.09994,0.41653
2357,400,9,9,29,0,0,0,1,85.741,0.05,0.15,625,31.572,2.37831,0.41653
2358,400,9,9,22,0,0,0,1,78.707,0.05,0.15,625,31.572,2.1265,0.41733
2359,41,4,4,10,0,1,0,0,-1.487,0.05,0.15,625,31.572,3.48635,0.41733
2360,37,1,1,7,0,1,0,0,-16.236,0.05,0.15,625,31.572,3.89653,0.41733
2361,342,10,10,35,0,1,0,0,52.324,0.05,0.15,626,31.572,2.50424,0.41693
2362,400,20,20,73,0,0,0,1,167.508,0.05,0.15,626,31.572,1.96068,0.41693
2363,50,1,1,11,0,1,0,0,-6.589,0.05,0.15,626,31.572,3.5631,0.41693
2364,400,22,22,63,0,0,0,1,187.195,0.05,0.15,627,31.572,2.33516,0.4168
2365,278,23,23,62,0,1,0,0,132.25,0.05,0.15,627,31.572,2.5978,0.4168
2366,139,6,6,25,0,1,0,0,38.444,0.05,0.15,627,31.572,2.3712,0.4168
2367,400,21,21,68,0,0,0,1,161.693,0.05,0.15,627,31.572,2.04101,0.41707
2368,356,18,18,69,0,1,0,0,115.118,0.05,0.15,628,31.572,1.91955,0.41667
2369,261,11,11,29,0,1,0,0,52.662,0.05,0.15,629,31.572,1.92837,0.41627
2370,23,1,1,10,0,1,0,0,-17.443,0.05,0.15,629,31.572,4.31557,0.41627
2371,66,4,4,13,0,1,0,0,4.454,0.05,0.15,629,31.572,2.61151,0.41627
2372,53,4,4,11,0,1,0,0,5.027,0.05,0.15,629,31.572,2.6466,0.41627
2373,400,10,10,35,0,0,0,1,109.03,0.05,0.15,629,31.572,1.69587,0.41653
2374,400,14,14,37,0,0,0,1,125.626,0.05,0.15,629,31.572,1.83716,0.4168
2375,400,4,4,22,0,0,0,1,40.917,0.05,0.15,630,31.572,1.75438,0.41667
2376,235,7,7,34,0,1,0,0,34.823,0.05,0.15,630,31.572,2.33568,0.4172
2377,170,8,8,33,0,1,0,0,44.169,0.05,0.15,630,31.572,2.5798,0.41746
2378,13,1,1,5,0,1,0,0,-20.231,0.05,0.15,630,31.572,4.94147,0.41746
2379,400,2,2,25,0,0,0,1,44.638,0.05,0.15,630,31.572,1.61447,0.41746
2380,312,5,5,24,0,1,0,0,18.604,0.05,0.15,630,31.572,1.88524,0.41746
2381,400,3,3,24,0,0,0,1,47.827,0.05,0.15,630,31.572,1.29496,0.41746
2382,400,7,7,28,0,0,0,1,76.538,0.05,0.15,631,31.572,1.50196,0.41706
2383,400,6,6,28,0,0,0,1,74.722,0.05,0.15,631,31.572,1.44401,0.41706
2384,40,0,0,8,0,1,0,0,-19.117,0.05,0.15,631,31.572,3.82572,0.41706
2385,139,2,2,9,0,1,0,0,1.993,0.05,0.15,631,31.572,1.81556,0.41706
2386,21,1,1,4,0,1,0,0,-23.4,0.05,0.15,631,31.572,5.70157,0.41706
2387,13,0,0,5,0,1,0,0,-25.017,0.05,0.15,631,31.572,8.66655,0.41706
2388,105,0,0,3,0,1,0,0,-28.608,0.05,0.15,631,31.572,0.29267,0.41706
2389,45,3,3,8,0,1,0,0,-9.643,0.05,0.15,631,31.572,3.31049,0.41706
2390,287,9,9,26,0,1,0,0,43.269,0.05,0.15,631,31.572,1.89569,0.41706
2391,38,2,2,8,0,1,0,0,-11.409,0.05,0.15,631,31.572,3.55465,0.41706
2392,13,0,0,3,0,1,0,0,-26.975,0.05,0.15,631,31.572,9.18704,0.41706
2393,13,0,0,4,0,1,0,0,-25.973,0.05,0.15,631,31.572,7.62835,0.41706
2394,46,2,2,5,0,1,0,0,-15.559,0.05,0.15,631,31.572,3.22983,0.41706
2395,197,5,5,18,0,1,0,0,29.628,0.05,0.15,631,31.572,1.25137,0.41706
2396,400,7,7,30,0,0,0,1,94.787,0.05,0.15,631,31.572,1.06023,0.41706
2397,308,15,15,46,0,1,0,0,115.225,0.05,0.15,631,31.572,1.59541,0.41706
2398,30,0,0,4,0,1,0,0,-27.832,0.05,0.15,631,31.572,2.08258,0.41706
2399,400,13,13,29,0,0,0,1,117.714,0.05,0.15,631,31.572,1.94071,0.41706
2400,400,7,7,22,0,0,0,1,83.782,0.05,0.15,632,31.572,1.99674,0.41667
2401,245,4,4,19,0,1,0,0,37.182,0.05,0.15,632,31.572,1.37552,0.41667
2402,10,0,0,6,0,1,0,0,-22.698,0.05,0.15,632,31.572,4.73868,0.41667
2403,27,2,2,8,0,1,0,0,-11.202,0.05,0.15,632,31.572,4.20746,0.41667
2404,118,2,2,10,0,1,0,0,-16.467,0.05,0.15,632,31.572,2.67761,0.41667
2405,214,6,6,34,0,1,0,0,41.466,0.05,0.15,632,31.572,2.5379,0.41667
2406,115,0,0,3,0,1,0,0,-13.326,0.05,0.15,632,31.572,0.67213,0.41667
2407,129,4,4,14,0,1,0,0,20.142,0.05,0.15,632,31.572,2.64921,0.41667
2408,170,5,5,20,0,1,0,0,11.172,0.05,0.15,632,31.572,2.45829,0.41667
2409,400,4,4,21,0,0,0,1,90.052,0.05,0.15,632,31.572,1.1971,0.41667
2410,400,3,3,12,0,0,0,1,79.963,0.05,0.15,632,31.572,0.9847,0.41667
2411,298,8,8,20,0,1,0,0,55.261,0.05,0.15,632,31.572,1.84329,0.41667
2412,400,14,14,37,0,0,0,1,115.711,0.05,0.15,632,31.572,1.64921,0.41693
2413,400,17,17,44,0,0,0,1,145.301,0.05,0.15,632,31.572,1.47041,0.41719
2414,400,17,17,50,0,0,0,1,167.673,0.05,0.15,632,31.572,2.16596,0.41746
2415,178,10,10,37,0,1,0,0,55.377,0.05,0.15,632,31.572,2.16535,0.41772
2416,20,1,1,9,0,1,0,0,-14.427,0.05,0.15,632,31.572,5.05723,0.41772
2417,400,26,26,64,0,0,0,1,214.649,0.05,0.15,632,31.572,2.03064,0.41799
2418,12,0,0,5,0,1,0,0,-21.515,0.05,0.15,632,31.572,5.55838,0.41799
2419,103,9,9,40,0,1,0,0,55.959,0.05,0.15,632,31.572,2.86425,0.41799
2420,400,7,7,25,0,0,0,1,96.289,0.05,0.15,632,31.572,1.30422,0.41799
2421,240,14,14,64,0,1,0,0,117.534,0.05,0.15,632,31.572,2.56272,0.41799
2422,5,0,0,1,0,1,0,0,-33.306,0.05,0.15,632,31.572,1.78664,0.41799
2423,400,17,17,49,0,0,0,1,157.89,0.05,0.15,632,31.572,1.65397,0.41799
2424,400,26,26,64,0,0,0,1,197.191,0.05,0.15,632,31.572,2.04145,0.41799
2425,400,17,17,60,0,0,0,1,169.925,0.05,0.15,632,31.572,2.01358,0.41825
2426,77,1,1,15,0,1,0,0,-1.888,0.05,0.15,632,31.572,1.97564,0.41825
2427,300,9,9,37,0,1,0,0,58.978,0.05,0.15,632,31.572,1.73807,0.41825
2428,400,19,19,56,0,0,0,1,175.355,0.05,0.15,632,31.572,1.70066,0.41825
2429,27,2,2,9,0,1,0,0,-7.603,0.05,0.15,632,31.572,3.49719,0.41825
2430,400,22,22,55,0,0,0,1,190.794,0.05,0.15,632,31.572,1.99055,0.41851
2431,400,23,23,69,0,0,0,1,202.903,0.05,0.15,632,31.572,1.98855,0.41851
2432,400,19,19,56,0,0,0,1,156.679,0.05,0.15,632,31.572,1.56524,0.41851
2433,400,23,23,70,0,0,0,1,204.683,0.05,0.15,632,31.572,1.9451,0.41851
2434,400,18,18,71,0,0,0,1,181.253,0.05,0.15,632,31.572,2.00096,0.41878
2435,134,7,7,38,0,1,0,0,49.975,0.05,0.15,632,31.572,2.09941,0.41878
2436,92,1,1,21,0,1,0,0,0.98,0.05,0.15,632,31.572,2.25384,0.41878
2437,400,25,25,78,0,0,0,1,217.756,0.05,0.15,632,31.572,2.14244,0.41878
2438,400,13,13,47,0,0,0,1,122.171,0.05,0.15,633,31.572,1.7988,0.41838
2439,400,21,21,52,0,0,0,1,171.538,0.05,0.15,633,31.572,1.69196,0.41838
2440,248,7,7,41,0,1,0,0,58.356,0.05,0.15,633,31.572,2.30304,0.4189
2441,400,27,27,86,0,0,0,1,234.931,0.05,0.15,633,31.572,2.13651,0.4189
2442,400,16,16,56,0,0,0,1,186.933,0.05,0.15,633,31.572,1.94232,0.4189
2443,400,24,24,80,0,0,0,1,221.259,0.05,0.15,633,31.572,2.14595,0.4189
2444,365,11,11,48,0,1,0,0,84.75,0.05,0.15,634,31.572,1.9142,0.41877
2445,123,9,9,24,0,1,0,0,41.159,0.05,0.15,634,31.572,2.43211,0.41877
2446,400,17,17,50,0,0,0,1,168.632,0.05,0.15,634,31.572,1.89535,0.41877
2447,400,17,17,65,0,0,0,1,182.412,0.05,0.15,634,31.572,1.88932,0.41877
2448,20,2,2,7,0,1,0,0,-15.695,0.05,0.15,634,31.572,4.65801,0.41877
2449,400,14,14,41,0,0,0,1,137.692,0.05,0.15,634,31.572,1.81114,0.41877
2450,13,1,1,4,0,1,0,0,-21.015,0.05,0.15,634,31.572,3.78549,0.41877
2451,23,1,1,10,0,1,0,0,-14.491,0.05,0.15,634,31.572,5.50451,0.41877
2452,7,0,0,4,0,1,0,0,-29.808,0.05,0.15,634,31.572,8.41104,0.41877
2453,182,5,5,33,0,1,0,0,32.448,0.05,0.15,634,31.572,2.30795,0.41877
2454,400,22,22,56,0,0,0,1,160.413,0.05,0.15,634,31.572,1.99045,0.41877
2455,107,6,6,17,0,1,0,0,22.673,0.05,0.15,634,31.572,1.79422,0.41903
2456,43,2,2,16,0,1,0,0,1.425,0.05,0.15,634,31.572,2.64846,0.4193
2457,289,9,9,27,0,1,0,0,68.733,0.05,0.15,634,31.572,1.83768,0.4193
2458,90,3,3,13,0,1,0,0,0.483,0.05,0.15,634,31.572,2.71667,0.4193
2459,25,1,1,6,0,1,0,0,-15.749,0.05,0.15,634,31.572,4.04506,0.4193
2460,13,1,1,3,0,1,0,0,-19.775,0.05,0.15,634,31.572,4.37534,0.4193
2461,63,4,4,18,0,1,0,0,10.446,0.05,0.15,634,31.572,3.06842,0.4193
2462,21,1,1,4,0,1,0,0,-17.565,0.05,0.15,634,31.572,3.71152,0.4193
2463,79,5,5,22,0,1,0,0,16.88,0.05,0.15,634,31.572,2.70618,0.4193
2464,92,11,11,30,0,1,0,0,44.118,0.05,0.15,634,31.572,3.19017,0.41956
2465,400,13,13,40,0,0,0,1,118.407,0.05,0.15,634,31.572,1.96291,0.41956
2466,400,18,18,49,0,0,0,1,152.569,0.05,0.15,635,31.572,1.91817,0.41916
2467,93,8,8,25,0,1,0,0,27.565,0.05,0.15,635,31.572,2.96294,0.41916
2468,318,21,21,71,0,1,0,0,149.771,0.05,0.15,635,31.572,2.5429,0.41916
2469,65,5,5,20,0,1,0,0,16.041,0.05,0.15,635,31.572,2.7266,0.41916
2470,20,0,0,5,0,1,0,0,-25.124,0.05,0.15,635,31.572,4.766,0.41916
2471,400,8,8,29,0,0,0,1,83.863,0.05,0.15,635,31.572,1.61463,0.41916
2472,202,18,18,47,0,1,0,0,92.114,0.05,0.15,635,31.572,2.56568,0.41916
2473,400,19,19,63,0,0,0,1,159.079,0.05,0.15,636,31.572,2.03154,0.41876
2474,119,8,8,32,0,1,0,0,38.433,0.05,0.15,636,31.572,2.77155,0.41876
2475,400,21,21,73,0,0,0,1,185.09,0.05,0.15,636,31.572,1.91089,0.41903
2476,210,9,9,39,0,1,0,0,64.641,0.05,0.15,636,31.572,2.43847,0.41903
2477,350,31,31,86,0,1,0,0,208.576,0.05,0.15,636,31.572,2.36895,0.41929
2478,104,6,6,21,0,1,0,0,27.622,0.05,0.15,636,31.572,2.5795,0.41955
2479,400,28,28,75,0,0,0,1,214.961,0.05,0.15,637,31.572,2.28148,0.41915
2480,129,10,10,37,0,1,0,0,56.683,0.05,0.15,637,31.572,2.69346,0.41941
2481,128,8,8,28,0,1,0,0,31.053,0.05,0.15,638,31.572,2.69718,0.41902
2482,36,3,3,11,0,1,0,0,-1.561,0.05,0.15,638,31.572,4.26094,0.41902
2483,288,12,12,45,0,1,0,0,95.248,0.05,0.15,638,31.572,2.39692,0.41902
2484,28,0,0,11,0,1,0,0,-15.455,0.05,0.15,638,31.572,2.88696,0.41902
2485,13,0,0,3,0,1,0,0,-25.169,0.05,0.15,638,31.572,6.06009,0.41902
2486,13,1,1,4,0,1,0,0,-20.859,0.05,0.15,638,31.572,3.82249,0.41902
2487,400,11,11,37,0,0,0,1,112.377,0.05,0.15,638,31.572,1.77229,0.41902
2488,13,1,1,4,0,1,0,0,-22.093,0.05,0.15,638,31.572,6.08231,0.41902
2489,400,22,22,58,0,0,0,1,177.838,0.05,0.15,638,31.572,2.11229,0.41902
2490,62,2,2,19,0,1,0,0,4.634,0.05,0.15,638,31.572,2.6331,0.41902
2491,400,15,15,56,0,0,0,1,166.906,0.05,0.15,639,31.572,1.90919,0.41862
2492,400,23,23,77,0,0,0,1,202.872,0.05,0.15,639,31.572,2.0057,0.41888
2493,28,2,2,6,0,1,0,0,-9.465,0.05,0.15,639,31.572,2.22482,0.41888
2494,259,16,16,43,0,1,0,0,92.439,0.05,0.15,640,31.572,2.15576,0.41875
2495,28,1,1,9,0,1,0,0,-12.819,0.05,0.15,640,31.572,1.75451,0.41875
2496,173,12,12,30,0,1,0,0,45.208,0.05,0.15,640,31.572,2.4813,0.41875
2497,400,31,31,101,0,0,0,1,240.281,0.05,0.15,640,31.572,2.10657,0.41875
2498,20,1,1,9,0,1,0,0,-12.535,0.05,0.15,640,31.572,2.5608,0.41875
2499,185,9,9,39,0,1,0,0,52.546,0.05,0.15,640,31.572,2.10489,0.41875
2500,217,23,23,65,0,1,0,0,122.145,0.05,0.15,640,31.572,2.33362,0.41875
2501,290,23,23,72,0,1,0,0,138.683,0.05,0.15,641,31.572,2.31909,0.41862
2502,101,9,9,30,0,1,0,0,39.853,0.05,0.15,641,31.572,2.54435,0.41862
2503,400,33,33,82,0,0,0,1,248.522,0.05,0.15,641,31.572,2.05393,0.41888
2504,400,35,35,102,0,0,0,1,286.157,0.05,0.15,641,31.572,2.33061,0.41888
2505,400,36,36,93,0,0,0,1,278.708,0.05,0.15,641,31.572,2.48456,0.41888
2506,400,44,44,107,0,0,0,1,326.655,0.05,0.15,641,31.572,2.51571,0.41888
2507,400,38,38,94,0,0,0,1,280.112,0.05,0.15,641,31.572,2.41645,0.41888
2508,400,14,14,40,0,0,0,1,172.405,0.05,0.15,641,31.572,2.08425,0.41888
2509,35,3,3,12,0,1,0,0,-5.457,0.05,0.15,641,31.572,3.48509,0.41888
2510,400,31,31,92,0,0,0,1,249.422,0.05,0.15,641,31.572,2.03991,0.41888
2511,43,1,1,10,0,1,0,0,-11.853,0.05,0.15,641,31.572,2.7485,0.41888
2512,400,40,40,99,0,0,0,1,300.321,0.05,0.15,642,31.572,2.34949,0.41874
2513,400,44,44,111,0,0,0,1,309.519,0.05,0.15,642,31.572,2.3021,0.41874
2514,33,0,0,8,0,1,0,0,-18.463,0.05,0.15,642,31.572,3.7153,0.41874
2515,24,2,2,5,0,1,0,0,-12.997,0.05,0.15,642,31.572,4.14963,0.41874
2516,13,0,0,4,0,1,0,0,-25.569,0.05,0.15,642,31.572,8.00906,0.41874
2517,53,8,8,23,0,1,0,0,21.352,0.05,0.15,642,31.572,4.05385,0.41874
2518,400,34,34,93,0,0,0,1,270.464,0.05,0.15,642,31.572,2.25819,0.41874
2519,112,6,6,27,0,1,0,0,35.666,0.05,0.15,642,31.572,2.78814,0.41874
2520,27,0,0,9,0,1,0,0,-18.075,0.05,0.15,642,31.572,4.6786,0.41874
2521,310,12,12,35,0,1,0,0,94.611,0.05,0.15,642,31.572,1.98961,0.41874
2522,400,35,35,88,0,0,0,1,284.516,0.05,0.15,643,31.572,2.12102,0.41835
2523,276,6,6,14,0,1,0,0,50.165,0.05,0.15,643,31.572,1.64392,0.41835
2524,13,0,0,4,0,1,0,0,-24.173,0.05,0.15,643,31.572,6.44064,0.41835
2525,400,38,38,90,0,0,0,1,291.022,0.05,0.15,643,31.572,2.14845,0.41835
2526,28,2,2,7,0,1,0,0,-9.027,0.05,0.15,643,31.572,2.90855,0.41835
2527,13,0,0,4,0,1,0,0,-22.165,0.05,0.15,643,31.572,5.13514,0.41835
2528,13,0,0,5,0,1,0,0,-24.507,0.05,0.15,643,31.572,7.47701,0.41835
2529,346,39,39,89,0,1,0,0,249.069,0.05,0.15,643,31.572,2.58637,0.41835
2530,400,31,31,77,0,0,0,1,250.914,0.05,0.15,643,31.572,2.31897,0.41835
2531,13,1,1,3,0,1,0,0,-19.963,0.05,0.15,643,31.572,3.98955,0.41835
2532,267,2,2,15,0,1,0,0,17.493,0.05,0.15,643,31.572,1.30983,0.41835
2533,20,1,1,9,0,1,0,0,-15.211,0.05,0.15,643,31.572,4.45953,0.41835
2534,400,18,18,48,0,0,0,1,149.855,0.05,0.15,643,31.572,2.28994,0.41861
2535,400,3,3,15,0,0,0,1,91.933,0.05,0.15,643,31.572,0.84346,0.41861
2536,111,3,3,13,0,1,0,0,0.36,0.05,0.15,643,31.572,1.69987,0.41861
2537,20,1,1,9,0,1,0,0,-14.543,0.05,0.15,643,31.572,4.13421,0.41861
2538,105,4,4,12,0,1,0,0,-5.935,0.05,0.15,643,31.572,2.08971,0.41861
2539,400,31,31,67,0,0,0,1,239.081,0.05,0.15,643,31.572,1.9339,0.41861
2540,400,37,37,102,0,0,0,1,305.619,0.05,0.15,643,31.572,2.05544,0.41861
2541,400,2,2,8,0,0,0,1,41.099,0.05,0.15,643,31.572,1.0323,0.41861
2542,106,0,0,4,0,1,0,0,-17.677,0.05,0.15,643,31.572,1.6546,0.41861
2543,115,3,3,9,0,1,0,0,11.268,0.05,0.15,643,31.572,1.38533,0.41861
2544,400,23,23,57,0,0,0,1,183.603,0.05,0.15,643,31.572,1.74118,0.41861
2545,28,1,1,6,0,1,0,0,-14.705,0.05,0.15,643,31.572,3.68607,0.41861
2546,57,1,1,9,0,1,0,0,-10.246,0.05,0.15,643,31.572,1.53701,0.41861
2547,21,0,0,1,0,1,0,0,-34.174,0.05,0.15,643,31.572,1.84444,0.41861
2548,66,5,5,15,0,1,0,0,15.077,0.05,0.15,643,31.572,2.32365,0.41861
2549,30,2,2,10,0,1,0,0,-9.036,0.05,0.15,643,31.572,3.61902,0.41861
2550,5,0,0,3,0,1,0,0,-25.454,0.05,0.15,643,31.572,8.11264,0.41861
2551,400,21,21,51,0,0,0,1,196.719,0.05,0.15,643,31.572,1.61056,0.41861
2552,61,7,7,18,0,1,0,0,20.936,0.05,0.15,643,31.572,2.46467,0.41861
2553,269,25,25,62,0,1,0,0,163.577,0.05,0.15,644,31.572,2.32075,0.41822
2554,400,11,11,26,0,0,0,1,118.724,0.05,0.15,644,31.572,1.74079,0.41822
2555,183,11,11,31,0,1,0,0,57.573,0.05,0.15,644,31.572,2.02959,0.41822
2556,400,28,28,69,0,0,0,1,225.221,0.05,0.15,644,31.572,1.90193,0.41822
2557,71,3,3,19,0,1,0,0,10.656,0.05,0.15,644,31.572,2.32012,0.41822
2558,400,13,13,30,0,0,0,1,114.253,0.05,0.15,644,31.572,1.14011,0.41822
2559,55,2,2,5,0,1,0,0,-11.923,0.05,0.15,644,31.572,3.11982,0.41822
2560,328,28,28,77,0,1,0,0,185.63,0.05,0.15,644,31.572,2.43317,0.41822
2561,272,20,20,53,0,1,0,0,116.131,0.05,0.15,644,31.572,2.14548,0.41822
2562,241,27,27,76,0,1,0,0,176.529,0.05,0.15,644,31.572,2.53006,0.41822
2563,400,33,33,73,0,0,0,1,267.964,0.05,0.15,644,31.572,1.78633,0.41822
2564,28,3,3,10,0,1,0,0,-2.704,0.05,0.15,644,31.572,3.17983,0.41822
2565,400,32,32,71,0,0,0,1,256.647,0.05,0.15,644,31.572,1.77386,0.41822
2566,400,38,38,89,0,0,0,1,300.271,0.05,0.15,644,31.572,1.98148,0.41822
2567,400,40,40,93,0,0,0,1,304.981,0.05,0.15,644,31.572,1.97493,0.41822
2568,5,0,0,4,0,1,0,0,-32.804,0.05,0.15,644,31.572,1.31948,0.41822
2569,41,4,4,11,0,1,0,0,-3.846,0.05,0.15,644,31.572,3.69403,0.41822
2570,122,19,19,44,0,1,0,0,102.864,0.05,0.15,644,31.572,2.69589,0.41822
2571,400,24,24,59,0,0,0,1,208.508,0.05,0.15,644,31.572,1.642,0.41822
2572,400,17,17,50,0,0,0,1,179.4,0.05,0.15,644,31.572,1.44783,0.41822
2573,400,32,32,71,0,0,0,1,259.106,0.05,0.15,644,31.572,2.05952,0.41822
2574,323,22,22,60,0,1,0,0,163.765,0.05,0.15,644,31.572,1.52465,0.41822
2575,31,2,2,6,0,1,0,0,-14.0,0.05,0.15,644,31.572,3.31893,0.41822
2576,146,16,16,45,0,1,0,0,97.998,0.05,0.15,644,31.572,2.36561,0.41822
2577,47,5,5,15,0,1,0,0,7.401,0.05,0.15,644,31.572,4.15473,0.41822
2578,400,37,37,94,0,0,0,1,285.918,0.05,0.15,644,31.572,2.30878,0.41822
2579,400,29,29,71,0,0,0,1,244.497,0.05,0.15,644,31.572,2.06876,0.41822
2580,79,9,9,20,0,1,0,0,34.129,0.05,0.15,644,31.572,2.55913,0.41822
2581,203,18,18,49,0,1,0,0,119.314,0.05,0.15,644,31.572,2.13911,0.41822
2582,181,21,21,53,0,1,0,0,128.454,0.05,0.15,644,31.572,2.71231,0.41822
2583,20,1,1,9,0,1,0,0,-17.411,0.05,0.15,644,31.572,5.89043,0.41822
2584,13,0,0,5,0,1,0,0,-25.773,0.05,0.15,644,31.572,7.74366,0.41822
2585,400,38,38,84,0,0,0,1,293.734,0.05,0.15,644,31.572,2.17928,0.41822
2586,34,4,4,13,0,1,0,0,-0.893,0.05,0.15,644,31.572,4.00205,0.41822
2587,400,34,34,90,0,0,0,1,280.451,0.05,0.15,644,31.572,2.13867,0.41822
2588,37,2,2,17,0,1,0,0,-2.021,0.05,0.15,644,31.572,2.74652,0.41822
2589,400,34,34,99,0,0,0,1,287.188,0.05,0.15,644,31.572,2.16059,0.41822
2590,343,23,23,64,0,1,0,0,164.052,0.05,0.15,644,31.572,2.2126,0.41822
2591,400,40,40,93,0,0,0,1,285.307,0.05,0.15,644,31.572,2.10998,0.41822
2592,222,28,28,60,0,1,0,0,170.043,0.05,0.15,644,31.572,2.2745,0.41822
2593,400,44,44,99,0,0,0,1,324.691,0.05,0.15,644,31.572,2.32973,0.41822
2594,5,0,0,2,0,1,0,0,-34.002,0.05,0.15,644,31.572,4.39645,0.41822
2595,400,40,40,102,0,0,0,1,317.784,0.05,0.15,644,31.572,2.12838,0.41822
2596,316,34,34,83,0,1,0,0,228.37,0.05,0.15,644,31.572,2.19017,0.41822
2597,178,18,18,43,0,1,0,0,105.108,0.05,0.15,644,31.572,2.2113,0.41822
2598,400,43,43,114,0,0,0,1,336.504,0.05,0.15,644,31.572,2.07586,0.41822
2599,72,9,9,19,0,1,0,0,33.721,0.05,0.15,644,31.572,2.49303,0.41822
2600,13,0,0,4,0,1,0,0,-23.815,0.05,0.15,644,31.572,6.36018,0.41822
2601,51,2,2,15,0,1,0,0,-1.638,0.05,0.15,644,31.572,3.21164,0.41822
2602,400,46,46,109,0,0,0,1,334.4,0.05,0.15,644,31.572,2.33754,0.41822
2603,309,34,34,83,0,1,0,0,218.594,0.05,0.15,644,31.572,2.61324,0.41822
2604,400,39,39,99,0,0,0,1,311.751,0.05,0.15,644,31.572,2.23625,0.41822
2605,400,40,40,110,0,0,0,1,318.533,0.05,0.15,644,31.572,2.26382,0.41822
2606,400,41,41,99,0,0,0,1,304.909,0.05,0.15,644,31.572,2.44821,0.41822
2607,57,5,5,17,0,1,0,0,15.916,0.05,0.15,644,31.572,2.74883,0.41822
2608,400,39,39,103,0,0,0,1,273.244,0.05,0.15,644,31.572,2.64013,0.41822
2609,13,0,0,3,0,1,0,0,-26.173,0.05,0.15,644,31.572,9.26995,0.41822
2610,5,0,0,1,0,1,0,0,-28.304,0.05,0.15,644,31.572,14.3342,0.41822
2611,20,1,1,7,0,1,0,0,-15.129,0.05,0.15,644,31.572,4.1573,0.41822
2612,14,0,0,8,0,1,0,0,-25.566,0.05,0.15,644,31.572,5.81777,0.41822
2613,99,10,10,19,0,1,0,0,39.836,0.05,0.15,644,31.572,2.74063,0.41822
2614,167,17,17,38,0,1,0,0,94.684,0.05,0.15,644,31.572,2.42447,0.41822
2615,400,18,18,55,0,0,0,1,180.347,0.05,0.15,644,31.572,2.18072,0.41822
2616,128,14,14,36,0,1,0,0,76.207,0.05,0.15,644,31.572,2.42256,0.41822
2617,162,10,10,35,0,1,0,0,57.259,0.05,0.15,644,31.572,2.25569,0.41822
2618,174,12,12,38,0,1,0,0,77.145,0.05,0.15,644,31.572,2.25441,0.41822
2619,400,41,41,101,0,0,0,1,313.088,0.05,0.15,644,31.572,2.26966,0.41822
2620,400,40,40,87,0,0,0,1,301.238,0.05,0.15,644,31.572,2.24751,0.41822
2621,358,37,37,103,0,1,0,0,266.312,0.05,0.15,644,31.572,2.12564,0.41822
2622,13,0,0,4,0,1,0,0,-24.573,0.05,0.15,644,31.572,7.6834,0.41822
2623,188,17,17,45,0,1,0,0,104.127,0.05,0.15,644,31.572,2.50097,0.41822
2624,400,42,42,105,0,0,0,1,325.518,0.05,0.15,644,31.572,2.2234,0.41822
2625,56,6,6,20,0,1,0,0,18.392,0.05,0.15,644,31.572,3.4363,0.41822
2626,400,47,47,115,0,0,0,1,346.729,0.05,0.15,644,31.572,2.26528,0.41822
2627,400,42,42,102,0,0,0,1,319.11,0.05,0.15,644,31.572,2.06294,0.41822
2628,5,0,0,3,0,1,0,0,-33.406,0.05,0.15,644,31.572,1.28388,0.41822
2629,7,0,0,6,0,1,0,0,-23.248,0.05,0.15,644,31.572,6.8352,0.41822
2630,400,43,43,107,0,0,0,1,331.688,0.05,0.15,644,31.572,2.09346,0.41822
2631,400,41,41,102,0,0,0,1,323.196,0.05,0.15,644,31.572,2.117,0.41822
2632,240,30,30,70,0,1,0,0,177.895,0.05,0.15,644,31.572,2.22726,0.41822
2633,36,2,2,11,0,1,0,0,-2.531,0.05,0.15,644,31.572,3.55302,0.41822
2634,5,0,0,3,0,1,0,0,-25.454,0.05,0.15,644,31.572,7.53207,0.41822
2635,41,4,4,17,0,1,0,0,2.154,0.05,0.15,644,31.572,4.08222,0.41822
2636,73,7,7,26,0,1,0,0,23.839,0.05,0.15,644,31.572,3.59187,0.41822
2637,285,34,34,79,0,1,0,0,193.93,0.05,0.15,644,31.572,2.74148,0.41822
2638,41,4,4,14,0,1,0,0,-0.311,0.05,0.15,644,31.572,4.46374,0.41822
2639,17,1,1,6,0,1,0,0,-19.377,0.05,0.15,644,31.572,6.53139,0.41822
2640,104,9,9,25,0,1,0,0,31.939,0.05,0.15,644,31.572,3.67123,0.41822
2641,15,1,1,6,0,1,0,0,-21.947,0.05,0.15,644,31.572,5.87386,0.41822
2642,226,15,15,38,0,1,0,0,74.724,0.05,0.15,644,31.572,2.6284,0.41822
2643,17,1,1,8,0,1,0,0,-18.173,0.05,0.15,644,31.572,6.37139,0.41822
2644,400,35,35,84,0,0,0,1,273.002,0.05,0.15,644,31.572,2.31305,0.41822
2645,400,39,39,90,0,0,0,1,288.762,0.05,0.15,644,31.572,2.20904,0.41822
2646,342,35,35,91,0,1,0,0,238.342,0.05,0.15,644,31.572,2.36216,0.41822
2647,400,35,35,90,0,0,0,1,275.32,0.05,0.15,644,31.572,2.11701,0.41822
2648,145,12,12,42,0,1,0,0,81.641,0.05,0.15,644,31.572,2.13197,0.41822
2649,400,44,44,109,0,0,0,1,347.361,0.05,0.15,644,31.572,2.21849,0.41822
2650,400,40,40,108,0,0,0,1,316.546,0.05,0.15,644,31.572,2.02329,0.41822
2651,18,1,1,7,0,1,0,0,-19.241,0.05,0.15,644,31.572,5.32749,0.41822
2652,400,36,36,94,0,0,0,1,286.987,0.05,0.15,644,31.572,2.07172,0.41822
2653,400,45,45,110,0,0,0,1,342.052,0.05,0.15,644,31.572,2.05849,0.41822
2654,400,35,35,83,0,0,0,1,244.488,0.05,0.15,644,31.572,2.36738,0.41822
2655,44,7,7,15,0,1,0,0,13.128,0.05,0.15,644,31.572,4.09021,0.41822
2656,400,32,32,91,0,0,0,1,263.94,0.05,0.15,644,31.572,2.47344,0.41822
2657,400,40,40,104,0,0,0,1,303.653,0.05,0.15,644,31.572,2.24313,0.41822
2658,134,14,14,34,0,1,0,0,71.976,0.05,0.15,644,31.572,2.44548,0.41822
2659,132,15,15,39,0,1,0,0,64.76,0.05,0.15,644,31.572,3.3594,0.41822
2660,57,6,6,19,0,1,0,0,12.73,0.05,0.15,644,31.572,3.33216,0.41822
2661,307,23,23,66,0,1,0,0,140.076,0.05,0.15,644,31.572,2.59816,0.41822
2662,102,7,7,28,0,1,0,0,34.252,0.05,0.15,644,31.572,2.93362,0.41822
2663,17,2,2,5,0,1,0,0,-17.375,0.05,0.15,644,31.572,6.1103,0.41822
2664,132,10,10,34,0,1,0,0,53.778,0.05,0.15,644,31.572,2.93068,0.41822
2665,400,28,28,73,0,0,0,1,240.615,0.05,0.15,644,31.572,2.07677,0.41822
2666,400,43,43,104,0,0,0,1,321.314,0.05,0.15,644,31.572,2.13914,0.41822
2667,34,3,3,13,0,1,0,0,-7.305,0.05,0.15,644,31.572,4.15068,0.41822
2668,400,39,39,93,0,0,0,1,276.155,0.05,0.15,644,31.572,2.33575,0.41822
2669,145,20,20,45,0,1,0,0,103.327,0.05,0.15,644,31.572,2.69852,0.41822
2670,113,16,16,41,0,1,0,0,86.376,0.05,0.15,644,31.572,2.45844,0.41822
2671,288,32,32,73,0,1,0,0,197.323,0.05,0.15,644,31.572,2.43252,0.41822
2672,104,15,15,41,0,1,0,0,74.694,0.05,0.15,644,31.572,2.71039,0.41822
2673,26,3,3,9,0,1,0,0,-8.812,0.05,0.15,644,31.572,2.49735,0.41822
2674,80,11,11,28,0,1,0,0,52.447,0.05,0.15,644,31.572,2.79511,0.41822
2675,400,43,43,104,0,0,0,1,324.509,0.05,0.15,644,31.572,2.13045,0.41822
2676,200,10,10,32,0,1,0,0,76.789,0.05,0.15,644,31.572,1.7142,0.41822
2677,400,9,9,37,0,0,0,1,140.328,0.05,0.15,644,31.572,0.95952,0.41848
2678,172,1,1,3,0,1,0,0,9.474,0.05,0.15,644,31.572,0.68362,0.41848
2679,400,29,29,69,0,0,0,1,237.631,0.05,0.15,644,31.572,1.64464,0.41848
2680,5,0,0,3,0,1,0,0,-29.704,0.05,0.15,644,31.572,5.57207,0.41848
2681,400,26,26,58,0,0,0,1,228.254,0.05,0.15,644,31.572,1.49219,0.41848
2682,400,31,31,70,0,0,0,1,237.064,0.05,0.15,645,31.572,2.48675,0.41809
2683,17,2,2,7,0,1,0,0,-17.279,0.05,0.15,645,31.572,5.88024,0.41809
2684,400,37,37,95,0,0,0,1,287.298,0.05,0.15,645,31.572,2.45575,0.41809
2685,92,9,9,25,0,1,0,0,37.313,0.05,0.15,645,31.572,3.34291,0.41809
2686,400,41,41,101,0,0,0,1,315.499,0.05,0.15,645,31.572,2.26198,0.41809
2687,400,44,44,114,0,0,0,1,343.584,0.05,0.15,645,31.572,2.41355,0.41809
2688,300,36,36,86,0,1,0,0,230.134,0.05,0.15,645,31.572,2.36738,0.41809
2689,8,0,0,3,0,1,0,0,-24.598,0.05,0.15,645,31.572,6.82995,0.41809
2690,86,8,8,24,0,1,0,0,38.89,0.05,0.15,645,31.572,2.88942,0.41809
2691,38,3,3,12,0,1,0,0,-3.165,0.05,0.15,645,31.572,4.57623,0.41809
2692,33,3,3,5,0,1,0,0,-6.519,0.05,0.15,645,31.572,3.14387,0.41809
2693,5,0,0,3,0,1,0,0,-33.406,0.05,0.15,645,31.572,1.87578,0.41809
2694,264,32,32,83,0,1,0,0,206.185,0.05,0.15,645,31.572,2.55458,0.41809
2695,85,7,7,25,0,1,0,0,32.042,0.05,0.15,645,31.572,3.32859,0.41809
2696,90,12,12,28,0,1,0,0,54.52,0.05,0.15,645,31.572,2.65504,0.41809
2697,119,16,16,42,0,1,0,0,85.697,0.05,0.15,645,31.572,2.92474,0.41809
2698,369,38,38,92,0,1,0,0,252.772,0.05,0.15,645,31.572,2.62561,0.41809
2699,373,27,27,73,0,1,0,0,196.863,0.05,0.15,645,31.572,2.13438,0.41809
2700,400,27,27,68,0,0,0,1,225.429,0.05,0.15,645,31.572,2.40342,0.41809
2701,20,0,0,7,0,1,0,0,-19.091,0.05,0.15,645,31.572,4.26368,0.41809
2702,400,33,33,81,0,0,0,1,259.893,0.05,0.15,645,31.572,1.9626,0.41809
2703,400,25,25,59,0,0,0,1,216.44,0.05,0.15,645,31.572,1.65094,0.41809
2704,242,20,20,60,0,1,0,0,138.921,0.05,0.15,645,31.572,2.32712,0.41809
2705,400,42,42,100,0,0,0,1,319.421,0.05,0.15,645,31.572,2.46817,0.41809
2706,23,2,2,7,0,1,0,0,-13.055,0.05,0.15,645,31.572,5.23758,0.41809
2707,106,10,10,22,0,1,0,0,43.802,0.05,0.15,645,31.572,2.15578,0.41809
2708,26,3,3,8,0,1,0,0,-8.38,0.05,0.15,645,31.572,3.62033,0.41835
2709,396,21,21,57,0,1,0,0,155.289,0.05,0.15,645,31.572,2.1016,0.41835
2710,34,3,3,8,0,1,0,0,-5.363,0.05,0.15,645,31.572,2.42425,0.41835
2711,103,11,11,30,0,1,0,0,57.396,0.05,0.15,645,31.572,2.56293,0.41835
2712,400,24,24,63,0,0,0,1,204.682,0.05,0.15,645,31.572,2.10029,0.41835
2713,39,4,4,15,0,1,0,0,5.329,0.05,0.15,645,31.572,3.24176,0.41835
2714,349,33,33,84,0,1,0,0,224.618,0.05,0.15,645,31.572,2.21977,0.41835
2715,46,3,3,11,0,1,0,0,1.227,0.05,0.15,645,31.572,3.30891,0.41835
2716,400,36,36,90,0,0,0,1,278.218,0.05,0.15,645,31.572,2.40968,0.41835
2717,106,9,9,20,0,1,0,0,38.813,0.05,0.15,645,31.572,2.74494,0.41835
2718,46,2,2,10,0,1,0,0,-5.495,0.05,0.15,645,31.572,3.27452,0.41835
2719,337,30,30,93,0,1,0,0,213.107,0.05,0.15,645,31.572,2.5872,0.41835
2720,80,6,6,18,0,1,0,0,19.7,0.05,0.15,645,31.572,2.26235,0.41835
2721,321,34,34,80,0,1,0,0,226.659,0.05,0.15,645,31.572,2.81119,0.41835
2722,400,38,38,104,0,0,0,1,323.848,0.05,0.15,645,31.572,2.29293,0.41835
2723,400,45,45,99,0,0,0,1,337.154,0.05,0.15,645,31.572,2.34754,0.41835
2724,400,37,37,87,0,0,0,1,289.89,0.05,0.15,645,31.572,2.37128,0.41835
2725,400,41,41,113,0,0,0,1,331.852,0.05,0.15,645,31.572,2.48808,0.41835
2726,344,35,35,86,0,1,0,0,241.128,0.05,0.15,645,31.572,2.48548,0.41835
2727,198,25,25,58,0,1,0,0,146.779,0.05,0.15,645,31.572,2.64763,0.41835
2728,400,46,46,110,0,0,0,1,335.503,0.05,0.15,645,31.572,2.63919,0.41835
2729,7,0,0,5,0,1,0,0,-28.808,0.05,0.15,645,31.572,8.6552,0.41835
2730,45,5,5,15,0,1,0,0,7.073,0.05,0.15,645,31.572,3.99846,0.4186
2731,400,40,40,95,0,0,0,1,305.092,0.05,0.15,645,31.572,2.15292,0.4186
2732,87,8,8,27,0,1,0,0,39.759,0.05,0.15,645,31.572,2.5755,0.4186
2733,51,6,6,16,0,1,0,0,16.863,0.05,0.15,645,31.572,3.03953,0.4186
2734,135,15,15,43,0,1,0,0,87.157,0.05,0.15,645,31.572,2.74897,0.4186
2735,400,46,46,112,0,0,0,1,327.369,0.05,0.15,645,31.572,2.51289,0.4186
2736,400,43,43,116,0,0,0,1,335.462,0.05,0.15,645,31.572,2.27711,0.4186
2737,400,42,42,101,0,0,0,1,310.151,0.05,0.15,645,31.572,2.40185,0.4186
2738,400,41,41,103,0,0,0,1,307.983,0.05,0.15,645,31.572,2.34463,0.4186
2739,400,46,46,103,0,0,0,1,340.564,0.05,0.15,645,31.572,2.33547,0.4186
2740,400,44,44,104,0,0,0,1,330.417,0.05,0.15,645,31.572,2.28004,0.4186
2741,400,40,40,105,0,0,0,1,317.997,0.05,0.15,645,31.572,2.24311,0.4186
2742,19,1,1,5,0,1,0,0,-18.275,0.05,0.15,645,31.572,3.3266,0.4186
2743,269,30,30,80,0,1,0,0,196.611,0.05,0.15,645,31.572,2.37933,0.4186
2744,253,30,30,67,0,1,0,0,183.666,0.05,0.15,645,31.572,2.18562,0.4186
2745,234,27,27,58,0,1,0,0,165.504,0.05,0.15,645,31.572,2.3424,0.4186
2746,29,2,2,12,0,1,0,0,-6.502,0.05,0.15,645,31.572,4.4115,0.4186
2747,178,12,12,33,0,1,0,0,71.814,0.05,0.15,645,31.572,2.02829,0.4186
2748,400,15,15,45,0,0,0,1,160.67,0.05,0.15,645,31.572,1.62909,0.4186
2749,400,38,38,92,0,0,0,1,277.63,0.05,0.15,645,31.572,2.69406,0.4186
2750,400,37,37,92,0,0,0,1,294.612,0.05,0.15,645,31.572,2.3228,0.4186
2751,400,21,21,62,0,0,0,1,203.647,0.05,0.15,645,31.572,1.77872,0.4186
2752,125,5,5,19,0,1,0,0,24.646,0.05,0.15,645,31.572,1.49283,0.4186
2753,5,0,0,3,0,1,0,0,-33.406,0.05,0.15,645,31.572,1.73047,0.4186
2754,178,11,11,32,0,1,0,0,72.408,0.05,0.15,645,31.572,1.681,0.4186
2755,400,40,40,97,0,0,0,1,309.567,0.05,0.15,645,31.572,2.25731,0.4186
2756,94,9,9,29,0,1,0,0,46.972,0.05,0.15,645,31.572,2.85942,0.4186
2757,114,12,12,26,0,1,0,0,57.019,0.05,0.15,645,31.572,2.66367,0.4186
2758,400,27,27,78,0,0,0,1,230.94,0.05,0.15,645,31.572,2.21149,0.4186
2759,269,27,27,78,0,1,0,0,163.015,0.05,0.15,645,31.572,3.02124,0.41886
2760,400,43,43,94,0,0,0,1,310.747,0.05,0.15,645,31.572,2.29296,0.41886
2761,107,9,9,25,0,1,0,0,43.205,0.05,0.15,645,31.572,2.61551,0.41886
2762,240,23,23,60,0,1,0,0,139.719,0.05,0.15,645,31.572,2.8552,0.41912
2763,112,9,9,27,0,1,0,0,45.105,0.05,0.15,645,31.572,2.47018,0.41912
2764,51,6,6,13,0,1,0,0,13.299,0.05,0.15,645,31.572,2.38938,0.41912
2765,245,29,29,73,0,1,0,0,182.649,0.05,0.15,645,31.572,2.69854,0.41912
2766,400,39,39,96,0,0,0,1,298.607,0.05,0.15,645,31.572,2.18084,0.41912
2767,400,41,41,101,0,0,0,1,312.189,0.05,0.15,645,31.572,2.28243,0.41912
2768,97,13,13,30,0,1,0,0,62.493,0.05,0.15,645,31.572,2.69389,0.41912
2769,5,0,0,3,0,1,0,0,-33.406,0.05,0.15,645,31.572,1.50371,0.41912
2770,72,7,7,23,0,1,0,0,23.832,0.05,0.15,645,31.572,2.90824,0.41912
2771,108,8,8,26,0,1,0,0,32.754,0.05,0.15,645,31.572,2.80977,0.41912
2772,26,1,1,9,0,1,0,0,-16.684,0.05,0.15,645,31.572,5.29611,0.41912
2773,151,20,20,50,0,1,0,0,106.32,0.05,0.15,645,31.572,3.01634,0.41912
2774,400,43,43,110,0,0,0,1,329.166,0.05,0.15,645,31.572,2.38463,0.41912
2775,400,44,44,102,0,0,0,1,327.28,0.05,0.15,645,31.572,2.31811,0.41912
2776,400,44,44,113,0,0,0,1,340.366,0.05,0.15,645,31.572,2.31789,0.41912
2777,103,14,14,31,0,1,0,0,62.907,0.05,0.15,645,31.572,2.56528,0.41912
2778,64,5,5,21,0,1,0,0,16.514,0.05,0.15,645,31.572,3.21562,0.41912
2779,73,7,7,19,0,1,0,0,28.897,0.05,0.15,645,31.572,2.42676,0.41912
2780,244,24,24,61,0,1,0,0,155.382,0.05,0.15,645,31.572,2.10844,0.41912
2781,400,46,46,110,0,0,0,1,344.752,0.05,0.15,645,31.572,2.2735,0.41912
2782,185,19,19,67,0,1,0,0,134.513,0.05,0.15,645,31.572,2.45863,0.41912
2783,400,40,40,103,0,0,0,1,305.055,0.05,0.15,645,31.572,2.22041,0.41912
2784,26,3,3,11,0,1,0,0,-6.45,0.05,0.15,645,31.572,3.66956,0.41912
2785,341,22,22,62,0,1,0,0,122.113,0.05,0.15,645,31.572,3.05943,0.41912
2786,253,23,23,56,0,1,0,0,141.663,0.05,0.15,645,31.572,2.44963,0.41912
2787,137,10,10,33,0,1,0,0,42.744,0.05,0.15,645,31.572,3.45106,0.41912
2788,13,0,0,4,0,1,0,0,-25.975,0.05,0.15,645,31.572,8.66949,0.41912
2789,400,42,42,98,0,0,0,1,326.943,0.05,0.15,645,31.572,2.45084,0.41912
2790,400,35,35,85,0,0,0,1,265.428,0.05,0.15,645,31.572,2.64372,0.41912
2791,33,2,2,13,0,1,0,0,-5.603,0.05,0.15,645,31.572,2.75715,0.41912
2792,116,9,9,35,0,1,0,0,61.305,0.05,0.15,645,31.572,3.02809,0.41912
2793,400,36,36,96,0,0,0,1,279.854,0.05,0.15,645,31.572,2.38997,0.41912
2794,160,13,13,47,0,1,0,0,87.493,0.05,0.15,645,31.572,2.61332,0.41912
2795,400,35,35,94,0,0,0,1,273.493,0.05,0.15,645,31.572,2.45323,0.41912
2796,400,37,37,92,0,0,0,1,277.684,0.05,0.15,645,31.572,2.46402,0.41912
2797,400,44,44,108,0,0,0,1,331.684,0.05,0.15,645,31.572,2.31495,0.41912
2798,400,20,20,50,0,0,0,1,165.204,0.05,0.15,645,31.572,2.41261,0.41938
2799,400,42,42,96,0,0,0,1,311.926,0.05,0.15,645,31.572,2.23936,0.41938
2800,400,21,21,42,0,0,0,1,133.09,0.05,0.15,645,31.572,2.44047,0.41938
2801,14,1,1,3,0,1,0,0,-20.009,0.05,0.15,645,31.572,2.35547,0.41938
2802,200,17,17,46,0,1,0,0,97.094,0.05,0.15,645,31.572,2.9239,0.41938
2803,13,0,0,4,0,1,0,0,-24.175,0.05,0.15,645,31.572,4.85846,0.41938
2804,195,17,17,47,0,1,0,0,86.956,0.05,0.15,645,31.572,2.84161,0.41938
2805,159,10,10,20,0,1,0,0,47.203,0.05,0.15,645,31.572,2.10293,0.41938
2806,400,22,22,60,0,0,0,1,189.483,0.05,0.15,645,31.572,1.79209,0.41938
2807,142,16,16,31,0,1,0,0,71.881,0.05,0.15,645,31.572,2.44474,0.41938
2808,370,13,13,34,0,1,0,0,111.438,0.05,0.15,645,31.572,1.10552,0.41938
2809,51,5,5,14,0,1,0,0,11.608,0.05,0.15,645,31.572,2.69837,0.41938
2810,400,32,32,72,0,0,0,1,228.486,0.05,0.15,645,31.572,2.38083,0.41938
2811,400,35,35,86,0,0,0,1,274.302,0.05,0.15,645,31.572,2.50182,0.41938
2812,31,4,4,12,0,1,0,0,-2.709,0.05,0.15,645,31.572,3.44071,0.41938
2813,325,24,24,60,0,1,0,0,161.855,0.05,0.15,645,31.572,2.22322,0.41938
2814,400,29,29,65,0,0,0,1,227.01,0.05,0.15,645,31.572,2.32187,0.41938
2815,18,2,2,6,0,1,0,0,-16.649,0.05,0.15,645,31.572,5.37258,0.41938
2816,103,9,9,20,0,1,0,0,41.272,0.05,0.15,645,31.572,2.6895,0.41938
2817,400,19,19,45,0,0,0,1,147.939,0.05,0.15,645,31.572,2.12165,0.41938
2818,400,35,35,83,0,0,0,1,261.751,0.05,0.15,645,31.572,2.19896,0.41938
2819,56,3,3,17,0,1,0,0,6.858,0.05,0.15,645,31.572,1.93734,0.41938
2820,164,14,14,46,0,1,0,0,88.324,0.05,0.15,645,31.572,2.36221,0.41938
2821,400,29,29,70,0,0,0,1,239.62,0.05,0.15,645,31.572,2.05388,0.41938
2822,171,15,15,37,0,1,0,0,78.289,0.05,0.15,645,31.572,2.25688,0.41938
2823,118,11,11,33,0,1,0,0,68.282,0.05,0.15,645,31.572,2.4077,0.41938
2824,400,26,26,76,0,0,0,1,218.969,0.05,0.15,645,31.572,2.32866,0.41938
2825,16,2,2,5,0,1,0,0,-16.015,0.05,0.15,645,31.572,2.95703,0.41938
2826,400,40,40,102,0,0,0,1,311.059,0.05,0.15,645,31.572,2.23927,0.41938
2827,400,38,38,112,0,0,0,1,296.325,0.05,0.15,645,31.572,2.47526,0.41938
2828,400,42,42,111,0,0,0,1,320.988,0.05,0.15,645,31.572,2.29758,0.41938
2829,400,39,39,93,0,0,0,1,288.946,0.05,0.15,645,31.572,2.29984,0.41938
2830,400,37,37,82,0,0,0,1,270.197,0.05,0.15,645,31.572,2.1664,0.41938
2831,24,2,2,5,0,1,0,0,-14.234,0.05,0.15,645,31.572,4.35088,0.41938
2832,80,6,6,19,0,1,0,0,14.235,0.05,0.15,645,31.572,2.91809,0.41938
2833,5,0,0,2,0,1,0,0,-27.704,0.05,0.15,645,31.572,12.12472,0.41938
2834,16,0,0,4,0,1,0,0,-30.746,0.05,0.15,645,31.572,2.58732,0.41938
2835,35,3,3,10,0,1,0,0,-9.814,0.05,0.15,645,31.572,3.58568,0.41938
2836,6,0,0,3,0,1,0,0,-33.354,0.05,0.15,645,31.572,4.96431,0.41938
2837,400,34,34,80,0,0,0,1,265.204,0.05,0.15,645,31.572,2.21707,0.41938
2838,121,13,13,48,0,1,0,0,75.76,0.05,0.15,645,31.572,2.91445,0.41938
2839,400,36,36,85,0,0,0,1,262.988,0.05,0.15,645,31.572,1.54282,0.41938
2840,400,33,33,71,0,0,0,1,255.289,0.05,0.15,645,31.572,2.00848,0.41938
2841,160,24,24,54,0,1,0,0,123.331,0.05,0.15,645,31.572,2.99301,0.41938
2842,83,9,9,15,0,1,0,0,30.813,0.05,0.15,645,31.572,2.70446,0.41938
2843,400,34,34,77,0,0,0,1,264.335,0.05,0.15,645,31.572,1.83874,0.41938
2844,285,28,28,78,0,1,0,0,189.196,0.05,0.15,645,31.572,2.48859,0.41938
2845,400,28,28,61,0,0,0,1,231.857,0.05,0.15,645,31.572,1.77656,0.41938
2846,400,32,32,75,0,0,0,1,264.315,0.05,0.15,645,31.572,2.11761,0.41938
2847,52,5,5,9,0,1,0,0,4.697,0.05,0.15,645,31.572,3.48695,0.41938
2848,55,4,4,18,0,1,0,0,9.66,0.05,0.15,645,31.572,2.45504,0.41938
2849,69,6,6,14,0,1,0,0,10.533,0.05,0.15,645,31.572,2.89202,0.41938
2850,400,28,28,66,0,0,0,1,226.923,0.05,0.15,645,31.572,2.20364,0.41938
2851,400,31,31,68,0,0,0,1,208.908,0.05,0.15,645,31.572,2.19871,0.41938
2852,25,2,2,8,0,1,0,0,-10.929,0.05,0.15,645,31.572,3.34787,0.41938
2853,400,17,17,41,0,0,0,1,171.807,0.05,0.15,645,31.572,0.85153,0.41938
2854,400,10,10,22,0,0,0,1,137.842,0.05,0.15,645,31.572,0.64439,0.41938
2855,400,25,25,45,0,0,0,1,206.917,0.05,0.15,645,31.572,1.064,0.41938
2856,400,24,24,65,0,0,0,1,217.876,0.05,0.15,645,31.572,1.29072,0.41938
2857,400,20,20,40,0,0,0,1,184.864,0.05,0.15,645,31.572,1.14261,0.41938
2858,400,19,19,39,0,0,0,1,179.256,0.05,0.15,645,31.572,1.01153,0.41938
2859,400,28,28,69,0,0,0,1,241.902,0.05,0.15,645,31.572,1.73375,0.41938
2860,400,32,32,80,0,0,0,1,257.519,0.05,0.15,645,31.572,1.7385,0.41938
2861,400,36,36,86,0,0,0,1,294.767,0.05,0.15,645,31.572,1.94186,0.41938
2862,85,10,10,26,0,1,0,0,45.752,0.05,0.15,645,31.572,2.48534,0.41938
2863,32,3,3,10,0,1,0,0,-5.764,0.05,0.15,645,31.572,3.93589,0.41938
2864,136,16,16,35,0,1,0,0,80.907,0.05,0.15,645,31.572,2.03359,0.41938
2865,400,30,30,76,0,0,0,1,237.471,0.05,0.15,645,31.572,2.21443,0.41938
2866,320,13,13,40,0,1,0,0,113.375,0.05,0.15,645,31.572,1.17589,0.41938
2867,400,16,16,46,0,0,0,1,176.721,0.05,0.15,645,31.572,0.99262,0.41938
2868,400,31,31,70,0,0,0,1,245.206,0.05,0.15,645,31.572,1.82424,0.41938
2869,162,19,19,57,0,1,0,0,113.787,0.05,0.15,645,31.572,2.50968,0.41938
2870,105,9,9,25,0,1,0,0,45.006,0.05,0.15,645,31.572,2.70808,0.41938
2871,43,5,5,13,0,1,0,0,7.153,0.05,0.15,645,31.572,2.39898,0.41938
2872,92,11,11,27,0,1,0,0,44.789,0.05,0.15,645,31.572,3.32518,0.41938
2873,90,9,9,25,0,1,0,0,33.918,0.05,0.15,645,31.572,3.38231,0.41938
2874,174,14,14,43,0,1,0,0,80.535,0.05,0.15,645,31.572,2.76761,0.41938
2875,133,15,15,39,0,1,0,0,68.903,0.05,0.15,645,31.572,3.05704,0.41938
2876,13,0,0,5,0,1,0,0,-25.373,0.05,0.15,645,31.572,7.37872,0.41938
2877,27,2,2,8,0,1,0,0,-13.519,0.05,0.15,645,31.572,4.66926,0.41938
2878,20,1,1,7,0,1,0,0,-19.349,0.05,0.15,645,31.572,5.82942,0.41938
2879,278,27,27,61,0,1,0,0,170.013,0.05,0.15,645,31.572,2.53835,0.41938
2880,400,42,42,89,0,0,0,1,304.424,0.05,0.15,645,31.572,2.29951,0.41938
2881,286,27,27,64,0,1,0,0,172.018,0.05,0.15,645,31.572,2.55705,0.41938
2882,227,27,27,58,0,1,0,0,164.456,0.05,0.15,645,31.572,2.40239,0.41938
2883,400,37,37,87,0,0,0,1,275.831,0.05,0.15,645,31.572,2.29793,0.41938
2884,400,38,38,89,0,0,0,1,285.037,0.05,0.15,645,31.572,2.10301,0.41938
2885,58,8,8,17,0,1,0,0,23.393,0.05,0.15,645,31.572,3.1449,0.41938
2886,254,24,24,62,0,1,0,0,157.456,0.05,0.15,645,31.572,2.30512,0.41938
2887,83,8,8,29,0,1,0,0,39.859,0.05,0.15,645,31.572,2.36376,0.41938
2888,182,23,23,57,0,1,0,0,136.939,0.05,0.15,645,31.572,2.22133,0.41938
2889,5,0,0,3,0,1,0,0,-33.008,0.05,0.15,645,31.572,0.43034,0.41938
2890,398,42,42,98,0,1,0,0,277.668,0.05,0.15,645,31.572,2.34315,0.41938
2891,400,28,28,74,0,0,0,1,219.679,0.05,0.15,645,31.572,2.32781,0.41938
2892,58,4,4,17,0,1,0,0,6.687,0.05,0.15,645,31.572,2.94008,0.41938
2893,400,34,34,85,0,0,0,1,264.731,0.05,0.15,645,31.572,1.99585,0.41938
2894,179,11,11,32,0,1,0,0,68.393,0.05,0.15,645,31.572,2.07886,0.41938
2895,400,27,27,65,0,0,0,1,220.817,0.05,0.15,645,31.572,2.04093,0.41964
2896,160,15,15,52,0,1,0,0,86.455,0.05,0.15,645,31.572,2.57468,0.41964
2897,226,22,22,56,0,1,0,0,143.678,0.05,0.15,645,31.572,2.18207,0.41964
2898,48,5,5,13,0,1,0,0,5.225,0.05,0.15,645,31.572,3.73722,0.41964
2899,400,34,34,89,0,0,0,1,267.833,0.05,0.15,645,31.572,2.07135,0.41964
2900,400,32,32,87,0,0,0,1,264.379,0.05,0.15,645,31.572,1.96904,0.41964
2901,226,18,18,43,0,1,0,0,111.167,0.05,0.15,645,31.572,2.20938,0.41964
2902,17,2,2,9,0,1,0,0,-15.215,0.05,0.15,645,31.572,6.19446,0.41964
2903,50,4,4,16,0,1,0,0,7.004,0.05,0.15,645,31.572,2.89391,0.41964
2904,122,9,9,31,0,1,0,0,50.999,0.05,0.15,645,31.572,2.70138,0.41964
2905,400,34,34,82,0,0,0,1,250.641,0.05,0.15,645,31.572,2.06922,0.41964
2906,356,38,38,91,0,1,0,0,249.489,0.05,0.15,645,31.572,2.23468,0.41964
2907,400,42,42,91,0,0,0,1,305.174,0.05,0.15,645,31.572,2.04543,0.41964
2908,20,0,0,5,0,1,0,0,-25.292,0.05,0.15,645,31.572,5.8769,0.41964
2909,393,35,35,89,0,1,0,0,242.704,0.05,0.15,646,31.572,1.95513,0.41925
2910,49,3,3,6,0,1,0,0,-4.97,0.05,0.15,646,31.572,2.91844,0.41925
2911,400,38,38,91,0,0,0,1,292.993,0.05,0.15,646,31.572,2.13814,0.41925
2912,400,41,41,103,0,0,0,1,304.189,0.05,0.15,646,31.572,2.08758,0.4195
2913,203,13,13,42,0,1,0,0,87.835,0.05,0.15,646,31.572,1.89426,0.4195
2914,72,5,5,15,0,1,0,0,11.7,0.05,0.15,646,31.572,3.04758,0.4195
2915,141,19,19,34,0,1,0,0,94.961,0.05,0.15,646,31.572,2.46019,0.4195
2916,53,3,3,10,0,1,0,0,2.081,0.05,0.15,646,31.572,2.98033,0.4195
2917,277,28,28,73,0,1,0,0,177.237,0.05,0.15,646,31.572,2.0845,0.4195
2918,400,21,21,51,0,0,0,1,185.988,0.05,0.15,646,31.572,1.69181,0.41976
2919,400,20,20,50,0,0,0,1,178.638,0.05,0.15,646,31.572,1.63311,0.41976
2920,400,27,27,69,0,0,0,1,229.009,0.05,0.15,646,31.572,1.75563,0.41976
2921,400,28,28,68,0,0,0,1,247.384,0.05,0.15,646,31.572,1.5685,0.41976
2922,400,42,42,101,0,0,0,1,319.945,0.05,0.15,646,31.572,2.27381,0.41976
2923,400,38,38,92,0,0,0,1,292.427,0.05,0.15,646,31.572,2.13815,0.41976
2924,29,2,2,14,0,1,0,0,-7.005,0.05,0.15,646,31.572,4.37143,0.41976
2925,92,10,10,28,0,1,0,0,47.622,0.05,0.15,646,31.572,2.52874,0.41976
2926,400,29,29,74,0,0,0,1,235.537,0.05,0.15,646,31.572,2.43514,0.41976
2927,400,32,32,79,0,0,0,1,246.638,0.05,0.15,646,31.572,2.08447,0.41976
2928,43,4,4,13,0,1,0,0,5.457,0.05,0.15,646,31.572,2.7305,0.41976
2929,134,13,13,35,0,1,0,0,64.849,0.05,0.15,646,31.572,2.31882,0.41976
2930,20,0,0,10,0,1,0,0,-18.169,0.05,0.15,646,31.572,5.72909,0.41976
2931,74,2,2,23,0,1,0,0,0.925,0.05,0.15,646,31.572,3.18095,0.41976
2932,250,32,32,72,0,1,0,0,197.308,0.05,0.15,646,31.572,2.41239,0.41976
2933,26,2,2,7,0,1,0,0,-12.787,0.05,0.15,646,31.572,3.28829,0.41976
2934,400,17,17,47,0,0,0,1,166.242,0.05,0.15,646,31.572,1.50132,0.41976
2935,63,10,10,23,0,1,0,0,33.986,0.05,0.15,646,31.572,3.46304,0.41976
2936,213,7,7,21,0,1,0,0,53.098,0.05,0.15,646,31.572,1.38797,0.41976
2937,400,19,19,46,0,0,0,1,166.74,0.05,0.15,646,31.572,1.64143,0.41976
2938,222,16,16,37,0,1,0,0,88.331,0.05,0.15,646,31.572,2.18406,0.41976
2939,400,21,21,51,0,0,0,1,186.935,0.05,0.15,646,31.572,1.52324,0.41976
2940,400,22,22,55,0,0,0,1,210.79,0.05,0.15,646,31.572,1.61709,0.41976
2941,400,37,37,98,0,0,0,1,296.01,0.05,0.15,646,31.572,2.15551,0.41976
2942,130,8,8,36,0,1,0,0,52.127,0.05,0.15,646,31.572,2.28127,0.41976
2943,109,2,2,22,0,1,0,0,8.623,0.05,0.15,646,31.572,2.69026,0.41976
2944,28,0,0,8,0,1,0,0,-19.197,0.05,0.15,646,31.572,4.81142,0.41976
2945,13,0,0,4,0,1,0,0,-27.477,0.05,0.15,646,31.572,5.17979,0.41976
2946,71,9,9,20,0,1,0,0,33.749,0.05,0.15,646,31.572,2.22962,0.41976
2947,400,19,19,45,0,0,0,1,173.173,0.05,0.15,646,31.572,1.70907,0.41976
2948,400,26,26,73,0,0,0,1,231.876,0.05,0.15,646,31.572,1.73074,0.41976
2949,400,30,30,80,0,0,0,1,242.396,0.05,0.15,646,31.572,2.12658,0.41976
2950,400,34,34,87,0,0,0,1,266.582,0.05,0.15,646,31.572,2.46535,0.41976
2951,400,35,35,86,0,0,0,1,259.738,0.05,0.15,646,31.572,2.27008,0.41976
2952,35,3,3,7,0,1,0,0,-4.955,0.05,0.15,646,31.572,3.08553,0.41976
2953,28,2,2,7,0,1,0,0,-11.182,0.05,0.15,646,31.572,3.15336,0.41976
2954,400,31,31,80,0,0,0,1,239.298,0.05,0.15,646,31.572,2.26797,0.41976
2955,349,33,33,85,0,1,0,0,222.034,0.05,0.15,646,31.572,2.83904,0.41976
2956,248,19,19,60,0,1,0,0,125.586,0.05,0.15,646,31.572,2.7031,0.41976
2957,400,30,30,80,0,0,0,1,250.384,0.05,0.15,646,31.572,2.27648,0.41976
2958,400,26,26,53,0,0,0,1,211.528,0.05,0.15,646,31.572,2.07964,0.41976
2959,274,26,26,68,0,1,0,0,174.489,0.05,0.15,646,31.572,2.21496,0.41976
2960,68,8,8,17,0,1,0,0,18.706,0.05,0.15,646,31.572,3.42892,0.41976
2961,16,1,1,6,0,1,0,0,-21.43,0.05,0.15,646,31.572,4.81387,0.41976
2962,400,21,21,54,0,0,0,1,177.011,0.05,0.15,646,31.572,2.03081,0.41976
2963,24,0,0,4,0,1,0,0,-25.801,0.05,0.15,646,31.572,3.22187,0.41976
2964,115,10,10,33,0,1,0,0,50.125,0.05,0.15,646,31.572,2.40834,0.41976
2965,400,25,25,56,0,1,0,0,176.586,0.05,0.15,646,31.572,2.42925,0.41976
2966,23,1,1,7,0,1,0,0,-18.459,0.05,0.15,646,31.572,5.65164,0.41976
2967,99,6,6,24,0,1,0,0,26.474,0.05,0.15,646,31.572,3.09083,0.41976
2968,206,17,17,44,0,1,0,0,96.761,0.05,0.15,646,31.572,1.97802,0.41976
2969,186,16,16,33,0,1,0,0,92.1,0.05,0.15,646,31.572,2.3359,0.41976
2970,13,1,1,2,0,1,0,0,-22.323,0.05,0.15,646,31.572,6.95948,0.41976
2971,115,6,6,14,0,1,0,0,24.616,0.05,0.15,646,31.572,2.2734,0.41976
2972,388,15,15,39,0,1,0,0,113.207,0.05,0.15,646,31.572,1.83932,0.41976
2973,400,14,14,33,0,0,0,1,146.062,0.05,0.15,646,31.572,1.15564,0.41976
2974,400,12,12,32,0,0,0,1,135.165,0.05,0.15,646,31.572,0.96311,0.42002
2975,400,29,29,60,0,0,0,1,234.062,0.05,0.15,646,31.572,1.65296,0.42002
2976,49,2,2,14,0,1,0,0,-6.714,0.05,0.15,646,31.572,2.44568,0.42002
2977,400,18,18,45,0,0,0,1,183.211,0.05,0.15,646,31.572,1.23077,0.42002
2978,400,21,21,61,0,0,0,1,194.204,0.05,0.15,646,31.572,2.21209,0.42002
2979,400,20,20,51,0,0,0,1,173.251,0.05,0.15,646,31.572,1.99086,0.42002
2980,400,28,28,73,0,0,0,1,235.377,0.05,0.15,646,31.572,1.80209,0.42002
2981,67,5,5,14,0,1,0,0,13.921,0.05,0.15,646,31.572,3.14013,0.42002
2982,277,33,33,81,0,1,0,0,209.115,0.05,0.15,646,31.572,2.47129,0.42028
2983,159,9,9,21,0,1,0,0,43.279,0.05,0.15,646,31.572,1.72686,0.42028
2984,15,0,0,5,0,1,0,0,-20.805,0.05,0.15,646,31.572,3.89535,0.42028
2985,13,0,0,4,0,1,0,0,-23.457,0.05,0.15,646,31.572,6.71855,0.42028
2986,400,28,28,78,0,0,0,1,250.002,0.05,0.15,646,31.572,1.95686,0.42028
2987,327,18,18,46,0,1,0,0,117.047,0.05,0.15,646,31.572,2.38549,0.42028
2988,183,21,21,43,0,1,0,0,107.566,0.05,0.15,646,31.572,2.81034,0.42054
2989,400,27,27,57,0,0,0,1,196.659,0.05,0.15,647,31.572,2.48081,0.42014
2990,13,0,0,3,0,1,0,0,-23.123,0.05,0.15,647,31.572,5.00349,0.42014
2991,25,2,2,4,0,1,0,0,-17.693,0.05,0.15,647,31.572,4.63915,0.42014
2992,400,28,28,72,0,0,0,1,239.945,0.05,0.15,647,31.572,1.96363,0.42014
2993,400,25,25,61,0,0,0,1,219.789,0.05,0.15,647,31.572,1.40389,0.42014
2994,400,14,14,40,0,0,0,1,171.092,0.05,0.15,647,31.572,0.95716,0.42014
2995,16,1,1,2,0,1,0,0,-24.074,0.05,0.15,647,31.572,5.04392,0.42014
2996,74,6,6,20,0,1,0,0,24.925,0.05,0.15,647,31.572,2.27115,0.42014
2997,274,19,19,60,0,1,0,0,137.793,0.05,0.15,647,31.572,2.03996,0.42014
2998,400,18,18,40,0,0,0,1,159.233,0.05,0.15,647,31.572,1.52454,0.42014
2999,124,12,12,41,0,1,0,0,68.282,0.05,0.15,647,31.572,2.32647,0.42014
3000,400,13,13,45,0,0,0,1,164.076,0.05,0.15,647,31.572,1.31766,0.42014
