round,steps,score,coins,crates,kills,suicides,invalid,survived,total_reward,epsilon,alpha,n_states,max_abs_q,mean_abs_td,coverage
1,64,6,6,0,0,1,0,0,-14.733,0.9975,0.15,26,4.509,2.99394,0.25641
2,12,3,3,0,0,1,0,0,-29.504,0.99501,0.15,29,4.7565,10.6855,0.27586
3,107,11,11,0,0,1,0,0,-0.523,0.99253,0.15,41,4.7565,2.85622,0.30894
4,5,0,0,0,0,1,0,0,-37.174,0.99005,0.15,41,8.7995,17.94747,0.31301
5,46,5,5,0,0,1,0,0,-24.804,0.98758,0.15,43,12.2361,3.25931,0.33333
6,60,2,2,0,0,1,0,0,-33.197,0.98511,0.15,46,15.1572,2.51322,0.35145
7,50,6,6,0,0,1,0,0,-18.645,0.98265,0.15,50,15.1572,3.9897,0.37
8,30,3,3,0,0,1,0,0,-25.723,0.9802,0.15,51,15.1572,5.00093,0.36928
9,62,6,6,0,0,1,0,0,-15.348,0.97775,0.15,53,15.1572,2.81792,0.36792
10,5,1,1,0,0,1,0,0,-33.81,0.97531,0.15,53,17.5861,12.44854,0.37107
11,6,0,0,0,0,1,0,0,-34.568,0.97287,0.15,54,19.384,9.92813,0.36728
12,5,1,1,0,0,1,0,0,-32.232,0.97045,0.15,54,20.9899,11.2755,0.36728
13,17,1,1,0,0,1,0,0,-30.562,0.96802,0.15,54,20.9899,5.81626,0.37037
14,81,7,7,0,0,1,0,0,-20.694,0.96561,0.15,57,17.5861,3.2885,0.37719
15,21,2,2,0,0,1,0,0,-32.748,0.96319,0.15,58,19.6507,5.04982,0.38218
16,22,4,4,0,0,1,0,0,-22.752,0.96079,0.15,58,19.6507,6.43151,0.38218
17,11,2,2,0,0,1,0,0,-30.562,0.95839,0.15,58,21.4596,6.61942,0.38506
18,104,3,3,0,0,1,0,0,-30.678,0.956,0.15,60,22.9971,1.81362,0.39167
19,8,1,1,0,0,1,0,0,-32.054,0.95361,0.15,60,22.9971,6.06085,0.39444
20,7,1,1,0,0,1,0,0,-33.542,0.95123,0.15,60,24.2861,10.30396,0.39444
21,34,4,4,0,0,1,0,0,-20.033,0.94885,0.15,61,24.2861,4.51519,0.40164
22,8,0,0,0,0,1,0,0,-32.946,0.94649,0.15,61,24.2861,10.08132,0.40164
23,37,7,7,0,0,1,0,0,-12.976,0.94412,0.15,61,25.3997,3.34257,0.40437
24,47,5,5,0,0,1,0,0,-19.812,0.94176,0.15,62,25.3997,4.00673,0.4086
25,105,10,10,0,0,1,0,0,-15.978,0.93941,0.15,64,25.3997,2.80431,0.40104
26,70,3,3,0,0,1,0,0,-29.611,0.93707,0.15,64,25.3997,2.0925,0.40885
27,47,1,1,0,0,1,0,0,-31.85,0.93473,0.15,65,26.2562,2.61768,0.40513
28,5,1,1,0,0,1,0,0,-33.732,0.93239,0.15,65,27.0383,6.41074,0.40513
29,15,2,2,0,0,1,0,0,-27.25,0.93007,0.15,65,27.0383,2.99984,0.40513
30,110,10,10,0,0,1,0,0,-3.556,0.92774,0.15,67,27.0383,3.17212,0.41294
31,22,3,3,0,0,1,0,0,-23.062,0.92543,0.15,67,27.0383,5.2898,0.42289
32,5,1,1,0,0,1,0,0,-33.774,0.92312,0.15,67,27.739,10.13927,0.42289
33,155,5,5,0,0,1,0,0,-26.005,0.92081,0.15,67,27.739,2.15175,0.42537
34,13,2,2,0,0,1,0,0,-29.315,0.91851,0.15,67,27.739,7.83698,0.42786
35,28,2,2,0,0,1,0,0,-28.682,0.91622,0.15,67,27.739,4.4631,0.43035
36,95,7,7,0,0,1,0,0,-19.33,0.91393,0.15,67,27.739,2.5312,0.43284
37,67,4,4,0,0,1,0,0,-29.358,0.91165,0.15,67,27.739,3.75106,0.44279
38,64,7,7,0,0,1,0,0,-18.551,0.90937,0.15,68,27.739,3.15324,0.44363
39,66,7,7,0,0,1,0,0,-16.693,0.9071,0.15,68,27.739,2.93334,0.44363
40,50,9,9,0,0,1,0,0,-12.222,0.90484,0.15,68,27.739,4.11819,0.44608
41,9,0,0,0,0,1,0,0,-32.618,0.90258,0.15,68,28.3347,8.45339,0.44853
42,19,1,1,0,0,1,0,0,-30.942,0.90032,0.15,68,28.3347,5.52574,0.44853
43,12,3,3,0,0,1,0,0,-29.142,0.89808,0.15,68,28.3347,4.95482,0.44853
44,29,3,3,0,0,1,0,0,-25.055,0.89583,0.15,68,28.3347,4.16642,0.44853
45,38,8,8,0,0,1,0,0,-11.179,0.8936,0.15,70,28.3347,4.62607,0.44286
46,93,11,11,0,0,1,0,0,-11.651,0.89137,0.15,72,28.805,2.92062,0.43981
47,128,14,14,0,0,1,0,0,3.0,0.88914,0.15,72,28.805,2.79862,0.44444
48,14,4,4,0,0,1,0,0,-22.024,0.88692,0.15,73,28.805,4.46186,0.44292
49,55,8,8,0,0,1,0,0,-19.086,0.88471,0.15,73,29.2407,3.23911,0.44749
50,31,6,6,0,0,1,0,0,-19.999,0.8825,0.15,73,29.2407,4.03516,0.44749
51,22,3,3,0,0,1,0,0,-25.474,0.88029,0.15,73,29.2407,4.88391,0.44977
52,93,12,12,0,0,1,0,0,-2.309,0.8781,0.15,73,29.2407,2.92473,0.45434
53,22,5,5,0,0,1,0,0,-16.042,0.8759,0.15,73,29.2407,5.93725,0.45434
54,47,5,5,0,0,1,0,0,-22.112,0.87372,0.15,73,29.2407,3.66539,0.4589
55,8,0,0,0,0,1,0,0,-35.256,0.87153,0.15,73,29.2407,5.50372,0.4589
56,5,0,0,0,0,1,0,0,-36.498,0.86936,0.15,74,29.2407,17.39133,0.45495
57,57,4,4,0,0,1,0,0,-27.584,0.86719,0.15,75,29.2407,3.66318,0.45333
58,32,6,6,0,0,1,0,0,-16.938,0.86502,0.15,75,29.2407,3.86281,0.45333
59,16,1,1,0,0,1,0,0,-32.32,0.86286,0.15,75,29.2407,4.17017,0.45556
60,72,7,7,0,0,1,0,0,-12.781,0.86071,0.15,75,29.2407,3.20963,0.45556
61,45,9,9,0,0,1,0,0,-2.932,0.85856,0.15,75,29.2407,4.189,0.45556
62,86,9,9,0,0,1,0,0,-10.878,0.85642,0.15,75,29.2407,2.96856,0.46
63,6,3,3,0,0,1,0,0,-26.146,0.85428,0.15,75,29.2407,11.58236,0.46
64,54,8,8,0,0,1,0,0,-9.966,0.85214,0.15,75,29.2407,3.78957,0.46222
65,45,6,6,0,0,1,0,0,-18.401,0.85002,0.15,75,29.2407,4.25783,0.46222
66,6,2,2,0,0,1,0,0,-29.032,0.84789,0.15,75,29.2407,10.71413,0.46222
67,6,0,0,0,0,1,0,0,-36.212,0.84578,0.15,75,29.6111,7.8731,0.46222
68,18,3,3,0,0,1,0,0,-25.049,0.84366,0.15,75,29.908,4.76205,0.46222
69,9,1,1,0,0,1,0,0,-30.488,0.84156,0.15,75,30.1783,7.49078,0.46222
70,124,8,8,0,0,1,0,0,-22.047,0.83946,0.15,75,30.1783,3.13342,0.46222
71,17,5,5,0,0,1,0,0,-20.736,0.83736,0.15,76,30.1783,8.7135,0.46272
72,5,1,1,0,0,1,0,0,-32.136,0.83527,0.15,76,30.1783,7.24887,0.46272
73,52,12,12,0,0,1,0,0,8.51,0.83318,0.15,76,30.1783,3.93134,0.46491
74,80,12,12,0,0,1,0,0,-0.25,0.8311,0.15,76,30.1783,3.51891,0.46711
75,40,1,1,0,0,1,0,0,-31.125,0.82903,0.15,76,30.1783,3.23055,0.46711
76,49,5,5,0,0,1,0,0,-14.253,0.82696,0.15,77,30.1783,3.64582,0.4632
77,13,3,3,0,0,1,0,0,-27.494,0.82489,0.15,77,30.1783,6.42375,0.4632
78,161,23,23,0,0,1,0,0,41.145,0.82283,0.15,78,30.1783,3.13103,0.4594
79,151,15,15,0,0,1,0,0,1.729,0.82078,0.15,78,30.1783,3.30375,0.4594
80,8,0,0,0,0,1,0,0,-31.89,0.81873,0.15,78,30.1783,8.21677,0.4594
81,165,21,21,0,0,1,0,0,21.09,0.81669,0.15,79,30.1783,3.04696,0.45992
82,89,13,13,0,0,1,0,0,8.645,0.81465,0.15,79,30.1783,3.10353,0.46203
83,119,17,17,0,0,1,0,0,18.999,0.81261,0.15,79,30.1783,2.98409,0.46414
84,141,17,17,0,0,1,0,0,14.427,0.81058,0.15,79,30.1783,2.90505,0.46414
85,7,0,0,0,0,1,0,0,-35.234,0.80856,0.15,79,30.1783,5.99091,0.46414
86,199,26,26,0,0,1,0,0,32.004,0.80654,0.15,80,30.1783,3.1314,0.46458
87,42,9,9,0,0,1,0,0,-5.77,0.80453,0.15,80,30.336,3.4754,0.46458
88,161,21,21,0,0,1,0,0,25.17,0.80252,0.15,80,30.336,3.2509,0.46667
89,44,3,3,0,0,1,0,0,-27.394,0.80052,0.15,80,30.336,4.23666,0.46875
90,43,5,5,0,0,1,0,0,-25.671,0.79852,0.15,80,30.4701,4.23348,0.46875
91,80,7,7,0,0,1,0,0,-11.267,0.79652,0.15,80,30.4701,3.18039,0.47083
92,101,14,14,0,0,1,0,0,3.327,0.79453,0.15,80,30.5841,3.3518,0.47292
93,77,8,8,0,0,1,0,0,-10.142,0.79255,0.15,80,30.5841,2.93355,0.47292
94,34,5,5,0,0,1,0,0,-15.867,0.79057,0.15,80,30.5841,4.67074,0.47292
95,5,0,0,0,0,1,0,0,-37.03,0.7886,0.15,80,30.735,9.28309,0.47292
96,5,1,1,0,0,1,0,0,-28.874,0.78663,0.15,80,30.735,11.15765,0.47292
97,74,5,5,0,0,1,0,0,-20.633,0.78466,0.15,80,30.735,3.39519,0.475
98,5,1,1,0,0,1,0,0,-35.508,0.7827,0.15,80,30.735,18.26109,0.47708
99,72,10,10,0,0,1,0,0,-14.48,0.78075,0.15,80,30.735,3.63559,0.47708
100,49,2,2,0,0,1,0,0,-36.413,0.7788,0.15,80,30.735,3.83041,0.47708
101,11,1,1,0,0,1,0,0,-31.52,0.77686,0.15,80,30.735,4.99833,0.47708
102,16,2,2,0,0,1,0,0,-29.354,0.77492,0.15,80,30.735,6.08241,0.47708
103,23,3,3,0,0,1,0,0,-27.198,0.77298,0.15,80,30.735,4.25189,0.47708
104,56,8,8,0,0,1,0,0,-10.755,0.77105,0.15,80,30.735,3.43327,0.47708
105,6,2,2,0,0,1,0,0,-30.7,0.76913,0.15,80,30.735,7.70108,0.47708
106,14,6,6,0,0,1,0,0,-15.522,0.76721,0.15,80,30.735,7.69659,0.47708
107,206,27,27,0,0,1,0,0,43.158,0.76529,0.15,80,30.735,3.39084,0.47917
108,27,2,2,0,0,1,0,0,-26.856,0.76338,0.15,80,30.735,3.98101,0.47917
109,62,8,8,0,0,1,0,0,-13.195,0.76147,0.15,80,30.8812,3.96191,0.47917
110,18,4,4,0,0,1,0,0,-25.059,0.75957,0.15,80,31.0056,5.61559,0.47917
111,132,11,11,0,0,1,0,0,-6.848,0.75768,0.15,80,31.1112,3.4053,0.47917
112,5,0,0,0,0,1,0,0,-35.23,0.75578,0.15,80,31.1112,9.47865,0.47917
113,43,8,8,0,0,1,0,0,-10.59,0.7539,0.15,80,31.165,3.36361,0.48125
114,34,5,5,0,0,1,0,0,-21.014,0.75201,0.15,80,31.165,2.9563,0.48125
115,50,11,11,0,0,1,0,0,4.837,0.75014,0.15,80,31.165,3.68825,0.48125
116,65,12,12,0,0,1,0,0,3.21,0.74826,0.15,80,31.165,3.55154,0.48125
117,73,7,7,0,0,1,0,0,-15.596,0.7464,0.15,80,31.165,3.56926,0.48333
118,119,17,17,0,0,1,0,0,14.948,0.74453,0.15,81,31.165,3.10584,0.47942
119,20,2,2,0,0,1,0,0,-30.24,0.74267,0.15,81,31.2288,5.10055,0.47942
120,23,1,1,0,0,1,0,0,-35.412,0.74082,0.15,81,31.2288,4.85612,0.47942
121,202,21,21,0,0,1,0,0,22.438,0.73897,0.15,82,31.2288,3.14545,0.47967
122,5,1,1,0,0,1,0,0,-28.874,0.73712,0.15,82,31.2288,12.7729,0.47967
123,6,0,0,0,0,1,0,0,-35.464,0.73528,0.15,82,31.2288,9.69877,0.47967
124,126,8,8,0,0,1,0,0,-7.914,0.73345,0.15,82,31.2288,2.45079,0.47967
125,17,6,6,0,0,1,0,0,-16.361,0.73162,0.15,82,31.2288,4.57164,0.47967
126,118,14,14,0,0,1,0,0,10.92,0.72979,0.15,82,31.2288,2.78364,0.47967
127,154,23,23,0,0,1,0,0,39.603,0.72797,0.15,82,31.2288,2.47121,0.47967
128,7,1,1,0,0,1,0,0,-32.086,0.72615,0.15,82,31.2288,6.74352,0.47967
129,13,3,3,0,0,1,0,0,-25.57,0.72434,0.15,82,31.2288,4.13145,0.47967
130,277,39,39,0,0,1,0,0,84.786,0.72253,0.15,82,31.2288,2.93796,0.48171
131,8,1,1,0,0,1,0,0,-29.302,0.72072,0.15,82,31.2288,7.5556,0.48171
132,28,6,6,0,0,1,0,0,-15.946,0.71892,0.15,82,31.2288,4.38773,0.48171
133,45,4,4,0,0,1,0,0,-25.55,0.71713,0.15,82,31.2288,4.36195,0.48171
134,96,17,17,0,0,1,0,0,17.047,0.71534,0.15,82,31.247,3.60445,0.48171
135,82,11,11,0,0,1,0,0,3.054,0.71355,0.15,82,31.247,3.72286,0.48171
136,15,1,1,0,0,1,0,0,-32.42,0.71177,0.15,82,31.247,4.33148,0.48171
137,58,8,8,0,0,1,0,0,-15.182,0.70999,0.15,82,31.247,3.35259,0.48171
138,56,5,5,0,0,1,0,0,-23.351,0.70822,0.15,82,31.247,3.41713,0.48171
139,133,22,22,0,0,1,0,0,27.849,0.70645,0.15,82,31.247,3.43563,0.48171
140,45,8,8,0,0,1,0,0,-14.243,0.70469,0.15,82,31.247,4.7772,0.48374
141,52,6,6,0,0,1,0,0,-16.295,0.70293,0.15,82,31.247,3.01949,0.48374
142,43,5,5,0,0,1,0,0,-17.439,0.70117,0.15,82,31.247,3.41124,0.48374
143,7,1,1,0,0,1,0,0,-31.946,0.69942,0.15,82,31.247,4.89163,0.48374
144,135,20,20,0,0,1,0,0,25.78,0.69768,0.15,82,31.2984,3.24048,0.48374
145,190,24,24,0,0,1,0,0,35.852,0.69593,0.15,82,31.2984,2.57039,0.48577
146,64,9,9,0,0,1,0,0,-11.861,0.6942,0.15,83,31.3422,3.76429,0.48193
147,110,13,13,0,0,1,0,0,10.537,0.69246,0.15,83,31.3973,3.0701,0.48193
148,28,3,3,0,0,1,0,0,-28.546,0.69073,0.15,83,31.3973,3.78047,0.48193
149,30,7,7,0,0,1,0,0,-11.401,0.68901,0.15,83,31.3973,3.9631,0.48193
150,57,9,9,0,0,1,0,0,-14.136,0.68729,0.15,83,31.4262,3.13319,0.48193
151,45,8,8,0,0,1,0,0,-11.8,0.68557,0.15,83,31.4262,4.40504,0.48394
152,145,16,16,0,0,1,0,0,19.285,0.68386,0.15,83,31.4688,2.98591,0.48594
153,60,11,11,0,0,1,0,0,3.127,0.68215,0.15,83,31.4688,3.05696,0.48594
154,13,1,1,0,0,1,0,0,-30.05,0.68045,0.15,83,31.487,4.73023,0.48594
155,30,4,4,0,0,1,0,0,-26.912,0.67875,0.15,83,31.4844,4.01115,0.48594
156,84,9,9,0,0,1,0,0,-1.359,0.67706,0.15,83,31.4844,3.00972,0.48594
157,34,11,11,0,0,1,0,0,0.124,0.67537,0.15,83,31.4844,4.2055,0.48594
158,45,12,12,0,0,1,0,0,4.988,0.67368,0.15,83,31.4844,3.72571,0.48795
159,205,37,37,0,0,1,0,0,75.761,0.672,0.15,84,31.4844,3.58072,0.48413
160,36,9,9,0,0,1,0,0,-6.662,0.67032,0.15,84,31.4844,3.87747,0.48413
161,18,1,1,0,0,1,0,0,-33.705,0.66865,0.15,84,31.4844,6.00277,0.48413
162,24,1,1,0,0,1,0,0,-30.353,0.66698,0.15,84,31.4844,3.67167,0.48413
163,157,26,26,0,0,1,0,0,54.373,0.66531,0.15,85,31.4844,2.97154,0.48039
164,299,42,42,0,0,1,0,0,99.101,0.66365,0.15,85,31.4844,3.04833,0.48039
165,187,32,32,0,0,1,0,0,62.145,0.66199,0.15,85,31.5003,3.52886,0.48039
166,72,10,10,0,0,1,0,0,-2.605,0.66034,0.15,85,31.5003,3.11453,0.48039
167,40,6,6,0,0,1,0,0,-18.482,0.65869,0.15,85,31.5317,3.47758,0.48039
168,6,1,1,0,0,1,0,0,-33.64,0.65705,0.15,85,31.5317,9.75197,0.48039
169,13,3,3,0,0,1,0,0,-26.701,0.65541,0.15,85,31.5317,6.06291,0.48039
170,23,1,1,0,0,1,0,0,-32.329,0.65377,0.15,85,31.5765,3.266,0.48039
171,168,28,28,0,0,1,0,0,55.851,0.65214,0.15,85,31.5765,3.11313,0.48235
172,5,2,2,0,0,1,0,0,-29.136,0.65051,0.15,85,31.5765,7.84018,0.48235
173,150,24,24,0,0,1,0,0,43.976,0.64888,0.15,85,31.5765,2.94407,0.48235
174,205,30,30,0,0,1,0,0,66.243,0.64726,0.15,85,31.5765,2.95239,0.48235
175,41,6,6,0,0,1,0,0,-12.425,0.64565,0.15,85,31.5765,4.38836,0.48235
176,5,1,1,0,0,1,0,0,-32.59,0.64404,0.15,85,31.5765,6.91698,0.48235
177,8,0,0,0,0,1,0,0,-36.716,0.64243,0.15,86,31.5765,13.43588,0.47868
178,246,29,29,0,0,1,0,0,68.142,0.64082,0.15,86,31.5765,2.87843,0.47868
179,203,28,28,0,0,1,0,0,56.039,0.63922,0.15,86,31.5765,2.9497,0.48062
180,35,5,5,0,0,1,0,0,-21.796,0.63763,0.15,86,31.5765,3.53034,0.48062
181,65,4,4,0,0,1,0,0,-20.858,0.63604,0.15,86,31.5965,2.71284,0.48062
182,105,18,18,0,0,1,0,0,28.154,0.63445,0.15,86,31.5955,2.59947,0.48062
183,107,13,13,0,0,1,0,0,8.21,0.63286,0.15,86,31.5955,3.14297,0.48062
184,44,8,8,0,0,1,0,0,-7.23,0.63128,0.15,86,31.5955,3.96521,0.48062
185,274,33,33,0,0,1,0,0,76.773,0.62971,0.15,86,31.5955,2.83147,0.4845
186,47,5,5,0,0,1,0,0,-22.399,0.62814,0.15,86,31.5955,2.95458,0.4845
187,16,4,4,0,0,1,0,0,-22.743,0.62657,0.15,86,31.6127,6.43443,0.4845
188,85,10,10,0,0,1,0,0,-8.609,0.625,0.15,86,31.5913,3.79218,0.4845
189,245,38,38,0,0,1,0,0,93.716,0.62344,0.15,86,31.5913,2.61371,0.4845
190,230,25,25,0,0,1,0,0,45.141,0.62189,0.15,87,31.5913,2.47044,0.48084
191,118,14,14,0,0,1,0,0,7.095,0.62033,0.15,87,31.5913,3.55101,0.48084
192,63,10,10,0,0,1,0,0,-4.135,0.61878,0.15,87,31.5913,3.35462,0.48084
193,229,30,30,0,0,1,0,0,62.935,0.61724,0.15,87,31.5913,2.63387,0.48276
194,159,23,23,0,0,1,0,0,28.655,0.6157,0.15,87,31.5913,2.7401,0.48276
195,55,8,8,0,0,1,0,0,-5.884,0.61416,0.15,87,31.5913,2.2542,0.48276
196,5,1,1,0,0,1,0,0,-28.874,0.61263,0.15,87,31.5913,11.18241,0.48276
197,185,26,26,0,0,1,0,0,47.477,0.6111,0.15,87,31.5913,2.47673,0.48276
198,223,31,31,0,0,1,0,0,68.389,0.60957,0.15,87,31.6091,2.6486,0.48276
199,77,17,17,0,0,1,0,0,19.257,0.60805,0.15,87,31.6091,2.66123,0.48276
200,5,1,1,0,0,1,0,0,-32.124,0.60653,0.15,87,31.6091,10.42501,0.48276
201,8,2,2,0,0,1,0,0,-29.036,0.60502,0.15,87,31.6091,7.30591,0.48276
202,45,9,9,0,0,1,0,0,-4.74,0.60351,0.15,87,31.6062,4.32414,0.48276
203,31,7,7,0,0,1,0,0,-12.152,0.602,0.15,87,31.6218,3.40809,0.48276
204,203,38,38,0,0,1,0,0,93.882,0.6005,0.15,88,31.6218,3.25717,0.47917
205,5,0,0,0,0,1,0,0,-31.748,0.599,0.15,88,31.6218,10.78367,0.47917
206,15,1,1,0,0,1,0,0,-29.112,0.5975,0.15,88,31.6218,4.00218,0.47917
207,27,8,8,0,0,1,0,0,-5.512,0.59601,0.15,88,31.6218,5.24079,0.47917
208,66,14,14,0,0,1,0,0,9.199,0.59452,0.15,88,31.6218,3.51318,0.47917
209,38,9,9,0,0,1,0,0,-4.53,0.59304,0.15,88,31.635,5.23478,0.47917
210,118,26,26,0,0,1,0,0,50.271,0.59156,0.15,88,31.635,3.50777,0.47917
211,120,24,24,0,0,1,0,0,44.791,0.59008,0.15,88,31.635,3.68173,0.48295
212,21,4,4,0,0,1,0,0,-20.715,0.5886,0.15,88,31.635,4.29256,0.48295
213,5,1,1,0,0,1,0,0,-30.524,0.58714,0.15,88,31.6463,11.14851,0.48295
214,148,25,25,0,0,1,0,0,54.985,0.58567,0.15,89,31.6558,2.75905,0.4794
215,85,16,16,0,0,1,0,0,14.19,0.58421,0.15,89,31.6558,3.45616,0.4794
216,278,49,49,0,0,1,0,0,143.343,0.58275,0.15,89,31.412,2.79913,0.4794
217,180,29,29,0,0,1,0,0,64.292,0.58129,0.15,89,31.412,2.97181,0.4794
218,82,17,17,0,0,1,0,0,21.333,0.57984,0.15,89,31.412,3.76843,0.4794
219,92,19,19,0,0,1,0,0,20.776,0.57839,0.15,89,31.412,3.80962,0.4794
220,69,11,11,0,0,1,0,0,-2.069,0.57695,0.15,89,31.412,3.92593,0.4794
221,222,19,19,0,0,1,0,0,23.929,0.57551,0.15,89,31.412,2.87949,0.4794
222,21,3,3,0,0,1,0,0,-24.318,0.57407,0.15,89,31.412,4.20876,0.4794
223,345,47,47,0,0,1,0,0,121.261,0.57264,0.15,89,31.412,2.48841,0.4794
224,400,47,47,0,0,0,0,1,166.464,0.57121,0.15,89,31.412,2.63528,0.48127
225,149,29,29,0,0,1,0,0,55.573,0.56978,0.15,89,31.4567,3.41992,0.48127
226,51,14,14,0,0,1,0,0,7.371,0.56836,0.15,89,31.4227,4.20398,0.48127
227,27,10,10,0,0,1,0,0,-2.461,0.56694,0.15,89,31.4227,4.90262,0.48127
228,33,10,10,0,0,1,0,0,0.75,0.56553,0.15,89,31.4227,3.52959,0.48127
229,56,11,11,0,0,1,0,0,0.125,0.56411,0.15,89,31.4478,3.93544,0.48127
230,30,5,5,0,0,1,0,0,-20.455,0.5627,0.15,89,31.4478,3.49582,0.48127
231,159,28,28,0,0,1,0,0,59.491,0.5613,0.15,89,31.4871,3.30811,0.48127
232,78,13,13,0,0,1,0,0,9.988,0.5599,0.15,90,31.4871,3.91398,0.47778
233,168,19,19,0,0,1,0,0,19.307,0.5585,0.15,90,31.4871,2.59888,0.47778
234,157,21,21,0,0,1,0,0,25.388,0.55711,0.15,90,31.4871,3.45314,0.47778
235,186,27,27,0,0,1,0,0,50.273,0.55571,0.15,90,31.4871,2.87221,0.47778
236,48,10,10,0,0,1,0,0,0.803,0.55433,0.15,90,31.4871,3.59186,0.47778
237,171,32,32,0,0,1,0,0,76.508,0.55294,0.15,90,31.4871,2.75282,0.47778
238,18,3,3,0,0,1,0,0,-22.576,0.55156,0.15,90,31.4871,4.37597,0.47778
239,5,0,0,0,0,1,0,0,-36.642,0.55019,0.15,90,31.4871,20.16344,0.47963
240,61,10,10,0,0,1,0,0,-1.691,0.54881,0.15,90,31.4871,3.36798,0.47963
241,20,3,3,0,0,1,0,0,-25.733,0.54744,0.15,90,31.4871,4.76511,0.47963
242,48,13,13,0,0,1,0,0,8.466,0.54607,0.15,90,31.4871,3.98902,0.47963
243,172,29,29,0,0,1,0,0,57.952,0.54471,0.15,90,31.4871,2.39559,0.47963
244,174,35,35,0,0,1,0,0,76.32,0.54335,0.15,90,31.4871,3.05594,0.47963
245,167,27,27,0,0,1,0,0,56.728,0.54199,0.15,90,31.4871,2.59344,0.47963
246,300,35,35,0,0,1,0,0,73.444,0.54064,0.15,90,31.4871,2.80817,0.47963
247,72,12,12,0,0,1,0,0,-1.145,0.53929,0.15,90,31.4871,3.78291,0.47963
248,111,19,19,0,0,1,0,0,28.766,0.53794,0.15,90,31.4871,2.92738,0.47963
249,233,41,41,0,0,1,0,0,96.927,0.5366,0.15,90,31.4871,2.84449,0.47963
250,5,0,0,0,0,1,0,0,-36.31,0.53526,0.15,90,31.5385,7.29524,0.47963
251,118,31,31,0,0,1,0,0,68.122,0.53392,0.15,90,31.5385,3.01533,0.47963
252,172,26,26,0,0,1,0,0,51.034,0.53259,0.15,90,31.5385,3.18004,0.47963
253,27,3,3,0,0,1,0,0,-26.626,0.53126,0.15,90,31.5385,3.60026,0.47963
254,42,5,5,0,0,1,0,0,-17.05,0.52994,0.15,90,31.5385,2.83825,0.47963
255,109,19,19,0,0,1,0,0,29.684,0.52861,0.15,90,31.5385,2.98304,0.47963
256,49,11,11,0,0,1,0,0,1.607,0.52729,0.15,90,31.5385,4.44398,0.47963
257,21,2,2,0,0,1,0,0,-32.265,0.52598,0.15,90,31.5643,4.97914,0.47963
258,173,28,28,0,0,1,0,0,62.686,0.52466,0.15,90,31.5861,2.97169,0.47963
259,61,19,19,0,0,1,0,0,31.06,0.52335,0.15,90,31.5861,4.1181,0.47963
260,200,40,40,0,0,1,0,0,91.437,0.52205,0.15,91,31.5861,3.14743,0.47619
261,9,0,0,0,0,1,0,0,-33.312,0.52074,0.15,91,31.5861,5.53475,0.47619
262,135,30,30,0,0,1,0,0,68.489,0.51944,0.15,91,31.5861,3.53584,0.47802
263,28,7,7,0,0,1,0,0,-12.264,0.51815,0.15,91,31.5861,4.78218,0.47802
264,284,50,50,0,0,0,0,1,175.669,0.51685,0.15,91,31.5861,2.91058,0.47985
265,8,2,2,0,0,1,0,0,-27.054,0.51556,0.15,91,31.6047,9.60719,0.47985
266,175,22,22,0,0,1,0,0,37.717,0.51427,0.15,91,31.6047,3.33219,0.47985
267,14,5,5,0,0,1,0,0,-19.295,0.51299,0.15,91,31.6047,6.83314,0.47985
268,30,3,3,0,0,1,0,0,-23.575,0.51171,0.15,91,31.6047,4.10532,0.47985
269,135,22,22,0,0,1,0,0,34.106,0.51043,0.15,91,31.6205,2.86983,0.47985
270,19,3,3,0,0,1,0,0,-24.463,0.50916,0.15,91,31.6205,4.29345,0.47985
271,20,5,5,0,0,1,0,0,-15.508,0.50789,0.15,91,31.6205,7.33333,0.47985
272,53,12,12,0,0,1,0,0,5.192,0.50662,0.15,91,31.6205,3.12845,0.47985
273,62,15,15,0,0,1,0,0,14.262,0.50535,0.15,91,31.6205,3.84298,0.47985
274,65,12,12,0,0,1,0,0,0.836,0.50409,0.15,91,31.6205,3.4167,0.47985
275,159,29,29,0,0,1,0,0,61.301,0.50283,0.15,91,31.6339,2.53449,0.47985
276,124,30,30,0,0,1,0,0,62.037,0.50158,0.15,91,31.6339,2.77302,0.47985
277,282,47,47,0,0,1,0,0,135.56,0.50032,0.15,92,31.6339,2.43496,0.47645
278,106,19,19,0,0,1,0,0,23.087,0.49907,0.15,92,31.6273,3.16038,0.47645
279,80,23,23,0,0,1,0,0,35.575,0.49783,0.15,92,31.6217,3.65845,0.47645
280,248,50,50,0,0,0,0,1,185.943,0.49659,0.15,92,31.6217,2.56367,0.47645
281,165,22,22,0,0,1,0,0,35.611,0.49535,0.15,92,31.6217,2.72104,0.47645
282,400,37,37,0,0,0,0,1,121.988,0.49411,0.15,92,31.6217,2.24733,0.47645
283,225,33,33,0,0,1,0,0,79.254,0.49287,0.15,92,31.635,2.45442,0.47645
284,36,6,6,0,0,1,0,0,-13.708,0.49164,0.15,92,31.635,2.76209,0.47645
285,5,1,1,0,0,1,0,0,-32.136,0.49042,0.15,92,31.635,9.24237,0.47645
286,129,24,24,0,0,1,0,0,37.377,0.48919,0.15,92,31.635,2.7317,0.47645
287,20,3,3,0,0,1,0,0,-27.894,0.48797,0.15,92,31.635,3.92609,0.47645
288,301,50,50,0,0,0,0,1,183.221,0.48675,0.15,97,31.635,2.57013,0.46048
289,87,24,24,0,0,1,0,0,46.298,0.48554,0.15,98,31.635,3.72674,0.45748
290,24,6,6,0,0,1,0,0,-12.712,0.48432,0.15,98,31.635,3.08392,0.45748
291,46,9,9,0,0,1,0,0,-9.894,0.48312,0.15,98,31.635,4.55391,0.45748
292,50,13,13,0,0,1,0,0,9.682,0.48191,0.15,98,31.635,2.6894,0.45748
293,23,4,4,0,0,1,0,0,-20.37,0.48071,0.15,98,31.635,6.73401,0.45748
294,183,33,33,0,0,1,0,0,78.364,0.47951,0.15,98,31.635,2.49132,0.45748
295,331,50,50,0,0,0,0,1,183.015,0.47831,0.15,98,31.635,2.5617,0.45748
296,23,2,2,0,0,1,0,0,-29.216,0.47711,0.15,98,31.635,5.55514,0.45748
297,357,50,50,0,0,0,0,1,169.243,0.47592,0.15,98,31.635,2.5291,0.45748
298,400,45,45,0,0,0,0,1,140.902,0.47473,0.15,98,31.635,2.56873,0.45748
299,14,5,5,0,0,1,0,0,-18.759,0.47355,0.15,98,31.635,5.38273,0.45748
300,79,14,14,0,0,1,0,0,12.282,0.47237,0.15,98,31.635,2.79068,0.45748
301,23,3,3,0,0,1,0,0,-23.172,0.47119,0.15,98,31.635,5.205,0.45748
302,400,49,49,0,0,0,0,1,155.771,0.47001,0.15,98,31.635,2.38918,0.45748
303,12,1,1,0,0,1,0,0,-30.372,0.46884,0.15,98,31.635,5.42245,0.45748
304,302,50,50,0,0,0,0,1,173.197,0.46767,0.15,98,31.635,2.43653,0.45748
305,23,5,5,0,0,1,0,0,-18.04,0.4665,0.15,98,31.635,3.67966,0.45748
306,94,12,12,0,0,1,0,0,5.353,0.46533,0.15,98,31.635,2.60458,0.45748
307,230,36,36,0,0,1,0,0,90.271,0.46417,0.15,98,31.635,2.46611,0.45748
308,68,20,20,0,0,1,0,0,34.178,0.46301,0.15,98,31.635,3.60952,0.45748
309,251,50,50,0,0,0,0,1,178.136,0.46186,0.15,98,31.635,2.49816,0.45748
310,36,11,11,0,0,1,0,0,-1.973,0.4607,0.15,98,31.635,4.24657,0.45748
311,66,13,13,0,0,1,0,0,13.595,0.45955,0.15,98,31.635,3.17647,0.45748
312,192,41,41,0,0,1,0,0,105.364,0.45841,0.15,98,31.635,2.89182,0.45748
313,249,43,43,0,0,1,0,0,116.582,0.45726,0.15,98,31.635,2.81717,0.45918
314,85,23,23,0,0,1,0,0,43.634,0.45612,0.15,98,31.635,3.88479,0.45918
315,113,29,29,0,0,1,0,0,62.684,0.45498,0.15,98,31.635,3.55607,0.45918
316,268,45,45,0,0,1,0,0,125.569,0.45384,0.15,98,31.635,2.64254,0.46088
317,296,50,50,0,0,0,0,1,189.964,0.45271,0.15,98,31.635,2.393,0.46088
318,241,37,37,0,0,1,0,0,90.735,0.45158,0.15,98,31.635,3.03099,0.46088
319,277,50,50,0,0,0,0,1,186.416,0.45045,0.15,98,31.635,2.41786,0.46088
320,19,3,3,0,0,1,0,0,-27.534,0.44933,0.15,98,31.635,4.22986,0.46088
321,204,41,41,0,0,1,0,0,111.723,0.44821,0.15,98,31.635,2.38053,0.46088
322,80,20,20,0,0,1,0,0,35.182,0.44709,0.15,98,31.635,3.12887,0.46088
323,36,13,13,0,0,1,0,0,8.754,0.44597,0.15,98,31.635,4.37713,0.46088
324,249,50,50,0,0,0,0,1,175.24,0.44486,0.15,98,31.635,2.58672,0.46088
325,343,50,50,0,0,0,0,1,181.075,0.44375,0.15,98,31.635,2.60495,0.46088
326,400,46,46,0,0,0,0,1,148.429,0.44264,0.15,98,31.635,2.67091,0.46088
327,400,43,43,0,0,0,0,1,136.411,0.44153,0.15,98,31.635,2.21895,0.46259
328,160,24,24,0,0,1,0,0,35.325,0.44043,0.15,98,31.635,3.22785,0.46259
329,296,39,39,0,0,1,0,0,87.607,0.43933,0.15,98,31.635,2.279,0.46259
330,55,4,4,0,0,1,0,0,-21.521,0.43823,0.15,98,31.635,2.97102,0.46259
331,29,6,6,0,0,1,0,0,-15.375,0.43714,0.15,98,31.635,3.48203,0.46259
332,150,31,31,0,0,1,0,0,62.561,0.43605,0.15,98,31.635,2.90888,0.46259
333,35,9,9,0,0,1,0,0,-2.668,0.43496,0.15,98,31.635,3.60057,0.46259
334,145,29,29,0,0,1,0,0,59.811,0.43387,0.15,98,31.635,3.13334,0.46259
335,33,7,7,0,0,1,0,0,-9.086,0.43279,0.15,98,31.635,3.30173,0.46259
336,45,11,11,0,0,1,0,0,-5.967,0.43171,0.15,98,31.635,4.43638,0.46259
337,193,38,38,0,0,1,0,0,107.36,0.43063,0.15,98,31.635,3.25532,0.46259
338,129,32,32,0,0,1,0,0,79.033,0.42956,0.15,98,31.635,2.86177,0.46259
339,5,1,1,0,0,1,0,0,-31.876,0.42848,0.15,98,31.635,10.29976,0.46259
340,316,50,50,0,0,0,0,1,178.678,0.42741,0.15,104,31.635,2.71193,0.44872
341,267,50,50,0,0,0,0,1,177.955,0.42635,0.15,104,31.635,2.60903,0.45032
342,101,13,13,0,0,1,0,0,9.435,0.42528,0.15,104,31.6642,2.67943,0.45032
343,66,10,10,0,0,1,0,0,0.526,0.42422,0.15,104,31.6642,2.66208,0.45032
344,299,50,50,0,0,0,0,1,177.233,0.42316,0.15,104,31.6642,2.39115,0.45032
345,160,36,36,0,0,1,0,0,88.597,0.42211,0.15,104,31.6642,2.51107,0.45032
346,321,47,47,0,0,1,0,0,142.746,0.42105,0.15,104,31.6642,2.49194,0.45032
347,116,19,19,0,0,1,0,0,23.03,0.42,0.15,104,31.6642,2.39724,0.45032
348,36,7,7,0,0,1,0,0,-15.103,0.41895,0.15,104,31.6642,4.30658,0.45032
349,14,1,1,0,0,1,0,0,-31.995,0.41791,0.15,104,31.6642,5.45638,0.45032
350,304,50,50,0,0,0,0,1,177.929,0.41686,0.15,104,31.6642,2.28369,0.45032
351,88,23,23,0,0,1,0,0,47.794,0.41582,0.15,104,31.6642,2.91623,0.45032
352,144,37,37,0,0,1,0,0,94.064,0.41478,0.15,104,31.6642,3.42016,0.45192
353,207,45,45,0,0,1,0,0,126.925,0.41375,0.15,104,31.6642,2.93936,0.45192
354,272,47,47,0,0,1,0,0,125.294,0.41271,0.15,104,31.6642,2.7685,0.45192
355,17,4,4,0,0,1,0,0,-25.753,0.41168,0.15,104,31.6531,5.21212,0.45192
356,195,26,26,0,0,1,0,0,45.999,0.41066,0.15,104,31.6531,2.58639,0.45192
357,276,35,35,0,0,1,0,0,74.036,0.40963,0.15,104,31.6531,2.41629,0.45192
358,30,2,2,0,0,1,0,0,-27.42,0.40861,0.15,104,31.6531,2.9467,0.45192
359,59,13,13,0,0,1,0,0,7.925,0.40759,0.15,104,31.6531,3.37557,0.45192
360,33,4,4,0,0,1,0,0,-19.214,0.40657,0.15,104,31.6531,2.94881,0.45192
361,19,2,2,0,0,1,0,0,-27.081,0.40555,0.15,104,31.6531,3.48811,0.45192
362,56,11,11,0,0,1,0,0,-1.575,0.40454,0.15,104,31.6531,3.1892,0.45192
363,95,22,22,0,0,1,0,0,41.251,0.40353,0.15,104,31.6531,3.53064,0.45192
364,108,30,30,0,0,1,0,0,63.457,0.40252,0.15,104,31.6616,3.6449,0.45192
365,180,40,40,0,0,1,0,0,96.417,0.40152,0.15,104,31.6689,3.2544,0.45192
366,45,10,10,0,0,1,0,0,5.313,0.40052,0.15,104,31.6689,3.5105,0.45192
367,299,50,50,0,0,0,0,1,176.435,0.39952,0.15,104,31.6689,2.672,0.45192
368,124,11,11,0,0,1,0,0,-0.641,0.39852,0.15,104,31.6689,2.35208,0.45192
369,212,50,50,0,0,0,0,1,178.316,0.39752,0.15,105,31.6689,2.55525,0.45079
370,77,25,25,0,0,1,0,0,54.044,0.39653,0.15,105,31.6751,3.28073,0.45079
371,161,26,26,0,0,1,0,0,57.934,0.39554,0.15,105,31.6751,3.26581,0.45079
372,147,34,34,0,0,1,0,0,84.317,0.39455,0.15,105,31.6751,2.62009,0.45079
373,47,14,14,0,0,1,0,0,18.591,0.39357,0.15,105,31.6751,3.91307,0.45079
374,273,50,50,0,0,0,0,1,190.946,0.39259,0.15,105,31.6751,2.82598,0.45079
375,400,46,46,0,0,0,0,1,162.775,0.39161,0.15,105,31.6751,2.52974,0.45079
376,68,12,12,0,0,1,0,0,1.944,0.39063,0.15,105,31.6751,3.00211,0.45079
377,117,34,34,0,0,1,0,0,84.525,0.38965,0.15,105,31.6751,3.33463,0.45079
378,180,43,43,0,0,1,0,0,121.194,0.38868,0.15,105,31.6751,2.56222,0.45079
379,124,35,35,0,0,1,0,0,94.265,0.38771,0.15,105,31.6751,3.1765,0.45079
380,108,23,23,0,0,1,0,0,43.552,0.38674,0.15,105,31.6751,3.27528,0.45079
381,353,50,50,0,0,0,0,1,196.487,0.38578,0.15,105,31.6751,2.63466,0.45079
382,108,14,14,0,0,1,0,0,13.465,0.38481,0.15,105,31.6751,2.81512,0.45079
383,22,5,5,0,0,1,0,0,-19.62,0.38385,0.15,105,31.6751,4.82508,0.45079
384,400,42,42,0,0,0,0,1,139.258,0.38289,0.15,105,31.6751,2.1756,0.45079
385,90,14,14,0,0,1,0,0,8.519,0.38194,0.15,105,31.6751,3.57943,0.45079
386,400,49,49,0,0,0,0,1,187.513,0.38098,0.15,105,31.6751,2.23911,0.45079
387,371,50,50,0,0,0,0,1,182.834,0.38003,0.15,105,31.6751,2.12683,0.45079
388,234,50,50,0,0,0,0,1,193.504,0.37908,0.15,105,31.6751,2.18299,0.45079
389,161,34,34,0,0,1,0,0,72.62,0.37814,0.15,105,31.6751,2.89318,0.45079
390,180,37,37,0,0,1,0,0,95.688,0.37719,0.15,105,31.6751,2.41708,0.45079
391,269,47,47,0,0,1,0,0,126.649,0.37625,0.15,105,31.6751,2.46753,0.45079
392,5,2,2,0,0,1,0,0,-29.136,0.37531,0.15,105,31.6751,11.33038,0.45079
393,32,4,4,0,0,1,0,0,-20.471,0.37437,0.15,105,31.6751,2.9785,0.45079
394,308,50,50,0,0,0,0,1,187.649,0.37344,0.15,105,31.6751,2.12017,0.45079
395,225,50,50,0,0,0,0,1,184.422,0.37251,0.15,105,31.6751,2.37872,0.45079
396,151,37,37,0,0,1,0,0,101.236,0.37158,0.15,106,31.6751,3.39551,0.44811
397,87,27,27,0,0,1,0,0,58.049,0.37065,0.15,106,31.6751,3.43262,0.44811
398,10,5,5,0,0,1,0,0,-17.078,0.36972,0.15,106,31.6751,7.09193,0.44811
399,269,50,50,0,0,0,0,1,177.56,0.3688,0.15,106,31.6751,3.14396,0.44811
400,238,50,50,0,0,0,0,1,181.907,0.36788,0.15,106,31.6751,2.43998,0.44969
401,211,46,46,0,0,1,0,0,131.793,0.36696,0.15,106,31.6751,2.45281,0.44969
402,52,11,11,0,0,1,0,0,3.572,0.36604,0.15,106,31.6751,3.26616,0.44969
403,98,25,25,0,0,1,0,0,52.516,0.36513,0.15,106,31.6751,3.17671,0.44969
404,217,50,50,0,0,0,0,1,183.554,0.36422,0.15,106,31.6751,2.66671,0.44969
405,194,41,41,0,0,1,0,0,123.892,0.36331,0.15,106,31.6751,2.15149,0.44969
406,278,50,50,0,0,0,0,1,171.289,0.3624,0.15,106,31.6751,2.78987,0.44969
407,201,31,31,0,0,1,0,0,62.123,0.3615,0.15,106,31.6751,3.0622,0.44969
408,259,50,50,0,0,0,0,1,189.791,0.36059,0.15,106,31.6751,2.33151,0.44969
409,255,29,29,0,0,1,0,0,60.322,0.35969,0.15,106,31.6751,2.6121,0.44969
410,69,22,22,0,0,1,0,0,43.577,0.3588,0.15,106,31.6751,3.6225,0.44969
411,209,50,50,0,0,0,0,1,180.159,0.3579,0.15,106,31.6751,2.55344,0.44969
412,253,50,50,0,0,0,0,1,188.189,0.35701,0.15,107,31.6751,2.4483,0.4486
413,126,33,33,0,0,1,0,0,86.675,0.35612,0.15,107,31.6751,3.03065,0.4486
414,119,35,35,0,0,1,0,0,84.974,0.35523,0.15,107,31.6751,3.60393,0.45016
415,225,50,50,0,0,0,0,1,175.819,0.35434,0.15,108,31.6751,2.92455,0.44753
416,218,47,47,0,0,1,0,0,129.301,0.35345,0.15,108,31.6751,2.60607,0.44753
417,23,6,6,0,0,1,0,0,-17.806,0.35257,0.15,108,31.6751,5.07709,0.44753
418,8,1,1,0,0,1,0,0,-31.528,0.35169,0.15,108,31.6751,8.53834,0.44753
419,265,50,50,0,0,0,0,1,183.253,0.35081,0.15,108,31.6751,2.77837,0.44753
420,400,41,41,0,0,0,0,1,125.021,0.34994,0.15,108,31.6751,2.73448,0.44753
421,248,50,50,0,0,0,0,1,175.251,0.34906,0.15,108,31.6751,2.22442,0.44753
422,187,50,50,0,0,0,0,1,181.596,0.34819,0.15,108,31.6751,2.44353,0.44753
423,211,50,50,0,0,0,0,1,188.734,0.34732,0.15,108,31.6751,2.30965,0.44753
424,66,13,13,0,0,1,0,0,2.372,0.34646,0.15,108,31.6751,3.1163,0.44753
425,29,7,7,0,0,1,0,0,-13.678,0.34559,0.15,108,31.6751,5.09212,0.44753
426,400,49,49,0,0,0,0,1,146.244,0.34473,0.15,108,31.6751,2.48431,0.44753
427,5,0,0,0,0,1,0,0,-34.51,0.34387,0.15,108,31.6751,11.14524,0.44753
428,273,45,45,0,0,1,0,0,120.179,0.34301,0.15,108,31.5363,2.88494,0.44753
429,67,20,20,0,0,1,0,0,33.838,0.34215,0.15,108,31.5363,3.48626,0.44753
430,199,50,50,0,0,0,0,1,183.82,0.3413,0.15,108,31.5363,2.86899,0.44753
431,237,50,50,0,0,0,0,1,185.212,0.34045,0.15,108,31.5363,2.65012,0.44753
432,306,50,50,0,0,0,0,1,191.225,0.3396,0.15,108,31.5363,2.17551,0.44753
433,187,50,50,0,0,0,0,1,175.241,0.33875,0.15,108,31.5363,3.08059,0.44753
434,196,50,50,0,0,0,0,1,174.602,0.3379,0.15,108,31.5363,2.92016,0.44753
435,52,8,8,0,0,1,0,0,-4.52,0.33706,0.15,108,31.5363,3.9255,0.44753
436,293,50,50,0,0,0,0,1,184.681,0.33622,0.15,108,31.5363,2.71152,0.44753
437,127,32,32,0,0,1,0,0,79.171,0.33538,0.15,108,31.5363,2.52629,0.44753
438,216,50,50,0,0,0,0,1,179.924,0.33454,0.15,108,31.5363,2.5757,0.44753
439,337,50,50,0,0,0,0,1,167.709,0.3337,0.15,108,31.5363,2.60043,0.44753
440,216,47,47,0,0,1,0,0,138.431,0.33287,0.15,108,31.5363,2.33106,0.44753
441,231,50,50,0,0,0,0,1,183.615,0.33204,0.15,108,31.5363,2.39529,0.44753
442,140,35,35,0,0,1,0,0,78.679,0.33121,0.15,108,31.5363,3.59669,0.44753
443,5,0,0,0,0,1,0,0,-31.272,0.33038,0.15,108,31.5363,10.40428,0.44753
444,255,50,50,0,0,0,0,1,176.06,0.32956,0.15,108,31.5363,2.97504,0.44753
445,224,43,43,0,0,1,0,0,105.84,0.32874,0.15,108,31.5263,2.9668,0.44753
446,7,1,1,0,0,1,0,0,-31.936,0.32792,0.15,108,31.5263,7.41938,0.44753
447,295,45,45,0,0,1,0,0,105.883,0.3271,0.15,108,31.5263,3.02852,0.44753
448,138,18,18,0,0,1,0,0,22.614,0.32628,0.15,108,31.5263,2.34428,0.44753
449,324,50,50,0,0,0,0,1,162.656,0.32547,0.15,108,31.5263,2.55131,0.44753
450,133,20,20,0,0,1,0,0,24.417,0.32465,0.15,108,31.5263,2.70231,0.44753
451,185,45,45,0,0,1,0,0,109.263,0.32384,0.15,108,31.5263,3.66568,0.44753
452,65,13,13,0,0,1,0,0,11.49,0.32303,0.15,108,31.5263,3.13174,0.44753
453,169,42,42,0,0,1,0,0,112.386,0.32223,0.15,108,31.5539,3.25719,0.44753
454,14,4,4,0,0,1,0,0,-17.192,0.32142,0.15,108,31.5539,5.60411,0.44753
455,227,50,50,0,0,0,0,1,185.86,0.32062,0.15,108,31.5539,3.10345,0.44753
456,292,50,50,0,0,0,0,1,190.792,0.31982,0.15,108,31.5539,2.56757,0.44753
457,227,50,50,0,0,0,0,1,183.817,0.31902,0.15,108,31.5539,2.82765,0.44753
458,217,50,50,0,0,0,0,1,191.618,0.31822,0.15,108,31.5539,2.6627,0.44753
459,240,50,50,0,0,0,0,1,193.053,0.31743,0.15,108,31.5539,2.60561,0.44753
460,316,50,50,0,0,0,0,1,189.308,0.31664,0.15,108,31.5539,2.58124,0.44753
461,228,50,50,0,0,0,0,1,186.16,0.31585,0.15,110,31.5539,2.44472,0.44697
462,16,1,1,0,0,1,0,0,-31.22,0.31506,0.15,110,31.5539,4.20366,0.44697
463,94,25,25,0,0,1,0,0,47.114,0.31427,0.15,110,31.5953,3.26565,0.44697
464,197,49,49,0,0,1,0,0,141.001,0.31349,0.15,110,31.5953,3.04613,0.44848
465,213,50,50,0,0,0,0,1,182.399,0.3127,0.15,111,31.5953,2.60036,0.44745
466,208,50,50,0,0,0,0,1,191.489,0.31192,0.15,111,31.5953,2.30013,0.44745
467,130,19,19,0,0,1,0,0,28.685,0.31114,0.15,111,31.5953,2.94065,0.44745
468,216,26,26,0,0,1,0,0,52.851,0.31037,0.15,111,31.5953,2.80023,0.44895
469,115,18,18,0,0,1,0,0,16.372,0.30959,0.15,111,31.5953,2.97445,0.44895
470,400,45,45,0,0,0,0,1,133.433,0.30882,0.15,111,31.5953,2.35293,0.44895
471,53,10,10,0,0,1,0,0,-4.596,0.30805,0.15,111,31.5953,3.60341,0.44895
472,33,4,4,0,0,1,0,0,-23.073,0.30728,0.15,111,31.5953,4.83802,0.44895
473,117,17,17,0,0,1,0,0,15.711,0.30651,0.15,111,31.5953,2.80306,0.44895
474,207,50,50,0,0,0,0,1,168.671,0.30575,0.15,111,31.5953,2.66693,0.44895
475,131,32,32,0,0,1,0,0,79.88,0.30498,0.15,111,31.5953,3.46814,0.44895
476,83,23,23,0,0,1,0,0,43.011,0.30422,0.15,111,31.5953,3.72962,0.44895
477,235,50,50,0,0,0,0,1,189.584,0.30346,0.15,111,31.5953,2.80067,0.44895
478,184,40,40,0,0,1,0,0,119.368,0.3027,0.15,111,31.5953,2.59363,0.44895
479,248,50,50,0,0,0,0,1,187.91,0.30195,0.15,111,31.5953,2.8071,0.44895
480,165,33,33,0,0,1,0,0,89.713,0.30119,0.15,111,31.5953,2.44336,0.44895
481,196,50,50,0,0,0,0,1,169.531,0.30044,0.15,111,31.5953,2.95327,0.44895
482,231,44,44,0,0,1,0,0,117.305,0.29969,0.15,111,31.5953,2.6485,0.44895
483,400,48,48,0,0,0,0,1,165.156,0.29894,0.15,111,31.5953,2.37313,0.44895
484,400,36,36,0,0,0,0,1,105.008,0.2982,0.15,111,31.5953,2.45959,0.44895
485,152,32,32,0,0,1,0,0,78.611,0.29745,0.15,111,31.5953,2.84612,0.44895
486,92,17,17,0,0,1,0,0,22.037,0.29671,0.15,111,31.5953,2.90857,0.44895
487,33,14,14,0,0,1,0,0,10.798,0.29597,0.15,111,31.5953,5.87905,0.44895
488,171,35,35,0,0,1,0,0,92.677,0.29523,0.15,111,31.5953,2.88195,0.44895
489,212,50,50,0,0,0,0,1,181.531,0.29449,0.15,111,31.5953,2.54457,0.44895
490,239,50,50,0,0,0,0,1,189.57,0.29376,0.15,111,31.5953,2.36409,0.44895
491,118,23,23,0,0,1,0,0,48.514,0.29302,0.15,111,31.5953,2.44337,0.44895
492,179,50,50,0,0,0,0,1,183.898,0.29229,0.15,111,31.5953,2.69363,0.44895
493,192,50,50,0,0,0,0,1,176.578,0.29156,0.15,111,31.5953,3.09111,0.44895
494,95,30,30,0,0,1,0,0,74.667,0.29083,0.15,111,31.5953,2.88667,0.44895
495,198,50,50,0,0,0,0,1,185.441,0.29011,0.15,111,31.5953,2.57689,0.44895
496,87,6,6,0,0,1,0,0,-16.817,0.28938,0.15,111,31.5953,3.12063,0.44895
497,75,24,24,0,0,1,0,0,52.331,0.28866,0.15,111,31.5953,2.95573,0.44895
498,214,50,50,0,0,0,0,1,181.851,0.28794,0.15,113,31.5953,2.61552,0.44395
499,244,50,50,0,0,0,0,1,183.198,0.28722,0.15,113,31.5953,2.50585,0.44395
500,310,50,50,0,0,0,0,1,181.55,0.2865,0.15,113,31.5953,2.47245,0.44395
501,26,5,5,0,0,1,0,0,-17.906,0.28579,0.15,113,31.5953,3.42076,0.44395
502,193,50,50,0,0,0,0,1,178.713,0.28508,0.15,113,31.5953,2.72567,0.44395
503,205,50,50,0,0,0,0,1,183.459,0.28436,0.15,113,31.5953,2.27059,0.44395
504,272,50,50,0,0,0,0,1,193.06,0.28365,0.15,113,31.5953,2.22929,0.44395
505,244,45,45,0,0,1,0,0,117.83,0.28295,0.15,113,31.5953,2.37106,0.44395
506,230,50,50,0,0,0,0,1,190.751,0.28224,0.15,113,31.5953,2.8039,0.44395
507,64,9,9,0,0,1,0,0,-2.848,0.28153,0.15,113,31.5953,3.42973,0.44395
508,199,50,50,0,0,0,0,1,175.682,0.28083,0.15,113,31.5953,2.78169,0.44395
509,35,10,10,0,0,1,0,0,-4.09,0.28013,0.15,113,31.5953,3.78852,0.44395
510,205,50,50,0,0,0,0,1,184.369,0.27943,0.15,113,31.5953,2.84518,0.44395
511,58,11,11,0,0,1,0,0,3.468,0.27873,0.15,113,31.5953,2.59063,0.44395
512,167,45,45,0,0,1,0,0,122.724,0.27804,0.15,113,31.5953,2.93889,0.44395
513,114,25,25,0,0,1,0,0,49.185,0.27734,0.15,113,31.5953,2.79036,0.44395
514,158,50,50,0,0,0,0,1,182.432,0.27665,0.15,113,31.5953,2.95319,0.44395
515,195,50,50,0,0,0,0,1,190.13,0.27596,0.15,113,31.5953,2.79726,0.44395
516,96,10,10,0,0,1,0,0,-2.831,0.27527,0.15,113,31.5953,2.9636,0.44395
517,189,50,50,0,0,0,0,1,184.243,0.27458,0.15,113,31.5953,2.38285,0.44395
518,22,7,7,0,0,1,0,0,-12.21,0.2739,0.15,113,31.5953,4.88925,0.44395
519,239,50,50,0,0,0,0,1,189.263,0.27321,0.15,113,31.5953,2.51229,0.44395
520,233,50,50,0,0,0,0,1,198.684,0.27253,0.15,113,31.5953,2.32611,0.44395
521,288,45,45,0,0,1,0,0,103.296,0.27185,0.15,113,31.5953,2.89601,0.44395
522,202,50,50,0,0,0,0,1,188.854,0.27117,0.15,113,31.5953,2.5189,0.4469
523,192,50,50,0,0,0,0,1,189.911,0.2705,0.15,113,31.5953,2.66193,0.4469
524,193,46,46,0,0,1,0,0,143.589,0.26982,0.15,113,31.5953,2.70186,0.4469
525,44,17,17,0,0,1,0,0,26.492,0.26915,0.15,113,31.5953,4.40848,0.4469
526,194,50,50,0,0,0,0,1,173.518,0.26847,0.15,113,31.5953,2.95455,0.4469
527,35,13,13,0,0,1,0,0,8.942,0.2678,0.15,113,31.5953,3.76327,0.4469
528,80,15,15,0,0,1,0,0,18.956,0.26714,0.15,113,31.5953,3.53538,0.4469
529,263,50,50,0,0,0,0,1,183.529,0.26647,0.15,114,31.5953,2.7523,0.44591
530,253,50,50,0,0,0,0,1,182.122,0.2658,0.15,114,31.5953,2.46834,0.44591
531,10,1,1,0,0,1,0,0,-30.55,0.26514,0.15,114,31.5953,6.46582,0.44591
532,12,4,4,0,0,1,0,0,-19.63,0.26448,0.15,114,31.5953,6.57094,0.44591
533,90,35,35,0,0,1,0,0,85.818,0.26382,0.15,114,31.5953,3.19788,0.44591
534,168,50,50,0,0,0,0,1,185.53,0.26316,0.15,114,31.5953,2.81589,0.44591
535,224,50,50,0,0,0,0,1,186.96,0.2625,0.15,114,31.5953,2.38723,0.44591
536,354,50,50,0,0,0,0,1,190.902,0.26185,0.15,118,31.5953,2.47745,0.43927
537,259,50,50,0,0,0,0,1,179.199,0.26119,0.15,118,31.5953,2.33125,0.43927
538,70,18,18,0,0,1,0,0,29.442,0.26054,0.15,118,31.5953,3.59923,0.43927
539,308,50,50,0,0,0,0,1,180.334,0.25989,0.15,118,31.5953,2.32238,0.43927
540,400,37,37,0,0,0,0,1,118.136,0.25924,0.15,118,31.5953,2.35679,0.43927
541,329,33,33,0,0,1,0,0,72.973,0.25859,0.15,118,31.5953,2.36513,0.43927
542,234,40,40,0,0,1,0,0,96.965,0.25795,0.15,118,31.5953,2.70785,0.43927
543,54,9,9,0,0,1,0,0,-6.882,0.2573,0.15,118,31.5953,3.58336,0.43927
544,374,50,50,0,0,0,0,1,154.171,0.25666,0.15,118,31.5953,2.25507,0.43927
545,121,24,24,0,0,1,0,0,54.194,0.25602,0.15,118,31.5953,2.73873,0.43927
546,112,35,35,0,0,1,0,0,86.829,0.25538,0.15,118,31.5953,3.48151,0.44068
547,181,50,50,0,0,0,0,1,189.124,0.25474,0.15,118,31.5953,3.21678,0.44209
548,32,12,12,0,0,1,0,0,7.159,0.25411,0.15,118,31.5953,3.95765,0.44209
549,40,15,15,0,0,1,0,0,16.54,0.25347,0.15,118,31.5953,4.97611,0.44209
550,196,50,50,0,0,0,0,1,185.61,0.25284,0.15,118,31.5953,3.01176,0.44209
551,232,50,50,0,0,0,0,1,185.379,0.25221,0.15,119,31.5953,2.57396,0.43978
552,179,50,50,0,0,0,0,1,193.033,0.25158,0.15,119,31.5953,2.31338,0.43978
553,213,50,50,0,0,0,0,1,179.261,0.25095,0.15,119,31.5953,2.99625,0.43978
554,174,50,50,0,0,0,0,1,184.908,0.25032,0.15,119,31.5953,2.9683,0.43978
555,133,27,27,0,0,1,0,0,66.927,0.2497,0.15,119,31.5953,2.96038,0.43978
556,5,2,2,0,0,1,0,0,-29.136,0.24908,0.15,119,31.5953,7.03783,0.43978
557,113,30,30,0,0,1,0,0,72.243,0.24845,0.15,119,31.5953,2.86822,0.43978
558,218,50,50,0,0,0,0,1,188.442,0.24783,0.15,119,31.5953,2.31001,0.44118
559,189,48,48,0,0,1,0,0,143.159,0.24721,0.15,119,31.5953,2.84039,0.44118
560,206,50,50,0,0,0,0,1,188.47,0.2466,0.15,119,31.5953,2.6449,0.44118
561,261,50,50,0,0,0,0,1,197.337,0.24598,0.15,119,31.5953,2.52399,0.44118
562,342,40,40,0,0,1,0,0,99.07,0.24537,0.15,119,31.5953,2.63926,0.44118
563,400,41,41,0,0,0,0,1,123.117,0.24475,0.15,119,31.5953,2.5838,0.44118
564,42,8,8,0,0,1,0,0,-2.658,0.24414,0.15,119,31.5953,3.42485,0.44118
565,211,50,50,0,0,0,0,1,190.272,0.24353,0.15,119,31.5953,2.62014,0.44118
566,222,50,50,0,0,0,0,1,184.593,0.24293,0.15,119,31.5953,2.72294,0.44118
567,237,50,50,0,0,0,0,1,188.97,0.24232,0.15,119,31.5953,2.21977,0.44118
568,214,50,50,0,0,0,0,1,190.204,0.24171,0.15,119,31.5953,2.2837,0.44118
569,5,2,2,0,0,1,0,0,-29.136,0.24111,0.15,119,31.5953,17.50588,0.44118
570,14,4,4,0,0,1,0,0,-21.182,0.24051,0.15,119,31.5953,5.63478,0.44118
571,211,50,50,0,0,0,0,1,188.168,0.23991,0.15,119,31.5953,2.642,0.44118
572,322,50,50,0,0,0,0,1,200.93,0.23931,0.15,119,31.5953,2.14534,0.44118
573,400,39,39,0,0,0,0,1,124.246,0.23871,0.15,119,31.5953,2.291,0.44118
574,57,12,12,0,0,1,0,0,4.849,0.23812,0.15,119,31.5953,3.27806,0.44118
575,46,7,7,0,0,1,0,0,-11.839,0.23752,0.15,119,31.5953,2.82503,0.44118
576,319,50,50,0,0,0,0,1,166.034,0.23693,0.15,119,31.5953,2.34165,0.44118
577,294,34,34,0,0,1,0,0,65.692,0.23634,0.15,119,31.5953,2.57,0.44118
578,308,50,50,0,0,0,0,1,141.468,0.23575,0.15,119,31.5953,2.59644,0.44118
579,221,41,41,0,0,1,0,0,105.019,0.23516,0.15,119,31.5953,2.59705,0.44118
580,191,34,34,0,0,1,0,0,75.233,0.23457,0.15,119,31.5953,2.57429,0.44118
581,27,9,9,0,0,1,0,0,-5.731,0.23398,0.15,119,31.6125,4.80313,0.44118
582,400,49,49,0,0,0,0,1,149.816,0.2334,0.15,119,31.6125,2.49008,0.44118
583,242,50,50,0,0,0,0,1,194.528,0.23282,0.15,119,31.6125,2.57785,0.44118
584,217,50,50,0,0,0,0,1,185.657,0.23224,0.15,119,31.6125,2.79361,0.44118
585,199,50,50,0,0,0,0,1,190.796,0.23166,0.15,119,31.6125,2.75452,0.44118
586,7,2,2,0,0,1,0,0,-26.358,0.23108,0.15,119,31.6125,9.69305,0.44118
587,263,50,50,0,0,0,0,1,192.68,0.2305,0.15,119,31.6125,2.58472,0.44118
588,289,50,50,0,0,0,0,1,195.93,0.22993,0.15,119,31.6125,2.27539,0.44118
589,214,50,50,0,0,0,0,1,183.327,0.22935,0.15,119,31.6125,2.70594,0.44118
590,153,50,50,0,0,0,0,1,179.177,0.22878,0.15,119,31.6125,3.20843,0.44118
591,246,50,50,0,0,0,0,1,193.369,0.22821,0.15,120,31.6125,2.5723,0.43889
592,113,27,27,0,0,1,0,0,65.327,0.22764,0.15,120,31.4831,3.17425,0.43889
593,173,50,50,0,0,0,0,1,183.134,0.22707,0.15,120,31.4831,3.15199,0.43889
594,177,50,50,0,0,0,0,1,179.178,0.2265,0.15,120,31.4831,2.74072,0.43889
595,166,50,50,0,0,0,0,1,182.448,0.22594,0.15,120,31.4831,2.53349,0.43889
596,217,50,50,0,0,0,0,1,175.921,0.22537,0.15,120,31.4831,2.84209,0.44028
597,181,50,50,0,0,0,0,1,180.617,0.22481,0.15,120,31.4831,2.74247,0.44028
598,173,50,50,0,0,0,0,1,183.855,0.22425,0.15,120,31.4831,2.5604,0.44028
599,183,50,50,0,0,0,0,1,182.517,0.22369,0.15,120,31.4831,2.72221,0.44028
600,217,50,50,0,0,0,0,1,188.631,0.22313,0.15,120,31.4831,2.50577,0.44028
601,193,50,50,0,0,0,0,1,184.436,0.22257,0.15,120,31.4831,2.50785,0.44028
602,18,4,4,0,0,1,0,0,-21.69,0.22202,0.15,120,31.4831,5.10557,0.44028
603,66,15,15,0,0,1,0,0,17.986,0.22146,0.15,120,31.4831,3.28029,0.44028
604,285,50,50,0,0,0,0,1,184.339,0.22091,0.15,120,31.4831,2.66448,0.44028
605,233,50,50,0,0,0,0,1,174.215,0.22036,0.15,120,31.4831,2.69888,0.44028
606,188,50,50,0,0,0,0,1,189.382,0.21981,0.15,120,31.4831,2.66442,0.44028
607,193,50,50,0,0,0,0,1,185.541,0.21926,0.15,120,31.4831,2.63746,0.44028
608,223,50,50,0,0,0,0,1,179.395,0.21871,0.15,120,31.4831,2.49582,0.44028
609,206,50,50,0,0,0,0,1,187.652,0.21817,0.15,120,31.4831,2.39763,0.44028
610,194,50,50,0,0,0,0,1,178.654,0.21762,0.15,120,31.4831,2.58898,0.44028
611,171,50,50,0,0,0,0,1,185.032,0.21708,0.15,120,31.4831,2.56339,0.44028
612,227,50,50,0,0,0,0,1,189.207,0.21654,0.15,120,31.4831,2.24849,0.44028
613,234,50,50,0,0,0,0,1,178.508,0.216,0.15,120,31.4831,2.57882,0.44028
614,189,50,50,0,0,0,0,1,189.326,0.21546,0.15,120,31.4831,2.20553,0.44028
615,251,50,50,0,0,0,0,1,175.594,0.21492,0.15,120,31.4831,2.51097,0.44028
616,119,32,32,0,0,1,0,0,85.554,0.21438,0.15,120,31.4831,2.56531,0.44028
617,179,50,50,0,0,0,0,1,178.215,0.21385,0.15,120,31.4831,2.47039,0.44167
618,197,50,50,0,0,0,0,1,191.261,0.21331,0.15,120,31.4831,2.3297,0.44167
619,209,50,50,0,0,0,0,1,181.845,0.21278,0.15,120,31.4831,2.67478,0.44167
620,185,50,50,0,0,0,0,1,184.129,0.21225,0.15,120,31.4831,2.57003,0.44167
621,179,50,50,0,0,0,0,1,181.298,0.21172,0.15,120,31.4831,2.5708,0.44167
622,173,50,50,0,0,0,0,1,190.179,0.21119,0.15,120,31.4831,2.30781,0.44167
623,197,50,50,0,0,0,0,1,175.34,0.21066,0.15,121,31.4831,2.57468,0.43939
624,189,50,50,0,0,0,0,1,191.91,0.21014,0.15,121,31.4831,2.3989,0.43939
625,221,50,50,0,0,0,0,1,190.987,0.20961,0.15,121,31.4831,2.47178,0.43939
626,400,49,49,0,0,0,0,1,155.799,0.20909,0.15,121,31.4831,2.88002,0.43939
627,16,5,5,0,0,1,0,0,-17.543,0.20857,0.15,121,31.4831,4.14437,0.43939
628,400,49,49,0,0,0,0,1,157.395,0.20805,0.15,121,31.4831,2.538,0.43939
629,13,1,1,0,0,1,0,0,-30.994,0.20753,0.15,121,31.4831,4.5798,0.43939
630,283,20,20,0,0,1,0,0,20.036,0.20701,0.15,121,31.4831,2.82334,0.43939
631,9,0,0,0,0,1,0,0,-36.926,0.20649,0.15,121,31.4831,9.39852,0.43939
632,154,41,41,0,0,1,0,0,109.761,0.20598,0.15,121,31.4092,2.88067,0.43939
633,180,50,50,0,0,0,0,1,185.955,0.20546,0.15,121,31.4092,2.67432,0.43939
634,166,50,50,0,0,0,0,1,175.373,0.20495,0.15,121,31.4092,2.84887,0.43939
635,5,1,1,0,0,1,0,0,-31.87,0.20444,0.15,121,31.4092,10.94173,0.43939
636,174,50,50,0,0,0,0,1,181.678,0.20393,0.15,121,31.4092,2.84429,0.43939
637,156,50,50,0,0,0,0,1,179.306,0.20342,0.15,121,31.4092,2.81648,0.43939
638,174,50,50,0,0,0,0,1,181.997,0.20291,0.15,121,31.4092,2.68838,0.43939
639,240,50,50,0,0,0,0,1,183.342,0.2024,0.15,121,31.4092,2.2736,0.43939
640,67,21,21,0,0,1,0,0,40.344,0.2019,0.15,121,31.4092,2.86399,0.43939
641,158,50,50,0,0,0,0,1,186.651,0.20139,0.15,121,31.4092,2.56064,0.43939
642,85,26,26,0,0,1,0,0,58.596,0.20089,0.15,121,31.4092,3.23391,0.43939
643,188,50,50,0,0,0,0,1,190.957,0.20039,0.15,121,31.4092,2.65839,0.43939
644,322,50,50,0,0,0,0,1,183.935,0.19989,0.15,121,31.4092,2.50633,0.43939
645,240,50,50,0,0,0,0,1,173.388,0.19939,0.15,121,31.4092,2.35285,0.43939
646,205,50,50,0,0,0,0,1,183.21,0.19889,0.15,121,31.4092,2.57605,0.43939
647,193,50,50,0,0,0,0,1,185.458,0.19839,0.15,121,31.4092,2.35105,0.43939
648,132,46,46,0,0,1,0,0,127.392,0.1979,0.15,121,31.4092,3.20269,0.43939
649,172,50,50,0,0,0,0,1,187.431,0.1974,0.15,121,31.4092,2.53597,0.43939
650,62,23,23,0,0,1,0,0,46.49,0.19691,0.15,121,31.4092,3.42922,0.43939
651,147,50,50,0,0,0,0,1,183.61,0.19642,0.15,121,31.4092,2.76222,0.43939
652,86,27,27,0,0,1,0,0,62.879,0.19593,0.15,121,31.4092,2.92896,0.43939
653,158,50,50,0,0,0,0,1,179.297,0.19544,0.15,121,31.4092,3.56912,0.43939
654,175,50,50,0,0,0,0,1,186.457,0.19495,0.15,121,31.4092,2.44458,0.43939
655,187,50,50,0,0,0,0,1,183.86,0.19447,0.15,121,31.4092,2.80049,0.43939
656,327,48,48,0,0,1,0,0,130.859,0.19398,0.15,121,31.4092,2.74365,0.43939
657,144,44,44,0,0,1,0,0,129.74,0.1935,0.15,121,31.4092,3.08455,0.43939
658,164,50,50,0,0,0,0,1,190.859,0.19301,0.15,121,31.4092,2.51959,0.43939
659,226,50,50,0,0,0,0,1,181.536,0.19253,0.15,121,31.4092,2.82844,0.44077
660,156,50,50,0,0,0,0,1,180.75,0.19205,0.15,121,31.4092,2.59071,0.44077
661,168,50,50,0,0,0,0,1,184.425,0.19157,0.15,121,31.4092,2.81609,0.44077
662,229,50,50,0,0,0,0,1,176.878,0.19109,0.15,121,31.4092,2.56692,0.44077
663,207,36,36,0,0,1,0,0,81.876,0.19061,0.15,121,31.4092,3.21616,0.44077
664,165,33,33,0,0,1,0,0,75.593,0.19014,0.15,121,31.4092,2.83578,0.44077
665,292,50,50,0,0,0,0,1,163.663,0.18966,0.15,121,31.4092,2.5451,0.44077
666,224,50,50,0,0,0,0,1,183.594,0.18919,0.15,121,31.4092,2.7124,0.44077
667,116,27,27,0,0,1,0,0,61.11,0.18872,0.15,121,31.4092,3.12503,0.44077
668,155,50,50,0,0,0,0,1,184.412,0.18825,0.15,121,31.4092,2.66704,0.44077
669,165,50,50,0,0,0,0,1,190.318,0.18778,0.15,121,31.4092,2.58948,0.44077
670,325,50,50,0,0,0,0,1,207.013,0.18731,0.15,121,31.4092,2.40801,0.44215
671,400,46,46,0,0,0,0,1,164.048,0.18684,0.15,121,31.4092,2.60349,0.44353
672,203,48,48,0,0,1,0,0,132.67,0.18637,0.15,121,31.4092,2.63431,0.44353
673,150,37,37,0,0,1,0,0,87.89,0.18591,0.15,121,31.4092,3.04742,0.44353
674,324,50,50,0,0,0,0,1,175.286,0.18544,0.15,121,31.4092,2.22548,0.44353
675,86,11,11,0,0,1,0,0,1.756,0.18498,0.15,121,31.4092,2.96962,0.44353
676,239,28,28,0,0,1,0,0,41.843,0.18452,0.15,121,31.4092,2.50651,0.44353
677,21,1,1,0,0,1,0,0,-28.936,0.18406,0.15,121,31.4092,3.64564,0.44353
678,167,50,50,0,0,0,0,1,178.747,0.1836,0.15,121,31.4092,3.01149,0.44353
679,174,50,50,0,0,0,0,1,181.059,0.18314,0.15,121,31.4092,3.20736,0.44353
680,192,50,50,0,0,0,0,1,181.505,0.18268,0.15,121,31.4092,2.73668,0.44353
681,157,50,50,0,0,0,0,1,187.887,0.18223,0.15,121,31.4092,2.47854,0.44353
682,57,25,25,0,0,1,0,0,53.33,0.18177,0.15,121,31.4092,3.20906,0.44353
683,177,50,50,0,0,0,0,1,190.561,0.18132,0.15,121,31.4092,3.11318,0.44353
684,172,49,49,0,0,1,0,0,155.671,0.18087,0.15,121,31.4092,2.68597,0.44353
685,175,50,50,0,0,0,0,1,178.066,0.18041,0.15,121,31.4092,2.9168,0.44353
686,145,44,44,0,0,1,0,0,132.291,0.17996,0.15,121,31.4092,2.8076,0.44353
687,154,50,50,0,0,0,0,1,187.27,0.17951,0.15,121,31.4092,2.61526,0.44353
688,164,50,50,0,0,0,0,1,183.52,0.17907,0.15,121,31.4092,2.73806,0.44353
689,187,50,50,0,0,0,0,1,192.277,0.17862,0.15,121,31.4092,2.65314,0.44353
690,42,15,15,0,0,1,0,0,12.276,0.17817,0.15,121,31.4543,3.80351,0.44353
691,147,43,43,0,0,1,0,0,116.891,0.17773,0.15,121,31.4543,3.43744,0.44353
692,204,50,50,0,0,0,0,1,187.974,0.17728,0.15,121,31.4543,2.95781,0.44353
693,161,48,48,0,0,1,0,0,149.46,0.17684,0.15,121,31.4543,2.54754,0.44353
694,167,50,50,0,0,0,0,1,188.053,0.1764,0.15,121,31.4543,2.53717,0.44353
695,153,50,50,0,0,0,0,1,189.318,0.17596,0.15,121,31.4543,2.51977,0.44353
696,276,50,50,0,0,0,0,1,187.469,0.17552,0.15,121,31.4543,2.59656,0.44353
697,217,33,33,0,0,1,0,0,80.551,0.17508,0.15,121,31.4543,3.09865,0.44353
698,237,50,50,0,0,0,0,1,196.532,0.17464,0.15,121,31.4543,2.36289,0.44353
699,196,50,50,0,0,0,0,1,183.299,0.17421,0.15,121,31.4543,2.62637,0.44353
700,186,50,50,0,0,0,0,1,186.179,0.17377,0.15,121,31.4543,2.66807,0.44353
701,159,50,50,0,0,0,0,1,187.571,0.17334,0.15,121,31.4543,2.42551,0.44353
702,103,40,40,0,0,1,0,0,98.336,0.17291,0.15,121,31.4543,3.93216,0.44353
703,93,32,32,0,0,1,0,0,81.2,0.17248,0.15,121,31.4543,3.36303,0.44353
704,153,50,50,0,0,0,0,1,183.015,0.17204,0.15,121,31.4543,2.95536,0.44353
705,155,50,50,0,0,0,0,1,183.525,0.17162,0.15,121,31.4543,2.35166,0.44353
706,344,50,50,0,0,0,0,1,183.075,0.17119,0.15,121,31.4543,2.67912,0.44353
707,318,50,50,0,0,0,0,1,175.329,0.17076,0.15,121,31.4543,2.41831,0.44353
708,269,50,50,0,0,0,0,1,167.343,0.17033,0.15,121,31.4543,2.4685,0.44353
709,157,50,50,0,0,0,0,1,182.825,0.16991,0.15,121,31.4543,2.97382,0.44353
710,187,50,50,0,0,0,0,1,192.208,0.16948,0.15,121,31.4543,2.53903,0.44353
711,211,50,50,0,0,0,0,1,184.967,0.16906,0.15,121,31.4543,2.5817,0.44353
712,400,37,37,0,0,0,0,1,113.028,0.16864,0.15,121,31.4543,2.47319,0.44353
713,21,5,5,0,0,1,0,0,-20.486,0.16822,0.15,121,31.4543,4.01163,0.44353
714,238,50,50,0,0,0,0,1,171.856,0.1678,0.15,121,31.4543,2.52259,0.44353
715,73,23,23,0,0,1,0,0,46.914,0.16738,0.15,121,31.4543,3.53079,0.44353
716,49,17,17,0,0,1,0,0,27.007,0.16696,0.15,121,31.4543,3.55772,0.44353
717,168,50,50,0,0,0,0,1,193.567,0.16654,0.15,121,31.4543,2.63668,0.44353
718,47,13,13,0,0,1,0,0,9.165,0.16613,0.15,121,31.4386,5.19935,0.44353
719,153,50,50,0,0,0,0,1,183.703,0.16571,0.15,121,31.4386,3.13431,0.44353
720,154,50,50,0,0,0,0,1,181.019,0.1653,0.15,121,31.4386,3.05465,0.44353
721,138,50,50,0,0,0,0,1,182.287,0.16489,0.15,121,31.4386,3.21821,0.44353
722,59,15,15,0,0,1,0,0,16.014,0.16447,0.15,121,31.4386,4.91815,0.44353
723,188,50,50,0,0,0,0,1,185.545,0.16406,0.15,121,31.4386,3.08511,0.44353
724,182,50,50,0,0,0,0,1,179.958,0.16365,0.15,121,31.4386,2.47554,0.44353
725,216,50,50,0,0,0,0,1,183.217,0.16325,0.15,121,31.4386,3.0738,0.44353
726,273,50,50,0,0,0,0,1,188.379,0.16284,0.15,121,31.4386,2.42414,0.44353
727,166,50,50,0,0,0,0,1,186.199,0.16243,0.15,121,31.4386,2.42956,0.44353
728,182,50,50,0,0,0,0,1,186.571,0.16203,0.15,121,31.4386,2.79744,0.44353
729,161,50,50,0,0,0,0,1,184.757,0.16162,0.15,121,31.4386,2.751,0.44353
730,197,50,50,0,0,0,0,1,192.0,0.16122,0.15,121,31.4386,2.52138,0.4449
731,222,50,50,0,0,0,0,1,187.996,0.16082,0.15,121,31.4386,2.63083,0.4449
732,400,49,49,0,0,0,0,1,172.363,0.16041,0.15,121,31.4386,2.55834,0.4449
733,208,50,50,0,0,0,0,1,176.974,0.16001,0.15,121,31.4386,2.6896,0.4449
734,168,50,50,0,0,0,0,1,183.695,0.15961,0.15,121,31.4386,3.03574,0.4449
735,162,50,50,0,0,0,0,1,179.014,0.15921,0.15,121,31.4386,2.96728,0.4449
736,147,50,50,0,0,0,0,1,178.826,0.15882,0.15,121,31.4386,2.71823,0.4449
737,193,50,50,0,0,0,0,1,195.639,0.15842,0.15,121,31.4386,2.47592,0.4449
738,237,50,50,0,0,0,0,1,176.993,0.15803,0.15,121,31.4386,2.58205,0.4449
739,155,50,50,0,0,0,0,1,188.179,0.15763,0.15,121,31.4386,2.81798,0.4449
740,95,29,29,0,0,1,0,0,69.87,0.15724,0.15,121,31.4386,3.03697,0.4449
741,92,28,28,0,0,1,0,0,58.47,0.15684,0.15,121,31.4386,3.81704,0.4449
742,209,50,50,0,0,0,0,1,189.088,0.15645,0.15,121,31.4386,2.70185,0.4449
743,194,50,50,0,0,0,0,1,184.256,0.15606,0.15,121,31.4386,2.4115,0.4449
744,195,50,50,0,0,0,0,1,188.642,0.15567,0.15,121,31.4386,2.54935,0.4449
745,212,50,50,0,0,0,0,1,186.338,0.15528,0.15,121,31.4386,2.39049,0.4449
746,163,50,50,0,0,0,0,1,185.385,0.1549,0.15,121,31.4386,2.50588,0.4449
747,205,50,50,0,0,0,0,1,182.064,0.15451,0.15,121,31.4386,2.53477,0.4449
748,206,50,50,0,0,0,0,1,192.998,0.15412,0.15,121,31.4386,2.18574,0.4449
749,206,50,50,0,0,0,0,1,189.45,0.15374,0.15,121,31.4386,2.23216,0.4449
750,159,50,50,0,0,0,0,1,188.501,0.15335,0.15,121,31.4386,2.36791,0.4449
751,254,50,50,0,0,0,0,1,190.611,0.15297,0.15,121,31.4386,2.44803,0.4449
752,173,50,50,0,0,0,0,1,189.044,0.15259,0.15,121,31.4386,2.27501,0.4449
753,400,48,48,0,0,0,0,1,158.399,0.15221,0.15,121,31.4386,2.26419,0.4449
754,159,50,50,0,0,0,0,1,182.629,0.15183,0.15,121,31.4386,2.64826,0.4449
755,146,50,50,0,0,0,0,1,181.558,0.15145,0.15,121,31.4386,2.89981,0.4449
756,159,50,50,0,0,0,0,1,188.198,0.15107,0.15,121,31.4386,2.57212,0.4449
757,275,50,50,0,0,0,0,1,185.02,0.15069,0.15,121,31.4386,2.57573,0.4449
758,325,50,50,0,0,0,0,1,168.335,0.15032,0.15,121,31.4386,2.66293,0.4449
759,84,16,16,0,0,1,0,0,19.096,0.14994,0.15,121,31.4386,2.7713,0.4449
760,201,50,50,0,0,0,0,1,185.437,0.14957,0.15,121,31.4386,2.51256,0.4449
761,172,50,50,0,0,0,0,1,177.944,0.1492,0.15,121,31.4386,2.8526,0.4449
762,162,50,50,0,0,0,0,1,189.567,0.14882,0.15,121,31.4386,2.40633,0.4449
763,210,50,50,0,0,0,0,1,185.946,0.14845,0.15,121,31.4386,2.4663,0.4449
764,207,50,50,0,0,0,0,1,176.778,0.14808,0.15,121,31.4386,2.84981,0.4449
765,162,50,50,0,0,0,0,1,191.083,0.14771,0.15,121,31.4386,2.2832,0.4449
766,207,50,50,0,0,0,0,1,186.529,0.14734,0.15,121,31.4386,2.43819,0.4449
767,179,50,50,0,0,0,0,1,181.554,0.14697,0.15,121,31.4386,2.6992,0.4449
768,160,50,50,0,0,0,0,1,179.099,0.14661,0.15,121,31.4386,2.58902,0.4449
769,127,50,50,0,0,0,0,1,177.364,0.14624,0.15,121,31.4386,2.64696,0.4449
770,163,50,50,0,0,0,0,1,173.938,0.14588,0.15,121,31.4386,3.11656,0.4449
771,93,22,22,0,0,1,0,0,39.966,0.14551,0.15,121,31.4386,3.19528,0.4449
772,189,50,50,0,0,0,0,1,179.318,0.14515,0.15,121,31.4386,2.37862,0.4449
773,228,50,50,0,0,0,0,1,185.219,0.14479,0.15,121,31.4386,2.37741,0.4449
774,172,50,50,0,0,0,0,1,192.745,0.14442,0.15,121,31.4386,2.33661,0.4449
775,177,50,50,0,0,0,0,1,188.146,0.14406,0.15,121,31.4386,2.59225,0.4449
776,196,50,50,0,0,0,0,1,178.674,0.1437,0.15,121,31.4386,2.48345,0.4449
777,227,50,50,0,0,0,0,1,187.318,0.14335,0.15,121,31.4386,2.31573,0.4449
778,57,3,3,0,0,1,0,0,-24.756,0.14299,0.15,121,31.4386,2.94783,0.4449
779,357,50,50,0,0,0,0,1,164.392,0.14263,0.15,121,31.4386,2.51353,0.4449
780,360,50,50,0,0,0,0,1,160.273,0.14227,0.15,121,31.4386,2.53454,0.4449
781,338,50,50,0,0,0,0,1,171.123,0.14192,0.15,121,31.4386,2.33855,0.44628
782,275,50,50,0,0,0,0,1,167.697,0.14156,0.15,121,31.4386,2.50935,0.44628
783,400,45,45,0,0,0,0,1,123.144,0.14121,0.15,121,31.4386,2.37372,0.44628
784,330,47,47,0,0,1,0,0,118.243,0.14086,0.15,121,31.4386,2.59458,0.44628
785,271,50,50,0,0,0,0,1,167.174,0.14051,0.15,121,31.4386,2.31727,0.44628
786,243,50,50,0,0,0,0,1,172.509,0.14016,0.15,121,31.4386,2.39312,0.44766
787,304,33,33,0,0,1,0,0,52.579,0.13981,0.15,121,31.4386,2.92553,0.44766
788,69,7,7,0,0,1,0,0,-20.406,0.13946,0.15,121,31.3894,3.33383,0.44766
789,12,3,3,0,0,1,0,0,-20.845,0.13911,0.15,121,31.3894,5.92414,0.44766
790,321,50,50,0,0,0,0,1,174.8,0.13876,0.15,121,31.3894,2.29975,0.44766
791,161,28,28,0,0,1,0,0,60.508,0.13841,0.15,121,31.3894,2.45825,0.44766
792,358,50,50,0,0,0,0,1,148.827,0.13807,0.15,121,31.3894,2.48098,0.44766
793,186,38,38,0,0,1,0,0,79.615,0.13772,0.15,121,31.3894,2.37859,0.44766
794,35,12,12,0,0,1,0,0,5.013,0.13738,0.15,121,31.3894,3.49902,0.44766
795,13,4,4,0,0,1,0,0,-19.368,0.13704,0.15,121,31.3894,5.20169,0.44766
796,325,50,50,0,0,0,0,1,151.279,0.1367,0.15,121,31.3894,2.52608,0.44766
797,353,50,50,0,0,0,0,1,172.655,0.13635,0.15,121,31.3894,2.30381,0.44904
798,267,50,50,0,0,0,0,1,166.576,0.13601,0.15,121,31.3894,2.42958,0.44904
799,260,50,50,0,0,0,0,1,174.263,0.13567,0.15,121,31.3894,2.23976,0.44904
800,240,50,50,0,0,0,0,1,169.42,0.13534,0.15,121,31.3894,2.35142,0.44904
801,216,37,37,0,0,1,0,0,83.916,0.135,0.15,121,31.3894,2.53028,0.44904
802,315,50,50,0,0,0,0,1,178.342,0.13466,0.15,123,31.3894,2.15496,0.4458
803,254,49,49,0,0,1,0,0,142.894,0.13432,0.15,123,31.3894,2.476,0.4458
804,240,50,50,0,0,0,0,1,175.413,0.13399,0.15,123,31.3894,2.11833,0.4458
805,304,50,50,0,0,0,0,1,170.583,0.13365,0.15,123,31.3894,2.08794,0.4458
806,262,50,50,0,0,0,0,1,179.547,0.13332,0.15,123,31.3894,2.06084,0.4458
807,342,50,50,0,0,0,0,1,171.466,0.13299,0.15,123,31.3894,2.13824,0.4458
808,349,50,50,0,0,0,0,1,175.819,0.13266,0.15,123,31.3894,2.10533,0.4458
809,313,50,50,0,0,0,0,1,172.72,0.13232,0.15,123,31.3894,2.07826,0.4458
810,400,44,44,0,0,0,0,1,141.455,0.13199,0.15,123,31.3894,1.83255,0.4458
811,391,46,46,0,0,1,0,0,105.424,0.13166,0.15,123,31.3894,2.03646,0.4458
812,195,27,27,0,0,1,0,0,47.892,0.13134,0.15,123,31.3894,2.85887,0.4458
813,171,43,43,0,0,1,0,0,108.467,0.13101,0.15,123,31.3894,2.90771,0.4458
814,111,28,28,0,0,1,0,0,58.849,0.13068,0.15,123,31.3894,3.36976,0.4458
815,166,44,44,0,0,1,0,0,124.579,0.13035,0.15,123,31.3894,3.22126,0.4458
816,70,23,23,0,0,1,0,0,44.534,0.13003,0.15,123,31.3894,4.06341,0.4458
817,135,50,50,0,0,0,0,1,182.481,0.1297,0.15,123,31.3894,3.32899,0.4458
818,171,50,50,0,0,0,0,1,189.954,0.12938,0.15,123,31.3894,3.33651,0.4458
819,149,50,50,0,0,0,0,1,184.704,0.12906,0.15,123,31.3894,2.89777,0.4458
820,88,31,31,0,0,1,0,0,78.166,0.12873,0.15,123,31.3894,3.71568,0.4458
821,163,50,50,0,0,0,0,1,184.352,0.12841,0.15,123,31.3894,3.28194,0.4458
822,47,24,24,0,0,1,0,0,48.024,0.12809,0.15,123,31.3894,3.72926,0.4458
823,187,50,50,0,0,0,0,1,185.23,0.12777,0.15,123,31.3894,3.57523,0.4458
824,175,50,50,0,0,0,0,1,188.022,0.12745,0.15,124,31.3894,3.15664,0.44355
825,156,50,50,0,0,0,0,1,192.854,0.12714,0.15,124,31.3894,2.82831,0.44355
826,157,50,50,0,0,0,0,1,190.097,0.12682,0.15,124,31.3894,2.94592,0.44355
827,152,50,50,0,0,0,0,1,186.918,0.1265,0.15,124,31.3894,2.57091,0.44355
828,137,50,50,0,0,0,0,1,188.928,0.12619,0.15,124,31.3894,3.02369,0.44355
829,205,50,50,0,0,0,0,1,190.177,0.12587,0.15,124,31.3894,3.0993,0.44355
830,213,50,50,0,0,0,0,1,179.553,0.12556,0.15,124,31.3894,2.98759,0.44355
831,160,50,50,0,0,0,0,1,190.088,0.12524,0.15,124,31.3894,3.13877,0.44355
832,133,50,50,0,0,0,0,1,185.681,0.12493,0.15,124,31.3894,2.81019,0.44355
833,142,50,50,0,0,0,0,1,182.242,0.12462,0.15,124,31.3894,2.89809,0.44355
834,170,50,50,0,0,0,0,1,190.105,0.12431,0.15,124,31.3894,2.69811,0.44355
835,147,50,50,0,0,0,0,1,187.565,0.124,0.15,124,31.3894,2.48695,0.44355
836,149,50,50,0,0,0,0,1,183.208,0.12369,0.15,124,31.3894,3.18981,0.44355
837,170,50,50,0,0,0,0,1,186.664,0.12338,0.15,124,31.3894,2.86904,0.44355
838,180,50,50,0,0,0,0,1,188.913,0.12307,0.15,124,31.3894,2.76674,0.44355
839,207,50,50,0,0,0,0,1,181.665,0.12276,0.15,124,31.3894,3.01223,0.44355
840,159,50,50,0,0,0,0,1,184.992,0.12246,0.15,124,31.3894,2.98654,0.44355
841,136,50,50,0,0,0,0,1,185.208,0.12215,0.15,124,31.3894,2.41868,0.44355
842,110,44,44,0,0,1,0,0,123.718,0.12185,0.15,124,31.3894,3.0996,0.44355
843,153,48,48,0,0,1,0,0,152.459,0.12154,0.15,124,31.3894,2.59513,0.44355
844,135,50,50,0,0,0,0,1,186.846,0.12124,0.15,124,31.3894,2.97615,0.44355
845,148,50,50,0,0,0,0,1,179.201,0.12094,0.15,124,31.3894,3.1691,0.44355
846,157,50,50,0,0,0,0,1,181.901,0.12063,0.15,124,31.3894,2.53148,0.44355
847,169,50,50,0,0,0,0,1,197.572,0.12033,0.15,124,31.3894,2.24287,0.44355
848,150,50,50,0,0,0,0,1,186.83,0.12003,0.15,124,31.3894,2.31352,0.44355
849,137,50,50,0,0,0,0,1,179.812,0.11973,0.15,124,31.3894,3.05789,0.44355
850,160,50,50,0,0,0,0,1,187.114,0.11943,0.15,124,31.3894,2.79595,0.44355
851,160,50,50,0,0,0,0,1,186.349,0.11913,0.15,124,31.3894,2.7375,0.44355
852,200,50,50,0,0,0,0,1,184.076,0.11884,0.15,124,31.3894,2.6536,0.44355
853,167,50,50,0,0,0,0,1,192.122,0.11854,0.15,124,31.3894,2.26777,0.44355
854,262,50,50,0,0,0,0,1,191.624,0.11824,0.15,124,31.3894,2.64335,0.44355
855,163,50,50,0,0,0,0,1,188.923,0.11795,0.15,124,31.3894,2.5372,0.44355
856,159,50,50,0,0,0,0,1,188.299,0.11765,0.15,124,31.3894,2.53577,0.44355
857,134,50,50,0,0,0,0,1,177.559,0.11736,0.15,124,31.3894,3.0553,0.44355
858,163,50,50,0,0,0,0,1,189.796,0.11707,0.15,124,31.3894,2.31301,0.44355
859,146,50,50,0,0,0,0,1,188.165,0.11678,0.15,124,31.3894,2.39213,0.44355
860,201,50,50,0,0,0,0,1,188.672,0.11648,0.15,124,31.3894,2.57781,0.44355
861,179,50,50,0,0,0,0,1,191.175,0.11619,0.15,124,31.3894,2.4097,0.44355
862,199,50,50,0,0,0,0,1,184.349,0.1159,0.15,124,31.3894,2.76584,0.44355
863,209,50,50,0,0,0,0,1,188.625,0.11561,0.15,124,31.3894,2.60231,0.44355
864,238,50,50,0,0,0,0,1,185.507,0.11533,0.15,124,31.3894,2.50331,0.44355
865,175,50,50,0,0,0,0,1,194.32,0.11504,0.15,124,31.3894,2.35935,0.44355
866,195,50,50,0,0,0,0,1,182.817,0.11475,0.15,124,31.3894,2.52044,0.44355
867,176,50,50,0,0,0,0,1,190.966,0.11446,0.15,124,31.3894,2.59964,0.44355
868,169,50,50,0,0,0,0,1,184.744,0.11418,0.15,124,31.3894,2.78214,0.44355
869,172,50,50,0,0,0,0,1,184.34,0.11389,0.15,124,31.3894,2.78814,0.44355
870,159,50,50,0,0,0,0,1,188.652,0.11361,0.15,124,31.3894,2.48352,0.44355
871,124,50,50,0,0,0,0,1,182.515,0.11332,0.15,124,31.3894,2.81354,0.44355
872,25,12,12,0,0,1,0,0,7.902,0.11304,0.15,124,31.3894,4.04996,0.44355
873,180,50,50,0,0,0,0,1,198.613,0.11276,0.15,124,31.3894,2.54673,0.44355
874,176,50,50,0,0,0,0,1,186.211,0.11248,0.15,124,31.3894,2.57281,0.44355
875,151,50,50,0,0,0,0,1,182.648,0.1122,0.15,124,31.3894,3.06119,0.44355
876,154,50,50,0,0,0,0,1,186.226,0.11192,0.15,124,31.3894,2.24644,0.44355
877,170,50,50,0,0,0,0,1,189.687,0.11164,0.15,124,31.3894,2.4246,0.44355
878,5,1,1,0,0,1,0,0,-28.874,0.11136,0.15,124,31.3894,12.75007,0.44355
879,188,50,50,0,0,0,0,1,191.52,0.11108,0.15,124,31.3894,2.54797,0.44355
880,239,50,50,0,0,0,0,1,187.178,0.1108,0.15,124,31.3894,3.21883,0.44355
881,400,37,37,0,0,0,0,1,131.82,0.11053,0.15,124,31.3894,2.92005,0.44355
882,217,50,50,0,0,0,0,1,191.364,0.11025,0.15,124,31.3894,2.19195,0.44355
883,179,50,50,0,0,0,0,1,192.829,0.10998,0.15,124,31.3894,2.45754,0.44355
884,183,50,50,0,0,0,0,1,194.167,0.1097,0.15,124,31.3894,2.49966,0.44355
885,161,50,50,0,0,0,0,1,186.222,0.10943,0.15,124,31.3894,2.80273,0.44355
886,138,50,50,0,0,0,0,1,183.219,0.10915,0.15,124,31.3894,2.88221,0.44355
887,158,50,50,0,0,0,0,1,188.486,0.10888,0.15,124,31.3894,2.69687,0.44355
888,146,50,50,0,0,0,0,1,187.66,0.10861,0.15,124,31.3894,2.68154,0.44355
889,136,50,50,0,0,0,0,1,178.518,0.10834,0.15,124,31.3894,2.67042,0.44355
890,129,50,50,0,0,0,0,1,183.505,0.10807,0.15,124,31.3894,2.73273,0.44355
891,156,50,50,0,0,0,0,1,190.454,0.1078,0.15,124,31.3894,2.78717,0.44355
892,167,50,50,0,0,0,0,1,192.175,0.10753,0.15,124,31.3894,2.6315,0.44355
893,146,50,50,0,0,0,0,1,183.998,0.10726,0.15,124,31.3894,2.41605,0.44355
894,176,50,50,0,0,0,0,1,186.758,0.10699,0.15,124,31.3894,2.62128,0.44355
895,133,50,50,0,0,0,0,1,182.496,0.10672,0.15,124,31.3894,2.51804,0.44355
896,124,50,50,0,0,0,0,1,185.221,0.10646,0.15,124,31.3894,2.55596,0.44355
897,147,50,50,0,0,0,0,1,187.562,0.10619,0.15,124,31.3894,2.21273,0.44355
898,260,50,50,0,0,0,0,1,196.981,0.10593,0.15,124,31.3894,2.42439,0.44489
899,180,50,50,0,0,0,0,1,192.887,0.10566,0.15,124,31.3894,2.38393,0.44489
900,191,50,50,0,0,0,0,1,195.412,0.1054,0.15,124,31.3894,2.39628,0.44489
901,166,50,50,0,0,0,0,1,186.513,0.10514,0.15,124,31.3894,2.47252,0.44489
902,170,50,50,0,0,0,0,1,194.447,0.10487,0.15,124,31.3894,2.34959,0.44489
903,185,50,50,0,0,0,0,1,187.227,0.10461,0.15,124,31.3894,2.34751,0.44489
904,55,18,18,0,0,1,0,0,34.819,0.10435,0.15,124,31.3894,3.08293,0.44489
905,157,50,50,0,0,0,0,1,191.621,0.10409,0.15,124,31.3894,2.4974,0.44489
906,161,50,50,0,0,0,0,1,181.246,0.10383,0.15,124,31.3894,2.79361,0.44489
907,171,50,50,0,0,0,0,1,186.477,0.10357,0.15,124,31.3894,2.63778,0.44489
908,158,50,50,0,0,0,0,1,191.133,0.10331,0.15,124,31.3894,2.35191,0.44489
909,143,50,50,0,0,0,0,1,181.516,0.10305,0.15,124,31.3894,2.28758,0.44489
910,160,50,50,0,0,0,0,1,188.429,0.1028,0.15,124,31.3894,2.51067,0.44489
911,163,50,50,0,0,0,0,1,190.098,0.10254,0.15,124,31.3894,2.35314,0.44489
912,179,50,50,0,0,0,0,1,197.146,0.10228,0.15,124,31.3894,2.27337,0.44489
913,157,50,50,0,0,0,0,1,192.522,0.10203,0.15,124,31.3894,2.19531,0.44489
914,150,50,50,0,0,0,0,1,182.584,0.10177,0.15,124,31.3894,2.87009,0.44489
915,201,50,50,0,0,0,0,1,183.287,0.10152,0.15,124,31.3894,2.66373,0.44489
916,166,50,50,0,0,0,0,1,181.944,0.10127,0.15,124,31.3894,2.35522,0.44489
917,141,50,50,0,0,0,0,1,184.113,0.10101,0.15,124,31.3894,2.25468,0.44489
918,155,50,50,0,0,0,0,1,190.639,0.10076,0.15,124,31.3894,2.25352,0.44489
919,120,40,40,0,0,1,0,0,113.375,0.10051,0.15,124,31.3894,2.56945,0.44489
920,136,50,50,0,0,0,0,1,183.509,0.10026,0.15,124,31.3894,2.46739,0.44489
921,172,50,50,0,0,0,0,1,191.153,0.10001,0.15,124,31.3894,2.4107,0.44489
922,186,50,50,0,0,0,0,1,191.885,0.09976,0.15,124,31.3894,2.53436,0.44489
923,153,50,50,0,0,0,0,1,184.739,0.09951,0.15,124,31.3894,2.51028,0.44489
924,179,50,50,0,0,0,0,1,191.967,0.09926,0.15,124,31.3894,2.45269,0.44489
925,188,50,50,0,0,0,0,1,199.279,0.09901,0.15,124,31.3894,2.32025,0.44489
926,194,50,50,0,0,0,0,1,188.758,0.09877,0.15,124,31.3894,2.33541,0.44489
927,400,50,50,0,0,0,0,1,181.322,0.09852,0.15,124,31.3894,2.84972,0.44489
928,371,50,50,0,0,0,0,1,176.814,0.09827,0.15,124,31.3894,2.55457,0.44489
929,188,50,50,0,0,0,0,1,168.065,0.09803,0.15,124,31.3894,2.67861,0.44489
930,218,38,38,0,0,1,0,0,95.318,0.09778,0.15,124,31.3894,2.70848,0.44489
931,237,50,50,0,0,0,0,1,172.328,0.09754,0.15,124,31.3894,2.63778,0.44489
932,319,50,50,0,0,0,0,1,172.986,0.0973,0.15,124,31.3894,2.30212,0.44489
933,400,42,42,0,0,0,0,1,138.491,0.09705,0.15,124,31.3894,2.33415,0.44489
934,185,50,50,0,0,0,0,1,191.394,0.09681,0.15,124,31.3894,2.30677,0.44489
935,143,50,50,0,0,0,0,1,176.825,0.09657,0.15,124,31.3894,3.32795,0.44489
936,152,50,50,0,0,0,0,1,188.865,0.09633,0.15,124,31.3894,3.01907,0.44489
937,74,25,25,0,0,1,0,0,55.942,0.09609,0.15,124,31.3894,3.13743,0.44489
938,138,50,50,0,0,0,0,1,183.404,0.09585,0.15,124,31.3894,2.87372,0.44489
939,166,50,50,0,0,0,0,1,183.417,0.09561,0.15,124,31.3894,2.8921,0.44489
940,161,50,50,0,0,0,0,1,189.593,0.09537,0.15,124,31.3894,2.00515,0.44489
941,140,50,50,0,0,0,0,1,180.364,0.09513,0.15,124,31.3894,2.52752,0.44489
942,161,50,50,0,0,0,0,1,188.014,0.09489,0.15,124,31.3894,2.33075,0.44489
943,133,50,50,0,0,0,0,1,182.536,0.09466,0.15,124,31.3894,2.65001,0.44489
944,174,50,50,0,0,0,0,1,184.54,0.09442,0.15,124,31.3894,2.95535,0.44489
945,163,50,50,0,0,0,0,1,189.597,0.09418,0.15,124,31.3894,2.56213,0.44489
946,144,50,50,0,0,0,0,1,189.334,0.09395,0.15,124,31.3894,2.63766,0.44489
947,179,50,50,0,0,0,0,1,187.24,0.09371,0.15,124,31.3894,2.38489,0.44489
948,169,50,50,0,0,0,0,1,186.095,0.09348,0.15,124,31.3894,2.45285,0.44489
949,153,50,50,0,0,0,0,1,186.472,0.09325,0.15,124,31.3894,2.12806,0.44489
950,203,50,50,0,0,0,0,1,187.192,0.09301,0.15,124,31.3894,2.66828,0.44489
951,193,50,50,0,0,0,0,1,185.63,0.09278,0.15,124,31.3894,2.57434,0.44489
952,160,50,50,0,0,0,0,1,184.923,0.09255,0.15,124,31.3894,2.65616,0.44489
953,15,2,2,0,0,1,0,0,-27.214,0.09232,0.15,124,31.3894,4.80539,0.44489
954,161,50,50,0,0,0,0,1,193.192,0.09209,0.15,124,31.3894,2.30171,0.44489
955,165,50,50,0,0,0,0,1,182.731,0.09186,0.15,124,31.3894,2.77642,0.44489
956,151,50,50,0,0,0,0,1,186.931,0.09163,0.15,124,31.3894,2.61348,0.44489
957,150,50,50,0,0,0,0,1,194.454,0.0914,0.15,124,31.3894,2.19723,0.44489
958,170,50,50,0,0,0,0,1,194.059,0.09117,0.15,124,31.3894,2.16046,0.44489
959,177,50,50,0,0,0,0,1,185.0,0.09095,0.15,124,31.3894,2.43641,0.44489
960,168,50,50,0,0,0,0,1,183.122,0.09072,0.15,124,31.3894,2.24906,0.44489
961,151,50,50,0,0,0,0,1,192.47,0.09049,0.15,124,31.3894,2.09912,0.44489
962,149,50,50,0,0,0,0,1,183.278,0.09027,0.15,124,31.3894,2.4795,0.44489
963,169,50,50,0,0,0,0,1,192.099,0.09004,0.15,124,31.3894,2.40752,0.44489
964,164,50,50,0,0,0,0,1,195.026,0.08982,0.15,124,31.3894,2.24489,0.44489
965,152,50,50,0,0,0,0,1,185.272,0.08959,0.15,124,31.3894,2.71321,0.44489
966,135,50,50,0,0,0,0,1,183.087,0.08937,0.15,124,31.3894,2.67913,0.44489
967,182,50,50,0,0,0,0,1,187.342,0.08914,0.15,124,31.3894,2.67552,0.44489
968,159,50,50,0,0,0,0,1,193.876,0.08892,0.15,124,31.3894,2.22003,0.44489
969,178,50,50,0,0,0,0,1,188.436,0.0887,0.15,124,31.3894,2.88937,0.44624
970,201,50,50,0,0,0,0,1,189.192,0.08848,0.15,124,31.3894,2.51382,0.44624
971,137,50,50,0,0,0,0,1,185.52,0.08826,0.15,124,31.3894,2.34734,0.44624
972,178,50,50,0,0,0,0,1,186.433,0.08804,0.15,124,31.3894,2.45389,0.44624
973,205,50,50,0,0,0,0,1,195.323,0.08782,0.15,124,31.3894,2.08503,0.44624
974,159,50,50,0,0,0,0,1,186.019,0.0876,0.15,124,31.3894,2.50722,0.44624
975,195,50,50,0,0,0,0,1,194.076,0.08738,0.15,124,31.3894,2.35858,0.44624
976,400,41,41,0,0,0,0,1,136.543,0.08716,0.15,124,31.3894,2.48007,0.44624
977,164,50,50,0,0,0,0,1,186.254,0.08694,0.15,124,31.3894,2.39423,0.44624
978,135,50,50,0,0,0,0,1,181.936,0.08673,0.15,124,31.3894,2.90117,0.44624
979,169,50,50,0,0,0,0,1,194.666,0.08651,0.15,124,31.3894,2.37635,0.44624
980,153,50,50,0,0,0,0,1,179.801,0.08629,0.15,124,31.3894,2.76566,0.44624
981,161,50,50,0,0,0,0,1,196.767,0.08608,0.15,124,31.3894,1.96637,0.44624
982,173,50,50,0,0,0,0,1,186.811,0.08586,0.15,124,31.3894,2.59783,0.44624
983,147,50,50,0,0,0,0,1,189.52,0.08565,0.15,124,31.3894,2.54459,0.44624
984,171,50,50,0,0,0,0,1,187.3,0.08543,0.15,124,31.3894,2.3204,0.44624
985,191,50,50,0,0,0,0,1,194.078,0.08522,0.15,124,31.3894,2.29213,0.44624
986,188,50,50,0,0,0,0,1,187.437,0.08501,0.15,124,31.3894,2.46656,0.44624
987,139,50,50,0,0,0,0,1,189.147,0.0848,0.15,124,31.3894,2.34417,0.44624
988,158,50,50,0,0,0,0,1,188.586,0.08458,0.15,124,31.3894,2.63391,0.44624
989,182,50,50,0,0,0,0,1,185.519,0.08437,0.15,124,31.3894,2.49249,0.44624
990,245,50,50,0,0,0,0,1,183.162,0.08416,0.15,124,31.3894,2.34135,0.44624
991,224,50,50,0,0,0,0,1,192.275,0.08395,0.15,124,31.3894,2.45441,0.44624
992,161,50,50,0,0,0,0,1,193.199,0.08374,0.15,124,31.3894,2.25964,0.44624
993,155,50,50,0,0,0,0,1,180.464,0.08353,0.15,124,31.3894,2.507,0.44624
994,156,50,50,0,0,0,0,1,196.157,0.08333,0.15,124,31.3894,2.07693,0.44624
995,161,50,50,0,0,0,0,1,187.384,0.08312,0.15,124,31.3894,2.27044,0.44624
996,169,50,50,0,0,0,0,1,194.611,0.08291,0.15,124,31.3894,2.14381,0.44624
997,149,50,50,0,0,0,0,1,185.051,0.0827,0.15,124,31.3894,2.51286,0.44624
998,165,50,50,0,0,0,0,1,190.911,0.0825,0.15,124,31.3894,2.67942,0.44624
999,153,50,50,0,0,0,0,1,194.63,0.08229,0.15,124,31.3894,2.25979,0.44624
1000,146,50,50,0,0,0,0,1,184.905,0.08208,0.15,124,31.3894,2.34193,0.44624
1001,138,50,50,0,0,0,0,1,188.551,0.08188,0.15,124,31.3894,2.4568,0.44624
1002,160,50,50,0,0,0,0,1,192.106,0.08168,0.15,124,31.3894,2.16484,0.44624
1003,186,50,50,0,0,0,0,1,188.513,0.08147,0.15,124,31.3894,2.58614,0.44624
1004,246,50,50,0,0,0,0,1,191.388,0.08127,0.15,124,31.3894,2.58732,0.44624
1005,131,50,50,0,0,0,0,1,188.774,0.08107,0.15,124,31.3894,2.30163,0.44624
1006,134,50,50,0,0,0,0,1,185.918,0.08086,0.15,124,31.3894,2.57348,0.44624
1007,147,50,50,0,0,0,0,1,182.759,0.08066,0.15,124,31.3894,2.79843,0.44624
1008,137,50,50,0,0,0,0,1,181.609,0.08046,0.15,124,31.3894,2.76025,0.44624
1009,156,50,50,0,0,0,0,1,190.915,0.08026,0.15,124,31.3894,2.35207,0.44624
1010,400,42,42,0,0,0,0,1,147.903,0.08006,0.15,124,31.3894,2.67747,0.44624
1011,320,50,50,0,0,0,0,1,170.985,0.07986,0.15,124,31.3894,2.52703,0.44624
1012,361,50,50,0,0,0,0,1,166.109,0.07966,0.15,124,31.3894,2.10441,0.44624
1013,283,50,50,0,0,0,0,1,170.118,0.07946,0.15,124,31.3894,2.50144,0.44624
1014,316,50,50,0,0,0,0,1,188.902,0.07926,0.15,125,31.3894,2.04079,0.444
1015,400,49,49,0,0,0,0,1,162.538,0.07906,0.15,125,31.3894,2.47911,0.444
1016,287,41,41,0,0,1,0,0,82.803,0.07887,0.15,125,31.3894,3.1392,0.444
1017,269,50,50,0,0,0,0,1,191.25,0.07867,0.15,125,31.3894,2.1963,0.444
1018,169,50,50,0,0,0,0,1,193.426,0.07847,0.15,125,31.3894,2.71322,0.444
1019,129,50,50,0,0,0,0,1,184.855,0.07828,0.15,125,31.3894,3.07598,0.444
1020,139,50,50,0,0,0,0,1,189.181,0.07808,0.15,125,31.3894,2.88535,0.444
1021,134,50,50,0,0,0,0,1,182.2,0.07789,0.15,125,31.3894,3.18389,0.444
1022,120,43,43,0,0,1,0,0,121.89,0.07769,0.15,125,31.3894,3.11765,0.444
1023,164,50,50,0,0,0,0,1,182.022,0.0775,0.15,125,31.3894,2.89203,0.444
1024,163,50,50,0,0,0,0,1,189.764,0.0773,0.15,125,31.3894,2.60168,0.444
1025,144,50,50,0,0,0,0,1,186.73,0.07711,0.15,125,31.3894,2.71175,0.444
1026,142,50,50,0,0,0,0,1,190.16,0.07692,0.15,125,31.3894,2.27414,0.444
1027,190,50,50,0,0,0,0,1,200.675,0.07673,0.15,125,31.3894,2.21338,0.444
1028,177,50,50,0,0,0,0,1,190.624,0.07654,0.15,125,31.3894,2.45374,0.444
1029,139,50,50,0,0,0,0,1,183.387,0.07634,0.15,125,31.3894,2.53777,0.444
1030,179,50,50,0,0,0,0,1,190.874,0.07615,0.15,125,31.3894,2.59933,0.444
1031,167,50,50,0,0,0,0,1,188.883,0.07596,0.15,125,31.3894,2.36877,0.444
1032,160,50,50,0,0,0,0,1,186.983,0.07577,0.15,125,31.3894,2.89985,0.444
1033,145,50,50,0,0,0,0,1,190.089,0.07558,0.15,125,31.3894,2.58653,0.444
1034,135,50,50,0,0,0,0,1,183.507,0.0754,0.15,125,31.3894,2.36344,0.444
1035,153,50,50,0,0,0,0,1,192.158,0.07521,0.15,125,31.3894,2.34147,0.444
1036,184,50,50,0,0,0,0,1,187.857,0.07502,0.15,125,31.3894,2.63738,0.444
1037,152,50,50,0,0,0,0,1,184.378,0.07483,0.15,125,31.3894,2.66683,0.444
1038,270,50,50,0,0,0,0,1,199.666,0.07465,0.15,125,31.3894,2.22392,0.444
1039,400,46,46,0,0,0,0,1,153.475,0.07446,0.15,125,31.3894,2.54751,0.444
1040,319,37,37,0,0,1,0,0,88.76,0.07427,0.15,125,31.3894,2.32669,0.444
1041,176,50,50,0,0,0,0,1,181.744,0.07409,0.15,125,31.3894,2.63436,0.444
1042,131,50,50,0,0,0,0,1,189.242,0.0739,0.15,125,31.3894,2.52334,0.444
1043,158,50,50,0,0,0,0,1,187.747,0.07372,0.15,125,31.3894,3.02599,0.444
1044,125,50,50,0,0,0,0,1,183.387,0.07353,0.15,125,31.3894,2.74244,0.444
1045,158,50,50,0,0,0,0,1,189.605,0.07335,0.15,125,31.3894,2.79237,0.444
1046,137,50,50,0,0,0,0,1,189.842,0.07317,0.15,125,31.3894,2.46809,0.444
1047,137,50,50,0,0,0,0,1,184.387,0.07299,0.15,125,31.3894,2.66275,0.444
1048,143,50,50,0,0,0,0,1,190.014,0.0728,0.15,125,31.3894,2.702,0.444
1049,144,50,50,0,0,0,0,1,187.655,0.07262,0.15,125,31.3894,2.25051,0.444
1050,170,50,50,0,0,0,0,1,192.006,0.07244,0.15,125,31.3894,2.52722,0.444
1051,152,50,50,0,0,0,0,1,190.388,0.07226,0.15,125,31.3894,2.52082,0.444
1052,152,50,50,0,0,0,0,1,182.211,0.07208,0.15,125,31.3894,2.69115,0.444
1053,132,50,50,0,0,0,0,1,180.536,0.0719,0.15,125,31.3894,2.89555,0.444
1054,144,50,50,0,0,0,0,1,193.098,0.07172,0.15,125,31.3894,2.07408,0.444
1055,137,50,50,0,0,0,0,1,189.843,0.07154,0.15,125,31.3894,2.31328,0.444
1056,151,50,50,0,0,0,0,1,188.872,0.07136,0.15,125,31.3894,2.88077,0.444
1057,167,50,50,0,0,0,0,1,191.265,0.07118,0.15,125,31.3894,2.70364,0.444
1058,20,8,8,0,0,1,0,0,-9.818,0.07101,0.15,125,31.3894,7.01085,0.444
1059,156,50,50,0,0,0,0,1,193.388,0.07083,0.15,125,31.3894,2.53373,0.444
1060,157,50,50,0,0,0,0,1,186.312,0.07065,0.15,125,31.3894,2.32882,0.444
1061,167,50,50,0,0,0,0,1,191.975,0.07047,0.15,125,31.3894,2.49707,0.444
1062,165,50,50,0,0,0,0,1,191.592,0.0703,0.15,125,31.3894,2.5935,0.444
1063,138,50,50,0,0,0,0,1,191.094,0.07012,0.15,125,31.3894,2.07988,0.444
1064,153,50,50,0,0,0,0,1,190.166,0.06995,0.15,125,31.3894,2.4777,0.444
1065,166,50,50,0,0,0,0,1,192.323,0.06977,0.15,125,31.3894,2.50756,0.444
1066,173,50,50,0,0,0,0,1,202.316,0.0696,0.15,125,31.3894,2.20295,0.444
1067,17,3,3,0,0,1,0,0,-21.131,0.06943,0.15,125,31.3894,7.0157,0.444
1068,229,50,50,0,0,0,0,1,184.7,0.06925,0.15,125,31.3894,2.59191,0.444
1069,125,50,50,0,0,0,0,1,184.631,0.06908,0.15,125,31.3894,2.68346,0.444
1070,140,50,50,0,0,0,0,1,190.016,0.06891,0.15,125,31.3894,2.71503,0.444
1071,164,50,50,0,0,0,0,1,194.961,0.06873,0.15,125,31.3894,2.37454,0.444
1072,176,50,50,0,0,0,0,1,187.302,0.06856,0.15,125,31.3894,2.63293,0.444
1073,150,50,50,0,0,0,0,1,192.631,0.06839,0.15,125,31.3894,2.21933,0.444
1074,165,50,50,0,0,0,0,1,177.048,0.06822,0.15,125,31.3894,2.41726,0.444
1075,129,50,50,0,0,0,0,1,182.946,0.06805,0.15,125,31.3894,2.16817,0.444
1076,132,50,50,0,0,0,0,1,185.105,0.06788,0.15,125,31.3894,2.26846,0.444
1077,128,50,50,0,0,0,0,1,181.971,0.06771,0.15,125,31.3894,2.57251,0.444
1078,151,50,50,0,0,0,0,1,184.814,0.06754,0.15,125,31.3894,2.51594,0.444
1079,202,50,50,0,0,0,0,1,185.778,0.06737,0.15,125,31.3894,2.60776,0.444
1080,153,50,50,0,0,0,0,1,192.107,0.06721,0.15,125,31.3894,2.43344,0.444
1081,155,50,50,0,0,0,0,1,187.013,0.06704,0.15,125,31.3894,2.48379,0.444
1082,137,50,50,0,0,0,0,1,189.406,0.06687,0.15,125,31.3894,2.34333,0.444
1083,120,50,50,0,0,0,0,1,183.792,0.0667,0.15,125,31.3894,2.61041,0.444
1084,184,50,50,0,0,0,0,1,200.795,0.06654,0.15,125,31.3894,2.38797,0.444
1085,202,50,50,0,0,0,0,1,189.719,0.06637,0.15,125,31.3894,2.44999,0.444
1086,139,50,50,0,0,0,0,1,186.77,0.0662,0.15,125,31.3894,2.23727,0.444
1087,162,50,50,0,0,0,0,1,179.535,0.06604,0.15,125,31.3894,2.52681,0.444
1088,138,50,50,0,0,0,0,1,188.638,0.06587,0.15,125,31.3894,2.2777,0.444
1089,150,50,50,0,0,0,0,1,190.73,0.06571,0.15,125,31.3894,2.05495,0.444
1090,157,50,50,0,0,0,0,1,190.036,0.06555,0.15,125,31.3894,2.43237,0.444
1091,159,50,50,0,0,0,0,1,183.902,0.06538,0.15,125,31.3894,2.57159,0.444
1092,206,50,50,0,0,0,0,1,182.585,0.06522,0.15,125,31.3894,2.71236,0.444
1093,136,50,50,0,0,0,0,1,190.464,0.06506,0.15,125,31.3894,2.31733,0.444
1094,139,50,50,0,0,0,0,1,173.539,0.06489,0.15,125,31.3894,3.33663,0.444
1095,131,50,50,0,0,0,0,1,184.853,0.06473,0.15,125,31.3894,2.29286,0.444
1096,123,50,50,0,0,0,0,1,181.461,0.06457,0.15,125,31.3894,2.7564,0.444
1097,130,50,50,0,0,0,0,1,186.574,0.06441,0.15,125,31.3894,2.2905,0.444
1098,154,50,50,0,0,0,0,1,188.824,0.06425,0.15,125,31.3894,2.57125,0.444
1099,169,50,50,0,0,0,0,1,194.415,0.06409,0.15,125,31.3894,2.40493,0.444
1100,165,50,50,0,0,0,0,1,188.753,0.06393,0.15,125,31.3894,2.46961,0.444
1101,160,50,50,0,0,0,0,1,184.366,0.06377,0.15,125,31.3894,2.73214,0.444
1102,178,50,50,0,0,0,0,1,195.527,0.06361,0.15,125,31.3894,2.53176,0.444
1103,334,50,50,0,0,0,0,1,200.49,0.06345,0.15,125,31.3894,2.50023,0.444
1104,151,50,50,0,0,0,0,1,192.141,0.06329,0.15,125,31.3894,2.54506,0.444
1105,136,50,50,0,0,0,0,1,184.897,0.06313,0.15,125,31.3894,2.4039,0.444
1106,147,50,50,0,0,0,0,1,187.223,0.06298,0.15,125,31.3894,2.5286,0.444
1107,129,50,50,0,0,0,0,1,184.32,0.06282,0.15,125,31.3894,2.39878,0.444
1108,159,50,50,0,0,0,0,1,193.421,0.06266,0.15,125,31.3894,2.68486,0.444
1109,172,50,50,0,0,0,0,1,190.878,0.06251,0.15,125,31.3894,2.45909,0.444
1110,137,50,50,0,0,0,0,1,182.334,0.06235,0.15,125,31.3894,2.52834,0.444
1111,117,50,50,0,0,0,0,1,183.064,0.06219,0.15,125,31.3894,2.20957,0.444
1112,137,50,50,0,0,0,0,1,187.372,0.06204,0.15,125,31.3894,2.49276,0.444
1113,136,50,50,0,0,0,0,1,186.299,0.06188,0.15,125,31.3894,2.38104,0.444
1114,123,50,50,0,0,0,0,1,185.406,0.06173,0.15,125,31.3894,2.16135,0.444
1115,143,50,50,0,0,0,0,1,186.357,0.06157,0.15,125,31.3894,2.59104,0.444
1116,213,50,50,0,0,0,0,1,189.886,0.06142,0.15,125,31.3894,2.36725,0.444
1117,170,50,50,0,0,0,0,1,190.357,0.06127,0.15,125,31.3894,2.33843,0.444
1118,166,50,50,0,0,0,0,1,190.152,0.06111,0.15,125,31.3894,2.2143,0.444
1119,136,50,50,0,0,0,0,1,184.749,0.06096,0.15,125,31.3894,2.51582,0.444
1120,137,50,50,0,0,0,0,1,188.002,0.06081,0.15,125,31.3894,2.14611,0.444
1121,152,50,50,0,0,0,0,1,189.654,0.06066,0.15,125,31.3894,2.43364,0.444
1122,123,50,50,0,0,0,0,1,186.482,0.06051,0.15,125,31.3894,2.1809,0.444
1123,61,25,25,0,0,1,0,0,59.634,0.06036,0.15,125,31.3894,2.62734,0.444
1124,118,50,50,0,0,0,0,1,183.366,0.0602,0.15,125,31.3894,2.2678,0.444
1125,146,50,50,0,0,0,0,1,185.554,0.06005,0.15,125,31.3894,2.46164,0.444
1126,146,50,50,0,0,0,0,1,190.91,0.0599,0.15,125,31.3894,2.44426,0.444
1127,155,50,50,0,0,0,0,1,192.639,0.05976,0.15,125,31.3894,2.38063,0.444
1128,144,50,50,0,0,0,0,1,187.502,0.05961,0.15,125,31.3894,2.3275,0.444
1129,244,50,50,0,0,0,0,1,190.192,0.05946,0.15,125,31.3894,2.48177,0.444
1130,251,50,50,0,0,0,0,1,195.876,0.05931,0.15,125,31.3894,2.4188,0.444
1131,244,50,50,0,0,0,0,1,197.053,0.05916,0.15,125,31.3894,2.14053,0.444
1132,162,50,50,0,0,0,0,1,190.426,0.05901,0.15,125,31.3894,2.43544,0.444
1133,124,50,50,0,0,0,0,1,185.84,0.05887,0.15,125,31.3894,2.36261,0.444
1134,128,50,50,0,0,0,0,1,183.428,0.05872,0.15,125,31.3894,2.81551,0.444
1135,145,50,50,0,0,0,0,1,189.908,0.05857,0.15,125,31.3894,2.65763,0.444
1136,138,50,50,0,0,0,0,1,191.996,0.05843,0.15,125,31.3894,2.01823,0.444
1137,142,50,50,0,0,0,0,1,189.793,0.05828,0.15,125,31.3894,2.43006,0.444
1138,141,50,50,0,0,0,0,1,187.889,0.05813,0.15,125,31.3894,2.41994,0.444
1139,172,50,50,0,0,0,0,1,192.717,0.05799,0.15,125,31.3894,2.25816,0.444
1140,193,50,50,0,0,0,0,1,189.898,0.05784,0.15,125,31.3894,2.49924,0.444
1141,138,50,50,0,0,0,0,1,186.83,0.0577,0.15,125,31.3894,2.55271,0.444
1142,149,50,50,0,0,0,0,1,191.139,0.05756,0.15,125,31.3894,2.24316,0.444
1143,195,50,50,0,0,0,0,1,194.77,0.05741,0.15,125,31.3894,2.41887,0.444
1144,330,50,50,0,0,0,0,1,186.221,0.05727,0.15,125,31.3894,2.63243,0.444
1145,123,50,50,0,0,0,0,1,183.003,0.05713,0.15,125,31.3894,2.65696,0.444
1146,119,50,50,0,0,0,0,1,182.068,0.05698,0.15,125,31.3894,2.90923,0.444
1147,131,50,50,0,0,0,0,1,187.484,0.05684,0.15,125,31.3894,2.48546,0.444
1148,144,50,50,0,0,0,0,1,191.356,0.0567,0.15,125,31.3894,2.28803,0.444
1149,148,50,50,0,0,0,0,1,189.901,0.05656,0.15,125,31.3894,2.54551,0.444
1150,186,50,50,0,0,0,0,1,195.371,0.05642,0.15,125,31.3894,2.39452,0.444
1151,148,50,50,0,0,0,0,1,187.876,0.05628,0.15,125,31.3894,2.27758,0.444
1152,149,50,50,0,0,0,0,1,191.363,0.05613,0.15,125,31.3894,2.17544,0.444
1153,149,50,50,0,0,0,0,1,190.218,0.05599,0.15,125,31.3894,2.44958,0.444
1154,155,50,50,0,0,0,0,1,190.868,0.05585,0.15,125,31.3894,2.46625,0.444
1155,155,50,50,0,0,0,0,1,196.518,0.05572,0.15,125,31.3894,2.28645,0.444
1156,180,50,50,0,0,0,0,1,200.016,0.05558,0.15,125,31.3894,2.22269,0.444
1157,208,50,50,0,0,0,0,1,203.786,0.05544,0.15,125,31.3894,1.98244,0.444
1158,157,50,50,0,0,0,0,1,191.152,0.0553,0.15,125,31.3894,2.28469,0.444
1159,159,50,50,0,0,0,0,1,186.828,0.05516,0.15,125,31.3894,2.61926,0.444
1160,165,50,50,0,0,0,0,1,187.19,0.05502,0.15,125,31.3894,2.27851,0.444
1161,137,50,50,0,0,0,0,1,185.984,0.05489,0.15,125,31.3894,2.3987,0.444
1162,158,50,50,0,0,0,0,1,188.385,0.05475,0.15,125,31.3894,2.6028,0.444
1163,139,50,50,0,0,0,0,1,186.013,0.05461,0.15,125,31.3894,2.22465,0.444
1164,151,50,50,0,0,0,0,1,192.242,0.05448,0.15,125,31.3894,2.17621,0.444
1165,142,50,50,0,0,0,0,1,188.648,0.05434,0.15,125,31.3894,2.54361,0.444
1166,144,50,50,0,0,0,0,1,187.581,0.0542,0.15,125,31.3894,2.33292,0.444
1167,156,50,50,0,0,0,0,1,191.023,0.05407,0.15,125,31.3894,2.43613,0.444
1168,178,50,50,0,0,0,0,1,189.322,0.05393,0.15,125,31.3894,2.50835,0.444
1169,153,50,50,0,0,0,0,1,188.674,0.0538,0.15,125,31.3894,2.43802,0.444
1170,142,50,50,0,0,0,0,1,186.414,0.05366,0.15,125,31.3894,2.25039,0.444
1171,213,50,50,0,0,0,0,1,187.775,0.05353,0.15,125,31.3894,2.52681,0.444
1172,132,50,50,0,0,0,0,1,188.998,0.0534,0.15,125,31.3894,2.14097,0.444
1173,121,50,50,0,0,0,0,1,182.285,0.05326,0.15,125,31.3894,2.07543,0.444
1174,143,50,50,0,0,0,0,1,188.072,0.05313,0.15,125,31.3894,2.24938,0.444
1175,170,50,50,0,0,0,0,1,191.135,0.053,0.15,125,31.3894,2.39398,0.444
1176,400,30,30,0,0,0,0,1,103.325,0.05287,0.15,125,31.3894,2.57701,0.444
1177,221,50,50,0,0,0,0,1,192.935,0.05273,0.15,125,31.3894,2.69783,0.444
1178,176,50,50,0,0,0,0,1,191.652,0.0526,0.15,125,31.3894,2.37797,0.444
1179,164,50,50,0,0,0,0,1,195.536,0.05247,0.15,125,31.3894,2.53441,0.444
1180,118,50,50,0,0,0,0,1,183.292,0.05234,0.15,125,31.3894,2.59746,0.444
1181,141,50,50,0,0,0,0,1,187.515,0.05221,0.15,125,31.3894,2.82247,0.444
1182,134,50,50,0,0,0,0,1,185.362,0.05208,0.15,125,31.3894,2.61011,0.444
1183,143,50,50,0,0,0,0,1,185.145,0.05195,0.15,125,31.3894,2.45299,0.444
1184,156,50,50,0,0,0,0,1,189.058,0.05182,0.15,125,31.3894,2.49199,0.444
1185,164,50,50,0,0,0,0,1,192.113,0.05169,0.15,125,31.3894,2.1602,0.444
1186,167,50,50,0,0,0,0,1,182.342,0.05156,0.15,125,31.3894,2.72971,0.444
1187,152,50,50,0,0,0,0,1,186.309,0.05143,0.15,125,31.3894,2.46278,0.444
1188,132,50,50,0,0,0,0,1,176.653,0.0513,0.15,125,31.3894,2.68373,0.444
1189,126,50,50,0,0,0,0,1,188.438,0.05118,0.15,125,31.3894,2.44666,0.444
1190,139,50,50,0,0,0,0,1,185.77,0.05105,0.15,125,31.3894,2.67499,0.444
1191,170,50,50,0,0,0,0,1,187.608,0.05092,0.15,125,31.3894,2.55849,0.444
1192,127,50,50,0,0,0,0,1,183.409,0.05079,0.15,125,31.3894,2.36299,0.444
1193,110,50,50,0,0,0,0,1,179.854,0.05067,0.15,125,31.3894,2.48508,0.444
1194,128,50,50,0,0,0,0,1,186.928,0.05054,0.15,125,31.3894,2.20896,0.444
1195,134,50,50,0,0,0,0,1,181.895,0.05041,0.15,125,31.3894,2.15097,0.444
1196,131,50,50,0,0,0,0,1,184.604,0.05029,0.15,125,31.3894,2.27148,0.444
1197,172,50,50,0,0,0,0,1,195.55,0.05016,0.15,125,31.3894,2.29263,0.444
1198,152,50,50,0,0,0,0,1,189.806,0.05004,0.15,125,31.3894,2.4262,0.444
1199,158,50,50,0,0,0,0,1,198.69,0.05,0.15,125,31.3894,2.26566,0.444
1200,135,50,50,0,0,0,0,1,187.224,0.05,0.15,125,31.3894,2.10016,0.444
1201,129,50,50,0,0,0,0,1,183.835,0.05,0.15,125,31.3894,2.44397,0.444
1202,151,50,50,0,0,0,0,1,186.676,0.05,0.15,125,31.3894,2.55079,0.444
1203,158,50,50,0,0,0,0,1,199.561,0.05,0.15,125,31.3894,2.00075,0.444
1204,150,50,50,0,0,0,0,1,186.992,0.05,0.15,125,31.3894,2.65461,0.444
1205,133,50,50,0,0,0,0,1,188.231,0.05,0.15,125,31.3894,2.34186,0.444
1206,127,50,50,0,0,0,0,1,185.75,0.05,0.15,125,31.3894,2.45649,0.444
1207,133,50,50,0,0,0,0,1,191.944,0.05,0.15,125,31.3894,2.11375,0.444
1208,132,50,50,0,0,0,0,1,185.098,0.05,0.15,125,31.3894,2.35418,0.444
1209,120,50,50,0,0,0,0,1,183.08,0.05,0.15,125,31.3894,2.1048,0.444
1210,151,50,50,0,0,0,0,1,190.396,0.05,0.15,125,31.3894,2.30937,0.444
1211,162,50,50,0,0,0,0,1,194.445,0.05,0.15,125,31.3894,2.31625,0.444
1212,144,50,50,0,0,0,0,1,187.774,0.05,0.15,125,31.3894,2.35557,0.444
1213,203,50,50,0,0,0,0,1,181.943,0.05,0.15,125,31.3894,2.62938,0.444
1214,148,50,50,0,0,0,0,1,190.094,0.05,0.15,125,31.3894,2.37759,0.444
1215,158,50,50,0,0,0,0,1,193.784,0.05,0.15,125,31.3894,2.07185,0.444
1216,159,50,50,0,0,0,0,1,191.714,0.05,0.15,125,31.3894,2.33417,0.444
1217,154,50,50,0,0,0,0,1,188.901,0.05,0.15,125,31.3894,2.39285,0.444
1218,151,50,50,0,0,0,0,1,187.662,0.05,0.15,125,31.3894,2.52196,0.444
1219,142,50,50,0,0,0,0,1,189.207,0.05,0.15,125,31.3894,2.09181,0.444
1220,140,50,50,0,0,0,0,1,185.742,0.05,0.15,125,31.3894,2.21935,0.444
1221,139,50,50,0,0,0,0,1,184.546,0.05,0.15,125,31.3894,2.78282,0.444
1222,150,50,50,0,0,0,0,1,192.423,0.05,0.15,125,31.3894,2.13096,0.444
1223,196,50,50,0,0,0,0,1,195.276,0.05,0.15,125,31.3894,2.12174,0.444
1224,229,50,50,0,0,0,0,1,188.212,0.05,0.15,125,31.3894,2.47844,0.444
1225,144,50,50,0,0,0,0,1,192.639,0.05,0.15,125,31.3894,1.98117,0.444
1226,136,50,50,0,0,0,0,1,182.831,0.05,0.15,125,31.3894,2.3567,0.444
1227,148,50,50,0,0,0,0,1,193.362,0.05,0.15,125,31.3894,1.99435,0.444
1228,166,50,50,0,0,0,0,1,190.518,0.05,0.15,125,31.3894,2.28587,0.444
1229,223,50,50,0,0,0,0,1,193.375,0.05,0.15,125,31.3894,2.22443,0.444
1230,154,50,50,0,0,0,0,1,191.795,0.05,0.15,125,31.3894,2.10275,0.444
1231,157,50,50,0,0,0,0,1,184.644,0.05,0.15,125,31.3894,2.00135,0.444
1232,143,50,50,0,0,0,0,1,183.832,0.05,0.15,125,31.3894,2.35484,0.444
1233,147,50,50,0,0,0,0,1,189.786,0.05,0.15,125,31.3894,1.98063,0.444
1234,141,50,50,0,0,0,0,1,184.638,0.05,0.15,125,31.3894,2.33326,0.444
1235,150,50,50,0,0,0,0,1,188.772,0.05,0.15,125,31.3894,2.01193,0.444
1236,145,50,50,0,0,0,0,1,192.277,0.05,0.15,125,31.3894,2.18357,0.444
1237,316,50,50,0,0,0,0,1,199.49,0.05,0.15,125,31.3894,2.46755,0.444
1238,400,42,42,0,0,0,0,1,149.961,0.05,0.15,125,31.3894,3.22594,0.444
1239,161,50,50,0,0,0,0,1,192.332,0.05,0.15,125,31.3894,2.93074,0.444
1240,149,50,50,0,0,0,0,1,188.38,0.05,0.15,125,31.3894,2.83671,0.444
1241,148,50,50,0,0,0,0,1,186.366,0.05,0.15,125,31.3894,2.65729,0.444
1242,175,50,50,0,0,0,0,1,196.342,0.05,0.15,125,31.3894,2.43871,0.444
1243,143,50,50,0,0,0,0,1,181.945,0.05,0.15,125,31.3894,2.80491,0.444
1244,128,50,50,0,0,0,0,1,184.578,0.05,0.15,125,31.3894,2.70205,0.444
1245,144,50,50,0,0,0,0,1,193.264,0.05,0.15,125,31.3894,2.58905,0.444
1246,144,50,50,0,0,0,0,1,189.25,0.05,0.15,125,31.3894,2.3498,0.444
1247,126,50,50,0,0,0,0,1,182.955,0.05,0.15,125,31.3894,2.63206,0.444
1248,190,50,50,0,0,0,0,1,196.675,0.05,0.15,125,31.3894,2.54738,0.444
1249,175,50,50,0,0,0,0,1,191.846,0.05,0.15,125,31.3894,2.32546,0.444
1250,169,50,50,0,0,0,0,1,192.07,0.05,0.15,125,31.3894,2.37741,0.444
1251,145,50,50,0,0,0,0,1,189.979,0.05,0.15,125,31.3894,2.66494,0.444
1252,147,50,50,0,0,0,0,1,190.965,0.05,0.15,125,31.3894,2.18815,0.444
1253,147,50,50,0,0,0,0,1,190.657,0.05,0.15,125,31.3894,2.25939,0.444
1254,156,50,50,0,0,0,0,1,197.355,0.05,0.15,125,31.3894,2.13725,0.444
1255,128,50,50,0,0,0,0,1,185.396,0.05,0.15,125,31.3894,2.16382,0.444
1256,125,50,50,0,0,0,0,1,186.248,0.05,0.15,125,31.3894,2.6698,0.444
1257,161,50,50,0,0,0,0,1,196.016,0.05,0.15,125,31.3894,2.22083,0.444
1258,153,50,50,0,0,0,0,1,191.906,0.05,0.15,125,31.3894,2.03482,0.444
1259,141,50,50,0,0,0,0,1,187.251,0.05,0.15,125,31.3894,2.40704,0.444
1260,201,50,50,0,0,0,0,1,194.577,0.05,0.15,125,31.3894,2.4373,0.444
1261,164,50,50,0,0,0,0,1,184.326,0.05,0.15,125,31.3894,2.69822,0.444
1262,158,50,50,0,0,0,0,1,195.132,0.05,0.15,125,31.3894,2.07327,0.444
1263,165,50,50,0,0,0,0,1,193.465,0.05,0.15,125,31.3894,2.33771,0.444
1264,149,50,50,0,0,0,0,1,183.195,0.05,0.15,125,31.3894,2.47202,0.444
1265,142,50,50,0,0,0,0,1,190.943,0.05,0.15,125,31.3894,2.24686,0.444
1266,134,50,50,0,0,0,0,1,186.019,0.05,0.15,125,31.3894,2.17331,0.444
1267,133,50,50,0,0,0,0,1,189.86,0.05,0.15,125,31.3894,2.17189,0.444
1268,193,50,50,0,0,0,0,1,187.481,0.05,0.15,125,31.3894,2.73088,0.444
1269,160,50,50,0,0,0,0,1,186.764,0.05,0.15,125,31.3894,2.53784,0.444
1270,194,50,50,0,0,0,0,1,197.244,0.05,0.15,125,31.3894,2.33114,0.444
1271,277,50,50,0,0,0,0,1,189.711,0.05,0.15,125,31.3894,2.45948,0.444
1272,172,50,50,0,0,0,0,1,190.388,0.05,0.15,125,31.3894,2.40574,0.444
1273,124,50,50,0,0,0,0,1,180.754,0.05,0.15,125,31.3894,2.55896,0.444
1274,148,50,50,0,0,0,0,1,186.936,0.05,0.15,125,31.3894,2.5144,0.444
1275,151,50,50,0,0,0,0,1,189.078,0.05,0.15,125,31.3894,2.30275,0.444
1276,136,50,50,0,0,0,0,1,188.703,0.05,0.15,125,31.3894,2.36047,0.444
1277,133,50,50,0,0,0,0,1,187.753,0.05,0.15,125,31.3894,2.41664,0.444
1278,182,50,50,0,0,0,0,1,189.421,0.05,0.15,125,31.3894,2.27495,0.444
1279,139,50,50,0,0,0,0,1,182.146,0.05,0.15,125,31.3894,2.4699,0.444
1280,140,50,50,0,0,0,0,1,191.208,0.05,0.15,125,31.3894,2.06175,0.444
1281,135,50,50,0,0,0,0,1,188.613,0.05,0.15,125,31.3894,2.24618,0.444
1282,142,50,50,0,0,0,0,1,194.504,0.05,0.15,125,31.3894,2.06467,0.444
1283,162,50,50,0,0,0,0,1,191.981,0.05,0.15,125,31.3894,2.59402,0.444
1284,149,50,50,0,0,0,0,1,185.298,0.05,0.15,125,31.3894,2.6023,0.444
1285,174,50,50,0,0,0,0,1,194.448,0.05,0.15,125,31.3894,2.26853,0.444
1286,157,50,50,0,0,0,0,1,195.162,0.05,0.15,125,31.3894,2.08291,0.444
1287,127,50,50,0,0,0,0,1,184.14,0.05,0.15,125,31.3894,2.43304,0.444
1288,133,50,50,0,0,0,0,1,189.118,0.05,0.15,125,31.3894,2.20655,0.444
1289,148,50,50,0,0,0,0,1,187.006,0.05,0.15,125,31.3894,2.3601,0.444
1290,148,50,50,0,0,0,0,1,194.635,0.05,0.15,125,31.3894,2.02927,0.444
1291,143,50,50,0,0,0,0,1,188.651,0.05,0.15,125,31.3894,1.9525,0.444
1292,142,50,50,0,0,0,0,1,185.528,0.05,0.15,125,31.3894,2.37344,0.444
1293,169,50,50,0,0,0,0,1,190.014,0.05,0.15,125,31.3894,2.07136,0.444
1294,165,50,50,0,0,0,0,1,183.585,0.05,0.15,125,31.3894,2.32549,0.444
1295,183,50,50,0,0,0,0,1,190.266,0.05,0.15,125,31.3894,2.56589,0.444
1296,160,50,50,0,0,0,0,1,183.168,0.05,0.15,125,31.3894,2.44582,0.444
1297,154,50,50,0,0,0,0,1,191.514,0.05,0.15,125,31.3894,2.13114,0.444
1298,154,50,50,0,0,0,0,1,197.284,0.05,0.15,125,31.3894,1.98186,0.444
1299,199,50,50,0,0,0,0,1,186.888,0.05,0.15,125,31.3894,2.48217,0.444
1300,138,50,50,0,0,0,0,1,188.529,0.05,0.15,125,31.3894,2.55198,0.444
1301,127,50,50,0,0,0,0,1,184.307,0.05,0.15,125,31.3894,2.32054,0.444
1302,168,50,50,0,0,0,0,1,196.523,0.05,0.15,125,31.3894,2.19384,0.444
1303,152,50,50,0,0,0,0,1,194.004,0.05,0.15,125,31.3894,1.91727,0.444
1304,129,50,50,0,0,0,0,1,183.518,0.05,0.15,125,31.3894,2.35398,0.444
1305,121,50,50,0,0,0,0,1,182.54,0.05,0.15,125,31.3894,2.49925,0.444
1306,147,50,50,0,0,0,0,1,188.165,0.05,0.15,125,31.3894,2.16,0.444
1307,138,50,50,0,0,0,0,1,190.79,0.05,0.15,125,31.3894,2.00946,0.444
1308,137,50,50,0,0,0,0,1,182.921,0.05,0.15,125,31.3894,2.42496,0.444
1309,135,50,50,0,0,0,0,1,187.681,0.05,0.15,125,31.3894,2.33588,0.444
1310,180,50,50,0,0,0,0,1,189.667,0.05,0.15,125,31.3894,2.278,0.444
1311,152,50,50,0,0,0,0,1,180.571,0.05,0.15,125,31.3894,2.54571,0.444
1312,136,50,50,0,0,0,0,1,183.316,0.05,0.15,125,31.3894,2.02691,0.444
1313,141,50,50,0,0,0,0,1,191.492,0.05,0.15,125,31.3894,2.00386,0.444
1314,165,50,50,0,0,0,0,1,186.574,0.05,0.15,125,31.3894,2.40919,0.444
1315,179,50,50,0,0,0,0,1,186.553,0.05,0.15,125,31.3894,2.23278,0.444
1316,154,50,50,0,0,0,0,1,189.716,0.05,0.15,125,31.3894,2.23539,0.444
1317,173,50,50,0,0,0,0,1,188.6,0.05,0.15,125,31.3894,2.34024,0.444
1318,151,50,50,0,0,0,0,1,186.317,0.05,0.15,125,31.3894,2.12063,0.444
1319,124,50,50,0,0,0,0,1,181.058,0.05,0.15,125,31.3894,2.51226,0.444
1320,114,50,50,0,0,0,0,1,181.53,0.05,0.15,125,31.3894,2.58993,0.444
1321,139,50,50,0,0,0,0,1,191.638,0.05,0.15,125,31.3894,2.00837,0.444
1322,187,50,50,0,0,0,0,1,193.887,0.05,0.15,125,31.3894,2.47192,0.444
1323,152,50,50,0,0,0,0,1,186.713,0.05,0.15,125,31.3894,2.20964,0.444
1324,156,50,50,0,0,0,0,1,183.244,0.05,0.15,125,31.3894,2.16541,0.444
1325,149,50,50,0,0,0,0,1,187.882,0.05,0.15,125,31.3894,2.34753,0.444
1326,193,50,50,0,0,0,0,1,195.565,0.05,0.15,125,31.3894,2.28772,0.444
1327,164,50,50,0,0,0,0,1,195.458,0.05,0.15,125,31.3894,2.30722,0.444
1328,187,50,50,0,0,0,0,1,187.77,0.05,0.15,125,31.3894,2.38087,0.444
1329,117,50,50,0,0,0,0,1,180.79,0.05,0.15,125,31.3894,2.51803,0.444
1330,140,50,50,0,0,0,0,1,186.598,0.05,0.15,125,31.3894,2.36085,0.444
1331,146,50,50,0,0,0,0,1,194.712,0.05,0.15,125,31.3894,1.85381,0.444
1332,192,50,50,0,0,0,0,1,190.51,0.05,0.15,125,31.3894,2.4492,0.444
1333,247,50,50,0,0,0,0,1,186.868,0.05,0.15,125,31.3894,2.45562,0.444
1334,160,50,50,0,0,0,0,1,191.551,0.05,0.15,125,31.3894,2.23141,0.444
1335,180,50,50,0,0,0,0,1,197.686,0.05,0.15,125,31.3894,1.98522,0.444
1336,157,50,50,0,0,0,0,1,186.951,0.05,0.15,125,31.3894,2.45473,0.444
1337,130,50,50,0,0,0,0,1,188.462,0.05,0.15,125,31.3894,2.15848,0.444
1338,154,50,50,0,0,0,0,1,190.24,0.05,0.15,125,31.3894,2.42093,0.444
1339,146,50,50,0,0,0,0,1,186.932,0.05,0.15,125,31.3894,2.45886,0.444
1340,161,50,50,0,0,0,0,1,188.956,0.05,0.15,125,31.3894,2.25801,0.444
1341,126,50,50,0,0,0,0,1,184.427,0.05,0.15,125,31.3894,2.44293,0.444
1342,152,50,50,0,0,0,0,1,186.706,0.05,0.15,125,31.3894,2.40383,0.444
1343,129,50,50,0,0,0,0,1,183.97,0.05,0.15,125,31.3894,2.30311,0.444
1344,136,50,50,0,0,0,0,1,186.319,0.05,0.15,125,31.3894,2.51354,0.444
1345,166,50,50,0,0,0,0,1,193.392,0.05,0.15,125,31.3894,2.17909,0.444
1346,178,50,50,0,0,0,0,1,185.295,0.05,0.15,125,31.3894,2.48112,0.444
1347,121,50,50,0,0,0,0,1,184.87,0.05,0.15,125,31.3894,2.56744,0.444
1348,156,50,50,0,0,0,0,1,197.853,0.05,0.15,125,31.3894,1.99256,0.444
1349,203,50,50,0,0,0,0,1,181.849,0.05,0.15,125,31.3894,2.49122,0.444
1350,131,50,50,0,0,0,0,1,183.282,0.05,0.15,125,31.3894,2.38638,0.444
1351,148,50,50,0,0,0,0,1,191.405,0.05,0.15,125,31.3894,2.13583,0.444
1352,161,50,50,0,0,0,0,1,191.367,0.05,0.15,125,31.3894,2.36211,0.444
1353,145,50,50,0,0,0,0,1,186.264,0.05,0.15,125,31.3894,2.60493,0.444
1354,152,50,50,0,0,0,0,1,188.969,0.05,0.15,125,31.3894,2.48406,0.444
1355,172,50,50,0,0,0,0,1,199.665,0.05,0.15,125,31.3894,2.11714,0.444
1356,151,50,50,0,0,0,0,1,193.807,0.05,0.15,125,31.3894,2.11971,0.444
1357,165,50,50,0,0,0,0,1,189.352,0.05,0.15,125,31.3894,2.43484,0.444
1358,200,50,50,0,0,0,0,1,194.574,0.05,0.15,125,31.3894,2.20773,0.444
1359,174,50,50,0,0,0,0,1,190.446,0.05,0.15,125,31.3894,2.18435,0.444
1360,127,50,50,0,0,0,0,1,184.346,0.05,0.15,125,31.3894,2.21963,0.444
1361,147,50,50,0,0,0,0,1,193.214,0.05,0.15,125,31.3894,2.27543,0.444
1362,146,50,50,0,0,0,0,1,191.97,0.05,0.15,125,31.3894,2.21473,0.444
1363,130,50,50,0,0,0,0,1,183.306,0.05,0.15,125,31.3894,2.36325,0.444
1364,152,50,50,0,0,0,0,1,187.958,0.05,0.15,125,31.3894,2.28647,0.444
1365,172,50,50,0,0,0,0,1,194.604,0.05,0.15,125,31.3894,2.55703,0.444
1366,139,50,50,0,0,0,0,1,186.057,0.05,0.15,125,31.3894,2.67506,0.444
1367,141,50,50,0,0,0,0,1,188.626,0.05,0.15,125,31.3894,2.26765,0.444
1368,200,50,50,0,0,0,0,1,189.667,0.05,0.15,125,31.3894,2.45858,0.444
1369,190,50,50,0,0,0,0,1,188.08,0.05,0.15,125,31.3894,2.25369,0.444
1370,142,50,50,0,0,0,0,1,189.791,0.05,0.15,125,31.3894,2.27241,0.444
1371,214,50,50,0,0,0,0,1,197.111,0.05,0.15,125,31.3894,2.52361,0.444
1372,400,37,37,0,0,0,0,1,121.438,0.05,0.15,125,31.3894,2.84177,0.444
1373,169,50,50,0,0,0,0,1,184.148,0.05,0.15,125,31.3894,2.50852,0.444
1374,208,50,50,0,0,0,0,1,184.186,0.05,0.15,125,31.3894,2.24154,0.444
1375,180,50,50,0,0,0,0,1,196.836,0.05,0.15,125,31.3894,2.21841,0.444
1376,184,50,50,0,0,0,0,1,196.929,0.05,0.15,125,31.3894,2.10245,0.444
1377,167,50,50,0,0,0,0,1,195.75,0.05,0.15,125,31.3894,2.31106,0.444
1378,123,37,37,0,0,1,0,0,98.75,0.05,0.15,125,31.3894,2.81759,0.444
1379,156,50,50,0,0,0,0,1,190.611,0.05,0.15,125,31.3894,2.54853,0.444
1380,161,50,50,0,0,0,0,1,183.196,0.05,0.15,125,31.3894,2.71885,0.444
1381,142,50,50,0,0,0,0,1,183.114,0.05,0.15,125,31.3894,2.76567,0.444
1382,127,50,50,0,0,0,0,1,185.654,0.05,0.15,125,31.3894,2.46551,0.444
1383,136,50,50,0,0,0,0,1,184.998,0.05,0.15,125,31.3894,2.6216,0.444
1384,134,50,50,0,0,0,0,1,187.993,0.05,0.15,125,31.3894,2.31387,0.444
1385,188,50,50,0,0,0,0,1,198.492,0.05,0.15,125,31.3894,2.33809,0.444
1386,147,50,50,0,0,0,0,1,184.138,0.05,0.15,125,31.3894,2.71035,0.444
1387,141,50,50,0,0,0,0,1,187.214,0.05,0.15,125,31.3894,2.4302,0.444
1388,162,50,50,0,0,0,0,1,189.888,0.05,0.15,125,31.3894,2.40578,0.444
1389,183,50,50,0,0,0,0,1,203.588,0.05,0.15,125,31.3894,2.00946,0.444
1390,291,50,50,0,0,0,0,1,187.636,0.05,0.15,125,31.3894,2.56558,0.444
1391,129,50,50,0,0,0,0,1,187.616,0.05,0.15,125,31.3894,2.58089,0.444
1392,141,50,50,0,0,0,0,1,187.846,0.05,0.15,125,31.3894,2.47886,0.444
1393,150,50,50,0,0,0,0,1,189.403,0.05,0.15,125,31.3894,2.4037,0.444
1394,155,50,50,0,0,0,0,1,193.801,0.05,0.15,125,31.3894,2.16525,0.444
1395,123,50,50,0,0,0,0,1,186.09,0.05,0.15,125,31.3894,1.9727,0.444
1396,149,50,50,0,0,0,0,1,185.193,0.05,0.15,125,31.3894,2.71197,0.444
1397,141,50,50,0,0,0,0,1,190.503,0.05,0.15,125,31.3894,2.34808,0.444
1398,149,50,50,0,0,0,0,1,188.635,0.05,0.15,125,31.3894,2.57622,0.444
1399,161,50,50,0,0,0,0,1,195.52,0.05,0.15,125,31.3894,2.31654,0.444
1400,163,50,50,0,0,0,0,1,198.762,0.05,0.15,125,31.3894,2.20539,0.444
1401,295,50,50,0,0,0,0,1,187.468,0.05,0.15,125,31.3894,2.50125,0.444
1402,123,50,50,0,0,0,0,1,182.774,0.05,0.15,125,31.3894,2.37028,0.444
1403,142,50,50,0,0,0,0,1,183.177,0.05,0.15,125,31.3894,2.69344,0.444
1404,127,50,50,0,0,0,0,1,187.756,0.05,0.15,125,31.3894,2.35494,0.444
1405,130,50,50,0,0,0,0,1,185.786,0.05,0.15,125,31.3894,2.4581,0.444
1406,140,50,50,0,0,0,0,1,189.182,0.05,0.15,125,31.3894,2.33628,0.444
1407,157,50,50,0,0,0,0,1,192.808,0.05,0.15,125,31.3894,2.47165,0.444
1408,125,50,50,0,0,0,0,1,180.29,0.05,0.15,125,31.3894,2.45265,0.444
1409,145,50,50,0,0,0,0,1,187.002,0.05,0.15,125,31.3894,2.22232,0.444
1410,160,50,50,0,0,0,0,1,186.428,0.05,0.15,125,31.3894,2.49011,0.444
1411,141,50,50,0,0,0,0,1,185.345,0.05,0.15,125,31.3894,2.03902,0.444
1412,155,50,50,0,0,0,0,1,195.814,0.05,0.15,125,31.3894,2.14305,0.444
1413,151,50,50,0,0,0,0,1,183.185,0.05,0.15,125,31.3894,2.43467,0.444
1414,151,50,50,0,0,0,0,1,190.074,0.05,0.15,125,31.3894,2.39898,0.444
1415,156,50,50,0,0,0,0,1,189.708,0.05,0.15,125,31.3894,2.19323,0.444
1416,150,50,50,0,0,0,0,1,188.747,0.05,0.15,125,31.3894,2.2454,0.444
1417,129,50,50,0,0,0,0,1,185.72,0.05,0.15,125,31.3894,2.29124,0.444
1418,140,50,50,0,0,0,0,1,186.336,0.05,0.15,125,31.3894,2.39028,0.444
1419,147,50,50,0,0,0,0,1,184.925,0.05,0.15,125,31.3894,2.25998,0.444
1420,155,50,50,0,0,0,0,1,190.288,0.05,0.15,125,31.3894,2.06186,0.444
1421,170,50,50,0,0,0,0,1,191.226,0.05,0.15,125,31.3894,2.42623,0.444
1422,213,50,50,0,0,0,0,1,194.168,0.05,0.15,125,31.3894,2.29791,0.444
1423,139,50,50,0,0,0,0,1,189.028,0.05,0.15,125,31.3894,2.62912,0.444
1424,146,50,50,0,0,0,0,1,191.468,0.05,0.15,125,31.3894,2.15487,0.444
1425,144,50,50,0,0,0,0,1,179.508,0.05,0.15,125,31.3894,2.44016,0.444
1426,132,50,50,0,0,0,0,1,184.708,0.05,0.15,125,31.3894,2.37666,0.444
1427,138,50,50,0,0,0,0,1,189.856,0.05,0.15,125,31.3894,1.94847,0.444
1428,136,50,50,0,0,0,0,1,183.561,0.05,0.15,125,31.3894,2.55622,0.444
1429,119,50,50,0,0,0,0,1,182.546,0.05,0.15,125,31.3894,2.04927,0.444
1430,139,50,50,0,0,0,0,1,186.619,0.05,0.15,125,31.3894,2.29883,0.444
1431,155,50,50,0,0,0,0,1,186.662,0.05,0.15,125,31.3894,2.40679,0.444
1432,157,50,50,0,0,0,0,1,184.188,0.05,0.15,125,31.3894,2.37806,0.444
1433,157,50,50,0,0,0,0,1,187.902,0.05,0.15,125,31.3894,2.31024,0.444
1434,153,50,50,0,0,0,0,1,188.168,0.05,0.15,125,31.3894,2.36885,0.444
1435,168,50,50,0,0,0,0,1,186.761,0.05,0.15,125,31.3894,2.49215,0.444
1436,133,50,50,0,0,0,0,1,186.856,0.05,0.15,125,31.3894,2.26708,0.444
1437,149,50,50,0,0,0,0,1,190.152,0.05,0.15,125,31.3894,2.22151,0.444
1438,164,50,50,0,0,0,0,1,190.311,0.05,0.15,125,31.3894,2.01405,0.444
1439,157,50,50,0,0,0,0,1,195.074,0.05,0.15,125,31.3894,2.27719,0.444
1440,205,50,50,0,0,0,0,1,188.404,0.05,0.15,125,31.3894,2.40213,0.444
1441,144,50,50,0,0,0,0,1,194.367,0.05,0.15,125,31.3894,2.12245,0.444
1442,154,50,50,0,0,0,0,1,192.107,0.05,0.15,125,31.3894,2.41125,0.444
1443,172,50,50,0,0,0,0,1,189.67,0.05,0.15,125,31.3894,2.52853,0.444
1444,202,50,50,0,0,0,0,1,191.016,0.05,0.15,125,31.3894,2.3688,0.444
1445,169,50,50,0,0,0,0,1,195.047,0.05,0.15,125,31.3894,2.26574,0.444
1446,200,50,50,0,0,0,0,1,178.497,0.05,0.15,125,31.3894,2.45646,0.444
1447,149,50,50,0,0,0,0,1,190.162,0.05,0.15,125,31.3894,2.35398,0.444
1448,139,50,50,0,0,0,0,1,188.799,0.05,0.15,125,31.3894,2.44969,0.444
1449,151,50,50,0,0,0,0,1,190.737,0.05,0.15,125,31.3894,2.09646,0.444
1450,210,50,50,0,0,0,0,1,189.61,0.05,0.15,125,31.3894,2.22565,0.444
1451,168,50,50,0,0,0,0,1,190.115,0.05,0.15,125,31.3894,1.98706,0.444
1452,151,50,50,0,0,0,0,1,183.044,0.05,0.15,125,31.3894,2.24417,0.444
1453,146,50,50,0,0,0,0,1,190.117,0.05,0.15,125,31.3894,2.31177,0.444
1454,147,50,50,0,0,0,0,1,191.852,0.05,0.15,125,31.3894,2.18404,0.444
1455,146,50,50,0,0,0,0,1,187.426,0.05,0.15,125,31.3894,2.26974,0.444
1456,92,34,34,0,0,1,0,0,87.524,0.05,0.15,125,31.3894,2.99424,0.444
1457,147,50,50,0,0,0,0,1,196.19,0.05,0.15,125,31.3894,1.94983,0.444
1458,155,50,50,0,0,0,0,1,193.574,0.05,0.15,125,31.3894,2.08081,0.444
1459,139,50,50,0,0,0,0,1,182.37,0.05,0.15,125,31.3894,2.29102,0.444
1460,152,50,50,0,0,0,0,1,192.202,0.05,0.15,125,31.3894,2.19684,0.444
1461,154,50,50,0,0,0,0,1,191.284,0.05,0.15,125,31.3894,2.04569,0.444
1462,160,50,50,0,0,0,0,1,185.305,0.05,0.15,125,31.3894,2.37019,0.444
1463,138,50,50,0,0,0,0,1,185.94,0.05,0.15,125,31.3894,2.44886,0.444
1464,134,50,50,0,0,0,0,1,187.27,0.05,0.15,125,31.3894,2.50171,0.444
1465,155,50,50,0,0,0,0,1,190.438,0.05,0.15,125,31.3894,2.42015,0.444
1466,180,50,50,0,0,0,0,1,188.534,0.05,0.15,125,31.3894,2.45983,0.444
1467,140,50,50,0,0,0,0,1,188.148,0.05,0.15,125,31.3894,2.16128,0.444
1468,138,50,50,0,0,0,0,1,188.074,0.05,0.15,125,31.3894,2.199,0.444
1469,169,50,50,0,0,0,0,1,191.22,0.05,0.15,125,31.3894,2.30093,0.444
1470,162,50,50,0,0,0,0,1,180.905,0.05,0.15,125,31.3894,2.55512,0.444
1471,162,50,50,0,0,0,0,1,194.432,0.05,0.15,125,31.3894,2.16885,0.444
1472,204,50,50,0,0,0,0,1,194.737,0.05,0.15,125,31.3894,2.34135,0.444
1473,168,50,50,0,0,0,0,1,193.436,0.05,0.15,125,31.3894,2.25294,0.444
1474,207,50,50,0,0,0,0,1,187.097,0.05,0.15,125,31.3894,2.26678,0.444
1475,138,50,50,0,0,0,0,1,186.808,0.05,0.15,125,31.3894,2.18884,0.444
1476,132,50,50,0,0,0,0,1,183.685,0.05,0.15,125,31.3894,2.2379,0.444
1477,135,50,50,0,0,0,0,1,181.304,0.05,0.15,125,31.3894,2.59613,0.444
1478,162,50,50,0,0,0,0,1,187.265,0.05,0.15,125,31.3894,2.06105,0.444
1479,185,50,50,0,0,0,0,1,185.924,0.05,0.15,125,31.3894,2.42612,0.444
1480,151,50,50,0,0,0,0,1,192.858,0.05,0.15,125,31.3894,2.07502,0.444
1481,191,50,50,0,0,0,0,1,195.558,0.05,0.15,125,31.3894,2.18744,0.444
1482,154,50,50,0,0,0,0,1,189.902,0.05,0.15,125,31.3894,2.38112,0.444
1483,125,46,46,0,0,1,0,0,134.736,0.05,0.15,125,31.3894,2.49777,0.444
1484,167,50,50,0,0,0,0,1,191.698,0.05,0.15,125,31.3894,2.05952,0.444
1485,188,50,50,0,0,0,0,1,186.15,0.05,0.15,125,31.3894,2.48824,0.444
1486,146,50,50,0,0,0,0,1,187.114,0.05,0.15,125,31.3894,2.35129,0.444
1487,128,50,50,0,0,0,0,1,185.458,0.05,0.15,125,31.3894,2.09376,0.444
1488,154,50,50,0,0,0,0,1,191.103,0.05,0.15,125,31.3894,2.24587,0.444
1489,182,50,50,0,0,0,0,1,190.383,0.05,0.15,125,31.3894,2.40611,0.444
1490,209,50,50,0,0,0,0,1,193.111,0.05,0.15,125,31.3894,2.22494,0.444
1491,177,50,50,0,0,0,0,1,194.566,0.05,0.15,125,31.3894,2.23432,0.444
1492,400,34,34,0,0,0,0,1,121.679,0.05,0.15,125,31.3894,2.49904,0.444
1493,357,50,50,0,0,0,0,1,174.69,0.05,0.15,125,31.3894,2.29652,0.444
1494,238,50,50,0,0,0,0,1,190.683,0.05,0.15,125,31.3894,2.33915,0.444
1495,133,50,50,0,0,0,0,1,187.757,0.05,0.15,125,31.3894,2.4812,0.444
1496,153,50,50,0,0,0,0,1,185.461,0.05,0.15,125,31.3894,2.99913,0.444
1497,142,50,50,0,0,0,0,1,190.642,0.05,0.15,125,31.3894,2.53459,0.444
1498,144,50,50,0,0,0,0,1,189.797,0.05,0.15,125,31.3894,2.49728,0.444
1499,159,50,50,0,0,0,0,1,197.108,0.05,0.15,125,31.3894,2.7561,0.444
1500,133,50,50,0,0,0,0,1,191.028,0.05,0.15,125,31.3894,2.55059,0.444
1501,135,50,50,0,0,0,0,1,187.864,0.05,0.15,125,31.3894,2.27449,0.444
1502,138,50,50,0,0,0,0,1,189.451,0.05,0.15,125,31.3894,2.73626,0.444
1503,150,50,50,0,0,0,0,1,188.699,0.05,0.15,125,31.3894,2.39837,0.444
1504,146,50,50,0,0,0,0,1,193.274,0.05,0.15,125,31.3894,2.44316,0.444
1505,147,50,50,0,0,0,0,1,186.585,0.05,0.15,125,31.3894,2.47569,0.444
1506,150,50,50,0,0,0,0,1,194.145,0.05,0.15,125,31.3894,2.11713,0.444
1507,160,50,50,0,0,0,0,1,184.944,0.05,0.15,125,31.3894,2.67227,0.444
1508,154,50,50,0,0,0,0,1,189.815,0.05,0.15,125,31.3894,2.13224,0.444
1509,147,50,50,0,0,0,0,1,186.048,0.05,0.15,125,31.3894,2.243,0.444
1510,146,50,50,0,0,0,0,1,185.748,0.05,0.15,125,31.3894,2.20794,0.444
1511,165,50,50,0,0,0,0,1,196.995,0.05,0.15,125,31.3894,2.3865,0.444
1512,174,50,50,0,0,0,0,1,193.108,0.05,0.15,125,31.3894,2.39445,0.444
1513,151,50,50,0,0,0,0,1,195.51,0.05,0.15,125,31.3894,2.09547,0.444
1514,143,50,50,0,0,0,0,1,184.538,0.05,0.15,125,31.3894,2.95204,0.444
1515,128,50,50,0,0,0,0,1,186.326,0.05,0.15,125,31.3894,2.51403,0.444
1516,137,50,50,0,0,0,0,1,189.989,0.05,0.15,125,31.3894,2.31419,0.444
1517,137,50,50,0,0,0,0,1,186.328,0.05,0.15,125,31.3894,2.48199,0.444
1518,123,50,50,0,0,0,0,1,180.209,0.05,0.15,125,31.3894,2.4534,0.444
1519,154,50,50,0,0,0,0,1,190.476,0.05,0.15,125,31.3894,2.54922,0.444
1520,164,50,50,0,0,0,0,1,193.753,0.05,0.15,125,31.3894,2.29925,0.444
1521,163,50,50,0,0,0,0,1,187.876,0.05,0.15,125,31.3894,2.41157,0.444
1522,174,50,50,0,0,0,0,1,193.144,0.05,0.15,125,31.3894,2.36465,0.444
1523,171,50,50,0,0,0,0,1,193.151,0.05,0.15,125,31.3894,2.3973,0.444
1524,130,50,50,0,0,0,0,1,184.763,0.05,0.15,125,31.3894,2.45778,0.444
1525,153,50,50,0,0,0,0,1,191.188,0.05,0.15,125,31.3894,2.18296,0.444
1526,138,50,50,0,0,0,0,1,183.671,0.05,0.15,125,31.3894,2.77307,0.444
1527,117,50,50,0,0,0,0,1,182.314,0.05,0.15,125,31.3894,1.99419,0.444
1528,162,50,50,0,0,0,0,1,200.862,0.05,0.15,125,31.3894,2.13434,0.444
1529,157,50,50,0,0,0,0,1,187.634,0.05,0.15,125,31.3894,2.46077,0.444
1530,116,50,50,0,0,0,0,1,182.42,0.05,0.15,125,31.3894,2.58633,0.444
1531,164,50,50,0,0,0,0,1,193.754,0.05,0.15,125,31.3894,2.11898,0.444
1532,202,50,50,0,0,0,0,1,185.876,0.05,0.15,125,31.3894,2.51644,0.444
1533,128,50,50,0,0,0,0,1,185.69,0.05,0.15,125,31.3894,2.43457,0.444
1534,117,50,50,0,0,0,0,1,183.142,0.05,0.15,125,31.3894,2.69199,0.444
1535,151,50,50,0,0,0,0,1,192.934,0.05,0.15,125,31.3894,2.19534,0.444
1536,91,25,25,0,0,1,0,0,58.653,0.05,0.15,125,31.3894,3.04228,0.444
1537,145,50,50,0,0,0,0,1,188.811,0.05,0.15,125,31.3894,2.36875,0.444
1538,127,50,50,0,0,0,0,1,183.44,0.05,0.15,125,31.3894,2.99632,0.444
1539,265,50,50,0,0,0,0,1,194.024,0.05,0.15,125,31.3894,2.69717,0.444
1540,153,50,50,0,0,0,0,1,188.465,0.05,0.15,125,31.3894,2.29658,0.444
1541,149,50,50,0,0,0,0,1,188.44,0.05,0.15,125,31.3894,2.36983,0.444
1542,146,50,50,0,0,0,0,1,186.948,0.05,0.15,125,31.3894,2.16108,0.444
1543,156,50,50,0,0,0,0,1,189.382,0.05,0.15,125,31.3894,1.98932,0.444
1544,154,50,50,0,0,0,0,1,187.434,0.05,0.15,125,31.3894,2.27192,0.444
1545,143,50,50,0,0,0,0,1,190.905,0.05,0.15,125,31.3894,2.1504,0.444
1546,161,50,50,0,0,0,0,1,193.811,0.05,0.15,125,31.3894,2.34029,0.444
1547,208,50,50,0,0,0,0,1,186.212,0.05,0.15,125,31.3894,2.30172,0.444
1548,137,50,50,0,0,0,0,1,186.029,0.05,0.15,125,31.3894,2.46629,0.444
1549,129,50,50,0,0,0,0,1,188.172,0.05,0.15,125,31.3894,2.30284,0.444
1550,137,50,50,0,0,0,0,1,186.704,0.05,0.15,125,31.3894,2.21288,0.444
1551,130,50,50,0,0,0,0,1,185.413,0.05,0.15,125,31.3894,2.47633,0.444
1552,127,50,50,0,0,0,0,1,185.677,0.05,0.15,125,31.3894,2.49173,0.444
1553,118,50,50,0,0,0,0,1,180.856,0.05,0.15,125,31.3894,2.78306,0.444
1554,144,50,50,0,0,0,0,1,186.977,0.05,0.15,125,31.3894,2.65876,0.444
1555,156,50,50,0,0,0,0,1,197.912,0.05,0.15,125,31.3894,2.3089,0.444
1556,175,50,50,0,0,0,0,1,187.108,0.05,0.15,125,31.3894,2.50847,0.444
1557,169,50,50,0,0,0,0,1,194.719,0.05,0.15,125,31.3894,2.31593,0.444
1558,174,50,50,0,0,0,0,1,193.343,0.05,0.15,125,31.3894,2.24458,0.444
1559,388,50,50,0,0,0,0,1,184.268,0.05,0.15,125,31.3894,2.90198,0.444
1560,197,50,50,0,0,0,0,1,188.175,0.05,0.15,125,31.3894,2.29538,0.444
1561,153,50,50,0,0,0,0,1,190.4,0.05,0.15,125,31.3894,2.52676,0.444
1562,150,50,50,0,0,0,0,1,194.293,0.05,0.15,125,31.3894,1.97608,0.444
1563,150,50,50,0,0,0,0,1,192.888,0.05,0.15,125,31.3894,2.71446,0.444
1564,186,50,50,0,0,0,0,1,185.208,0.05,0.15,125,31.3894,3.00004,0.444
1565,149,50,50,0,0,0,0,1,192.286,0.05,0.15,125,31.3894,2.12965,0.444
1566,130,50,50,0,0,0,0,1,187.172,0.05,0.15,125,31.3894,2.14287,0.444
1567,144,50,50,0,0,0,0,1,193.248,0.05,0.15,125,31.3894,2.02921,0.444
1568,117,50,50,0,0,0,0,1,182.599,0.05,0.15,125,31.3894,2.64917,0.444
1569,138,50,50,0,0,0,0,1,187.397,0.05,0.15,125,31.3894,2.26038,0.444
1570,140,50,50,0,0,0,0,1,191.819,0.05,0.15,125,31.3894,1.92286,0.444
1571,140,50,50,0,0,0,0,1,190.263,0.05,0.15,125,31.3894,2.19632,0.444
1572,158,50,50,0,0,0,0,1,192.221,0.05,0.15,125,31.3894,2.35015,0.444
1573,188,50,50,0,0,0,0,1,183.83,0.05,0.15,125,31.3894,2.51759,0.444
1574,144,50,50,0,0,0,0,1,185.214,0.05,0.15,125,31.3894,2.26318,0.444
1575,126,50,50,0,0,0,0,1,184.264,0.05,0.15,125,31.3894,2.45083,0.444
1576,130,50,50,0,0,0,0,1,186.878,0.05,0.15,125,31.3894,2.35359,0.444
1577,138,50,50,0,0,0,0,1,192.502,0.05,0.15,125,31.3894,2.03885,0.444
1578,138,50,50,0,0,0,0,1,193.32,0.05,0.15,125,31.3894,2.03418,0.444
1579,153,50,50,0,0,0,0,1,183.711,0.05,0.15,125,31.3894,2.70812,0.444
1580,152,50,50,0,0,0,0,1,188.282,0.05,0.15,125,31.3894,2.18354,0.444
1581,143,50,50,0,0,0,0,1,192.053,0.05,0.15,125,31.3894,2.35721,0.444
1582,156,50,50,0,0,0,0,1,183.345,0.05,0.15,125,31.3894,2.40531,0.444
1583,160,50,50,0,0,0,0,1,186.845,0.05,0.15,125,31.3894,2.17285,0.444
1584,157,50,50,0,0,0,0,1,193.742,0.05,0.15,125,31.3894,2.19492,0.444
1585,160,50,50,0,0,0,0,1,190.075,0.05,0.15,125,31.3894,2.18841,0.444
1586,154,50,50,0,0,0,0,1,190.43,0.05,0.15,125,31.3894,2.45212,0.444
1587,155,50,50,0,0,0,0,1,193.992,0.05,0.15,125,31.3894,2.06882,0.444
1588,270,50,50,0,0,0,0,1,193.37,0.05,0.15,125,31.3894,2.65693,0.444
1589,400,46,46,0,0,0,0,1,175.021,0.05,0.15,125,31.3894,2.61218,0.444
1590,290,50,50,0,0,0,0,1,177.016,0.05,0.15,125,31.3894,2.22162,0.444
1591,400,42,42,0,0,0,0,1,138.336,0.05,0.15,125,31.3894,2.08946,0.444
1592,170,50,50,0,0,0,0,1,192.166,0.05,0.15,125,31.3894,2.60818,0.444
1593,157,50,50,0,0,0,0,1,188.549,0.05,0.15,125,31.3894,2.92183,0.444
1594,148,50,50,0,0,0,0,1,186.981,0.05,0.15,125,31.3894,2.89492,0.444
1595,131,50,50,0,0,0,0,1,187.556,0.05,0.15,125,31.3894,2.15516,0.444
1596,148,50,50,0,0,0,0,1,190.661,0.05,0.15,125,31.3894,2.87846,0.444
1597,140,50,50,0,0,0,0,1,187.649,0.05,0.15,125,31.3894,2.79048,0.444
1598,140,50,50,0,0,0,0,1,185.968,0.05,0.15,125,31.3894,2.30849,0.444
1599,141,50,50,0,0,0,0,1,191.057,0.05,0.15,125,31.3894,2.32176,0.444
1600,130,50,50,0,0,0,0,1,178.62,0.05,0.15,125,31.3894,2.8815,0.444
1601,143,50,50,0,0,0,0,1,189.647,0.05,0.15,125,31.3894,2.72937,0.444
1602,131,50,50,0,0,0,0,1,183.582,0.05,0.15,125,31.3894,2.63724,0.444
1603,150,50,50,0,0,0,0,1,195.28,0.05,0.15,125,31.3894,2.14845,0.444
1604,118,50,50,0,0,0,0,1,183.036,0.05,0.15,125,31.3894,2.37196,0.444
1605,132,50,50,0,0,0,0,1,187.664,0.05,0.15,125,31.3894,2.65908,0.444
1606,166,50,50,0,0,0,0,1,194.1,0.05,0.15,125,31.3894,2.55236,0.444
1607,158,50,50,0,0,0,0,1,191.013,0.05,0.15,125,31.3894,2.44865,0.444
1608,166,50,50,0,0,0,0,1,188.277,0.05,0.15,125,31.3894,2.54497,0.444
1609,150,50,50,0,0,0,0,1,188.083,0.05,0.15,125,31.3894,2.35927,0.444
1610,160,50,50,0,0,0,0,1,193.803,0.05,0.15,125,31.3894,2.14289,0.444
1611,187,50,50,0,0,0,0,1,200.943,0.05,0.15,125,31.3894,2.19402,0.444
1612,154,50,50,0,0,0,0,1,183.731,0.05,0.15,125,31.3894,2.55497,0.444
1613,137,50,50,0,0,0,0,1,185.492,0.05,0.15,125,31.3894,2.78629,0.444
1614,149,50,50,0,0,0,0,1,185.514,0.05,0.15,125,31.3894,2.56377,0.444
1615,139,50,50,0,0,0,0,1,188.22,0.05,0.15,125,31.3894,2.25494,0.444
1616,157,50,50,0,0,0,0,1,190.915,0.05,0.15,125,31.3894,2.23492,0.444
1617,146,50,50,0,0,0,0,1,187.046,0.05,0.15,125,31.3894,2.33041,0.444
1618,158,50,50,0,0,0,0,1,182.983,0.05,0.15,125,31.3894,2.65122,0.444
1619,161,50,50,0,0,0,0,1,189.779,0.05,0.15,125,31.3894,2.31866,0.444
1620,153,50,50,0,0,0,0,1,185.209,0.05,0.15,125,31.3894,2.63763,0.444
1621,165,50,50,0,0,0,0,1,189.661,0.05,0.15,125,31.3894,2.46039,0.444
1622,170,50,50,0,0,0,0,1,191.985,0.05,0.15,125,31.3894,2.34288,0.444
1623,147,50,50,0,0,0,0,1,185.29,0.05,0.15,125,31.3894,2.25453,0.444
1624,120,50,50,0,0,0,0,1,181.797,0.05,0.15,125,31.3894,2.36855,0.444
1625,144,50,50,0,0,0,0,1,189.94,0.05,0.15,125,31.3894,2.45428,0.444
1626,159,50,50,0,0,0,0,1,185.682,0.05,0.15,125,31.3894,2.41276,0.444
1627,141,50,50,0,0,0,0,1,190.27,0.05,0.15,125,31.3894,2.0965,0.444
1628,157,50,50,0,0,0,0,1,190.876,0.05,0.15,125,31.3894,2.15824,0.444
1629,160,50,50,0,0,0,0,1,192.164,0.05,0.15,125,31.3894,2.3903,0.444
1630,140,50,50,0,0,0,0,1,193.886,0.05,0.15,125,31.3894,2.07975,0.444
1631,136,50,50,0,0,0,0,1,185.59,0.05,0.15,125,31.3894,2.4235,0.444
1632,160,50,50,0,0,0,0,1,196.366,0.05,0.15,125,31.3894,2.41278,0.444
1633,183,50,50,0,0,0,0,1,198.203,0.05,0.15,125,31.3894,2.06889,0.444
1634,168,50,50,0,0,0,0,1,191.338,0.05,0.15,125,31.3894,2.43267,0.444
1635,121,50,50,0,0,0,0,1,182.839,0.05,0.15,125,31.3894,2.38846,0.444
1636,120,50,50,0,0,0,0,1,184.382,0.05,0.15,125,31.3894,2.10672,0.444
1637,145,50,50,0,0,0,0,1,196.482,0.05,0.15,125,31.3894,1.97738,0.444
1638,128,50,50,0,0,0,0,1,186.74,0.05,0.15,125,31.3894,2.70326,0.444
1639,149,50,50,0,0,0,0,1,184.463,0.05,0.15,125,31.3894,2.68883,0.444
1640,161,50,50,0,0,0,0,1,186.506,0.05,0.15,125,31.3894,2.4749,0.444
1641,139,50,50,0,0,0,0,1,187.593,0.05,0.15,125,31.3894,2.24302,0.444
1642,143,50,50,0,0,0,0,1,190.823,0.05,0.15,125,31.3894,2.34272,0.444
1643,149,50,50,0,0,0,0,1,192.31,0.05,0.15,125,31.3894,2.19392,0.444
1644,161,50,50,0,0,0,0,1,188.485,0.05,0.15,125,31.3894,2.47203,0.444
1645,115,50,50,0,0,0,0,1,180.939,0.05,0.15,125,31.3894,2.21729,0.444
1646,138,50,50,0,0,0,0,1,185.95,0.05,0.15,125,31.3894,2.39466,0.444
1647,133,50,50,0,0,0,0,1,186.964,0.05,0.15,125,31.3894,2.02671,0.444
1648,146,50,50,0,0,0,0,1,189.264,0.05,0.15,125,31.3894,2.13086,0.444
1649,174,50,50,0,0,0,0,1,195.315,0.05,0.15,125,31.3894,2.53476,0.444
1650,197,50,50,0,0,0,0,1,192.469,0.05,0.15,125,31.3894,2.61762,0.444
1651,162,50,50,0,0,0,0,1,185.369,0.05,0.15,125,31.3894,2.37579,0.444
1652,132,50,50,0,0,0,0,1,184.768,0.05,0.15,125,31.3894,2.57123,0.444
1653,133,50,50,0,0,0,0,1,186.856,0.05,0.15,125,31.3894,2.62045,0.444
1654,124,50,50,0,0,0,0,1,187.204,0.05,0.15,125,31.3894,2.20226,0.444
1655,133,50,50,0,0,0,0,1,185.209,0.05,0.15,125,31.3894,2.18793,0.444
1656,145,50,50,0,0,0,0,1,189.173,0.05,0.15,125,31.3894,2.34543,0.444
1657,151,50,50,0,0,0,0,1,194.898,0.05,0.15,125,31.3894,2.05074,0.444
1658,153,50,50,0,0,0,0,1,190.421,0.05,0.15,125,31.3894,2.37396,0.444
1659,223,50,50,0,0,0,0,1,192.54,0.05,0.15,125,31.3894,2.37858,0.444
1660,220,50,50,0,0,0,0,1,192.197,0.05,0.15,125,31.3894,2.43636,0.444
1661,117,50,50,0,0,0,0,1,181.856,0.05,0.15,125,31.3894,2.45414,0.444
1662,134,50,50,0,0,0,0,1,190.334,0.05,0.15,125,31.3894,2.53589,0.444
1663,158,50,50,0,0,0,0,1,193.275,0.05,0.15,125,31.3894,2.18062,0.444
1664,153,50,50,0,0,0,0,1,189.674,0.05,0.15,125,31.3894,2.3776,0.444
1665,165,50,50,0,0,0,0,1,189.463,0.05,0.15,125,31.3894,2.19502,0.444
1666,129,50,50,0,0,0,0,1,185.837,0.05,0.15,125,31.3894,2.34426,0.444
1667,143,50,50,0,0,0,0,1,188.786,0.05,0.15,125,31.3894,2.05431,0.444
1668,126,50,50,0,0,0,0,1,182.348,0.05,0.15,125,31.3894,2.37014,0.444
1669,136,50,50,0,0,0,0,1,190.31,0.05,0.15,125,31.3894,2.08026,0.444
1670,120,50,50,0,0,0,0,1,182.694,0.05,0.15,125,31.3894,2.33474,0.444
1671,157,50,50,0,0,0,0,1,187.698,0.05,0.15,125,31.3894,2.31666,0.444
1672,141,50,50,0,0,0,0,1,190.918,0.05,0.15,125,31.3894,2.41259,0.444
1673,169,50,50,0,0,0,0,1,188.415,0.05,0.15,125,31.3894,2.37655,0.444
1674,159,50,50,0,0,0,0,1,194.014,0.05,0.15,125,31.3894,2.26206,0.444
1675,165,50,50,0,0,0,0,1,184.395,0.05,0.15,125,31.3894,2.39571,0.444
1676,148,50,50,0,0,0,0,1,191.093,0.05,0.15,125,31.3894,2.25475,0.444
1677,147,50,50,0,0,0,0,1,178.249,0.05,0.15,125,31.3894,2.65617,0.444
1678,114,50,50,0,0,0,0,1,181.62,0.05,0.15,125,31.3894,2.59019,0.444
1679,129,50,50,0,0,0,0,1,183.459,0.05,0.15,125,31.3894,2.27443,0.444
1680,136,50,50,0,0,0,0,1,185.783,0.05,0.15,125,31.3894,2.67566,0.444
1681,51,20,20,0,0,1,0,0,39.042,0.05,0.15,125,31.3894,3.41713,0.444
1682,168,50,50,0,0,0,0,1,200.465,0.05,0.15,125,31.3894,2.08179,0.444
1683,162,50,50,0,0,0,0,1,182.021,0.05,0.15,125,31.3894,2.83803,0.444
1684,145,50,50,0,0,0,0,1,193.754,0.05,0.15,125,31.3894,2.16619,0.444
1685,139,50,50,0,0,0,0,1,185.776,0.05,0.15,125,31.3894,2.22571,0.444
1686,142,50,50,0,0,0,0,1,187.42,0.05,0.15,125,31.3894,2.3471,0.444
1687,156,50,50,0,0,0,0,1,191.534,0.05,0.15,125,31.3894,2.14079,0.444
1688,156,50,50,0,0,0,0,1,186.788,0.05,0.15,125,31.3894,2.19264,0.444
1689,142,50,50,0,0,0,0,1,185.129,0.05,0.15,125,31.3894,2.30944,0.444
1690,145,50,50,0,0,0,0,1,187.53,0.05,0.15,125,31.3894,2.27944,0.444
1691,268,50,50,0,0,0,0,1,183.356,0.05,0.15,125,31.3894,2.66806,0.444
1692,131,50,50,0,0,0,0,1,180.468,0.05,0.15,125,31.3894,2.55627,0.444
1693,151,50,50,0,0,0,0,1,195.439,0.05,0.15,125,31.3894,2.27572,0.444
1694,158,50,50,0,0,0,0,1,192.395,0.05,0.15,125,31.3894,2.13513,0.444
1695,139,50,50,0,0,0,0,1,189.436,0.05,0.15,125,31.3894,2.07372,0.444
1696,134,50,50,0,0,0,0,1,182.634,0.05,0.15,125,31.3894,2.63241,0.444
1697,152,50,50,0,0,0,0,1,194.006,0.05,0.15,125,31.3894,2.16864,0.444
1698,170,50,50,0,0,0,0,1,191.541,0.05,0.15,125,31.3894,2.3083,0.444
1699,149,50,50,0,0,0,0,1,189.371,0.05,0.15,125,31.3894,2.11042,0.444
1700,155,50,50,0,0,0,0,1,195.843,0.05,0.15,125,31.3894,2.05331,0.444
1701,136,50,50,0,0,0,0,1,181.242,0.05,0.15,125,31.3894,2.5571,0.444
1702,138,50,50,0,0,0,0,1,187.892,0.05,0.15,125,31.3894,2.17768,0.444
1703,133,50,50,0,0,0,0,1,184.333,0.05,0.15,125,31.3894,2.39374,0.444
1704,172,50,50,0,0,0,0,1,199.805,0.05,0.15,125,31.3894,2.10877,0.444
1705,175,50,50,0,0,0,0,1,187.335,0.05,0.15,125,31.3894,2.58189,0.444
1706,119,50,50,0,0,0,0,1,184.918,0.05,0.15,125,31.3894,2.20957,0.444
1707,140,48,48,0,0,1,0,0,145.289,0.05,0.15,125,31.3894,2.5558,0.444
1708,133,50,50,0,0,0,0,1,191.006,0.05,0.15,125,31.3894,2.17834,0.444
1709,149,50,50,0,0,0,0,1,190.933,0.05,0.15,125,31.3894,2.21232,0.444
1710,171,50,50,0,0,0,0,1,198.623,0.05,0.15,125,31.3894,2.16786,0.444
1711,156,50,50,0,0,0,0,1,186.775,0.05,0.15,125,31.3894,2.1709,0.444
1712,140,50,50,0,0,0,0,1,189.25,0.05,0.15,125,31.3894,2.11381,0.444
1713,128,50,50,0,0,0,0,1,185.462,0.05,0.15,125,31.3894,2.12881,0.444
1714,159,50,50,0,0,0,0,1,192.347,0.05,0.15,125,31.3894,1.9896,0.444
1715,165,50,50,0,0,0,0,1,180.644,0.05,0.15,125,31.3894,2.51994,0.444
1716,146,50,50,0,0,0,0,1,191.291,0.05,0.15,125,31.3894,2.34757,0.444
1717,143,50,50,0,0,0,0,1,188.914,0.05,0.15,125,31.3894,2.20846,0.444
1718,130,50,50,0,0,0,0,1,185.857,0.05,0.15,125,31.3894,2.14042,0.444
1719,159,50,50,0,0,0,0,1,185.966,0.05,0.15,125,31.3894,2.42815,0.444
1720,152,50,50,0,0,0,0,1,184.482,0.05,0.15,125,31.3894,2.37407,0.444
1721,135,50,50,0,0,0,0,1,190.056,0.05,0.15,125,31.3894,2.01528,0.444
1722,205,50,50,0,0,0,0,1,192.712,0.05,0.15,125,31.3894,2.23606,0.444
1723,132,50,50,0,0,0,0,1,189.242,0.05,0.15,125,31.3894,2.21906,0.444
1724,145,50,50,0,0,0,0,1,188.879,0.05,0.15,125,31.3894,2.45743,0.444
1725,148,50,50,0,0,0,0,1,191.328,0.05,0.15,125,31.3894,2.14342,0.444
1726,125,50,50,0,0,0,0,1,184.674,0.05,0.15,125,31.3894,2.14081,0.444
1727,127,50,50,0,0,0,0,1,183.091,0.05,0.15,125,31.3894,2.14779,0.444
1728,144,50,50,0,0,0,0,1,187.308,0.05,0.15,125,31.3894,2.266,0.444
1729,158,50,50,0,0,0,0,1,186.271,0.05,0.15,125,31.3894,2.35038,0.444
1730,160,50,50,0,0,0,0,1,183.986,0.05,0.15,125,31.3894,2.35532,0.444
1731,176,50,50,0,0,0,0,1,194.029,0.05,0.15,125,31.3894,2.41903,0.444
1732,146,50,50,0,0,0,0,1,187.398,0.05,0.15,125,31.3894,2.03339,0.444
1733,150,50,50,0,0,0,0,1,194.47,0.05,0.15,125,31.3894,1.92893,0.444
1734,132,50,50,0,0,0,0,1,187.826,0.05,0.15,125,31.3894,2.2504,0.444
1735,151,50,50,0,0,0,0,1,191.465,0.05,0.15,125,31.3894,2.34523,0.444
1736,172,50,50,0,0,0,0,1,195.181,0.05,0.15,125,31.3894,2.02809,0.444
1737,151,50,50,0,0,0,0,1,191.4,0.05,0.15,125,31.3894,2.34526,0.444
1738,139,50,50,0,0,0,0,1,186.289,0.05,0.15,125,31.3894,2.23427,0.444
1739,150,50,50,0,0,0,0,1,189.934,0.05,0.15,125,31.3894,2.23201,0.444
1740,151,50,50,0,0,0,0,1,188.882,0.05,0.15,125,31.3894,2.40617,0.444
1741,155,50,50,0,0,0,0,1,183.65,0.05,0.15,125,31.3894,2.09034,0.444
1742,141,50,50,0,0,0,0,1,183.953,0.05,0.15,125,31.3894,2.194,0.444
1743,115,50,50,0,0,0,0,1,181.304,0.05,0.15,125,31.3894,2.31227,0.444
1744,139,50,50,0,0,0,0,1,190.508,0.05,0.15,125,31.3894,2.07355,0.444
1745,102,33,33,0,0,1,0,0,85.278,0.05,0.15,125,31.3894,2.78538,0.444
1746,141,50,50,0,0,0,0,1,188.466,0.05,0.15,125,31.3894,2.25828,0.444
1747,156,50,50,0,0,0,0,1,189.815,0.05,0.15,125,31.3894,2.29818,0.444
1748,137,50,50,0,0,0,0,1,187.432,0.05,0.15,125,31.3894,2.20657,0.444
1749,143,50,50,0,0,0,0,1,190.477,0.05,0.15,125,31.3894,2.26903,0.444
1750,400,23,23,0,0,0,0,1,87.641,0.05,0.15,125,31.3894,3.03601,0.444
1751,400,46,46,0,0,0,0,1,163.023,0.05,0.15,125,31.3894,2.69229,0.444
1752,289,50,50,0,0,0,0,1,179.988,0.05,0.15,125,31.3894,2.18846,0.444
1753,370,50,50,0,0,0,0,1,175.444,0.05,0.15,125,31.3894,1.97207,0.444
1754,331,50,50,0,0,0,0,1,184.941,0.05,0.15,125,31.3894,2.07998,0.444
1755,340,50,50,0,0,0,0,1,179.526,0.05,0.15,125,31.3894,2.1996,0.444
1756,119,50,50,0,0,0,0,1,185.134,0.05,0.15,125,31.3894,2.81763,0.444
1757,143,50,50,0,0,0,0,1,181.48,0.05,0.15,125,31.3894,3.27384,0.444
1758,109,50,50,0,0,0,0,1,179.104,0.05,0.15,125,31.3894,2.71058,0.444
1759,135,50,50,0,0,0,0,1,180.213,0.05,0.15,125,31.3894,3.30262,0.444
1760,141,50,50,0,0,0,0,1,186.209,0.05,0.15,125,31.3894,2.92208,0.444
1761,146,50,50,0,0,0,0,1,191.877,0.05,0.15,125,31.3894,2.26849,0.444
1762,129,50,50,0,0,0,0,1,185.263,0.05,0.15,125,31.3894,2.47679,0.444
1763,126,50,50,0,0,0,0,1,186.442,0.05,0.15,125,31.3894,2.46287,0.444
1764,159,50,50,0,0,0,0,1,189.067,0.05,0.15,125,31.3894,2.73699,0.444
1765,152,50,50,0,0,0,0,1,188.066,0.05,0.15,125,31.3894,2.39903,0.444
1766,164,50,50,0,0,0,0,1,181.509,0.05,0.15,125,31.3894,2.8306,0.444
1767,150,50,50,0,0,0,0,1,189.949,0.05,0.15,125,31.3894,2.33904,0.444
1768,130,50,50,0,0,0,0,1,184.881,0.05,0.15,125,31.3894,2.33452,0.444
1769,131,50,50,0,0,0,0,1,184.859,0.05,0.15,125,31.3894,2.46691,0.444
1770,171,50,50,0,0,0,0,1,196.172,0.05,0.15,125,31.3894,2.37594,0.444
1771,152,50,50,0,0,0,0,1,186.439,0.05,0.15,125,31.3894,2.78508,0.444
1772,152,50,50,0,0,0,0,1,188.073,0.05,0.15,125,31.3894,2.60606,0.444
1773,158,50,50,0,0,0,0,1,191.612,0.05,0.15,125,31.3894,2.19802,0.444
1774,166,50,50,0,0,0,0,1,190.908,0.05,0.15,125,31.3894,2.09062,0.444
1775,143,50,50,0,0,0,0,1,193.73,0.05,0.15,125,31.3894,2.27183,0.444
1776,133,50,50,0,0,0,0,1,184.398,0.05,0.15,125,31.3894,2.47947,0.444
1777,146,50,50,0,0,0,0,1,190.981,0.05,0.15,125,31.3894,2.70582,0.444
1778,126,50,50,0,0,0,0,1,184.058,0.05,0.15,125,31.3894,2.40461,0.444
1779,139,50,50,0,0,0,0,1,183.624,0.05,0.15,125,31.3894,3.18005,0.444
1780,156,50,50,0,0,0,0,1,188.51,0.05,0.15,125,31.3894,2.42995,0.444
1781,146,50,50,0,0,0,0,1,187.711,0.05,0.15,125,31.3894,2.13349,0.444
1782,145,50,50,0,0,0,0,1,189.477,0.05,0.15,125,31.3894,2.26725,0.444
1783,155,50,50,0,0,0,0,1,195.445,0.05,0.15,125,31.3894,2.17487,0.444
1784,158,50,50,0,0,0,0,1,188.417,0.05,0.15,125,31.3894,2.38551,0.444
1785,131,50,50,0,0,0,0,1,184.49,0.05,0.15,125,31.3894,2.28801,0.444
1786,190,50,50,0,0,0,0,1,198.199,0.05,0.15,125,31.3894,2.40597,0.444
1787,157,50,50,0,0,0,0,1,189.959,0.05,0.15,125,31.3894,2.34862,0.444
1788,139,50,50,0,0,0,0,1,186.326,0.05,0.15,125,31.3894,2.19595,0.444
1789,120,50,50,0,0,0,0,1,184.062,0.05,0.15,125,31.3894,2.31447,0.444
1790,136,50,50,0,0,0,0,1,188.567,0.05,0.15,125,31.3894,2.51944,0.444
1791,125,50,50,0,0,0,0,1,184.822,0.05,0.15,125,31.3894,2.47725,0.444
1792,184,50,50,0,0,0,0,1,191.059,0.05,0.15,125,31.3894,2.56848,0.444
1793,146,50,50,0,0,0,0,1,185.342,0.05,0.15,125,31.3894,2.31647,0.444
1794,138,50,50,0,0,0,0,1,187.062,0.05,0.15,125,31.3894,2.47216,0.444
1795,127,50,50,0,0,0,0,1,184.858,0.05,0.15,125,31.3894,2.38672,0.444
1796,162,50,50,0,0,0,0,1,190.251,0.05,0.15,125,31.3894,2.34638,0.444
1797,147,50,50,0,0,0,0,1,187.578,0.05,0.15,125,31.3894,2.11271,0.444
1798,183,50,50,0,0,0,0,1,187.66,0.05,0.15,125,31.3894,2.25037,0.444
1799,152,50,50,0,0,0,0,1,187.447,0.05,0.15,125,31.3894,2.33384,0.444
1800,147,50,50,0,0,0,0,1,190.806,0.05,0.15,125,31.3894,2.09142,0.444
1801,161,50,50,0,0,0,0,1,192.093,0.05,0.15,125,31.3894,2.3037,0.444
1802,139,50,50,0,0,0,0,1,190.089,0.05,0.15,125,31.3894,2.42094,0.444
1803,177,50,50,0,0,0,0,1,186.357,0.05,0.15,125,31.3894,2.49352,0.444
1804,156,50,50,0,0,0,0,1,190.906,0.05,0.15,125,31.3894,2.14904,0.444
1805,176,50,50,0,0,0,0,1,202.091,0.05,0.15,125,31.3894,2.03378,0.444
1806,161,50,50,0,0,0,0,1,194.053,0.05,0.15,125,31.3894,2.3508,0.444
1807,186,50,50,0,0,0,0,1,188.788,0.05,0.15,125,31.3894,2.65174,0.444
1808,161,50,50,0,0,0,0,1,196.704,0.05,0.15,125,31.3894,2.17888,0.444
1809,166,50,50,0,0,0,0,1,194.252,0.05,0.15,125,31.3894,2.23967,0.444
1810,179,50,50,0,0,0,0,1,198.215,0.05,0.15,125,31.3894,2.07624,0.444
1811,134,50,50,0,0,0,0,1,182.798,0.05,0.15,125,31.3894,2.34963,0.444
1812,161,50,50,0,0,0,0,1,196.581,0.05,0.15,125,31.3894,2.16332,0.444
1813,161,50,50,0,0,0,0,1,185.743,0.05,0.15,125,31.3894,2.44923,0.444
1814,147,50,50,0,0,0,0,1,182.366,0.05,0.15,125,31.3894,2.37118,0.444
1815,144,50,50,0,0,0,0,1,189.587,0.05,0.15,125,31.3894,2.46097,0.444
1816,142,50,50,0,0,0,0,1,181.331,0.05,0.15,125,31.3894,2.7298,0.444
1817,126,50,50,0,0,0,0,1,186.93,0.05,0.15,125,31.3894,2.15097,0.444
1818,125,50,50,0,0,0,0,1,184.232,0.05,0.15,125,31.3894,2.06797,0.444
1819,129,50,50,0,0,0,0,1,182.147,0.05,0.15,125,31.3894,2.35985,0.444
1820,146,50,50,0,0,0,0,1,190.674,0.05,0.15,125,31.3894,2.35067,0.444
1821,126,50,50,0,0,0,0,1,186.898,0.05,0.15,125,31.3894,2.36143,0.444
1822,170,50,50,0,0,0,0,1,190.748,0.05,0.15,125,31.3894,2.44875,0.444
1823,180,50,50,0,0,0,0,1,198.225,0.05,0.15,125,31.3894,2.08246,0.444
1824,237,50,50,0,0,0,0,1,189.668,0.05,0.15,125,31.3894,2.46396,0.444
1825,128,50,50,0,0,0,0,1,184.143,0.05,0.15,125,31.3894,2.40718,0.444
1826,157,50,50,0,0,0,0,1,195.164,0.05,0.15,125,31.3894,2.23768,0.444
1827,193,50,50,0,0,0,0,1,188.622,0.05,0.15,125,31.3894,2.50252,0.444
1828,145,50,50,0,0,0,0,1,182.976,0.05,0.15,125,31.3894,2.56026,0.444
1829,142,50,50,0,0,0,0,1,185.078,0.05,0.15,125,31.3894,2.43239,0.444
1830,150,50,50,0,0,0,0,1,189.302,0.05,0.15,125,31.3894,2.28333,0.444
1831,156,50,50,0,0,0,0,1,193.276,0.05,0.15,125,31.3894,2.3917,0.444
1832,133,50,50,0,0,0,0,1,186.955,0.05,0.15,125,31.3894,2.29236,0.444
1833,147,50,50,0,0,0,0,1,192.875,0.05,0.15,125,31.3894,2.25787,0.444
1834,138,50,50,0,0,0,0,1,192.306,0.05,0.15,125,31.3894,2.3275,0.444
1835,176,50,50,0,0,0,0,1,199.954,0.05,0.15,125,31.3894,2.36682,0.444
1836,165,50,50,0,0,0,0,1,189.044,0.05,0.15,125,31.3894,2.41803,0.444
1837,148,50,50,0,0,0,0,1,193.179,0.05,0.15,125,31.3894,2.47293,0.444
1838,152,50,50,0,0,0,0,1,188.673,0.05,0.15,125,31.3894,2.231,0.444
1839,198,50,50,0,0,0,0,1,189.524,0.05,0.15,125,31.3894,2.45622,0.444
1840,140,50,50,0,0,0,0,1,189.189,0.05,0.15,125,31.3894,2.12147,0.444
1841,156,50,50,0,0,0,0,1,189.381,0.05,0.15,125,31.3894,2.16655,0.444
1842,142,50,50,0,0,0,0,1,183.801,0.05,0.15,125,31.3894,2.11043,0.444
1843,124,50,50,0,0,0,0,1,184.195,0.05,0.15,125,31.3894,2.39378,0.444
1844,124,50,50,0,0,0,0,1,184.33,0.05,0.15,125,31.3894,2.54338,0.444
1845,134,50,50,0,0,0,0,1,188.898,0.05,0.15,125,31.3894,2.35719,0.444
1846,156,50,50,0,0,0,0,1,195.565,0.05,0.15,125,31.3894,2.14102,0.444
1847,152,50,50,0,0,0,0,1,183.925,0.05,0.15,125,31.3894,2.46344,0.444
1848,154,50,50,0,0,0,0,1,192.369,0.05,0.15,125,31.3894,2.38559,0.444
1849,159,50,50,0,0,0,0,1,191.239,0.05,0.15,125,31.3894,2.39688,0.444
1850,256,50,50,0,0,0,0,1,198.701,0.05,0.15,125,31.3894,2.33503,0.444
1851,188,50,50,0,0,0,0,1,182.432,0.05,0.15,125,31.3894,2.71851,0.444
1852,159,50,50,0,0,0,0,1,195.304,0.05,0.15,125,31.3894,2.26319,0.444
1853,158,50,50,0,0,0,0,1,182.969,0.05,0.15,125,31.3894,2.57354,0.444
1854,177,50,50,0,0,0,0,1,192.988,0.05,0.15,125,31.3894,2.52195,0.444
1855,146,50,50,0,0,0,0,1,187.99,0.05,0.15,125,31.3894,2.46275,0.444
1856,140,50,50,0,0,0,0,1,191.434,0.05,0.15,125,31.3894,2.32491,0.444
1857,136,50,50,0,0,0,0,1,183.406,0.05,0.15,125,31.3894,2.58851,0.444
1858,141,50,50,0,0,0,0,1,193.268,0.05,0.15,125,31.3894,2.21602,0.444
1859,199,50,50,0,0,0,0,1,194.632,0.05,0.15,125,31.3894,2.24534,0.444
1860,238,50,50,0,0,0,0,1,172.715,0.05,0.15,125,31.3894,2.63884,0.444
1861,141,50,50,0,0,0,0,1,191.211,0.05,0.15,125,31.3894,2.2903,0.444
1862,148,50,50,0,0,0,0,1,185.738,0.05,0.15,125,31.3894,2.7124,0.444
1863,152,50,50,0,0,0,0,1,191.226,0.05,0.15,125,31.3894,2.50494,0.444
1864,58,23,23,0,0,1,0,0,47.351,0.05,0.15,125,31.3894,3.76659,0.444
1865,135,50,50,0,0,0,0,1,183.388,0.05,0.15,125,31.3894,2.66847,0.444
1866,159,50,50,0,0,0,0,1,190.933,0.05,0.15,125,31.3894,2.45396,0.444
1867,174,50,50,0,0,0,0,1,180.661,0.05,0.15,125,31.3894,2.82411,0.444
1868,143,50,50,0,0,0,0,1,191.513,0.05,0.15,125,31.3894,2.14475,0.444
1869,141,50,50,0,0,0,0,1,186.346,0.05,0.15,125,31.3894,2.24354,0.444
1870,154,50,50,0,0,0,0,1,188.528,0.05,0.15,125,31.3894,2.29665,0.444
1871,153,50,50,0,0,0,0,1,184.585,0.05,0.15,125,31.3894,2.55787,0.444
1872,162,50,50,0,0,0,0,1,184.025,0.05,0.15,125,31.3894,2.59524,0.444
1873,141,50,50,0,0,0,0,1,186.86,0.05,0.15,125,31.3894,2.57167,0.444
1874,157,50,50,0,0,0,0,1,189.76,0.05,0.15,125,31.3894,2.39108,0.444
1875,170,50,50,0,0,0,0,1,191.949,0.05,0.15,125,31.3894,2.20215,0.444
1876,128,50,50,0,0,0,0,1,187.306,0.05,0.15,125,31.3894,1.87265,0.444
1877,151,50,50,0,0,0,0,1,191.147,0.05,0.15,125,31.3894,2.28195,0.444
1878,143,50,50,0,0,0,0,1,186.405,0.05,0.15,125,31.3894,2.41191,0.444
1879,143,50,50,0,0,0,0,1,182.164,0.05,0.15,125,31.3894,2.22621,0.444
1880,130,50,50,0,0,0,0,1,182.343,0.05,0.15,125,31.3894,2.28792,0.444
1881,137,50,50,0,0,0,0,1,184.634,0.05,0.15,125,31.3894,2.48446,0.444
1882,68,30,30,0,0,1,0,0,70.796,0.05,0.15,125,31.3894,3.19103,0.444
1883,122,50,50,0,0,0,0,1,186.226,0.05,0.15,125,31.3894,2.27324,0.444
1884,155,50,50,0,0,0,0,1,181.387,0.05,0.15,125,31.3894,2.66885,0.444
1885,133,50,50,0,0,0,0,1,187.435,0.05,0.15,125,31.3894,2.05548,0.444
1886,174,50,50,0,0,0,0,1,194.259,0.05,0.15,125,31.3894,2.53697,0.444
1887,241,50,50,0,0,0,0,1,183.305,0.05,0.15,125,31.3894,2.50309,0.444
1888,139,50,50,0,0,0,0,1,194.082,0.05,0.15,125,31.3894,2.2681,0.444
1889,145,50,50,0,0,0,0,1,191.256,0.05,0.15,125,31.3894,2.20935,0.444
1890,147,50,50,0,0,0,0,1,187.291,0.05,0.15,125,31.3894,2.50309,0.444
1891,158,50,50,0,0,0,0,1,182.654,0.05,0.15,125,31.3894,2.40939,0.444
1892,138,50,50,0,0,0,0,1,190.911,0.05,0.15,125,31.3894,2.10666,0.444
1893,158,50,50,0,0,0,0,1,195.348,0.05,0.15,125,31.3894,2.12746,0.444
1894,129,50,50,0,0,0,0,1,182.747,0.05,0.15,125,31.3894,2.2561,0.444
1895,127,50,50,0,0,0,0,1,186.048,0.05,0.15,125,31.3894,2.49342,0.444
1896,144,50,50,0,0,0,0,1,187.209,0.05,0.15,125,31.3894,2.38812,0.444
1897,138,50,50,0,0,0,0,1,189.786,0.05,0.15,125,31.3894,2.16821,0.444
1898,154,50,50,0,0,0,0,1,190.723,0.05,0.15,125,31.3894,2.19606,0.444
1899,166,50,50,0,0,0,0,1,194.772,0.05,0.15,125,31.3894,2.3243,0.444
1900,147,50,50,0,0,0,0,1,185.198,0.05,0.15,125,31.3894,2.44038,0.444
1901,158,50,50,0,0,0,0,1,193.914,0.05,0.15,125,31.3894,2.08317,0.444
1902,212,50,50,0,0,0,0,1,197.385,0.05,0.15,125,31.3894,2.22648,0.444
1903,244,50,50,0,0,0,0,1,187.659,0.05,0.15,125,31.3894,2.42414,0.444
1904,139,50,50,0,0,0,0,1,183.487,0.05,0.15,125,31.3894,2.66096,0.444
1905,141,50,50,0,0,0,0,1,193.294,0.05,0.15,125,31.3894,2.22313,0.444
1906,133,50,50,0,0,0,0,1,187.173,0.05,0.15,125,31.3894,2.48822,0.444
1907,137,50,50,0,0,0,0,1,190.165,0.05,0.15,125,31.3894,2.27427,0.444
1908,160,50,50,0,0,0,0,1,182.429,0.05,0.15,125,31.3894,2.68104,0.444
1909,160,50,50,0,0,0,0,1,200.374,0.05,0.15,125,31.3894,1.9109,0.444
1910,145,50,50,0,0,0,0,1,180.134,0.05,0.15,125,31.3894,2.69617,0.444
1911,136,50,50,0,0,0,0,1,189.408,0.05,0.15,125,31.3894,2.08634,0.444
1912,128,50,50,0,0,0,0,1,188.062,0.05,0.15,125,31.3894,2.5066,0.444
1913,146,50,50,0,0,0,0,1,191.005,0.05,0.15,125,31.3894,2.2499,0.444
1914,130,50,50,0,0,0,0,1,185.106,0.05,0.15,125,31.3894,2.47224,0.444
1915,125,50,50,0,0,0,0,1,183.437,0.05,0.15,125,31.3894,2.29792,0.444
1916,155,50,50,0,0,0,0,1,187.675,0.05,0.15,125,31.3894,2.51763,0.444
1917,152,50,50,0,0,0,0,1,195.439,0.05,0.15,125,31.3894,2.24911,0.444
1918,177,50,50,0,0,0,0,1,188.962,0.05,0.15,125,31.3894,2.34366,0.444
1919,177,50,50,0,0,0,0,1,185.023,0.05,0.15,125,31.3894,2.28029,0.444
1920,126,50,50,0,0,0,0,1,183.384,0.05,0.15,125,31.3894,2.58351,0.444
1921,130,50,50,0,0,0,0,1,185.859,0.05,0.15,125,31.3894,2.16483,0.444
1922,150,50,50,0,0,0,0,1,187.502,0.05,0.15,125,31.3894,2.64557,0.444
1923,154,50,50,0,0,0,0,1,187.854,0.05,0.15,125,31.3894,2.27806,0.444
1924,177,50,50,0,0,0,0,1,188.551,0.05,0.15,125,31.3894,2.23206,0.444
1925,127,50,50,0,0,0,0,1,184.459,0.05,0.15,125,31.3894,2.23655,0.444
1926,116,50,50,0,0,0,0,1,183.158,0.05,0.15,125,31.3894,2.55973,0.444
1927,146,50,50,0,0,0,0,1,184.212,0.05,0.15,125,31.3894,2.58796,0.444
1928,119,50,50,0,0,0,0,1,179.899,0.05,0.15,125,31.3894,2.70558,0.444
1929,137,50,50,0,0,0,0,1,187.851,0.05,0.15,125,31.3894,2.2179,0.444
1930,177,50,50,0,0,0,0,1,191.866,0.05,0.15,125,31.3894,2.65108,0.444
1931,163,50,50,0,0,0,0,1,193.089,0.05,0.15,125,31.3894,2.21678,0.444
1932,189,50,50,0,0,0,0,1,191.935,0.05,0.15,125,31.3894,2.36003,0.444
1933,162,50,50,0,0,0,0,1,188.182,0.05,0.15,125,31.3894,2.25558,0.444
1934,171,50,50,0,0,0,0,1,192.935,0.05,0.15,125,31.3894,2.00414,0.444
1935,132,50,50,0,0,0,0,1,182.549,0.05,0.15,125,31.3894,2.52981,0.444
1936,158,50,50,0,0,0,0,1,186.977,0.05,0.15,125,31.3894,2.4963,0.444
1937,129,50,50,0,0,0,0,1,188.871,0.05,0.15,125,31.3894,2.27648,0.444
1938,122,50,50,0,0,0,0,1,185.972,0.05,0.15,125,31.3894,2.48623,0.444
1939,128,50,50,0,0,0,0,1,182.545,0.05,0.15,125,31.3894,2.29704,0.444
1940,130,50,50,0,0,0,0,1,187.408,0.05,0.15,125,31.3894,2.56614,0.444
1941,142,50,50,0,0,0,0,1,184.35,0.05,0.15,125,31.3894,2.56403,0.444
1942,149,50,50,0,0,0,0,1,189.152,0.05,0.15,125,31.3894,2.13522,0.444
1943,197,50,50,0,0,0,0,1,185.971,0.05,0.15,125,31.3894,2.48282,0.444
1944,138,50,50,0,0,0,0,1,186.472,0.05,0.15,125,31.3894,2.33699,0.444
1945,154,50,50,0,0,0,0,1,188.515,0.05,0.15,125,31.3894,2.31368,0.444
1946,143,50,50,0,0,0,0,1,186.388,0.05,0.15,125,31.3894,2.38777,0.444
1947,178,50,50,0,0,0,0,1,190.153,0.05,0.15,125,31.3894,2.0189,0.444
1948,198,50,50,0,0,0,0,1,193.416,0.05,0.15,125,31.3894,2.36374,0.444
1949,128,50,50,0,0,0,0,1,180.415,0.05,0.15,125,31.3894,2.43585,0.444
1950,144,50,50,0,0,0,0,1,189.627,0.05,0.15,125,31.3894,2.51255,0.444
1951,133,50,50,0,0,0,0,1,181.02,0.05,0.15,125,31.3894,2.48079,0.444
1952,169,50,50,0,0,0,0,1,198.627,0.05,0.15,125,31.3894,2.37403,0.444
1953,157,50,50,0,0,0,0,1,191.356,0.05,0.15,125,31.3894,2.25021,0.444
1954,177,50,50,0,0,0,0,1,196.709,0.05,0.15,125,31.3894,2.17062,0.444
1955,176,50,50,0,0,0,0,1,187.585,0.05,0.15,125,31.3894,2.48772,0.444
1956,204,50,50,0,0,0,0,1,180.686,0.05,0.15,125,31.3894,2.73312,0.444
1957,133,50,50,0,0,0,0,1,187.003,0.05,0.15,125,31.3894,2.28851,0.444
1958,139,50,50,0,0,0,0,1,186.167,0.05,0.15,125,31.3894,2.28663,0.444
1959,130,50,50,0,0,0,0,1,184.366,0.05,0.15,125,31.3894,2.68429,0.444
1960,128,50,50,0,0,0,0,1,184.956,0.05,0.15,125,31.3894,2.46642,0.444
1961,123,50,50,0,0,0,0,1,180.17,0.05,0.15,125,31.3894,2.33372,0.444
1962,124,50,50,0,0,0,0,1,184.59,0.05,0.15,125,31.3894,2.4318,0.444
1963,127,50,50,0,0,0,0,1,180.941,0.05,0.15,125,31.3894,2.63794,0.444
1964,164,50,50,0,0,0,0,1,187.409,0.05,0.15,125,31.3894,2.33708,0.444
1965,140,50,50,0,0,0,0,1,191.436,0.05,0.15,125,31.3894,2.03174,0.444
1966,169,50,50,0,0,0,0,1,188.946,0.05,0.15,125,31.3894,2.40995,0.444
1967,167,50,50,0,0,0,0,1,194.448,0.05,0.15,125,31.3894,1.98247,0.444
1968,185,50,50,0,0,0,0,1,192.936,0.05,0.15,125,31.3894,2.27598,0.444
1969,143,50,50,0,0,0,0,1,186.269,0.05,0.15,125,31.3894,2.46729,0.444
1970,165,50,50,0,0,0,0,1,183.114,0.05,0.15,125,31.3894,2.5132,0.444
1971,148,50,50,0,0,0,0,1,182.5,0.05,0.15,125,31.3894,2.5322,0.444
1972,149,50,50,0,0,0,0,1,196.56,0.05,0.15,125,31.3894,2.07361,0.444
1973,213,50,50,0,0,0,0,1,188.889,0.05,0.15,125,31.3894,2.44899,0.444
1974,148,50,50,0,0,0,0,1,193.06,0.05,0.15,125,31.3894,2.23682,0.444
1975,168,50,50,0,0,0,0,1,200.563,0.05,0.15,125,31.3894,2.06617,0.444
1976,191,50,50,0,0,0,0,1,196.312,0.05,0.15,125,31.3894,2.09156,0.444
1977,146,50,50,0,0,0,0,1,185.256,0.05,0.15,125,31.3894,2.42792,0.444
1978,152,50,50,0,0,0,0,1,187.179,0.05,0.15,125,31.3894,2.11189,0.444
1979,129,50,50,0,0,0,0,1,189.594,0.05,0.15,125,31.3894,2.14313,0.444
1980,175,50,50,0,0,0,0,1,186.713,0.05,0.15,125,31.3894,2.38102,0.444
1981,145,50,50,0,0,0,0,1,191.86,0.05,0.15,125,31.3894,2.08603,0.444
1982,128,50,50,0,0,0,0,1,182.847,0.05,0.15,125,31.3894,2.43002,0.444
1983,152,50,50,0,0,0,0,1,191.835,0.05,0.15,125,31.3894,2.09644,0.444
1984,167,50,50,0,0,0,0,1,194.371,0.05,0.15,125,31.3894,2.14897,0.444
1985,175,50,50,0,0,0,0,1,187.248,0.05,0.15,125,31.3894,2.47357,0.444
1986,201,50,50,0,0,0,0,1,189.459,0.05,0.15,125,31.3894,2.35594,0.444
1987,165,50,50,0,0,0,0,1,188.223,0.05,0.15,125,31.3894,2.30908,0.444
1988,165,50,50,0,0,0,0,1,189.903,0.05,0.15,125,31.3894,2.31455,0.444
1989,149,50,50,0,0,0,0,1,187.236,0.05,0.15,125,31.3894,2.40676,0.444
1990,173,50,50,0,0,0,0,1,196.696,0.05,0.15,125,31.3894,2.28054,0.444
1991,175,50,50,0,0,0,0,1,188.486,0.05,0.15,125,31.3894,2.49476,0.444
1992,167,50,50,0,0,0,0,1,193.328,0.05,0.15,125,31.3894,2.26888,0.444
1993,146,50,50,0,0,0,0,1,179.484,0.05,0.15,125,31.3894,2.53127,0.444
1994,125,50,50,0,0,0,0,1,182.087,0.05,0.15,125,31.3894,2.56664,0.444
1995,119,50,50,0,0,0,0,1,174.385,0.05,0.15,125,31.3894,2.75052,0.444
1996,143,50,50,0,0,0,0,1,188.912,0.05,0.15,125,31.3894,2.46743,0.444
1997,169,50,50,0,0,0,0,1,190.31,0.05,0.15,125,31.3894,2.47342,0.444
1998,150,50,50,0,0,0,0,1,184.6,0.05,0.15,125,31.3894,2.45321,0.444
1999,152,50,50,0,0,0,0,1,196.591,0.05,0.15,125,31.3894,2.05306,0.444
2000,152,50,50,0,0,0,0,1,189.271,0.05,0.15,125,31.3894,2.39557,0.444
