round,steps,score,coins,crates,kills,suicides,invalid,survived,total_reward,epsilon,alpha,n_states,max_abs_q,mean_abs_td,coverage
1,16,3,3,0,0,1,0,0,-30.086,0.9975,0.15,14,4.7565,8.42789,0.19048
2,52,3,3,0,0,1,0,0,-25.957,0.99501,0.15,27,4.7565,3.02511,0.26543
3,76,6,6,0,0,1,0,0,-15.468,0.99253,0.15,31,4.7565,2.6738,0.30645
4,26,6,6,0,0,1,0,0,-16.244,0.99005,0.15,38,4.7565,5.85187,0.29386
5,84,6,6,0,0,1,0,0,-28.755,0.98758,0.15,43,8.2751,2.82179,0.34496
6,60,3,3,0,0,1,0,0,-35.474,0.98511,0.15,48,11.5248,2.38963,0.35764
7,62,6,6,0,0,1,0,0,-16.671,0.98265,0.15,55,14.2691,3.24438,0.34848
8,20,3,3,0,0,1,0,0,-25.63,0.9802,0.15,56,16.6377,5.10371,0.34524
9,8,1,1,0,0,1,0,0,-29.33,0.97775,0.15,56,16.6377,11.98433,0.35119
10,65,8,8,0,0,1,0,0,-13.144,0.97531,0.15,58,16.6377,3.48976,0.36494
11,7,1,1,0,0,1,0,0,-33.604,0.97287,0.15,58,16.6377,11.91735,0.36782
12,18,0,0,0,0,1,0,0,-37.974,0.97045,0.15,58,16.6377,5.88043,0.36782
13,7,0,0,0,0,1,0,0,-34.332,0.96802,0.15,59,18.6511,9.29211,0.36441
14,15,2,2,0,0,1,0,0,-30.876,0.96561,0.15,59,18.6511,7.72596,0.37571
15,22,2,2,0,0,1,0,0,-30.411,0.96319,0.15,60,18.6511,5.60006,0.375
16,15,3,3,0,0,1,0,0,-27.556,0.96079,0.15,61,18.6511,7.36868,0.37432
17,14,0,0,0,0,1,0,0,-35.906,0.95839,0.15,61,18.6511,7.41444,0.37705
18,14,1,1,0,0,1,0,0,-33.76,0.956,0.15,61,19.3507,6.13372,0.37978
19,18,3,3,0,0,1,0,0,-26.146,0.95361,0.15,62,19.3507,5.49175,0.37903
20,17,4,4,0,0,1,0,0,-22.045,0.95123,0.15,64,19.3507,8.0525,0.375
21,6,1,1,0,0,1,0,0,-33.91,0.94885,0.15,65,19.3507,16.372,0.37436
22,43,4,4,0,0,1,0,0,-24.81,0.94649,0.15,66,20.5521,2.7964,0.37879
23,13,1,1,0,0,1,0,0,-35.408,0.94412,0.15,67,20.5521,6.84934,0.37811
24,16,2,2,0,0,1,0,0,-27.37,0.94176,0.15,67,20.5521,7.33244,0.38557
25,103,11,11,0,0,1,0,0,-0.976,0.93941,0.15,70,20.5521,2.9329,0.37857
26,30,4,4,0,0,1,0,0,-20.293,0.93707,0.15,72,20.5521,4.16049,0.375
27,42,4,4,0,0,1,0,0,-24.316,0.93473,0.15,72,20.5521,3.28887,0.37963
28,13,1,1,0,0,1,0,0,-29.318,0.93239,0.15,72,20.5521,7.01694,0.37963
29,17,1,1,0,0,1,0,0,-33.971,0.93007,0.15,72,20.5521,6.78813,0.37963
30,65,2,2,0,0,1,0,0,-44.485,0.92774,0.15,74,20.3444,3.94982,0.37613
31,5,1,1,0,0,1,0,0,-30.282,0.92543,0.15,74,20.3444,14.82283,0.37838
32,5,0,0,0,0,1,0,0,-33.254,0.92312,0.15,74,20.3444,16.55198,0.37838
33,17,4,4,0,0,1,0,0,-20.662,0.92081,0.15,74,20.3444,6.74126,0.38063
34,18,1,1,0,0,1,0,0,-34.114,0.91851,0.15,74,21.3697,4.65674,0.38288
35,39,2,2,0,0,1,0,0,-35.673,0.91622,0.15,74,21.3697,3.64132,0.39189
36,23,1,1,0,0,1,0,0,-31.59,0.91393,0.15,74,22.6373,4.68458,0.39189
37,96,14,14,0,0,1,0,0,10.264,0.91165,0.15,75,22.6373,3.28653,0.4
38,25,4,4,0,0,1,0,0,-26.126,0.90937,0.15,75,22.6373,5.24555,0.40222
39,6,2,2,0,0,1,0,0,-29.564,0.9071,0.15,75,22.6373,16.0028,0.40444
40,86,8,8,0,0,1,0,0,-13.121,0.90484,0.15,76,22.9317,2.87526,0.4057
41,5,0,0,0,0,1,0,0,-35.878,0.90258,0.15,76,24.2125,12.14077,0.4057
42,67,8,8,0,0,1,0,0,-18.291,0.90032,0.15,77,24.2125,3.45716,0.40693
43,21,3,3,0,0,1,0,0,-22.685,0.89808,0.15,77,24.2125,4.75627,0.41126
44,91,8,8,0,0,1,0,0,-23.96,0.89583,0.15,77,24.2125,3.15292,0.42424
45,8,4,4,0,0,1,0,0,-21.624,0.8936,0.15,77,24.2125,9.35348,0.42424
46,5,0,0,0,0,1,0,0,-36.304,0.89137,0.15,77,25.3551,10.51453,0.42424
47,49,4,4,0,0,1,0,0,-23.087,0.88914,0.15,77,25.3551,3.22647,0.43074
48,18,3,3,0,0,1,0,0,-23.073,0.88692,0.15,77,25.3551,5.82671,0.43074
49,31,4,4,0,0,1,0,0,-26.372,0.88471,0.15,77,26.2903,3.44912,0.43074
50,22,2,2,0,0,1,0,0,-30.707,0.8825,0.15,77,26.2903,3.91357,0.43074
51,8,0,0,0,0,1,0,0,-38.998,0.88029,0.15,77,26.2903,11.5793,0.43074
52,5,0,0,0,0,1,0,0,-36.298,0.8781,0.15,77,26.2903,16.17282,0.43074
53,27,2,2,0,0,1,0,0,-29.264,0.8759,0.15,77,26.2903,2.72955,0.4329
54,120,13,13,0,0,1,0,0,-6.523,0.87372,0.15,77,26.2903,2.68759,0.43723
55,39,4,4,0,0,1,0,0,-24.288,0.87153,0.15,77,27.0313,2.95644,0.44156
56,12,2,2,0,0,1,0,0,-28.656,0.86936,0.15,77,27.0313,4.19583,0.44156
57,30,4,4,0,0,1,0,0,-26.438,0.86719,0.15,77,27.0313,5.7587,0.44372
58,85,9,9,0,0,1,0,0,-9.972,0.86502,0.15,77,27.7511,2.27657,0.44589
59,6,1,1,0,0,1,0,0,-35.32,0.86286,0.15,77,27.7511,13.7012,0.44589
60,66,14,14,0,0,1,0,0,12.697,0.86071,0.15,77,27.7511,3.75811,0.45022
61,6,1,1,0,0,1,0,0,-34.358,0.85856,0.15,77,27.7511,12.0411,0.45022
62,6,1,1,0,0,1,0,0,-29.906,0.85642,0.15,77,27.7511,10.48427,0.45022
63,8,0,0,0,0,1,0,0,-31.01,0.85428,0.15,77,27.7511,9.22151,0.45022
64,43,7,7,0,0,1,0,0,-10.418,0.85214,0.15,77,27.7511,3.90553,0.45022
65,14,2,2,0,0,1,0,0,-27.726,0.85002,0.15,77,27.7511,9.00993,0.45238
66,19,4,4,0,0,1,0,0,-23.282,0.84789,0.15,77,28.3269,4.02303,0.45238
67,73,8,8,0,0,1,0,0,-8.516,0.84578,0.15,77,28.3269,3.02977,0.45455
68,5,1,1,0,0,1,0,0,-33.768,0.84366,0.15,77,28.8344,6.92679,0.45455
69,15,3,3,0,0,1,0,0,-22.404,0.84156,0.15,77,28.8344,4.73917,0.45455
70,31,2,2,0,0,1,0,0,-31.324,0.83946,0.15,78,28.8344,4.58787,0.45085
71,103,14,14,0,0,1,0,0,11.184,0.83736,0.15,78,28.8344,3.31918,0.45513
72,37,6,6,0,0,1,0,0,-20.222,0.83527,0.15,78,28.8344,4.89502,0.45513
73,27,5,5,0,0,1,0,0,-19.768,0.83318,0.15,78,28.8344,4.64612,0.45513
74,98,11,11,0,0,1,0,0,-7.72,0.8311,0.15,78,28.8344,3.33623,0.4594
75,200,24,24,0,0,1,0,0,25.697,0.82903,0.15,78,29.2657,2.94049,0.46154
76,5,2,2,0,0,1,0,0,-28.9,0.82696,0.15,78,29.2657,7.35394,0.46154
77,80,10,10,0,0,1,0,0,-4.086,0.82489,0.15,79,29.2657,3.17244,0.45992
78,22,2,2,0,0,1,0,0,-29.418,0.82283,0.15,79,29.2657,3.43343,0.45992
79,47,7,7,0,0,1,0,0,-18.432,0.82078,0.15,79,29.2657,4.1195,0.45992
80,27,3,3,0,0,1,0,0,-22.632,0.81873,0.15,79,29.2657,3.46259,0.46203
81,39,4,4,0,0,1,0,0,-22.49,0.81669,0.15,80,29.2657,3.87952,0.46042
82,8,1,1,0,0,1,0,0,-33.978,0.81465,0.15,80,29.6504,5.22774,0.46042
83,50,3,3,0,0,1,0,0,-26.375,0.81261,0.15,80,29.6504,2.39909,0.46042
84,17,4,4,0,0,1,0,0,-21.64,0.81058,0.15,80,29.6504,6.33669,0.46042
85,14,2,2,0,0,1,0,0,-27.472,0.80856,0.15,80,29.6504,4.77332,0.46042
86,62,3,3,0,0,1,0,0,-24.225,0.80654,0.15,80,29.6504,2.56753,0.46042
87,36,3,3,0,0,1,0,0,-25.775,0.80453,0.15,80,29.9413,2.42685,0.46042
88,5,1,1,0,0,1,0,0,-30.282,0.80252,0.15,80,30.2066,13.38572,0.46042
89,222,25,25,0,0,1,0,0,38.622,0.80052,0.15,80,30.2066,2.4666,0.4625
90,25,0,0,0,0,1,0,0,-32.301,0.79852,0.15,80,30.2066,4.31058,0.4625
91,7,1,1,0,0,1,0,0,-31.52,0.79652,0.15,80,30.2066,3.70112,0.4625
92,198,24,24,0,0,1,0,0,39.995,0.79453,0.15,81,30.2066,2.82641,0.46502
93,46,8,8,0,0,1,0,0,-11.921,0.79255,0.15,81,30.2066,3.75393,0.46708
94,38,8,8,0,0,1,0,0,-10.726,0.79057,0.15,81,30.2066,4.20727,0.46708
95,13,2,2,0,0,1,0,0,-31.028,0.7886,0.15,81,30.2066,5.7952,0.46708
96,65,15,15,0,0,1,0,0,13.717,0.78663,0.15,82,30.2066,3.81614,0.46545
97,129,7,7,0,0,1,0,0,-14.253,0.78466,0.15,82,30.2066,2.19439,0.46748
98,39,5,5,0,0,1,0,0,-22.071,0.7827,0.15,82,30.2066,3.12801,0.46748
99,33,4,4,0,0,1,0,0,-21.471,0.78075,0.15,82,30.2066,2.98102,0.46748
100,115,17,17,0,0,1,0,0,17.522,0.7788,0.15,82,30.2066,3.3456,0.47154
101,74,11,11,0,0,1,0,0,-0.378,0.77686,0.15,82,30.2066,4.06125,0.47154
102,166,21,21,0,0,1,0,0,28.128,0.77492,0.15,82,30.2066,2.98117,0.47358
103,55,6,6,0,0,1,0,0,-26.216,0.77298,0.15,82,30.2066,4.23058,0.47561
104,127,20,20,0,0,1,0,0,23.885,0.77105,0.15,82,30.2066,3.05796,0.47764
105,86,13,13,0,0,1,0,0,3.517,0.76913,0.15,82,30.2066,3.57609,0.47764
106,39,3,3,0,0,1,0,0,-21.56,0.76721,0.15,82,30.2066,4.40424,0.47764
107,97,13,13,0,0,1,0,0,1.605,0.76529,0.15,82,30.2066,3.11544,0.47967
108,41,4,4,0,0,1,0,0,-20.01,0.76338,0.15,82,30.2066,3.66689,0.48171
109,12,1,1,0,0,1,0,0,-28.016,0.76147,0.15,82,30.2066,5.63205,0.48171
110,296,24,24,0,0,1,0,0,46.028,0.75957,0.15,82,30.2066,2.68595,0.48171
111,13,0,0,0,0,1,0,0,-35.834,0.75768,0.15,82,30.2066,8.76114,0.48171
112,118,21,21,0,0,1,0,0,30.05,0.75578,0.15,82,30.2066,3.2631,0.48171
113,48,7,7,0,0,1,0,0,-13.019,0.7539,0.15,82,30.2066,3.58119,0.48171
114,26,3,3,0,0,1,0,0,-24.428,0.75201,0.15,82,30.2066,3.39148,0.48171
115,30,3,3,0,0,1,0,0,-27.329,0.75014,0.15,82,30.2066,4.8011,0.48171
116,18,3,3,0,0,1,0,0,-23.27,0.74826,0.15,82,30.2066,5.40542,0.48171
117,10,2,2,0,0,1,0,0,-28.236,0.7464,0.15,82,30.2066,4.68775,0.48171
118,5,0,0,0,0,1,0,0,-34.51,0.74453,0.15,82,30.2066,7.31295,0.48171
119,80,11,11,0,0,1,0,0,0.626,0.74267,0.15,82,30.2066,3.09218,0.48171
120,95,13,13,0,0,1,0,0,3.877,0.74082,0.15,82,30.2066,3.84726,0.48171
121,74,11,11,0,0,1,0,0,-1.054,0.73897,0.15,82,30.2066,3.13478,0.48171
122,54,7,7,0,0,1,0,0,-18.452,0.73712,0.15,82,30.2066,3.02325,0.48171
123,93,11,11,0,0,1,0,0,-0.109,0.73528,0.15,82,30.2066,3.16641,0.48374
124,54,8,8,0,0,1,0,0,-12.262,0.73345,0.15,82,30.2066,3.48616,0.48374
125,48,7,7,0,0,1,0,0,-13.914,0.73162,0.15,82,30.2066,3.76266,0.48577
126,6,1,1,0,0,1,0,0,-31.712,0.72979,0.15,82,30.2066,6.45811,0.48577
127,173,18,18,0,0,1,0,0,23.121,0.72797,0.15,84,30.2066,2.37411,0.47817
128,188,24,24,0,0,1,0,0,31.274,0.72615,0.15,84,30.2066,2.87625,0.47817
129,12,3,3,0,0,1,0,0,-22.51,0.72434,0.15,84,30.2066,6.24894,0.47817
130,7,1,1,0,0,1,0,0,-28.848,0.72253,0.15,84,30.2066,8.09199,0.47817
131,127,21,21,0,0,1,0,0,30.019,0.72072,0.15,84,30.2066,3.73621,0.47817
132,18,2,2,0,0,1,0,0,-30.166,0.71892,0.15,84,30.2066,5.48163,0.47817
133,68,13,13,0,0,1,0,0,6.731,0.71713,0.15,84,30.2066,3.37759,0.47817
134,9,2,2,0,0,1,0,0,-26.908,0.71534,0.15,84,30.2066,8.07743,0.47817
135,37,8,8,0,0,1,0,0,-12.587,0.71355,0.15,84,30.2066,3.99296,0.47817
136,7,0,0,0,0,1,0,0,-35.852,0.71177,0.15,84,30.4141,7.04059,0.47817
137,221,29,29,0,0,1,0,0,58.65,0.70999,0.15,84,30.4141,2.73058,0.48016
138,34,10,10,0,0,1,0,0,-4.762,0.70822,0.15,84,30.6085,4.43493,0.48016
139,108,17,17,0,0,1,0,0,17.153,0.70645,0.15,84,30.6085,3.44609,0.48016
140,104,18,18,0,0,1,0,0,27.662,0.70469,0.15,84,30.6085,3.04924,0.48016
141,36,5,5,0,0,1,0,0,-17.706,0.70293,0.15,84,30.6085,4.30466,0.48016
142,79,15,15,0,0,1,0,0,12.907,0.70117,0.15,84,30.6085,3.47229,0.48214
143,138,31,31,0,0,1,0,0,61.943,0.69942,0.15,84,30.6085,3.88318,0.48611
144,164,24,24,0,0,1,0,0,30.679,0.69768,0.15,84,30.6085,3.30718,0.48611
145,72,13,13,0,0,1,0,0,4.899,0.69593,0.15,84,30.6085,3.87675,0.4881
146,5,1,1,0,0,1,0,0,-30.506,0.6942,0.15,84,30.7557,12.40086,0.4881
147,134,25,25,0,0,1,0,0,45.952,0.69246,0.15,84,30.7557,3.75274,0.4881
148,216,27,27,0,0,1,0,0,46.968,0.69073,0.15,84,30.7557,3.9027,0.4881
149,71,15,15,0,0,1,0,0,10.977,0.68901,0.15,84,30.7557,4.35753,0.4881
150,60,12,12,0,0,1,0,0,4.601,0.68729,0.15,84,30.7557,3.37228,0.4881
151,8,1,1,0,0,1,0,0,-31.154,0.68557,0.15,84,30.7557,9.4665,0.4881
152,21,4,4,0,0,1,0,0,-22.236,0.68386,0.15,84,30.8449,4.52357,0.4881
153,40,9,9,0,0,1,0,0,-2.52,0.68215,0.15,84,30.8449,4.45858,0.4881
154,55,9,9,0,0,1,0,0,-2.95,0.68045,0.15,84,30.8449,3.93375,0.4881
155,18,6,6,0,0,1,0,0,-12.072,0.67875,0.15,84,30.8449,6.3296,0.4881
156,18,4,4,0,0,1,0,0,-23.476,0.67706,0.15,85,30.8449,8.00928,0.48431
157,157,17,17,0,0,1,0,0,17.03,0.67537,0.15,85,30.8449,3.39524,0.48431
158,6,2,2,0,0,1,0,0,-28.958,0.67368,0.15,85,30.8449,6.70299,0.48431
159,51,11,11,0,0,1,0,0,-0.231,0.672,0.15,85,30.8449,3.29161,0.48431
160,65,12,12,0,0,1,0,0,-1.808,0.67032,0.15,85,30.8449,3.64179,0.48431
161,6,1,1,0,0,1,0,0,-30.008,0.66865,0.15,85,30.8449,12.46816,0.48431
162,25,4,4,0,0,1,0,0,-24.033,0.66698,0.15,85,30.8449,5.31601,0.48431
163,90,12,12,0,0,1,0,0,2.187,0.66531,0.15,85,30.8449,3.01638,0.48824
164,82,14,14,0,0,1,0,0,7.867,0.66365,0.15,85,30.9386,3.87023,0.4902
165,99,13,13,0,0,1,0,0,9.897,0.66199,0.15,85,30.9386,3.13524,0.4902
166,37,7,7,0,0,1,0,0,-11.659,0.66034,0.15,85,30.9386,2.91036,0.4902
167,58,6,6,0,0,1,0,0,-14.227,0.65869,0.15,85,30.9386,3.53641,0.49216
168,79,16,16,0,0,1,0,0,14.759,0.65705,0.15,85,30.9386,3.72513,0.49216
169,16,2,2,0,0,1,0,0,-27.845,0.65541,0.15,85,30.9386,6.20436,0.49216
170,55,13,13,0,0,1,0,0,5.272,0.65377,0.15,85,30.9386,4.23207,0.49216
171,137,18,18,0,0,1,0,0,16.858,0.65214,0.15,86,30.9386,3.30874,0.48837
172,133,16,16,0,0,1,0,0,15.093,0.65051,0.15,86,31.0723,2.46293,0.48837
173,67,14,14,0,0,1,0,0,4.821,0.64888,0.15,86,31.0723,4.63777,0.48837
174,7,0,0,0,0,1,0,0,-36.346,0.64726,0.15,86,31.0723,14.7249,0.49031
175,118,18,18,0,0,1,0,0,22.522,0.64565,0.15,86,31.0723,3.07419,0.49031
176,400,47,47,0,0,0,0,1,165.108,0.64404,0.15,86,31.0723,2.4884,0.49031
177,400,49,49,0,0,0,0,1,161.293,0.64243,0.15,86,31.0723,2.97602,0.49225
178,27,5,5,0,0,1,0,0,-19.019,0.64082,0.15,86,31.0723,4.50738,0.49225
179,39,9,9,0,0,1,0,0,-9.458,0.63922,0.15,86,31.0723,4.1394,0.49225
180,18,3,3,0,0,1,0,0,-26.504,0.63763,0.15,86,31.0723,4.17608,0.49225
181,27,5,5,0,0,1,0,0,-15.344,0.63604,0.15,86,31.0723,4.78795,0.49225
182,160,19,19,0,0,1,0,0,19.325,0.63445,0.15,86,31.168,3.32159,0.49225
183,64,6,6,0,0,1,0,0,-17.519,0.63286,0.15,86,31.168,3.50668,0.49419
184,48,7,7,0,0,1,0,0,-10.689,0.63128,0.15,86,31.168,2.94041,0.49419
185,154,23,23,0,0,1,0,0,50.049,0.62971,0.15,87,31.168,2.71808,0.49234
186,5,0,0,0,0,1,0,0,-35.512,0.62814,0.15,87,31.168,6.53097,0.49234
187,317,38,38,0,0,1,0,0,90.165,0.62657,0.15,87,31.168,2.9676,0.49425
188,97,12,12,0,0,1,0,0,9.003,0.625,0.15,87,31.168,2.65328,0.49425
189,14,3,3,0,0,1,0,0,-25.012,0.62344,0.15,87,31.168,4.59011,0.49425
190,400,49,49,0,0,0,0,1,184.473,0.62189,0.15,87,31.168,2.3907,0.49425
191,151,22,22,0,0,1,0,0,34.961,0.62033,0.15,87,31.168,3.16355,0.49425
192,40,6,6,0,0,1,0,0,-19.626,0.61878,0.15,87,31.2493,2.98795,0.49425
193,148,22,22,0,0,1,0,0,43.9,0.61724,0.15,87,31.2493,3.0322,0.49425
194,19,4,4,0,0,1,0,0,-21.554,0.6157,0.15,87,31.2493,5.56598,0.49425
195,199,29,29,0,0,1,0,0,56.111,0.61416,0.15,87,31.2493,2.94413,0.49425
196,23,3,3,0,0,1,0,0,-26.956,0.61263,0.15,87,31.2493,3.64232,0.49425
197,69,12,12,0,0,1,0,0,7.492,0.6111,0.15,87,31.2493,3.42219,0.49425
198,302,44,44,0,0,1,0,0,102.806,0.60957,0.15,87,31.2824,3.03628,0.49425
199,7,1,1,0,0,1,0,0,-30.484,0.60805,0.15,87,31.2824,8.50213,0.49425
200,400,48,48,0,0,0,0,1,161.989,0.60653,0.15,87,31.2824,2.8297,0.49425
201,167,25,25,0,0,1,0,0,46.673,0.60502,0.15,87,31.2824,2.74146,0.49425
202,13,2,2,0,0,1,0,0,-26.586,0.60351,0.15,87,31.2824,4.71143,0.49425
203,52,11,11,0,0,1,0,0,-0.428,0.602,0.15,87,31.2824,3.07139,0.49425
204,179,33,33,0,0,1,0,0,70.734,0.6005,0.15,87,31.2824,3.2509,0.49617
205,110,27,27,0,0,1,0,0,56.798,0.599,0.15,87,31.2824,3.06326,0.49617
206,253,41,41,0,0,1,0,0,103.163,0.5975,0.15,87,31.2824,3.27247,0.49617
207,274,47,47,0,0,1,0,0,136.897,0.59601,0.15,87,31.2824,3.03513,0.5
208,33,9,9,0,0,1,0,0,-4.819,0.59452,0.15,87,31.2824,5.9184,0.5
209,43,11,11,0,0,1,0,0,3.357,0.59304,0.15,87,31.2824,3.95048,0.5
210,79,21,21,0,0,1,0,0,33.144,0.59156,0.15,87,31.2824,3.93022,0.5
211,68,12,12,0,0,1,0,0,0.041,0.59008,0.15,87,31.2824,3.4249,0.5
212,9,0,0,0,0,1,0,0,-35.868,0.5886,0.15,87,31.2925,4.80427,0.5
213,22,0,0,0,0,1,0,0,-34.099,0.58714,0.15,87,31.2925,5.86743,0.5
214,56,11,11,0,0,1,0,0,2.118,0.58567,0.15,87,31.2925,2.8435,0.5
215,150,34,34,0,0,1,0,0,77.208,0.58421,0.15,87,31.2925,3.40358,0.5
216,18,2,2,0,0,1,0,0,-30.68,0.58275,0.15,87,31.2925,6.17021,0.5
217,274,46,46,0,0,1,0,0,117.283,0.58129,0.15,88,31.2925,3.34042,0.49621
218,34,9,9,0,0,1,0,0,-6.499,0.57984,0.15,88,31.2925,4.6008,0.49621
219,42,5,5,0,0,1,0,0,-16.939,0.57839,0.15,89,31.2925,4.73874,0.49251
220,37,7,7,0,0,1,0,0,-10.142,0.57695,0.15,89,31.2925,3.75569,0.49251
221,6,2,2,0,0,1,0,0,-28.958,0.57551,0.15,89,31.2925,5.52197,0.49251
222,42,9,9,0,0,1,0,0,-10.225,0.57407,0.15,89,31.2925,3.63591,0.49251
223,23,4,4,0,0,1,0,0,-18.864,0.57264,0.15,89,31.2925,4.38174,0.49251
224,97,24,24,0,0,1,0,0,47.27,0.57121,0.15,89,31.2925,3.56856,0.49251
225,41,10,10,0,0,1,0,0,-3.002,0.56978,0.15,89,31.2925,4.47622,0.49251
226,275,41,41,0,0,1,0,0,97.404,0.56836,0.15,89,31.2925,3.07493,0.49251
227,48,7,7,0,0,1,0,0,-13.33,0.56694,0.15,89,31.2925,3.09173,0.49251
228,253,44,44,0,0,1,0,0,115.838,0.56553,0.15,90,31.2925,2.80549,0.48889
229,85,22,22,0,0,1,0,0,35.446,0.56411,0.15,90,31.2925,3.53351,0.49074
230,68,16,16,0,0,1,0,0,15.456,0.5627,0.15,90,31.2925,3.09748,0.49074
231,5,1,1,0,0,1,0,0,-28.742,0.5613,0.15,90,31.2925,14.30685,0.49074
232,133,26,26,0,0,1,0,0,52.802,0.5599,0.15,90,31.2925,3.14772,0.49074
233,123,24,24,0,0,1,0,0,47.737,0.5585,0.15,90,31.2925,3.05982,0.49074
234,79,18,18,0,0,1,0,0,23.739,0.55711,0.15,90,31.2925,4.12266,0.49074
235,62,17,17,0,0,1,0,0,19.197,0.55571,0.15,90,31.2925,4.18554,0.49074
236,265,50,50,0,0,0,0,1,160.358,0.55433,0.15,90,31.2925,3.21502,0.49074
237,31,8,8,0,0,1,0,0,-5.853,0.55294,0.15,90,31.2925,4.56167,0.49074
238,264,34,34,0,0,1,0,0,84.105,0.55156,0.15,90,31.2925,3.11494,0.49074
239,109,20,20,0,0,1,0,0,27.689,0.55019,0.15,90,31.2925,2.86171,0.49074
240,180,28,28,0,0,1,0,0,59.691,0.54881,0.15,91,31.2925,3.42362,0.48718
241,22,3,3,0,0,1,0,0,-26.58,0.54744,0.15,91,31.2925,4.38506,0.48718
242,55,19,19,0,0,1,0,0,27.8,0.54607,0.15,91,31.2925,5.14379,0.48718
243,8,2,2,0,0,1,0,0,-28.546,0.54471,0.15,91,31.2925,9.19972,0.48718
244,94,20,20,0,0,1,0,0,31.573,0.54335,0.15,91,31.2925,3.10778,0.48718
245,297,50,50,0,0,0,0,1,180.764,0.54199,0.15,101,31.2925,2.78564,0.4604
246,164,27,27,0,0,1,0,0,49.698,0.54064,0.15,101,31.2925,3.27135,0.4604
247,164,23,23,0,0,1,0,0,37.692,0.53929,0.15,101,31.2925,2.61122,0.4604
248,62,17,17,0,0,1,0,0,16.979,0.53794,0.15,101,31.2925,4.14322,0.4604
249,9,1,1,0,0,1,0,0,-31.306,0.5366,0.15,101,31.2925,9.23159,0.4604
250,40,8,8,0,0,1,0,0,-12.691,0.53526,0.15,101,31.3552,4.84074,0.4604
251,56,15,15,0,0,1,0,0,16.11,0.53392,0.15,101,31.3552,3.95279,0.4604
252,60,14,14,0,0,1,0,0,17.535,0.53259,0.15,101,31.3552,4.648,0.4604
253,148,35,35,0,0,1,0,0,78.219,0.53126,0.15,101,31.3552,3.68335,0.4604
254,50,16,16,0,0,1,0,0,16.517,0.52994,0.15,101,31.3552,4.02369,0.46205
255,36,7,7,0,0,1,0,0,-13.016,0.52861,0.15,101,31.3552,4.18574,0.46205
256,44,8,8,0,0,1,0,0,-5.744,0.52729,0.15,101,31.3552,4.17571,0.46205
257,44,7,7,0,0,1,0,0,-10.789,0.52598,0.15,101,31.4084,4.14841,0.46205
258,41,5,5,0,0,1,0,0,-20.851,0.52466,0.15,101,31.4084,4.23889,0.46205
259,358,50,50,0,0,0,0,1,175.008,0.52335,0.15,101,31.4084,3.10486,0.46205
260,98,22,22,0,0,1,0,0,38.253,0.52205,0.15,101,31.4084,2.87206,0.46205
261,137,26,26,0,0,1,0,0,54.29,0.52074,0.15,102,31.4084,3.04564,0.46078
262,209,50,50,0,0,0,0,1,168.748,0.51944,0.15,103,31.4084,3.26644,0.45793
263,199,31,31,0,0,1,0,0,53.691,0.51815,0.15,103,31.3456,3.59637,0.45793
264,207,23,23,0,0,1,0,0,35.788,0.51685,0.15,103,31.3456,3.11274,0.45793
265,278,41,41,0,0,1,0,0,110.013,0.51556,0.15,103,31.4003,2.60867,0.45793
266,246,50,50,0,0,0,0,1,167.594,0.51427,0.15,103,31.4003,2.74362,0.45955
267,170,46,46,0,0,1,0,0,121.066,0.51299,0.15,103,31.4467,3.12521,0.45955
268,20,4,4,0,0,1,0,0,-20.969,0.51171,0.15,103,31.4467,5.24681,0.45955
269,143,28,28,0,0,1,0,0,69.779,0.51043,0.15,103,31.4467,2.75002,0.45955
270,23,7,7,0,0,1,0,0,-10.88,0.50916,0.15,103,31.4862,5.64091,0.45955
271,256,47,47,0,0,1,0,0,139.067,0.50789,0.15,103,31.4862,2.96957,0.46117
272,41,12,12,0,0,1,0,0,4.84,0.50662,0.15,103,31.4862,4.07768,0.46117
273,71,20,20,0,0,1,0,0,34.207,0.50535,0.15,103,31.4862,4.15259,0.46117
274,322,50,50,0,0,0,0,1,177.596,0.50409,0.15,103,31.4862,3.07928,0.46278
275,108,24,24,0,0,1,0,0,48.246,0.50283,0.15,103,31.4862,3.34673,0.46278
276,337,46,46,0,0,1,0,0,122.138,0.50158,0.15,103,31.4862,2.88555,0.46278
277,141,18,18,0,0,1,0,0,21.173,0.50032,0.15,103,31.4862,3.34707,0.46278
278,362,50,50,0,0,0,0,1,184.538,0.49907,0.15,103,31.4862,2.58953,0.46278
279,299,39,39,0,0,1,0,0,93.887,0.49783,0.15,103,31.4862,3.05882,0.46278
280,56,14,14,0,0,1,0,0,8.635,0.49659,0.15,104,31.4862,3.68299,0.45994
281,225,42,42,0,0,1,0,0,114.671,0.49535,0.15,104,31.4862,2.59683,0.45994
282,205,47,47,0,0,1,0,0,125.296,0.49411,0.15,104,31.4862,2.90808,0.45994
283,30,7,7,0,0,1,0,0,-14.611,0.49287,0.15,104,31.4862,4.0004,0.45994
284,136,24,24,0,0,1,0,0,53.539,0.49164,0.15,104,31.4862,2.96946,0.45994
285,175,37,37,0,0,1,0,0,94.488,0.49042,0.15,104,31.4862,3.23511,0.45994
286,53,7,7,0,0,1,0,0,-7.027,0.48919,0.15,104,31.4862,3.40697,0.45994
287,39,10,10,0,0,1,0,0,-3.666,0.48797,0.15,104,31.4862,4.31383,0.45994
288,91,20,20,0,0,1,0,0,33.068,0.48675,0.15,104,31.4862,3.59544,0.45994
289,400,47,47,0,0,0,0,1,164.014,0.48554,0.15,104,31.4862,2.94396,0.45994
290,289,50,50,0,0,0,0,1,175.586,0.48432,0.15,104,31.4862,2.69993,0.46154
291,83,19,19,0,0,1,0,0,35.429,0.48312,0.15,104,31.4862,2.85833,0.46154
292,100,24,24,0,0,1,0,0,52.544,0.48191,0.15,104,31.4862,3.30115,0.46154
293,312,48,48,0,0,1,0,0,129.009,0.48071,0.15,104,31.4862,3.09494,0.46154
294,175,36,36,0,0,1,0,0,93.34,0.47951,0.15,104,31.4862,2.91517,0.46154
295,232,50,50,0,0,0,0,1,173.043,0.47831,0.15,104,31.4862,2.88855,0.46154
296,203,44,44,0,0,1,0,0,128.21,0.47711,0.15,104,31.4862,3.11012,0.46154
297,265,50,50,0,0,0,0,1,172.109,0.47592,0.15,105,31.4862,2.78982,0.45873
298,142,27,27,0,0,1,0,0,63.98,0.47473,0.15,105,31.4862,3.43681,0.45873
299,16,6,6,0,0,1,0,0,-14.529,0.47355,0.15,105,31.4862,5.93411,0.45873
300,158,34,34,0,0,1,0,0,96.526,0.47237,0.15,105,31.4862,2.77136,0.45873
301,111,27,27,0,0,1,0,0,54.377,0.47119,0.15,105,31.4862,3.91704,0.45873
302,258,49,49,0,0,1,0,0,147.676,0.47001,0.15,105,31.4862,3.12498,0.45873
303,121,23,23,0,0,1,0,0,35.749,0.46884,0.15,105,31.4862,3.72956,0.45873
304,10,3,3,0,0,1,0,0,-21.648,0.46767,0.15,105,31.4862,7.89229,0.45873
305,297,48,48,0,0,1,0,0,131.344,0.4665,0.15,105,31.4862,3.22798,0.46032
306,8,0,0,0,0,1,0,0,-34.15,0.46533,0.15,105,31.4862,9.35619,0.46032
307,19,4,4,0,0,1,0,0,-20.698,0.46417,0.15,105,31.4862,5.39159,0.46032
308,128,18,18,0,0,1,0,0,23.419,0.46301,0.15,105,31.4862,2.90994,0.46032
309,189,17,17,0,0,1,0,0,23.854,0.46186,0.15,105,31.4862,2.7388,0.46032
310,48,10,10,0,0,1,0,0,-5.543,0.4607,0.15,106,31.4862,4.74841,0.45755
311,400,44,44,0,0,0,0,1,146.011,0.45955,0.15,106,31.4862,2.91929,0.45755
312,10,1,1,0,0,1,0,0,-29.15,0.45841,0.15,106,31.4862,4.76223,0.45755
313,9,1,1,0,0,1,0,0,-30.51,0.45726,0.15,106,31.4862,6.82913,0.45755
314,105,21,21,0,0,1,0,0,32.598,0.45612,0.15,106,31.4862,3.18904,0.45912
315,125,13,13,0,0,1,0,0,-3.366,0.45498,0.15,106,31.4862,3.51403,0.45912
316,57,4,4,0,0,1,0,0,-18.981,0.45384,0.15,106,31.4862,3.59276,0.45912
317,124,22,22,0,0,1,0,0,31.819,0.45271,0.15,106,31.4862,2.97564,0.45912
318,325,50,50,0,0,0,0,1,165.596,0.45158,0.15,108,31.4862,2.86664,0.4537
319,346,50,50,0,0,0,0,1,170.222,0.45045,0.15,108,31.4862,2.91213,0.4537
320,400,50,50,0,0,0,0,1,185.976,0.44933,0.15,108,31.4862,2.23524,0.4537
321,229,35,35,0,0,1,0,0,83.23,0.44821,0.15,108,31.4862,2.58457,0.4537
322,398,50,50,0,0,0,0,1,155.601,0.44709,0.15,108,31.4862,2.14303,0.45525
323,98,22,22,0,0,1,0,0,34.145,0.44597,0.15,108,31.4862,3.64519,0.45525
324,49,11,11,0,0,1,0,0,4.776,0.44486,0.15,108,31.4862,4.35657,0.45525
325,167,39,39,0,0,1,0,0,105.002,0.44375,0.15,108,31.4862,3.19846,0.45525
326,208,31,31,0,0,1,0,0,66.177,0.44264,0.15,108,31.4862,2.93505,0.45525
327,120,22,22,0,0,1,0,0,38.782,0.44153,0.15,108,31.4862,3.0808,0.45525
328,62,14,14,0,0,1,0,0,7.469,0.44043,0.15,108,31.4478,4.22186,0.45525
329,9,1,1,0,0,1,0,0,-32.028,0.43933,0.15,108,31.4478,7.67459,0.45525
330,256,50,50,0,0,0,0,1,176.945,0.43823,0.15,108,31.4478,2.73903,0.45525
331,114,28,28,0,0,1,0,0,59.762,0.43714,0.15,108,31.4478,3.1539,0.45525
332,296,50,50,0,0,0,0,1,187.679,0.43605,0.15,108,31.4478,2.53016,0.45525
333,165,37,37,0,0,1,0,0,93.234,0.43496,0.15,108,31.4478,3.01066,0.45525
334,248,50,50,0,0,0,0,1,174.963,0.43387,0.15,109,31.4478,3.18737,0.4526
335,7,1,1,0,0,1,0,0,-31.984,0.43279,0.15,109,31.4478,9.1204,0.4526
336,60,20,20,0,0,1,0,0,31.847,0.43171,0.15,109,31.4478,3.57381,0.4526
337,49,13,13,0,0,1,0,0,13.007,0.43063,0.15,109,31.4478,4.30925,0.4526
338,95,27,27,0,0,1,0,0,56.561,0.42956,0.15,109,31.4478,3.81575,0.4526
339,261,50,50,0,0,0,0,1,173.344,0.42848,0.15,111,31.4478,2.90604,0.45045
340,205,50,50,0,0,0,0,1,182.034,0.42741,0.15,111,31.4478,2.8583,0.45045
341,15,4,4,0,0,1,0,0,-22.728,0.42635,0.15,111,31.4478,7.53737,0.45045
342,16,5,5,0,0,1,0,0,-15.158,0.42528,0.15,111,31.4478,6.73173,0.45045
343,191,50,50,0,0,0,0,1,180.966,0.42422,0.15,111,31.4478,3.02496,0.45045
344,155,35,35,0,0,1,0,0,89.417,0.42316,0.15,111,31.4871,3.69391,0.45045
345,236,50,50,0,0,0,0,1,189.524,0.42211,0.15,111,31.4871,3.12945,0.45045
346,42,8,8,0,0,1,0,0,-8.382,0.42105,0.15,111,31.4871,3.76194,0.45045
347,293,50,50,0,0,0,0,1,184.259,0.42,0.15,114,31.4871,2.76704,0.44298
348,31,12,12,0,0,1,0,0,4.448,0.41895,0.15,114,31.4871,4.6918,0.44298
349,279,50,50,0,0,0,0,1,186.543,0.41791,0.15,114,31.4871,3.10345,0.44298
350,127,33,33,0,0,1,0,0,76.365,0.41686,0.15,114,31.4871,3.66116,0.44298
351,226,50,50,0,0,0,0,1,184.374,0.41582,0.15,114,31.4871,2.91198,0.44444
352,271,50,50,0,0,0,0,1,180.971,0.41478,0.15,115,31.4871,2.82919,0.44203
353,67,21,21,0,0,1,0,0,32.152,0.41375,0.15,115,31.4871,3.76182,0.44203
354,264,50,50,0,0,0,0,1,186.701,0.41271,0.15,115,31.4871,2.49193,0.44203
355,26,3,3,0,0,1,0,0,-29.463,0.41168,0.15,115,31.4846,4.85566,0.44203
356,189,44,44,0,0,1,0,0,120.534,0.41066,0.15,115,31.4846,3.5635,0.44203
357,117,32,32,0,0,1,0,0,75.57,0.40963,0.15,115,31.4846,3.32128,0.44203
358,59,13,13,0,0,1,0,0,14.188,0.40861,0.15,115,31.4846,3.55756,0.44203
359,227,44,44,0,0,1,0,0,119.854,0.40759,0.15,115,31.4846,3.1357,0.44203
360,220,50,50,0,0,0,0,1,179.184,0.40657,0.15,115,31.4846,2.96718,0.44203
361,228,50,50,0,0,0,0,1,170.279,0.40555,0.15,115,31.4846,2.74477,0.44203
362,20,5,5,0,0,1,0,0,-17.816,0.40454,0.15,115,31.4846,3.96456,0.44203
363,248,50,50,0,0,0,0,1,178.691,0.40353,0.15,115,31.4846,2.75682,0.44203
364,72,16,16,0,0,1,0,0,21.138,0.40252,0.15,115,31.4846,3.24181,0.44203
365,132,28,28,0,0,1,0,0,58.328,0.40152,0.15,115,31.4846,3.14775,0.44203
366,232,48,48,0,0,1,0,0,136.808,0.40052,0.15,115,31.4846,2.89689,0.44203
367,72,19,19,0,0,1,0,0,29.351,0.39952,0.15,115,31.4846,3.37708,0.44203
368,19,3,3,0,0,1,0,0,-24.535,0.39852,0.15,115,31.4846,5.52149,0.44203
369,191,44,44,0,0,1,0,0,124.229,0.39752,0.15,115,31.5184,3.17546,0.44203
370,161,44,44,0,0,1,0,0,113.146,0.39653,0.15,115,31.5184,3.6977,0.44203
371,51,7,7,0,0,1,0,0,-10.682,0.39554,0.15,115,31.5184,3.92323,0.44203
372,240,50,50,0,0,0,0,1,179.575,0.39455,0.15,115,31.5184,2.72505,0.44493
373,96,26,26,0,0,1,0,0,52.274,0.39357,0.15,115,31.5184,3.87066,0.44493
374,32,10,10,0,0,1,0,0,1.334,0.39259,0.15,115,31.5184,4.82056,0.44493
375,44,14,14,0,0,1,0,0,13.625,0.39161,0.15,115,31.5111,4.00303,0.44493
376,21,5,5,0,0,1,0,0,-20.428,0.39063,0.15,115,31.5111,5.7897,0.44493
377,14,4,4,0,0,1,0,0,-18.124,0.38965,0.15,115,31.5111,5.32874,0.44493
378,197,50,50,0,0,0,0,1,181.125,0.38868,0.15,115,31.5111,2.74926,0.44493
379,162,36,36,0,0,1,0,0,95.693,0.38771,0.15,115,31.5409,3.14782,0.44493
380,222,50,50,0,0,0,0,1,185.946,0.38674,0.15,116,31.5409,2.50577,0.44253
381,33,5,5,0,0,1,0,0,-12.721,0.38578,0.15,116,31.5409,4.01784,0.44253
382,201,50,50,0,0,0,0,1,183.535,0.38481,0.15,116,31.5409,2.73718,0.44253
383,255,50,50,0,0,0,0,1,179.691,0.38385,0.15,116,31.5409,2.83309,0.44253
384,229,42,42,0,0,1,0,0,114.044,0.38289,0.15,116,31.5409,3.11416,0.44253
385,179,40,40,0,0,1,0,0,97.51,0.38194,0.15,116,31.5409,2.89623,0.44253
386,226,50,50,0,0,0,0,1,186.959,0.38098,0.15,116,31.5409,2.70046,0.44253
387,180,50,50,0,0,0,0,1,173.091,0.38003,0.15,116,31.5409,2.65524,0.44253
388,14,2,2,0,0,1,0,0,-28.294,0.37908,0.15,116,31.5409,8.03716,0.44253
389,21,6,6,0,0,1,0,0,-11.602,0.37814,0.15,116,31.5409,5.43011,0.44253
390,212,50,50,0,0,0,0,1,183.786,0.37719,0.15,116,31.5409,2.90406,0.44253
391,106,30,30,0,0,1,0,0,70.117,0.37625,0.15,116,31.5409,3.23215,0.44253
392,20,4,4,0,0,1,0,0,-24.276,0.37531,0.15,116,31.5303,6.50147,0.44253
393,64,18,18,0,0,1,0,0,28.783,0.37437,0.15,116,31.5303,3.61723,0.44253
394,69,21,21,0,0,1,0,0,37.082,0.37344,0.15,116,31.5303,2.85549,0.44253
395,163,36,36,0,0,1,0,0,90.071,0.37251,0.15,116,31.5303,2.8006,0.44253
396,184,50,50,0,0,0,0,1,179.011,0.37158,0.15,116,31.5303,2.75341,0.44253
397,213,50,50,0,0,0,0,1,184.138,0.37065,0.15,116,31.5303,2.55877,0.44253
398,93,23,23,0,0,1,0,0,45.242,0.36972,0.15,116,31.5303,4.18259,0.44253
399,224,50,50,0,0,0,0,1,175.787,0.3688,0.15,116,31.5303,2.8476,0.44397
400,11,1,1,0,0,1,0,0,-29.458,0.36788,0.15,116,31.5303,6.57965,0.44397
401,184,34,34,0,0,1,0,0,80.756,0.36696,0.15,116,31.5303,3.66344,0.44397
402,54,9,9,0,0,1,0,0,-6.31,0.36604,0.15,116,31.5303,4.04817,0.44397
403,311,50,50,0,0,0,0,1,168.26,0.36513,0.15,116,31.5303,2.80236,0.44397
404,317,50,50,0,0,0,0,1,191.196,0.36422,0.15,116,31.5303,2.41141,0.44397
405,400,46,46,0,0,0,0,1,153.125,0.36331,0.15,116,31.5303,2.82661,0.44397
406,61,6,6,0,0,1,0,0,-15.961,0.3624,0.15,116,31.5303,3.09612,0.44397
407,383,48,48,0,0,1,0,0,124.012,0.3615,0.15,116,31.4313,2.73168,0.44397
408,315,50,50,0,0,0,0,1,181.729,0.36059,0.15,116,31.4313,2.46308,0.4454
409,94,25,25,0,0,1,0,0,49.053,0.35969,0.15,116,31.4313,2.85751,0.4454
410,61,19,19,0,0,1,0,0,35.136,0.3588,0.15,116,31.4313,3.28313,0.4454
411,227,50,50,0,0,0,0,1,182.17,0.3579,0.15,116,31.4313,3.08315,0.4454
412,122,32,32,0,0,1,0,0,68.053,0.35701,0.15,116,31.4313,3.21499,0.4454
413,237,50,50,0,0,0,0,1,164.516,0.35612,0.15,116,31.4313,2.97063,0.4454
414,234,50,50,0,0,0,0,1,168.297,0.35523,0.15,116,31.4313,2.44481,0.4454
415,208,50,50,0,0,0,0,1,187.114,0.35434,0.15,117,31.4313,3.20642,0.44444
416,169,49,49,0,0,1,0,0,130.481,0.35345,0.15,117,31.4313,3.55032,0.44444
417,260,50,50,0,0,0,0,1,177.241,0.35257,0.15,117,31.4313,2.72623,0.44444
418,48,9,9,0,0,1,0,0,-4.265,0.35169,0.15,117,31.4313,3.08673,0.44444
419,8,1,1,0,0,1,0,0,-30.154,0.35081,0.15,117,31.4313,7.76613,0.44444
420,136,41,41,0,0,1,0,0,113.805,0.34994,0.15,117,31.4313,3.31435,0.44444
421,240,50,50,0,0,1,0,0,136.965,0.34906,0.15,119,31.4313,3.30085,0.44398
422,242,50,50,0,0,0,0,1,184.575,0.34819,0.15,120,31.4313,2.64329,0.44167
423,143,39,39,0,0,1,0,0,106.448,0.34732,0.15,120,31.4313,3.08473,0.44167
424,240,50,50,0,0,0,0,1,190.529,0.34646,0.15,120,31.4313,2.81933,0.44167
425,22,2,2,0,0,1,0,0,-27.716,0.34559,0.15,120,31.4313,5.96321,0.44167
426,68,20,20,0,0,1,0,0,31.66,0.34473,0.15,120,31.4313,3.05247,0.44167
427,173,38,38,0,0,1,0,0,104.073,0.34387,0.15,120,31.4313,2.84168,0.44167
428,216,50,50,0,0,0,0,1,187.355,0.34301,0.15,120,31.4313,2.55561,0.44167
429,219,50,50,0,0,0,0,1,187.548,0.34215,0.15,120,31.4313,2.53057,0.44167
430,207,50,50,0,0,0,0,1,191.38,0.3413,0.15,120,31.4313,2.72413,0.44167
431,216,46,46,0,0,1,0,0,136.612,0.34045,0.15,120,31.4313,2.85432,0.44306
432,186,50,50,0,0,0,0,1,178.116,0.3396,0.15,120,31.4313,2.77889,0.44306
433,138,40,40,0,0,1,0,0,112.06,0.33875,0.15,120,31.4011,3.15855,0.44306
434,244,50,50,0,0,0,0,1,193.279,0.3379,0.15,120,31.4011,2.87771,0.44306
435,212,50,50,0,0,0,0,1,186.235,0.33706,0.15,120,31.4011,2.47628,0.44306
436,147,46,46,0,0,1,0,0,130.134,0.33622,0.15,120,31.4011,3.13385,0.44306
437,168,50,50,0,0,0,0,1,178.553,0.33538,0.15,120,31.4011,3.22665,0.44306
438,266,50,50,0,0,0,0,1,181.876,0.33454,0.15,120,31.4011,3.19282,0.44306
439,34,10,10,0,0,1,0,0,-0.738,0.3337,0.15,120,31.4011,4.6909,0.44306
440,134,32,32,0,0,1,0,0,84.152,0.33287,0.15,120,31.4011,2.43562,0.44306
441,224,50,50,0,0,0,0,1,182.977,0.33204,0.15,120,31.4011,2.6657,0.44306
442,141,36,36,0,0,1,0,0,96.101,0.33121,0.15,120,31.4011,2.83669,0.44306
443,226,50,50,0,0,0,0,1,187.067,0.33038,0.15,120,31.4011,2.5569,0.44306
444,202,50,50,0,0,0,0,1,187.532,0.32956,0.15,120,31.4011,2.25991,0.44306
445,102,32,32,0,0,1,0,0,79.969,0.32874,0.15,120,31.4011,2.99918,0.44306
446,185,50,50,0,0,0,0,1,186.498,0.32792,0.15,120,31.4011,2.8249,0.44306
447,91,29,29,0,0,1,0,0,66.043,0.3271,0.15,120,31.4011,3.76086,0.44306
448,225,49,49,0,0,1,0,0,142.316,0.32628,0.15,120,31.4294,3.20758,0.44306
449,146,36,36,0,0,1,0,0,100.22,0.32547,0.15,120,31.4294,3.15066,0.44306
450,199,50,50,0,0,0,0,1,181.294,0.32465,0.15,120,31.4294,2.59654,0.44306
451,224,50,50,0,0,0,0,1,183.349,0.32384,0.15,120,31.4294,2.47195,0.44306
452,186,50,50,0,0,0,0,1,172.169,0.32303,0.15,120,31.4294,3.01035,0.44306
453,224,50,50,0,0,0,0,1,181.326,0.32223,0.15,120,31.4294,2.60732,0.44306
454,383,50,50,0,0,0,0,1,164.3,0.32142,0.15,121,31.4294,3.25363,0.44353
455,308,50,50,0,0,0,0,1,162.379,0.32062,0.15,121,31.4294,2.91776,0.44353
456,252,50,50,0,0,0,0,1,186.234,0.31982,0.15,121,31.4294,2.64589,0.44353
457,211,50,50,0,0,0,0,1,181.937,0.31902,0.15,121,31.4294,2.53676,0.4449
458,193,50,50,0,0,0,0,1,184.286,0.31822,0.15,121,31.4294,2.85334,0.4449
459,113,27,27,0,0,1,0,0,62.36,0.31743,0.15,121,31.4294,3.00964,0.4449
460,127,36,36,0,0,1,0,0,94.954,0.31664,0.15,121,31.4294,3.11199,0.4449
461,199,50,50,0,0,0,0,1,185.375,0.31585,0.15,121,31.4294,2.67671,0.4449
462,233,50,50,0,0,0,0,1,183.498,0.31506,0.15,121,31.4294,2.75076,0.4449
463,233,50,50,0,0,0,0,1,180.951,0.31427,0.15,121,31.4294,2.31916,0.4449
464,243,50,50,0,0,0,0,1,185.335,0.31349,0.15,121,31.4294,2.54611,0.4449
465,236,46,46,0,0,1,0,0,135.233,0.3127,0.15,121,31.4294,2.73983,0.4449
466,356,50,50,0,0,1,0,0,145.814,0.31192,0.15,123,31.4294,2.71263,0.44173
467,58,14,14,0,0,1,0,0,15.561,0.31114,0.15,123,31.4294,3.22421,0.44173
468,42,9,9,0,0,1,0,0,-6.041,0.31037,0.15,123,31.4294,4.03475,0.44173
469,69,27,27,0,0,1,0,0,57.261,0.30959,0.15,123,31.4294,3.43614,0.44173
470,213,50,50,0,0,0,0,1,184.052,0.30882,0.15,123,31.4294,2.86265,0.44173
471,126,38,38,0,0,1,0,0,98.021,0.30805,0.15,123,31.4294,3.10425,0.44173
472,201,50,50,0,0,1,0,0,149.184,0.30728,0.15,124,31.4294,3.24517,0.44086
473,184,50,50,0,0,0,0,1,186.576,0.30651,0.15,124,31.4294,2.8764,0.44086
474,119,33,33,0,0,1,0,0,77.371,0.30575,0.15,124,31.4294,3.60652,0.44086
475,95,32,32,0,0,1,0,0,76.106,0.30498,0.15,124,31.4294,3.28035,0.44086
476,204,50,50,0,0,0,0,1,178.121,0.30422,0.15,124,31.4294,3.10174,0.44086
477,184,50,50,0,0,0,0,1,183.292,0.30346,0.15,124,31.4294,2.82428,0.44086
478,232,50,50,0,0,0,0,1,181.263,0.3027,0.15,124,31.4294,2.59252,0.44086
479,292,50,50,0,0,0,0,1,171.747,0.30195,0.15,124,31.4294,2.86208,0.44086
480,67,12,12,0,0,1,0,0,6.63,0.30119,0.15,124,31.4294,3.13803,0.44086
481,66,17,17,0,0,1,0,0,23.469,0.30044,0.15,124,31.4294,3.42683,0.44086
482,126,30,30,0,0,1,0,0,71.604,0.29969,0.15,124,31.4294,3.0792,0.44086
483,142,50,50,0,0,0,0,1,176.899,0.29894,0.15,124,31.4294,2.84628,0.44086
484,117,29,29,0,0,1,0,0,70.752,0.2982,0.15,124,31.4294,3.18699,0.44086
485,94,26,26,0,0,1,0,0,58.83,0.29745,0.15,124,31.4294,3.75284,0.44086
486,163,47,47,0,0,1,0,0,135.505,0.29671,0.15,124,31.4294,3.14499,0.44086
487,239,50,50,0,0,1,0,0,152.983,0.29597,0.15,124,31.4294,2.89668,0.44086
488,232,50,50,0,0,0,0,1,183.324,0.29523,0.15,124,31.4294,2.35332,0.44086
489,241,50,50,0,0,0,0,1,187.692,0.29449,0.15,124,31.4294,2.64497,0.44086
490,16,4,4,0,0,1,0,0,-18.826,0.29376,0.15,124,31.4294,6.14935,0.44086
491,28,7,7,0,0,1,0,0,-9.514,0.29302,0.15,124,31.4294,4.5427,0.44086
492,144,43,43,0,0,1,0,0,121.902,0.29229,0.15,124,31.4294,3.04825,0.44086
493,92,28,28,0,0,1,0,0,56.846,0.29156,0.15,124,31.4294,3.72084,0.44086
494,131,32,32,0,0,1,0,0,84.396,0.29083,0.15,124,31.4294,3.08707,0.44086
495,188,50,50,0,0,0,0,1,184.962,0.29011,0.15,124,31.4294,2.47399,0.44086
496,58,16,16,0,0,1,0,0,19.199,0.28938,0.15,124,31.4294,4.71552,0.44086
497,204,50,50,0,0,0,0,1,183.75,0.28866,0.15,124,31.4294,2.54718,0.44086
498,128,37,37,0,0,1,0,0,101.966,0.28794,0.15,124,31.4294,2.93504,0.44086
499,247,48,48,0,0,1,0,0,139.513,0.28722,0.15,124,31.4294,2.67969,0.44086
500,230,42,42,0,0,1,0,0,117.984,0.2865,0.15,124,31.4294,2.56105,0.44086
501,291,50,50,0,0,0,0,1,180.719,0.28579,0.15,124,31.4294,2.56498,0.44086
502,311,50,50,0,0,0,0,1,175.298,0.28508,0.15,124,31.4294,3.11566,0.44086
503,224,36,36,0,0,1,0,0,89.946,0.28436,0.15,124,31.4294,3.01739,0.44086
504,91,18,18,0,0,1,0,0,27.599,0.28365,0.15,124,31.4294,2.81913,0.44086
505,24,7,7,0,0,1,0,0,-8.052,0.28295,0.15,124,31.4294,5.02407,0.44086
506,204,50,50,0,0,0,0,1,187.642,0.28224,0.15,124,31.4294,2.86531,0.44086
507,188,50,50,0,0,0,0,1,192.021,0.28153,0.15,124,31.4294,2.75036,0.44086
508,192,50,50,0,0,0,0,1,190.367,0.28083,0.15,124,31.4294,2.79656,0.44086
509,238,50,50,0,0,0,0,1,184.29,0.28013,0.15,124,31.4294,2.49321,0.44086
510,329,50,50,0,0,0,0,1,182.426,0.27943,0.15,124,31.4294,2.38231,0.44086
511,184,50,50,0,0,0,0,1,169.865,0.27873,0.15,124,31.4294,2.90887,0.44086
512,218,50,50,0,0,0,0,1,189.836,0.27804,0.15,124,31.4294,2.70683,0.44086
513,170,45,45,0,0,1,0,0,128.517,0.27734,0.15,124,31.4294,2.59746,0.44086
514,243,50,50,0,0,1,0,0,159.866,0.27665,0.15,124,31.4294,2.7498,0.4422
515,55,15,15,0,0,1,0,0,16.153,0.27596,0.15,124,31.4294,3.45282,0.4422
516,51,20,20,0,0,1,0,0,31.997,0.27527,0.15,124,31.4294,3.99557,0.4422
517,184,50,50,0,0,0,0,1,175.635,0.27458,0.15,124,31.4294,3.28953,0.4422
518,198,50,50,0,0,0,0,1,189.616,0.2739,0.15,124,31.4294,2.44623,0.4422
519,244,50,50,0,0,0,0,1,186.36,0.27321,0.15,124,31.4294,2.51654,0.4422
520,212,50,50,0,0,0,0,1,184.8,0.27253,0.15,124,31.4294,2.68925,0.4422
521,78,21,21,0,0,1,0,0,45.236,0.27185,0.15,124,31.4294,3.08058,0.4422
522,5,0,0,0,0,1,0,0,-34.51,0.27117,0.15,124,31.4294,11.95383,0.4422
523,188,50,50,0,0,0,0,1,181.341,0.2705,0.15,124,31.4294,2.99052,0.4422
524,224,45,45,0,0,1,0,0,135.559,0.26982,0.15,124,31.4294,2.83897,0.4422
525,18,6,6,0,0,1,0,0,-14.598,0.26915,0.15,124,31.4294,3.90501,0.4422
526,167,50,50,0,0,0,0,1,179.832,0.26847,0.15,124,31.4294,2.79158,0.4422
527,204,50,50,0,0,0,0,1,184.565,0.2678,0.15,124,31.4294,2.74185,0.4422
528,214,50,50,0,0,0,0,1,184.665,0.26714,0.15,124,31.4294,3.2225,0.44355
529,199,50,50,0,0,0,0,1,180.674,0.26647,0.15,124,31.4294,2.46072,0.44355
530,216,50,50,0,0,0,0,1,186.339,0.2658,0.15,124,31.4294,3.06204,0.44355
531,129,16,16,0,0,1,0,0,19.047,0.26514,0.15,124,31.4294,2.92204,0.44355
532,256,50,50,0,0,0,0,1,193.937,0.26448,0.15,124,31.4294,2.4278,0.44489
533,178,50,50,0,0,0,0,1,175.597,0.26382,0.15,124,31.4294,2.78526,0.44489
534,20,4,4,0,0,1,0,0,-18.654,0.26316,0.15,124,31.4294,5.41741,0.44489
535,224,50,50,0,0,0,0,1,186.385,0.2625,0.15,124,31.4294,2.60028,0.44489
536,13,4,4,0,0,1,0,0,-18.222,0.26185,0.15,124,31.4294,5.60485,0.44489
537,222,50,50,0,0,0,0,1,185.999,0.26119,0.15,124,31.4294,2.67919,0.44489
538,178,50,50,0,0,0,0,1,186.397,0.26054,0.15,124,31.4294,2.64205,0.44489
539,50,19,19,0,0,1,0,0,32.186,0.25989,0.15,124,31.4294,4.17847,0.44489
540,171,50,50,0,0,0,0,1,176.264,0.25924,0.15,124,31.4294,2.67562,0.44489
541,266,50,50,0,0,0,0,1,193.7,0.25859,0.15,124,31.4294,2.90817,0.44489
542,203,42,42,0,0,1,0,0,121.686,0.25795,0.15,124,31.4294,3.11765,0.44489
543,11,4,4,0,0,1,0,0,-20.836,0.2573,0.15,124,31.4294,3.60805,0.44489
544,187,50,50,0,0,0,0,1,184.893,0.25666,0.15,124,31.4294,2.73562,0.44489
545,197,50,50,0,0,0,0,1,180.876,0.25602,0.15,124,31.4294,3.01067,0.44489
546,182,50,50,0,0,0,0,1,187.848,0.25538,0.15,124,31.4294,2.5223,0.44489
547,5,1,1,0,0,1,0,0,-32.118,0.25474,0.15,124,31.4294,17.1888,0.44489
548,226,50,50,0,0,0,0,1,189.945,0.25411,0.15,124,31.4294,2.42537,0.44489
549,193,50,50,0,0,0,0,1,189.056,0.25347,0.15,124,31.4294,2.67946,0.44489
550,206,50,50,0,0,0,0,1,192.126,0.25284,0.15,124,31.4294,2.54777,0.44489
551,326,50,50,0,0,0,0,1,188.42,0.25221,0.15,124,31.4294,2.75454,0.44758
552,21,3,3,0,0,1,0,0,-27.019,0.25158,0.15,124,31.4294,4.76325,0.44758
553,180,50,50,0,0,0,0,1,189.029,0.25095,0.15,124,31.4294,2.1732,0.44758
554,199,50,50,0,0,0,0,1,180.275,0.25032,0.15,124,31.4294,2.81382,0.44758
555,173,50,50,0,0,0,0,1,191.075,0.2497,0.15,124,31.4294,2.5638,0.44758
556,192,50,50,0,0,0,0,1,184.765,0.24908,0.15,124,31.4294,3.09048,0.44758
557,207,50,50,0,0,0,0,1,189.164,0.24845,0.15,124,31.4294,2.7886,0.44758
558,190,50,50,0,0,1,0,0,142.65,0.24783,0.15,126,31.4294,3.15819,0.44444
559,82,27,27,0,0,1,0,0,62.476,0.24721,0.15,126,31.4294,3.44899,0.44444
560,202,50,50,0,0,0,0,1,178.574,0.2466,0.15,126,31.4294,2.54347,0.44577
561,189,50,50,0,0,0,0,1,193.48,0.24598,0.15,126,31.4294,2.171,0.44577
562,195,50,50,0,0,0,0,1,184.092,0.24537,0.15,126,31.4294,2.77764,0.44577
563,210,42,42,0,0,1,0,0,119.503,0.24475,0.15,126,31.4294,3.06004,0.44577
564,161,50,50,0,0,0,0,1,184.553,0.24414,0.15,126,31.4294,2.6597,0.44577
565,187,50,50,0,0,0,0,1,183.684,0.24353,0.15,126,31.4294,2.72108,0.44577
566,203,50,50,0,0,0,0,1,189.903,0.24293,0.15,126,31.4294,2.43908,0.44577
567,184,50,50,0,0,0,0,1,181.849,0.24232,0.15,126,31.4294,2.83056,0.44577
568,188,50,50,0,0,0,0,1,185.339,0.24171,0.15,126,31.4294,2.43135,0.44577
569,234,50,50,0,0,0,0,1,182.325,0.24111,0.15,126,31.4294,2.47452,0.44709
570,187,50,50,0,0,0,0,1,185.244,0.24051,0.15,126,31.4294,2.33335,0.44709
571,161,46,46,0,0,1,0,0,130.637,0.23991,0.15,126,31.4294,2.57902,0.44709
572,170,50,50,0,0,0,0,1,186.248,0.23931,0.15,126,31.4294,2.76184,0.44709
573,254,50,50,0,0,0,0,1,188.222,0.23871,0.15,126,31.4294,2.44704,0.44709
574,77,9,9,0,0,1,0,0,-1.694,0.23812,0.15,126,31.4294,4.01569,0.44709
575,89,15,15,0,0,1,0,0,15.702,0.23752,0.15,126,31.4294,3.40085,0.44709
576,236,41,41,0,0,1,0,0,101.872,0.23693,0.15,126,31.4294,2.54124,0.44709
577,400,45,45,0,0,0,0,1,133.24,0.23634,0.15,126,31.4294,2.43401,0.44709
578,281,50,50,0,0,0,0,1,186.335,0.23575,0.15,126,31.4294,2.25467,0.44709
579,118,26,26,0,0,1,0,0,54.449,0.23516,0.15,126,31.4294,3.09315,0.44709
580,174,50,50,0,0,0,0,1,179.857,0.23457,0.15,126,31.4294,2.59034,0.44709
581,149,50,50,0,0,0,0,1,181.187,0.23398,0.15,126,31.4294,2.72791,0.44709
582,199,50,50,0,0,0,0,1,190.048,0.2334,0.15,126,31.4294,2.4211,0.44709
583,202,50,50,0,0,0,0,1,183.432,0.23282,0.15,126,31.4294,2.71101,0.44709
584,7,2,2,0,0,1,0,0,-25.298,0.23224,0.15,126,31.4294,12.70848,0.44709
585,196,50,50,0,0,0,0,1,198.561,0.23166,0.15,126,31.4294,2.52294,0.44709
586,39,12,12,0,0,1,0,0,12.294,0.23108,0.15,126,31.4294,3.8549,0.44709
587,196,50,50,0,0,0,0,1,190.416,0.2305,0.15,126,31.4294,2.424,0.44709
588,111,36,36,0,0,1,0,0,98.134,0.22993,0.15,126,31.4294,3.13102,0.44709
589,148,50,50,0,0,0,0,1,182.002,0.22935,0.15,126,31.4294,2.9113,0.44709
590,178,50,50,0,0,0,0,1,185.734,0.22878,0.15,126,31.4294,2.85082,0.44709
591,186,50,50,0,0,0,0,1,188.645,0.22821,0.15,126,31.4294,3.33465,0.44841
592,201,50,50,0,0,0,0,1,193.212,0.22764,0.15,126,31.4294,2.48281,0.44841
593,165,50,50,0,0,0,0,1,179.456,0.22707,0.15,126,31.4294,2.92295,0.44841
594,93,32,32,0,0,1,0,0,83.234,0.2265,0.15,126,31.4294,2.72012,0.44841
595,173,50,50,0,0,0,0,1,190.977,0.22594,0.15,126,31.4294,3.1607,0.44841
596,188,50,50,0,0,0,0,1,195.102,0.22537,0.15,126,31.4294,2.52468,0.44841
597,47,16,16,0,0,1,0,0,26.024,0.22481,0.15,126,31.4294,3.26637,0.44841
598,223,50,50,0,0,0,0,1,188.172,0.22425,0.15,126,31.4294,2.67969,0.44841
599,400,49,49,0,0,0,0,1,173.896,0.22369,0.15,126,31.4294,2.9562,0.44841
600,310,50,50,0,0,0,0,1,167.289,0.22313,0.15,126,31.4294,2.89455,0.44841
601,184,50,50,0,0,0,0,1,184.777,0.22257,0.15,126,31.4294,2.77016,0.44841
602,238,50,50,0,0,0,0,1,188.763,0.22202,0.15,126,31.4294,2.37301,0.44841
603,179,50,50,0,0,0,0,1,187.263,0.22146,0.15,126,31.4294,2.65221,0.44841
604,156,50,50,0,0,0,0,1,180.261,0.22091,0.15,126,31.4294,2.78706,0.44841
605,171,50,50,0,0,0,0,1,187.449,0.22036,0.15,126,31.4294,2.43769,0.44841
606,154,50,50,0,0,0,0,1,178.675,0.21981,0.15,126,31.4294,2.74096,0.44841
607,203,50,50,0,0,0,0,1,185.27,0.21926,0.15,126,31.4294,2.74064,0.44841
608,196,50,50,0,0,0,0,1,183.322,0.21871,0.15,126,31.4294,2.71196,0.44841
609,166,50,50,0,0,0,0,1,186.39,0.21817,0.15,126,31.4294,2.69629,0.44841
610,161,50,50,0,0,0,0,1,186.924,0.21762,0.15,126,31.4294,2.38813,0.44841
611,183,50,50,0,0,0,0,1,182.942,0.21708,0.15,126,31.4294,2.9157,0.44841
612,101,23,23,0,0,1,0,0,44.593,0.21654,0.15,126,31.4294,3.3519,0.44841
613,234,50,50,0,0,0,0,1,182.292,0.216,0.15,126,31.4294,2.46354,0.44841
614,180,50,50,0,0,0,0,1,180.721,0.21546,0.15,126,31.4294,2.53562,0.44841
615,203,50,50,0,0,0,0,1,189.842,0.21492,0.15,126,31.4294,2.48054,0.44841
616,257,50,50,0,0,0,0,1,186.205,0.21438,0.15,126,31.4294,2.45503,0.44841
617,200,50,50,0,0,0,0,1,188.93,0.21385,0.15,126,31.4294,2.29841,0.44841
618,199,50,50,0,0,0,0,1,188.09,0.21331,0.15,126,31.4294,3.01336,0.44841
619,137,50,50,0,0,0,0,1,180.937,0.21278,0.15,126,31.4294,2.73463,0.44841
620,190,50,50,0,0,0,0,1,182.353,0.21225,0.15,126,31.4294,2.83482,0.44841
621,55,18,18,0,0,1,0,0,32.636,0.21172,0.15,126,31.4715,4.29236,0.44841
622,9,4,4,0,0,1,0,0,-19.06,0.21119,0.15,126,31.4715,9.36468,0.44841
623,67,16,16,0,0,1,0,0,16.27,0.21066,0.15,126,31.4715,3.60518,0.44841
624,167,50,50,0,0,0,0,1,184.937,0.21014,0.15,126,31.4715,2.38949,0.44841
625,196,50,50,0,0,0,0,1,186.332,0.20961,0.15,126,31.4715,2.5069,0.44841
626,175,50,50,0,0,0,0,1,180.132,0.20909,0.15,126,31.4715,2.45684,0.44841
627,141,37,37,0,0,1,0,0,98.552,0.20857,0.15,126,31.4715,2.73899,0.44841
628,185,50,50,0,0,0,0,1,182.435,0.20805,0.15,126,31.4715,2.39649,0.44841
629,160,50,50,0,0,0,0,1,186.372,0.20753,0.15,126,31.4715,2.57704,0.44841
630,189,50,50,0,0,0,0,1,188.55,0.20701,0.15,126,31.4715,2.73025,0.44841
631,400,46,46,0,0,0,0,1,164.243,0.20649,0.15,126,31.4715,2.78797,0.44841
632,238,50,50,0,0,0,0,1,175.647,0.20598,0.15,126,31.4715,2.94267,0.44841
633,176,50,50,0,0,0,0,1,185.063,0.20546,0.15,126,31.4715,2.54043,0.44841
634,182,50,50,0,0,0,0,1,180.868,0.20495,0.15,126,31.4715,3.08113,0.44841
635,166,50,50,0,0,0,0,1,184.758,0.20444,0.15,126,31.4715,2.94859,0.44841
636,178,50,50,0,0,0,0,1,185.523,0.20393,0.15,126,31.4715,2.43651,0.44841
637,171,50,50,0,0,0,0,1,184.828,0.20342,0.15,126,31.4715,2.58547,0.44841
638,154,50,50,0,0,0,0,1,183.031,0.20291,0.15,126,31.4715,2.89675,0.44841
639,164,50,50,0,0,0,0,1,184.81,0.2024,0.15,126,31.4715,2.42126,0.44841
640,175,50,50,0,0,0,0,1,189.925,0.2019,0.15,126,31.4715,2.48422,0.44841
641,204,50,50,0,0,0,0,1,187.32,0.20139,0.15,126,31.4715,2.97555,0.44841
642,202,50,50,0,0,0,0,1,194.465,0.20089,0.15,126,31.4715,2.72362,0.44841
643,188,50,50,0,0,0,0,1,183.256,0.20039,0.15,126,31.4715,2.74126,0.44841
644,180,50,50,0,0,0,0,1,181.293,0.19989,0.15,126,31.4715,2.70695,0.44841
645,207,50,50,0,0,0,0,1,190.434,0.19939,0.15,126,31.4715,2.60253,0.44841
646,198,50,50,0,0,0,0,1,188.581,0.19889,0.15,126,31.4715,2.28829,0.44841
647,149,50,50,0,0,0,0,1,187.242,0.19839,0.15,126,31.4715,2.55042,0.44841
648,178,50,50,0,0,0,0,1,188.039,0.1979,0.15,126,31.4715,2.51127,0.44841
649,181,50,50,0,0,0,0,1,186.647,0.1974,0.15,126,31.4715,2.45544,0.44841
650,114,39,39,0,0,1,0,0,103.328,0.19691,0.15,126,31.4715,2.97764,0.44841
651,177,50,50,0,0,0,0,1,190.42,0.19642,0.15,126,31.4715,2.42368,0.44841
652,204,50,50,0,0,0,0,1,190.089,0.19593,0.15,126,31.4715,2.60097,0.44841
653,208,50,50,0,0,0,0,1,190.699,0.19544,0.15,126,31.4715,2.60605,0.44841
654,293,50,50,0,0,0,0,1,184.495,0.19495,0.15,126,31.4715,2.49639,0.44841
655,120,35,35,0,0,1,0,0,91.951,0.19447,0.15,126,31.4715,3.32576,0.44841
656,178,50,50,0,0,0,0,1,181.547,0.19398,0.15,126,31.4715,2.81659,0.44841
657,147,50,50,0,0,0,0,1,181.41,0.1935,0.15,126,31.4715,2.96822,0.44841
658,185,50,50,0,0,0,0,1,179.165,0.19301,0.15,126,31.4715,2.63964,0.44841
659,176,50,50,0,0,0,0,1,185.034,0.19253,0.15,126,31.4715,2.40271,0.44841
660,169,50,50,0,0,0,0,1,182.49,0.19205,0.15,126,31.4715,2.36046,0.44841
661,201,50,50,0,0,0,0,1,184.514,0.19157,0.15,126,31.4715,2.56899,0.44974
662,203,50,50,0,0,0,0,1,191.197,0.19109,0.15,126,31.4715,2.66847,0.45106
663,187,50,50,0,0,0,0,1,190.573,0.19061,0.15,126,31.4715,2.60424,0.45106
664,182,50,50,0,0,0,0,1,191.67,0.19014,0.15,126,31.4715,2.6182,0.45106
665,169,50,50,0,0,0,0,1,183.823,0.18966,0.15,126,31.4715,2.55823,0.45106
666,168,50,50,0,0,0,0,1,188.943,0.18919,0.15,126,31.4715,2.35642,0.45106
667,152,50,50,0,0,0,0,1,183.233,0.18872,0.15,126,31.4715,2.73862,0.45106
668,207,50,50,0,0,0,0,1,189.332,0.18825,0.15,126,31.4715,2.46585,0.45106
669,177,50,50,0,0,0,0,1,175.393,0.18778,0.15,126,31.4715,2.93819,0.45106
670,367,50,50,0,0,0,0,1,198.952,0.18731,0.15,126,31.4715,2.70883,0.45106
671,170,50,50,0,0,0,0,1,183.108,0.18684,0.15,126,31.4715,2.65477,0.45106
672,235,50,50,0,0,0,0,1,191.281,0.18637,0.15,126,31.4715,2.20364,0.45106
673,123,17,17,0,0,1,0,0,21.004,0.18591,0.15,126,31.4715,3.03391,0.45106
674,86,17,17,0,0,1,0,0,21.444,0.18544,0.15,126,31.4715,2.91551,0.45106
675,15,4,4,0,0,1,0,0,-25.748,0.18498,0.15,126,31.4715,6.79449,0.45106
676,400,46,46,0,0,0,0,1,152.234,0.18452,0.15,126,31.4715,2.66622,0.45106
677,400,41,41,0,0,0,0,1,134.695,0.18406,0.15,126,31.4715,2.61254,0.45106
678,153,22,22,0,0,1,0,0,30.17,0.1836,0.15,126,31.4715,3.35268,0.45106
679,263,50,50,0,0,0,0,1,166.6,0.18314,0.15,126,31.4715,3.01891,0.45106
680,182,50,50,0,0,0,0,1,189.398,0.18268,0.15,126,31.4715,2.41251,0.45106
681,232,50,50,0,0,0,0,1,185.206,0.18223,0.15,126,31.4715,2.38421,0.45106
682,92,29,29,0,0,1,0,0,65.421,0.18177,0.15,126,31.4715,3.61252,0.45106
683,73,26,26,0,0,1,0,0,58.593,0.18132,0.15,126,31.4715,3.3524,0.45106
684,158,50,50,0,0,0,0,1,187.641,0.18087,0.15,126,31.4715,3.22593,0.45106
685,220,50,50,0,0,0,0,1,180.785,0.18041,0.15,126,31.4715,3.03312,0.45106
686,172,50,50,0,0,0,0,1,182.079,0.17996,0.15,126,31.4715,2.71484,0.45106
687,185,50,50,0,0,0,0,1,179.042,0.17951,0.15,126,31.4715,3.0256,0.45106
688,155,50,50,0,0,0,0,1,181.403,0.17907,0.15,126,31.4715,2.78588,0.45106
689,187,50,50,0,0,0,0,1,182.865,0.17862,0.15,126,31.4715,2.82324,0.45106
690,191,50,50,0,0,0,0,1,187.327,0.17817,0.15,126,31.4715,2.59715,0.45106
691,162,50,50,0,0,0,0,1,192.537,0.17773,0.15,126,31.4715,2.65329,0.45106
692,197,50,50,0,0,0,0,1,182.306,0.17728,0.15,126,31.4715,2.79513,0.45106
693,193,50,50,0,0,0,0,1,182.86,0.17684,0.15,126,31.4715,2.26378,0.45106
694,153,50,50,0,0,0,0,1,180.216,0.1764,0.15,126,31.4715,2.91304,0.45106
695,56,18,18,0,0,1,0,0,29.146,0.17596,0.15,126,31.4715,3.98206,0.45106
696,183,50,50,0,0,0,0,1,185.359,0.17552,0.15,126,31.4715,2.48166,0.45106
697,215,50,50,0,0,0,0,1,180.473,0.17508,0.15,126,31.4715,2.42459,0.45106
698,219,50,50,0,0,0,0,1,191.765,0.17464,0.15,127,31.4715,2.56331,0.44882
699,17,1,1,0,0,1,0,0,-29.84,0.17421,0.15,127,31.4715,5.34354,0.44882
700,211,50,50,0,0,0,0,1,182.565,0.17377,0.15,127,31.4715,2.42323,0.44882
701,154,50,50,0,0,0,0,1,187.532,0.17334,0.15,127,31.4715,2.56148,0.44882
702,219,50,50,0,0,0,0,1,189.933,0.17291,0.15,127,31.4715,2.31241,0.44882
703,182,50,50,0,0,0,0,1,185.897,0.17248,0.15,127,31.4715,2.45721,0.44882
704,168,50,50,0,0,0,0,1,181.632,0.17204,0.15,127,31.4715,2.82263,0.44882
705,155,50,50,0,0,0,0,1,185.524,0.17162,0.15,127,31.4715,2.60519,0.44882
706,188,50,50,0,0,0,0,1,194.484,0.17119,0.15,127,31.4715,2.53093,0.44882
707,239,50,50,0,0,0,0,1,184.72,0.17076,0.15,127,31.4715,2.46088,0.44882
708,216,50,50,0,0,0,0,1,191.131,0.17033,0.15,127,31.4715,2.5135,0.44882
709,177,50,50,0,0,0,0,1,182.199,0.16991,0.15,127,31.4715,2.7613,0.44882
710,200,50,50,0,0,0,0,1,187.23,0.16948,0.15,127,31.4715,2.51553,0.44882
711,220,50,50,0,0,0,0,1,192.693,0.16906,0.15,128,31.4715,2.24544,0.44661
712,209,50,50,0,0,0,0,1,193.385,0.16864,0.15,128,31.4715,2.20616,0.44661
713,164,50,50,0,0,0,0,1,186.771,0.16822,0.15,128,31.4715,2.40683,0.44661
714,188,50,50,0,0,0,0,1,190.782,0.1678,0.15,128,31.4715,2.08054,0.44792
715,135,46,46,0,0,1,0,0,134.925,0.16738,0.15,128,31.4715,2.77185,0.44792
716,149,50,50,0,0,0,0,1,188.25,0.16696,0.15,128,31.4715,2.84196,0.44792
717,21,7,7,0,0,1,0,0,-8.064,0.16654,0.15,128,31.4715,5.93508,0.44792
718,43,18,18,0,0,1,0,0,26.442,0.16613,0.15,128,31.4715,3.45532,0.44792
719,213,50,50,0,0,0,0,1,195.487,0.16571,0.15,128,31.4715,2.50636,0.44792
720,158,50,50,0,0,0,0,1,196.789,0.1653,0.15,128,31.4715,2.34153,0.44792
721,185,50,50,0,0,0,0,1,191.299,0.16489,0.15,128,31.4715,2.24621,0.44792
722,192,50,50,0,0,0,0,1,189.227,0.16447,0.15,128,31.4715,2.64689,0.44792
723,98,34,34,0,0,1,0,0,84.094,0.16406,0.15,128,31.4715,3.00722,0.44792
724,213,50,50,0,0,0,0,1,195.283,0.16365,0.15,128,31.4715,2.50798,0.44792
725,253,50,50,0,0,0,0,1,194.066,0.16325,0.15,128,31.4715,2.23501,0.44792
726,107,36,36,0,0,1,0,0,82.704,0.16284,0.15,128,31.4715,3.41894,0.44792
727,189,50,50,0,0,0,0,1,186.093,0.16243,0.15,128,31.4715,2.3641,0.44792
728,184,50,50,0,0,0,0,1,195.227,0.16203,0.15,128,31.4715,2.43407,0.44792
729,184,50,50,0,0,0,0,1,186.479,0.16162,0.15,128,31.4715,2.56845,0.44792
730,175,50,50,0,0,0,0,1,188.498,0.16122,0.15,128,31.4715,2.36217,0.44792
731,173,50,50,0,0,0,0,1,183.127,0.16082,0.15,128,31.4715,2.75004,0.44792
732,198,50,50,0,0,0,0,1,182.069,0.16041,0.15,128,31.4715,2.55158,0.44792
733,184,50,50,0,0,0,0,1,185.572,0.16001,0.15,128,31.4715,2.55605,0.44792
734,163,50,50,0,0,0,0,1,187.941,0.15961,0.15,128,31.4715,2.3527,0.44792
735,304,50,50,0,0,0,0,1,194.715,0.15921,0.15,128,31.4715,2.76968,0.44792
736,400,30,30,0,0,0,0,1,102.645,0.15882,0.15,128,31.4715,2.82127,0.44792
737,400,44,44,0,0,0,0,1,152.403,0.15842,0.15,128,31.4715,2.79229,0.44922
738,28,3,3,0,0,1,0,0,-24.118,0.15803,0.15,128,31.4715,3.88857,0.44922
739,184,43,43,0,0,1,0,0,124.362,0.15763,0.15,128,31.4715,3.36437,0.44922
740,186,50,50,0,0,0,0,1,190.677,0.15724,0.15,128,31.4715,2.5538,0.44922
741,179,50,50,0,0,0,0,1,192.193,0.15684,0.15,128,31.4715,2.54624,0.44922
742,170,50,50,0,0,0,0,1,183.982,0.15645,0.15,128,31.4715,3.18767,0.44922
743,172,50,50,0,0,0,0,1,188.25,0.15606,0.15,128,31.4715,3.10608,0.44922
744,174,50,50,0,0,0,0,1,188.82,0.15567,0.15,128,31.4715,2.96682,0.44922
745,181,50,50,0,0,0,0,1,183.248,0.15528,0.15,128,31.4715,2.76348,0.44922
746,172,50,50,0,0,0,0,1,191.818,0.1549,0.15,128,31.4715,2.36602,0.44922
747,181,50,50,0,0,0,0,1,178.749,0.15451,0.15,128,31.4715,2.62175,0.44922
748,156,50,50,0,0,0,0,1,184.796,0.15412,0.15,128,31.4715,2.87576,0.44922
749,155,50,50,0,0,0,0,1,184.807,0.15374,0.15,128,31.4715,2.8522,0.44922
750,204,50,50,0,0,0,0,1,183.429,0.15335,0.15,128,31.4715,2.68093,0.44922
751,230,50,50,0,0,0,0,1,185.794,0.15297,0.15,128,31.4715,2.29137,0.44922
752,185,50,50,0,0,0,0,1,182.365,0.15259,0.15,128,31.4715,2.39935,0.44922
753,170,50,50,0,0,0,0,1,183.05,0.15221,0.15,128,31.4715,2.5061,0.44922
754,153,50,50,0,0,0,0,1,184.541,0.15183,0.15,128,31.4715,2.62789,0.44922
755,183,50,50,0,0,0,0,1,188.654,0.15145,0.15,128,31.4715,2.55425,0.44922
756,178,50,50,0,0,0,0,1,179.327,0.15107,0.15,128,31.4715,2.62293,0.44922
757,182,50,50,0,0,0,0,1,184.444,0.15069,0.15,128,31.4715,2.73454,0.44922
758,185,50,50,0,0,0,0,1,181.636,0.15032,0.15,128,31.4715,2.45956,0.44922
759,168,50,50,0,0,0,0,1,188.607,0.14994,0.15,128,31.4715,2.13633,0.44922
760,154,50,50,0,0,0,0,1,182.925,0.14957,0.15,128,31.4715,2.79917,0.44922
761,191,50,50,0,0,0,0,1,188.125,0.1492,0.15,128,31.4715,2.37667,0.44922
762,199,49,49,0,0,1,0,0,138.377,0.14882,0.15,128,31.4715,2.46008,0.44922
763,138,50,50,0,0,0,0,1,188.551,0.14845,0.15,128,31.4715,2.26308,0.44922
764,136,50,50,0,0,0,0,1,181.59,0.14808,0.15,128,31.4715,2.70091,0.44922
765,149,50,50,0,0,0,0,1,179.777,0.14771,0.15,128,31.4715,2.72831,0.44922
766,168,50,50,0,0,0,0,1,179.666,0.14734,0.15,128,31.4715,2.73001,0.44922
767,153,49,49,0,0,1,0,0,153.317,0.14697,0.15,128,31.4715,2.4862,0.44922
768,165,50,50,0,0,0,0,1,190.389,0.14661,0.15,128,31.4715,2.50048,0.44922
769,276,50,50,0,0,0,0,1,201.551,0.14624,0.15,128,31.4715,2.43886,0.44922
770,232,50,50,0,0,0,0,1,189.753,0.14588,0.15,128,31.4715,2.50187,0.44922
771,153,50,50,0,0,0,0,1,184.747,0.14551,0.15,128,31.4715,2.29022,0.44922
772,179,50,50,0,0,0,0,1,189.116,0.14515,0.15,128,31.4715,2.46659,0.44922
773,156,50,50,0,0,0,0,1,179.874,0.14479,0.15,128,31.4715,2.46196,0.44922
774,36,10,10,0,0,1,0,0,4.0,0.14442,0.15,128,31.5073,4.15916,0.44922
775,188,50,50,0,0,0,0,1,187.18,0.14406,0.15,128,31.5073,2.89229,0.44922
776,185,50,50,0,0,0,0,1,187.108,0.1437,0.15,128,31.5073,2.30235,0.44922
777,174,50,50,0,0,0,0,1,189.53,0.14335,0.15,128,31.5073,2.39613,0.44922
778,162,50,50,0,0,0,0,1,184.856,0.14299,0.15,128,31.5073,2.64739,0.44922
779,141,50,50,0,0,0,0,1,181.936,0.14263,0.15,128,31.5073,2.11634,0.44922
780,204,50,50,0,0,0,0,1,185.485,0.14227,0.15,128,31.5073,2.69048,0.44922
781,183,50,50,0,0,0,0,1,185.265,0.14192,0.15,128,31.5073,2.3352,0.44922
782,203,50,50,0,0,0,0,1,193.469,0.14156,0.15,128,31.5073,2.26606,0.44922
783,159,50,50,0,0,0,0,1,182.267,0.14121,0.15,128,31.5073,2.70723,0.44922
784,149,50,50,0,0,0,0,1,192.808,0.14086,0.15,128,31.5073,2.79012,0.44922
785,238,50,50,0,0,0,0,1,190.844,0.14051,0.15,128,31.5073,2.65208,0.44922
786,301,50,50,0,0,0,0,1,195.146,0.14016,0.15,128,31.5073,2.69064,0.44922
787,138,50,50,0,0,0,0,1,180.359,0.13981,0.15,130,31.5073,2.71109,0.44487
788,177,50,50,0,0,0,0,1,191.539,0.13946,0.15,130,31.5073,2.54668,0.44487
789,163,50,50,0,0,0,0,1,193.3,0.13911,0.15,130,31.5073,2.49951,0.44487
790,184,50,50,0,0,0,0,1,192.026,0.13876,0.15,130,31.5073,2.59577,0.44615
791,171,50,50,0,0,0,0,1,187.249,0.13841,0.15,130,31.5073,2.41869,0.44615
792,141,50,50,0,0,0,0,1,183.735,0.13807,0.15,130,31.5073,2.5595,0.44615
793,150,50,50,0,0,0,0,1,185.26,0.13772,0.15,130,31.5073,2.81875,0.44615
794,178,50,50,0,0,0,0,1,186.863,0.13738,0.15,130,31.5073,2.65581,0.44615
795,173,50,50,0,0,0,0,1,187.544,0.13704,0.15,130,31.5073,2.47909,0.44615
796,164,50,50,0,0,0,0,1,190.998,0.1367,0.15,130,31.5073,2.32847,0.44615
797,164,50,50,0,0,0,0,1,186.34,0.13635,0.15,130,31.5073,2.67249,0.44615
798,167,50,50,0,0,0,0,1,184.781,0.13601,0.15,130,31.5073,2.63552,0.44615
799,162,50,50,0,0,0,0,1,185.965,0.13567,0.15,130,31.5073,2.79122,0.44615
800,284,50,50,0,0,0,0,1,184.806,0.13534,0.15,130,31.5073,2.74737,0.44615
801,177,50,50,0,0,0,0,1,187.292,0.135,0.15,130,31.5073,2.44307,0.44615
802,366,50,50,0,0,0,0,1,176.631,0.13466,0.15,130,31.5073,3.19697,0.44615
803,291,50,50,0,0,0,0,1,165.792,0.13432,0.15,130,31.5073,2.65701,0.44615
804,400,45,45,0,0,0,0,1,153.133,0.13399,0.15,130,31.5073,2.51107,0.44615
805,139,22,22,0,0,1,0,0,37.564,0.13365,0.15,130,31.5073,2.71766,0.44615
806,400,47,47,0,0,0,0,1,138.202,0.13332,0.15,130,31.5073,2.88048,0.44615
807,390,50,50,0,0,0,0,1,176.471,0.13299,0.15,130,31.5073,2.73007,0.44615
808,400,45,45,0,0,0,0,1,147.904,0.13266,0.15,130,31.5073,2.71649,0.44615
809,237,50,50,0,0,0,0,1,175.72,0.13232,0.15,130,31.5073,2.81039,0.44615
810,188,50,50,0,0,0,0,1,181.787,0.13199,0.15,130,31.5073,2.92578,0.44615
811,183,50,50,0,0,0,0,1,190.077,0.13166,0.15,130,31.5073,2.62841,0.44615
812,241,50,50,0,0,0,0,1,198.701,0.13134,0.15,130,31.5073,3.08334,0.44615
813,147,50,50,0,0,0,0,1,185.766,0.13101,0.15,130,31.5073,2.7758,0.44615
814,139,50,50,0,0,0,0,1,185.93,0.13068,0.15,130,31.5073,2.69694,0.44615
815,137,50,50,0,0,0,0,1,183.774,0.13035,0.15,130,31.5073,3.05745,0.44615
816,168,50,50,0,0,0,0,1,191.617,0.13003,0.15,130,31.5073,3.03855,0.44615
817,153,50,50,0,0,0,0,1,190.078,0.1297,0.15,130,31.5073,2.51467,0.44615
818,183,50,50,0,0,0,0,1,192.195,0.12938,0.15,130,31.5073,3.34863,0.44615
819,153,50,50,0,0,0,0,1,193.308,0.12906,0.15,130,31.5073,2.45353,0.44615
820,171,50,50,0,0,0,0,1,190.616,0.12873,0.15,130,31.5073,2.65927,0.44615
821,122,50,50,0,0,0,0,1,181.55,0.12841,0.15,130,31.5073,2.9181,0.44615
822,162,50,50,0,0,0,0,1,187.592,0.12809,0.15,130,31.5073,3.23184,0.44615
823,180,50,50,0,0,0,0,1,191.148,0.12777,0.15,130,31.5073,2.45845,0.44615
824,178,50,50,0,0,0,0,1,180.337,0.12745,0.15,130,31.5073,2.57078,0.44615
825,148,50,50,0,0,0,0,1,185.199,0.12714,0.15,130,31.5073,2.6825,0.44615
826,179,50,50,0,0,0,0,1,193.736,0.12682,0.15,130,31.5073,2.7486,0.44615
827,185,50,50,0,0,0,0,1,194.138,0.1265,0.15,130,31.5073,2.51561,0.44615
828,162,50,50,0,0,0,0,1,187.74,0.12619,0.15,130,31.5073,2.76867,0.44615
829,197,50,50,0,0,0,0,1,188.908,0.12587,0.15,130,31.5073,2.8149,0.44615
830,194,50,50,0,0,0,0,1,194.633,0.12556,0.15,130,31.5073,2.65899,0.44615
831,163,50,50,0,0,0,0,1,193.506,0.12524,0.15,130,31.5073,2.38201,0.44615
832,161,50,50,0,0,0,0,1,186.559,0.12493,0.15,130,31.5073,2.69667,0.44615
833,147,50,50,0,0,0,0,1,187.879,0.12462,0.15,130,31.5073,2.29925,0.44615
834,163,50,50,0,0,0,0,1,186.498,0.12431,0.15,130,31.5073,2.70496,0.44615
835,162,50,50,0,0,0,0,1,187.571,0.124,0.15,130,31.5073,2.65971,0.44615
836,192,50,50,0,0,0,0,1,188.152,0.12369,0.15,130,31.5073,2.74344,0.44615
837,163,50,50,0,0,0,0,1,187.257,0.12338,0.15,130,31.5073,2.85557,0.44615
838,189,50,50,0,0,0,0,1,190.13,0.12307,0.15,130,31.5073,3.02206,0.44615
839,161,50,50,0,0,0,0,1,179.198,0.12276,0.15,130,31.5073,2.84786,0.44615
840,156,50,50,0,0,0,0,1,187.726,0.12246,0.15,130,31.5073,2.63139,0.44615
841,158,50,50,0,0,0,0,1,181.563,0.12215,0.15,130,31.5073,2.50684,0.44615
842,156,50,50,0,0,0,0,1,188.19,0.12185,0.15,130,31.5073,2.47507,0.44615
843,72,28,28,0,0,1,0,0,63.874,0.12154,0.15,130,31.5073,3.17569,0.44615
844,142,50,50,0,0,0,0,1,186.124,0.12124,0.15,130,31.5073,2.4292,0.44615
845,164,50,50,0,0,0,0,1,184.696,0.12094,0.15,130,31.5073,2.85383,0.44615
846,158,50,50,0,0,0,0,1,187.534,0.12063,0.15,130,31.5073,2.58142,0.44615
847,155,50,50,0,0,0,0,1,189.836,0.12033,0.15,130,31.5073,2.94088,0.44615
848,147,50,50,0,0,0,0,1,188.544,0.12003,0.15,130,31.5073,2.50373,0.44615
849,164,50,50,0,0,0,0,1,186.891,0.11973,0.15,130,31.5073,2.87445,0.44615
850,154,50,50,0,0,0,0,1,189.324,0.11943,0.15,130,31.5073,2.50845,0.44615
851,161,50,50,0,0,0,0,1,180.566,0.11913,0.15,130,31.5073,2.77577,0.44615
852,204,50,50,0,0,0,0,1,193.442,0.11884,0.15,130,31.5073,2.59303,0.44615
853,372,50,50,0,0,0,0,1,197.315,0.11854,0.15,130,31.5073,2.42205,0.44615
854,166,50,50,0,0,0,0,1,187.171,0.11824,0.15,130,31.5073,2.26557,0.44615
855,153,50,50,0,0,0,0,1,181.756,0.11795,0.15,130,31.5073,2.90262,0.44615
856,177,50,50,0,0,0,0,1,187.847,0.11765,0.15,130,31.5073,2.41762,0.44615
857,141,50,50,0,0,0,0,1,187.972,0.11736,0.15,130,31.5073,2.24305,0.44615
858,163,50,50,0,0,0,0,1,190.405,0.11707,0.15,130,31.5073,2.43128,0.44615
859,174,49,49,0,0,1,0,0,152.281,0.11678,0.15,130,31.5073,2.44616,0.44615
860,141,50,50,0,0,0,0,1,180.793,0.11648,0.15,130,31.5073,2.67356,0.44615
861,169,50,50,0,0,0,0,1,185.212,0.11619,0.15,130,31.5073,2.66322,0.44615
862,148,50,50,0,0,0,0,1,185.711,0.1159,0.15,130,31.5073,2.95142,0.44615
863,148,50,50,0,0,0,0,1,183.477,0.11561,0.15,130,31.5073,3.09073,0.44615
864,163,50,50,0,0,0,0,1,191.051,0.11533,0.15,130,31.5073,2.43421,0.44615
865,140,50,50,0,0,0,0,1,183.148,0.11504,0.15,130,31.5073,2.51459,0.44615
866,159,50,50,0,0,0,0,1,192.063,0.11475,0.15,130,31.5073,2.45846,0.44615
867,143,50,50,0,0,0,0,1,187.246,0.11446,0.15,130,31.5073,2.33259,0.44615
868,178,50,50,0,0,0,0,1,191.758,0.11418,0.15,130,31.5073,2.34376,0.44615
869,193,50,50,0,0,0,0,1,188.612,0.11389,0.15,130,31.5073,2.66971,0.44615
870,154,50,50,0,0,0,0,1,187.959,0.11361,0.15,130,31.5073,2.32155,0.44615
871,152,50,50,0,0,0,0,1,187.764,0.11332,0.15,130,31.5073,2.49209,0.44615
872,162,50,50,0,0,0,0,1,189.685,0.11304,0.15,130,31.5073,2.48681,0.44615
873,148,50,50,0,0,0,0,1,190.578,0.11276,0.15,130,31.5073,2.51852,0.44615
874,176,50,50,0,0,0,0,1,196.025,0.11248,0.15,130,31.5073,2.39931,0.44615
875,156,50,50,0,0,0,0,1,188.218,0.1122,0.15,130,31.5073,2.41425,0.44615
876,143,50,50,0,0,0,0,1,184.789,0.11192,0.15,130,31.5073,2.20149,0.44615
877,151,50,50,0,0,0,0,1,189.267,0.11164,0.15,130,31.5073,2.90779,0.44615
878,167,50,50,0,0,0,0,1,186.834,0.11136,0.15,130,31.5073,2.84732,0.44615
879,177,50,50,0,0,0,0,1,188.722,0.11108,0.15,130,31.5073,2.32447,0.44615
880,167,50,50,0,0,0,0,1,193.272,0.1108,0.15,130,31.5073,2.71014,0.44615
881,159,50,50,0,0,0,0,1,189.291,0.11053,0.15,130,31.5073,2.32797,0.44615
882,154,50,50,0,0,0,0,1,188.233,0.11025,0.15,130,31.5073,2.63381,0.44615
883,148,47,47,0,0,1,0,0,144.07,0.10998,0.15,130,31.5073,2.59473,0.44615
884,149,50,50,0,0,0,0,1,184.357,0.1097,0.15,130,31.5073,2.79257,0.44615
885,123,50,50,0,0,0,0,1,180.247,0.10943,0.15,130,31.5073,2.68244,0.44615
886,268,50,50,0,0,0,0,1,205.977,0.10915,0.15,130,31.5073,2.93067,0.44615
887,234,50,50,0,0,0,0,1,195.35,0.10888,0.15,130,31.5073,2.809,0.44615
888,173,50,50,0,0,0,0,1,187.212,0.10861,0.15,130,31.5073,2.72061,0.44615
889,188,50,50,0,0,0,0,1,188.828,0.10834,0.15,130,31.5073,2.42336,0.44615
890,164,50,50,0,0,0,0,1,193.9,0.10807,0.15,130,31.5073,2.05811,0.44615
891,173,50,50,0,0,0,0,1,189.078,0.1078,0.15,130,31.5073,2.25844,0.44615
892,155,50,50,0,0,0,0,1,190.514,0.10753,0.15,130,31.5073,2.58781,0.44615
893,148,50,50,0,0,0,0,1,190.044,0.10726,0.15,130,31.5073,2.97423,0.44615
894,160,50,50,0,0,0,0,1,186.273,0.10699,0.15,130,31.5073,2.51664,0.44615
895,139,50,50,0,0,0,0,1,184.985,0.10672,0.15,130,31.5073,2.36494,0.44615
896,153,50,50,0,0,0,0,1,192.016,0.10646,0.15,130,31.5073,2.40125,0.44615
897,136,50,50,0,0,0,0,1,187.414,0.10619,0.15,130,31.5073,2.41167,0.44615
898,133,50,50,0,0,0,0,1,182.207,0.10593,0.15,130,31.5073,2.37142,0.44615
899,134,50,50,0,0,0,0,1,184.47,0.10566,0.15,130,31.5073,2.87718,0.44615
900,139,50,50,0,0,0,0,1,188.008,0.1054,0.15,130,31.5073,2.45916,0.44615
901,135,50,50,0,0,0,0,1,183.254,0.10514,0.15,130,31.5073,2.47928,0.44615
902,120,50,50,0,0,0,0,1,179.92,0.10487,0.15,130,31.5073,2.51726,0.44615
903,151,50,50,0,0,0,0,1,188.212,0.10461,0.15,130,31.5073,2.28246,0.44615
904,182,50,50,0,0,0,0,1,186.274,0.10435,0.15,130,31.5073,2.34851,0.44615
905,179,50,50,0,0,0,0,1,193.231,0.10409,0.15,130,31.5073,2.41578,0.44615
906,201,50,50,0,0,0,0,1,194.176,0.10383,0.15,130,31.5073,2.64354,0.44615
907,175,27,27,0,0,1,0,0,71.695,0.10357,0.15,130,31.5073,3.1589,0.44615
908,146,50,50,0,0,0,0,1,186.218,0.10331,0.15,130,31.5073,2.60839,0.44615
909,178,50,50,0,0,0,0,1,192.388,0.10305,0.15,130,31.5073,2.54609,0.44615
910,160,50,50,0,0,0,0,1,190.092,0.1028,0.15,130,31.5073,2.59782,0.44615
911,165,50,50,0,0,0,0,1,191.636,0.10254,0.15,130,31.5073,2.18594,0.44615
912,147,50,50,0,0,0,0,1,191.815,0.10228,0.15,130,31.5073,2.40842,0.44615
913,148,50,50,0,0,0,0,1,189.365,0.10203,0.15,130,31.5073,2.70182,0.44615
914,166,50,50,0,0,0,0,1,192.935,0.10177,0.15,130,31.5073,2.69692,0.44615
915,226,50,50,0,0,0,0,1,198.04,0.10152,0.15,130,31.5073,2.25711,0.44615
916,146,50,50,0,0,0,0,1,186.095,0.10127,0.15,130,31.5073,2.42469,0.44615
917,146,50,50,0,0,0,0,1,194.44,0.10101,0.15,130,31.5073,2.03275,0.44615
918,172,50,50,0,0,0,0,1,185.025,0.10076,0.15,130,31.5073,2.73651,0.44615
919,141,50,50,0,0,0,0,1,182.829,0.10051,0.15,130,31.5073,2.49292,0.44615
920,162,50,50,0,0,0,0,1,184.364,0.10026,0.15,130,31.5073,2.90072,0.44615
921,183,50,50,0,0,0,0,1,182.603,0.10001,0.15,130,31.5073,2.73044,0.44615
922,151,50,50,0,0,0,0,1,184.322,0.09976,0.15,130,31.5073,2.51894,0.44615
923,156,50,50,0,0,0,0,1,192.26,0.09951,0.15,130,31.5073,2.30272,0.44615
924,169,50,50,0,0,0,0,1,198.312,0.09926,0.15,130,31.5073,2.36427,0.44615
925,166,50,50,0,0,0,0,1,197.409,0.09901,0.15,130,31.5073,2.28052,0.44615
926,45,10,10,0,0,1,0,0,5.94,0.09877,0.15,130,31.5073,3.98868,0.44615
927,153,50,50,0,0,0,0,1,187.457,0.09852,0.15,130,31.5073,2.67291,0.44615
928,142,50,50,0,0,0,0,1,188.914,0.09827,0.15,130,31.5073,2.3491,0.44615
929,140,50,50,0,0,0,0,1,183.922,0.09803,0.15,130,31.5073,2.7821,0.44615
930,132,50,50,0,0,0,0,1,186.787,0.09778,0.15,130,31.5073,2.48481,0.44615
931,131,50,50,0,0,0,0,1,181.115,0.09754,0.15,130,31.5073,2.93454,0.44615
932,178,50,50,0,0,0,0,1,188.33,0.0973,0.15,130,31.5073,2.59109,0.44615
933,154,50,50,0,0,0,0,1,188.189,0.09705,0.15,130,31.5073,2.71336,0.44615
934,158,50,50,0,0,0,0,1,195.543,0.09681,0.15,130,31.5073,2.42422,0.44615
935,151,50,50,0,0,0,0,1,182.108,0.09657,0.15,130,31.5073,2.82239,0.44615
936,163,50,50,0,0,0,0,1,193.436,0.09633,0.15,130,31.5073,2.38412,0.44615
937,140,50,50,0,0,0,0,1,183.157,0.09609,0.15,130,31.5073,2.45836,0.44615
938,149,50,50,0,0,0,0,1,188.71,0.09585,0.15,130,31.5073,2.60352,0.44615
939,170,50,50,0,0,0,0,1,196.727,0.09561,0.15,130,31.5073,2.25791,0.44615
940,155,50,50,0,0,0,0,1,186.686,0.09537,0.15,130,31.5073,2.15608,0.44615
941,171,50,50,0,0,0,0,1,185.914,0.09513,0.15,130,31.5073,2.67187,0.44615
942,139,48,48,0,0,1,0,0,148.47,0.09489,0.15,130,31.5073,2.60087,0.44615
943,134,50,50,0,0,0,0,1,188.084,0.09466,0.15,130,31.5073,2.23382,0.44615
944,152,50,50,0,0,0,0,1,195.011,0.09442,0.15,130,31.5073,2.21582,0.44615
945,147,50,50,0,0,0,0,1,191.24,0.09418,0.15,130,31.5073,2.33703,0.44615
946,166,50,50,0,0,0,0,1,190.681,0.09395,0.15,130,31.5073,2.4901,0.44615
947,160,50,50,0,0,0,0,1,184.696,0.09371,0.15,130,31.5073,2.43094,0.44615
948,135,50,50,0,0,0,0,1,183.734,0.09348,0.15,130,31.5073,2.27159,0.44615
949,167,50,50,0,0,0,0,1,197.659,0.09325,0.15,130,31.5073,2.29484,0.44615
950,139,50,50,0,0,0,0,1,183.502,0.09301,0.15,130,31.5073,2.43966,0.44615
951,172,50,50,0,0,0,0,1,185.799,0.09278,0.15,130,31.5073,2.29529,0.44615
952,154,50,50,0,0,0,0,1,190.036,0.09255,0.15,130,31.5073,2.31871,0.44615
953,145,50,50,0,0,0,0,1,191.362,0.09232,0.15,130,31.5073,2.39551,0.44615
954,171,50,50,0,0,0,0,1,193.828,0.09209,0.15,130,31.5073,2.31005,0.44615
955,184,50,50,0,0,0,0,1,184.291,0.09186,0.15,130,31.5073,2.64178,0.44615
956,140,50,50,0,0,0,0,1,188.186,0.09163,0.15,130,31.5073,2.29504,0.44615
957,159,50,50,0,0,0,0,1,195.09,0.0914,0.15,130,31.5073,2.09979,0.44615
958,136,50,50,0,0,0,0,1,189.079,0.09117,0.15,130,31.5073,2.50543,0.44615
959,80,32,32,0,0,1,0,0,82.308,0.09095,0.15,130,31.5073,2.98721,0.44615
960,156,49,49,0,0,1,0,0,153.2,0.09072,0.15,130,31.5073,2.49094,0.44615
961,146,50,50,0,0,0,0,1,189.219,0.09049,0.15,130,31.5073,2.40519,0.44615
962,162,50,50,0,0,0,0,1,190.572,0.09027,0.15,130,31.5073,2.59088,0.44615
963,175,50,50,0,0,0,0,1,185.011,0.09004,0.15,130,31.5073,2.8131,0.44615
964,144,50,50,0,0,0,0,1,187.797,0.08982,0.15,130,31.5073,2.04764,0.44615
965,138,50,50,0,0,0,0,1,190.432,0.08959,0.15,130,31.5073,2.12693,0.44615
966,144,50,50,0,0,0,0,1,187.879,0.08937,0.15,130,31.5073,2.22394,0.44615
967,143,50,50,0,0,0,0,1,187.533,0.08914,0.15,130,31.5073,2.3922,0.44615
968,136,50,50,0,0,0,0,1,182.536,0.08892,0.15,130,31.5073,2.91006,0.44615
969,181,50,50,0,0,0,0,1,193.721,0.0887,0.15,130,31.5073,2.46924,0.44615
970,132,45,45,0,0,1,0,0,135.824,0.08848,0.15,130,31.5073,2.38777,0.44615
971,149,50,50,0,0,0,0,1,189.146,0.08826,0.15,130,31.5073,2.37987,0.44615
972,147,50,50,0,0,0,0,1,188.886,0.08804,0.15,130,31.5073,2.38036,0.44615
973,198,50,50,0,0,0,0,1,189.512,0.08782,0.15,130,31.5073,2.29219,0.44615
974,147,50,50,0,0,0,0,1,188.085,0.0876,0.15,130,31.5073,2.15325,0.44615
975,140,50,50,0,0,0,0,1,180.41,0.08738,0.15,130,31.5073,2.52891,0.44615
976,138,50,50,0,0,0,0,1,188.234,0.08716,0.15,130,31.5073,2.02868,0.44615
977,166,50,50,0,0,0,0,1,196.148,0.08694,0.15,130,31.5073,2.23916,0.44615
978,139,50,50,0,0,0,0,1,189.037,0.08673,0.15,130,31.5073,2.73789,0.44615
979,152,50,50,0,0,0,0,1,190.508,0.08651,0.15,130,31.5073,2.54326,0.44615
980,150,50,50,0,0,0,0,1,186.245,0.08629,0.15,130,31.5073,2.55659,0.44615
981,141,50,50,0,0,0,0,1,189.904,0.08608,0.15,130,31.5073,2.0228,0.44615
982,169,50,50,0,0,0,0,1,191.105,0.08586,0.15,130,31.5073,2.33651,0.44615
983,162,50,50,0,0,0,0,1,188.598,0.08565,0.15,130,31.5073,2.42507,0.44615
984,142,50,50,0,0,0,0,1,189.409,0.08543,0.15,130,31.5073,2.46023,0.44615
985,148,50,50,0,0,0,0,1,183.523,0.08522,0.15,130,31.5073,2.66623,0.44615
986,140,50,50,0,0,0,0,1,189.944,0.08501,0.15,130,31.5073,2.48855,0.44615
987,136,50,50,0,0,0,0,1,181.817,0.0848,0.15,130,31.5073,2.61885,0.44615
988,142,50,50,0,0,0,0,1,186.501,0.08458,0.15,130,31.5073,2.78435,0.44615
989,134,50,50,0,0,0,0,1,186.816,0.08437,0.15,130,31.5073,2.34327,0.44615
990,140,50,50,0,0,0,0,1,182.701,0.08416,0.15,130,31.5073,2.75589,0.44615
991,207,50,50,0,0,0,0,1,193.153,0.08395,0.15,130,31.5073,2.44855,0.44615
992,136,50,50,0,0,0,0,1,184.2,0.08374,0.15,130,31.5073,2.46334,0.44615
993,120,50,50,0,0,0,0,1,179.637,0.08353,0.15,130,31.5073,2.57936,0.44615
994,139,50,50,0,0,0,0,1,189.178,0.08333,0.15,130,31.5073,2.66598,0.44615
995,140,50,50,0,0,0,0,1,188.116,0.08312,0.15,130,31.5073,2.40989,0.44615
996,129,50,50,0,0,0,0,1,181.583,0.08291,0.15,130,31.5073,2.40213,0.44615
997,138,50,50,0,0,0,0,1,186.15,0.0827,0.15,130,31.5073,2.1838,0.44615
998,152,50,50,0,0,0,0,1,188.24,0.0825,0.15,130,31.5073,2.32487,0.44615
999,179,50,50,0,0,0,0,1,187.989,0.08229,0.15,130,31.5073,2.56986,0.44615
1000,193,50,50,0,0,0,0,1,188.403,0.08208,0.15,130,31.5073,2.55313,0.44615
1001,150,50,50,0,0,0,0,1,189.806,0.08188,0.15,130,31.5073,2.29781,0.44615
1002,156,50,50,0,0,0,0,1,190.597,0.08168,0.15,130,31.5073,2.42863,0.44615
1003,148,50,50,0,0,0,0,1,186.253,0.08147,0.15,130,31.5073,2.48258,0.44615
1004,118,50,50,0,0,0,0,1,181.35,0.08127,0.15,130,31.5073,2.40061,0.44615
1005,124,50,50,0,0,0,0,1,184.417,0.08107,0.15,130,31.5073,2.29458,0.44615
1006,164,50,50,0,0,0,0,1,189.761,0.08086,0.15,130,31.5073,2.84474,0.44615
1007,166,50,50,0,0,0,0,1,186.374,0.08066,0.15,130,31.5073,2.7787,0.44615
1008,121,39,39,0,0,1,0,0,106.678,0.08046,0.15,130,31.5073,3.50227,0.44615
1009,151,50,50,0,0,0,0,1,193.536,0.08026,0.15,130,31.5073,2.47182,0.44615
1010,125,50,50,0,0,0,0,1,186.052,0.08006,0.15,130,31.5073,2.20375,0.44615
1011,151,50,50,0,0,0,0,1,192.137,0.07986,0.15,130,31.5073,2.40073,0.44615
1012,160,50,50,0,0,0,0,1,198.734,0.07966,0.15,130,31.5073,2.12972,0.44615
1013,141,50,50,0,0,0,0,1,185.866,0.07946,0.15,130,31.5073,2.33873,0.44615
1014,133,50,50,0,0,0,0,1,184.472,0.07926,0.15,130,31.5073,2.72994,0.44615
1015,123,50,50,0,0,0,0,1,183.758,0.07906,0.15,130,31.5073,2.26409,0.44615
1016,159,50,50,0,0,0,0,1,194.27,0.07887,0.15,130,31.5073,2.38621,0.44615
1017,174,50,50,0,0,0,0,1,193.459,0.07867,0.15,130,31.5073,2.27576,0.44615
1018,138,50,50,0,0,0,0,1,186.472,0.07847,0.15,130,31.5073,2.13765,0.44615
1019,150,50,50,0,0,0,0,1,186.627,0.07828,0.15,130,31.5073,2.48427,0.44615
1020,142,50,50,0,0,0,0,1,188.105,0.07808,0.15,130,31.5073,2.31037,0.44615
1021,152,50,50,0,0,0,0,1,191.225,0.07789,0.15,130,31.5073,2.67838,0.44615
1022,157,50,50,0,0,0,0,1,180.553,0.07769,0.15,130,31.5073,2.78405,0.44615
1023,164,50,50,0,0,0,0,1,195.904,0.0775,0.15,130,31.5073,2.00442,0.44615
1024,145,50,50,0,0,0,0,1,181.19,0.0773,0.15,130,31.5073,2.65769,0.44615
1025,171,50,50,0,0,0,0,1,198.374,0.07711,0.15,130,31.5073,2.29477,0.44615
1026,176,50,50,0,0,0,0,1,186.891,0.07692,0.15,130,31.5073,2.65119,0.44615
1027,83,31,31,0,0,1,0,0,81.264,0.07673,0.15,130,31.5073,2.82325,0.44615
1028,160,50,50,0,0,0,0,1,192.237,0.07654,0.15,130,31.5073,2.3407,0.44615
1029,156,50,50,0,0,0,0,1,189.727,0.07634,0.15,130,31.5073,2.2339,0.44615
1030,158,50,50,0,0,0,0,1,192.702,0.07615,0.15,130,31.5073,2.26801,0.44615
1031,133,50,50,0,0,0,0,1,187.014,0.07596,0.15,130,31.5073,2.29878,0.44615
1032,145,50,50,0,0,0,0,1,193.244,0.07577,0.15,130,31.5073,2.07395,0.44615
1033,147,50,50,0,0,0,0,1,191.798,0.07558,0.15,130,31.5073,2.28931,0.44615
1034,166,50,50,0,0,0,0,1,192.422,0.0754,0.15,130,31.5073,2.39261,0.44615
1035,171,50,50,0,0,0,0,1,194.372,0.07521,0.15,130,31.5073,2.40821,0.44615
1036,189,50,50,0,0,0,0,1,191.18,0.07502,0.15,130,31.5073,2.70391,0.44615
1037,150,50,50,0,0,0,0,1,188.65,0.07483,0.15,130,31.5073,2.48374,0.44615
1038,152,50,50,0,0,0,0,1,186.293,0.07465,0.15,130,31.5073,2.65451,0.44615
1039,16,1,1,0,0,1,0,0,-27.798,0.07446,0.15,130,31.5073,5.3119,0.44615
1040,138,50,50,0,0,0,0,1,188.286,0.07427,0.15,130,31.5073,2.25069,0.44615
1041,152,50,50,0,0,0,0,1,188.794,0.07409,0.15,130,31.5073,2.24974,0.44615
1042,151,50,50,0,0,0,0,1,188.016,0.0739,0.15,130,31.5073,2.68827,0.44615
1043,189,50,50,0,0,0,0,1,194.499,0.07372,0.15,130,31.5073,3.0118,0.44615
1044,161,50,50,0,0,0,0,1,189.63,0.07353,0.15,130,31.5073,2.76043,0.44615
1045,133,50,50,0,0,0,0,1,185.692,0.07335,0.15,130,31.5073,2.57479,0.44615
1046,140,50,50,0,0,0,0,1,184.562,0.07317,0.15,130,31.5073,2.63426,0.44615
1047,144,50,50,0,0,0,0,1,187.666,0.07299,0.15,130,31.5073,2.43394,0.44615
1048,133,50,50,0,0,0,0,1,187.959,0.0728,0.15,130,31.5073,2.68671,0.44615
1049,173,50,50,0,0,0,0,1,200.535,0.07262,0.15,130,31.5073,1.93448,0.44615
1050,141,50,50,0,0,0,0,1,183.858,0.07244,0.15,130,31.5073,2.55878,0.44615
1051,142,50,50,0,0,0,0,1,189.316,0.07226,0.15,130,31.5073,2.36177,0.44615
1052,153,50,50,0,0,0,0,1,189.552,0.07208,0.15,130,31.5073,2.27375,0.44615
1053,150,50,50,0,0,0,0,1,190.398,0.0719,0.15,130,31.5073,2.24433,0.44615
1054,147,50,50,0,0,0,0,1,187.608,0.07172,0.15,130,31.5073,2.53581,0.44615
1055,122,50,50,0,0,0,0,1,183.84,0.07154,0.15,130,31.5073,2.25817,0.44615
1056,127,50,50,0,0,0,0,1,180.769,0.07136,0.15,130,31.5073,2.49842,0.44615
1057,151,50,50,0,0,0,0,1,189.896,0.07118,0.15,130,31.5073,2.40636,0.44615
1058,127,50,50,0,0,0,0,1,180.816,0.07101,0.15,130,31.5073,2.58075,0.44615
1059,147,50,50,0,0,0,0,1,185.642,0.07083,0.15,130,31.5073,2.53195,0.44615
1060,146,50,50,0,0,0,0,1,188.831,0.07065,0.15,130,31.5073,2.48185,0.44615
1061,169,50,50,0,0,0,0,1,186.82,0.07047,0.15,130,31.5073,2.6517,0.44615
1062,138,50,50,0,0,0,0,1,184.622,0.0703,0.15,130,31.5073,2.62639,0.44615
1063,141,50,50,0,0,0,0,1,189.226,0.07012,0.15,130,31.5073,2.16513,0.44615
1064,154,50,50,0,0,0,0,1,195.264,0.06995,0.15,130,31.5073,2.24037,0.44615
1065,184,50,50,0,0,0,0,1,198.086,0.06977,0.15,130,31.5073,2.17776,0.44615
1066,400,46,46,0,0,0,0,1,161.901,0.0696,0.15,130,31.5073,3.16771,0.44615
1067,156,50,50,0,0,0,0,1,197.008,0.06943,0.15,130,31.5073,2.25101,0.44615
1068,119,50,50,0,0,0,0,1,184.678,0.06925,0.15,130,31.5073,2.38633,0.44615
1069,136,50,50,0,0,0,0,1,180.893,0.06908,0.15,130,31.5073,2.59202,0.44615
1070,145,50,50,0,0,0,0,1,185.86,0.06891,0.15,130,31.5073,2.68497,0.44615
1071,142,50,50,0,0,0,0,1,191.583,0.06873,0.15,130,31.5073,2.47461,0.44615
1072,138,50,50,0,0,0,0,1,188.619,0.06856,0.15,130,31.5073,2.68527,0.44615
1073,143,50,50,0,0,0,0,1,189.543,0.06839,0.15,130,31.5073,2.72321,0.44615
1074,157,50,50,0,0,0,0,1,188.469,0.06822,0.15,130,31.5073,2.39052,0.44615
1075,135,50,50,0,0,0,0,1,183.641,0.06805,0.15,130,31.5073,2.64364,0.44615
1076,138,50,50,0,0,0,0,1,189.065,0.06788,0.15,130,31.5073,2.38524,0.44615
1077,142,50,50,0,0,0,0,1,189.871,0.06771,0.15,130,31.5073,2.28926,0.44615
1078,139,50,50,0,0,0,0,1,184.835,0.06754,0.15,130,31.5073,2.56526,0.44615
1079,148,50,50,0,0,0,0,1,195.829,0.06737,0.15,130,31.5073,2.0083,0.44615
1080,131,50,50,0,0,0,0,1,183.533,0.06721,0.15,130,31.5073,2.43582,0.44615
1081,146,50,50,0,0,0,0,1,189.594,0.06704,0.15,130,31.5073,2.63331,0.44615
1082,194,50,50,0,0,0,0,1,186.871,0.06687,0.15,130,31.5073,2.76668,0.44615
1083,210,50,50,0,0,0,0,1,198.885,0.0667,0.15,130,31.5073,2.55005,0.44615
1084,184,50,50,0,0,0,0,1,181.36,0.06654,0.15,130,31.5073,3.00987,0.44615
1085,132,50,50,0,0,0,0,1,185.605,0.06637,0.15,130,31.5073,2.28794,0.44615
1086,140,50,50,0,0,0,0,1,188.017,0.0662,0.15,130,31.5073,2.2608,0.44615
1087,136,50,50,0,0,0,0,1,188.642,0.06604,0.15,130,31.5073,2.52041,0.44615
1088,162,50,50,0,0,0,0,1,196.052,0.06587,0.15,130,31.5073,2.3514,0.44615
1089,132,50,50,0,0,0,0,1,182.938,0.06571,0.15,130,31.5073,2.33083,0.44615
1090,149,50,50,0,0,0,0,1,184.955,0.06555,0.15,130,31.5073,2.40092,0.44615
1091,172,50,50,0,0,0,0,1,191.141,0.06538,0.15,130,31.5073,2.4235,0.44615
1092,225,50,50,0,0,0,0,1,196.169,0.06522,0.15,130,31.5073,2.29916,0.44615
1093,158,50,50,0,0,0,0,1,187.517,0.06506,0.15,130,31.5073,2.09628,0.44615
1094,145,50,50,0,0,0,0,1,189.363,0.06489,0.15,130,31.5073,2.45905,0.44615
1095,161,50,50,0,0,0,0,1,195.085,0.06473,0.15,130,31.5073,2.11162,0.44615
1096,134,50,50,0,0,0,0,1,189.072,0.06457,0.15,130,31.5073,2.23366,0.44615
1097,135,50,50,0,0,0,0,1,182.598,0.06441,0.15,130,31.5073,2.65144,0.44615
1098,125,50,50,0,0,0,0,1,184.406,0.06425,0.15,130,31.5073,2.16371,0.44615
1099,152,50,50,0,0,0,0,1,189.48,0.06409,0.15,130,31.5073,2.44332,0.44615
1100,190,50,50,0,0,0,0,1,193.997,0.06393,0.15,130,31.5073,2.31242,0.44615
1101,166,50,50,0,0,0,0,1,198.579,0.06377,0.15,130,31.5073,2.03704,0.44615
1102,155,50,50,0,0,0,0,1,184.238,0.06361,0.15,130,31.5073,2.49413,0.44615
1103,159,50,50,0,0,0,0,1,190.46,0.06345,0.15,130,31.5073,2.325,0.44615
1104,163,50,50,0,0,0,0,1,193.48,0.06329,0.15,130,31.5073,2.52937,0.44615
1105,131,50,50,0,0,0,0,1,184.57,0.06313,0.15,130,31.5073,2.41326,0.44615
1106,136,50,50,0,0,0,0,1,184.464,0.06298,0.15,130,31.5073,2.68461,0.44615
1107,145,50,50,0,0,0,0,1,188.239,0.06282,0.15,130,31.5073,2.90115,0.44615
1108,159,50,50,0,0,0,0,1,189.923,0.06266,0.15,130,31.5073,2.59623,0.44615
1109,158,50,50,0,0,0,0,1,192.709,0.06251,0.15,130,31.5073,2.45011,0.44615
1110,133,50,50,0,0,0,0,1,186.096,0.06235,0.15,130,31.5073,2.02771,0.44615
1111,141,50,50,0,0,0,0,1,193.4,0.06219,0.15,130,31.5073,2.06118,0.44615
1112,146,50,50,0,0,0,0,1,192.14,0.06204,0.15,130,31.5073,2.01065,0.44615
1113,128,50,50,0,0,0,0,1,184.54,0.06188,0.15,130,31.5073,2.3066,0.44615
1114,145,50,50,0,0,0,0,1,185.703,0.06173,0.15,130,31.5073,2.3718,0.44615
1115,144,50,50,0,0,0,0,1,191.187,0.06157,0.15,130,31.5073,2.38068,0.44615
1116,144,50,50,0,0,0,0,1,190.502,0.06142,0.15,130,31.5073,2.09353,0.44615
1117,138,50,50,0,0,0,0,1,183.911,0.06127,0.15,130,31.5073,2.47775,0.44615
1118,150,50,50,0,0,0,0,1,191.18,0.06111,0.15,130,31.5073,2.13676,0.44615
1119,141,50,50,0,0,0,0,1,188.633,0.06096,0.15,130,31.5073,2.57741,0.44615
1120,153,50,50,0,0,0,0,1,191.859,0.06081,0.15,130,31.5073,2.23862,0.44615
1121,134,50,50,0,0,0,0,1,185.187,0.06066,0.15,130,31.5073,2.51516,0.44615
1122,116,50,50,0,0,0,0,1,178.718,0.06051,0.15,130,31.5073,2.55048,0.44615
1123,139,50,50,0,0,1,0,0,152.492,0.06036,0.15,130,31.5073,3.26228,0.44615
1124,149,50,50,0,0,0,0,1,189.638,0.0602,0.15,130,31.5073,2.28979,0.44615
1125,152,50,50,0,0,0,0,1,187.698,0.06005,0.15,130,31.5073,2.5023,0.44615
1126,249,50,50,0,0,0,0,1,192.858,0.0599,0.15,130,31.5073,2.68404,0.44615
1127,160,50,50,0,0,0,0,1,189.163,0.05976,0.15,130,31.5073,2.64267,0.44615
1128,149,50,50,0,0,0,0,1,192.582,0.05961,0.15,130,31.5073,2.20623,0.44615
1129,135,50,50,0,0,0,0,1,188.55,0.05946,0.15,130,31.5073,2.15585,0.44615
1130,148,50,50,0,0,0,0,1,188.382,0.05931,0.15,130,31.5073,2.35544,0.44615
1131,173,50,50,0,0,0,0,1,188.675,0.05916,0.15,130,31.5073,2.71104,0.44615
1132,136,50,50,0,0,0,0,1,188.962,0.05901,0.15,130,31.5073,2.20669,0.44615
1133,171,50,50,0,0,0,0,1,191.177,0.05887,0.15,130,31.5073,2.41677,0.44615
1134,139,50,50,0,0,0,0,1,188.936,0.05872,0.15,130,31.5073,2.19247,0.44615
1135,124,50,50,0,0,0,0,1,180.239,0.05857,0.15,130,31.5073,2.61913,0.44615
1136,135,50,50,0,0,0,0,1,184.107,0.05843,0.15,130,31.5073,2.48734,0.44615
1137,131,50,50,0,0,0,0,1,187.368,0.05828,0.15,130,31.5073,2.0733,0.44615
1138,150,50,50,0,0,0,0,1,196.44,0.05813,0.15,130,31.5073,2.19598,0.44615
1139,146,50,50,0,0,0,0,1,188.722,0.05799,0.15,130,31.5073,2.25833,0.44615
1140,162,50,50,0,0,0,0,1,193.309,0.05784,0.15,130,31.5073,2.36213,0.44615
1141,144,50,50,0,0,0,0,1,181.556,0.0577,0.15,130,31.5073,2.53485,0.44615
1142,166,50,50,0,0,0,0,1,191.267,0.05756,0.15,130,31.5073,2.17802,0.44615
1143,220,50,50,0,0,0,0,1,183.539,0.05741,0.15,130,31.5073,2.65781,0.44615
1144,155,50,50,0,0,0,0,1,194.292,0.05727,0.15,130,31.5073,2.01803,0.44615
1145,149,50,50,0,0,0,0,1,196.044,0.05713,0.15,130,31.5073,2.02561,0.44615
1146,138,50,50,0,0,0,0,1,184.487,0.05698,0.15,130,31.5073,2.29615,0.44615
1147,145,50,50,0,0,0,0,1,190.227,0.05684,0.15,130,31.5073,2.20006,0.44615
1148,140,50,50,0,0,0,0,1,192.704,0.0567,0.15,130,31.5073,2.28521,0.44615
1149,173,50,50,0,0,0,0,1,186.989,0.05656,0.15,130,31.5073,2.37875,0.44615
1150,200,50,50,0,0,0,0,1,181.419,0.05642,0.15,130,31.5073,2.9787,0.44615
1151,150,50,50,0,0,0,0,1,185.325,0.05628,0.15,130,31.5073,2.13242,0.44615
1152,141,50,50,0,0,0,0,1,192.944,0.05613,0.15,130,31.5073,2.15343,0.44615
1153,146,50,50,0,0,0,0,1,186.146,0.05599,0.15,130,31.5073,2.49719,0.44615
1154,142,50,50,0,0,0,0,1,188.805,0.05585,0.15,130,31.5073,2.55065,0.44615
1155,134,50,50,0,0,0,0,1,188.553,0.05572,0.15,130,31.5073,2.28683,0.44615
1156,136,50,50,0,0,0,0,1,187.033,0.05558,0.15,130,31.5073,2.26492,0.44615
1157,121,50,50,0,0,0,0,1,180.599,0.05544,0.15,130,31.5073,2.63297,0.44615
1158,123,50,50,0,0,0,0,1,184.682,0.0553,0.15,130,31.5073,2.32497,0.44615
1159,133,50,50,0,0,0,0,1,186.002,0.05516,0.15,130,31.5073,2.45701,0.44615
1160,169,50,50,0,0,0,0,1,195.101,0.05502,0.15,130,31.5073,2.31914,0.44615
1161,123,50,50,0,0,0,0,1,183.282,0.05489,0.15,130,31.5073,2.24074,0.44615
1162,115,50,50,0,0,0,0,1,183.48,0.05475,0.15,130,31.5073,2.30075,0.44615
1163,136,50,50,0,0,0,0,1,183.619,0.05461,0.15,130,31.5073,2.11579,0.44615
1164,168,50,50,0,0,0,0,1,191.67,0.05448,0.15,130,31.5073,2.96857,0.44615
1165,187,50,50,0,0,0,0,1,192.262,0.05434,0.15,130,31.5073,2.32706,0.44615
1166,144,50,50,0,0,0,0,1,187.406,0.0542,0.15,130,31.5073,2.72208,0.44615
1167,145,50,50,0,0,0,0,1,188.224,0.05407,0.15,130,31.5073,2.2979,0.44615
1168,139,50,50,0,0,0,0,1,189.911,0.05393,0.15,130,31.5073,2.29203,0.44615
1169,128,50,50,0,0,0,0,1,185.922,0.0538,0.15,130,31.5073,2.4781,0.44615
1170,145,50,50,0,0,0,0,1,191.148,0.05366,0.15,130,31.5073,2.4457,0.44615
1171,137,50,50,0,0,0,0,1,179.551,0.05353,0.15,130,31.5073,2.26292,0.44615
1172,124,48,48,0,0,1,0,0,147.276,0.0534,0.15,130,31.5073,2.1411,0.44615
1173,141,50,50,0,0,0,0,1,191.45,0.05326,0.15,130,31.5073,2.26995,0.44615
1174,135,50,50,0,0,0,0,1,189.376,0.05313,0.15,130,31.5073,2.47765,0.44615
1175,132,50,50,0,0,0,0,1,186.101,0.053,0.15,130,31.5073,2.15944,0.44615
1176,129,50,50,0,0,0,0,1,183.875,0.05287,0.15,130,31.5073,2.30849,0.44615
1177,178,50,50,0,0,0,0,1,196.569,0.05273,0.15,130,31.5073,2.34579,0.44615
1178,141,50,50,0,0,0,0,1,188.728,0.0526,0.15,130,31.5073,2.14311,0.44615
1179,126,50,50,0,0,0,0,1,183.412,0.05247,0.15,130,31.5073,2.17353,0.44615
1180,161,50,50,0,0,0,0,1,189.167,0.05234,0.15,130,31.5073,2.86332,0.44615
1181,317,50,50,0,0,0,0,1,198.708,0.05221,0.15,130,31.5073,2.85571,0.44615
1182,223,50,50,0,0,0,0,1,173.319,0.05208,0.15,130,31.5073,2.77949,0.44615
1183,279,50,50,0,0,0,0,1,178.24,0.05195,0.15,130,31.5073,2.72922,0.44615
1184,323,50,50,0,0,0,0,1,166.863,0.05182,0.15,130,31.5073,2.68469,0.44615
1185,325,50,50,0,0,0,0,1,177.793,0.05169,0.15,130,31.5073,2.53893,0.44615
1186,400,49,49,0,0,0,0,1,161.895,0.05156,0.15,130,31.5073,2.3648,0.44615
1187,282,50,50,0,0,0,0,1,177.98,0.05143,0.15,130,31.5073,2.38619,0.44615
1188,220,50,50,0,0,0,0,1,169.784,0.0513,0.15,130,31.5073,2.5687,0.44615
1189,296,50,50,0,0,0,0,1,182.013,0.05118,0.15,130,31.5073,2.57151,0.44615
1190,249,50,50,0,0,0,0,1,152.657,0.05105,0.15,130,31.5073,3.48826,0.44615
1191,172,50,50,0,0,0,0,1,189.734,0.05092,0.15,130,31.5073,2.84022,0.44615
1192,123,50,50,0,0,0,0,1,179.389,0.05079,0.15,130,31.5073,2.93347,0.44615
1193,129,50,50,0,0,0,0,1,186.725,0.05067,0.15,130,31.5073,2.50219,0.44615
1194,133,50,50,0,0,0,0,1,188.753,0.05054,0.15,130,31.5073,2.81644,0.44615
1195,121,50,50,0,0,0,0,1,183.845,0.05041,0.15,130,31.5073,3.05436,0.44615
1196,133,50,50,0,0,0,0,1,186.621,0.05029,0.15,130,31.5073,2.73918,0.44615
1197,138,50,50,0,0,0,0,1,186.941,0.05016,0.15,130,31.5073,2.74688,0.44615
1198,146,50,50,0,0,0,0,1,194.319,0.05004,0.15,130,31.5073,2.66813,0.44615
1199,118,50,50,0,0,0,0,1,183.234,0.05,0.15,130,31.5073,2.6961,0.44615
1200,142,50,50,0,0,0,0,1,187.962,0.05,0.15,130,31.5073,2.64919,0.44615
1201,132,50,50,0,0,0,0,1,183.651,0.05,0.15,130,31.5073,3.04443,0.44615
1202,127,50,50,0,0,0,0,1,185.491,0.05,0.15,130,31.5073,2.49273,0.44615
1203,131,50,50,0,0,0,0,1,188.035,0.05,0.15,130,31.5073,2.68983,0.44615
1204,127,50,50,0,0,0,0,1,184.329,0.05,0.15,130,31.5073,2.75266,0.44615
1205,135,50,50,0,0,0,0,1,188.984,0.05,0.15,130,31.5073,2.63455,0.44615
1206,137,50,50,0,0,0,0,1,185.657,0.05,0.15,130,31.5073,2.82636,0.44615
1207,123,50,50,0,0,0,0,1,185.07,0.05,0.15,130,31.5073,2.56413,0.44615
1208,133,50,50,0,0,0,0,1,188.268,0.05,0.15,130,31.5073,2.26097,0.44615
1209,133,50,50,0,0,0,0,1,186.025,0.05,0.15,130,31.5073,2.59111,0.44615
1210,133,50,50,0,0,0,0,1,183.318,0.05,0.15,130,31.5073,2.75065,0.44615
1211,150,50,50,0,0,0,0,1,188.343,0.05,0.15,130,31.5073,2.89615,0.44615
1212,135,50,50,0,0,0,0,1,188.804,0.05,0.15,130,31.5073,2.37785,0.44615
1213,143,50,50,0,0,0,0,1,191.234,0.05,0.15,130,31.5073,2.46295,0.44615
1214,127,50,50,0,0,0,0,1,181.412,0.05,0.15,130,31.5073,2.7711,0.44615
1215,120,50,50,0,0,0,0,1,185.544,0.05,0.15,130,31.5073,2.15119,0.44615
1216,131,50,50,0,0,0,0,1,186.017,0.05,0.15,130,31.5073,2.58492,0.44615
1217,129,50,50,0,0,0,0,1,187.556,0.05,0.15,130,31.5073,2.06466,0.44615
1218,122,50,50,0,0,0,0,1,181.252,0.05,0.15,130,31.5073,2.81612,0.44615
1219,141,50,50,0,0,0,0,1,187.134,0.05,0.15,130,31.5073,2.5447,0.44615
1220,143,50,50,0,0,0,0,1,188.801,0.05,0.15,130,31.5073,2.71463,0.44615
1221,140,50,50,0,0,0,0,1,184.706,0.05,0.15,130,31.5073,2.45582,0.44615
1222,149,50,50,0,0,0,0,1,193.912,0.05,0.15,130,31.5073,2.37487,0.44615
1223,194,50,50,0,0,0,0,1,194.611,0.05,0.15,130,31.5073,2.99318,0.44615
1224,139,50,50,0,0,0,0,1,188.742,0.05,0.15,130,31.5073,2.21722,0.44615
1225,126,50,50,0,0,0,0,1,188.0,0.05,0.15,130,31.5073,2.25143,0.44615
1226,155,50,50,0,0,0,0,1,195.414,0.05,0.15,130,31.5073,2.5474,0.44615
1227,177,50,50,0,0,0,0,1,186.056,0.05,0.15,130,31.5073,2.9928,0.44615
1228,141,50,50,0,0,0,0,1,189.889,0.05,0.15,130,31.5073,2.30596,0.44615
1229,139,50,50,0,0,0,0,1,186.934,0.05,0.15,130,31.5073,2.99568,0.44615
1230,139,50,50,0,0,0,0,1,188.392,0.05,0.15,130,31.5073,2.53402,0.44615
1231,145,50,50,0,0,0,0,1,188.244,0.05,0.15,130,31.5073,2.47799,0.44615
1232,135,50,50,0,0,0,0,1,187.45,0.05,0.15,130,31.5073,2.32659,0.44615
1233,142,50,50,0,0,0,0,1,183.62,0.05,0.15,130,31.5073,2.7466,0.44615
1234,135,50,50,0,0,0,0,1,188.844,0.05,0.15,130,31.5073,2.28793,0.44615
1235,154,50,50,0,0,0,0,1,193.362,0.05,0.15,130,31.5073,2.53743,0.44615
1236,133,50,50,0,0,0,0,1,181.788,0.05,0.15,130,31.5073,2.69611,0.44615
1237,128,50,50,0,0,0,0,1,187.058,0.05,0.15,130,31.5073,2.50131,0.44615
1238,132,50,50,0,0,0,0,1,188.272,0.05,0.15,130,31.5073,2.34202,0.44615
1239,126,50,50,0,0,0,0,1,185.216,0.05,0.15,130,31.5073,2.58425,0.44615
1240,143,50,50,0,0,0,0,1,187.854,0.05,0.15,130,31.5073,2.26886,0.44615
1241,141,50,50,0,0,0,0,1,188.372,0.05,0.15,130,31.5073,2.93964,0.44615
1242,132,50,50,0,0,0,0,1,187.276,0.05,0.15,130,31.5073,2.0465,0.44615
1243,130,50,50,0,0,0,0,1,187.446,0.05,0.15,130,31.5073,2.1316,0.44615
1244,123,50,50,0,0,0,0,1,182.582,0.05,0.15,130,31.5073,2.71683,0.44615
1245,131,50,50,0,0,0,0,1,185.826,0.05,0.15,130,31.5073,2.86685,0.44615
1246,132,50,50,0,0,0,0,1,185.45,0.05,0.15,130,31.5073,2.89642,0.44615
1247,140,50,50,0,0,0,0,1,188.189,0.05,0.15,130,31.5073,2.4594,0.44615
1248,137,50,50,0,0,0,0,1,185.638,0.05,0.15,130,31.5073,2.60713,0.44615
1249,129,50,50,0,0,0,0,1,188.448,0.05,0.15,130,31.5073,2.38934,0.44615
1250,133,50,50,0,0,0,0,1,189.226,0.05,0.15,130,31.5073,2.6937,0.44615
1251,132,50,50,0,0,0,0,1,182.026,0.05,0.15,130,31.5073,2.6343,0.44615
1252,151,50,50,0,0,0,0,1,190.21,0.05,0.15,130,31.5073,2.3666,0.44615
1253,192,50,50,0,0,0,0,1,183.994,0.05,0.15,130,31.5073,3.29817,0.44615
1254,152,50,50,0,0,0,0,1,185.57,0.05,0.15,130,31.5073,2.46466,0.44615
1255,158,50,50,0,0,0,0,1,200.002,0.05,0.15,130,31.5073,2.35871,0.44615
1256,126,50,50,0,0,0,0,1,185.776,0.05,0.15,130,31.5073,2.13224,0.44615
1257,141,50,50,0,0,0,0,1,190.568,0.05,0.15,130,31.5073,2.39817,0.44615
1258,140,50,50,0,0,0,0,1,190.066,0.05,0.15,130,31.5073,2.47609,0.44615
1259,145,50,50,0,0,0,0,1,191.025,0.05,0.15,130,31.5073,2.35656,0.44615
1260,144,50,50,0,0,0,0,1,195.06,0.05,0.15,130,31.5073,1.9506,0.44615
1261,52,24,24,0,0,1,0,0,51.788,0.05,0.15,130,31.5073,2.92426,0.44615
1262,161,50,50,0,0,0,0,1,199.254,0.05,0.15,130,31.5073,2.32675,0.44615
1263,175,50,50,0,0,0,0,1,186.814,0.05,0.15,130,31.5073,2.77086,0.44615
1264,118,50,50,0,0,0,0,1,181.464,0.05,0.15,130,31.5073,2.40998,0.44615
1265,131,50,50,0,0,0,0,1,186.822,0.05,0.15,130,31.5073,2.30611,0.44615
1266,150,50,50,0,0,0,0,1,190.043,0.05,0.15,130,31.5073,2.35892,0.44615
1267,136,50,50,0,0,0,0,1,187.396,0.05,0.15,130,31.5073,2.07074,0.44615
1268,175,50,50,0,0,0,0,1,187.493,0.05,0.15,130,31.5073,2.10042,0.44615
1269,159,50,50,0,0,0,0,1,192.238,0.05,0.15,130,31.5073,2.34083,0.44615
1270,153,50,50,0,0,0,0,1,193.146,0.05,0.15,130,31.5073,2.11703,0.44615
1271,149,50,50,0,0,0,0,1,193.663,0.05,0.15,130,31.5073,2.17866,0.44615
1272,153,50,50,0,0,0,0,1,199.367,0.05,0.15,130,31.5073,2.25617,0.44615
1273,129,50,50,0,0,0,0,1,185.036,0.05,0.15,130,31.5073,2.69886,0.44615
1274,125,50,50,0,0,0,0,1,185.932,0.05,0.15,130,31.5073,2.33173,0.44615
1275,134,50,50,0,0,0,0,1,190.338,0.05,0.15,130,31.5073,2.3119,0.44615
1276,136,50,50,0,0,0,0,1,190.836,0.05,0.15,130,31.5073,2.27123,0.44615
1277,121,50,50,0,0,0,0,1,183.434,0.05,0.15,130,31.5073,2.59849,0.44615
1278,141,50,50,0,0,0,0,1,187.382,0.05,0.15,130,31.5073,2.44745,0.44615
1279,128,50,50,0,0,0,0,1,189.034,0.05,0.15,130,31.5073,2.40582,0.44615
1280,143,50,50,0,0,0,0,1,193.312,0.05,0.15,130,31.5073,2.35145,0.44615
1281,147,50,50,0,0,0,0,1,187.887,0.05,0.15,130,31.5073,2.98459,0.44615
1282,165,50,50,0,0,0,0,1,191.994,0.05,0.15,130,31.5073,2.50034,0.44615
1283,137,50,50,0,0,0,0,1,184.126,0.05,0.15,130,31.5073,2.65469,0.44615
1284,142,50,50,0,0,0,0,1,192.068,0.05,0.15,130,31.5073,2.15939,0.44615
1285,222,50,50,0,0,0,0,1,189.383,0.05,0.15,130,31.5073,2.86535,0.44615
1286,240,50,50,0,0,0,0,1,189.583,0.05,0.15,130,31.5073,3.01998,0.44615
1287,149,50,50,0,0,0,0,1,191.498,0.05,0.15,130,31.5073,2.32102,0.44615
1288,153,50,50,0,0,0,0,1,193.319,0.05,0.15,130,31.5073,2.40368,0.44615
1289,133,50,50,0,0,0,0,1,189.87,0.05,0.15,130,31.5073,2.28418,0.44615
1290,160,50,50,0,0,0,0,1,192.786,0.05,0.15,130,31.5073,2.69051,0.44615
1291,137,50,50,0,0,0,0,1,187.744,0.05,0.15,130,31.5073,2.4078,0.44615
1292,138,50,50,0,0,0,0,1,186.652,0.05,0.15,130,31.5073,2.53892,0.44615
1293,139,50,50,0,0,0,0,1,190.678,0.05,0.15,130,31.5073,2.27582,0.44615
1294,140,50,50,0,0,0,0,1,193.385,0.05,0.15,130,31.5073,2.28116,0.44615
1295,134,50,50,0,0,0,0,1,189.344,0.05,0.15,130,31.5073,2.36425,0.44615
1296,127,50,50,0,0,0,0,1,187.156,0.05,0.15,130,31.5073,2.22113,0.44615
1297,120,50,50,0,0,0,0,1,180.557,0.05,0.15,130,31.5073,2.84768,0.44615
1298,147,50,50,0,0,0,0,1,187.678,0.05,0.15,130,31.5073,3.11239,0.44615
1299,148,50,50,0,0,0,0,1,196.004,0.05,0.15,130,31.5073,2.2912,0.44615
1300,156,50,50,0,0,0,0,1,189.154,0.05,0.15,130,31.5073,2.59806,0.44615
1301,125,50,50,0,0,0,0,1,185.997,0.05,0.15,130,31.5073,2.45362,0.44615
1302,130,50,50,0,0,0,0,1,187.93,0.05,0.15,130,31.5073,2.35741,0.44615
1303,157,50,50,0,0,0,0,1,197.02,0.05,0.15,130,31.5073,2.56761,0.44615
1304,160,50,50,0,0,0,0,1,194.624,0.05,0.15,130,31.5073,2.42054,0.44615
1305,136,50,50,0,0,0,0,1,186.262,0.05,0.15,130,31.5073,2.27279,0.44615
1306,140,50,50,0,0,0,0,1,193.524,0.05,0.15,130,31.5073,2.18284,0.44615
1307,139,50,50,0,0,0,0,1,190.846,0.05,0.15,130,31.5073,2.41498,0.44615
1308,140,50,50,0,0,0,0,1,187.072,0.05,0.15,130,31.5073,2.33805,0.44615
1309,128,50,50,0,0,0,0,1,185.29,0.05,0.15,130,31.5073,2.46119,0.44615
1310,159,50,50,0,0,0,0,1,185.607,0.05,0.15,130,31.5073,3.12617,0.44615
1311,138,50,50,0,0,0,0,1,186.065,0.05,0.15,130,31.5073,2.46386,0.44615
1312,181,50,50,0,0,0,0,1,188.612,0.05,0.15,130,31.5073,2.45366,0.44615
1313,116,50,50,0,0,0,0,1,182.516,0.05,0.15,130,31.5073,2.55373,0.44615
1314,153,50,50,0,0,0,0,1,198.03,0.05,0.15,130,31.5073,2.37626,0.44615
1315,138,50,50,0,0,0,0,1,190.556,0.05,0.15,130,31.5073,2.26563,0.44615
1316,161,50,50,0,0,0,0,1,185.969,0.05,0.15,130,31.5073,2.47977,0.44615
1317,147,50,50,0,0,0,0,1,193.45,0.05,0.15,130,31.5073,2.27735,0.44615
1318,140,50,50,0,0,0,0,1,187.082,0.05,0.15,130,31.5073,2.15179,0.44615
1319,138,50,50,0,0,0,0,1,189.446,0.05,0.15,130,31.5073,2.26637,0.44615
1320,123,50,50,0,0,0,0,1,181.693,0.05,0.15,130,31.5073,2.63231,0.44615
1321,136,50,50,0,0,0,0,1,187.356,0.05,0.15,130,31.5073,2.76969,0.44615
1322,141,50,50,0,0,0,0,1,189.76,0.05,0.15,130,31.5073,2.31193,0.44615
1323,134,50,50,0,0,0,0,1,188.212,0.05,0.15,130,31.5073,2.33769,0.44615
1324,131,50,50,0,0,0,0,1,187.84,0.05,0.15,130,31.5073,2.24712,0.44615
1325,141,50,50,0,0,0,0,1,185.228,0.05,0.15,130,31.5073,2.67049,0.44615
1326,132,50,50,0,0,0,0,1,185.278,0.05,0.15,130,31.5073,2.42431,0.44615
1327,140,50,50,0,0,0,0,1,185.144,0.05,0.15,130,31.5073,2.38617,0.44615
1328,138,50,50,0,0,0,0,1,185.788,0.05,0.15,130,31.5073,2.51945,0.44615
1329,141,50,50,0,0,0,0,1,190.882,0.05,0.15,130,31.5073,2.26882,0.44615
1330,122,50,50,0,0,0,0,1,182.288,0.05,0.15,130,31.5073,2.34299,0.44615
1331,141,50,50,0,0,0,0,1,189.4,0.05,0.15,130,31.5073,2.45238,0.44615
1332,138,50,50,0,0,0,0,1,189.246,0.05,0.15,130,31.5073,2.15662,0.44615
1333,146,50,50,0,0,0,0,1,190.432,0.05,0.15,130,31.5073,2.36985,0.44615
1334,132,50,50,0,0,0,0,1,185.314,0.05,0.15,130,31.5073,1.96759,0.44615
1335,136,50,50,0,0,0,0,1,186.394,0.05,0.15,130,31.5073,2.53998,0.44615
1336,112,50,50,0,0,0,0,1,179.788,0.05,0.15,130,31.5073,2.38615,0.44615
1337,141,50,50,0,0,0,0,1,189.518,0.05,0.15,130,31.5073,2.40595,0.44615
1338,167,50,50,0,0,0,0,1,191.969,0.05,0.15,130,31.5073,2.60984,0.44615
1339,188,50,50,0,0,0,0,1,185.274,0.05,0.15,130,31.5073,3.38178,0.44615
1340,162,50,50,0,0,0,0,1,183.973,0.05,0.15,130,31.5073,3.05778,0.44615
1341,153,50,50,0,0,0,0,1,194.203,0.05,0.15,130,31.5073,2.28529,0.44615
1342,147,50,50,0,0,0,0,1,189.337,0.05,0.15,130,31.5073,2.47446,0.44615
1343,135,50,50,0,0,0,0,1,190.651,0.05,0.15,130,31.5073,2.2507,0.44615
1344,131,50,50,0,0,0,0,1,188.756,0.05,0.15,130,31.5073,2.06121,0.44615
1345,142,50,50,0,0,0,0,1,191.839,0.05,0.15,131,31.5073,2.37146,0.44402
1346,141,50,50,0,0,0,0,1,188.058,0.05,0.15,131,31.5073,2.27236,0.44402
1347,117,50,50,0,0,0,0,1,182.816,0.05,0.15,131,31.5073,2.23342,0.44402
1348,125,50,50,0,0,0,0,1,184.86,0.05,0.15,131,31.5073,2.42338,0.44402
1349,136,50,50,0,0,0,0,1,192.764,0.05,0.15,131,31.5073,2.13069,0.44402
1350,135,50,50,0,0,0,0,1,187.276,0.05,0.15,131,31.5073,2.52405,0.44402
1351,131,50,50,0,0,0,0,1,186.336,0.05,0.15,131,31.5073,2.55929,0.44402
1352,140,50,50,0,0,0,0,1,190.965,0.05,0.15,131,31.5073,2.31933,0.44402
1353,160,50,50,0,0,0,0,1,185.638,0.05,0.15,131,31.5073,2.61424,0.44402
1354,162,50,50,0,0,0,0,1,193.795,0.05,0.15,131,31.5073,2.66201,0.44402
1355,215,50,50,0,0,0,0,1,192.379,0.05,0.15,131,31.5073,2.78864,0.44402
1356,178,50,50,0,0,0,0,1,193.48,0.05,0.15,131,31.5073,2.75399,0.44402
1357,326,50,50,0,0,0,0,1,185.233,0.05,0.15,131,31.5073,3.43557,0.44402
1358,400,47,47,0,0,0,0,1,181.406,0.05,0.15,131,31.5073,2.93889,0.44402
1359,369,50,50,0,0,0,0,1,191.266,0.05,0.15,131,31.5073,2.68231,0.44402
1360,334,50,50,0,0,0,0,1,182.088,0.05,0.15,131,31.5073,3.38021,0.44402
1361,193,50,50,0,0,0,0,1,172.627,0.05,0.15,131,31.5073,3.13998,0.44402
1362,190,50,50,0,0,0,0,1,172.694,0.05,0.15,131,31.5073,2.96567,0.44402
1363,200,50,50,0,0,0,0,1,176.456,0.05,0.15,131,31.5073,2.99185,0.44402
1364,200,50,50,0,0,0,0,1,180.779,0.05,0.15,131,31.5073,2.76335,0.44402
1365,187,50,50,0,0,0,0,1,184.074,0.05,0.15,131,31.5073,2.63127,0.44402
1366,205,50,50,0,0,0,0,1,185.587,0.05,0.15,131,31.5073,2.61669,0.44402
1367,206,50,50,0,0,0,0,1,177.895,0.05,0.15,131,31.5073,2.83472,0.44402
1368,196,50,50,0,0,0,0,1,173.083,0.05,0.15,131,31.5073,2.54133,0.44402
1369,195,50,50,0,0,0,0,1,177.563,0.05,0.15,131,31.5073,2.82551,0.44402
1370,54,10,10,0,0,1,0,0,3.023,0.05,0.15,131,31.5073,3.21875,0.44402
1371,180,50,50,0,0,0,0,1,179.534,0.05,0.15,131,31.5073,3.14336,0.44402
1372,198,50,50,0,0,0,0,1,175.902,0.05,0.15,131,31.5073,3.11594,0.44402
1373,143,50,50,0,0,0,0,1,180.978,0.05,0.15,131,31.5073,2.84201,0.44402
1374,140,50,50,0,0,0,0,1,184.242,0.05,0.15,131,31.5073,2.60417,0.44402
1375,135,50,50,0,0,0,0,1,186.9,0.05,0.15,131,31.5073,2.615,0.44402
1376,137,50,50,0,0,0,0,1,186.656,0.05,0.15,131,31.5073,2.94478,0.44402
1377,44,19,19,0,0,1,0,0,31.858,0.05,0.15,131,31.5073,3.48112,0.44402
1378,115,50,50,0,0,0,0,1,180.274,0.05,0.15,131,31.5073,2.89112,0.44402
1379,133,50,50,0,0,0,0,1,185.67,0.05,0.15,131,31.5073,3.13113,0.44402
1380,138,50,50,0,0,0,0,1,188.63,0.05,0.15,131,31.5073,2.64688,0.44402
1381,142,50,50,0,0,0,0,1,189.674,0.05,0.15,131,31.5073,2.78945,0.44402
1382,148,50,50,0,0,0,0,1,191.788,0.05,0.15,131,31.5073,2.50778,0.44402
1383,153,50,50,0,0,0,0,1,192.484,0.05,0.15,131,31.5073,2.26866,0.44402
1384,148,50,50,0,0,0,0,1,193.175,0.05,0.15,131,31.5073,2.5567,0.44402
1385,123,50,50,0,0,0,0,1,183.61,0.05,0.15,131,31.5073,2.92142,0.44402
1386,131,50,50,0,0,0,0,1,187.472,0.05,0.15,131,31.5073,2.62554,0.44402
1387,136,50,50,0,0,0,0,1,190.784,0.05,0.15,131,31.5073,2.28116,0.44402
1388,121,50,50,0,0,0,0,1,184.178,0.05,0.15,131,31.5073,2.52038,0.44402
1389,121,50,50,0,0,0,0,1,182.652,0.05,0.15,131,31.5073,2.60305,0.44402
1390,136,50,50,0,0,0,0,1,190.872,0.05,0.15,131,31.5073,2.33711,0.44402
1391,146,50,50,0,0,0,0,1,195.005,0.05,0.15,131,31.5073,2.13561,0.44402
1392,139,50,50,0,0,0,0,1,185.686,0.05,0.15,131,31.5073,2.45776,0.44402
1393,153,50,50,0,0,0,0,1,186.042,0.05,0.15,131,31.5073,2.81286,0.44402
1394,133,50,50,0,0,0,0,1,188.496,0.05,0.15,131,31.5073,2.69601,0.44402
1395,153,50,50,0,0,0,0,1,194.625,0.05,0.15,131,31.5073,2.68742,0.44402
1396,133,50,50,0,0,0,0,1,190.77,0.05,0.15,131,31.5073,2.41845,0.44402
1397,113,50,50,0,0,0,0,1,181.098,0.05,0.15,131,31.5073,2.49446,0.44402
1398,131,50,50,0,0,0,0,1,189.116,0.05,0.15,131,31.5073,2.53732,0.44402
1399,130,50,50,0,0,0,0,1,187.3,0.05,0.15,131,31.5073,2.29892,0.44402
1400,169,50,50,0,0,0,0,1,191.856,0.05,0.15,131,31.5073,2.87329,0.44402
1401,153,50,50,0,0,0,0,1,193.751,0.05,0.15,131,31.5073,2.35735,0.44402
1402,144,50,50,0,0,0,0,1,192.516,0.05,0.15,131,31.5073,2.57715,0.44402
1403,124,50,50,0,0,0,0,1,187.114,0.05,0.15,131,31.5073,2.38355,0.44402
1404,136,50,50,0,0,0,0,1,187.95,0.05,0.15,131,31.5073,2.52864,0.44402
1405,148,50,50,0,0,0,0,1,198.214,0.05,0.15,131,31.5073,2.1691,0.44402
1406,133,50,50,0,0,0,0,1,187.628,0.05,0.15,131,31.5073,2.60837,0.44402
1407,129,50,50,0,0,0,0,1,187.168,0.05,0.15,131,31.5073,2.16124,0.44402
1408,147,50,50,0,0,0,0,1,194.867,0.05,0.15,131,31.5073,2.21051,0.44402
1409,151,50,50,0,0,0,0,1,195.677,0.05,0.15,131,31.5073,2.36022,0.44402
1410,146,50,50,0,0,0,0,1,182.325,0.05,0.15,131,31.5073,2.82575,0.44402
1411,142,50,50,0,0,0,0,1,194.32,0.05,0.15,131,31.5073,2.14594,0.44402
1412,133,50,50,0,0,0,0,1,189.312,0.05,0.15,131,31.5073,2.51802,0.44402
1413,158,50,50,0,0,0,0,1,191.246,0.05,0.15,131,31.5073,3.03693,0.44402
1414,124,50,50,0,0,0,0,1,184.656,0.05,0.15,131,31.5073,2.3379,0.44402
1415,156,50,50,0,0,0,0,1,197.128,0.05,0.15,131,31.5073,2.1419,0.44402
1416,163,50,50,0,0,0,0,1,187.703,0.05,0.15,131,31.5073,2.6903,0.44402
1417,167,50,50,0,0,0,0,1,186.596,0.05,0.15,131,31.5073,2.93389,0.44402
1418,156,50,50,0,0,0,0,1,185.253,0.05,0.15,131,31.5073,2.44869,0.44402
1419,123,50,50,0,0,0,0,1,182.448,0.05,0.15,131,31.5073,2.38181,0.44402
1420,124,50,50,0,0,0,0,1,184.364,0.05,0.15,131,31.5073,2.72114,0.44402
1421,142,50,50,0,0,0,0,1,193.642,0.05,0.15,131,31.5073,2.65607,0.44402
1422,123,50,50,0,0,0,0,1,181.948,0.05,0.15,131,31.5073,2.65937,0.44402
1423,124,50,50,0,0,0,0,1,184.468,0.05,0.15,131,31.5073,2.40959,0.44402
1424,137,50,50,0,0,0,0,1,187.1,0.05,0.15,131,31.5073,2.74785,0.44402
1425,174,50,50,0,0,0,0,1,192.71,0.05,0.15,131,31.5073,2.71435,0.44402
1426,134,50,50,0,0,0,0,1,184.572,0.05,0.15,131,31.5073,2.88264,0.44402
1427,139,50,50,0,0,0,0,1,187.824,0.05,0.15,131,31.5073,2.54369,0.44402
1428,168,50,50,0,0,0,0,1,189.003,0.05,0.15,131,31.5073,2.50966,0.44402
1429,139,50,50,0,0,0,0,1,189.614,0.05,0.15,131,31.5073,2.37149,0.44402
1430,139,50,50,0,0,0,0,1,192.966,0.05,0.15,131,31.5073,2.06701,0.44402
1431,147,50,50,0,0,0,0,1,192.422,0.05,0.15,131,31.5073,2.27554,0.44402
1432,144,50,50,0,0,0,0,1,193.228,0.05,0.15,131,31.5073,2.06731,0.44402
1433,145,50,50,0,0,0,0,1,192.128,0.05,0.15,131,31.5073,2.38425,0.44402
1434,121,50,50,0,0,0,0,1,183.272,0.05,0.15,131,31.5073,2.25342,0.44402
1435,121,50,50,0,0,0,0,1,183.793,0.05,0.15,131,31.5073,2.62762,0.44402
1436,136,50,50,0,0,0,0,1,184.839,0.05,0.15,131,31.5073,2.4267,0.44402
1437,134,50,50,0,0,0,0,1,186.427,0.05,0.15,131,31.5073,2.63177,0.44402
1438,135,50,50,0,0,0,0,1,188.75,0.05,0.15,131,31.5073,2.37785,0.44402
1439,140,50,50,0,0,0,0,1,195.032,0.05,0.15,131,31.5073,2.12099,0.44402
1440,147,50,50,0,0,0,0,1,189.119,0.05,0.15,131,31.5073,2.80719,0.44402
1441,162,50,50,0,0,0,0,1,187.776,0.05,0.15,131,31.5073,2.58973,0.44402
1442,169,50,50,0,0,0,0,1,194.134,0.05,0.15,131,31.5073,2.59244,0.44402
1443,167,50,50,0,0,0,0,1,195.789,0.05,0.15,131,31.5073,2.37149,0.44402
1444,152,50,50,0,0,0,0,1,188.596,0.05,0.15,131,31.5073,2.57618,0.44402
1445,134,50,50,0,0,0,0,1,186.86,0.05,0.15,131,31.5073,2.27005,0.44402
1446,134,50,50,0,0,0,0,1,186.14,0.05,0.15,131,31.5073,2.90779,0.44402
1447,140,50,50,0,0,0,0,1,190.961,0.05,0.15,131,31.5073,2.55746,0.44402
1448,126,50,50,0,0,0,0,1,186.534,0.05,0.15,131,31.5073,2.61169,0.44402
1449,127,50,50,0,0,0,0,1,184.511,0.05,0.15,131,31.5073,2.77833,0.44402
1450,129,50,50,0,0,0,0,1,185.154,0.05,0.15,131,31.5073,2.92869,0.44402
1451,148,50,50,0,0,0,0,1,190.165,0.05,0.15,131,31.5073,2.55234,0.44402
1452,145,50,50,0,0,0,0,1,188.602,0.05,0.15,131,31.5073,2.62208,0.44402
1453,132,50,50,0,0,0,0,1,185.209,0.05,0.15,131,31.5073,2.76026,0.44402
1454,131,50,50,0,0,0,0,1,189.176,0.05,0.15,131,31.5073,2.2966,0.44402
1455,140,50,50,0,0,0,0,1,188.58,0.05,0.15,131,31.5073,2.33735,0.44402
1456,143,50,50,0,0,0,0,1,189.878,0.05,0.15,131,31.5073,2.33037,0.44402
1457,161,50,50,0,0,0,0,1,191.936,0.05,0.15,131,31.5073,2.44712,0.44402
1458,280,50,50,0,0,0,0,1,204.208,0.05,0.15,131,31.5073,2.4292,0.44402
1459,162,50,50,0,0,0,0,1,188.556,0.05,0.15,131,31.5073,2.76554,0.44402
1460,147,50,50,0,0,0,0,1,192.449,0.05,0.15,131,31.5073,2.25387,0.44402
1461,130,50,50,0,0,0,0,1,185.028,0.05,0.15,131,31.5073,2.72465,0.44402
1462,160,50,50,0,0,0,0,1,197.832,0.05,0.15,131,31.5073,2.36611,0.44402
1463,131,50,50,0,0,0,0,1,187.508,0.05,0.15,131,31.5073,2.36288,0.44402
1464,139,50,50,0,0,0,0,1,190.858,0.05,0.15,131,31.5073,2.4276,0.44402
1465,143,50,50,0,0,0,0,1,193.832,0.05,0.15,131,31.5073,2.23904,0.44402
1466,154,50,50,0,0,0,0,1,187.953,0.05,0.15,131,31.5073,2.25822,0.44402
1467,126,50,50,0,0,0,0,1,183.154,0.05,0.15,131,31.5073,2.4768,0.44402
1468,159,50,50,0,0,0,0,1,195.286,0.05,0.15,131,31.5073,2.31947,0.44402
1469,136,50,50,0,0,0,0,1,189.697,0.05,0.15,131,31.5073,2.11066,0.44402
1470,147,50,50,0,0,0,0,1,192.913,0.05,0.15,131,31.5073,2.63802,0.44402
1471,144,50,50,0,0,0,0,1,192.914,0.05,0.15,131,31.5073,2.24149,0.44402
1472,134,50,50,0,0,0,0,1,187.374,0.05,0.15,131,31.5073,2.40878,0.44402
1473,142,50,50,0,0,0,0,1,189.411,0.05,0.15,131,31.5073,2.36059,0.44402
1474,141,50,50,0,0,0,0,1,187.89,0.05,0.15,131,31.5073,2.44942,0.44402
1475,154,50,50,0,0,0,0,1,184.642,0.05,0.15,131,31.5073,2.23585,0.44402
1476,143,50,50,0,0,0,0,1,183.342,0.05,0.15,131,31.5073,2.82875,0.44402
1477,131,50,50,0,0,0,0,1,188.432,0.05,0.15,131,31.5073,2.50165,0.44402
1478,152,50,50,0,0,0,0,1,195.32,0.05,0.15,131,31.5073,2.6148,0.44402
1479,134,50,50,0,0,0,0,1,188.092,0.05,0.15,131,31.5073,2.08004,0.44402
1480,138,50,50,0,0,0,0,1,191.72,0.05,0.15,131,31.5073,2.19169,0.44402
1481,155,50,50,0,0,0,0,1,200.396,0.05,0.15,131,31.5073,2.10585,0.44402
1482,136,50,50,0,0,0,0,1,186.778,0.05,0.15,131,31.5073,2.1062,0.44402
1483,135,50,50,0,0,0,0,1,189.31,0.05,0.15,131,31.5073,2.32876,0.44402
1484,127,50,50,0,0,0,0,1,184.09,0.05,0.15,131,31.5073,2.24165,0.44402
1485,141,50,50,0,0,0,0,1,192.802,0.05,0.15,131,31.5073,2.09553,0.44402
1486,150,50,50,0,0,0,0,1,190.292,0.05,0.15,131,31.5073,2.44996,0.44402
1487,139,50,50,0,0,0,0,1,185.787,0.05,0.15,131,31.5073,2.41164,0.44402
1488,135,50,50,0,0,0,0,1,189.17,0.05,0.15,131,31.5073,2.40256,0.44402
1489,131,50,50,0,0,0,0,1,186.556,0.05,0.15,131,31.5073,2.46859,0.44402
1490,164,50,50,0,0,0,0,1,189.899,0.05,0.15,131,31.5073,2.63652,0.44402
1491,130,50,50,0,0,0,0,1,182.59,0.05,0.15,131,31.5073,2.58598,0.44402
1492,161,50,50,0,0,0,0,1,198.753,0.05,0.15,131,31.5073,2.28437,0.44402
1493,145,50,50,0,0,0,0,1,179.538,0.05,0.15,131,31.5073,2.65486,0.44402
1494,134,50,50,0,0,0,0,1,186.77,0.05,0.15,131,31.5073,2.44604,0.44402
1495,134,50,50,0,0,0,0,1,188.504,0.05,0.15,131,31.5073,2.39533,0.44402
1496,140,50,50,0,0,0,0,1,189.781,0.05,0.15,131,31.5073,2.47723,0.44402
1497,152,50,50,0,0,0,0,1,197.966,0.05,0.15,131,31.5073,2.32293,0.44402
1498,133,50,50,0,0,0,0,1,185.252,0.05,0.15,131,31.5073,2.26947,0.44402
1499,118,50,50,0,0,0,0,1,180.634,0.05,0.15,131,31.5073,2.40132,0.44402
1500,139,50,50,0,0,0,0,1,191.55,0.05,0.15,131,31.5073,2.05442,0.44402
1501,135,50,50,0,0,0,0,1,187.829,0.05,0.15,131,31.5073,2.48939,0.44402
1502,139,50,50,0,0,0,0,1,186.146,0.05,0.15,131,31.5073,2.70703,0.44402
1503,134,50,50,0,0,0,0,1,184.9,0.05,0.15,131,31.5073,2.34857,0.44402
1504,139,50,50,0,0,0,0,1,188.84,0.05,0.15,131,31.5073,2.26752,0.44402
1505,154,50,50,0,0,0,0,1,193.222,0.05,0.15,131,31.5073,2.33954,0.44402
1506,145,50,50,0,0,0,0,1,188.812,0.05,0.15,131,31.5073,2.39534,0.44402
1507,129,50,50,0,0,0,0,1,187.218,0.05,0.15,131,31.5073,2.48306,0.44402
1508,134,50,50,0,0,0,0,1,190.726,0.05,0.15,131,31.5073,1.97528,0.44402
1509,120,50,50,0,0,0,0,1,181.34,0.05,0.15,131,31.5073,2.79759,0.44402
1510,143,50,50,0,0,0,0,1,190.4,0.05,0.15,131,31.5073,2.29003,0.44402
1511,124,50,50,0,0,0,0,1,185.03,0.05,0.15,131,31.5073,2.17292,0.44402
1512,154,50,50,0,0,0,0,1,191.577,0.05,0.15,131,31.5073,2.35524,0.44402
1513,164,50,50,0,0,0,0,1,186.223,0.05,0.15,131,31.5073,2.64713,0.44402
1514,148,50,50,0,0,0,0,1,188.744,0.05,0.15,131,31.5073,2.49678,0.44402
1515,166,50,50,0,0,0,0,1,197.144,0.05,0.15,131,31.5073,2.58473,0.44402
1516,157,50,50,0,0,0,0,1,189.351,0.05,0.15,131,31.5073,2.26248,0.44402
1517,173,50,50,0,0,0,0,1,190.882,0.05,0.15,131,31.5073,2.57014,0.44402
1518,127,50,50,0,0,0,0,1,184.074,0.05,0.15,131,31.5073,2.4727,0.44402
1519,140,50,50,0,0,0,0,1,191.146,0.05,0.15,131,31.5073,2.36122,0.44402
1520,133,50,50,0,0,0,0,1,189.12,0.05,0.15,131,31.5073,2.222,0.44402
1521,129,50,50,0,0,0,0,1,185.216,0.05,0.15,131,31.5073,2.53633,0.44402
1522,147,50,50,0,0,0,0,1,192.492,0.05,0.15,131,31.5073,2.14074,0.44402
1523,124,50,50,0,0,0,0,1,184.231,0.05,0.15,131,31.5073,2.47301,0.44402
1524,137,50,50,0,0,0,0,1,190.31,0.05,0.15,131,31.5073,2.05778,0.44402
1525,124,50,50,0,0,0,0,1,185.03,0.05,0.15,131,31.5073,2.33713,0.44402
1526,134,50,50,0,0,0,0,1,187.418,0.05,0.15,131,31.5073,2.31833,0.44402
1527,140,50,50,0,0,0,0,1,191.796,0.05,0.15,131,31.5073,2.20249,0.44402
1528,131,50,50,0,0,0,0,1,187.106,0.05,0.15,131,31.5073,2.19612,0.44402
1529,122,50,50,0,0,0,0,1,183.73,0.05,0.15,131,31.5073,2.24348,0.44402
1530,125,50,50,0,0,0,0,1,182.387,0.05,0.15,131,31.5073,2.58476,0.44402
1531,138,50,50,0,0,0,0,1,186.738,0.05,0.15,131,31.5073,2.33079,0.44402
1532,122,50,50,0,0,0,0,1,183.855,0.05,0.15,131,31.5073,2.41444,0.44402
1533,153,50,50,0,0,0,0,1,195.632,0.05,0.15,131,31.5073,2.32281,0.44402
1534,152,50,50,0,0,0,0,1,190.487,0.05,0.15,131,31.5073,2.3657,0.44402
1535,150,50,50,0,0,0,0,1,186.284,0.05,0.15,131,31.5073,2.529,0.44402
1536,116,50,50,0,0,0,0,1,180.914,0.05,0.15,131,31.5073,2.53208,0.44402
1537,149,50,50,0,0,0,0,1,195.775,0.05,0.15,131,31.5073,2.22281,0.44402
1538,142,50,50,0,0,0,0,1,187.214,0.05,0.15,131,31.5073,2.49828,0.44402
1539,140,50,50,0,0,0,0,1,189.562,0.05,0.15,131,31.5073,2.0624,0.44402
1540,138,50,50,0,0,0,0,1,190.456,0.05,0.15,131,31.5073,2.12847,0.44402
1541,129,50,50,0,0,0,0,1,183.386,0.05,0.15,131,31.5073,2.78392,0.44402
1542,132,50,50,0,0,0,0,1,186.332,0.05,0.15,131,31.5073,2.06062,0.44402
1543,176,50,50,0,0,0,0,1,190.894,0.05,0.15,131,31.5073,2.45081,0.44402
1544,132,50,50,0,0,0,0,1,190.182,0.05,0.15,131,31.5073,2.16204,0.44402
1545,157,50,50,0,0,0,0,1,190.711,0.05,0.15,131,31.5073,2.53738,0.44402
1546,125,50,50,0,0,0,0,1,185.904,0.05,0.15,131,31.5073,2.37247,0.44402
1547,152,50,50,0,0,0,0,1,191.848,0.05,0.15,131,31.5073,2.36735,0.44402
1548,136,50,50,0,0,0,0,1,188.676,0.05,0.15,131,31.5073,2.32146,0.44402
1549,164,50,50,0,0,0,0,1,192.527,0.05,0.15,131,31.5073,2.36164,0.44402
1550,164,50,50,0,0,0,0,1,191.628,0.05,0.15,131,31.5073,2.70327,0.44402
1551,153,50,50,0,0,0,0,1,184.654,0.05,0.15,131,31.5073,2.60293,0.44402
1552,147,50,50,0,0,0,0,1,190.636,0.05,0.15,131,31.5073,2.56757,0.44402
1553,129,50,50,0,0,0,0,1,185.676,0.05,0.15,131,31.5073,2.14563,0.44402
1554,155,50,50,0,0,0,0,1,189.456,0.05,0.15,131,31.5073,2.21969,0.44402
1555,108,13,13,0,0,1,0,0,12.444,0.05,0.15,131,31.5073,3.64018,0.44402
1556,344,50,50,0,0,0,0,1,184.151,0.05,0.15,131,31.5073,3.11191,0.44402
1557,394,50,50,0,0,0,0,1,199.285,0.05,0.15,131,31.5073,2.94237,0.44402
1558,400,42,42,0,0,0,0,1,137.955,0.05,0.15,131,31.5073,3.25122,0.44402
1559,400,50,50,0,0,0,0,1,188.776,0.05,0.15,131,31.5073,2.87066,0.44402
1560,249,50,50,0,0,0,0,1,171.764,0.05,0.15,131,31.5073,3.33702,0.44402
1561,263,50,50,0,0,0,0,1,182.44,0.05,0.15,131,31.5073,3.11978,0.44529
1562,229,50,50,0,0,0,0,1,171.618,0.05,0.15,131,31.5073,3.19022,0.44529
1563,241,50,50,0,0,0,0,1,178.754,0.05,0.15,131,31.5073,2.99069,0.44529
1564,202,50,50,0,0,0,0,1,165.813,0.05,0.15,131,31.5073,2.53965,0.44529
1565,227,50,50,0,0,0,0,1,172.18,0.05,0.15,132,31.5073,2.70436,0.44318
1566,238,50,50,0,0,0,0,1,177.756,0.05,0.15,132,31.5073,2.28885,0.44318
1567,229,50,50,0,0,0,0,1,167.066,0.05,0.15,132,31.5073,2.36274,0.44444
1568,210,50,50,0,0,0,0,1,179.557,0.05,0.15,132,31.5073,2.49877,0.44444
1569,214,50,50,0,0,0,0,1,177.066,0.05,0.15,132,31.5073,2.42518,0.44444
1570,205,50,50,0,0,0,0,1,182.483,0.05,0.15,132,31.5073,2.67448,0.44444
1571,74,26,26,0,0,1,0,0,60.971,0.05,0.15,132,31.5073,2.9633,0.44444
1572,168,50,50,0,0,0,0,1,185.302,0.05,0.15,132,31.5073,3.04775,0.44444
1573,133,50,50,0,0,0,0,1,183.91,0.05,0.15,132,31.5073,2.67494,0.44444
1574,160,50,50,0,0,0,0,1,197.163,0.05,0.15,132,31.5073,2.82051,0.44444
1575,138,50,50,0,0,0,0,1,191.784,0.05,0.15,132,31.5073,2.31855,0.44444
1576,117,50,50,0,0,0,0,1,180.217,0.05,0.15,132,31.5073,2.89327,0.44444
1577,137,50,50,0,0,0,0,1,188.692,0.05,0.15,132,31.5073,2.84377,0.44444
1578,127,50,50,0,0,0,0,1,188.652,0.05,0.15,132,31.5073,2.19799,0.44444
1579,148,50,50,0,0,0,0,1,195.47,0.05,0.15,132,31.5073,2.45902,0.44444
1580,120,50,50,0,0,0,0,1,181.638,0.05,0.15,132,31.5073,3.04681,0.44444
1581,135,50,50,0,0,0,0,1,186.636,0.05,0.15,132,31.5073,2.69216,0.44444
1582,147,50,50,0,0,0,0,1,183.772,0.05,0.15,132,31.5073,2.81234,0.44444
1583,130,50,50,0,0,0,0,1,185.864,0.05,0.15,132,31.5073,2.47995,0.44444
1584,181,50,50,0,0,0,0,1,188.358,0.05,0.15,132,31.5073,3.06903,0.44444
1585,153,50,50,0,0,0,0,1,187.799,0.05,0.15,132,31.5073,2.51926,0.44444
1586,169,50,50,0,0,0,0,1,183.042,0.05,0.15,132,31.5073,2.94833,0.44444
1587,133,50,50,0,0,0,0,1,185.536,0.05,0.15,132,31.5073,2.43386,0.44444
1588,124,50,50,0,0,0,0,1,180.508,0.05,0.15,132,31.5073,3.3194,0.44444
1589,113,50,50,0,0,0,0,1,181.608,0.05,0.15,132,31.5073,2.59187,0.44444
1590,124,50,50,0,0,0,0,1,185.618,0.05,0.15,132,31.5073,2.59856,0.44444
1591,136,50,50,0,0,0,0,1,191.554,0.05,0.15,132,31.5073,2.53844,0.44444
1592,149,50,50,0,0,0,0,1,190.297,0.05,0.15,132,31.5073,2.79708,0.44444
1593,125,50,50,0,0,0,0,1,185.844,0.05,0.15,132,31.5073,2.45489,0.44444
1594,142,50,50,0,0,0,0,1,188.578,0.05,0.15,132,31.5073,2.91337,0.44444
1595,130,50,50,0,0,0,0,1,184.352,0.05,0.15,132,31.5073,2.83322,0.44444
1596,151,50,50,0,0,0,0,1,191.206,0.05,0.15,132,31.5073,2.38587,0.44444
1597,129,50,50,0,0,0,0,1,182.086,0.05,0.15,132,31.5073,2.72338,0.44444
1598,121,50,50,0,0,0,0,1,184.304,0.05,0.15,132,31.5073,2.40368,0.44444
1599,118,50,50,0,0,0,0,1,179.809,0.05,0.15,132,31.5073,2.87123,0.44444
1600,143,50,50,0,0,0,0,1,184.498,0.05,0.15,132,31.5073,2.72653,0.44444
1601,154,50,50,0,0,0,0,1,186.48,0.05,0.15,132,31.5073,2.73617,0.44444
1602,130,50,50,0,0,0,0,1,185.24,0.05,0.15,132,31.5073,2.33851,0.44444
1603,131,50,50,0,0,0,0,1,182.92,0.05,0.15,132,31.5073,2.72877,0.44444
1604,126,50,50,0,0,0,0,1,186.446,0.05,0.15,132,31.5073,2.40814,0.44444
1605,167,50,50,0,0,0,0,1,196.181,0.05,0.15,132,31.5073,2.47725,0.44444
1606,160,50,50,0,0,0,0,1,182.266,0.05,0.15,132,31.5073,2.96662,0.44444
1607,167,50,50,0,0,0,0,1,185.366,0.05,0.15,132,31.5073,2.71958,0.44444
1608,132,50,50,0,0,0,0,1,186.366,0.05,0.15,132,31.5073,2.36327,0.44444
1609,160,50,50,0,0,0,0,1,192.893,0.05,0.15,132,31.5073,2.20768,0.44444
1610,121,50,50,0,0,0,0,1,184.864,0.05,0.15,132,31.5073,2.80195,0.44444
1611,122,50,50,0,0,0,0,1,184.186,0.05,0.15,132,31.5073,2.47192,0.44444
1612,157,50,50,0,0,0,0,1,182.178,0.05,0.15,132,31.5073,2.99256,0.44444
1613,141,50,50,0,0,0,0,1,188.878,0.05,0.15,132,31.5073,2.19394,0.44444
1614,124,50,50,0,0,0,0,1,181.273,0.05,0.15,132,31.5073,2.49525,0.44444
1615,134,50,50,0,0,0,0,1,189.056,0.05,0.15,132,31.5073,2.77016,0.44444
1616,128,50,50,0,0,0,0,1,187.626,0.05,0.15,132,31.5073,2.68218,0.44444
1617,133,50,50,0,0,0,0,1,189.276,0.05,0.15,132,31.5073,2.26582,0.44444
1618,145,50,50,0,0,0,0,1,191.115,0.05,0.15,132,31.5073,2.70981,0.44444
1619,142,50,50,0,0,0,0,1,191.577,0.05,0.15,132,31.5073,2.26073,0.44444
1620,131,50,50,0,0,0,0,1,187.86,0.05,0.15,132,31.5073,2.38669,0.44444
1621,137,50,50,0,0,0,0,1,186.233,0.05,0.15,132,31.5073,2.91609,0.44444
1622,170,50,50,0,0,0,0,1,183.776,0.05,0.15,132,31.5073,2.99219,0.44444
1623,138,50,50,0,0,0,0,1,184.319,0.05,0.15,132,31.5073,2.61531,0.44444
1624,131,50,50,0,0,0,0,1,188.9,0.05,0.15,132,31.5073,2.25101,0.44444
1625,147,50,50,0,0,0,0,1,184.265,0.05,0.15,132,31.5073,3.14801,0.44444
1626,140,50,50,0,0,0,0,1,188.115,0.05,0.15,132,31.5073,2.75543,0.44444
1627,136,50,50,0,0,0,0,1,189.4,0.05,0.15,132,31.5073,2.23232,0.44444
1628,136,50,50,0,0,0,0,1,187.161,0.05,0.15,132,31.5073,2.40073,0.44444
1629,135,50,50,0,0,0,0,1,184.474,0.05,0.15,132,31.5073,2.61136,0.44444
1630,131,50,50,0,0,0,0,1,183.866,0.05,0.15,132,31.5073,2.54048,0.44444
1631,140,50,50,0,0,0,0,1,177.126,0.05,0.15,132,31.5073,2.72365,0.44444
1632,160,50,50,0,0,0,0,1,188.536,0.05,0.15,132,31.5073,2.55653,0.44444
1633,147,50,50,0,0,0,0,1,186.582,0.05,0.15,132,31.5073,2.47256,0.44444
1634,143,50,50,0,0,0,0,1,189.086,0.05,0.15,132,31.5073,2.3379,0.44444
1635,144,50,50,0,0,0,0,1,194.444,0.05,0.15,132,31.5073,2.39903,0.44444
1636,142,50,50,0,0,0,0,1,193.888,0.05,0.15,132,31.5073,2.08379,0.44444
1637,130,50,50,0,0,0,0,1,183.141,0.05,0.15,132,31.5073,2.77498,0.44444
1638,136,50,50,0,0,0,0,1,184.158,0.05,0.15,132,31.5073,2.4311,0.44444
1639,152,50,50,0,0,0,0,1,186.758,0.05,0.15,132,31.5073,2.46624,0.44444
1640,163,50,50,0,0,0,0,1,188.9,0.05,0.15,132,31.5073,2.42579,0.44444
1641,150,50,50,0,0,0,0,1,185.121,0.05,0.15,132,31.5073,2.53735,0.44444
1642,111,50,50,0,0,0,0,1,181.248,0.05,0.15,132,31.5073,2.61033,0.44444
1643,147,50,50,0,0,0,0,1,192.173,0.05,0.15,132,31.5073,2.38927,0.44444
1644,139,50,50,0,0,0,0,1,193.656,0.05,0.15,132,31.5073,2.09624,0.44444
1645,141,50,50,0,0,0,0,1,192.358,0.05,0.15,132,31.5073,2.17773,0.44444
1646,130,50,50,0,0,0,0,1,188.24,0.05,0.15,132,31.5073,2.40193,0.44444
1647,131,50,50,0,0,0,0,1,189.16,0.05,0.15,132,31.5073,2.12864,0.44444
1648,140,50,50,0,0,0,0,1,189.734,0.05,0.15,132,31.5073,2.26488,0.44444
1649,139,50,50,0,0,0,0,1,184.395,0.05,0.15,132,31.5073,2.64666,0.44444
1650,136,50,50,0,0,1,0,0,158.28,0.05,0.15,132,31.5073,2.65049,0.44571
1651,157,50,50,0,0,0,0,1,194.407,0.05,0.15,132,31.5073,2.59542,0.44571
1652,204,50,50,0,0,0,0,1,199.41,0.05,0.15,132,31.5073,2.4758,0.44571
1653,157,50,50,0,0,0,0,1,188.47,0.05,0.15,132,31.5073,2.58902,0.44571
1654,154,50,50,0,0,0,0,1,194.072,0.05,0.15,132,31.5073,2.36971,0.44571
1655,148,50,50,0,0,0,0,1,186.172,0.05,0.15,132,31.5073,2.77193,0.44571
1656,129,50,50,0,0,0,0,1,185.374,0.05,0.15,132,31.5073,2.57602,0.44571
1657,123,50,50,0,0,0,0,1,181.24,0.05,0.15,132,31.5073,2.78938,0.44571
1658,164,50,50,0,0,0,0,1,200.995,0.05,0.15,132,31.5073,2.18688,0.44571
1659,143,50,50,0,0,0,0,1,184.91,0.05,0.15,132,31.5073,2.45704,0.44571
1660,148,50,50,0,0,0,0,1,193.566,0.05,0.15,132,31.5073,2.1558,0.44571
1661,144,50,50,0,0,0,0,1,192.476,0.05,0.15,132,31.5073,2.34021,0.44571
1662,134,50,50,0,0,0,0,1,188.282,0.05,0.15,132,31.5073,2.07236,0.44571
1663,125,50,50,0,0,0,0,1,182.832,0.05,0.15,132,31.5073,2.64855,0.44571
1664,139,50,50,0,0,0,0,1,186.196,0.05,0.15,132,31.5073,2.63922,0.44571
1665,136,50,50,0,0,0,0,1,191.366,0.05,0.15,132,31.5073,2.42108,0.44571
1666,160,50,50,0,0,0,0,1,196.233,0.05,0.15,132,31.5073,2.75871,0.44571
1667,189,50,50,0,0,0,0,1,188.94,0.05,0.15,132,31.5073,2.81384,0.44571
1668,146,50,50,0,0,0,0,1,189.599,0.05,0.15,132,31.5073,2.42077,0.44571
1669,136,50,50,0,0,0,0,1,188.756,0.05,0.15,132,31.5073,2.18425,0.44571
1670,132,50,50,0,0,0,0,1,185.493,0.05,0.15,132,31.5073,2.50655,0.44571
1671,150,50,50,0,0,0,0,1,191.063,0.05,0.15,132,31.5073,2.61104,0.44571
1672,201,50,50,0,0,0,0,1,198.751,0.05,0.15,132,31.5073,2.58785,0.44571
1673,179,50,50,0,0,0,0,1,194.365,0.05,0.15,132,31.5073,2.22623,0.44571
1674,178,50,50,0,0,0,0,1,188.433,0.05,0.15,132,31.5073,2.4246,0.44571
1675,138,50,50,0,0,0,0,1,185.373,0.05,0.15,132,31.5073,2.33074,0.44571
1676,145,50,50,0,0,0,0,1,189.279,0.05,0.15,132,31.5073,2.5471,0.44571
1677,138,50,50,0,0,0,0,1,189.672,0.05,0.15,132,31.5073,2.52325,0.44571
1678,126,50,50,0,0,0,0,1,185.634,0.05,0.15,132,31.5073,2.28751,0.44571
1679,131,50,50,0,0,0,0,1,186.064,0.05,0.15,132,31.5073,2.38075,0.44571
1680,133,50,50,0,0,0,0,1,185.584,0.05,0.15,132,31.5073,2.51787,0.44571
1681,125,50,50,0,0,0,0,1,185.528,0.05,0.15,132,31.5073,2.53747,0.44571
1682,134,50,50,0,0,0,0,1,183.402,0.05,0.15,132,31.5073,2.54847,0.44571
1683,132,50,50,0,0,0,0,1,190.124,0.05,0.15,132,31.5073,1.97985,0.44571
1684,129,50,50,0,0,0,0,1,185.03,0.05,0.15,132,31.5073,2.51911,0.44571
1685,163,50,50,0,0,0,0,1,191.66,0.05,0.15,132,31.5073,2.41137,0.44571
1686,125,50,50,0,0,0,0,1,181.96,0.05,0.15,132,31.5073,2.62987,0.44571
1687,143,50,50,0,0,0,0,1,190.347,0.05,0.15,132,31.5073,2.59556,0.44571
1688,137,50,50,0,0,0,0,1,189.93,0.05,0.15,132,31.5073,2.26788,0.44571
1689,139,50,50,0,0,0,0,1,187.124,0.05,0.15,132,31.5073,2.20196,0.44571
1690,133,50,50,0,0,0,0,1,183.446,0.05,0.15,132,31.5073,2.48887,0.44571
1691,154,50,50,0,0,0,0,1,182.106,0.05,0.15,132,31.5073,2.71787,0.44571
1692,181,50,50,0,0,0,0,1,184.466,0.05,0.15,132,31.5073,2.70199,0.44571
1693,128,50,50,0,0,0,0,1,184.874,0.05,0.15,132,31.5073,2.40668,0.44571
1694,111,50,50,0,0,0,0,1,179.082,0.05,0.15,132,31.5073,2.82511,0.44571
1695,156,50,50,0,0,0,0,1,192.154,0.05,0.15,132,31.5073,2.48375,0.44571
1696,126,50,50,0,0,0,0,1,182.756,0.05,0.15,132,31.5073,2.93474,0.44571
1697,125,50,50,0,0,0,0,1,184.439,0.05,0.15,132,31.5073,2.54182,0.44571
1698,144,50,50,0,0,0,0,1,193.392,0.05,0.15,132,31.5073,2.03907,0.44571
1699,158,50,50,0,0,0,0,1,186.236,0.05,0.15,132,31.5073,2.52256,0.44571
1700,153,50,50,0,0,0,0,1,189.114,0.05,0.15,132,31.5073,2.33361,0.44571
1701,127,50,50,0,0,0,0,1,183.522,0.05,0.15,132,31.5073,2.47517,0.44571
1702,151,50,50,0,0,0,0,1,197.836,0.05,0.15,132,31.5073,2.13522,0.44571
1703,150,50,50,0,0,0,0,1,198.29,0.05,0.15,132,31.5073,2.40059,0.44571
1704,5,1,1,0,0,1,0,0,-31.66,0.05,0.15,132,31.5073,10.92573,0.44571
1705,131,50,50,0,0,0,0,1,179.948,0.05,0.15,132,31.5073,2.78757,0.44571
1706,140,50,50,0,0,0,0,1,190.767,0.05,0.15,132,31.5073,2.39505,0.44571
1707,149,50,50,0,0,0,0,1,181.818,0.05,0.15,132,31.5073,3.04831,0.44571
1708,139,50,50,0,0,0,0,1,189.718,0.05,0.15,132,31.5073,2.17609,0.44571
1709,118,50,50,0,0,0,0,1,180.206,0.05,0.15,132,31.5073,2.40124,0.44571
1710,142,50,50,0,0,0,0,1,187.644,0.05,0.15,132,31.5073,2.51824,0.44571
1711,140,50,50,0,0,0,0,1,185.987,0.05,0.15,132,31.5073,2.28457,0.44571
1712,126,50,50,0,0,0,0,1,180.192,0.05,0.15,132,31.5073,2.62319,0.44571
1713,127,50,50,0,0,0,0,1,181.474,0.05,0.15,132,31.5073,2.86412,0.44571
1714,140,50,50,0,0,0,0,1,191.781,0.05,0.15,132,31.5073,2.39649,0.44571
1715,152,50,50,0,0,0,0,1,186.163,0.05,0.15,132,31.5073,2.495,0.44571
1716,174,50,50,0,0,0,0,1,181.936,0.05,0.15,132,31.5073,3.0906,0.44571
1717,283,50,50,0,0,0,0,1,191.548,0.05,0.15,132,31.5073,3.25517,0.44571
1718,204,50,50,0,0,0,0,1,176.724,0.05,0.15,132,31.5073,3.20697,0.44571
1719,243,50,50,0,0,0,0,1,178.405,0.05,0.15,132,31.5073,3.00345,0.44571
1720,271,50,50,0,0,0,0,1,180.939,0.05,0.15,132,31.5073,2.96159,0.44571
1721,389,50,50,0,0,0,0,1,173.638,0.05,0.15,132,31.5073,2.98028,0.44571
1722,400,47,47,0,0,0,0,1,165.874,0.05,0.15,132,31.5073,2.76421,0.44571
1723,163,50,50,0,0,0,0,1,186.8,0.05,0.15,132,31.5073,2.78138,0.44571
1724,129,50,50,0,0,0,0,1,188.184,0.05,0.15,132,31.5073,2.50646,0.44571
1725,127,50,50,0,0,0,0,1,184.797,0.05,0.15,132,31.5073,2.71176,0.44571
1726,154,50,50,0,0,0,0,1,188.378,0.05,0.15,132,31.5073,3.14503,0.44571
1727,143,50,50,0,0,0,0,1,186.717,0.05,0.15,132,31.5073,2.9297,0.44571
1728,139,50,50,0,0,0,0,1,189.788,0.05,0.15,132,31.5073,2.61182,0.44571
1729,134,50,50,0,0,0,0,1,185.386,0.05,0.15,132,31.5073,3.0924,0.44571
1730,144,50,50,0,0,0,0,1,185.815,0.05,0.15,132,31.5073,2.88901,0.44571
1731,166,50,50,0,0,0,0,1,191.805,0.05,0.15,132,31.5073,2.72552,0.44571
1732,162,50,50,0,0,0,0,1,184.935,0.05,0.15,132,31.5073,2.8942,0.44571
1733,163,50,50,0,0,0,0,1,193.634,0.05,0.15,132,31.5073,2.44827,0.44571
1734,124,46,46,0,0,1,0,0,134.439,0.05,0.15,132,31.5073,3.01009,0.44571
1735,119,50,50,0,0,0,0,1,182.268,0.05,0.15,132,31.5073,2.7052,0.44571
1736,142,50,50,0,0,0,0,1,185.279,0.05,0.15,132,31.5073,2.83659,0.44571
1737,129,50,50,0,0,0,0,1,185.21,0.05,0.15,132,31.5073,2.45273,0.44571
1738,141,50,50,0,0,0,0,1,189.304,0.05,0.15,132,31.5073,2.47663,0.44571
1739,129,50,50,0,0,0,0,1,182.621,0.05,0.15,132,31.5073,2.57188,0.44571
1740,118,50,50,0,0,0,0,1,183.832,0.05,0.15,132,31.5073,2.44416,0.44571
1741,140,50,50,0,0,0,0,1,187.005,0.05,0.15,132,31.5073,2.65381,0.44571
1742,163,50,50,0,0,0,0,1,186.092,0.05,0.15,132,31.5073,3.04181,0.44571
1743,178,50,50,0,0,0,0,1,189.671,0.05,0.15,132,31.5073,2.684,0.44571
1744,151,50,50,0,0,0,0,1,187.03,0.05,0.15,132,31.5073,2.82536,0.44571
1745,132,50,50,0,0,0,0,1,190.5,0.05,0.15,132,31.5073,2.30032,0.44571
1746,151,50,50,0,0,0,0,1,185.233,0.05,0.15,132,31.5073,2.83597,0.44571
1747,148,50,50,0,0,0,0,1,190.144,0.05,0.15,132,31.5073,2.3768,0.44571
1748,147,50,50,0,0,0,0,1,196.482,0.05,0.15,132,31.5073,1.96413,0.44571
1749,149,50,50,0,0,0,0,1,190.318,0.05,0.15,132,31.5073,2.68589,0.44571
1750,117,50,50,0,0,0,0,1,181.539,0.05,0.15,132,31.5073,2.6965,0.44571
1751,149,50,50,0,0,0,0,1,189.588,0.05,0.15,132,31.5073,2.50464,0.44571
1752,168,50,50,0,0,0,0,1,195.425,0.05,0.15,132,31.5073,2.67074,0.44571
1753,139,50,50,0,0,0,0,1,179.259,0.05,0.15,132,31.5073,2.99646,0.44571
1754,158,50,50,0,0,0,0,1,190.89,0.05,0.15,132,31.5073,2.35022,0.44571
1755,143,50,50,0,0,0,0,1,185.13,0.05,0.15,132,31.5073,2.85683,0.44571
1756,142,50,50,0,0,0,0,1,184.369,0.05,0.15,132,31.5073,2.96347,0.44571
1757,144,50,50,0,0,0,0,1,181.668,0.05,0.15,132,31.5073,2.72136,0.44571
1758,146,50,50,0,0,0,0,1,192.383,0.05,0.15,132,31.5073,2.40134,0.44571
1759,151,50,50,0,0,0,0,1,187.365,0.05,0.15,132,31.5073,2.6694,0.44571
1760,154,50,50,0,0,0,0,1,196.58,0.05,0.15,132,31.5073,1.99742,0.44571
1761,175,50,50,0,0,0,0,1,184.177,0.05,0.15,132,31.5073,2.75195,0.44571
1762,226,50,50,0,0,0,0,1,189.682,0.05,0.15,132,31.5073,2.76868,0.44571
1763,169,50,50,0,0,0,0,1,192.256,0.05,0.15,132,31.5073,2.1217,0.44571
1764,141,50,50,0,0,0,0,1,190.422,0.05,0.15,132,31.5073,2.51756,0.44571
1765,143,50,50,0,0,0,0,1,187.572,0.05,0.15,132,31.5073,2.75603,0.44571
1766,123,50,50,0,0,0,0,1,179.292,0.05,0.15,132,31.5073,2.79485,0.44571
1767,132,50,50,0,0,0,0,1,183.341,0.05,0.15,132,31.5073,2.7622,0.44571
1768,117,50,50,0,0,0,0,1,181.711,0.05,0.15,132,31.5073,2.74049,0.44571
1769,135,50,50,0,0,0,0,1,188.688,0.05,0.15,132,31.5073,2.61405,0.44571
1770,143,50,50,0,0,0,0,1,197.252,0.05,0.15,132,31.5073,2.26458,0.44571
1771,178,50,50,0,0,0,0,1,196.888,0.05,0.15,132,31.5073,2.07468,0.44571
1772,133,50,50,0,0,0,0,1,186.03,0.05,0.15,132,31.5073,2.38869,0.44571
1773,137,50,50,0,0,0,0,1,191.884,0.05,0.15,132,31.5073,2.40683,0.44571
1774,149,50,50,0,0,0,0,1,189.362,0.05,0.15,132,31.5073,2.48406,0.44571
1775,142,50,50,0,0,0,0,1,186.958,0.05,0.15,132,31.5073,2.86374,0.44571
1776,155,50,50,0,0,0,0,1,194.157,0.05,0.15,132,31.5073,2.60454,0.44571
1777,153,50,50,0,0,0,0,1,192.681,0.05,0.15,132,31.5073,2.32207,0.44571
1778,150,50,50,0,0,0,0,1,192.154,0.05,0.15,132,31.5073,2.30178,0.44571
1779,174,50,50,0,0,0,0,1,192.526,0.05,0.15,132,31.5073,2.67686,0.44571
1780,80,22,22,0,0,1,0,0,42.752,0.05,0.15,132,31.5073,3.71632,0.44571
1781,153,50,50,0,0,0,0,1,193.166,0.05,0.15,132,31.5073,2.46075,0.44571
1782,183,50,50,0,0,0,0,1,197.766,0.05,0.15,132,31.5073,2.66517,0.44697
1783,159,50,50,0,0,0,0,1,192.275,0.05,0.15,132,31.5073,2.3297,0.44697
1784,129,50,50,0,0,0,0,1,187.767,0.05,0.15,132,31.5073,2.37122,0.44697
1785,137,50,50,0,0,0,0,1,191.829,0.05,0.15,132,31.5073,2.70779,0.44697
1786,136,50,50,0,0,0,0,1,189.407,0.05,0.15,132,31.5073,2.47369,0.44697
1787,142,50,50,0,0,0,0,1,188.164,0.05,0.15,132,31.5073,2.6416,0.44697
1788,156,50,50,0,0,0,0,1,187.734,0.05,0.15,132,31.5073,2.49964,0.44697
1789,163,50,50,0,0,0,0,1,189.187,0.05,0.15,132,31.5073,2.67472,0.44697
1790,130,50,50,0,0,0,0,1,188.818,0.05,0.15,132,31.5073,2.3137,0.44697
1791,149,50,50,0,0,0,0,1,194.189,0.05,0.15,132,31.5073,2.21582,0.44697
1792,140,50,50,0,0,0,0,1,188.329,0.05,0.15,132,31.5073,2.44478,0.44697
1793,130,50,50,0,0,0,0,1,179.72,0.05,0.15,132,31.5073,2.94861,0.44697
1794,141,50,50,0,0,0,0,1,193.803,0.05,0.15,132,31.5073,2.49484,0.44697
1795,152,50,50,0,0,0,0,1,196.786,0.05,0.15,132,31.5073,2.00397,0.44697
1796,144,50,50,0,0,0,0,1,189.086,0.05,0.15,132,31.5073,2.12344,0.44697
1797,145,50,50,0,0,0,0,1,186.03,0.05,0.15,132,31.5073,2.63016,0.44697
1798,227,50,50,0,0,0,0,1,192.412,0.05,0.15,132,31.5073,3.0184,0.44697
1799,400,48,48,0,0,0,0,1,173.682,0.05,0.15,132,31.5073,3.09267,0.44697
1800,180,50,50,0,0,0,0,1,183.382,0.05,0.15,132,31.5073,2.77094,0.44697
1801,130,50,50,0,0,0,0,1,186.31,0.05,0.15,132,31.5073,2.24815,0.44697
1802,145,50,50,0,0,0,0,1,191.587,0.05,0.15,132,31.5073,2.37949,0.44697
1803,139,50,50,0,0,0,0,1,188.143,0.05,0.15,132,31.5073,2.60469,0.44697
1804,141,50,50,0,0,0,0,1,183.898,0.05,0.15,132,31.5073,2.69087,0.44697
1805,157,50,50,0,0,0,0,1,185.989,0.05,0.15,132,31.5073,2.99579,0.44697
1806,130,50,50,0,0,0,0,1,184.471,0.05,0.15,132,31.5073,2.49331,0.44697
1807,157,50,50,0,0,0,0,1,190.089,0.05,0.15,132,31.5073,2.96025,0.44697
1808,156,50,50,0,0,0,0,1,188.46,0.05,0.15,132,31.5073,2.54846,0.44697
1809,123,50,50,0,0,0,0,1,182.367,0.05,0.15,132,31.5073,2.57807,0.44697
1810,137,50,50,0,0,0,0,1,186.405,0.05,0.15,132,31.5073,2.41695,0.44697
1811,131,50,50,0,0,0,0,1,184.404,0.05,0.15,132,31.5073,2.83295,0.44697
1812,136,50,50,0,0,0,0,1,191.348,0.05,0.15,132,31.5073,2.31395,0.44697
1813,155,50,50,0,0,0,0,1,189.367,0.05,0.15,132,31.5073,2.81064,0.44697
1814,150,50,50,0,0,0,0,1,188.584,0.05,0.15,132,31.5073,2.75525,0.44697
1815,133,50,50,0,0,0,0,1,184.777,0.05,0.15,132,31.5073,2.36452,0.44697
1816,120,50,50,0,0,0,0,1,183.692,0.05,0.15,132,31.5073,2.2644,0.44697
1817,134,50,50,0,0,0,0,1,185.931,0.05,0.15,132,31.5073,2.66601,0.44697
1818,135,50,50,0,0,0,0,1,185.459,0.05,0.15,132,31.5073,2.48561,0.44697
1819,144,50,50,0,0,0,0,1,188.968,0.05,0.15,132,31.5073,2.56163,0.44697
1820,123,45,45,0,0,1,0,0,127.064,0.05,0.15,132,31.5073,3.12104,0.44697
1821,147,50,50,0,0,0,0,1,185.699,0.05,0.15,132,31.5073,2.51981,0.44697
1822,159,50,50,0,0,0,0,1,193.759,0.05,0.15,132,31.5073,2.57334,0.44697
1823,176,50,50,0,0,0,0,1,186.741,0.05,0.15,132,31.5073,3.15301,0.44697
1824,173,50,50,0,0,0,0,1,181.972,0.05,0.15,132,31.5073,2.72972,0.44697
1825,165,50,50,0,0,0,0,1,197.344,0.05,0.15,132,31.5073,2.32907,0.44697
1826,144,50,50,0,0,0,0,1,188.375,0.05,0.15,132,31.5073,2.37071,0.44697
1827,132,50,50,0,0,0,0,1,185.27,0.05,0.15,132,31.5073,2.19244,0.44697
1828,142,50,50,0,0,0,0,1,186.707,0.05,0.15,132,31.5073,2.76949,0.44697
1829,84,34,34,0,0,1,0,0,88.002,0.05,0.15,132,31.5073,3.17444,0.44697
1830,141,50,50,0,0,0,0,1,188.828,0.05,0.15,132,31.5073,2.49063,0.44697
1831,144,50,50,0,0,0,0,1,193.528,0.05,0.15,132,31.5073,2.23728,0.44697
1832,139,50,50,0,0,0,0,1,188.776,0.05,0.15,132,31.5073,2.39316,0.44697
1833,152,50,50,0,0,0,0,1,186.827,0.05,0.15,132,31.5073,2.53151,0.44697
1834,157,50,50,0,0,0,0,1,195.55,0.05,0.15,132,31.5073,2.44175,0.44697
1835,144,50,50,0,0,0,0,1,181.906,0.05,0.15,132,31.5073,2.53191,0.44697
1836,126,50,50,0,0,0,0,1,182.645,0.05,0.15,132,31.5073,2.60678,0.44697
1837,144,50,50,0,0,0,0,1,183.25,0.05,0.15,132,31.5073,3.19776,0.44697
1838,140,50,50,0,0,0,0,1,184.963,0.05,0.15,132,31.5073,2.92179,0.44697
1839,204,50,50,0,0,0,0,1,183.013,0.05,0.15,132,31.5073,2.82283,0.44697
1840,400,48,48,0,0,0,0,1,173.415,0.05,0.15,132,31.5073,3.53386,0.44697
1841,400,47,47,0,0,0,0,1,119.503,0.05,0.15,132,31.5073,3.32897,0.44697
1842,400,49,49,0,0,0,0,1,135.236,0.05,0.15,132,31.5073,3.12382,0.44697
1843,396,50,50,0,0,0,0,1,169.968,0.05,0.15,132,31.5073,2.61615,0.44697
1844,400,48,48,0,0,0,0,1,127.472,0.05,0.15,132,31.5073,3.23485,0.44697
1845,77,10,10,0,0,1,0,0,-9.491,0.05,0.15,132,31.5073,3.28068,0.44697
1846,214,48,48,0,0,1,0,0,129.13,0.05,0.15,132,31.5073,3.00484,0.44697
1847,71,28,28,0,0,1,0,0,63.98,0.05,0.15,132,31.5073,3.44808,0.44697
1848,157,50,50,0,0,0,0,1,183.159,0.05,0.15,132,31.5073,2.72308,0.44697
1849,134,50,50,0,0,0,0,1,185.581,0.05,0.15,132,31.5073,3.06844,0.44697
1850,123,50,50,0,0,0,0,1,182.722,0.05,0.15,132,31.5073,3.36827,0.44697
1851,131,50,50,0,0,0,0,1,189.398,0.05,0.15,132,31.5073,2.74934,0.44697
1852,149,50,50,0,0,0,0,1,186.823,0.05,0.15,132,31.5073,2.67007,0.44697
1853,143,50,50,0,0,0,0,1,192.128,0.05,0.15,132,31.5073,2.91955,0.44697
1854,140,50,50,0,0,0,0,1,188.342,0.05,0.15,132,31.5073,3.17831,0.44697
1855,129,50,50,0,0,0,0,1,185.43,0.05,0.15,132,31.5073,2.85698,0.44697
1856,136,50,50,0,0,0,0,1,191.007,0.05,0.15,132,31.5073,2.94804,0.44697
1857,132,50,50,0,0,0,0,1,187.778,0.05,0.15,132,31.5073,2.92217,0.44697
1858,125,50,50,0,0,0,0,1,181.755,0.05,0.15,132,31.5073,3.01955,0.44697
1859,130,50,50,0,0,0,0,1,185.388,0.05,0.15,132,31.5073,2.71216,0.44697
1860,128,50,50,0,0,0,0,1,182.525,0.05,0.15,132,31.5073,3.04183,0.44697
1861,131,50,50,0,0,0,0,1,186.318,0.05,0.15,132,31.5073,2.88233,0.44697
1862,132,50,50,0,0,0,0,1,180.584,0.05,0.15,132,31.5073,3.75313,0.44697
1863,141,50,50,0,0,0,0,1,187.174,0.05,0.15,132,31.5073,2.83646,0.44697
1864,131,50,50,0,0,0,0,1,179.331,0.05,0.15,132,31.5073,3.46813,0.44697
1865,146,50,50,0,0,0,0,1,192.992,0.05,0.15,132,31.5073,2.45743,0.44697
1866,123,50,50,0,0,0,0,1,179.566,0.05,0.15,132,31.5073,2.62258,0.44697
1867,135,50,50,0,0,0,0,1,181.163,0.05,0.15,132,31.5073,2.72974,0.44697
1868,119,50,50,0,0,0,0,1,185.042,0.05,0.15,132,31.5073,2.4045,0.44697
1869,134,50,50,0,0,0,0,1,189.118,0.05,0.15,132,31.5073,2.6152,0.44697
1870,154,50,50,0,0,0,0,1,188.828,0.05,0.15,132,31.5073,3.1956,0.44697
1871,143,50,50,0,0,0,0,1,187.267,0.05,0.15,132,31.5073,2.5432,0.44697
1872,153,50,50,0,0,0,0,1,192.917,0.05,0.15,132,31.5073,2.72097,0.44697
1873,139,50,50,0,0,0,0,1,188.021,0.05,0.15,132,31.5073,2.37239,0.44697
1874,128,50,50,0,0,0,0,1,186.488,0.05,0.15,132,31.5073,2.68266,0.44697
1875,125,50,50,0,0,0,0,1,180.856,0.05,0.15,132,31.5073,2.87381,0.44697
1876,133,50,50,0,0,0,0,1,182.572,0.05,0.15,132,31.5073,3.09251,0.44697
1877,166,50,50,0,0,0,0,1,191.292,0.05,0.15,132,31.5073,2.79752,0.44697
1878,166,50,50,0,0,0,0,1,189.796,0.05,0.15,132,31.5073,2.51677,0.44697
1879,137,50,50,0,0,0,0,1,183.761,0.05,0.15,132,31.5073,2.55166,0.44697
1880,157,50,50,0,0,0,0,1,195.633,0.05,0.15,132,31.5073,2.27102,0.44697
1881,200,50,50,0,0,0,0,1,188.244,0.05,0.15,132,31.5073,2.74105,0.44697
1882,144,50,50,0,0,0,0,1,184.984,0.05,0.15,132,31.5073,2.59937,0.44697
1883,142,50,50,0,0,0,0,1,184.754,0.05,0.15,132,31.5073,2.82769,0.44697
1884,154,50,50,0,0,0,0,1,188.868,0.05,0.15,132,31.5073,2.73716,0.44697
1885,168,50,50,0,0,0,0,1,182.784,0.05,0.15,132,31.5073,3.07845,0.44697
1886,141,50,50,0,0,0,0,1,189.308,0.05,0.15,132,31.5073,2.63493,0.44697
1887,139,50,50,0,0,0,0,1,189.497,0.05,0.15,132,31.5073,2.50789,0.44697
1888,131,50,50,0,0,0,0,1,184.891,0.05,0.15,132,31.5073,2.57465,0.44697
1889,141,50,50,0,0,0,0,1,188.55,0.05,0.15,132,31.5073,2.92084,0.44697
1890,127,50,50,0,0,0,0,1,185.948,0.05,0.15,132,31.5073,2.55044,0.44697
1891,133,50,50,0,0,0,0,1,189.202,0.05,0.15,132,31.5073,2.3489,0.44697
1892,143,50,50,0,0,0,0,1,192.94,0.05,0.15,132,31.5073,2.51658,0.44697
1893,126,50,50,0,0,0,0,1,185.73,0.05,0.15,132,31.5073,2.62087,0.44697
1894,126,50,50,0,0,0,0,1,181.476,0.05,0.15,132,31.5073,2.87497,0.44697
1895,122,50,50,0,0,0,0,1,184.596,0.05,0.15,132,31.5073,2.03927,0.44697
1896,163,50,50,0,0,0,0,1,195.07,0.05,0.15,132,31.5073,2.82197,0.44697
1897,118,50,50,0,0,0,0,1,180.716,0.05,0.15,132,31.5073,2.42131,0.44697
1898,124,50,50,0,0,0,0,1,184.448,0.05,0.15,132,31.5073,2.41542,0.44697
1899,137,50,50,0,0,0,0,1,186.887,0.05,0.15,132,31.5073,2.15503,0.44697
1900,142,50,50,0,0,0,0,1,192.042,0.05,0.15,132,31.5073,2.32167,0.44697
1901,130,50,50,0,0,0,0,1,185.498,0.05,0.15,132,31.5073,2.06083,0.44697
1902,146,50,50,0,0,0,0,1,191.915,0.05,0.15,132,31.5073,2.23833,0.44697
1903,121,50,50,0,0,0,0,1,179.493,0.05,0.15,132,31.5073,2.75552,0.44697
1904,132,50,50,0,0,0,0,1,183.778,0.05,0.15,132,31.5073,2.73661,0.44697
1905,154,50,50,0,0,0,0,1,192.238,0.05,0.15,132,31.5073,2.43794,0.44697
1906,125,50,50,0,0,0,0,1,184.088,0.05,0.15,132,31.5073,2.29837,0.44697
1907,180,50,50,0,0,0,0,1,189.646,0.05,0.15,132,31.5073,2.90715,0.44697
1908,171,50,50,0,0,0,0,1,189.037,0.05,0.15,132,31.5073,2.59067,0.44697
1909,136,50,50,0,0,0,0,1,187.835,0.05,0.15,132,31.5073,2.49828,0.44697
1910,162,50,50,0,0,0,0,1,189.817,0.05,0.15,132,31.5073,2.45062,0.44697
1911,123,50,50,0,0,0,0,1,184.15,0.05,0.15,132,31.5073,2.14657,0.44697
1912,125,50,50,0,0,0,0,1,186.024,0.05,0.15,132,31.5073,2.22904,0.44697
1913,130,50,50,0,0,0,0,1,183.464,0.05,0.15,132,31.5073,2.39687,0.44697
1914,180,50,50,0,0,0,0,1,204.517,0.05,0.15,132,31.5073,2.12936,0.44697
1915,181,50,50,0,0,0,0,1,190.938,0.05,0.15,132,31.5073,2.32625,0.44697
1916,218,50,50,0,0,0,0,1,186.308,0.05,0.15,132,31.5073,2.78835,0.44697
1917,147,50,50,0,0,0,0,1,193.709,0.05,0.15,132,31.5073,2.4453,0.44697
1918,133,50,50,0,0,0,0,1,189.62,0.05,0.15,132,31.5073,2.18528,0.44697
1919,131,50,50,0,0,0,0,1,189.058,0.05,0.15,132,31.5073,2.23361,0.44697
1920,132,50,50,0,0,0,0,1,185.45,0.05,0.15,132,31.5073,2.41203,0.44697
1921,141,50,50,0,0,0,0,1,191.032,0.05,0.15,132,31.5073,2.54638,0.44697
1922,140,50,50,0,0,0,0,1,186.955,0.05,0.15,132,31.5073,2.4106,0.44697
1923,116,50,50,0,0,0,0,1,179.264,0.05,0.15,132,31.5073,2.68135,0.44697
1924,133,50,50,0,0,0,0,1,186.206,0.05,0.15,132,31.5073,2.37143,0.44697
1925,133,50,50,0,0,0,0,1,184.363,0.05,0.15,132,31.5073,2.57912,0.44697
1926,150,50,50,0,0,0,0,1,192.379,0.05,0.15,132,31.5073,2.7646,0.44697
1927,158,50,50,0,0,0,0,1,191.818,0.05,0.15,132,31.5073,2.8064,0.44697
1928,140,50,50,0,0,0,0,1,190.793,0.05,0.15,132,31.5073,2.18599,0.44697
1929,134,50,50,0,0,0,0,1,182.667,0.05,0.15,132,31.5073,2.34953,0.44697
1930,129,50,50,0,0,0,0,1,188.614,0.05,0.15,132,31.5073,2.26126,0.44697
1931,143,50,50,0,0,0,0,1,186.18,0.05,0.15,132,31.5073,2.59877,0.44697
1932,183,50,50,0,0,0,0,1,192.797,0.05,0.15,132,31.5073,2.55464,0.44697
1933,138,50,50,0,0,0,0,1,186.736,0.05,0.15,132,31.5073,2.52807,0.44697
1934,129,50,50,0,0,0,0,1,187.068,0.05,0.15,132,31.5073,2.31829,0.44697
1935,141,50,50,0,0,0,0,1,185.834,0.05,0.15,132,31.5073,2.56732,0.44697
1936,142,50,50,0,0,0,0,1,189.446,0.05,0.15,132,31.5073,2.61094,0.44697
1937,151,50,50,0,0,0,0,1,184.709,0.05,0.15,132,31.5073,2.46175,0.44697
1938,131,50,50,0,0,0,0,1,188.594,0.05,0.15,132,31.5073,2.1315,0.44697
1939,140,50,50,0,0,0,0,1,185.272,0.05,0.15,132,31.5073,2.76991,0.44697
1940,115,50,50,0,0,0,0,1,181.328,0.05,0.15,132,31.5073,2.59104,0.44697
1941,148,50,50,0,0,0,0,1,195.908,0.05,0.15,132,31.5073,2.22972,0.44697
1942,187,50,50,0,0,0,0,1,185.716,0.05,0.15,132,31.5073,3.17102,0.44697
1943,143,50,50,0,0,0,0,1,188.492,0.05,0.15,132,31.5073,2.43958,0.44697
1944,132,50,50,0,0,0,0,1,186.842,0.05,0.15,132,31.5073,2.09718,0.44697
1945,150,50,50,0,0,0,0,1,193.865,0.05,0.15,132,31.5073,2.13883,0.44697
1946,136,50,50,0,0,0,0,1,187.92,0.05,0.15,132,31.5073,2.44971,0.44697
1947,168,50,50,0,0,0,0,1,189.885,0.05,0.15,132,31.5073,2.57265,0.44697
1948,147,50,50,0,0,0,0,1,193.281,0.05,0.15,132,31.5073,2.15599,0.44697
1949,152,50,50,0,0,0,0,1,189.862,0.05,0.15,132,31.5073,2.4418,0.44697
1950,142,50,50,0,0,0,0,1,189.862,0.05,0.15,132,31.5073,2.42081,0.44697
1951,150,50,50,0,0,0,0,1,189.755,0.05,0.15,132,31.5073,2.74518,0.44697
1952,150,50,50,0,0,0,0,1,187.467,0.05,0.15,132,31.5073,2.54592,0.44697
1953,158,50,50,0,0,0,0,1,191.748,0.05,0.15,132,31.5073,2.45321,0.44697
1954,144,50,50,0,0,0,0,1,193.284,0.05,0.15,132,31.5073,2.31365,0.44697
1955,145,50,50,0,0,0,0,1,185.261,0.05,0.15,132,31.5073,2.59911,0.44697
1956,135,50,50,0,0,0,0,1,186.366,0.05,0.15,132,31.5073,2.59465,0.44697
1957,228,50,50,0,0,0,0,1,189.451,0.05,0.15,132,31.5073,2.93353,0.44697
1958,209,50,50,0,0,0,0,1,176.646,0.05,0.15,132,31.5073,3.82977,0.44697
1959,206,37,37,0,0,1,0,0,93.189,0.05,0.15,132,31.5073,3.40097,0.44697
1960,300,50,50,0,0,0,0,1,180.15,0.05,0.15,132,31.5073,3.01689,0.44697
1961,331,50,50,0,0,0,0,1,184.943,0.05,0.15,132,31.5073,2.9547,0.44697
1962,348,50,50,0,0,0,0,1,171.77,0.05,0.15,132,31.5073,2.67359,0.44697
1963,83,12,12,0,0,1,0,0,6.756,0.05,0.15,132,31.5073,3.51329,0.44697
1964,192,50,50,0,0,0,0,1,181.504,0.05,0.15,132,31.5073,2.70122,0.44697
1965,138,50,50,0,0,0,0,1,184.773,0.05,0.15,132,31.5073,3.24722,0.44697
1966,140,50,50,0,0,0,0,1,186.934,0.05,0.15,132,31.5073,2.75224,0.44697
1967,138,50,50,0,0,0,0,1,191.104,0.05,0.15,132,31.5073,2.67512,0.44697
1968,126,50,50,0,0,0,0,1,183.571,0.05,0.15,132,31.5073,3.28734,0.44697
1969,129,50,50,0,0,0,0,1,185.417,0.05,0.15,132,31.5073,3.26968,0.44697
1970,118,50,50,0,0,0,0,1,182.516,0.05,0.15,132,31.5073,2.60831,0.44697
1971,146,50,50,0,0,0,0,1,194.447,0.05,0.15,132,31.5073,3.42498,0.44697
1972,145,50,50,0,0,0,0,1,191.991,0.05,0.15,132,31.5073,2.95489,0.44697
1973,160,50,50,0,0,0,0,1,190.526,0.05,0.15,132,31.5073,3.05391,0.44697
1974,139,50,50,0,0,0,0,1,191.014,0.05,0.15,132,31.5073,2.29381,0.44697
1975,134,50,50,0,0,0,0,1,188.295,0.05,0.15,132,31.5073,2.85663,0.44697
1976,129,50,50,0,0,0,0,1,182.668,0.05,0.15,132,31.5073,2.66476,0.44697
1977,158,50,50,0,0,0,0,1,198.179,0.05,0.15,132,31.5073,2.65831,0.44697
1978,138,50,50,0,0,0,0,1,193.556,0.05,0.15,132,31.5073,2.26858,0.44697
1979,139,50,50,0,0,0,0,1,192.696,0.05,0.15,132,31.5073,2.48473,0.44697
1980,154,50,50,0,0,0,0,1,195.429,0.05,0.15,132,31.5073,2.44938,0.44697
1981,143,50,50,0,0,0,0,1,184.17,0.05,0.15,132,31.5073,3.07634,0.44697
1982,127,50,50,0,0,0,0,1,185.73,0.05,0.15,132,31.5073,2.74202,0.44697
1983,135,50,50,0,0,0,0,1,187.317,0.05,0.15,132,31.5073,2.62893,0.44697
1984,135,50,50,0,0,0,0,1,187.053,0.05,0.15,132,31.5073,2.3841,0.44697
1985,151,50,50,0,0,0,0,1,191.252,0.05,0.15,132,31.5073,2.65793,0.44697
1986,129,50,50,0,0,0,0,1,185.062,0.05,0.15,132,31.5073,2.66063,0.44697
1987,126,50,50,0,0,0,0,1,185.884,0.05,0.15,132,31.5073,2.61176,0.44697
1988,141,50,50,0,0,0,0,1,190.101,0.05,0.15,132,31.5073,2.78612,0.44697
1989,134,50,50,0,0,0,0,1,189.827,0.05,0.15,132,31.5073,2.55188,0.44697
1990,131,50,50,0,0,0,0,1,189.052,0.05,0.15,132,31.5073,2.51621,0.44697
1991,139,50,50,0,0,0,0,1,183.052,0.05,0.15,132,31.5073,3.32967,0.44697
1992,128,50,50,0,0,0,0,1,186.686,0.05,0.15,132,31.5073,2.21737,0.44697
1993,148,50,50,0,0,0,0,1,190.333,0.05,0.15,132,31.5073,2.71312,0.44697
1994,152,50,50,0,0,0,0,1,189.623,0.05,0.15,132,31.5073,2.57636,0.44697
1995,156,50,50,0,0,0,0,1,189.847,0.05,0.15,132,31.5073,2.67268,0.44697
1996,115,50,50,0,0,0,0,1,179.112,0.05,0.15,132,31.5073,2.92937,0.44697
1997,149,50,50,0,0,0,0,1,194.138,0.05,0.15,132,31.5073,2.15444,0.44697
1998,136,50,50,0,0,0,0,1,185.75,0.05,0.15,132,31.5073,2.43886,0.44697
1999,121,50,50,0,0,0,0,1,184.576,0.05,0.15,132,31.5073,2.13749,0.44697
2000,205,50,50,0,0,0,0,1,189.56,0.05,0.15,132,31.5073,2.99067,0.44697
