round,steps,score,coins,crates,kills,suicides,invalid,survived,total_reward,epsilon,alpha,n_states,max_abs_q,mean_abs_td,coverage
1,400,15,15,63,0,0,0,1,98.707,0.99833,0.15,236,31.5246,1.63136,0.37641
2,400,11,11,52,0,0,0,1,87.841,0.99667,0.15,283,31.5246,1.50614,0.36749
3,400,11,11,35,0,0,0,1,60.457,0.99501,0.15,317,31.5246,1.41263,0.36278
4,400,16,16,67,0,0,0,1,122.811,0.99336,0.15,346,31.5246,1.75,0.36368
5,400,18,18,55,0,0,0,1,109.997,0.9917,0.15,357,31.5246,1.62741,0.36741
6,400,13,13,49,0,0,0,1,101.415,0.99005,0.15,384,31.5246,1.63432,0.36415
7,400,14,14,47,0,0,0,1,86.252,0.9884,0.15,398,31.5246,1.72376,0.36683
8,400,10,10,39,0,0,0,1,63.156,0.98676,0.15,404,31.5246,1.65203,0.37005
9,400,10,10,40,0,0,0,1,50.52,0.98511,0.15,417,31.5246,1.51286,0.3709
10,400,11,11,57,0,0,0,1,80.108,0.98347,0.15,423,31.5246,1.62918,0.37431
11,400,10,10,37,0,0,0,1,53.129,0.98183,0.15,426,31.5246,1.50556,0.37676
12,400,13,13,34,0,0,0,1,60.253,0.9802,0.15,434,31.5246,1.58302,0.3775
13,400,14,14,43,0,0,0,1,77.68,0.97857,0.15,439,31.5246,1.42817,0.37851
14,400,11,11,35,0,0,0,1,70.248,0.97694,0.15,442,31.5246,1.58071,0.37934
15,400,13,13,50,0,0,0,1,67.932,0.97531,0.15,448,31.5246,1.74259,0.38244
16,400,12,12,54,0,0,0,1,95.209,0.97369,0.15,462,31.5246,1.58341,0.38167
17,400,8,8,53,0,0,0,1,71.323,0.97206,0.15,472,31.5246,1.63136,0.38136
18,400,6,6,31,0,0,0,1,42.958,0.97045,0.15,482,31.5246,1.3896,0.38174
19,400,10,10,40,0,0,0,1,63.435,0.96883,0.15,483,31.5246,1.41055,0.38302
20,400,8,8,39,0,0,0,1,57.913,0.96722,0.15,484,31.5246,1.37035,0.38705
21,400,13,13,67,0,0,0,1,110.121,0.96561,0.15,487,31.5246,1.73048,0.38741
22,400,9,9,32,0,0,0,1,38.502,0.964,0.15,487,31.5246,1.40235,0.3898
23,400,15,15,46,0,0,0,1,77.11,0.96239,0.15,490,31.5246,1.68226,0.3915
24,400,16,16,51,0,0,0,1,92.459,0.96079,0.15,491,31.5246,1.49826,0.39341
25,400,10,10,49,0,0,0,1,76.456,0.95919,0.15,495,31.5246,1.53473,0.39293
26,400,8,8,60,0,0,0,1,78.784,0.95759,0.15,499,31.5246,1.54914,0.39279
27,400,17,17,61,0,0,0,1,115.142,0.956,0.15,509,31.5246,1.65334,0.39162
28,400,11,11,44,0,0,0,1,90.543,0.95441,0.15,510,31.5246,1.42885,0.39314
29,400,12,12,48,0,0,0,1,81.559,0.95282,0.15,512,31.5246,1.52015,0.39453
30,400,12,12,40,0,0,0,1,62.004,0.95123,0.15,512,31.5246,1.49891,0.39518
31,400,11,11,47,0,0,0,1,80.222,0.94965,0.15,512,31.5246,1.61016,0.39648
32,400,19,19,63,0,0,0,1,128.569,0.94806,0.15,512,31.5246,1.6184,0.39876
33,400,12,12,39,0,0,0,1,67.017,0.94649,0.15,513,31.5246,1.60178,0.39994
34,400,15,15,48,0,0,0,1,114.235,0.94491,0.15,514,31.5246,1.73467,0.40078
35,400,17,17,55,0,0,0,1,114.114,0.94334,0.15,514,31.5246,1.71961,0.40175
36,400,16,16,48,0,0,0,1,101.168,0.94176,0.15,515,31.5246,1.6906,0.40259
37,400,12,12,57,0,0,0,1,106.046,0.9402,0.15,519,31.5246,1.57958,0.40173
38,400,16,16,69,0,0,0,1,131.208,0.93863,0.15,524,31.5246,1.70702,0.40204
39,400,12,12,52,0,0,0,1,71.269,0.93707,0.15,525,31.5246,1.59191,0.40317
40,400,10,10,43,0,0,0,1,82.339,0.93551,0.15,526,31.5246,1.54981,0.40368
41,400,25,25,69,0,0,0,1,146.06,0.93395,0.15,527,31.5246,1.8405,0.40544
42,400,9,9,46,0,0,0,1,76.148,0.93239,0.15,527,31.5246,1.58927,0.40607
43,400,18,18,60,0,0,0,1,125.07,0.93084,0.15,527,31.5246,1.75464,0.40734
44,400,11,11,43,0,0,0,1,78.159,0.92929,0.15,527,31.5246,1.53447,0.40734
45,400,17,17,59,0,0,0,1,107.488,0.92774,0.15,529,31.5246,1.73421,0.408
46,400,11,11,53,0,0,0,1,55.518,0.9262,0.15,530,31.5246,1.63896,0.40818
47,400,13,13,53,0,0,0,1,113.562,0.92466,0.15,530,31.5246,1.76936,0.41006
48,400,21,21,58,0,0,0,1,114.624,0.92312,0.15,531,31.5246,1.6977,0.41055
49,400,16,16,51,0,0,0,1,107.405,0.92158,0.15,531,31.5246,1.80441,0.4118
50,400,9,9,50,0,0,0,1,84.968,0.92004,0.15,534,31.5246,1.62153,0.41199
51,400,17,17,66,0,0,0,1,108.817,0.91851,0.15,534,31.5246,1.74369,0.41261
52,400,9,9,35,0,0,0,1,41.976,0.91698,0.15,534,31.5246,1.45546,0.41261
53,400,13,13,41,0,0,0,1,95.423,0.91546,0.15,534,31.5246,1.64177,0.41323
54,400,20,20,62,0,0,0,1,110.7,0.91393,0.15,535,31.5246,1.86375,0.4134
55,400,10,10,44,0,0,0,1,78.033,0.91241,0.15,536,31.5246,1.50345,0.41325
56,400,20,20,47,0,0,0,1,108.853,0.91089,0.15,536,31.5246,1.5665,0.4148
57,400,14,14,45,0,0,0,1,90.588,0.90937,0.15,536,31.5246,1.68959,0.41511
58,400,6,6,43,0,0,0,1,69.268,0.90786,0.15,536,31.5246,1.55641,0.41542
59,400,15,15,54,0,0,0,1,99.939,0.90635,0.15,537,31.5246,1.56445,0.41496
60,400,20,20,71,0,0,0,1,156.393,0.90484,0.15,539,31.5246,1.76598,0.41497
61,400,15,15,55,0,0,0,1,110.427,0.90333,0.15,542,31.5246,1.85117,0.4139
62,400,13,13,52,0,0,0,1,88.666,0.90183,0.15,542,31.5246,1.7062,0.41451
63,400,14,14,52,0,0,0,1,92.713,0.90032,0.15,542,31.5246,1.5927,0.41451
64,400,22,22,71,0,0,0,1,138.78,0.89883,0.15,542,31.5246,1.84009,0.41482
65,400,16,16,48,0,0,0,1,100.986,0.89733,0.15,542,31.5246,1.58789,0.41544
66,400,9,9,42,0,0,0,1,58.755,0.89583,0.15,542,31.5246,1.59674,0.41544
67,400,17,17,55,0,0,0,1,123.015,0.89434,0.15,543,31.5246,1.86362,0.41498
68,400,19,19,57,0,0,0,1,97.981,0.89285,0.15,544,31.5246,1.80294,0.41452
69,400,14,14,45,0,0,0,1,85.065,0.89137,0.15,547,31.5246,1.71531,0.41377
70,400,13,13,51,0,0,0,1,71.053,0.88988,0.15,547,31.5246,1.80966,0.41438
71,400,15,15,54,0,0,0,1,112.65,0.8884,0.15,548,31.5246,1.729,0.41454
72,400,18,18,56,0,0,0,1,116.24,0.88692,0.15,548,31.5246,1.82969,0.41545
73,400,19,19,72,0,0,0,1,127.823,0.88544,0.15,548,31.5246,1.83631,0.41575
74,400,16,16,59,0,0,0,1,110.201,0.88397,0.15,548,31.5246,1.7532,0.41606
75,400,11,11,41,0,0,0,1,95.632,0.8825,0.15,550,31.5246,1.65125,0.41636
76,400,14,14,44,0,0,0,1,89.373,0.88103,0.15,550,31.5246,1.60033,0.41667
77,400,10,10,51,0,0,0,1,67.466,0.87956,0.15,550,31.5246,1.6104,0.41667
78,400,16,16,57,0,0,0,1,105.522,0.8781,0.15,550,31.5246,1.63971,0.41727
79,400,7,7,36,0,0,0,1,33.263,0.87663,0.15,551,31.5246,1.47717,0.41712
80,400,13,13,52,0,0,0,1,77.637,0.87517,0.15,551,31.5246,1.58276,0.41773
81,400,17,17,68,0,0,0,1,147.382,0.87372,0.15,552,31.5246,1.867,0.41787
82,400,16,16,55,0,0,0,1,116.355,0.87226,0.15,552,31.5246,1.79411,0.41818
83,400,25,25,81,0,0,0,1,158.162,0.87081,0.15,552,31.5246,1.93553,0.41938
84,400,16,16,49,0,0,0,1,102.346,0.86936,0.15,552,31.5246,1.7413,0.42059
85,400,11,11,45,0,0,0,1,88.481,0.86791,0.15,553,31.5246,1.65109,0.42104
86,400,11,11,55,0,0,0,1,76.334,0.86647,0.15,554,31.5246,1.72971,0.42088
87,400,14,14,51,0,0,0,1,101.346,0.86502,0.15,554,31.5246,1.73157,0.42088
88,400,13,13,41,0,0,0,1,69.761,0.86358,0.15,554,31.5246,1.78827,0.42118
89,400,16,16,58,0,0,0,1,99.441,0.86214,0.15,556,31.5246,1.82904,0.42056
90,400,18,18,75,0,0,0,1,111.461,0.86071,0.15,556,31.5246,1.73789,0.42086
91,400,16,16,68,0,0,0,1,121.701,0.85927,0.15,556,31.5246,1.70857,0.42086
92,400,13,13,56,0,0,0,1,102.373,0.85784,0.15,556,31.5246,1.76501,0.42236
93,400,11,11,59,0,0,0,1,92.781,0.85642,0.15,556,31.5246,1.63566,0.42236
94,400,22,22,60,0,0,0,1,111.481,0.85499,0.15,557,31.5246,2.01051,0.4222
95,400,13,13,56,0,0,0,1,99.914,0.85357,0.15,557,31.5246,1.82437,0.4228
96,400,15,15,60,0,0,0,1,100.347,0.85214,0.15,558,31.5246,1.71802,0.42264
97,400,18,18,72,0,0,0,1,148.854,0.85072,0.15,558,31.5246,1.90989,0.42324
98,400,22,22,71,0,0,0,1,152.38,0.84931,0.15,559,31.5246,1.93885,0.42278
99,400,19,19,48,0,0,0,1,125.017,0.84789,0.15,559,31.5246,1.84841,0.42457
100,400,18,18,58,0,0,0,1,114.242,0.84648,0.15,559,31.5246,1.83169,0.42457
101,400,16,16,60,0,0,0,1,105.149,0.84507,0.15,559,31.5246,1.80156,0.42457
102,400,14,14,60,0,0,0,1,103.055,0.84366,0.15,560,31.5246,1.75164,0.4244
103,400,16,16,52,0,0,0,1,123.725,0.84226,0.15,560,31.5246,1.66144,0.425
104,400,15,15,48,0,0,0,1,90.953,0.84086,0.15,560,31.5246,1.59996,0.4253
105,400,12,12,63,0,0,0,1,101.121,0.83946,0.15,560,31.5246,1.60015,0.42619
106,400,14,14,59,0,0,0,1,107.827,0.83806,0.15,560,31.5246,1.72795,0.42649
107,400,14,14,59,0,0,0,1,106.513,0.83666,0.15,560,31.5246,1.76584,0.42649
108,400,12,12,48,0,0,0,1,93.762,0.83527,0.15,561,31.5246,1.91844,0.42721
109,400,12,12,59,0,0,0,1,90.169,0.83388,0.15,561,31.5246,1.67648,0.42751
110,400,23,23,64,0,0,0,1,149.397,0.83249,0.15,561,31.5246,2.02184,0.42781
111,400,17,17,71,0,0,0,1,116.61,0.8311,0.15,561,31.5246,1.84943,0.4284
112,400,15,15,47,0,0,0,1,90.664,0.82972,0.15,561,31.5246,1.74769,0.4284
113,400,20,20,74,0,0,0,1,152.383,0.82834,0.15,561,31.5246,1.94057,0.429
114,400,17,17,62,0,0,0,1,110.145,0.82696,0.15,561,31.5246,1.91619,0.429
115,400,15,15,60,0,0,0,1,131.698,0.82558,0.15,563,31.5246,1.71524,0.43073
116,400,17,17,76,0,0,0,1,123.873,0.82421,0.15,564,31.5246,1.80562,0.43026
117,400,8,8,34,0,0,0,1,57.498,0.82283,0.15,564,31.5246,1.66593,0.43085
118,400,9,9,41,0,0,0,1,57.87,0.82146,0.15,566,31.5246,1.64727,0.42992
119,400,17,17,58,0,0,0,1,112.932,0.8201,0.15,566,31.5246,1.7599,0.42992
120,400,16,16,49,0,0,0,1,98.108,0.81873,0.15,566,31.5246,1.81991,0.43021
121,400,17,17,61,0,0,0,1,107.145,0.81737,0.15,566,31.5246,1.62169,0.43021
122,400,15,15,61,0,0,0,1,107.539,0.81601,0.15,566,31.5246,1.75973,0.43021
123,400,14,14,47,0,0,0,1,96.474,0.81465,0.15,566,31.5246,1.80264,0.43021
124,400,12,12,50,0,0,0,1,99.273,0.81329,0.15,566,31.5246,1.77257,0.43051
125,400,22,22,78,0,0,0,1,140.405,0.81194,0.15,566,31.5246,1.89251,0.4311
126,400,18,18,62,0,0,0,1,126.07,0.81058,0.15,568,31.5246,1.84034,0.43163
127,400,15,15,62,0,0,0,1,114.091,0.80923,0.15,568,31.5246,1.84501,0.43192
128,400,17,17,42,0,0,0,1,96.712,0.80789,0.15,568,31.5246,1.87155,0.43192
129,400,9,9,40,0,0,0,1,64.424,0.80654,0.15,568,31.5246,1.68217,0.43222
130,400,20,20,66,0,0,0,1,123.666,0.8052,0.15,568,31.5246,1.67235,0.43222
131,400,13,13,50,0,0,0,1,76.493,0.80386,0.15,568,31.5246,1.74844,0.43251
132,400,17,17,63,0,0,0,1,143.101,0.80252,0.15,568,31.5246,1.7699,0.43281
133,400,17,17,47,0,0,0,1,106.887,0.80118,0.15,568,31.5246,1.89377,0.4331
134,400,19,19,61,0,0,0,1,108.212,0.79985,0.15,568,31.5246,1.83369,0.43339
135,400,20,20,67,0,0,0,1,148.283,0.79852,0.15,568,31.5246,1.76737,0.43369
136,400,11,11,43,0,0,0,1,83.274,0.79719,0.15,568,31.5246,1.8113,0.43427
137,400,19,19,58,0,0,0,1,117.627,0.79586,0.15,568,31.5246,1.87484,0.43457
138,400,21,21,66,0,0,0,1,128.602,0.79453,0.15,568,31.5246,1.86266,0.43457
139,400,16,16,57,0,0,0,1,124.86,0.79321,0.15,569,31.5246,1.86714,0.43409
140,400,18,18,57,0,0,0,1,102.617,0.79189,0.15,569,31.5246,1.86584,0.43409
141,400,11,11,55,0,0,0,1,94.73,0.79057,0.15,569,31.5246,1.73409,0.43409
142,400,25,25,77,0,0,0,1,161.147,0.78925,0.15,569,31.5246,1.97329,0.43439
143,400,17,17,56,0,0,0,1,111.737,0.78794,0.15,569,31.5246,2.01784,0.43468
144,400,19,19,73,0,0,0,1,129.561,0.78663,0.15,569,31.5246,1.82764,0.43468
145,400,18,18,61,0,0,0,1,127.753,0.78532,0.15,569,31.5246,1.86912,0.43468
146,400,27,27,79,0,0,0,1,157.156,0.78401,0.15,569,31.5246,1.96255,0.43527
147,400,16,16,58,0,0,0,1,121.735,0.7827,0.15,569,31.5246,1.78622,0.43527
148,400,17,17,54,0,0,0,1,97.735,0.7814,0.15,569,31.5246,1.74169,0.43556
149,400,10,10,37,0,0,0,1,65.651,0.7801,0.15,569,31.5246,1.67208,0.43556
150,400,15,15,43,0,0,0,1,83.127,0.7788,0.15,569,31.5246,1.65475,0.43556
151,400,10,10,47,0,0,0,1,95.527,0.7775,0.15,569,31.5246,1.70315,0.43556
152,400,8,8,34,0,0,0,1,70.223,0.77621,0.15,569,31.5246,1.75345,0.43585
153,400,15,15,50,0,0,0,1,91.907,0.77492,0.15,569,31.5246,1.68384,0.43615
154,400,19,19,66,0,0,0,1,139.768,0.77363,0.15,569,31.5246,1.89174,0.43644
155,400,15,15,53,0,0,0,1,116.615,0.77234,0.15,569,31.5246,1.78252,0.43673
156,400,19,19,50,0,0,0,1,134.502,0.77105,0.15,569,31.5246,1.81029,0.43673
157,400,25,25,66,0,0,0,1,154.83,0.76977,0.15,569,31.5246,2.01229,0.43702
158,400,23,23,69,0,0,0,1,142.948,0.76849,0.15,569,31.5246,1.91706,0.43702
159,400,15,15,56,0,0,0,1,113.762,0.76721,0.15,570,31.5246,1.7641,0.43684
160,400,19,19,59,0,0,0,1,129.487,0.76593,0.15,570,31.5246,1.85867,0.43684
161,400,19,19,57,0,0,0,1,123.5,0.76465,0.15,570,31.5246,1.82244,0.43713
162,400,25,25,83,0,0,0,1,164.386,0.76338,0.15,570,31.5246,1.86483,0.43743
163,400,19,19,61,0,0,0,1,123.448,0.76211,0.15,570,31.5246,2.01339,0.43743
164,400,15,15,57,0,0,0,1,102.337,0.76084,0.15,570,31.5246,1.95279,0.43772
165,400,15,15,56,0,0,0,1,113.808,0.75957,0.15,572,31.5246,1.87252,0.43735
166,400,10,10,40,0,0,0,1,78.011,0.75831,0.15,573,31.5246,1.71134,0.43688
167,400,14,14,46,0,0,0,1,93.344,0.75704,0.15,573,31.5246,1.75179,0.43688
168,400,15,15,48,0,0,0,1,99.602,0.75578,0.15,573,31.5246,1.72418,0.43717
169,400,14,14,48,0,0,0,1,104.1,0.75453,0.15,573,31.5246,1.73783,0.43717
170,400,18,18,60,0,0,0,1,131.995,0.75327,0.15,573,31.5246,1.92627,0.43717
171,400,14,14,44,0,0,0,1,100.15,0.75201,0.15,573,31.5246,1.65277,0.43775
172,400,13,13,60,0,0,0,1,113.572,0.75076,0.15,573,31.5246,1.75878,0.43775
173,400,17,17,56,0,0,0,1,116.15,0.74951,0.15,573,31.5246,1.78914,0.43775
174,400,17,17,63,0,0,0,1,106.337,0.74826,0.15,573,31.5246,1.83154,0.43805
175,400,18,18,71,0,0,0,1,124.496,0.74702,0.15,573,31.5246,1.81488,0.43834
176,400,14,14,47,0,0,0,1,112.976,0.74577,0.15,573,31.5246,1.81978,0.43834
177,400,24,24,78,0,0,0,1,158.732,0.74453,0.15,573,31.5246,1.99537,0.43863
178,400,19,19,61,0,0,0,1,130.771,0.74329,0.15,573,31.5246,1.74365,0.43863
179,400,17,17,55,0,0,0,1,126.541,0.74205,0.15,573,31.5246,1.97644,0.43863
180,400,16,16,56,0,0,0,1,111.359,0.74082,0.15,573,31.5246,1.91536,0.43863
181,400,9,9,33,0,0,0,1,63.979,0.73958,0.15,575,31.5246,2.07376,0.44058
182,400,28,28,81,0,0,0,1,195.05,0.73835,0.15,575,31.5246,2.12044,0.44058
183,400,22,22,59,0,0,0,1,125.192,0.73712,0.15,575,31.5246,1.9178,0.44058
184,400,16,16,48,0,0,0,1,92.463,0.7359,0.15,575,31.5246,1.74922,0.44058
185,400,16,16,57,0,0,0,1,124.565,0.73467,0.15,575,31.5246,1.66853,0.44087
186,400,12,12,55,0,0,0,1,97.033,0.73345,0.15,575,31.5246,1.80224,0.44116
187,400,16,16,52,0,0,0,1,117.318,0.73223,0.15,575,31.5246,1.93762,0.44116
188,400,19,19,73,0,0,0,1,150.642,0.73101,0.15,575,31.5246,1.93425,0.44174
189,400,23,23,56,0,0,0,1,145.91,0.72979,0.15,575,31.5246,1.97087,0.44174
190,400,20,20,65,0,0,0,1,132.385,0.72857,0.15,575,31.5246,1.92385,0.44203
191,400,18,18,59,0,0,0,1,120.558,0.72736,0.15,575,31.5246,1.89275,0.44203
192,400,21,21,63,0,0,0,1,135.647,0.72615,0.15,575,31.5246,1.83357,0.44203
193,400,21,21,54,0,0,0,1,131.467,0.72494,0.15,575,31.5246,1.92569,0.44203
194,400,22,22,54,0,0,0,1,124.223,0.72373,0.15,575,31.5246,1.82444,0.44203
195,400,20,20,56,0,0,0,1,125.438,0.72253,0.15,575,31.5246,1.89659,0.44232
196,400,14,14,57,0,0,0,1,104.305,0.72132,0.15,575,31.5246,2.03269,0.4429
197,400,25,25,104,0,0,0,1,206.524,0.72012,0.15,575,31.5246,2.03733,0.44319
198,400,18,18,64,0,0,0,1,152.422,0.71892,0.15,575,31.5246,2.05827,0.44319
199,400,28,28,79,0,0,0,1,178.993,0.71773,0.15,575,31.5246,2.21974,0.44348
200,400,20,20,63,0,0,0,1,145.339,0.71653,0.15,575,31.5246,1.92957,0.44406
201,400,19,19,67,0,0,0,1,141.947,0.71534,0.15,575,31.5246,2.1166,0.44406
202,400,18,18,61,0,0,0,1,127.071,0.71415,0.15,576,31.5246,2.01723,0.44416
203,400,13,13,43,0,0,0,1,85.365,0.71296,0.15,576,31.5246,1.59909,0.44416
204,400,21,21,58,0,0,0,1,142.084,0.71177,0.15,578,31.5246,1.98432,0.44377
205,400,10,10,42,0,0,0,1,77.238,0.71059,0.15,578,31.5246,1.71162,0.44377
206,400,21,21,60,0,0,0,1,157.149,0.7094,0.15,578,31.5246,1.79279,0.44377
207,400,12,12,49,0,0,0,1,110.701,0.70822,0.15,578,31.5246,1.75233,0.44406
208,400,21,21,71,0,0,0,1,155.961,0.70704,0.15,578,31.5246,1.86438,0.44406
209,400,16,16,54,0,0,0,1,119.201,0.70586,0.15,578,31.5246,1.7689,0.44406
210,400,16,16,50,0,0,0,1,94.41,0.70469,0.15,578,31.5246,1.75794,0.44435
211,400,17,17,58,0,0,0,1,112.288,0.70351,0.15,578,31.5246,1.8266,0.44464
212,400,12,12,51,0,0,0,1,83.266,0.70234,0.15,578,31.5246,1.96398,0.44464
213,400,17,17,48,0,0,0,1,75.89,0.70117,0.15,578,31.5246,1.69812,0.44464
214,400,20,20,57,0,0,0,1,116.259,0.70001,0.15,578,31.5246,1.8715,0.44464
215,400,26,26,71,0,0,0,1,174.816,0.69884,0.15,578,31.5246,2.01456,0.44464
216,400,29,29,87,0,0,0,1,192.458,0.69768,0.15,578,31.5246,1.9787,0.44464
217,400,17,17,49,0,0,0,1,125.625,0.69651,0.15,579,31.5246,1.95071,0.44444
218,400,15,15,51,0,0,0,1,111.077,0.69535,0.15,579,31.5246,1.86937,0.44444
219,400,22,22,63,0,0,0,1,146.04,0.6942,0.15,579,31.5246,2.03827,0.44444
220,400,19,19,72,0,0,0,1,159.651,0.69304,0.15,579,31.5246,1.92038,0.44444
221,400,27,27,77,0,0,0,1,191.205,0.69189,0.15,579,31.5246,2.18225,0.44444
222,400,19,19,52,0,0,0,1,112.908,0.69073,0.15,579,31.5246,2.03036,0.44444
223,400,27,27,76,0,0,0,1,158.385,0.68958,0.15,579,31.5246,2.13763,0.44444
224,400,25,25,70,0,0,0,1,168.678,0.68844,0.15,579,31.5246,1.958,0.44444
225,400,21,21,65,0,0,0,1,153.085,0.68729,0.15,579,31.5246,1.96015,0.44473
226,400,19,19,52,0,0,0,1,133.261,0.68614,0.15,580,31.5246,2.01399,0.44425
227,400,20,20,81,0,0,0,1,156.484,0.685,0.15,580,31.5246,2.04928,0.44425
228,400,11,11,37,0,0,0,1,77.024,0.68386,0.15,581,31.5246,1.94289,0.44464
229,400,23,23,65,0,0,0,1,151.579,0.68272,0.15,581,31.5246,2.03532,0.44464
230,400,20,20,60,0,0,0,1,135.935,0.68159,0.15,581,31.5246,1.75706,0.44464
231,400,22,22,78,0,0,0,1,147.752,0.68045,0.15,581,31.5246,2.04267,0.44464
232,400,19,19,71,0,0,0,1,139.469,0.67932,0.15,581,31.5246,1.91782,0.44521
233,400,20,20,62,0,0,0,1,137.106,0.67819,0.15,582,31.5246,1.8629,0.44502
234,400,19,19,57,0,0,0,1,130.196,0.67706,0.15,582,31.5246,1.79699,0.44559
235,400,9,9,33,0,0,0,1,68.613,0.67593,0.15,585,31.5246,1.84056,0.44558
236,400,16,16,58,0,0,0,1,141.393,0.6748,0.15,586,31.5246,1.9404,0.44511
237,400,15,15,58,0,0,0,1,110.355,0.67368,0.15,586,31.5246,1.79852,0.44511
238,400,21,21,66,0,0,0,1,148.582,0.67256,0.15,586,31.5246,2.01782,0.44511
239,400,21,21,75,0,0,0,1,161.279,0.67144,0.15,586,31.5246,1.84595,0.44511
240,400,20,20,67,0,0,0,1,137.337,0.67032,0.15,586,31.5246,1.87333,0.44511
241,400,25,25,80,0,0,0,1,177.887,0.6692,0.15,586,31.5246,1.9783,0.44539
242,400,21,21,79,0,0,0,1,144.066,0.66809,0.15,586,31.5246,2.07534,0.44568
243,400,21,21,77,0,0,0,1,165.003,0.66698,0.15,586,31.5246,1.9645,0.44596
244,400,16,16,47,0,0,0,1,115.465,0.66587,0.15,586,31.5246,1.81916,0.44596
245,400,20,20,54,0,0,0,1,152.666,0.66476,0.15,586,31.5246,1.86094,0.44596
246,400,18,18,66,0,0,0,1,142.027,0.66365,0.15,586,31.5246,2.00896,0.44625
247,400,23,23,51,0,0,0,1,128.026,0.66255,0.15,587,31.5246,2.054,0.44662
248,400,22,22,76,0,0,0,1,166.404,0.66144,0.15,587,31.5246,1.98353,0.44719
249,400,28,28,76,0,0,0,1,161.411,0.66034,0.15,588,31.5246,1.96283,0.44671
250,400,24,24,69,0,0,0,1,154.765,0.65924,0.15,588,31.5246,2.02637,0.44671
251,400,14,14,60,0,0,0,1,131.976,0.65814,0.15,588,31.5246,1.97082,0.447
252,400,28,28,88,0,0,0,1,189.168,0.65705,0.15,588,31.5246,2.10096,0.447
253,400,19,19,60,0,0,0,1,141.85,0.65595,0.15,588,31.5246,1.92887,0.447
254,400,20,20,63,0,0,0,1,147.113,0.65486,0.15,588,31.5246,1.97618,0.447
255,400,18,18,74,0,0,0,1,150.292,0.65377,0.15,588,31.5246,1.9336,0.447
256,400,23,23,82,0,0,0,1,158.219,0.65268,0.15,588,31.5246,2.10172,0.44756
257,400,24,24,76,0,0,0,1,170.717,0.65159,0.15,588,31.5246,2.04815,0.44756
258,400,20,20,60,0,0,0,1,133.901,0.65051,0.15,588,31.5246,1.90079,0.44785
259,400,18,18,61,0,0,0,1,137.746,0.64943,0.15,588,31.5246,1.79252,0.44785
260,400,25,25,70,0,0,0,1,177.617,0.64834,0.15,588,31.5246,2.04862,0.44841
261,400,25,25,61,0,0,0,1,159.739,0.64726,0.15,588,31.5246,2.15292,0.44841
262,400,20,20,64,0,0,0,1,145.02,0.64619,0.15,588,31.5246,1.9372,0.44841
263,400,27,27,73,0,0,0,1,171.11,0.64511,0.15,588,31.5246,1.92646,0.44841
264,400,15,15,57,0,0,0,1,113.67,0.64404,0.15,588,31.5246,1.76854,0.44841
265,400,16,16,64,0,0,0,1,116.927,0.64296,0.15,588,31.5246,1.69007,0.44841
266,400,26,26,70,0,0,0,1,160.659,0.64189,0.15,588,31.5246,1.93538,0.44898
267,400,20,20,58,0,0,0,1,139.943,0.64082,0.15,588,31.5246,2.07028,0.44898
268,400,11,11,44,0,0,0,1,91.893,0.63976,0.15,588,31.5246,1.81507,0.44898
269,400,19,19,51,0,0,0,1,126.63,0.63869,0.15,588,31.5246,1.82841,0.44926
270,400,17,17,72,0,0,0,1,132.188,0.63763,0.15,588,31.5246,1.88851,0.44926
271,400,27,27,60,0,0,0,1,166.67,0.63657,0.15,588,31.5246,2.17607,0.44955
272,400,28,28,82,0,0,0,1,194.644,0.63551,0.15,588,31.5246,2.01322,0.44983
273,400,21,21,61,0,0,0,1,139.242,0.63445,0.15,588,31.5246,1.99439,0.45011
274,400,15,15,59,0,0,0,1,128.03,0.63339,0.15,588,31.5246,2.0919,0.45096
275,400,20,20,77,0,0,0,1,177.49,0.63234,0.15,588,31.5246,1.88739,0.45096
276,400,19,19,60,0,0,0,1,119.095,0.63128,0.15,588,31.5246,1.88059,0.45096
277,400,26,26,80,0,0,0,1,178.582,0.63023,0.15,588,31.5246,2.02323,0.45096
278,400,25,25,76,0,0,0,1,163.927,0.62918,0.15,588,31.5246,2.00305,0.45096
279,400,27,27,84,0,0,0,1,184.884,0.62814,0.15,588,31.5246,2.12891,0.45125
280,400,25,25,58,0,0,0,1,142.238,0.62709,0.15,588,31.5246,2.04673,0.45125
281,400,16,16,68,0,0,0,1,119.519,0.62604,0.15,588,31.5246,2.0449,0.45153
282,400,18,18,56,0,0,0,1,126.037,0.625,0.15,588,31.5246,1.90512,0.45181
283,400,18,18,52,0,0,0,1,133.178,0.62396,0.15,588,31.5246,1.76037,0.45181
284,400,26,26,79,0,0,0,1,202.617,0.62292,0.15,588,31.5246,2.00863,0.45181
285,400,15,15,50,0,0,0,1,117.567,0.62189,0.15,588,31.5246,1.74335,0.4521
286,400,24,24,76,0,0,0,1,164.213,0.62085,0.15,588,31.5246,2.087,0.4521
287,400,21,21,71,0,0,0,1,171.027,0.61982,0.15,588,31.5246,1.801,0.4521
288,400,14,14,50,0,0,0,1,135.682,0.61878,0.15,588,31.5246,1.83718,0.4521
289,400,22,22,64,0,0,0,1,178.66,0.61775,0.15,588,31.5246,2.01963,0.4521
290,400,23,23,64,0,0,0,1,141.399,0.61672,0.15,588,31.5246,1.86526,0.4521
291,400,18,18,68,0,0,0,1,145.22,0.6157,0.15,588,31.5246,1.88347,0.4521
292,400,25,25,70,0,0,0,1,180.281,0.61467,0.15,588,31.5246,1.88681,0.4521
293,400,27,27,73,0,0,0,1,192.697,0.61365,0.15,588,31.5246,2.057,0.4521
294,400,16,16,48,0,0,0,1,108.129,0.61263,0.15,588,31.5246,1.83174,0.4521
295,400,18,18,53,0,0,0,1,129.624,0.61161,0.15,588,31.5246,1.90074,0.4521
296,400,18,18,51,0,0,0,1,130.313,0.61059,0.15,588,31.5246,2.04034,0.45238
297,400,16,16,51,0,0,0,1,106.336,0.60957,0.15,589,31.5246,1.93112,0.4519
298,400,27,27,75,0,0,0,1,167.923,0.60856,0.15,589,31.5246,1.90928,0.45218
299,400,22,22,73,0,0,0,1,153.786,0.60754,0.15,589,31.5246,1.96319,0.45218
300,400,24,24,63,0,0,0,1,157.467,0.60653,0.15,589,31.5246,1.87289,0.45218
301,400,27,27,79,0,0,0,1,176.769,0.60552,0.15,589,31.5246,2.08063,0.45218
302,400,22,22,57,0,0,0,1,132.297,0.60451,0.15,589,31.5246,1.92414,0.45218
303,400,27,27,72,0,0,0,1,191.365,0.60351,0.15,589,31.5246,2.06591,0.45218
304,400,29,29,73,0,0,0,1,199.065,0.6025,0.15,589,31.5246,2.05681,0.45218
305,400,21,21,67,0,0,0,1,156.466,0.6015,0.15,589,31.5246,2.02625,0.45218
306,400,22,22,68,0,0,0,1,152.871,0.6005,0.15,589,31.5246,1.96456,0.45246
307,400,18,18,59,0,0,0,1,130.595,0.5995,0.15,589,31.5246,1.90808,0.45246
308,400,24,24,65,0,0,0,1,167.075,0.5985,0.15,589,31.5246,1.9894,0.45303
309,400,22,22,64,0,0,0,1,154.447,0.5975,0.15,589,31.5246,2.05062,0.45303
310,400,25,25,76,0,0,0,1,170.71,0.59651,0.15,589,31.5246,2.10844,0.45303
311,400,19,19,67,0,0,0,1,146.65,0.59551,0.15,589,31.5246,1.95796,0.45331
312,400,17,17,47,0,0,0,1,124.114,0.59452,0.15,589,31.5246,1.79911,0.45331
313,400,37,37,75,0,0,0,1,209.254,0.59353,0.15,589,31.5246,2.09883,0.45331
314,400,23,23,64,0,0,0,1,147.495,0.59254,0.15,589,31.5246,1.99809,0.45331
315,400,23,23,68,0,0,0,1,163.409,0.59156,0.15,589,31.5246,1.95603,0.45331
316,400,18,18,53,0,0,0,1,123.64,0.59057,0.15,589,31.5246,1.97186,0.45331
317,400,26,26,73,0,0,0,1,162.272,0.58959,0.15,589,31.5246,2.08263,0.45331
318,400,22,22,88,0,0,0,1,164.737,0.5886,0.15,589,31.5246,2.05192,0.45359
319,400,15,15,64,0,0,0,1,105.621,0.58762,0.15,589,31.5246,1.80913,0.45359
320,400,22,22,61,0,0,0,1,142.96,0.58665,0.15,589,31.5246,1.97213,0.45388
321,400,12,12,44,0,0,0,1,105.35,0.58567,0.15,589,31.5246,1.76946,0.45416
322,400,22,22,56,0,0,0,1,146.163,0.58469,0.15,589,31.5246,2.04432,0.45416
323,400,23,23,63,0,0,0,1,139.381,0.58372,0.15,589,31.5246,2.00462,0.45416
324,400,23,23,59,0,0,0,1,154.47,0.58275,0.15,589,31.5246,1.94864,0.45416
325,400,17,17,63,0,0,0,1,126.71,0.58178,0.15,589,31.5246,1.91118,0.45416
326,400,18,18,57,0,0,0,1,111.998,0.58081,0.15,589,31.5246,1.95,0.45416
327,400,14,14,62,0,0,0,1,98.653,0.57984,0.15,589,31.5246,1.78579,0.45416
328,400,18,18,67,0,0,0,1,147.666,0.57888,0.15,589,31.5246,2.04506,0.45473
329,400,21,21,70,0,0,0,1,163.13,0.57791,0.15,589,31.5246,1.918,0.45473
330,400,24,24,61,0,0,0,1,146.929,0.57695,0.15,589,31.5246,1.87886,0.45473
331,400,25,25,67,0,0,0,1,142.042,0.57599,0.15,589,31.5246,2.13491,0.45501
332,400,18,18,67,0,0,0,1,150.672,0.57503,0.15,589,31.5246,1.87219,0.45501
333,400,22,22,61,0,0,0,1,138.27,0.57407,0.15,589,31.5246,2.03484,0.45501
334,400,20,20,56,0,0,0,1,137.998,0.57312,0.15,590,31.5246,1.969,0.4548
335,400,27,27,68,0,0,0,1,192.649,0.57216,0.15,590,31.5246,1.93605,0.4548
336,400,26,26,82,0,0,0,1,178.46,0.57121,0.15,591,31.5246,2.08681,0.45431
337,400,23,23,71,0,0,0,1,153.951,0.57026,0.15,591,31.5246,1.98075,0.45431
338,400,24,24,72,0,0,0,1,179.461,0.56931,0.15,591,31.5246,1.97897,0.45431
339,400,35,35,97,0,0,0,1,207.33,0.56836,0.15,591,31.5246,2.10185,0.45431
340,400,29,29,79,0,0,0,1,194.98,0.56741,0.15,591,31.5246,1.95367,0.45431
341,400,28,28,69,0,0,0,1,187.997,0.56647,0.15,591,31.5246,2.14733,0.45488
342,400,20,20,61,0,0,0,1,143.137,0.56553,0.15,591,31.5246,1.9874,0.45488
343,400,23,23,73,0,0,0,1,152.996,0.56458,0.15,591,31.5246,1.87417,0.45488
344,400,26,26,69,0,0,0,1,173.557,0.56364,0.15,591,31.5246,1.99661,0.45488
345,400,21,21,51,0,0,0,1,142.514,0.5627,0.15,591,31.5246,2.01099,0.45516
346,400,16,16,59,0,0,0,1,123.294,0.56177,0.15,591,31.5246,1.92257,0.45544
347,400,22,22,66,0,0,0,1,159.036,0.56083,0.15,591,31.5246,1.87645,0.45544
348,400,19,19,61,0,0,0,1,141.086,0.5599,0.15,591,31.5246,1.98524,0.45544
349,400,21,21,72,0,0,0,1,156.061,0.55897,0.15,591,31.5246,2.11489,0.45572
350,400,23,23,70,0,0,0,1,165.508,0.55804,0.15,591,31.5246,2.03705,0.45601
351,400,20,20,75,0,0,0,1,160.276,0.55711,0.15,591,31.5246,1.91066,0.45601
352,400,19,19,66,0,0,0,1,140.146,0.55618,0.15,591,31.5246,1.90744,0.45601
353,400,16,16,52,0,0,0,1,128.479,0.55525,0.15,591,31.5246,2.11976,0.45657
354,400,24,24,58,0,0,0,1,158.751,0.55433,0.15,591,31.5246,1.91708,0.45685
355,400,23,23,76,0,0,0,1,167.669,0.5534,0.15,591,31.5246,1.96837,0.45685
356,400,14,14,32,0,0,0,1,79.901,0.55248,0.15,593,31.5246,1.95131,0.45616
357,400,20,20,54,0,0,0,1,133.536,0.55156,0.15,593,31.5246,1.93147,0.45616
358,400,27,27,70,0,0,0,1,178.898,0.55064,0.15,593,31.5246,1.92269,0.45616
359,400,19,19,53,0,0,0,1,152.084,0.54973,0.15,593,31.5246,2.03751,0.45616
360,400,17,17,46,0,0,0,1,119.325,0.54881,0.15,593,31.5246,2.12312,0.45644
361,400,23,23,70,0,0,0,1,165.842,0.5479,0.15,593,31.5246,1.9011,0.45672
362,400,30,30,91,0,0,0,1,215.121,0.54699,0.15,593,31.5246,2.041,0.45672
363,400,21,21,71,0,0,0,1,151.935,0.54607,0.15,593,31.5246,1.92881,0.45672
364,400,19,19,50,0,0,0,1,131.262,0.54517,0.15,593,31.5246,1.91902,0.45672
365,400,19,19,52,0,0,0,1,127.038,0.54426,0.15,593,31.5246,1.92771,0.457
366,400,22,22,65,0,0,0,1,159.871,0.54335,0.15,593,31.5246,2.07436,0.45728
367,400,18,18,75,0,0,0,1,129.854,0.54245,0.15,594,31.5246,2.00985,0.45679
368,400,19,19,53,0,0,0,1,120.748,0.54154,0.15,594,31.5246,1.99648,0.45679
369,400,17,17,52,0,0,0,1,139.049,0.54064,0.15,594,31.5246,1.91609,0.45679
370,400,17,17,55,0,0,0,1,133.654,0.53974,0.15,594,31.5246,1.81562,0.45679
371,400,8,8,28,0,0,0,1,67.46,0.53884,0.15,594,31.5246,1.79398,0.45679
372,400,29,29,69,0,0,0,1,186.407,0.53794,0.15,594,31.5246,1.94008,0.45679
373,400,11,11,35,0,0,0,1,75.988,0.53705,0.15,594,31.5246,1.89543,0.45679
374,400,28,28,81,0,0,0,1,210.157,0.53615,0.15,594,31.5246,2.09505,0.45679
375,400,24,24,73,0,0,0,1,190.656,0.53526,0.15,594,31.5246,2.20741,0.45679
376,400,25,25,68,0,0,0,1,157.981,0.53437,0.15,594,31.5246,2.01552,0.45679
377,400,33,33,92,0,0,0,1,228.14,0.53348,0.15,594,31.5246,2.19208,0.45679
378,400,27,27,79,0,0,0,1,198.514,0.53259,0.15,594,31.5246,2.02055,0.45679
379,400,26,26,66,0,0,0,1,181.128,0.5317,0.15,594,31.5246,1.94024,0.45679
380,400,23,23,73,0,0,0,1,150.819,0.53082,0.15,594,31.5246,2.01238,0.45679
381,400,24,24,81,0,0,0,1,182.48,0.52994,0.15,594,31.5246,2.00613,0.45679
382,400,22,22,51,0,0,0,1,163.159,0.52905,0.15,594,31.5246,2.0262,0.45679
383,400,23,23,73,0,0,0,1,164.812,0.52817,0.15,594,31.5246,1.97031,0.45679
384,400,25,25,65,0,0,0,1,175.954,0.52729,0.15,594,31.5246,2.02316,0.45679
385,400,21,21,64,0,0,0,1,137.067,0.52641,0.15,594,31.5246,2.2384,0.45679
386,400,28,28,85,0,0,0,1,197.049,0.52554,0.15,594,31.5246,2.05324,0.45707
387,400,28,28,86,0,0,0,1,172.407,0.52466,0.15,594,31.5246,2.16042,0.45707
388,400,15,15,54,0,0,0,1,129.086,0.52379,0.15,594,31.5246,2.01889,0.45707
389,400,24,24,84,0,0,0,1,189.707,0.52292,0.15,595,31.5246,1.98887,0.45658
390,400,29,29,74,0,0,0,1,212.342,0.52205,0.15,595,31.5246,2.04146,0.45658
391,400,31,31,86,0,0,0,1,206.221,0.52118,0.15,595,31.5246,2.12734,0.45658
392,400,26,26,66,0,0,0,1,180.692,0.52031,0.15,595,31.5246,2.08374,0.45658
393,400,18,18,64,0,0,0,1,136.382,0.51944,0.15,595,31.5246,2.01257,0.45742
394,400,24,24,72,0,0,0,1,164.235,0.51858,0.15,595,31.5246,1.99492,0.45742
395,400,29,29,71,0,0,0,1,176.68,0.51771,0.15,595,31.5246,2.24633,0.45742
396,400,18,18,52,0,0,0,1,150.694,0.51685,0.15,595,31.5246,1.82646,0.45742
397,400,26,26,74,0,0,0,1,189.748,0.51599,0.15,595,31.5246,2.04995,0.45742
398,400,22,22,54,0,0,0,1,166.572,0.51513,0.15,595,31.5246,2.15212,0.4577
399,400,21,21,60,0,0,0,1,136.898,0.51427,0.15,595,31.5246,2.06817,0.4577
400,400,22,22,62,0,0,0,1,159.468,0.51342,0.15,595,31.5246,2.05531,0.4577
401,400,23,23,60,0,0,0,1,150.821,0.51256,0.15,595,31.5246,2.04122,0.4577
402,400,23,23,65,0,0,0,1,160.565,0.51171,0.15,595,31.5246,2.07916,0.4577
403,400,19,19,65,0,0,0,1,151.533,0.51086,0.15,595,31.5246,2.08075,0.4577
404,400,27,27,70,0,0,0,1,189.217,0.51001,0.15,595,31.5246,1.9786,0.4577
405,400,33,33,80,0,0,0,1,202.468,0.50916,0.15,595,31.5246,2.10687,0.4577
406,400,22,22,76,0,0,0,1,175.772,0.50831,0.15,595,31.5246,1.87277,0.45798
407,400,32,32,80,0,0,0,1,220.4,0.50746,0.15,595,31.5246,2.08079,0.45798
408,400,23,23,69,0,0,0,1,174.937,0.50662,0.15,595,31.5246,2.0849,0.45826
409,400,27,27,83,0,0,0,1,204.557,0.50577,0.15,595,31.5246,1.88505,0.45826
410,400,20,20,69,0,0,0,1,165.985,0.50493,0.15,595,31.5246,1.99063,0.45826
411,400,30,30,67,0,0,0,1,185.696,0.50409,0.15,595,31.5246,1.91765,0.45826
412,400,31,31,76,0,0,0,1,212.059,0.50325,0.15,595,31.5246,1.9499,0.45826
413,400,29,29,73,0,0,0,1,189.524,0.50241,0.15,595,31.5246,2.01524,0.45826
414,400,22,22,62,0,0,0,1,178.572,0.50158,0.15,595,31.5246,2.09139,0.45826
415,400,27,27,61,0,0,0,1,169.558,0.50074,0.15,596,31.5246,2.12569,0.45805
416,400,28,28,87,0,0,0,1,214.727,0.49991,0.15,596,31.5246,2.06958,0.45805
417,400,15,15,57,0,0,0,1,134.317,0.49907,0.15,596,31.5246,1.93747,0.45805
418,400,27,27,77,0,0,0,1,185.83,0.49824,0.15,596,31.5246,2.01178,0.45805
419,400,25,25,74,0,0,0,1,186.366,0.49741,0.15,596,31.5246,2.14955,0.45805
420,400,28,28,79,0,0,0,1,218.877,0.49659,0.15,596,31.5246,1.98021,0.45805
421,400,26,26,86,0,0,0,1,206.209,0.49576,0.15,596,31.5246,1.97835,0.45805
422,400,26,26,77,0,0,0,1,195.838,0.49493,0.15,597,31.5246,2.11171,0.45757
423,400,26,26,75,0,0,0,1,195.278,0.49411,0.15,597,31.5246,2.19273,0.45784
424,400,30,30,83,0,0,0,1,211.173,0.49329,0.15,597,31.5246,2.07312,0.45784
425,400,29,29,74,0,0,0,1,210.247,0.49246,0.15,597,31.5246,2.11704,0.45784
426,400,24,24,68,0,0,0,1,166.743,0.49164,0.15,597,31.5246,1.92237,0.45784
427,400,27,27,63,0,0,0,1,197.418,0.49083,0.15,597,31.5246,2.1815,0.45784
428,400,33,33,82,0,0,0,1,219.129,0.49001,0.15,597,31.5246,2.10191,0.45784
429,400,31,31,72,0,0,0,1,208.416,0.48919,0.15,597,31.5246,1.98378,0.45784
430,400,35,35,85,0,0,0,1,224.257,0.48838,0.15,597,31.5246,2.24572,0.45784
431,400,24,24,73,0,0,0,1,158.962,0.48756,0.15,597,31.5246,1.9489,0.45784
432,400,28,28,70,0,0,0,1,199.654,0.48675,0.15,597,31.5246,1.96738,0.45784
433,400,28,28,75,0,0,0,1,203.052,0.48594,0.15,597,31.5246,2.04223,0.45784
434,400,21,21,60,0,0,0,1,154.609,0.48513,0.15,598,31.5246,2.24549,0.45764
435,400,18,18,56,0,0,0,1,143.921,0.48432,0.15,598,31.5246,2.08775,0.45792
436,400,21,21,59,0,0,0,1,171.899,0.48352,0.15,598,31.5246,2.22745,0.45792
437,400,29,29,86,0,0,0,1,230.644,0.48271,0.15,598,31.5246,2.23193,0.45792
438,400,32,32,87,0,0,0,1,222.257,0.48191,0.15,598,31.5246,2.05734,0.45792
439,400,20,20,69,0,0,0,1,160.974,0.48111,0.15,598,31.5246,1.90958,0.45792
440,400,29,29,81,0,0,0,1,208.662,0.48031,0.15,598,31.5246,2.15177,0.45792
441,400,34,34,86,0,0,0,1,204.97,0.47951,0.15,598,31.5246,2.09991,0.45819
442,400,24,24,85,0,0,0,1,195.785,0.47871,0.15,598,31.5246,1.98826,0.45819
443,400,31,31,83,0,0,0,1,212.092,0.47791,0.15,598,31.5246,2.04934,0.45819
444,400,28,28,79,0,0,0,1,193.216,0.47711,0.15,598,31.5246,2.18721,0.45819
445,400,31,31,89,0,0,0,1,205.565,0.47632,0.15,598,31.5246,2.11762,0.45819
446,400,22,22,77,0,0,0,1,153.346,0.47553,0.15,598,31.5246,2.05658,0.45819
447,400,23,23,69,0,0,0,1,176.182,0.47473,0.15,598,31.5246,2.18932,0.45819
448,400,37,37,82,0,0,0,1,234.066,0.47394,0.15,598,31.5246,2.22651,0.45819
449,400,27,27,71,0,0,0,1,164.813,0.47315,0.15,598,31.5246,1.98872,0.45819
450,400,29,29,77,0,0,0,1,196.501,0.47237,0.15,598,31.5246,1.98665,0.45819
451,400,32,32,80,0,0,0,1,209.801,0.47158,0.15,598,31.5246,2.2451,0.45819
452,400,27,27,62,0,0,0,1,184.408,0.47079,0.15,598,31.5246,2.14895,0.45819
453,400,25,25,72,0,0,0,1,179.103,0.47001,0.15,598,31.5246,2.00987,0.45819
454,400,28,28,84,0,0,0,1,209.15,0.46923,0.15,598,31.5246,2.11376,0.45819
455,400,19,19,64,0,0,0,1,123.688,0.46845,0.15,598,31.5246,2.12376,0.45819
456,400,29,29,79,0,0,0,1,207.05,0.46767,0.15,598,31.5246,2.09903,0.45847
457,400,20,20,57,0,0,0,1,142.363,0.46689,0.15,598,31.5246,2.15161,0.45903
458,400,21,21,68,0,0,0,1,165.079,0.46611,0.15,598,31.5246,2.04626,0.45903
459,400,33,33,82,0,0,0,1,222.498,0.46533,0.15,598,31.5246,2.14413,0.45903
460,400,23,23,63,0,0,0,1,184.367,0.46456,0.15,598,31.5246,2.08275,0.45903
461,400,32,32,95,0,0,0,1,233.251,0.46379,0.15,598,31.5246,2.00138,0.45903
462,400,14,14,57,0,0,0,1,132.384,0.46301,0.15,598,31.5246,1.9987,0.45903
463,400,22,22,65,0,0,0,1,172.082,0.46224,0.15,598,31.5246,2.05784,0.45903
464,400,33,33,85,0,0,0,1,218.441,0.46147,0.15,598,31.5246,2.25697,0.45903
465,400,19,19,41,0,0,0,1,125.869,0.4607,0.15,598,31.5246,2.16776,0.45959
466,400,27,27,96,0,0,0,1,213.23,0.45994,0.15,598,31.5246,2.15032,0.45959
467,400,31,31,77,0,0,0,1,210.897,0.45917,0.15,598,31.5246,2.08893,0.45959
468,400,23,23,71,0,0,0,1,179.165,0.45841,0.15,598,31.5246,2.02029,0.45959
469,400,22,22,70,0,0,0,1,180.402,0.45764,0.15,598,31.5246,1.9362,0.45959
470,400,26,26,74,0,0,0,1,180.23,0.45688,0.15,598,31.5246,2.00531,0.45959
471,400,28,28,80,0,0,0,1,210.447,0.45612,0.15,598,31.5246,2.05119,0.45959
472,400,28,28,74,0,0,0,1,188.661,0.45536,0.15,598,31.5246,2.01812,0.45959
473,400,20,20,47,0,0,0,1,140.062,0.4546,0.15,598,31.5246,1.96647,0.45959
474,400,35,35,89,0,0,0,1,237.259,0.45384,0.15,598,31.5246,2.19415,0.45959
475,400,21,21,58,0,0,0,1,175.989,0.45309,0.15,598,31.5246,1.91818,0.45959
476,400,25,25,77,0,0,0,1,197.629,0.45233,0.15,598,31.5246,2.13681,0.45987
477,400,24,24,68,0,0,0,1,179.504,0.45158,0.15,598,31.5246,1.93311,0.45987
478,400,23,23,71,0,0,0,1,183.352,0.45083,0.15,598,31.5246,1.89806,0.45987
479,400,26,26,80,0,0,0,1,204.7,0.45008,0.15,598,31.5246,2.04679,0.45987
480,400,26,26,69,0,0,0,1,183.806,0.44933,0.15,598,31.5246,2.09062,0.45987
481,400,31,31,102,0,0,0,1,218.245,0.44858,0.15,598,31.5246,2.04816,0.45987
482,400,29,29,90,0,0,0,1,210.897,0.44783,0.15,598,31.5246,2.05646,0.45987
483,400,24,24,69,0,0,0,1,174.437,0.44709,0.15,598,31.5246,1.9231,0.45987
484,400,35,35,76,0,0,0,1,255.962,0.44634,0.15,598,31.5246,1.9844,0.45987
485,400,24,24,78,0,0,0,1,209.316,0.4456,0.15,598,31.5246,2.08163,0.45987
486,400,23,23,57,0,0,0,1,159.34,0.44486,0.15,598,31.5246,1.98959,0.45987
487,400,29,29,81,0,0,0,1,224.589,0.44412,0.15,598,31.5246,2.16083,0.45987
488,400,35,35,84,0,0,0,1,231.812,0.44338,0.15,599,31.5246,2.1031,0.45938
489,400,17,17,58,0,0,0,1,124.776,0.44264,0.15,599,31.5246,2.15787,0.45993
490,400,26,26,70,0,0,0,1,161.287,0.4419,0.15,599,31.5246,2.03605,0.45993
491,400,29,29,86,0,0,0,1,217.923,0.44117,0.15,599,31.5246,2.05677,0.46021
492,400,27,27,73,0,0,0,1,193.46,0.44043,0.15,599,31.5246,1.97774,0.46021
493,400,21,21,69,0,0,0,1,171.467,0.4397,0.15,599,31.5246,2.00455,0.46021
494,400,28,28,86,0,0,0,1,187.996,0.43897,0.15,599,31.5246,2.07161,0.46021
495,400,24,24,69,0,0,0,1,176.27,0.43823,0.15,599,31.5246,1.96935,0.46021
496,400,26,26,81,0,0,0,1,160.004,0.43751,0.15,599,31.5246,2.20827,0.46021
497,400,13,13,47,0,0,0,1,123.394,0.43678,0.15,599,31.5246,1.99443,0.46021
498,400,32,32,85,0,0,0,1,218.757,0.43605,0.15,599,31.5246,2.29928,0.46021
499,400,33,33,90,0,0,0,1,240.954,0.43532,0.15,599,31.5246,2.185,0.46049
500,400,28,28,83,0,0,0,1,228.267,0.4346,0.15,599,31.5246,1.92648,0.46049
501,400,20,20,61,0,0,0,1,148.908,0.43387,0.15,599,31.5246,1.90968,0.46049
502,400,31,31,88,0,0,0,1,244.869,0.43315,0.15,599,31.5246,2.01234,0.46049
503,400,20,20,60,0,0,0,1,159.406,0.43243,0.15,599,31.5246,1.99283,0.46049
504,400,22,22,67,0,0,0,1,169.995,0.43171,0.15,599,31.5246,2.09511,0.46049
505,400,21,21,62,0,0,0,1,185.803,0.43099,0.15,599,31.5246,2.01554,0.46049
506,400,31,31,91,0,0,0,1,221.398,0.43027,0.15,599,31.5246,2.06902,0.46077
507,400,31,31,85,0,0,0,1,201.997,0.42956,0.15,599,31.5246,2.1462,0.46077
508,400,29,29,82,0,0,0,1,211.635,0.42884,0.15,599,31.5246,2.22736,0.46077
509,400,33,33,88,0,0,0,1,220.825,0.42813,0.15,599,31.5246,2.07048,0.46105
510,400,28,28,67,0,0,0,1,189.372,0.42741,0.15,599,31.5246,2.19956,0.46105
511,400,29,29,84,0,0,0,1,195.141,0.4267,0.15,599,31.5246,2.02624,0.46105
512,400,25,25,73,0,0,0,1,195.386,0.42599,0.15,599,31.5246,2.1012,0.46105
513,400,27,27,66,0,0,0,1,186.549,0.42528,0.15,599,31.5246,2.21608,0.46105
514,400,11,11,46,0,0,0,1,114.103,0.42457,0.15,599,31.5246,1.91269,0.46105
515,400,20,20,65,0,0,0,1,185.842,0.42387,0.15,599,31.5246,2.04559,0.46105
516,400,23,23,80,0,0,0,1,186.66,0.42316,0.15,599,31.5246,1.96594,0.46132
517,400,28,28,85,0,0,0,1,223.859,0.42246,0.15,599,31.5246,1.98955,0.46132
518,400,37,37,93,0,0,0,1,251.703,0.42175,0.15,599,31.5246,2.3968,0.46132
519,400,36,36,92,0,0,0,1,250.456,0.42105,0.15,599,31.5246,2.10467,0.4616
520,400,32,32,85,0,0,0,1,246.921,0.42035,0.15,599,31.5246,2.13146,0.4616
521,400,26,26,65,0,0,0,1,190.556,0.41965,0.15,599,31.5246,2.17933,0.4616
522,400,28,28,72,0,0,0,1,204.305,0.41895,0.15,599,31.5246,2.01218,0.4616
523,400,25,25,81,0,0,0,1,205.097,0.41825,0.15,599,31.5246,1.9355,0.4616
524,400,27,27,76,0,0,0,1,202.277,0.41756,0.15,599,31.5246,2.24007,0.4616
525,400,15,15,44,0,0,0,1,127.996,0.41686,0.15,599,31.5246,2.04234,0.46188
526,400,33,33,81,0,0,0,1,216.536,0.41617,0.15,599,31.5246,2.03565,0.46188
527,400,29,29,82,0,0,0,1,191.851,0.41547,0.15,599,31.5246,2.06986,0.46188
528,400,30,30,93,0,0,0,1,220.041,0.41478,0.15,599,31.5246,2.19443,0.46188
529,400,21,21,64,0,0,0,1,166.767,0.41409,0.15,599,31.5246,2.05281,0.46188
530,400,34,34,83,0,0,0,1,214.816,0.4134,0.15,599,31.5246,2.05392,0.46188
531,400,21,21,62,0,0,0,1,157.888,0.41271,0.15,599,31.5246,1.91455,0.46188
532,400,30,30,88,0,0,0,1,216.372,0.41203,0.15,599,31.5246,2.21551,0.46188
533,400,20,20,68,0,0,0,1,191.171,0.41134,0.15,599,31.5246,2.00175,0.46188
534,400,33,33,105,0,0,0,1,237.782,0.41066,0.15,599,31.5246,2.13181,0.46188
535,400,30,30,82,0,0,0,1,209.22,0.40997,0.15,599,31.5246,2.06791,0.46188
536,400,24,24,65,0,0,0,1,163.582,0.40929,0.15,599,31.5246,2.16777,0.46188
537,400,29,29,77,0,0,0,1,205.055,0.40861,0.15,599,31.5246,2.15064,0.46188
538,400,20,20,62,0,0,0,1,154.496,0.40793,0.15,599,31.5246,1.98022,0.46216
539,400,20,20,70,0,0,0,1,161.382,0.40725,0.15,599,31.5246,2.23604,0.46272
540,400,32,32,78,0,0,0,1,226.825,0.40657,0.15,599,31.5246,2.19196,0.46272
541,400,27,27,72,0,0,0,1,199.619,0.40589,0.15,599,31.5246,2.06739,0.46272
542,400,26,26,76,0,0,0,1,203.695,0.40522,0.15,599,31.5246,1.91099,0.46272
543,400,29,29,78,0,0,0,1,212.161,0.40454,0.15,599,31.5246,2.182,0.46299
544,400,20,20,67,0,0,0,1,164.97,0.40387,0.15,599,31.5246,2.02071,0.46299
545,400,30,30,69,0,0,0,1,202.536,0.4032,0.15,599,31.5246,1.99843,0.46299
546,400,30,30,92,0,0,0,1,208.377,0.40252,0.15,599,31.5246,2.21244,0.46299
547,400,38,38,95,0,0,0,1,264.862,0.40185,0.15,599,31.5246,2.32911,0.46299
548,400,31,31,87,0,0,0,1,209.965,0.40118,0.15,599,31.5246,2.25134,0.46327
549,400,30,30,85,0,0,0,1,216.445,0.40052,0.15,599,31.5246,2.02934,0.46327
550,400,30,30,82,0,0,0,1,214.917,0.39985,0.15,599,31.5246,2.21514,0.46327
551,400,28,28,76,0,0,0,1,214.684,0.39918,0.15,599,31.5246,2.06362,0.46327
552,400,36,36,91,0,0,0,1,244.081,0.39852,0.15,599,31.5246,2.152,0.46327
553,400,31,31,84,0,0,0,1,234.166,0.39786,0.15,599,31.5246,2.1076,0.46327
554,400,30,30,83,0,0,0,1,224.483,0.39719,0.15,599,31.5246,2.05817,0.46327
555,400,22,22,77,0,0,0,1,177.385,0.39653,0.15,599,31.5246,2.328,0.46327
556,400,34,34,83,0,0,0,1,234.098,0.39587,0.15,599,31.5246,2.11955,0.46327
557,400,30,30,82,0,0,0,1,217.075,0.39521,0.15,599,31.5246,2.21719,0.46327
558,400,21,21,64,0,0,0,1,168.629,0.39455,0.15,599,31.5246,2.20721,0.46327
559,400,32,32,75,0,0,0,1,229.442,0.3939,0.15,599,31.5246,2.02742,0.46327
560,400,36,36,88,0,0,0,1,250.027,0.39324,0.15,599,31.5246,2.25037,0.46327
561,400,29,29,85,0,0,0,1,226.66,0.39259,0.15,599,31.5246,1.93291,0.46327
562,400,26,26,71,0,0,0,1,196.099,0.39193,0.15,599,31.5246,2.01717,0.46327
563,400,32,32,78,0,0,0,1,206.884,0.39128,0.15,599,31.5246,2.16868,0.46327
564,400,31,31,78,0,0,0,1,218.911,0.39063,0.15,599,31.5246,2.12063,0.46327
565,400,28,28,68,0,0,0,1,194.024,0.38998,0.15,599,31.5246,2.1568,0.46327
566,400,27,27,82,0,0,0,1,191.684,0.38933,0.15,599,31.5246,2.02934,0.46327
567,400,29,29,88,0,0,0,1,213.845,0.38868,0.15,599,31.5246,2.07723,0.46327
568,400,29,29,83,0,0,0,1,205.563,0.38803,0.15,599,31.5246,1.99222,0.46327
569,400,33,33,97,0,0,0,1,227.841,0.38739,0.15,599,31.5246,2.30591,0.46327
570,400,37,37,98,0,0,0,1,270.765,0.38674,0.15,599,31.5246,2.13604,0.46327
571,400,35,35,92,0,0,0,1,215.969,0.3861,0.15,599,31.5246,2.43098,0.46327
572,400,26,26,78,0,0,0,1,195.951,0.38545,0.15,599,31.5246,2.08189,0.46327
573,400,25,25,70,0,0,0,1,170.808,0.38481,0.15,599,31.5246,2.0385,0.46327
574,400,29,29,69,0,0,0,1,196.916,0.38417,0.15,599,31.5246,2.08443,0.46327
575,400,17,17,48,0,0,0,1,123.128,0.38353,0.15,599,31.5246,2.07982,0.46327
576,400,31,31,92,0,0,0,1,216.014,0.38289,0.15,599,31.5246,2.1597,0.46327
577,400,23,23,69,0,0,0,1,184.455,0.38226,0.15,599,31.5246,2.0941,0.46327
578,400,30,30,82,0,0,0,1,212.63,0.38162,0.15,599,31.5246,2.22289,0.46327
579,400,29,29,81,0,0,0,1,195.518,0.38098,0.15,599,31.5246,1.98005,0.46327
580,400,33,33,87,0,0,0,1,239.816,0.38035,0.15,599,31.5246,2.07665,0.46327
581,400,31,31,80,0,0,0,1,236.991,0.37972,0.15,599,31.5246,2.0141,0.46327
582,400,27,27,72,0,0,0,1,217.421,0.37908,0.15,599,31.5246,2.10073,0.46327
583,400,26,26,69,0,0,0,1,174.109,0.37845,0.15,599,31.5246,2.19343,0.46327
584,400,20,20,71,0,0,0,1,158.937,0.37782,0.15,599,31.5246,2.0654,0.46327
585,400,29,29,77,0,0,0,1,224.2,0.37719,0.15,599,31.5246,1.99614,0.46327
586,400,23,23,83,0,0,0,1,190.105,0.37656,0.15,599,31.5246,2.0589,0.46327
587,400,34,34,91,0,0,0,1,246.806,0.37594,0.15,599,31.5246,2.0054,0.46327
588,400,27,27,64,0,0,0,1,198.593,0.37531,0.15,599,31.5246,2.01647,0.46327
589,400,25,25,76,0,0,0,1,208.675,0.37469,0.15,599,31.5246,2.08419,0.46327
590,400,31,31,70,0,0,0,1,212.016,0.37406,0.15,599,31.5246,2.19951,0.46355
591,400,30,30,78,0,0,0,1,204.548,0.37344,0.15,599,31.5246,2.13516,0.46355
592,400,22,22,77,0,0,0,1,181.881,0.37282,0.15,600,31.5246,2.23747,0.46306
593,400,40,40,96,0,0,0,1,273.729,0.3722,0.15,600,31.5246,2.23503,0.46306
594,400,27,27,79,0,0,0,1,199.928,0.37158,0.15,600,31.5246,2.16122,0.46306
595,400,36,36,90,0,0,0,1,220.914,0.37096,0.15,600,31.5246,2.13818,0.46306
596,400,29,29,90,0,0,0,1,226.86,0.37034,0.15,600,31.5246,2.02565,0.46306
597,400,27,27,76,0,0,0,1,206.945,0.36972,0.15,601,31.5246,2.39419,0.46256
598,400,21,21,65,0,0,0,1,179.389,0.36911,0.15,601,31.5246,2.18663,0.46256
599,400,32,32,103,0,0,0,1,252.215,0.36849,0.15,601,31.5246,2.19962,0.46256
600,400,35,35,92,0,0,0,1,257.155,0.36788,0.15,601,31.5246,2.11469,0.46256
601,400,40,40,96,0,0,0,1,282.976,0.36727,0.15,601,31.5246,2.27407,0.46256
602,400,27,27,88,0,0,0,1,203.186,0.36666,0.15,601,31.5246,2.05109,0.46256
603,400,30,30,63,0,0,0,1,215.27,0.36604,0.15,601,31.5246,2.10954,0.46256
604,400,24,24,60,0,0,0,1,177.406,0.36544,0.15,601,31.5246,2.13144,0.46256
605,400,27,27,74,0,0,0,1,205.588,0.36483,0.15,601,31.5246,2.19322,0.46256
606,400,17,17,54,0,0,0,1,143.924,0.36422,0.15,601,31.5246,2.21067,0.46312
607,400,34,34,90,0,0,0,1,238.163,0.36361,0.15,601,31.5246,2.07838,0.46312
608,400,27,27,81,0,0,0,1,210.414,0.36301,0.15,601,31.5246,2.05079,0.46312
609,400,19,19,57,0,0,0,1,159.421,0.3624,0.15,601,31.5246,2.04805,0.46339
610,400,26,26,68,0,0,0,1,163.564,0.3618,0.15,601,31.5246,2.28908,0.46339
611,400,38,38,102,0,0,0,1,260.806,0.3612,0.15,601,31.5246,2.13351,0.46339
612,400,30,30,86,0,0,0,1,207.859,0.36059,0.15,601,31.5246,2.26968,0.46339
613,400,25,25,84,0,0,0,1,197.165,0.35999,0.15,601,31.5246,1.95149,0.46339
614,400,28,28,84,0,0,0,1,216.51,0.35939,0.15,601,31.5246,2.08452,0.46339
615,400,24,24,83,0,0,0,1,184.95,0.3588,0.15,601,31.5246,2.20625,0.46339
616,400,30,30,73,0,0,0,1,196.768,0.3582,0.15,601,31.5246,2.15615,0.46339
617,400,25,25,70,0,0,0,1,162.008,0.3576,0.15,601,31.5246,2.11831,0.46339
618,400,32,32,77,0,0,0,1,210.686,0.35701,0.15,601,31.5246,2.13312,0.46339
619,400,36,36,97,0,0,0,1,251.469,0.35641,0.15,601,31.5246,2.25712,0.46339
620,400,27,27,88,0,0,0,1,204.612,0.35582,0.15,601,31.5246,2.09255,0.46339
621,400,38,38,82,0,0,0,1,259.519,0.35523,0.15,601,31.5246,2.26212,0.46339
622,400,34,34,76,0,0,0,1,235.03,0.35463,0.15,601,31.5246,2.21006,0.46339
623,400,32,32,85,0,0,0,1,228.457,0.35404,0.15,601,31.5246,2.11792,0.46339
624,400,27,27,78,0,0,0,1,226.775,0.35345,0.15,601,31.5246,2.00038,0.46367
625,400,32,32,91,0,0,0,1,255.025,0.35287,0.15,601,31.5246,2.20397,0.46367
626,400,24,24,66,0,0,0,1,203.198,0.35228,0.15,601,31.5246,2.15358,0.46367
627,400,26,26,75,0,0,0,1,230.374,0.35169,0.15,601,31.5246,2.06495,0.46367
628,400,27,27,79,0,0,0,1,190.844,0.35111,0.15,601,31.5246,2.23762,0.46367
629,400,32,32,96,0,0,0,1,235.629,0.35052,0.15,601,31.5246,2.06072,0.46367
630,400,33,33,86,0,0,0,1,206.156,0.34994,0.15,601,31.5246,2.19154,0.46367
631,400,28,28,75,0,0,0,1,181.211,0.34936,0.15,601,31.5246,2.03294,0.46367
632,400,21,21,55,0,0,0,1,165.553,0.34877,0.15,601,31.5246,2.00119,0.46367
633,400,25,25,76,0,0,0,1,204.002,0.34819,0.15,601,31.5246,2.13181,0.46367
634,400,31,31,82,0,0,0,1,231.401,0.34761,0.15,601,31.5246,2.22609,0.46367
635,400,33,33,75,0,0,0,1,222.155,0.34703,0.15,601,31.5246,2.0152,0.46395
636,400,24,24,72,0,0,0,1,199.413,0.34646,0.15,601,31.5246,2.06748,0.46395
637,400,28,28,87,0,0,0,1,221.043,0.34588,0.15,601,31.5246,1.93298,0.46395
638,400,27,27,80,0,0,0,1,199.645,0.3453,0.15,601,31.5246,2.0631,0.46395
639,400,30,30,109,0,0,0,1,241.061,0.34473,0.15,601,31.5246,2.10156,0.46423
640,400,22,22,73,0,0,0,1,180.272,0.34415,0.15,601,31.5246,2.09576,0.46423
641,400,23,23,71,0,0,0,1,186.018,0.34358,0.15,601,31.5246,2.22403,0.46423
642,400,28,28,77,0,0,0,1,190.269,0.34301,0.15,601,31.5246,2.19986,0.46423
643,400,35,35,73,0,0,0,1,202.036,0.34244,0.15,601,31.5246,2.26127,0.46423
644,400,30,30,89,0,0,0,1,200.961,0.34187,0.15,602,31.5246,2.16037,0.46373
645,400,31,31,72,0,0,0,1,214.708,0.3413,0.15,602,31.5246,2.22282,0.46373
646,400,35,35,99,0,0,0,1,246.185,0.34073,0.15,602,31.5246,2.36655,0.46373
647,400,24,24,86,0,0,0,1,205.888,0.34016,0.15,602,31.5246,2.11757,0.46373
648,400,28,28,82,0,0,0,1,224.997,0.3396,0.15,602,31.5246,2.04377,0.46373
649,400,35,35,94,0,0,0,1,265.999,0.33903,0.15,602,31.5246,2.06416,0.46373
650,400,32,32,75,0,0,0,1,213.765,0.33847,0.15,602,31.5246,1.99102,0.46373
651,400,25,25,63,0,0,0,1,165.586,0.3379,0.15,602,31.5246,2.24683,0.46373
652,400,31,31,95,0,0,0,1,238.766,0.33734,0.15,602,31.5246,2.20754,0.46373
653,400,27,27,75,0,0,0,1,200.997,0.33678,0.15,602,31.5246,2.09038,0.46373
654,400,23,23,67,0,0,0,1,189.786,0.33622,0.15,602,31.5246,2.15116,0.46373
655,400,30,30,77,0,0,0,1,211.515,0.33566,0.15,602,31.5246,1.96902,0.46373
656,400,31,31,82,0,0,0,1,219.743,0.3351,0.15,602,31.5246,2.18485,0.46373
657,400,33,33,85,0,0,0,1,236.543,0.33454,0.15,602,31.5246,2.00458,0.46373
658,400,24,24,65,0,0,0,1,166.553,0.33398,0.15,602,31.5246,2.02495,0.46373
659,400,17,17,67,0,0,0,1,156.306,0.33343,0.15,602,31.5246,2.12784,0.46373
660,400,36,36,87,0,0,0,1,261.423,0.33287,0.15,602,31.5246,1.96214,0.46373
661,400,21,21,65,0,0,0,1,170.022,0.33232,0.15,602,31.5246,2.02367,0.46373
662,400,19,19,71,0,0,0,1,170.896,0.33176,0.15,602,31.5246,1.93347,0.46373
663,400,33,33,98,0,0,0,1,243.342,0.33121,0.15,602,31.5246,2.1625,0.46373
664,400,35,35,89,0,0,0,1,258.275,0.33066,0.15,602,31.5246,2.04768,0.46373
665,400,34,34,99,0,0,0,1,250.792,0.33011,0.15,602,31.5246,2.21881,0.46373
666,400,31,31,84,0,0,0,1,238.372,0.32956,0.15,602,31.5246,2.00773,0.46373
667,400,30,30,82,0,0,0,1,226.736,0.32901,0.15,602,31.5246,2.15709,0.46373
668,400,30,30,80,0,0,0,1,230.251,0.32846,0.15,602,31.5246,2.08907,0.46373
669,400,26,26,75,0,0,0,1,224.548,0.32792,0.15,602,31.5246,1.95012,0.46373
670,400,38,38,84,0,0,0,1,249.59,0.32737,0.15,602,31.5246,2.00891,0.46373
671,400,25,25,70,0,0,0,1,206.061,0.32682,0.15,602,31.5246,1.99515,0.46373
672,400,29,29,84,0,0,0,1,219.543,0.32628,0.15,602,31.5246,2.0879,0.46373
673,400,33,33,80,0,0,0,1,237.003,0.32574,0.15,602,31.5246,2.02697,0.46373
674,400,26,26,63,0,0,0,1,208.162,0.32519,0.15,602,31.5246,2.17139,0.46373
675,400,30,30,74,0,0,0,1,223.564,0.32465,0.15,602,31.5246,2.10151,0.46373
676,400,27,27,68,0,0,0,1,206.079,0.32411,0.15,602,31.5246,1.97778,0.46373
677,400,32,32,88,0,0,0,1,224.844,0.32357,0.15,602,31.5246,2.04494,0.46373
678,400,25,25,71,0,0,0,1,181.373,0.32303,0.15,602,31.5246,1.98919,0.46373
679,400,23,23,58,0,0,0,1,185.768,0.3225,0.15,602,31.5246,2.03045,0.46373
680,400,28,28,64,0,0,0,1,195.212,0.32196,0.15,602,31.5246,2.07743,0.46373
681,400,26,26,67,0,0,0,1,201.514,0.32142,0.15,602,31.5246,2.11327,0.46373
682,400,34,34,81,0,0,0,1,258.81,0.32089,0.15,602,31.5246,2.08678,0.46373
683,400,40,40,85,0,0,0,1,269.355,0.32035,0.15,602,31.5246,2.2099,0.46373
684,400,35,35,82,0,0,0,1,254.518,0.31982,0.15,602,31.5246,1.94491,0.46373
685,400,26,26,76,0,0,0,1,225.948,0.31929,0.15,602,31.5246,1.99483,0.46373
686,400,37,37,87,0,0,0,1,258.733,0.31875,0.15,602,31.5246,2.08656,0.46373
687,400,32,32,86,0,0,0,1,251.581,0.31822,0.15,602,31.5246,2.11318,0.46373
688,400,29,29,88,0,0,0,1,237.963,0.31769,0.15,602,31.5246,2.34887,0.46373
689,400,22,22,56,0,0,0,1,160.641,0.31716,0.15,602,31.5246,2.03906,0.46373
690,400,33,33,78,0,0,0,1,253.745,0.31664,0.15,602,31.5246,2.17049,0.46373
691,400,32,32,88,0,0,0,1,240.912,0.31611,0.15,602,31.5246,2.06188,0.46373
692,400,28,28,79,0,0,0,1,215.23,0.31558,0.15,602,31.5246,2.06678,0.46373
693,400,33,33,87,0,0,0,1,234.453,0.31506,0.15,602,31.5246,2.19806,0.46373
694,400,30,30,75,0,0,0,1,223.896,0.31453,0.15,602,31.5246,2.16528,0.46373
695,400,31,31,102,0,0,0,1,245.365,0.31401,0.15,602,31.5246,2.32527,0.46373
696,400,36,36,76,0,0,0,1,244.611,0.31349,0.15,602,31.5246,2.17738,0.46373
697,400,32,32,91,0,0,0,1,234.188,0.31296,0.15,602,31.5246,2.07815,0.46373
698,400,29,29,75,0,0,0,1,202.144,0.31244,0.15,602,31.5246,2.30652,0.46373
699,400,32,32,83,0,0,0,1,223.58,0.31192,0.15,602,31.5246,2.28025,0.46373
700,400,39,39,93,0,0,0,1,274.043,0.3114,0.15,602,31.5246,2.12672,0.46373
701,400,26,26,83,0,0,0,1,209.217,0.31088,0.15,602,31.5246,2.1358,0.46401
702,400,30,30,80,0,0,0,1,232.464,0.31037,0.15,602,31.5246,2.08591,0.46401
703,400,27,27,73,0,0,0,1,196.089,0.30985,0.15,602,31.5246,2.23639,0.46401
704,400,29,29,77,0,0,0,1,211.175,0.30933,0.15,602,31.5246,2.15248,0.46401
705,400,35,35,91,0,0,0,1,228.225,0.30882,0.15,602,31.5246,2.18573,0.46401
706,400,36,36,92,0,0,0,1,271.783,0.3083,0.15,602,31.5246,2.01634,0.46401
707,400,33,33,93,0,0,0,1,266.542,0.30779,0.15,602,31.5246,1.99046,0.46401
708,400,32,32,85,0,0,0,1,255.222,0.30728,0.15,602,31.5246,2.05743,0.46401
709,400,26,26,69,0,0,0,1,178.48,0.30677,0.15,602,31.5246,2.14651,0.46401
710,400,23,23,69,0,0,0,1,170.427,0.30626,0.15,602,31.5246,2.04265,0.46401
711,400,34,34,96,0,0,0,1,244.843,0.30575,0.15,602,31.5246,2.05579,0.46401
712,400,34,34,102,0,0,0,1,258.956,0.30524,0.15,602,31.5246,2.28405,0.46401
713,400,32,32,88,0,0,0,1,230.38,0.30473,0.15,602,31.5246,2.2403,0.46401
714,400,42,42,100,0,0,0,1,289.294,0.30422,0.15,602,31.5246,2.24472,0.46401
715,400,33,33,84,0,0,0,1,230.019,0.30371,0.15,602,31.5246,2.13345,0.46401
716,400,31,31,79,0,0,0,1,194.352,0.30321,0.15,602,31.5246,2.23048,0.46401
717,400,34,34,95,0,0,0,1,230.948,0.3027,0.15,602,31.5246,2.28523,0.46401
718,400,33,33,87,0,0,0,1,227.843,0.3022,0.15,602,31.5246,2.24671,0.46401
719,400,35,35,97,0,0,0,1,265.526,0.3017,0.15,602,31.5246,1.93298,0.46401
720,400,31,31,92,0,0,0,1,244.092,0.30119,0.15,602,31.5246,2.30873,0.46401
721,400,39,39,93,0,0,0,1,271.935,0.30069,0.15,602,31.5246,2.22703,0.46401
722,400,37,37,101,0,0,0,1,260.81,0.30019,0.15,602,31.5246,2.2343,0.46401
723,400,35,35,81,0,0,0,1,237.628,0.29969,0.15,602,31.5246,2.26589,0.46401
724,400,24,24,81,0,0,0,1,201.23,0.29919,0.15,602,31.5246,2.10787,0.46401
725,400,40,40,97,0,0,0,1,286.072,0.29869,0.15,602,31.5246,2.07909,0.46401
726,400,28,28,79,0,0,0,1,221.375,0.2982,0.15,602,31.5246,2.18094,0.46401
727,400,34,34,83,0,0,0,1,244.198,0.2977,0.15,602,31.5246,2.22275,0.46401
728,400,28,28,77,0,0,0,1,208.722,0.2972,0.15,602,31.5246,2.03369,0.46401
729,400,29,29,72,0,0,0,1,214.132,0.29671,0.15,602,31.5246,2.15079,0.46401
730,400,35,35,87,0,0,0,1,262.53,0.29622,0.15,602,31.5246,2.06382,0.46401
731,400,34,34,85,0,0,0,1,250.307,0.29572,0.15,602,31.5246,2.09629,0.46401
732,400,35,35,75,0,0,0,1,230.031,0.29523,0.15,602,31.5246,2.25682,0.46401
733,400,34,34,101,0,0,0,1,256.996,0.29474,0.15,602,31.5246,2.16092,0.46401
734,400,39,39,104,0,0,0,1,276.367,0.29425,0.15,602,31.5246,2.07253,0.46401
735,400,35,35,96,0,0,0,1,266.329,0.29376,0.15,602,31.5246,2.07158,0.46401
736,400,27,27,79,0,0,0,1,205.039,0.29327,0.15,602,31.5246,2.12897,0.46401
737,400,27,27,84,0,0,0,1,200.027,0.29278,0.15,602,31.5246,2.15814,0.46401
738,400,32,32,96,0,0,0,1,244.246,0.29229,0.15,602,31.5246,2.16568,0.46401
739,400,30,30,82,0,0,0,1,230.97,0.29181,0.15,602,31.5246,2.16629,0.46401
740,400,25,25,65,0,0,0,1,207.784,0.29132,0.15,602,31.5246,1.83423,0.46401
741,400,31,31,79,0,0,0,1,218.695,0.29083,0.15,602,31.5246,1.99015,0.46401
742,400,34,34,95,0,0,0,1,243.293,0.29035,0.15,602,31.5246,2.01176,0.46401
743,400,28,28,76,0,0,0,1,194.262,0.28987,0.15,602,31.5246,2.00439,0.46401
744,400,30,30,82,0,0,0,1,204.194,0.28938,0.15,602,31.5246,2.15196,0.46401
745,400,34,34,94,0,0,0,1,220.168,0.2889,0.15,602,31.5246,2.35306,0.46429
746,400,34,34,100,0,0,0,1,261.593,0.28842,0.15,602,31.5246,1.93968,0.46429
747,400,34,34,100,0,0,0,1,248.936,0.28794,0.15,602,31.5246,2.24774,0.46429
748,400,41,41,106,0,0,0,1,279.747,0.28746,0.15,602,31.5246,2.12074,0.46429
749,400,23,23,65,0,0,0,1,158.449,0.28698,0.15,602,31.5246,2.25022,0.46429
750,400,27,27,83,0,0,0,1,181.994,0.2865,0.15,602,31.5246,1.99093,0.46456
751,400,34,34,88,0,0,0,1,207.851,0.28603,0.15,602,31.5246,2.30282,0.46456
752,400,35,35,84,0,0,0,1,204.723,0.28555,0.15,602,31.5246,2.2153,0.46456
753,400,28,28,84,0,0,0,1,197.42,0.28508,0.15,602,31.5246,2.14443,0.46456
754,400,29,29,79,0,0,0,1,203.529,0.2846,0.15,602,31.5246,2.03041,0.46456
755,400,34,34,87,0,0,0,1,213.251,0.28413,0.15,602,31.5246,2.00646,0.46456
756,400,36,36,116,0,0,0,1,237.666,0.28365,0.15,602,31.5246,2.17353,0.46456
757,400,38,38,101,0,0,0,1,267.302,0.28318,0.15,602,31.5246,2.30358,0.46456
758,400,43,43,95,0,0,0,1,239.66,0.28271,0.15,602,31.5246,2.22592,0.46456
759,400,41,41,98,0,0,0,1,256.026,0.28224,0.15,602,31.5246,2.10327,0.46456
760,400,30,30,65,0,0,0,1,190.546,0.28177,0.15,602,31.5246,2.20577,0.46512
761,400,30,30,73,0,0,0,1,224.164,0.2813,0.15,602,31.5246,2.19883,0.46512
762,400,28,28,65,0,0,0,1,196.2,0.28083,0.15,602,31.5246,2.16844,0.46512
763,400,23,23,71,0,0,0,1,199.778,0.28036,0.15,602,31.5246,1.84773,0.46512
764,400,39,39,94,0,0,0,1,250.285,0.2799,0.15,602,31.5246,2.19633,0.46512
765,400,32,32,96,0,0,0,1,238.73,0.27943,0.15,602,31.5246,2.1941,0.46512
766,400,36,36,107,0,0,0,1,251.253,0.27897,0.15,602,31.5246,2.13523,0.46512
767,400,34,34,85,0,0,0,1,228.005,0.2785,0.15,602,31.5246,2.27704,0.46512
768,400,24,24,72,0,0,0,1,181.553,0.27804,0.15,602,31.5246,2.23798,0.46512
769,400,37,37,79,0,0,0,1,235.343,0.27757,0.15,602,31.5246,2.24477,0.46512
770,400,15,15,45,0,0,0,1,117.701,0.27711,0.15,602,31.5246,2.13507,0.46512
771,400,25,25,57,0,0,0,1,165.767,0.27665,0.15,602,31.5246,2.46935,0.46512
772,400,28,28,61,0,0,0,1,165.013,0.27619,0.15,602,31.5246,2.27702,0.46512
773,400,26,26,78,0,0,0,1,176.387,0.27573,0.15,602,31.5246,2.18345,0.46512
774,400,35,35,86,0,0,0,1,229.026,0.27527,0.15,602,31.5246,2.15631,0.46512
775,400,28,28,77,0,0,0,1,170.836,0.27481,0.15,602,31.5246,2.24661,0.46512
776,400,26,26,75,0,0,0,1,186.804,0.27435,0.15,602,31.5246,2.02059,0.46512
777,400,31,31,71,0,0,0,1,209.99,0.2739,0.15,602,31.5246,2.10187,0.46512
778,400,28,28,82,0,0,0,1,232.188,0.27344,0.15,602,31.5246,2.07811,0.46512
779,400,33,33,83,0,0,0,1,259.829,0.27299,0.15,602,31.5246,2.0911,0.46512
780,400,23,23,70,0,0,0,1,194.639,0.27253,0.15,602,31.5246,2.08648,0.46512
781,400,38,38,94,0,0,0,1,251.495,0.27208,0.15,602,31.5246,2.17645,0.46512
782,400,28,28,69,0,0,0,1,207.523,0.27162,0.15,602,31.5246,2.07161,0.46512
783,400,29,29,81,0,0,0,1,194.94,0.27117,0.15,602,31.5246,2.15117,0.46512
784,400,31,31,95,0,0,0,1,237.092,0.27072,0.15,602,31.5246,2.09282,0.46512
785,400,27,27,75,0,0,0,1,200.859,0.27027,0.15,602,31.5246,2.1865,0.46512
786,400,37,37,95,0,0,0,1,267.76,0.26982,0.15,602,31.5246,2.10288,0.46512
787,400,30,30,71,0,0,0,1,230.02,0.26937,0.15,602,31.5246,2.09357,0.46512
788,400,27,27,75,0,0,0,1,193.729,0.26892,0.15,602,31.5246,2.00554,0.46512
789,400,34,34,81,0,0,0,1,222.246,0.26847,0.15,602,31.5246,2.03515,0.46512
790,400,29,29,67,0,0,0,1,208.047,0.26803,0.15,602,31.5246,2.09015,0.46512
791,400,34,34,88,0,0,0,1,247.629,0.26758,0.15,602,31.5246,2.10232,0.46512
792,400,32,32,87,0,0,0,1,226.246,0.26714,0.15,602,31.5246,2.23722,0.46512
793,400,26,26,70,0,0,0,1,228.819,0.26669,0.15,602,31.5246,2.05405,0.46512
794,400,29,29,88,0,0,0,1,219.109,0.26625,0.15,602,31.5246,2.1509,0.46512
795,400,31,31,73,0,0,0,1,204.861,0.2658,0.15,602,31.5246,2.13013,0.46512
796,400,17,17,63,0,0,0,1,145.431,0.26536,0.15,602,31.5246,2.12111,0.46512
797,400,32,32,95,0,0,0,1,236.035,0.26492,0.15,602,31.5246,2.10342,0.46512
798,400,32,32,78,0,0,0,1,210.906,0.26448,0.15,602,31.5246,2.1024,0.46512
799,400,30,30,97,0,0,0,1,264.551,0.26404,0.15,602,31.5246,2.12943,0.46512
800,400,27,27,91,0,0,0,1,224.341,0.2636,0.15,602,31.5246,2.20934,0.46512
801,400,29,29,83,0,0,0,1,194.829,0.26316,0.15,602,31.5246,2.13222,0.46512
802,400,28,28,71,0,0,0,1,206.936,0.26272,0.15,602,31.5246,1.89512,0.46512
803,400,31,31,82,0,0,0,1,226.532,0.26228,0.15,602,31.5246,2.01416,0.46512
804,400,39,39,93,0,0,0,1,267.068,0.26185,0.15,602,31.5246,2.23107,0.46512
805,400,41,41,103,0,0,0,1,255.367,0.26141,0.15,602,31.5246,2.25688,0.46512
806,400,32,32,80,0,0,0,1,226.83,0.26097,0.15,602,31.5246,2.2517,0.46512
807,400,28,28,86,0,0,0,1,227.68,0.26054,0.15,602,31.5246,2.11884,0.46512
808,400,28,28,78,0,0,0,1,216.912,0.26011,0.15,602,31.5246,2.10033,0.46512
809,400,25,25,61,0,0,0,1,157.9,0.25967,0.15,602,31.5246,2.31175,0.46512
810,400,37,37,92,0,0,0,1,264.682,0.25924,0.15,602,31.5246,2.05153,0.46512
811,400,35,35,75,0,0,0,1,253.436,0.25881,0.15,602,31.5246,2.09427,0.46512
812,400,38,38,85,0,0,0,1,254.269,0.25838,0.15,602,31.5246,2.27848,0.46512
813,400,22,22,61,0,0,0,1,179.987,0.25795,0.15,602,31.5246,2.00104,0.46512
814,400,16,16,58,0,0,0,1,108.523,0.25752,0.15,602,31.5246,2.18203,0.46512
815,400,27,27,74,0,0,0,1,189.502,0.25709,0.15,602,31.5246,2.14088,0.46512
816,400,34,34,88,0,0,0,1,219.963,0.25666,0.15,602,31.5246,2.39939,0.46539
817,400,43,43,107,0,0,0,1,288.919,0.25623,0.15,602,31.5246,2.27873,0.46539
818,400,29,29,92,0,0,0,1,239.13,0.25581,0.15,602,31.5246,2.10168,0.46539
819,400,38,38,102,0,0,0,1,268.565,0.25538,0.15,602,31.5246,2.40541,0.46539
820,400,33,33,90,0,0,0,1,232.033,0.25496,0.15,602,31.5246,2.11976,0.46539
821,400,39,39,107,0,0,0,1,281.756,0.25453,0.15,602,31.5246,2.24324,0.46539
822,400,33,33,82,0,0,0,1,244.053,0.25411,0.15,602,31.5246,2.14021,0.46539
823,400,33,33,90,0,0,0,1,236.009,0.25368,0.15,602,31.5246,2.05146,0.46539
824,400,40,40,96,0,0,0,1,262.549,0.25326,0.15,602,31.5246,2.23337,0.46539
825,400,37,37,101,0,0,0,1,263.513,0.25284,0.15,602,31.5246,2.29591,0.46539
826,400,29,29,83,0,0,0,1,193.939,0.25242,0.15,602,31.5246,2.18444,0.46539
827,400,30,30,89,0,0,0,1,216.202,0.252,0.15,602,31.5246,2.06077,0.46539
828,400,31,31,86,0,0,0,1,233.004,0.25158,0.15,602,31.5246,2.13919,0.46539
829,400,32,32,80,0,0,0,1,251.232,0.25116,0.15,602,31.5246,2.0507,0.46539
830,400,31,31,80,0,0,0,1,240.34,0.25074,0.15,602,31.5246,2.03985,0.46539
831,400,24,24,58,0,0,0,1,179.329,0.25032,0.15,602,31.5246,2.21993,0.46539
832,400,34,34,83,0,0,0,1,235.509,0.24991,0.15,602,31.5246,2.19182,0.46539
833,400,35,35,90,0,0,0,1,267.628,0.24949,0.15,602,31.5246,2.21887,0.46539
834,400,44,44,106,0,0,0,1,308.68,0.24908,0.15,602,31.5246,2.22413,0.46539
835,400,32,32,88,0,0,0,1,253.389,0.24866,0.15,602,31.5246,2.10366,0.46539
836,400,43,43,103,0,0,0,1,305.266,0.24825,0.15,602,31.5246,2.22305,0.46539
837,400,34,34,80,0,0,0,1,250.178,0.24783,0.15,602,31.5246,2.25559,0.46539
838,400,32,32,79,0,0,0,1,247.16,0.24742,0.15,603,31.5246,2.39916,0.4649
839,400,32,32,79,0,0,0,1,249.291,0.24701,0.15,603,31.5246,2.07259,0.4649
840,400,37,37,101,0,0,0,1,290.576,0.2466,0.15,603,31.5246,2.1828,0.4649
841,400,39,39,89,0,0,0,1,279.867,0.24619,0.15,603,31.5246,2.17083,0.4649
842,400,27,27,81,0,0,0,1,217.407,0.24578,0.15,603,31.5246,2.25243,0.4649
843,400,32,32,76,0,0,0,1,249.854,0.24537,0.15,603,31.5246,2.13462,0.4649
844,400,41,41,95,0,0,0,1,302.716,0.24496,0.15,603,31.5246,2.10172,0.4649
845,400,35,35,98,0,0,0,1,267.925,0.24455,0.15,603,31.5246,2.22418,0.4649
846,400,33,33,87,0,0,0,1,254.061,0.24414,0.15,603,31.5246,2.05098,0.4649
847,400,42,42,94,0,0,0,1,296.439,0.24374,0.15,603,31.5246,2.2047,0.4649
848,400,32,32,72,0,0,0,1,229.574,0.24333,0.15,603,31.5246,2.21147,0.4649
849,400,30,30,76,0,0,0,1,229.709,0.24293,0.15,603,31.5246,2.19259,0.4649
850,400,28,28,92,0,0,0,1,254.219,0.24252,0.15,603,31.5246,2.02566,0.4649
851,400,36,36,89,0,0,0,1,282.208,0.24212,0.15,603,31.5246,2.18403,0.4649
852,400,34,34,87,0,0,0,1,284.5,0.24171,0.15,603,31.5246,1.98565,0.4649
853,400,36,36,94,0,0,0,1,275.539,0.24131,0.15,603,31.5246,2.28276,0.4649
854,400,34,34,80,0,0,0,1,255.108,0.24091,0.15,603,31.5246,2.20544,0.46517
855,400,27,27,69,0,0,0,1,204.39,0.24051,0.15,603,31.5246,2.15376,0.46517
856,400,38,38,96,0,0,0,1,270.692,0.24011,0.15,603,31.5246,2.38326,0.46517
857,400,35,35,93,0,0,0,1,273.149,0.23971,0.15,603,31.5246,2.47423,0.46517
858,400,31,31,84,0,0,0,1,244.214,0.23931,0.15,603,31.5246,2.25683,0.46517
859,400,26,26,88,0,0,0,1,232.099,0.23891,0.15,603,31.5246,1.96426,0.46517
860,400,20,20,59,0,0,0,1,170.071,0.23851,0.15,603,31.5246,2.13636,0.46517
861,400,37,37,79,0,0,0,1,243.156,0.23812,0.15,603,31.5246,2.19523,0.46517
862,400,33,33,83,0,0,0,1,255.895,0.23772,0.15,603,31.5246,2.08889,0.46517
863,400,19,19,64,0,0,0,1,176.538,0.23732,0.15,603,31.5246,2.05326,0.46517
864,400,31,31,76,0,0,0,1,221.111,0.23693,0.15,603,31.5246,2.19597,0.46517
865,400,35,35,96,0,0,0,1,269.716,0.23653,0.15,603,31.5246,2.10948,0.46517
866,400,36,36,82,0,0,0,1,256.066,0.23614,0.15,603,31.5246,2.09514,0.46517
867,400,32,32,82,0,0,0,1,248.744,0.23575,0.15,603,31.5246,2.20872,0.46517
868,400,34,34,80,0,0,0,1,256.736,0.23535,0.15,603,31.5246,2.03359,0.46517
869,400,33,33,86,0,0,0,1,240.282,0.23496,0.15,603,31.5246,2.2217,0.46517
870,400,40,40,103,0,0,0,1,284.607,0.23457,0.15,603,31.5246,2.11947,0.46517
871,400,37,37,97,0,0,0,1,282.937,0.23418,0.15,603,31.5246,2.34445,0.46517
872,400,27,27,79,0,0,0,1,225.666,0.23379,0.15,603,31.5246,2.27403,0.46517
873,400,33,33,90,0,0,0,1,258.114,0.2334,0.15,603,31.5246,2.23115,0.46517
874,400,34,34,100,0,0,0,1,266.477,0.23301,0.15,603,31.5246,2.10061,0.46517
875,400,36,36,94,0,0,0,1,263.126,0.23262,0.15,603,31.5246,2.28773,0.46517
876,400,36,36,116,0,0,0,1,269.516,0.23224,0.15,603,31.5246,2.14172,0.46517
877,400,44,44,103,0,0,0,1,294.586,0.23185,0.15,603,31.5246,2.37905,0.46517
878,400,38,38,89,0,0,0,1,268.246,0.23146,0.15,603,31.5246,2.22628,0.46517
879,400,33,33,87,0,0,0,1,247.977,0.23108,0.15,603,31.5246,2.11575,0.46517
880,400,38,38,94,0,0,0,1,236.128,0.23069,0.15,603,31.5246,2.48311,0.46517
881,400,30,30,80,0,0,0,1,189.882,0.23031,0.15,603,31.5246,2.24681,0.46517
882,400,28,28,88,0,0,0,1,198.055,0.22993,0.15,603,31.5246,2.56502,0.46517
883,400,27,27,76,0,0,0,1,191.889,0.22954,0.15,603,31.5246,2.42595,0.46517
884,400,43,43,95,0,0,0,1,280.138,0.22916,0.15,603,31.5246,2.21992,0.46517
885,400,33,33,103,0,0,0,1,261.68,0.22878,0.15,603,31.5246,2.13583,0.46517
886,400,37,37,93,0,0,0,1,271.623,0.2284,0.15,603,31.5246,2.13291,0.46517
887,400,35,35,92,0,0,0,1,266.558,0.22802,0.15,603,31.5246,2.27569,0.46517
888,400,35,35,86,0,0,0,1,255.772,0.22764,0.15,603,31.5246,2.2342,0.46517
889,400,35,35,87,0,0,0,1,236.052,0.22726,0.15,603,31.5246,2.28477,0.46517
890,400,33,33,87,0,0,0,1,199.867,0.22688,0.15,603,31.5246,2.34513,0.46517
891,400,37,37,102,0,0,0,1,262.701,0.2265,0.15,603,31.5246,2.1141,0.46517
892,400,39,39,95,0,0,0,1,275.736,0.22613,0.15,603,31.5246,2.26236,0.46517
893,400,38,38,96,0,0,0,1,275.14,0.22575,0.15,603,31.5246,2.25448,0.46517
894,400,39,39,97,0,0,0,1,282.059,0.22537,0.15,603,31.5246,2.2667,0.46517
895,400,42,42,95,0,0,0,1,263.373,0.225,0.15,603,31.5246,2.45971,0.46517
896,400,31,31,85,0,0,0,1,214.489,0.22462,0.15,603,31.5246,2.4061,0.46517
897,400,36,36,110,0,0,0,1,293.844,0.22425,0.15,603,31.5246,2.20529,0.46517
898,400,43,43,117,0,0,0,1,318.656,0.22388,0.15,603,31.5246,2.18044,0.46517
899,400,44,44,111,0,0,0,1,309.491,0.2235,0.15,603,31.5246,2.34918,0.46517
900,400,33,33,93,0,0,0,1,262.313,0.22313,0.15,603,31.5246,2.28168,0.46517
901,400,36,36,89,0,0,0,1,263.004,0.22276,0.15,603,31.5246,2.3349,0.46517
902,400,36,36,84,0,0,0,1,228.833,0.22239,0.15,603,31.5246,2.35164,0.46517
903,400,39,39,115,0,0,0,1,289.893,0.22202,0.15,603,31.5246,2.11786,0.46517
904,400,39,39,96,0,0,0,1,282.311,0.22165,0.15,603,31.5246,2.26766,0.46517
905,400,31,31,95,0,0,0,1,252.678,0.22128,0.15,603,31.5246,2.21905,0.46517
906,400,42,42,87,0,0,0,1,300.92,0.22091,0.15,603,31.5246,2.23311,0.46517
907,400,28,28,85,0,0,0,1,211.855,0.22054,0.15,603,31.5246,2.27632,0.46517
908,400,33,33,94,0,0,0,1,247.813,0.22017,0.15,603,31.5246,2.10485,0.46517
909,400,42,42,107,0,0,0,1,296.664,0.21981,0.15,603,31.5246,2.27024,0.46517
910,400,40,40,90,0,0,0,1,278.423,0.21944,0.15,603,31.5246,2.38727,0.46517
911,400,23,23,56,0,0,0,1,152.879,0.21908,0.15,603,31.5246,2.45247,0.46517
912,400,32,32,79,0,0,0,1,230.463,0.21871,0.15,603,31.5246,2.20778,0.46517
913,400,29,29,95,0,0,0,1,230.192,0.21835,0.15,603,31.5246,2.29292,0.46517
914,400,37,37,104,0,0,0,1,305.979,0.21798,0.15,603,31.5246,2.10215,0.46517
915,400,44,44,104,0,0,0,1,316.935,0.21762,0.15,603,31.5246,2.48291,0.46517
916,400,30,30,82,0,0,0,1,227.631,0.21726,0.15,603,31.5246,2.27184,0.46517
917,400,38,38,103,0,0,0,1,272.347,0.2169,0.15,603,31.5246,2.20798,0.46517
918,400,34,34,92,0,0,0,1,269.952,0.21654,0.15,603,31.5246,2.14924,0.46517
919,400,30,30,83,0,0,0,1,251.153,0.21618,0.15,603,31.5246,2.16314,0.46517
920,400,27,27,78,0,0,0,1,213.802,0.21582,0.15,603,31.5246,2.15913,0.46517
921,400,37,37,88,0,0,0,1,261.425,0.21546,0.15,603,31.5246,2.24565,0.46545
922,400,35,35,97,0,0,0,1,268.99,0.2151,0.15,603,31.5246,2.13686,0.46545
923,400,39,39,102,0,0,0,1,285.128,0.21474,0.15,603,31.5246,2.38019,0.46545
924,400,40,40,109,0,0,0,1,310.841,0.21438,0.15,603,31.5246,2.23364,0.46545
925,400,37,37,111,0,0,0,1,287.904,0.21402,0.15,603,31.5246,2.42344,0.46545
926,400,35,35,105,0,0,0,1,277.64,0.21367,0.15,603,31.5246,2.24506,0.46545
927,400,42,42,98,0,0,0,1,277.992,0.21331,0.15,603,31.5246,2.32171,0.46545
928,400,42,42,101,0,0,0,1,297.368,0.21296,0.15,603,31.5246,2.355,0.46545
929,400,37,37,106,0,0,0,1,298.483,0.2126,0.15,603,31.5246,2.17956,0.46545
930,400,39,39,108,0,0,0,1,296.191,0.21225,0.15,603,31.5246,2.43176,0.46545
931,400,39,39,92,0,0,0,1,270.871,0.21189,0.15,603,31.5246,2.17012,0.46573
932,400,41,41,90,0,0,0,1,272.066,0.21154,0.15,603,31.5246,2.46838,0.46573
933,400,43,43,110,0,0,0,1,333.293,0.21119,0.15,603,31.5246,2.09954,0.46573
934,400,36,36,86,0,0,0,1,240.385,0.21084,0.15,603,31.5246,2.42341,0.46573
935,400,41,41,103,0,0,0,1,307.833,0.21049,0.15,603,31.5246,2.22245,0.46573
936,400,39,39,108,0,0,0,1,285.834,0.21014,0.15,603,31.5246,2.34004,0.46573
937,400,42,42,98,0,0,0,1,296.184,0.20979,0.15,603,31.5246,2.41979,0.46573
938,400,37,37,95,0,0,0,1,287.636,0.20944,0.15,603,31.5246,2.35662,0.46573
939,400,42,42,92,0,0,0,1,302.28,0.20909,0.15,603,31.5246,2.30672,0.46573
940,400,36,36,95,0,0,0,1,292.118,0.20874,0.15,603,31.5246,2.18706,0.46573
941,400,43,43,106,0,0,0,1,314.843,0.20839,0.15,603,31.5246,2.21992,0.46573
942,400,32,32,77,0,0,0,1,211.382,0.20805,0.15,603,31.5246,2.29684,0.46573
943,400,31,31,85,0,0,0,1,240.523,0.2077,0.15,603,31.5246,2.38103,0.46573
944,400,33,33,84,0,0,0,1,260.264,0.20735,0.15,603,31.5246,2.17077,0.46573
945,400,40,40,97,0,0,0,1,293.408,0.20701,0.15,603,31.5246,2.20118,0.46573
946,400,41,41,121,0,0,0,1,309.656,0.20666,0.15,603,31.5246,2.30563,0.46573
947,400,26,26,96,0,0,0,1,239.857,0.20632,0.15,603,31.5246,2.16638,0.46573
948,400,35,35,97,0,0,0,1,227.702,0.20598,0.15,603,31.5246,2.59452,0.46573
949,400,40,40,104,0,0,0,1,290.673,0.20563,0.15,603,31.5246,2.29292,0.46573
950,400,43,43,108,0,0,0,1,308.358,0.20529,0.15,603,31.5246,2.18296,0.46573
951,400,31,31,74,0,0,0,1,221.604,0.20495,0.15,603,31.5246,2.39829,0.46573
952,400,44,44,105,0,0,0,1,325.998,0.20461,0.15,603,31.5246,2.26159,0.46573
953,400,31,31,83,0,0,0,1,219.724,0.20427,0.15,603,31.5246,2.42165,0.46573
954,400,29,29,89,0,0,0,1,203.014,0.20393,0.15,603,31.5246,2.46442,0.46573
955,400,46,46,111,0,0,0,1,274.671,0.20359,0.15,603,31.5246,2.46687,0.46573
956,400,38,38,101,0,0,0,1,245.586,0.20325,0.15,603,31.5246,2.43388,0.46573
957,400,32,32,87,0,0,0,1,201.405,0.20291,0.15,603,31.5246,2.26421,0.46573
958,400,43,43,107,0,0,0,1,272.416,0.20257,0.15,603,31.5246,2.39546,0.46573
959,400,38,38,97,0,0,0,1,273.439,0.20223,0.15,603,31.5246,2.29575,0.46573
960,400,42,42,108,0,0,0,1,287.799,0.2019,0.15,603,31.5246,2.3803,0.46573
961,400,40,40,97,0,0,0,1,295.473,0.20156,0.15,603,31.5246,2.34783,0.46573
962,400,23,23,72,0,0,0,1,200.002,0.20122,0.15,603,31.5246,2.10743,0.46573
963,400,32,32,99,0,0,0,1,233.747,0.20089,0.15,603,31.5246,2.33641,0.46573
964,400,33,33,87,0,0,0,1,206.996,0.20056,0.15,603,31.5246,2.36624,0.46573
965,400,29,29,67,0,0,0,1,164.854,0.20022,0.15,603,31.5246,2.32192,0.46573
966,400,36,36,87,0,0,0,1,251.061,0.19989,0.15,603,31.5246,2.15323,0.46573
967,400,35,35,105,0,0,0,1,226.386,0.19955,0.15,603,31.5246,2.22981,0.46573
968,400,30,30,83,0,0,0,1,205.07,0.19922,0.15,603,31.5246,2.40736,0.46573
969,400,40,40,96,0,0,0,1,235.48,0.19889,0.15,603,31.5246,2.28069,0.46573
970,400,30,30,73,0,0,0,1,220.452,0.19856,0.15,603,31.5246,2.2914,0.46573
971,400,37,37,91,0,0,0,1,265.915,0.19823,0.15,603,31.5246,2.21798,0.46573
972,400,36,36,78,0,0,0,1,228.017,0.1979,0.15,603,31.5246,2.27773,0.46573
973,400,39,39,96,0,0,0,1,276.864,0.19757,0.15,603,31.5246,2.32413,0.466
974,400,33,33,97,0,0,0,1,250.088,0.19724,0.15,603,31.5246,2.22755,0.466
975,400,38,38,92,0,0,0,1,227.223,0.19691,0.15,603,31.5246,2.3716,0.466
976,400,32,32,97,0,0,0,1,254.476,0.19658,0.15,603,31.5246,2.14442,0.466
977,400,28,28,88,0,0,0,1,210.093,0.19626,0.15,603,31.5246,1.90835,0.466
978,400,35,35,75,0,0,0,1,202.37,0.19593,0.15,603,31.5246,2.22418,0.466
979,400,33,33,84,0,0,0,1,243.014,0.1956,0.15,603,31.5246,2.2574,0.466
980,400,33,33,88,0,0,0,1,235.308,0.19528,0.15,603,31.5246,2.3496,0.466
981,400,27,27,75,0,0,0,1,208.838,0.19495,0.15,603,31.5246,2.41096,0.466
982,400,32,32,99,0,0,0,1,247.674,0.19463,0.15,603,31.5246,2.23691,0.466
983,400,30,30,96,0,0,0,1,204.177,0.1943,0.15,603,31.5246,2.21152,0.466
984,400,30,30,95,0,0,0,1,199.91,0.19398,0.15,603,31.5246,2.21416,0.466
985,400,43,43,107,0,0,0,1,303.865,0.19366,0.15,603,31.5246,2.35767,0.466
986,400,34,34,101,0,0,0,1,232.492,0.19333,0.15,603,31.5246,2.39493,0.466
987,400,47,47,112,0,0,0,1,277.56,0.19301,0.15,603,31.5246,2.33602,0.466
988,400,28,28,85,0,0,0,1,222.59,0.19269,0.15,603,31.5246,1.94454,0.466
989,400,40,40,92,0,0,0,1,252.75,0.19237,0.15,603,31.5246,2.27843,0.466
990,400,39,39,81,0,0,0,1,244.155,0.19205,0.15,603,31.5246,2.25297,0.466
991,400,40,40,102,0,0,0,1,292.709,0.19173,0.15,603,31.5246,2.08742,0.466
992,400,38,38,119,0,0,0,1,300.226,0.19141,0.15,603,31.5246,2.08125,0.466
993,400,42,42,109,0,0,0,1,287.661,0.19109,0.15,603,31.5246,2.22176,0.466
994,400,42,42,102,0,0,0,1,306.306,0.19077,0.15,603,31.5246,2.12272,0.466
995,400,42,42,118,0,0,0,1,313.158,0.19046,0.15,603,31.5246,2.14072,0.466
996,400,46,46,109,0,0,0,1,335.908,0.19014,0.15,603,31.5246,2.05534,0.466
997,400,36,36,97,0,0,0,1,265.001,0.18982,0.15,603,31.5246,2.29991,0.466
998,400,38,38,97,0,0,0,1,283.071,0.18951,0.15,603,31.5246,2.17061,0.466
999,400,43,43,111,0,0,0,1,318.592,0.18919,0.15,603,31.5246,2.35122,0.466
1000,400,38,38,106,0,0,0,1,297.327,0.18888,0.15,603,31.5246,2.29934,0.466
1001,400,43,43,104,0,0,0,1,311.641,0.18856,0.15,603,31.5246,2.37143,0.466
1002,400,38,38,105,0,0,0,1,292.401,0.18825,0.15,603,31.5246,2.20348,0.466
1003,400,35,35,70,0,0,0,1,229.569,0.18793,0.15,603,31.5246,2.24057,0.466
1004,400,48,48,117,0,0,0,1,345.753,0.18762,0.15,603,31.5246,2.25594,0.466
1005,400,35,35,98,0,0,0,1,258.669,0.18731,0.15,603,31.5246,2.12274,0.466
1006,400,37,37,99,0,0,0,1,280.499,0.187,0.15,603,31.5246,2.29669,0.466
1007,400,36,36,92,0,0,0,1,249.55,0.18668,0.15,603,31.5246,2.18206,0.466
1008,400,42,42,109,0,0,0,1,299.666,0.18637,0.15,603,31.5246,2.21894,0.466
1009,400,39,39,105,0,0,0,1,291.282,0.18606,0.15,603,31.5246,2.23258,0.466
1010,400,43,43,112,0,0,0,1,298.108,0.18575,0.15,603,31.5246,2.1217,0.466
1011,400,36,36,102,0,0,0,1,287.461,0.18544,0.15,603,31.5246,2.1492,0.466
1012,400,42,42,111,0,0,0,1,307.717,0.18514,0.15,603,31.5246,2.06323,0.466
1013,400,39,39,113,0,0,0,1,318.689,0.18483,0.15,603,31.5246,2.25085,0.466
1014,400,38,38,108,0,0,0,1,293.303,0.18452,0.15,603,31.5246,2.13836,0.466
1015,400,37,37,79,0,0,0,1,257.424,0.18421,0.15,603,31.5246,2.24537,0.466
1016,400,40,40,113,0,0,0,1,317.109,0.18391,0.15,603,31.5246,2.30188,0.466
1017,400,41,41,107,0,0,0,1,314.09,0.1836,0.15,603,31.5246,2.21303,0.466
1018,400,42,42,105,0,0,0,1,298.944,0.18329,0.15,603,31.5246,2.48826,0.466
1019,400,30,30,79,0,0,0,1,244.446,0.18299,0.15,603,31.5246,2.25092,0.466
1020,400,38,38,102,0,0,0,1,300.505,0.18268,0.15,603,31.5246,2.07726,0.466
1021,400,33,33,111,0,0,0,1,286.088,0.18238,0.15,603,31.5246,2.16818,0.466
1022,400,46,46,121,0,0,0,1,326.74,0.18208,0.15,603,31.5246,2.14625,0.46628
1023,400,40,40,101,0,0,0,1,284.178,0.18177,0.15,603,31.5246,2.20348,0.46628
1024,400,40,40,103,0,0,0,1,305.694,0.18147,0.15,603,31.5246,2.15275,0.46628
1025,400,36,36,105,0,0,0,1,272.567,0.18117,0.15,603,31.5246,2.16037,0.46628
1026,400,35,35,109,0,0,0,1,274.125,0.18087,0.15,603,31.5246,2.3109,0.46628
1027,400,41,41,102,0,0,0,1,296.776,0.18056,0.15,603,31.5246,2.27667,0.46628
1028,400,39,39,104,0,0,0,1,286.147,0.18026,0.15,603,31.5246,2.22988,0.46628
1029,400,29,29,78,0,0,0,1,227.364,0.17996,0.15,603,31.5246,2.33245,0.46628
1030,400,38,38,109,0,0,0,1,296.519,0.17966,0.15,603,31.5246,2.18469,0.46628
1031,400,27,27,78,0,0,0,1,215.163,0.17936,0.15,603,31.5246,2.09285,0.46628
1032,400,41,41,97,0,0,0,1,294.828,0.17907,0.15,603,31.5246,1.90862,0.46628
1033,400,40,40,91,0,0,0,1,287.378,0.17877,0.15,603,31.5246,2.16096,0.46628
1034,400,37,37,91,0,0,0,1,267.477,0.17847,0.15,603,31.5246,2.20571,0.46628
1035,400,36,36,81,0,0,0,1,236.202,0.17817,0.15,603,31.5246,2.34766,0.46628
1036,400,42,42,102,0,0,0,1,306.546,0.17788,0.15,603,31.5246,2.39091,0.46628
1037,400,20,20,58,0,0,0,1,170.607,0.17758,0.15,603,31.5246,2.26741,0.46628
1038,400,41,41,105,0,0,0,1,294.265,0.17728,0.15,603,31.5246,2.28127,0.46628
1039,400,43,43,105,0,0,0,1,309.106,0.17699,0.15,603,31.5246,2.39786,0.46628
1040,400,42,42,115,0,0,0,1,322.707,0.17669,0.15,603,31.5246,2.11013,0.46628
1041,400,41,41,106,0,0,0,1,308.938,0.1764,0.15,603,31.5246,2.26252,0.46628
1042,400,41,41,111,0,0,0,1,296.756,0.17611,0.15,603,31.5246,2.30526,0.46628
1043,400,39,39,108,0,0,0,1,307.49,0.17581,0.15,603,31.5246,2.27615,0.46628
1044,400,39,39,108,0,0,0,1,297.13,0.17552,0.15,603,31.5246,2.23649,0.46628
1045,400,45,45,112,0,0,0,1,317.14,0.17523,0.15,603,31.5246,2.26397,0.46628
1046,400,44,44,104,0,0,0,1,314.164,0.17494,0.15,603,31.5246,2.18659,0.46628
1047,400,43,43,115,0,0,0,1,307.624,0.17464,0.15,603,31.5246,2.17881,0.46628
1048,400,36,36,102,0,0,0,1,279.855,0.17435,0.15,603,31.5246,2.44882,0.46628
1049,400,40,40,95,0,0,0,1,289.864,0.17406,0.15,603,31.5246,2.07664,0.46628
1050,400,33,33,87,0,0,0,1,246.341,0.17377,0.15,603,31.5246,2.29108,0.46628
1051,400,37,37,91,0,0,0,1,270.962,0.17348,0.15,603,31.5246,2.14479,0.46628
1052,400,42,42,104,0,0,0,1,315.814,0.1732,0.15,603,31.5246,2.18166,0.46628
1053,400,46,46,113,0,0,0,1,329.191,0.17291,0.15,603,31.5246,2.05598,0.46628
1054,400,48,48,125,0,0,0,1,353.864,0.17262,0.15,603,31.5246,2.12343,0.46628
1055,400,38,38,101,0,0,0,1,279.038,0.17233,0.15,603,31.5246,2.49878,0.46628
1056,400,34,34,97,0,0,0,1,269.006,0.17204,0.15,603,31.5246,2.14192,0.46628
1057,400,37,37,108,0,0,0,1,290.609,0.17176,0.15,603,31.5246,2.02444,0.46628
1058,400,42,42,110,0,0,0,1,302.28,0.17147,0.15,603,31.5246,2.11867,0.46628
1059,400,36,36,112,0,0,0,1,285.633,0.17119,0.15,603,31.5246,2.22608,0.46628
1060,400,47,47,106,0,0,0,1,300.001,0.1709,0.15,603,31.5246,2.33141,0.46628
1061,400,37,37,94,0,0,0,1,284.358,0.17062,0.15,603,31.5246,2.01869,0.46628
1062,400,35,35,72,0,0,0,1,225.962,0.17033,0.15,603,31.5246,2.47143,0.46628
1063,400,49,49,123,0,0,0,1,339.676,0.17005,0.15,603,31.5246,2.44754,0.46628
1064,400,36,36,93,0,0,0,1,278.78,0.16977,0.15,603,31.5246,2.1785,0.46628
1065,400,36,36,94,0,0,0,1,270.722,0.16948,0.15,603,31.5246,2.33398,0.46628
1066,400,38,38,102,0,0,0,1,286.872,0.1692,0.15,603,31.5246,2.06982,0.46628
1067,400,44,44,113,0,0,0,1,322.197,0.16892,0.15,603,31.5246,2.16602,0.46628
1068,400,41,41,114,0,0,0,1,324.288,0.16864,0.15,603,31.5246,2.17557,0.46628
1069,400,43,43,116,0,0,0,1,332.783,0.16836,0.15,603,31.5246,2.02708,0.46628
1070,400,42,42,118,0,0,0,1,303.601,0.16808,0.15,603,31.5246,2.45389,0.46628
1071,400,44,44,111,0,0,0,1,316.753,0.1678,0.15,603,31.5246,2.38833,0.46628
1072,400,48,48,118,0,0,0,1,317.327,0.16752,0.15,603,31.5246,2.54637,0.46628
1073,400,42,42,93,0,0,0,1,298.413,0.16724,0.15,603,31.5246,2.35632,0.46628
1074,400,46,46,114,0,0,0,1,327.208,0.16696,0.15,603,31.5246,2.35878,0.46628
1075,400,38,38,106,0,0,0,1,280.526,0.16668,0.15,603,31.5246,2.38248,0.46628
1076,400,32,32,96,0,0,0,1,273.1,0.1664,0.15,603,31.5246,2.01291,0.46628
1077,400,43,43,122,0,0,0,1,318.371,0.16613,0.15,603,31.5246,2.13896,0.46628
1078,400,47,47,114,0,0,0,1,327.568,0.16585,0.15,603,31.5246,2.18188,0.46628
1079,400,44,44,115,0,0,0,1,304.72,0.16557,0.15,603,31.5246,2.48795,0.46628
1080,400,44,44,106,0,0,0,1,314.079,0.1653,0.15,603,31.5246,2.34099,0.46628
1081,400,39,39,103,0,0,0,1,287.113,0.16502,0.15,603,31.5246,2.35513,0.46628
1082,400,42,42,111,0,0,0,1,308.548,0.16475,0.15,603,31.5246,2.22937,0.46628
1083,400,49,49,124,0,0,0,1,345.756,0.16447,0.15,603,31.5246,2.34168,0.46628
1084,400,41,41,103,0,0,0,1,316.927,0.1642,0.15,603,31.5246,2.05137,0.46628
1085,400,42,42,110,0,0,0,1,320.558,0.16393,0.15,603,31.5246,2.26657,0.46628
1086,400,41,41,96,0,0,0,1,305.63,0.16365,0.15,603,31.5246,1.95812,0.46628
1087,400,43,43,109,0,0,0,1,303.553,0.16338,0.15,603,31.5246,2.29783,0.46628
1088,400,45,45,119,0,0,0,1,324.125,0.16311,0.15,603,31.5246,2.23747,0.46628
1089,400,49,49,112,0,0,0,1,333.529,0.16284,0.15,603,31.5246,2.30679,0.46628
1090,400,37,37,107,0,0,0,1,280.296,0.16257,0.15,603,31.5246,2.21768,0.46628
1091,400,47,47,114,0,0,0,1,293.226,0.1623,0.15,603,31.5246,2.73229,0.46628
1092,400,44,44,106,0,0,0,1,306.983,0.16203,0.15,603,31.5246,2.29092,0.46628
1093,400,42,42,91,0,0,0,1,264.706,0.16176,0.15,603,31.5246,2.47577,0.46628
1094,400,40,40,120,0,0,0,1,258.547,0.16149,0.15,603,31.5246,2.74459,0.46628
1095,400,44,44,114,0,0,0,1,311.445,0.16122,0.15,603,31.5246,2.42901,0.46628
1096,400,38,38,97,0,0,0,1,268.227,0.16095,0.15,603,31.5246,2.51218,0.46628
1097,400,45,45,119,0,0,0,1,316.794,0.16068,0.15,603,31.5246,2.43503,0.46628
1098,400,39,39,109,0,0,0,1,316.857,0.16041,0.15,603,31.5246,2.23565,0.46628
1099,400,38,38,106,0,0,0,1,265.938,0.16015,0.15,603,31.5246,2.4375,0.46628
1100,400,43,43,116,0,0,0,1,312.953,0.15988,0.15,603,31.5246,2.32992,0.46628
1101,400,45,45,102,0,0,0,1,327.87,0.15961,0.15,603,31.5246,2.28999,0.46628
1102,400,47,47,124,0,0,0,1,330.16,0.15935,0.15,603,31.5246,2.24382,0.46628
1103,400,36,36,95,0,0,0,1,267.132,0.15908,0.15,603,31.5246,2.34776,0.46628
1104,400,39,39,114,0,0,0,1,313.0,0.15882,0.15,603,31.5246,2.06888,0.46628
1105,400,42,42,108,0,0,0,1,315.371,0.15855,0.15,603,31.5246,2.23581,0.46628
1106,400,45,45,122,0,0,0,1,338.421,0.15829,0.15,603,31.5246,2.19443,0.46628
1107,400,43,43,112,0,0,0,1,335.823,0.15803,0.15,603,31.5246,2.00777,0.46628
1108,400,47,47,101,0,0,0,1,330.889,0.15776,0.15,603,31.5246,2.33039,0.46628
1109,400,45,45,123,0,0,0,1,333.558,0.1575,0.15,603,31.5246,2.25112,0.46628
1110,400,45,45,115,0,0,0,1,318.884,0.15724,0.15,603,31.5246,2.27096,0.46628
1111,400,43,43,116,0,0,0,1,311.401,0.15698,0.15,603,31.5246,2.24191,0.46628
1112,400,48,48,110,0,0,0,1,327.048,0.15671,0.15,603,31.5246,2.2841,0.46628
1113,400,46,46,128,0,0,0,1,351.669,0.15645,0.15,603,31.5246,2.38861,0.46628
1114,400,42,42,113,0,0,0,1,302.966,0.15619,0.15,603,31.5246,2.23366,0.46628
1115,400,37,37,103,0,0,0,1,277.812,0.15593,0.15,603,31.5246,2.3632,0.46628
1116,400,43,43,105,0,0,0,1,301.098,0.15567,0.15,603,31.5246,2.22037,0.46628
1117,400,42,42,111,0,0,0,1,312.892,0.15541,0.15,603,31.5246,2.37949,0.46628
1118,400,25,25,91,0,0,0,1,224.504,0.15515,0.15,603,31.5246,2.18573,0.46628
1119,400,41,41,116,0,0,0,1,316.532,0.1549,0.15,603,31.5246,2.3188,0.46628
1120,400,30,30,72,0,0,0,1,214.967,0.15464,0.15,603,31.5246,2.34305,0.46628
1121,400,44,44,121,0,0,0,1,322.231,0.15438,0.15,603,31.5246,2.21955,0.46628
1122,400,43,43,103,0,0,0,1,290.717,0.15412,0.15,603,31.5246,2.12668,0.46628
1123,400,44,44,124,0,0,0,1,340.545,0.15387,0.15,603,31.5246,2.26308,0.46628
1124,400,41,41,126,0,0,0,1,316.492,0.15361,0.15,603,31.5246,2.11484,0.46628
1125,400,42,42,120,0,0,0,1,320.944,0.15335,0.15,603,31.5246,2.25968,0.46628
1126,400,45,45,114,0,0,0,1,324.429,0.1531,0.15,603,31.5246,2.19121,0.46628
1127,400,43,43,115,0,0,0,1,323.735,0.15284,0.15,603,31.5246,2.24836,0.46628
1128,400,36,36,97,0,0,0,1,267.236,0.15259,0.15,603,31.5246,2.54459,0.46628
1129,400,44,44,110,0,0,0,1,312.419,0.15234,0.15,603,31.5246,2.20054,0.46628
1130,400,48,48,114,0,0,0,1,329.512,0.15208,0.15,603,31.5246,2.40453,0.46628
1131,400,48,48,114,0,0,0,1,332.341,0.15183,0.15,603,31.5246,2.29036,0.46628
1132,400,42,42,110,0,0,0,1,296.718,0.15158,0.15,603,31.5246,2.15638,0.46628
1133,400,47,47,119,0,0,0,1,340.731,0.15132,0.15,603,31.5246,2.10525,0.46628
1134,400,42,42,113,0,0,0,1,301.277,0.15107,0.15,603,31.5246,2.23777,0.46628
1135,400,48,48,118,0,0,0,1,343.514,0.15082,0.15,603,31.5246,2.15837,0.46628
1136,400,43,43,116,0,0,0,1,333.239,0.15057,0.15,603,31.5246,2.2197,0.46628
1137,400,43,43,109,0,0,0,1,315.256,0.15032,0.15,603,31.5246,2.25728,0.46628
1138,400,43,43,127,0,0,0,1,337.156,0.15007,0.15,603,31.5246,1.95018,0.46628
1139,400,34,34,90,0,0,0,1,248.745,0.14982,0.15,603,31.5246,2.23639,0.46628
1140,400,47,47,129,0,0,0,1,346.795,0.14957,0.15,603,31.5246,2.4443,0.46628
1141,400,45,45,130,0,0,0,1,327.037,0.14932,0.15,603,31.5246,2.41174,0.46628
1142,400,40,40,116,0,0,0,1,306.501,0.14907,0.15,603,31.5246,2.28856,0.46628
1143,400,48,48,114,0,0,0,1,317.319,0.14882,0.15,603,31.5246,2.3751,0.46628
1144,400,46,46,103,0,0,0,1,311.412,0.14857,0.15,603,31.5246,2.40111,0.46628
1145,400,41,41,105,0,0,0,1,267.152,0.14833,0.15,603,31.5246,2.54784,0.46628
1146,400,46,46,128,0,0,0,1,345.982,0.14808,0.15,603,31.5246,2.18852,0.46628
1147,400,41,41,107,0,0,0,1,313.451,0.14783,0.15,603,31.5246,2.13525,0.46628
1148,400,50,50,110,0,0,0,1,320.63,0.14759,0.15,603,31.5246,2.55053,0.46628
1149,400,46,46,118,0,0,0,1,322.726,0.14734,0.15,603,31.5246,2.26296,0.46628
1150,400,40,40,109,0,0,0,1,286.153,0.1471,0.15,603,31.5246,2.22415,0.46628
1151,400,44,44,123,0,0,0,1,302.919,0.14685,0.15,603,31.5246,2.56407,0.46628
1152,400,45,45,105,0,0,0,1,283.548,0.14661,0.15,603,31.5246,2.71318,0.46628
1153,400,32,32,96,0,0,0,1,203.368,0.14636,0.15,603,31.5246,2.53641,0.46628
1154,400,38,38,112,0,0,0,1,236.473,0.14612,0.15,603,31.5246,2.58053,0.46628
1155,400,37,37,89,0,0,0,1,226.195,0.14588,0.15,603,31.5246,2.59021,0.46628
1156,400,41,41,102,0,0,0,1,285.644,0.14563,0.15,603,31.5246,2.40947,0.46628
1157,400,27,27,79,0,0,0,1,196.025,0.14539,0.15,603,31.5246,2.46098,0.46628
1158,400,37,37,92,0,0,0,1,212.002,0.14515,0.15,603,31.5246,2.45916,0.46628
1159,400,32,32,86,0,0,0,1,240.654,0.14491,0.15,603,31.5246,2.23092,0.46628
1160,400,26,26,70,0,0,0,1,187.111,0.14467,0.15,603,31.5246,2.52628,0.46628
1161,400,40,40,101,0,0,0,1,236.118,0.14442,0.15,603,31.5246,2.5494,0.46628
1162,400,40,40,101,0,0,0,1,231.447,0.14418,0.15,603,31.5246,2.52999,0.46628
1163,400,36,36,89,0,0,0,1,204.1,0.14394,0.15,603,31.5246,2.45329,0.46628
1164,400,28,28,77,0,0,0,1,180.09,0.1437,0.15,603,31.5246,2.43698,0.46628
1165,400,28,28,98,0,0,0,1,193.339,0.14346,0.15,603,31.5246,2.45247,0.46628
1166,400,30,30,80,0,0,0,1,206.058,0.14323,0.15,603,31.5246,2.38043,0.46628
1167,400,39,39,99,0,0,0,1,252.534,0.14299,0.15,603,31.5246,2.44212,0.46628
1168,400,31,31,87,0,0,0,1,216.828,0.14275,0.15,603,31.5246,2.52567,0.46628
1169,400,37,37,102,0,0,0,1,228.733,0.14251,0.15,603,31.5246,2.43982,0.46628
1170,400,38,38,104,0,0,0,1,235.309,0.14227,0.15,603,31.5246,2.14917,0.46628
1171,400,32,32,87,0,0,0,1,204.533,0.14204,0.15,603,31.5246,2.15925,0.46628
1172,400,28,28,76,0,0,0,1,166.148,0.1418,0.15,603,31.5246,2.34466,0.46628
1173,400,36,36,83,0,0,0,1,225.652,0.14156,0.15,603,31.5246,2.56642,0.46628
1174,400,36,36,101,0,0,0,1,254.766,0.14133,0.15,603,31.5246,2.21334,0.46628
1175,400,29,29,89,0,0,0,1,227.635,0.14109,0.15,603,31.5246,2.16133,0.46628
1176,400,31,31,68,0,0,0,1,211.756,0.14086,0.15,603,31.5246,2.26104,0.46628
1177,400,27,27,88,0,0,0,1,210.848,0.14062,0.15,603,31.5246,2.18474,0.46628
1178,400,32,32,70,0,0,0,1,215.657,0.14039,0.15,603,31.5246,2.3074,0.46628
1179,400,25,25,75,0,0,0,1,194.511,0.14016,0.15,603,31.5246,2.28197,0.46628
1180,400,39,39,100,0,0,0,1,282.403,0.13992,0.15,603,31.5246,2.33379,0.46628
1181,400,31,31,65,0,0,0,1,223.336,0.13969,0.15,603,31.5246,2.23629,0.46628
1182,400,36,36,95,0,0,0,1,270.279,0.13946,0.15,603,31.5246,2.06685,0.46628
1183,400,29,29,76,0,0,0,1,217.967,0.13922,0.15,603,31.5246,2.0556,0.46628
1184,400,38,38,89,0,0,0,1,259.965,0.13899,0.15,603,31.5246,2.29915,0.46628
1185,400,42,42,115,0,0,0,1,307.176,0.13876,0.15,603,31.5246,2.263,0.46628
1186,400,42,42,114,0,0,0,1,324.031,0.13853,0.15,603,31.5246,2.17291,0.46628
1187,400,42,42,104,0,0,0,1,315.602,0.1383,0.15,603,31.5246,2.17401,0.46628
1188,400,40,40,106,0,0,0,1,281.249,0.13807,0.15,603,31.5246,2.23591,0.46628
1189,400,39,39,109,0,0,0,1,291.286,0.13784,0.15,603,31.5246,2.19483,0.46628
1190,400,39,39,103,0,0,0,1,296.677,0.13761,0.15,603,31.5246,2.10741,0.46628
1191,400,41,41,113,0,0,0,1,315.681,0.13738,0.15,603,31.5246,2.13292,0.46628
1192,400,43,43,107,0,0,0,1,271.013,0.13715,0.15,603,31.5246,2.46331,0.46628
1193,400,31,31,91,0,0,0,1,221.976,0.13692,0.15,603,31.5246,2.5534,0.46628
1194,400,44,44,127,0,0,0,1,346.686,0.1367,0.15,603,31.5246,2.16173,0.46628
1195,400,35,35,87,0,0,0,1,258.035,0.13647,0.15,603,31.5246,2.07499,0.46628
1196,400,36,36,113,0,0,0,1,287.367,0.13624,0.15,603,31.5246,2.15363,0.46628
1197,400,39,39,94,0,0,0,1,284.112,0.13601,0.15,603,31.5246,2.02198,0.46628
1198,400,39,39,112,0,0,0,1,288.899,0.13579,0.15,603,31.5246,2.14602,0.46628
1199,400,40,40,106,0,0,0,1,285.01,0.13556,0.15,603,31.5246,2.25006,0.46628
1200,400,31,31,78,0,0,0,1,234.148,0.13534,0.15,603,31.5246,2.21033,0.46628
1201,400,41,41,108,0,0,0,1,300.023,0.13511,0.15,603,31.5246,2.233,0.46628
1202,400,45,45,119,0,0,0,1,332.724,0.13488,0.15,603,31.5246,2.26263,0.46628
1203,400,39,39,101,0,0,0,1,295.35,0.13466,0.15,603,31.5246,2.2399,0.46628
1204,400,21,21,74,0,0,0,1,213.935,0.13444,0.15,603,31.5246,1.86867,0.46628
1205,400,40,40,100,0,0,0,1,289.763,0.13421,0.15,603,31.5246,2.11982,0.46628
1206,400,25,25,73,0,0,0,1,205.355,0.13399,0.15,603,31.5246,1.86655,0.46628
1207,400,34,34,95,0,0,0,1,212.349,0.13377,0.15,603,31.5246,2.85602,0.46628
1208,400,45,45,103,0,0,0,1,286.117,0.13354,0.15,603,31.5246,2.12538,0.46628
1209,400,42,42,108,0,0,0,1,316.744,0.13332,0.15,603,31.5246,2.20663,0.46628
1210,400,34,34,99,0,0,0,1,272.59,0.1331,0.15,603,31.5246,1.97588,0.46628
1211,400,42,42,104,0,0,0,1,309.696,0.13288,0.15,603,31.5246,2.03065,0.46628
1212,400,45,45,111,0,0,0,1,329.556,0.13266,0.15,603,31.5246,2.10782,0.46628
1213,400,33,33,93,0,0,0,1,264.412,0.13243,0.15,603,31.5246,2.04135,0.46628
1214,400,34,34,97,0,0,0,1,260.002,0.13221,0.15,603,31.5246,2.14057,0.46628
1215,400,40,40,103,0,0,0,1,304.566,0.13199,0.15,603,31.5246,2.02232,0.46628
1216,400,43,43,111,0,0,0,1,313.504,0.13177,0.15,603,31.5246,2.07962,0.46628
1217,400,43,43,122,0,0,0,1,332.419,0.13155,0.15,603,31.5246,2.03875,0.46628
1218,400,45,45,118,0,0,0,1,332.061,0.13134,0.15,603,31.5246,2.2719,0.46628
1219,400,41,41,105,0,0,0,1,285.636,0.13112,0.15,603,31.5246,2.17194,0.46628
1220,400,44,44,120,0,0,0,1,310.938,0.1309,0.15,603,31.5246,2.15027,0.46628
1221,400,39,39,103,0,0,0,1,302.272,0.13068,0.15,603,31.5246,2.04842,0.46628
1222,400,36,36,102,0,0,0,1,276.319,0.13046,0.15,603,31.5246,2.14135,0.46628
1223,400,41,41,111,0,0,0,1,312.629,0.13025,0.15,603,31.5246,1.96181,0.46628
1224,400,42,42,102,0,0,0,1,292.558,0.13003,0.15,603,31.5246,2.04638,0.46628
1225,400,44,44,103,0,0,0,1,316.936,0.12981,0.15,603,31.5246,2.0831,0.46628
1226,400,47,47,112,0,0,0,1,316.35,0.1296,0.15,603,31.5246,2.14998,0.46628
1227,400,40,40,103,0,0,0,1,287.353,0.12938,0.15,603,31.5246,2.31622,0.46628
1228,400,40,40,111,0,0,0,1,289.055,0.12916,0.15,603,31.5246,2.12339,0.46628
1229,400,46,46,111,0,0,0,1,317.909,0.12895,0.15,603,31.5246,2.10194,0.46628
1230,400,42,42,117,0,0,0,1,317.097,0.12873,0.15,603,31.5246,2.04473,0.46628
1231,400,42,42,111,0,0,0,1,304.244,0.12852,0.15,603,31.5246,2.19581,0.46628
1232,400,43,43,98,0,0,0,1,289.546,0.12831,0.15,603,31.5246,2.04816,0.46628
1233,400,37,37,116,0,0,0,1,298.183,0.12809,0.15,603,31.5246,1.92849,0.46628
1234,400,40,40,118,0,0,0,1,303.077,0.12788,0.15,603,31.5246,2.20784,0.46628
1235,400,38,38,110,0,0,0,1,291.771,0.12767,0.15,603,31.5246,2.13532,0.46628
1236,400,35,35,102,0,0,0,1,263.968,0.12745,0.15,603,31.5246,2.21739,0.46628
1237,400,45,45,124,0,0,0,1,332.287,0.12724,0.15,603,31.5246,2.07556,0.46628
1238,400,42,42,110,0,0,0,1,297.278,0.12703,0.15,603,31.5246,2.25016,0.46628
1239,400,49,49,118,0,0,0,1,331.598,0.12682,0.15,603,31.5246,2.19614,0.46628
1240,400,40,40,104,0,0,0,1,298.615,0.12661,0.15,603,31.5246,2.08673,0.46628
1241,400,48,48,115,0,0,0,1,331.672,0.1264,0.15,603,31.5246,2.08189,0.46628
1242,400,39,39,100,0,0,0,1,267.545,0.12619,0.15,603,31.5246,2.35141,0.46628
1243,400,43,43,118,0,0,0,1,332.653,0.12598,0.15,603,31.5246,2.09046,0.46628
1244,400,45,45,109,0,0,0,1,292.781,0.12577,0.15,603,31.5246,2.09654,0.46628
1245,400,39,39,100,0,0,0,1,289.911,0.12556,0.15,603,31.5246,2.09041,0.46628
1246,400,45,45,113,0,0,0,1,305.498,0.12535,0.15,603,31.5246,2.14419,0.46628
1247,400,40,40,106,0,0,0,1,290.954,0.12514,0.15,603,31.5246,2.16248,0.46628
1248,400,45,45,114,0,0,0,1,324.685,0.12493,0.15,603,31.5246,2.13526,0.46628
1249,400,44,44,107,0,0,0,1,309.311,0.12472,0.15,603,31.5246,2.41571,0.46628
1250,400,45,45,111,0,0,0,1,327.775,0.12451,0.15,603,31.5246,1.98291,0.46628
1251,400,44,44,114,0,0,0,1,314.027,0.12431,0.15,603,31.5246,2.19591,0.46628
1252,400,46,46,109,0,0,0,1,332.58,0.1241,0.15,603,31.5246,2.29215,0.46628
1253,400,44,44,109,0,0,0,1,306.272,0.12389,0.15,603,31.5246,2.21243,0.46628
1254,400,37,37,101,0,0,0,1,291.978,0.12369,0.15,603,31.5246,1.85181,0.46628
1255,400,43,43,105,0,0,0,1,318.267,0.12348,0.15,603,31.5246,2.13835,0.46628
1256,400,43,43,106,0,0,0,1,302.639,0.12328,0.15,603,31.5246,2.12397,0.46628
1257,400,45,45,120,0,0,0,1,327.44,0.12307,0.15,603,31.5246,2.02796,0.46628
1258,400,43,43,116,0,0,0,1,314.997,0.12287,0.15,603,31.5246,2.04812,0.46628
1259,400,39,39,102,0,0,0,1,288.695,0.12266,0.15,603,31.5246,1.9242,0.46628
1260,400,36,36,106,0,0,0,1,278.792,0.12246,0.15,603,31.5246,2.04112,0.46628
1261,400,41,41,115,0,0,0,1,301.642,0.12225,0.15,603,31.5246,2.11233,0.46628
1262,400,33,33,97,0,0,0,1,270.674,0.12205,0.15,603,31.5246,2.02844,0.46628
1263,400,42,42,110,0,0,0,1,309.005,0.12185,0.15,603,31.5246,2.18233,0.46656
1264,400,43,43,118,0,0,0,1,325.823,0.12164,0.15,603,31.5246,2.05325,0.46656
1265,400,41,41,112,0,0,0,1,312.369,0.12144,0.15,603,31.5246,2.28239,0.46656
1266,400,49,49,105,0,0,0,1,333.406,0.12124,0.15,603,31.5246,2.15049,0.46656
1267,400,44,44,114,0,0,0,1,323.654,0.12104,0.15,603,31.5246,2.20731,0.46656
1268,400,40,40,114,0,0,0,1,321.179,0.12083,0.15,603,31.5246,2.08281,0.46656
1269,400,47,47,105,0,0,0,1,327.881,0.12063,0.15,603,31.5246,2.58163,0.46656
1270,400,49,49,119,0,0,0,1,354.494,0.12043,0.15,603,31.5246,2.28869,0.46656
1271,400,46,46,110,0,0,0,1,339.022,0.12023,0.15,603,31.5246,2.21445,0.46656
1272,400,39,39,112,0,0,0,1,319.537,0.12003,0.15,603,31.5246,1.98893,0.46656
1273,400,42,42,122,0,0,0,1,332.691,0.11983,0.15,603,31.5246,2.06941,0.46656
1274,400,39,39,111,0,0,0,1,312.341,0.11963,0.15,603,31.5246,2.10144,0.46656
1275,400,44,44,107,0,0,0,1,315.422,0.11943,0.15,603,31.5246,2.17192,0.46656
1276,400,50,50,128,0,0,0,1,352.633,0.11923,0.15,603,31.5246,2.32412,0.46656
1277,400,46,46,102,0,0,0,1,326.49,0.11904,0.15,603,31.5246,2.24104,0.46656
1278,400,48,48,122,0,0,0,1,336.586,0.11884,0.15,603,31.5246,2.3243,0.46656
1279,400,34,34,89,0,0,0,1,273.669,0.11864,0.15,603,31.5246,2.07949,0.46656
1280,400,41,41,101,0,0,0,1,298.714,0.11844,0.15,603,31.5246,2.22056,0.46656
1281,400,39,39,100,0,0,0,1,294.647,0.11824,0.15,603,31.5246,1.96922,0.46656
1282,400,30,30,78,0,0,0,1,192.601,0.11805,0.15,603,31.5246,3.08524,0.46656
1283,400,27,27,97,0,0,0,1,193.27,0.11785,0.15,603,31.5246,2.86889,0.46656
1284,400,40,40,97,0,0,0,1,256.954,0.11765,0.15,603,31.5246,2.85519,0.46656
1285,400,47,47,112,0,0,0,1,325.458,0.11746,0.15,603,31.5246,2.31456,0.46656
1286,400,39,39,108,0,0,0,1,311.485,0.11726,0.15,603,31.5246,2.10828,0.46656
1287,400,36,36,91,0,0,0,1,266.055,0.11707,0.15,603,31.5246,2.51176,0.46656
1288,400,47,47,119,0,0,0,1,338.652,0.11687,0.15,603,31.5246,2.32979,0.46656
1289,400,45,45,111,0,0,0,1,342.456,0.11668,0.15,603,31.5246,2.2368,0.46656
1290,400,46,46,116,0,0,0,1,329.878,0.11648,0.15,603,31.5246,2.24736,0.46656
1291,400,35,35,84,0,0,0,1,262.018,0.11629,0.15,603,31.5246,2.34554,0.46656
1292,400,39,39,111,0,0,0,1,316.111,0.1161,0.15,603,31.5246,2.23484,0.46656
1293,400,42,42,113,0,0,0,1,320.218,0.1159,0.15,603,31.5246,2.36895,0.46656
1294,400,43,43,93,0,0,0,1,295.801,0.11571,0.15,603,31.5246,2.34058,0.46656
1295,400,34,34,91,0,0,0,1,277.881,0.11552,0.15,603,31.5246,2.00752,0.46656
1296,400,36,36,100,0,0,0,1,262.776,0.11533,0.15,603,31.5246,2.4601,0.46656
1297,400,49,49,121,0,0,0,1,342.949,0.11513,0.15,603,31.5246,2.21639,0.46656
1298,400,45,45,116,0,0,0,1,336.936,0.11494,0.15,603,31.5246,2.33529,0.46656
1299,400,37,37,95,0,0,0,1,285.297,0.11475,0.15,603,31.5246,2.28064,0.46656
1300,400,40,40,108,0,0,0,1,304.768,0.11456,0.15,603,31.5246,2.04507,0.46656
1301,400,39,39,106,0,0,0,1,288.019,0.11437,0.15,603,31.5246,2.21719,0.46656
1302,400,43,43,113,0,0,0,1,321.706,0.11418,0.15,603,31.5246,2.19155,0.46656
1303,400,40,40,85,0,0,0,1,279.866,0.11399,0.15,603,31.5246,2.34541,0.46656
1304,400,44,44,127,0,0,0,1,331.049,0.1138,0.15,603,31.5246,2.00082,0.46656
1305,400,40,40,97,0,0,0,1,290.285,0.11361,0.15,603,31.5246,2.27578,0.46656
1306,400,43,43,121,0,0,0,1,273.587,0.11342,0.15,603,31.5246,2.9537,0.46656
1307,400,44,44,104,0,0,0,1,313.615,0.11323,0.15,603,31.5246,2.37138,0.46656
1308,400,43,43,107,0,0,0,1,301.087,0.11304,0.15,603,31.5246,2.41853,0.46656
1309,400,49,49,117,0,0,0,1,320.098,0.11285,0.15,603,31.5246,2.3632,0.46656
1310,400,40,40,99,0,0,0,1,288.313,0.11267,0.15,603,31.5246,2.3811,0.46656
1311,400,49,49,122,0,0,0,1,347.391,0.11248,0.15,603,31.5246,2.43286,0.46656
1312,400,49,49,113,0,0,0,1,335.799,0.11229,0.15,603,31.5246,2.35512,0.46656
1313,400,41,41,100,0,0,0,1,292.097,0.1121,0.15,603,31.5246,2.43847,0.46656
1314,400,45,45,122,0,0,0,1,319.321,0.11192,0.15,603,31.5246,2.43782,0.46656
1315,400,49,49,119,0,0,0,1,357.346,0.11173,0.15,603,31.5246,2.23393,0.46656
1316,400,49,49,126,0,0,0,1,344.046,0.11154,0.15,603,31.5246,2.362,0.46656
1317,400,46,46,110,0,0,0,1,325.517,0.11136,0.15,603,31.5246,2.44579,0.46656
1318,400,50,50,118,0,0,0,1,342.314,0.11117,0.15,603,31.5246,2.40984,0.46656
1319,400,48,48,138,0,0,0,1,375.112,0.11099,0.15,603,31.5246,2.31963,0.46656
1320,400,47,47,111,0,0,0,1,335.94,0.1108,0.15,603,31.5246,2.54619,0.46656
1321,400,49,49,122,0,0,0,1,354.409,0.11062,0.15,603,31.5246,2.19873,0.46656
1322,400,38,38,103,0,0,0,1,292.958,0.11043,0.15,603,31.5246,2.27016,0.46656
1323,400,43,43,116,0,0,0,1,314.745,0.11025,0.15,603,31.5246,2.47687,0.46656
1324,400,48,48,112,0,0,0,1,346.579,0.11007,0.15,603,31.5246,2.23283,0.46656
1325,400,47,47,115,0,0,0,1,333.71,0.10988,0.15,603,31.5246,2.11646,0.46656
1326,400,47,47,111,0,0,0,1,333.24,0.1097,0.15,603,31.5246,2.35991,0.46656
1327,400,45,45,112,0,0,0,1,318.53,0.10952,0.15,603,31.5246,2.42721,0.46656
1328,400,50,50,119,0,0,0,1,350.444,0.10934,0.15,603,31.5246,2.25063,0.46656
1329,400,46,46,108,0,0,0,1,321.436,0.10915,0.15,603,31.5246,2.23959,0.46656
1330,400,46,46,106,0,0,0,1,314.506,0.10897,0.15,603,31.5246,2.20278,0.46656
1331,400,44,44,119,0,0,0,1,339.024,0.10879,0.15,603,31.5246,1.9833,0.46656
1332,400,45,45,120,0,0,0,1,341.108,0.10861,0.15,603,31.5246,2.18375,0.46656
1333,400,41,41,107,0,0,0,1,294.223,0.10843,0.15,603,31.5246,2.52831,0.46656
1334,400,43,43,98,0,0,0,1,273.025,0.10825,0.15,603,31.5246,2.76,0.46656
1335,400,42,42,107,0,0,0,1,310.773,0.10807,0.15,603,31.5246,2.07186,0.46656
1336,400,41,41,102,0,0,0,1,245.091,0.10789,0.15,603,31.5246,2.82403,0.46656
1337,400,39,39,109,0,0,0,1,296.696,0.10771,0.15,603,31.5246,2.05102,0.46656
1338,400,42,42,109,0,0,0,1,306.032,0.10753,0.15,603,31.5246,2.23752,0.46656
1339,400,34,34,99,0,0,0,1,277.039,0.10735,0.15,603,31.5246,2.13955,0.46656
1340,400,46,46,121,0,0,0,1,333.281,0.10717,0.15,603,31.5246,2.25032,0.46656
1341,400,46,46,110,0,0,0,1,319.782,0.10699,0.15,603,31.5246,2.09263,0.46656
1342,400,49,49,111,0,0,0,1,320.468,0.10681,0.15,603,31.5246,2.38917,0.46656
1343,400,44,44,114,0,0,0,1,323.352,0.10664,0.15,603,31.5246,2.25246,0.46656
1344,400,41,41,118,0,0,0,1,318.831,0.10646,0.15,603,31.5246,2.10898,0.46656
1345,400,40,40,117,0,0,0,1,314.618,0.10628,0.15,603,31.5246,2.05732,0.46656
1346,400,44,44,113,0,0,0,1,336.941,0.1061,0.15,603,31.5246,2.10267,0.46656
1347,400,30,30,84,0,0,0,1,253.05,0.10593,0.15,603,31.5246,1.96411,0.46656
1348,400,32,32,97,0,0,0,1,263.347,0.10575,0.15,603,31.5246,2.21169,0.46656
1349,400,40,40,109,0,0,0,1,302.124,0.10558,0.15,603,31.5246,2.11121,0.46656
1350,400,43,43,118,0,0,0,1,317.909,0.1054,0.15,603,31.5246,2.02028,0.46656
1351,400,39,39,99,0,0,0,1,238.84,0.10522,0.15,603,31.5246,2.73835,0.46656
1352,400,37,37,106,0,0,0,1,230.633,0.10505,0.15,603,31.5246,2.86814,0.46656
1353,400,41,41,106,0,0,0,1,249.333,0.10487,0.15,603,31.5246,2.57803,0.46656
1354,400,37,37,81,0,0,0,1,220.294,0.1047,0.15,603,31.5246,2.53367,0.46656
1355,400,35,35,87,0,0,0,1,206.692,0.10452,0.15,603,31.5246,2.60589,0.46656
1356,400,36,36,93,0,0,0,1,235.228,0.10435,0.15,603,31.5246,2.77191,0.46656
1357,400,39,39,91,0,0,0,1,250.667,0.10418,0.15,603,31.5246,2.46004,0.46656
1358,400,34,34,81,0,0,0,1,216.833,0.104,0.15,603,31.5246,2.50583,0.46656
1359,400,32,32,81,0,0,0,1,234.186,0.10383,0.15,603,31.5246,2.21643,0.46656
1360,400,38,38,93,0,0,0,1,245.98,0.10366,0.15,603,31.5246,2.25531,0.46656
1361,400,22,22,67,0,0,0,1,159.613,0.10348,0.15,603,31.5246,2.33263,0.46656
1362,400,29,29,87,0,0,0,1,175.489,0.10331,0.15,603,31.5246,2.51269,0.46656
1363,400,38,38,106,0,0,0,1,244.254,0.10314,0.15,603,31.5246,2.47441,0.46656
1364,400,45,45,116,0,0,0,1,311.236,0.10297,0.15,603,31.5246,2.47253,0.46656
1365,400,31,31,96,0,0,0,1,230.288,0.1028,0.15,603,31.5246,2.49653,0.46656
1366,400,40,40,98,0,0,0,1,272.435,0.10263,0.15,603,31.5246,2.27767,0.46656
1367,400,35,35,100,0,0,0,1,252.433,0.10245,0.15,603,31.5246,2.47799,0.46656
1368,400,37,37,99,0,0,0,1,295.219,0.10228,0.15,603,31.5246,2.18718,0.46656
1369,400,38,38,99,0,0,0,1,274.682,0.10211,0.15,603,31.5246,2.31926,0.46656
1370,400,40,40,94,0,0,0,1,280.956,0.10194,0.15,603,31.5246,2.36565,0.46656
1371,400,39,39,98,0,0,0,1,275.079,0.10177,0.15,603,31.5246,2.47606,0.46656
1372,400,42,42,110,0,0,0,1,343.666,0.1016,0.15,603,31.5246,2.30118,0.46656
1373,400,48,48,114,0,0,0,1,349.832,0.10144,0.15,603,31.5246,2.24293,0.46656
1374,400,42,42,111,0,0,0,1,305.749,0.10127,0.15,603,31.5246,2.13612,0.46656
1375,400,47,47,107,0,0,0,1,347.16,0.1011,0.15,603,31.5246,2.16993,0.46656
1376,400,39,39,93,0,0,0,1,268.712,0.10093,0.15,603,31.5246,2.42209,0.46656
1377,400,38,38,95,0,0,0,1,282.132,0.10076,0.15,603,31.5246,2.44067,0.46656
1378,400,47,47,118,0,0,0,1,348.331,0.10059,0.15,603,31.5246,2.2837,0.46656
1379,400,41,41,103,0,0,0,1,301.46,0.10043,0.15,603,31.5246,2.2359,0.46656
1380,400,46,46,118,0,0,0,1,341.814,0.10026,0.15,603,31.5246,2.16642,0.46656
1381,400,39,39,106,0,0,0,1,290.517,0.10009,0.15,603,31.5246,2.35092,0.46656
1382,400,45,45,113,0,0,0,1,346.502,0.09993,0.15,603,31.5246,2.18116,0.46656
1383,400,40,40,93,0,0,0,1,287.01,0.09976,0.15,603,31.5246,2.30648,0.46656
1384,400,45,45,99,0,0,0,1,300.712,0.09959,0.15,603,31.5246,2.32128,0.46656
1385,400,45,45,114,0,0,0,1,307.525,0.09943,0.15,603,31.5246,2.53539,0.46656
1386,400,47,47,113,0,0,0,1,345.544,0.09926,0.15,603,31.5246,2.18932,0.46656
1387,400,45,45,107,0,0,0,1,322.995,0.0991,0.15,603,31.5246,2.42879,0.46656
1388,400,45,45,107,0,0,0,1,309.206,0.09893,0.15,603,31.5246,2.49739,0.46656
1389,400,43,43,106,0,0,0,1,299.524,0.09877,0.15,603,31.5246,2.45835,0.46656
1390,400,43,43,111,0,0,0,1,310.111,0.0986,0.15,603,31.5246,2.26809,0.46656
1391,400,45,45,97,0,0,0,1,287.385,0.09844,0.15,603,31.5246,2.96777,0.46656
1392,400,40,40,102,0,0,0,1,290.033,0.09827,0.15,603,31.5246,2.32523,0.46656
1393,400,42,42,112,0,0,0,1,314.36,0.09811,0.15,603,31.5246,2.323,0.46656
1394,400,46,46,111,0,0,0,1,336.578,0.09795,0.15,603,31.5246,2.43096,0.46656
1395,400,39,39,96,0,0,0,1,289.55,0.09778,0.15,603,31.5246,2.35892,0.46656
1396,400,42,42,104,0,0,0,1,311.639,0.09762,0.15,603,31.5246,2.18298,0.46656
1397,400,38,38,115,0,0,0,1,305.706,0.09746,0.15,603,31.5246,2.3526,0.46656
1398,400,39,39,93,0,0,0,1,305.342,0.0973,0.15,603,31.5246,2.09316,0.46656
1399,400,40,40,111,0,0,0,1,318.803,0.09713,0.15,603,31.5246,2.06576,0.46656
1400,400,38,38,87,0,0,0,1,221.304,0.09697,0.15,603,31.5246,2.99215,0.46656
1401,400,36,36,97,0,0,0,1,237.225,0.09681,0.15,603,31.5246,2.6504,0.46656
1402,400,46,46,120,0,0,0,1,328.043,0.09665,0.15,603,31.5246,2.12155,0.46656
1403,400,45,45,113,0,0,0,1,335.082,0.09649,0.15,603,31.5246,2.23137,0.46656
1404,400,41,41,95,0,0,0,1,279.423,0.09633,0.15,603,31.5246,2.32898,0.46656
1405,400,37,37,101,0,0,0,1,278.502,0.09617,0.15,603,31.5246,2.09804,0.46656
1406,400,38,38,95,0,0,0,1,286.393,0.09601,0.15,603,31.5246,2.02378,0.46656
1407,400,44,44,97,0,0,0,1,304.913,0.09585,0.15,603,31.5246,2.3936,0.46656
1408,400,43,43,112,0,0,0,1,312.894,0.09569,0.15,603,31.5246,2.15304,0.46656
1409,400,36,36,109,0,0,0,1,281.359,0.09553,0.15,603,31.5246,2.23198,0.46656
1410,400,43,43,125,0,0,0,1,343.638,0.09537,0.15,603,31.5246,2.12095,0.46656
1411,400,47,47,123,0,0,0,1,356.224,0.09521,0.15,603,31.5246,2.26238,0.46656
1412,400,44,44,98,0,0,0,1,325.885,0.09505,0.15,603,31.5246,2.17347,0.46656
1413,400,38,38,101,0,0,0,1,293.924,0.09489,0.15,603,31.5246,2.04451,0.46656
1414,399,50,50,128,0,0,0,1,378.472,0.09474,0.15,603,31.5246,2.1284,0.46656
1415,400,49,49,112,0,0,0,1,348.597,0.09458,0.15,603,31.5246,2.19979,0.46656
1416,400,48,48,116,0,0,0,1,349.509,0.09442,0.15,603,31.5246,2.16796,0.46656
1417,400,44,44,123,0,0,0,1,350.842,0.09426,0.15,603,31.5246,2.28627,0.46656
1418,400,38,38,111,0,0,0,1,321.709,0.09411,0.15,603,31.5246,1.97866,0.46656
1419,400,42,42,107,0,0,0,1,306.253,0.09395,0.15,603,31.5246,2.13631,0.46656
1420,400,43,43,110,0,0,0,1,316.777,0.09379,0.15,603,31.5246,2.1144,0.46656
1421,400,46,46,123,0,0,0,1,349.701,0.09364,0.15,603,31.5246,2.18749,0.46656
1422,400,36,36,109,0,0,0,1,286.049,0.09348,0.15,603,31.5246,2.13136,0.46656
1423,400,42,42,102,0,0,0,1,291.739,0.09333,0.15,603,31.5246,2.10398,0.46656
1424,400,46,46,122,0,0,0,1,339.519,0.09317,0.15,603,31.5246,2.22837,0.46656
1425,400,40,40,99,0,0,0,1,299.73,0.09301,0.15,603,31.5246,1.92674,0.46656
1426,400,41,41,113,0,0,0,1,296.36,0.09286,0.15,603,31.5246,2.15279,0.46656
1427,400,42,42,107,0,0,0,1,329.493,0.0927,0.15,603,31.5246,2.01824,0.46656
1428,400,44,44,108,0,0,0,1,325.383,0.09255,0.15,603,31.5246,2.32558,0.46656
1429,400,47,47,119,0,0,0,1,352.994,0.0924,0.15,603,31.5246,2.03656,0.46656
1430,400,38,38,112,0,0,0,1,308.665,0.09224,0.15,603,31.5246,2.17103,0.46656
1431,400,48,48,127,0,0,0,1,352.433,0.09209,0.15,603,31.5246,2.44789,0.46656
1432,400,42,42,117,0,0,0,1,333.396,0.09194,0.15,603,31.5246,2.09677,0.46656
1433,400,46,46,119,0,0,0,1,347.497,0.09178,0.15,603,31.5246,2.2179,0.46656
1434,400,45,45,95,0,0,0,1,300.132,0.09163,0.15,603,31.5246,2.63974,0.46656
1435,400,47,47,112,0,0,0,1,337.714,0.09148,0.15,603,31.5246,2.18341,0.46656
1436,400,43,43,108,0,0,0,1,326.757,0.09132,0.15,603,31.5246,2.08746,0.46656
1437,400,40,40,118,0,0,0,1,314.093,0.09117,0.15,603,31.5246,2.17162,0.46656
1438,400,49,49,111,0,0,0,1,334.12,0.09102,0.15,603,31.5246,2.23385,0.46656
1439,400,41,41,116,0,0,0,1,329.886,0.09087,0.15,603,31.5246,2.05893,0.46656
1440,400,45,45,112,0,0,0,1,323.982,0.09072,0.15,603,31.5246,2.17586,0.46656
1441,400,48,48,122,0,0,0,1,354.041,0.09057,0.15,603,31.5246,1.9947,0.46656
1442,400,42,42,107,0,0,0,1,302.041,0.09042,0.15,603,31.5246,2.33558,0.46656
1443,400,44,44,111,0,0,0,1,322.594,0.09027,0.15,603,31.5246,2.17564,0.46656
1444,400,35,35,96,0,0,0,1,279.399,0.09012,0.15,603,31.5246,2.07254,0.46656
1445,400,48,48,110,0,0,0,1,338.292,0.08997,0.15,603,31.5246,2.17919,0.46656
1446,400,45,45,114,0,0,0,1,339.314,0.08982,0.15,603,31.5246,2.00899,0.46656
1447,400,46,46,116,0,0,0,1,320.501,0.08967,0.15,603,31.5246,2.03497,0.46656
1448,400,34,34,110,0,0,0,1,279.668,0.08952,0.15,603,31.5246,2.14387,0.46656
1449,400,31,31,100,0,0,0,1,258.178,0.08937,0.15,603,31.5246,2.19855,0.46656
1450,400,39,39,93,0,0,0,1,286.011,0.08922,0.15,603,31.5246,2.06016,0.46656
1451,400,46,46,123,0,0,0,1,337.02,0.08907,0.15,603,31.5246,2.13985,0.46656
1452,400,41,41,112,0,0,0,1,304.66,0.08892,0.15,603,31.5246,2.09084,0.46656
1453,400,42,42,108,0,0,0,1,311.403,0.08877,0.15,603,31.5246,2.16798,0.46656
1454,400,50,50,110,0,0,0,1,342.733,0.08863,0.15,603,31.5246,2.26415,0.46656
1455,400,40,40,112,0,0,0,1,309.748,0.08848,0.15,603,31.5246,2.27839,0.46656
1456,400,45,45,119,0,0,0,1,333.48,0.08833,0.15,603,31.5246,2.10187,0.46656
1457,400,42,42,107,0,0,0,1,298.669,0.08818,0.15,603,31.5246,2.25169,0.46656
1458,400,45,45,116,0,0,0,1,339.179,0.08804,0.15,603,31.5246,2.0121,0.46656
1459,400,50,50,115,0,0,0,1,341.357,0.08789,0.15,603,31.5246,2.38667,0.46656
1460,400,42,42,119,0,0,0,1,327.088,0.08774,0.15,603,31.5246,2.07532,0.46656
1461,400,46,46,111,0,0,0,1,345.381,0.0876,0.15,603,31.5246,1.92636,0.46656
1462,400,41,41,118,0,0,0,1,317.622,0.08745,0.15,603,31.5246,2.14965,0.46656
1463,400,39,39,100,0,0,0,1,286.243,0.08731,0.15,603,31.5246,2.28769,0.46656
1464,400,47,47,104,0,0,0,1,300.57,0.08716,0.15,603,31.5246,2.49026,0.46656
1465,400,44,44,112,0,0,0,1,337.94,0.08702,0.15,603,31.5246,2.22597,0.46656
1466,400,42,42,109,0,0,0,1,309.036,0.08687,0.15,603,31.5246,2.21527,0.46656
1467,400,38,38,116,0,0,0,1,300.141,0.08673,0.15,603,31.5246,1.96916,0.46656
1468,400,34,34,114,0,0,0,1,290.173,0.08658,0.15,603,31.5246,2.07592,0.46656
1469,400,47,47,123,0,0,0,1,345.894,0.08644,0.15,603,31.5246,2.10851,0.46656
1470,400,44,44,121,0,0,0,1,338.007,0.08629,0.15,603,31.5246,1.95182,0.46656
1471,400,30,30,73,0,0,0,1,216.383,0.08615,0.15,603,31.5246,2.27617,0.46656
1472,400,45,45,105,0,0,0,1,306.541,0.08601,0.15,603,31.5246,2.24495,0.46656
1473,400,46,46,124,0,0,0,1,335.196,0.08586,0.15,603,31.5246,2.10097,0.46656
1474,400,42,42,117,0,0,0,1,281.684,0.08572,0.15,603,31.5246,2.63406,0.46656
1475,400,47,47,114,0,0,0,1,331.377,0.08558,0.15,603,31.5246,2.26754,0.46656
1476,400,42,42,113,0,0,0,1,316.24,0.08543,0.15,603,31.5246,2.18735,0.46656
1477,400,45,45,118,0,0,0,1,323.517,0.08529,0.15,603,31.5246,2.21276,0.46656
1478,400,45,45,113,0,0,0,1,337.573,0.08515,0.15,603,31.5246,1.98854,0.46656
1479,400,49,49,119,0,0,0,1,345.079,0.08501,0.15,603,31.5246,2.22365,0.46656
1480,398,50,50,121,0,0,0,1,340.919,0.08487,0.15,603,31.5246,2.22979,0.46656
1481,400,45,45,112,0,0,0,1,312.46,0.08473,0.15,603,31.5246,2.21627,0.46656
1482,400,43,43,104,0,0,0,1,300.933,0.08458,0.15,603,31.5246,2.10046,0.46656
1483,400,48,48,117,0,0,0,1,326.36,0.08444,0.15,603,31.5246,2.06038,0.46656
1484,400,34,34,91,0,0,0,1,268.289,0.0843,0.15,603,31.5246,1.98945,0.46656
1485,400,35,35,100,0,0,0,1,275.06,0.08416,0.15,603,31.5246,2.07388,0.46656
1486,400,49,49,119,0,0,0,1,335.423,0.08402,0.15,603,31.5246,2.31011,0.46656
1487,400,34,34,109,0,0,0,1,296.843,0.08388,0.15,603,31.5246,1.95849,0.46656
1488,400,46,46,110,0,0,0,1,329.744,0.08374,0.15,603,31.5246,1.93449,0.46656
1489,400,41,41,104,0,0,0,1,309.451,0.0836,0.15,603,31.5246,2.16219,0.46656
1490,400,43,43,114,0,0,0,1,334.496,0.08346,0.15,603,31.5246,2.01083,0.46656
1491,400,34,34,94,0,0,0,1,277.336,0.08333,0.15,603,31.5246,2.13463,0.46656
1492,400,49,49,119,0,0,0,1,343.796,0.08319,0.15,603,31.5246,2.02664,0.46656
1493,400,41,41,114,0,0,0,1,314.278,0.08305,0.15,603,31.5246,2.10466,0.46656
1494,400,43,43,95,0,0,0,1,307.953,0.08291,0.15,603,31.5246,2.19546,0.46656
1495,400,37,37,100,0,0,0,1,285.464,0.08277,0.15,603,31.5246,2.18805,0.46656
1496,400,43,43,109,0,0,0,1,317.926,0.08263,0.15,603,31.5246,2.19742,0.46656
1497,400,40,40,102,0,0,0,1,308.06,0.0825,0.15,603,31.5246,2.07629,0.46656
1498,400,50,50,119,0,0,0,1,360.195,0.08236,0.15,603,31.5246,2.09452,0.46656
1499,400,46,46,122,0,0,0,1,337.666,0.08222,0.15,603,31.5246,2.09998,0.46656
1500,400,48,48,115,0,0,0,1,330.267,0.08208,0.15,603,31.5246,2.41,0.46656
1501,400,44,44,116,0,0,0,1,330.373,0.08195,0.15,603,31.5246,1.99309,0.46656
1502,400,43,43,103,0,0,0,1,312.927,0.08181,0.15,603,31.5246,2.0766,0.46656
1503,400,47,47,120,0,0,0,1,341.093,0.08168,0.15,603,31.5246,2.2847,0.46656
1504,400,44,44,103,0,0,0,1,313.571,0.08154,0.15,603,31.5246,2.32602,0.46656
1505,400,45,45,120,0,0,0,1,339.304,0.0814,0.15,603,31.5246,1.94139,0.46656
1506,400,49,49,117,0,0,0,1,361.665,0.08127,0.15,603,31.5246,2.04343,0.46656
1507,400,39,39,115,0,0,0,1,319.785,0.08113,0.15,603,31.5246,2.16853,0.46656
1508,400,47,47,103,0,0,0,1,328.416,0.081,0.15,603,31.5246,2.29317,0.46656
1509,400,48,48,122,0,0,0,1,352.992,0.08086,0.15,603,31.5246,2.11594,0.46656
1510,400,47,47,117,0,0,0,1,341.851,0.08073,0.15,603,31.5246,2.16031,0.46656
1511,400,45,45,116,0,0,0,1,333.0,0.08059,0.15,603,31.5246,2.1288,0.46656
1512,400,46,46,105,0,0,0,1,337.534,0.08046,0.15,603,31.5246,2.13521,0.46656
1513,400,50,50,119,0,0,0,1,364.216,0.08033,0.15,603,31.5246,2.17717,0.46656
1514,400,48,48,107,0,0,0,1,336.732,0.08019,0.15,603,31.5246,2.26499,0.46656
1515,400,40,40,111,0,0,0,1,310.938,0.08006,0.15,603,31.5246,2.14986,0.46656
1516,400,42,42,117,0,0,0,1,333.735,0.07992,0.15,603,31.5246,2.09907,0.46656
1517,400,46,46,124,0,0,0,1,343.355,0.07979,0.15,603,31.5246,2.16227,0.46656
1518,400,44,44,127,0,0,0,1,354.877,0.07966,0.15,603,31.5246,1.88461,0.46656
1519,400,41,41,101,0,0,0,1,296.681,0.07953,0.15,603,31.5246,2.32758,0.46656
1520,400,48,48,113,0,0,0,1,344.303,0.07939,0.15,603,31.5246,2.05992,0.46656
1521,400,48,48,122,0,0,0,1,345.203,0.07926,0.15,603,31.5246,2.32616,0.46656
1522,400,48,48,129,0,0,0,1,360.166,0.07913,0.15,603,31.5246,2.23785,0.46656
1523,400,44,44,114,0,0,0,1,347.864,0.079,0.15,603,31.5246,2.12384,0.46656
1524,400,43,43,114,0,0,0,1,347.578,0.07887,0.15,603,31.5246,2.20576,0.46656
1525,400,45,45,111,0,0,0,1,326.907,0.07874,0.15,603,31.5246,2.36334,0.46656
1526,400,44,44,117,0,0,0,1,337.849,0.0786,0.15,603,31.5246,2.17521,0.46656
1527,400,47,47,121,0,0,0,1,352.16,0.07847,0.15,603,31.5246,2.36523,0.46656
1528,400,48,48,116,0,0,0,1,351.749,0.07834,0.15,603,31.5246,2.15391,0.46656
1529,400,43,43,118,0,0,0,1,330.765,0.07821,0.15,603,31.5246,2.18178,0.46656
1530,400,40,40,119,0,0,0,1,324.747,0.07808,0.15,603,31.5246,2.11001,0.46656
1531,400,44,44,116,0,0,0,1,337.67,0.07795,0.15,603,31.5246,2.16786,0.46656
1532,400,45,45,106,0,0,0,1,320.352,0.07782,0.15,603,31.5246,2.18043,0.46656
1533,400,47,47,126,0,0,0,1,354.409,0.07769,0.15,603,31.5246,2.10165,0.46656
1534,400,47,47,107,0,0,0,1,329.279,0.07756,0.15,603,31.5246,2.42523,0.46656
1535,400,47,47,111,0,0,0,1,340.686,0.07743,0.15,603,31.5246,2.49184,0.46656
1536,400,48,48,120,0,0,0,1,349.126,0.0773,0.15,603,31.5246,2.26207,0.46656
1537,400,48,48,114,0,0,0,1,348.389,0.07718,0.15,603,31.5246,2.19942,0.46656
1538,400,40,40,113,0,0,0,1,301.009,0.07705,0.15,603,31.5246,2.30805,0.46656
1539,400,50,50,120,0,0,0,1,362.645,0.07692,0.15,603,31.5246,2.24796,0.46656
1540,400,42,42,106,0,0,0,1,317.021,0.07679,0.15,603,31.5246,2.22401,0.46656
1541,400,45,45,116,0,0,0,1,343.749,0.07666,0.15,603,31.5246,2.394,0.46656
1542,400,48,48,118,0,0,0,1,345.022,0.07654,0.15,603,31.5246,2.31719,0.46656
1543,400,42,42,112,0,0,0,1,332.853,0.07641,0.15,603,31.5246,2.40229,0.46656
1544,400,50,50,120,0,0,0,1,359.666,0.07628,0.15,603,31.5246,2.04504,0.46656
1545,400,41,41,106,0,0,0,1,325.993,0.07615,0.15,603,31.5246,2.12374,0.46656
1546,400,33,33,99,0,0,0,1,271.771,0.07603,0.15,603,31.5246,2.43677,0.46656
1547,400,46,46,117,0,0,0,1,330.551,0.0759,0.15,603,31.5246,2.60439,0.46656
1548,400,43,43,118,0,0,0,1,339.208,0.07577,0.15,603,31.5246,2.0346,0.46656
1549,400,45,45,118,0,0,0,1,350.3,0.07565,0.15,603,31.5246,2.23954,0.46656
1550,400,44,44,109,0,0,0,1,327.349,0.07552,0.15,603,31.5246,1.99952,0.46656
1551,400,44,44,107,0,0,0,1,321.909,0.0754,0.15,603,31.5246,2.03287,0.46656
1552,400,44,44,103,0,0,0,1,299.591,0.07527,0.15,603,31.5246,2.2816,0.46656
1553,400,49,49,130,0,0,0,1,365.324,0.07515,0.15,603,31.5246,2.11164,0.46656
1554,400,47,47,117,0,0,0,1,345.538,0.07502,0.15,603,31.5246,2.38809,0.46656
1555,400,47,47,109,0,0,0,1,342.379,0.0749,0.15,603,31.5246,2.0738,0.46656
1556,400,45,45,108,0,0,0,1,311.481,0.07477,0.15,603,31.5246,2.28027,0.46656
1557,400,48,48,119,0,0,0,1,345.958,0.07465,0.15,603,31.5246,1.97113,0.46656
1558,400,34,34,95,0,0,0,1,255.33,0.07452,0.15,603,31.5246,2.62634,0.46656
1559,400,45,45,111,0,0,0,1,308.598,0.0744,0.15,603,31.5246,2.38813,0.46656
1560,400,48,48,124,0,0,0,1,360.038,0.07427,0.15,603,31.5246,1.95858,0.46656
1561,400,46,46,118,0,0,0,1,346.532,0.07415,0.15,603,31.5246,2.11136,0.46656
1562,400,46,46,116,0,0,0,1,348.445,0.07403,0.15,603,31.5246,2.21997,0.46656
1563,400,47,47,107,0,0,0,1,324.121,0.0739,0.15,603,31.5246,2.36579,0.46656
1564,400,48,48,114,0,0,0,1,352.489,0.07378,0.15,603,31.5246,2.26918,0.46656
1565,400,43,43,115,0,0,0,1,333.575,0.07366,0.15,603,31.5246,2.18354,0.46656
1566,400,49,49,121,0,0,0,1,351.968,0.07353,0.15,603,31.5246,2.37378,0.46656
1567,400,45,45,119,0,0,0,1,345.538,0.07341,0.15,603,31.5246,2.18792,0.46656
1568,400,45,45,112,0,0,0,1,330.99,0.07329,0.15,603,31.5246,2.26052,0.46656
1569,400,47,47,119,0,0,0,1,342.762,0.07317,0.15,603,31.5246,2.69723,0.46656
1570,400,46,46,125,0,0,0,1,356.577,0.07305,0.15,603,31.5246,2.24949,0.46656
1571,400,42,42,113,0,0,0,1,289.123,0.07292,0.15,603,31.5246,2.8008,0.46656
1572,400,47,47,114,0,0,0,1,345.154,0.0728,0.15,603,31.5246,2.33247,0.46656
1573,400,48,48,113,0,0,0,1,348.742,0.07268,0.15,603,31.5246,2.15742,0.46656
1574,400,35,35,91,0,0,0,1,273.421,0.07256,0.15,603,31.5246,2.28421,0.46656
1575,400,49,49,118,0,0,0,1,351.004,0.07244,0.15,603,31.5246,2.15186,0.46656
1576,400,30,30,87,0,0,0,1,246.053,0.07232,0.15,603,31.5246,2.15905,0.46656
1577,400,46,46,118,0,0,0,1,330.129,0.0722,0.15,603,31.5246,2.38843,0.46656
1578,400,32,32,101,0,0,0,1,272.435,0.07208,0.15,603,31.5246,2.26996,0.46656
1579,400,37,37,97,0,0,0,1,273.383,0.07196,0.15,603,31.5246,2.35073,0.46656
1580,400,40,40,108,0,0,0,1,293.743,0.07184,0.15,603,31.5246,2.2331,0.46656
1581,400,45,45,115,0,0,0,1,318.625,0.07172,0.15,603,31.5246,2.21002,0.46656
1582,400,45,45,115,0,0,0,1,344.896,0.0716,0.15,603,31.5246,2.32744,0.46656
1583,400,43,43,106,0,0,0,1,316.579,0.07148,0.15,603,31.5246,2.19319,0.46656
1584,400,41,41,102,0,0,0,1,316.687,0.07136,0.15,603,31.5246,2.24857,0.46656
1585,400,47,47,115,0,0,0,1,354.958,0.07124,0.15,603,31.5246,2.21606,0.46656
1586,400,34,34,106,0,0,0,1,266.981,0.07112,0.15,603,31.5246,2.71516,0.46656
1587,400,43,43,119,0,0,0,1,335.614,0.07101,0.15,603,31.5246,2.33008,0.46656
1588,400,47,47,113,0,0,0,1,345.831,0.07089,0.15,603,31.5246,2.0846,0.46656
1589,400,47,47,112,0,0,0,1,325.256,0.07077,0.15,603,31.5246,2.46613,0.46656
1590,400,48,48,117,0,0,0,1,365.181,0.07065,0.15,603,31.5246,1.82165,0.46656
1591,400,43,43,120,0,0,0,1,331.895,0.07053,0.15,603,31.5246,2.33385,0.46656
1592,400,47,47,115,0,0,0,1,340.209,0.07042,0.15,603,31.5246,2.20011,0.46656
1593,400,49,49,122,0,0,0,1,353.224,0.0703,0.15,603,31.5246,2.11928,0.46656
1594,400,48,48,122,0,0,0,1,370.775,0.07018,0.15,603,31.5246,2.04853,0.46656
1595,400,43,43,115,0,0,0,1,331.386,0.07006,0.15,603,31.5246,2.37784,0.46656
1596,400,44,44,114,0,0,0,1,330.582,0.06995,0.15,603,31.5246,2.10247,0.46656
1597,400,46,46,117,0,0,0,1,343.16,0.06983,0.15,603,31.5246,2.12457,0.46656
1598,400,48,48,109,0,0,0,1,348.807,0.06972,0.15,603,31.5246,2.17138,0.46656
1599,400,41,41,107,0,0,0,1,303.526,0.0696,0.15,603,31.5246,2.5225,0.46656
1600,400,50,50,124,0,0,0,1,361.917,0.06948,0.15,603,31.5246,2.30625,0.46656
1601,400,43,43,113,0,0,0,1,338.882,0.06937,0.15,603,31.5246,2.26364,0.46656
1602,400,38,38,98,0,0,0,1,294.811,0.06925,0.15,603,31.5246,2.10698,0.46656
1603,400,44,44,112,0,0,0,1,329.746,0.06914,0.15,603,31.5246,2.27274,0.46656
1604,400,41,41,103,0,0,0,1,270.19,0.06902,0.15,603,31.5246,2.48102,0.46656
1605,400,36,36,109,0,0,0,1,304.328,0.06891,0.15,603,31.5246,1.94959,0.46656
1606,400,12,12,37,0,0,0,1,82.247,0.06879,0.15,603,31.5246,2.3375,0.46656
1607,400,25,25,85,0,0,0,1,222.061,0.06868,0.15,603,31.5246,2.02357,0.46656
1608,400,39,39,106,0,0,0,1,293.631,0.06856,0.15,603,31.5246,2.15847,0.46656
1609,400,47,47,121,0,0,0,1,336.531,0.06845,0.15,603,31.5246,2.34851,0.46656
1610,400,40,40,104,0,0,0,1,313.854,0.06833,0.15,603,31.5246,2.28843,0.46656
1611,400,39,39,96,0,0,0,1,268.776,0.06822,0.15,603,31.5246,2.71802,0.46656
1612,400,43,43,114,0,0,0,1,306.4,0.06811,0.15,603,31.5246,2.42549,0.46656
1613,400,49,49,120,0,0,0,1,332.304,0.06799,0.15,603,31.5246,2.52928,0.46656
1614,400,39,39,111,0,0,0,1,293.956,0.06788,0.15,603,31.5246,2.37483,0.46656
1615,400,42,42,99,0,0,0,1,275.038,0.06777,0.15,603,31.5246,2.58999,0.46656
1616,400,42,42,110,0,0,0,1,298.978,0.06766,0.15,603,31.5246,2.53519,0.46683
1617,400,40,40,112,0,0,0,1,323.645,0.06754,0.15,603,31.5246,2.16484,0.46683
1618,400,42,42,115,0,0,0,1,322.845,0.06743,0.15,603,31.5246,2.43392,0.46683
1619,400,33,33,89,0,0,0,1,278.402,0.06732,0.15,603,31.5246,1.93765,0.46683
1620,400,39,39,106,0,0,0,1,305.762,0.06721,0.15,603,31.5246,2.20884,0.46683
1621,400,48,48,113,0,0,0,1,337.229,0.06709,0.15,603,31.5246,2.088,0.46683
1622,400,34,34,97,0,0,0,1,264.6,0.06698,0.15,603,31.5246,2.07746,0.46683
1623,400,18,18,53,0,0,0,1,159.609,0.06687,0.15,603,31.5246,2.16731,0.46683
1624,400,38,38,94,0,0,0,1,216.976,0.06676,0.15,603,31.5246,3.25449,0.46683
1625,400,33,33,94,0,0,0,1,207.577,0.06665,0.15,603,31.5246,3.00583,0.46683
1626,400,45,45,121,0,0,0,1,265.239,0.06654,0.15,603,31.5246,3.05319,0.46683
1627,400,41,41,106,0,0,0,1,273.047,0.06643,0.15,603,31.5246,2.72271,0.46683
1628,400,44,44,121,0,0,0,1,298.777,0.06632,0.15,603,31.5246,2.61833,0.46683
1629,400,40,40,109,0,0,0,1,269.647,0.0662,0.15,603,31.5246,2.58819,0.46683
1630,400,44,44,114,0,0,0,1,294.445,0.06609,0.15,603,31.5246,2.40655,0.46683
1631,400,40,40,107,0,0,0,1,273.011,0.06598,0.15,603,31.5246,2.66552,0.46683
1632,400,36,36,85,0,0,0,1,241.575,0.06587,0.15,603,31.5246,2.54994,0.46683
1633,400,32,32,75,0,0,0,1,210.194,0.06577,0.15,603,31.5246,2.48939,0.46683
1634,400,36,36,89,0,0,0,1,255.244,0.06566,0.15,603,31.5246,2.34633,0.46683
1635,400,29,29,67,0,0,0,1,210.809,0.06555,0.15,603,31.5246,2.187,0.46683
1636,400,35,35,100,0,0,0,1,261.245,0.06544,0.15,603,31.5246,2.36942,0.46683
1637,400,32,32,101,0,0,0,1,242.127,0.06533,0.15,603,31.5246,2.43272,0.46683
1638,400,41,41,107,0,0,0,1,272.895,0.06522,0.15,603,31.5246,2.34303,0.46683
1639,400,26,26,89,0,0,0,1,181.862,0.06511,0.15,603,31.5246,2.57329,0.46683
1640,400,31,31,105,0,0,0,1,202.498,0.065,0.15,603,31.5246,2.40656,0.46683
1641,400,26,26,90,0,0,0,1,198.059,0.06489,0.15,603,31.5246,2.48263,0.46683
1642,400,37,37,105,0,0,0,1,245.612,0.06479,0.15,603,31.5246,2.21106,0.46683
1643,400,29,29,78,0,0,0,1,221.609,0.06468,0.15,603,31.5246,2.20849,0.46683
1644,400,25,25,75,0,0,0,1,215.93,0.06457,0.15,603,31.5246,1.99377,0.46683
1645,400,36,36,88,0,0,0,1,284.844,0.06446,0.15,603,31.5246,2.10803,0.46683
1646,400,40,40,106,0,0,0,1,299.341,0.06436,0.15,603,31.5246,2.31641,0.46683
1647,400,40,40,118,0,0,0,1,329.364,0.06425,0.15,603,31.5246,2.22939,0.46683
1648,400,29,29,91,0,0,0,1,269.099,0.06414,0.15,603,31.5246,2.17338,0.46683
1649,400,45,45,117,0,0,0,1,331.368,0.06403,0.15,603,31.5246,2.05144,0.46683
1650,400,42,42,105,0,0,0,1,318.934,0.06393,0.15,603,31.5246,2.04202,0.46683
1651,400,39,39,108,0,0,0,1,297.783,0.06382,0.15,603,31.5246,2.09418,0.46683
1652,400,38,38,111,0,0,0,1,298.472,0.06372,0.15,603,31.5246,2.04523,0.46683
1653,400,33,33,96,0,0,0,1,265.126,0.06361,0.15,603,31.5246,1.98139,0.46683
1654,400,42,42,104,0,0,0,1,299.012,0.0635,0.15,603,31.5246,2.17342,0.46683
1655,400,37,37,100,0,0,0,1,287.936,0.0634,0.15,603,31.5246,1.93192,0.46683
1656,400,31,31,82,0,0,0,1,235.771,0.06329,0.15,603,31.5246,1.99837,0.46683
1657,400,41,41,96,0,0,0,1,232.667,0.06319,0.15,603,31.5246,2.71997,0.46683
1658,400,28,28,82,0,0,0,1,198.323,0.06308,0.15,603,31.5246,2.36298,0.46683
1659,400,23,23,61,0,0,0,1,204.891,0.06298,0.15,603,31.5246,1.74477,0.46683
1660,400,35,35,103,0,0,0,1,279.079,0.06287,0.15,603,31.5246,1.93857,0.46683
1661,400,35,35,105,0,0,0,1,277.064,0.06277,0.15,603,31.5246,2.04312,0.46683
1662,400,47,47,114,0,0,0,1,335.363,0.06266,0.15,603,31.5246,2.02082,0.46683
1663,400,45,45,112,0,0,0,1,336.536,0.06256,0.15,603,31.5246,2.10878,0.46683
1664,400,43,43,101,0,0,0,1,266.3,0.06245,0.15,603,31.5246,2.57341,0.46683
1665,400,32,32,107,0,0,0,1,254.925,0.06235,0.15,603,31.5246,2.33176,0.46683
1666,400,41,41,112,0,0,0,1,325.862,0.06225,0.15,603,31.5246,2.01193,0.46683
1667,400,35,35,104,0,0,0,1,281.906,0.06214,0.15,603,31.5246,2.04024,0.46683
1668,400,37,37,97,0,0,0,1,298.68,0.06204,0.15,603,31.5246,2.1085,0.46683
1669,400,30,30,89,0,0,0,1,193.511,0.06194,0.15,603,31.5246,2.88756,0.46683
1670,400,48,48,126,0,0,0,1,330.008,0.06183,0.15,603,31.5246,2.26061,0.46683
1671,400,40,40,106,0,0,0,1,313.429,0.06173,0.15,603,31.5246,1.9629,0.46683
1672,400,41,41,100,0,0,0,1,316.14,0.06163,0.15,603,31.5246,2.19552,0.46683
1673,400,34,34,110,0,0,0,1,238.176,0.06152,0.15,603,31.5246,2.75352,0.46683
1674,400,33,33,109,0,0,0,1,230.046,0.06142,0.15,603,31.5246,2.57511,0.46683
1675,400,45,45,117,0,0,0,1,299.57,0.06132,0.15,603,31.5246,2.4414,0.46683
1676,400,41,41,107,0,0,0,1,301.667,0.06122,0.15,603,31.5246,2.18597,0.46683
1677,400,35,35,98,0,0,0,1,290.844,0.06111,0.15,603,31.5246,2.06517,0.46683
1678,400,45,45,123,0,0,0,1,339.916,0.06101,0.15,603,31.5246,2.05188,0.46683
1679,400,43,43,119,0,0,0,1,332.262,0.06091,0.15,603,31.5246,2.2472,0.46683
1680,400,50,50,118,0,0,0,1,352.924,0.06081,0.15,603,31.5246,2.03314,0.46683
1681,400,48,48,119,0,0,0,1,359.067,0.06071,0.15,603,31.5246,2.1034,0.46683
1682,400,49,49,120,0,0,0,1,341.579,0.06061,0.15,603,31.5246,2.14636,0.46683
1683,400,45,45,106,0,0,0,1,330.808,0.06051,0.15,603,31.5246,2.0224,0.46683
1684,400,48,48,122,0,0,0,1,355.804,0.06041,0.15,603,31.5246,2.1073,0.46683
1685,400,41,41,103,0,0,0,1,314.832,0.06031,0.15,603,31.5246,2.121,0.46683
1686,400,46,46,122,0,0,0,1,345.224,0.0602,0.15,603,31.5246,2.0925,0.46683
1687,400,42,42,107,0,0,0,1,317.951,0.0601,0.15,603,31.5246,2.29042,0.46683
1688,400,44,44,114,0,0,0,1,333.061,0.06,0.15,603,31.5246,2.09415,0.46683
1689,400,42,42,111,0,0,0,1,328.589,0.0599,0.15,603,31.5246,2.13359,0.46683
1690,400,46,46,120,0,0,0,1,353.749,0.0598,0.15,603,31.5246,1.94815,0.46683
1691,400,35,35,105,0,0,0,1,305.48,0.05971,0.15,603,31.5246,2.23856,0.46683
1692,400,31,31,103,0,0,0,1,258.177,0.05961,0.15,603,31.5246,2.05168,0.46683
1693,400,49,49,123,0,0,0,1,369.365,0.05951,0.15,603,31.5246,1.98011,0.46683
1694,400,41,41,120,0,0,0,1,334.454,0.05941,0.15,603,31.5246,1.81549,0.46683
1695,400,50,50,126,0,0,0,1,355.756,0.05931,0.15,603,31.5246,2.02268,0.46683
1696,400,45,45,121,0,0,0,1,352.837,0.05921,0.15,603,31.5246,1.9833,0.46683
1697,400,45,45,109,0,0,0,1,334.575,0.05911,0.15,603,31.5246,1.98503,0.46683
1698,400,47,47,116,0,0,0,1,333.994,0.05901,0.15,603,31.5246,2.24241,0.46683
1699,400,47,47,120,0,0,0,1,347.597,0.05891,0.15,603,31.5246,2.33781,0.46683
1700,400,36,36,110,0,0,0,1,294.034,0.05882,0.15,603,31.5246,2.58665,0.46683
1701,400,44,44,115,0,0,0,1,334.694,0.05872,0.15,603,31.5246,2.1368,0.46683
1702,400,43,43,126,0,0,0,1,330.841,0.05862,0.15,603,31.5246,2.28846,0.46683
1703,400,43,43,117,0,0,0,1,330.403,0.05852,0.15,603,31.5246,2.07303,0.46683
1704,400,47,47,116,0,0,0,1,345.174,0.05843,0.15,603,31.5246,1.91872,0.46683
1705,400,32,32,94,0,0,0,1,269.321,0.05833,0.15,603,31.5246,2.19932,0.46683
1706,400,37,37,99,0,0,0,1,300.326,0.05823,0.15,603,31.5246,2.10061,0.46683
1707,400,47,47,115,0,0,0,1,346.218,0.05813,0.15,603,31.5246,1.99506,0.46683
1708,400,47,47,120,0,0,0,1,348.007,0.05804,0.15,603,31.5246,2.29975,0.46683
1709,400,44,44,125,0,0,0,1,338.708,0.05794,0.15,603,31.5246,2.07978,0.46683
1710,400,48,48,114,0,0,0,1,348.072,0.05784,0.15,603,31.5246,2.24462,0.46683
1711,400,43,43,105,0,0,0,1,317.445,0.05775,0.15,603,31.5246,2.18701,0.46683
1712,400,44,44,112,0,0,0,1,331.092,0.05765,0.15,603,31.5246,2.00656,0.46683
1713,400,41,41,99,0,0,0,1,295.465,0.05756,0.15,603,31.5246,2.32171,0.46683
1714,400,48,48,114,0,0,0,1,346.045,0.05746,0.15,603,31.5246,2.32201,0.46683
1715,400,48,48,122,0,0,0,1,353.852,0.05736,0.15,603,31.5246,2.01955,0.46683
1716,400,46,46,121,0,0,0,1,337.94,0.05727,0.15,603,31.5246,2.10487,0.46683
1717,400,47,47,115,0,0,0,1,335.82,0.05717,0.15,603,31.5246,1.94346,0.46683
1718,400,47,47,119,0,0,0,1,359.615,0.05708,0.15,603,31.5246,2.07064,0.46683
1719,400,45,45,99,0,0,0,1,310.326,0.05698,0.15,603,31.5246,2.21188,0.46683
1720,400,41,41,100,0,0,0,1,295.978,0.05689,0.15,603,31.5246,2.20582,0.46683
1721,400,42,42,114,0,0,0,1,316.164,0.05679,0.15,603,31.5246,2.40116,0.46683
1722,400,46,46,117,0,0,0,1,337.484,0.0567,0.15,603,31.5246,1.97821,0.46683
1723,400,45,45,113,0,0,0,1,344.106,0.0566,0.15,603,31.5246,2.29825,0.46683
1724,400,47,47,113,0,0,0,1,336.201,0.05651,0.15,603,31.5246,2.30461,0.46683
1725,400,41,41,119,0,0,0,1,323.113,0.05642,0.15,603,31.5246,2.12263,0.46683
1726,400,45,45,113,0,0,0,1,333.369,0.05632,0.15,603,31.5246,1.87038,0.46683
1727,400,44,44,110,0,0,0,1,329.365,0.05623,0.15,603,31.5246,2.04697,0.46683
1728,400,23,23,69,0,0,0,1,223.043,0.05613,0.15,603,31.5246,1.99634,0.46683
1729,400,48,48,124,0,0,0,1,341.664,0.05604,0.15,603,31.5246,2.2258,0.46683
1730,400,40,40,100,0,0,0,1,298.625,0.05595,0.15,603,31.5246,2.19416,0.46683
1731,400,39,39,99,0,0,0,1,290.597,0.05585,0.15,603,31.5246,2.12701,0.46683
1732,400,45,45,113,0,0,0,1,323.077,0.05576,0.15,603,31.5246,1.98029,0.46683
1733,400,49,49,120,0,0,0,1,358.819,0.05567,0.15,603,31.5246,2.18785,0.46683
1734,400,49,49,110,0,0,0,1,336.457,0.05558,0.15,603,31.5246,2.31012,0.46683
1735,400,47,47,123,0,0,0,1,329.541,0.05548,0.15,603,31.5246,2.11318,0.46683
1736,400,38,38,96,0,0,0,1,271.737,0.05539,0.15,603,31.5246,2.36435,0.46683
1737,400,42,42,99,0,0,0,1,321.594,0.0553,0.15,603,31.5246,1.93408,0.46683
1738,400,44,44,115,0,0,0,1,333.991,0.05521,0.15,603,31.5246,2.10511,0.46683
1739,400,43,43,108,0,0,0,1,326.683,0.05512,0.15,603,31.5246,2.20832,0.46683
1740,400,49,49,124,0,0,0,1,360.914,0.05502,0.15,603,31.5246,2.09961,0.46683
1741,400,45,45,125,0,0,0,1,333.753,0.05493,0.15,603,31.5246,2.32877,0.46683
1742,400,50,50,129,0,0,0,1,368.523,0.05484,0.15,603,31.5246,2.30733,0.46683
1743,400,44,44,98,0,0,0,1,322.481,0.05475,0.15,603,31.5246,2.18567,0.46683
1744,400,46,46,112,0,0,0,1,339.599,0.05466,0.15,603,31.5246,1.94571,0.46683
1745,400,49,49,119,0,0,0,1,352.932,0.05457,0.15,603,31.5246,2.0005,0.46683
1746,400,36,36,90,0,0,0,1,270.992,0.05448,0.15,603,31.5246,2.16941,0.46683
1747,400,40,40,103,0,0,0,1,283.412,0.05439,0.15,603,31.5246,2.55926,0.46683
1748,400,49,49,122,0,0,0,1,358.867,0.05429,0.15,603,31.5246,2.27665,0.46683
1749,400,47,47,119,0,0,0,1,353.927,0.0542,0.15,603,31.5246,2.20166,0.46683
1750,400,49,49,113,0,0,0,1,345.865,0.05411,0.15,603,31.5246,2.02593,0.46683
1751,400,17,17,56,0,0,0,1,174.171,0.05402,0.15,603,31.5246,2.14311,0.46683
1752,400,41,41,96,0,0,0,1,298.868,0.05393,0.15,603,31.5246,2.0024,0.46683
1753,400,38,38,102,0,0,0,1,282.897,0.05384,0.15,603,31.5246,2.18527,0.46683
1754,400,36,36,95,0,0,0,1,276.59,0.05375,0.15,603,31.5246,2.0967,0.46683
1755,400,37,37,96,0,0,0,1,286.507,0.05366,0.15,603,31.5246,1.93179,0.46683
1756,400,37,37,85,0,0,0,1,275.884,0.05358,0.15,603,31.5246,2.20029,0.46683
1757,400,42,42,109,0,0,0,1,326.493,0.05349,0.15,603,31.5246,2.16174,0.46683
1758,400,42,42,107,0,0,0,1,328.161,0.0534,0.15,603,31.5246,1.89846,0.46683
1759,400,48,48,117,0,0,0,1,350.766,0.05331,0.15,603,31.5246,2.21092,0.46683
1760,400,44,44,100,0,0,0,1,311.392,0.05322,0.15,603,31.5246,2.27627,0.46683
1761,400,31,31,87,0,0,0,1,184.64,0.05313,0.15,603,31.5246,3.12028,0.46683
1762,400,46,46,118,0,0,0,1,265.387,0.05304,0.15,603,31.5246,3.01169,0.46683
1763,400,41,41,109,0,0,0,1,237.309,0.05295,0.15,603,31.5246,2.99256,0.46683
1764,400,44,44,108,0,0,0,1,258.418,0.05287,0.15,603,31.5246,2.84204,0.46683
1765,400,44,44,119,0,0,0,1,329.032,0.05278,0.15,603,31.5246,2.37894,0.46683
1766,400,48,48,121,0,0,0,1,352.516,0.05269,0.15,603,31.5246,2.20793,0.46683
1767,400,47,47,116,0,0,0,1,346.229,0.0526,0.15,603,31.5246,2.19501,0.46683
1768,400,39,39,98,0,0,0,1,300.454,0.05251,0.15,603,31.5246,2.06295,0.46683
1769,400,32,32,86,0,0,0,1,279.388,0.05243,0.15,603,31.5246,1.87666,0.46683
1770,400,38,38,116,0,0,0,1,324.688,0.05234,0.15,603,31.5246,1.90596,0.46683
1771,400,46,46,124,0,0,0,1,343.345,0.05225,0.15,603,31.5246,1.94097,0.46683
1772,400,42,42,118,0,0,0,1,321.532,0.05217,0.15,603,31.5246,2.09672,0.46683
1773,400,38,38,101,0,0,0,1,271.196,0.05208,0.15,603,31.5246,2.19243,0.46683
1774,400,37,37,107,0,0,0,1,230.638,0.05199,0.15,603,31.5246,2.53367,0.46683
1775,400,23,23,77,0,0,0,1,213.62,0.05191,0.15,603,31.5246,2.0721,0.46683
1776,400,41,41,107,0,0,0,1,310.755,0.05182,0.15,603,31.5246,1.97301,0.46683
1777,400,39,39,125,0,0,0,1,249.051,0.05173,0.15,603,31.5246,2.89142,0.46683
1778,400,40,40,102,0,0,0,1,228.903,0.05165,0.15,603,31.5246,2.75061,0.46683
1779,400,40,40,107,0,0,0,1,302.853,0.05156,0.15,603,31.5246,2.10855,0.46683
1780,400,25,25,77,0,0,0,1,232.569,0.05147,0.15,603,31.5246,1.80943,0.46683
1781,400,37,37,108,0,0,0,1,267.532,0.05139,0.15,603,31.5246,2.06675,0.46683
1782,400,46,46,118,0,0,0,1,350.981,0.0513,0.15,603,31.5246,2.11432,0.46683
1783,400,32,32,93,0,0,0,1,278.03,0.05122,0.15,603,31.5246,1.90834,0.46683
1784,400,45,45,97,0,0,0,1,304.497,0.05113,0.15,603,31.5246,2.01268,0.46683
1785,400,41,41,95,0,0,0,1,299.73,0.05105,0.15,603,31.5246,2.18645,0.46683
1786,400,44,44,116,0,0,0,1,342.07,0.05096,0.15,603,31.5246,2.16407,0.46683
1787,400,36,36,92,0,0,0,1,291.723,0.05088,0.15,603,31.5246,2.25661,0.46683
1788,400,46,46,106,0,0,0,1,340.465,0.05079,0.15,603,31.5246,2.03824,0.46683
1789,400,34,34,99,0,0,0,1,295.363,0.05071,0.15,603,31.5246,2.01676,0.46683
1790,400,45,45,115,0,0,0,1,347.933,0.05062,0.15,603,31.5246,2.41427,0.46683
1791,400,41,41,100,0,0,0,1,321.016,0.05054,0.15,603,31.5246,1.98306,0.46683
1792,400,41,41,102,0,0,0,1,305.223,0.05046,0.15,603,31.5246,2.21026,0.46683
1793,400,32,32,94,0,0,0,1,276.719,0.05037,0.15,603,31.5246,2.11902,0.46683
1794,400,41,41,116,0,0,0,1,343.227,0.05029,0.15,603,31.5246,1.92559,0.46683
1795,400,38,38,94,0,0,0,1,309.709,0.0502,0.15,603,31.5246,2.03213,0.46683
1796,400,44,44,106,0,0,0,1,332.43,0.05012,0.15,603,31.5246,2.05422,0.46683
1797,400,35,35,76,0,0,0,1,268.981,0.05004,0.15,603,31.5246,1.81542,0.46683
1798,400,42,42,110,0,0,0,1,317.484,0.05,0.15,603,31.5246,2.07218,0.46683
1799,400,17,17,59,0,0,0,1,197.403,0.05,0.15,603,31.5246,1.58161,0.46683
1800,400,35,35,85,0,0,0,1,268.081,0.05,0.15,603,31.5246,2.01291,0.46683
1801,400,28,28,89,0,0,0,1,256.241,0.05,0.15,603,31.5246,2.14752,0.46683
1802,400,33,33,91,0,0,0,1,255.233,0.05,0.15,603,31.5246,2.13467,0.46683
1803,400,29,29,91,0,0,0,1,256.107,0.05,0.15,603,31.5246,1.82264,0.46683
1804,400,39,39,109,0,0,0,1,327.143,0.05,0.15,603,31.5246,1.84732,0.46683
1805,400,45,45,118,0,0,0,1,326.004,0.05,0.15,603,31.5246,2.42158,0.46683
1806,400,41,41,109,0,0,0,1,302.895,0.05,0.15,603,31.5246,1.9865,0.46683
1807,400,40,40,105,0,0,0,1,304.818,0.05,0.15,603,31.5246,2.10596,0.46683
1808,400,31,31,89,0,0,0,1,257.539,0.05,0.15,603,31.5246,2.01986,0.46683
1809,400,43,43,107,0,0,0,1,307.099,0.05,0.15,603,31.5246,2.10581,0.46683
1810,400,36,36,95,0,0,0,1,284.07,0.05,0.15,603,31.5246,2.09288,0.46683
1811,400,47,47,120,0,0,0,1,328.596,0.05,0.15,603,31.5246,2.13049,0.46683
1812,400,41,41,116,0,0,0,1,318.966,0.05,0.15,603,31.5246,2.15064,0.46683
1813,400,24,24,86,0,0,0,1,201.014,0.05,0.15,603,31.5246,2.24314,0.46683
1814,400,37,37,115,0,0,0,1,260.866,0.05,0.15,603,31.5246,2.75306,0.46683
1815,400,32,32,105,0,0,0,1,224.97,0.05,0.15,603,31.5246,2.44941,0.46683
1816,400,38,38,106,0,0,0,1,288.279,0.05,0.15,603,31.5246,2.12709,0.46683
1817,385,50,50,124,0,0,0,1,358.899,0.05,0.15,603,31.5246,2.30167,0.46683
1818,400,48,48,111,0,0,0,1,345.023,0.05,0.15,603,31.5246,2.26618,0.46683
1819,400,45,45,117,0,0,0,1,297.423,0.05,0.15,603,31.5246,2.57179,0.46683
1820,376,50,50,127,0,0,0,1,357.919,0.05,0.15,603,31.5246,2.268,0.46683
1821,400,43,43,116,0,0,0,1,324.537,0.05,0.15,603,31.5246,2.16666,0.46683
1822,400,43,43,117,0,0,0,1,335.361,0.05,0.15,603,31.5246,2.04483,0.46683
1823,400,50,50,112,0,0,0,1,350.891,0.05,0.15,603,31.5246,2.37456,0.46683
1824,400,32,32,87,0,0,0,1,263.019,0.05,0.15,603,31.5246,2.15988,0.46683
1825,400,44,44,121,0,0,0,1,338.044,0.05,0.15,603,31.5246,2.03699,0.46683
1826,400,49,49,113,0,0,0,1,347.209,0.05,0.15,603,31.5246,2.17905,0.46683
1827,400,49,49,128,0,0,0,1,364.337,0.05,0.15,603,31.5246,2.2528,0.46683
1828,400,44,44,119,0,0,0,1,343.283,0.05,0.15,603,31.5246,2.11805,0.46683
1829,400,40,40,120,0,0,0,1,323.192,0.05,0.15,603,31.5246,1.88869,0.46683
1830,400,50,50,126,0,0,0,1,358.593,0.05,0.15,603,31.5246,2.42776,0.46683
1831,400,49,49,123,0,0,0,1,346.977,0.05,0.15,603,31.5246,2.20851,0.46683
1832,400,34,34,93,0,0,0,1,281.764,0.05,0.15,603,31.5246,2.14977,0.46683
1833,400,49,49,129,0,0,0,1,370.532,0.05,0.15,603,31.5246,2.11316,0.46683
1834,400,49,49,119,0,0,0,1,375.803,0.05,0.15,603,31.5246,1.99278,0.46683
1835,400,47,47,110,0,0,0,1,333.806,0.05,0.15,603,31.5246,2.36292,0.46683
1836,400,49,49,106,0,0,0,1,348.873,0.05,0.15,603,31.5246,2.18349,0.46683
1837,400,49,49,107,0,0,0,1,342.567,0.05,0.15,603,31.5246,2.02508,0.46683
1838,400,50,50,124,0,0,0,1,370.701,0.05,0.15,603,31.5246,2.17269,0.46683
1839,400,47,47,108,0,0,0,1,324.852,0.05,0.15,603,31.5246,2.19948,0.46683
1840,400,42,42,108,0,0,0,1,322.629,0.05,0.15,603,31.5246,2.07861,0.46683
1841,400,48,48,125,0,0,0,1,361.655,0.05,0.15,603,31.5246,2.16079,0.46683
1842,400,39,39,115,0,0,0,1,322.035,0.05,0.15,603,31.5246,2.02122,0.46683
1843,400,41,41,111,0,0,0,1,314.591,0.05,0.15,603,31.5246,2.32255,0.46683
1844,400,46,46,117,0,0,0,1,346.192,0.05,0.15,603,31.5246,1.98432,0.46683
1845,400,35,35,106,0,0,0,1,296.638,0.05,0.15,603,31.5246,2.05503,0.46683
1846,400,44,44,116,0,0,0,1,334.351,0.05,0.15,603,31.5246,2.16248,0.46683
1847,400,25,25,75,0,0,0,1,214.116,0.05,0.15,603,31.5246,1.96566,0.46683
1848,400,42,42,109,0,0,0,1,313.319,0.05,0.15,603,31.5246,2.01907,0.46683
1849,400,48,48,118,0,0,0,1,331.366,0.05,0.15,603,31.5246,2.1877,0.46683
1850,400,33,33,106,0,0,0,1,268.861,0.05,0.15,603,31.5246,2.02015,0.46683
1851,394,50,50,121,0,0,0,1,341.893,0.05,0.15,603,31.5246,2.39399,0.46683
1852,400,45,45,120,0,0,0,1,333.643,0.05,0.15,603,31.5246,2.14435,0.46683
1853,400,41,41,110,0,0,0,1,336.823,0.05,0.15,603,31.5246,2.06461,0.46683
1854,400,48,48,115,0,0,0,1,343.332,0.05,0.15,603,31.5246,2.31364,0.46683
1855,400,44,44,109,0,0,0,1,334.224,0.05,0.15,603,31.5246,2.02981,0.46683
1856,400,48,48,115,0,0,0,1,341.825,0.05,0.15,603,31.5246,2.3027,0.46683
1857,400,43,43,113,0,0,0,1,337.869,0.05,0.15,603,31.5246,1.9245,0.46683
1858,400,49,49,123,0,0,0,1,364.625,0.05,0.15,603,31.5246,2.10749,0.46683
1859,400,38,38,106,0,0,0,1,290.544,0.05,0.15,603,31.5246,2.37398,0.46683
1860,400,46,46,116,0,0,0,1,333.947,0.05,0.15,603,31.5246,2.08853,0.46683
1861,400,45,45,117,0,0,0,1,353.344,0.05,0.15,603,31.5246,1.91661,0.46683
1862,400,46,46,115,0,0,0,1,338.574,0.05,0.15,603,31.5246,2.22266,0.46683
1863,400,48,48,123,0,0,0,1,366.128,0.05,0.15,603,31.5246,2.12648,0.46683
1864,400,45,45,113,0,0,0,1,341.977,0.05,0.15,603,31.5246,2.11398,0.46683
1865,400,43,43,114,0,0,0,1,330.336,0.05,0.15,603,31.5246,2.10784,0.46683
1866,400,47,47,122,0,0,0,1,352.109,0.05,0.15,603,31.5246,1.94942,0.46683
1867,400,44,44,116,0,0,0,1,343.944,0.05,0.15,603,31.5246,2.01575,0.46683
1868,400,50,50,129,0,0,0,1,360.502,0.05,0.15,603,31.5246,2.07503,0.46683
1869,400,47,47,102,0,0,0,1,331.881,0.05,0.15,603,31.5246,2.07247,0.46683
1870,400,37,37,112,0,0,0,1,302.201,0.05,0.15,603,31.5246,2.06597,0.46683
1871,400,41,41,111,0,0,0,1,307.337,0.05,0.15,603,31.5246,2.2254,0.46683
1872,400,43,43,113,0,0,0,1,321.211,0.05,0.15,603,31.5246,2.10603,0.46683
1873,400,46,46,119,0,0,0,1,335.468,0.05,0.15,603,31.5246,2.11224,0.46683
1874,400,41,41,109,0,0,0,1,294.56,0.05,0.15,603,31.5246,2.18369,0.46683
1875,400,45,45,109,0,0,0,1,337.956,0.05,0.15,603,31.5246,2.06525,0.46683
1876,400,37,37,111,0,0,0,1,198.85,0.05,0.15,603,31.5246,3.70184,0.46683
1877,400,33,33,109,0,0,0,1,261.185,0.05,0.15,603,31.5246,2.58158,0.46683
1878,400,50,50,110,0,0,0,1,351.036,0.05,0.15,603,31.5246,2.27082,0.46683
1879,400,35,35,115,0,0,0,1,289.65,0.05,0.15,603,31.5246,2.15357,0.46683
1880,400,39,39,86,0,0,0,1,298.354,0.05,0.15,603,31.5246,1.96738,0.46683
1881,400,29,29,82,0,0,0,1,249.676,0.05,0.15,603,31.5246,1.79361,0.46683
1882,400,41,41,109,0,0,0,1,318.6,0.05,0.15,603,31.5246,2.34428,0.46683
1883,400,49,49,123,0,0,0,1,356.725,0.05,0.15,603,31.5246,2.26539,0.46683
1884,400,41,41,105,0,0,0,1,321.447,0.05,0.15,603,31.5246,2.13657,0.46683
1885,400,49,49,118,0,0,0,1,355.496,0.05,0.15,603,31.5246,2.05057,0.46683
1886,400,40,40,107,0,0,0,1,311.084,0.05,0.15,603,31.5246,2.24533,0.46683
1887,400,25,25,67,0,0,0,1,227.659,0.05,0.15,603,31.5246,1.91078,0.46683
1888,400,46,46,114,0,0,0,1,352.043,0.05,0.15,603,31.5246,1.96728,0.46683
1889,400,32,32,92,0,0,0,1,260.002,0.05,0.15,603,31.5246,2.03737,0.46683
1890,400,46,46,115,0,0,0,1,308.514,0.05,0.15,603,31.5246,2.19322,0.46683
1891,400,37,37,114,0,0,0,1,306.869,0.05,0.15,603,31.5246,2.01428,0.46683
1892,400,41,41,112,0,0,0,1,297.692,0.05,0.15,603,31.5246,2.04233,0.46683
1893,400,41,41,108,0,0,0,1,315.59,0.05,0.15,603,31.5246,1.85591,0.46683
1894,400,42,42,116,0,0,0,1,317.679,0.05,0.15,603,31.5246,2.04276,0.46683
1895,400,24,24,93,0,0,0,1,211.219,0.05,0.15,603,31.5246,2.42237,0.46683
1896,400,48,48,128,0,0,0,1,353.202,0.05,0.15,603,31.5246,2.22172,0.46683
1897,400,36,36,106,0,0,0,1,284.917,0.05,0.15,603,31.5246,2.00035,0.46683
1898,400,37,37,104,0,0,0,1,293.414,0.05,0.15,603,31.5246,2.01735,0.46683
1899,400,48,48,125,0,0,0,1,357.577,0.05,0.15,603,31.5246,2.01168,0.46683
1900,400,48,48,124,0,0,0,1,359.512,0.05,0.15,603,31.5246,2.04162,0.46683
1901,400,47,47,119,0,0,0,1,356.016,0.05,0.15,603,31.5246,2.03318,0.46683
1902,400,40,40,105,0,0,0,1,307.846,0.05,0.15,603,31.5246,2.14884,0.46683
1903,400,47,47,106,0,0,0,1,329.706,0.05,0.15,603,31.5246,2.12966,0.46683
1904,400,41,41,112,0,0,0,1,314.525,0.05,0.15,603,31.5246,2.09921,0.46683
1905,400,47,47,110,0,0,0,1,344.898,0.05,0.15,603,31.5246,1.9054,0.46683
1906,400,47,47,125,0,0,0,1,350.706,0.05,0.15,603,31.5246,2.09465,0.46683
1907,400,43,43,123,0,0,0,1,333.184,0.05,0.15,603,31.5246,2.11695,0.46683
1908,400,43,43,120,0,0,0,1,327.009,0.05,0.15,603,31.5246,2.10111,0.46683
1909,400,49,49,123,0,0,0,1,360.147,0.05,0.15,603,31.5246,2.04784,0.46683
1910,400,39,39,116,0,0,0,1,327.435,0.05,0.15,603,31.5246,2.11879,0.46683
1911,400,41,41,116,0,0,0,1,332.173,0.05,0.15,603,31.5246,1.97867,0.46683
1912,400,35,35,104,0,0,0,1,306.645,0.05,0.15,603,31.5246,1.81442,0.46683
1913,400,46,46,121,0,0,0,1,360.243,0.05,0.15,603,31.5246,2.08081,0.46683
1914,400,48,48,120,0,0,0,1,358.191,0.05,0.15,603,31.5246,1.93934,0.46683
1915,400,47,47,115,0,0,0,1,351.662,0.05,0.15,603,31.5246,1.98873,0.46683
1916,400,38,38,101,0,0,0,1,313.183,0.05,0.15,603,31.5246,1.90279,0.46683
1917,400,43,43,113,0,0,0,1,321.524,0.05,0.15,603,31.5246,2.19071,0.46683
1918,400,47,47,126,0,0,0,1,355.901,0.05,0.15,603,31.5246,2.09203,0.46683
1919,400,42,42,115,0,0,0,1,328.724,0.05,0.15,603,31.5246,2.06024,0.46683
1920,400,31,31,89,0,0,0,1,252.185,0.05,0.15,603,31.5246,2.23549,0.46683
1921,400,38,38,113,0,0,0,1,291.024,0.05,0.15,603,31.5246,2.15135,0.46683
1922,400,29,29,77,0,0,0,1,241.405,0.05,0.15,603,31.5246,1.77426,0.46683
1923,400,35,35,108,0,0,0,1,262.199,0.05,0.15,603,31.5246,2.46261,0.46683
1924,400,41,41,126,0,0,0,1,313.6,0.05,0.15,603,31.5246,2.1025,0.46683
1925,400,44,44,105,0,0,0,1,316.675,0.05,0.15,603,31.5246,2.21564,0.46683
1926,400,35,35,111,0,0,0,1,289.879,0.05,0.15,603,31.5246,2.06307,0.46683
1927,400,45,45,120,0,0,0,1,339.771,0.05,0.15,603,31.5246,2.19954,0.46683
1928,400,40,40,113,0,0,0,1,316.384,0.05,0.15,603,31.5246,2.0791,0.46683
1929,400,38,38,111,0,0,0,1,319.769,0.05,0.15,603,31.5246,1.89578,0.46683
1930,400,47,47,120,0,0,0,1,360.606,0.05,0.15,603,31.5246,2.00009,0.46683
1931,400,30,30,94,0,0,0,1,264.282,0.05,0.15,603,31.5246,2.07492,0.46683
1932,400,47,47,112,0,0,0,1,351.207,0.05,0.15,603,31.5246,2.03974,0.46683
1933,400,38,38,107,0,0,0,1,307.773,0.05,0.15,603,31.5246,1.98889,0.46683
1934,400,40,40,93,0,0,0,1,317.269,0.05,0.15,603,31.5246,1.83375,0.46683
1935,400,49,49,118,0,0,0,1,368.036,0.05,0.15,603,31.5246,1.99696,0.46683
1936,400,46,46,118,0,0,0,1,343.072,0.05,0.15,603,31.5246,2.24401,0.46683
1937,383,50,50,121,0,0,0,1,362.638,0.05,0.15,603,31.5246,2.29528,0.46683
1938,400,49,49,116,0,0,0,1,365.466,0.05,0.15,603,31.5246,2.15174,0.46683
1939,400,47,47,113,0,0,0,1,332.162,0.05,0.15,603,31.5246,2.36054,0.46683
1940,400,47,47,116,0,0,0,1,343.777,0.05,0.15,603,31.5246,2.43548,0.46683
1941,400,49,49,121,0,0,0,1,354.763,0.05,0.15,603,31.5246,2.2154,0.46683
1942,400,45,45,118,0,0,0,1,337.603,0.05,0.15,603,31.5246,2.15174,0.46683
1943,400,46,46,115,0,0,0,1,334.242,0.05,0.15,603,31.5246,2.15339,0.46683
1944,400,39,39,98,0,0,0,1,296.406,0.05,0.15,603,31.5246,2.19985,0.46683
1945,400,33,33,87,0,0,0,1,261.839,0.05,0.15,603,31.5246,2.14176,0.46683
1946,400,31,31,81,0,0,0,1,258.126,0.05,0.15,603,31.5246,2.08347,0.46683
1947,400,32,32,102,0,0,0,1,196.353,0.05,0.15,603,31.5246,3.32197,0.46683
1948,400,31,31,94,0,0,0,1,172.964,0.05,0.15,603,31.5246,3.06323,0.46683
1949,400,35,35,112,0,0,0,1,216.706,0.05,0.15,603,31.5246,2.94379,0.46683
1950,400,44,44,119,0,0,0,1,266.29,0.05,0.15,603,31.5246,2.76865,0.46683
1951,400,37,37,108,0,0,0,1,295.319,0.05,0.15,603,31.5246,2.3342,0.46683
1952,400,30,30,96,0,0,0,1,271.519,0.05,0.15,603,31.5246,1.99324,0.46683
1953,400,44,44,115,0,0,0,1,341.288,0.05,0.15,603,31.5246,2.29537,0.46683
1954,400,45,45,115,0,0,0,1,346.179,0.05,0.15,603,31.5246,1.90046,0.46683
1955,400,35,35,98,0,0,0,1,282.766,0.05,0.15,603,31.5246,2.11504,0.46683
1956,400,45,45,118,0,0,0,1,342.409,0.05,0.15,603,31.5246,2.09142,0.46683
1957,400,47,47,123,0,0,0,1,354.54,0.05,0.15,603,31.5246,2.04119,0.46683
1958,400,43,43,114,0,0,0,1,324.943,0.05,0.15,603,31.5246,2.03871,0.46683
1959,400,44,44,116,0,0,0,1,326.429,0.05,0.15,603,31.5246,2.24504,0.46683
1960,400,33,33,86,0,0,0,1,268.589,0.05,0.15,603,31.5246,2.06488,0.46683
1961,400,48,48,116,0,0,0,1,347.674,0.05,0.15,603,31.5246,2.08892,0.46683
1962,400,30,30,84,0,0,0,1,261.83,0.05,0.15,603,31.5246,1.86426,0.46683
1963,400,37,37,110,0,0,0,1,296.106,0.05,0.15,603,31.5246,2.16673,0.46683
1964,400,41,41,107,0,0,0,1,239.162,0.05,0.15,603,31.5246,2.8384,0.46683
1965,400,46,46,112,0,0,0,1,281.857,0.05,0.15,603,31.5246,2.44178,0.46683
1966,400,45,45,126,0,0,0,1,352.456,0.05,0.15,603,31.5246,2.23443,0.46683
1967,400,43,43,111,0,0,0,1,338.264,0.05,0.15,603,31.5246,1.96927,0.46683
1968,400,46,46,114,0,0,0,1,334.459,0.05,0.15,603,31.5246,2.22541,0.46683
1969,400,45,45,108,0,0,0,1,323.318,0.05,0.15,603,31.5246,2.27986,0.46683
1970,386,50,50,123,0,0,0,1,356.532,0.05,0.15,603,31.5246,2.27191,0.46683
1971,400,49,49,119,0,0,0,1,357.624,0.05,0.15,603,31.5246,2.15699,0.46683
1972,400,46,46,117,0,0,0,1,340.918,0.05,0.15,603,31.5246,2.14941,0.46683
1973,400,44,44,104,0,0,0,1,336.303,0.05,0.15,603,31.5246,2.00992,0.46683
1974,400,44,44,108,0,0,0,1,322.423,0.05,0.15,603,31.5246,2.22614,0.46683
1975,400,48,48,117,0,0,0,1,355.076,0.05,0.15,603,31.5246,2.22218,0.46683
1976,400,50,50,118,0,0,0,1,354.704,0.05,0.15,603,31.5246,2.06055,0.46683
1977,393,50,50,128,0,0,0,1,370.986,0.05,0.15,603,31.5246,2.06394,0.46683
1978,400,36,36,104,0,0,0,1,296.238,0.05,0.15,603,31.5246,1.80002,0.46683
1979,400,42,42,108,0,0,0,1,320.807,0.05,0.15,603,31.5246,2.10155,0.46683
1980,400,48,48,119,0,0,0,1,343.676,0.05,0.15,603,31.5246,2.40832,0.46683
1981,400,47,47,116,0,0,0,1,354.289,0.05,0.15,603,31.5246,2.14131,0.46683
1982,400,48,48,116,0,0,0,1,341.964,0.05,0.15,603,31.5246,2.55697,0.46683
1983,400,43,43,116,0,0,0,1,336.597,0.05,0.15,603,31.5246,1.97638,0.46683
1984,400,46,46,118,0,0,0,1,330.654,0.05,0.15,603,31.5246,2.45915,0.46683
1985,400,47,47,104,0,0,0,1,326.182,0.05,0.15,603,31.5246,2.35588,0.46683
1986,400,49,49,111,0,0,0,1,354.377,0.05,0.15,603,31.5246,2.01361,0.46683
1987,400,47,47,121,0,0,0,1,350.621,0.05,0.15,603,31.5246,2.32779,0.46683
1988,400,43,43,124,0,0,0,1,347.527,0.05,0.15,603,31.5246,2.07007,0.46683
1989,400,45,45,109,0,0,0,1,328.774,0.05,0.15,603,31.5246,2.11022,0.46683
1990,400,47,47,115,0,0,0,1,341.622,0.05,0.15,603,31.5246,2.07901,0.46683
1991,400,50,50,127,0,0,0,1,358.862,0.05,0.15,603,31.5246,2.36891,0.46683
1992,400,40,40,112,0,0,0,1,323.912,0.05,0.15,603,31.5246,2.11438,0.46683
1993,400,47,47,123,0,0,0,1,346.653,0.05,0.15,603,31.5246,2.35286,0.46683
1994,400,44,44,116,0,0,0,1,347.769,0.05,0.15,603,31.5246,2.09003,0.46683
1995,400,50,50,124,0,0,0,1,360.932,0.05,0.15,603,31.5246,2.18277,0.46683
1996,400,47,47,112,0,0,0,1,321.8,0.05,0.15,603,31.5246,2.38991,0.46683
1997,400,50,50,118,0,0,0,1,340.843,0.05,0.15,603,31.5246,2.45514,0.46683
1998,400,46,46,114,0,0,0,1,338.134,0.05,0.15,603,31.5246,2.17084,0.46683
1999,400,47,47,131,0,0,0,1,354.527,0.05,0.15,603,31.5246,2.17648,0.46683
2000,400,38,38,106,0,0,0,1,299.461,0.05,0.15,603,31.5246,2.20709,0.46683
2001,400,48,48,106,0,0,0,1,326.943,0.05,0.15,603,31.5246,2.18686,0.46683
2002,400,46,46,114,0,0,0,1,328.425,0.05,0.15,603,31.5246,2.25702,0.46683
2003,400,29,29,76,0,0,0,1,183.696,0.05,0.15,603,31.5246,2.83326,0.46683
2004,400,30,30,74,0,0,0,1,223.105,0.05,0.15,603,31.5246,2.44013,0.46683
2005,400,27,27,70,0,0,0,1,163.993,0.05,0.15,603,31.5246,3.23467,0.46683
2006,400,45,45,108,0,0,0,1,295.983,0.05,0.15,603,31.5246,2.6679,0.46683
2007,400,49,49,118,0,0,0,1,361.449,0.05,0.15,603,31.5246,2.22064,0.46683
2008,400,28,28,75,0,0,0,1,246.982,0.05,0.15,603,31.5246,1.23585,0.46683
2009,400,48,48,123,0,0,0,1,332.148,0.05,0.15,603,31.5246,2.40623,0.46683
2010,400,41,41,105,0,0,0,1,314.065,0.05,0.15,603,31.5246,2.20485,0.46683
2011,400,45,45,108,0,0,0,1,333.952,0.05,0.15,603,31.5246,2.09205,0.46683
2012,400,36,36,105,0,0,0,1,293.916,0.05,0.15,603,31.5246,2.40135,0.46683
2013,400,50,50,118,0,0,0,1,361.481,0.05,0.15,603,31.5246,2.23113,0.46683
2014,400,40,40,102,0,0,0,1,326.209,0.05,0.15,603,31.5246,1.98186,0.46683
2015,400,42,42,111,0,0,0,1,325.197,0.05,0.15,603,31.5246,2.16781,0.46683
2016,400,37,37,103,0,0,0,1,296.563,0.05,0.15,603,31.5246,2.11481,0.46683
2017,400,37,37,111,0,0,0,1,294.718,0.05,0.15,603,31.5246,2.14524,0.46683
2018,400,46,46,115,0,0,0,1,340.105,0.05,0.15,603,31.5246,2.08974,0.46683
2019,400,43,43,115,0,0,0,1,346.708,0.05,0.15,603,31.5246,2.1487,0.46683
2020,400,48,48,118,0,0,0,1,357.149,0.05,0.15,603,31.5246,2.33997,0.46683
2021,400,38,38,105,0,0,0,1,297.121,0.05,0.15,603,31.5246,1.69668,0.46683
2022,400,42,42,112,0,0,0,1,327.011,0.05,0.15,603,31.5246,1.72252,0.46683
2023,400,43,43,118,0,0,0,1,319.612,0.05,0.15,603,31.5246,2.1477,0.46683
2024,400,48,48,119,0,0,0,1,348.237,0.05,0.15,603,31.5246,2.2318,0.46683
2025,400,44,44,113,0,0,0,1,336.54,0.05,0.15,603,31.5246,2.19508,0.46683
2026,400,48,48,122,0,0,0,1,354.908,0.05,0.15,603,31.5246,1.98693,0.46683
2027,400,31,31,111,0,0,0,1,273.834,0.05,0.15,603,31.5246,1.82529,0.46683
2028,400,27,27,93,0,0,0,1,238.587,0.05,0.15,603,31.5246,2.07722,0.46683
2029,400,40,40,93,0,0,0,1,297.328,0.05,0.15,603,31.5246,1.85118,0.46683
2030,400,39,39,104,0,0,0,1,294.312,0.05,0.15,603,31.5246,2.24069,0.46683
2031,400,47,47,120,0,0,0,1,346.831,0.05,0.15,603,31.5246,2.35611,0.46683
2032,400,47,47,121,0,0,0,1,351.961,0.05,0.15,603,31.5246,2.16355,0.46683
2033,400,38,38,111,0,0,0,1,312.795,0.05,0.15,603,31.5246,1.98748,0.46683
2034,400,11,11,37,0,0,0,1,113.891,0.05,0.15,603,31.5246,2.50806,0.46683
2035,400,40,40,103,0,0,0,1,292.499,0.05,0.15,603,31.5246,2.38758,0.46683
2036,400,37,37,105,0,0,0,1,285.329,0.05,0.15,603,31.5246,2.44795,0.46683
2037,400,47,47,112,0,0,0,1,327.053,0.05,0.15,603,31.5246,2.43993,0.46683
2038,400,47,47,111,0,0,0,1,345.355,0.05,0.15,603,31.5246,2.16391,0.46683
2039,400,48,48,119,0,0,0,1,360.161,0.05,0.15,603,31.5246,2.03105,0.46683
2040,400,36,36,104,0,0,0,1,284.789,0.05,0.15,603,31.5246,2.30796,0.46683
2041,400,42,42,122,0,0,0,1,329.332,0.05,0.15,603,31.5246,2.18429,0.46683
2042,400,48,48,121,0,0,0,1,353.605,0.05,0.15,603,31.5246,2.07674,0.46683
2043,400,47,47,116,0,0,0,1,357.773,0.05,0.15,603,31.5246,1.94025,0.46683
2044,400,44,44,121,0,0,0,1,325.203,0.05,0.15,603,31.5246,2.27341,0.46683
2045,400,44,44,115,0,0,0,1,328.442,0.05,0.15,603,31.5246,2.00854,0.46683
2046,400,36,36,89,0,0,0,1,281.52,0.05,0.15,603,31.5246,1.60046,0.46683
2047,400,50,50,135,0,0,0,1,379.244,0.05,0.15,603,31.5246,2.08226,0.46683
2048,400,32,32,96,0,0,0,1,284.572,0.05,0.15,603,31.5246,1.56026,0.46683
2049,400,36,36,107,0,0,0,1,302.232,0.05,0.15,603,31.5246,1.94073,0.46683
2050,400,43,43,107,0,0,0,1,321.902,0.05,0.15,603,31.5246,2.0441,0.46683
2051,400,47,47,115,0,0,0,1,345.254,0.05,0.15,603,31.5246,1.93988,0.46683
2052,400,49,49,126,0,0,0,1,354.422,0.05,0.15,603,31.5246,2.32117,0.46683
2053,400,35,35,110,0,0,0,1,296.042,0.05,0.15,603,31.5246,1.87105,0.46683
2054,400,45,45,117,0,0,0,1,329.724,0.05,0.15,603,31.5246,2.25155,0.46683
2055,400,49,49,119,0,0,0,1,353.924,0.05,0.15,603,31.5246,2.25576,0.46711
2056,400,48,48,122,0,0,0,1,352.896,0.05,0.15,603,31.5246,2.19358,0.46711
2057,400,29,29,72,0,0,0,1,246.474,0.05,0.15,603,31.5246,1.17851,0.46711
2058,400,49,49,123,0,0,0,1,363.71,0.05,0.15,603,31.5246,2.16026,0.46711
2059,400,25,25,71,0,0,0,1,216.614,0.05,0.15,603,31.5246,1.34784,0.46711
2060,400,49,49,115,0,0,0,1,357.873,0.05,0.15,603,31.5246,2.22908,0.46711
2061,400,40,40,103,0,0,0,1,304.495,0.05,0.15,603,31.5246,2.12456,0.46711
2062,400,0,0,0,0,0,0,1,81.896,0.05,0.15,603,31.5246,0.03593,0.46711
2063,400,37,37,108,0,0,0,1,302.462,0.05,0.15,603,31.5246,1.56887,0.46711
2064,400,43,43,105,0,0,0,1,301.6,0.05,0.15,603,31.5246,2.33114,0.46711
2065,400,47,47,115,0,0,0,1,349.902,0.05,0.15,603,31.5246,2.19977,0.46711
2066,400,49,49,112,0,0,0,1,353.015,0.05,0.15,603,31.5246,2.20095,0.46711
2067,400,37,37,109,0,0,0,1,314.498,0.05,0.15,603,31.5246,1.87845,0.46711
2068,400,11,11,45,0,0,0,1,155.99,0.05,0.15,603,31.5246,0.62782,0.46711
2069,400,48,48,126,0,0,0,1,352.03,0.05,0.15,603,31.5246,2.39127,0.46711
2070,400,29,29,73,0,0,0,1,244.823,0.05,0.15,603,31.5246,1.18277,0.46711
2071,400,44,44,120,0,0,0,1,318.414,0.05,0.15,603,31.5246,2.20427,0.46711
2072,400,49,49,122,0,0,0,1,362.974,0.05,0.15,603,31.5246,2.08088,0.46711
2073,400,0,0,0,0,0,0,1,81.49,0.05,0.15,603,31.5246,0.0543,0.46711
2074,400,49,49,114,0,0,0,1,336.601,0.05,0.15,603,31.5246,2.31861,0.46711
2075,400,39,39,106,0,0,0,1,298.846,0.05,0.15,603,31.5246,2.01556,0.46711
2076,400,37,37,99,0,0,0,1,297.595,0.05,0.15,603,31.5246,1.84773,0.46711
2077,400,48,48,121,0,0,0,1,354.668,0.05,0.15,603,31.5246,2.2975,0.46711
2078,400,50,50,119,0,0,0,1,360.303,0.05,0.15,603,31.5246,2.28305,0.46711
2079,400,47,47,122,0,0,0,1,356.16,0.05,0.15,603,31.5246,2.26126,0.46711
2080,400,13,13,47,0,0,0,1,169.193,0.05,0.15,603,31.5246,0.74451,0.46711
2081,400,47,47,119,0,0,0,1,341.95,0.05,0.15,603,31.5246,2.14103,0.46711
2082,400,45,45,114,0,0,0,1,331.124,0.05,0.15,603,31.5246,2.25868,0.46711
2083,400,40,40,107,0,0,0,1,308.055,0.05,0.15,603,31.5246,1.74016,0.46711
2084,400,48,48,118,0,0,0,1,364.854,0.05,0.15,603,31.5246,2.06234,0.46711
2085,400,48,48,117,0,0,0,1,351.391,0.05,0.15,603,31.5246,2.17745,0.46711
2086,400,25,25,75,0,0,0,1,218.152,0.05,0.15,603,31.5246,2.12732,0.46711
2087,400,45,45,115,0,0,0,1,330.801,0.05,0.15,603,31.5246,2.27239,0.46711
2088,400,42,42,109,0,0,0,1,333.221,0.05,0.15,603,31.5246,1.96291,0.46711
2089,400,36,36,117,0,0,0,1,314.986,0.05,0.15,603,31.5246,1.81198,0.46711
2090,400,17,17,49,0,0,0,1,179.486,0.05,0.15,603,31.5246,0.75627,0.46711
2091,400,45,45,118,0,0,0,1,342.987,0.05,0.15,603,31.5246,1.82035,0.46711
2092,400,46,46,121,0,0,0,1,336.156,0.05,0.15,603,31.5246,2.15814,0.46711
2093,400,45,45,119,0,0,0,1,344.78,0.05,0.15,603,31.5246,2.03653,0.46711
2094,400,46,46,119,0,0,0,1,336.191,0.05,0.15,603,31.5246,2.0541,0.46711
2095,400,46,46,116,0,0,0,1,329.752,0.05,0.15,603,31.5246,2.45362,0.46711
2096,400,40,40,103,0,0,0,1,314.41,0.05,0.15,603,31.5246,1.84061,0.46711
2097,400,43,43,107,0,0,0,1,312.005,0.05,0.15,603,31.5246,2.12989,0.46711
2098,400,43,43,103,0,0,0,1,308.009,0.05,0.15,603,31.5246,2.07693,0.46711
2099,400,18,18,52,0,0,0,1,190.338,0.05,0.15,603,31.5246,0.69954,0.46711
2100,400,45,45,119,0,0,0,1,341.645,0.05,0.15,603,31.5246,1.90894,0.46711
2101,400,22,22,66,0,0,0,1,216.427,0.05,0.15,603,31.5246,1.12556,0.46711
2102,400,26,26,91,0,0,0,1,253.972,0.05,0.15,603,31.5246,1.20771,0.46711
2103,400,35,35,105,0,0,0,1,296.938,0.05,0.15,603,31.5246,1.71407,0.46711
2104,400,42,42,110,0,0,0,1,317.378,0.05,0.15,603,31.5246,1.79997,0.46711
2105,400,35,35,103,0,0,0,1,286.406,0.05,0.15,603,31.5246,2.42394,0.46711
2106,400,43,43,121,0,0,0,1,341.657,0.05,0.15,603,31.5246,2.07246,0.46711
2107,400,46,46,108,0,0,0,1,344.016,0.05,0.15,603,31.5246,2.15832,0.46711
2108,400,44,44,105,0,0,0,1,326.287,0.05,0.15,603,31.5246,1.98036,0.46711
2109,400,41,41,111,0,0,0,1,320.594,0.05,0.15,603,31.5246,2.12109,0.46711
2110,400,39,39,96,0,0,0,1,293.081,0.05,0.15,603,31.5246,2.30564,0.46711
2111,400,48,48,123,0,0,0,1,360.391,0.05,0.15,603,31.5246,2.03399,0.46711
2112,400,44,44,111,0,0,0,1,341.025,0.05,0.15,603,31.5246,2.07794,0.46711
2113,400,45,45,113,0,0,0,1,338.411,0.05,0.15,603,31.5246,1.96669,0.46711
2114,400,47,47,121,0,0,0,1,339.477,0.05,0.15,603,31.5246,2.27331,0.46711
2115,400,45,45,116,0,0,0,1,336.412,0.05,0.15,603,31.5246,2.4148,0.46711
2116,400,48,48,125,0,0,0,1,347.453,0.05,0.15,603,31.5246,2.23498,0.46711
2117,400,45,45,108,0,0,0,1,328.45,0.05,0.15,603,31.5246,1.79374,0.46711
2118,400,26,26,78,0,0,0,1,246.562,0.05,0.15,603,31.5246,1.1524,0.46711
2119,400,37,37,92,0,0,0,1,292.43,0.05,0.15,603,31.5246,1.91267,0.46711
2120,400,38,38,97,0,0,0,1,281.119,0.05,0.15,603,31.5246,2.16452,0.46711
2121,400,6,6,19,0,0,0,1,116.43,0.05,0.15,603,31.5246,0.29784,0.46711
2122,400,41,41,109,0,0,0,1,319.568,0.05,0.15,603,31.5246,2.09331,0.46711
2123,400,39,39,102,0,0,0,1,304.612,0.05,0.15,603,31.5246,1.68894,0.46711
2124,400,48,48,112,0,0,0,1,353.879,0.05,0.15,603,31.5246,2.18953,0.46711
2125,400,37,37,96,0,0,0,1,276.807,0.05,0.15,603,31.5246,2.15424,0.46711
2126,400,47,47,110,0,0,0,1,335.247,0.05,0.15,603,31.5246,2.18676,0.46711
2127,400,36,36,87,0,0,0,1,280.921,0.05,0.15,603,31.5246,1.84058,0.46711
2128,400,30,30,88,0,0,0,1,261.982,0.05,0.15,603,31.5246,1.79004,0.46711
2129,400,48,48,105,0,0,0,1,346.277,0.05,0.15,603,31.5246,2.47735,0.46711
2130,400,46,46,127,0,0,0,1,359.391,0.05,0.15,603,31.5246,2.11128,0.46711
2131,400,17,17,63,0,0,0,1,196.24,0.05,0.15,603,31.5246,1.45776,0.46711
2132,400,34,34,96,0,0,0,1,276.186,0.05,0.15,603,31.5246,1.70293,0.46711
2133,400,38,38,98,0,0,0,1,285.052,0.05,0.15,603,31.5246,1.87644,0.46711
2134,400,47,47,120,0,0,0,1,341.663,0.05,0.15,603,31.5246,2.17811,0.46711
2135,400,38,38,104,0,0,0,1,295.622,0.05,0.15,603,31.5246,2.28322,0.46711
2136,400,41,41,108,0,0,0,1,313.284,0.05,0.15,603,31.5246,1.95028,0.46711
2137,400,37,37,107,0,0,0,1,285.594,0.05,0.15,603,31.5246,1.79239,0.46711
2138,400,37,37,99,0,0,0,1,279.615,0.05,0.15,603,31.5246,1.72458,0.46711
2139,400,44,44,107,0,0,0,1,317.416,0.05,0.15,603,31.5246,2.08159,0.46711
2140,400,40,40,111,0,0,0,1,309.251,0.05,0.15,603,31.5246,2.27663,0.46711
2141,400,45,45,112,0,0,0,1,322.417,0.05,0.15,603,31.5246,2.10886,0.46711
2142,400,47,47,127,0,0,0,1,344.934,0.05,0.15,603,31.5246,2.04798,0.46711
2143,400,43,43,107,0,0,0,1,299.654,0.05,0.15,603,31.5246,2.30576,0.46711
2144,400,14,14,52,0,0,0,1,170.299,0.05,0.15,603,31.5246,0.74155,0.46711
2145,400,34,34,93,0,0,0,1,274.543,0.05,0.15,603,31.5246,1.60091,0.46711
2146,400,38,38,108,0,0,0,1,247.426,0.05,0.15,603,31.5246,2.43702,0.46711
2147,400,34,34,97,0,0,0,1,254.314,0.05,0.15,603,31.5246,1.88568,0.46711
2148,400,37,37,98,0,0,0,1,310.952,0.05,0.15,603,31.5246,1.92119,0.46711
2149,400,49,49,121,0,0,0,1,343.273,0.05,0.15,603,31.5246,2.18542,0.46711
2150,400,42,42,111,0,0,0,1,324.491,0.05,0.15,603,31.5246,1.98789,0.46711
2151,400,47,47,117,0,0,0,1,325.51,0.05,0.15,603,31.5246,2.21258,0.46711
2152,400,30,30,96,0,0,0,1,248.777,0.05,0.15,603,31.5246,2.23305,0.46711
2153,400,23,23,70,0,0,0,1,220.428,0.05,0.15,603,31.5246,1.06941,0.46711
2154,400,36,36,102,0,0,0,1,266.608,0.05,0.15,603,31.5246,1.80969,0.46711
2155,400,28,28,75,0,0,0,1,227.185,0.05,0.15,603,31.5246,1.42794,0.46711
2156,400,42,42,118,0,0,0,1,307.107,0.05,0.15,603,31.5246,1.95796,0.46711
2157,400,46,46,124,0,0,0,1,328.148,0.05,0.15,603,31.5246,2.09788,0.46711
2158,400,8,8,29,0,0,0,1,135.808,0.05,0.15,603,31.5246,0.44107,0.46711
2159,400,45,45,114,0,0,0,1,314.341,0.05,0.15,603,31.5246,2.04609,0.46711
2160,400,47,47,115,0,0,0,1,329.272,0.05,0.15,603,31.5246,2.0535,0.46711
2161,400,40,40,111,0,0,0,1,316.301,0.05,0.15,603,31.5246,1.91603,0.46711
2162,400,47,47,111,0,0,0,1,323.021,0.05,0.15,603,31.5246,2.03831,0.46711
2163,400,48,48,119,0,0,0,1,349.177,0.05,0.15,603,31.5246,1.9621,0.46711
2164,400,46,46,122,0,0,0,1,340.352,0.05,0.15,603,31.5246,2.01295,0.46711
2165,400,48,48,119,0,0,0,1,353.447,0.05,0.15,603,31.5246,2.08961,0.46711
2166,400,48,48,113,0,0,0,1,339.998,0.05,0.15,603,31.5246,2.20366,0.46711
2167,400,44,44,127,0,0,0,1,307.71,0.05,0.15,603,31.5246,2.55401,0.46711
2168,400,46,46,115,0,0,0,1,320.999,0.05,0.15,603,31.5246,2.1647,0.46711
2169,400,49,49,123,0,0,0,1,335.844,0.05,0.15,603,31.5246,2.10902,0.46711
2170,400,43,43,111,0,0,0,1,259.762,0.05,0.15,603,31.5246,3.14846,0.46711
2171,400,43,43,114,0,0,0,1,302.57,0.05,0.15,603,31.5246,2.47876,0.46711
2172,400,45,45,112,0,0,0,1,328.011,0.05,0.15,603,31.5246,2.14922,0.46711
2173,400,33,33,104,0,0,0,1,240.792,0.05,0.15,603,31.5246,1.98201,0.46711
2174,400,45,45,115,0,0,0,1,334.013,0.05,0.15,603,31.5246,2.11112,0.46711
2175,400,44,44,118,0,0,0,1,324.399,0.05,0.15,603,31.5246,2.08646,0.46711
2176,400,49,49,125,0,0,0,1,354.115,0.05,0.15,603,31.5246,2.29102,0.46711
2177,400,45,45,116,0,0,0,1,340.815,0.05,0.15,603,31.5246,2.27219,0.46711
2178,400,43,43,123,0,0,0,1,330.405,0.05,0.15,603,31.5246,2.02636,0.46711
2179,400,49,49,115,0,0,0,1,339.843,0.05,0.15,603,31.5246,2.13008,0.46711
2180,400,45,45,108,0,0,0,1,316.96,0.05,0.15,603,31.5246,2.29815,0.46711
2181,400,43,43,111,0,0,0,1,327.377,0.05,0.15,603,31.5246,2.11067,0.46711
2182,400,45,45,116,0,0,0,1,332.118,0.05,0.15,603,31.5246,2.17165,0.46711
2183,400,49,49,119,0,0,0,1,350.087,0.05,0.15,603,31.5246,2.29564,0.46711
2184,400,44,44,127,0,0,0,1,343.806,0.05,0.15,603,31.5246,2.22297,0.46711
2185,400,43,43,110,0,0,0,1,315.239,0.05,0.15,603,31.5246,2.25353,0.46711
2186,400,47,47,120,0,0,0,1,341.558,0.05,0.15,603,31.5246,2.19234,0.46711
2187,400,46,46,111,0,0,0,1,338.485,0.05,0.15,603,31.5246,2.15145,0.46711
2188,400,42,42,108,0,0,0,1,312.208,0.05,0.15,603,31.5246,2.00887,0.46711
2189,400,45,45,116,0,0,0,1,338.944,0.05,0.15,603,31.5246,1.99358,0.46711
2190,400,43,43,104,0,0,0,1,312.164,0.05,0.15,603,31.5246,2.26063,0.46711
2191,400,47,47,112,0,0,0,1,323.456,0.05,0.15,603,31.5246,2.41701,0.46711
2192,400,48,48,110,0,0,0,1,341.71,0.05,0.15,603,31.5246,2.23541,0.46711
2193,400,40,40,112,0,0,0,1,317.484,0.05,0.15,603,31.5246,2.09178,0.46711
2194,400,49,49,114,0,0,0,1,351.318,0.05,0.15,603,31.5246,2.2999,0.46711
2195,400,45,45,113,0,0,0,1,326.547,0.05,0.15,603,31.5246,2.23992,0.46711
2196,400,40,40,102,0,0,0,1,293.213,0.05,0.15,603,31.5246,2.34185,0.46711
2197,400,48,48,122,0,0,0,1,353.11,0.05,0.15,603,31.5246,2.37951,0.46711
2198,400,44,44,119,0,0,0,1,339.876,0.05,0.15,603,31.5246,2.1246,0.46711
2199,400,44,44,113,0,0,0,1,344.361,0.05,0.15,603,31.5246,2.20307,0.46711
2200,400,48,48,123,0,0,0,1,357.602,0.05,0.15,603,31.5246,2.35572,0.46711
2201,400,44,44,118,0,0,0,1,341.095,0.05,0.15,603,31.5246,1.98819,0.46711
2202,400,46,46,125,0,0,0,1,343.289,0.05,0.15,603,31.5246,2.29174,0.46711
2203,375,50,50,136,0,0,0,1,357.342,0.05,0.15,603,31.5246,2.38425,0.46711
2204,400,50,50,132,0,0,0,1,368.327,0.05,0.15,603,31.5246,2.35689,0.46711
2205,400,33,33,79,0,0,0,1,266.528,0.05,0.15,603,31.5246,2.06586,0.46711
2206,400,48,48,122,0,0,0,1,376.984,0.05,0.15,603,31.5246,2.02447,0.46711
2207,400,45,45,120,0,0,0,1,338.921,0.05,0.15,603,31.5246,2.0855,0.46711
2208,400,46,46,126,0,0,0,1,353.409,0.05,0.15,603,31.5246,2.1145,0.46711
2209,400,44,44,116,0,0,0,1,334.316,0.05,0.15,603,31.5246,2.07895,0.46711
2210,400,48,48,124,0,0,0,1,362.793,0.05,0.15,603,31.5246,2.25787,0.46711
2211,400,40,40,113,0,0,0,1,326.099,0.05,0.15,603,31.5246,2.2352,0.46711
2212,400,36,36,104,0,0,0,1,292.822,0.05,0.15,603,31.5246,2.14443,0.46711
2213,400,43,43,120,0,0,0,1,320.151,0.05,0.15,603,31.5246,2.31129,0.46711
2214,400,49,49,108,0,0,0,1,343.084,0.05,0.15,603,31.5246,2.49684,0.46711
2215,400,33,33,82,0,0,0,1,241.72,0.05,0.15,603,31.5246,2.57929,0.46711
2216,400,48,48,111,0,0,0,1,326.126,0.05,0.15,603,31.5246,2.59062,0.46711
2217,400,44,44,119,0,0,0,1,341.094,0.05,0.15,603,31.5246,2.30729,0.46711
2218,400,45,45,119,0,0,0,1,341.418,0.05,0.15,603,31.5246,2.31232,0.46711
2219,400,48,48,118,0,0,0,1,342.404,0.05,0.15,603,31.5246,2.37517,0.46711
2220,400,47,47,131,0,0,0,1,345.585,0.05,0.15,603,31.5246,2.33973,0.46711
2221,400,48,48,116,0,0,0,1,334.325,0.05,0.15,603,31.5246,2.4232,0.46711
2222,400,49,49,131,0,0,0,1,340.712,0.05,0.15,603,31.5246,2.43578,0.46711
2223,400,41,41,120,0,0,0,1,324.448,0.05,0.15,603,31.5246,2.24426,0.46711
2224,400,49,49,112,0,0,0,1,335.065,0.05,0.15,603,31.5246,2.26446,0.46711
2225,392,50,50,127,0,0,0,1,356.648,0.05,0.15,603,31.5246,2.24684,0.46711
2226,391,50,50,122,0,0,0,1,344.042,0.05,0.15,603,31.5246,2.59888,0.46711
2227,400,49,49,126,0,0,0,1,352.446,0.05,0.15,603,31.5246,2.26176,0.46711
2228,400,46,46,133,0,0,0,1,362.997,0.05,0.15,603,31.5246,2.32354,0.46711
2229,400,46,46,116,0,0,0,1,346.741,0.05,0.15,603,31.5246,2.18603,0.46711
2230,400,44,44,118,0,0,0,1,338.31,0.05,0.15,603,31.5246,2.2744,0.46711
2231,400,48,48,116,0,0,0,1,344.774,0.05,0.15,603,31.5246,2.26346,0.46711
2232,400,49,49,120,0,0,0,1,348.735,0.05,0.15,603,31.5246,2.37727,0.46711
2233,400,49,49,120,0,0,0,1,352.213,0.05,0.15,603,31.5246,2.13248,0.46711
2234,400,50,50,132,0,0,0,1,371.469,0.05,0.15,603,31.5246,2.31561,0.46711
2235,400,46,46,121,0,0,0,1,352.251,0.05,0.15,603,31.5246,1.98258,0.46711
2236,400,48,48,123,0,0,0,1,346.459,0.05,0.15,603,31.5246,2.3193,0.46711
2237,400,44,44,106,0,0,0,1,300.804,0.05,0.15,603,31.5246,2.59783,0.46711
2238,400,42,42,114,0,0,0,1,319.056,0.05,0.15,603,31.5246,2.18391,0.46711
2239,400,44,44,114,0,0,0,1,338.771,0.05,0.15,603,31.5246,2.1275,0.46711
2240,400,50,50,117,0,0,0,1,343.829,0.05,0.15,603,31.5246,2.33664,0.46711
2241,400,47,47,117,0,0,0,1,350.047,0.05,0.15,603,31.5246,2.07428,0.46711
2242,400,48,48,127,0,0,0,1,355.783,0.05,0.15,603,31.5246,2.25643,0.46711
2243,400,47,47,124,0,0,0,1,343.077,0.05,0.15,603,31.5246,2.24517,0.46711
2244,400,43,43,112,0,0,0,1,322.941,0.05,0.15,603,31.5246,2.22286,0.46711
2245,400,40,40,109,0,0,0,1,298.686,0.05,0.15,603,31.5246,2.5372,0.46711
2246,400,38,38,110,0,0,0,1,304.246,0.05,0.15,603,31.5246,2.25277,0.46711
2247,400,41,41,115,0,0,0,1,308.27,0.05,0.15,603,31.5246,2.35255,0.46711
2248,400,44,44,121,0,0,0,1,322.872,0.05,0.15,603,31.5246,2.36894,0.46711
2249,400,47,47,113,0,0,0,1,314.098,0.05,0.15,603,31.5246,2.53943,0.46711
2250,400,38,38,95,0,0,0,1,290.001,0.05,0.15,603,31.5246,2.11053,0.46711
2251,400,44,44,106,0,0,0,1,310.158,0.05,0.15,603,31.5246,2.27302,0.46711
2252,400,48,48,117,0,0,0,1,361.614,0.05,0.15,603,31.5246,1.97934,0.46711
2253,400,42,42,115,0,0,0,1,320.079,0.05,0.15,603,31.5246,2.15485,0.46711
2254,400,41,41,99,0,0,0,1,259.918,0.05,0.15,603,31.5246,2.94592,0.46711
2255,400,45,45,119,0,0,0,1,343.185,0.05,0.15,603,31.5246,2.28249,0.46711
2256,400,42,42,106,0,0,0,1,315.045,0.05,0.15,603,31.5246,2.09275,0.46711
2257,400,37,37,100,0,0,0,1,279.691,0.05,0.15,603,31.5246,2.28506,0.46711
2258,400,47,47,118,0,0,0,1,354.892,0.05,0.15,603,31.5246,2.10201,0.46711
2259,400,49,49,111,0,0,0,1,331.865,0.05,0.15,603,31.5246,2.31406,0.46711
2260,400,47,47,123,0,0,0,1,342.929,0.05,0.15,603,31.5246,2.32021,0.46711
2261,400,46,46,108,0,0,0,1,324.01,0.05,0.15,603,31.5246,2.57782,0.46711
2262,400,40,40,102,0,0,0,1,274.143,0.05,0.15,603,31.5246,2.60062,0.46711
2263,400,37,37,113,0,0,0,1,284.76,0.05,0.15,603,31.5246,2.59531,0.46711
2264,400,43,43,118,0,0,0,1,323.869,0.05,0.15,603,31.5246,2.44572,0.46711
2265,400,48,48,128,0,0,0,1,365.75,0.05,0.15,603,31.5246,2.18181,0.46711
2266,400,44,44,106,0,0,0,1,299.851,0.05,0.15,603,31.5246,2.64516,0.46711
2267,375,50,50,124,0,0,0,1,362.21,0.05,0.15,603,31.5246,2.2855,0.46711
2268,400,50,50,122,0,0,0,1,363.146,0.05,0.15,603,31.5246,2.24791,0.46711
2269,400,50,50,127,0,0,0,1,369.211,0.05,0.15,603,31.5246,2.35009,0.46711
2270,400,47,47,118,0,0,0,1,332.246,0.05,0.15,603,31.5246,2.44971,0.46711
2271,400,46,46,111,0,0,0,1,308.793,0.05,0.15,603,31.5246,2.60476,0.46711
2272,400,50,50,119,0,0,0,1,347.831,0.05,0.15,603,31.5246,2.45326,0.46711
2273,400,50,50,123,0,0,0,1,344.163,0.05,0.15,603,31.5246,2.55548,0.46711
2274,400,31,31,81,0,0,0,1,217.341,0.05,0.15,603,31.5246,2.29711,0.46711
2275,400,46,46,119,0,0,0,1,308.555,0.05,0.15,603,31.5246,2.89007,0.46711
2276,400,44,44,113,0,0,0,1,328.12,0.05,0.15,603,31.5246,2.36279,0.46711
2277,400,35,35,93,0,0,0,1,259.609,0.05,0.15,603,31.5246,2.4624,0.46711
2278,400,46,46,113,0,0,0,1,316.246,0.05,0.15,603,31.5246,2.45508,0.46711
2279,400,38,38,96,0,0,0,1,274.958,0.05,0.15,603,31.5246,2.21324,0.46711
2280,400,43,43,112,0,0,0,1,322.072,0.05,0.15,603,31.5246,2.12954,0.46711
2281,400,44,44,110,0,0,0,1,328.903,0.05,0.15,603,31.5246,2.11621,0.46711
2282,400,45,45,123,0,0,0,1,338.009,0.05,0.15,603,31.5246,2.14822,0.46711
2283,400,45,45,115,0,0,0,1,325.03,0.05,0.15,603,31.5246,2.10465,0.46711
2284,400,48,48,117,0,0,0,1,340.376,0.05,0.15,603,31.5246,2.52034,0.46711
2285,400,35,35,100,0,0,0,1,277.641,0.05,0.15,603,31.5246,2.08688,0.46711
2286,400,48,48,129,0,0,0,1,370.034,0.05,0.15,603,31.5246,2.11736,0.46711
2287,400,47,47,120,0,0,0,1,336.381,0.05,0.15,603,31.5246,2.30376,0.46711
2288,400,49,49,117,0,0,0,1,360.202,0.05,0.15,603,31.5246,2.07067,0.46711
2289,400,36,36,90,0,0,0,1,253.72,0.05,0.15,603,31.5246,2.45727,0.46739
2290,400,48,48,121,0,0,0,1,332.532,0.05,0.15,603,31.5246,2.33423,0.46739
2291,400,41,41,114,0,0,0,1,328.312,0.05,0.15,603,31.5246,1.98939,0.46739
2292,400,39,39,110,0,0,0,1,279.171,0.05,0.15,603,31.5246,2.37373,0.46739
2293,400,44,44,112,0,0,0,1,335.824,0.05,0.15,603,31.5246,2.03918,0.46739
2294,400,48,48,116,0,0,0,1,332.553,0.05,0.15,603,31.5246,2.16162,0.46739
2295,400,49,49,115,0,0,0,1,322.426,0.05,0.15,603,31.5246,2.37816,0.46739
2296,400,45,45,115,0,0,0,1,316.809,0.05,0.15,603,31.5246,2.35675,0.46739
2297,400,48,48,126,0,0,0,1,347.334,0.05,0.15,603,31.5246,2.27469,0.46739
2298,400,43,43,116,0,0,0,1,335.123,0.05,0.15,603,31.5246,2.04326,0.46739
2299,400,41,41,100,0,0,0,1,286.313,0.05,0.15,603,31.5246,2.3176,0.46739
2300,400,29,29,79,0,0,0,1,214.574,0.05,0.15,603,31.5246,2.34415,0.46739
2301,400,47,47,110,0,0,0,1,324.578,0.05,0.15,603,31.5246,2.39658,0.46739
2302,400,47,47,123,0,0,0,1,331.715,0.05,0.15,603,31.5246,2.23104,0.46739
2303,400,49,49,117,0,0,0,1,339.596,0.05,0.15,603,31.5246,2.22892,0.46739
2304,400,38,38,108,0,0,0,1,238.17,0.05,0.15,603,31.5246,2.98327,0.46739
2305,400,41,41,103,0,0,0,1,304.747,0.05,0.15,603,31.5246,2.23506,0.46739
2306,400,44,44,111,0,0,0,1,325.24,0.05,0.15,603,31.5246,2.21216,0.46739
2307,400,49,49,117,0,0,0,1,329.709,0.05,0.15,603,31.5246,2.15202,0.46739
2308,400,45,45,113,0,0,0,1,330.024,0.05,0.15,603,31.5246,2.15322,0.46739
2309,400,45,45,112,0,0,0,1,324.307,0.05,0.15,603,31.5246,2.24382,0.46739
2310,400,43,43,113,0,0,0,1,330.917,0.05,0.15,603,31.5246,2.22481,0.46739
2311,400,48,48,119,0,0,0,1,337.504,0.05,0.15,603,31.5246,2.22228,0.46739
2312,400,48,48,114,0,0,0,1,332.531,0.05,0.15,603,31.5246,2.29833,0.46739
2313,400,46,46,113,0,0,0,1,339.013,0.05,0.15,603,31.5246,2.00496,0.46739
2314,400,42,42,99,0,0,0,1,304.223,0.05,0.15,603,31.5246,2.2385,0.46739
2315,400,44,44,125,0,0,0,1,325.771,0.05,0.15,603,31.5246,2.34522,0.46739
2316,400,42,42,122,0,0,0,1,328.194,0.05,0.15,603,31.5246,2.18935,0.46739
2317,400,49,49,128,0,0,0,1,349.733,0.05,0.15,603,31.5246,2.18475,0.46739
2318,400,43,43,105,0,0,0,1,318.373,0.05,0.15,603,31.5246,2.09432,0.46739
2319,400,43,43,124,0,0,0,1,340.89,0.05,0.15,603,31.5246,2.26441,0.46739
2320,400,49,49,118,0,0,0,1,341.491,0.05,0.15,603,31.5246,2.64837,0.46739
2321,400,46,46,113,0,0,0,1,322.512,0.05,0.15,603,31.5246,2.36656,0.46739
2322,400,32,32,91,0,0,0,1,273.111,0.05,0.15,603,31.5246,2.22481,0.46739
2323,400,39,39,102,0,0,0,1,285.205,0.05,0.15,603,31.5246,2.43063,0.46739
2324,400,46,46,115,0,0,0,1,330.391,0.05,0.15,603,31.5246,2.46118,0.46739
2325,400,46,46,127,0,0,0,1,331.793,0.05,0.15,603,31.5246,2.42402,0.46739
2326,400,32,32,92,0,0,0,1,249.29,0.05,0.15,603,31.5246,2.10145,0.46739
2327,400,44,44,121,0,0,0,1,331.598,0.05,0.15,603,31.5246,2.31825,0.46739
2328,400,42,42,103,0,0,0,1,306.956,0.05,0.15,603,31.5246,2.331,0.46739
2329,400,48,48,106,0,0,0,1,339.571,0.05,0.15,603,31.5246,2.24212,0.46739
2330,400,43,43,119,0,0,0,1,316.304,0.05,0.15,603,31.5246,2.42017,0.46739
2331,400,48,48,118,0,0,0,1,349.458,0.05,0.15,603,31.5246,2.30407,0.46739
2332,400,48,48,122,0,0,0,1,352.555,0.05,0.15,603,31.5246,2.34564,0.46739
2333,400,48,48,119,0,0,0,1,346.613,0.05,0.15,603,31.5246,2.10544,0.46739
2334,400,41,41,102,0,0,0,1,285.493,0.05,0.15,603,31.5246,2.39815,0.46739
2335,400,45,45,123,0,0,0,1,343.709,0.05,0.15,603,31.5246,2.1895,0.46739
2336,400,46,46,118,0,0,0,1,339.733,0.05,0.15,603,31.5246,2.38721,0.46739
2337,400,46,46,105,0,0,0,1,318.739,0.05,0.15,603,31.5246,2.25988,0.46739
2338,400,31,31,88,0,0,0,1,217.233,0.05,0.15,603,31.5246,2.5863,0.46739
2339,400,39,39,99,0,0,0,1,296.572,0.05,0.15,603,31.5246,2.28553,0.46739
2340,400,42,42,117,0,0,0,1,321.355,0.05,0.15,603,31.5246,2.41092,0.46739
2341,400,49,49,123,0,0,0,1,347.866,0.05,0.15,603,31.5246,2.33712,0.46739
2342,400,37,37,94,0,0,0,1,274.121,0.05,0.15,603,31.5246,2.28526,0.46739
2343,400,44,44,120,0,0,0,1,333.625,0.05,0.15,603,31.5246,2.23757,0.46739
2344,400,42,42,120,0,0,0,1,317.452,0.05,0.15,603,31.5246,2.07015,0.46739
2345,400,34,34,83,0,0,0,1,232.54,0.05,0.15,603,31.5246,2.47392,0.46739
2346,400,44,44,133,0,0,0,1,327.168,0.05,0.15,603,31.5246,2.35221,0.46739
2347,400,50,50,117,0,0,0,1,341.51,0.05,0.15,603,31.5246,2.28868,0.46739
2348,400,46,46,117,0,0,0,1,348.466,0.05,0.15,603,31.5246,2.37606,0.46739
2349,400,47,47,111,0,0,0,1,332.065,0.05,0.15,603,31.5246,2.18487,0.46739
2350,392,50,50,119,0,0,0,1,360.721,0.05,0.15,603,31.5246,2.10994,0.46739
2351,400,49,49,118,0,0,0,1,342.059,0.05,0.15,603,31.5246,2.27043,0.46739
2352,400,48,48,118,0,0,0,1,343.341,0.05,0.15,603,31.5246,2.4015,0.46739
2353,400,45,45,115,0,0,0,1,338.67,0.05,0.15,603,31.5246,2.21568,0.46739
2354,400,44,44,121,0,0,0,1,340.896,0.05,0.15,603,31.5246,2.05962,0.46739
2355,400,43,43,118,0,0,0,1,318.024,0.05,0.15,603,31.5246,2.4158,0.46739
2356,400,48,48,123,0,0,0,1,344.862,0.05,0.15,603,31.5246,2.27207,0.46739
2357,400,47,47,113,0,0,0,1,325.301,0.05,0.15,603,31.5246,2.46112,0.46739
2358,400,45,45,113,0,0,0,1,328.152,0.05,0.15,603,31.5246,2.33779,0.46739
2359,400,43,43,112,0,0,0,1,323.394,0.05,0.15,603,31.5246,2.18479,0.46739
2360,400,48,48,112,0,0,0,1,324.751,0.05,0.15,603,31.5246,2.36454,0.46739
2361,400,48,48,112,0,0,0,1,326.845,0.05,0.15,603,31.5246,2.13903,0.46739
2362,400,34,34,110,0,0,0,1,237.686,0.05,0.15,603,31.5246,3.07829,0.46739
2363,400,46,46,117,0,0,0,1,311.767,0.05,0.15,603,31.5246,2.55478,0.46739
2364,400,48,48,104,0,0,0,1,322.462,0.05,0.15,603,31.5246,2.32668,0.46739
2365,400,46,46,111,0,0,0,1,326.985,0.05,0.15,603,31.5246,2.23875,0.46739
2366,400,30,30,91,0,0,0,1,237.336,0.05,0.15,603,31.5246,2.22017,0.46739
2367,400,46,46,114,0,0,0,1,317.371,0.05,0.15,603,31.5246,2.35325,0.46739
2368,400,49,49,119,0,0,0,1,355.996,0.05,0.15,603,31.5246,2.08942,0.46739
2369,400,36,36,104,0,0,0,1,266.919,0.05,0.15,603,31.5246,2.50762,0.46739
2370,400,37,37,102,0,0,0,1,273.7,0.05,0.15,603,31.5246,2.15509,0.46739
2371,400,32,32,98,0,0,0,1,280.303,0.05,0.15,603,31.5246,2.07815,0.46739
2372,400,49,49,121,0,0,0,1,354.417,0.05,0.15,603,31.5246,2.08301,0.46739
2373,400,48,48,120,0,0,0,1,350.672,0.05,0.15,603,31.5246,2.2976,0.46739
2374,400,45,45,96,0,0,0,1,312.657,0.05,0.15,603,31.5246,2.56211,0.46739
2375,400,37,37,99,0,0,0,1,288.571,0.05,0.15,603,31.5246,2.21761,0.46739
2376,400,25,25,70,0,0,0,1,181.454,0.05,0.15,603,31.5246,2.275,0.46739
2377,400,42,42,105,0,0,0,1,311.026,0.05,0.15,603,31.5246,2.08326,0.46739
2378,400,31,31,88,0,0,0,1,256.885,0.05,0.15,603,31.5246,2.10894,0.46739
2379,400,40,40,105,0,0,0,1,295.776,0.05,0.15,603,31.5246,2.21071,0.46739
2380,400,48,48,116,0,0,0,1,352.824,0.05,0.15,603,31.5246,2.25781,0.46739
2381,400,50,50,118,0,0,0,1,356.592,0.05,0.15,603,31.5246,2.18336,0.46739
2382,400,46,46,112,0,0,0,1,334.483,0.05,0.15,603,31.5246,2.15139,0.46739
2383,400,33,33,101,0,0,0,1,262.557,0.05,0.15,603,31.5246,2.20262,0.46739
2384,400,45,45,124,0,0,0,1,355.243,0.05,0.15,603,31.5246,2.15473,0.46739
2385,400,23,23,73,0,0,0,1,197.248,0.05,0.15,603,31.5246,2.37018,0.46739
2386,400,32,32,79,0,0,0,1,238.198,0.05,0.15,603,31.5246,2.63446,0.46739
2387,400,45,45,112,0,0,0,1,328.587,0.05,0.15,603,31.5246,2.17541,0.46739
2388,400,49,49,127,0,0,0,1,358.1,0.05,0.15,603,31.5246,2.35251,0.46739
2389,400,46,46,116,0,0,0,1,344.815,0.05,0.15,603,31.5246,2.24972,0.46739
2390,400,38,38,103,0,0,0,1,299.153,0.05,0.15,603,31.5246,2.33082,0.46739
2391,400,44,44,113,0,0,0,1,334.208,0.05,0.15,603,31.5246,1.93982,0.46739
2392,400,48,48,129,0,0,0,1,370.207,0.05,0.15,603,31.5246,1.96746,0.46739
2393,400,40,40,103,0,0,0,1,297.591,0.05,0.15,603,31.5246,2.40082,0.46739
2394,400,45,45,116,0,0,0,1,340.579,0.05,0.15,603,31.5246,2.16487,0.46739
2395,400,35,35,97,0,0,0,1,268.155,0.05,0.15,603,31.5246,2.29221,0.46739
2396,400,36,36,107,0,0,0,1,280.26,0.05,0.15,603,31.5246,2.42968,0.46739
2397,400,35,35,94,0,0,0,1,262.704,0.05,0.15,603,31.5246,2.73361,0.46739
2398,400,44,44,119,0,0,0,1,335.296,0.05,0.15,603,31.5246,2.15679,0.46739
2399,400,49,49,123,0,0,0,1,365.242,0.05,0.15,603,31.5246,2.18001,0.46739
2400,400,45,45,117,0,0,0,1,356.665,0.05,0.15,603,31.5246,1.94073,0.46739
2401,400,46,46,111,0,0,0,1,337.576,0.05,0.15,603,31.5246,2.38045,0.46739
2402,400,47,47,111,0,0,0,1,327.536,0.05,0.15,603,31.5246,2.41026,0.46739
2403,400,49,49,116,0,0,0,1,367.03,0.05,0.15,603,31.5246,2.12289,0.46739
2404,400,44,44,116,0,0,0,1,322.758,0.05,0.15,603,31.5246,2.59936,0.46766
2405,400,42,42,111,0,0,0,1,309.081,0.05,0.15,603,31.5246,2.40193,0.46766
2406,400,46,46,115,0,0,0,1,348.303,0.05,0.15,603,31.5246,2.0444,0.46766
2407,400,45,45,108,0,0,0,1,336.835,0.05,0.15,603,31.5246,2.26455,0.46766
2408,400,47,47,119,0,0,0,1,346.222,0.05,0.15,603,31.5246,2.26724,0.46766
2409,400,47,47,116,0,0,0,1,341.72,0.05,0.15,603,31.5246,2.25966,0.46766
2410,400,45,45,101,0,0,0,1,316.538,0.05,0.15,603,31.5246,2.14922,0.46766
2411,400,41,41,117,0,0,0,1,326.248,0.05,0.15,603,31.5246,2.10577,0.46766
2412,400,48,48,127,0,0,0,1,358.802,0.05,0.15,603,31.5246,2.22513,0.46766
2413,400,46,46,120,0,0,0,1,358.482,0.05,0.15,603,31.5246,2.19581,0.46766
2414,400,48,48,119,0,0,0,1,351.016,0.05,0.15,603,31.5246,2.25613,0.46766
2415,400,47,47,124,0,0,0,1,346.125,0.05,0.15,603,31.5246,2.14451,0.46766
2416,400,28,28,86,0,0,0,1,248.753,0.05,0.15,603,31.5246,2.26617,0.46766
2417,400,43,43,117,0,0,0,1,325.849,0.05,0.15,603,31.5246,2.09562,0.46766
2418,400,40,40,99,0,0,0,1,299.268,0.05,0.15,603,31.5246,2.10664,0.46766
2419,400,45,45,106,0,0,0,1,325.228,0.05,0.15,603,31.5246,2.01908,0.46766
2420,400,43,43,110,0,0,0,1,310.539,0.05,0.15,603,31.5246,2.37388,0.46766
2421,400,48,48,114,0,0,0,1,345.05,0.05,0.15,603,31.5246,2.18558,0.46766
2422,400,47,47,134,0,0,0,1,346.161,0.05,0.15,603,31.5246,2.24207,0.46766
2423,400,40,40,108,0,0,0,1,309.344,0.05,0.15,603,31.5246,2.17457,0.46766
2424,400,47,47,117,0,0,0,1,348.902,0.05,0.15,603,31.5246,2.01781,0.46766
2425,400,47,47,115,0,0,0,1,323.234,0.05,0.15,603,31.5246,2.52634,0.46766
2426,400,36,36,103,0,0,0,1,268.671,0.05,0.15,603,31.5246,2.51314,0.46766
2427,400,41,41,107,0,0,0,1,298.658,0.05,0.15,603,31.5246,1.89912,0.46766
2428,400,47,47,124,0,0,0,1,342.203,0.05,0.15,603,31.5246,2.08572,0.46766
2429,400,46,46,118,0,0,0,1,350.474,0.05,0.15,603,31.5246,2.02194,0.46766
2430,400,44,44,118,0,0,0,1,331.835,0.05,0.15,603,31.5246,2.16645,0.46766
2431,400,42,42,111,0,0,0,1,323.485,0.05,0.15,603,31.5246,2.26884,0.46766
2432,400,47,47,117,0,0,0,1,345.062,0.05,0.15,603,31.5246,2.17505,0.46766
2433,400,47,47,124,0,0,0,1,349.488,0.05,0.15,603,31.5246,2.09066,0.46766
2434,400,47,47,113,0,0,0,1,336.632,0.05,0.15,603,31.5246,2.1143,0.46766
2435,400,49,49,129,0,0,0,1,354.845,0.05,0.15,603,31.5246,2.11744,0.46766
2436,400,46,46,106,0,0,0,1,321.492,0.05,0.15,603,31.5246,2.26777,0.46766
2437,400,38,38,102,0,0,0,1,280.567,0.05,0.15,603,31.5246,2.19756,0.46766
2438,400,49,49,122,0,0,0,1,361.991,0.05,0.15,603,31.5246,2.20965,0.46766
2439,400,44,44,98,0,0,0,1,293.774,0.05,0.15,603,31.5246,2.19482,0.46766
2440,400,48,48,125,0,0,0,1,349.766,0.05,0.15,603,31.5246,2.30803,0.46766
2441,400,46,46,115,0,0,0,1,348.825,0.05,0.15,603,31.5246,2.03517,0.46766
2442,400,48,48,118,0,0,0,1,343.764,0.05,0.15,603,31.5246,2.29338,0.46766
2443,400,49,49,122,0,0,0,1,363.486,0.05,0.15,603,31.5246,2.0174,0.46766
2444,400,50,50,113,0,0,0,1,364.717,0.05,0.15,603,31.5246,2.19823,0.46766
2445,400,48,48,126,0,0,0,1,349.432,0.05,0.15,603,31.5246,2.40272,0.46766
2446,400,44,44,115,0,0,0,1,310.915,0.05,0.15,603,31.5246,2.30575,0.46766
2447,400,47,47,121,0,0,0,1,347.697,0.05,0.15,603,31.5246,2.41988,0.46766
2448,400,50,50,113,0,0,0,1,346.007,0.05,0.15,603,31.5246,2.30871,0.46766
2449,400,50,50,117,0,0,0,1,366.553,0.05,0.15,603,31.5246,2.13166,0.46766
2450,400,45,45,112,0,0,0,1,347.137,0.05,0.15,603,31.5246,1.98317,0.46766
2451,400,48,48,119,0,0,0,1,350.33,0.05,0.15,603,31.5246,2.20396,0.46766
2452,400,43,43,114,0,0,0,1,325.435,0.05,0.15,603,31.5246,2.34219,0.46766
2453,400,47,47,112,0,0,0,1,322.119,0.05,0.15,603,31.5246,2.18345,0.46766
2454,400,49,49,120,0,0,0,1,336.006,0.05,0.15,603,31.5246,2.27811,0.46766
2455,400,37,37,100,0,0,0,1,279.926,0.05,0.15,603,31.5246,1.94463,0.46766
2456,400,41,41,118,0,0,0,1,332.111,0.05,0.15,603,31.5246,1.81401,0.46766
2457,400,45,45,108,0,0,0,1,332.76,0.05,0.15,603,31.5246,2.15236,0.46766
2458,400,44,44,110,0,0,0,1,319.786,0.05,0.15,603,31.5246,2.04386,0.46766
2459,400,38,38,102,0,0,0,1,292.42,0.05,0.15,603,31.5246,2.25824,0.46766
2460,400,41,41,110,0,0,0,1,328.553,0.05,0.15,603,31.5246,1.93082,0.46766
2461,400,46,46,114,0,0,0,1,348.413,0.05,0.15,603,31.5246,2.24701,0.46766
2462,400,50,50,120,0,0,0,1,344.551,0.05,0.15,603,31.5246,2.45819,0.46766
2463,400,43,43,103,0,0,0,1,319.971,0.05,0.15,603,31.5246,2.47132,0.46766
2464,400,49,49,120,0,0,0,1,349.914,0.05,0.15,603,31.5246,2.2732,0.46766
2465,400,42,42,102,0,0,0,1,310.782,0.05,0.15,603,31.5246,2.25411,0.46766
2466,400,40,40,110,0,0,0,1,287.508,0.05,0.15,603,31.5246,2.48525,0.46766
2467,400,39,39,108,0,0,0,1,310.127,0.05,0.15,603,31.5246,1.92067,0.46766
2468,400,47,47,119,0,0,0,1,317.587,0.05,0.15,603,31.5246,2.17213,0.46766
2469,400,32,32,91,0,0,0,1,259.156,0.05,0.15,603,31.5246,1.9318,0.46766
2470,400,50,50,124,0,0,0,1,358.372,0.05,0.15,603,31.5246,1.99649,0.46766
2471,400,48,48,125,0,0,0,1,339.862,0.05,0.15,603,31.5246,2.12128,0.46766
2472,400,41,41,106,0,0,0,1,298.543,0.05,0.15,603,31.5246,1.95768,0.46766
2473,400,46,46,117,0,0,0,1,331.257,0.05,0.15,603,31.5246,2.25199,0.46766
2474,400,38,38,110,0,0,0,1,304.673,0.05,0.15,603,31.5246,2.17733,0.46766
2475,400,38,38,104,0,0,0,1,287.908,0.05,0.15,603,31.5246,2.09253,0.46766
2476,400,45,45,112,0,0,0,1,304.025,0.05,0.15,603,31.5246,2.25634,0.46766
2477,400,22,22,55,0,0,0,1,177.343,0.05,0.15,603,31.5246,2.51075,0.46766
2478,400,44,44,118,0,0,0,1,324.105,0.05,0.15,603,31.5246,2.17614,0.46766
2479,400,37,37,112,0,0,0,1,297.621,0.05,0.15,603,31.5246,2.04684,0.46766
2480,400,32,32,69,0,0,0,1,238.197,0.05,0.15,603,31.5246,1.95616,0.46766
2481,400,44,44,127,0,0,0,1,332.24,0.05,0.15,603,31.5246,2.23314,0.46766
2482,400,40,40,108,0,0,0,1,299.621,0.05,0.15,603,31.5246,2.21578,0.46766
2483,400,47,47,120,0,0,0,1,338.002,0.05,0.15,603,31.5246,2.18018,0.46766
2484,400,41,41,100,0,0,0,1,304.895,0.05,0.15,603,31.5246,2.12967,0.46766
2485,400,40,40,104,0,0,0,1,287.122,0.05,0.15,603,31.5246,2.34001,0.46766
2486,400,27,27,63,0,0,0,1,171.933,0.05,0.15,603,31.5246,2.452,0.46766
2487,400,48,48,131,0,0,0,1,358.469,0.05,0.15,603,31.5246,2.14268,0.46766
2488,400,47,47,111,0,0,0,1,338.944,0.05,0.15,603,31.5246,2.06941,0.46766
2489,400,46,46,119,0,0,0,1,333.514,0.05,0.15,603,31.5246,2.33521,0.46766
2490,400,40,40,99,0,0,0,1,279.864,0.05,0.15,603,31.5246,2.37397,0.46766
2491,399,50,50,123,0,0,0,1,353.064,0.05,0.15,603,31.5246,2.31476,0.46766
2492,400,37,37,111,0,0,0,1,299.754,0.05,0.15,603,31.5246,2.23095,0.46766
2493,400,39,39,101,0,0,0,1,306.815,0.05,0.15,603,31.5246,2.16887,0.46766
2494,400,46,46,110,0,0,0,1,317.731,0.05,0.15,603,31.5246,2.2004,0.46766
2495,400,50,50,125,0,0,0,1,356.549,0.05,0.15,603,31.5246,2.19245,0.46766
2496,400,48,48,113,0,0,0,1,333.372,0.05,0.15,603,31.5246,2.33109,0.46766
2497,400,43,43,112,0,0,0,1,326.223,0.05,0.15,603,31.5246,2.19978,0.46766
2498,400,48,48,124,0,0,0,1,346.639,0.05,0.15,603,31.5246,2.08747,0.46766
2499,400,34,34,98,0,0,0,1,253.838,0.05,0.15,603,31.5246,2.69916,0.46766
2500,400,46,46,122,0,0,0,1,345.89,0.05,0.15,603,31.5246,2.23191,0.46766
2501,400,34,34,89,0,0,0,1,233.593,0.05,0.15,603,31.5246,2.64509,0.46766
2502,400,21,21,61,0,0,0,1,142.493,0.05,0.15,603,31.5246,2.39441,0.46766
2503,400,46,46,106,0,0,0,1,327.993,0.05,0.15,603,31.5246,2.2167,0.46766
2504,400,37,37,104,0,0,0,1,281.756,0.05,0.15,603,31.5246,2.24232,0.46766
2505,400,45,45,107,0,0,0,1,322.119,0.05,0.15,603,31.5246,2.34219,0.46766
2506,400,48,48,110,0,0,0,1,322.447,0.05,0.15,603,31.5246,2.64783,0.46766
2507,400,40,40,103,0,0,0,1,288.197,0.05,0.15,603,31.5246,2.32657,0.46766
2508,400,39,39,98,0,0,0,1,281.432,0.05,0.15,603,31.5246,2.3895,0.46766
2509,400,37,37,100,0,0,0,1,284.156,0.05,0.15,603,31.5246,2.17256,0.46766
2510,400,49,49,113,0,0,0,1,330.309,0.05,0.15,603,31.5246,2.42525,0.46766
2511,400,40,40,114,0,0,0,1,291.036,0.05,0.15,603,31.5246,2.38268,0.46766
2512,400,33,33,87,0,0,0,1,219.171,0.05,0.15,603,31.5246,2.42578,0.46766
2513,400,27,27,78,0,0,0,1,199.417,0.05,0.15,603,31.5246,2.30535,0.46766
2514,400,31,31,85,0,0,0,1,227.798,0.05,0.15,603,31.5246,2.1255,0.46766
2515,400,43,43,111,0,0,0,1,296.807,0.05,0.15,603,31.5246,2.41824,0.46766
2516,400,49,49,113,0,0,0,1,316.855,0.05,0.15,603,31.5246,2.40391,0.46766
2517,400,47,47,115,0,0,0,1,326.497,0.05,0.15,603,31.5246,2.41635,0.46766
2518,400,47,47,119,0,0,0,1,329.068,0.05,0.15,603,31.5246,2.16992,0.46766
2519,400,44,44,117,0,0,0,1,323.745,0.05,0.15,603,31.5246,2.32467,0.46766
2520,400,33,33,105,0,0,0,1,261.284,0.05,0.15,603,31.5246,2.24359,0.46766
2521,400,49,49,113,0,0,0,1,312.679,0.05,0.15,603,31.5246,2.61649,0.46766
2522,400,44,44,98,0,0,0,1,312.742,0.05,0.15,603,31.5246,2.26763,0.46766
2523,400,48,48,116,0,0,0,1,305.937,0.05,0.15,603,31.5246,2.33696,0.46766
2524,400,40,40,108,0,0,0,1,294.188,0.05,0.15,603,31.5246,2.12469,0.46766
2525,400,44,44,127,0,0,0,1,343.56,0.05,0.15,603,31.5246,2.06585,0.46766
2526,400,41,41,112,0,0,0,1,300.261,0.05,0.15,603,31.5246,2.06015,0.46766
2527,400,44,44,113,0,0,0,1,336.94,0.05,0.15,603,31.5246,2.25495,0.46766
2528,400,48,48,114,0,0,0,1,319.755,0.05,0.15,603,31.5246,2.46743,0.46766
2529,400,48,48,123,0,0,0,1,343.042,0.05,0.15,603,31.5246,2.17472,0.46766
2530,400,42,42,105,0,0,0,1,295.522,0.05,0.15,603,31.5246,2.22538,0.46766
2531,400,46,46,119,0,0,0,1,313.38,0.05,0.15,603,31.5246,2.07805,0.46766
2532,400,43,43,123,0,0,0,1,314.848,0.05,0.15,603,31.5246,2.04308,0.46766
2533,400,44,44,115,0,0,0,1,322.605,0.05,0.15,603,31.5246,2.13505,0.46766
2534,400,47,47,114,0,0,0,1,316.211,0.05,0.15,603,31.5246,2.13178,0.46766
2535,400,37,37,104,0,0,0,1,284.562,0.05,0.15,603,31.5246,2.18167,0.46766
2536,400,41,41,106,0,0,0,1,230.084,0.05,0.15,603,31.5246,3.14373,0.46766
2537,400,39,39,110,0,0,0,1,229.141,0.05,0.15,603,31.5246,2.98422,0.46766
2538,400,40,40,81,0,0,0,1,231.885,0.05,0.15,603,31.5246,2.91941,0.46766
2539,400,24,24,73,0,0,0,1,192.468,0.05,0.15,603,31.5246,2.66229,0.46766
2540,400,38,38,97,0,0,0,1,233.083,0.05,0.15,603,31.5246,2.9322,0.46766
2541,400,23,23,64,0,0,0,1,139.006,0.05,0.15,603,31.5246,2.64885,0.46766
2542,400,36,36,91,0,0,0,1,235.924,0.05,0.15,603,31.5246,2.66849,0.46766
2543,400,35,35,95,0,0,0,1,220.589,0.05,0.15,603,31.5246,2.52375,0.46766
2544,400,31,31,73,0,0,0,1,195.074,0.05,0.15,603,31.5246,2.33349,0.46766
2545,400,37,37,91,0,0,0,1,243.915,0.05,0.15,603,31.5246,2.55708,0.46766
2546,400,23,23,55,0,0,0,1,138.198,0.05,0.15,603,31.5246,2.79525,0.46766
2547,400,20,20,54,0,0,0,1,124.289,0.05,0.15,603,31.5246,2.5816,0.46766
2548,400,45,45,108,0,0,0,1,291.798,0.05,0.15,603,31.5246,2.44206,0.46766
2549,400,20,20,65,0,0,0,1,142.537,0.05,0.15,603,31.5246,2.59853,0.46766
2550,400,31,31,80,0,0,0,1,173.827,0.05,0.15,603,31.5246,2.66117,0.46766
2551,400,23,23,55,0,0,0,1,136.087,0.05,0.15,603,31.5246,2.49808,0.46766
2552,400,31,31,97,0,0,0,1,236.472,0.05,0.15,603,31.5246,2.27421,0.46766
2553,400,35,35,107,0,0,0,1,254.995,0.05,0.15,603,31.5246,2.30068,0.46766
2554,400,38,38,100,0,0,0,1,257.24,0.05,0.15,603,31.5246,2.30936,0.46766
2555,400,36,36,82,0,0,0,1,215.396,0.05,0.15,603,31.5246,2.71437,0.46766
2556,400,35,35,90,0,0,0,1,255.225,0.05,0.15,603,31.5246,2.45229,0.46766
2557,400,35,35,103,0,0,0,1,266.796,0.05,0.15,603,31.5246,2.1776,0.46766
2558,400,38,38,103,0,0,0,1,283.061,0.05,0.15,603,31.5246,2.07359,0.46766
2559,400,43,43,104,0,0,0,1,306.37,0.05,0.15,603,31.5246,2.09338,0.46766
2560,400,40,40,106,0,0,0,1,282.559,0.05,0.15,603,31.5246,2.11701,0.46766
2561,400,33,33,97,0,0,0,1,253.436,0.05,0.15,603,31.5246,2.04734,0.46766
2562,400,31,31,100,0,0,0,1,243.811,0.05,0.15,603,31.5246,2.21042,0.46766
2563,400,29,29,91,0,0,0,1,263.309,0.05,0.15,603,31.5246,1.88189,0.46766
2564,400,43,43,114,0,0,0,1,298.266,0.05,0.15,603,31.5246,1.81933,0.46766
2565,400,33,33,84,0,0,0,1,232.213,0.05,0.15,603,31.5246,1.99322,0.46766
2566,400,29,29,92,0,0,0,1,213.72,0.05,0.15,603,31.5246,2.28383,0.46766
2567,400,30,30,95,0,0,0,1,199.119,0.05,0.15,603,31.5246,2.70585,0.46766
2568,400,33,33,86,0,0,0,1,235.775,0.05,0.15,603,31.5246,2.44106,0.46766
2569,400,45,45,117,0,0,0,1,320.947,0.05,0.15,603,31.5246,2.14479,0.46766
2570,400,47,47,120,0,0,0,1,347.5,0.05,0.15,603,31.5246,2.02849,0.46766
2571,400,44,44,100,0,0,0,1,313.728,0.05,0.15,603,31.5246,2.26485,0.46766
2572,400,44,44,113,0,0,0,1,322.217,0.05,0.15,603,31.5246,2.15805,0.46766
2573,400,39,39,111,0,0,0,1,295.257,0.05,0.15,603,31.5246,2.16661,0.46766
2574,400,29,29,80,0,0,0,1,217.815,0.05,0.15,603,31.5246,1.98279,0.46766
2575,400,38,38,115,0,0,0,1,293.881,0.05,0.15,603,31.5246,1.97342,0.46766
2576,400,33,33,98,0,0,0,1,255.092,0.05,0.15,603,31.5246,1.94405,0.46766
2577,400,31,31,84,0,0,0,1,225.218,0.05,0.15,603,31.5246,2.2983,0.46766
2578,400,39,39,103,0,0,0,1,236.955,0.05,0.15,603,31.5246,2.73836,0.46766
2579,400,39,39,86,0,0,0,1,230.819,0.05,0.15,603,31.5246,2.49922,0.46766
2580,400,34,34,90,0,0,0,1,213.764,0.05,0.15,603,31.5246,2.89071,0.46766
2581,400,28,28,73,0,0,0,1,222.317,0.05,0.15,603,31.5246,2.40726,0.46766
2582,400,32,32,84,0,0,0,1,227.711,0.05,0.15,603,31.5246,2.63306,0.46766
2583,400,22,22,59,0,0,0,1,135.211,0.05,0.15,603,31.5246,2.38071,0.46766
2584,400,30,30,81,0,0,0,1,191.58,0.05,0.15,603,31.5246,2.22098,0.46766
2585,400,34,34,92,0,0,0,1,203.642,0.05,0.15,603,31.5246,2.3658,0.46766
2586,400,20,20,68,0,0,0,1,144.19,0.05,0.15,603,31.5246,2.30302,0.46766
2587,400,29,29,77,0,0,0,1,191.81,0.05,0.15,603,31.5246,2.22892,0.46766
2588,400,23,23,84,0,0,0,1,196.159,0.05,0.15,603,31.5246,2.48369,0.46766
2589,400,22,22,78,0,0,0,1,193.14,0.05,0.15,603,31.5246,2.41825,0.46766
2590,400,31,31,97,0,0,0,1,255.423,0.05,0.15,603,31.5246,2.31769,0.46766
2591,400,30,30,93,0,0,0,1,252.49,0.05,0.15,603,31.5246,2.23953,0.46766
2592,400,45,45,115,0,0,0,1,310.367,0.05,0.15,603,31.5246,2.33693,0.46766
2593,400,39,39,97,0,0,0,1,283.744,0.05,0.15,603,31.5246,2.24936,0.46766
2594,400,36,36,102,0,0,0,1,263.601,0.05,0.15,603,31.5246,2.31707,0.46766
2595,400,42,42,101,0,0,0,1,244.484,0.05,0.15,603,31.5246,2.2753,0.46766
2596,400,34,34,108,0,0,0,1,218.851,0.05,0.15,603,31.5246,2.3629,0.46766
2597,400,40,40,110,0,0,0,1,258.452,0.05,0.15,603,31.5246,2.28398,0.46766
2598,400,35,35,91,0,0,0,1,256.346,0.05,0.15,603,31.5246,2.47886,0.46766
2599,400,33,33,87,0,0,0,1,248.948,0.05,0.15,603,31.5246,2.37658,0.46766
2600,400,39,39,97,0,0,0,1,286.498,0.05,0.15,603,31.5246,2.34949,0.46766
2601,400,40,40,96,0,0,0,1,290.356,0.05,0.15,603,31.5246,2.05697,0.46766
2602,400,32,32,85,0,0,0,1,254.208,0.05,0.15,603,31.5246,2.03966,0.46766
2603,400,31,31,84,0,0,0,1,238.822,0.05,0.15,603,31.5246,2.27792,0.46766
2604,400,35,35,93,0,0,0,1,261.433,0.05,0.15,603,31.5246,2.23683,0.46766
2605,400,23,23,68,0,0,0,1,208.005,0.05,0.15,603,31.5246,1.94011,0.46766
2606,400,41,41,97,0,0,0,1,290.276,0.05,0.15,603,31.5246,2.30107,0.46766
2607,400,40,40,99,0,0,0,1,283.181,0.05,0.15,603,31.5246,2.49539,0.46766
2608,400,36,36,94,0,0,0,1,258.705,0.05,0.15,603,31.5246,2.30955,0.46766
2609,400,32,32,86,0,0,0,1,247.967,0.05,0.15,603,31.5246,2.01675,0.46766
2610,400,32,32,90,0,0,0,1,233.173,0.05,0.15,603,31.5246,2.43384,0.46766
2611,400,37,37,107,0,0,0,1,260.325,0.05,0.15,603,31.5246,2.17942,0.46766
2612,400,36,36,94,0,0,0,1,263.645,0.05,0.15,603,31.5246,2.16259,0.46766
2613,400,37,37,99,0,0,0,1,289.287,0.05,0.15,603,31.5246,2.32174,0.46766
2614,400,32,32,89,0,0,0,1,247.916,0.05,0.15,603,31.5246,2.29312,0.46766
2615,400,33,33,90,0,0,0,1,245.564,0.05,0.15,603,31.5246,2.34765,0.46766
2616,400,38,38,86,0,0,0,1,282.464,0.05,0.15,603,31.5246,2.23122,0.46766
2617,400,35,35,96,0,0,0,1,277.761,0.05,0.15,603,31.5246,2.08151,0.46766
2618,400,43,43,115,0,0,0,1,319.089,0.05,0.15,603,31.5246,2.18817,0.46766
2619,400,40,40,100,0,0,0,1,310.741,0.05,0.15,603,31.5246,2.33433,0.46766
2620,400,37,37,99,0,0,0,1,288.96,0.05,0.15,603,31.5246,2.1415,0.46766
2621,400,37,37,101,0,0,0,1,282.797,0.05,0.15,603,31.5246,2.26078,0.46766
2622,400,40,40,102,0,0,0,1,299.242,0.05,0.15,603,31.5246,2.12913,0.46766
2623,400,37,37,106,0,0,0,1,293.506,0.05,0.15,603,31.5246,2.15121,0.46766
2624,400,18,18,51,0,0,0,1,129.365,0.05,0.15,603,31.5246,2.57894,0.46766
2625,400,40,40,111,0,0,0,1,324.777,0.05,0.15,603,31.5246,2.0306,0.46766
2626,400,39,39,93,0,0,0,1,304.704,0.05,0.15,603,31.5246,2.0027,0.46766
2627,400,48,48,118,0,0,0,1,354.882,0.05,0.15,603,31.5246,2.34519,0.46766
2628,400,38,38,94,0,0,0,1,284.929,0.05,0.15,603,31.5246,2.21355,0.46766
2629,400,36,36,83,0,0,0,1,266.556,0.05,0.15,603,31.5246,2.33539,0.46766
2630,400,47,47,112,0,0,0,1,335.353,0.05,0.15,603,31.5246,2.24819,0.46766
2631,400,42,42,105,0,0,0,1,297.131,0.05,0.15,603,31.5246,2.52554,0.46766
2632,400,40,40,107,0,0,0,1,304.771,0.05,0.15,603,31.5246,2.12395,0.46766
2633,400,33,33,82,0,0,0,1,262.868,0.05,0.15,603,31.5246,2.07383,0.46766
2634,400,45,45,122,0,0,0,1,353.658,0.05,0.15,603,31.5246,2.09129,0.46766
2635,400,43,43,106,0,0,0,1,328.376,0.05,0.15,603,31.5246,2.2743,0.46766
2636,400,43,43,109,0,0,0,1,329.261,0.05,0.15,603,31.5246,2.03449,0.46766
2637,400,42,42,109,0,0,0,1,323.793,0.05,0.15,603,31.5246,2.06117,0.46766
2638,400,38,38,107,0,0,0,1,288.913,0.05,0.15,603,31.5246,2.07508,0.46766
2639,400,40,40,108,0,0,0,1,275.812,0.05,0.15,603,31.5246,2.97956,0.46766
2640,400,44,44,111,0,0,0,1,335.049,0.05,0.15,603,31.5246,2.11892,0.46766
2641,400,33,33,88,0,0,0,1,277.396,0.05,0.15,603,31.5246,1.98635,0.46766
2642,400,38,38,100,0,0,0,1,309.861,0.05,0.15,603,31.5246,2.22242,0.46766
2643,400,28,28,66,0,0,0,1,206.843,0.05,0.15,603,31.5246,2.82708,0.46766
2644,400,37,37,91,0,0,0,1,245.697,0.05,0.15,603,31.5246,2.724,0.46766
2645,400,36,36,90,0,0,0,1,232.78,0.05,0.15,603,31.5246,2.5167,0.46766
2646,400,40,40,97,0,0,0,1,267.475,0.05,0.15,603,31.5246,2.39106,0.46766
2647,400,47,47,114,0,0,0,1,349.797,0.05,0.15,603,31.5246,2.39864,0.46766
2648,400,39,39,102,0,0,0,1,301.672,0.05,0.15,603,31.5246,2.09593,0.46766
2649,400,41,41,103,0,0,0,1,308.611,0.05,0.15,603,31.5246,2.19494,0.46766
2650,400,40,40,105,0,0,0,1,314.027,0.05,0.15,603,31.5246,2.32355,0.46766
2651,400,37,37,99,0,0,0,1,300.019,0.05,0.15,603,31.5246,2.1785,0.46766
2652,400,35,35,97,0,0,0,1,285.932,0.05,0.15,603,31.5246,2.24648,0.46766
2653,400,44,44,108,0,0,0,1,322.606,0.05,0.15,603,31.5246,2.11687,0.46766
2654,400,47,47,116,0,0,0,1,351.833,0.05,0.15,603,31.5246,2.19688,0.46766
2655,400,36,36,85,0,0,0,1,271.519,0.05,0.15,603,31.5246,2.44679,0.46766
2656,400,45,45,116,0,0,0,1,331.7,0.05,0.15,603,31.5246,2.08219,0.46766
2657,400,40,40,105,0,0,0,1,307.968,0.05,0.15,603,31.5246,1.98858,0.46766
2658,400,45,45,114,0,0,0,1,341.656,0.05,0.15,603,31.5246,2.1605,0.46766
2659,400,42,42,127,0,0,0,1,341.408,0.05,0.15,603,31.5246,2.08582,0.46766
2660,400,43,43,108,0,0,0,1,341.737,0.05,0.15,603,31.5246,1.98763,0.46766
2661,400,38,38,100,0,0,0,1,294.683,0.05,0.15,603,31.5246,2.25252,0.46766
2662,400,47,47,110,0,0,0,1,344.596,0.05,0.15,603,31.5246,2.22422,0.46766
2663,400,39,39,104,0,0,0,1,308.023,0.05,0.15,603,31.5246,2.17354,0.46766
2664,400,35,35,94,0,0,0,1,274.266,0.05,0.15,603,31.5246,2.20452,0.46766
2665,400,42,42,100,0,0,0,1,301.193,0.05,0.15,603,31.5246,2.33447,0.46766
2666,400,40,40,110,0,0,0,1,315.8,0.05,0.15,603,31.5246,2.01722,0.46766
2667,400,34,34,104,0,0,0,1,295.694,0.05,0.15,603,31.5246,1.99175,0.46766
2668,400,32,32,103,0,0,0,1,217.93,0.05,0.15,603,31.5246,3.04002,0.46766
2669,400,25,25,76,0,0,0,1,176.227,0.05,0.15,603,31.5246,2.45286,0.46766
2670,400,36,36,95,0,0,0,1,226.535,0.05,0.15,603,31.5246,2.56136,0.46766
2671,400,27,27,78,0,0,0,1,191.884,0.05,0.15,603,31.5246,2.54284,0.46766
2672,400,32,32,102,0,0,0,1,229.229,0.05,0.15,603,31.5246,2.41231,0.46766
2673,400,40,40,108,0,0,0,1,267.933,0.05,0.15,603,31.5246,2.43093,0.46766
2674,400,44,44,110,0,0,0,1,319.879,0.05,0.15,603,31.5246,2.42288,0.46766
2675,400,42,42,106,0,0,0,1,315.777,0.05,0.15,603,31.5246,2.1974,0.46766
2676,400,33,33,104,0,0,0,1,231.606,0.05,0.15,603,31.5246,2.38915,0.46766
2677,400,38,38,95,0,0,0,1,220.657,0.05,0.15,603,31.5246,2.44683,0.46766
2678,400,37,37,88,0,0,0,1,256.407,0.05,0.15,603,31.5246,2.27951,0.46766
2679,400,35,35,81,0,0,0,1,224.679,0.05,0.15,603,31.5246,2.1809,0.46766
2680,400,25,25,84,0,0,0,1,205.727,0.05,0.15,603,31.5246,2.07635,0.46766
2681,400,38,38,107,0,0,0,1,248.79,0.05,0.15,603,31.5246,2.42856,0.46766
2682,400,33,33,104,0,0,0,1,230.391,0.05,0.15,603,31.5246,2.31587,0.46766
2683,400,31,31,83,0,0,0,1,217.699,0.05,0.15,603,31.5246,2.24484,0.46766
2684,400,33,33,100,0,0,0,1,228.202,0.05,0.15,603,31.5246,2.17809,0.46766
2685,400,32,32,89,0,0,0,1,254.548,0.05,0.15,603,31.5246,2.11493,0.46766
2686,400,36,36,90,0,0,0,1,243.322,0.05,0.15,603,31.5246,2.33393,0.46766
2687,400,29,29,95,0,0,0,1,219.662,0.05,0.15,603,31.5246,2.18895,0.46766
2688,400,38,38,97,0,0,0,1,284.542,0.05,0.15,603,31.5246,2.25202,0.46766
2689,400,37,37,97,0,0,0,1,275.001,0.05,0.15,603,31.5246,2.30422,0.46766
2690,400,32,32,102,0,0,0,1,280.548,0.05,0.15,603,31.5246,1.97872,0.46766
2691,400,33,33,99,0,0,0,1,273.308,0.05,0.15,603,31.5246,2.31693,0.46766
2692,400,31,31,91,0,0,0,1,257.306,0.05,0.15,603,31.5246,2.03798,0.46766
2693,400,39,39,100,0,0,0,1,232.758,0.05,0.15,603,31.5246,2.32633,0.46766
2694,400,41,41,101,0,0,0,1,250.489,0.05,0.15,603,31.5246,2.21252,0.46766
2695,400,35,35,99,0,0,0,1,229.949,0.05,0.15,603,31.5246,1.94762,0.46766
2696,400,34,34,97,0,0,0,1,234.3,0.05,0.15,603,31.5246,2.1154,0.46766
2697,400,25,25,74,0,0,0,1,167.088,0.05,0.15,603,31.5246,2.12922,0.46766
2698,400,40,40,103,0,0,0,1,297.649,0.05,0.15,603,31.5246,2.26043,0.46766
2699,400,29,29,86,0,0,0,1,209.902,0.05,0.15,603,31.5246,1.98363,0.46766
2700,400,40,40,106,0,0,0,1,256.675,0.05,0.15,603,31.5246,1.9722,0.46766
2701,400,30,30,84,0,0,0,1,189.342,0.05,0.15,603,31.5246,2.28781,0.46766
2702,400,28,28,72,0,0,0,1,188.7,0.05,0.15,603,31.5246,2.05996,0.46766
2703,400,27,27,95,0,0,0,1,219.248,0.05,0.15,603,31.5246,2.06554,0.46766
2704,400,26,26,73,0,0,0,1,183.998,0.05,0.15,603,31.5246,2.0506,0.46766
2705,400,29,29,65,0,0,0,1,179.777,0.05,0.15,603,31.5246,2.22131,0.46766
2706,400,32,32,88,0,0,0,1,223.458,0.05,0.15,603,31.5246,2.02902,0.46766
2707,400,26,26,82,0,0,0,1,194.135,0.05,0.15,603,31.5246,2.06408,0.46766
2708,400,36,36,87,0,0,0,1,224.584,0.05,0.15,603,31.5246,2.15484,0.46766
2709,400,36,36,101,0,0,0,1,242.306,0.05,0.15,603,31.5246,2.24144,0.46766
2710,400,33,33,79,0,0,0,1,210.14,0.05,0.15,603,31.5246,2.17473,0.46766
2711,400,30,30,74,0,0,0,1,210.653,0.05,0.15,603,31.5246,2.0571,0.46766
2712,400,38,38,98,0,0,0,1,252.139,0.05,0.15,603,31.5246,2.18119,0.46766
2713,400,40,40,100,0,0,0,1,256.392,0.05,0.15,603,31.5246,2.16202,0.46766
2714,400,36,36,79,0,0,0,1,232.379,0.05,0.15,603,31.5246,2.11349,0.46766
2715,400,31,31,81,0,0,0,1,213.389,0.05,0.15,603,31.5246,2.02157,0.46766
2716,400,28,28,75,0,0,0,1,210.858,0.05,0.15,603,31.5246,2.08829,0.46766
2717,400,30,30,87,0,0,0,1,203.209,0.05,0.15,603,31.5246,2.13745,0.46766
2718,400,25,25,77,0,0,0,1,186.218,0.05,0.15,603,31.5246,2.039,0.46766
2719,400,34,34,87,0,0,0,1,231.454,0.05,0.15,603,31.5246,2.28384,0.46766
2720,400,31,31,92,0,0,0,1,271.776,0.05,0.15,603,31.5246,2.08844,0.46766
2721,400,41,41,100,0,0,0,1,288.231,0.05,0.15,603,31.5246,2.19056,0.46766
2722,400,39,39,117,0,0,0,1,310.751,0.05,0.15,603,31.5246,2.16648,0.46766
2723,400,34,34,95,0,0,0,1,251.87,0.05,0.15,603,31.5246,2.03995,0.46766
2724,400,44,44,117,0,0,0,1,322.152,0.05,0.15,603,31.5246,2.0375,0.46766
2725,400,39,39,110,0,0,0,1,308.639,0.05,0.15,603,31.5246,2.07697,0.46766
2726,400,43,43,118,0,0,0,1,312.456,0.05,0.15,603,31.5246,1.84682,0.46766
2727,400,38,38,102,0,0,0,1,292.002,0.05,0.15,603,31.5246,2.14891,0.46766
2728,400,41,41,107,0,0,0,1,302.7,0.05,0.15,603,31.5246,2.50239,0.46766
2729,400,42,42,116,0,0,0,1,319.914,0.05,0.15,603,31.5246,2.01571,0.46766
2730,400,38,38,101,0,0,0,1,278.993,0.05,0.15,603,31.5246,2.20679,0.46766
2731,400,38,38,93,0,0,0,1,274.124,0.05,0.15,603,31.5246,1.93119,0.46766
2732,400,41,41,108,0,0,0,1,315.644,0.05,0.15,603,31.5246,2.04842,0.46766
2733,400,38,38,100,0,0,0,1,281.198,0.05,0.15,603,31.5246,2.27501,0.46766
2734,400,43,43,108,0,0,0,1,329.073,0.05,0.15,603,31.5246,2.05806,0.46766
2735,400,36,36,111,0,0,0,1,291.846,0.05,0.15,603,31.5246,2.30324,0.46766
2736,400,40,40,94,0,0,0,1,286.641,0.05,0.15,603,31.5246,2.08348,0.46766
2737,400,43,43,111,0,0,0,1,308.745,0.05,0.15,603,31.5246,2.1932,0.46766
2738,400,45,45,108,0,0,0,1,310.341,0.05,0.15,603,31.5246,2.14565,0.46766
2739,400,46,46,122,0,0,0,1,323.384,0.05,0.15,603,31.5246,2.00977,0.46766
2740,400,43,43,101,0,0,0,1,301.236,0.05,0.15,603,31.5246,2.16351,0.46766
2741,400,46,46,113,0,0,0,1,322.492,0.05,0.15,603,31.5246,2.12985,0.46766
2742,400,43,43,122,0,0,0,1,327.742,0.05,0.15,603,31.5246,2.14092,0.46766
2743,400,42,42,96,0,0,0,1,294.366,0.05,0.15,603,31.5246,2.0364,0.46766
2744,400,44,44,113,0,0,0,1,300.819,0.05,0.15,603,31.5246,2.14478,0.46766
2745,400,25,25,67,0,0,0,1,183.109,0.05,0.15,603,31.5246,2.40084,0.46766
2746,400,46,46,129,0,0,0,1,349.071,0.05,0.15,603,31.5246,1.96227,0.46766
2747,400,47,47,122,0,0,0,1,332.897,0.05,0.15,603,31.5246,2.22657,0.46766
2748,400,44,44,113,0,0,0,1,323.392,0.05,0.15,603,31.5246,2.08815,0.46766
2749,400,45,45,115,0,0,0,1,307.617,0.05,0.15,603,31.5246,1.95459,0.46766
2750,400,40,40,102,0,0,0,1,285.896,0.05,0.15,603,31.5246,2.18202,0.46766
2751,400,28,28,89,0,0,0,1,234.153,0.05,0.15,603,31.5246,2.2818,0.46766
2752,400,37,37,99,0,0,0,1,272.738,0.05,0.15,603,31.5246,2.28037,0.46766
2753,400,35,35,84,0,0,0,1,234.938,0.05,0.15,603,31.5246,2.20177,0.46766
2754,400,41,41,107,0,0,0,1,295.722,0.05,0.15,603,31.5246,1.89558,0.46766
2755,400,44,44,120,0,0,0,1,302.339,0.05,0.15,603,31.5246,2.41751,0.46766
2756,400,48,48,122,0,0,0,1,331.161,0.05,0.15,603,31.5246,2.03509,0.46766
2757,400,46,46,104,0,0,0,1,323.235,0.05,0.15,603,31.5246,2.13113,0.46766
2758,400,40,40,107,0,0,0,1,303.389,0.05,0.15,603,31.5246,2.07288,0.46766
2759,400,47,47,114,0,0,0,1,333.111,0.05,0.15,603,31.5246,2.1686,0.46766
2760,400,41,41,120,0,0,0,1,323.599,0.05,0.15,603,31.5246,2.15751,0.46766
2761,400,42,42,123,0,0,0,1,308.487,0.05,0.15,603,31.5246,2.15507,0.46766
2762,400,48,48,114,0,0,0,1,326.405,0.05,0.15,603,31.5246,2.33411,0.46766
2763,400,45,45,117,0,0,0,1,333.329,0.05,0.15,603,31.5246,2.11433,0.46766
2764,400,46,46,126,0,0,0,1,335.664,0.05,0.15,603,31.5246,2.15052,0.46766
2765,400,38,38,107,0,0,0,1,298.983,0.05,0.15,603,31.5246,2.20577,0.46766
2766,400,45,45,115,0,0,0,1,329.197,0.05,0.15,603,31.5246,2.09504,0.46766
2767,400,42,42,106,0,0,0,1,315.965,0.05,0.15,603,31.5246,2.11431,0.46766
2768,400,43,43,124,0,0,0,1,336.297,0.05,0.15,603,31.5246,2.20562,0.46766
2769,400,45,45,127,0,0,0,1,345.913,0.05,0.15,603,31.5246,2.11517,0.46766
2770,400,49,49,121,0,0,0,1,334.041,0.05,0.15,603,31.5246,2.19568,0.46766
2771,400,44,44,103,0,0,0,1,311.639,0.05,0.15,603,31.5246,2.24217,0.46766
2772,400,45,45,116,0,0,0,1,330.134,0.05,0.15,603,31.5246,2.43784,0.46766
2773,400,42,42,109,0,0,0,1,309.383,0.05,0.15,603,31.5246,2.13027,0.46766
2774,400,46,46,121,0,0,0,1,331.78,0.05,0.15,603,31.5246,1.98384,0.46766
2775,400,38,38,104,0,0,0,1,286.864,0.05,0.15,603,31.5246,2.2303,0.46766
2776,400,42,42,106,0,0,0,1,310.943,0.05,0.15,603,31.5246,2.1121,0.46766
2777,400,43,43,121,0,0,0,1,340.951,0.05,0.15,603,31.5246,1.90781,0.46766
2778,400,44,44,110,0,0,0,1,338.628,0.05,0.15,603,31.5246,2.08287,0.46766
2779,400,44,44,106,0,0,0,1,324.424,0.05,0.15,603,31.5246,2.07528,0.46766
2780,400,43,43,111,0,0,0,1,324.525,0.05,0.15,603,31.5246,2.24013,0.46766
2781,400,42,42,120,0,0,0,1,342.927,0.05,0.15,603,31.5246,2.12506,0.46766
2782,400,45,45,111,0,0,0,1,334.828,0.05,0.15,603,31.5246,2.04387,0.46766
2783,400,47,47,115,0,0,0,1,312.429,0.05,0.15,603,31.5246,2.28431,0.46766
2784,400,38,38,95,0,0,0,1,241.806,0.05,0.15,603,31.5246,2.43846,0.46766
2785,400,43,43,101,0,0,0,1,309.709,0.05,0.15,603,31.5246,2.23645,0.46766
2786,400,46,46,109,0,0,0,1,323.642,0.05,0.15,603,31.5246,2.18334,0.46766
2787,400,37,37,104,0,0,0,1,280.093,0.05,0.15,603,31.5246,2.12677,0.46766
2788,400,45,45,104,0,0,0,1,309.4,0.05,0.15,603,31.5246,2.47172,0.46766
2789,400,48,48,114,0,0,0,1,339.167,0.05,0.15,603,31.5246,2.17046,0.46766
2790,400,43,43,123,0,0,0,1,320.222,0.05,0.15,603,31.5246,2.12627,0.46766
2791,400,47,47,115,0,0,0,1,345.01,0.05,0.15,603,31.5246,2.1727,0.46766
2792,400,42,42,103,0,0,0,1,297.651,0.05,0.15,603,31.5246,2.35562,0.46766
2793,400,46,46,117,0,0,0,1,333.519,0.05,0.15,603,31.5246,2.14224,0.46766
2794,400,48,48,107,0,0,0,1,335.16,0.05,0.15,603,31.5246,2.39436,0.46766
2795,400,45,45,119,0,0,0,1,332.23,0.05,0.15,603,31.5246,2.29316,0.46766
2796,400,45,45,115,0,0,0,1,320.668,0.05,0.15,603,31.5246,2.11741,0.46766
2797,400,49,49,129,0,0,0,1,366.422,0.05,0.15,603,31.5246,2.18192,0.46766
2798,400,39,39,117,0,0,0,1,289.24,0.05,0.15,603,31.5246,2.58625,0.46766
2799,400,47,47,128,0,0,0,1,345.687,0.05,0.15,603,31.5246,2.3691,0.46766
2800,400,48,48,125,0,0,0,1,337.594,0.05,0.15,603,31.5246,2.31522,0.46766
2801,400,44,44,107,0,0,0,1,322.933,0.05,0.15,603,31.5246,2.39627,0.46766
2802,400,46,46,111,0,0,0,1,333.863,0.05,0.15,603,31.5246,2.20164,0.46766
2803,400,41,41,111,0,0,0,1,315.431,0.05,0.15,603,31.5246,2.17388,0.46766
2804,400,46,46,107,0,0,0,1,333.063,0.05,0.15,603,31.5246,2.11993,0.46766
2805,400,46,46,123,0,0,0,1,358.989,0.05,0.15,603,31.5246,2.01786,0.46766
2806,400,50,50,123,0,0,0,1,349.502,0.05,0.15,603,31.5246,2.32828,0.46766
2807,400,48,48,114,0,0,0,1,332.423,0.05,0.15,603,31.5246,2.06824,0.46766
2808,400,44,44,111,0,0,0,1,318.048,0.05,0.15,603,31.5246,2.24957,0.46766
2809,400,40,40,109,0,0,0,1,273.326,0.05,0.15,603,31.5246,2.43276,0.46766
2810,400,32,32,88,0,0,0,1,235.617,0.05,0.15,603,31.5246,2.07899,0.46766
2811,400,47,47,105,0,0,0,1,310.132,0.05,0.15,603,31.5246,1.94953,0.46766
2812,400,50,50,111,0,0,0,1,339.415,0.05,0.15,603,31.5246,2.05912,0.46766
2813,400,35,35,103,0,0,0,1,269.299,0.05,0.15,603,31.5246,2.20531,0.46766
2814,400,34,34,90,0,0,0,1,263.214,0.05,0.15,603,31.5246,2.07462,0.46766
2815,400,47,47,122,0,0,0,1,342.149,0.05,0.15,603,31.5246,2.02495,0.46766
2816,400,48,48,117,0,0,0,1,336.568,0.05,0.15,603,31.5246,2.34764,0.46766
2817,400,48,48,125,0,0,0,1,351.723,0.05,0.15,603,31.5246,2.03545,0.46766
2818,400,46,46,119,0,0,0,1,340.18,0.05,0.15,603,31.5246,1.96073,0.46766
2819,400,37,37,94,0,0,0,1,270.908,0.05,0.15,603,31.5246,2.26757,0.46766
2820,400,48,48,104,0,0,0,1,330.189,0.05,0.15,603,31.5246,2.19189,0.46766
2821,400,18,18,49,0,0,0,1,151.504,0.05,0.15,603,31.5246,1.93839,0.46766
2822,400,37,37,87,0,0,0,1,270.842,0.05,0.15,603,31.5246,1.98737,0.46766
2823,398,50,50,119,0,0,0,1,362.546,0.05,0.15,603,31.5246,2.04598,0.46766
2824,400,44,44,97,0,0,0,1,316.144,0.05,0.15,603,31.5246,2.25996,0.46766
2825,400,25,25,95,0,0,0,1,238.222,0.05,0.15,603,31.5246,2.04886,0.46766
2826,400,30,30,82,0,0,0,1,221.807,0.05,0.15,603,31.5246,2.23964,0.46766
2827,400,39,39,110,0,0,0,1,306.041,0.05,0.15,603,31.5246,2.0584,0.46766
2828,400,30,30,89,0,0,0,1,242.641,0.05,0.15,603,31.5246,2.28388,0.46766
2829,400,41,41,109,0,0,0,1,297.758,0.05,0.15,603,31.5246,2.18762,0.46766
2830,400,46,46,115,0,0,0,1,334.666,0.05,0.15,603,31.5246,2.14822,0.46766
2831,400,46,46,116,0,0,0,1,335.617,0.05,0.15,603,31.5246,1.95954,0.46766
2832,400,45,45,114,0,0,0,1,336.957,0.05,0.15,603,31.5246,2.21642,0.46766
2833,400,46,46,111,0,0,0,1,334.039,0.05,0.15,603,31.5246,2.19342,0.46766
2834,400,44,44,110,0,0,0,1,318.252,0.05,0.15,603,31.5246,2.16491,0.46766
2835,400,45,45,111,0,0,0,1,325.695,0.05,0.15,603,31.5246,2.22781,0.46766
2836,400,39,39,121,0,0,0,1,311.02,0.05,0.15,603,31.5246,2.33535,0.46766
2837,400,44,44,115,0,0,0,1,313.579,0.05,0.15,603,31.5246,2.00017,0.46766
2838,400,47,47,125,0,0,0,1,354.0,0.05,0.15,603,31.5246,2.26679,0.46766
2839,400,46,46,126,0,0,0,1,346.777,0.05,0.15,603,31.5246,2.4741,0.46766
2840,400,40,40,116,0,0,0,1,299.903,0.05,0.15,603,31.5246,2.30363,0.46766
2841,400,38,38,106,0,0,0,1,289.192,0.05,0.15,603,31.5246,2.24481,0.46766
2842,400,29,29,80,0,0,0,1,212.887,0.05,0.15,603,31.5246,2.40557,0.46766
2843,400,43,43,108,0,0,0,1,302.365,0.05,0.15,603,31.5246,2.15843,0.46766
2844,400,45,45,110,0,0,0,1,303.921,0.05,0.15,603,31.5246,2.2084,0.46766
2845,400,47,47,112,0,0,0,1,329.286,0.05,0.15,603,31.5246,2.41335,0.46766
2846,400,24,24,59,0,0,0,1,189.124,0.05,0.15,603,31.5246,2.38313,0.46766
2847,400,44,44,116,0,0,0,1,317.974,0.05,0.15,603,31.5246,2.26399,0.46766
2848,400,34,34,91,0,0,0,1,237.164,0.05,0.15,603,31.5246,2.32765,0.46766
2849,400,42,42,100,0,0,0,1,294.604,0.05,0.15,603,31.5246,2.33246,0.46766
2850,400,45,45,119,0,0,0,1,338.251,0.05,0.15,603,31.5246,2.13795,0.46766
2851,400,42,42,108,0,0,0,1,313.758,0.05,0.15,603,31.5246,1.98325,0.46766
2852,400,43,43,109,0,0,0,1,322.956,0.05,0.15,603,31.5246,2.2744,0.46766
2853,400,45,45,110,0,0,0,1,320.517,0.05,0.15,603,31.5246,1.96967,0.46766
2854,400,47,47,117,0,0,0,1,335.743,0.05,0.15,603,31.5246,2.29103,0.46766
2855,400,38,38,102,0,0,0,1,270.103,0.05,0.15,603,31.5246,2.46609,0.46766
2856,400,49,49,126,0,0,0,1,355.784,0.05,0.15,603,31.5246,2.37914,0.46766
2857,400,45,45,112,0,0,0,1,336.493,0.05,0.15,603,31.5246,2.29614,0.46766
2858,400,30,30,85,0,0,0,1,232.583,0.05,0.15,603,31.5246,2.18543,0.46766
2859,400,48,48,120,0,0,0,1,361.323,0.05,0.15,603,31.5246,2.23564,0.46766
2860,400,39,39,119,0,0,0,1,302.719,0.05,0.15,603,31.5246,2.28672,0.46766
2861,400,46,46,106,0,0,0,1,335.515,0.05,0.15,603,31.5246,2.16477,0.46766
2862,400,46,46,108,0,0,0,1,325.567,0.05,0.15,603,31.5246,2.2558,0.46766
2863,400,39,39,111,0,0,0,1,325.766,0.05,0.15,603,31.5246,2.09254,0.46766
2864,400,46,46,113,0,0,0,1,329.413,0.05,0.15,603,31.5246,2.17671,0.46766
2865,400,46,46,108,0,0,0,1,325.369,0.05,0.15,603,31.5246,2.18024,0.46766
2866,400,41,41,117,0,0,0,1,321.041,0.05,0.15,603,31.5246,2.02798,0.46766
2867,400,46,46,110,0,0,0,1,327.139,0.05,0.15,603,31.5246,2.36939,0.46766
2868,400,49,49,117,0,0,0,1,360.147,0.05,0.15,603,31.5246,2.22311,0.46766
2869,400,37,37,89,0,0,0,1,266.251,0.05,0.15,603,31.5246,2.1462,0.46766
2870,400,42,42,103,0,0,0,1,306.67,0.05,0.15,603,31.5246,2.14502,0.46766
2871,400,48,48,118,0,0,0,1,355.428,0.05,0.15,603,31.5246,2.21888,0.46766
2872,400,40,40,108,0,0,0,1,309.415,0.05,0.15,603,31.5246,2.30386,0.46766
2873,400,21,21,42,0,0,0,1,145.882,0.05,0.15,603,31.5246,2.66901,0.46766
2874,400,40,40,113,0,0,0,1,301.156,0.05,0.15,603,31.5246,2.42733,0.46766
2875,400,39,39,106,0,0,0,1,294.357,0.05,0.15,603,31.5246,2.24711,0.46766
2876,400,39,39,101,0,0,0,1,281.889,0.05,0.15,603,31.5246,2.44374,0.46766
2877,400,25,25,64,0,0,0,1,184.188,0.05,0.15,603,31.5246,2.28087,0.46766
2878,400,42,42,106,0,0,0,1,318.329,0.05,0.15,603,31.5246,2.06257,0.46766
2879,400,33,33,79,0,0,0,1,235.518,0.05,0.15,603,31.5246,2.2506,0.46766
2880,400,37,37,97,0,0,0,1,283.519,0.05,0.15,603,31.5246,2.15941,0.46766
2881,400,45,45,110,0,0,0,1,319.328,0.05,0.15,603,31.5246,2.09002,0.46766
2882,400,42,42,107,0,0,0,1,321.59,0.05,0.15,603,31.5246,2.22668,0.46766
2883,400,32,32,91,0,0,0,1,254.716,0.05,0.15,603,31.5246,2.05431,0.46766
2884,400,42,42,117,0,0,0,1,321.019,0.05,0.15,603,31.5246,2.2678,0.46766
2885,400,45,45,103,0,0,0,1,325.402,0.05,0.15,603,31.5246,1.97531,0.46766
2886,400,37,37,92,0,0,0,1,281.909,0.05,0.15,603,31.5246,2.27528,0.46766
2887,400,26,26,75,0,0,0,1,206.955,0.05,0.15,603,31.5246,2.19454,0.46766
2888,400,26,26,66,0,0,0,1,178.81,0.05,0.15,603,31.5246,2.43469,0.46766
2889,400,26,26,71,0,0,0,1,142.183,0.05,0.15,603,31.5246,3.36528,0.46766
2890,400,23,23,70,0,0,0,1,139.624,0.05,0.15,603,31.5246,3.02712,0.46766
2891,400,24,24,72,0,0,0,1,144.567,0.05,0.15,603,31.5246,2.94722,0.46766
2892,400,41,41,113,0,0,0,1,312.288,0.05,0.15,603,31.5246,2.51948,0.46766
2893,400,41,41,124,0,0,0,1,323.716,0.05,0.15,603,31.5246,2.34289,0.46766
2894,400,37,37,110,0,0,0,1,279.548,0.05,0.15,603,31.5246,2.56177,0.46766
2895,400,45,45,106,0,0,0,1,296.445,0.05,0.15,603,31.5246,2.62017,0.46766
2896,400,47,47,118,0,0,0,1,340.074,0.05,0.15,603,31.5246,2.40892,0.46766
2897,400,36,36,96,0,0,0,1,243.502,0.05,0.15,603,31.5246,2.38312,0.46766
2898,400,46,46,112,0,0,0,1,311.094,0.05,0.15,603,31.5246,2.45067,0.46766
2899,400,43,43,123,0,0,0,1,337.662,0.05,0.15,603,31.5246,2.19582,0.46766
2900,400,41,41,116,0,0,0,1,301.316,0.05,0.15,603,31.5246,2.3192,0.46766
2901,400,49,49,121,0,0,0,1,351.763,0.05,0.15,603,31.5246,2.34179,0.46766
2902,400,48,48,106,0,0,0,1,325.27,0.05,0.15,603,31.5246,2.15651,0.46766
2903,400,41,41,101,0,0,0,1,295.397,0.05,0.15,603,31.5246,2.14925,0.46766
2904,400,44,44,121,0,0,0,1,335.202,0.05,0.15,603,31.5246,2.18642,0.46766
2905,400,27,27,74,0,0,0,1,186.763,0.05,0.15,603,31.5246,2.47983,0.46766
2906,400,40,40,105,0,0,0,1,303.273,0.05,0.15,603,31.5246,2.34283,0.46766
2907,400,44,44,109,0,0,0,1,330.412,0.05,0.15,603,31.5246,2.35562,0.46766
2908,400,39,39,101,0,0,0,1,304.097,0.05,0.15,603,31.5246,2.18219,0.46766
2909,400,39,39,98,0,0,0,1,308.279,0.05,0.15,603,31.5246,2.002,0.46766
2910,400,45,45,115,0,0,0,1,330.438,0.05,0.15,603,31.5246,2.28333,0.46766
2911,400,47,47,114,0,0,0,1,338.158,0.05,0.15,603,31.5246,2.11794,0.46766
2912,400,48,48,111,0,0,0,1,350.321,0.05,0.15,603,31.5246,2.13136,0.46766
2913,400,43,43,107,0,0,0,1,330.339,0.05,0.15,603,31.5246,2.1843,0.46766
2914,400,42,42,115,0,0,0,1,328.291,0.05,0.15,603,31.5246,2.13309,0.46766
2915,400,49,49,113,0,0,0,1,332.536,0.05,0.15,603,31.5246,2.29447,0.46766
2916,400,46,46,126,0,0,0,1,357.978,0.05,0.15,603,31.5246,2.18944,0.46766
2917,400,36,36,107,0,0,0,1,281.139,0.05,0.15,603,31.5246,1.97149,0.46766
2918,400,36,36,111,0,0,0,1,283.945,0.05,0.15,603,31.5246,2.13934,0.46766
2919,400,48,48,129,0,0,0,1,359.762,0.05,0.15,603,31.5246,2.15065,0.46766
2920,400,46,46,115,0,0,0,1,337.976,0.05,0.15,603,31.5246,2.1681,0.46766
2921,400,30,30,77,0,0,0,1,240.599,0.05,0.15,603,31.5246,2.31115,0.46766
2922,400,42,42,109,0,0,0,1,316.03,0.05,0.15,603,31.5246,2.1694,0.46766
2923,400,41,41,105,0,0,0,1,304.249,0.05,0.15,603,31.5246,2.44414,0.46766
2924,400,41,41,112,0,0,0,1,313.081,0.05,0.15,603,31.5246,2.22617,0.46766
2925,400,44,44,101,0,0,0,1,312.362,0.05,0.15,603,31.5246,2.13901,0.46766
2926,400,37,37,96,0,0,0,1,283.666,0.05,0.15,603,31.5246,2.28019,0.46766
2927,400,40,40,108,0,0,0,1,308.196,0.05,0.15,603,31.5246,2.23765,0.46766
2928,400,35,35,97,0,0,0,1,264.544,0.05,0.15,603,31.5246,2.29169,0.46766
2929,400,28,28,90,0,0,0,1,219.702,0.05,0.15,603,31.5246,2.02924,0.46766
2930,400,37,37,97,0,0,0,1,274.474,0.05,0.15,603,31.5246,2.30718,0.46766
2931,400,40,40,113,0,0,0,1,312.894,0.05,0.15,603,31.5246,2.22695,0.46766
2932,400,39,39,97,0,0,0,1,283.279,0.05,0.15,603,31.5246,2.32586,0.46766
2933,400,45,45,115,0,0,0,1,304.444,0.05,0.15,603,31.5246,2.38612,0.46766
2934,400,41,41,101,0,0,0,1,293.902,0.05,0.15,603,31.5246,2.2014,0.46766
2935,400,46,46,110,0,0,0,1,316.82,0.05,0.15,603,31.5246,2.17072,0.46766
2936,400,41,41,102,0,0,0,1,305.995,0.05,0.15,603,31.5246,2.34918,0.46766
2937,400,44,44,116,0,0,0,1,321.913,0.05,0.15,603,31.5246,2.28267,0.46766
2938,400,45,45,114,0,0,0,1,315.433,0.05,0.15,603,31.5246,2.46196,0.46766
2939,400,36,36,104,0,0,0,1,277.345,0.05,0.15,603,31.5246,2.2701,0.46766
2940,400,44,44,117,0,0,0,1,311.402,0.05,0.15,603,31.5246,2.10259,0.46766
2941,400,45,45,114,0,0,0,1,323.25,0.05,0.15,603,31.5246,2.18234,0.46766
2942,400,37,37,109,0,0,0,1,271.677,0.05,0.15,603,31.5246,2.36526,0.46766
2943,400,47,47,117,0,0,0,1,310.935,0.05,0.15,603,31.5246,2.74747,0.46766
2944,400,43,43,110,0,0,0,1,306.802,0.05,0.15,603,31.5246,2.2786,0.46766
2945,400,38,38,98,0,0,0,1,270.799,0.05,0.15,603,31.5246,2.34458,0.46766
2946,400,41,41,108,0,0,0,1,292.935,0.05,0.15,603,31.5246,2.20144,0.46766
2947,400,49,49,123,0,0,0,1,343.113,0.05,0.15,603,31.5246,2.20098,0.46766
2948,400,43,43,106,0,0,0,1,317.889,0.05,0.15,603,31.5246,2.15473,0.46766
2949,400,46,46,114,0,0,0,1,322.01,0.05,0.15,603,31.5246,2.16892,0.46766
2950,400,44,44,114,0,0,0,1,323.497,0.05,0.15,603,31.5246,2.17455,0.46766
2951,400,43,43,104,0,0,0,1,311.42,0.05,0.15,603,31.5246,2.30411,0.46766
2952,400,47,47,107,0,0,0,1,320.577,0.05,0.15,603,31.5246,2.21747,0.46766
2953,400,49,49,115,0,0,0,1,331.615,0.05,0.15,603,31.5246,2.13194,0.46766
2954,400,37,37,107,0,0,0,1,244.954,0.05,0.15,603,31.5246,2.69641,0.46766
2955,400,38,38,100,0,0,0,1,293.677,0.05,0.15,603,31.5246,1.92334,0.46766
2956,400,44,44,110,0,0,0,1,308.586,0.05,0.15,603,31.5246,2.09003,0.46766
2957,400,45,45,116,0,0,0,1,308.883,0.05,0.15,603,31.5246,2.18207,0.46766
2958,400,49,49,126,0,0,0,1,338.922,0.05,0.15,603,31.5246,2.24091,0.46766
2959,400,41,41,117,0,0,0,1,318.288,0.05,0.15,603,31.5246,2.27435,0.46766
2960,400,46,46,116,0,0,0,1,328.474,0.05,0.15,603,31.5246,2.12051,0.46766
2961,400,44,44,120,0,0,0,1,309.669,0.05,0.15,603,31.5246,2.16974,0.46766
2962,400,46,46,122,0,0,0,1,323.224,0.05,0.15,603,31.5246,2.26656,0.46766
2963,400,41,41,114,0,0,0,1,305.783,0.05,0.15,603,31.5246,2.18604,0.46766
2964,400,45,45,124,0,0,0,1,315.977,0.05,0.15,603,31.5246,2.33481,0.46766
2965,400,42,42,109,0,0,0,1,280.272,0.05,0.15,603,31.5246,2.3288,0.46766
2966,400,43,43,108,0,0,0,1,249.451,0.05,0.15,603,31.5246,2.97901,0.46766
2967,400,42,42,107,0,0,0,1,283.126,0.05,0.15,603,31.5246,2.71482,0.46766
2968,400,42,42,112,0,0,0,1,289.141,0.05,0.15,603,31.5246,2.22937,0.46766
2969,400,48,48,115,0,0,0,1,338.622,0.05,0.15,603,31.5246,2.2822,0.46766
2970,400,44,44,114,0,0,0,1,320.059,0.05,0.15,603,31.5246,2.40769,0.46766
2971,400,27,27,69,0,0,0,1,203.344,0.05,0.15,603,31.5246,2.24128,0.46766
2972,400,36,36,107,0,0,0,1,297.676,0.05,0.15,603,31.5246,2.02068,0.46766
2973,400,42,42,93,0,0,0,1,295.757,0.05,0.15,603,31.5246,2.28331,0.46766
2974,400,34,34,98,0,0,0,1,257.417,0.05,0.15,603,31.5246,2.38424,0.46766
2975,400,42,42,113,0,0,0,1,326.226,0.05,0.15,603,31.5246,2.17672,0.46766
2976,400,32,32,94,0,0,0,1,263.8,0.05,0.15,603,31.5246,2.04723,0.46766
2977,400,48,48,108,0,0,0,1,334.465,0.05,0.15,603,31.5246,2.02436,0.46766
2978,400,43,43,114,0,0,0,1,305.356,0.05,0.15,603,31.5246,2.37816,0.46766
2979,400,44,44,108,0,0,0,1,320.466,0.05,0.15,603,31.5246,2.22874,0.46766
2980,400,44,44,98,0,0,0,1,299.982,0.05,0.15,603,31.5246,2.11215,0.46766
2981,400,41,41,103,0,0,0,1,288.197,0.05,0.15,603,31.5246,2.28433,0.46766
2982,400,50,50,119,0,0,0,1,336.241,0.05,0.15,603,31.5246,2.0547,0.46766
2983,400,42,42,102,0,0,0,1,280.654,0.05,0.15,603,31.5246,2.30313,0.46766
2984,400,48,48,123,0,0,0,1,333.113,0.05,0.15,603,31.5246,2.3205,0.46766
2985,400,32,32,89,0,0,0,1,228.746,0.05,0.15,603,31.5246,2.6309,0.46766
2986,400,33,33,95,0,0,0,1,225.313,0.05,0.15,603,31.5246,2.69253,0.46766
2987,400,44,44,116,0,0,0,1,334.267,0.05,0.15,603,31.5246,2.12501,0.46766
2988,400,46,46,124,0,0,0,1,349.475,0.05,0.15,603,31.5246,1.93719,0.46766
2989,400,47,47,115,0,0,0,1,323.381,0.05,0.15,603,31.5246,2.2222,0.46766
2990,400,49,49,124,0,0,0,1,357.34,0.05,0.15,603,31.5246,1.96933,0.46766
2991,400,47,47,133,0,0,0,1,344.135,0.05,0.15,603,31.5246,2.19152,0.46766
2992,400,40,40,103,0,0,0,1,281.261,0.05,0.15,603,31.5246,2.03148,0.46766
2993,400,49,49,133,0,0,0,1,361.911,0.05,0.15,603,31.5246,2.03789,0.46766
2994,400,46,46,116,0,0,0,1,324.834,0.05,0.15,603,31.5246,2.2044,0.46766
2995,400,47,47,125,0,0,0,1,357.474,0.05,0.15,603,31.5246,2.04293,0.46766
2996,400,45,45,106,0,0,0,1,305.395,0.05,0.15,603,31.5246,2.30656,0.46766
2997,400,45,45,111,0,0,0,1,336.399,0.05,0.15,603,31.5246,2.04316,0.46766
2998,400,48,48,122,0,0,0,1,331.535,0.05,0.15,603,31.5246,2.1196,0.46766
2999,400,41,41,107,0,0,0,1,293.755,0.05,0.15,603,31.5246,2.24234,0.46766
3000,400,46,46,118,0,0,0,1,319.734,0.05,0.15,603,31.5246,1.95264,0.46766
