round,steps,score,coins,crates,kills,suicides,invalid,survived,total_reward,epsilon,alpha,n_states,max_abs_q,mean_abs_td,coverage
1,10,0,0,3,0,1,0,0,-29.548,0.99833,0.15,132,31.3894,8.80973,0.43308
2,5,0,0,4,0,1,0,0,-32.408,0.99667,0.15,135,31.3894,16.31208,0.42716
3,21,1,1,3,0,1,0,0,-21.746,0.99501,0.15,147,31.3894,4.94001,0.40816
4,6,0,0,3,0,1,0,0,-32.556,0.99336,0.15,147,31.3894,13.3466,0.41043
5,5,0,0,4,0,1,0,0,-33.652,0.9917,0.15,150,31.3894,17.30224,0.40667
6,9,0,0,3,0,1,0,0,-32.2,0.99005,0.15,150,31.3894,8.76984,0.40778
7,7,0,0,3,0,1,0,0,-30.004,0.9884,0.15,150,31.3894,9.97737,0.40889
8,12,0,0,4,0,1,0,0,-32.252,0.98676,0.15,150,31.3894,6.60297,0.41222
9,9,0,0,1,0,1,0,0,-31.352,0.98511,0.15,155,31.3894,10.29728,0.40645
10,14,0,0,4,0,1,0,0,-31.448,0.98347,0.15,155,31.3894,5.13403,0.40645
11,22,1,1,8,0,1,0,0,-18.737,0.98183,0.15,167,31.3894,4.63849,0.39222
12,17,0,0,5,0,1,0,0,-28.169,0.9802,0.15,173,31.3894,6.26734,0.38825
13,30,2,2,9,0,1,0,0,-20.826,0.97857,0.15,181,31.3894,4.41588,0.38398
14,64,2,2,11,0,1,0,0,-15.544,0.97694,0.15,199,31.3894,3.33643,0.37772
15,6,0,0,2,0,1,0,0,-30.766,0.97531,0.15,199,31.3894,13.08489,0.37772
16,5,0,0,3,0,1,0,0,-33.408,0.97369,0.15,199,31.3894,11.02458,0.37772
17,6,0,0,2,0,1,0,0,-32.86,0.97206,0.15,202,31.3894,15.64557,0.37541
18,8,0,0,2,0,1,0,0,-30.954,0.97045,0.15,202,31.3894,7.69734,0.37541
19,5,0,0,3,0,1,0,0,-33.404,0.96883,0.15,202,31.3894,11.74182,0.37624
20,13,0,0,4,0,1,0,0,-28.875,0.96722,0.15,203,31.3894,5.06118,0.37521
21,15,0,0,4,0,1,0,0,-27.747,0.96561,0.15,204,31.3894,5.34131,0.375
22,16,2,2,3,0,1,0,0,-19.489,0.964,0.15,206,31.3894,6.02125,0.37379
23,7,0,0,1,0,1,0,0,-32.906,0.96239,0.15,209,31.3894,13.21495,0.37081
24,6,0,0,4,0,1,0,0,-31.956,0.96079,0.15,209,31.3894,7.90702,0.37081
25,13,0,0,3,0,1,0,0,-24.059,0.95919,0.15,211,31.3894,7.73501,0.37125
26,7,0,0,3,0,1,0,0,-30.406,0.95759,0.15,211,31.3894,7.31906,0.37125
27,20,2,2,2,0,1,0,0,-23.028,0.956,0.15,215,31.3894,5.7108,0.36899
28,5,0,0,1,0,1,0,0,-29.654,0.95441,0.15,217,31.3894,16.74119,0.3679
29,21,1,1,3,0,1,0,0,-23.757,0.95282,0.15,219,31.3894,5.05717,0.36682
30,7,0,0,3,0,1,0,0,-31.248,0.95123,0.15,219,31.3894,11.67377,0.36834
31,16,1,1,3,0,1,0,0,-22.511,0.94965,0.15,219,31.3894,5.61413,0.3691
32,5,0,0,3,0,1,0,0,-33.808,0.94806,0.15,219,31.3894,8.48821,0.3691
33,20,0,0,5,0,1,0,0,-28.698,0.94649,0.15,222,31.3894,5.39522,0.36712
34,5,0,0,1,0,1,0,0,-31.264,0.94491,0.15,222,31.3894,16.57552,0.36862
35,5,0,0,3,0,1,0,0,-33.402,0.94334,0.15,222,31.3894,15.39034,0.36937
36,9,0,0,2,0,1,0,0,-32.408,0.94176,0.15,222,31.3894,8.86299,0.36937
37,5,0,0,3,0,1,0,0,-33.808,0.9402,0.15,222,31.3894,9.82557,0.36937
38,16,0,0,5,0,1,0,0,-26.569,0.93863,0.15,222,31.3894,4.32141,0.36937
39,7,0,0,2,0,1,0,0,-30.76,0.93707,0.15,222,31.3894,9.90673,0.37012
40,8,0,0,4,0,1,0,0,-28.904,0.93551,0.15,222,31.3894,10.39918,0.37162
41,6,0,0,3,0,1,0,0,-29.956,0.93395,0.15,222,31.3894,7.0229,0.37162
42,5,0,0,2,0,1,0,0,-34.006,0.93239,0.15,222,31.3894,9.03148,0.37162
43,35,2,2,5,0,1,0,0,-20.089,0.93084,0.15,225,31.3894,4.2863,0.37037
44,5,0,0,3,0,1,0,0,-33.008,0.92929,0.15,225,31.3894,7.91501,0.37037
45,17,0,0,3,0,1,0,0,-24.239,0.92774,0.15,226,31.3894,6.44227,0.37094
46,21,1,1,3,0,1,0,0,-26.006,0.9262,0.15,228,31.3894,5.88189,0.36988
47,6,0,0,0,0,1,0,0,-30.462,0.92466,0.15,228,31.3894,11.99845,0.36988
48,11,0,0,3,0,1,0,0,-30.848,0.92312,0.15,230,31.3894,9.67083,0.36812
49,36,0,0,5,0,1,0,0,-31.613,0.92158,0.15,230,31.3894,4.48882,0.37246
50,15,0,0,5,0,1,0,0,-28.275,0.92004,0.15,230,31.3894,3.98457,0.37246
51,23,1,1,7,0,1,0,0,-23.042,0.91851,0.15,234,31.3894,4.42615,0.36895
52,15,1,1,4,0,1,0,0,-22.263,0.91698,0.15,235,31.3894,6.35961,0.36879
53,15,0,0,3,0,1,0,0,-26.041,0.91546,0.15,235,31.3894,6.39462,0.3695
54,9,0,0,2,0,1,0,0,-28.494,0.91393,0.15,237,31.3894,8.93101,0.36779
55,16,0,0,5,0,1,0,0,-23.963,0.91241,0.15,238,31.3894,5.88355,0.36835
56,6,0,0,2,0,1,0,0,-30.8,0.91089,0.15,240,31.3894,14.61843,0.36806
57,24,0,0,3,0,1,0,0,-24.846,0.90937,0.15,240,31.3894,4.30797,0.37083
58,16,1,1,3,0,1,0,0,-27.594,0.90786,0.15,241,31.3894,6.71987,0.37068
59,55,3,3,12,0,1,0,0,-5.55,0.90635,0.15,249,31.3894,3.78622,0.36747
60,18,1,1,3,0,1,0,0,-24.545,0.90484,0.15,249,31.3894,4.30839,0.36747
61,91,3,3,13,0,1,0,0,-4.905,0.90333,0.15,265,31.3894,2.3623,0.36289
62,26,0,0,4,0,1,0,0,-23.62,0.90183,0.15,270,31.3894,4.50067,0.35988
63,10,0,0,4,0,1,0,0,-28.158,0.90032,0.15,271,31.3894,5.1133,0.35978
64,5,0,0,4,0,1,0,0,-32.408,0.89883,0.15,271,31.3894,5.96886,0.35978
65,5,0,0,3,0,1,0,0,-33.402,0.89733,0.15,271,31.3894,14.53099,0.35978
66,25,1,1,4,0,1,0,0,-24.886,0.89583,0.15,271,31.3894,5.67389,0.36101
67,5,0,0,2,0,1,0,0,-34.408,0.89434,0.15,271,31.3894,6.43047,0.36101
68,33,2,2,8,0,1,0,0,-16.487,0.89285,0.15,275,31.3894,3.96208,0.36061
69,21,1,1,8,0,1,0,0,-18.048,0.89137,0.15,277,31.3894,5.54598,0.36041
70,9,0,0,4,0,1,0,0,-31.504,0.88988,0.15,277,31.3894,3.93825,0.36041
71,23,1,1,8,0,1,0,0,-19.045,0.8884,0.15,280,31.3894,4.67582,0.35893
72,38,2,2,6,0,1,0,0,-18.753,0.88692,0.15,284,31.3894,3.74418,0.35798
73,15,0,0,4,0,1,0,0,-31.04,0.88544,0.15,284,31.3894,6.35453,0.35798
74,5,0,0,3,0,1,0,0,-33.002,0.88397,0.15,284,31.3894,12.27566,0.35798
75,23,3,3,5,0,1,0,0,-18.514,0.8825,0.15,285,31.3894,6.07957,0.35906
76,15,2,2,2,0,1,0,0,-20.231,0.88103,0.15,286,31.3894,7.12826,0.35897
77,5,0,0,4,0,1,0,0,-32.406,0.87956,0.15,286,31.3894,8.94486,0.35897
78,14,0,0,5,0,1,0,0,-26.995,0.8781,0.15,286,31.3894,5.79646,0.35897
79,11,0,0,4,0,1,0,0,-31.902,0.87663,0.15,286,31.3894,3.46149,0.35897
80,14,1,1,4,0,1,0,0,-22.583,0.87517,0.15,286,31.3894,6.44897,0.35956
81,6,0,0,1,0,1,0,0,-31.606,0.87372,0.15,286,31.3894,14.58307,0.36014
82,13,0,0,5,0,1,0,0,-28.47,0.87226,0.15,286,31.3894,7.39038,0.36072
83,16,0,0,7,0,1,0,0,-26.929,0.87081,0.15,286,31.3894,5.44796,0.36131
84,60,1,1,5,0,1,0,0,-18.44,0.86936,0.15,292,31.3894,2.71463,0.35959
85,34,0,0,4,0,1,0,0,-25.67,0.86791,0.15,293,31.3894,4.61367,0.3595
86,16,0,0,4,0,1,0,0,-29.095,0.86647,0.15,293,31.3894,4.4819,0.3595
87,34,1,1,6,0,1,0,0,-21.779,0.86502,0.15,296,31.3894,5.38178,0.35867
88,15,0,0,2,0,1,0,0,-28.18,0.86358,0.15,296,31.3894,7.58641,0.35923
89,5,0,0,4,0,1,0,0,-32.408,0.86214,0.15,296,31.3894,6.07866,0.35923
90,5,0,0,4,0,1,0,0,-32.806,0.86071,0.15,296,31.3894,8.55335,0.35923
91,5,0,0,2,0,1,0,0,-28.104,0.85927,0.15,296,31.3894,14.68015,0.35923
92,44,1,1,10,0,1,0,0,-24.659,0.85784,0.15,296,31.3894,3.68731,0.36149
93,15,0,0,3,0,1,0,0,-29.057,0.85642,0.15,296,31.3894,6.47081,0.36149
94,36,1,1,8,0,1,0,0,-20.45,0.85499,0.15,297,31.3894,4.0371,0.36364
95,6,0,0,3,0,1,0,0,-31.46,0.85357,0.15,297,31.3894,10.37563,0.36364
96,6,0,0,3,0,1,0,0,-32.102,0.85214,0.15,297,31.3894,12.88871,0.36364
97,5,0,0,4,0,1,0,0,-32.806,0.85072,0.15,297,31.3894,6.72002,0.36364
98,16,0,0,6,0,1,0,0,-26.089,0.84931,0.15,297,31.3894,3.91387,0.3642
99,10,0,0,4,0,1,0,0,-28.51,0.84789,0.15,297,31.3894,4.58371,0.3642
100,33,1,1,11,0,1,0,0,-18.826,0.84648,0.15,303,31.3894,5.39935,0.36139
101,50,0,0,12,0,1,0,0,-22.536,0.84507,0.15,303,31.3894,3.29115,0.36304
102,16,0,0,6,0,1,0,0,-27.851,0.84366,0.15,303,31.3894,7.00853,0.36469
103,18,0,0,4,0,1,0,0,-27.825,0.84226,0.15,303,31.3894,2.87658,0.36469
104,15,0,0,5,0,1,0,0,-25.737,0.84086,0.15,303,31.3894,4.35662,0.36524
105,16,0,0,6,0,1,0,0,-29.951,0.83946,0.15,303,31.3894,6.3955,0.36524
106,50,1,1,12,0,1,0,0,-13.052,0.83806,0.15,305,31.3894,3.18989,0.36503
107,7,0,0,0,0,1,0,0,-30.404,0.83666,0.15,305,31.3894,11.15169,0.36503
108,5,0,0,0,0,1,0,0,-29.006,0.83527,0.15,305,31.3894,16.43629,0.36557
109,24,0,0,5,0,1,0,0,-27.893,0.83388,0.15,306,31.3894,3.6717,0.36547
110,30,0,0,7,0,1,0,0,-27.728,0.83249,0.15,306,31.3894,2.88329,0.36547
111,5,0,0,4,0,1,0,0,-33.208,0.8311,0.15,306,31.3894,6.26574,0.36547
112,18,0,0,4,0,1,0,0,-23.694,0.82972,0.15,306,31.3894,5.14571,0.36547
113,9,0,0,3,0,1,0,0,-29.6,0.82834,0.15,306,31.3894,4.78844,0.36547
114,8,0,0,3,0,1,0,0,-32.952,0.82696,0.15,306,31.3894,6.59898,0.36547
115,8,0,0,2,0,1,0,0,-30.804,0.82558,0.15,306,31.3894,8.77069,0.36547
116,5,0,0,4,0,1,0,0,-32.404,0.82421,0.15,306,31.3894,10.37487,0.36547
117,49,1,1,12,0,1,0,0,-11.408,0.82283,0.15,309,31.3894,3.03779,0.36516
118,16,0,0,3,0,1,0,0,-27.191,0.82146,0.15,311,31.3894,6.58798,0.36442
119,5,0,0,3,0,1,0,0,-31.754,0.8201,0.15,311,31.3894,11.33493,0.36442
120,10,0,0,4,0,1,0,0,-31.946,0.81873,0.15,311,31.3894,9.00363,0.36495
121,18,1,1,5,0,1,0,0,-22.802,0.81737,0.15,311,31.3894,4.75416,0.36495
122,62,1,1,12,0,1,0,0,-9.994,0.81601,0.15,316,31.3894,2.94281,0.36498
123,10,0,0,3,0,1,0,0,-30.002,0.81465,0.15,316,31.3894,4.92949,0.36498
124,5,0,0,2,0,1,0,0,-31.406,0.81329,0.15,316,31.3894,10.29287,0.36498
125,20,0,0,4,0,1,0,0,-28.14,0.81194,0.15,316,31.3894,4.12086,0.36498
126,21,0,0,6,0,1,0,0,-25.893,0.81058,0.15,316,31.3894,3.48158,0.36603
127,23,1,1,3,0,1,0,0,-24.757,0.80923,0.15,316,31.3894,4.75266,0.36656
128,8,0,0,2,0,1,0,0,-33.552,0.80789,0.15,316,31.3894,4.84056,0.36656
129,6,0,0,3,0,1,0,0,-33.756,0.80654,0.15,316,31.3894,7.15414,0.36656
130,21,1,1,9,0,1,0,0,-16.278,0.8052,0.15,316,31.3894,5.03031,0.36709
131,5,0,0,4,0,1,0,0,-32.804,0.80386,0.15,316,31.3894,8.8654,0.36762
132,5,0,0,4,0,1,0,0,-33.206,0.80252,0.15,316,31.3894,5.92442,0.36762
133,46,1,1,7,0,1,0,0,-21.622,0.80118,0.15,317,31.3894,3.11522,0.36751
134,5,0,0,3,0,1,0,0,-33.408,0.79985,0.15,317,31.3894,3.42012,0.36751
135,40,3,3,6,0,1,0,0,-15.082,0.79852,0.15,317,31.3894,4.19605,0.36751
136,21,3,3,6,0,1,0,0,-15.928,0.79719,0.15,317,31.3894,5.26507,0.36751
137,23,1,1,8,0,1,0,0,-25.136,0.79586,0.15,317,31.3894,4.517,0.36751
138,18,0,0,5,0,1,0,0,-29.866,0.79453,0.15,317,31.3894,2.73242,0.36751
139,5,0,0,2,0,1,0,0,-26.448,0.79321,0.15,318,31.3894,15.11792,0.36688
140,45,3,3,16,0,1,0,0,-9.559,0.79189,0.15,322,31.3894,3.10536,0.36594
141,5,0,0,4,0,1,0,0,-32.806,0.79057,0.15,322,31.3894,5.21745,0.36594
142,5,0,0,3,0,1,0,0,-33.008,0.78925,0.15,322,31.3894,2.96939,0.36594
143,27,1,1,5,0,1,0,0,-21.729,0.78794,0.15,322,31.3894,3.10351,0.36594
144,7,0,0,3,0,1,0,0,-33.006,0.78663,0.15,322,31.3894,4.49004,0.36594
145,11,0,0,4,0,1,0,0,-28.156,0.78532,0.15,322,31.3894,5.27996,0.36594
146,22,1,1,5,0,1,0,0,-19.941,0.78401,0.15,322,31.3894,3.7156,0.36594
147,22,1,1,6,0,1,0,0,-18.874,0.7827,0.15,323,31.3894,5.86264,0.36584
148,25,1,1,5,0,1,0,0,-18.334,0.7814,0.15,323,31.3894,4.28852,0.36584
149,44,1,1,4,0,1,0,0,-22.193,0.7801,0.15,323,31.3894,3.35308,0.36687
150,5,0,0,4,0,1,0,0,-32.406,0.7788,0.15,323,31.3894,4.83043,0.36687
151,14,0,0,4,0,1,0,0,-25.485,0.7775,0.15,323,31.3894,4.32954,0.36687
152,32,1,1,6,0,1,0,0,-23.995,0.77621,0.15,324,31.3894,5.10814,0.3678
153,5,0,0,4,0,1,0,0,-31.604,0.77492,0.15,324,31.3894,7.7919,0.3678
154,7,0,0,5,0,1,0,0,-26.35,0.77363,0.15,324,31.3894,8.06719,0.3678
155,53,1,1,3,0,1,0,0,-26.447,0.77234,0.15,324,31.3894,3.41542,0.3678
156,13,0,0,5,0,1,0,0,-27.784,0.77105,0.15,324,31.3894,8.14172,0.3678
157,14,0,0,5,0,1,0,0,-29.125,0.76977,0.15,324,31.3894,5.02282,0.3678
158,34,1,1,7,0,1,0,0,-22.914,0.76849,0.15,324,31.3894,2.82606,0.3678
159,6,0,0,4,0,1,0,0,-32.756,0.76721,0.15,324,31.3894,6.26962,0.3678
160,5,0,0,4,0,1,0,0,-32.808,0.76593,0.15,324,31.3894,3.67716,0.3678
161,36,2,2,5,0,1,0,0,-17.732,0.76465,0.15,325,31.3894,3.48102,0.36718
162,59,4,4,10,0,1,0,0,-5.162,0.76338,0.15,325,31.3894,3.06571,0.36769
163,33,2,2,9,0,1,0,0,-19.342,0.76211,0.15,325,31.3894,4.07192,0.36821
164,5,0,0,3,0,1,0,0,-33.008,0.76084,0.15,325,31.3894,1.96737,0.36821
165,9,0,0,2,0,1,0,0,-30.196,0.75957,0.15,325,31.3894,11.28621,0.36821
166,14,0,0,3,0,1,0,0,-28.161,0.75831,0.15,325,31.3894,6.52196,0.36821
167,65,1,1,8,0,1,0,0,-21.868,0.75704,0.15,328,31.3894,2.98144,0.36687
168,16,2,2,6,0,1,0,0,-15.826,0.75578,0.15,328,31.3894,4.61906,0.36738
169,14,0,0,1,0,1,0,0,-30.842,0.75453,0.15,328,31.3894,7.60536,0.36789
170,7,0,0,1,0,1,0,0,-33.41,0.75327,0.15,328,31.3894,7.4796,0.36789
171,95,4,4,9,0,1,0,0,-7.515,0.75201,0.15,332,31.3894,3.11643,0.36697
172,10,0,0,1,0,1,0,0,-30.598,0.75076,0.15,332,31.3894,8.5991,0.36747
173,36,1,1,5,0,1,0,0,-21.988,0.74951,0.15,333,31.3894,3.66111,0.36787
174,20,0,0,5,0,1,0,0,-24.536,0.74826,0.15,333,31.3894,6.35246,0.36937
175,34,3,3,8,0,1,0,0,-10.59,0.74702,0.15,333,31.3894,3.14473,0.36937
176,8,0,0,2,0,1,0,0,-28.756,0.74577,0.15,333,31.3894,10.05652,0.36937
177,69,0,0,13,0,1,0,0,-23.428,0.74453,0.15,340,31.3894,3.1392,0.36814
178,6,0,0,1,0,1,0,0,-29.756,0.74329,0.15,340,31.3894,12.73377,0.36814
179,24,1,1,8,0,1,0,0,-19.946,0.74205,0.15,344,31.3894,4.88266,0.36773
180,5,0,0,2,0,1,0,0,-32.356,0.74082,0.15,344,31.3894,15.65731,0.36773
181,17,0,0,4,0,1,0,0,-29.956,0.73958,0.15,344,31.3894,5.93853,0.36822
182,8,0,0,3,0,1,0,0,-33.356,0.73835,0.15,344,31.3894,4.54755,0.36822
183,16,0,0,3,0,1,0,0,-29.321,0.73712,0.15,344,31.3894,4.00891,0.36822
184,44,1,1,10,0,1,0,0,-18.736,0.7359,0.15,345,31.3894,4.24344,0.36812
185,16,0,0,6,0,1,0,0,-25.397,0.73467,0.15,345,31.3894,4.11088,0.36812
186,5,0,0,4,0,1,0,0,-32.408,0.73345,0.15,345,31.3894,4.97545,0.36812
187,21,1,1,4,0,1,0,0,-22.581,0.73223,0.15,345,31.3894,3.74484,0.36812
188,6,0,0,3,0,1,0,0,-30.21,0.73101,0.15,345,31.3894,7.28715,0.36812
189,32,1,1,8,0,1,0,0,-22.752,0.72979,0.15,346,31.3894,3.5254,0.36802
190,6,0,0,3,0,1,0,0,-33.754,0.72857,0.15,346,31.3894,6.97052,0.36802
191,13,0,0,4,0,1,0,0,-27.875,0.72736,0.15,346,31.3894,4.39834,0.36802
192,5,0,0,4,0,1,0,0,-32.404,0.72615,0.15,346,31.3894,8.03867,0.36802
193,8,0,0,3,0,1,0,0,-32.552,0.72494,0.15,346,31.3894,5.14863,0.36802
194,21,1,1,12,0,1,0,0,-15.846,0.72373,0.15,346,31.3894,4.81081,0.36898
195,5,0,0,3,0,1,0,0,-33.808,0.72253,0.15,346,31.3894,2.60025,0.36898
196,20,0,0,4,0,1,0,0,-24.884,0.72132,0.15,346,31.3894,3.329,0.36898
197,38,2,2,8,0,1,0,0,-14.361,0.72012,0.15,347,31.3894,3.64169,0.36888
198,15,0,0,3,0,1,0,0,-30.362,0.71892,0.15,348,31.3894,7.51293,0.36877
199,8,0,0,1,0,1,0,0,-31.25,0.71773,0.15,348,31.3894,13.72573,0.36925
200,7,0,0,4,0,1,0,0,-32.006,0.71653,0.15,348,31.3894,4.49522,0.36925
201,5,0,0,3,0,1,0,0,-33.808,0.71534,0.15,348,31.3894,2.44324,0.36925
202,24,1,1,5,0,1,0,0,-18.071,0.71415,0.15,348,31.3894,4.02107,0.36925
203,5,0,0,4,0,1,0,0,-32.408,0.71296,0.15,348,31.3894,4.64474,0.36925
204,9,0,0,2,0,1,0,0,-30.6,0.71177,0.15,348,31.3894,4.88738,0.36925
205,7,0,0,4,0,1,0,0,-32.304,0.71059,0.15,348,31.3894,5.50212,0.36925
206,15,0,0,4,0,1,0,0,-27.464,0.7094,0.15,348,31.3894,4.29256,0.36925
207,34,1,1,8,0,1,0,0,-20.014,0.70822,0.15,348,31.3894,3.25775,0.36925
208,18,1,1,4,0,1,0,0,-23.367,0.70704,0.15,348,31.3894,4.82149,0.36925
209,5,0,0,2,0,1,0,0,-34.408,0.70586,0.15,348,31.3894,3.67658,0.36925
210,38,1,1,4,0,1,0,0,-24.959,0.70469,0.15,349,31.3894,4.88503,0.36867
211,18,0,0,5,0,1,0,0,-27.042,0.70351,0.15,349,31.3894,3.2053,0.36867
212,5,0,0,4,0,1,0,0,-33.208,0.70234,0.15,349,31.3894,2.80345,0.36867
213,16,0,0,4,0,1,0,0,-25.926,0.70117,0.15,350,31.3894,5.61613,0.36857
214,53,2,2,9,0,1,0,0,-10.113,0.70001,0.15,352,31.3894,3.72796,0.36979
215,5,0,0,4,0,1,0,0,-32.406,0.69884,0.15,352,31.3894,4.71642,0.36979
216,41,0,0,4,0,1,0,0,-28.095,0.69768,0.15,353,31.3894,4.30671,0.36969
217,9,0,0,1,0,1,0,0,-33.8,0.69651,0.15,353,31.3894,5.22354,0.36969
218,5,0,0,2,0,1,0,0,-30.704,0.69535,0.15,353,31.3894,12.29877,0.36969
219,53,2,2,7,0,1,0,0,-14.377,0.6942,0.15,354,31.3894,3.90849,0.36959
220,17,1,1,5,0,1,0,0,-23.834,0.69304,0.15,354,31.3894,6.53652,0.36959
221,16,0,0,7,0,1,0,0,-28.886,0.69189,0.15,354,31.3894,5.98528,0.36959
222,9,0,0,4,0,1,0,0,-28.562,0.69073,0.15,354,31.3894,7.20984,0.36959
223,17,2,2,6,0,1,0,0,-15.264,0.68958,0.15,354,31.3894,3.03761,0.36959
224,47,3,3,6,0,1,0,0,-16.673,0.68844,0.15,354,31.3894,3.8615,0.36959
225,32,1,1,5,0,1,0,0,-24.719,0.68729,0.15,355,31.3894,3.21494,0.36995
226,8,0,0,4,0,1,0,0,-32.252,0.68614,0.15,355,31.3894,4.11746,0.36995
227,16,0,0,2,0,1,0,0,-29.088,0.685,0.15,355,31.3894,4.8791,0.36995
228,9,0,0,4,0,1,0,0,-32.702,0.68386,0.15,355,31.3894,3.89697,0.36995
229,25,0,0,7,0,1,0,0,-24.461,0.68272,0.15,355,31.3894,3.83166,0.36995
230,5,0,0,3,0,1,0,0,-33.008,0.68159,0.15,355,31.3894,1.26493,0.36995
231,10,0,0,2,0,1,0,0,-30.596,0.68045,0.15,355,31.3894,5.75415,0.36995
232,67,4,4,19,0,1,0,0,0.268,0.67932,0.15,358,31.3894,3.30269,0.37011
233,23,1,1,4,0,1,0,0,-22.101,0.67819,0.15,358,31.3894,3.05247,0.37011
234,18,0,0,5,0,1,0,0,-25.204,0.67706,0.15,358,31.3894,5.86491,0.37058
235,34,1,1,4,0,1,0,0,-20.417,0.67593,0.15,358,31.3894,3.50173,0.37104
236,34,1,1,5,0,1,0,0,-23.432,0.6748,0.15,358,31.3894,4.03973,0.37104
237,36,3,3,4,0,1,0,0,-15.704,0.67368,0.15,358,31.3894,4.02724,0.37104
238,54,1,1,9,0,1,0,0,-15.127,0.67256,0.15,362,31.3894,3.0504,0.37201
239,209,4,4,18,0,1,0,0,16.661,0.67144,0.15,374,31.3894,2.02234,0.37077
240,41,2,2,10,0,1,0,0,-14.515,0.67032,0.15,376,31.3894,2.94355,0.37057
241,16,0,0,5,0,1,0,0,-25.963,0.6692,0.15,376,31.3894,3.65214,0.37101
242,46,3,3,12,0,1,0,0,-4.511,0.66809,0.15,376,31.3894,3.1965,0.3719
243,57,3,3,12,0,1,0,0,-9.182,0.66698,0.15,380,31.3894,3.66768,0.36974
244,35,2,2,7,0,1,0,0,-16.19,0.66587,0.15,380,31.3894,2.77723,0.36974
245,12,0,0,2,0,1,0,0,-28.528,0.66476,0.15,380,31.3894,5.42491,0.37061
246,13,0,0,4,0,1,0,0,-29.797,0.66365,0.15,380,31.3894,6.37669,0.37061
247,19,2,2,3,0,1,0,0,-20.523,0.66255,0.15,381,31.3894,6.14221,0.37052
248,6,0,0,2,0,1,0,0,-30.81,0.66144,0.15,381,31.3894,6.39209,0.37052
249,21,1,1,4,0,1,0,0,-26.276,0.66034,0.15,381,31.3894,5.8877,0.37095
250,11,0,0,3,0,1,0,0,-30.908,0.65924,0.15,381,31.3894,3.6406,0.37095
251,19,0,0,5,0,1,0,0,-25.881,0.65814,0.15,381,31.3894,4.4083,0.37095
252,17,1,1,3,0,1,0,0,-20.982,0.65705,0.15,381,31.3894,5.36507,0.37095
253,13,0,0,1,0,1,0,0,-29.694,0.65595,0.15,381,31.3894,6.63197,0.37095
254,26,0,0,4,0,1,0,0,-28.151,0.65486,0.15,381,31.3894,4.70442,0.37095
255,14,0,0,5,0,1,0,0,-26.427,0.65377,0.15,381,31.3894,3.69734,0.37095
256,24,2,2,6,0,1,0,0,-16.611,0.65268,0.15,381,31.3894,5.51539,0.37139
257,8,0,0,2,0,1,0,0,-30.702,0.65159,0.15,381,31.3894,7.21211,0.37139
258,5,0,0,4,0,1,0,0,-32.008,0.65051,0.15,381,31.3894,3.46836,0.37139
259,11,0,0,1,0,1,0,0,-33.394,0.64943,0.15,381,31.3894,6.14786,0.37139
260,55,4,4,22,0,1,0,0,5.468,0.64834,0.15,386,31.3894,3.28932,0.37047
261,11,0,0,4,0,1,0,0,-27.804,0.64726,0.15,387,31.3894,7.39137,0.37037
262,33,0,0,5,0,1,0,0,-22.957,0.64619,0.15,387,31.3894,2.80357,0.37037
263,5,0,0,2,0,1,0,0,-27.262,0.64511,0.15,387,31.3894,10.7422,0.37037
264,48,3,3,14,0,1,0,0,-4.752,0.64404,0.15,391,31.3894,3.17652,0.36871
265,46,1,1,7,0,1,0,0,-17.258,0.64296,0.15,391,31.3894,3.39447,0.36871
266,5,0,0,4,0,1,0,0,-32.406,0.64189,0.15,391,31.3894,4.15753,0.36871
267,30,2,2,8,0,1,0,0,-19.194,0.64082,0.15,391,31.3894,2.9025,0.36871
268,30,1,1,8,0,1,0,0,-18.772,0.63976,0.15,391,31.3894,2.94229,0.36871
269,29,0,0,5,0,1,0,0,-23.515,0.63869,0.15,391,31.3894,3.5271,0.36957
270,25,1,1,7,0,1,0,0,-20.066,0.63763,0.15,391,31.3894,2.71037,0.36957
271,5,0,0,4,0,1,0,0,-32.404,0.63657,0.15,391,31.3894,6.29762,0.36957
272,23,1,1,5,0,1,0,0,-24.7,0.63551,0.15,391,31.3894,4.46652,0.36999
273,5,0,0,4,0,1,0,0,-32.008,0.63445,0.15,391,31.3894,2.90498,0.36999
274,28,2,2,10,0,1,0,0,-15.347,0.63339,0.15,392,31.3894,3.91976,0.37032
275,5,0,0,2,0,1,0,0,-34.002,0.63234,0.15,392,31.3894,6.28794,0.37032
276,98,6,6,22,0,1,0,0,19.284,0.63128,0.15,397,31.3894,3.26216,0.36986
277,35,0,0,5,0,1,0,0,-25.209,0.63023,0.15,397,31.3894,3.52247,0.36986
278,59,3,3,11,0,1,0,0,-7.335,0.62918,0.15,398,31.3894,3.35326,0.3706
279,5,0,0,4,0,1,0,0,-32.802,0.62814,0.15,398,31.3894,11.09416,0.37102
280,50,1,1,7,0,1,0,0,-15.826,0.62709,0.15,399,31.3894,3.01173,0.37051
281,26,1,1,2,0,1,0,0,-21.609,0.62604,0.15,399,31.3894,4.1422,0.37051
282,29,2,2,8,0,1,0,0,-17.156,0.625,0.15,399,31.3894,3.94786,0.37093
283,44,0,0,3,0,1,0,0,-26.441,0.62396,0.15,399,31.3894,2.06805,0.37093
284,5,0,0,3,0,1,0,0,-33.802,0.62292,0.15,399,31.3894,9.57279,0.37093
285,19,2,2,5,0,1,0,0,-19.429,0.62189,0.15,399,31.3894,3.47775,0.37093
286,36,1,1,10,0,1,0,0,-18.226,0.62085,0.15,399,31.3894,4.99437,0.37093
287,22,2,2,4,0,1,0,0,-19.023,0.61982,0.15,399,31.3894,3.93556,0.37093
288,16,0,0,4,0,1,0,0,-27.487,0.61878,0.15,399,31.3894,3.62262,0.37093
289,38,2,2,10,0,1,0,0,-13.341,0.61775,0.15,399,31.3894,3.79021,0.37093
290,45,1,1,9,0,1,0,0,-19.232,0.61672,0.15,401,31.3894,2.71827,0.37032
291,7,0,0,2,0,1,0,0,-32.648,0.6157,0.15,401,31.3894,7.61486,0.37032
292,5,0,0,3,0,1,0,0,-33.406,0.61467,0.15,401,31.3894,3.75977,0.37032
293,32,0,0,8,0,1,0,0,-23.693,0.61365,0.15,401,31.3894,3.82647,0.37032
294,60,2,2,14,0,1,0,0,-6.42,0.61263,0.15,402,31.3894,3.26541,0.37065
295,58,2,2,10,0,1,0,0,-4.868,0.61161,0.15,403,31.3894,3.10819,0.37014
296,100,3,3,11,0,1,0,0,0.934,0.61059,0.15,406,31.3894,2.28128,0.3711
297,18,0,0,4,0,1,0,0,-25.395,0.60957,0.15,406,31.3894,4.96223,0.3711
298,71,1,1,13,0,1,0,0,-12.048,0.60856,0.15,407,31.3894,2.67094,0.37183
299,43,0,0,7,0,1,0,0,-20.012,0.60754,0.15,407,31.3894,4.18523,0.37224
300,43,2,2,7,0,1,0,0,-13.207,0.60653,0.15,407,31.3894,3.79733,0.37224
301,17,0,0,4,0,1,0,0,-28.201,0.60552,0.15,407,31.3894,4.31358,0.37224
302,14,1,1,4,0,1,0,0,-19.227,0.60451,0.15,407,31.3894,4.575,0.37224
303,37,2,2,13,0,1,0,0,-14.381,0.60351,0.15,407,31.3894,4.2402,0.37265
304,29,2,2,8,0,1,0,0,-15.694,0.6025,0.15,407,31.3894,5.14563,0.37265
305,28,0,0,4,0,1,0,0,-22.491,0.6015,0.15,407,31.3894,3.86731,0.37265
306,7,0,0,4,0,1,0,0,-31.604,0.6005,0.15,407,31.3894,5.29947,0.37265
307,10,0,0,4,0,1,0,0,-31.152,0.5995,0.15,407,31.3894,4.1622,0.37265
308,5,0,0,4,0,1,0,0,-32.406,0.5985,0.15,407,31.3894,2.22808,0.37265
309,32,3,3,9,0,1,0,0,-10.489,0.5975,0.15,407,31.3894,3.79801,0.37265
310,17,2,2,7,0,1,0,0,-20.552,0.59651,0.15,407,31.3894,5.01409,0.37265
311,25,1,1,5,0,1,0,0,-22.617,0.59551,0.15,407,31.3894,3.96795,0.37265
312,20,0,0,5,0,1,0,0,-25.614,0.59452,0.15,407,31.3894,3.89168,0.37265
313,8,0,0,4,0,1,0,0,-26.896,0.59353,0.15,407,31.3894,6.89883,0.37265
314,14,0,0,4,0,1,0,0,-27.352,0.59254,0.15,407,31.3894,3.95315,0.37265
315,41,3,3,8,0,1,0,0,-7.192,0.59156,0.15,407,31.3894,2.99395,0.37265
316,36,1,1,4,0,1,0,0,-18.391,0.59057,0.15,407,31.3894,2.69753,0.37265
317,112,5,5,16,0,1,0,0,8.343,0.58959,0.15,414,31.3894,2.94268,0.37158
318,34,2,2,7,0,1,0,0,-11.252,0.5886,0.15,414,31.3894,3.93474,0.37198
319,70,2,2,14,0,1,0,0,-1.31,0.58762,0.15,415,31.3894,2.32854,0.37189
320,41,4,4,12,0,1,0,0,-1.821,0.58665,0.15,415,31.3894,4.11993,0.37189
321,91,5,5,25,0,1,0,0,16.118,0.58567,0.15,415,31.3894,2.90805,0.37229
322,15,0,0,6,0,1,0,0,-25.817,0.58469,0.15,415,31.3894,4.73751,0.37229
323,25,0,0,6,0,1,0,0,-22.093,0.58372,0.15,415,31.3894,3.48744,0.37269
324,58,3,3,9,0,1,0,0,-9.214,0.58275,0.15,415,31.3894,2.99265,0.37269
325,6,0,0,3,0,1,0,0,-31.3,0.58178,0.15,415,31.3894,5.74949,0.37269
326,5,0,0,3,0,1,0,0,-33.408,0.58081,0.15,415,31.3894,2.60642,0.37269
327,27,0,0,3,0,1,0,0,-26.307,0.57984,0.15,415,31.3894,4.18714,0.37269
328,19,2,2,4,0,1,0,0,-20.006,0.57888,0.15,415,31.3894,4.77011,0.37269
329,27,0,0,8,0,1,0,0,-20.504,0.57791,0.15,415,31.3894,3.04625,0.37269
330,25,1,1,10,0,1,0,0,-16.767,0.57695,0.15,415,31.3894,5.53313,0.37269
331,23,0,0,3,0,1,0,0,-25.978,0.57599,0.15,415,31.3894,3.49862,0.37269
332,32,1,1,6,0,1,0,0,-21.906,0.57503,0.15,415,31.3894,3.20658,0.37269
333,53,2,2,6,0,1,0,0,-17.636,0.57407,0.15,416,31.3894,3.42163,0.3726
334,45,0,0,8,0,1,0,0,-18.758,0.57312,0.15,416,31.3894,2.37954,0.373
335,62,3,3,9,0,1,0,0,-14.629,0.57216,0.15,417,31.3894,3.20568,0.3725
336,13,0,0,8,0,1,0,0,-22.85,0.57121,0.15,417,31.3894,5.08343,0.3725
337,11,0,0,4,0,1,0,0,-28.808,0.57026,0.15,417,31.3894,4.43188,0.3725
338,9,0,0,5,0,1,0,0,-26.654,0.56931,0.15,417,31.3894,4.49544,0.3725
339,60,3,3,8,0,1,0,0,-16.468,0.56836,0.15,417,31.3894,3.46912,0.3725
340,64,1,1,7,0,1,0,0,-10.898,0.56741,0.15,417,31.3894,2.85901,0.3729
341,15,1,1,5,0,1,0,0,-20.56,0.56647,0.15,417,31.3894,5.3477,0.3729
342,24,0,0,10,0,1,0,0,-23.355,0.56553,0.15,417,31.3894,4.76137,0.3733
343,34,3,3,4,0,1,0,0,-11.362,0.56458,0.15,417,31.3894,3.86807,0.3737
344,5,0,0,3,0,1,0,0,-33.002,0.56364,0.15,417,31.3894,3.3019,0.3737
345,25,1,1,7,0,1,0,0,-20.226,0.5627,0.15,417,31.3894,4.26807,0.3741
346,18,0,0,2,0,1,0,0,-31.836,0.56177,0.15,417,31.3894,2.43146,0.3741
347,40,1,1,6,0,1,0,0,-22.274,0.56083,0.15,418,31.3894,3.04016,0.3736
348,56,0,0,5,0,1,0,0,-19.966,0.5599,0.15,418,31.3894,2.82582,0.3736
349,37,3,3,6,0,1,0,0,-12.209,0.55897,0.15,418,31.3894,4.46105,0.3736
350,15,0,0,5,0,1,0,0,-28.084,0.55804,0.15,418,31.3894,5.42361,0.374
351,42,1,1,9,0,1,0,0,-14.378,0.55711,0.15,420,31.3894,3.76261,0.37302
352,5,0,0,3,0,1,0,0,-33.408,0.55618,0.15,420,31.3894,1.23351,0.37302
353,14,0,0,5,0,1,0,0,-22.192,0.55525,0.15,420,31.3894,3.17724,0.37302
354,36,0,0,8,0,1,0,0,-17.586,0.55433,0.15,420,31.3894,3.17699,0.37302
355,17,0,0,4,0,1,0,0,-30.696,0.5534,0.15,420,31.3894,2.10784,0.37302
356,39,1,1,12,0,1,0,0,-17.203,0.55248,0.15,420,31.3894,4.55973,0.37341
357,5,0,0,3,0,1,0,0,-29.704,0.55156,0.15,420,31.3894,7.1901,0.37341
358,38,1,1,4,0,1,0,0,-20.441,0.55064,0.15,420,31.3894,2.50636,0.37341
359,53,1,1,7,0,1,0,0,-18.536,0.54973,0.15,420,31.3894,1.76585,0.37341
360,33,1,1,4,0,1,0,0,-19.708,0.54881,0.15,420,31.3894,3.3273,0.37341
361,8,0,0,4,0,1,0,0,-32.354,0.5479,0.15,420,31.3894,4.40923,0.37341
362,5,0,0,4,0,1,0,0,-32.804,0.54699,0.15,420,31.3894,4.59196,0.37341
363,5,0,0,3,0,1,0,0,-33.408,0.54607,0.15,420,31.3894,1.93414,0.37341
364,34,0,0,10,0,1,0,0,-19.031,0.54517,0.15,424,31.3894,3.36252,0.37146
365,21,1,1,2,0,1,0,0,-27.515,0.54426,0.15,424,31.3894,2.70892,0.37146
366,51,1,1,6,0,1,0,0,-16.3,0.54335,0.15,424,31.3894,2.01396,0.37146
367,62,4,4,16,0,1,0,0,5.671,0.54245,0.15,424,31.3894,3.22623,0.37146
368,5,0,0,3,0,1,0,0,-29.704,0.54154,0.15,424,31.3894,6.0203,0.37146
369,77,2,2,11,0,1,0,0,-12.99,0.54064,0.15,425,31.3894,2.55018,0.37176
370,44,1,1,8,0,1,0,0,-15.839,0.53974,0.15,426,31.3894,1.76742,0.37167
371,137,5,5,20,0,1,0,0,12.223,0.53884,0.15,433,31.3894,2.55174,0.37221
372,30,2,2,5,0,1,0,0,-13.799,0.53794,0.15,433,31.3894,3.24975,0.37221
373,142,6,6,19,0,1,0,0,26.422,0.53705,0.15,438,31.3894,2.35805,0.37291
374,94,3,3,15,0,1,0,0,4.962,0.53615,0.15,440,31.3894,2.11359,0.37386
375,14,0,0,5,0,1,0,0,-26.991,0.53526,0.15,440,31.3894,4.37571,0.37386
376,65,3,3,10,0,1,0,0,1.189,0.53437,0.15,440,31.3894,3.18854,0.37462
377,17,0,0,6,0,1,0,0,-24.125,0.53348,0.15,440,31.3894,4.4673,0.37462
378,16,0,0,4,0,1,0,0,-25.488,0.53259,0.15,440,31.3894,4.21152,0.37462
379,8,0,0,4,0,1,0,0,-31.95,0.5317,0.15,440,31.3894,7.38644,0.37462
380,41,4,4,8,0,1,0,0,-8.09,0.53082,0.15,440,31.3894,3.02369,0.37462
381,19,1,1,9,0,1,0,0,-17.277,0.52994,0.15,440,31.3894,2.69252,0.37462
382,35,3,3,12,0,1,0,0,-6.429,0.52905,0.15,440,31.3894,3.47285,0.375
383,8,0,0,2,0,1,0,0,-27.106,0.52817,0.15,440,31.3894,7.42202,0.375
384,5,0,0,2,0,1,0,0,-34.006,0.52729,0.15,440,31.3894,3.40544,0.375
385,14,2,2,3,0,1,0,0,-16.739,0.52641,0.15,440,31.3894,5.36317,0.375
386,91,5,5,14,0,1,0,0,2.981,0.52554,0.15,443,31.3894,2.68153,0.37397
387,27,1,1,5,0,1,0,0,-17.379,0.52466,0.15,443,31.3894,2.44994,0.37397
388,14,0,0,3,0,1,0,0,-30.662,0.52379,0.15,444,31.3894,9.55714,0.37387
389,5,0,0,2,0,1,0,0,-29.35,0.52292,0.15,444,31.3894,11.62585,0.37425
390,134,4,4,16,0,1,0,0,6.019,0.52205,0.15,447,31.3894,2.30004,0.37435
391,5,0,0,4,0,1,0,0,-32.406,0.52118,0.15,447,31.3894,2.70384,0.37435
392,49,3,3,14,0,1,0,0,-3.188,0.52031,0.15,447,31.3894,3.17362,0.37509
393,31,0,0,7,0,1,0,0,-22.057,0.51944,0.15,447,31.3894,4.62236,0.37509
394,96,6,6,18,0,1,0,0,18.48,0.51858,0.15,448,31.3894,2.87411,0.37574
395,51,2,2,10,0,1,0,0,-8.311,0.51771,0.15,448,31.3894,2.42543,0.37649
396,25,1,1,5,0,1,0,0,-18.532,0.51685,0.15,448,31.3894,3.92195,0.37649
397,168,4,4,24,0,1,0,0,31.334,0.51599,0.15,448,31.3894,1.81645,0.3776
398,39,2,2,9,0,1,0,0,-15.995,0.51513,0.15,448,31.3894,3.11496,0.37835
399,35,2,2,8,0,1,0,0,-15.423,0.51427,0.15,448,31.3894,2.39398,0.37835
400,5,0,0,2,0,1,0,0,-31.106,0.51342,0.15,448,31.3894,9.6869,0.37835
401,15,1,1,3,0,1,0,0,-21.623,0.51256,0.15,448,31.3894,4.25604,0.37835
402,5,0,0,2,0,1,0,0,-34.008,0.51171,0.15,448,31.3894,2.02764,0.37835
403,15,0,0,8,0,1,0,0,-24.111,0.51086,0.15,448,31.3894,3.87468,0.37909
404,117,5,5,13,0,1,0,0,9.244,0.51001,0.15,452,31.3894,2.29348,0.37869
405,49,1,1,5,0,1,0,0,-17.429,0.50916,0.15,452,31.3894,3.2281,0.37869
406,16,0,0,3,0,1,0,0,-31.944,0.50831,0.15,452,31.3894,3.06917,0.37869
407,34,2,2,5,0,1,0,0,-13.144,0.50746,0.15,452,31.3894,1.8343,0.37869
408,24,0,0,5,0,1,0,0,-23.469,0.50662,0.15,452,31.3894,3.75687,0.37869
409,14,1,1,3,0,1,0,0,-22.551,0.50577,0.15,452,31.3894,4.77337,0.37869
410,27,1,1,8,0,1,0,0,-19.387,0.50493,0.15,452,31.3894,4.15542,0.37869
411,145,6,6,23,0,1,0,0,19.67,0.50409,0.15,453,31.3894,2.3297,0.37969
412,7,0,0,3,0,1,0,0,-29.6,0.50325,0.15,453,31.3894,10.92992,0.37969
413,64,4,4,14,0,1,0,0,0.023,0.50241,0.15,454,31.3894,3.15259,0.37959
414,61,3,3,10,0,1,0,0,-13.062,0.50158,0.15,455,31.3894,3.68773,0.37912
415,42,2,2,11,0,1,0,0,-8.054,0.50074,0.15,455,31.3894,3.80032,0.37912
416,55,4,4,11,0,1,0,0,-3.836,0.49991,0.15,456,31.3894,3.87245,0.37865
417,51,2,2,8,0,1,0,0,-9.941,0.49907,0.15,456,31.3894,3.21172,0.37902
418,5,0,0,4,0,1,0,0,-32.808,0.49824,0.15,456,31.3894,3.27026,0.37902
419,25,1,1,3,0,1,0,0,-24.902,0.49741,0.15,456,31.3894,5.5475,0.37902
420,43,2,2,6,0,1,0,0,-13.451,0.49659,0.15,456,31.3894,2.48915,0.37902
421,27,2,2,10,0,1,0,0,-14.856,0.49576,0.15,456,31.3894,3.02783,0.37939
422,17,0,0,4,0,1,0,0,-25.507,0.49493,0.15,456,31.3894,4.58355,0.37939
423,30,0,0,8,0,1,0,0,-19.694,0.49411,0.15,456,31.3894,3.46417,0.37939
424,26,2,2,5,0,1,0,0,-17.365,0.49329,0.15,457,31.3894,3.77608,0.37892
425,24,2,2,6,0,1,0,0,-18.015,0.49246,0.15,457,31.3894,4.7079,0.37892
426,142,5,5,18,0,1,0,0,20.196,0.49164,0.15,459,31.3894,2.60512,0.37872
427,62,3,3,12,0,1,0,0,-5.067,0.49083,0.15,459,31.3894,2.89286,0.37872
428,21,0,0,7,0,1,0,0,-23.95,0.49001,0.15,459,31.3894,4.9804,0.37872
429,39,4,4,10,0,1,0,0,-3.579,0.48919,0.15,461,31.3894,4.30561,0.37889
430,14,0,0,5,0,1,0,0,-28.481,0.48838,0.15,461,31.3894,4.64774,0.37889
431,176,5,5,20,0,1,0,0,23.047,0.48756,0.15,462,31.3894,1.98307,0.37987
432,108,4,4,19,0,1,0,0,3.932,0.48675,0.15,463,31.3894,2.52888,0.37941
433,17,1,1,4,0,1,0,0,-20.227,0.48594,0.15,463,31.3894,3.90533,0.37941
434,15,1,1,3,0,1,0,0,-24.529,0.48513,0.15,464,31.3894,7.03719,0.37931
435,35,1,1,9,0,1,0,0,-15.064,0.48432,0.15,464,31.3894,2.26691,0.37931
436,65,3,3,5,0,1,0,0,-7.572,0.48352,0.15,464,31.3894,2.07189,0.37931
437,74,3,3,12,0,1,0,0,8.215,0.48271,0.15,464,31.3894,2.32829,0.37931
438,5,0,0,3,0,1,0,0,-30.004,0.48191,0.15,464,31.3894,10.90489,0.37967
439,27,1,1,9,0,1,0,0,-14.115,0.48111,0.15,465,31.3894,3.88616,0.37921
440,16,1,1,5,0,1,0,0,-22.828,0.48031,0.15,465,31.3894,4.51688,0.37921
441,77,4,4,7,0,1,0,0,-6.575,0.47951,0.15,465,31.3894,2.8728,0.37993
442,5,0,0,3,0,1,0,0,-33.408,0.47871,0.15,465,31.3894,1.85726,0.37993
443,9,0,0,5,0,1,0,0,-23.046,0.47791,0.15,465,31.3894,5.008,0.37993
444,11,0,0,5,0,1,0,0,-28.306,0.47711,0.15,465,31.3894,4.40462,0.37993
445,25,2,2,4,0,1,0,0,-21.526,0.47632,0.15,465,31.3894,4.85934,0.37993
446,33,0,0,7,0,1,0,0,-21.775,0.47553,0.15,465,31.3894,2.06811,0.37993
447,67,5,5,12,0,1,0,0,7.854,0.47473,0.15,466,31.3894,2.64458,0.37947
448,159,10,10,23,0,1,0,0,36.824,0.47394,0.15,466,31.3894,2.92072,0.3809
449,21,1,1,4,0,1,0,0,-21.65,0.47315,0.15,466,31.3894,4.10784,0.3809
450,14,2,2,3,0,1,0,0,-21.34,0.47237,0.15,466,31.3894,6.213,0.3809
451,52,2,2,17,0,1,0,0,1.038,0.47158,0.15,466,31.3894,2.77877,0.38126
452,33,2,2,6,0,1,0,0,-10.896,0.47079,0.15,466,31.3894,2.31942,0.38126
453,16,0,0,3,0,1,0,0,-29.942,0.47001,0.15,466,31.3894,6.51657,0.38126
454,5,0,0,3,0,1,0,0,-33.808,0.46923,0.15,466,31.3894,1.87038,0.38126
455,15,1,1,4,0,1,0,0,-18.823,0.46845,0.15,466,31.3894,3.69797,0.38126
456,36,0,0,8,0,1,0,0,-15.329,0.46767,0.15,466,31.3894,3.37834,0.38162
457,18,1,1,5,0,1,0,0,-17.212,0.46689,0.15,466,31.3894,3.899,0.38162
458,130,5,5,11,0,1,0,0,9.921,0.46611,0.15,466,31.3894,1.96351,0.38233
459,73,2,2,6,0,1,0,0,-6.597,0.46533,0.15,466,31.3894,2.33171,0.38233
460,70,2,2,11,0,1,0,0,-4.397,0.46456,0.15,466,31.3894,2.72158,0.38305
461,18,1,1,4,0,1,0,0,-26.118,0.46379,0.15,466,31.3894,4.63849,0.38305
462,45,1,1,4,0,1,0,0,-23.424,0.46301,0.15,466,31.3894,3.69738,0.38305
463,12,0,0,4,0,1,0,0,-29.146,0.46224,0.15,466,31.3894,5.40083,0.38305
464,30,1,1,3,0,1,0,0,-22.267,0.46147,0.15,466,31.3894,2.53427,0.38305
465,18,1,1,4,0,1,0,0,-22.486,0.4607,0.15,466,31.3894,5.41699,0.38305
466,73,2,2,13,0,1,0,0,-2.345,0.45994,0.15,466,31.3894,2.78466,0.38305
467,22,2,2,4,0,1,0,0,-19.494,0.45917,0.15,468,31.3894,4.57378,0.38212
468,37,2,2,10,0,1,0,0,-11.741,0.45841,0.15,468,31.3894,3.29178,0.38212
469,48,6,6,12,0,1,0,0,7.875,0.45764,0.15,468,31.3894,3.24616,0.38212
470,5,0,0,2,0,1,0,0,-32.354,0.45688,0.15,468,31.3894,6.22151,0.38212
471,41,1,1,6,0,1,0,0,-16.749,0.45612,0.15,468,31.3894,2.62935,0.38212
472,20,2,2,5,0,1,0,0,-14.852,0.45536,0.15,468,31.3894,3.58278,0.38212
473,5,0,0,3,0,1,0,0,-33.002,0.4546,0.15,468,31.3894,3.43636,0.38212
474,10,0,0,4,0,1,0,0,-32.25,0.45384,0.15,468,31.3894,3.88522,0.38212
475,24,0,0,3,0,1,0,0,-31.642,0.45309,0.15,468,31.3894,1.81142,0.38212
476,5,0,0,3,0,1,0,0,-30.104,0.45233,0.15,468,31.3894,4.90737,0.38212
477,163,12,12,31,0,1,0,0,58.136,0.45158,0.15,474,31.3894,2.86778,0.3808
478,7,0,0,4,0,1,0,0,-32.804,0.45083,0.15,474,31.3894,4.64026,0.3808
479,34,2,2,8,0,1,0,0,-15.734,0.45008,0.15,474,31.3894,3.44366,0.3808
480,27,2,2,7,0,1,0,0,-17.558,0.44933,0.15,474,31.3894,3.79574,0.3808
481,5,0,0,2,0,1,0,0,-32.752,0.44858,0.15,474,31.3894,4.33086,0.3808
482,53,1,1,9,0,1,0,0,-12.602,0.44783,0.15,474,31.3894,4.78934,0.38186
483,17,0,0,3,0,1,0,0,-28.873,0.44709,0.15,474,31.3894,5.60816,0.38186
484,133,8,8,20,0,1,0,0,33.482,0.44634,0.15,475,31.3894,2.88444,0.38246
485,22,1,1,6,0,1,0,0,-19.158,0.4456,0.15,475,31.3894,5.34463,0.38246
486,77,6,6,18,0,1,0,0,18.284,0.44486,0.15,476,31.3894,2.69355,0.38235
487,14,0,0,4,0,1,0,0,-29.651,0.44412,0.15,476,31.3894,7.09153,0.38235
488,48,2,2,6,0,1,0,0,-13.858,0.44338,0.15,476,31.3894,2.73486,0.38235
489,5,0,0,3,0,1,0,0,-32.606,0.44264,0.15,476,31.3894,2.36764,0.38235
490,21,1,1,6,0,1,0,0,-17.668,0.4419,0.15,476,31.3894,3.25986,0.38235
491,5,0,0,2,0,1,0,0,-34.408,0.44117,0.15,476,31.3894,1.62065,0.38235
492,26,1,1,9,0,1,0,0,-21.25,0.44043,0.15,476,31.3894,4.03075,0.38235
493,5,0,0,4,0,1,0,0,-34.452,0.4397,0.15,476,31.3894,8.49905,0.38235
494,18,0,0,4,0,1,0,0,-30.494,0.43897,0.15,476,31.3894,4.21759,0.38235
495,5,0,0,3,0,1,0,0,-33.006,0.43823,0.15,476,31.3894,2.09196,0.38235
496,22,1,1,5,0,1,0,0,-21.669,0.43751,0.15,476,31.3894,4.49947,0.38235
497,21,0,0,2,0,1,0,0,-24.2,0.43678,0.15,476,31.3894,3.25043,0.38235
498,63,6,6,15,0,1,0,0,7.443,0.43605,0.15,476,31.3894,2.94745,0.3827
499,145,12,12,23,0,1,0,0,48.491,0.43532,0.15,478,31.3894,2.5926,0.38215
500,30,2,2,4,0,1,0,0,-16.629,0.4346,0.15,478,31.3894,3.50947,0.38215
501,32,1,1,10,0,1,0,0,-16.255,0.43387,0.15,478,31.3894,2.21753,0.38215
502,27,2,2,4,0,1,0,0,-18.469,0.43315,0.15,478,31.3894,3.53143,0.38215
503,8,0,0,2,0,1,0,0,-33.852,0.43243,0.15,478,31.3894,3.61286,0.38215
504,19,1,1,5,0,1,0,0,-24.203,0.43171,0.15,478,31.3894,3.96811,0.38215
505,19,1,1,4,0,1,0,0,-24.547,0.43099,0.15,478,31.3894,5.40511,0.38215
506,18,0,0,6,0,1,0,0,-24.192,0.43027,0.15,478,31.3894,2.80022,0.38215
507,7,0,0,3,0,1,0,0,-30.704,0.42956,0.15,478,31.3894,5.56119,0.38215
508,18,2,2,3,0,1,0,0,-23.848,0.42884,0.15,478,31.3894,8.32125,0.3825
509,242,10,10,27,0,1,0,0,55.069,0.42813,0.15,480,31.3894,2.15217,0.38264
510,15,1,1,3,0,1,0,0,-20.289,0.42741,0.15,480,31.3894,4.59462,0.38264
511,70,4,4,8,0,1,0,0,4.455,0.4267,0.15,480,31.3894,2.72609,0.38299
512,7,0,0,3,0,1,0,0,-25.052,0.42599,0.15,480,31.3894,8.93862,0.38299
513,121,7,7,16,0,1,0,0,21.968,0.42528,0.15,482,31.3894,2.50975,0.38243
514,78,1,1,10,0,1,0,0,-9.904,0.42457,0.15,483,31.3894,2.81229,0.38199
515,16,1,1,3,0,1,0,0,-21.526,0.42387,0.15,483,31.3894,4.37733,0.38199
516,9,0,0,3,0,1,0,0,-26.856,0.42316,0.15,483,31.3894,5.98501,0.38199
517,27,1,1,7,0,1,0,0,-17.905,0.42246,0.15,483,31.3894,4.04866,0.38199
518,6,0,0,1,0,1,0,0,-28.106,0.42175,0.15,483,31.3894,7.23223,0.38199
519,49,0,0,6,0,1,0,0,-23.365,0.42105,0.15,483,31.3894,2.15929,0.38199
520,41,4,4,10,0,1,0,0,-0.714,0.42035,0.15,483,31.3894,3.68163,0.38199
521,58,3,3,8,0,1,0,0,-7.784,0.41965,0.15,483,31.3894,2.95522,0.38199
522,42,1,1,12,0,1,0,0,-17.081,0.41895,0.15,483,31.3894,3.10135,0.38233
523,42,2,2,12,0,1,0,0,-11.444,0.41825,0.15,483,31.3894,3.59198,0.38268
524,44,2,2,10,0,1,0,0,-12.241,0.41756,0.15,483,31.3894,3.35885,0.38268
525,30,1,1,4,0,1,0,0,-21.98,0.41686,0.15,483,31.3894,3.1648,0.38268
526,99,5,5,14,0,1,0,0,8.976,0.41617,0.15,483,31.3894,2.44029,0.38337
527,35,1,1,4,0,1,0,0,-23.49,0.41547,0.15,483,31.3894,2.89188,0.38337
528,7,0,0,4,0,1,0,0,-32.006,0.41478,0.15,483,31.3894,3.32901,0.38337
529,80,10,10,16,0,1,0,0,24.546,0.41409,0.15,483,31.3894,3.13098,0.38475
530,58,3,3,8,0,1,0,0,-1.857,0.4134,0.15,483,31.3894,2.90846,0.38475
531,50,0,0,7,0,1,0,0,-20.573,0.41271,0.15,483,31.3894,1.71825,0.38475
532,5,0,0,3,0,1,0,0,-31.756,0.41203,0.15,483,31.3894,7.28889,0.38475
533,48,0,0,11,0,1,0,0,-10.72,0.41134,0.15,483,31.3894,2.64793,0.38475
534,30,0,0,5,0,1,0,0,-22.663,0.41066,0.15,483,31.3894,2.97564,0.38509
535,5,0,0,3,0,1,0,0,-28.054,0.40997,0.15,483,31.3894,8.65269,0.38509
536,121,2,2,14,0,1,0,0,5.453,0.40929,0.15,483,31.3894,1.9558,0.38544
537,19,0,0,7,0,1,0,0,-24.349,0.40861,0.15,483,31.3894,3.65854,0.38544
538,127,5,5,19,0,1,0,0,15.322,0.40793,0.15,485,31.3894,2.42252,0.38454
539,13,1,1,5,0,1,0,0,-20.05,0.40725,0.15,485,31.3894,6.01782,0.38454
540,129,7,7,25,0,1,0,0,34.487,0.40657,0.15,485,31.3894,1.9708,0.38522
541,43,2,2,10,0,1,0,0,-9.225,0.40589,0.15,485,31.3894,2.44667,0.38522
542,17,1,1,8,0,1,0,0,-15.242,0.40522,0.15,485,31.3894,3.58451,0.38522
543,10,0,0,5,0,1,0,0,-22.594,0.40454,0.15,485,31.3894,3.83845,0.38522
544,94,3,3,11,0,1,0,0,-3.004,0.40387,0.15,487,31.3894,2.46869,0.38569
545,44,0,0,4,0,1,0,0,-27.245,0.4032,0.15,487,31.3894,4.10792,0.38569
546,19,0,0,2,0,1,0,0,-26.17,0.40252,0.15,487,31.3894,3.40929,0.38569
547,22,2,2,9,0,1,0,0,-18.792,0.40185,0.15,487,31.3894,5.32131,0.38569
548,9,0,0,5,0,1,0,0,-27.05,0.40118,0.15,487,31.3894,5.50417,0.38569
549,55,5,5,18,0,1,0,0,7.489,0.40052,0.15,487,31.3894,3.28916,0.38604
550,12,0,0,3,0,1,0,0,-28.388,0.39985,0.15,487,31.3894,4.34062,0.38604
551,39,2,2,10,0,1,0,0,-9.192,0.39918,0.15,487,31.3894,2.44584,0.38604
552,15,1,1,7,0,1,0,0,-22.866,0.39852,0.15,487,31.3894,5.53216,0.38604
553,5,0,0,2,0,1,0,0,-34.006,0.39786,0.15,487,31.3894,3.9552,0.38604
554,20,0,0,8,0,1,0,0,-19.39,0.39719,0.15,487,31.3894,4.08392,0.38604
555,32,2,2,8,0,1,0,0,-13.745,0.39653,0.15,487,31.3894,2.73471,0.38604
556,81,5,5,17,0,1,0,0,11.735,0.39587,0.15,488,31.3894,2.60981,0.38627
557,74,3,3,15,0,1,0,0,-1.853,0.39521,0.15,488,31.3894,2.76076,0.38627
558,40,0,0,10,0,1,0,0,-19.29,0.39455,0.15,488,31.3894,1.87607,0.38627
559,76,1,1,5,0,1,0,0,-9.404,0.3939,0.15,488,31.3894,1.20737,0.38627
560,41,3,3,7,0,1,0,0,-3.333,0.39324,0.15,488,31.3894,2.42443,0.38627
561,5,0,0,4,0,1,0,0,-32.008,0.39259,0.15,488,31.3894,4.65634,0.38627
562,23,2,2,8,0,1,0,0,-14.722,0.39193,0.15,488,31.3894,4.04519,0.38627
563,22,2,2,6,0,1,0,0,-17.681,0.39128,0.15,488,31.3894,3.35323,0.38627
564,5,0,0,3,0,1,0,0,-33.008,0.39063,0.15,488,31.3894,1.83847,0.38627
565,5,0,0,3,0,1,0,0,-32.604,0.38998,0.15,488,31.3894,4.34034,0.38627
566,23,1,1,8,0,1,0,0,-16.569,0.38933,0.15,488,31.3894,3.0367,0.38627
567,36,1,1,3,0,1,0,0,-21.442,0.38868,0.15,488,31.3894,2.74873,0.38627
568,63,2,2,11,0,1,0,0,-9.26,0.38803,0.15,488,31.3894,3.56252,0.38627
569,19,0,0,5,0,1,0,0,-26.246,0.38739,0.15,488,31.3894,2.29408,0.38627
570,14,0,0,3,0,1,0,0,-30.902,0.38674,0.15,488,31.3894,5.7961,0.38627
571,5,0,0,3,0,1,0,0,-33.408,0.3861,0.15,488,31.3894,3.63675,0.38627
572,5,0,0,2,0,1,0,0,-32.752,0.38545,0.15,488,31.3894,2.32393,0.38627
573,7,0,0,3,0,1,0,0,-32.606,0.38481,0.15,488,31.3894,5.36156,0.38627
574,16,0,0,5,0,1,0,0,-24.907,0.38417,0.15,488,31.3894,6.58595,0.38627
575,133,9,9,22,0,1,0,0,37.261,0.38353,0.15,490,31.3894,3.16234,0.38673
576,13,0,0,6,0,1,0,0,-26.956,0.38289,0.15,490,31.3894,5.45424,0.38673
577,5,0,0,4,0,1,0,0,-32.406,0.38226,0.15,490,31.3894,1.81677,0.38673
578,58,3,3,10,0,1,0,0,-6.973,0.38162,0.15,490,31.3894,3.58102,0.38673
579,122,6,6,17,0,1,0,0,19.353,0.38098,0.15,490,31.3894,2.71074,0.38673
580,75,6,6,15,0,1,0,0,12.512,0.38035,0.15,490,31.3894,2.8696,0.38707
581,25,1,1,9,0,1,0,0,-15.965,0.37972,0.15,490,31.3894,5.11111,0.38707
582,164,7,7,24,0,1,0,0,31.832,0.37908,0.15,493,31.3894,2.04198,0.38641
583,48,2,2,11,0,1,0,0,-5.547,0.37845,0.15,493,31.3894,3.1982,0.38742
584,65,3,3,16,0,1,0,0,-2.092,0.37782,0.15,493,31.3894,3.03267,0.38742
585,67,4,4,13,0,1,0,0,2.819,0.37719,0.15,493,31.3894,1.9693,0.38742
586,40,1,1,7,0,1,0,0,-13.249,0.37656,0.15,493,31.3894,2.93156,0.38742
587,5,0,0,3,0,1,0,0,-27.504,0.37594,0.15,493,31.3894,12.04403,0.38742
588,41,4,4,6,0,1,0,0,-8.793,0.37531,0.15,493,31.3894,3.61029,0.38742
589,181,10,10,23,0,1,0,0,52.249,0.37469,0.15,495,31.3894,2.49864,0.38822
590,28,2,2,7,0,1,0,0,-12.828,0.37406,0.15,495,31.3894,2.4221,0.38822
591,99,6,6,19,0,1,0,0,11.834,0.37344,0.15,495,31.3894,2.84738,0.38855
592,53,2,2,8,0,1,0,0,-9.66,0.37282,0.15,496,31.3894,2.31831,0.3881
593,28,1,1,6,0,1,0,0,-19.54,0.3722,0.15,496,31.3894,3.26943,0.3881
594,29,1,1,6,0,1,0,0,-19.48,0.37158,0.15,496,31.3894,3.34046,0.3881
595,63,5,5,18,0,1,0,0,11.625,0.37096,0.15,496,31.3894,3.64321,0.3881
596,24,1,1,10,0,1,0,0,-14.368,0.37034,0.15,496,31.3894,3.96097,0.3881
597,78,1,1,8,0,1,0,0,-18.169,0.36972,0.15,496,31.3894,2.3707,0.3881
598,46,3,3,13,0,1,0,0,-3.044,0.36911,0.15,496,31.3894,3.37433,0.3881
599,30,1,1,3,0,1,0,0,-25.4,0.36849,0.15,496,31.3894,3.6034,0.3881
600,52,3,3,16,0,1,0,0,-0.19,0.36788,0.15,496,31.3894,2.93322,0.38844
601,14,1,1,4,0,1,0,0,-23.266,0.36727,0.15,496,31.3894,4.42904,0.38844
602,42,2,2,9,0,1,0,0,-12.137,0.36666,0.15,496,31.3894,1.79423,0.38844
603,176,10,10,34,0,1,0,0,47.624,0.36604,0.15,498,31.3894,3.23192,0.38889
604,180,6,6,31,0,1,0,0,29.921,0.36544,0.15,502,31.3894,2.23673,0.38811
605,65,6,6,17,0,1,0,0,8.544,0.36483,0.15,502,31.3894,2.95691,0.38811
606,8,0,0,5,0,1,0,0,-28.744,0.36422,0.15,502,31.3894,6.30636,0.38811
607,71,1,1,7,0,1,0,0,-14.433,0.36361,0.15,502,31.3894,2.26318,0.38811
608,95,6,6,22,0,1,0,0,20.238,0.36301,0.15,505,31.3894,2.87322,0.38746
609,19,1,1,4,0,1,0,0,-19.549,0.3624,0.15,505,31.3894,3.46224,0.38746
610,5,0,0,4,0,1,0,0,-32.808,0.3618,0.15,505,31.3894,0.88448,0.38746
611,15,1,1,5,0,1,0,0,-22.467,0.3612,0.15,505,31.3894,5.59578,0.38746
612,6,0,0,3,0,1,0,0,-30.61,0.36059,0.15,505,31.3894,7.87844,0.38746
613,31,0,0,8,0,1,0,0,-23.331,0.35999,0.15,505,31.3894,2.06669,0.38746
614,283,13,13,38,0,1,0,0,77.19,0.35939,0.15,505,31.3894,2.40027,0.38845
615,42,2,2,13,0,1,0,0,-8.505,0.3588,0.15,505,31.3894,2.95791,0.38845
616,16,0,0,2,0,1,0,0,-27.748,0.3582,0.15,505,31.3894,3.65247,0.38845
617,9,0,0,1,0,1,0,0,-34.2,0.3576,0.15,505,31.3894,3.95682,0.38845
618,160,14,14,35,0,1,0,0,72.359,0.35701,0.15,505,31.3894,2.66906,0.38845
619,21,2,2,5,0,1,0,0,-20.261,0.35641,0.15,505,31.3894,4.82786,0.38845
620,56,2,2,14,0,1,0,0,-5.522,0.35582,0.15,505,31.3894,2.55255,0.38878
621,115,6,6,15,0,1,0,0,14.58,0.35523,0.15,505,31.3894,2.50869,0.38878
622,144,2,2,27,0,1,0,0,14.258,0.35463,0.15,505,31.3894,2.23512,0.38878
623,29,2,2,6,0,1,0,0,-16.752,0.35404,0.15,505,31.3894,5.09542,0.38911
624,16,0,0,5,0,1,0,0,-21.073,0.35345,0.15,505,31.3894,2.6164,0.38911
625,15,2,2,7,0,1,0,0,-18.704,0.35287,0.15,505,31.3894,6.24354,0.38911
626,127,8,8,16,0,1,0,0,25.033,0.35228,0.15,505,31.3894,2.05004,0.38911
627,20,0,0,5,0,1,0,0,-24.357,0.35169,0.15,505,31.3894,3.44658,0.38911
628,17,1,1,5,0,1,0,0,-22.316,0.35111,0.15,505,31.3894,4.35641,0.38911
629,64,4,4,12,0,1,0,0,2.59,0.35052,0.15,505,31.3894,2.67928,0.38911
630,40,1,1,8,0,1,0,0,-12.565,0.34994,0.15,505,31.3894,3.24232,0.38911
631,29,2,2,6,0,1,0,0,-20.029,0.34936,0.15,507,31.3894,5.45828,0.38856
632,75,3,3,14,0,1,0,0,2.888,0.34877,0.15,507,31.3894,2.70875,0.38856
633,16,0,0,5,0,1,0,0,-27.298,0.34819,0.15,507,31.3894,3.80646,0.38856
634,98,5,5,12,0,1,0,0,13.626,0.34761,0.15,507,31.3894,1.56331,0.38856
635,194,7,7,16,0,1,0,0,37.192,0.34703,0.15,507,31.3894,1.81291,0.38955
636,36,1,1,6,0,1,0,0,-19.164,0.34646,0.15,507,31.3894,3.19376,0.38955
637,67,1,1,5,0,1,0,0,-16.288,0.34588,0.15,507,31.3894,1.89016,0.38955
638,30,0,0,4,0,1,0,0,-26.007,0.3453,0.15,507,31.3894,2.6052,0.38955
639,47,4,4,8,0,1,0,0,-4.221,0.34473,0.15,507,31.3894,2.40682,0.38955
640,10,0,0,3,0,1,0,0,-24.752,0.34415,0.15,507,31.3894,5.58013,0.38955
641,12,0,0,2,0,1,0,0,-27.952,0.34358,0.15,507,31.3894,4.36912,0.38955
642,5,0,0,3,0,1,0,0,-33.006,0.34301,0.15,507,31.3894,1.43818,0.38955
643,39,2,2,6,0,1,0,0,-14.335,0.34244,0.15,507,31.3894,3.17296,0.38955
644,28,1,1,7,0,1,0,0,-16.127,0.34187,0.15,507,31.3894,2.68152,0.38955
645,5,0,0,2,0,1,0,0,-29.454,0.3413,0.15,507,31.3894,9.06422,0.38955
646,120,5,5,12,0,1,0,0,13.623,0.34073,0.15,507,31.3894,2.23817,0.38955
647,182,10,10,23,0,1,0,0,51.588,0.34016,0.15,507,31.3894,1.66244,0.38988
648,77,2,2,5,0,1,0,0,-11.31,0.3396,0.15,507,31.3894,1.98943,0.38988
649,24,1,1,6,0,1,0,0,-22.694,0.33903,0.15,507,31.3894,3.83407,0.38988
650,127,4,4,24,0,1,0,0,28.07,0.33847,0.15,507,31.3894,1.92686,0.38988
651,128,3,3,12,0,1,0,0,7.335,0.3379,0.15,508,31.3894,1.7245,0.39009
652,76,2,2,11,0,1,0,0,1.322,0.33734,0.15,508,31.3894,1.64241,0.39042
653,307,16,16,52,0,1,0,0,111.706,0.33678,0.15,511,31.3894,2.31082,0.39106
654,32,0,0,3,0,1,0,0,-27.052,0.33622,0.15,511,31.3894,1.90128,0.39106
655,19,1,1,5,0,1,0,0,-22.043,0.33566,0.15,511,31.3894,4.03619,0.39106
656,5,0,0,4,0,1,0,0,-32.808,0.3351,0.15,511,31.3894,3.71856,0.39106
657,6,0,0,4,0,1,0,0,-32.754,0.33454,0.15,511,31.3894,5.18869,0.39106
658,40,3,3,13,0,1,0,0,-6.274,0.33398,0.15,511,31.3894,3.65168,0.39106
659,26,1,1,4,0,1,0,0,-19.999,0.33343,0.15,511,31.3894,3.55226,0.39106
660,11,0,0,2,0,1,0,0,-33.1,0.33287,0.15,511,31.3894,4.51248,0.39106
661,56,3,3,15,0,1,0,0,-0.496,0.33232,0.15,511,31.3894,3.41057,0.39106
662,189,2,2,20,0,1,0,0,4.9,0.33176,0.15,511,31.3894,2.51328,0.39106
663,249,9,9,21,0,1,0,0,61.784,0.33121,0.15,512,31.3894,1.70428,0.39095
664,5,0,0,4,0,1,0,0,-32.408,0.33066,0.15,512,31.3894,2.93398,0.39095
665,118,7,7,21,0,1,0,0,30.119,0.33011,0.15,512,31.3894,1.94071,0.39128
666,112,8,8,22,0,1,0,0,29.145,0.32956,0.15,513,31.3894,2.40666,0.39149
667,151,11,11,22,0,1,0,0,57.233,0.32901,0.15,513,31.3894,2.3417,0.39181
668,98,4,4,15,0,1,0,0,17.831,0.32846,0.15,513,31.3894,1.93078,0.39181
669,121,7,7,21,0,1,0,0,32.013,0.32792,0.15,513,31.3894,3.44864,0.39214
670,13,0,0,3,0,1,0,0,-25.173,0.32737,0.15,513,31.3894,5.08912,0.39214
671,45,2,2,4,0,1,0,0,-18.549,0.32682,0.15,513,31.3894,3.34079,0.39214
672,39,1,1,9,0,1,0,0,-16.159,0.32628,0.15,513,31.3894,2.35151,0.39214
673,23,0,0,2,0,1,0,0,-30.058,0.32574,0.15,513,31.3894,2.15477,0.39214
674,136,2,2,10,0,1,0,0,4.248,0.32519,0.15,513,31.3894,1.49758,0.39214
675,5,0,0,2,0,1,0,0,-31.408,0.32465,0.15,513,31.3894,6.91514,0.39214
676,131,2,2,13,0,1,0,0,3.161,0.32411,0.15,514,31.3894,2.1583,0.39202
677,41,2,2,10,0,1,0,0,-11.169,0.32357,0.15,514,31.3894,2.91477,0.39202
678,5,0,0,3,0,1,0,0,-30.104,0.32303,0.15,514,31.3894,8.94433,0.39202
679,69,1,1,10,0,1,0,0,-10.4,0.3225,0.15,514,31.3894,2.41084,0.39202
680,188,4,4,23,0,1,0,0,22.083,0.32196,0.15,514,31.3894,1.64124,0.39235
681,79,5,5,13,0,1,0,0,8.271,0.32142,0.15,514,31.3894,1.86745,0.39235
682,24,0,0,2,0,1,0,0,-30.622,0.32089,0.15,514,31.3894,2.02438,0.39235
683,6,0,0,1,0,1,0,0,-31.766,0.32035,0.15,514,31.3894,8.68908,0.39235
684,17,0,0,3,0,1,0,0,-30.196,0.31982,0.15,514,31.3894,2.68258,0.39235
685,5,0,0,2,0,1,0,0,-29.054,0.31929,0.15,514,31.3894,9.12624,0.39235
686,137,2,2,10,0,1,0,0,-0.975,0.31875,0.15,515,31.3894,1.52718,0.39256
687,70,6,6,14,0,1,0,0,6.626,0.31822,0.15,515,31.3894,2.64278,0.39288
688,104,5,5,15,0,1,0,0,15.964,0.31769,0.15,518,31.3894,2.49882,0.39254
689,25,3,3,7,0,1,0,0,-9.305,0.31716,0.15,518,31.3894,2.66097,0.39254
690,13,0,0,5,0,1,0,0,-25.571,0.31664,0.15,518,31.3894,6.20498,0.39254
691,153,7,7,25,0,1,0,0,30.52,0.31611,0.15,518,31.3894,2.37581,0.39254
692,144,5,5,27,0,1,0,0,30.507,0.31558,0.15,520,31.3894,2.47668,0.39199
693,52,4,4,15,0,1,0,0,3.655,0.31506,0.15,520,31.3894,2.22661,0.39199
694,28,1,1,8,0,1,0,0,-18.743,0.31453,0.15,520,31.3894,3.81124,0.39199
695,9,0,0,5,0,1,0,0,-24.148,0.31401,0.15,520,31.3894,4.83582,0.39199
696,50,5,5,12,0,1,0,0,4.462,0.31349,0.15,520,31.3894,3.58736,0.39231
697,38,1,1,5,0,1,0,0,-16.915,0.31296,0.15,520,31.3894,1.93128,0.39231
698,130,5,5,15,0,1,0,0,12.152,0.31244,0.15,521,31.3894,1.91302,0.39187
699,8,0,0,4,0,1,0,0,-29.356,0.31192,0.15,521,31.3894,6.91116,0.39187
700,5,0,0,3,0,1,0,0,-28.054,0.3114,0.15,521,31.3894,6.96905,0.39187
701,93,2,2,13,0,1,0,0,0.927,0.31088,0.15,521,31.3894,2.09765,0.39187
702,27,0,0,5,0,1,0,0,-26.578,0.31037,0.15,521,31.3894,3.55152,0.39187
703,184,9,9,28,0,1,0,0,41.708,0.30985,0.15,521,31.3894,1.93254,0.39187
704,17,0,0,7,0,1,0,0,-24.74,0.30933,0.15,521,31.3894,4.97116,0.39187
705,180,11,11,29,0,1,0,0,57.896,0.30882,0.15,522,31.3894,2.411,0.3924
706,54,2,2,8,0,1,0,0,-16.947,0.3083,0.15,522,31.3894,2.76584,0.3924
707,80,3,3,10,0,1,0,0,-4.882,0.30779,0.15,522,31.3894,2.71042,0.3924
708,118,9,9,23,0,1,0,0,36.554,0.30728,0.15,522,31.3894,2.97524,0.39304
709,76,1,1,20,0,1,0,0,-11.267,0.30677,0.15,522,31.3894,2.87767,0.39304
710,46,1,1,6,0,1,0,0,-17.097,0.30626,0.15,522,31.3894,2.14637,0.39336
711,16,0,0,5,0,1,0,0,-26.301,0.30575,0.15,522,31.3894,5.61777,0.39336
712,36,0,0,4,0,1,0,0,-30.046,0.30524,0.15,522,31.3894,3.42704,0.39336
713,400,22,22,46,0,0,0,1,168.137,0.30473,0.15,526,31.3894,1.74858,0.3929
714,47,2,2,9,0,1,0,0,-9.825,0.30422,0.15,526,31.3894,2.59262,0.3929
715,26,1,1,8,0,1,0,0,-15.252,0.30371,0.15,526,31.3894,3.68905,0.3929
716,27,0,0,5,0,1,0,0,-24.155,0.30321,0.15,526,31.3894,2.50896,0.3929
717,7,0,0,1,0,1,0,0,-26.404,0.3027,0.15,526,31.3894,4.26626,0.3929
718,9,0,0,3,0,1,0,0,-28.246,0.3022,0.15,526,31.3894,5.31137,0.3929
719,37,1,1,6,0,1,0,0,-17.214,0.3017,0.15,526,31.3894,2.41353,0.3929
720,33,2,2,9,0,1,0,0,-7.112,0.30119,0.15,526,31.3894,2.46863,0.3929
721,73,5,5,14,0,1,0,0,11.254,0.30069,0.15,526,31.3894,1.98413,0.39322
722,17,0,0,4,0,1,0,0,-25.767,0.30019,0.15,526,31.3894,5.01764,0.39322
723,107,4,4,11,0,1,0,0,4.944,0.29969,0.15,526,31.3894,1.62367,0.39322
724,58,2,2,7,0,1,0,0,-11.977,0.29919,0.15,526,31.3894,1.34013,0.39322
725,208,14,14,26,0,1,0,0,71.019,0.29869,0.15,526,31.3894,2.04989,0.39354
726,5,0,0,3,0,1,0,0,-33.808,0.2982,0.15,526,31.3894,5.95426,0.39354
727,60,3,3,14,0,1,0,0,3.099,0.2977,0.15,526,31.3894,3.12084,0.39354
728,24,2,2,10,0,1,0,0,-12.317,0.2972,0.15,526,31.3894,4.35839,0.39354
729,46,3,3,11,0,1,0,0,-0.292,0.29671,0.15,526,31.3894,2.80851,0.39354
730,24,1,1,7,0,1,0,0,-19.194,0.29622,0.15,526,31.3894,3.80602,0.39354
731,7,0,0,4,0,1,0,0,-24.048,0.29572,0.15,526,31.3894,5.00007,0.39354
732,32,1,1,5,0,1,0,0,-20.076,0.29523,0.15,526,31.3894,4.13178,0.39354
733,118,4,4,22,0,1,0,0,14.76,0.29474,0.15,528,31.3894,2.542,0.39268
734,20,2,2,8,0,1,0,0,-17.108,0.29425,0.15,528,31.3894,5.85532,0.39268
735,43,0,0,2,0,1,0,0,-23.72,0.29376,0.15,528,31.3894,1.26979,0.39268
736,7,0,0,2,0,1,0,0,-30.202,0.29327,0.15,528,31.3894,5.98616,0.39268
737,73,5,5,13,0,1,0,0,8.436,0.29278,0.15,528,31.3894,1.8029,0.39268
738,33,1,1,7,0,1,0,0,-16.141,0.29229,0.15,528,31.3894,3.04453,0.39268
739,5,0,0,2,0,1,0,0,-34.402,0.29181,0.15,528,31.3894,6.58553,0.39268
740,43,1,1,5,0,1,0,0,-16.229,0.29132,0.15,528,31.3894,2.15697,0.39268
741,8,0,0,4,0,1,0,0,-28.95,0.29083,0.15,528,31.3894,6.28961,0.39268
742,5,0,0,4,0,1,0,0,-32.408,0.29035,0.15,528,31.3894,4.69619,0.39268
743,56,1,1,5,0,1,0,0,-16.218,0.28987,0.15,528,31.3894,1.93481,0.39268
744,13,0,0,3,0,1,0,0,-26.973,0.28938,0.15,528,31.3894,7.18501,0.39268
745,8,0,0,6,0,1,0,0,-27.346,0.2889,0.15,528,31.3894,6.66147,0.39268
746,57,1,1,8,0,1,0,0,-8.485,0.28842,0.15,528,31.3894,1.60488,0.39268
747,31,0,0,6,0,1,0,0,-23.239,0.28794,0.15,528,31.3894,3.05839,0.39268
748,75,7,7,21,0,1,0,0,23.943,0.28746,0.15,528,31.3894,3.17893,0.39299
749,170,4,4,17,0,1,0,0,15.73,0.28698,0.15,529,31.3894,2.60355,0.39256
750,63,1,1,4,0,1,0,0,-12.997,0.2865,0.15,529,31.3894,1.6226,0.39256
751,31,2,2,10,0,1,0,0,-12.695,0.28603,0.15,529,31.3894,2.82161,0.39256
752,163,7,7,24,0,1,0,0,30.415,0.28555,0.15,531,31.3894,2.06668,0.39203
753,180,6,6,22,0,1,0,0,30.338,0.28508,0.15,532,31.3894,1.67666,0.3916
754,8,0,0,3,0,1,0,0,-32.952,0.2846,0.15,532,31.3894,4.27734,0.3916
755,144,10,10,30,0,1,0,0,43.73,0.28413,0.15,533,31.3894,2.24903,0.39181
756,65,0,0,4,0,1,0,0,-13.923,0.28365,0.15,533,31.3894,1.28543,0.39181
757,123,3,3,22,0,1,0,0,18.255,0.28318,0.15,533,31.3894,1.9448,0.39181
758,91,4,4,12,0,1,0,0,4.249,0.28271,0.15,533,31.3894,2.64063,0.39181
759,157,13,13,25,0,1,0,0,58.084,0.28224,0.15,533,31.3894,2.30257,0.39212
760,26,0,0,4,0,1,0,0,-28.338,0.28177,0.15,533,31.3894,1.75567,0.39212
761,22,0,0,4,0,1,0,0,-31.256,0.2813,0.15,533,31.3894,1.77225,0.39212
762,67,2,2,7,0,1,0,0,-4.334,0.28083,0.15,533,31.3894,1.31317,0.39212
763,37,2,2,9,0,1,0,0,-10.164,0.28036,0.15,533,31.3894,3.03123,0.39212
764,14,0,0,4,0,1,0,0,-22.871,0.2799,0.15,533,31.3894,3.6753,0.39212
765,22,0,0,6,0,1,0,0,-21.778,0.27943,0.15,533,31.3894,1.80531,0.39212
766,400,11,11,30,0,0,0,1,116.963,0.27897,0.15,535,31.3894,1.86724,0.39252
767,248,10,10,29,0,1,0,0,62.177,0.2785,0.15,535,31.3894,2.37394,0.39283
768,6,0,0,2,0,1,0,0,-31.206,0.27804,0.15,535,31.3894,8.68109,0.39283
769,44,2,2,7,0,1,0,0,-10.583,0.27757,0.15,535,31.3894,2.66286,0.39283
770,110,5,5,26,0,1,0,0,18.339,0.27711,0.15,535,31.3894,2.13237,0.39283
771,51,3,3,9,0,1,0,0,-9.354,0.27665,0.15,535,31.3894,3.74105,0.39315
772,148,7,7,25,0,1,0,0,43.117,0.27619,0.15,535,31.3894,2.42574,0.39377
773,359,28,28,68,0,1,0,0,169.182,0.27573,0.15,536,31.3894,2.33334,0.39428
774,49,3,3,12,0,1,0,0,-5.005,0.27527,0.15,536,31.3894,2.43227,0.39428
775,38,0,0,4,0,1,0,0,-27.12,0.27481,0.15,536,31.3894,4.13998,0.39428
776,28,2,2,4,0,1,0,0,-12.527,0.27435,0.15,537,31.3894,3.26132,0.39385
777,119,6,6,18,0,1,0,0,17.962,0.2739,0.15,538,31.3894,2.27386,0.39343
778,82,5,5,25,0,1,0,0,18.546,0.27344,0.15,538,31.3894,3.16038,0.39374
779,17,1,1,3,0,1,0,0,-18.801,0.27299,0.15,538,31.3894,2.1915,0.39374
780,78,3,3,15,0,1,0,0,5.534,0.27253,0.15,538,31.3894,2.18944,0.39374
781,5,0,0,2,0,1,0,0,-26.052,0.27208,0.15,538,31.3894,12.30701,0.39405
782,194,10,10,31,0,1,0,0,54.014,0.27162,0.15,538,31.3894,2.42959,0.39405
783,115,3,3,22,0,1,0,0,18.67,0.27117,0.15,538,31.3894,1.71177,0.39436
784,136,5,5,17,0,1,0,0,24.997,0.27072,0.15,538,31.3894,1.33142,0.39436
785,83,7,7,21,0,1,0,0,21.773,0.27027,0.15,538,31.3894,2.92339,0.39436
786,74,2,2,7,0,1,0,0,-9.684,0.26982,0.15,538,31.3894,1.47419,0.39436
787,66,4,4,15,0,1,0,0,5.444,0.26937,0.15,538,31.3894,2.90421,0.39436
788,17,1,1,7,0,1,0,0,-20.669,0.26892,0.15,538,31.3894,5.51027,0.39467
789,113,6,6,17,0,1,0,0,22.175,0.26847,0.15,538,31.3894,2.36707,0.39467
790,289,18,18,39,0,1,0,0,113.808,0.26803,0.15,538,31.3894,2.14048,0.39467
791,6,0,0,1,0,1,0,0,-31.806,0.26758,0.15,538,31.3894,8.47372,0.39467
792,5,0,0,3,0,1,0,0,-30.808,0.26714,0.15,538,31.3894,6.78926,0.39467
793,42,4,4,10,0,1,0,0,-1.261,0.26669,0.15,538,31.3894,3.32468,0.39498
794,60,0,0,7,0,1,0,0,-16.625,0.26625,0.15,538,31.3894,1.99597,0.39498
795,16,0,0,4,0,1,0,0,-21.796,0.2658,0.15,538,31.3894,4.6441,0.39498
796,78,3,3,15,0,1,0,0,-5.074,0.26536,0.15,538,31.3894,2.37865,0.39498
797,19,1,1,9,0,1,0,0,-17.289,0.26492,0.15,538,31.3894,4.04568,0.39498
798,36,1,1,8,0,1,0,0,-12.081,0.26448,0.15,538,31.3894,2.71777,0.39498
799,181,4,4,29,0,1,0,0,33.509,0.26404,0.15,540,31.3894,2.1138,0.39444
800,6,0,0,2,0,1,0,0,-30.41,0.2636,0.15,540,31.3894,6.18843,0.39444
801,73,2,2,19,0,1,0,0,0.867,0.26316,0.15,540,31.3894,2.30585,0.39444
802,366,22,22,57,0,1,0,0,141.313,0.26272,0.15,541,31.3894,2.12538,0.39464
803,280,13,13,37,0,1,0,0,84.615,0.26228,0.15,542,31.3894,2.41636,0.39514
804,127,10,10,22,0,1,0,0,41.458,0.26185,0.15,543,31.3894,2.26963,0.39472
805,294,23,23,47,0,1,0,0,134.097,0.26141,0.15,543,31.3894,2.19324,0.39503
806,13,0,0,4,0,1,0,0,-27.877,0.26097,0.15,543,31.3894,4.3727,0.39503
807,115,3,3,17,0,1,0,0,10.157,0.26054,0.15,543,31.3894,2.46994,0.39503
808,37,3,3,5,0,1,0,0,-11.709,0.26011,0.15,543,31.3894,2.9517,0.39503
809,34,1,1,7,0,1,0,0,-15.716,0.25967,0.15,543,31.3894,4.75658,0.39533
810,140,8,8,27,0,1,0,0,39.0,0.25924,0.15,544,31.3894,2.63109,0.39522
811,17,0,0,3,0,1,0,0,-23.876,0.25881,0.15,544,31.3894,2.96159,0.39522
812,231,8,8,26,0,1,0,0,46.425,0.25838,0.15,544,31.3894,2.4852,0.39522
813,48,3,3,11,0,1,0,0,-5.011,0.25795,0.15,544,31.3894,2.70053,0.39522
814,21,1,1,5,0,1,0,0,-19.852,0.25752,0.15,544,31.3894,5.33411,0.39583
815,143,7,7,18,0,1,0,0,20.641,0.25709,0.15,544,31.3894,2.59122,0.39706
816,231,3,3,23,0,1,0,0,28.72,0.25666,0.15,544,31.3894,1.23478,0.39706
817,42,2,2,10,0,1,0,0,-10.609,0.25623,0.15,544,31.3894,2.56663,0.39706
818,130,8,8,29,0,1,0,0,39.82,0.25581,0.15,544,31.3894,2.38188,0.39706
819,126,5,5,15,0,1,0,0,15.539,0.25538,0.15,544,31.3894,2.35265,0.39706
820,73,5,5,12,0,1,0,0,5.226,0.25496,0.15,544,31.3894,2.67898,0.39706
821,17,1,1,6,0,1,0,0,-19.226,0.25453,0.15,544,31.3894,2.97134,0.39706
822,195,13,13,32,0,1,0,0,68.758,0.25411,0.15,544,31.3894,3.19636,0.39706
823,259,11,11,42,0,1,0,0,71.312,0.25368,0.15,544,31.3894,2.21549,0.39706
824,20,0,0,4,0,1,0,0,-24.351,0.25326,0.15,544,31.3894,3.38453,0.39706
825,27,1,1,8,0,1,0,0,-17.936,0.25284,0.15,544,31.3894,2.87196,0.39706
826,29,1,1,3,0,1,0,0,-22.957,0.25242,0.15,544,31.3894,2.28938,0.39737
827,53,0,0,14,0,1,0,0,-18.763,0.252,0.15,544,31.3894,2.65186,0.39737
828,124,4,4,13,0,1,0,0,8.532,0.25158,0.15,544,31.3894,2.05732,0.39737
829,176,7,7,22,0,1,0,0,41.186,0.25116,0.15,544,31.3894,1.77219,0.39737
830,110,10,10,21,0,1,0,0,39.561,0.25074,0.15,544,31.3894,3.09285,0.39737
831,13,0,0,8,0,1,0,0,-24.296,0.25032,0.15,544,31.3894,4.016,0.39737
832,84,11,11,17,0,1,0,0,37.237,0.24991,0.15,544,31.3894,2.82357,0.39767
833,31,3,3,13,0,1,0,0,-8.85,0.24949,0.15,544,31.3894,3.82639,0.39767
834,28,1,1,5,0,1,0,0,-19.42,0.24908,0.15,544,31.3894,2.85518,0.39767
835,18,2,2,5,0,1,0,0,-15.635,0.24866,0.15,544,31.3894,4.69157,0.39767
836,105,11,11,24,0,1,0,0,40.257,0.24825,0.15,544,31.3894,2.90272,0.39767
837,42,4,4,10,0,1,0,0,2.219,0.24783,0.15,544,31.3894,2.30776,0.39767
838,141,10,10,22,0,1,0,0,38.354,0.24742,0.15,547,31.3894,2.37156,0.3964
839,20,1,1,5,0,1,0,0,-18.379,0.24701,0.15,547,31.3894,2.52215,0.3964
840,42,4,4,9,0,1,0,0,-2.37,0.2466,0.15,547,31.3894,3.4362,0.3964
841,269,15,15,35,0,1,0,0,94.241,0.24619,0.15,547,31.3894,1.91683,0.3964
842,38,3,3,9,0,1,0,0,-12.627,0.24578,0.15,547,31.3894,4.31334,0.3964
843,63,3,3,16,0,1,0,0,-3.602,0.24537,0.15,547,31.3894,2.5921,0.3964
844,206,10,10,26,0,1,0,0,56.336,0.24496,0.15,547,31.3894,2.41606,0.39671
845,400,22,22,55,0,0,0,1,185.867,0.24455,0.15,547,31.3894,2.21966,0.39762
846,65,1,1,8,0,1,0,0,-11.811,0.24414,0.15,547,31.3894,3.16471,0.39762
847,18,1,1,6,0,1,0,0,-21.672,0.24374,0.15,547,31.3894,4.45278,0.39762
848,29,0,0,2,0,1,0,0,-23.506,0.24333,0.15,547,31.3894,2.31844,0.39762
849,26,1,1,8,0,1,0,0,-17.626,0.24293,0.15,547,31.3894,3.93315,0.39762
850,74,2,2,20,0,1,0,0,2.502,0.24252,0.15,547,31.3894,2.50276,0.39762
851,76,5,5,12,0,1,0,0,10.571,0.24212,0.15,547,31.3894,2.72074,0.39762
852,39,3,3,7,0,1,0,0,-8.072,0.24171,0.15,547,31.3894,2.59988,0.39762
853,5,0,0,4,0,1,0,0,-32.808,0.24131,0.15,547,31.3894,2.49361,0.39762
854,6,0,0,2,0,1,0,0,-30.806,0.24091,0.15,547,31.3894,8.15103,0.39762
855,33,3,3,11,0,1,0,0,-8.161,0.24051,0.15,547,31.3894,3.3355,0.39762
856,116,6,6,17,0,1,0,0,16.05,0.24011,0.15,547,31.3894,2.03382,0.39762
857,7,0,0,4,0,1,0,0,-32.304,0.23971,0.15,547,31.3894,5.13826,0.39762
858,241,11,11,30,0,1,0,0,73.048,0.23931,0.15,547,31.3894,2.05444,0.39823
859,114,8,8,29,0,1,0,0,38.355,0.23891,0.15,547,31.3894,2.71767,0.39854
860,149,8,8,20,0,1,0,0,33.642,0.23851,0.15,547,31.3894,2.29825,0.39854
861,5,0,0,3,0,1,0,0,-33.008,0.23812,0.15,547,31.3894,0.91386,0.39854
862,63,3,3,11,0,1,0,0,0.997,0.23772,0.15,547,31.3894,2.12865,0.39854
863,5,0,0,3,0,1,0,0,-32.608,0.23732,0.15,547,31.3894,1.78408,0.39854
864,116,5,5,18,0,1,0,0,16.57,0.23693,0.15,548,31.3894,2.12724,0.39811
865,157,8,8,17,0,1,0,0,39.363,0.23653,0.15,548,31.3894,1.58766,0.39811
866,13,0,0,3,0,1,0,0,-24.773,0.23614,0.15,548,31.3894,6.66744,0.39811
867,239,3,3,10,0,1,0,0,25.365,0.23575,0.15,548,31.3894,1.4823,0.39842
868,28,1,1,7,0,1,0,0,-14.537,0.23535,0.15,548,31.3894,2.21686,0.39842
869,9,0,0,5,0,1,0,0,-23.446,0.23496,0.15,548,31.3894,4.24366,0.39842
870,159,11,11,28,0,1,0,0,55.184,0.23457,0.15,548,31.3894,2.59879,0.39872
871,10,0,0,2,0,1,0,0,-29.08,0.23418,0.15,548,31.3894,5.95242,0.39872
872,173,10,10,26,0,1,0,0,49.431,0.23379,0.15,549,31.3894,2.58231,0.3986
873,160,12,12,29,0,1,0,0,61.057,0.2334,0.15,549,31.3894,2.343,0.39891
874,330,17,17,38,0,1,0,0,116.499,0.23301,0.15,549,31.3894,1.82772,0.39891
875,400,23,23,57,0,0,0,1,187.772,0.23262,0.15,549,31.3894,2.41399,0.40012
876,22,0,0,4,0,1,0,0,-25.234,0.23224,0.15,549,31.3894,4.11862,0.40012
877,17,0,0,4,0,1,0,0,-26.011,0.23185,0.15,549,31.3894,4.59375,0.40012
878,89,6,6,9,0,1,0,0,8.222,0.23146,0.15,549,31.3894,2.33003,0.40012
879,45,2,2,11,0,1,0,0,-5.362,0.23108,0.15,549,31.3894,2.1925,0.40012
880,400,13,13,53,0,0,0,1,149.231,0.23069,0.15,550,31.3894,2.14087,0.4003
881,13,0,0,4,0,1,0,0,-28.204,0.23031,0.15,550,31.3894,3.69146,0.4003
882,19,1,1,9,0,1,0,0,-14.14,0.22993,0.15,550,31.3894,3.53563,0.4003
883,319,12,12,30,0,1,0,0,75.804,0.22954,0.15,551,31.3894,2.09987,0.40018
884,55,4,4,15,0,1,0,0,8.33,0.22916,0.15,551,31.3894,2.352,0.40018
885,158,6,6,26,0,1,0,0,29.177,0.22878,0.15,551,31.3894,2.08418,0.40048
886,123,10,10,30,0,1,0,0,51.393,0.2284,0.15,552,31.3894,2.74166,0.40036
887,36,1,1,7,0,1,0,0,-15.709,0.22802,0.15,552,31.3894,2.95446,0.40036
888,281,13,13,41,0,1,0,0,95.834,0.22764,0.15,553,31.3894,2.30822,0.40024
889,17,1,1,6,0,1,0,0,-20.289,0.22726,0.15,553,31.3894,4.64501,0.40024
890,238,11,11,34,0,1,0,0,65.405,0.22688,0.15,553,31.3894,2.46788,0.40024
891,257,18,18,43,0,1,0,0,107.162,0.2265,0.15,554,31.3894,2.34134,0.39982
892,65,6,6,11,0,1,0,0,14.083,0.22613,0.15,554,31.3894,2.92531,0.39982
893,28,0,0,2,0,1,0,0,-27.448,0.22575,0.15,554,31.3894,2.91782,0.39982
894,54,5,5,9,0,1,0,0,-0.685,0.22537,0.15,554,31.3894,2.81295,0.39982
895,36,2,2,7,0,1,0,0,-10.717,0.225,0.15,554,31.3894,2.90935,0.39982
896,72,6,6,13,0,1,0,0,12.674,0.22462,0.15,554,31.3894,2.71025,0.39982
897,23,0,0,6,0,1,0,0,-18.115,0.22425,0.15,554,31.3894,3.61432,0.39982
898,51,2,2,10,0,1,0,0,-10.299,0.22388,0.15,554,31.3894,2.8115,0.39982
899,21,0,0,7,0,1,0,0,-19.173,0.2235,0.15,554,31.3894,3.69341,0.39982
900,13,0,0,4,0,1,0,0,-24.173,0.22313,0.15,554,31.3894,4.43444,0.39982
901,400,26,26,56,0,0,0,1,198.441,0.22276,0.15,555,31.3894,2.17259,0.4
902,14,1,1,4,0,1,0,0,-20.781,0.22239,0.15,555,31.3894,5.45207,0.4
903,5,0,0,4,0,1,0,0,-33.208,0.22202,0.15,555,31.3894,1.65013,0.4
904,94,4,4,14,0,1,0,0,8.398,0.22165,0.15,555,31.3894,2.45132,0.4
905,13,0,0,4,0,1,0,0,-27.473,0.22128,0.15,555,31.3894,4.28258,0.4
906,125,13,13,25,0,1,0,0,56.511,0.22091,0.15,555,31.3894,2.61979,0.4
907,123,5,5,13,0,1,0,0,19.485,0.22054,0.15,555,31.3894,1.51802,0.4
908,400,11,11,41,0,0,0,1,121.42,0.22017,0.15,557,31.3894,1.86252,0.40006
909,135,6,6,21,0,1,0,0,21.136,0.21981,0.15,557,31.3894,2.40203,0.40006
910,30,2,2,5,0,1,0,0,-15.018,0.21944,0.15,557,31.3894,3.12132,0.40006
911,58,1,1,12,0,1,0,0,-9.547,0.21908,0.15,557,31.3894,3.43231,0.40006
912,61,4,4,12,0,1,0,0,4.961,0.21871,0.15,557,31.3894,1.92178,0.40006
913,14,0,0,3,0,1,0,0,-24.099,0.21835,0.15,557,31.3894,6.92266,0.40006
914,33,2,2,7,0,1,0,0,-12.433,0.21798,0.15,557,31.3894,3.07178,0.40006
915,14,2,2,4,0,1,0,0,-17.895,0.21762,0.15,557,31.3894,4.80562,0.40006
916,92,3,3,11,0,1,0,0,8.291,0.21726,0.15,557,31.3894,1.59393,0.40006
917,34,1,1,10,0,1,0,0,-16.121,0.2169,0.15,557,31.3894,2.78023,0.40006
918,25,1,1,4,0,1,0,0,-17.923,0.21654,0.15,557,31.3894,4.39948,0.40006
919,40,3,3,11,0,1,0,0,-5.652,0.21618,0.15,557,31.3894,2.63557,0.40006
920,136,14,14,42,0,1,0,0,80.712,0.21582,0.15,557,31.3894,2.75932,0.40036
921,57,5,5,17,0,1,0,0,11.415,0.21546,0.15,557,31.3894,2.86164,0.40036
922,53,2,2,11,0,1,0,0,-4.759,0.2151,0.15,557,31.3894,2.42127,0.40036
923,37,1,1,8,0,1,0,0,-16.594,0.21474,0.15,557,31.3894,2.90873,0.40036
924,78,5,5,23,0,1,0,0,15.452,0.21438,0.15,557,31.3894,2.37436,0.40036
925,171,4,4,24,0,1,0,0,28.318,0.21402,0.15,558,31.3894,2.09331,0.39994
926,20,2,2,7,0,1,0,0,-14.279,0.21367,0.15,558,31.3894,3.49281,0.39994
927,176,7,7,22,0,1,0,0,42.898,0.21331,0.15,558,31.3894,1.9556,0.40054
928,30,2,2,7,0,1,0,0,-11.493,0.21296,0.15,558,31.3894,3.97322,0.40084
929,80,0,0,3,0,1,0,0,-18.984,0.2126,0.15,558,31.3894,0.77031,0.40084
930,20,0,0,10,0,1,0,0,-16.617,0.21225,0.15,558,31.3894,3.1452,0.40084
931,104,4,4,24,0,1,0,0,15.924,0.21189,0.15,558,31.3894,3.00807,0.40114
932,65,6,6,12,0,1,0,0,13.025,0.21154,0.15,558,31.3894,2.6367,0.40114
933,41,5,5,11,0,1,0,0,-1.688,0.21119,0.15,558,31.3894,2.70174,0.40114
934,123,6,6,17,0,1,0,0,25.15,0.21084,0.15,558,31.3894,2.09378,0.40114
935,120,10,10,31,0,1,0,0,44.907,0.21049,0.15,558,31.3894,2.44586,0.40114
936,168,4,4,18,0,1,0,0,24.871,0.21014,0.15,558,31.3894,2.13512,0.40114
937,13,0,0,3,0,1,0,0,-27.298,0.20979,0.15,558,31.3894,4.5875,0.40114
938,184,17,17,36,0,1,0,0,84.735,0.20944,0.15,558,31.3894,2.34529,0.40173
939,189,11,11,16,0,1,0,0,45.158,0.20909,0.15,559,31.3894,2.13824,0.40131
940,17,2,2,8,0,1,0,0,-12.125,0.20874,0.15,559,31.3894,3.21171,0.40131
941,44,2,2,3,0,1,0,0,-16.413,0.20839,0.15,559,31.3894,3.4643,0.40131
942,46,3,3,9,0,1,0,0,-8.446,0.20805,0.15,559,31.3894,3.20223,0.40131
943,178,5,5,24,0,1,0,0,26.957,0.2077,0.15,559,31.3894,2.2212,0.40131
944,5,0,0,3,0,1,0,0,-32.606,0.20735,0.15,559,31.3894,0.8596,0.40131
945,90,3,3,10,0,1,0,0,-2.242,0.20701,0.15,559,31.3894,1.71015,0.40131
946,39,0,0,3,0,1,0,0,-23.988,0.20666,0.15,559,31.3894,2.3595,0.40131
947,17,0,0,5,0,1,0,0,-28.513,0.20632,0.15,559,31.3894,5.28131,0.40131
948,42,2,2,7,0,1,0,0,-11.287,0.20598,0.15,559,31.3894,3.28727,0.40161
949,104,7,7,11,0,1,0,0,14.299,0.20563,0.15,559,31.3894,2.35872,0.40161
950,66,2,2,13,0,1,0,0,-4.017,0.20529,0.15,559,31.3894,1.87478,0.40161
951,70,2,2,14,0,1,0,0,-4.122,0.20495,0.15,559,31.3894,3.01754,0.40191
952,58,0,0,15,0,1,0,0,-4.826,0.20461,0.15,559,31.3894,1.71907,0.40191
953,400,21,21,57,0,0,0,1,185.105,0.20427,0.15,561,31.3894,1.53194,0.40107
954,400,15,15,38,0,0,0,1,152.876,0.20393,0.15,561,31.3894,1.2211,0.40107
955,323,16,16,40,0,1,0,0,114.699,0.20359,0.15,561,31.3894,1.58805,0.40196
956,6,0,0,4,0,1,0,0,-32.756,0.20325,0.15,561,31.3894,4.82366,0.40196
957,95,9,9,21,0,1,0,0,30.569,0.20291,0.15,561,31.3894,1.87556,0.40196
958,166,9,9,26,0,1,0,0,52.802,0.20257,0.15,561,31.3894,2.21507,0.40196
959,53,2,2,7,0,1,0,0,-7.56,0.20223,0.15,561,31.3894,1.80634,0.40196
960,362,20,20,54,0,1,0,0,142.58,0.2019,0.15,562,31.3894,1.92557,0.40184
961,33,1,1,4,0,1,0,0,-19.59,0.20156,0.15,562,31.3894,4.16649,0.40184
962,8,0,0,3,0,1,0,0,-32.552,0.20122,0.15,562,31.3894,3.95048,0.40184
963,7,0,0,2,0,1,0,0,-31.304,0.20089,0.15,562,31.3894,5.69992,0.40184
964,32,2,2,6,0,1,0,0,-17.294,0.20056,0.15,562,31.3894,3.56508,0.40214
965,285,8,8,29,0,1,0,0,55.982,0.20022,0.15,562,31.3894,1.87481,0.40243
966,158,8,8,25,0,1,0,0,40.595,0.19989,0.15,562,31.3894,2.33273,0.40243
967,111,9,9,24,0,1,0,0,34.511,0.19955,0.15,562,31.3894,2.61387,0.40243
968,36,5,5,8,0,1,0,0,1.759,0.19922,0.15,562,31.3894,2.69374,0.40243
969,400,18,18,43,0,0,0,1,157.919,0.19889,0.15,562,31.3894,1.49694,0.40273
970,90,9,9,22,0,1,0,0,34.937,0.19856,0.15,562,31.3894,2.41512,0.40273
971,97,6,6,10,0,1,0,0,11.368,0.19823,0.15,562,31.3894,2.84599,0.40302
972,56,2,2,11,0,1,0,0,-3.192,0.1979,0.15,562,31.3894,1.98376,0.40302
973,34,1,1,10,0,1,0,0,-13.312,0.19757,0.15,562,31.3894,3.36117,0.40302
974,35,2,2,7,0,1,0,0,-11.302,0.19724,0.15,562,31.3894,3.88375,0.40362
975,46,5,5,14,0,1,0,0,7.639,0.19691,0.15,562,31.3894,2.7369,0.40362
976,30,1,1,8,0,1,0,0,-12.791,0.19658,0.15,562,31.3894,2.58729,0.40362
977,400,21,21,55,0,0,0,1,194.031,0.19626,0.15,562,31.3894,1.64459,0.40421
978,66,4,4,9,0,1,0,0,4.843,0.19593,0.15,562,31.3894,2.48467,0.40421
979,5,0,0,2,0,1,0,0,-28.104,0.1956,0.15,562,31.3894,11.49927,0.40421
980,39,0,0,3,0,1,0,0,-18.827,0.19528,0.15,562,31.3894,1.79952,0.40421
981,14,0,0,2,0,1,0,0,-27.798,0.19495,0.15,562,31.3894,5.70608,0.40421
982,140,9,9,24,0,1,0,0,36.849,0.19463,0.15,562,31.3894,2.74303,0.40421
983,75,3,3,13,0,1,0,0,0.947,0.1943,0.15,562,31.3894,2.63515,0.40421
984,88,1,1,14,0,1,0,0,-6.308,0.19398,0.15,563,31.3894,2.28684,0.40379
985,17,2,2,8,0,1,0,0,-15.267,0.19366,0.15,563,31.3894,4.70947,0.40379
986,62,4,4,10,0,1,0,0,1.354,0.19333,0.15,563,31.3894,3.83435,0.40409
987,14,0,0,3,0,1,0,0,-25.136,0.19301,0.15,563,31.3894,4.96024,0.40409
988,7,0,0,3,0,1,0,0,-33.406,0.19269,0.15,563,31.3894,5.25124,0.40409
989,122,6,6,17,0,1,0,0,27.811,0.19237,0.15,563,31.3894,1.88888,0.40438
990,82,6,6,14,0,1,0,0,17.542,0.19205,0.15,563,31.3894,2.10113,0.40438
991,141,5,5,7,0,1,0,0,12.964,0.19173,0.15,563,31.3894,1.87162,0.40438
992,34,2,2,9,0,1,0,0,-9.814,0.19141,0.15,563,31.3894,2.60974,0.40438
993,220,10,10,34,0,1,0,0,68.962,0.19109,0.15,563,31.3894,1.95164,0.40438
994,17,2,2,6,0,1,0,0,-20.284,0.19077,0.15,563,31.3894,6.14851,0.40438
995,7,0,0,4,0,1,0,0,-27.354,0.19046,0.15,563,31.3894,4.45898,0.40438
996,74,5,5,14,0,1,0,0,6.629,0.19014,0.15,563,31.3894,3.02543,0.40438
997,352,21,21,42,0,1,0,0,138.35,0.18982,0.15,563,31.3894,2.52358,0.40468
998,116,4,4,18,0,1,0,0,20.164,0.18951,0.15,563,31.3894,2.01307,0.40468
999,97,12,12,25,0,1,0,0,52.229,0.18919,0.15,563,31.3894,3.02529,0.40497
1000,21,2,2,7,0,1,0,0,-14.012,0.18888,0.15,563,31.3894,4.16401,0.40497
1001,133,3,3,15,0,1,0,0,7.243,0.18856,0.15,563,31.3894,2.64894,0.40497
1002,75,4,4,13,0,1,0,0,9.802,0.18825,0.15,563,31.3894,1.63645,0.40497
1003,24,1,1,13,0,1,0,0,-9.72,0.18793,0.15,563,31.3894,3.3798,0.40497
1004,162,6,6,26,0,1,0,0,44.36,0.18762,0.15,563,31.3894,2.57247,0.40557
1005,211,4,4,13,0,1,0,0,31.791,0.18731,0.15,563,31.3894,1.15347,0.40557
1006,47,4,4,8,0,1,0,0,-2.347,0.187,0.15,564,31.3894,2.91676,0.40544
1007,47,2,2,8,0,1,0,0,-11.173,0.18668,0.15,564,31.3894,2.68413,0.40544
1008,313,15,15,37,0,1,0,0,109.71,0.18637,0.15,564,31.3894,1.38135,0.40544
1009,40,3,3,6,0,1,0,0,-7.085,0.18606,0.15,564,31.3894,2.06271,0.40544
1010,400,13,13,32,0,0,0,1,138.932,0.18575,0.15,564,31.3894,1.5364,0.40573
1011,13,0,0,3,0,1,0,0,-28.5,0.18544,0.15,564,31.3894,5.53642,0.40573
1012,50,5,5,16,0,1,0,0,7.742,0.18514,0.15,564,31.3894,3.22222,0.40603
1013,218,6,6,22,0,1,0,0,37.582,0.18483,0.15,564,31.3894,1.8376,0.40603
1014,23,0,0,1,0,1,0,0,-30.972,0.18452,0.15,564,31.3894,1.85719,0.40603
1015,6,0,0,4,0,1,0,0,-31.956,0.18421,0.15,564,31.3894,5.23629,0.40603
1016,97,6,6,18,0,1,0,0,18.131,0.18391,0.15,564,31.3894,2.12957,0.40603
1017,400,18,18,40,0,0,0,1,175.493,0.1836,0.15,564,31.3894,1.64882,0.40662
1018,37,5,5,15,0,1,0,0,6.524,0.18329,0.15,564,31.3894,3.43716,0.40691
1019,17,1,1,4,0,1,0,0,-18.748,0.18299,0.15,564,31.3894,3.7434,0.40691
1020,18,1,1,3,0,1,0,0,-19.416,0.18268,0.15,564,31.3894,3.53533,0.40691
1021,400,28,28,83,0,0,0,1,230.268,0.18238,0.15,565,31.3894,2.27927,0.40649
1022,121,7,7,19,0,1,0,0,28.108,0.18208,0.15,565,31.3894,1.8005,0.40649
1023,62,5,5,26,0,1,0,0,20.162,0.18177,0.15,565,31.3894,3.72656,0.40678
1024,46,2,2,8,0,1,0,0,-10.423,0.18147,0.15,565,31.3894,2.99121,0.40678
1025,39,1,1,10,0,1,0,0,-7.556,0.18117,0.15,565,31.3894,3.19713,0.40678
1026,73,5,5,21,0,1,0,0,17.695,0.18087,0.15,565,31.3894,2.68654,0.40678
1027,37,3,3,13,0,1,0,0,-6.805,0.18056,0.15,565,31.3894,4.51201,0.40708
1028,53,3,3,19,0,1,0,0,3.819,0.18026,0.15,565,31.3894,3.22142,0.40708
1029,400,22,22,68,0,0,0,1,201.776,0.17996,0.15,565,31.3894,1.89543,0.40737
1030,164,12,12,34,0,1,0,0,59.072,0.17966,0.15,565,31.3894,2.60402,0.40767
1031,169,13,13,34,0,1,0,0,76.698,0.17936,0.15,565,31.3894,2.20728,0.40767
1032,156,14,14,37,0,1,0,0,73.846,0.17907,0.15,566,31.3894,2.86284,0.40813
1033,383,35,35,68,0,1,0,0,205.123,0.17877,0.15,566,31.3894,2.24489,0.40813
1034,71,3,3,16,0,1,0,0,6.308,0.17847,0.15,566,31.3894,2.90228,0.40813
1035,28,4,4,9,0,1,0,0,-3.649,0.17817,0.15,566,31.3894,3.77792,0.40813
1036,32,4,4,9,0,1,0,0,-2.342,0.17788,0.15,566,31.3894,2.5103,0.40813
1037,65,6,6,16,0,1,0,0,14.466,0.17758,0.15,566,31.3894,3.38078,0.40813
1038,24,1,1,3,0,1,0,0,-20.887,0.17728,0.15,566,31.3894,4.69165,0.40813
1039,105,9,9,21,0,1,0,0,44.854,0.17699,0.15,566,31.3894,2.01742,0.40813
1040,7,0,0,5,0,1,0,0,-26.35,0.17669,0.15,566,31.3894,7.89809,0.40813
1041,176,21,21,43,0,1,0,0,106.655,0.1764,0.15,566,31.3894,2.77131,0.40842
1042,58,5,5,13,0,1,0,0,9.091,0.17611,0.15,566,31.3894,2.81046,0.40842
1043,374,25,25,66,0,1,0,0,179.608,0.17581,0.15,566,31.3894,2.04054,0.40842
1044,140,7,7,23,0,1,0,0,35.933,0.17552,0.15,566,31.3894,2.14722,0.40842
1045,5,0,0,4,0,1,0,0,-32.808,0.17523,0.15,566,31.3894,1.29895,0.40842
1046,336,22,22,46,0,1,0,0,134.696,0.17494,0.15,567,31.3894,2.45046,0.40858
1047,63,3,3,15,0,1,0,0,4.881,0.17464,0.15,567,31.3894,1.87307,0.40858
1048,14,0,0,4,0,1,0,0,-24.121,0.17435,0.15,567,31.3894,6.4845,0.40858
1049,311,19,19,40,0,1,0,0,100.909,0.17406,0.15,568,31.3894,2.47732,0.40904
1050,17,2,2,5,0,1,0,0,-17.775,0.17377,0.15,568,31.3894,6.39349,0.40904
1051,5,0,0,3,0,1,0,0,-32.608,0.17348,0.15,568,31.3894,1.18185,0.40904
1052,59,1,1,11,0,1,0,0,-10.015,0.1732,0.15,568,31.3894,2.50169,0.40904
1053,232,20,20,52,0,1,0,0,109.335,0.17291,0.15,568,31.3894,2.39835,0.40904
1054,149,11,11,27,0,1,0,0,57.116,0.17262,0.15,568,31.3894,2.49649,0.40962
1055,140,12,12,30,0,1,0,0,55.737,0.17233,0.15,569,31.3894,2.27774,0.4092
1056,291,22,22,59,0,1,0,0,142.091,0.17204,0.15,569,31.3894,2.00852,0.40949
1057,372,19,19,41,0,1,0,0,134.019,0.17176,0.15,569,31.3894,1.1965,0.40978
1058,51,4,4,13,0,1,0,0,1.914,0.17147,0.15,569,31.3894,4.13895,0.40978
1059,210,17,17,59,0,1,0,0,114.919,0.17119,0.15,569,31.3894,2.8457,0.41008
1060,29,2,2,5,0,1,0,0,-10.959,0.1709,0.15,569,31.3894,3.45848,0.41008
1061,300,24,24,61,0,1,0,0,149.416,0.17062,0.15,569,31.3894,2.43076,0.41154
1062,351,32,32,67,0,1,0,0,194.616,0.17033,0.15,569,31.3894,2.55828,0.41183
1063,119,7,7,22,0,1,0,0,30.934,0.17005,0.15,569,31.3894,2.50132,0.41183
1064,18,1,1,4,0,1,0,0,-21.285,0.16977,0.15,569,31.3894,5.0328,0.41183
1065,9,0,0,3,0,1,0,0,-23.844,0.16948,0.15,569,31.3894,4.14248,0.41183
1066,13,0,0,5,0,1,0,0,-25.373,0.1692,0.15,569,31.3894,7.56183,0.41183
1067,178,22,22,47,0,1,0,0,112.755,0.16892,0.15,569,31.3894,3.21181,0.41183
1068,141,5,5,19,0,1,0,0,36.129,0.16864,0.15,569,31.3894,1.74046,0.41183
1069,19,1,1,5,0,1,0,0,-18.827,0.16836,0.15,569,31.3894,4.54373,0.41183
1070,19,1,1,8,0,1,0,0,-15.965,0.16808,0.15,569,31.3894,3.95555,0.41183
1071,38,2,2,10,0,1,0,0,-9.969,0.1678,0.15,569,31.3894,3.242,0.41183
1072,134,13,13,40,0,1,0,0,68.829,0.16752,0.15,569,31.3894,3.15802,0.41213
1073,76,9,9,19,0,1,0,0,32.547,0.16724,0.15,569,31.3894,3.05225,0.41213
1074,53,7,7,17,0,1,0,0,16.903,0.16696,0.15,569,31.3894,3.40379,0.41213
1075,48,4,4,7,0,1,0,0,-3.11,0.16668,0.15,571,31.3894,3.69579,0.41156
1076,265,19,19,49,0,1,0,0,129.176,0.1664,0.15,571,31.3894,2.45876,0.41185
1077,69,4,4,16,0,1,0,0,7.149,0.16613,0.15,572,31.3894,3.41061,0.41171
1078,118,13,13,32,0,1,0,0,59.535,0.16585,0.15,572,31.3894,2.8157,0.412
1079,184,13,13,35,0,1,0,0,82.777,0.16557,0.15,572,31.3894,1.76003,0.412
1080,107,11,11,27,0,1,0,0,48.368,0.1653,0.15,572,31.3894,2.71613,0.412
1081,108,10,10,32,0,1,0,0,53.591,0.16502,0.15,572,31.3894,2.55773,0.4123
1082,83,6,6,22,0,1,0,0,22.334,0.16475,0.15,572,31.3894,2.43845,0.4123
1083,279,14,14,38,0,1,0,0,101.502,0.16447,0.15,572,31.3894,1.86598,0.4123
1084,20,2,2,4,0,1,0,0,-15.605,0.1642,0.15,572,31.3894,3.51089,0.4123
1085,58,6,6,17,0,1,0,0,10.054,0.16393,0.15,572,31.3894,2.89789,0.4123
1086,17,1,1,5,0,1,0,0,-23.897,0.16365,0.15,572,31.3894,6.26427,0.4123
1087,400,27,27,53,0,0,0,1,216.268,0.16338,0.15,572,31.3894,1.40355,0.4123
1088,40,2,2,11,0,1,0,0,-6.918,0.16311,0.15,572,31.3894,3.45516,0.4123
1089,167,12,12,24,0,1,0,0,68.892,0.16284,0.15,572,31.3894,1.65463,0.4123
1090,18,1,1,8,0,1,0,0,-18.828,0.16257,0.15,572,31.3894,4.24831,0.4123
1091,17,1,1,7,0,1,0,0,-17.523,0.1623,0.15,572,31.3894,5.45045,0.4123
1092,25,0,0,2,0,1,0,0,-29.966,0.16203,0.15,572,31.3894,1.6963,0.4123
1093,15,0,0,5,0,1,0,0,-24.821,0.16176,0.15,572,31.3894,5.91133,0.4123
1094,7,0,0,6,0,1,0,0,-22.448,0.16149,0.15,572,31.3894,5.87271,0.4123
1095,400,25,25,72,0,0,0,1,208.155,0.16122,0.15,572,31.3894,2.17508,0.41259
1096,65,7,7,15,0,1,0,0,19.039,0.16095,0.15,572,31.3894,2.57703,0.41259
1097,139,15,15,32,0,1,0,0,72.595,0.16068,0.15,572,31.3894,2.70022,0.41259
1098,13,0,0,5,0,1,0,0,-24.913,0.16041,0.15,572,31.3894,6.14775,0.41259
1099,21,1,1,7,0,1,0,0,-17.367,0.16015,0.15,572,31.3894,2.76205,0.41259
1100,75,3,3,14,0,1,0,0,0.562,0.15988,0.15,572,31.3894,2.7175,0.41259
1101,285,27,27,51,0,1,0,0,150.604,0.15961,0.15,572,31.3894,2.60969,0.41259
1102,16,1,1,4,0,1,0,0,-20.299,0.15935,0.15,572,31.3894,4.0203,0.41259
1103,34,3,3,9,0,1,0,0,-4.193,0.15908,0.15,572,31.3894,2.40449,0.41259
1104,15,1,1,6,0,1,0,0,-16.853,0.15882,0.15,572,31.3894,3.78955,0.41259
1105,142,6,6,31,0,1,0,0,28.899,0.15855,0.15,572,31.3894,2.81132,0.41259
1106,57,4,4,8,0,1,0,0,-6.733,0.15829,0.15,572,31.3894,3.5668,0.41259
1107,17,1,1,8,0,1,0,0,-21.075,0.15803,0.15,572,31.3894,4.3014,0.41259
1108,26,1,1,8,0,1,0,0,-13.096,0.15776,0.15,572,31.3894,3.04421,0.41259
1109,66,5,5,13,0,1,0,0,7.277,0.1575,0.15,572,31.3894,2.80791,0.41259
1110,19,2,2,7,0,1,0,0,-15.979,0.15724,0.15,572,31.3894,3.76255,0.41259
1111,21,1,1,6,0,1,0,0,-19.37,0.15698,0.15,572,31.3894,2.64532,0.41259
1112,249,19,19,41,0,1,0,0,108.804,0.15671,0.15,572,31.3894,2.16662,0.41259
1113,167,16,16,37,0,1,0,0,84.968,0.15645,0.15,572,31.3894,2.20543,0.41259
1114,191,12,12,42,0,1,0,0,72.898,0.15619,0.15,572,31.3894,2.45683,0.41259
1115,84,6,6,26,0,1,0,0,22.936,0.15593,0.15,572,31.3894,2.58596,0.41259
1116,5,0,0,4,0,1,0,0,-32.408,0.15567,0.15,572,31.3894,0.97242,0.41259
1117,76,4,4,14,0,1,0,0,5.298,0.15541,0.15,572,31.3894,3.44544,0.41288
1118,71,1,1,12,0,1,0,0,-8.075,0.15515,0.15,572,31.3894,1.76939,0.41288
1119,31,3,3,13,0,1,0,0,-6.994,0.1549,0.15,572,31.3894,3.58778,0.41288
1120,328,19,19,62,0,1,0,0,129.131,0.15464,0.15,572,31.3894,1.76273,0.41288
1121,236,14,14,43,0,1,0,0,89.278,0.15438,0.15,572,31.3894,1.78965,0.41317
1122,400,29,29,61,0,0,0,1,226.741,0.15412,0.15,572,31.3894,1.93395,0.41317
1123,211,13,13,40,0,1,0,0,81.338,0.15387,0.15,572,31.3894,2.3535,0.41346
1124,17,2,2,4,0,1,0,0,-15.301,0.15361,0.15,572,31.3894,1.87262,0.41346
1125,143,6,6,17,0,1,0,0,23.148,0.15335,0.15,572,31.3894,2.24462,0.41346
1126,62,4,4,18,0,1,0,0,4.655,0.1531,0.15,572,31.3894,3.96574,0.41346
1127,400,19,19,49,0,0,0,1,159.096,0.15284,0.15,573,31.3894,2.24623,0.41303
1128,200,16,16,37,0,1,0,0,89.914,0.15259,0.15,573,31.3894,2.58498,0.41303
1129,19,1,1,6,0,1,0,0,-18.385,0.15234,0.15,573,31.3894,3.05014,0.41303
1130,41,1,1,13,0,1,0,0,-16.971,0.15208,0.15,573,31.3894,3.62951,0.41303
1131,31,0,0,8,0,1,0,0,-24.416,0.15183,0.15,573,31.3894,3.31701,0.41303
1132,75,6,6,18,0,1,0,0,16.055,0.15158,0.15,573,31.3894,2.71279,0.41303
1133,25,1,1,4,0,1,0,0,-18.875,0.15132,0.15,573,31.3894,2.67231,0.41303
1134,250,18,18,42,0,1,0,0,104.003,0.15107,0.15,573,31.3894,1.83035,0.41332
1135,18,1,1,7,0,1,0,0,-16.649,0.15082,0.15,573,31.3894,5.00397,0.41332
1136,17,1,1,8,0,1,0,0,-14.991,0.15057,0.15,573,31.3894,2.80977,0.41332
1137,50,3,3,8,0,1,0,0,-15.666,0.15032,0.15,573,31.3894,3.60584,0.41332
1138,400,26,26,59,0,0,0,1,195.744,0.15007,0.15,573,31.3894,1.98125,0.41361
1139,18,1,1,2,0,1,0,0,-22.633,0.14982,0.15,573,31.3894,3.11881,0.41361
1140,13,0,0,3,0,1,0,0,-28.042,0.14957,0.15,573,31.3894,8.72574,0.41361
1141,13,0,0,4,0,1,0,0,-26.373,0.14932,0.15,573,31.3894,7.00764,0.41361
1142,217,13,13,46,0,1,0,0,88.575,0.14907,0.15,573,31.3894,2.55438,0.41361
1143,137,15,15,27,0,1,0,0,72.217,0.14882,0.15,573,31.3894,2.57085,0.41361
1144,5,0,0,2,0,1,0,0,-34.006,0.14857,0.15,573,31.3894,1.46746,0.41361
1145,47,2,2,6,0,1,0,0,-9.195,0.14833,0.15,573,31.3894,2.71285,0.41361
1146,22,0,0,5,0,1,0,0,-22.913,0.14808,0.15,573,31.3894,4.4102,0.41361
1147,60,0,0,4,0,1,0,0,-18.284,0.14783,0.15,573,31.3894,1.75785,0.41361
1148,156,12,12,37,0,1,0,0,70.591,0.14759,0.15,573,31.3894,2.55671,0.41361
1149,109,2,2,19,0,1,0,0,8.902,0.14734,0.15,573,31.3894,1.89476,0.41361
1150,16,1,1,3,0,1,0,0,-18.512,0.1471,0.15,573,31.3894,2.3321,0.41361
1151,264,27,27,59,0,1,0,0,163.866,0.14685,0.15,573,31.3894,2.48731,0.4139
1152,7,0,0,2,0,1,0,0,-28.606,0.14661,0.15,573,31.3894,11.23274,0.4139
1153,168,9,9,30,0,1,0,0,35.862,0.14636,0.15,573,31.3894,2.51941,0.41419
1154,32,2,2,12,0,1,0,0,-9.947,0.14612,0.15,573,31.3894,2.18895,0.41419
1155,45,0,0,10,0,1,0,0,-20.827,0.14588,0.15,573,31.3894,2.92956,0.41419
1156,18,1,1,4,0,1,0,0,-19.889,0.14563,0.15,573,31.3894,2.81911,0.41419
1157,400,24,24,59,0,0,0,1,194.862,0.14539,0.15,573,31.3894,2.19037,0.41419
1158,40,4,4,7,0,1,0,0,-7.844,0.14515,0.15,573,31.3894,3.12332,0.41419
1159,72,6,6,16,0,1,0,0,13.454,0.14491,0.15,573,31.3894,2.79642,0.41419
1160,38,1,1,7,0,1,0,0,-14.891,0.14467,0.15,573,31.3894,2.79888,0.41419
1161,24,2,2,8,0,1,0,0,-9.435,0.14442,0.15,573,31.3894,4.26071,0.41419
1162,41,3,3,10,0,1,0,0,-3.729,0.14418,0.15,573,31.3894,2.46814,0.41419
1163,13,0,0,5,0,1,0,0,-26.477,0.14394,0.15,573,31.3894,4.22719,0.41419
1164,132,4,4,21,0,1,0,0,24.042,0.1437,0.15,573,31.3894,1.97355,0.41419
1165,122,2,2,15,0,1,0,0,8.135,0.14346,0.15,573,31.3894,1.47495,0.41419
1166,122,5,5,11,0,1,0,0,19.729,0.14323,0.15,573,31.3894,1.45327,0.41419
1167,17,1,1,7,0,1,0,0,-15.118,0.14299,0.15,573,31.3894,3.21484,0.41419
1168,24,2,2,11,0,1,0,0,-10.043,0.14275,0.15,573,31.3894,3.85782,0.41419
1169,220,12,12,31,0,1,0,0,72.743,0.14251,0.15,573,31.3894,1.89198,0.41419
1170,167,12,12,20,0,1,0,0,49.518,0.14227,0.15,573,31.3894,2.1149,0.41419
1171,227,6,6,13,0,1,0,0,33.147,0.14204,0.15,573,31.3894,1.63097,0.41419
1172,80,4,4,9,0,1,0,0,-2.16,0.1418,0.15,573,31.3894,2.21645,0.41419
1173,5,0,0,4,0,1,0,0,-32.408,0.14156,0.15,573,31.3894,2.10509,0.41419
1174,118,4,4,19,0,1,0,0,16.204,0.14133,0.15,573,31.3894,2.62163,0.41419
1175,199,8,8,22,0,1,0,0,46.811,0.14109,0.15,573,31.3894,1.29126,0.41419
1176,166,10,10,21,0,1,0,0,57.191,0.14086,0.15,573,31.3894,1.81421,0.41419
1177,37,1,1,7,0,1,0,0,-13.032,0.14062,0.15,573,31.3894,3.02199,0.41419
1178,121,2,2,11,0,1,0,0,4.867,0.14039,0.15,573,31.3894,1.84833,0.41419
1179,204,6,6,20,0,1,0,0,42.172,0.14016,0.15,573,31.3894,2.02571,0.41449
1180,57,2,2,6,0,1,0,0,-12.644,0.13992,0.15,573,31.3894,1.65721,0.41449
1181,192,10,10,18,0,1,0,0,52.553,0.13969,0.15,573,31.3894,1.79659,0.41449
1182,8,0,0,3,0,1,0,0,-25.256,0.13946,0.15,573,31.3894,5.7922,0.41449
1183,69,0,0,3,0,1,0,0,-21.182,0.13922,0.15,573,31.3894,0.81151,0.41449
1184,400,8,8,29,0,0,0,1,122.457,0.13899,0.15,573,31.3894,1.05419,0.41449
1185,131,5,5,25,0,1,0,0,24.813,0.13876,0.15,573,31.3894,2.02611,0.41449
1186,157,2,2,7,0,1,0,0,-7.211,0.13853,0.15,573,31.3894,1.88956,0.41449
1187,96,4,4,9,0,1,0,0,8.77,0.1383,0.15,573,31.3894,1.24611,0.41449
1188,43,2,2,8,0,1,0,0,-8.496,0.13807,0.15,573,31.3894,2.04233,0.41449
1189,88,6,6,19,0,1,0,0,23.375,0.13784,0.15,573,31.3894,2.09716,0.41449
1190,87,2,2,11,0,1,0,0,3.979,0.13761,0.15,573,31.3894,1.36167,0.41449
1191,138,5,5,14,0,1,0,0,19.504,0.13738,0.15,573,31.3894,2.02323,0.41449
1192,107,4,4,14,0,1,0,0,18.371,0.13715,0.15,573,31.3894,1.66644,0.41449
1193,293,16,16,59,0,1,0,0,121.022,0.13692,0.15,574,31.3894,1.79323,0.41434
1194,71,6,6,24,0,1,0,0,25.425,0.1367,0.15,574,31.3894,2.6567,0.41434
1195,31,5,5,9,0,1,0,0,2.963,0.13647,0.15,574,31.3894,3.29305,0.41434
1196,105,7,7,19,0,1,0,0,34.575,0.13624,0.15,574,31.3894,2.05661,0.41434
1197,60,4,4,10,0,1,0,0,2.439,0.13601,0.15,574,31.3894,2.34813,0.41434
1198,163,14,14,28,0,1,0,0,63.455,0.13579,0.15,574,31.3894,2.37033,0.41434
1199,17,2,2,7,0,1,0,0,-14.755,0.13556,0.15,574,31.3894,4.41978,0.41434
1200,103,6,6,18,0,1,0,0,21.003,0.13534,0.15,574,31.3894,2.86586,0.41463
1201,73,3,3,11,0,1,0,0,-1.471,0.13511,0.15,574,31.3894,2.90091,0.41463
1202,17,1,1,4,0,1,0,0,-19.585,0.13488,0.15,574,31.3894,1.83377,0.41463
1203,51,5,5,9,0,1,0,0,6.241,0.13466,0.15,574,31.3894,2.77235,0.41463
1204,46,4,4,9,0,1,0,0,-1.409,0.13444,0.15,574,31.3894,2.39069,0.41463
1205,72,7,7,18,0,1,0,0,17.9,0.13421,0.15,574,31.3894,2.77298,0.41492
1206,47,0,0,6,0,1,0,0,-15.365,0.13399,0.15,574,31.3894,1.86986,0.41492
1207,48,4,4,15,0,1,0,0,6.024,0.13377,0.15,574,31.3894,2.99299,0.41492
1208,307,16,16,35,0,1,0,0,101.977,0.13354,0.15,574,31.3894,1.36868,0.41492
1209,110,7,7,14,0,1,0,0,18.048,0.13332,0.15,574,31.3894,2.54017,0.41492
1210,212,1,1,6,0,1,0,0,16.203,0.1331,0.15,574,31.3894,0.71586,0.41492
1211,400,27,27,50,0,0,0,1,210.839,0.13288,0.15,574,31.3894,1.56517,0.41492
1212,18,0,0,2,0,1,0,0,-26.124,0.13266,0.15,574,31.3894,4.2582,0.41492
1213,218,6,6,15,0,1,0,0,40.649,0.13243,0.15,574,31.3894,1.36853,0.41492
1214,55,2,2,10,0,1,0,0,-3.893,0.13221,0.15,574,31.3894,3.49946,0.41492
1215,18,2,2,6,0,1,0,0,-14.763,0.13199,0.15,574,31.3894,4.81174,0.41492
1216,231,9,9,35,0,1,0,0,62.841,0.13177,0.15,574,31.3894,1.40247,0.41492
1217,117,8,8,22,0,1,0,0,34.765,0.13155,0.15,574,31.3894,2.39859,0.41521
1218,76,4,4,12,0,1,0,0,4.903,0.13134,0.15,574,31.3894,2.13208,0.41521
1219,81,4,4,21,0,1,0,0,12.088,0.13112,0.15,574,31.3894,2.45367,0.41521
1220,16,0,0,3,0,1,0,0,-25.527,0.1309,0.15,574,31.3894,3.80256,0.41521
1221,113,9,9,19,0,1,0,0,31.889,0.13068,0.15,574,31.3894,2.59526,0.41521
1222,30,2,2,5,0,1,0,0,-15.658,0.13046,0.15,574,31.3894,3.37982,0.41521
1223,7,0,0,4,0,1,0,0,-28.608,0.13025,0.15,574,31.3894,6.98036,0.41521
1224,88,7,7,17,0,1,0,0,22.202,0.13003,0.15,574,31.3894,1.81422,0.41521
1225,400,16,16,43,0,0,0,1,147.834,0.12981,0.15,575,31.3894,1.37887,0.41507
1226,132,15,15,33,0,1,0,0,76.129,0.1296,0.15,576,31.3894,2.50221,0.41464
1227,400,20,20,50,0,0,0,1,191.829,0.12938,0.15,577,31.3894,1.26939,0.41421
1228,238,18,18,49,0,1,0,0,119.685,0.12916,0.15,577,31.3894,1.82472,0.41421
1229,160,17,17,57,0,1,0,0,101.911,0.12895,0.15,577,31.3894,3.1924,0.4145
1230,186,20,20,45,0,1,0,0,108.019,0.12873,0.15,578,31.3894,2.27247,0.41407
1231,41,1,1,5,0,1,0,0,-17.81,0.12852,0.15,578,31.3894,2.46575,0.41407
1232,143,18,18,38,0,1,0,0,89.098,0.12831,0.15,578,31.3894,2.20119,0.41407
1233,400,40,40,95,0,0,0,1,287.691,0.12809,0.15,578,31.3894,2.18298,0.41407
1234,63,1,1,15,0,1,0,0,-2.998,0.12788,0.15,578,31.3894,2.50648,0.41407
1235,53,5,5,20,0,1,0,0,12.16,0.12767,0.15,578,31.3894,3.66646,0.41407
1236,49,4,4,24,0,1,0,0,4.476,0.12745,0.15,578,31.3894,2.98908,0.41407
1237,14,1,1,3,0,1,0,0,-22.819,0.12724,0.15,578,31.3894,4.19306,0.41407
1238,32,4,4,14,0,1,0,0,-0.727,0.12703,0.15,578,31.3894,3.56987,0.41407
1239,123,10,10,25,0,1,0,0,45.93,0.12682,0.15,578,31.3894,2.03159,0.41407
1240,400,17,17,42,0,0,0,1,160.697,0.12661,0.15,578,31.3894,1.86863,0.41436
1241,16,2,2,5,0,1,0,0,-20.044,0.1264,0.15,578,31.3894,5.40786,0.41436
1242,164,3,3,10,0,1,0,0,17.983,0.12619,0.15,578,31.3894,1.0182,0.41436
1243,62,6,6,18,0,1,0,0,20.788,0.12598,0.15,578,31.3894,2.74553,0.41436
1244,71,9,9,18,0,1,0,0,29.171,0.12577,0.15,578,31.3894,2.54584,0.41436
1245,30,2,2,8,0,1,0,0,-9.012,0.12556,0.15,578,31.3894,1.85958,0.41436
1246,246,22,22,53,0,1,0,0,131.76,0.12535,0.15,578,31.3894,2.16554,0.41465
1247,129,11,11,40,0,1,0,0,58.86,0.12514,0.15,578,31.3894,2.83184,0.41465
1248,133,10,10,27,0,1,0,0,49.823,0.12493,0.15,578,31.3894,2.38352,0.41465
1249,43,4,4,12,0,1,0,0,-1.811,0.12472,0.15,578,31.3894,3.28287,0.41465
1250,180,16,16,32,0,1,0,0,77.555,0.12451,0.15,578,31.3894,2.2058,0.41465
1251,13,1,1,5,0,1,0,0,-20.184,0.12431,0.15,578,31.3894,5.97448,0.41465
1252,62,5,5,11,0,1,0,0,4.689,0.1241,0.15,578,31.3894,2.1518,0.41465
1253,91,3,3,17,0,1,0,0,9.526,0.12389,0.15,578,31.3894,2.26558,0.41465
1254,239,13,13,35,0,1,0,0,65.002,0.12369,0.15,578,31.3894,1.85786,0.41465
1255,46,0,0,7,0,1,0,0,-18.578,0.12348,0.15,578,31.3894,2.10259,0.41465
1256,5,0,0,4,0,1,0,0,-31.608,0.12328,0.15,578,31.3894,2.73464,0.41465
1257,228,5,5,10,0,1,0,0,29.555,0.12307,0.15,578,31.3894,1.56457,0.41465
1258,25,1,1,5,0,1,0,0,-17.562,0.12287,0.15,578,31.3894,5.11134,0.41494
1259,361,16,16,42,0,1,0,0,120.477,0.12266,0.15,578,31.3894,1.7448,0.41494
1260,300,7,7,22,0,1,0,0,46.597,0.12246,0.15,578,31.3894,2.08665,0.41494
1261,20,0,0,6,0,1,0,0,-20.417,0.12225,0.15,578,31.3894,2.33652,0.41494
1262,82,4,4,12,0,1,0,0,2.146,0.12205,0.15,578,31.3894,3.18211,0.41494
1263,67,3,3,6,0,1,0,0,-5.142,0.12185,0.15,578,31.3894,1.96727,0.41494
1264,69,2,2,11,0,1,0,0,-1.365,0.12164,0.15,578,31.3894,1.24076,0.41494
1265,59,3,3,12,0,1,0,0,2.669,0.12144,0.15,578,31.3894,1.80082,0.41494
1266,273,15,15,39,0,1,0,0,83.505,0.12124,0.15,578,31.3894,2.50271,0.41494
1267,13,0,0,4,0,1,0,0,-29.359,0.12104,0.15,578,31.3894,5.06874,0.41494
1268,63,5,5,13,0,1,0,0,9.451,0.12083,0.15,578,31.3894,2.96826,0.41494
1269,86,3,3,10,0,1,0,0,-1.343,0.12063,0.15,579,31.3894,2.49103,0.4148
1270,400,29,29,79,0,0,0,1,231.505,0.12043,0.15,579,31.3894,1.87427,0.4148
1271,140,14,14,30,0,1,0,0,67.575,0.12023,0.15,579,31.3894,2.63529,0.4148
1272,21,0,0,5,0,1,0,0,-19.095,0.12003,0.15,579,31.3894,4.65466,0.4148
1273,206,15,15,45,0,1,0,0,83.716,0.11983,0.15,579,31.3894,2.13627,0.4148
1274,338,31,31,81,0,1,0,0,196.04,0.11963,0.15,579,31.3894,2.31054,0.4148
1275,17,0,0,4,0,1,0,0,-32.286,0.11943,0.15,579,31.3894,3.01962,0.4148
1276,31,0,0,10,0,1,0,0,-11.871,0.11923,0.15,579,31.3894,3.61835,0.4148
1277,13,0,0,3,0,1,0,0,-24.371,0.11904,0.15,579,31.3894,4.27244,0.4148
1278,78,3,3,16,0,1,0,0,2.917,0.11884,0.15,579,31.3894,3.52337,0.4148
1279,13,0,0,3,0,1,0,0,-28.219,0.11864,0.15,579,31.3894,8.55034,0.4148
1280,21,0,0,6,0,1,0,0,-22.567,0.11844,0.15,579,31.3894,3.46002,0.4148
1281,13,0,0,4,0,1,0,0,-24.575,0.11824,0.15,579,31.3894,3.75337,0.4148
1282,20,1,1,4,0,1,0,0,-21.169,0.11805,0.15,579,31.3894,6.04185,0.4148
1283,44,4,4,11,0,1,0,0,-0.917,0.11785,0.15,579,31.3894,3.48037,0.4148
1284,24,2,2,5,0,1,0,0,-19.509,0.11765,0.15,579,31.3894,4.71118,0.4148
1285,69,4,4,8,0,1,0,0,-1.814,0.11746,0.15,579,31.3894,2.03075,0.4148
1286,5,0,0,3,0,1,0,0,-33.408,0.11726,0.15,579,31.3894,2.79883,0.4148
1287,27,0,0,4,0,1,0,0,-29.086,0.11707,0.15,579,31.3894,1.84988,0.4148
1288,21,2,2,6,0,1,0,0,-15.881,0.11687,0.15,579,31.3894,5.17377,0.4148
1289,65,1,1,10,0,1,0,0,-12.448,0.11668,0.15,579,31.3894,2.34858,0.4148
1290,400,19,19,54,0,0,0,1,177.063,0.11648,0.15,579,31.3894,1.85802,0.41508
1291,5,0,0,4,0,1,0,0,-32.808,0.11629,0.15,579,31.3894,1.79279,0.41508
1292,5,0,0,4,0,1,0,0,-32.408,0.1161,0.15,579,31.3894,1.41328,0.41508
1293,254,11,11,32,0,1,0,0,72.872,0.1159,0.15,579,31.3894,1.59563,0.41508
1294,74,0,0,8,0,1,0,0,-13.875,0.11571,0.15,579,31.3894,1.89952,0.41508
1295,400,22,22,50,0,0,0,1,184.621,0.11552,0.15,579,31.3894,2.04158,0.41508
1296,42,4,4,14,0,1,0,0,-0.725,0.11533,0.15,579,31.3894,3.11068,0.41508
1297,59,3,3,16,0,1,0,0,0.804,0.11513,0.15,579,31.3894,3.09936,0.41508
1298,400,14,14,43,0,0,0,1,136.202,0.11494,0.15,579,31.3894,1.74228,0.41508
1299,225,22,22,50,0,1,0,0,120.972,0.11475,0.15,579,31.3894,2.48932,0.41508
1300,13,0,0,3,0,1,0,0,-24.773,0.11456,0.15,579,31.3894,6.27029,0.41508
1301,400,29,29,73,0,0,0,1,219.37,0.11437,0.15,579,31.3894,2.23537,0.41508
1302,400,37,37,81,0,0,0,1,264.446,0.11418,0.15,579,31.3894,2.22763,0.41508
1303,24,2,2,3,0,1,0,0,-13.487,0.11399,0.15,579,31.3894,3.78896,0.41508
1304,223,2,2,15,0,1,0,0,2.621,0.1138,0.15,579,31.3894,1.94934,0.41508
1305,33,3,3,4,0,1,0,0,-10.561,0.11361,0.15,579,31.3894,3.02202,0.41508
1306,214,10,10,31,0,1,0,0,46.733,0.11342,0.15,579,31.3894,1.99129,0.41508
1307,120,12,12,29,0,1,0,0,59.951,0.11323,0.15,579,31.3894,2.73437,0.41508
1308,70,2,2,7,0,1,0,0,-5.805,0.11304,0.15,579,31.3894,2.57846,0.41508
1309,71,4,4,18,0,1,0,0,12.912,0.11285,0.15,579,31.3894,2.61975,0.41508
1310,400,15,15,43,0,0,0,1,155.698,0.11267,0.15,579,31.3894,1.14142,0.41508
1311,20,1,1,9,0,1,0,0,-15.045,0.11248,0.15,579,31.3894,4.26116,0.41508
1312,55,3,3,11,0,1,0,0,1.241,0.11229,0.15,579,31.3894,1.88082,0.41508
1313,25,1,1,6,0,1,0,0,-13.749,0.1121,0.15,579,31.3894,2.74043,0.41508
1314,119,6,6,24,0,1,0,0,25.241,0.11192,0.15,579,31.3894,2.26056,0.41508
1315,94,8,8,15,0,1,0,0,26.762,0.11173,0.15,579,31.3894,2.29231,0.41508
1316,24,2,2,4,0,1,0,0,-13.699,0.11154,0.15,579,31.3894,3.14882,0.41508
1317,27,0,0,7,0,1,0,0,-16.965,0.11136,0.15,579,31.3894,3.50019,0.41508
1318,400,27,27,57,0,0,0,1,201.177,0.11117,0.15,579,31.3894,1.58676,0.41508
1319,37,1,1,11,0,1,0,0,-10.594,0.11099,0.15,579,31.3894,3.22629,0.41508
1320,400,17,17,43,0,0,0,1,158.375,0.1108,0.15,579,31.3894,1.27011,0.41508
1321,23,1,1,5,0,1,0,0,-16.325,0.11062,0.15,579,31.3894,4.62132,0.41508
1322,15,1,1,5,0,1,0,0,-19.607,0.11043,0.15,579,31.3894,4.27206,0.41508
1323,5,0,0,3,0,1,0,0,-33.406,0.11025,0.15,579,31.3894,1.22995,0.41508
1324,124,1,1,12,0,1,0,0,-1.657,0.11007,0.15,579,31.3894,1.84951,0.41508
1325,40,0,0,3,0,1,0,0,-26.088,0.10988,0.15,579,31.3894,1.18936,0.41508
1326,233,22,22,48,0,1,0,0,119.061,0.1097,0.15,579,31.3894,2.56746,0.41508
1327,17,0,0,5,0,1,0,0,-22.487,0.10952,0.15,579,31.3894,5.7588,0.41508
1328,360,25,25,59,0,1,0,0,162.633,0.10934,0.15,579,31.3894,1.81827,0.41508
1329,108,9,9,26,0,1,0,0,37.292,0.10915,0.15,579,31.3894,2.68613,0.41508
1330,169,10,10,33,0,1,0,0,57.677,0.10897,0.15,579,31.3894,2.50518,0.41537
1331,21,1,1,9,0,1,0,0,-16.361,0.10879,0.15,579,31.3894,3.82449,0.41537
1332,200,18,18,42,0,1,0,0,98.194,0.10861,0.15,579,31.3894,1.99098,0.41537
1333,158,13,13,35,0,1,0,0,70.565,0.10843,0.15,580,31.3894,2.71961,0.41494
1334,7,0,0,5,0,1,0,0,-23.448,0.10825,0.15,580,31.3894,6.72487,0.41494
1335,154,14,14,32,0,1,0,0,70.926,0.10807,0.15,581,31.3894,2.60115,0.41452
1336,400,26,26,69,0,0,0,1,221.406,0.10789,0.15,581,31.3894,1.79811,0.41452
1337,61,6,6,20,0,1,0,0,15.508,0.10771,0.15,581,31.3894,2.68541,0.41452
1338,311,26,26,62,0,1,0,0,157.541,0.10753,0.15,581,31.3894,2.12823,0.41452
1339,327,29,29,68,0,1,0,0,182.131,0.10735,0.15,581,31.3894,2.07026,0.41452
1340,13,0,0,4,0,1,0,0,-24.573,0.10717,0.15,581,31.3894,7.08679,0.41452
1341,5,0,0,2,0,1,0,0,-29.054,0.10699,0.15,581,31.3894,9.11401,0.41452
1342,400,37,37,93,0,0,0,1,278.641,0.10681,0.15,581,31.3894,2.20232,0.41452
1343,295,29,29,77,0,1,0,0,187.641,0.10664,0.15,581,31.3894,2.75387,0.41452
1344,400,38,38,107,0,0,0,1,286.327,0.10646,0.15,581,31.3894,2.30174,0.41452
1345,98,8,8,24,0,1,0,0,38.81,0.10628,0.15,581,31.3894,2.78839,0.41452
1346,303,33,33,76,0,1,0,0,204.162,0.1061,0.15,581,31.3894,2.49568,0.41452
1347,33,3,3,10,0,1,0,0,-7.154,0.10593,0.15,581,31.3894,3.82664,0.41452
1348,32,3,3,10,0,1,0,0,-4.271,0.10575,0.15,581,31.3894,3.04747,0.41452
1349,319,27,27,66,0,1,0,0,176.642,0.10558,0.15,581,31.3894,2.17323,0.41452
1350,98,4,4,27,0,1,0,0,24.414,0.1054,0.15,581,31.3894,2.90659,0.41452
1351,53,3,3,12,0,1,0,0,-2.273,0.10522,0.15,581,31.3894,2.1757,0.41452
1352,13,0,0,4,0,1,0,0,-24.323,0.10505,0.15,581,31.3894,5.09337,0.41452
1353,196,14,14,51,0,1,0,0,96.746,0.10487,0.15,581,31.3894,2.48929,0.41452
1354,394,39,39,92,0,1,0,0,246.457,0.1047,0.15,581,31.3894,2.37325,0.41452
1355,398,34,34,80,0,1,0,0,218.911,0.10452,0.15,581,31.3894,2.15852,0.41452
1356,349,31,31,80,0,1,0,0,208.365,0.10435,0.15,581,31.3894,2.24126,0.41509
1357,163,13,13,38,0,1,0,0,79.666,0.10418,0.15,581,31.3894,2.59458,0.41509
1358,400,42,42,96,0,0,0,1,306.073,0.104,0.15,581,31.3894,2.47843,0.41538
1359,82,10,10,27,0,1,0,0,40.803,0.10383,0.15,581,31.3894,2.85887,0.41538
1360,187,22,22,51,0,1,0,0,116.793,0.10366,0.15,581,31.3894,2.55674,0.41538
1361,5,0,0,4,0,1,0,0,-32.408,0.10348,0.15,581,31.3894,2.4376,0.41538
1362,53,2,2,17,0,1,0,0,1.777,0.10331,0.15,581,31.3894,3.04581,0.41538
1363,151,20,20,43,0,1,0,0,93.963,0.10314,0.15,581,31.3894,2.90226,0.41538
1364,19,1,1,8,0,1,0,0,-17.324,0.10297,0.15,581,31.3894,4.18109,0.41538
1365,70,5,5,20,0,1,0,0,5.385,0.1028,0.15,581,31.3894,3.79777,0.41538
1366,29,3,3,14,0,1,0,0,-7.144,0.10263,0.15,581,31.3894,3.59869,0.41538
1367,75,8,8,23,0,1,0,0,32.142,0.10245,0.15,581,31.3894,2.92278,0.41538
1368,30,1,1,7,0,1,0,0,-12.915,0.10228,0.15,581,31.3894,2.54767,0.41538
1369,305,27,27,62,0,1,0,0,163.686,0.10211,0.15,581,31.3894,2.54196,0.41538
1370,31,2,2,8,0,1,0,0,-10.211,0.10194,0.15,581,31.3894,3.17102,0.41538
1371,353,32,32,87,0,1,0,0,221.537,0.10177,0.15,581,31.3894,2.2522,0.41538
1372,400,33,33,84,0,0,0,1,253.261,0.1016,0.15,581,31.3894,2.33885,0.41566
1373,5,0,0,3,0,1,0,0,-33.008,0.10144,0.15,581,31.3894,2.4284,0.41566
1374,73,7,7,16,0,1,0,0,24.934,0.10127,0.15,581,31.3894,2.62182,0.41566
1375,225,17,17,35,0,1,0,0,92.656,0.1011,0.15,581,31.3894,2.40692,0.41566
1376,189,15,15,32,0,1,0,0,84.453,0.10093,0.15,581,31.3894,2.01954,0.41595
1377,160,15,15,43,0,1,0,0,89.993,0.10076,0.15,581,31.3894,2.25197,0.41595
1378,71,9,9,22,0,1,0,0,35.525,0.10059,0.15,581,31.3894,2.22403,0.41595
1379,24,1,1,9,0,1,0,0,-11.056,0.10043,0.15,581,31.3894,2.95606,0.41595
1380,45,2,2,12,0,1,0,0,-9.921,0.10026,0.15,581,31.3894,2.99178,0.41595
1381,394,35,35,92,0,1,0,0,232.996,0.10009,0.15,582,31.3894,2.23863,0.41552
1382,16,0,0,5,0,1,0,0,-26.817,0.09993,0.15,582,31.3894,3.88904,0.41552
1383,400,35,35,84,0,0,0,1,261.004,0.09976,0.15,582,31.3894,2.17851,0.41552
1384,46,5,5,17,0,1,0,0,9.785,0.09959,0.15,582,31.3894,3.15251,0.41552
1385,159,11,11,37,0,1,0,0,57.605,0.09943,0.15,583,31.3894,1.98514,0.41509
1386,81,0,0,12,0,1,0,0,-11.168,0.09926,0.15,583,31.3894,1.48203,0.41509
1387,62,5,5,23,0,1,0,0,12.191,0.0991,0.15,583,31.3894,2.93254,0.41509
1388,263,21,21,62,0,1,0,0,134.296,0.09893,0.15,583,31.3894,2.34472,0.41509
1389,77,8,8,20,0,1,0,0,25.455,0.09877,0.15,583,31.3894,2.96823,0.41509
1390,174,15,15,53,0,1,0,0,96.606,0.0986,0.15,583,31.3894,2.28778,0.41538
1391,182,19,19,40,0,1,0,0,99.076,0.09844,0.15,583,31.3894,2.28966,0.41538
1392,299,19,19,47,0,1,0,0,128.929,0.09827,0.15,583,31.3894,2.12421,0.41538
1393,15,1,1,5,0,1,0,0,-20.899,0.09811,0.15,583,31.3894,6.25093,0.41538
1394,211,14,14,34,0,1,0,0,83.507,0.09795,0.15,583,31.3894,2.61831,0.41538
1395,27,1,1,8,0,1,0,0,-15.421,0.09778,0.15,583,31.3894,4.03336,0.41538
1396,400,17,17,43,0,0,0,1,168.035,0.09762,0.15,583,31.3894,1.5053,0.41538
1397,13,0,0,5,0,1,0,0,-23.573,0.09746,0.15,583,31.3894,5.75526,0.41538
1398,400,26,26,54,0,0,0,1,197.104,0.0973,0.15,584,31.3894,2.10916,0.41495
1399,192,15,15,46,0,1,0,0,101.843,0.09713,0.15,584,31.3894,2.2805,0.41524
1400,17,2,2,6,0,1,0,0,-14.977,0.09697,0.15,584,31.3894,4.87175,0.41524
1401,13,0,0,2,0,1,0,0,-25.769,0.09681,0.15,584,31.3894,6.30925,0.41524
1402,13,0,0,4,0,1,0,0,-22.917,0.09665,0.15,584,31.3894,5.8656,0.41524
1403,13,0,0,8,0,1,0,0,-18.534,0.09649,0.15,584,31.3894,3.90972,0.41524
1404,13,0,0,4,0,1,0,0,-24.171,0.09633,0.15,584,31.3894,4.67472,0.41524
1405,365,18,18,53,0,1,0,0,132.777,0.09617,0.15,584,31.3894,2.18656,0.41524
1406,192,13,13,34,0,1,0,0,74.539,0.09601,0.15,584,31.3894,2.16147,0.41581
1407,186,16,16,34,0,1,0,0,94.692,0.09585,0.15,584,31.3894,2.39319,0.41581
1408,62,2,2,9,0,1,0,0,-8.534,0.09569,0.15,584,31.3894,2.74923,0.41581
1409,177,6,6,24,0,1,0,0,44.162,0.09553,0.15,584,31.3894,1.9211,0.41581
1410,137,8,8,27,0,1,0,0,44.637,0.09537,0.15,584,31.3894,1.77729,0.41581
1411,400,13,13,41,0,0,0,1,143.744,0.09521,0.15,584,31.3894,2.0158,0.41581
1412,145,12,12,27,0,1,0,0,60.447,0.09505,0.15,584,31.3894,3.14309,0.41581
1413,83,3,3,10,0,1,0,0,-1.017,0.09489,0.15,584,31.3894,2.23756,0.41581
1414,54,4,4,13,0,1,0,0,3.213,0.09474,0.15,584,31.3894,2.65971,0.41581
1415,352,21,21,52,0,1,0,0,140.73,0.09458,0.15,584,31.3894,2.13092,0.41581
1416,20,0,0,4,0,1,0,0,-31.628,0.09442,0.15,584,31.3894,1.85594,0.41581
1417,400,23,23,60,0,0,0,1,201.663,0.09426,0.15,584,31.3894,1.86215,0.41581
1418,400,31,31,75,0,0,0,1,234.847,0.09411,0.15,585,31.3894,1.81344,0.41538
1419,19,2,2,9,0,1,0,0,-15.271,0.09395,0.15,585,31.3894,4.48538,0.41538
1420,115,12,12,28,0,1,0,0,53.328,0.09379,0.15,585,31.3894,2.74517,0.41538
1421,19,2,2,9,0,1,0,0,-12.249,0.09364,0.15,585,31.3894,3.77945,0.41538
1422,149,6,6,24,0,1,0,0,28.088,0.09348,0.15,585,31.3894,1.55442,0.41538
1423,400,27,27,50,0,0,0,1,210.021,0.09333,0.15,585,31.3894,1.84046,0.41538
1424,400,28,28,65,0,0,0,1,227.308,0.09317,0.15,586,31.3894,2.3322,0.41496
1425,400,28,28,62,0,0,0,1,226.636,0.09301,0.15,586,31.3894,2.22912,0.41496
1426,180,15,15,44,0,1,0,0,99.822,0.09286,0.15,586,31.3894,2.24877,0.41496
1427,106,10,10,25,0,1,0,0,50.005,0.0927,0.15,586,31.3894,2.56384,0.41496
1428,211,13,13,35,0,1,0,0,78.652,0.09255,0.15,586,31.3894,1.76594,0.41496
1429,400,28,28,68,0,0,0,1,224.018,0.0924,0.15,587,31.3894,1.7905,0.41511
1430,69,8,8,22,0,1,0,0,29.369,0.09224,0.15,587,31.3894,2.92792,0.41511
1431,70,4,4,22,0,1,0,0,17.595,0.09209,0.15,587,31.3894,2.41401,0.41511
1432,25,1,1,8,0,1,0,0,-17.378,0.09194,0.15,587,31.3894,3.34234,0.41511
1433,44,6,6,12,0,1,0,0,12.701,0.09178,0.15,587,31.3894,1.94251,0.41511
1434,400,34,34,62,0,0,0,1,242.274,0.09163,0.15,587,31.3894,1.90552,0.41511
1435,88,9,9,24,0,1,0,0,37.204,0.09148,0.15,587,31.3894,2.94311,0.41511
1436,70,6,6,20,0,1,0,0,22.822,0.09132,0.15,587,31.3894,3.2303,0.41511
1437,44,2,2,14,0,1,0,0,-1.141,0.09117,0.15,587,31.3894,3.77484,0.41511
1438,223,17,17,44,0,1,0,0,96.396,0.09102,0.15,587,31.3894,2.05833,0.41567
1439,400,33,33,82,0,0,0,1,259.965,0.09087,0.15,587,31.3894,2.38889,0.41567
1440,133,14,14,41,0,1,0,0,79.187,0.09072,0.15,587,31.3894,2.38789,0.41567
1441,400,33,33,85,0,0,0,1,258.458,0.09057,0.15,587,31.3894,2.13284,0.41567
1442,164,18,18,47,0,1,0,0,105.135,0.09042,0.15,588,31.3894,2.19167,0.41525
1443,59,5,5,25,0,1,0,0,11.453,0.09027,0.15,588,31.3894,2.80193,0.41525
1444,121,13,13,33,0,1,0,0,69.053,0.09012,0.15,588,31.3894,2.51083,0.41525
1445,83,5,5,19,0,1,0,0,20.767,0.08997,0.15,588,31.3894,2.45265,0.41525
1446,161,12,12,30,0,1,0,0,66.468,0.08982,0.15,588,31.3894,1.58795,0.41525
1447,5,0,0,1,0,1,0,0,-28.304,0.08967,0.15,588,31.3894,13.76535,0.41525
1448,400,30,30,82,0,0,0,1,244.44,0.08952,0.15,588,31.3894,2.04876,0.41525
1449,400,26,26,73,0,0,0,1,216.375,0.08937,0.15,588,31.3894,2.03956,0.41525
1450,84,7,7,21,0,1,0,0,33.903,0.08922,0.15,588,31.3894,2.40396,0.41525
1451,400,35,35,94,0,0,0,1,269.434,0.08907,0.15,588,31.3894,2.32971,0.41553
1452,46,3,3,15,0,1,0,0,1.891,0.08892,0.15,588,31.3894,2.98199,0.41553
1453,400,42,42,98,0,0,0,1,277.578,0.08877,0.15,588,31.3894,2.3868,0.41553
1454,76,9,9,15,0,1,0,0,26.136,0.08863,0.15,588,31.3894,2.60421,0.41553
1455,332,34,34,88,0,1,0,0,216.593,0.08848,0.15,588,31.3894,2.40426,0.41553
1456,13,0,0,4,0,1,0,0,-24.173,0.08833,0.15,588,31.3894,7.55735,0.41553
1457,305,32,32,78,0,1,0,0,197.274,0.08818,0.15,588,31.3894,2.37453,0.41553
1458,209,20,20,52,0,1,0,0,117.095,0.08804,0.15,588,31.3894,2.29974,0.41553
1459,114,14,14,42,0,1,0,0,75.675,0.08789,0.15,588,31.3894,2.82037,0.41553
1460,50,6,6,15,0,1,0,0,10.25,0.08774,0.15,588,31.3894,3.13209,0.41553
1461,17,1,1,5,0,1,0,0,-18.841,0.0876,0.15,588,31.3894,4.83839,0.41553
1462,5,0,0,3,0,1,0,0,-33.808,0.08745,0.15,588,31.3894,2.28034,0.41553
1463,186,17,17,47,0,1,0,0,101.49,0.08731,0.15,588,31.3894,2.454,0.41553
1464,400,43,43,95,0,0,0,1,301.533,0.08716,0.15,588,31.3894,2.23799,0.41553
1465,270,8,8,22,0,1,0,0,67.887,0.08702,0.15,588,31.3894,1.38591,0.41553
1466,106,9,9,27,0,1,0,0,43.423,0.08687,0.15,588,31.3894,2.9294,0.41553
1467,130,9,9,20,0,1,0,0,33.06,0.08673,0.15,588,31.3894,3.05159,0.41553
1468,344,28,28,85,0,1,0,0,185.395,0.08658,0.15,588,31.3894,2.53534,0.41553
1469,5,0,0,3,0,1,0,0,-33.008,0.08644,0.15,588,31.3894,1.54743,0.41553
1470,15,1,1,6,0,1,0,0,-16.847,0.08629,0.15,588,31.3894,4.15378,0.41553
1471,400,22,22,56,0,0,0,1,189.303,0.08615,0.15,590,31.3894,1.91105,0.41525
1472,37,2,2,10,0,1,0,0,-6.101,0.08601,0.15,590,31.3894,1.80174,0.41525
1473,80,8,8,16,0,1,0,0,26.375,0.08586,0.15,590,31.3894,2.17313,0.41525
1474,191,24,24,51,0,1,0,0,134.313,0.08572,0.15,590,31.3894,2.38419,0.41525
1475,364,36,36,89,0,1,0,0,238.697,0.08558,0.15,592,31.3894,2.83737,0.41498
1476,47,3,3,13,0,1,0,0,4.186,0.08543,0.15,592,31.3894,2.86087,0.41498
1477,143,13,13,50,0,1,0,0,86.874,0.08529,0.15,592,31.3894,2.43848,0.41498
1478,400,41,41,108,0,0,0,1,329.001,0.08515,0.15,592,31.3894,2.18858,0.41526
1479,288,26,26,73,0,1,0,0,187.222,0.08501,0.15,593,31.3894,2.50052,0.41512
1480,72,9,9,25,0,1,0,0,36.793,0.08487,0.15,593,31.3894,3.38142,0.4154
1481,136,12,12,38,0,1,0,0,69.602,0.08473,0.15,593,31.3894,2.53999,0.4154
1482,163,16,16,42,0,1,0,0,90.34,0.08458,0.15,593,31.3894,2.40869,0.4154
1483,7,0,0,5,0,1,0,0,-23.848,0.08444,0.15,593,31.3894,6.33977,0.4154
1484,81,6,6,18,0,1,0,0,14.014,0.0843,0.15,593,31.3894,2.99694,0.4154
1485,47,7,7,15,0,1,0,0,13.036,0.08416,0.15,593,31.3894,3.90874,0.4154
1486,400,29,29,84,0,0,0,1,245.645,0.08402,0.15,593,31.3894,2.56522,0.4154
1487,177,17,17,49,0,1,0,0,103.228,0.08388,0.15,593,31.3894,2.64952,0.41568
1488,33,4,4,9,0,1,0,0,-0.906,0.08374,0.15,593,31.3894,3.02526,0.41568
1489,222,23,23,58,0,1,0,0,149.589,0.0836,0.15,593,31.3894,2.44548,0.41568
1490,137,12,12,31,0,1,0,0,61.024,0.08346,0.15,593,31.3894,2.3853,0.41596
1491,17,2,2,8,0,1,0,0,-13.777,0.08333,0.15,593,31.3894,5.77454,0.41596
1492,24,3,3,8,0,1,0,0,-7.353,0.08319,0.15,593,31.3894,2.7675,0.41596
1493,162,11,11,35,0,1,0,0,64.668,0.08305,0.15,593,31.3894,2.49117,0.41596
1494,203,26,26,54,0,1,0,0,142.522,0.08291,0.15,593,31.3894,2.67047,0.41596
1495,32,3,3,10,0,1,0,0,-8.927,0.08277,0.15,593,31.3894,4.02531,0.41596
1496,132,18,18,30,0,1,0,0,77.82,0.08263,0.15,593,31.3894,2.50704,0.41596
1497,228,20,20,45,0,1,0,0,121.452,0.0825,0.15,593,31.3894,1.81222,0.41596
1498,400,24,24,56,0,0,0,1,208.289,0.08236,0.15,594,31.3894,1.57034,0.41554
1499,373,18,18,61,0,1,0,0,154.239,0.08222,0.15,594,31.3894,1.38395,0.41554
1500,16,3,3,4,0,1,0,0,-17.149,0.08208,0.15,594,31.3894,6.15025,0.41554
1501,400,30,30,77,0,0,0,1,255.635,0.08195,0.15,594,31.3894,1.66176,0.41554
1502,251,24,24,59,0,1,0,0,145.8,0.08181,0.15,594,31.3894,2.40562,0.41582
1503,400,24,24,61,0,0,0,1,188.053,0.08168,0.15,594,31.3894,1.82702,0.41582
1504,81,8,8,19,0,1,0,0,25.718,0.08154,0.15,594,31.3894,2.32365,0.41582
1505,400,32,32,89,0,0,0,1,269.052,0.0814,0.15,594,31.3894,1.77223,0.41582
1506,199,25,25,51,0,1,0,0,144.638,0.08127,0.15,594,31.3894,2.17341,0.41611
1507,99,8,8,31,0,1,0,0,43.183,0.08113,0.15,594,31.3894,2.45657,0.41639
1508,400,36,36,76,0,0,0,1,264.433,0.081,0.15,594,31.3894,1.71151,0.41639
1509,400,25,25,68,0,0,0,1,216.535,0.08086,0.15,595,31.3894,1.91227,0.41597
1510,57,5,5,10,0,1,0,0,11.454,0.08073,0.15,595,31.3894,2.53863,0.41597
1511,43,3,3,14,0,1,0,0,4.412,0.08059,0.15,595,31.3894,2.6343,0.41597
1512,106,10,10,34,0,1,0,0,44.043,0.08046,0.15,595,31.3894,2.69439,0.41597
1513,273,21,21,60,0,1,0,0,138.617,0.08033,0.15,595,31.3894,2.00695,0.41625
1514,400,22,22,61,0,0,0,1,198.341,0.08019,0.15,595,31.3894,1.74538,0.41625
1515,24,2,2,8,0,1,0,0,-14.055,0.08006,0.15,595,31.3894,3.16745,0.41625
1516,161,17,17,40,0,1,0,0,93.284,0.07992,0.15,595,31.3894,2.42457,0.41625
1517,5,0,0,1,0,1,0,0,-28.704,0.07979,0.15,595,31.3894,13.5194,0.41625
1518,400,27,27,85,0,0,0,1,223.56,0.07966,0.15,595,31.3894,2.30876,0.41625
1519,46,3,3,16,0,1,0,0,-0.988,0.07953,0.15,595,31.3894,3.33549,0.41625
1520,104,8,8,20,0,1,0,0,22.612,0.07939,0.15,595,31.3894,2.08999,0.41625
1521,400,13,13,42,0,0,0,1,139.466,0.07926,0.15,595,31.3894,1.58391,0.41625
1522,225,8,8,28,0,1,0,0,43.933,0.07913,0.15,595,31.3894,2.30223,0.41625
1523,400,24,24,58,0,0,0,1,197.171,0.079,0.15,595,31.3894,1.96333,0.41625
1524,53,1,1,11,0,1,0,0,-8.568,0.07887,0.15,595,31.3894,2.98224,0.41625
1525,248,23,23,44,0,1,0,0,126.372,0.07874,0.15,595,31.3894,2.78758,0.41625
1526,280,16,16,43,0,1,0,0,104.452,0.0786,0.15,595,31.3894,2.66915,0.41625
1527,400,23,23,58,0,0,0,1,213.579,0.07847,0.15,595,31.3894,1.4943,0.41625
1528,5,0,0,3,0,1,0,0,-29.706,0.07834,0.15,595,31.3894,4.92556,0.41625
1529,400,28,28,79,0,0,0,1,239.627,0.07821,0.15,595,31.3894,1.87685,0.41653
1530,5,0,0,3,0,1,0,0,-33.408,0.07808,0.15,595,31.3894,2.29138,0.41653
1531,186,15,15,46,0,1,0,0,87.321,0.07795,0.15,595,31.3894,2.47466,0.41653
1532,13,0,0,6,0,1,0,0,-20.898,0.07782,0.15,595,31.3894,4.48982,0.41653
1533,375,37,37,87,0,1,0,0,243.656,0.07769,0.15,595,31.3894,2.31183,0.41681
1534,176,12,12,31,0,1,0,0,71.371,0.07756,0.15,595,31.3894,2.36434,0.41681
1535,400,41,41,96,0,0,0,1,303.741,0.07743,0.15,595,31.3894,2.34485,0.41681
1536,93,7,7,31,0,1,0,0,31.284,0.0773,0.15,595,31.3894,2.462,0.41681
1537,39,5,5,11,0,1,0,0,5.368,0.07718,0.15,595,31.3894,2.03119,0.41681
1538,276,27,27,71,0,1,0,0,178.086,0.07705,0.15,595,31.3894,2.42482,0.41681
1539,261,32,32,76,0,1,0,0,195.295,0.07692,0.15,595,31.3894,2.882,0.41681
1540,100,10,10,26,0,1,0,0,46.035,0.07679,0.15,595,31.3894,2.39759,0.41681
1541,345,33,33,79,0,1,0,0,228.454,0.07666,0.15,595,31.3894,2.22589,0.41681
1542,19,1,1,5,0,1,0,0,-17.572,0.07654,0.15,595,31.3894,4.14081,0.41681
1543,400,37,37,81,0,0,0,1,283.262,0.07641,0.15,596,31.3894,2.26876,0.41695
1544,400,42,42,101,0,0,0,1,310.003,0.07628,0.15,596,31.3894,2.2542,0.41695
1545,274,25,25,61,0,1,0,0,157.635,0.07615,0.15,596,31.3894,2.56918,0.41695
1546,206,24,24,61,0,1,0,0,141.828,0.07603,0.15,596,31.3894,2.40063,0.41695
1547,7,0,0,5,0,1,0,0,-26.746,0.0759,0.15,596,31.3894,6.18132,0.41695
1548,400,37,37,100,0,0,0,1,305.497,0.07577,0.15,596,31.3894,2.18712,0.41695
1549,209,19,19,53,0,1,0,0,120.214,0.07565,0.15,597,31.3894,1.93301,0.41653
1550,53,3,3,13,0,1,0,0,-1.614,0.07552,0.15,597,31.3894,3.11034,0.41653
1551,19,1,1,8,0,1,0,0,-16.253,0.0754,0.15,597,31.3894,4.05012,0.41653
1552,38,5,5,14,0,1,0,0,3.384,0.07527,0.15,597,31.3894,3.37146,0.41653
1553,7,0,0,5,0,1,0,0,-23.448,0.07515,0.15,597,31.3894,6.2077,0.41653
1554,134,9,9,33,0,1,0,0,52.967,0.07502,0.15,597,31.3894,2.52079,0.41653
1555,400,29,29,75,0,0,0,1,243.118,0.0749,0.15,597,31.3894,1.99231,0.41653
1556,87,7,7,25,0,1,0,0,26.485,0.07477,0.15,597,31.3894,2.66987,0.41653
1557,53,6,6,20,0,1,0,0,16.579,0.07465,0.15,597,31.3894,3.24546,0.41653
1558,16,1,1,6,0,1,0,0,-16.265,0.07452,0.15,597,31.3894,3.80202,0.41653
1559,5,0,0,1,0,1,0,0,-29.946,0.0744,0.15,597,31.3894,9.68175,0.41653
1560,20,2,2,9,0,1,0,0,-10.397,0.07427,0.15,597,31.3894,3.54658,0.41653
1561,161,21,21,40,0,1,0,0,115.464,0.07415,0.15,597,31.3894,2.44694,0.41653
1562,43,4,4,15,0,1,0,0,4.859,0.07403,0.15,597,31.3894,3.79245,0.41681
1563,400,39,39,83,0,0,0,1,289.327,0.0739,0.15,597,31.3894,2.30042,0.41681
1564,80,11,11,25,0,1,0,0,42.49,0.07378,0.15,597,31.3894,3.89315,0.41681
1565,89,8,8,25,0,1,0,0,38.73,0.07366,0.15,597,31.3894,2.54761,0.41681
1566,400,38,38,99,0,0,0,1,297.227,0.07353,0.15,597,31.3894,2.25019,0.41681
1567,231,26,26,60,0,1,0,0,153.11,0.07341,0.15,597,31.3894,2.22727,0.41681
1568,40,2,2,11,0,1,0,0,-3.417,0.07329,0.15,597,31.3894,3.61507,0.41681
1569,400,25,25,65,0,0,0,1,220.979,0.07317,0.15,597,31.3894,1.82836,0.41709
1570,400,30,30,77,0,0,0,1,259.271,0.07305,0.15,597,31.3894,1.76579,0.41709
1571,210,16,16,42,0,1,0,0,98.892,0.07292,0.15,597,31.3894,2.53276,0.41709
1572,400,35,35,87,0,0,0,1,281.542,0.0728,0.15,597,31.3894,2.14428,0.41709
1573,400,32,32,75,0,0,0,1,259.973,0.07268,0.15,598,31.3894,2.14597,0.41667
1574,400,33,33,82,0,0,0,1,258.823,0.07256,0.15,598,31.3894,2.16182,0.41667
1575,52,4,4,9,0,1,0,0,-3.161,0.07244,0.15,598,31.3894,4.39672,0.41667
1576,89,9,9,30,0,1,0,0,38.316,0.07232,0.15,598,31.3894,3.2176,0.41667
1577,54,4,4,20,0,1,0,0,15.118,0.0722,0.15,598,31.3894,3.05021,0.41667
1578,400,33,33,96,0,0,0,1,276.899,0.07208,0.15,598,31.3894,2.13757,0.41667
1579,40,4,4,13,0,1,0,0,3.557,0.07196,0.15,598,31.3894,3.14748,0.41667
1580,400,40,40,102,0,0,0,1,300.971,0.07184,0.15,598,31.3894,2.1662,0.41667
1581,96,10,10,26,0,1,0,0,50.168,0.07172,0.15,598,31.3894,2.93847,0.41667
1582,121,13,13,33,0,1,0,0,61.525,0.0716,0.15,598,31.3894,2.72925,0.41667
1583,14,0,0,3,0,1,0,0,-28.421,0.07148,0.15,598,31.3894,5.82473,0.41667
1584,104,11,11,27,0,1,0,0,49.597,0.07136,0.15,598,31.3894,2.90096,0.41695
1585,136,12,12,31,0,1,0,0,68.375,0.07124,0.15,598,31.3894,2.15311,0.41695
1586,400,23,23,64,0,0,0,1,197.763,0.07112,0.15,598,31.3894,2.28855,0.41695
1587,400,35,35,89,0,0,0,1,277.509,0.07101,0.15,598,31.3894,1.85881,0.41695
1588,400,37,37,86,0,0,0,1,277.472,0.07089,0.15,598,31.3894,2.522,0.41695
1589,56,5,5,21,0,1,0,0,14.833,0.07077,0.15,598,31.3894,2.53151,0.41695
1590,28,2,2,4,0,1,0,0,-17.395,0.07065,0.15,598,31.3894,5.24872,0.41695
1591,19,0,0,3,0,1,0,0,-32.68,0.07053,0.15,598,31.3894,2.00777,0.41695
1592,400,39,39,87,0,0,0,1,288.925,0.07042,0.15,598,31.3894,2.46308,0.41695
1593,334,32,32,83,0,1,0,0,221.012,0.0703,0.15,598,31.3894,2.21511,0.41695
1594,208,11,11,30,0,1,0,0,51.542,0.07018,0.15,598,31.3894,2.49158,0.41695
1595,13,0,0,5,0,1,0,0,-25.373,0.07006,0.15,598,31.3894,8.71693,0.41695
1596,18,1,1,6,0,1,0,0,-18.711,0.06995,0.15,598,31.3894,4.99742,0.41695
1597,6,0,0,1,0,1,0,0,-26.456,0.06983,0.15,598,31.3894,2.14557,0.41695
1598,25,1,1,6,0,1,0,0,-17.102,0.06972,0.15,598,31.3894,4.47663,0.41695
1599,240,25,25,55,0,1,0,0,150.573,0.0696,0.15,598,31.3894,2.4895,0.41695
1600,13,0,0,3,0,1,0,0,-24.773,0.06948,0.15,598,31.3894,6.13351,0.41695
1601,400,37,37,95,0,0,0,1,289.497,0.06937,0.15,598,31.3894,2.47003,0.41695
1602,400,14,14,37,0,0,0,1,142.139,0.06925,0.15,598,31.3894,1.88496,0.41695
1603,381,33,33,90,0,1,0,0,227.069,0.06914,0.15,598,31.3894,2.57967,0.41695
1604,131,15,15,37,0,1,0,0,72.868,0.06902,0.15,598,31.3894,2.42095,0.41695
1605,400,31,31,95,0,0,0,1,260.301,0.06891,0.15,598,31.3894,2.39563,0.41722
1606,400,19,19,57,0,0,0,1,187.964,0.06879,0.15,598,31.3894,2.06317,0.41722
1607,325,24,24,71,0,1,0,0,172.778,0.06868,0.15,598,31.3894,2.25132,0.41722
1608,400,34,34,86,0,0,0,1,274.155,0.06856,0.15,598,31.3894,2.20729,0.41722
1609,205,11,11,30,0,1,0,0,65.435,0.06845,0.15,598,31.3894,2.44762,0.41722
1610,400,32,32,69,0,0,0,1,246.415,0.06833,0.15,598,31.3894,2.20031,0.41722
1611,126,8,8,28,0,1,0,0,47.05,0.06822,0.15,598,31.3894,2.26419,0.41722
1612,400,36,36,92,0,0,0,1,293.946,0.06811,0.15,598,31.3894,2.05893,0.41722
1613,319,26,26,71,0,1,0,0,174.694,0.06799,0.15,598,31.3894,2.66443,0.41722
1614,75,6,6,23,0,1,0,0,26.252,0.06788,0.15,598,31.3894,2.80891,0.41722
1615,27,1,1,7,0,1,0,0,-14.307,0.06777,0.15,598,31.3894,3.3159,0.41722
1616,162,15,15,40,0,1,0,0,90.599,0.06766,0.15,598,31.3894,2.30713,0.41722
1617,190,15,15,38,0,1,0,0,91.707,0.06754,0.15,598,31.3894,2.31297,0.41722
1618,387,25,25,65,0,1,0,0,178.809,0.06743,0.15,598,31.3894,2.29122,0.41722
1619,74,7,7,15,0,1,0,0,21.354,0.06732,0.15,598,31.3894,3.20685,0.41722
1620,158,16,16,41,0,1,0,0,94.062,0.06721,0.15,598,31.3894,2.42103,0.41722
1621,400,16,16,49,0,0,0,1,158.144,0.06709,0.15,598,31.3894,2.11368,0.41722
1622,13,0,0,5,0,1,0,0,-23.173,0.06698,0.15,598,31.3894,5.82622,0.41722
1623,20,0,0,7,0,1,0,0,-18.661,0.06687,0.15,598,31.3894,3.62798,0.41722
1624,147,7,7,17,0,1,0,0,24.621,0.06676,0.15,598,31.3894,1.63523,0.41722
1625,400,24,24,62,0,0,0,1,185.717,0.06665,0.15,598,31.3894,1.96653,0.41722
1626,217,14,14,38,0,1,0,0,81.58,0.06654,0.15,598,31.3894,2.11415,0.41722
1627,310,20,20,50,0,1,0,0,128.632,0.06643,0.15,598,31.3894,2.10676,0.41722
1628,5,0,0,4,0,1,0,0,-33.208,0.06632,0.15,598,31.3894,1.6513,0.41722
1629,291,12,12,39,0,1,0,0,96.431,0.0662,0.15,598,31.3894,1.12486,0.41722
1630,69,3,3,15,0,1,0,0,5.279,0.06609,0.15,598,31.3894,2.39405,0.41722
1631,5,0,0,2,0,1,0,0,-26.054,0.06598,0.15,598,31.3894,9.00638,0.41722
1632,400,19,19,44,0,0,0,1,172.398,0.06587,0.15,598,31.3894,1.51757,0.41722
1633,302,15,15,41,0,1,0,0,107.369,0.06577,0.15,598,31.3894,1.65381,0.41722
1634,191,11,11,31,0,1,0,0,75.107,0.06566,0.15,598,31.3894,1.56848,0.41722
1635,400,21,21,47,0,0,0,1,186.413,0.06555,0.15,598,31.3894,1.537,0.41722
1636,257,19,19,53,0,1,0,0,130.701,0.06544,0.15,598,31.3894,1.55542,0.41722
1637,185,20,20,58,0,1,0,0,125.858,0.06533,0.15,598,31.3894,2.53959,0.41722
1638,46,3,3,12,0,1,0,0,-1.763,0.06522,0.15,598,31.3894,2.62245,0.41722
1639,105,9,9,27,0,1,0,0,48.564,0.06511,0.15,598,31.3894,2.38935,0.41722
1640,307,30,30,80,0,1,0,0,205.227,0.065,0.15,598,31.3894,2.21195,0.41722
1641,280,18,18,58,0,1,0,0,139.433,0.06489,0.15,598,31.3894,1.79724,0.41722
1642,400,21,21,51,0,0,0,1,180.102,0.06479,0.15,598,31.3894,2.13667,0.41722
1643,400,31,31,65,0,0,0,1,243.242,0.06468,0.15,598,31.3894,1.97914,0.41722
1644,400,40,40,92,0,0,0,1,305.782,0.06457,0.15,598,31.3894,2.09834,0.41722
1645,400,26,26,61,0,0,0,1,208.714,0.06446,0.15,598,31.3894,2.51198,0.41722
1646,271,20,20,45,0,1,0,0,114.003,0.06436,0.15,599,31.3894,2.54358,0.41708
1647,202,10,10,29,0,1,0,0,59.126,0.06425,0.15,599,31.3894,1.73892,0.41708
1648,227,18,18,45,0,1,0,0,114.807,0.06414,0.15,599,31.3894,2.36929,0.41708
1649,169,16,16,41,0,1,0,0,92.191,0.06403,0.15,599,31.3894,2.55377,0.41708
1650,44,4,4,11,0,1,0,0,5.055,0.06393,0.15,599,31.3894,2.87255,0.41708
1651,85,6,6,22,0,1,0,0,25.366,0.06382,0.15,599,31.3894,2.8708,0.41708
1652,17,1,1,7,0,1,0,0,-17.377,0.06372,0.15,599,31.3894,5.20976,0.41708
1653,69,2,2,7,0,1,0,0,-9.122,0.06361,0.15,599,31.3894,2.55866,0.41708
1654,16,1,1,4,0,1,0,0,-20.039,0.0635,0.15,599,31.3894,4.57121,0.41708
1655,60,1,1,10,0,1,0,0,-9.66,0.0634,0.15,599,31.3894,2.36304,0.41708
1656,400,23,23,50,0,0,0,1,181.531,0.06329,0.15,599,31.3894,1.96238,0.41708
1657,28,2,2,4,0,1,0,0,-14.055,0.06319,0.15,599,31.3894,3.70376,0.41708
1658,128,7,7,16,0,1,0,0,26.69,0.06308,0.15,599,31.3894,2.24081,0.41708
1659,400,24,24,59,0,0,0,1,201.504,0.06298,0.15,599,31.3894,1.92122,0.41708
1660,100,7,7,16,0,1,0,0,25.523,0.06287,0.15,599,31.3894,2.49649,0.41708
1661,44,3,3,13,0,1,0,0,4.059,0.06277,0.15,599,31.3894,2.42617,0.41708
1662,400,29,29,79,0,0,0,1,240.531,0.06266,0.15,599,31.3894,2.31248,0.41708
1663,400,36,36,84,0,0,0,1,275.837,0.06256,0.15,599,31.3894,2.32809,0.41708
1664,33,3,3,8,0,1,0,0,-4.096,0.06245,0.15,599,31.3894,3.16788,0.41708
1665,159,12,12,32,0,1,0,0,67.487,0.06235,0.15,600,31.3894,2.5523,0.41667
1666,292,19,19,44,0,1,0,0,127.049,0.06225,0.15,600,31.3894,1.49688,0.41667
1667,45,6,6,22,0,1,0,0,16.477,0.06214,0.15,600,31.3894,4.23752,0.41667
1668,400,36,36,82,0,0,0,1,277.389,0.06204,0.15,600,31.3894,2.10702,0.41667
1669,400,36,36,89,0,0,0,1,280.941,0.06194,0.15,600,31.3894,2.01354,0.41667
1670,274,31,31,75,0,1,0,0,199.648,0.06183,0.15,600,31.3894,2.46744,0.41667
1671,316,33,33,81,0,1,0,0,224.189,0.06173,0.15,600,31.3894,2.32293,0.41667
1672,17,2,2,9,0,1,0,0,-11.365,0.06163,0.15,600,31.3894,4.05284,0.41667
1673,400,35,35,99,0,0,0,1,292.523,0.06152,0.15,600,31.3894,2.37171,0.41667
1674,258,21,21,59,0,1,0,0,148.414,0.06142,0.15,600,31.3894,2.01923,0.41667
1675,210,24,24,57,0,1,0,0,146.666,0.06132,0.15,600,31.3894,2.21062,0.41667
1676,244,23,23,63,0,1,0,0,147.342,0.06122,0.15,600,31.3894,2.41212,0.41667
1677,400,36,36,100,0,0,0,1,288.786,0.06111,0.15,600,31.3894,1.87009,0.41667
1678,400,43,43,100,0,0,0,1,325.689,0.06101,0.15,600,31.3894,2.16336,0.41667
1679,309,31,31,75,0,1,0,0,213.636,0.06091,0.15,600,31.3894,2.41463,0.41667
1680,73,10,10,28,0,1,0,0,37.985,0.06081,0.15,600,31.3894,3.1821,0.41667
1681,13,0,0,3,0,1,0,0,-24.775,0.06071,0.15,600,31.3894,5.64717,0.41667
1682,66,6,6,19,0,1,0,0,11.604,0.06061,0.15,600,31.3894,2.82867,0.41667
1683,400,43,43,103,0,0,0,1,321.436,0.06051,0.15,600,31.3894,2.19607,0.41667
1684,400,45,45,112,0,0,0,1,348.9,0.06041,0.15,600,31.3894,2.30354,0.41667
1685,189,19,19,58,0,1,0,0,126.165,0.06031,0.15,600,31.3894,2.49834,0.41667
1686,122,14,14,29,0,1,0,0,69.888,0.0602,0.15,600,31.3894,2.66927,0.41667
1687,159,15,15,49,0,1,0,0,96.152,0.0601,0.15,600,31.3894,2.18337,0.41667
1688,31,3,3,9,0,1,0,0,-5.098,0.06,0.15,600,31.3894,2.4639,0.41667
1689,400,39,39,100,0,0,0,1,314.168,0.0599,0.15,600,31.3894,2.11782,0.41667
1690,13,0,0,4,0,1,0,0,-24.173,0.0598,0.15,600,31.3894,7.96984,0.41667
1691,400,37,37,104,0,0,0,1,293.825,0.05971,0.15,600,31.3894,2.0923,0.41667
1692,124,16,16,40,0,1,0,0,84.429,0.05961,0.15,600,31.3894,2.59662,0.41667
1693,58,4,4,18,0,1,0,0,10.613,0.05951,0.15,600,31.3894,2.73763,0.41667
1694,13,0,0,5,0,1,0,0,-23.573,0.05941,0.15,600,31.3894,7.34602,0.41667
1695,182,17,17,55,0,1,0,0,114.509,0.05931,0.15,600,31.3894,2.57238,0.41667
1696,273,29,29,82,0,1,0,0,196.958,0.05921,0.15,600,31.3894,2.41056,0.41667
1697,400,42,42,104,0,0,0,1,312.627,0.05911,0.15,600,31.3894,2.09316,0.41667
1698,400,45,45,103,0,0,0,1,322.262,0.05901,0.15,600,31.3894,2.47599,0.41667
1699,31,2,2,9,0,1,0,0,-9.113,0.05891,0.15,600,31.3894,3.62044,0.41667
1700,400,18,18,68,0,0,0,1,201.952,0.05882,0.15,600,31.3894,1.40479,0.41667
1701,143,20,20,42,0,1,0,0,108.317,0.05872,0.15,600,31.3894,2.28842,0.41667
1702,187,20,20,49,0,1,0,0,117.64,0.05862,0.15,600,31.3894,2.44406,0.41667
1703,156,14,14,42,0,1,0,0,82.576,0.05852,0.15,600,31.3894,2.31098,0.41667
1704,400,24,24,70,0,0,0,1,212.181,0.05843,0.15,600,31.3894,1.57058,0.41667
1705,141,17,17,45,0,1,0,0,93.185,0.05833,0.15,600,31.3894,2.34481,0.41667
1706,306,16,16,42,0,1,0,0,107.41,0.05823,0.15,600,31.3894,2.02123,0.41667
1707,400,22,22,57,0,0,0,1,189.688,0.05813,0.15,600,31.3894,2.04766,0.41694
1708,5,0,0,2,0,1,0,0,-26.454,0.05804,0.15,600,31.3894,9.6193,0.41694
1709,159,10,10,32,0,1,0,0,58.609,0.05794,0.15,600,31.3894,2.51154,0.41694
1710,400,27,27,73,0,0,0,1,239.887,0.05784,0.15,600,31.3894,2.15002,0.41694
1711,5,0,0,4,0,1,0,0,-32.408,0.05775,0.15,600,31.3894,1.14775,0.41694
1712,207,16,16,36,0,1,0,0,84.768,0.05765,0.15,600,31.3894,2.16482,0.41694
1713,6,0,0,1,0,1,0,0,-26.856,0.05756,0.15,600,31.3894,2.17272,0.41694
1714,400,33,33,71,0,0,0,1,263.168,0.05746,0.15,600,31.3894,1.50254,0.41694
1715,400,24,24,65,0,0,0,1,205.808,0.05736,0.15,600,31.3894,2.46732,0.41694
1716,69,4,4,23,0,1,0,0,16.803,0.05727,0.15,600,31.3894,3.06045,0.41694
1717,19,1,1,5,0,1,0,0,-18.169,0.05717,0.15,600,31.3894,4.73493,0.41694
1718,150,12,12,35,0,1,0,0,72.797,0.05708,0.15,600,31.3894,2.25671,0.41694
1719,304,21,21,48,0,1,0,0,143.805,0.05698,0.15,600,31.3894,2.16831,0.41694
1720,17,2,2,5,0,1,0,0,-15.955,0.05689,0.15,600,31.3894,3.33554,0.41694
1721,13,0,0,5,0,1,0,0,-24.973,0.05679,0.15,600,31.3894,8.88921,0.41694
1722,13,0,0,4,0,1,0,0,-26.373,0.0567,0.15,600,31.3894,8.88588,0.41694
1723,400,31,31,85,0,0,0,1,257.715,0.0566,0.15,600,31.3894,2.40796,0.41694
1724,51,1,1,14,0,1,0,0,-7.652,0.05651,0.15,600,31.3894,3.14931,0.41694
1725,172,16,16,46,0,1,0,0,102.467,0.05642,0.15,600,31.3894,2.50044,0.41694
1726,400,20,20,58,0,0,0,1,177.838,0.05632,0.15,600,31.3894,2.02872,0.41694
1727,400,13,13,37,0,0,0,1,119.747,0.05623,0.15,600,31.3894,1.81815,0.41694
1728,281,21,21,54,0,1,0,0,142.035,0.05613,0.15,600,31.3894,2.03013,0.41694
1729,400,39,39,90,0,0,0,1,291.384,0.05604,0.15,600,31.3894,2.1284,0.41694
1730,30,2,2,4,0,1,0,0,-20.105,0.05595,0.15,600,31.3894,4.01463,0.41694
1731,66,3,3,6,0,1,0,0,-7.033,0.05585,0.15,600,31.3894,3.09531,0.41694
1732,65,4,4,13,0,1,0,0,7.709,0.05576,0.15,600,31.3894,2.53938,0.41694
1733,400,29,29,71,0,0,0,1,226.038,0.05567,0.15,600,31.3894,2.35628,0.41694
1734,400,29,29,60,0,0,0,1,220.948,0.05558,0.15,600,31.3894,2.1479,0.41694
1735,37,1,1,6,0,1,0,0,-12.722,0.05548,0.15,600,31.3894,2.28472,0.41694
1736,259,17,17,42,0,1,0,0,107.611,0.05539,0.15,600,31.3894,2.32109,0.41694
1737,176,14,14,35,0,1,0,0,75.27,0.0553,0.15,600,31.3894,2.65759,0.41694
1738,5,0,0,4,0,1,0,0,-32.808,0.05521,0.15,600,31.3894,1.15741,0.41694
1739,17,1,1,5,0,1,0,0,-19.487,0.05512,0.15,600,31.3894,2.63502,0.41694
1740,400,22,22,53,0,0,0,1,175.758,0.05502,0.15,600,31.3894,1.74864,0.41694
1741,400,33,33,83,0,0,0,1,267.442,0.05493,0.15,600,31.3894,2.05548,0.41694
1742,400,38,38,97,0,0,0,1,293.556,0.05484,0.15,600,31.3894,1.90664,0.41694
1743,400,28,28,61,0,0,0,1,235.467,0.05475,0.15,600,31.3894,1.69456,0.41694
1744,400,32,32,80,0,0,0,1,248.09,0.05466,0.15,600,31.3894,1.86733,0.41694
1745,12,0,0,6,0,1,0,0,-22.502,0.05457,0.15,600,31.3894,8.40553,0.41694
1746,5,0,0,2,0,1,0,0,-34.404,0.05448,0.15,600,31.3894,4.96345,0.41694
1747,21,2,2,5,0,1,0,0,-14.559,0.05439,0.15,600,31.3894,3.3778,0.41694
1748,16,0,0,5,0,1,0,0,-23.121,0.05429,0.15,600,31.3894,6.81221,0.41694
1749,400,37,37,92,0,0,0,1,289.506,0.0542,0.15,600,31.3894,2.25076,0.41694
1750,126,14,14,37,0,1,0,0,74.131,0.05411,0.15,600,31.3894,2.38836,0.41694
1751,311,28,28,86,0,1,0,0,207.292,0.05402,0.15,600,31.3894,2.31287,0.41694
1752,330,33,33,84,0,1,0,0,216.164,0.05393,0.15,601,31.3894,2.43188,0.41653
1753,5,0,0,2,0,1,0,0,-33.606,0.05384,0.15,601,31.3894,1.35518,0.41653
1754,5,0,0,4,0,1,0,0,-32.806,0.05375,0.15,601,31.3894,0.73441,0.41653
1755,400,43,43,108,0,0,0,1,326.797,0.05366,0.15,601,31.3894,1.99897,0.41653
1756,251,24,24,62,0,1,0,0,160.299,0.05358,0.15,601,31.3894,2.3624,0.41653
1757,400,43,43,110,0,0,0,1,338.152,0.05349,0.15,601,31.3894,2.0833,0.41653
1758,36,3,3,9,0,1,0,0,-5.414,0.0534,0.15,601,31.3894,3.5343,0.41653
1759,85,11,11,34,0,1,0,0,47.983,0.05331,0.15,601,31.3894,3.31275,0.41653
1760,400,24,24,56,0,0,0,1,184.193,0.05322,0.15,601,31.3894,2.0083,0.41653
1761,190,25,25,70,0,1,0,0,153.253,0.05313,0.15,601,31.3894,2.6274,0.41653
1762,165,11,11,51,0,1,0,0,90.683,0.05304,0.15,601,31.3894,2.15958,0.41653
1763,91,10,10,29,0,1,0,0,45.683,0.05295,0.15,601,31.3894,2.86247,0.41653
1764,7,0,0,4,0,1,0,0,-24.448,0.05287,0.15,601,31.3894,6.08073,0.41653
1765,62,5,5,15,0,1,0,0,8.1,0.05278,0.15,601,31.3894,2.97238,0.41653
1766,31,4,4,9,0,1,0,0,-5.529,0.05269,0.15,601,31.3894,3.78478,0.41653
1767,400,37,37,96,0,0,0,1,294.679,0.0526,0.15,601,31.3894,2.21229,0.41653
1768,400,35,35,89,0,0,0,1,284.816,0.05251,0.15,601,31.3894,2.18928,0.41653
1769,400,36,36,92,0,0,0,1,285.863,0.05243,0.15,601,31.3894,1.90405,0.41653
1770,400,33,33,95,0,0,0,1,278.502,0.05234,0.15,601,31.3894,1.79484,0.41653
1771,227,23,23,75,0,1,0,0,161.047,0.05225,0.15,601,31.3894,2.11565,0.41653
1772,13,0,0,4,0,1,0,0,-25.973,0.05217,0.15,601,31.3894,9.12575,0.41653
1773,400,39,39,97,0,0,0,1,307.292,0.05208,0.15,601,31.3894,1.92959,0.41653
1774,400,43,43,99,0,0,0,1,323.36,0.05199,0.15,601,31.3894,2.07097,0.41653
1775,139,14,14,37,0,1,0,0,79.063,0.05191,0.15,601,31.3894,2.11336,0.41653
1776,66,7,7,21,0,1,0,0,29.544,0.05182,0.15,601,31.3894,2.19409,0.41653
1777,352,33,33,96,0,1,0,0,238.247,0.05173,0.15,601,31.3894,2.02268,0.41653
1778,400,37,37,90,0,0,0,1,291.85,0.05165,0.15,601,31.3894,1.94622,0.41653
1779,71,7,7,18,0,1,0,0,22.796,0.05156,0.15,601,31.3894,2.5109,0.41653
1780,400,36,36,94,0,0,0,1,279.321,0.05147,0.15,601,31.3894,2.13888,0.41653
1781,400,38,38,99,0,0,0,1,300.941,0.05139,0.15,601,31.3894,2.03631,0.41653
1782,400,36,36,97,0,0,0,1,292.745,0.0513,0.15,601,31.3894,1.96527,0.41653
1783,400,42,42,105,0,0,0,1,325.503,0.05122,0.15,601,31.3894,2.04381,0.41653
1784,26,2,2,10,0,1,0,0,-11.684,0.05113,0.15,601,31.3894,3.9861,0.41653
1785,400,39,39,90,0,0,0,1,299.786,0.05105,0.15,601,31.3894,2.19339,0.41653
1786,400,38,38,104,0,0,0,1,313.205,0.05096,0.15,601,31.3894,2.053,0.41653
1787,338,36,36,89,0,1,0,0,247.128,0.05088,0.15,601,31.3894,2.26448,0.41653
1788,400,36,36,82,0,0,0,1,281.194,0.05079,0.15,601,31.3894,2.22797,0.41681
1789,400,40,40,102,0,0,0,1,308.918,0.05071,0.15,601,31.3894,2.30966,0.41681
1790,62,6,6,19,0,1,0,0,18.165,0.05062,0.15,601,31.3894,3.73807,0.41681
1791,400,39,39,84,0,0,0,1,296.051,0.05054,0.15,601,31.3894,1.91037,0.41681
1792,400,38,38,93,0,0,0,1,297.267,0.05046,0.15,601,31.3894,1.96491,0.41681
1793,118,11,11,31,0,1,0,0,57.389,0.05037,0.15,601,31.3894,2.56061,0.41681
1794,400,39,39,95,0,0,0,1,301.638,0.05029,0.15,601,31.3894,1.94645,0.41681
1795,400,28,28,78,0,0,0,1,244.613,0.0502,0.15,601,31.3894,1.9051,0.41681
1796,400,41,41,102,0,0,0,1,308.743,0.05012,0.15,601,31.3894,2.18953,0.41681
1797,101,14,14,32,0,1,0,0,63.079,0.05004,0.15,601,31.3894,2.69841,0.41681
1798,93,7,7,31,0,1,0,0,39.99,0.05,0.15,601,31.3894,3.06903,0.41681
1799,72,8,8,24,0,1,0,0,32.54,0.05,0.15,601,31.3894,2.85884,0.41681
1800,400,45,45,113,0,0,0,1,339.514,0.05,0.15,601,31.3894,2.36513,0.41681
1801,29,2,2,13,0,1,0,0,-8.354,0.05,0.15,601,31.3894,4.95348,0.41681
1802,217,19,19,59,0,1,0,0,129.443,0.05,0.15,602,31.3894,2.68962,0.41667
1803,59,5,5,20,0,1,0,0,16.123,0.05,0.15,602,31.3894,3.32261,0.41667
1804,400,33,33,85,0,0,0,1,267.984,0.05,0.15,602,31.3894,2.05149,0.41667
1805,400,45,45,104,0,0,0,1,345.33,0.05,0.15,602,31.3894,2.11133,0.41667
1806,237,31,31,62,0,1,0,0,181.471,0.05,0.15,602,31.3894,2.54816,0.41667
1807,17,1,1,7,0,1,0,0,-15.991,0.05,0.15,602,31.3894,4.09311,0.41667
1808,400,39,39,90,0,0,0,1,295.569,0.05,0.15,602,31.3894,2.23625,0.41667
1809,65,5,5,14,0,1,0,0,9.832,0.05,0.15,602,31.3894,3.48208,0.41667
1810,36,3,3,10,0,1,0,0,-0.482,0.05,0.15,602,31.3894,2.70765,0.41667
1811,400,37,37,92,0,0,0,1,288.368,0.05,0.15,602,31.3894,1.9695,0.41667
1812,5,0,0,2,0,1,0,0,-28.104,0.05,0.15,602,31.3894,13.67566,0.41667
1813,64,4,4,15,0,1,0,0,7.908,0.05,0.15,602,31.3894,2.76968,0.41667
1814,327,26,26,74,0,1,0,0,192.856,0.05,0.15,602,31.3894,2.16889,0.41667
1815,5,0,0,3,0,1,0,0,-33.402,0.05,0.15,602,31.3894,7.41776,0.41667
1816,87,7,7,23,0,1,0,0,31.437,0.05,0.15,602,31.3894,2.8796,0.41667
1817,222,18,18,44,0,1,0,0,94.863,0.05,0.15,602,31.3894,2.19216,0.41667
1818,400,27,27,64,0,0,0,1,237.781,0.05,0.15,602,31.3894,1.79801,0.41667
1819,54,3,3,12,0,1,0,0,1.235,0.05,0.15,602,31.3894,3.44845,0.41667
1820,400,40,40,98,0,0,0,1,310.855,0.05,0.15,602,31.3894,2.30543,0.41667
1821,188,21,21,48,0,1,0,0,122.243,0.05,0.15,602,31.3894,2.44307,0.41722
1822,310,41,41,92,0,1,0,0,258.176,0.05,0.15,602,31.3894,2.58155,0.41722
1823,163,20,20,42,0,1,0,0,112.771,0.05,0.15,602,31.3894,2.81523,0.41722
1824,400,44,44,98,0,0,0,1,326.403,0.05,0.15,602,31.3894,2.72362,0.41722
1825,400,38,38,96,0,0,0,1,295.257,0.05,0.15,602,31.3894,2.25769,0.41722
1826,132,14,14,36,0,1,0,0,69.192,0.05,0.15,602,31.3894,2.8388,0.41722
1827,110,12,12,32,0,1,0,0,59.404,0.05,0.15,602,31.3894,2.69926,0.41722
1828,400,28,28,77,0,0,0,1,250.297,0.05,0.15,602,31.3894,1.52997,0.41722
1829,400,21,21,62,0,0,0,1,197.86,0.05,0.15,602,31.3894,1.99436,0.41722
1830,42,7,7,11,0,1,0,0,12.346,0.05,0.15,602,31.3894,3.53676,0.41722
1831,400,26,26,66,0,0,0,1,209.419,0.05,0.15,602,31.3894,2.79491,0.41722
1832,13,0,0,4,0,1,0,0,-22.519,0.05,0.15,602,31.3894,5.56295,0.41722
1833,400,27,27,87,0,0,0,1,245.29,0.05,0.15,602,31.3894,2.45083,0.41722
1834,400,27,27,69,0,0,0,1,224.166,0.05,0.15,602,31.3894,2.12845,0.41722
1835,400,31,31,66,0,0,0,1,236.631,0.05,0.15,602,31.3894,2.35222,0.41722
1836,33,2,2,6,0,1,0,0,-10.791,0.05,0.15,602,31.3894,5.37815,0.4175
1837,400,40,40,82,0,0,0,1,293.978,0.05,0.15,602,31.3894,2.54482,0.4175
1838,400,29,29,69,0,0,0,1,231.422,0.05,0.15,602,31.3894,2.35291,0.4175
1839,35,1,1,8,0,1,0,0,-10.509,0.05,0.15,602,31.3894,2.84246,0.4175
1840,350,27,27,66,0,1,0,0,185.899,0.05,0.15,602,31.3894,2.06518,0.4175
1841,400,28,28,66,0,0,0,1,239.612,0.05,0.15,602,31.3894,1.86952,0.4175
1842,400,21,21,54,0,0,0,1,178.612,0.05,0.15,602,31.3894,2.45153,0.4175
1843,400,31,31,80,0,0,0,1,235.308,0.05,0.15,602,31.3894,2.37283,0.4175
1844,400,20,20,57,0,0,0,1,181.643,0.05,0.15,602,31.3894,1.54149,0.4175
1845,232,10,10,34,0,1,0,0,76.003,0.05,0.15,602,31.3894,1.85985,0.4175
1846,400,26,26,73,0,0,0,1,201.775,0.05,0.15,602,31.3894,2.18406,0.4175
1847,400,19,19,52,0,0,0,1,177.999,0.05,0.15,602,31.3894,2.16626,0.4175
1848,5,0,0,3,0,1,0,0,-30.504,0.05,0.15,602,31.3894,4.92758,0.4175
1849,188,13,13,28,0,1,0,0,66.794,0.05,0.15,602,31.3894,2.26911,0.4175
1850,75,5,5,13,0,1,0,0,11.955,0.05,0.15,602,31.3894,3.02236,0.4175
1851,400,26,26,60,0,0,0,1,201.835,0.05,0.15,602,31.3894,1.93125,0.4175
1852,32,2,2,10,0,1,0,0,-6.575,0.05,0.15,602,31.3894,3.39793,0.4175
1853,18,2,2,6,0,1,0,0,-16.277,0.05,0.15,602,31.3894,5.48801,0.4175
1854,86,6,6,14,0,1,0,0,16.249,0.05,0.15,602,31.3894,2.30068,0.4175
1855,149,13,13,23,0,1,0,0,56.664,0.05,0.15,602,31.3894,2.54762,0.4175
1856,29,2,2,10,0,1,0,0,-9.408,0.05,0.15,602,31.3894,4.00326,0.4175
1857,400,31,31,76,0,0,0,1,237.022,0.05,0.15,602,31.3894,2.28141,0.4175
1858,140,13,13,39,0,1,0,0,79.132,0.05,0.15,602,31.3894,2.69736,0.4175
1859,56,6,6,16,0,1,0,0,16.11,0.05,0.15,602,31.3894,2.04437,0.4175
1860,65,3,3,5,0,1,0,0,-5.053,0.05,0.15,602,31.3894,3.82488,0.4175
1861,284,17,17,44,0,1,0,0,102.314,0.05,0.15,602,31.3894,2.23102,0.4175
1862,171,8,8,27,0,1,0,0,37.129,0.05,0.15,602,31.3894,1.92874,0.4175
1863,308,20,20,63,0,1,0,0,145.337,0.05,0.15,602,31.3894,2.37602,0.4175
1864,13,0,0,4,0,1,0,0,-29.171,0.05,0.15,602,31.3894,9.25967,0.4175
1865,247,13,13,42,0,1,0,0,82.502,0.05,0.15,602,31.3894,2.09672,0.4175
1866,71,4,4,17,0,1,0,0,9.045,0.05,0.15,602,31.3894,2.81125,0.4175
1867,24,1,1,4,0,1,0,0,-19.22,0.05,0.15,602,31.3894,3.97923,0.4175
1868,75,4,4,13,0,1,0,0,14.153,0.05,0.15,602,31.3894,2.51194,0.4175
1869,204,7,7,19,0,1,0,0,43.335,0.05,0.15,602,31.3894,1.55396,0.4175
1870,400,18,18,44,0,0,0,1,165.166,0.05,0.15,603,31.3894,1.21633,0.41708
1871,25,2,2,8,0,1,0,0,-12.297,0.05,0.15,603,31.3894,4.00082,0.41708
1872,31,1,1,7,0,1,0,0,-16.251,0.05,0.15,603,31.3894,2.68758,0.41708
1873,72,5,5,15,0,1,0,0,10.152,0.05,0.15,603,31.3894,2.04022,0.41708
1874,17,1,1,3,0,1,0,0,-23.906,0.05,0.15,603,31.3894,5.24357,0.41736
1875,17,0,0,3,0,1,0,0,-30.994,0.05,0.15,603,31.3894,2.54206,0.41736
1876,52,2,2,6,0,1,0,0,-12.359,0.05,0.15,603,31.3894,2.93821,0.41736
1877,101,3,3,15,0,1,0,0,11.778,0.05,0.15,603,31.3894,1.51572,0.41736
1878,400,9,9,25,0,0,0,1,120.461,0.05,0.15,603,31.3894,0.70676,0.41736
1879,231,5,5,14,0,1,0,0,18.866,0.05,0.15,603,31.3894,0.52692,0.41736
1880,5,0,0,3,0,1,0,0,-32.606,0.05,0.15,603,31.3894,1.23834,0.41736
1881,289,3,3,9,0,1,0,0,43.613,0.05,0.15,603,31.3894,0.4215,0.41736
1882,400,16,16,43,0,0,0,1,141.515,0.05,0.15,603,31.3894,1.44832,0.41763
1883,241,11,11,28,0,1,0,0,62.324,0.05,0.15,603,31.3894,2.02745,0.41763
1884,194,17,17,45,0,1,0,0,103.807,0.05,0.15,603,31.3894,2.20735,0.41763
1885,315,16,16,42,0,1,0,0,119.781,0.05,0.15,603,31.3894,1.72975,0.41763
1886,343,16,16,51,0,1,0,0,136.261,0.05,0.15,603,31.3894,1.74496,0.41763
1887,5,0,0,2,0,1,0,0,-28.654,0.05,0.15,603,31.3894,9.97573,0.41763
1888,171,13,13,40,0,1,0,0,86.957,0.05,0.15,603,31.3894,1.73507,0.41763
1889,108,13,13,33,0,1,0,0,61.975,0.05,0.15,603,31.3894,2.92256,0.41763
1890,400,23,23,47,0,0,0,1,188.75,0.05,0.15,603,31.3894,1.45011,0.41763
1891,199,17,17,46,0,1,0,0,103.882,0.05,0.15,603,31.3894,2.62057,0.41763
1892,384,36,36,93,0,1,0,0,247.785,0.05,0.15,603,31.3894,2.28391,0.41763
1893,400,33,33,70,0,0,0,1,264.346,0.05,0.15,603,31.3894,1.65653,0.41763
1894,39,3,3,15,0,1,0,0,2.204,0.05,0.15,603,31.3894,3.43849,0.41763
1895,400,19,19,56,0,0,0,1,185.627,0.05,0.15,603,31.3894,1.4372,0.41763
1896,13,0,0,3,0,1,0,0,-24.373,0.05,0.15,603,31.3894,6.52502,0.41763
1897,400,22,22,68,0,0,0,1,216.165,0.05,0.15,603,31.3894,1.69107,0.41763
1898,400,37,37,95,0,0,0,1,301.863,0.05,0.15,603,31.3894,1.98247,0.41763
1899,362,33,33,80,0,1,0,0,217.555,0.05,0.15,603,31.3894,2.39391,0.41763
1900,152,17,17,49,0,1,0,0,103.904,0.05,0.15,603,31.3894,2.66249,0.41763
1901,400,35,35,90,0,0,0,1,282.815,0.05,0.15,603,31.3894,2.41855,0.41763
1902,400,31,31,67,0,0,0,1,247.394,0.05,0.15,603,31.3894,1.85628,0.41763
1903,145,17,17,34,0,1,0,0,92.383,0.05,0.15,603,31.3894,2.65884,0.41763
1904,60,7,7,17,0,1,0,0,19.922,0.05,0.15,603,31.3894,3.15241,0.41763
1905,245,19,19,49,0,1,0,0,111.315,0.05,0.15,603,31.3894,2.46375,0.41763
1906,361,32,32,89,0,1,0,0,224.735,0.05,0.15,603,31.3894,1.92445,0.41763
1907,61,7,7,23,0,1,0,0,27.519,0.05,0.15,603,31.3894,3.14318,0.41763
1908,22,1,1,6,0,1,0,0,-20.622,0.05,0.15,603,31.3894,4.82693,0.41763
1909,400,19,19,55,0,0,0,1,180.303,0.05,0.15,603,31.3894,1.84326,0.41763
1910,45,5,5,14,0,1,0,0,8.669,0.05,0.15,603,31.3894,3.69147,0.41763
1911,110,12,12,34,0,1,0,0,61.204,0.05,0.15,603,31.3894,2.81118,0.41763
1912,400,16,16,40,0,0,0,1,141.346,0.05,0.15,603,31.3894,2.1162,0.41763
1913,400,18,18,47,0,0,0,1,186.711,0.05,0.15,603,31.3894,1.2496,0.41763
1914,77,6,6,25,0,1,0,0,30.235,0.05,0.15,603,31.3894,2.27964,0.41763
1915,259,14,14,35,0,1,0,0,87.616,0.05,0.15,603,31.3894,2.10978,0.41763
1916,79,6,6,21,0,1,0,0,18.308,0.05,0.15,603,31.3894,3.20193,0.41763
1917,17,2,2,7,0,1,0,0,-16.015,0.05,0.15,603,31.3894,7.7111,0.41763
1918,231,16,16,40,0,1,0,0,91.944,0.05,0.15,603,31.3894,2.41853,0.41763
1919,219,23,23,55,0,1,0,0,144.316,0.05,0.15,603,31.3894,2.40191,0.41791
1920,400,27,27,67,0,0,0,1,217.288,0.05,0.15,603,31.3894,1.99401,0.41791
1921,400,23,23,60,0,0,0,1,189.662,0.05,0.15,603,31.3894,2.38191,0.41791
1922,5,0,0,4,0,1,0,0,-32.408,0.05,0.15,603,31.3894,2.01296,0.41791
1923,120,11,11,34,0,1,0,0,62.371,0.05,0.15,603,31.3894,3.18653,0.41791
1924,186,13,13,35,0,1,0,0,69.288,0.05,0.15,603,31.3894,2.43849,0.41791
1925,400,16,16,38,0,0,0,1,149.919,0.05,0.15,603,31.3894,1.55143,0.41791
1926,84,8,8,23,0,1,0,0,30.109,0.05,0.15,603,31.3894,2.71418,0.41791
1927,16,1,1,3,0,1,0,0,-23.939,0.05,0.15,603,31.3894,5.102,0.41791
1928,223,7,7,25,0,1,0,0,57.553,0.05,0.15,603,31.3894,1.08284,0.41791
1929,400,19,19,46,0,0,0,1,154.019,0.05,0.15,603,31.3894,2.07265,0.41791
1930,400,37,37,86,0,0,0,1,291.028,0.05,0.15,603,31.3894,2.222,0.41791
1931,118,9,9,28,0,1,0,0,43.5,0.05,0.15,603,31.3894,2.18878,0.41791
1932,184,20,20,42,0,1,0,0,99.853,0.05,0.15,603,31.3894,2.8603,0.41791
1933,18,2,2,7,0,1,0,0,-15.809,0.05,0.15,603,31.3894,5.9932,0.41791
1934,68,7,7,17,0,1,0,0,23.824,0.05,0.15,603,31.3894,3.2657,0.41791
1935,381,32,32,77,0,1,0,0,223.508,0.05,0.15,603,31.3894,2.20998,0.41791
1936,400,24,24,57,0,0,0,1,206.376,0.05,0.15,603,31.3894,2.01287,0.41791
1937,400,34,34,84,0,0,0,1,278.724,0.05,0.15,603,31.3894,2.06244,0.41791
1938,400,40,40,91,0,0,0,1,308.543,0.05,0.15,603,31.3894,2.19297,0.41791
1939,238,28,28,67,0,1,0,0,168.928,0.05,0.15,603,31.3894,2.7164,0.41791
1940,80,10,10,20,0,1,0,0,41.625,0.05,0.15,603,31.3894,2.66665,0.41791
1941,80,9,9,25,0,1,0,0,39.75,0.05,0.15,603,31.3894,2.97498,0.41791
1942,400,44,44,104,0,0,0,1,327.57,0.05,0.15,603,31.3894,2.18938,0.41791
1943,400,40,40,96,0,0,0,1,312.315,0.05,0.15,603,31.3894,1.95613,0.41791
1944,400,40,40,94,0,0,0,1,300.991,0.05,0.15,603,31.3894,2.01264,0.41791
1945,400,29,29,84,0,0,0,1,241.101,0.05,0.15,603,31.3894,2.23345,0.41791
1946,400,30,30,75,0,0,0,1,235.462,0.05,0.15,603,31.3894,2.04727,0.41791
1947,14,0,0,3,0,1,0,0,-25.121,0.05,0.15,603,31.3894,7.10412,0.41791
1948,107,13,13,31,0,1,0,0,58.397,0.05,0.15,603,31.3894,2.88072,0.41791
1949,147,10,10,27,0,1,0,0,52.148,0.05,0.15,603,31.3894,2.05231,0.41791
1950,400,40,40,104,0,0,0,1,307.187,0.05,0.15,603,31.3894,2.0875,0.41791
1951,155,19,19,48,0,1,0,0,104.035,0.05,0.15,603,31.3894,2.52908,0.41791
1952,334,18,18,56,0,1,0,0,117.399,0.05,0.15,603,31.3894,2.54071,0.41791
1953,400,29,29,75,0,0,0,1,226.71,0.05,0.15,603,31.3894,1.92966,0.41791
1954,17,1,1,6,0,1,0,0,-20.718,0.05,0.15,603,31.3894,8.42832,0.41791
1955,17,2,2,5,0,1,0,0,-17.375,0.05,0.15,603,31.3894,7.66307,0.41791
1956,225,22,22,49,0,1,0,0,129.587,0.05,0.15,603,31.3894,2.30735,0.41791
1957,71,5,5,21,0,1,0,0,9.879,0.05,0.15,603,31.3894,3.65366,0.41791
1958,35,1,1,7,0,1,0,0,-18.729,0.05,0.15,603,31.3894,3.59869,0.41791
1959,54,5,5,13,0,1,0,0,3.568,0.05,0.15,603,31.3894,3.88059,0.41791
1960,400,20,20,48,0,0,0,1,192.17,0.05,0.15,603,31.3894,1.52348,0.41791
1961,400,28,28,72,0,0,0,1,236.748,0.05,0.15,603,31.3894,1.80067,0.41791
1962,400,27,27,68,0,0,0,1,232.141,0.05,0.15,603,31.3894,2.04586,0.41791
1963,39,4,4,12,0,1,0,0,2.423,0.05,0.15,603,31.3894,3.70559,0.41791
1964,5,0,0,2,0,1,0,0,-27.706,0.05,0.15,603,31.3894,9.30635,0.41791
1965,96,12,12,24,0,1,0,0,52.943,0.05,0.15,603,31.3894,3.45567,0.41791
1966,400,34,34,92,0,0,0,1,277.049,0.05,0.15,603,31.3894,2.35114,0.41791
1967,400,33,33,81,0,0,0,1,254.33,0.05,0.15,603,31.3894,2.43489,0.41791
1968,5,0,0,2,0,1,0,0,-30.608,0.05,0.15,603,31.3894,8.08143,0.41791
1969,400,41,41,86,0,0,0,1,298.328,0.05,0.15,603,31.3894,2.54686,0.41791
1970,400,32,32,85,0,0,0,1,270.756,0.05,0.15,603,31.3894,2.23704,0.41791
1971,11,0,0,3,0,1,0,0,-30.192,0.05,0.15,603,31.3894,4.66329,0.41791
1972,400,42,42,108,0,0,0,1,321.826,0.05,0.15,603,31.3894,2.35214,0.41791
1973,400,34,34,69,0,0,0,1,255.768,0.05,0.15,603,31.3894,2.66366,0.41791
1974,21,0,0,4,0,1,0,0,-21.671,0.05,0.15,603,31.3894,4.43629,0.41791
1975,391,38,38,83,0,1,0,0,242.922,0.05,0.15,603,31.3894,2.5775,0.41791
1976,328,38,38,88,0,1,0,0,249.879,0.05,0.15,604,31.3894,2.73347,0.41749
1977,245,21,21,57,0,1,0,0,133.881,0.05,0.15,604,31.3894,2.83164,0.41749
1978,111,3,3,11,0,1,0,0,7.792,0.05,0.15,604,31.3894,3.21892,0.41749
1979,290,27,27,63,0,1,0,0,167.91,0.05,0.15,604,31.3894,2.46754,0.41749
1980,138,7,7,19,0,1,0,0,29.854,0.05,0.15,604,31.3894,2.65687,0.41749
1981,400,35,35,85,0,0,0,1,249.093,0.05,0.15,604,31.3894,2.73432,0.41749
1982,13,0,0,3,0,1,0,0,-24.769,0.05,0.15,604,31.3894,7.31195,0.41749
1983,85,6,6,20,0,1,0,0,25.397,0.05,0.15,604,31.3894,3.47293,0.41749
1984,94,4,4,9,0,1,0,0,11.686,0.05,0.15,604,31.3894,2.56963,0.41749
1985,400,27,27,66,0,0,0,1,229.422,0.05,0.15,604,31.3894,2.35854,0.41749
1986,400,27,27,63,0,0,0,1,219.237,0.05,0.15,604,31.3894,2.1545,0.41749
1987,42,5,5,9,0,1,0,0,4.911,0.05,0.15,604,31.3894,2.28793,0.41749
1988,28,1,1,7,0,1,0,0,-16.515,0.05,0.15,604,31.3894,2.52963,0.41749
1989,129,15,15,29,0,1,0,0,68.145,0.05,0.15,604,31.3894,2.46741,0.41749
1990,400,19,19,46,0,0,0,1,175.654,0.05,0.15,604,31.3894,2.05761,0.41749
1991,198,13,13,41,0,1,0,0,76.639,0.05,0.15,604,31.3894,2.15643,0.41749
1992,69,3,3,15,0,1,0,0,4.126,0.05,0.15,604,31.3894,2.30459,0.41749
1993,23,0,0,4,0,1,0,0,-24.053,0.05,0.15,604,31.3894,3.80329,0.41749
1994,16,2,2,4,0,1,0,0,-16.989,0.05,0.15,604,31.3894,3.76879,0.41749
1995,400,27,27,58,0,0,0,1,202.429,0.05,0.15,604,31.3894,1.98654,0.41749
1996,56,4,4,9,0,1,0,0,0.959,0.05,0.15,604,31.3894,2.80952,0.41777
1997,107,1,1,9,0,1,0,0,-8.952,0.05,0.15,604,31.3894,1.44759,0.41777
1998,5,0,0,2,0,1,0,0,-30.704,0.05,0.15,604,31.3894,4.12673,0.41777
1999,400,18,18,58,0,0,0,1,162.56,0.05,0.15,605,31.3894,2.05403,0.41736
2000,39,4,4,6,0,1,0,0,-6.787,0.05,0.15,605,31.3894,3.53728,0.41736
2001,73,2,2,12,0,1,0,0,-6.817,0.05,0.15,605,31.3894,1.88873,0.41736
2002,400,31,31,69,0,0,0,1,231.152,0.05,0.15,605,31.3894,2.06217,0.41736
2003,368,25,25,63,0,1,0,0,175.105,0.05,0.15,605,31.3894,2.25978,0.41736
2004,101,12,12,30,0,1,0,0,57.66,0.05,0.15,605,31.3894,2.65316,0.41736
2005,400,32,32,59,0,0,0,1,248.177,0.05,0.15,605,31.3894,2.20291,0.41736
2006,289,27,27,67,0,1,0,0,177.438,0.05,0.15,605,31.3894,2.32802,0.41736
2007,400,29,29,79,0,0,0,1,256.667,0.05,0.15,605,31.3894,1.90724,0.41736
2008,57,0,0,4,0,1,0,0,-22.354,0.05,0.15,605,31.3894,1.07874,0.41736
2009,13,0,0,3,0,1,0,0,-24.369,0.05,0.15,605,31.3894,6.63879,0.41736
2010,377,12,12,29,0,1,0,0,84.589,0.05,0.15,605,31.3894,2.2201,0.41736
2011,307,22,22,56,0,1,0,0,155.175,0.05,0.15,606,31.3894,2.55953,0.41722
2012,400,22,22,61,0,0,0,1,200.873,0.05,0.15,606,31.3894,2.06392,0.41749
2013,229,26,26,66,0,1,0,0,173.94,0.05,0.15,606,31.3894,2.50036,0.41749
2014,290,31,31,69,0,1,0,0,185.443,0.05,0.15,606,31.3894,2.66813,0.41749
2015,289,21,21,54,0,1,0,0,145.623,0.05,0.15,606,31.3894,2.31264,0.41749
2016,171,14,14,39,0,1,0,0,87.699,0.05,0.15,606,31.3894,2.39596,0.41749
2017,400,20,20,45,0,0,0,1,177.472,0.05,0.15,606,31.3894,1.77444,0.41749
2018,400,30,30,71,0,0,0,1,239.682,0.05,0.15,606,31.3894,2.24432,0.41749
2019,400,21,21,58,0,0,0,1,199.561,0.05,0.15,606,31.3894,1.47262,0.41749
2020,331,20,20,56,0,1,0,0,150.579,0.05,0.15,606,31.3894,1.89653,0.41749
2021,13,0,0,4,0,1,0,0,-24.173,0.05,0.15,606,31.3894,6.26696,0.41749
2022,13,0,0,3,0,1,0,0,-24.773,0.05,0.15,606,31.3894,5.5599,0.41749
2023,400,23,23,63,0,0,0,1,214.073,0.05,0.15,606,31.3894,1.71639,0.41749
2024,400,10,10,36,0,0,0,1,127.567,0.05,0.15,606,31.3894,1.3749,0.41749
2025,149,12,12,36,0,1,0,0,69.563,0.05,0.15,606,31.3894,2.5008,0.41749
2026,294,12,12,31,0,1,0,0,76.553,0.05,0.15,606,31.3894,1.80369,0.41749
2027,400,28,28,78,0,0,0,1,232.782,0.05,0.15,606,31.3894,2.07088,0.41749
2028,400,30,30,81,0,0,0,1,253.565,0.05,0.15,606,31.3894,2.06249,0.41749
2029,32,4,4,8,0,1,0,0,-0.121,0.05,0.15,606,31.3894,3.40975,0.41749
2030,400,41,41,91,0,0,0,1,307.22,0.05,0.15,606,31.3894,2.39046,0.41749
2031,400,26,26,70,0,0,0,1,220.197,0.05,0.15,606,31.3894,2.04054,0.41749
2032,400,20,20,50,0,0,0,1,182.672,0.05,0.15,606,31.3894,1.73104,0.41749
2033,116,10,10,30,0,1,0,0,56.127,0.05,0.15,606,31.3894,2.48426,0.41749
2034,400,28,28,74,0,0,0,1,244.179,0.05,0.15,606,31.3894,1.74801,0.41749
2035,400,32,32,85,0,0,0,1,276.169,0.05,0.15,606,31.3894,1.96259,0.41749
2036,400,23,23,55,0,0,0,1,222.238,0.05,0.15,606,31.3894,1.37959,0.41749
2037,75,9,9,27,0,1,0,0,41.665,0.05,0.15,606,31.3894,2.55842,0.41749
2038,247,22,22,49,0,1,0,0,130.473,0.05,0.15,606,31.3894,2.15102,0.41749
2039,133,7,7,17,0,1,0,0,34.74,0.05,0.15,606,31.3894,1.4702,0.41749
2040,166,12,12,31,0,1,0,0,65.543,0.05,0.15,606,31.3894,2.6091,0.41749
2041,50,4,4,18,0,1,0,0,11.8,0.05,0.15,606,31.3894,3.41695,0.41749
2042,116,13,13,27,0,1,0,0,64.506,0.05,0.15,606,31.3894,2.38258,0.41749
2043,48,4,4,12,0,1,0,0,1.613,0.05,0.15,606,31.3894,2.33542,0.41749
2044,339,8,8,30,0,1,0,0,63.059,0.05,0.15,606,31.3894,2.32134,0.41749
2045,295,27,27,53,0,1,0,0,168.066,0.05,0.15,606,31.3894,2.13502,0.41749
2046,179,18,18,55,0,1,0,0,114.27,0.05,0.15,606,31.3894,2.6952,0.41749
2047,49,3,3,8,0,1,0,0,-1.306,0.05,0.15,606,31.3894,2.94691,0.41749
2048,400,30,30,72,0,0,0,1,248.516,0.05,0.15,606,31.3894,1.60209,0.41749
2049,82,5,5,24,0,1,0,0,22.685,0.05,0.15,606,31.3894,3.51537,0.41749
2050,400,36,36,90,0,0,0,1,286.13,0.05,0.15,606,31.3894,2.37122,0.41749
2051,61,4,4,5,0,1,0,0,0.711,0.05,0.15,606,31.3894,3.12288,0.41749
2052,254,13,13,36,0,1,0,0,93.792,0.05,0.15,606,31.3894,1.58753,0.41749
2053,400,13,13,48,0,0,0,1,138.661,0.05,0.15,606,31.3894,1.91984,0.41749
2054,38,3,3,16,0,1,0,0,-2.463,0.05,0.15,606,31.3894,3.22848,0.41749
2055,5,0,0,2,0,1,0,0,-30.304,0.05,0.15,606,31.3894,3.98069,0.41749
2056,400,23,23,69,0,0,0,1,203.76,0.05,0.15,606,31.3894,2.12892,0.41749
2057,400,22,22,67,0,0,0,1,211.129,0.05,0.15,606,31.3894,1.80303,0.41749
2058,400,35,35,78,0,0,0,1,260.618,0.05,0.15,606,31.3894,2.19996,0.41749
2059,5,0,0,3,0,1,0,0,-33.406,0.05,0.15,606,31.3894,3.21453,0.41749
2060,400,31,31,85,0,0,0,1,262.613,0.05,0.15,606,31.3894,1.78652,0.41749
2061,7,0,0,4,0,1,0,0,-28.608,0.05,0.15,606,31.3894,9.03398,0.41749
2062,216,25,25,62,0,1,0,0,156.064,0.05,0.15,606,31.3894,2.44629,0.41749
2063,400,5,5,15,0,0,0,1,87.992,0.05,0.15,606,31.3894,1.16446,0.41749
2064,400,14,14,51,0,0,0,1,158.728,0.05,0.15,606,31.3894,1.88734,0.41749
2065,400,37,37,95,0,0,0,1,302.609,0.05,0.15,606,31.3894,2.0351,0.41749
2066,22,2,2,7,0,1,0,0,-13.115,0.05,0.15,606,31.3894,4.90958,0.41749
2067,400,20,20,56,0,0,0,1,173.034,0.05,0.15,606,31.3894,2.43704,0.41749
2068,192,20,20,54,0,1,0,0,119.924,0.05,0.15,607,31.3894,2.36087,0.41735
2069,400,37,37,103,0,0,0,1,303.024,0.05,0.15,607,31.3894,2.06428,0.41735
2070,195,25,25,50,0,1,0,0,143.221,0.05,0.15,607,31.3894,2.17526,0.41735
2071,400,42,42,105,0,0,0,1,326.166,0.05,0.15,607,31.3894,2.01988,0.41735
2072,123,12,12,37,0,1,0,0,63.843,0.05,0.15,607,31.3894,2.73759,0.41735
2073,400,35,35,80,0,0,0,1,271.042,0.05,0.15,607,31.3894,2.13102,0.41735
2074,270,32,32,81,0,1,0,0,205.015,0.05,0.15,607,31.3894,2.47493,0.41735
2075,400,26,26,69,0,0,0,1,219.569,0.05,0.15,607,31.3894,1.78948,0.41735
2076,400,37,37,95,0,0,0,1,296.618,0.05,0.15,607,31.3894,2.18214,0.41735
2077,400,35,35,91,0,0,0,1,284.068,0.05,0.15,607,31.3894,2.06919,0.41735
2078,167,14,14,29,0,1,0,0,64.745,0.05,0.15,607,31.3894,2.34349,0.41735
2079,114,12,12,35,0,1,0,0,69.143,0.05,0.15,607,31.3894,2.67285,0.41735
2080,400,32,32,75,0,0,0,1,252.289,0.05,0.15,607,31.3894,1.7741,0.41735
2081,400,36,36,94,0,0,0,1,297.991,0.05,0.15,607,31.3894,2.09351,0.41735
2082,59,6,6,21,0,1,0,0,21.406,0.05,0.15,607,31.3894,2.96835,0.41735
2083,149,17,17,39,0,1,0,0,94.449,0.05,0.15,607,31.3894,2.25636,0.41735
2084,5,0,0,3,0,1,0,0,-30.008,0.05,0.15,607,31.3894,8.48189,0.41735
2085,181,17,17,46,0,1,0,0,102.227,0.05,0.15,607,31.3894,2.17464,0.41735
2086,400,21,21,54,0,0,0,1,198.025,0.05,0.15,607,31.3894,1.58132,0.41735
2087,400,38,38,98,0,0,0,1,303.933,0.05,0.15,607,31.3894,1.84886,0.41735
2088,400,43,43,104,0,0,0,1,330.188,0.05,0.15,607,31.3894,2.05283,0.41735
2089,400,38,38,101,0,0,0,1,295.849,0.05,0.15,607,31.3894,2.05573,0.41735
2090,70,6,6,19,0,1,0,0,18.649,0.05,0.15,607,31.3894,3.02106,0.41735
2091,164,25,25,54,0,1,0,0,137.351,0.05,0.15,607,31.3894,2.5942,0.41735
2092,400,43,43,101,0,0,0,1,319.084,0.05,0.15,607,31.3894,2.21941,0.41735
2093,400,41,41,109,0,0,0,1,326.275,0.05,0.15,607,31.3894,1.98709,0.41735
2094,59,4,4,22,0,1,0,0,9.591,0.05,0.15,607,31.3894,3.39139,0.41735
2095,400,41,41,96,0,0,0,1,313.755,0.05,0.15,607,31.3894,1.96469,0.41735
2096,103,9,9,32,0,1,0,0,47.343,0.05,0.15,607,31.3894,2.80119,0.41735
2097,400,38,38,99,0,0,0,1,293.059,0.05,0.15,607,31.3894,2.04514,0.41735
2098,107,13,13,31,0,1,0,0,62.965,0.05,0.15,607,31.3894,2.29417,0.41735
2099,321,30,30,79,0,1,0,0,212.601,0.05,0.15,607,31.3894,2.37644,0.41763
2100,59,6,6,16,0,1,0,0,14.896,0.05,0.15,607,31.3894,3.16516,0.41763
2101,29,2,2,12,0,1,0,0,-10.358,0.05,0.15,607,31.3894,3.32972,0.41763
2102,26,1,1,7,0,1,0,0,-14.671,0.05,0.15,607,31.3894,3.27577,0.41763
2103,203,22,22,64,0,1,0,0,145.358,0.05,0.15,607,31.3894,2.24976,0.41763
2104,153,15,15,43,0,1,0,0,91.241,0.05,0.15,607,31.3894,2.37569,0.41763
2105,400,28,28,88,0,0,0,1,254.479,0.05,0.15,607,31.3894,1.90271,0.41763
2106,103,12,12,35,0,1,0,0,60.379,0.05,0.15,607,31.3894,2.7755,0.41763
2107,400,23,23,62,0,0,0,1,204.895,0.05,0.15,607,31.3894,2.00438,0.41763
2108,60,6,6,12,0,1,0,0,13.453,0.05,0.15,607,31.3894,3.36107,0.41763
2109,400,31,31,70,0,0,0,1,246.446,0.05,0.15,607,31.3894,2.17328,0.41763
2110,115,7,7,28,0,1,0,0,44.445,0.05,0.15,607,31.3894,2.11411,0.41763
2111,400,40,40,104,0,0,0,1,314.993,0.05,0.15,607,31.3894,1.98434,0.41763
2112,340,34,34,82,0,1,0,0,241.42,0.05,0.15,607,31.3894,2.00843,0.41763
2113,400,28,28,72,0,0,0,1,231.762,0.05,0.15,607,31.3894,1.93905,0.41763
2114,50,6,6,17,0,1,0,0,16.273,0.05,0.15,607,31.3894,3.42362,0.41763
2115,150,9,9,32,0,1,0,0,33.126,0.05,0.15,607,31.3894,3.62698,0.41763
2116,400,23,23,65,0,0,0,1,203.3,0.05,0.15,607,31.3894,1.87447,0.41763
2117,15,1,1,6,0,1,0,0,-20.545,0.05,0.15,607,31.3894,4.74571,0.41763
2118,163,15,15,37,0,1,0,0,81.637,0.05,0.15,607,31.3894,2.70689,0.41763
2119,17,2,2,6,0,1,0,0,-17.879,0.05,0.15,607,31.3894,5.65084,0.41763
2120,22,2,2,8,0,1,0,0,-12.879,0.05,0.15,607,31.3894,4.0713,0.41763
2121,92,3,3,9,0,1,0,0,2.99,0.05,0.15,607,31.3894,1.7669,0.41763
2122,400,37,37,84,0,0,0,1,276.932,0.05,0.15,607,31.3894,2.11133,0.41763
2123,400,38,38,89,0,0,0,1,302.833,0.05,0.15,607,31.3894,2.14372,0.41763
2124,400,46,46,103,0,0,0,1,333.127,0.05,0.15,607,31.3894,2.34597,0.41763
2125,400,38,38,89,0,0,0,1,295.496,0.05,0.15,607,31.3894,2.10886,0.41763
2126,171,23,23,52,0,1,0,0,127.685,0.05,0.15,607,31.3894,2.5643,0.41763
2127,400,20,20,50,0,0,0,1,194.598,0.05,0.15,607,31.3894,1.38106,0.41763
2128,400,32,32,77,0,0,0,1,257.096,0.05,0.15,607,31.3894,2.65338,0.41763
2129,5,0,0,3,0,1,0,0,-30.104,0.05,0.15,607,31.3894,3.80518,0.41763
2130,400,27,27,69,0,0,0,1,230.623,0.05,0.15,607,31.3894,2.25935,0.41763
2131,165,16,16,42,0,1,0,0,93.579,0.05,0.15,607,31.3894,2.45505,0.4179
2132,17,2,2,8,0,1,0,0,-13.757,0.05,0.15,607,31.3894,5.5937,0.4179
2133,13,0,0,4,0,1,0,0,-22.923,0.05,0.15,607,31.3894,5.35236,0.4179
2134,63,5,5,13,0,1,0,0,14.841,0.05,0.15,607,31.3894,2.23476,0.4179
2135,330,22,22,56,0,1,0,0,147.158,0.05,0.15,607,31.3894,2.4627,0.4179
2136,99,10,10,24,0,1,0,0,45.089,0.05,0.15,607,31.3894,2.62868,0.4179
2137,57,4,4,13,0,1,0,0,8.211,0.05,0.15,607,31.3894,3.05578,0.4179
2138,109,11,11,31,0,1,0,0,55.897,0.05,0.15,607,31.3894,2.82832,0.4179
2139,400,29,29,68,0,0,0,1,244.736,0.05,0.15,607,31.3894,1.42665,0.4179
2140,400,29,29,76,0,0,0,1,252.517,0.05,0.15,607,31.3894,1.70997,0.4179
2141,125,11,11,23,0,1,0,0,53.374,0.05,0.15,607,31.3894,1.92873,0.4179
2142,400,41,41,97,0,0,0,1,317.518,0.05,0.15,607,31.3894,2.1659,0.4179
2143,297,27,27,78,0,1,0,0,192.131,0.05,0.15,607,31.3894,2.43156,0.4179
2144,13,0,0,5,0,1,0,0,-23.973,0.05,0.15,607,31.3894,7.14113,0.4179
2145,400,41,41,95,0,0,0,1,314.486,0.05,0.15,607,31.3894,2.21435,0.4179
2146,103,13,13,39,0,1,0,0,70.753,0.05,0.15,607,31.3894,2.49428,0.4179
2147,264,27,27,79,0,1,0,0,190.33,0.05,0.15,607,31.3894,2.43144,0.4179
2148,400,36,36,92,0,0,0,1,289.31,0.05,0.15,607,31.3894,2.38838,0.4179
2149,400,42,42,103,0,0,0,1,316.976,0.05,0.15,607,31.3894,2.40766,0.4179
2150,279,28,28,72,0,1,0,0,192.963,0.05,0.15,607,31.3894,2.33807,0.4179
2151,400,41,41,104,0,0,0,1,322.331,0.05,0.15,607,31.3894,2.12573,0.4179
2152,124,11,11,43,0,1,0,0,71.244,0.05,0.15,607,31.3894,2.83128,0.4179
2153,80,7,7,24,0,1,0,0,34.653,0.05,0.15,607,31.3894,2.5249,0.4179
2154,400,39,39,99,0,0,0,1,314.818,0.05,0.15,607,31.3894,2.05859,0.4179
2155,32,6,6,14,0,1,0,0,7.706,0.05,0.15,607,31.3894,4.21794,0.4179
2156,13,0,0,5,0,1,0,0,-22.323,0.05,0.15,607,31.3894,5.91017,0.4179
2157,193,23,23,65,0,1,0,0,146.158,0.05,0.15,607,31.3894,2.49131,0.4179
2158,400,35,35,85,0,0,0,1,269.549,0.05,0.15,607,31.3894,2.26452,0.4179
2159,400,40,40,100,0,0,0,1,299.955,0.05,0.15,607,31.3894,2.41398,0.41818
2160,70,6,6,21,0,1,0,0,19.945,0.05,0.15,607,31.3894,3.36264,0.41818
2161,400,40,40,112,0,0,0,1,323.909,0.05,0.15,607,31.3894,2.27724,0.41818
2162,303,28,28,78,0,1,0,0,194.75,0.05,0.15,607,31.3894,2.40965,0.41818
2163,355,27,27,78,0,1,0,0,204.252,0.05,0.15,607,31.3894,2.14997,0.41818
2164,17,1,1,7,0,1,0,0,-18.777,0.05,0.15,607,31.3894,6.86115,0.41818
2165,400,33,33,93,0,0,0,1,287.061,0.05,0.15,607,31.3894,2.20441,0.41818
2166,400,40,40,95,0,0,0,1,313.472,0.05,0.15,607,31.3894,1.91448,0.41818
2167,400,43,43,105,0,0,0,1,328.942,0.05,0.15,607,31.3894,1.92178,0.41818
2168,400,44,44,110,0,0,0,1,332.605,0.05,0.15,607,31.3894,2.27135,0.41818
2169,124,11,11,38,0,1,0,0,66.991,0.05,0.15,607,31.3894,2.67737,0.41818
2170,228,20,20,57,0,1,0,0,140.65,0.05,0.15,607,31.3894,2.09482,0.41818
2171,166,17,17,47,0,1,0,0,99.289,0.05,0.15,607,31.3894,2.2155,0.41818
2172,85,9,9,30,0,1,0,0,47.802,0.05,0.15,607,31.3894,2.4653,0.41818
2173,184,20,20,59,0,1,0,0,131.176,0.05,0.15,607,31.3894,2.31773,0.41818
2174,400,24,24,70,0,0,0,1,228.367,0.05,0.15,607,31.3894,2.34208,0.41818
2175,400,32,32,80,0,0,0,1,256.727,0.05,0.15,607,31.3894,2.0535,0.41818
2176,17,2,2,8,0,1,0,0,-13.357,0.05,0.15,607,31.3894,5.45688,0.41818
2177,400,39,39,93,0,0,0,1,308.519,0.05,0.15,607,31.3894,2.01637,0.41818
2178,391,35,35,102,0,1,0,0,254.806,0.05,0.15,607,31.3894,2.23538,0.41845
2179,396,40,40,97,0,1,0,0,273.292,0.05,0.15,607,31.3894,2.17533,0.41845
2180,160,8,8,37,0,1,0,0,55.984,0.05,0.15,607,31.3894,2.28463,0.41845
2181,400,40,40,93,0,0,0,1,306.423,0.05,0.15,607,31.3894,2.07099,0.41845
2182,400,44,44,104,0,0,0,1,330.582,0.05,0.15,607,31.3894,2.12873,0.41845
2183,56,10,10,22,0,1,0,0,35.132,0.05,0.15,607,31.3894,3.55866,0.41845
2184,226,25,25,70,0,1,0,0,161.851,0.05,0.15,607,31.3894,2.45216,0.41845
2185,400,42,42,103,0,0,0,1,323.976,0.05,0.15,607,31.3894,1.98022,0.41845
2186,173,23,23,48,0,1,0,0,130.5,0.05,0.15,607,31.3894,2.13513,0.41845
2187,152,16,16,46,0,1,0,0,100.42,0.05,0.15,607,31.3894,2.34733,0.41845
2188,47,3,3,12,0,1,0,0,3.629,0.05,0.15,607,31.3894,3.46308,0.41845
2189,400,41,41,104,0,0,0,1,329.269,0.05,0.15,607,31.3894,2.28262,0.41845
2190,400,42,42,96,0,0,0,1,306.099,0.05,0.15,607,31.3894,2.20884,0.41845
2191,400,42,42,103,0,0,0,1,317.167,0.05,0.15,607,31.3894,2.20468,0.41845
2192,400,42,42,95,0,0,0,1,313.933,0.05,0.15,607,31.3894,2.04727,0.41845
2193,37,5,5,15,0,1,0,0,9.421,0.05,0.15,607,31.3894,3.03392,0.41845
2194,7,0,0,6,0,1,0,0,-22.848,0.05,0.15,607,31.3894,6.68033,0.41845
2195,13,0,0,4,0,1,0,0,-25.573,0.05,0.15,607,31.3894,9.3842,0.41845
2196,65,6,6,19,0,1,0,0,20.54,0.05,0.15,607,31.3894,3.41386,0.41845
2197,400,40,40,97,0,0,0,1,309.698,0.05,0.15,607,31.3894,2.24749,0.41845
2198,400,36,36,99,0,0,0,1,298.354,0.05,0.15,607,31.3894,2.17331,0.41845
2199,124,13,13,43,0,1,0,0,78.025,0.05,0.15,607,31.3894,2.76933,0.41873
2200,9,0,0,5,0,1,0,0,-22.596,0.05,0.15,607,31.3894,5.10844,0.41873
2201,20,0,0,6,0,1,0,0,-19.711,0.05,0.15,607,31.3894,3.71928,0.419
2202,207,20,20,58,0,1,0,0,134.588,0.05,0.15,607,31.3894,2.41429,0.419
2203,231,22,22,57,0,1,0,0,138.24,0.05,0.15,607,31.3894,2.70683,0.419
2204,77,7,7,22,0,1,0,0,30.168,0.05,0.15,607,31.3894,2.7391,0.419
2205,24,1,1,6,0,1,0,0,-22.163,0.05,0.15,607,31.3894,6.43234,0.419
2206,17,3,3,8,0,1,0,0,-12.131,0.05,0.15,607,31.3894,7.77651,0.419
2207,251,28,28,76,0,1,0,0,179.275,0.05,0.15,607,31.3894,2.86653,0.419
2208,400,43,43,100,0,0,0,1,321.436,0.05,0.15,607,31.3894,1.78148,0.419
2209,400,32,32,83,0,0,0,1,259.885,0.05,0.15,607,31.3894,2.4469,0.419
2210,400,28,28,87,0,0,0,1,250.05,0.05,0.15,607,31.3894,2.33288,0.419
2211,324,23,23,63,0,1,0,0,157.352,0.05,0.15,607,31.3894,2.1657,0.419
2212,108,14,14,35,0,1,0,0,69.273,0.05,0.15,607,31.3894,2.7844,0.419
2213,400,36,36,96,0,0,0,1,281.357,0.05,0.15,607,31.3894,2.39646,0.419
2214,400,36,36,77,0,0,0,1,279.47,0.05,0.15,607,31.3894,2.35125,0.419
2215,367,37,37,90,0,1,0,0,253.422,0.05,0.15,607,31.3894,2.32003,0.419
2216,5,0,0,2,0,1,0,0,-30.704,0.05,0.15,607,31.3894,2.89039,0.419
2217,400,40,40,95,0,0,0,1,304.328,0.05,0.15,607,31.3894,2.20235,0.419
2218,400,33,33,91,0,0,0,1,276.504,0.05,0.15,607,31.3894,2.07773,0.419
2219,400,37,37,95,0,0,0,1,299.894,0.05,0.15,607,31.3894,1.97641,0.419
2220,59,3,3,18,0,1,0,0,8.306,0.05,0.15,607,31.3894,3.12512,0.419
2221,400,36,36,94,0,0,0,1,292.612,0.05,0.15,607,31.3894,2.19267,0.419
2222,64,5,5,22,0,1,0,0,20.289,0.05,0.15,607,31.3894,2.6918,0.419
2223,400,28,28,68,0,0,0,1,226.995,0.05,0.15,607,31.3894,2.23319,0.419
2224,400,27,27,55,0,0,0,1,197.894,0.05,0.15,607,31.3894,2.0691,0.419
2225,119,9,9,29,0,1,0,0,42.971,0.05,0.15,607,31.3894,2.42305,0.419
2226,80,8,8,22,0,1,0,0,34.9,0.05,0.15,607,31.3894,2.40922,0.419
2227,45,6,6,13,0,1,0,0,6.102,0.05,0.15,607,31.3894,3.74179,0.419
2228,5,0,0,3,0,1,0,0,-32.606,0.05,0.15,607,31.3894,3.1683,0.419
2229,5,0,0,2,0,1,0,0,-27.704,0.05,0.15,607,31.3894,14.48704,0.419
2230,400,30,30,79,0,0,0,1,247.23,0.05,0.15,607,31.3894,1.96367,0.419
2231,400,27,27,64,0,0,0,1,213.679,0.05,0.15,607,31.3894,2.20055,0.419
2232,15,0,0,5,0,1,0,0,-21.519,0.05,0.15,607,31.3894,4.18885,0.419
2233,17,1,1,7,0,1,0,0,-18.241,0.05,0.15,607,31.3894,7.09775,0.419
2234,400,16,16,53,0,0,0,1,147.397,0.05,0.15,607,31.3894,1.9424,0.419
2235,400,36,36,89,0,0,0,1,266.565,0.05,0.15,607,31.3894,2.0921,0.419
2236,400,42,42,103,0,0,0,1,302.938,0.05,0.15,607,31.3894,1.93526,0.419
2237,400,37,37,83,0,0,0,1,278.29,0.05,0.15,607,31.3894,2.23701,0.419
2238,400,37,37,92,0,0,0,1,279.929,0.05,0.15,607,31.3894,2.10003,0.419
2239,7,0,0,6,0,1,0,0,-23.248,0.05,0.15,607,31.3894,7.50614,0.419
2240,162,13,13,41,0,1,0,0,77.503,0.05,0.15,607,31.3894,2.43301,0.419
2241,400,31,31,71,0,0,0,1,231.133,0.05,0.15,607,31.3894,2.01677,0.419
2242,400,26,26,73,0,0,0,1,226.088,0.05,0.15,607,31.3894,1.94531,0.419
2243,390,31,31,81,0,1,0,0,218.234,0.05,0.15,607,31.3894,2.07777,0.419
2244,68,5,5,25,0,1,0,0,15.55,0.05,0.15,607,31.3894,3.50986,0.419
2245,391,29,29,79,0,1,0,0,206.307,0.05,0.15,607,31.3894,2.13178,0.419
2246,17,1,1,6,0,1,0,0,-19.377,0.05,0.15,607,31.3894,6.82928,0.419
2247,381,28,28,77,0,1,0,0,183.279,0.05,0.15,607,31.3894,2.2552,0.41928
2248,368,33,33,88,0,1,0,0,223.534,0.05,0.15,607,31.3894,2.11834,0.41928
2249,145,12,12,40,0,1,0,0,71.258,0.05,0.15,607,31.3894,2.59077,0.41928
2250,400,35,35,79,0,0,0,1,261.915,0.05,0.15,607,31.3894,1.89576,0.41928
2251,400,32,32,76,0,0,0,1,237.943,0.05,0.15,607,31.3894,2.0886,0.41928
2252,400,20,20,59,0,0,0,1,196.357,0.05,0.15,607,31.3894,1.6669,0.41928
2253,400,37,37,90,0,0,0,1,275.079,0.05,0.15,607,31.3894,2.61307,0.41928
2254,90,6,6,30,0,1,0,0,32.572,0.05,0.15,607,31.3894,3.02906,0.41928
2255,400,40,40,101,0,0,0,1,295.741,0.05,0.15,607,31.3894,2.63463,0.41928
2256,16,2,2,4,0,1,0,0,-19.393,0.05,0.15,607,31.3894,6.80428,0.41928
2257,90,5,5,24,0,1,0,0,21.152,0.05,0.15,608,31.3894,2.8702,0.41886
2258,166,15,15,39,0,1,0,0,82.187,0.05,0.15,608,31.3894,1.93838,0.41886
2259,276,29,29,65,0,1,0,0,168.718,0.05,0.15,608,31.3894,2.24433,0.41913
2260,400,34,34,86,0,0,0,1,281.166,0.05,0.15,608,31.3894,2.02631,0.41913
2261,400,37,37,93,0,0,0,1,280.936,0.05,0.15,608,31.3894,2.63634,0.41913
2262,400,35,35,91,0,0,0,1,270.274,0.05,0.15,608,31.3894,2.58073,0.41913
2263,71,3,3,17,0,1,0,0,4.475,0.05,0.15,608,31.3894,2.69915,0.41913
2264,400,28,28,69,0,0,0,1,227.994,0.05,0.15,608,31.3894,2.19413,0.41941
2265,316,21,21,64,0,1,0,0,162.45,0.05,0.15,608,31.3894,2.18078,0.41941
2266,400,24,24,57,0,0,0,1,191.218,0.05,0.15,608,31.3894,2.32408,0.41941
2267,400,34,34,89,0,0,0,1,273.953,0.05,0.15,608,31.3894,2.41033,0.41941
2268,400,36,36,91,0,0,0,1,283.789,0.05,0.15,608,31.3894,2.39417,0.41941
2269,59,4,4,23,0,1,0,0,16.417,0.05,0.15,608,31.3894,3.0173,0.41968
2270,400,41,41,93,0,0,0,1,307.651,0.05,0.15,608,31.3894,2.44383,0.41968
2271,267,27,27,62,0,1,0,0,167.811,0.05,0.15,608,31.3894,2.51621,0.41968
2272,362,34,34,86,0,1,0,0,223.079,0.05,0.15,608,31.3894,2.45695,0.41968
2273,18,3,3,7,0,1,0,0,-12.783,0.05,0.15,608,31.3894,7.28495,0.41968
2274,77,9,9,20,0,1,0,0,27.009,0.05,0.15,608,31.3894,3.28063,0.41968
2275,400,31,31,82,0,0,0,1,257.344,0.05,0.15,608,31.3894,2.29619,0.41968
2276,400,23,23,65,0,0,0,1,212.816,0.05,0.15,608,31.3894,2.20209,0.41968
2277,400,37,37,95,0,0,0,1,287.44,0.05,0.15,608,31.3894,2.32095,0.41996
2278,400,40,40,93,0,0,0,1,303.902,0.05,0.15,608,31.3894,2.33562,0.41996
2279,35,1,1,3,0,1,0,0,-17.951,0.05,0.15,608,31.3894,3.92428,0.41996
2280,400,33,33,77,0,0,0,1,265.427,0.05,0.15,608,31.3894,2.13739,0.42023
2281,400,26,26,77,0,0,0,1,235.971,0.05,0.15,608,31.3894,1.81353,0.42023
2282,241,18,18,59,0,1,0,0,129.497,0.05,0.15,608,31.3894,2.27954,0.42023
2283,60,2,2,5,0,1,0,0,-12.225,0.05,0.15,608,31.3894,2.84191,0.42023
2284,400,20,20,45,0,0,0,1,169.886,0.05,0.15,608,31.3894,1.64216,0.42023
2285,298,20,20,63,0,1,0,0,137.668,0.05,0.15,608,31.3894,1.70999,0.42023
2286,41,0,0,3,0,1,0,0,-29.582,0.05,0.15,608,31.3894,1.20241,0.42023
2287,135,18,18,35,0,1,0,0,82.443,0.05,0.15,608,31.3894,2.52597,0.42023
2288,135,15,15,33,0,1,0,0,72.392,0.05,0.15,609,31.3894,2.59517,0.42009
2289,96,1,1,4,0,1,0,0,-8.181,0.05,0.15,609,31.3894,1.90721,0.42009
2290,400,29,29,81,0,0,0,1,240.599,0.05,0.15,609,31.3894,2.4465,0.42009
2291,154,14,14,41,0,1,0,0,70.568,0.05,0.15,609,31.3894,2.51845,0.42009
2292,400,4,4,21,0,0,0,1,98.59,0.05,0.15,609,31.3894,1.52299,0.42009
2293,244,4,4,15,0,1,0,0,26.733,0.05,0.15,609,31.3894,1.73792,0.42009
2294,400,25,25,51,0,0,0,1,181.558,0.05,0.15,611,31.3894,2.11665,0.41926
2295,400,16,16,37,0,0,0,1,113.477,0.05,0.15,611,31.3894,1.89752,0.41953
2296,400,9,9,48,0,0,0,1,111.456,0.05,0.15,612,31.3894,1.82876,0.41912
2297,5,0,0,4,0,1,0,0,-32.806,0.05,0.15,612,31.3894,3.30262,0.41912
2298,134,4,4,15,0,1,0,0,12.895,0.05,0.15,612,31.3894,1.78508,0.41912
2299,400,25,25,60,0,0,0,1,187.894,0.05,0.15,612,31.3894,1.99976,0.41912
2300,26,1,1,8,0,1,0,0,-19.047,0.05,0.15,612,31.3894,4.19212,0.41912
2301,156,9,9,38,0,1,0,0,55.786,0.05,0.15,612,31.3894,2.08012,0.41912
2302,12,0,0,7,0,1,0,0,-22.311,0.05,0.15,612,31.3894,4.38975,0.41912
2303,5,0,0,3,0,1,0,0,-30.408,0.05,0.15,612,31.3894,8.44429,0.41912
2304,259,17,17,47,0,1,0,0,93.463,0.05,0.15,612,31.3894,1.94373,0.41912
2305,203,14,14,31,0,1,0,0,78.941,0.05,0.15,613,31.3894,1.64626,0.41898
2306,400,20,20,58,0,0,0,1,174.948,0.05,0.15,613,31.3894,1.69269,0.41898
2307,400,24,24,66,0,0,0,1,213.901,0.05,0.15,613,31.3894,1.79513,0.41898
2308,400,21,21,54,0,0,0,1,191.869,0.05,0.15,613,31.3894,1.4408,0.41898
2309,124,5,5,24,0,1,0,0,28.02,0.05,0.15,613,31.3894,2.19877,0.41898
2310,31,4,4,11,0,1,0,0,-5.503,0.05,0.15,613,31.3894,4.6069,0.41898
2311,400,31,31,76,0,0,0,1,249.851,0.05,0.15,613,31.3894,2.12323,0.41898
2312,227,20,20,56,0,1,0,0,131.196,0.05,0.15,613,31.3894,2.27432,0.41898
2313,17,2,2,8,0,1,0,0,-13.444,0.05,0.15,613,31.3894,5.50875,0.41898
2314,35,0,0,4,0,1,0,0,-19.663,0.05,0.15,613,31.3894,4.13351,0.41898
2315,124,11,11,39,0,1,0,0,60.622,0.05,0.15,613,31.3894,2.64879,0.41898
2316,400,42,42,109,0,0,0,1,318.201,0.05,0.15,613,31.3894,2.00222,0.41898
2317,400,16,16,43,0,0,0,1,148.272,0.05,0.15,613,31.3894,1.96297,0.41898
2318,400,25,25,51,0,0,0,1,196.885,0.05,0.15,613,31.3894,2.07177,0.41898
2319,63,4,4,14,0,1,0,0,10.651,0.05,0.15,613,31.3894,2.50669,0.41898
2320,400,43,43,94,0,0,0,1,320.546,0.05,0.15,614,31.3894,2.27537,0.41857
2321,115,14,14,29,0,1,0,0,64.71,0.05,0.15,614,31.3894,2.18925,0.41857
2322,339,26,26,75,0,1,0,0,189.019,0.05,0.15,614,31.3894,2.30321,0.41857
2323,341,35,35,80,0,1,0,0,224.672,0.05,0.15,615,31.3894,2.57565,0.41816
2324,400,35,35,81,0,0,0,1,269.26,0.05,0.15,616,31.3894,2.25269,0.41775
2325,250,13,13,47,0,1,0,0,100.045,0.05,0.15,616,31.3894,2.00312,0.41775
2326,76,5,5,22,0,1,0,0,25.471,0.05,0.15,616,31.3894,2.977,0.41775
2327,291,24,24,56,0,1,0,0,150.073,0.05,0.15,616,31.3894,2.41643,0.41775
2328,168,17,17,33,0,1,0,0,89.484,0.05,0.15,616,31.3894,1.93678,0.41775
2329,114,7,7,25,0,1,0,0,39.811,0.05,0.15,616,31.3894,2.29859,0.41775
2330,111,5,5,17,0,1,0,0,18.839,0.05,0.15,616,31.3894,2.11396,0.41775
2331,400,33,33,81,0,0,0,1,258.658,0.05,0.15,616,31.3894,1.95509,0.41775
2332,134,13,13,32,0,1,0,0,66.035,0.05,0.15,616,31.3894,2.40108,0.41775
2333,400,40,40,94,0,0,0,1,309.264,0.05,0.15,616,31.3894,2.30722,0.41775
2334,400,37,37,82,0,0,0,1,288.391,0.05,0.15,616,31.3894,2.05726,0.41775
2335,161,16,16,45,0,1,0,0,97.47,0.05,0.15,616,31.3894,2.30391,0.41775
2336,233,24,24,64,0,1,0,0,147.951,0.05,0.15,616,31.3894,2.39067,0.41775
2337,400,28,28,59,0,0,0,1,224.189,0.05,0.15,616,31.3894,2.01634,0.41775
2338,400,15,15,37,0,0,0,1,136.793,0.05,0.15,616,31.3894,2.08969,0.41775
2339,329,21,21,49,0,1,0,0,135.827,0.05,0.15,616,31.3894,2.19976,0.41775
2340,91,6,6,22,0,1,0,0,24.32,0.05,0.15,616,31.3894,2.30138,0.41775
2341,181,8,8,30,0,1,0,0,52.016,0.05,0.15,616,31.3894,2.36073,0.41775
2342,242,10,10,34,0,1,0,0,69.613,0.05,0.15,616,31.3894,1.63224,0.41775
2343,32,1,1,6,0,1,0,0,-16.921,0.05,0.15,616,31.3894,2.68001,0.41775
2344,244,13,13,39,0,1,0,0,82.841,0.05,0.15,616,31.3894,1.92416,0.41775
2345,400,16,16,31,0,0,0,1,157.199,0.05,0.15,616,31.3894,0.86682,0.41775
2346,400,24,24,65,0,0,0,1,222.045,0.05,0.15,616,31.3894,1.2712,0.41775
2347,400,14,14,41,0,0,0,1,159.608,0.05,0.15,616,31.3894,0.99086,0.41775
2348,195,20,20,54,0,1,0,0,123.441,0.05,0.15,616,31.3894,2.45261,0.41775
2349,225,15,15,28,0,1,0,0,83.48,0.05,0.15,616,31.3894,1.68066,0.41775
2350,400,18,18,45,0,0,0,1,180.136,0.05,0.15,616,31.3894,1.31835,0.41775
2351,258,22,22,48,0,1,0,0,136.692,0.05,0.15,616,31.3894,1.90154,0.41775
2352,400,15,15,45,0,0,0,1,169.048,0.05,0.15,616,31.3894,1.046,0.41775
2353,400,27,27,65,0,0,0,1,233.633,0.05,0.15,616,31.3894,1.62307,0.41775
2354,259,20,20,53,0,1,0,0,128.348,0.05,0.15,616,31.3894,2.08135,0.41775
2355,120,7,7,22,0,1,0,0,26.698,0.05,0.15,616,31.3894,2.14524,0.41775
2356,13,0,0,4,0,1,0,0,-24.569,0.05,0.15,616,31.3894,7.11231,0.41775
2357,82,6,6,10,0,1,0,0,12.367,0.05,0.15,616,31.3894,3.08489,0.41775
2358,400,22,22,46,0,0,0,1,175.179,0.05,0.15,616,31.3894,2.17933,0.41802
2359,384,7,7,13,0,1,0,0,71.603,0.05,0.15,616,31.3894,1.38289,0.41802
2360,400,5,5,9,0,0,0,1,98.082,0.05,0.15,616,31.3894,0.64406,0.41802
2361,400,5,5,11,0,0,0,1,84.301,0.05,0.15,616,31.3894,0.935,0.41802
2362,190,1,1,13,0,1,0,0,17.567,0.05,0.15,616,31.3894,0.65331,0.41802
2363,400,11,11,25,0,0,0,1,136.332,0.05,0.15,616,31.3894,0.69759,0.41802
2364,269,20,20,44,0,1,0,0,128.589,0.05,0.15,616,31.3894,1.83284,0.41802
2365,400,6,6,14,0,0,0,1,110.355,0.05,0.15,616,31.3894,0.45498,0.41802
2366,21,2,2,9,0,1,0,0,-15.538,0.05,0.15,616,31.3894,5.20715,0.41802
2367,400,9,9,21,0,0,0,1,130.787,0.05,0.15,616,31.3894,0.6066,0.41802
2368,400,22,22,55,0,0,0,1,200.588,0.05,0.15,616,31.3894,1.20156,0.41802
2369,400,2,2,6,0,0,0,1,90.16,0.05,0.15,616,31.3894,0.35227,0.41802
2370,400,18,18,50,0,0,0,1,183.857,0.05,0.15,616,31.3894,1.00712,0.41802
2371,400,4,4,15,0,0,0,1,106.161,0.05,0.15,616,31.3894,0.58683,0.41802
2372,400,21,21,43,0,0,0,1,190.049,0.05,0.15,616,31.3894,1.1012,0.41802
2373,351,20,20,43,0,1,0,0,140.873,0.05,0.15,616,31.3894,1.26414,0.41802
2374,400,8,8,22,0,0,0,1,122.061,0.05,0.15,616,31.3894,0.79723,0.41802
2375,35,0,0,1,0,1,0,0,-25.644,0.05,0.15,616,31.3894,1.63716,0.41802
2376,127,6,6,18,0,1,0,0,25.411,0.05,0.15,616,31.3894,1.31218,0.41802
2377,400,14,14,38,0,0,0,1,158.474,0.05,0.15,616,31.3894,1.29343,0.41802
2378,400,27,27,58,0,0,0,1,220.174,0.05,0.15,616,31.3894,1.40273,0.41802
2379,400,28,28,74,0,0,0,1,229.548,0.05,0.15,616,31.3894,2.01315,0.41802
2380,400,26,26,53,0,0,0,1,201.918,0.05,0.15,616,31.3894,1.73483,0.41802
2381,400,29,29,71,0,0,0,1,239.537,0.05,0.15,616,31.3894,1.93987,0.41802
2382,19,3,3,6,0,1,0,0,-8.883,0.05,0.15,616,31.3894,4.62549,0.41802
2383,400,19,19,47,0,0,0,1,184.151,0.05,0.15,616,31.3894,1.13079,0.41802
2384,106,12,12,30,0,1,0,0,59.872,0.05,0.15,616,31.3894,2.42158,0.41802
2385,275,27,27,70,0,1,0,0,172.987,0.05,0.15,616,31.3894,2.13415,0.41802
2386,70,9,9,23,0,1,0,0,37.369,0.05,0.15,616,31.3894,3.53327,0.41802
2387,400,23,23,60,0,0,0,1,202.031,0.05,0.15,616,31.3894,1.68363,0.41802
2388,400,29,29,80,0,0,0,1,234.192,0.05,0.15,616,31.3894,1.93109,0.41802
2389,93,7,7,24,0,1,0,0,32.802,0.05,0.15,616,31.3894,2.5079,0.41802
2390,400,41,41,104,0,0,0,1,302.027,0.05,0.15,616,31.3894,2.49292,0.41802
2391,135,13,13,39,0,1,0,0,71.089,0.05,0.15,616,31.3894,2.28739,0.41802
2392,400,34,34,92,0,0,0,1,262.569,0.05,0.15,616,31.3894,2.25924,0.41802
2393,400,30,30,73,0,0,0,1,236.449,0.05,0.15,616,31.3894,1.87176,0.41802
2394,265,25,25,61,0,1,0,0,160.588,0.05,0.15,616,31.3894,2.57825,0.41802
2395,400,38,38,91,0,0,0,1,297.454,0.05,0.15,616,31.3894,2.36084,0.41802
2396,400,20,20,59,0,0,0,1,195.956,0.05,0.15,616,31.3894,1.43269,0.41802
2397,400,38,38,88,0,0,0,1,281.574,0.05,0.15,616,31.3894,2.28839,0.41802
2398,400,36,36,99,0,0,0,1,294.18,0.05,0.15,616,31.3894,2.24001,0.41802
2399,98,12,12,27,0,1,0,0,54.923,0.05,0.15,616,31.3894,2.29135,0.41802
2400,400,29,29,76,0,0,0,1,254.876,0.05,0.15,616,31.3894,2.16471,0.41802
2401,400,21,21,62,0,0,0,1,195.604,0.05,0.15,616,31.3894,2.23385,0.41802
2402,400,24,24,50,0,0,0,1,178.161,0.05,0.15,616,31.3894,2.00783,0.41802
2403,400,23,23,54,0,0,0,1,196.59,0.05,0.15,616,31.3894,1.99426,0.41802
2404,16,1,1,4,0,1,0,0,-20.039,0.05,0.15,616,31.3894,6.2074,0.41802
2405,336,16,16,50,0,1,0,0,115.304,0.05,0.15,616,31.3894,2.1296,0.41802
2406,400,34,34,80,0,0,0,1,263.656,0.05,0.15,616,31.3894,2.49547,0.41802
2407,13,0,0,4,0,1,0,0,-22.119,0.05,0.15,616,31.3894,3.99314,0.41802
2408,400,21,21,55,0,0,0,1,167.573,0.05,0.15,616,31.3894,2.21644,0.41802
2409,12,0,0,5,0,1,0,0,-23.2,0.05,0.15,616,31.3894,7.34384,0.41802
2410,400,16,16,40,0,0,0,1,121.671,0.05,0.15,616,31.3894,1.90142,0.41802
2411,5,0,0,2,0,1,0,0,-26.052,0.05,0.15,616,31.3894,8.72884,0.41802
2412,400,29,29,73,0,0,0,1,226.555,0.05,0.15,616,31.3894,2.11805,0.41829
2413,400,38,38,92,0,0,0,1,297.016,0.05,0.15,616,31.3894,2.14405,0.41829
2414,55,8,8,20,0,1,0,0,24.342,0.05,0.15,616,31.3894,3.08099,0.41829
2415,144,13,13,40,0,1,0,0,79.782,0.05,0.15,616,31.3894,2.33265,0.41829
2416,238,25,25,69,0,1,0,0,164.094,0.05,0.15,616,31.3894,2.41678,0.41829
2417,400,40,40,112,0,0,0,1,318.811,0.05,0.15,616,31.3894,2.28052,0.41829
2418,400,19,19,51,0,0,0,1,165.149,0.05,0.15,616,31.3894,1.79634,0.41829
2419,400,16,16,45,0,0,0,1,132.496,0.05,0.15,616,31.3894,2.17262,0.41829
2420,400,11,11,36,0,0,0,1,94.148,0.05,0.15,617,31.3894,2.06085,0.41788
2421,125,4,4,18,0,1,0,0,11.74,0.05,0.15,617,31.3894,2.49021,0.41788
2422,400,19,19,51,0,0,0,1,156.214,0.05,0.15,617,31.3894,2.26611,0.41788
2423,87,3,3,14,0,1,0,0,-4.395,0.05,0.15,617,31.3894,2.75043,0.41788
2424,43,3,3,7,0,1,0,0,-5.891,0.05,0.15,617,31.3894,3.18354,0.41788
2425,318,11,11,33,0,1,0,0,55.714,0.05,0.15,617,31.3894,1.78744,0.41788
2426,400,12,12,42,0,0,0,1,88.69,0.05,0.15,617,31.3894,2.07036,0.41788
2427,55,2,2,8,0,1,0,0,-11.158,0.05,0.15,617,31.3894,3.54575,0.41788
2428,344,25,25,56,0,1,0,0,147.274,0.05,0.15,618,31.3894,2.43969,0.41748
2429,238,8,8,24,0,1,0,0,51.734,0.05,0.15,618,31.3894,1.97511,0.41748
2430,180,7,7,22,0,1,0,0,34.593,0.05,0.15,618,31.3894,2.21773,0.41748
2431,20,2,2,5,0,1,0,0,-16.441,0.05,0.15,618,31.3894,6.64206,0.41748
2432,252,11,11,32,0,1,0,0,46.213,0.05,0.15,618,31.3894,2.29081,0.41748
2433,208,9,9,26,0,1,0,0,41.352,0.05,0.15,618,31.3894,2.30029,0.41748
2434,207,16,16,35,0,1,0,0,70.916,0.05,0.15,618,31.3894,2.36368,0.41748
2435,282,20,20,65,0,1,0,0,122.823,0.05,0.15,619,31.3894,2.06788,0.41707
2436,166,18,18,36,0,1,0,0,87.847,0.05,0.15,619,31.3894,2.34142,0.41707
2437,112,12,12,29,0,1,0,0,50.178,0.05,0.15,619,31.3894,3.03887,0.41707
2438,345,27,27,74,0,1,0,0,183.446,0.05,0.15,619,31.3894,2.39981,0.41734
2439,400,35,35,90,0,0,0,1,272.521,0.05,0.15,619,31.3894,2.14976,0.41761
2440,29,4,4,11,0,1,0,0,-1.949,0.05,0.15,619,31.3894,3.89061,0.41761
2441,400,17,17,60,0,0,0,1,156.641,0.05,0.15,619,31.3894,1.62696,0.41761
2442,27,0,0,6,0,1,0,0,-22.249,0.05,0.15,619,31.3894,3.74754,0.41761
2443,400,35,35,96,0,0,0,1,267.704,0.05,0.15,619,31.3894,1.91275,0.41761
2444,400,22,22,44,0,0,0,1,188.665,0.05,0.15,619,31.3894,1.42054,0.41788
2445,400,20,20,56,0,0,0,1,188.116,0.05,0.15,619,31.3894,1.74373,0.41788
2446,400,36,36,90,0,0,0,1,271.261,0.05,0.15,619,31.3894,2.03112,0.41788
2447,334,36,36,101,0,1,0,0,248.797,0.05,0.15,619,31.3894,2.25676,0.41788
2448,162,18,18,45,0,1,0,0,96.649,0.05,0.15,619,31.3894,2.81124,0.41788
2449,400,38,38,92,0,0,0,1,293.5,0.05,0.15,619,31.3894,2.07056,0.41788
2450,270,26,26,65,0,1,0,0,171.608,0.05,0.15,619,31.3894,2.47523,0.41788
2451,337,39,39,89,0,1,0,0,246.896,0.05,0.15,619,31.3894,2.45415,0.41788
2452,56,0,0,11,0,1,0,0,-17.282,0.05,0.15,619,31.3894,2.74335,0.41788
2453,153,20,20,51,0,1,0,0,102.544,0.05,0.15,619,31.3894,3.26368,0.41788
2454,59,5,5,23,0,1,0,0,11.757,0.05,0.15,619,31.3894,4.09042,0.41788
2455,346,30,30,94,0,1,0,0,191.2,0.05,0.15,619,31.3894,2.75554,0.41788
2456,41,5,5,14,0,1,0,0,7.661,0.05,0.15,619,31.3894,3.70585,0.41788
2457,39,5,5,10,0,1,0,0,3.683,0.05,0.15,619,31.3894,4.00831,0.41788
2458,170,18,18,34,0,1,0,0,82.312,0.05,0.15,619,31.3894,3.02487,0.41788
2459,400,32,32,77,0,0,0,1,250.866,0.05,0.15,619,31.3894,2.1267,0.41788
2460,91,7,7,21,0,1,0,0,28.32,0.05,0.15,619,31.3894,2.59045,0.41788
2461,400,27,27,66,0,0,0,1,219.647,0.05,0.15,619,31.3894,2.08932,0.41788
2462,17,0,0,3,0,1,0,0,-29.48,0.05,0.15,619,31.3894,1.93309,0.41788
2463,72,3,3,16,0,1,0,0,9.023,0.05,0.15,619,31.3894,3.08798,0.41788
2464,143,11,11,33,0,1,0,0,63.618,0.05,0.15,619,31.3894,2.05038,0.41788
2465,400,34,34,85,0,0,0,1,284.024,0.05,0.15,619,31.3894,2.07865,0.41788
2466,400,18,18,43,0,0,0,1,151.811,0.05,0.15,619,31.3894,1.81822,0.41815
2467,400,29,29,77,0,0,0,1,227.087,0.05,0.15,619,31.3894,2.155,0.41815
2468,181,18,18,46,0,1,0,0,109.474,0.05,0.15,619,31.3894,2.26613,0.41815
2469,116,13,13,45,0,1,0,0,75.581,0.05,0.15,619,31.3894,2.11484,0.41815
2470,400,43,43,111,0,0,0,1,324.069,0.05,0.15,619,31.3894,2.22907,0.41815
2471,44,3,3,15,0,1,0,0,2.113,0.05,0.15,619,31.3894,3.92085,0.41815
2472,400,36,36,87,0,0,0,1,264.84,0.05,0.15,619,31.3894,2.19931,0.41815
2473,17,1,1,3,0,1,0,0,-20.011,0.05,0.15,619,31.3894,5.37148,0.41815
2474,116,8,8,22,0,1,0,0,36.616,0.05,0.15,619,31.3894,2.47915,0.41815
2475,251,26,26,63,0,1,0,0,162.221,0.05,0.15,619,31.3894,2.22143,0.41815
2476,400,37,37,84,0,0,0,1,270.141,0.05,0.15,619,31.3894,2.04681,0.41842
2477,400,42,42,99,0,0,0,1,310.646,0.05,0.15,619,31.3894,2.23519,0.41842
2478,238,31,31,76,0,1,0,0,191.41,0.05,0.15,619,31.3894,2.32858,0.41842
2479,400,40,40,111,0,0,0,1,308.502,0.05,0.15,619,31.3894,2.30768,0.41842
2480,39,5,5,12,0,1,0,0,5.379,0.05,0.15,619,31.3894,3.35655,0.41842
2481,140,15,15,48,0,1,0,0,87.266,0.05,0.15,619,31.3894,2.4639,0.41842
2482,400,23,23,58,0,0,0,1,203.3,0.05,0.15,619,31.3894,1.31202,0.41842
2483,52,3,3,15,0,1,0,0,-0.359,0.05,0.15,619,31.3894,3.45339,0.41842
2484,400,32,32,72,0,0,0,1,247.348,0.05,0.15,619,31.3894,1.71528,0.41842
2485,139,6,6,20,0,1,0,0,31.548,0.05,0.15,619,31.3894,1.60583,0.41842
2486,13,0,0,5,0,1,0,0,-27.771,0.05,0.15,619,31.3894,7.91305,0.41842
2487,400,39,39,114,0,0,0,1,315.394,0.05,0.15,619,31.3894,2.18175,0.41842
2488,100,12,12,33,0,1,0,0,61.831,0.05,0.15,619,31.3894,2.58462,0.41842
2489,92,11,11,32,0,1,0,0,55.586,0.05,0.15,619,31.3894,2.90745,0.41842
2490,399,38,38,103,0,1,0,0,265.701,0.05,0.15,619,31.3894,2.37797,0.41842
2491,161,11,11,34,0,1,0,0,64.635,0.05,0.15,619,31.3894,1.74589,0.41842
2492,103,3,3,16,0,1,0,0,18.393,0.05,0.15,619,31.3894,1.16969,0.41842
2493,400,34,34,76,0,0,0,1,272.647,0.05,0.15,619,31.3894,1.71756,0.41842
2494,55,4,4,14,0,1,0,0,6.456,0.05,0.15,619,31.3894,3.56657,0.41842
2495,400,39,39,93,0,0,0,1,293.922,0.05,0.15,619,31.3894,2.1664,0.41842
2496,400,44,44,104,0,0,0,1,325.888,0.05,0.15,619,31.3894,2.08703,0.41842
2497,400,42,42,109,0,0,0,1,322.439,0.05,0.15,619,31.3894,2.16516,0.41842
2498,400,43,43,112,0,0,0,1,335.341,0.05,0.15,619,31.3894,2.15329,0.41869
2499,190,22,22,57,0,1,0,0,131.304,0.05,0.15,619,31.3894,2.04752,0.41869
2500,135,12,12,50,0,1,0,0,79.916,0.05,0.15,619,31.3894,2.16039,0.41869
2501,51,6,6,17,0,1,0,0,16.992,0.05,0.15,619,31.3894,2.7596,0.41869
2502,305,34,34,85,0,1,0,0,213.555,0.05,0.15,619,31.3894,2.56402,0.41869
2503,19,1,1,9,0,1,0,0,-14.003,0.05,0.15,619,31.3894,3.88634,0.41869
2504,356,33,33,95,0,1,0,0,238.105,0.05,0.15,619,31.3894,2.1353,0.41869
2505,400,41,41,98,0,0,0,1,317.626,0.05,0.15,619,31.3894,2.11979,0.41869
2506,400,46,46,104,0,0,0,1,329.686,0.05,0.15,619,31.3894,2.29044,0.41869
2507,192,25,25,55,0,1,0,0,143.439,0.05,0.15,619,31.3894,2.11634,0.41869
2508,400,46,46,97,0,0,0,1,340.444,0.05,0.15,619,31.3894,2.31077,0.41869
2509,400,44,44,98,0,0,0,1,320.116,0.05,0.15,619,31.3894,2.14128,0.41869
2510,32,1,1,7,0,1,0,0,-11.496,0.05,0.15,619,31.3894,3.30236,0.41869
2511,400,38,38,107,0,0,0,1,314.378,0.05,0.15,619,31.3894,2.12417,0.41869
2512,400,43,43,103,0,0,0,1,319.981,0.05,0.15,619,31.3894,2.215,0.41869
2513,146,20,20,46,0,1,0,0,108.096,0.05,0.15,619,31.3894,2.68735,0.41869
2514,309,36,36,83,0,1,0,0,228.827,0.05,0.15,619,31.3894,2.31989,0.41869
2515,400,43,43,93,0,0,0,1,314.852,0.05,0.15,619,31.3894,2.24024,0.41869
2516,342,38,38,94,0,1,0,0,249.399,0.05,0.15,619,31.3894,2.42499,0.41869
2517,164,20,20,62,0,1,0,0,120.448,0.05,0.15,619,31.3894,2.67386,0.41869
2518,400,38,38,102,0,0,0,1,303.122,0.05,0.15,619,31.3894,2.24081,0.41869
2519,30,1,1,8,0,1,0,0,-18.078,0.05,0.15,619,31.3894,3.52911,0.41869
2520,400,36,36,93,0,0,0,1,283.103,0.05,0.15,619,31.3894,1.90731,0.41869
2521,400,41,41,100,0,0,0,1,321.156,0.05,0.15,619,31.3894,2.24472,0.41896
2522,87,10,10,24,0,1,0,0,44.799,0.05,0.15,619,31.3894,3.22085,0.41896
2523,400,34,34,72,0,0,0,1,255.474,0.05,0.15,619,31.3894,1.93146,0.41896
2524,400,38,38,88,0,0,0,1,290.187,0.05,0.15,619,31.3894,1.77945,0.41896
2525,92,10,10,20,0,1,0,0,43.896,0.05,0.15,619,31.3894,2.35571,0.41896
2526,400,42,42,104,0,0,0,1,326.441,0.05,0.15,619,31.3894,2.26935,0.41896
2527,285,27,27,79,0,1,0,0,196.43,0.05,0.15,619,31.3894,2.22993,0.41896
2528,21,1,1,9,0,1,0,0,-12.929,0.05,0.15,619,31.3894,3.38072,0.41896
2529,13,0,0,5,0,1,0,0,-25.773,0.05,0.15,619,31.3894,9.15818,0.41896
2530,154,11,11,42,0,1,0,0,72.307,0.05,0.15,619,31.3894,2.62244,0.41896
2531,296,24,24,74,0,1,0,0,164.244,0.05,0.15,619,31.3894,2.52784,0.41896
2532,400,40,40,101,0,0,0,1,308.589,0.05,0.15,619,31.3894,2.30763,0.41896
2533,400,39,39,96,0,0,0,1,305.152,0.05,0.15,619,31.3894,2.10833,0.41896
2534,25,3,3,9,0,1,0,0,-9.916,0.05,0.15,619,31.3894,6.63457,0.41896
2535,215,21,21,56,0,1,0,0,137.104,0.05,0.15,619,31.3894,2.28438,0.41896
2536,400,43,43,102,0,0,0,1,330.475,0.05,0.15,619,31.3894,2.2568,0.41896
2537,394,44,44,112,0,1,0,0,294.27,0.05,0.15,619,31.3894,2.53526,0.41896
2538,36,4,4,12,0,1,0,0,0.623,0.05,0.15,619,31.3894,3.805,0.41896
2539,232,18,18,54,0,1,0,0,122.257,0.05,0.15,619,31.3894,2.46061,0.41922
2540,54,7,7,22,0,1,0,0,23.212,0.05,0.15,619,31.3894,3.49566,0.41922
2541,213,19,19,48,0,1,0,0,122.951,0.05,0.15,619,31.3894,2.71287,0.41922
2542,203,20,20,51,0,1,0,0,126.591,0.05,0.15,619,31.3894,2.43723,0.41922
2543,400,40,40,109,0,0,0,1,321.823,0.05,0.15,619,31.3894,2.15199,0.41922
2544,400,35,35,80,0,0,0,1,276.324,0.05,0.15,619,31.3894,1.97484,0.41922
2545,400,44,44,98,0,0,0,1,316.692,0.05,0.15,619,31.3894,2.20978,0.41922
2546,400,42,42,95,0,0,0,1,315.421,0.05,0.15,619,31.3894,2.07085,0.41922
2547,400,39,39,101,0,0,0,1,311.214,0.05,0.15,619,31.3894,2.05437,0.41922
2548,400,46,46,114,0,0,0,1,350.864,0.05,0.15,619,31.3894,2.18272,0.41922
2549,93,9,9,26,0,1,0,0,42.648,0.05,0.15,619,31.3894,2.44377,0.41922
2550,19,1,1,9,0,1,0,0,-15.253,0.05,0.15,619,31.3894,3.86093,0.41922
2551,79,8,8,26,0,1,0,0,38.898,0.05,0.15,619,31.3894,3.04966,0.41922
2552,13,0,0,4,0,1,0,0,-24.573,0.05,0.15,619,31.3894,7.11291,0.41922
2553,400,34,34,94,0,0,0,1,277.364,0.05,0.15,619,31.3894,2.44514,0.41922
2554,289,31,31,70,0,1,0,0,187.038,0.05,0.15,619,31.3894,2.32345,0.41922
2555,400,42,42,98,0,0,0,1,317.463,0.05,0.15,619,31.3894,2.27123,0.41922
2556,117,10,10,33,0,1,0,0,53.732,0.05,0.15,619,31.3894,2.56066,0.41922
2557,107,16,16,32,0,1,0,0,76.093,0.05,0.15,619,31.3894,2.1168,0.41922
2558,400,41,41,103,0,0,0,1,311.868,0.05,0.15,619,31.3894,2.09899,0.41922
2559,42,4,4,13,0,1,0,0,4.592,0.05,0.15,619,31.3894,3.30345,0.41922
2560,136,12,12,41,0,1,0,0,70.205,0.05,0.15,619,31.3894,2.43808,0.41922
2561,160,15,15,36,0,1,0,0,79.737,0.05,0.15,619,31.3894,2.10978,0.41922
2562,244,25,25,72,0,1,0,0,163.423,0.05,0.15,619,31.3894,2.67445,0.41922
2563,140,13,13,41,0,1,0,0,80.373,0.05,0.15,619,31.3894,2.13498,0.41922
2564,48,2,2,10,0,1,0,0,-6.955,0.05,0.15,619,31.3894,2.84991,0.41922
2565,400,37,37,99,0,0,0,1,280.301,0.05,0.15,619,31.3894,2.30201,0.41922
2566,400,29,29,79,0,0,0,1,236.044,0.05,0.15,619,31.3894,2.25379,0.41922
2567,96,10,10,30,0,1,0,0,43.245,0.05,0.15,619,31.3894,3.28019,0.41922
2568,70,7,7,21,0,1,0,0,22.443,0.05,0.15,619,31.3894,2.87515,0.41922
2569,400,12,12,32,0,0,0,1,111.498,0.05,0.15,619,31.3894,1.893,0.41922
2570,16,1,1,3,0,1,0,0,-22.441,0.05,0.15,619,31.3894,7.12954,0.41922
2571,108,10,10,22,0,1,0,0,42.904,0.05,0.15,619,31.3894,2.11682,0.41922
2572,400,33,33,81,0,0,0,1,260.715,0.05,0.15,619,31.3894,2.25608,0.41922
2573,169,14,14,40,0,1,0,0,85.557,0.05,0.15,619,31.3894,2.45934,0.41922
2574,400,19,19,52,0,0,0,1,171.917,0.05,0.15,619,31.3894,1.93868,0.41922
2575,153,11,11,34,0,1,0,0,64.803,0.05,0.15,619,31.3894,2.10699,0.41922
2576,196,15,15,40,0,1,0,0,95.968,0.05,0.15,619,31.3894,2.23241,0.41922
2577,400,35,35,91,0,0,0,1,279.194,0.05,0.15,619,31.3894,2.20569,0.41922
2578,400,38,38,89,0,0,0,1,286.542,0.05,0.15,619,31.3894,2.08676,0.41922
2579,67,7,7,17,0,1,0,0,20.573,0.05,0.15,619,31.3894,3.25092,0.41922
2580,400,39,39,102,0,0,0,1,311.343,0.05,0.15,619,31.3894,2.02961,0.41922
2581,66,6,6,16,0,1,0,0,16.598,0.05,0.15,619,31.3894,2.69577,0.41922
2582,87,6,6,22,0,1,0,0,23.65,0.05,0.15,619,31.3894,2.61678,0.41922
2583,400,32,32,86,0,0,0,1,271.815,0.05,0.15,619,31.3894,1.8034,0.41922
2584,80,7,7,22,0,1,0,0,23.259,0.05,0.15,619,31.3894,2.82102,0.41922
2585,31,3,3,5,0,1,0,0,-11.832,0.05,0.15,619,31.3894,3.41986,0.41922
2586,400,38,38,98,0,0,0,1,297.169,0.05,0.15,619,31.3894,2.16423,0.41922
2587,400,21,21,62,0,0,0,1,196.936,0.05,0.15,619,31.3894,1.86283,0.41922
2588,400,33,33,81,0,0,0,1,252.583,0.05,0.15,619,31.3894,2.48903,0.41922
2589,202,16,16,43,0,1,0,0,102.219,0.05,0.15,619,31.3894,2.4224,0.41922
2590,400,32,32,84,0,0,0,1,257.485,0.05,0.15,619,31.3894,2.27307,0.41922
2591,106,9,9,31,0,1,0,0,49.881,0.05,0.15,619,31.3894,2.64928,0.41922
2592,13,0,0,5,0,1,0,0,-23.973,0.05,0.15,619,31.3894,8.20486,0.41922
2593,23,1,1,3,0,1,0,0,-22.785,0.05,0.15,619,31.3894,4.66658,0.41922
2594,43,7,7,16,0,1,0,0,18.27,0.05,0.15,619,31.3894,3.15027,0.41922
2595,400,17,17,48,0,0,0,1,159.047,0.05,0.15,619,31.3894,2.13673,0.41922
2596,400,30,30,74,0,0,0,1,244.364,0.05,0.15,619,31.3894,1.72539,0.41922
2597,143,11,11,30,0,1,0,0,66.154,0.05,0.15,619,31.3894,2.03945,0.41922
2598,400,35,35,80,0,0,0,1,256.072,0.05,0.15,619,31.3894,2.06957,0.41922
2599,118,15,15,32,0,1,0,0,75.33,0.05,0.15,619,31.3894,3.16891,0.41922
2600,56,5,5,20,0,1,0,0,13.028,0.05,0.15,619,31.3894,4.08191,0.41922
2601,78,8,8,19,0,1,0,0,32.966,0.05,0.15,619,31.3894,2.84033,0.41922
2602,400,23,23,53,0,0,0,1,185.471,0.05,0.15,619,31.3894,2.22462,0.41922
2603,208,3,3,16,0,1,0,0,17.254,0.05,0.15,619,31.3894,2.1289,0.41922
2604,36,4,4,10,0,1,0,0,-0.983,0.05,0.15,619,31.3894,3.80815,0.41922
2605,127,10,10,36,0,1,0,0,59.134,0.05,0.15,619,31.3894,2.95998,0.41922
2606,400,38,38,90,0,0,0,1,286.516,0.05,0.15,619,31.3894,2.2335,0.41922
2607,145,10,10,30,0,1,0,0,54.19,0.05,0.15,619,31.3894,2.92573,0.41922
2608,400,31,31,78,0,0,0,1,251.086,0.05,0.15,619,31.3894,1.98434,0.41922
2609,179,15,15,35,0,1,0,0,89.78,0.05,0.15,619,31.3894,2.31798,0.41922
2610,400,31,31,79,0,0,0,1,237.73,0.05,0.15,619,31.3894,2.49916,0.41922
2611,151,20,20,47,0,1,0,0,109.103,0.05,0.15,619,31.3894,2.23621,0.41922
2612,17,1,1,7,0,1,0,0,-19.427,0.05,0.15,619,31.3894,5.40968,0.41922
2613,36,4,4,9,0,1,0,0,-1.381,0.05,0.15,619,31.3894,3.84246,0.41922
2614,400,42,42,106,0,0,0,1,329.761,0.05,0.15,619,31.3894,2.35423,0.41922
2615,72,10,10,29,0,1,0,0,45.565,0.05,0.15,619,31.3894,2.5646,0.41922
2616,400,38,38,97,0,0,0,1,309.195,0.05,0.15,619,31.3894,2.12094,0.41922
2617,45,5,5,10,0,1,0,0,2.288,0.05,0.15,619,31.3894,3.52184,0.41922
2618,400,42,42,108,0,0,0,1,330.832,0.05,0.15,619,31.3894,2.12179,0.41922
2619,400,38,38,109,0,0,0,1,314.487,0.05,0.15,619,31.3894,2.15765,0.41922
2620,400,41,41,103,0,0,0,1,317.645,0.05,0.15,619,31.3894,2.18269,0.41922
2621,400,40,40,88,0,0,0,1,309.447,0.05,0.15,619,31.3894,1.98599,0.41922
2622,400,43,43,100,0,0,0,1,331.282,0.05,0.15,619,31.3894,1.98115,0.41922
2623,400,40,40,106,0,0,0,1,326.335,0.05,0.15,619,31.3894,2.03713,0.41922
2624,88,8,8,35,0,1,0,0,47.204,0.05,0.15,619,31.3894,2.48715,0.41922
2625,41,3,3,11,0,1,0,0,-4.528,0.05,0.15,619,31.3894,3.5429,0.41922
2626,73,9,9,22,0,1,0,0,35.244,0.05,0.15,619,31.3894,2.36048,0.41922
2627,44,6,6,12,0,1,0,0,10.111,0.05,0.15,619,31.3894,3.13213,0.41922
2628,50,6,6,13,0,1,0,0,8.523,0.05,0.15,619,31.3894,2.35556,0.41922
2629,22,2,2,5,0,1,0,0,-12.461,0.05,0.15,619,31.3894,4.37128,0.41922
2630,400,45,45,109,0,0,0,1,345.858,0.05,0.15,619,31.3894,2.22113,0.41922
2631,127,10,10,39,0,1,0,0,62.71,0.05,0.15,619,31.3894,2.60446,0.41922
2632,33,4,4,12,0,1,0,0,-0.799,0.05,0.15,619,31.3894,2.82546,0.41922
2633,27,2,2,6,0,1,0,0,-11.844,0.05,0.15,619,31.3894,2.23873,0.41922
2634,100,14,14,32,0,1,0,0,69.186,0.05,0.15,619,31.3894,3.34523,0.41922
2635,333,39,39,88,0,1,0,0,252.429,0.05,0.15,619,31.3894,2.46226,0.41922
2636,338,23,23,64,0,1,0,0,167.402,0.05,0.15,619,31.3894,2.1336,0.41949
2637,224,18,18,50,0,1,0,0,122.767,0.05,0.15,619,31.3894,2.41073,0.41949
2638,305,31,31,72,0,1,0,0,199.484,0.05,0.15,619,31.3894,2.44717,0.41949
2639,354,34,34,89,0,1,0,0,239.216,0.05,0.15,619,31.3894,2.46142,0.41949
2640,206,17,17,47,0,1,0,0,111.002,0.05,0.15,619,31.3894,2.84235,0.41976
2641,17,2,2,8,0,1,0,0,-12.557,0.05,0.15,619,31.3894,5.50011,0.41976
2642,400,18,18,43,0,0,0,1,173.334,0.05,0.15,619,31.3894,1.47883,0.41976
2643,400,32,32,77,0,0,0,1,260.594,0.05,0.15,619,31.3894,1.88273,0.41976
2644,400,41,41,94,0,0,0,1,310.774,0.05,0.15,619,31.3894,2.09083,0.41976
2645,84,7,7,24,0,1,0,0,30.495,0.05,0.15,619,31.3894,2.73735,0.41976
2646,91,11,11,35,0,1,0,0,51.751,0.05,0.15,619,31.3894,3.21791,0.41976
2647,50,4,4,9,0,1,0,0,0.813,0.05,0.15,619,31.3894,3.2428,0.41976
2648,100,4,4,16,0,1,0,0,12.278,0.05,0.15,619,31.3894,1.84145,0.41976
2649,400,14,14,34,0,0,0,1,164.111,0.05,0.15,619,31.3894,0.8334,0.41976
2650,400,32,32,82,0,0,0,1,252.759,0.05,0.15,619,31.3894,2.35821,0.41976
2651,85,10,10,21,0,1,0,0,34.528,0.05,0.15,619,31.3894,2.69881,0.41976
2652,398,30,30,79,0,1,0,0,220.118,0.05,0.15,619,31.3894,2.39258,0.41976
2653,43,5,5,15,0,1,0,0,9.4,0.05,0.15,619,31.3894,2.63497,0.41976
2654,400,29,29,69,0,0,0,1,246.2,0.05,0.15,619,31.3894,2.02484,0.41976
2655,400,26,26,52,0,0,0,1,196.241,0.05,0.15,619,31.3894,1.91977,0.41976
2656,56,4,4,14,0,1,0,0,10.012,0.05,0.15,619,31.3894,2.70929,0.41976
2657,375,15,15,42,0,1,0,0,132.379,0.05,0.15,619,31.3894,1.07892,0.41976
2658,400,13,13,35,0,0,0,1,149.196,0.05,0.15,619,31.3894,0.95861,0.41976
2659,119,11,11,31,0,1,0,0,56.228,0.05,0.15,619,31.3894,2.32472,0.41976
2660,147,16,16,45,0,1,0,0,97.695,0.05,0.15,619,31.3894,2.52963,0.41976
2661,381,40,40,94,0,1,0,0,267.526,0.05,0.15,619,31.3894,2.30213,0.41976
2662,216,22,22,61,0,1,0,0,145.463,0.05,0.15,619,31.3894,2.59794,0.41976
2663,312,29,29,79,0,1,0,0,207.535,0.05,0.15,619,31.3894,2.23646,0.41976
2664,386,40,40,101,0,1,0,0,265.835,0.05,0.15,619,31.3894,2.65383,0.41976
2665,74,11,11,25,0,1,0,0,41.129,0.05,0.15,619,31.3894,3.0845,0.41976
2666,130,12,12,39,0,1,0,0,73.955,0.05,0.15,619,31.3894,2.68274,0.41976
2667,400,47,47,109,0,0,0,1,341.094,0.05,0.15,619,31.3894,2.57452,0.41976
2668,400,45,45,109,0,0,0,1,341.943,0.05,0.15,619,31.3894,2.47847,0.41976
2669,400,43,43,110,0,0,0,1,337.451,0.05,0.15,619,31.3894,2.37345,0.41976
2670,38,3,3,10,0,1,0,0,-2.284,0.05,0.15,619,31.3894,3.76478,0.41976
2671,400,37,37,99,0,0,0,1,304.449,0.05,0.15,619,31.3894,2.12092,0.41976
2672,121,11,11,33,0,1,0,0,59.282,0.05,0.15,619,31.3894,3.12468,0.41976
2673,37,2,2,8,0,1,0,0,-5.632,0.05,0.15,619,31.3894,3.51576,0.41976
2674,13,0,0,4,0,1,0,0,-24.575,0.05,0.15,619,31.3894,5.86766,0.41976
2675,197,23,23,65,0,1,0,0,154.673,0.05,0.15,619,31.3894,2.50573,0.41976
2676,400,26,26,74,0,0,0,1,236.314,0.05,0.15,619,31.3894,1.95238,0.41976
2677,5,0,0,4,0,1,0,0,-33.206,0.05,0.15,619,31.3894,3.72241,0.41976
2678,400,40,40,83,0,0,0,1,303.01,0.05,0.15,619,31.3894,2.33886,0.41976
2679,60,6,6,17,0,1,0,0,18.977,0.05,0.15,619,31.3894,2.97808,0.41976
2680,400,31,31,86,0,0,0,1,258.14,0.05,0.15,619,31.3894,2.03928,0.41976
2681,116,6,6,21,0,1,0,0,31.561,0.05,0.15,619,31.3894,2.82199,0.41976
2682,400,36,36,85,0,0,0,1,282.19,0.05,0.15,619,31.3894,2.50283,0.41976
2683,400,27,27,73,0,0,0,1,240.042,0.05,0.15,619,31.3894,2.01367,0.42003
2684,400,26,26,69,0,0,0,1,211.84,0.05,0.15,619,31.3894,2.42989,0.42003
2685,400,35,35,91,0,0,0,1,270.063,0.05,0.15,619,31.3894,2.52843,0.4203
2686,8,0,0,2,0,1,0,0,-30.148,0.05,0.15,619,31.3894,5.36175,0.4203
2687,25,1,1,6,0,1,0,0,-13.681,0.05,0.15,619,31.3894,3.4875,0.4203
2688,17,1,1,7,0,1,0,0,-18.377,0.05,0.15,619,31.3894,6.84999,0.4203
2689,5,0,0,0,0,1,0,0,-32.31,0.05,0.15,619,31.3894,11.55458,0.4203
2690,400,26,26,74,0,0,0,1,213.689,0.05,0.15,619,31.3894,2.29542,0.4203
2691,400,33,33,79,0,0,0,1,250.827,0.05,0.15,619,31.3894,1.9849,0.4203
2692,400,40,40,98,0,0,0,1,307.39,0.05,0.15,619,31.3894,2.46212,0.4203
2693,400,42,42,110,0,0,0,1,319.358,0.05,0.15,619,31.3894,2.48467,0.4203
2694,265,31,31,82,0,1,0,0,194.779,0.05,0.15,619,31.3894,2.81245,0.4203
2695,400,37,37,90,0,0,0,1,279.788,0.05,0.15,619,31.3894,2.27937,0.4203
2696,345,38,38,86,0,1,0,0,240.109,0.05,0.15,619,31.3894,2.68093,0.4203
2697,400,41,41,103,0,0,0,1,299.632,0.05,0.15,619,31.3894,2.68601,0.4203
2698,313,25,25,62,0,1,0,0,163.417,0.05,0.15,619,31.3894,2.73116,0.4203
2699,400,24,24,64,0,0,0,1,182.996,0.05,0.15,619,31.3894,2.7228,0.4203
2700,338,31,31,74,0,1,0,0,201.405,0.05,0.15,619,31.3894,2.76351,0.4203
2701,341,27,27,66,0,1,0,0,180.607,0.05,0.15,619,31.3894,2.73001,0.4203
2702,13,0,0,3,0,1,0,0,-26.569,0.05,0.15,619,31.3894,9.14239,0.4203
2703,98,8,8,20,0,1,0,0,30.967,0.05,0.15,619,31.3894,2.51152,0.4203
2704,24,1,1,3,0,1,0,0,-22.992,0.05,0.15,619,31.3894,7.24734,0.4203
2705,96,8,8,24,0,1,0,0,30.368,0.05,0.15,619,31.3894,3.58177,0.4203
2706,400,27,27,66,0,0,0,1,223.484,0.05,0.15,619,31.3894,2.50521,0.4203
2707,13,0,0,4,0,1,0,0,-27.875,0.05,0.15,619,31.3894,7.46661,0.4203
2708,400,16,16,51,0,0,0,1,147.879,0.05,0.15,619,31.3894,2.31782,0.4203
2709,6,0,0,1,0,1,0,0,-31.406,0.05,0.15,619,31.3894,10.75096,0.4203
2710,41,4,4,15,0,1,0,0,5.731,0.05,0.15,619,31.3894,3.28176,0.4203
2711,18,2,2,7,0,1,0,0,-13.741,0.05,0.15,619,31.3894,5.20529,0.4203
2712,400,16,16,36,0,0,0,1,162.666,0.05,0.15,619,31.3894,1.25474,0.42057
2713,121,11,11,24,0,1,0,0,52.24,0.05,0.15,619,31.3894,2.4997,0.42057
2714,171,17,17,32,0,1,0,0,91.781,0.05,0.15,619,31.3894,2.26041,0.42057
2715,138,13,13,36,0,1,0,0,72.47,0.05,0.15,619,31.3894,1.97217,0.42057
2716,40,3,3,12,0,1,0,0,-0.185,0.05,0.15,619,31.3894,3.00151,0.42057
2717,400,31,31,72,0,0,0,1,244.865,0.05,0.15,619,31.3894,1.79357,0.42057
2718,400,36,36,77,0,0,0,1,273.602,0.05,0.15,619,31.3894,1.80809,0.42057
2719,187,13,13,30,0,1,0,0,75.43,0.05,0.15,619,31.3894,2.13115,0.42057
2720,400,18,18,41,0,0,0,1,176.713,0.05,0.15,619,31.3894,0.92908,0.42057
2721,25,1,1,6,0,1,0,0,-18.639,0.05,0.15,619,31.3894,6.03142,0.42057
2722,400,32,32,82,0,0,0,1,264.166,0.05,0.15,619,31.3894,1.8799,0.42057
2723,57,6,6,15,0,1,0,0,18.665,0.05,0.15,619,31.3894,2.89682,0.42057
2724,30,2,2,7,0,1,0,0,-9.713,0.05,0.15,619,31.3894,3.31512,0.42057
2725,400,34,34,73,0,0,0,1,256.673,0.05,0.15,619,31.3894,1.87273,0.42057
2726,400,40,40,100,0,0,0,1,307.442,0.05,0.15,619,31.3894,2.10556,0.42057
2727,400,29,29,77,0,0,0,1,243.911,0.05,0.15,619,31.3894,1.91893,0.42057
2728,369,35,35,92,0,1,0,0,230.667,0.05,0.15,619,31.3894,2.27363,0.42057
2729,305,22,22,59,0,1,0,0,145.707,0.05,0.15,619,31.3894,1.96012,0.42057
2730,400,28,28,74,0,0,0,1,246.626,0.05,0.15,619,31.3894,1.86739,0.42057
2731,400,41,41,104,0,0,0,1,318.162,0.05,0.15,619,31.3894,2.31224,0.42057
2732,400,33,33,88,0,0,0,1,265.086,0.05,0.15,619,31.3894,2.07351,0.42057
2733,400,35,35,81,0,0,0,1,271.631,0.05,0.15,619,31.3894,1.74026,0.42057
2734,400,42,42,105,0,0,0,1,319.107,0.05,0.15,619,31.3894,2.35067,0.42057
2735,234,25,25,64,0,1,0,0,159.513,0.05,0.15,619,31.3894,2.6386,0.42057
2736,59,5,5,14,0,1,0,0,11.228,0.05,0.15,619,31.3894,3.09388,0.42057
2737,400,44,44,107,0,0,0,1,329.872,0.05,0.15,619,31.3894,2.31751,0.42057
2738,400,37,37,95,0,0,0,1,287.36,0.05,0.15,619,31.3894,2.55134,0.42057
2739,400,40,40,102,0,0,0,1,304.974,0.05,0.15,619,31.3894,2.02679,0.42057
2740,123,11,11,27,0,1,0,0,54.567,0.05,0.15,619,31.3894,2.57024,0.42057
2741,139,15,15,41,0,1,0,0,81.511,0.05,0.15,619,31.3894,2.7668,0.42057
2742,172,18,18,47,0,1,0,0,93.108,0.05,0.15,619,31.3894,2.329,0.42057
2743,400,33,33,76,0,0,0,1,248.064,0.05,0.15,619,31.3894,2.41127,0.42057
2744,400,39,39,95,0,0,0,1,297.515,0.05,0.15,619,31.3894,2.40403,0.42057
2745,72,5,5,20,0,1,0,0,13.781,0.05,0.15,619,31.3894,2.70236,0.42057
2746,37,4,4,15,0,1,0,0,-0.603,0.05,0.15,619,31.3894,3.80685,0.42057
2747,27,5,5,7,0,1,0,0,-2.331,0.05,0.15,619,31.3894,3.51169,0.42057
2748,284,19,19,69,0,1,0,0,140.598,0.05,0.15,619,31.3894,2.26473,0.42057
2749,102,11,11,36,0,1,0,0,61.328,0.05,0.15,619,31.3894,2.86798,0.42057
2750,400,36,36,86,0,0,0,1,286.209,0.05,0.15,619,31.3894,1.87975,0.42057
2751,206,19,19,51,0,1,0,0,113.92,0.05,0.15,619,31.3894,2.01142,0.42057
2752,130,18,18,37,0,1,0,0,91.326,0.05,0.15,619,31.3894,2.95522,0.42057
2753,149,10,10,24,0,1,0,0,41.853,0.05,0.15,619,31.3894,2.03087,0.42057
2754,400,25,25,65,0,0,0,1,218.33,0.05,0.15,619,31.3894,1.51784,0.42057
2755,400,28,28,88,0,0,0,1,261.479,0.05,0.15,619,31.3894,1.59996,0.42057
2756,333,18,18,60,0,1,0,0,135.079,0.05,0.15,619,31.3894,2.25331,0.42057
2757,400,45,45,99,0,0,0,1,334.32,0.05,0.15,619,31.3894,2.50713,0.42057
2758,323,37,37,78,0,1,0,0,224.592,0.05,0.15,619,31.3894,2.45836,0.42057
2759,400,40,40,98,0,0,0,1,301.432,0.05,0.15,619,31.3894,2.31758,0.42057
2760,400,44,44,104,0,0,0,1,334.063,0.05,0.15,619,31.3894,2.09695,0.42057
2761,178,19,19,53,0,1,0,0,125.817,0.05,0.15,619,31.3894,2.24745,0.42057
2762,44,5,5,17,0,1,0,0,10.271,0.05,0.15,619,31.3894,2.61776,0.42057
2763,182,12,12,40,0,1,0,0,75.139,0.05,0.15,619,31.3894,2.22061,0.42057
2764,13,0,0,3,0,1,0,0,-24.773,0.05,0.15,619,31.3894,7.26923,0.42057
2765,375,34,34,87,0,1,0,0,243.664,0.05,0.15,619,31.3894,2.34782,0.42057
2766,33,3,3,13,0,1,0,0,-1.555,0.05,0.15,619,31.3894,2.61439,0.42057
2767,153,15,15,43,0,1,0,0,88.295,0.05,0.15,619,31.3894,2.56118,0.42057
2768,335,13,13,49,0,1,0,0,108.041,0.05,0.15,620,31.3894,2.11181,0.42016
2769,139,14,14,39,0,1,0,0,75.152,0.05,0.15,620,31.3894,2.48788,0.42016
2770,197,17,17,46,0,1,0,0,100.79,0.05,0.15,620,31.3894,2.18754,0.42016
2771,38,6,6,13,0,1,0,0,3.945,0.05,0.15,620,31.3894,3.34314,0.42016
2772,400,42,42,110,0,0,0,1,317.349,0.05,0.15,620,31.3894,2.26764,0.42016
2773,136,12,12,34,0,1,0,0,69.433,0.05,0.15,620,31.3894,2.47663,0.42016
2774,400,43,43,109,0,0,0,1,334.008,0.05,0.15,620,31.3894,2.23875,0.42016
2775,293,31,31,81,0,1,0,0,190.014,0.05,0.15,620,31.3894,2.47839,0.42016
2776,197,21,21,56,0,1,0,0,134.413,0.05,0.15,620,31.3894,2.724,0.42016
2777,400,36,36,91,0,0,0,1,293.263,0.05,0.15,620,31.3894,1.99927,0.42016
2778,219,22,22,60,0,1,0,0,148.914,0.05,0.15,620,31.3894,2.29751,0.42016
2779,119,16,16,36,0,1,0,0,78.697,0.05,0.15,620,31.3894,2.50365,0.42016
2780,400,27,27,65,0,0,0,1,221.173,0.05,0.15,620,31.3894,2.19033,0.42016
2781,400,9,9,30,0,0,0,1,115.47,0.05,0.15,620,31.3894,1.67794,0.42016
2782,291,22,22,47,0,1,0,0,152.06,0.05,0.15,620,31.3894,1.92493,0.42016
2783,14,1,1,2,0,1,0,0,-21.387,0.05,0.15,620,31.3894,4.3828,0.42016
2784,92,6,6,13,0,1,0,0,23.748,0.05,0.15,620,31.3894,2.39795,0.42016
2785,189,19,19,44,0,1,0,0,116.859,0.05,0.15,620,31.3894,2.22291,0.42016
2786,238,22,22,44,0,1,0,0,123.664,0.05,0.15,620,31.3894,2.32437,0.42016
2787,18,1,1,4,0,1,0,0,-19.499,0.05,0.15,620,31.3894,3.9494,0.42016
2788,400,24,24,52,0,0,0,1,195.746,0.05,0.15,620,31.3894,2.07316,0.42016
2789,17,1,1,7,0,1,0,0,-16.115,0.05,0.15,620,31.3894,4.61027,0.42016
2790,5,0,0,2,0,1,0,0,-31.952,0.05,0.15,620,31.3894,3.07385,0.42016
2791,294,15,15,36,0,1,0,0,98.123,0.05,0.15,620,31.3894,2.24425,0.42016
2792,400,36,36,77,0,0,0,1,272.693,0.05,0.15,620,31.3894,2.29516,0.42016
2793,13,0,0,5,0,1,0,0,-23.573,0.05,0.15,620,31.3894,7.20956,0.42016
2794,400,22,22,55,0,0,0,1,190.837,0.05,0.15,620,31.3894,2.29493,0.42016
2795,400,37,37,89,0,0,0,1,284.478,0.05,0.15,620,31.3894,2.24146,0.42016
2796,5,0,0,4,0,1,0,0,-32.806,0.05,0.15,620,31.3894,3.05061,0.42016
2797,19,1,1,6,0,1,0,0,-15.783,0.05,0.15,620,31.3894,3.25231,0.42016
2798,400,34,34,89,0,0,0,1,275.425,0.05,0.15,620,31.3894,2.42318,0.42016
2799,267,23,23,56,0,1,0,0,141.783,0.05,0.15,620,31.3894,2.43646,0.42016
2800,61,5,5,16,0,1,0,0,15.932,0.05,0.15,620,31.3894,2.45544,0.42016
2801,17,2,2,5,0,1,0,0,-15.043,0.05,0.15,620,31.3894,4.73692,0.42016
2802,400,34,34,81,0,0,0,1,252.073,0.05,0.15,620,31.3894,2.27959,0.42016
2803,280,9,9,22,0,1,0,0,52.832,0.05,0.15,620,31.3894,2.0347,0.42016
2804,128,10,10,19,0,1,0,0,38.786,0.05,0.15,620,31.3894,2.56578,0.42016
2805,400,18,18,44,0,0,0,1,168.568,0.05,0.15,620,31.3894,1.41205,0.42016
2806,400,18,18,40,0,0,0,1,182.444,0.05,0.15,620,31.3894,0.85707,0.42016
2807,400,12,12,31,0,0,0,1,142.525,0.05,0.15,620,31.3894,1.40998,0.42016
2808,400,20,20,50,0,0,0,1,188.858,0.05,0.15,620,31.3894,1.44223,0.42016
2809,20,2,2,4,0,1,0,0,-19.537,0.05,0.15,620,31.3894,5.13401,0.42016
2810,72,8,8,16,0,1,0,0,28.196,0.05,0.15,620,31.3894,2.98124,0.42016
2811,52,5,5,10,0,1,0,0,9.099,0.05,0.15,620,31.3894,2.76557,0.42016
2812,257,18,18,59,0,1,0,0,129.338,0.05,0.15,620,31.3894,1.99661,0.42016
2813,172,18,18,52,0,1,0,0,113.995,0.05,0.15,620,31.3894,2.3124,0.42016
2814,95,12,12,33,0,1,0,0,52.192,0.05,0.15,620,31.3894,2.77318,0.42016
2815,394,36,36,92,0,1,0,0,244.981,0.05,0.15,620,31.3894,2.04815,0.42016
2816,342,25,25,55,0,1,0,0,165.13,0.05,0.15,620,31.3894,2.2331,0.42016
2817,400,32,32,89,0,0,0,1,272.441,0.05,0.15,620,31.3894,1.91865,0.42016
2818,69,7,7,17,0,1,0,0,18.213,0.05,0.15,620,31.3894,3.13259,0.42016
2819,325,30,30,87,0,1,0,0,195.0,0.05,0.15,620,31.3894,2.31216,0.42016
2820,400,33,33,72,0,0,0,1,235.052,0.05,0.15,620,31.3894,1.83405,0.42016
2821,157,13,13,42,0,1,0,0,79.613,0.05,0.15,620,31.3894,2.16929,0.42016
2822,29,3,3,8,0,1,0,0,-6.562,0.05,0.15,620,31.3894,2.72319,0.42016
2823,91,11,11,30,0,1,0,0,52.909,0.05,0.15,620,31.3894,2.6329,0.42016
2824,400,35,35,82,0,0,0,1,258.468,0.05,0.15,620,31.3894,2.53077,0.42016
2825,400,23,23,69,0,0,0,1,214.778,0.05,0.15,620,31.3894,2.14491,0.42016
2826,13,0,0,3,0,1,0,0,-24.773,0.05,0.15,620,31.3894,7.28426,0.42016
2827,194,18,18,47,0,1,0,0,113.127,0.05,0.15,620,31.3894,2.64947,0.42016
2828,400,8,8,27,0,0,0,1,112.89,0.05,0.15,620,31.3894,1.63097,0.42016
2829,400,16,16,45,0,0,0,1,176.662,0.05,0.15,620,31.3894,1.06566,0.42016
2830,252,27,27,67,0,1,0,0,169.14,0.05,0.15,620,31.3894,2.17694,0.42016
2831,251,19,19,57,0,1,0,0,140.974,0.05,0.15,620,31.3894,2.29659,0.42016
2832,15,1,1,7,0,1,0,0,-18.305,0.05,0.15,620,31.3894,3.84472,0.42016
2833,400,14,14,35,0,0,0,1,118.078,0.05,0.15,620,31.3894,1.58292,0.42016
2834,57,1,1,13,0,1,0,0,-4.661,0.05,0.15,620,31.3894,3.40397,0.42016
2835,385,35,35,78,0,1,0,0,223.477,0.05,0.15,620,31.3894,2.50199,0.42016
2836,65,5,5,20,0,1,0,0,15.528,0.05,0.15,620,31.3894,2.9641,0.42016
2837,400,42,42,103,0,0,0,1,285.006,0.05,0.15,620,31.3894,2.58177,0.42016
2838,177,13,13,46,0,1,0,0,68.834,0.05,0.15,620,31.3894,2.69628,0.42016
2839,15,0,0,5,0,1,0,0,-28.096,0.05,0.15,620,31.3894,7.66523,0.42016
2840,49,3,3,18,0,1,0,0,0.416,0.05,0.15,620,31.3894,3.93435,0.42016
2841,123,14,14,36,0,1,0,0,66.378,0.05,0.15,620,31.3894,3.08461,0.42016
2842,27,2,2,8,0,1,0,0,-13.123,0.05,0.15,620,31.3894,4.01889,0.42016
2843,13,0,0,2,0,1,0,0,-27.175,0.05,0.15,620,31.3894,9.46081,0.42016
2844,166,16,16,41,0,1,0,0,89.786,0.05,0.15,620,31.3894,2.85561,0.42016
2845,32,3,3,7,0,1,0,0,-5.391,0.05,0.15,620,31.3894,3.27669,0.42016
2846,371,34,34,79,0,1,0,0,229.409,0.05,0.15,620,31.3894,2.28922,0.42016
2847,259,25,25,67,0,1,0,0,174.364,0.05,0.15,620,31.3894,2.53426,0.42016
2848,400,34,34,93,0,0,0,1,279.152,0.05,0.15,620,31.3894,2.12593,0.42016
2849,314,38,38,88,0,1,0,0,245.549,0.05,0.15,620,31.3894,2.31931,0.42016
2850,36,6,6,12,0,1,0,0,6.478,0.05,0.15,620,31.3894,4.00034,0.42016
2851,400,45,45,118,0,0,0,1,340.018,0.05,0.15,620,31.3894,2.18289,0.42016
2852,131,13,13,41,0,1,0,0,77.767,0.05,0.15,620,31.3894,2.3593,0.42016
2853,243,30,30,75,0,1,0,0,187.635,0.05,0.15,620,31.3894,2.24503,0.42016
2854,400,44,44,115,0,0,0,1,340.152,0.05,0.15,620,31.3894,2.22188,0.42016
2855,203,23,23,63,0,1,0,0,148.637,0.05,0.15,620,31.3894,2.1704,0.42016
2856,198,23,23,54,0,1,0,0,134.091,0.05,0.15,620,31.3894,2.41355,0.42016
2857,363,38,38,95,0,1,0,0,260.468,0.05,0.15,620,31.3894,2.19135,0.42016
2858,400,37,37,92,0,0,0,1,293.534,0.05,0.15,620,31.3894,2.16531,0.42016
2859,193,22,22,56,0,1,0,0,131.416,0.05,0.15,620,31.3894,2.46698,0.42016
2860,80,11,11,34,0,1,0,0,54.085,0.05,0.15,620,31.3894,2.69088,0.42016
2861,334,28,28,73,0,1,0,0,202.622,0.05,0.15,620,31.3894,2.36113,0.42016
2862,97,9,9,30,0,1,0,0,46.056,0.05,0.15,620,31.3894,2.57434,0.42016
2863,78,11,11,25,0,1,0,0,44.347,0.05,0.15,620,31.3894,2.65778,0.42016
2864,400,34,34,97,0,0,0,1,289.766,0.05,0.15,620,31.3894,2.24964,0.42016
2865,400,43,43,99,0,0,0,1,318.181,0.05,0.15,620,31.3894,2.11666,0.42016
2866,206,21,21,53,0,1,0,0,125.293,0.05,0.15,620,31.3894,2.27138,0.42016
2867,400,45,45,110,0,0,0,1,343.801,0.05,0.15,620,31.3894,2.09408,0.42016
2868,400,42,42,100,0,0,0,1,326.527,0.05,0.15,620,31.3894,2.05835,0.42016
2869,44,6,6,19,0,1,0,0,12.284,0.05,0.15,620,31.3894,3.20882,0.42016
2870,400,44,44,112,0,0,0,1,345.119,0.05,0.15,620,31.3894,2.22449,0.42016
2871,388,39,39,96,0,1,0,0,273.177,0.05,0.15,620,31.3894,2.13947,0.42016
2872,348,38,38,90,0,1,0,0,256.468,0.05,0.15,620,31.3894,2.01172,0.42016
2873,261,30,30,72,0,1,0,0,190.268,0.05,0.15,620,31.3894,2.2053,0.42016
2874,400,42,42,106,0,0,0,1,327.166,0.05,0.15,620,31.3894,2.04182,0.42016
2875,296,33,33,78,0,1,0,0,216.223,0.05,0.15,620,31.3894,2.25716,0.42016
2876,145,15,15,41,0,1,0,0,87.07,0.05,0.15,620,31.3894,2.5213,0.42016
2877,390,43,43,114,0,1,0,0,292.481,0.05,0.15,620,31.3894,2.31396,0.42016
2878,400,40,40,99,0,0,0,1,312.41,0.05,0.15,620,31.3894,2.14993,0.42016
2879,400,43,43,95,0,0,0,1,319.39,0.05,0.15,620,31.3894,1.89339,0.42016
2880,15,0,0,6,0,1,0,0,-23.531,0.05,0.15,620,31.3894,6.05567,0.42016
2881,400,41,41,103,0,0,0,1,322.081,0.05,0.15,620,31.3894,2.18133,0.42016
2882,38,3,3,10,0,1,0,0,-4.504,0.05,0.15,620,31.3894,3.68122,0.42016
2883,400,42,42,113,0,0,0,1,336.881,0.05,0.15,620,31.3894,2.0534,0.42016
2884,400,42,42,96,0,0,0,1,320.815,0.05,0.15,620,31.3894,2.01013,0.42016
2885,400,45,45,102,0,0,0,1,338.233,0.05,0.15,620,31.3894,2.20928,0.42016
2886,400,47,47,107,0,0,0,1,348.207,0.05,0.15,620,31.3894,2.22409,0.42016
2887,67,6,6,16,0,1,0,0,15.775,0.05,0.15,620,31.3894,3.32829,0.42016
2888,7,0,0,5,0,1,0,0,-23.448,0.05,0.15,620,31.3894,7.29464,0.42016
2889,14,0,0,4,0,1,0,0,-25.923,0.05,0.15,620,31.3894,8.86073,0.42016
2890,29,1,1,6,0,1,0,0,-16.536,0.05,0.15,620,31.3894,3.87114,0.42016
2891,41,5,5,16,0,1,0,0,3.486,0.05,0.15,620,31.3894,3.71743,0.42016
2892,301,23,23,75,0,1,0,0,167.57,0.05,0.15,620,31.3894,2.57393,0.42016
2893,400,41,41,111,0,0,0,1,326.039,0.05,0.15,620,31.3894,2.11012,0.42016
2894,400,43,43,116,0,0,0,1,335.983,0.05,0.15,620,31.3894,2.34327,0.42016
2895,331,40,40,105,0,1,0,0,268.086,0.05,0.15,620,31.3894,2.07677,0.42016
2896,400,47,47,106,0,0,0,1,336.257,0.05,0.15,620,31.3894,2.27125,0.42016
2897,115,7,7,27,0,1,0,0,36.505,0.05,0.15,620,31.3894,2.94353,0.42016
2898,20,2,2,6,0,1,0,0,-16.653,0.05,0.15,620,31.3894,6.61036,0.42016
2899,79,9,9,18,0,1,0,0,35.607,0.05,0.15,620,31.3894,3.07715,0.42016
2900,400,38,38,99,0,0,0,1,291.901,0.05,0.15,620,31.3894,2.40722,0.42043
2901,400,37,37,99,0,0,0,1,295.199,0.05,0.15,620,31.3894,2.03051,0.42043
2902,39,4,4,12,0,1,0,0,2.215,0.05,0.15,620,31.3894,3.13046,0.42043
2903,60,5,5,17,0,1,0,0,12.532,0.05,0.15,620,31.3894,2.66303,0.42043
2904,337,38,38,94,0,1,0,0,257.504,0.05,0.15,620,31.3894,2.25862,0.42043
2905,400,41,41,106,0,0,0,1,320.746,0.05,0.15,620,31.3894,1.8841,0.42043
2906,400,43,43,112,0,0,0,1,336.414,0.05,0.15,620,31.3894,1.98182,0.42043
2907,17,1,1,7,0,1,0,0,-16.979,0.05,0.15,620,31.3894,6.58192,0.42043
2908,360,40,40,101,0,1,0,0,272.616,0.05,0.15,620,31.3894,2.21923,0.42043
2909,400,39,39,105,0,0,0,1,314.174,0.05,0.15,620,31.3894,2.02297,0.42043
2910,40,2,2,13,0,1,0,0,-7.544,0.05,0.15,620,31.3894,3.47362,0.42043
2911,5,0,0,2,0,1,0,0,-25.654,0.05,0.15,620,31.3894,9.18302,0.42043
2912,202,27,27,60,0,1,0,0,152.954,0.05,0.15,620,31.3894,2.50855,0.42043
2913,258,28,28,64,0,1,0,0,177.588,0.05,0.15,620,31.3894,2.4297,0.42043
2914,216,24,24,54,0,1,0,0,144.546,0.05,0.15,620,31.3894,2.59559,0.42043
2915,132,11,11,37,0,1,0,0,61.733,0.05,0.15,620,31.3894,3.50834,0.42043
2916,400,34,34,90,0,0,0,1,274.558,0.05,0.15,620,31.3894,2.49443,0.42043
2917,26,1,1,6,0,1,0,0,-15.261,0.05,0.15,620,31.3894,3.92453,0.42043
2918,169,10,10,38,0,1,0,0,56.068,0.05,0.15,620,31.3894,3.16377,0.42043
2919,16,1,1,4,0,1,0,0,-19.639,0.05,0.15,620,31.3894,4.77414,0.42043
2920,211,26,26,59,0,1,0,0,155.44,0.05,0.15,620,31.3894,2.55607,0.42043
2921,233,17,17,51,0,1,0,0,111.021,0.05,0.15,620,31.3894,2.42938,0.42043
2922,125,12,12,42,0,1,0,0,64.876,0.05,0.15,620,31.3894,2.84942,0.42043
2923,249,32,32,73,0,1,0,0,169.755,0.05,0.15,620,31.3894,3.13925,0.42043
2924,74,7,7,17,0,1,0,0,16.267,0.05,0.15,620,31.3894,2.91074,0.42043
2925,400,32,32,70,0,0,0,1,256.36,0.05,0.15,620,31.3894,1.68565,0.42043
2926,400,40,40,90,0,0,0,1,297.121,0.05,0.15,620,31.3894,2.0602,0.42043
2927,54,0,0,10,0,1,0,0,-13.132,0.05,0.15,620,31.3894,2.72633,0.42043
2928,178,16,16,46,0,1,0,0,101.52,0.05,0.15,620,31.3894,2.59564,0.42043
2929,400,36,36,94,0,0,0,1,300.795,0.05,0.15,620,31.3894,1.75125,0.42043
2930,180,22,22,55,0,1,0,0,128.694,0.05,0.15,620,31.3894,2.73665,0.42043
2931,56,3,3,13,0,1,0,0,6.382,0.05,0.15,620,31.3894,3.12913,0.42043
2932,143,18,18,37,0,1,0,0,87.259,0.05,0.15,620,31.3894,2.56017,0.42043
2933,120,12,12,37,0,1,0,0,56.186,0.05,0.15,620,31.3894,3.35895,0.42043
2934,141,15,15,41,0,1,0,0,76.011,0.05,0.15,620,31.3894,2.79387,0.42043
2935,400,36,36,85,0,0,0,1,281.721,0.05,0.15,620,31.3894,2.00755,0.42043
2936,400,30,30,61,0,0,0,1,242.805,0.05,0.15,620,31.3894,1.65685,0.42043
2937,400,32,32,78,0,0,0,1,254.934,0.05,0.15,620,31.3894,1.99037,0.42043
2938,400,35,35,80,0,0,0,1,263.061,0.05,0.15,620,31.3894,1.92049,0.42043
2939,400,38,38,107,0,0,0,1,270.582,0.05,0.15,620,31.3894,2.70333,0.42043
2940,17,2,2,7,0,1,0,0,-15.757,0.05,0.15,620,31.3894,7.25077,0.42043
2941,243,25,25,74,0,1,0,0,176.248,0.05,0.15,620,31.3894,2.44064,0.42043
2942,126,14,14,41,0,1,0,0,84.528,0.05,0.15,620,31.3894,2.57768,0.42043
2943,31,1,1,11,0,1,0,0,-14.573,0.05,0.15,620,31.3894,4.10473,0.42043
2944,400,42,42,97,0,0,0,1,324.351,0.05,0.15,620,31.3894,2.17175,0.42043
2945,400,38,38,94,0,0,0,1,286.613,0.05,0.15,620,31.3894,2.17637,0.42043
2946,366,37,37,95,0,1,0,0,247.451,0.05,0.15,620,31.3894,2.12422,0.42043
2947,254,24,24,58,0,1,0,0,150.945,0.05,0.15,620,31.3894,2.00415,0.42043
2948,400,27,27,72,0,0,0,1,237.298,0.05,0.15,620,31.3894,1.97863,0.42043
2949,400,38,38,103,0,0,0,1,308.387,0.05,0.15,620,31.3894,1.92736,0.42043
2950,400,39,39,101,0,0,0,1,311.236,0.05,0.15,620,31.3894,2.22905,0.42043
2951,400,45,45,99,0,0,0,1,324.347,0.05,0.15,620,31.3894,2.03671,0.42043
2952,400,42,42,96,0,0,0,1,315.045,0.05,0.15,620,31.3894,1.90938,0.42043
2953,106,8,8,25,0,1,0,0,40.211,0.05,0.15,620,31.3894,2.21253,0.42043
2954,5,0,0,3,0,1,0,0,-30.406,0.05,0.15,620,31.3894,12.98003,0.42043
2955,291,28,28,78,0,1,0,0,168.686,0.05,0.15,620,31.3894,2.55522,0.42043
2956,328,32,32,83,0,1,0,0,222.427,0.05,0.15,620,31.3894,2.20013,0.42043
2957,49,4,4,10,0,1,0,0,3.714,0.05,0.15,620,31.3894,2.70411,0.42043
2958,36,1,1,10,0,1,0,0,-15.875,0.05,0.15,620,31.3894,2.28516,0.42043
2959,331,37,37,94,0,1,0,0,243.532,0.05,0.15,620,31.3894,2.21352,0.42043
2960,243,30,30,69,0,1,0,0,182.422,0.05,0.15,620,31.3894,2.32972,0.42043
2961,254,26,26,74,0,1,0,0,177.05,0.05,0.15,620,31.3894,2.32001,0.42043
2962,400,43,43,112,0,0,0,1,338.132,0.05,0.15,620,31.3894,2.09306,0.42043
2963,168,18,18,49,0,1,0,0,113.196,0.05,0.15,620,31.3894,2.38368,0.42043
2964,400,38,38,91,0,0,0,1,304.536,0.05,0.15,620,31.3894,2.02682,0.42043
2965,400,41,41,92,0,0,0,1,305.187,0.05,0.15,620,31.3894,2.27579,0.42043
2966,61,6,6,16,0,1,0,0,18.523,0.05,0.15,620,31.3894,2.83444,0.42043
2967,323,32,32,84,0,1,0,0,223.719,0.05,0.15,620,31.3894,2.23376,0.42043
2968,41,3,3,9,0,1,0,0,-2.447,0.05,0.15,620,31.3894,2.95756,0.42043
2969,213,24,24,65,0,1,0,0,153.585,0.05,0.15,620,31.3894,2.3451,0.42043
2970,271,33,33,87,0,1,0,0,217.416,0.05,0.15,620,31.3894,2.44228,0.42043
2971,96,13,13,28,0,1,0,0,57.297,0.05,0.15,620,31.3894,2.72238,0.42043
2972,400,42,42,115,0,0,0,1,342.234,0.05,0.15,620,31.3894,2.13697,0.42043
2973,35,4,4,9,0,1,0,0,-1.83,0.05,0.15,620,31.3894,3.36024,0.42043
2974,104,14,14,42,0,1,0,0,72.613,0.05,0.15,620,31.3894,2.93944,0.42043
2975,45,3,3,17,0,1,0,0,7.597,0.05,0.15,620,31.3894,3.37665,0.42043
2976,5,0,0,2,0,1,0,0,-28.104,0.05,0.15,620,31.3894,15.08587,0.42043
2977,78,9,9,27,0,1,0,0,37.217,0.05,0.15,620,31.3894,3.23168,0.42043
2978,138,15,15,45,0,1,0,0,85.043,0.05,0.15,620,31.3894,2.64163,0.42043
2979,59,4,4,14,0,1,0,0,9.844,0.05,0.15,620,31.3894,3.43957,0.42043
2980,79,10,10,28,0,1,0,0,43.705,0.05,0.15,620,31.3894,2.86211,0.42043
2981,400,44,44,101,0,0,0,1,328.363,0.05,0.15,620,31.3894,2.0042,0.42043
2982,47,5,5,16,0,1,0,0,9.656,0.05,0.15,620,31.3894,3.53298,0.42043
2983,18,2,2,12,0,1,0,0,-9.241,0.05,0.15,620,31.3894,3.70423,0.42043
2984,296,36,36,94,0,1,0,0,229.883,0.05,0.15,620,31.3894,2.33232,0.42043
2985,23,1,1,7,0,1,0,0,-19.926,0.05,0.15,620,31.3894,5.8576,0.42043
2986,278,27,27,68,0,1,0,0,176.881,0.05,0.15,620,31.3894,2.59505,0.42043
2987,62,2,2,22,0,1,0,0,7.294,0.05,0.15,620,31.3894,3.32528,0.42043
2988,400,41,41,109,0,0,0,1,312.256,0.05,0.15,620,31.3894,2.40739,0.42043
2989,400,42,42,110,0,0,0,1,323.282,0.05,0.15,620,31.3894,2.26269,0.42043
2990,400,40,40,101,0,0,0,1,288.656,0.05,0.15,620,31.3894,2.36624,0.42043
2991,17,1,1,7,0,1,0,0,-16.979,0.05,0.15,620,31.3894,5.34945,0.42043
2992,400,44,44,111,0,0,0,1,328.285,0.05,0.15,620,31.3894,2.05247,0.42043
2993,367,37,37,110,0,1,0,0,264.806,0.05,0.15,620,31.3894,2.33773,0.42043
2994,306,33,33,85,0,1,0,0,208.168,0.05,0.15,620,31.3894,2.31621,0.42043
2995,400,43,43,111,0,0,0,1,313.863,0.05,0.15,620,31.3894,2.12894,0.42043
2996,10,0,0,4,0,1,0,0,-31.746,0.05,0.15,620,31.3894,3.48254,0.42043
2997,400,38,38,94,0,0,0,1,292.85,0.05,0.15,620,31.3894,2.40822,0.42043
2998,400,39,39,97,0,0,0,1,287.283,0.05,0.15,620,31.3894,2.27567,0.42043
2999,64,6,6,18,0,1,0,0,17.217,0.05,0.15,620,31.3894,2.90547,0.42043
3000,13,0,0,4,0,1,0,0,-24.573,0.05,0.15,620,31.3894,7.86063,0.42043
