round,steps,score,coins,crates,kills,suicides,invalid,survived,total_reward,epsilon,alpha,n_states,max_abs_q,mean_abs_td,coverage
1,15,0,0,6,0,1,0,0,-33.52,0.99833,0.15,144,31.5246,7.32037,0.4213
2,55,1,1,13,0,1,0,0,-30.72,0.99667,0.15,172,31.5246,3.01374,0.39341
3,8,0,0,2,0,1,0,0,-35.16,0.99501,0.15,176,31.5246,12.54286,0.39015
4,20,0,0,4,0,1,0,0,-34.17,0.99336,0.15,177,31.5246,5.60741,0.39736
5,28,2,2,6,0,1,0,0,-25.66,0.9917,0.15,181,31.5246,4.36428,0.39411
6,39,0,0,4,0,1,0,0,-37.44,0.99005,0.15,187,31.5246,3.31728,0.39216
7,5,0,0,3,0,1,0,0,-34.87,0.9884,0.15,188,31.5246,19.83026,0.39184
8,5,0,0,4,0,1,0,0,-39.32,0.98676,0.15,192,31.5246,20.95966,0.38802
9,13,0,0,4,0,1,0,0,-37.31,0.98511,0.15,197,31.5246,9.11122,0.38325
10,6,0,0,4,0,1,0,0,-37.4,0.98347,0.15,197,31.5246,15.56309,0.38409
11,17,0,0,6,0,1,0,0,-32.58,0.98183,0.15,197,31.5246,5.90769,0.38409
12,8,0,0,3,0,1,0,0,-37.56,0.9802,0.15,197,31.5246,12.27186,0.38494
13,5,0,0,3,0,1,0,0,-37.07,0.97857,0.15,197,31.5246,16.70758,0.38494
14,10,0,0,3,0,1,0,0,-37.92,0.97694,0.15,197,31.5246,8.54832,0.38579
15,15,0,0,6,0,1,0,0,-31.97,0.97531,0.15,197,31.5246,5.54393,0.38832
16,5,0,0,3,0,1,0,0,-37.87,0.97369,0.15,197,31.5246,19.83234,0.38917
17,7,0,0,3,0,1,0,0,-38.13,0.97206,0.15,197,31.5246,11.82847,0.39002
18,57,1,1,13,0,1,0,0,-26.68,0.97045,0.15,216,31.5246,2.85691,0.37886
19,9,0,0,3,0,1,0,0,-37.79,0.96883,0.15,216,31.5246,10.69373,0.37886
20,7,0,0,3,0,1,0,0,-37.43,0.96722,0.15,216,31.5246,11.51784,0.37886
21,23,1,1,8,0,1,0,0,-28.31,0.96561,0.15,222,31.5246,5.84438,0.37613
22,5,0,0,3,0,1,0,0,-34.47,0.964,0.15,222,31.5246,13.50797,0.37613
23,8,0,0,1,0,1,0,0,-37.91,0.96239,0.15,223,31.5246,12.78433,0.37593
24,6,0,0,4,0,1,0,0,-36.6,0.96079,0.15,223,31.5246,12.83476,0.37593
25,5,0,0,2,0,1,0,0,-33.12,0.95919,0.15,225,31.5246,17.23808,0.37407
26,26,0,0,8,0,1,0,0,-32.65,0.95759,0.15,229,31.5246,3.24515,0.37191
27,5,0,0,3,0,1,0,0,-37.87,0.956,0.15,229,31.5246,12.60417,0.37191
28,10,0,0,3,0,1,0,0,-33.82,0.95441,0.15,232,31.5246,9.87287,0.36997
29,26,1,1,6,0,1,0,0,-25.95,0.95282,0.15,235,31.5246,4.7753,0.36879
30,5,0,0,3,0,1,0,0,-37.47,0.95123,0.15,235,31.5246,16.31759,0.36879
31,10,0,0,3,0,1,0,0,-34.92,0.94965,0.15,235,31.5246,7.63758,0.3695
32,6,0,0,3,0,1,0,0,-38.4,0.94806,0.15,235,31.5246,10.67001,0.3695
33,42,3,3,7,0,1,0,0,-20.83,0.94649,0.15,237,31.5246,3.55152,0.3685
34,6,0,0,1,0,1,0,0,-39.2,0.94491,0.15,237,31.5246,16.14959,0.3692
35,6,0,0,2,0,1,0,0,-35.45,0.94334,0.15,238,31.5246,16.69992,0.36905
36,7,0,0,4,0,1,0,0,-37.63,0.94176,0.15,238,31.5246,10.04636,0.36975
37,32,0,0,7,0,1,0,0,-30.73,0.9402,0.15,239,31.5246,3.84961,0.37099
38,10,0,0,4,0,1,0,0,-37.62,0.93863,0.15,239,31.5246,7.50694,0.37099
39,8,0,0,5,0,1,0,0,-32.96,0.93707,0.15,239,31.5246,7.63425,0.37169
40,12,0,0,2,0,1,0,0,-35.63,0.93551,0.15,239,31.5246,8.09879,0.37169
41,34,2,2,5,0,1,0,0,-25.09,0.93395,0.15,247,31.5246,4.08793,0.36707
42,23,0,0,8,0,1,0,0,-36.76,0.93239,0.15,249,31.5246,5.13905,0.36613
43,26,1,1,5,0,1,0,0,-30.45,0.93084,0.15,252,31.5246,3.6964,0.36376
44,8,0,0,3,0,1,0,0,-37.56,0.92929,0.15,252,31.5246,9.69305,0.36376
45,5,0,0,2,0,1,0,0,-38.47,0.92774,0.15,252,31.5246,10.9594,0.36376
46,20,0,0,5,0,1,0,0,-36.47,0.9262,0.15,252,31.5246,4.76772,0.36376
47,8,0,0,1,0,1,0,0,-36.41,0.92466,0.15,252,31.5246,11.85447,0.36376
48,79,2,2,8,0,1,0,0,-28.64,0.92312,0.15,255,31.5246,2.0398,0.36667
49,11,0,0,2,0,1,0,0,-36.2,0.92158,0.15,256,31.5246,9.65693,0.36654
50,28,0,0,4,0,1,0,0,-39.61,0.92004,0.15,256,31.5246,3.77211,0.36654
51,15,0,0,5,0,1,0,0,-35.32,0.91851,0.15,256,31.5246,6.05779,0.36654
52,6,0,0,2,0,1,0,0,-35.45,0.91698,0.15,256,31.5246,13.36882,0.36654
53,11,0,0,3,0,1,0,0,-34.35,0.91546,0.15,257,31.5246,8.60401,0.36576
54,5,0,0,2,0,1,0,0,-33.42,0.91393,0.15,257,31.5246,16.79883,0.36576
55,24,0,0,7,0,1,0,0,-30.59,0.91241,0.15,257,31.5246,4.18049,0.36706
56,16,0,0,3,0,1,0,0,-34.5,0.91089,0.15,257,31.5246,5.43116,0.3677
57,8,0,0,1,0,1,0,0,-36.71,0.90937,0.15,257,31.5246,12.50117,0.36835
58,16,0,0,3,0,1,0,0,-39.4,0.90786,0.15,257,31.5246,7.30584,0.369
59,12,0,0,5,0,1,0,0,-33.18,0.90635,0.15,257,31.5246,6.85765,0.36965
60,5,0,0,2,0,1,0,0,-38.47,0.90484,0.15,257,31.5246,12.335,0.36965
61,29,0,0,3,0,1,0,0,-32.49,0.90333,0.15,259,31.5246,4.03576,0.36808
62,5,0,0,1,0,1,0,0,-36.47,0.90183,0.15,259,31.5246,12.11302,0.36808
63,8,0,0,4,0,1,0,0,-33.56,0.90032,0.15,260,31.5246,8.55372,0.36795
64,51,1,1,8,0,1,0,0,-26.75,0.89883,0.15,261,31.5246,2.19526,0.36845
65,6,0,0,3,0,1,0,0,-36.35,0.89733,0.15,261,31.5246,17.64677,0.36973
66,53,1,1,6,0,1,0,0,-33.21,0.89583,0.15,265,31.5246,2.71937,0.3673
67,15,0,0,3,0,1,0,0,-37.72,0.89434,0.15,265,31.5246,4.93048,0.3673
68,5,0,0,4,0,1,0,0,-36.87,0.89285,0.15,265,31.5246,9.16716,0.3673
69,7,0,0,3,0,1,0,0,-35.13,0.89137,0.15,265,31.5246,6.64323,0.3673
70,36,2,2,9,0,1,0,0,-26.7,0.88988,0.15,266,31.5246,4.04372,0.36717
71,6,0,0,3,0,1,0,0,-38.0,0.8884,0.15,266,31.5246,10.47877,0.36717
72,9,0,0,5,0,1,0,0,-33.49,0.88692,0.15,266,31.5246,7.08874,0.36717
73,29,0,0,2,0,1,0,0,-39.89,0.88544,0.15,266,31.5246,4.35117,0.36842
74,13,0,0,4,0,1,0,0,-30.91,0.88397,0.15,266,31.5246,8.08809,0.36967
75,17,0,0,5,0,1,0,0,-37.38,0.8825,0.15,266,31.5246,5.73756,0.36967
76,44,2,2,9,0,1,0,0,-19.24,0.88103,0.15,268,31.5246,3.28898,0.3694
77,6,0,0,4,0,1,0,0,-37.0,0.87956,0.15,268,31.5246,8.54573,0.3694
78,6,0,0,4,0,1,0,0,-37.4,0.8781,0.15,268,31.5246,10.6287,0.37002
79,7,0,0,4,0,1,0,0,-37.23,0.87663,0.15,268,31.5246,7.99144,0.37002
80,16,0,0,5,0,1,0,0,-33.0,0.87517,0.15,268,31.5246,5.32781,0.37002
81,8,0,0,1,0,1,0,0,-37.91,0.87372,0.15,268,31.5246,13.08755,0.37002
82,37,0,0,7,0,1,0,0,-37.43,0.87226,0.15,268,31.5246,4.37403,0.37065
83,18,0,0,1,0,1,0,0,-37.16,0.87081,0.15,271,31.5246,6.45132,0.369
84,5,0,0,4,0,1,0,0,-36.87,0.86936,0.15,271,31.5246,7.2408,0.369
85,14,0,0,4,0,1,0,0,-37.19,0.86791,0.15,271,31.5246,9.25559,0.369
86,17,0,0,4,0,1,0,0,-32.78,0.86647,0.15,272,31.5246,6.98899,0.36826
87,26,0,0,5,0,1,0,0,-35.9,0.86502,0.15,272,31.5246,5.25112,0.36887
88,15,0,0,3,0,1,0,0,-37.07,0.86358,0.15,272,31.5246,6.46053,0.36887
89,15,0,0,5,0,1,0,0,-32.92,0.86214,0.15,272,31.5246,8.26304,0.36887
90,24,1,1,5,0,1,0,0,-31.49,0.86071,0.15,273,31.5246,5.99793,0.36874
91,22,0,0,0,0,1,0,0,-38.13,0.85927,0.15,273,31.5246,4.91961,0.36935
92,5,0,0,4,0,1,0,0,-37.27,0.85784,0.15,273,31.5246,8.97802,0.36935
93,34,1,1,7,0,1,0,0,-32.39,0.85642,0.15,281,31.5246,4.13398,0.36536
94,17,1,1,3,0,1,0,0,-28.08,0.85499,0.15,283,31.5246,6.78574,0.36455
95,5,0,0,4,0,1,0,0,-36.47,0.85357,0.15,283,31.5246,6.15493,0.36455
96,7,0,0,3,0,1,0,0,-34.93,0.85214,0.15,283,31.5246,15.02473,0.36455
97,5,0,0,4,0,1,0,0,-37.27,0.85072,0.15,283,31.5246,6.57421,0.36455
98,87,4,4,16,0,1,0,0,-15.88,0.84931,0.15,289,31.5246,2.73507,0.36621
99,11,0,0,6,0,1,0,0,-30.8,0.84789,0.15,289,31.5246,6.51499,0.36621
100,23,1,1,5,0,1,0,0,-33.01,0.84648,0.15,290,31.5246,4.69016,0.36552
101,8,0,0,3,0,1,0,0,-38.36,0.84507,0.15,290,31.5246,6.53347,0.36552
102,14,0,0,6,0,1,0,0,-33.14,0.84366,0.15,291,31.5246,5.78616,0.36541
103,64,1,1,5,0,1,0,0,-31.14,0.84226,0.15,293,31.5246,2.76664,0.36405
104,35,2,2,8,0,1,0,0,-17.67,0.84086,0.15,293,31.5246,3.30659,0.36405
105,50,1,1,8,0,1,0,0,-30.87,0.83946,0.15,296,31.5246,3.66105,0.36261
106,7,0,0,4,0,1,0,0,-36.83,0.83806,0.15,296,31.5246,11.70011,0.36261
107,23,0,0,5,0,1,0,0,-37.31,0.83666,0.15,301,31.5246,4.73739,0.36047
108,15,0,0,0,0,1,0,0,-36.92,0.83527,0.15,301,31.5246,6.1123,0.36047
109,6,0,0,2,0,1,0,0,-39.0,0.83388,0.15,301,31.5246,9.64657,0.36047
110,11,0,0,6,0,1,0,0,-33.8,0.83249,0.15,303,31.5246,10.04111,0.35974
111,22,0,0,8,0,1,0,0,-37.53,0.8311,0.15,303,31.5246,5.78811,0.36029
112,54,1,1,6,0,1,0,0,-31.74,0.82972,0.15,303,31.5246,2.8175,0.36084
113,41,3,3,12,0,1,0,0,-20.5,0.82834,0.15,306,31.5246,3.97827,0.36002
114,14,0,0,3,0,1,0,0,-34.34,0.82696,0.15,307,31.5246,7.70584,0.35993
115,5,0,0,3,0,1,0,0,-37.87,0.82558,0.15,307,31.5246,17.61217,0.35993
116,23,2,2,8,0,1,0,0,-23.16,0.82421,0.15,307,31.5246,5.43837,0.35993
117,5,0,0,3,0,1,0,0,-34.97,0.82283,0.15,307,31.5246,19.764,0.35993
118,19,0,0,6,0,1,0,0,-37.09,0.82146,0.15,307,31.5246,5.70852,0.35993
119,10,0,0,3,0,1,0,0,-36.27,0.8201,0.15,307,31.5246,9.92117,0.35993
120,23,2,2,4,0,1,0,0,-26.31,0.81873,0.15,307,31.5246,5.68102,0.35993
121,57,2,2,8,0,1,0,0,-27.78,0.81737,0.15,311,31.5246,3.90517,0.35745
122,16,1,1,4,0,1,0,0,-29.45,0.81601,0.15,314,31.5246,6.70432,0.35616
123,11,0,0,4,0,1,0,0,-37.35,0.81465,0.15,314,31.5246,8.84351,0.35669
124,17,0,0,0,0,1,0,0,-40.93,0.81329,0.15,314,31.5246,6.50098,0.35775
125,21,1,1,5,0,1,0,0,-33.05,0.81194,0.15,314,31.5246,4.89922,0.35828
126,5,0,0,2,0,1,0,0,-38.47,0.81058,0.15,314,31.5246,17.60727,0.35881
127,17,1,1,3,0,1,0,0,-30.13,0.80923,0.15,315,31.5246,6.50423,0.35926
128,17,0,0,3,0,1,0,0,-32.73,0.80789,0.15,315,31.5246,5.8078,0.35926
129,14,0,0,3,0,1,0,0,-31.29,0.80654,0.15,315,31.5246,7.20796,0.35926
130,76,2,2,15,0,1,0,0,-19.3,0.8052,0.15,328,31.5246,2.81565,0.35671
131,5,0,0,4,0,1,0,0,-37.27,0.80386,0.15,328,31.5246,7.47127,0.35671
132,35,0,0,6,0,1,0,0,-36.87,0.80252,0.15,329,31.5246,4.83421,0.35613
133,6,0,0,2,0,1,0,0,-35.05,0.80118,0.15,329,31.5246,12.421,0.35613
134,13,0,0,3,0,1,0,0,-37.41,0.79985,0.15,329,31.5246,7.7995,0.35613
135,29,1,1,9,0,1,0,0,-27.44,0.79852,0.15,329,31.5246,4.25052,0.35714
136,53,3,3,12,0,1,0,0,-23.21,0.79719,0.15,331,31.5246,3.26192,0.357
137,36,1,1,9,0,1,0,0,-30.75,0.79586,0.15,332,31.5246,5.0532,0.35693
138,13,0,0,5,0,1,0,0,-32.81,0.79453,0.15,332,31.5246,5.81506,0.35693
139,46,3,3,9,0,1,0,0,-17.65,0.79321,0.15,334,31.5246,3.53726,0.35978
140,28,3,3,10,0,1,0,0,-14.21,0.79189,0.15,337,31.5246,5.10716,0.35955
141,7,0,0,4,0,1,0,0,-37.23,0.79057,0.15,337,31.5246,9.22117,0.35955
142,5,0,0,3,0,1,0,0,-37.47,0.78925,0.15,337,31.5246,9.56084,0.35955
143,19,0,0,7,0,1,0,0,-26.89,0.78794,0.15,337,31.5246,4.92117,0.36004
144,29,1,1,6,0,1,0,0,-30.74,0.78663,0.15,338,31.5246,4.46921,0.35996
145,69,4,4,13,0,1,0,0,-13.09,0.78532,0.15,340,31.5246,2.86856,0.36275
146,8,0,0,4,0,1,0,0,-36.86,0.78401,0.15,340,31.5246,8.14101,0.36275
147,15,0,0,3,0,1,0,0,-36.17,0.7827,0.15,340,31.5246,5.13809,0.36275
148,5,0,0,4,0,1,0,0,-37.67,0.7814,0.15,340,31.5246,5.90201,0.36275
149,33,0,0,8,0,1,0,0,-33.81,0.7801,0.15,340,31.5246,3.53151,0.36275
150,28,1,1,8,0,1,0,0,-22.36,0.7788,0.15,340,31.5246,4.59576,0.36373
151,17,1,1,5,0,1,0,0,-27.78,0.7775,0.15,340,31.5246,5.91494,0.36373
152,9,0,0,4,0,1,0,0,-36.79,0.77621,0.15,340,31.5246,5.32846,0.36373
153,19,1,1,4,0,1,0,0,-29.49,0.77492,0.15,340,31.5246,5.73465,0.36471
154,5,0,0,3,0,1,0,0,-36.22,0.77363,0.15,340,31.5246,11.39998,0.36471
155,5,0,0,2,0,1,0,0,-38.47,0.77234,0.15,340,31.5246,5.63071,0.36471
156,25,2,2,6,0,1,0,0,-27.72,0.77105,0.15,340,31.5246,4.45287,0.36471
157,35,1,1,9,0,1,0,0,-25.47,0.76977,0.15,340,31.5246,3.91058,0.36471
158,6,0,0,1,0,1,0,0,-36.05,0.76849,0.15,340,31.5246,14.22165,0.36471
159,19,0,0,4,0,1,0,0,-37.24,0.76721,0.15,341,31.5246,6.90076,0.36461
160,22,1,1,6,0,1,0,0,-31.13,0.76593,0.15,342,31.5246,5.36059,0.36404
161,5,0,0,3,0,1,0,0,-37.07,0.76465,0.15,342,31.5246,9.83269,0.36404
162,37,1,1,9,0,1,0,0,-28.98,0.76338,0.15,342,31.5246,3.59814,0.36452
163,41,4,4,10,0,1,0,0,-17.35,0.76211,0.15,343,31.5246,4.65601,0.36492
164,23,2,2,4,0,1,0,0,-28.01,0.76084,0.15,343,31.5246,4.65816,0.36492
165,45,1,1,4,0,1,0,0,-32.02,0.75957,0.15,344,31.5246,3.15119,0.36483
166,16,0,0,7,0,1,0,0,-31.5,0.75831,0.15,344,31.5246,5.05369,0.36483
167,21,1,1,6,0,1,0,0,-29.25,0.75704,0.15,344,31.5246,4.89647,0.36483
168,121,7,7,20,0,1,0,0,-3.3,0.75578,0.15,351,31.5246,2.39535,0.36752
169,6,0,0,3,0,1,0,0,-34.45,0.75453,0.15,351,31.5246,13.18267,0.36752
170,5,0,0,3,0,1,0,0,-37.47,0.75327,0.15,351,31.5246,6.45624,0.36752
171,5,0,0,2,0,1,0,0,-38.07,0.75201,0.15,351,31.5246,4.96659,0.36752
172,35,2,2,8,0,1,0,0,-16.82,0.75076,0.15,351,31.5246,3.63441,0.36752
173,17,0,0,3,0,1,0,0,-33.28,0.74951,0.15,351,31.5246,5.93546,0.36752
174,39,3,3,11,0,1,0,0,-16.49,0.74826,0.15,352,31.5246,3.80251,0.36695
175,14,0,0,5,0,1,0,0,-31.49,0.74702,0.15,352,31.5246,7.45006,0.36695
176,6,0,0,3,0,1,0,0,-36.5,0.74577,0.15,352,31.5246,11.68688,0.36695
177,5,0,0,3,0,1,0,0,-38.27,0.74453,0.15,352,31.5246,8.50062,0.36695
178,19,1,1,4,0,1,0,0,-26.34,0.74329,0.15,352,31.5246,5.99474,0.36742
179,5,0,0,2,0,1,0,0,-35.87,0.74205,0.15,352,31.5246,15.88554,0.36742
180,18,0,0,3,0,1,0,0,-35.86,0.74082,0.15,352,31.5246,3.98549,0.36742
181,51,2,2,9,0,1,0,0,-20.75,0.73958,0.15,352,31.5246,3.93001,0.3679
182,31,0,0,9,0,1,0,0,-32.15,0.73835,0.15,352,31.5246,4.56739,0.36837
183,5,0,0,2,0,1,0,0,-38.07,0.73712,0.15,352,31.5246,6.00439,0.36837
184,8,0,0,4,0,1,0,0,-36.56,0.7359,0.15,352,31.5246,7.41185,0.36837
185,47,4,4,9,0,1,0,0,-13.58,0.73467,0.15,353,31.5246,3.86051,0.36874
186,5,0,0,4,0,1,0,0,-36.87,0.73345,0.15,353,31.5246,3.58962,0.36874
187,5,0,0,4,0,1,0,0,-37.27,0.73223,0.15,353,31.5246,6.59163,0.36874
188,19,0,0,5,0,1,0,0,-30.94,0.73101,0.15,353,31.5246,5.04881,0.36874
189,15,0,0,3,0,1,0,0,-35.42,0.72979,0.15,353,31.5246,4.25433,0.36874
190,37,1,1,8,0,1,0,0,-30.78,0.72857,0.15,353,31.5246,3.16561,0.36922
191,23,0,0,3,0,1,0,0,-39.11,0.72736,0.15,353,31.5246,3.11675,0.36922
192,9,0,0,2,0,1,0,0,-35.54,0.72615,0.15,353,31.5246,5.69382,0.36922
193,22,1,1,8,0,1,0,0,-24.88,0.72494,0.15,353,31.5246,5.00707,0.36969
194,22,1,1,2,0,1,0,0,-29.18,0.72373,0.15,353,31.5246,4.48588,0.37016
195,25,0,0,5,0,1,0,0,-37.07,0.72253,0.15,353,31.5246,4.35544,0.37016
196,28,0,0,3,0,1,0,0,-35.51,0.72132,0.15,353,31.5246,4.07959,0.37063
197,24,1,1,6,0,1,0,0,-27.94,0.72012,0.15,353,31.5246,4.44163,0.37063
198,15,0,0,4,0,1,0,0,-38.07,0.71892,0.15,353,31.5246,2.37594,0.37063
199,5,0,0,1,0,1,0,0,-37.82,0.71773,0.15,353,31.5246,13.74848,0.37063
200,19,1,1,5,0,1,0,0,-27.59,0.71653,0.15,353,31.5246,5.50294,0.37063
201,46,0,0,5,0,1,0,0,-39.05,0.71534,0.15,353,31.5246,3.42758,0.37158
202,7,0,0,3,0,1,0,0,-37.83,0.71415,0.15,353,31.5246,6.50674,0.37158
203,23,1,1,3,0,1,0,0,-27.36,0.71296,0.15,353,31.5246,5.1739,0.37205
204,32,1,1,8,0,1,0,0,-27.68,0.71177,0.15,356,31.5246,4.28981,0.37172
205,33,2,2,7,0,1,0,0,-26.16,0.71059,0.15,356,31.5246,4.22107,0.37172
206,5,0,0,3,0,1,0,0,-37.47,0.7094,0.15,356,31.5246,4.62117,0.37172
207,18,1,1,6,0,1,0,0,-26.61,0.70822,0.15,356,31.5246,5.8335,0.37172
208,15,1,1,4,0,1,0,0,-28.37,0.70704,0.15,356,31.5246,4.19567,0.37172
209,19,0,0,2,0,1,0,0,-39.49,0.70586,0.15,356,31.5246,3.07987,0.37172
210,8,0,0,3,0,1,0,0,-37.56,0.70469,0.15,356,31.5246,5.52728,0.37172
211,5,0,0,4,0,1,0,0,-37.67,0.70351,0.15,356,31.5246,17.04603,0.37172
212,34,0,0,7,0,1,0,0,-32.19,0.70234,0.15,356,31.5246,2.6355,0.37266
213,26,1,1,2,0,1,0,0,-31.2,0.70117,0.15,356,31.5246,4.97011,0.37266
214,53,3,3,9,0,1,0,0,-18.46,0.70001,0.15,359,31.5246,3.66478,0.37233
215,5,0,0,4,0,1,0,0,-36.87,0.69884,0.15,359,31.5246,3.92454,0.37233
216,5,0,0,3,0,1,0,0,-38.27,0.69768,0.15,359,31.5246,14.18383,0.37233
217,5,0,0,1,0,1,0,0,-39.07,0.69651,0.15,359,31.5246,9.12882,0.37233
218,10,0,0,3,0,1,0,0,-31.77,0.69535,0.15,359,31.5246,9.58079,0.37233
219,41,2,2,9,0,1,0,0,-24.3,0.6942,0.15,361,31.5246,3.38174,0.37211
220,13,0,0,5,0,1,0,0,-33.91,0.69304,0.15,361,31.5359,5.11661,0.37211
221,7,0,0,1,0,1,0,0,-37.78,0.69189,0.15,361,31.5359,15.99783,0.37258
222,18,0,0,2,0,1,0,0,-33.71,0.69073,0.15,361,31.5359,6.84007,0.37258
223,13,1,1,4,0,1,0,0,-31.01,0.68958,0.15,361,31.5359,6.02285,0.37258
224,13,1,1,5,0,1,0,0,-30.01,0.68844,0.15,361,31.5359,8.18299,0.37258
225,45,1,1,8,0,1,0,0,-26.22,0.68729,0.15,361,31.5359,3.43667,0.37304
226,39,0,0,4,0,1,0,0,-30.39,0.68614,0.15,361,31.5359,3.03688,0.3735
227,42,2,2,6,0,1,0,0,-24.73,0.685,0.15,361,31.5359,3.57533,0.37396
228,23,1,1,3,0,1,0,0,-28.61,0.68386,0.15,361,31.5359,4.30583,0.37396
229,51,3,3,9,0,1,0,0,-20.1,0.68272,0.15,361,31.5359,3.5548,0.37488
230,18,0,0,5,0,1,0,0,-33.01,0.68159,0.15,361,31.5359,4.52839,0.37488
231,37,1,1,7,0,1,0,0,-28.63,0.68045,0.15,361,31.5359,3.07192,0.37488
232,5,0,0,4,0,1,0,0,-37.27,0.67932,0.15,361,31.5359,4.73894,0.37488
233,26,2,2,6,0,1,0,0,-24.7,0.67819,0.15,361,31.5359,4.0734,0.37488
234,17,0,0,2,0,1,0,0,-33.58,0.67706,0.15,361,31.5359,7.87174,0.37488
235,18,0,0,3,0,1,0,0,-35.26,0.67593,0.15,361,31.5246,3.46164,0.37488
236,5,0,0,4,0,1,0,0,-36.47,0.6748,0.15,361,31.5246,4.37826,0.37488
237,42,3,3,7,0,1,0,0,-23.23,0.67368,0.15,361,31.5246,4.58079,0.37488
238,9,0,0,3,0,1,0,0,-35.09,0.67256,0.15,361,31.5246,6.77958,0.37488
239,38,0,0,7,0,1,0,0,-32.76,0.67144,0.15,362,31.5246,3.30585,0.37523
240,20,0,0,6,0,1,0,0,-34.72,0.67032,0.15,362,31.5246,3.5346,0.37569
241,17,1,1,5,0,1,0,0,-25.58,0.6692,0.15,363,31.5246,5.90101,0.37511
242,27,2,2,9,0,1,0,0,-25.18,0.66809,0.15,364,31.5246,4.6217,0.37454
243,19,0,0,4,0,1,0,0,-35.39,0.66698,0.15,364,31.5246,3.43809,0.37454
244,6,0,0,3,0,1,0,0,-38.0,0.66587,0.15,364,31.5246,4.68977,0.37454
245,30,1,1,1,0,1,0,0,-31.07,0.66476,0.15,364,31.5246,4.50064,0.37546
246,13,0,0,4,0,1,0,0,-35.16,0.66365,0.15,364,31.5246,6.74389,0.37546
247,21,0,0,7,0,1,0,0,-34.15,0.66255,0.15,365,31.5246,5.88955,0.37534
248,10,0,0,4,0,1,0,0,-37.22,0.66144,0.15,365,31.5246,5.14149,0.37534
249,5,0,0,2,0,1,0,0,-38.07,0.66034,0.15,365,31.5246,10.16982,0.37534
250,13,1,1,4,0,1,0,0,-27.71,0.65924,0.15,365,31.5246,4.38364,0.37534
251,31,2,2,7,0,1,0,0,-24.2,0.65814,0.15,365,31.5246,4.01207,0.3758
252,33,1,1,10,0,1,0,0,-23.31,0.65705,0.15,365,31.5246,4.28156,0.3758
253,11,0,0,1,0,1,0,0,-37.6,0.65595,0.15,365,31.5246,11.19348,0.37626
254,45,0,0,10,0,1,0,0,-29.97,0.65486,0.15,366,31.5246,2.76676,0.37568
255,5,0,0,4,0,1,0,0,-36.87,0.65377,0.15,366,31.5246,6.38786,0.37568
256,12,0,0,5,0,1,0,0,-31.38,0.65268,0.15,367,31.5246,7.3692,0.37557
257,17,0,0,9,0,1,0,0,-29.28,0.65159,0.15,367,31.5246,3.84194,0.37557
258,21,1,1,5,0,1,0,0,-28.3,0.65051,0.15,367,31.5246,4.03988,0.37557
259,9,0,0,1,0,1,0,0,-39.29,0.64943,0.15,367,31.5246,5.17355,0.37557
260,9,0,0,2,0,1,0,0,-33.74,0.64834,0.15,367,31.5246,10.02192,0.37557
261,38,1,1,10,0,1,0,0,-27.96,0.64726,0.15,374,31.5246,2.87133,0.37344
262,7,0,0,3,0,1,0,0,-38.23,0.64619,0.15,374,31.5246,8.31275,0.37344
263,7,0,0,6,0,1,0,0,-32.23,0.64511,0.15,374,31.5246,9.0372,0.37344
264,41,1,1,10,0,1,0,0,-28.95,0.64404,0.15,374,31.5246,3.95551,0.37344
265,10,0,0,4,0,1,0,0,-37.62,0.64296,0.15,374,31.5246,4.65393,0.37344
266,22,1,1,9,0,1,0,0,-22.83,0.64189,0.15,374,31.5246,4.92425,0.37344
267,35,1,1,2,0,1,0,0,-31.67,0.64082,0.15,374,31.5246,4.06118,0.37389
268,163,5,5,19,0,1,0,0,-9.01,0.63976,0.15,380,31.5246,2.13572,0.37281
269,17,0,0,4,0,1,0,0,-35.88,0.63869,0.15,380,31.5246,5.60099,0.37325
270,15,0,0,5,0,1,0,0,-34.42,0.63763,0.15,381,31.5246,7.95182,0.37314
271,27,2,2,6,0,1,0,0,-28.03,0.63657,0.15,381,31.5246,6.42888,0.37358
272,46,1,1,13,0,1,0,0,-25.1,0.63551,0.15,383,31.5246,3.19913,0.37337
273,9,0,0,4,0,1,0,0,-36.39,0.63445,0.15,383,31.5246,6.58888,0.37337
274,21,0,0,7,0,1,0,0,-27.15,0.63339,0.15,383,31.5246,4.83941,0.3738
275,14,0,0,6,0,1,0,0,-32.39,0.63234,0.15,383,31.5246,6.01034,0.3738
276,56,3,3,20,0,1,0,0,-14.9,0.63128,0.15,385,31.5246,3.4342,0.37316
277,26,1,1,8,0,1,0,0,-25.3,0.63023,0.15,385,31.5246,4.05173,0.37316
278,52,1,1,6,0,1,0,0,-31.73,0.62918,0.15,385,31.5246,3.06447,0.37359
279,18,2,2,7,0,1,0,0,-23.21,0.62814,0.15,385,31.5246,5.40785,0.37359
280,51,4,4,7,0,1,0,0,-18.4,0.62709,0.15,386,31.5246,4.03592,0.37306
281,15,0,0,4,0,1,0,0,-37.67,0.62604,0.15,386,31.5246,4.11864,0.37306
282,6,0,0,3,0,1,0,0,-36.5,0.625,0.15,386,31.5246,11.05607,0.37306
283,17,0,0,4,0,1,0,0,-36.83,0.62396,0.15,386,31.5246,4.64395,0.37306
284,13,0,0,3,0,1,0,0,-35.41,0.62292,0.15,386,31.5246,7.60892,0.37306
285,22,1,1,4,0,1,0,0,-30.48,0.62189,0.15,386,31.5246,5.32077,0.37306
286,71,4,4,11,0,1,0,0,-22.05,0.62085,0.15,387,31.5246,3.31874,0.37295
287,6,0,0,3,0,1,0,0,-37.6,0.61982,0.15,387,31.5246,6.64566,0.37295
288,28,1,1,7,0,1,0,0,-26.41,0.61878,0.15,387,31.5246,4.64184,0.37339
289,14,0,0,2,0,1,0,0,-35.49,0.61775,0.15,387,31.5246,3.98414,0.37339
290,39,1,1,8,0,1,0,0,-29.39,0.61672,0.15,387,31.5246,3.21607,0.37339
291,35,0,0,4,0,1,0,0,-36.67,0.6157,0.15,387,31.5246,3.71839,0.37382
292,20,0,0,2,0,1,0,0,-36.77,0.61467,0.15,387,31.5246,5.96315,0.37425
293,15,0,0,1,0,1,0,0,-32.62,0.61365,0.15,387,31.5246,6.83757,0.37468
294,8,0,0,5,0,1,0,0,-28.41,0.61263,0.15,387,31.5246,8.80585,0.37468
295,26,1,1,5,0,1,0,0,-29.2,0.61161,0.15,387,31.5246,5.19918,0.37554
296,27,1,1,5,0,1,0,0,-27.03,0.61059,0.15,388,31.5246,4.62309,0.375
297,9,0,0,1,0,1,0,0,-36.54,0.60957,0.15,388,31.5246,6.76702,0.375
298,64,0,0,11,0,1,0,0,-33.79,0.60856,0.15,391,31.5246,2.77433,0.37383
299,28,0,0,4,0,1,0,0,-35.36,0.60754,0.15,392,31.5326,3.92163,0.37372
300,14,1,1,3,0,1,0,0,-28.44,0.60653,0.15,392,31.5326,6.64756,0.37372
301,22,0,0,4,0,1,0,0,-36.43,0.60552,0.15,392,31.5326,4.82179,0.37372
302,36,2,2,4,0,1,0,0,-30.0,0.60451,0.15,392,31.6143,2.64732,0.37372
303,6,0,0,4,0,1,0,0,-37.0,0.60351,0.15,392,31.5246,7.64171,0.37372
304,15,0,0,5,0,1,0,0,-32.12,0.6025,0.15,392,31.5491,4.99479,0.37372
305,10,0,0,6,0,1,0,0,-31.77,0.6015,0.15,392,31.5491,5.94843,0.37372
306,34,2,2,6,0,1,0,0,-23.19,0.6005,0.15,392,31.5491,3.15861,0.37372
307,11,0,0,4,0,1,0,0,-36.65,0.5995,0.15,392,31.5491,5.09977,0.37372
308,5,0,0,4,0,1,0,0,-36.87,0.5985,0.15,392,31.5246,3.48156,0.37372
309,35,2,2,4,0,1,0,0,-23.37,0.5975,0.15,392,31.5246,2.6804,0.37372
310,5,0,0,3,0,1,0,0,-37.47,0.59651,0.15,392,31.5246,6.83972,0.37372
311,11,0,0,1,0,1,0,0,-34.85,0.59551,0.15,392,31.5246,8.66942,0.37372
312,64,2,2,9,0,1,0,0,-18.79,0.59452,0.15,393,31.5246,2.78061,0.3732
313,82,6,6,11,0,1,0,0,-5.73,0.59353,0.15,395,31.5246,2.78862,0.37426
314,14,0,0,4,0,1,0,0,-34.64,0.59254,0.15,395,31.5246,5.75364,0.37426
315,20,2,2,2,0,1,0,0,-25.52,0.59156,0.15,395,31.5246,5.11201,0.37426
316,30,1,1,7,0,1,0,0,-28.37,0.59057,0.15,395,31.5246,4.43771,0.37468
317,31,0,0,10,0,1,0,0,-26.5,0.58959,0.15,396,31.5246,3.96665,0.37416
318,51,2,2,13,0,1,0,0,-18.65,0.5886,0.15,396,31.5246,2.72303,0.37458
319,35,1,1,6,0,1,0,0,-26.52,0.58762,0.15,396,31.5246,2.31133,0.37458
320,18,0,0,4,0,1,0,0,-29.21,0.58665,0.15,396,31.5246,4.42025,0.37458
321,87,3,3,18,0,1,0,0,-14.18,0.58567,0.15,400,31.5246,2.26398,0.37417
322,5,0,0,2,0,1,0,0,-36.42,0.58469,0.15,400,31.5246,9.90167,0.37417
323,28,1,1,6,0,1,0,0,-26.46,0.58372,0.15,400,31.5246,4.30813,0.37417
324,5,0,0,3,0,1,0,0,-34.57,0.58275,0.15,400,31.5246,10.94494,0.37417
325,8,0,0,1,0,1,0,0,-36.31,0.58178,0.15,400,31.5246,9.17186,0.37417
326,26,1,1,5,0,1,0,0,-25.2,0.58081,0.15,400,31.5246,3.71526,0.37417
327,39,2,2,12,0,1,0,0,-23.49,0.57984,0.15,404,31.5246,3.94861,0.37335
328,14,0,0,2,0,1,0,0,-37.54,0.57888,0.15,404,31.5246,5.7265,0.37335
329,9,0,0,0,0,1,0,0,-33.59,0.57791,0.15,404,31.5246,10.76699,0.37335
330,5,0,0,3,0,1,0,0,-36.22,0.57695,0.15,404,31.5246,14.21743,0.37335
331,29,0,0,6,0,1,0,0,-33.24,0.57599,0.15,404,31.5246,4.32583,0.37376
332,40,1,1,7,0,1,0,0,-32.77,0.57503,0.15,404,31.5246,3.16144,0.37376
333,76,4,4,18,0,1,0,0,-9.35,0.57407,0.15,411,31.5246,2.91433,0.37105
334,52,5,5,17,0,1,0,0,-7.78,0.57312,0.15,411,31.5246,3.88198,0.37186
335,101,6,6,20,0,1,0,0,-7.0,0.57216,0.15,412,31.5246,2.63449,0.375
336,88,8,8,18,0,1,0,0,5.84,0.57121,0.15,417,31.5246,2.68285,0.3733
337,25,0,0,6,0,1,0,0,-33.97,0.57026,0.15,417,31.5246,3.93309,0.3733
338,5,0,0,2,0,1,0,0,-35.17,0.56931,0.15,417,31.5246,14.65914,0.3733
339,5,0,0,3,0,1,0,0,-37.87,0.56836,0.15,417,31.5246,14.24928,0.3733
340,63,1,1,11,0,1,0,0,-28.56,0.56741,0.15,417,31.5246,3.35932,0.3737
341,37,3,3,6,0,1,0,0,-16.38,0.56647,0.15,417,31.5246,4.01102,0.3737
342,31,2,2,7,0,1,0,0,-29.2,0.56553,0.15,417,31.5246,3.29173,0.3741
343,13,1,1,4,0,1,0,0,-29.06,0.56458,0.15,417,31.5246,8.68242,0.3741
344,7,0,0,4,0,1,0,0,-32.58,0.56364,0.15,417,31.5246,10.28902,0.3741
345,105,5,5,16,0,1,0,0,-12.82,0.5627,0.15,421,31.5246,2.45421,0.37411
346,24,0,0,4,0,1,0,0,-33.74,0.56177,0.15,421,31.5246,3.53907,0.37411
347,27,3,3,5,0,1,0,0,-19.93,0.56083,0.15,421,31.5246,5.14116,0.37411
348,32,0,0,5,0,1,0,0,-34.88,0.5599,0.15,421,31.5246,4.68873,0.37411
349,35,1,1,3,0,1,0,0,-28.92,0.55897,0.15,421,31.5246,3.65323,0.37451
350,73,4,4,12,0,1,0,0,-12.21,0.55804,0.15,422,31.5246,3.21738,0.37441
351,42,2,2,9,0,1,0,0,-19.53,0.55711,0.15,424,31.5246,3.63763,0.37382
352,5,0,0,3,0,1,0,0,-37.87,0.55618,0.15,424,31.5246,6.22612,0.37382
353,55,3,3,7,0,1,0,0,-21.32,0.55525,0.15,424,31.5246,3.29801,0.37421
354,27,1,1,5,0,1,0,0,-29.33,0.55433,0.15,424,31.5246,2.89987,0.37421
355,20,1,1,7,0,1,0,0,-29.12,0.5534,0.15,424,31.5246,3.87112,0.37421
356,38,2,2,7,0,1,0,0,-24.01,0.55248,0.15,424,31.5246,3.26268,0.37421
357,32,2,2,5,0,1,0,0,-26.78,0.55156,0.15,424,31.5246,3.48605,0.37421
358,5,0,0,3,0,1,0,0,-37.07,0.55064,0.15,424,31.5246,5.01084,0.37421
359,77,3,3,13,0,1,0,0,-15.68,0.54973,0.15,428,31.5246,2.80456,0.37227
360,22,1,1,7,0,1,0,0,-23.48,0.54881,0.15,428,31.5246,4.10913,0.37227
361,47,2,2,13,0,1,0,0,-15.83,0.5479,0.15,428,31.5246,3.58493,0.37383
362,5,0,0,4,0,1,0,0,-37.27,0.54699,0.15,428,31.5246,4.93056,0.37383
363,5,0,0,3,0,1,0,0,-37.87,0.54607,0.15,428,31.5246,3.51946,0.37383
364,54,1,1,12,0,1,0,0,-25.69,0.54517,0.15,428,31.5246,3.52237,0.37578
365,56,5,5,9,0,1,0,0,-7.5,0.54426,0.15,428,31.5246,3.57666,0.37617
366,10,0,0,3,0,1,0,0,-36.27,0.54335,0.15,428,31.5246,8.00675,0.37617
367,107,4,4,17,0,1,0,0,-11.08,0.54245,0.15,428,31.5246,2.26436,0.37656
368,5,0,0,3,0,1,0,0,-35.82,0.54154,0.15,428,31.5246,10.49257,0.37656
369,66,2,2,11,0,1,0,0,-20.5,0.54064,0.15,428,31.5246,2.6325,0.37695
370,14,0,0,2,0,1,0,0,-34.84,0.53974,0.15,428,31.5246,8.03176,0.37695
371,5,0,0,3,0,1,0,0,-35.82,0.53884,0.15,428,31.5246,6.49614,0.37695
372,71,3,3,13,0,1,0,0,-16.15,0.53794,0.15,428,31.5246,2.29621,0.37695
373,58,3,3,12,0,1,0,0,-16.91,0.53705,0.15,428,31.5246,2.93227,0.37695
374,7,0,0,2,0,1,0,0,-35.58,0.53615,0.15,428,31.5246,7.95867,0.37695
375,45,4,4,12,0,1,0,0,-10.07,0.53526,0.15,429,31.5246,3.40208,0.37646
376,15,0,0,4,0,1,0,0,-27.07,0.53437,0.15,429,31.5246,5.6388,0.37685
377,55,1,1,13,0,1,0,0,-23.67,0.53348,0.15,429,31.5246,2.46647,0.37801
378,38,0,0,3,0,1,0,0,-31.86,0.53259,0.15,429,31.5246,3.06695,0.37801
379,5,0,0,4,0,1,0,0,-36.87,0.5317,0.15,429,31.5246,4.07538,0.37801
380,52,4,4,14,0,1,0,0,-16.63,0.53082,0.15,434,31.5246,4.97649,0.37596
381,32,0,0,5,0,1,0,0,-36.48,0.52994,0.15,434,31.5246,3.59824,0.37596
382,48,2,2,8,0,1,0,0,-18.41,0.52905,0.15,434,31.5246,2.44418,0.37596
383,25,0,0,3,0,1,0,0,-33.57,0.52817,0.15,434,31.5246,4.43752,0.37596
384,7,0,0,2,0,1,0,0,-38.43,0.52729,0.15,434,31.5246,6.41406,0.37596
385,9,0,0,2,0,1,0,0,-35.69,0.52641,0.15,434,31.5246,5.29297,0.37596
386,34,0,0,4,0,1,0,0,-34.54,0.52554,0.15,434,31.5246,2.97074,0.37596
387,6,0,0,4,0,1,0,0,-37.4,0.52466,0.15,434,31.5246,5.78495,0.37596
388,57,4,4,9,0,1,0,0,-14.63,0.52379,0.15,434,31.5246,3.22924,0.37596
389,111,3,3,14,0,1,0,0,-21.05,0.52292,0.15,435,31.5246,2.60486,0.37701
390,16,0,0,3,0,1,0,0,-38.15,0.52205,0.15,435,31.5246,6.94561,0.37701
391,5,0,0,4,0,1,0,0,-36.87,0.52118,0.15,435,31.5246,5.14611,0.37701
392,5,0,0,3,0,1,0,0,-37.87,0.52031,0.15,435,31.5246,6.64029,0.37701
393,29,0,0,8,0,1,0,0,-25.44,0.51944,0.15,435,31.5246,3.63751,0.37739
394,43,4,4,16,0,1,0,0,-13.16,0.51858,0.15,436,31.5246,4.37517,0.37806
395,68,1,1,7,0,1,0,0,-27.76,0.51771,0.15,436,31.5394,2.27912,0.37844
396,14,1,1,3,0,1,0,0,-28.44,0.51685,0.15,436,31.5394,7.30314,0.37844
397,18,1,1,7,0,1,0,0,-25.26,0.51599,0.15,436,31.5394,4.8119,0.37844
398,80,4,4,14,0,1,0,0,-19.02,0.51513,0.15,440,31.5246,2.36578,0.37652
399,21,2,2,5,0,1,0,0,-25.35,0.51427,0.15,440,31.5246,4.85908,0.37652
400,5,0,0,2,0,1,0,0,-35.57,0.51342,0.15,440,31.5246,10.57562,0.37652
401,25,1,1,5,0,1,0,0,-27.77,0.51256,0.15,440,31.5246,3.98241,0.37652
402,26,1,1,6,0,1,0,0,-22.7,0.51171,0.15,441,31.5246,4.49727,0.3768
403,100,5,5,10,0,1,0,0,-18.62,0.51086,0.15,441,31.5246,2.56818,0.3768
404,37,1,1,3,0,1,0,0,-27.03,0.51001,0.15,441,31.5246,3.9082,0.37755
405,31,1,1,7,0,1,0,0,-31.45,0.50916,0.15,441,31.5246,4.55702,0.37755
406,5,0,0,3,0,1,0,0,-37.87,0.50831,0.15,441,31.5246,2.80922,0.37755
407,37,2,2,10,0,1,0,0,-22.38,0.50746,0.15,441,31.5246,4.78176,0.37755
408,5,0,0,3,0,1,0,0,-38.27,0.50662,0.15,441,31.5246,3.71793,0.37755
409,5,0,0,4,0,1,0,0,-36.47,0.50577,0.15,441,31.5246,4.42133,0.37755
410,35,1,1,5,0,1,0,0,-27.42,0.50493,0.15,441,31.5246,2.96182,0.37755
411,35,3,3,7,0,1,0,0,-21.77,0.50409,0.15,441,31.5246,3.76208,0.37793
412,20,0,0,3,0,1,0,0,-38.22,0.50325,0.15,441,31.5246,3.02628,0.37793
413,124,7,7,22,0,1,0,0,4.21,0.50241,0.15,443,31.5246,2.17622,0.37735
414,44,3,3,8,0,1,0,0,-15.74,0.50158,0.15,443,31.5246,2.65168,0.37735
415,77,6,6,13,0,1,0,0,-2.63,0.50074,0.15,446,31.5246,3.17326,0.37743
416,5,0,0,4,0,1,0,0,-37.27,0.49991,0.15,446,31.5246,3.86099,0.37743
417,59,2,2,12,0,1,0,0,-15.54,0.49907,0.15,450,31.5246,2.98447,0.37667
418,40,1,1,11,0,1,0,0,-26.32,0.49824,0.15,450,31.5246,3.46311,0.37667
419,57,2,2,13,0,1,0,0,-18.13,0.49741,0.15,450,31.5246,2.28249,0.37741
420,42,2,2,6,0,1,0,0,-20.78,0.49659,0.15,450,31.5246,2.81936,0.37741
421,26,1,1,7,0,1,0,0,-25.9,0.49576,0.15,451,31.5246,4.1104,0.37731
422,153,10,10,29,0,1,0,0,22.04,0.49493,0.15,453,31.5246,2.04137,0.37712
423,34,1,1,4,0,1,0,0,-28.29,0.49411,0.15,453,31.5246,2.80929,0.37712
424,70,6,6,11,0,1,0,0,-11.02,0.49329,0.15,455,31.5246,3.32387,0.37729
425,29,2,2,5,0,1,0,0,-25.09,0.49246,0.15,455,31.5246,3.74786,0.37729
426,9,0,0,3,0,1,0,0,-38.09,0.49164,0.15,455,31.5246,4.34378,0.37729
427,39,3,3,7,0,1,0,0,-21.04,0.49083,0.15,456,31.5246,3.71127,0.37756
428,18,2,2,4,0,1,0,0,-25.81,0.49001,0.15,456,31.5246,6.00333,0.37756
429,5,0,0,3,0,1,0,0,-37.87,0.48919,0.15,456,31.5246,5.15792,0.37756
430,21,1,1,2,0,1,0,0,-31.7,0.48838,0.15,456,31.5246,4.72806,0.37792
431,119,5,5,15,0,1,0,0,-14.94,0.48756,0.15,458,31.5246,2.28632,0.37773
432,60,1,1,8,0,1,0,0,-32.02,0.48675,0.15,460,31.5246,3.11662,0.37754
433,31,1,1,3,0,1,0,0,-31.8,0.48594,0.15,460,31.5246,3.36106,0.37754
434,55,2,2,13,0,1,0,0,-16.17,0.48513,0.15,460,31.5246,2.57151,0.37754
435,22,0,0,3,0,1,0,0,-31.33,0.48432,0.15,460,31.5246,4.26589,0.37754
436,15,1,1,5,0,1,0,0,-28.47,0.48352,0.15,460,31.5246,5.81979,0.37754
437,22,1,1,4,0,1,0,0,-29.88,0.48271,0.15,460,31.5246,3.86509,0.37754
438,221,6,6,23,0,1,0,0,-9.1,0.48191,0.15,463,31.5246,1.74249,0.37797
439,5,0,0,3,0,1,0,0,-38.27,0.48111,0.15,463,31.5246,6.42549,0.37797
440,61,2,2,10,0,1,0,0,-24.05,0.48031,0.15,465,31.5246,2.9464,0.37706
441,34,2,2,6,0,1,0,0,-29.24,0.47951,0.15,465,31.5246,4.31751,0.37706
442,37,1,1,4,0,1,0,0,-29.78,0.47871,0.15,465,31.5246,3.05943,0.37706
443,5,0,0,2,0,1,0,0,-37.22,0.47791,0.15,465,31.5246,7.3704,0.37706
444,97,5,5,18,0,1,0,0,-4.13,0.47711,0.15,465,31.5246,2.53921,0.37706
445,5,0,0,3,0,1,0,0,-37.47,0.47632,0.15,465,31.5246,2.13356,0.37706
446,74,2,2,14,0,1,0,0,-24.34,0.47553,0.15,465,31.5246,2.51957,0.37814
447,36,2,2,4,0,1,0,0,-20.35,0.47473,0.15,465,31.5246,3.2781,0.37814
448,7,0,0,2,0,1,0,0,-32.13,0.47394,0.15,465,31.5246,5.60295,0.37814
449,23,1,1,4,0,1,0,0,-27.61,0.47315,0.15,465,31.5246,4.16856,0.37814
450,20,1,1,7,0,1,0,0,-26.37,0.47237,0.15,465,31.5246,5.2432,0.37814
451,78,6,6,16,0,1,0,0,0.69,0.47158,0.15,465,31.5246,3.00666,0.37921
452,5,0,0,3,0,1,0,0,-37.47,0.47079,0.15,465,31.5246,10.39901,0.37921
453,18,0,0,3,0,1,0,0,-34.96,0.47001,0.15,465,31.5246,6.84196,0.37921
454,64,0,0,15,0,1,0,0,-24.99,0.46923,0.15,465,31.5246,3.10734,0.37957
455,39,3,3,11,0,1,0,0,-16.84,0.46845,0.15,465,31.5246,3.84979,0.37957
456,113,2,2,6,0,1,0,0,-28.06,0.46767,0.15,466,31.5246,2.2425,0.37947
457,5,0,0,3,0,1,0,0,-37.87,0.46689,0.15,466,31.5246,8.01065,0.37947
458,95,2,2,8,0,1,0,0,-23.57,0.46611,0.15,466,31.5246,2.35097,0.37983
459,14,0,0,2,0,1,0,0,-39.04,0.46533,0.15,466,31.5246,3.34783,0.37983
460,5,0,0,2,0,1,0,0,-38.87,0.46456,0.15,466,31.5553,2.47536,0.37983
461,48,1,1,4,0,1,0,0,-31.01,0.46379,0.15,466,31.5553,2.16147,0.37983
462,26,0,0,3,0,1,0,0,-39.8,0.46301,0.15,466,31.6051,2.12426,0.37983
463,16,0,0,3,0,1,0,0,-36.75,0.46224,0.15,466,31.6051,4.54372,0.37983
464,30,2,2,7,0,1,0,0,-21.32,0.46147,0.15,466,31.6051,3.81109,0.37983
465,71,2,2,8,0,1,0,0,-18.5,0.4607,0.15,466,31.6051,2.47635,0.37983
466,5,0,0,4,0,1,0,0,-36.87,0.45994,0.15,466,31.6051,5.17411,0.37983
467,20,0,0,6,0,1,0,0,-32.67,0.45917,0.15,466,31.6051,4.66257,0.37983
468,36,3,3,8,0,1,0,0,-22.05,0.45841,0.15,466,31.6051,3.43395,0.37983
469,83,3,3,19,0,1,0,0,-9.61,0.45764,0.15,466,31.6051,2.43446,0.38019
470,79,1,1,4,0,1,0,0,-26.29,0.45688,0.15,466,31.6051,2.11389,0.38019
471,5,0,0,3,0,1,0,0,-38.27,0.45612,0.15,466,31.6051,2.53119,0.38019
472,5,0,0,4,0,1,0,0,-36.47,0.45536,0.15,466,31.6051,7.80384,0.38019
473,29,4,4,9,0,1,0,0,-15.64,0.4546,0.15,466,31.6051,4.57654,0.38054
474,55,3,3,20,0,1,0,0,-11.67,0.45384,0.15,466,31.6051,4.65303,0.3809
475,7,0,0,3,0,1,0,0,-38.23,0.45309,0.15,466,31.6051,7.08508,0.3809
476,5,0,0,3,0,1,0,0,-37.87,0.45233,0.15,466,31.6051,3.69901,0.3809
477,5,0,0,4,0,1,0,0,-36.47,0.45158,0.15,466,31.5246,2.82762,0.3809
478,11,0,0,4,0,1,0,0,-38.15,0.45083,0.15,466,31.5246,3.28121,0.3809
479,5,0,0,3,0,1,0,0,-37.87,0.45008,0.15,466,31.5246,4.27408,0.3809
480,45,3,3,9,0,1,0,0,-19.52,0.44933,0.15,466,31.5246,2.72777,0.3809
481,42,1,1,8,0,1,0,0,-26.23,0.44858,0.15,466,31.5246,3.53259,0.3809
482,37,1,1,9,0,1,0,0,-25.08,0.44783,0.15,466,31.5246,2.90281,0.3809
483,22,1,1,7,0,1,0,0,-24.63,0.44709,0.15,466,31.5246,4.95331,0.3809
484,57,2,2,5,0,1,0,0,-22.83,0.44634,0.15,466,31.5246,2.84367,0.3809
485,85,5,5,13,0,1,0,0,-6.27,0.4456,0.15,467,31.5246,3.17799,0.3808
486,31,3,3,9,0,1,0,0,-13.05,0.44486,0.15,467,31.5246,3.92919,0.3808
487,168,10,10,23,0,1,0,0,24.89,0.44412,0.15,473,31.5246,2.38953,0.37914
488,107,5,5,21,0,1,0,0,-8.18,0.44338,0.15,473,31.5246,2.73734,0.3802
489,20,2,2,3,0,1,0,0,-26.72,0.44264,0.15,473,31.5246,3.89356,0.3802
490,5,0,0,2,0,1,0,0,-33.92,0.4419,0.15,473,31.5246,15.16031,0.3802
491,23,0,0,7,0,1,0,0,-25.51,0.44117,0.15,473,31.5246,3.70797,0.3802
492,6,0,0,3,0,1,0,0,-38.0,0.44043,0.15,473,31.5246,6.37371,0.3802
493,44,2,2,9,0,1,0,0,-16.79,0.4397,0.15,473,31.5246,3.57091,0.3802
494,18,1,1,7,0,1,0,0,-27.11,0.43897,0.15,473,31.5246,4.64925,0.3802
495,40,2,2,12,0,1,0,0,-14.82,0.43823,0.15,473,31.5246,2.62691,0.3809
496,11,0,0,3,0,1,0,0,-38.35,0.43751,0.15,473,31.5246,3.97974,0.3809
497,9,0,0,2,0,1,0,0,-35.54,0.43678,0.15,473,31.5246,8.54707,0.3809
498,58,4,4,10,0,1,0,0,-13.06,0.43605,0.15,473,31.5246,2.7782,0.3809
499,94,8,8,22,0,1,0,0,8.91,0.43532,0.15,476,31.5246,2.80193,0.38025
500,29,2,2,7,0,1,0,0,-24.39,0.4346,0.15,476,31.5246,3.53823,0.38025
501,9,0,0,2,0,1,0,0,-37.49,0.43387,0.15,476,31.5246,8.09463,0.38025
502,69,4,4,8,0,1,0,0,-12.24,0.43315,0.15,476,31.5246,2.99196,0.38025
503,70,2,2,7,0,1,0,0,-26.52,0.43243,0.15,476,31.5246,2.22826,0.38025
504,51,1,1,8,0,1,0,0,-25.55,0.43171,0.15,476,31.5246,3.41418,0.38025
505,5,0,0,4,0,1,0,0,-36.87,0.43099,0.15,476,31.5246,3.07816,0.38025
506,73,2,2,6,0,1,0,0,-28.61,0.43027,0.15,476,31.5246,2.13938,0.38025
507,57,1,1,9,0,1,0,0,-24.58,0.42956,0.15,476,31.5246,2.88598,0.3806
508,75,2,2,7,0,1,0,0,-24.42,0.42884,0.15,476,31.5246,2.66867,0.38095
509,36,1,1,6,0,1,0,0,-24.5,0.42813,0.15,476,31.5246,2.47979,0.38095
510,26,0,0,6,0,1,0,0,-35.15,0.42741,0.15,476,31.5246,3.71281,0.38095
511,36,1,1,2,0,1,0,0,-34.1,0.4267,0.15,476,31.5246,3.16818,0.38095
512,71,2,2,12,0,1,0,0,-16.35,0.42599,0.15,476,31.5246,3.12605,0.38235
513,47,3,3,8,0,1,0,0,-20.33,0.42528,0.15,476,31.5246,2.42709,0.38235
514,23,2,2,7,0,1,0,0,-19.76,0.42457,0.15,476,31.5246,4.67092,0.38235
515,53,2,2,10,0,1,0,0,-22.36,0.42387,0.15,476,31.5246,2.21865,0.38235
516,5,0,0,2,0,1,0,0,-35.57,0.42316,0.15,476,31.5246,16.8866,0.38235
517,30,1,1,7,0,1,0,0,-23.47,0.42246,0.15,476,31.5246,2.72577,0.38235
518,45,3,3,8,0,1,0,0,-25.72,0.42175,0.15,476,31.5246,3.73077,0.38235
519,27,1,1,9,0,1,0,0,-25.78,0.42105,0.15,476,31.5246,4.24511,0.38305
520,65,3,3,11,0,1,0,0,-18.92,0.42035,0.15,478,31.5246,3.17198,0.3825
521,5,0,0,4,0,1,0,0,-36.87,0.41965,0.15,478,31.5246,1.81274,0.3825
522,28,1,1,4,0,1,0,0,-28.41,0.41895,0.15,478,31.5246,3.40867,0.3825
523,94,4,4,12,0,1,0,0,-8.49,0.41825,0.15,478,31.5246,1.82711,0.38354
524,50,2,2,10,0,1,0,0,-23.67,0.41756,0.15,478,31.5246,3.70794,0.38354
525,125,8,8,18,0,1,0,0,13.98,0.41686,0.15,478,31.5246,1.95511,0.38389
526,90,1,1,11,0,1,0,0,-21.92,0.41617,0.15,478,31.5246,2.16918,0.38389
527,26,3,3,8,0,1,0,0,-17.45,0.41547,0.15,478,31.5246,4.52028,0.38389
528,16,2,2,5,0,1,0,0,-25.2,0.41478,0.15,478,31.5246,5.08594,0.38389
529,82,4,4,19,0,1,0,0,-6.38,0.41409,0.15,478,31.5246,2.45939,0.38424
530,29,1,1,5,0,1,0,0,-27.04,0.4134,0.15,478,31.5246,2.77402,0.38424
531,5,0,0,3,0,1,0,0,-38.27,0.41271,0.15,478,31.5246,7.1477,0.38424
532,132,6,6,16,0,1,0,0,-2.03,0.41203,0.15,478,31.5246,2.31456,0.38529
533,34,0,0,4,0,1,0,0,-32.84,0.41134,0.15,478,31.5246,2.77203,0.38529
534,76,6,6,20,0,1,0,0,2.3,0.41066,0.15,479,31.5246,3.0319,0.38518
535,44,4,4,18,0,1,0,0,-8.64,0.40997,0.15,479,31.5246,3.50243,0.38622
536,134,6,6,21,0,1,0,0,1.71,0.40929,0.15,480,31.538,1.98856,0.38646
537,46,4,4,11,0,1,0,0,-10.0,0.40861,0.15,482,31.538,3.98324,0.38589
538,30,0,0,7,0,1,0,0,-36.37,0.40793,0.15,482,31.538,4.60963,0.38589
539,5,0,0,4,0,1,0,0,-36.47,0.40725,0.15,482,31.538,4.04138,0.38589
540,53,2,2,10,0,1,0,0,-26.06,0.40657,0.15,482,31.538,3.21543,0.38624
541,147,7,7,25,0,1,0,0,13.42,0.40589,0.15,485,31.538,2.1936,0.38694
542,28,0,0,7,0,1,0,0,-29.76,0.40522,0.15,485,31.538,2.85855,0.38694
543,25,1,1,6,0,1,0,0,-26.92,0.40454,0.15,485,31.538,3.60888,0.38694
544,61,4,4,14,0,1,0,0,-12.4,0.40387,0.15,485,31.538,3.97031,0.38694
545,120,5,5,16,0,1,0,0,-0.87,0.4032,0.15,486,31.538,2.53323,0.38683
546,44,1,1,5,0,1,0,0,-27.34,0.40252,0.15,486,31.538,2.65637,0.38683
547,42,2,2,7,0,1,0,0,-22.03,0.40185,0.15,486,31.538,3.77187,0.38717
548,69,2,2,13,0,1,0,0,-16.79,0.40118,0.15,487,31.538,2.23762,0.38672
549,31,1,1,6,0,1,0,0,-26.45,0.40052,0.15,487,31.538,3.22602,0.38672
550,237,17,17,49,0,1,0,0,66.32,0.39985,0.15,495,31.538,2.44292,0.38552
551,183,7,7,25,0,1,0,0,13.49,0.39918,0.15,496,31.538,2.13952,0.38575
552,7,0,0,3,0,1,0,0,-37.43,0.39852,0.15,496,31.538,6.1373,0.38575
553,26,1,1,5,0,1,0,0,-31.2,0.39786,0.15,496,31.538,5.17842,0.38575
554,76,0,0,5,0,1,0,0,-37.85,0.39719,0.15,496,31.538,2.28167,0.38575
555,68,0,0,3,0,1,0,0,-32.91,0.39653,0.15,496,31.538,1.93286,0.38575
556,5,0,0,4,0,1,0,0,-37.27,0.39587,0.15,496,31.538,3.25984,0.38575
557,153,8,8,19,0,1,0,0,5.74,0.39521,0.15,497,31.538,2.75531,0.38632
558,83,1,1,12,0,1,0,0,-24.31,0.39455,0.15,497,31.538,1.87953,0.38632
559,18,1,1,6,0,1,0,0,-24.01,0.3939,0.15,497,31.538,5.08962,0.38632
560,31,3,3,6,0,1,0,0,-15.95,0.39324,0.15,497,31.538,4.13918,0.38665
561,44,3,3,7,0,1,0,0,-19.59,0.39259,0.15,497,31.5964,2.90916,0.38699
562,5,0,0,3,0,1,0,0,-37.47,0.39193,0.15,497,31.5964,1.69818,0.38699
563,29,2,2,6,0,1,0,0,-19.24,0.39128,0.15,497,31.5964,3.64317,0.38699
564,6,0,0,2,0,1,0,0,-35.05,0.39063,0.15,497,31.5964,12.18459,0.38699
565,65,4,4,9,0,1,0,0,-15.17,0.38998,0.15,497,31.5964,2.39729,0.38699
566,5,0,0,4,0,1,0,0,-37.67,0.38933,0.15,497,31.5964,2.44921,0.38699
567,157,11,11,36,0,1,0,0,36.22,0.38868,0.15,497,31.5964,2.58214,0.38732
568,94,2,2,11,0,1,0,0,-20.09,0.38803,0.15,497,31.5964,1.35383,0.38732
569,253,13,13,39,0,1,0,0,36.64,0.38739,0.15,498,31.5964,2.05753,0.38855
570,23,2,2,4,0,1,0,0,-23.96,0.38674,0.15,498,31.5964,4.97581,0.38889
571,51,1,1,5,0,1,0,0,-26.0,0.3861,0.15,498,31.5964,2.45464,0.38922
572,40,1,1,5,0,1,0,0,-27.57,0.38545,0.15,498,31.6748,2.46487,0.38922
573,22,2,2,5,0,1,0,0,-23.73,0.38481,0.15,498,31.6748,4.80651,0.38922
574,67,3,3,11,0,1,0,0,-10.58,0.38417,0.15,498,31.6748,2.77941,0.38922
575,75,1,1,4,0,1,0,0,-29.47,0.38353,0.15,498,31.6748,1.53904,0.38922
576,48,0,0,8,0,1,0,0,-31.76,0.38289,0.15,498,31.6748,2.8105,0.38922
577,20,0,0,4,0,1,0,0,-36.72,0.38226,0.15,498,31.6748,2.45751,0.38922
578,106,3,3,8,0,1,0,0,-21.65,0.38162,0.15,498,31.6748,2.35826,0.38956
579,99,3,3,9,0,1,0,0,-13.49,0.38098,0.15,498,31.6748,2.22966,0.38956
580,24,2,2,6,0,1,0,0,-21.84,0.38035,0.15,498,31.6748,3.86903,0.38956
581,5,0,0,3,0,1,0,0,-38.27,0.37972,0.15,498,31.6748,9.22656,0.38956
582,5,0,0,3,0,1,0,0,-34.17,0.37908,0.15,498,31.6748,10.80454,0.38956
583,39,1,1,4,0,1,0,0,-29.39,0.37845,0.15,498,31.6748,3.26287,0.38956
584,56,3,3,13,0,1,0,0,-11.85,0.37782,0.15,498,31.6748,2.95134,0.39023
585,61,2,2,7,0,1,0,0,-20.35,0.37719,0.15,498,31.6748,2.4212,0.39023
586,33,0,0,13,0,1,0,0,-26.26,0.37656,0.15,498,31.6748,3.34541,0.39023
587,141,6,6,18,0,1,0,0,2.65,0.37594,0.15,499,31.6748,2.03317,0.39112
588,22,1,1,5,0,1,0,0,-27.03,0.37531,0.15,499,31.6748,4.00356,0.39112
589,49,1,1,2,0,1,0,0,-29.39,0.37469,0.15,499,31.6748,3.12276,0.39112
590,12,0,0,2,0,1,0,0,-34.78,0.37406,0.15,499,31.6748,7.31015,0.39112
591,9,0,0,3,0,1,0,0,-35.74,0.37344,0.15,499,31.6748,5.67197,0.39112
592,57,1,1,8,0,1,0,0,-27.23,0.37282,0.15,499,31.6748,1.9328,0.39112
593,42,2,2,8,0,1,0,0,-22.23,0.3722,0.15,499,31.7311,2.72685,0.39112
594,32,1,1,9,0,1,0,0,-21.98,0.37158,0.15,499,31.7311,2.64514,0.39112
595,5,0,0,3,0,1,0,0,-37.47,0.37096,0.15,499,31.7311,1.46648,0.39112
596,212,8,8,33,0,1,0,0,22.52,0.37034,0.15,500,31.7311,2.051,0.391
597,57,3,3,13,0,1,0,0,-15.08,0.36972,0.15,500,31.7311,4.02124,0.391
598,238,7,7,20,0,1,0,0,-0.91,0.36911,0.15,501,31.7311,2.02388,0.39188
599,191,10,10,29,0,1,0,0,28.75,0.36849,0.15,503,31.7311,1.95282,0.39132
600,44,2,2,7,0,1,0,0,-20.49,0.36788,0.15,503,31.7311,3.09789,0.39132
601,29,1,1,11,0,1,0,0,-24.24,0.36727,0.15,503,31.7311,3.63198,0.39132
602,171,8,8,22,0,1,0,0,4.1,0.36666,0.15,503,31.7311,2.57199,0.39231
603,23,2,2,6,0,1,0,0,-25.96,0.36604,0.15,503,31.7311,4.4776,0.39231
604,52,4,4,16,0,1,0,0,-4.18,0.36544,0.15,503,31.7311,2.80789,0.39231
605,65,3,3,8,0,1,0,0,-17.82,0.36483,0.15,503,31.7789,2.12089,0.39231
606,250,17,17,46,0,1,0,0,70.88,0.36422,0.15,506,31.7789,2.27474,0.39163
607,154,7,7,25,0,1,0,0,9.36,0.36361,0.15,507,31.7789,2.53528,0.39152
608,103,3,3,10,0,1,0,0,-18.96,0.36301,0.15,507,31.7789,2.60937,0.39185
609,253,15,15,41,0,1,0,0,54.49,0.3624,0.15,507,31.7789,2.28299,0.39218
610,5,0,0,4,0,1,0,0,-37.27,0.3618,0.15,507,31.7789,8.59013,0.39218
611,22,2,2,5,0,1,0,0,-22.93,0.3612,0.15,507,31.7789,4.47263,0.39218
612,32,3,3,11,0,1,0,0,-17.83,0.36059,0.15,507,31.7789,3.50334,0.39218
613,84,1,1,20,0,1,0,0,-18.54,0.35999,0.15,507,31.7789,2.21119,0.3925
614,8,0,0,3,0,1,0,0,-35.91,0.35939,0.15,507,31.7789,8.92301,0.3925
615,87,4,4,20,0,1,0,0,-1.68,0.3588,0.15,507,31.7789,2.14253,0.39283
616,5,0,0,2,0,1,0,0,-38.07,0.3582,0.15,507,31.7789,4.9276,0.39283
617,92,6,6,21,0,1,0,0,6.42,0.3576,0.15,507,31.7789,2.36561,0.39283
618,24,1,1,7,0,1,0,0,-26.54,0.35701,0.15,507,31.7789,6.75414,0.39283
619,89,5,5,14,0,1,0,0,-9.29,0.35641,0.15,507,31.7789,2.26911,0.39316
620,56,2,2,14,0,1,0,0,-16.05,0.35582,0.15,507,31.7789,3.01616,0.39316
621,20,0,0,4,0,1,0,0,-30.07,0.35523,0.15,507,31.7789,2.23643,0.39316
622,218,5,5,24,0,1,0,0,-5.86,0.35463,0.15,507,31.7789,2.10758,0.39316
623,41,2,2,7,0,1,0,0,-24.05,0.35404,0.15,507,31.7789,2.19484,0.39316
624,79,2,2,8,0,1,0,0,-21.19,0.35345,0.15,507,31.7789,1.90034,0.39316
625,69,6,6,14,0,1,0,0,-5.84,0.35287,0.15,508,31.7789,3.30015,0.39304
626,64,6,6,14,0,1,0,0,-1.79,0.35228,0.15,510,31.7789,3.89495,0.39314
627,189,3,3,16,0,1,0,0,-12.94,0.35169,0.15,510,31.7789,1.93134,0.39314
628,5,0,0,3,0,1,0,0,-37.47,0.35111,0.15,510,31.7789,4.49525,0.39314
629,49,3,3,8,0,1,0,0,-17.34,0.35052,0.15,511,31.7789,3.06617,0.39269
630,19,0,0,4,0,1,0,0,-37.29,0.34994,0.15,511,31.7789,2.37492,0.39269
631,51,2,2,5,0,1,0,0,-24.75,0.34936,0.15,511,31.7789,2.67421,0.39302
632,17,0,0,3,0,1,0,0,-38.43,0.34877,0.15,511,31.7789,3.82797,0.39302
633,31,2,2,7,0,1,0,0,-22.45,0.34819,0.15,511,31.7789,4.19523,0.39302
634,27,1,1,4,0,1,0,0,-26.48,0.34761,0.15,511,31.7789,4.27836,0.39302
635,45,2,2,6,0,1,0,0,-24.17,0.34703,0.15,512,31.7789,3.98127,0.3929
636,349,5,5,26,0,1,0,0,-10.94,0.34646,0.15,513,31.7789,1.74832,0.39311
637,5,0,0,1,0,1,0,0,-39.07,0.34588,0.15,513,31.7789,2.27398,0.39311
638,18,1,1,3,0,1,0,0,-31.06,0.3453,0.15,513,31.7789,3.46715,0.39311
639,47,3,3,5,0,1,0,0,-17.48,0.34473,0.15,513,31.7789,2.23539,0.39311
640,12,0,0,2,0,1,0,0,-37.23,0.34415,0.15,513,31.7789,6.37722,0.39311
641,37,2,2,6,0,1,0,0,-25.13,0.34358,0.15,513,31.7789,3.63329,0.39311
642,83,2,2,11,0,1,0,0,-21.41,0.34301,0.15,513,31.7789,2.38629,0.39376
643,89,4,4,14,0,1,0,0,-9.64,0.34244,0.15,513,31.7789,3.02753,0.39376
644,43,0,0,4,0,1,0,0,-32.91,0.34187,0.15,513,31.7789,2.30582,0.39376
645,70,2,2,7,0,1,0,0,-19.12,0.3413,0.15,513,31.7789,1.97275,0.39376
646,147,7,7,16,0,1,0,0,-1.23,0.34073,0.15,514,31.7789,2.5742,0.39332
647,30,0,0,2,0,1,0,0,-38.12,0.34016,0.15,514,31.7789,2.73299,0.39332
648,23,0,0,3,0,1,0,0,-34.21,0.3396,0.15,514,31.7789,3.87777,0.39332
649,49,1,1,5,0,1,0,0,-29.84,0.33903,0.15,514,31.7789,2.889,0.39332
650,44,2,2,11,0,1,0,0,-15.44,0.33847,0.15,515,31.7789,3.10536,0.3932
651,35,0,0,6,0,1,0,0,-31.02,0.3379,0.15,515,31.7789,3.43591,0.3932
652,95,5,5,15,0,1,0,0,-12.22,0.33734,0.15,515,31.7789,2.49957,0.3932
653,33,2,2,5,0,1,0,0,-25.51,0.33678,0.15,515,31.7789,4.46849,0.3932
654,51,1,1,8,0,1,0,0,-30.8,0.33622,0.15,515,31.7789,3.22817,0.3932
655,127,5,5,18,0,1,0,0,0.12,0.33566,0.15,515,31.7789,2.25333,0.39353
656,5,0,0,4,0,1,0,0,-37.27,0.3351,0.15,515,31.7789,4.74011,0.39353
657,91,2,2,10,0,1,0,0,-22.8,0.33454,0.15,515,31.7789,3.04751,0.39353
658,154,5,5,13,0,1,0,0,-9.89,0.33398,0.15,515,31.7789,1.96943,0.39353
659,86,2,2,10,0,1,0,0,-22.45,0.33343,0.15,515,31.7789,2.58749,0.39385
660,37,1,1,7,0,1,0,0,-24.68,0.33287,0.15,515,31.7789,2.4712,0.39385
661,5,0,0,4,0,1,0,0,-36.87,0.33232,0.15,515,31.7789,2.14884,0.39385
662,203,7,7,34,0,1,0,0,9.39,0.33176,0.15,515,31.7789,2.05482,0.39417
663,23,0,0,1,0,1,0,0,-33.71,0.33121,0.15,515,31.7789,3.50857,0.39417
664,29,0,0,4,0,1,0,0,-38.49,0.33066,0.15,515,31.7789,1.71323,0.39417
665,16,0,0,3,0,1,0,0,-34.9,0.33011,0.15,515,31.7789,4.91148,0.39417
666,36,3,3,6,0,1,0,0,-20.1,0.32956,0.15,515,31.7789,3.06419,0.39417
667,35,0,0,6,0,1,0,0,-27.12,0.32901,0.15,515,31.7789,3.09637,0.39417
668,42,2,2,7,0,1,0,0,-17.58,0.32846,0.15,515,31.7789,3.3683,0.3945
669,35,0,0,5,0,1,0,0,-35.72,0.32792,0.15,515,31.8196,3.53312,0.3945
670,38,0,0,6,0,1,0,0,-33.36,0.32737,0.15,515,31.8196,3.20064,0.3945
671,120,2,2,7,0,1,0,0,-23.72,0.32682,0.15,516,31.8196,2.23001,0.39406
672,39,0,0,4,0,1,0,0,-34.39,0.32628,0.15,516,31.8196,2.76386,0.39406
673,34,1,1,4,0,1,0,0,-28.69,0.32574,0.15,516,31.8196,4.04336,0.39406
674,400,7,7,26,0,0,0,1,22.35,0.32519,0.15,518,31.8196,1.64308,0.39414
675,44,1,1,5,0,1,0,0,-27.14,0.32465,0.15,518,31.8196,3.66611,0.39414
676,400,16,16,38,0,0,0,1,90.05,0.32411,0.15,524,31.8196,1.71488,0.39377
677,111,5,5,16,0,1,0,0,-1.2,0.32357,0.15,524,31.8196,1.81822,0.39377
678,17,0,0,4,0,1,0,0,-30.08,0.32303,0.15,524,31.8196,4.83967,0.39377
679,34,2,2,9,0,1,0,0,-16.74,0.3225,0.15,524,31.8196,4.24114,0.39377
680,107,10,10,26,0,1,0,0,25.27,0.32196,0.15,524,31.8196,2.94538,0.39408
681,400,12,12,34,0,0,0,1,73.95,0.32142,0.15,524,31.8196,1.33294,0.3944
682,253,16,16,40,0,1,0,0,65.89,0.32089,0.15,526,31.8196,2.315,0.39449
683,5,0,0,2,0,1,0,0,-38.87,0.32035,0.15,526,31.8196,5.3912,0.39449
684,6,0,0,3,0,1,0,0,-37.2,0.31982,0.15,526,31.8196,4.99408,0.39449
685,5,0,0,2,0,1,0,0,-36.82,0.31929,0.15,526,31.8196,4.90386,0.39449
686,46,3,3,6,0,1,0,0,-21.35,0.31875,0.15,526,31.8196,3.64649,0.39449
687,38,2,2,6,0,1,0,0,-22.91,0.31822,0.15,526,31.8196,3.62147,0.39449
688,35,0,0,4,0,1,0,0,-31.02,0.31769,0.15,527,31.8196,3.16642,0.39405
689,47,3,3,7,0,1,0,0,-15.33,0.31716,0.15,527,31.8196,2.74602,0.39405
690,41,3,3,9,0,1,0,0,-13.75,0.31664,0.15,527,31.8196,4.18275,0.39405
691,5,0,0,4,0,1,0,0,-36.87,0.31611,0.15,527,31.8196,7.14478,0.39405
692,5,0,0,4,0,1,0,0,-37.67,0.31558,0.15,527,31.8196,3.86506,0.39405
693,69,5,5,13,0,1,0,0,-6.79,0.31506,0.15,527,31.8542,2.8155,0.39405
694,104,3,3,12,0,1,0,0,-12.84,0.31453,0.15,527,31.8542,1.98395,0.39405
695,181,7,7,23,0,1,0,0,-3.5,0.31401,0.15,528,31.8542,2.73983,0.39394
696,27,1,1,4,0,1,0,0,-29.18,0.31349,0.15,528,31.8835,3.01906,0.39394
697,34,0,0,6,0,1,0,0,-31.49,0.31296,0.15,528,31.8835,3.28717,0.39394
698,37,1,1,12,0,1,0,0,-23.68,0.31244,0.15,528,31.8835,3.12106,0.39426
699,22,1,1,9,0,1,0,0,-24.28,0.31192,0.15,528,31.8835,3.59002,0.39426
700,45,1,1,4,0,1,0,0,-29.62,0.3114,0.15,528,32.0585,2.14897,0.39426
701,88,1,1,6,0,1,0,0,-27.11,0.31088,0.15,528,32.0585,2.17034,0.39426
702,13,0,0,4,0,1,0,0,-34.16,0.31037,0.15,528,32.0585,5.06945,0.39426
703,36,2,2,2,0,1,0,0,-27.3,0.30985,0.15,528,32.0585,4.34218,0.39426
704,62,3,3,10,0,1,0,0,-13.78,0.30933,0.15,528,32.0585,2.593,0.39426
705,57,2,2,8,0,1,0,0,-18.98,0.30882,0.15,528,32.0585,3.04544,0.39457
706,52,5,5,9,0,1,0,0,-7.93,0.3083,0.15,528,32.0585,3.2829,0.39457
707,34,1,1,3,0,1,0,0,-29.99,0.30779,0.15,528,32.0585,2.41881,0.39457
708,104,3,3,6,0,1,0,0,-16.84,0.30728,0.15,528,32.0585,1.73721,0.39457
709,282,5,5,11,0,1,0,0,-34.03,0.30677,0.15,528,32.0585,1.61128,0.39489
710,74,1,1,8,0,1,0,0,-33.84,0.30626,0.15,529,32.0585,2.63699,0.39445
711,45,2,2,6,0,1,0,0,-23.22,0.30575,0.15,529,32.0585,3.65186,0.39445
712,76,2,2,10,0,1,0,0,-22.2,0.30524,0.15,529,32.0585,2.71228,0.39445
713,85,1,1,6,0,1,0,0,-23.17,0.30473,0.15,529,32.0585,1.54892,0.39477
714,105,1,1,14,0,1,0,0,-23.92,0.30422,0.15,529,32.0585,2.16177,0.39509
715,52,4,4,14,0,1,0,0,-6.18,0.30371,0.15,529,32.0585,3.38115,0.39509
716,88,4,4,15,0,1,0,0,-10.61,0.30321,0.15,530,32.0585,3.00224,0.39497
717,18,1,1,7,0,1,0,0,-26.66,0.3027,0.15,530,32.0585,4.01351,0.39497
718,5,0,0,3,0,1,0,0,-37.87,0.3022,0.15,530,32.0585,1.70931,0.39497
719,5,0,0,3,0,1,0,0,-37.87,0.3017,0.15,530,32.0585,11.05402,0.39497
720,7,0,0,3,0,1,0,0,-36.63,0.30119,0.15,530,32.0585,7.05217,0.39497
721,46,2,2,7,0,1,0,0,-21.35,0.30069,0.15,530,32.0585,3.14376,0.39497
722,62,3,3,8,0,1,0,0,-16.13,0.30019,0.15,530,32.0585,2.53009,0.39497
723,137,9,9,29,0,1,0,0,18.92,0.29969,0.15,530,32.0585,2.77053,0.3956
724,96,2,2,8,0,1,0,0,-21.05,0.29919,0.15,530,32.0585,1.63522,0.3956
725,25,2,2,7,0,1,0,0,-22.52,0.29869,0.15,530,32.0585,3.7614,0.3956
726,291,9,9,30,0,1,0,0,14.45,0.2982,0.15,530,32.0585,1.93608,0.39623
727,72,3,3,15,0,1,0,0,-10.88,0.2977,0.15,530,32.0585,3.15279,0.39623
728,112,9,9,21,0,1,0,0,12.82,0.2972,0.15,531,32.0585,2.71041,0.39611
729,33,1,1,6,0,1,0,0,-28.26,0.29671,0.15,531,32.0585,2.82302,0.39611
730,17,1,1,4,0,1,0,0,-27.18,0.29622,0.15,531,32.0585,4.58559,0.39611
731,232,13,13,42,0,1,0,0,48.97,0.29572,0.15,533,32.0585,2.30118,0.39619
732,18,3,3,5,0,1,0,0,-17.21,0.29523,0.15,533,32.0585,4.85421,0.39619
733,42,3,3,10,0,1,0,0,-16.83,0.29474,0.15,533,32.0585,4.25046,0.39619
734,47,4,4,11,0,1,0,0,-12.08,0.29425,0.15,533,32.0585,3.27925,0.39619
735,108,12,12,22,0,1,0,0,28.74,0.29376,0.15,533,32.0585,3.18255,0.39619
736,390,7,7,16,0,1,0,0,-8.92,0.29327,0.15,533,32.0585,1.83079,0.39712
737,35,1,1,4,0,1,0,0,-28.57,0.29278,0.15,533,32.0585,4.04419,0.39712
738,76,2,2,7,0,1,0,0,-22.1,0.29229,0.15,533,32.0585,2.39227,0.39712
739,138,4,4,12,0,1,0,0,-12.96,0.29181,0.15,533,32.0585,2.08887,0.39712
740,149,10,10,28,0,1,0,0,28.81,0.29132,0.15,533,32.0585,2.4102,0.39806
741,176,10,10,19,0,1,0,0,14.9,0.29083,0.15,533,32.0585,2.12519,0.39806
742,35,3,3,8,0,1,0,0,-18.07,0.29035,0.15,533,32.0585,3.60077,0.39806
743,5,0,0,2,0,1,0,0,-38.47,0.28987,0.15,533,32.0585,3.67946,0.39806
744,192,9,9,30,0,1,0,0,23.22,0.28938,0.15,535,32.0585,2.34252,0.39751
745,25,3,3,4,0,1,0,0,-20.47,0.2889,0.15,535,32.0585,4.92824,0.39751
746,20,0,0,5,0,1,0,0,-33.57,0.28842,0.15,536,32.0585,6.40737,0.39708
747,27,0,0,1,0,1,0,0,-37.38,0.28794,0.15,536,32.0585,3.37605,0.39708
748,61,4,4,17,0,1,0,0,-6.7,0.28746,0.15,536,32.0585,2.60541,0.39739
749,146,8,8,15,0,1,0,0,8.55,0.28698,0.15,536,32.0585,2.77362,0.3977
750,155,8,8,23,0,1,0,0,8.98,0.2865,0.15,536,32.0585,2.59328,0.3977
751,135,4,4,19,0,1,0,0,-6.02,0.28603,0.15,538,31.9972,2.37735,0.39746
752,99,5,5,12,0,1,0,0,-4.89,0.28555,0.15,538,31.9972,2.53352,0.39746
753,18,1,1,5,0,1,0,0,-28.66,0.28508,0.15,538,31.9972,4.52183,0.39746
754,34,1,1,7,0,1,0,0,-23.34,0.2846,0.15,538,31.9972,3.99634,0.39746
755,246,12,12,40,0,1,0,0,36.1,0.28413,0.15,538,31.9972,2.31281,0.39808
756,138,5,5,28,0,1,0,0,3.54,0.28365,0.15,539,31.9972,2.20756,0.39796
757,43,3,3,8,0,1,0,0,-20.76,0.28318,0.15,539,31.9972,4.58555,0.39796
758,146,4,4,16,0,1,0,0,-13.35,0.28271,0.15,539,31.9972,2.27263,0.39796
759,281,16,16,35,0,1,0,0,55.75,0.28224,0.15,540,31.9972,1.89687,0.39815
760,98,7,7,12,0,1,0,0,6.14,0.28177,0.15,540,31.9972,2.53218,0.39815
761,40,3,3,6,0,1,0,0,-17.87,0.2813,0.15,540,31.9972,2.745,0.39815
762,78,2,2,5,0,1,0,0,-22.36,0.28083,0.15,540,31.9972,2.23897,0.39815
763,85,2,2,11,0,1,0,0,-19.92,0.28036,0.15,540,31.9972,1.68567,0.39815
764,52,2,2,9,0,1,0,0,-18.08,0.2799,0.15,540,31.9972,2.14959,0.39815
765,103,3,3,14,0,1,0,0,-11.96,0.27943,0.15,540,31.9972,2.20548,0.39815
766,67,4,4,10,0,1,0,0,-10.68,0.27897,0.15,540,31.9972,1.94915,0.39846
767,14,0,0,3,0,1,0,0,-34.84,0.2785,0.15,540,31.9972,3.64805,0.39846
768,71,0,0,12,0,1,0,0,-24.4,0.27804,0.15,540,31.9972,1.69456,0.39846
769,191,9,9,26,0,1,0,0,20.4,0.27757,0.15,541,31.9972,2.2081,0.39803
770,5,0,0,4,0,1,0,0,-37.27,0.27711,0.15,541,31.9972,2.12038,0.39803
771,99,5,5,13,0,1,0,0,-3.19,0.27665,0.15,541,31.9972,2.26054,0.39803
772,169,7,7,18,0,1,0,0,7.91,0.27619,0.15,541,31.9972,1.78034,0.39803
773,30,1,1,7,0,1,0,0,-24.97,0.27573,0.15,541,31.9972,2.93495,0.39803
774,106,5,5,14,0,1,0,0,-12.15,0.27527,0.15,541,31.9972,2.77975,0.39834
775,80,1,1,7,0,1,0,0,-30.62,0.27481,0.15,541,31.9972,2.02732,0.39834
776,108,5,5,20,0,1,0,0,2.04,0.27435,0.15,541,31.9972,2.23514,0.39864
777,29,1,1,5,0,1,0,0,-27.84,0.2739,0.15,541,31.9972,3.4253,0.39864
778,87,4,4,13,0,1,0,0,-4.33,0.27344,0.15,541,31.9972,1.98273,0.39895
779,107,9,9,16,0,1,0,0,9.22,0.27299,0.15,542,31.9972,2.86926,0.39852
780,67,5,5,14,0,1,0,0,-3.73,0.27253,0.15,542,31.9972,2.421,0.39852
781,7,0,0,3,0,1,0,0,-33.58,0.27208,0.15,542,31.9972,8.03514,0.39852
782,101,5,5,14,0,1,0,0,-11.35,0.27162,0.15,542,31.9972,2.72658,0.39852
783,187,10,10,29,0,1,0,0,28.17,0.27117,0.15,543,31.9972,2.4728,0.39871
784,17,1,1,6,0,1,0,0,-29.58,0.27072,0.15,543,31.9972,5.50915,0.39871
785,30,2,2,8,0,1,0,0,-23.67,0.27027,0.15,543,31.9972,3.3351,0.39871
786,134,3,3,10,0,1,0,0,-27.09,0.26982,0.15,543,31.9972,1.71863,0.39871
787,49,0,0,4,0,1,0,0,-31.94,0.26937,0.15,543,31.9972,1.64873,0.39871
788,71,4,4,12,0,1,0,0,-9.3,0.26892,0.15,543,31.9972,2.58484,0.39902
789,91,6,6,20,0,1,0,0,1.5,0.26847,0.15,544,31.9972,2.84452,0.3992
790,209,5,5,7,0,1,0,0,-11.69,0.26803,0.15,544,31.9972,1.42491,0.3992
791,24,1,1,6,0,1,0,0,-26.84,0.26758,0.15,544,31.9972,3.38637,0.3992
792,54,2,2,14,0,1,0,0,-16.39,0.26714,0.15,544,31.9972,2.73691,0.39951
793,46,3,3,9,0,1,0,0,-19.7,0.26669,0.15,544,31.9972,3.45634,0.39951
794,171,14,14,31,0,1,0,0,43.9,0.26625,0.15,544,31.9972,2.36512,0.39982
795,22,0,0,2,0,1,0,0,-33.93,0.2658,0.15,544,31.9972,3.47812,0.39982
796,45,1,1,9,0,1,0,0,-25.42,0.26536,0.15,544,31.9972,2.35908,0.39982
797,39,1,1,5,0,1,0,0,-27.14,0.26492,0.15,544,31.9972,3.17683,0.39982
798,51,0,0,3,0,1,0,0,-32.4,0.26448,0.15,544,31.9972,2.2365,0.39982
799,19,0,0,3,0,1,0,0,-37.99,0.26404,0.15,544,31.9972,2.31002,0.39982
800,64,5,5,13,0,1,0,0,-5.94,0.2636,0.15,544,31.9972,3.08578,0.39982
801,62,1,1,3,0,1,0,0,-32.63,0.26316,0.15,544,31.9972,2.46687,0.39982
802,308,3,3,4,0,1,0,0,-21.46,0.26272,0.15,544,31.9972,0.91405,0.39982
803,56,3,3,7,0,1,0,0,-18.5,0.26228,0.15,544,31.9972,3.09403,0.40012
804,19,1,1,3,0,1,0,0,-25.74,0.26185,0.15,544,31.9972,4.90271,0.40012
805,32,1,1,6,0,1,0,0,-28.78,0.26141,0.15,544,31.9972,3.88509,0.40012
806,69,0,0,7,0,1,0,0,-33.29,0.26097,0.15,544,31.9972,2.30839,0.40012
807,33,1,1,4,0,1,0,0,-28.71,0.26054,0.15,544,31.9972,3.79889,0.40012
808,5,0,0,3,0,1,0,0,-34.17,0.26011,0.15,544,31.9972,5.68348,0.40012
809,42,3,3,10,0,1,0,0,-12.83,0.25967,0.15,544,31.9972,2.89338,0.40012
810,185,13,13,31,0,1,0,0,40.93,0.25924,0.15,546,31.9972,2.15048,0.39957
811,91,5,5,11,0,1,0,0,-6.2,0.25881,0.15,546,31.9972,1.69689,0.39957
812,57,3,3,16,0,1,0,0,-10.48,0.25838,0.15,546,31.9972,3.34031,0.39988
813,44,3,3,9,0,1,0,0,-18.44,0.25795,0.15,546,31.9972,2.49244,0.39988
814,5,0,0,3,0,1,0,0,-37.87,0.25752,0.15,546,31.9972,3.00558,0.39988
815,155,10,10,21,0,1,0,0,25.58,0.25709,0.15,546,31.9972,2.38275,0.40018
816,41,0,0,9,0,1,0,0,-28.45,0.25666,0.15,546,31.9972,2.745,0.40018
817,60,1,1,8,0,1,0,0,-25.92,0.25623,0.15,546,31.9972,2.18783,0.40018
818,30,1,1,6,0,1,0,0,-25.97,0.25581,0.15,546,31.9972,3.59663,0.40018
819,16,0,0,6,0,1,0,0,-28.5,0.25538,0.15,546,31.9972,3.2219,0.40018
820,98,2,2,12,0,1,0,0,-15.76,0.25496,0.15,546,31.9972,2.63486,0.40018
821,20,1,1,6,0,1,0,0,-24.12,0.25453,0.15,546,31.9972,3.28006,0.40018
822,5,0,0,4,0,1,0,0,-37.27,0.25411,0.15,546,31.9972,2.69817,0.40018
823,110,5,5,10,0,1,0,0,-9.72,0.25368,0.15,546,31.9972,1.98899,0.40018
824,44,1,1,10,0,1,0,0,-21.79,0.25326,0.15,546,31.9972,2.94202,0.40018
825,121,7,7,21,0,1,0,0,4.95,0.25284,0.15,546,31.9972,2.05771,0.40049
826,126,5,5,10,0,1,0,0,-5.7,0.25242,0.15,546,31.9972,1.32246,0.40049
827,66,4,4,10,0,1,0,0,-11.55,0.252,0.15,547,31.9972,2.48172,0.40006
828,95,2,2,10,0,1,0,0,-18.02,0.25158,0.15,547,31.9972,1.40869,0.40006
829,82,5,5,12,0,1,0,0,-4.53,0.25116,0.15,547,31.9972,1.98026,0.40006
830,102,7,7,13,0,1,0,0,2.27,0.25074,0.15,547,31.9972,1.66626,0.40006
831,104,3,3,11,0,1,0,0,-16.89,0.25032,0.15,547,31.9972,2.23252,0.40006
832,122,9,9,24,0,1,0,0,19.52,0.24991,0.15,547,31.9972,2.17871,0.40006
833,74,6,6,19,0,1,0,0,3.31,0.24949,0.15,547,31.9972,2.9773,0.40006
834,16,0,0,3,0,1,0,0,-37.8,0.24908,0.15,547,31.9972,3.03829,0.40006
835,91,7,7,21,0,1,0,0,4.05,0.24866,0.15,547,31.9972,2.9041,0.40006
836,79,2,2,8,0,1,0,0,-27.09,0.24825,0.15,547,31.9972,2.30129,0.40006
837,60,5,5,19,0,1,0,0,-3.37,0.24783,0.15,547,31.9972,3.42336,0.40006
838,63,9,9,14,0,1,0,0,7.89,0.24742,0.15,547,31.9972,3.90878,0.40006
839,77,1,1,6,0,1,0,0,-26.78,0.24701,0.15,547,31.9972,2.73964,0.40006
840,16,1,1,5,0,1,0,0,-28.3,0.2466,0.15,547,31.9972,5.40689,0.40006
841,69,1,1,11,0,1,0,0,-31.54,0.24619,0.15,547,31.9972,3.10765,0.40006
842,137,3,3,9,0,1,0,0,-16.48,0.24578,0.15,547,31.9972,1.22105,0.40006
843,120,7,7,18,0,1,0,0,10.98,0.24537,0.15,548,31.9972,2.07007,0.39994
844,21,0,0,4,0,1,0,0,-31.75,0.24496,0.15,548,31.9972,4.29818,0.39994
845,63,4,4,9,0,1,0,0,-10.46,0.24455,0.15,548,31.9972,2.43429,0.39994
846,400,24,24,49,0,0,0,1,129.05,0.24414,0.15,550,31.9972,1.83903,0.3997
847,312,18,18,40,0,1,0,0,62.27,0.24374,0.15,550,31.9972,1.87491,0.3997
848,25,2,2,4,0,1,0,0,-25.37,0.24333,0.15,550,31.9972,3.14519,0.3997
849,400,8,8,27,0,0,0,1,36.8,0.24293,0.15,550,31.9972,1.47502,0.4
850,28,0,0,4,0,1,0,0,-30.86,0.24252,0.15,550,31.9972,3.27931,0.4
851,130,14,14,34,0,1,0,0,45.53,0.24212,0.15,550,31.9972,2.61165,0.4003
852,53,4,4,13,0,1,0,0,-9.01,0.24171,0.15,550,31.9972,2.86616,0.4003
853,122,3,3,10,0,1,0,0,-14.93,0.24131,0.15,551,31.9972,2.18519,0.39988
854,5,0,0,3,0,1,0,0,-35.82,0.24091,0.15,551,31.9972,6.64087,0.39988
855,122,6,6,27,0,1,0,0,12.17,0.24051,0.15,551,31.9972,2.68435,0.40018
856,54,5,5,17,0,1,0,0,-4.04,0.24011,0.15,551,31.9972,3.29132,0.40018
857,61,6,6,12,0,1,0,0,-0.25,0.23971,0.15,551,31.9972,2.96287,0.40018
858,5,0,0,4,0,1,0,0,-37.27,0.23931,0.15,551,31.9972,3.64329,0.40018
859,11,0,0,3,0,1,0,0,-36.1,0.23891,0.15,551,31.9972,5.42106,0.40018
860,26,2,2,10,0,1,0,0,-16.4,0.23851,0.15,551,31.9972,5.10333,0.40018
861,97,6,6,16,0,1,0,0,6.37,0.23812,0.15,551,31.9972,2.61027,0.40018
862,37,1,1,6,0,1,0,0,-23.38,0.23772,0.15,551,31.9972,3.14951,0.40018
863,34,1,1,3,0,1,0,0,-31.59,0.23732,0.15,551,31.9972,3.09719,0.40018
864,123,9,9,25,0,1,0,0,20.29,0.23693,0.15,551,31.9972,2.57959,0.40018
865,5,0,0,3,0,1,0,0,-38.72,0.23653,0.15,551,31.9972,10.70971,0.40018
866,82,6,6,16,0,1,0,0,2.27,0.23614,0.15,551,31.9972,2.09011,0.40018
867,255,14,14,34,0,1,0,0,56.18,0.23575,0.15,552,31.9972,2.02446,0.39976
868,64,4,4,12,0,1,0,0,-9.99,0.23535,0.15,552,31.9972,2.86175,0.39976
869,9,0,0,2,0,1,0,0,-38.39,0.23496,0.15,552,31.9972,6.19047,0.39976
870,21,1,1,4,0,1,0,0,-27.95,0.23457,0.15,552,31.9972,3.40043,0.39976
871,101,2,2,14,0,1,0,0,-19.85,0.23418,0.15,552,31.9972,2.56666,0.39976
872,33,2,2,6,0,1,0,0,-22.26,0.23379,0.15,552,31.9972,2.98914,0.39976
873,45,3,3,10,0,1,0,0,-17.02,0.2334,0.15,552,31.9972,2.80563,0.39976
874,191,12,12,32,0,1,0,0,41.05,0.23301,0.15,552,31.9972,2.63924,0.40006
875,21,1,1,7,0,1,0,0,-29.55,0.23262,0.15,552,31.9972,3.76745,0.40006
876,60,1,1,9,0,1,0,0,-24.32,0.23224,0.15,552,31.9972,2.65772,0.40006
877,35,0,0,9,0,1,0,0,-25.97,0.23185,0.15,552,31.9972,3.3856,0.40006
878,44,4,4,6,0,1,0,0,-7.39,0.23146,0.15,552,31.9972,2.91498,0.40006
879,5,0,0,2,0,1,0,0,-32.57,0.23108,0.15,552,31.9972,13.00172,0.40006
880,17,2,2,6,0,1,0,0,-22.73,0.23069,0.15,552,31.9972,3.67953,0.40006
881,400,16,16,41,0,0,0,1,81.55,0.23031,0.15,555,31.9972,2.16791,0.3991
882,45,4,4,16,0,1,0,0,-6.57,0.22993,0.15,555,31.9972,2.72937,0.3991
883,56,3,3,12,0,1,0,0,-14.6,0.22954,0.15,555,31.9972,3.48428,0.3991
884,50,4,4,14,0,1,0,0,-5.52,0.22916,0.15,555,31.9972,2.79529,0.3991
885,170,7,7,22,0,1,0,0,9.48,0.22878,0.15,555,31.9972,2.40566,0.3991
886,27,2,2,8,0,1,0,0,-18.68,0.2284,0.15,555,31.9972,4.16454,0.3991
887,26,1,1,7,0,1,0,0,-21.1,0.22802,0.15,555,31.9972,3.06984,0.3991
888,94,5,5,13,0,1,0,0,-15.34,0.22764,0.15,555,31.9972,2.50757,0.3991
889,5,0,0,3,0,1,0,0,-34.87,0.22726,0.15,555,31.9972,10.29125,0.3991
890,47,2,2,8,0,1,0,0,-28.18,0.22688,0.15,555,32.0051,3.26003,0.3991
891,180,10,10,27,0,1,0,0,26.43,0.2265,0.15,555,32.0051,2.35791,0.3991
892,46,5,5,15,0,1,0,0,-3.85,0.22613,0.15,555,32.0051,3.28177,0.3991
893,272,20,20,48,0,1,0,0,82.47,0.22575,0.15,555,32.0051,2.55443,0.3997
894,87,6,6,13,0,1,0,0,-5.28,0.22537,0.15,556,32.0051,2.94116,0.39928
895,5,0,0,2,0,1,0,0,-33.52,0.225,0.15,556,32.0051,11.57717,0.39928
896,37,2,2,7,0,1,0,0,-23.33,0.22462,0.15,556,32.0051,3.50693,0.39928
897,336,11,11,38,0,1,0,0,20.35,0.22425,0.15,556,32.0051,2.0575,0.39958
898,69,4,4,17,0,1,0,0,-4.74,0.22388,0.15,556,32.0051,2.78842,0.39958
899,400,26,26,64,0,0,0,1,144.2,0.2235,0.15,556,32.0051,2.09948,0.39958
900,400,16,16,43,0,0,0,1,92.55,0.22313,0.15,557,32.0051,1.84378,0.40006
901,400,14,14,44,0,0,0,1,65.25,0.22276,0.15,558,32.0051,1.87994,0.39994
902,70,5,5,13,0,1,0,0,-4.82,0.22239,0.15,558,32.0051,2.30365,0.39994
903,27,0,0,8,0,1,0,0,-27.08,0.22202,0.15,558,32.0051,2.31059,0.39994
904,115,5,5,17,0,1,0,0,-2.17,0.22165,0.15,558,32.0051,2.50637,0.39994
905,113,4,4,24,0,1,0,0,2.44,0.22128,0.15,558,32.0051,2.04258,0.40054
906,66,8,8,17,0,1,0,0,9.05,0.22091,0.15,558,32.0051,3.54883,0.40054
907,29,1,1,5,0,1,0,0,-23.54,0.22054,0.15,558,32.0051,2.59589,0.40054
908,60,3,3,14,0,1,0,0,-10.52,0.22017,0.15,558,32.0051,2.2281,0.40054
909,49,4,4,10,0,1,0,0,-10.04,0.21981,0.15,558,32.0051,3.20222,0.40054
910,19,2,2,9,0,1,0,0,-18.49,0.21944,0.15,558,32.0051,4.93329,0.40054
911,157,11,11,36,0,1,0,0,36.07,0.21908,0.15,558,32.0051,3.18782,0.40114
912,52,2,2,7,0,1,0,0,-24.43,0.21871,0.15,558,32.0051,3.23973,0.40114
913,108,8,8,22,0,1,0,0,12.39,0.21835,0.15,558,32.0051,2.37276,0.40114
914,92,3,3,8,0,1,0,0,-25.23,0.21798,0.15,558,32.0051,2.7198,0.40114
915,33,2,2,7,0,1,0,0,-22.66,0.21762,0.15,558,32.0051,2.74102,0.40114
916,65,5,5,15,0,1,0,0,0.93,0.21726,0.15,558,32.0051,2.67155,0.40114
917,5,0,0,2,0,1,0,0,-35.87,0.2169,0.15,558,32.0051,9.91514,0.40114
918,5,0,0,3,0,1,0,0,-37.47,0.21654,0.15,558,32.0051,3.26866,0.40114
919,22,1,1,6,0,1,0,0,-22.83,0.21618,0.15,558,32.0051,2.71054,0.40114
920,16,0,0,4,0,1,0,0,-28.2,0.21582,0.15,558,32.0051,4.1703,0.40114
921,64,4,4,7,0,1,0,0,-10.54,0.21546,0.15,558,32.0051,3.21406,0.40114
922,121,9,9,29,0,1,0,0,27.8,0.2151,0.15,558,32.0051,2.46295,0.40143
923,122,8,8,23,0,1,0,0,12.47,0.21474,0.15,558,32.0051,2.45632,0.40143
924,9,0,0,4,0,1,0,0,-36.69,0.21438,0.15,558,32.0051,4.4593,0.40143
925,198,9,9,42,0,1,0,0,33.94,0.21402,0.15,558,32.0051,2.3483,0.40173
926,68,5,5,11,0,1,0,0,-7.51,0.21367,0.15,558,32.0051,2.63989,0.40173
927,98,9,9,24,0,1,0,0,15.69,0.21331,0.15,558,32.0051,3.34873,0.40173
928,59,5,5,15,0,1,0,0,-3.29,0.21296,0.15,558,32.0051,3.59228,0.40203
929,128,6,6,23,0,1,0,0,3.34,0.2126,0.15,558,32.0051,2.04031,0.40233
930,54,2,2,15,0,1,0,0,-11.54,0.21225,0.15,558,32.0051,2.91013,0.40263
931,32,1,1,9,0,1,0,0,-24.73,0.21189,0.15,558,32.0051,2.13213,0.40263
932,99,8,8,16,0,1,0,0,15.61,0.21154,0.15,558,32.0051,2.56023,0.40263
933,59,6,6,14,0,1,0,0,2.11,0.21119,0.15,558,32.0051,3.05899,0.40263
934,74,4,4,9,0,1,0,0,-11.94,0.21084,0.15,558,32.0051,2.5257,0.40263
935,79,5,5,15,0,1,0,0,-5.09,0.21049,0.15,558,32.0051,2.24069,0.40263
936,154,8,8,21,0,1,0,0,17.11,0.21014,0.15,558,32.0051,2.39625,0.40263
937,178,8,8,19,0,1,0,0,3.29,0.20979,0.15,558,32.0719,2.32927,0.40263
938,78,8,8,15,0,1,0,0,8.19,0.20944,0.15,558,32.0719,3.59401,0.40263
939,16,1,1,2,0,1,0,0,-28.9,0.20909,0.15,558,32.0719,5.7727,0.40263
940,79,4,4,19,0,1,0,0,-3.69,0.20874,0.15,558,32.0719,3.05555,0.40263
941,134,13,13,29,0,1,0,0,39.51,0.20839,0.15,558,32.0719,2.55554,0.40263
942,182,5,5,13,0,1,0,0,-5.08,0.20805,0.15,558,32.0719,1.77062,0.40263
943,300,3,3,10,0,1,0,0,-20.97,0.2077,0.15,558,32.0719,1.70827,0.40263
944,42,4,4,9,0,1,0,0,-9.28,0.20735,0.15,558,32.0719,4.30459,0.40263
945,162,13,13,34,0,1,0,0,40.22,0.20701,0.15,559,32.0719,2.92441,0.4028
946,116,5,5,13,0,1,0,0,-11.15,0.20666,0.15,559,32.0719,1.95768,0.4028
947,25,1,1,9,0,1,0,0,-25.42,0.20632,0.15,559,32.0719,3.82891,0.4028
948,54,1,1,4,0,1,0,0,-25.09,0.20598,0.15,559,32.0719,1.32231,0.4028
949,28,3,3,9,0,1,0,0,-18.86,0.20563,0.15,559,32.0719,4.30137,0.4028
950,24,0,0,3,0,1,0,0,-37.94,0.20529,0.15,559,32.0719,1.97229,0.4028
951,49,2,2,8,0,1,0,0,-20.69,0.20495,0.15,559,32.0719,2.5598,0.4028
952,102,0,0,6,0,1,0,0,-35.53,0.20461,0.15,559,32.0719,1.96053,0.4031
953,45,1,1,10,0,1,0,0,-21.07,0.20427,0.15,559,32.0719,2.99009,0.4031
954,17,0,0,6,0,1,0,0,-29.38,0.20393,0.15,559,32.0719,4.93178,0.4031
955,337,9,9,32,0,1,0,0,15.67,0.20359,0.15,560,32.0719,1.83016,0.40268
956,179,9,9,22,0,1,0,0,21.66,0.20325,0.15,560,32.0719,2.08956,0.40268
957,49,4,4,13,0,1,0,0,-6.04,0.20291,0.15,560,32.0719,3.04754,0.40268
958,21,1,1,6,0,1,0,0,-24.05,0.20257,0.15,560,32.0719,3.35112,0.40268
959,34,2,2,11,0,1,0,0,-18.24,0.20223,0.15,560,32.0719,3.68091,0.40268
960,127,3,3,13,0,1,0,0,-9.28,0.2019,0.15,560,32.0719,1.55121,0.40298
961,56,4,4,15,0,1,0,0,-5.6,0.20156,0.15,560,32.0719,2.68464,0.40327
962,26,2,2,10,0,1,0,0,-19.0,0.20122,0.15,560,32.0719,2.87173,0.40327
963,164,6,6,17,0,1,0,0,3.41,0.20089,0.15,560,32.0719,1.89301,0.40327
964,166,15,15,29,0,1,0,0,50.75,0.20056,0.15,560,32.0719,2.29103,0.40327
965,98,3,3,18,0,1,0,0,-5.21,0.20022,0.15,560,32.0719,2.24826,0.40327
966,26,2,2,8,0,1,0,0,-22.7,0.19989,0.15,560,32.0719,3.74654,0.40327
967,66,4,4,10,0,1,0,0,-14.05,0.19955,0.15,560,32.0719,2.82445,0.40327
968,17,2,2,5,0,1,0,0,-21.73,0.19922,0.15,560,32.0719,3.21308,0.40327
969,52,5,5,11,0,1,0,0,-7.73,0.19889,0.15,560,32.0686,2.66241,0.40327
970,120,12,12,23,0,1,0,0,32.73,0.19856,0.15,560,32.0686,2.59112,0.40327
971,208,17,17,45,0,1,0,0,76.24,0.19823,0.15,562,32.0686,2.30334,0.40302
972,16,0,0,5,0,1,0,0,-28.8,0.1979,0.15,562,32.0686,2.71398,0.40302
973,252,19,19,37,0,1,0,0,54.47,0.19757,0.15,562,32.0686,2.42283,0.40362
974,45,3,3,12,0,1,0,0,-12.07,0.19724,0.15,562,32.0686,2.68236,0.40362
975,27,2,2,9,0,1,0,0,-19.53,0.19691,0.15,562,32.0686,3.86707,0.40362
976,79,8,8,24,0,1,0,0,21.86,0.19658,0.15,562,32.0686,2.65281,0.40391
977,174,15,15,50,0,1,0,0,53.56,0.19626,0.15,562,32.0686,2.78204,0.40421
978,67,4,4,16,0,1,0,0,-5.73,0.19593,0.15,562,32.0686,2.55862,0.40421
979,34,2,2,13,0,1,0,0,-15.04,0.1956,0.15,562,32.0686,3.21417,0.40421
980,16,1,1,6,0,1,0,0,-23.3,0.19528,0.15,562,32.0686,3.44265,0.40421
981,69,4,4,14,0,1,0,0,-5.89,0.19495,0.15,562,32.0686,1.80681,0.40421
982,34,2,2,16,0,1,0,0,-17.04,0.19463,0.15,562,32.0686,3.61856,0.40421
983,118,8,8,28,0,1,0,0,27.19,0.1943,0.15,562,32.0686,2.62813,0.40451
984,119,5,5,22,0,1,0,0,5.81,0.19398,0.15,562,32.0686,2.20609,0.40451
985,18,2,2,6,0,1,0,0,-20.16,0.19366,0.15,562,32.0686,3.55206,0.40451
986,348,15,15,40,0,1,0,0,54.64,0.19333,0.15,562,32.0686,1.90487,0.40451
987,109,8,8,24,0,1,0,0,13.51,0.19301,0.15,562,32.0686,2.44712,0.40451
988,21,1,1,5,0,1,0,0,-24.65,0.19269,0.15,562,32.0686,3.59054,0.40451
989,17,2,2,3,0,1,0,0,-24.03,0.19237,0.15,562,32.0686,2.65728,0.40451
990,374,27,27,64,0,1,0,0,111.26,0.19205,0.15,562,32.0686,2.50976,0.4051
991,22,2,2,5,0,1,0,0,-28.83,0.19173,0.15,562,32.1258,4.53949,0.4051
992,214,13,13,34,0,1,0,0,36.41,0.19141,0.15,563,32.1258,2.20534,0.40468
993,83,9,9,23,0,1,0,0,14.99,0.19109,0.15,563,32.1258,3.30461,0.40468
994,16,1,1,5,0,1,0,0,-25.3,0.19077,0.15,563,32.1258,4.94602,0.40468
995,117,2,2,13,0,1,0,0,-9.33,0.19046,0.15,563,32.1258,1.87611,0.40497
996,172,5,5,18,0,1,0,0,-4.53,0.19014,0.15,563,32.1258,1.86834,0.40497
997,68,5,5,17,0,1,0,0,-7.01,0.18982,0.15,563,32.1258,2.82641,0.40497
998,87,2,2,14,0,1,0,0,-14.63,0.18951,0.15,563,32.1258,1.45146,0.40497
999,27,1,1,8,0,1,0,0,-22.93,0.18919,0.15,563,32.1258,3.10875,0.40497
1000,33,0,0,4,0,1,0,0,-28.71,0.18888,0.15,563,32.1258,1.54195,0.40497
1001,33,3,3,9,0,1,0,0,-17.36,0.18856,0.15,563,32.1258,3.07539,0.40497
1002,89,7,7,17,0,1,0,0,8.51,0.18825,0.15,563,32.1258,2.33053,0.40497
1003,49,3,3,10,0,1,0,0,-21.04,0.18793,0.15,563,32.1258,3.57527,0.40497
1004,62,6,6,18,0,1,0,0,5.12,0.18762,0.15,563,32.1258,3.05165,0.40497
1005,57,8,8,23,0,1,0,0,14.82,0.18731,0.15,563,32.1258,3.16874,0.40497
1006,400,5,5,14,0,0,0,1,32.15,0.187,0.15,563,32.1258,1.4305,0.40497
1007,265,21,21,48,0,1,0,0,89.28,0.18668,0.15,564,32.1258,2.42091,0.40455
1008,92,8,8,20,0,1,0,0,18.62,0.18637,0.15,564,32.1258,2.87553,0.40455
1009,90,1,1,8,0,1,0,0,-23.62,0.18606,0.15,564,32.1258,1.92957,0.40455
1010,25,2,2,7,0,1,0,0,-20.82,0.18575,0.15,564,32.1258,3.21374,0.40455
1011,141,11,11,32,0,1,0,0,36.4,0.18544,0.15,564,32.1258,2.82511,0.40485
1012,39,3,3,8,0,1,0,0,-12.54,0.18514,0.15,564,32.1258,2.24993,0.40485
1013,192,12,12,41,0,1,0,0,48.97,0.18483,0.15,564,32.1258,2.73151,0.40514
1014,55,5,5,16,0,1,0,0,2.93,0.18452,0.15,564,32.1258,2.09342,0.40514
1015,53,4,4,8,0,1,0,0,-9.76,0.18421,0.15,564,32.1258,2.10484,0.40514
1016,60,5,5,15,0,1,0,0,1.08,0.18391,0.15,564,32.1258,2.71719,0.40514
1017,103,8,8,17,0,1,0,0,11.24,0.1836,0.15,564,32.1258,2.34993,0.40514
1018,70,6,6,17,0,1,0,0,3.68,0.18329,0.15,564,32.1258,3.15905,0.40514
1019,356,9,9,27,0,1,0,0,6.2,0.18299,0.15,565,32.1258,2.11938,0.40472
1020,187,8,8,31,0,1,0,0,10.82,0.18268,0.15,565,32.1258,2.51493,0.40472
1021,54,0,0,12,0,1,0,0,-23.19,0.18238,0.15,565,32.1258,2.45714,0.40472
1022,30,3,3,6,0,1,0,0,-16.92,0.18208,0.15,565,32.1258,2.57845,0.40472
1023,56,3,3,13,0,1,0,0,-14.95,0.18177,0.15,565,32.1258,2.97258,0.40472
1024,17,1,1,7,0,1,0,0,-23.83,0.18147,0.15,565,32.1258,5.2054,0.40472
1025,41,4,4,12,0,1,0,0,-13.0,0.18117,0.15,565,32.1258,3.38712,0.40472
1026,140,5,5,20,0,1,0,0,6.18,0.18087,0.15,565,32.1258,2.41141,0.40472
1027,400,31,31,67,0,0,0,1,190.65,0.18056,0.15,565,32.1258,2.18706,0.40501
1028,21,0,0,3,0,1,0,0,-31.85,0.18026,0.15,565,32.1258,4.36878,0.40501
1029,66,6,6,10,0,1,0,0,-2.25,0.17996,0.15,565,32.1258,2.3896,0.40501
1030,400,17,17,45,0,0,0,1,100.75,0.17966,0.15,565,32.1258,2.12298,0.40501
1031,50,4,4,10,0,1,0,0,-11.72,0.17936,0.15,565,32.1258,3.06911,0.40501
1032,153,6,6,28,0,1,0,0,10.99,0.17907,0.15,568,32.1258,2.4706,0.40376
1033,41,5,5,10,0,1,0,0,-9.6,0.17877,0.15,568,32.1258,3.64445,0.40376
1034,237,16,16,47,0,1,0,0,50.12,0.17847,0.15,569,32.1258,2.74266,0.40363
1035,16,2,2,5,0,1,0,0,-25.35,0.17817,0.15,569,32.1258,5.23492,0.40363
1036,400,7,7,30,0,0,0,1,20.25,0.17788,0.15,570,32.1258,1.95356,0.40351
1037,27,3,3,8,0,1,0,0,-14.63,0.17758,0.15,570,32.1258,2.89242,0.40351
1038,16,1,1,5,0,1,0,0,-25.7,0.17728,0.15,570,32.1258,3.82273,0.40351
1039,134,11,11,32,0,1,0,0,31.71,0.17699,0.15,570,32.2644,2.81235,0.40351
1040,58,4,4,13,0,1,0,0,-5.81,0.17669,0.15,570,32.2644,2.69639,0.40351
1041,216,6,6,22,0,1,0,0,8.35,0.1764,0.15,570,32.2644,2.1977,0.4038
1042,65,6,6,16,0,1,0,0,7.13,0.17611,0.15,570,32.2644,2.6893,0.4038
1043,223,9,9,26,0,1,0,0,22.89,0.17581,0.15,570,32.2644,1.80664,0.4038
1044,400,11,11,33,0,0,0,1,71.3,0.17552,0.15,570,32.2644,1.6431,0.40409
1045,5,0,0,4,0,1,0,0,-37.27,0.17523,0.15,570,32.2644,3.52129,0.40409
1046,145,12,12,24,0,1,0,0,35.78,0.17494,0.15,571,32.2644,2.36406,0.40368
1047,365,20,20,57,0,1,0,0,97.78,0.17464,0.15,572,32.2644,2.18583,0.40355
1048,73,5,5,15,0,1,0,0,-5.16,0.17435,0.15,572,32.2923,3.97688,0.40355
1049,268,14,14,25,0,1,0,0,32.54,0.17406,0.15,572,32.2923,1.97381,0.40355
1050,28,2,2,9,0,1,0,0,-17.86,0.17377,0.15,572,32.2923,1.98552,0.40355
1051,148,13,13,33,0,1,0,0,51.19,0.17348,0.15,572,32.2923,2.59778,0.40355
1052,162,15,15,33,0,1,0,0,53.82,0.1732,0.15,572,32.2923,2.67661,0.40385
1053,40,3,3,11,0,1,0,0,-14.22,0.17291,0.15,572,32.4059,3.47713,0.40385
1054,34,4,4,9,0,1,0,0,-15.59,0.17262,0.15,572,32.4059,4.32543,0.40385
1055,400,22,22,46,0,0,0,1,129.95,0.17233,0.15,572,32.4059,2.01489,0.40385
1056,400,20,20,51,0,0,0,1,123.7,0.17204,0.15,572,32.4059,1.57131,0.40414
1057,257,23,23,54,0,1,0,0,99.47,0.17176,0.15,573,32.4059,2.28512,0.4043
1058,130,5,5,25,0,1,0,0,10.88,0.17147,0.15,573,32.4059,1.68147,0.4043
1059,314,16,16,54,0,1,0,0,73.26,0.17119,0.15,574,32.4059,1.78716,0.40418
1060,18,1,1,7,0,1,0,0,-21.86,0.1709,0.15,574,32.4059,4.03239,0.40418
1061,26,1,1,8,0,1,0,0,-21.85,0.17062,0.15,574,32.4059,1.98935,0.40418
1062,27,2,2,7,0,1,0,0,-22.68,0.17033,0.15,574,32.4059,3.8273,0.40418
1063,5,0,0,3,0,1,0,0,-37.87,0.17005,0.15,574,32.4059,9.78503,0.40418
1064,265,20,20,58,0,1,0,0,93.03,0.16977,0.15,574,32.4059,2.13632,0.40418
1065,16,2,2,4,0,1,0,0,-27.2,0.16948,0.15,574,32.4059,3.81641,0.40418
1066,400,18,18,54,0,0,0,1,115.3,0.1692,0.15,574,32.4059,1.97026,0.40447
1067,120,13,13,33,0,1,0,0,47.28,0.16892,0.15,574,32.4059,2.54476,0.40447
1068,109,8,8,25,0,1,0,0,19.11,0.16864,0.15,574,32.4059,2.21235,0.40447
1069,35,2,2,9,0,1,0,0,-16.57,0.16836,0.15,574,32.4059,3.96273,0.40447
1070,73,8,8,23,0,1,0,0,17.79,0.16808,0.15,574,32.4059,2.19707,0.40447
1071,5,0,0,1,0,1,0,0,-31.52,0.1678,0.15,574,32.4059,13.21836,0.40447
1072,103,11,11,27,0,1,0,0,31.99,0.16752,0.15,574,32.4059,2.59097,0.40447
1073,164,15,15,42,0,1,0,0,67.86,0.16724,0.15,575,32.4059,2.93174,0.40406
1074,29,4,4,13,0,1,0,0,-10.24,0.16696,0.15,575,32.4059,4.31167,0.40406
1075,68,8,8,22,0,1,0,0,11.49,0.16668,0.15,575,32.4059,2.85108,0.40406
1076,5,0,0,4,0,1,0,0,-37.27,0.1664,0.15,575,32.4059,2.68506,0.40406
1077,78,4,4,21,0,1,0,0,2.29,0.16613,0.15,575,32.4059,2.92241,0.40406
1078,45,6,6,17,0,1,0,0,6.83,0.16585,0.15,575,32.4059,3.02968,0.40406
1079,83,6,6,26,0,1,0,0,15.24,0.16557,0.15,575,32.4059,2.41697,0.40406
1080,24,3,3,11,0,1,0,0,-13.14,0.1653,0.15,575,32.4059,3.98658,0.40406
1081,100,12,12,32,0,1,0,0,46.63,0.16502,0.15,576,32.4059,2.89262,0.40394
1082,400,22,22,65,0,0,0,1,155.45,0.16475,0.15,576,32.4059,1.79058,0.40422
1083,37,4,4,10,0,1,0,0,-8.23,0.16447,0.15,576,32.4059,2.86471,0.40422
1084,229,16,16,46,0,1,0,0,67.71,0.1642,0.15,576,32.4059,2.36461,0.40422
1085,153,16,16,40,0,1,0,0,62.44,0.16393,0.15,576,32.4059,2.44158,0.40422
1086,16,0,0,8,0,1,0,0,-30.9,0.16365,0.15,576,32.4059,6.7789,0.40422
1087,55,5,5,10,0,1,0,0,-4.02,0.16338,0.15,576,32.4059,2.99603,0.40422
1088,57,4,4,19,0,1,0,0,-0.58,0.16311,0.15,576,32.4059,2.53328,0.40422
1089,67,2,2,13,0,1,0,0,-20.13,0.16284,0.15,576,32.4059,2.86867,0.40422
1090,20,1,1,3,0,1,0,0,-27.27,0.16257,0.15,576,32.4059,4.80533,0.40422
1091,33,4,4,9,0,1,0,0,-10.46,0.1623,0.15,576,32.4059,2.56037,0.40422
1092,15,1,1,6,0,1,0,0,-24.87,0.16203,0.15,576,32.4059,3.8183,0.40422
1093,242,11,11,35,0,1,0,0,28.87,0.16176,0.15,576,32.4059,2.66111,0.40422
1094,72,3,3,12,0,1,0,0,-11.88,0.16149,0.15,576,32.4059,2.33507,0.40422
1095,49,7,7,11,0,1,0,0,-3.29,0.16122,0.15,577,32.4059,4.35675,0.4041
1096,29,1,1,7,0,1,0,0,-21.79,0.16095,0.15,577,32.4059,2.78691,0.4041
1097,9,0,0,2,0,1,0,0,-35.09,0.16068,0.15,577,32.4059,6.35654,0.4041
1098,29,1,1,7,0,1,0,0,-25.99,0.16041,0.15,577,32.4425,3.66397,0.4041
1099,19,1,1,9,0,1,0,0,-23.14,0.16015,0.15,577,32.4425,4.44667,0.4041
1100,62,7,7,18,0,1,0,0,12.87,0.15988,0.15,577,32.4425,3.14996,0.4041
1101,246,27,27,59,0,1,0,0,123.4,0.15961,0.15,578,32.4425,2.70294,0.40398
1102,55,8,8,15,0,1,0,0,9.28,0.15935,0.15,578,32.4425,2.89299,0.40398
1103,13,0,0,3,0,1,0,0,-33.11,0.15908,0.15,578,32.4425,5.4288,0.40398
1104,65,5,5,17,0,1,0,0,0.93,0.15882,0.15,578,32.4425,3.37692,0.40398
1105,153,16,16,41,0,1,0,0,65.19,0.15855,0.15,578,32.4425,2.94365,0.40456
1106,118,6,6,19,0,1,0,0,8.59,0.15829,0.15,578,32.4425,2.57955,0.40456
1107,144,18,18,42,0,1,0,0,77.51,0.15803,0.15,578,32.4425,2.77697,0.40484
1108,113,10,10,24,0,1,0,0,26.64,0.15776,0.15,578,32.4425,2.87734,0.40513
1109,20,1,1,7,0,1,0,0,-22.32,0.1575,0.15,578,32.4425,1.81623,0.40513
1110,121,11,11,35,0,1,0,0,34.6,0.15724,0.15,578,32.4425,2.78346,0.40513
1111,400,32,32,71,0,0,0,1,199.2,0.15698,0.15,578,32.4425,2.10083,0.40571
1112,202,19,19,44,0,1,0,0,79.67,0.15671,0.15,578,32.4425,2.86283,0.406
1113,50,6,6,13,0,1,0,0,3.33,0.15645,0.15,578,32.4425,3.01767,0.40629
1114,87,10,10,26,0,1,0,0,30.62,0.15619,0.15,578,32.4425,2.17228,0.40629
1115,173,18,18,52,0,1,0,0,85.44,0.15593,0.15,578,32.4425,2.56844,0.40629
1116,19,2,2,7,0,1,0,0,-24.29,0.15567,0.15,578,32.4425,4.49993,0.40629
1117,73,6,6,27,0,1,0,0,14.14,0.15541,0.15,578,32.4425,2.98933,0.40629
1118,17,2,2,5,0,1,0,0,-21.03,0.15515,0.15,578,32.4425,3.27308,0.40629
1119,29,3,3,8,0,1,0,0,-15.84,0.1549,0.15,578,32.4425,2.98138,0.40629
1120,7,0,0,4,0,1,0,0,-32.18,0.15464,0.15,578,32.4425,7.65498,0.40629
1121,13,0,0,7,0,1,0,0,-27.01,0.15438,0.15,578,32.4425,3.99041,0.40629
1122,104,11,11,27,0,1,0,0,35.56,0.15412,0.15,578,32.4425,2.7853,0.40629
1123,81,8,8,16,0,1,0,0,11.3,0.15387,0.15,578,32.4425,2.48424,0.40629
1124,258,25,25,63,0,1,0,0,123.64,0.15361,0.15,578,32.4425,2.47002,0.40629
1125,7,0,0,3,0,1,0,0,-37.83,0.15335,0.15,578,32.4425,7.13931,0.40629
1126,85,7,7,23,0,1,0,0,16.23,0.1531,0.15,578,32.4425,2.78413,0.40629
1127,25,1,1,6,0,1,0,0,-25.72,0.15284,0.15,578,32.4425,4.36127,0.40629
1128,80,7,7,27,0,1,0,0,13.88,0.15259,0.15,578,32.4425,2.7769,0.40629
1129,41,4,4,9,0,1,0,0,-9.2,0.15234,0.15,578,32.4425,2.79567,0.40629
1130,265,13,13,45,0,1,0,0,59.13,0.15208,0.15,578,32.4425,2.36676,0.40629
1131,15,0,0,4,0,1,0,0,-29.02,0.15183,0.15,578,32.4425,3.65559,0.40629
1132,7,0,0,5,0,1,0,0,-33.63,0.15158,0.15,578,32.4425,8.26537,0.40629
1133,27,1,1,7,0,1,0,0,-21.23,0.15132,0.15,578,32.4425,3.26396,0.40629
1134,169,11,11,32,0,1,0,0,44.91,0.15107,0.15,579,32.4425,2.29741,0.40616
1135,5,0,0,3,0,1,0,0,-34.87,0.15082,0.15,579,32.4425,9.44822,0.40616
1136,5,0,0,3,0,1,0,0,-37.47,0.15057,0.15,579,32.4425,1.5107,0.40616
1137,89,9,9,27,0,1,0,0,25.56,0.15032,0.15,579,32.4425,2.10994,0.40616
1138,17,1,1,7,0,1,0,0,-22.18,0.15007,0.15,579,32.4425,3.67608,0.40616
1139,138,7,7,25,0,1,0,0,19.99,0.14982,0.15,579,32.4425,2.34706,0.40616
1140,76,4,4,18,0,1,0,0,0.85,0.14957,0.15,579,32.4425,2.19012,0.40616
1141,134,12,12,35,0,1,0,0,42.41,0.14932,0.15,579,32.4425,2.34593,0.40616
1142,81,7,7,22,0,1,0,0,12.45,0.14907,0.15,579,32.4425,2.65019,0.40616
1143,400,26,26,62,0,0,0,1,163.05,0.14882,0.15,579,32.4425,1.93215,0.40645
1144,100,9,9,32,0,1,0,0,29.73,0.14857,0.15,579,32.4425,2.72309,0.40645
1145,400,30,30,73,0,0,0,1,174.3,0.14833,0.15,579,32.4425,1.85924,0.40645
1146,166,12,12,45,0,1,0,0,40.05,0.14808,0.15,579,32.4425,2.60427,0.40702
1147,20,0,0,10,0,1,0,0,-25.02,0.14783,0.15,579,32.4425,4.8157,0.40702
1148,307,29,29,73,0,1,0,0,135.42,0.14759,0.15,579,32.4425,2.34888,0.4076
1149,72,2,2,12,0,1,0,0,-17.53,0.14734,0.15,579,32.4425,2.65672,0.4076
1150,93,8,8,29,0,1,0,0,20.14,0.1471,0.15,579,32.4425,2.66248,0.4076
1151,321,18,18,60,0,1,0,0,77.7,0.14685,0.15,579,32.4425,2.38148,0.4076
1152,130,15,15,33,0,1,0,0,54.83,0.14661,0.15,579,32.4425,2.76974,0.40789
1153,400,37,37,86,0,0,0,1,217.55,0.14636,0.15,581,32.4425,2.19976,0.40734
1154,241,26,26,67,0,1,0,0,113.15,0.14612,0.15,581,32.4425,2.74955,0.40763
1155,207,24,24,58,0,1,0,0,108.42,0.14588,0.15,581,32.4425,2.84325,0.40792
1156,295,21,21,54,0,1,0,0,90.03,0.14563,0.15,581,32.4425,2.58133,0.40792
1157,295,29,29,71,0,1,0,0,131.18,0.14539,0.15,581,32.4425,2.62597,0.40792
1158,102,14,14,35,0,1,0,0,47.62,0.14515,0.15,581,32.4425,3.03497,0.4082
1159,298,25,25,69,0,1,0,0,118.09,0.14491,0.15,581,32.4425,2.48951,0.4082
1160,27,2,2,7,0,1,0,0,-22.18,0.14467,0.15,581,32.4425,3.16423,0.4082
1161,143,11,11,30,0,1,0,0,31.24,0.14442,0.15,581,32.4425,2.88693,0.4082
1162,29,3,3,7,0,1,0,0,-19.84,0.14418,0.15,581,32.4425,3.87146,0.4082
1163,87,12,12,22,0,1,0,0,28.67,0.14394,0.15,581,32.4425,2.69302,0.4082
1164,400,37,37,81,0,0,0,1,208.75,0.1437,0.15,581,32.4425,2.72367,0.4082
1165,62,4,4,19,0,1,0,0,-5.38,0.14346,0.15,581,32.4425,3.63188,0.4082
1166,251,17,17,51,0,1,0,0,67.45,0.14323,0.15,581,32.4425,2.43722,0.40849
1167,180,21,21,41,0,1,0,0,82.28,0.14299,0.15,581,32.4425,2.64533,0.40849
1168,400,30,30,75,0,0,0,1,172.8,0.14275,0.15,581,32.4425,2.13525,0.40849
1169,206,20,20,59,0,1,0,0,92.55,0.14251,0.15,581,32.4425,2.5423,0.40849
1170,45,5,5,13,0,1,0,0,-6.72,0.14227,0.15,581,32.4425,3.78549,0.40849
1171,202,19,19,48,0,1,0,0,84.97,0.14204,0.15,581,32.4425,2.32108,0.40849
1172,371,19,19,54,0,1,0,0,66.85,0.1418,0.15,582,32.4425,2.32968,0.40808
1173,273,13,13,40,0,1,0,0,33.74,0.14156,0.15,582,32.4425,2.19717,0.40836
1174,58,4,4,16,0,1,0,0,-6.41,0.14133,0.15,582,32.4425,3.01155,0.40836
1175,22,0,0,6,0,1,0,0,-30.38,0.14109,0.15,582,32.4425,5.08849,0.40836
1176,7,0,0,3,0,1,0,0,-34.53,0.14086,0.15,582,32.4425,8.58382,0.40836
1177,83,10,10,25,0,1,0,0,25.59,0.14062,0.15,582,32.4425,2.96763,0.40836
1178,9,0,0,0,0,1,0,0,-33.44,0.14039,0.15,582,32.4425,6.87614,0.40836
1179,15,1,1,5,0,1,0,0,-28.87,0.14016,0.15,582,32.4425,5.2347,0.40836
1180,68,4,4,17,0,1,0,0,-6.06,0.13992,0.15,582,32.4425,3.04286,0.40836
1181,400,35,35,76,0,0,0,1,193.8,0.13969,0.15,583,32.4425,2.25602,0.40881
1182,400,28,28,77,0,0,0,1,170.2,0.13946,0.15,583,32.4425,2.36295,0.40909
1183,208,9,9,26,0,1,0,0,12.94,0.13922,0.15,583,32.4425,2.29777,0.40909
1184,78,10,10,22,0,1,0,0,16.79,0.13899,0.15,583,32.4425,2.89933,0.40909
1185,96,7,7,25,0,1,0,0,15.4,0.13876,0.15,583,32.4425,2.39911,0.40909
1186,127,9,9,27,0,1,0,0,28.57,0.13853,0.15,583,32.4425,2.54892,0.40909
1187,347,17,17,38,0,1,0,0,55.67,0.1383,0.15,583,32.4425,2.055,0.40966
1188,123,9,9,35,0,1,0,0,34.24,0.13807,0.15,583,32.4425,2.54545,0.40966
1189,123,10,10,22,0,1,0,0,12.89,0.13784,0.15,583,32.4425,2.42219,0.40966
1190,86,7,7,27,0,1,0,0,21.8,0.13761,0.15,583,32.4425,2.78345,0.40966
1191,57,4,4,17,0,1,0,0,1.82,0.13738,0.15,583,32.4425,2.87144,0.40966
1192,45,6,6,14,0,1,0,0,3.38,0.13715,0.15,583,32.4425,3.15684,0.40966
1193,50,6,6,14,0,1,0,0,4.58,0.13692,0.15,583,32.4425,2.13435,0.40966
1194,5,0,0,4,0,1,0,0,-36.47,0.1367,0.15,583,32.4425,2.81317,0.40966
1195,46,6,6,14,0,1,0,0,-1.4,0.13647,0.15,583,32.4425,3.41131,0.40966
1196,51,4,4,18,0,1,0,0,1.45,0.13624,0.15,583,32.4425,2.85108,0.40966
1197,5,0,0,2,0,1,0,0,-30.92,0.13601,0.15,583,32.4425,9.8386,0.40966
1198,41,3,3,9,0,1,0,0,-12.9,0.13579,0.15,583,32.4425,2.08945,0.40966
1199,81,8,8,30,0,1,0,0,24.9,0.13556,0.15,583,32.4425,2.76718,0.40966
1200,52,8,8,15,0,1,0,0,11.17,0.13534,0.15,583,32.4425,3.23854,0.40966
1201,295,15,15,44,0,1,0,0,48.58,0.13511,0.15,583,32.4425,2.52137,0.40966
1202,68,4,4,16,0,1,0,0,-1.61,0.13488,0.15,583,32.4425,3.16697,0.40966
1203,54,3,3,11,0,1,0,0,-7.24,0.13466,0.15,583,32.4425,3.23089,0.40966
1204,53,4,4,16,0,1,0,0,-4.26,0.13444,0.15,583,32.4425,2.93198,0.40966
1205,244,4,4,21,0,1,0,0,-14.09,0.13421,0.15,583,32.4425,2.16381,0.40966
1206,30,0,0,9,0,1,0,0,-25.92,0.13399,0.15,583,32.4425,2.95644,0.40966
1207,26,2,2,7,0,1,0,0,-21.4,0.13377,0.15,583,32.4425,5.23674,0.40966
1208,17,2,2,8,0,1,0,0,-19.03,0.13354,0.15,583,32.4425,4.879,0.40966
1209,52,5,5,10,0,1,0,0,-7.58,0.13332,0.15,583,32.4425,4.15223,0.40966
1210,5,0,0,3,0,1,0,0,-34.87,0.1331,0.15,583,32.4425,8.28661,0.40966
1211,400,35,35,77,0,0,0,1,205.4,0.13288,0.15,583,32.4425,2.22712,0.40966
1212,41,5,5,14,0,1,0,0,-7.1,0.13266,0.15,583,32.4425,3.7436,0.40966
1213,18,1,1,4,0,1,0,0,-26.61,0.13243,0.15,583,32.4425,2.25626,0.40966
1214,50,3,3,12,0,1,0,0,-8.82,0.13221,0.15,583,32.4425,2.63136,0.40966
1215,5,0,0,3,0,1,0,0,-37.47,0.13199,0.15,583,32.4425,2.7388,0.40966
1216,166,15,15,32,0,1,0,0,54.2,0.13177,0.15,583,32.4425,2.25287,0.40995
1217,400,32,32,83,0,0,0,1,198.7,0.13155,0.15,583,32.4425,2.45889,0.40995
1218,337,26,26,64,0,1,0,0,131.67,0.13134,0.15,584,32.4425,2.32472,0.40982
1219,122,10,10,31,0,1,0,0,23.77,0.13112,0.15,584,32.4425,2.87722,0.40982
1220,28,1,1,7,0,1,0,0,-32.01,0.1309,0.15,584,32.4425,3.92373,0.40982
1221,249,21,21,53,0,1,0,0,99.26,0.13068,0.15,585,32.4425,2.25703,0.4094
1222,108,8,8,23,0,1,0,0,17.64,0.13046,0.15,585,32.4425,2.41009,0.40969
1223,124,11,11,30,0,1,0,0,35.41,0.13025,0.15,585,32.4425,3.0851,0.40969
1224,73,6,6,14,0,1,0,0,2.39,0.13003,0.15,585,32.4425,2.92647,0.40969
1225,400,22,22,60,0,0,0,1,117.6,0.12981,0.15,585,32.4425,2.58902,0.40969
1226,109,15,15,30,0,1,0,0,43.66,0.1296,0.15,587,32.4425,3.46976,0.40943
1227,216,14,14,38,0,1,0,0,39.5,0.12938,0.15,587,32.4425,2.45358,0.40943
1228,5,0,0,3,0,1,0,0,-37.87,0.12916,0.15,587,32.4425,4.0198,0.40943
1229,17,2,2,7,0,1,0,0,-21.13,0.12895,0.15,587,32.4425,5.29843,0.40943
1230,140,15,15,38,0,1,0,0,56.78,0.12873,0.15,587,32.4425,2.65358,0.40943
1231,24,2,2,5,0,1,0,0,-21.69,0.12852,0.15,587,32.4425,6.00203,0.40943
1232,79,10,10,21,0,1,0,0,24.46,0.12831,0.15,587,32.4425,2.18745,0.40943
1233,63,6,6,21,0,1,0,0,6.54,0.12809,0.15,587,32.4425,2.97334,0.40943
1234,400,18,18,54,0,0,0,1,93.8,0.12788,0.15,587,32.4425,1.98214,0.40971
1235,76,6,6,23,0,1,0,0,9.8,0.12767,0.15,587,32.4425,3.23451,0.40999
1236,40,2,2,9,0,1,0,0,-20.82,0.12745,0.15,587,32.4425,2.55258,0.40999
1237,5,0,0,4,0,1,0,0,-37.27,0.12724,0.15,587,32.4425,2.44866,0.40999
1238,181,19,19,50,0,1,0,0,82.55,0.12703,0.15,587,32.4425,2.34737,0.40999
1239,400,32,32,84,0,0,0,1,195.25,0.12682,0.15,588,32.4425,2.61385,0.40986
1240,234,19,19,50,0,1,0,0,80.21,0.12661,0.15,589,32.4425,2.73498,0.40945
1241,13,0,0,5,0,1,0,0,-32.61,0.1264,0.15,589,32.4425,6.03634,0.40945
1242,161,14,14,39,0,1,0,0,55.2,0.12619,0.15,589,32.4425,2.51003,0.40973
1243,97,7,7,21,0,1,0,0,8.07,0.12598,0.15,589,32.4425,2.72869,0.40973
1244,16,1,1,6,0,1,0,0,-23.55,0.12577,0.15,589,32.4425,3.59284,0.40973
1245,275,27,27,71,0,1,0,0,136.43,0.12556,0.15,589,32.4425,2.37895,0.4103
1246,306,28,28,64,0,1,0,0,128.0,0.12535,0.15,589,32.4425,2.48365,0.41058
1247,223,18,18,55,0,1,0,0,93.94,0.12514,0.15,589,32.4425,2.2665,0.41058
1248,28,1,1,7,0,1,0,0,-23.41,0.12493,0.15,589,32.4425,3.51041,0.41058
1249,400,31,31,74,0,0,0,1,191.3,0.12472,0.15,589,32.4425,2.16597,0.41058
1250,17,2,2,7,0,1,0,0,-22.08,0.12451,0.15,589,32.4425,5.24843,0.41058
1251,116,8,8,28,0,1,0,0,24.25,0.12431,0.15,589,32.4425,2.62383,0.41058
1252,17,2,2,8,0,1,0,0,-22.73,0.1241,0.15,589,32.4425,4.54698,0.41058
1253,44,2,2,13,0,1,0,0,-15.04,0.12389,0.15,589,32.4425,3.10204,0.41058
1254,133,10,10,33,0,1,0,0,33.94,0.12369,0.15,589,32.4425,2.44543,0.41058
1255,154,14,14,39,0,1,0,0,55.16,0.12348,0.15,589,32.4425,2.58215,0.41058
1256,400,37,37,93,0,0,0,1,223.75,0.12328,0.15,589,32.4425,2.35393,0.41058
1257,220,25,25,56,0,1,0,0,113.63,0.12307,0.15,589,32.4425,2.60125,0.41058
1258,347,35,35,86,0,1,0,0,184.47,0.12287,0.15,590,32.4425,2.33246,0.41017
1259,239,23,23,58,0,1,0,0,111.06,0.12266,0.15,590,32.4425,2.5749,0.41073
1260,66,4,4,14,0,1,0,0,-6.1,0.12246,0.15,590,32.4425,2.87324,0.41073
1261,238,24,24,63,0,1,0,0,114.84,0.12225,0.15,590,32.4425,2.43313,0.41102
1262,17,2,2,7,0,1,0,0,-20.43,0.12205,0.15,590,32.4425,4.18203,0.41102
1263,190,16,16,43,0,1,0,0,65.43,0.12185,0.15,590,32.4425,2.59629,0.41102
1264,26,2,2,10,0,1,0,0,-19.1,0.12164,0.15,590,32.4425,5.57774,0.41102
1265,32,3,3,12,0,1,0,0,-15.63,0.12144,0.15,590,32.4425,3.5168,0.41102
1266,113,10,10,23,0,1,0,0,25.64,0.12124,0.15,590,32.4425,3.17309,0.41102
1267,191,11,11,39,0,1,0,0,37.2,0.12104,0.15,590,32.4425,2.93572,0.4113
1268,400,31,31,84,0,0,0,1,205.1,0.12083,0.15,590,32.4425,2.11118,0.41186
1269,107,9,9,25,0,1,0,0,26.72,0.12063,0.15,590,32.4425,2.21377,0.41215
1270,25,1,1,7,0,1,0,0,-24.32,0.12043,0.15,590,32.4425,2.81034,0.41215
1271,295,21,21,61,0,1,0,0,101.53,0.12023,0.15,590,32.4425,2.79019,0.41215
1272,192,14,14,42,0,1,0,0,54.72,0.12003,0.15,590,32.4425,2.50924,0.41243
1273,171,17,17,55,0,1,0,0,80.4,0.11983,0.15,590,32.4425,2.2701,0.41243
1274,234,22,22,55,0,1,0,0,104.76,0.11963,0.15,590,32.4425,2.37274,0.41243
1275,36,1,1,11,0,1,0,0,-21.3,0.11943,0.15,590,32.4425,4.12057,0.41243
1276,28,2,2,11,0,1,0,0,-17.81,0.11923,0.15,590,32.4425,2.72567,0.41243
1277,31,3,3,8,0,1,0,0,-16.6,0.11904,0.15,590,32.4425,3.29286,0.41243
1278,85,2,2,14,0,1,0,0,-18.67,0.11884,0.15,590,32.4425,2.71048,0.41243
1279,22,2,2,7,0,1,0,0,-22.13,0.11864,0.15,590,32.4425,3.67712,0.41243
1280,208,23,23,55,0,1,0,0,98.19,0.11844,0.15,590,32.4425,2.6346,0.41243
1281,22,0,0,8,0,1,0,0,-25.13,0.11824,0.15,590,32.4425,2.98529,0.41243
1282,51,7,7,11,0,1,0,0,4.9,0.11805,0.15,590,32.4425,2.9641,0.41243
1283,17,1,1,7,0,1,0,0,-25.48,0.11785,0.15,590,32.4425,5.84141,0.41243
1284,43,4,4,11,0,1,0,0,-7.41,0.11765,0.15,590,32.4425,2.40326,0.41243
1285,97,6,6,18,0,1,0,0,0.57,0.11746,0.15,590,32.4425,2.67607,0.41243
1286,17,1,1,2,0,1,0,0,-28.78,0.11726,0.15,590,32.4425,3.37604,0.41243
1287,116,15,15,40,0,1,0,0,58.1,0.11707,0.15,590,32.4425,2.58984,0.41243
1288,400,34,34,95,0,0,0,1,208.45,0.11687,0.15,590,32.4425,2.34828,0.41243
1289,21,1,1,9,0,1,0,0,-20.75,0.11668,0.15,590,32.4425,5.27724,0.41243
1290,78,7,7,25,0,1,0,0,16.84,0.11648,0.15,590,32.4425,2.6307,0.41243
1291,63,6,6,21,0,1,0,0,5.29,0.11629,0.15,590,32.4425,3.25029,0.41243
1292,400,23,23,52,0,0,0,1,117.2,0.1161,0.15,590,32.4425,2.47794,0.41243
1293,50,2,2,13,0,1,0,0,-13.82,0.1159,0.15,590,32.4425,3.14279,0.41243
1294,400,38,38,70,0,0,0,1,197.55,0.11571,0.15,591,32.4425,2.62513,0.41201
1295,308,32,32,85,0,1,0,0,169.59,0.11552,0.15,591,32.4425,2.61015,0.41201
1296,365,36,36,93,0,1,0,0,196.13,0.11533,0.15,591,32.4425,2.54152,0.41201
1297,111,11,11,34,0,1,0,0,32.65,0.11513,0.15,592,32.4425,2.85562,0.4116
1298,15,1,1,4,0,1,0,0,-29.72,0.11494,0.15,592,32.4425,5.42632,0.4116
1299,25,1,1,8,0,1,0,0,-21.27,0.11475,0.15,592,32.4425,3.92663,0.4116
1300,400,34,34,85,0,0,0,1,202.75,0.11456,0.15,593,32.4425,2.40596,0.41119
1301,334,33,33,71,0,1,0,0,155.11,0.11437,0.15,593,32.4425,2.55087,0.41119
1302,200,18,18,42,0,1,0,0,74.08,0.11418,0.15,593,32.4425,2.613,0.41175
1303,167,17,17,37,0,1,0,0,58.37,0.11399,0.15,593,32.4425,2.93233,0.41175
1304,400,43,43,116,0,0,0,1,280.25,0.1138,0.15,593,32.4425,2.26349,0.41175
1305,298,25,25,59,0,1,0,0,97.94,0.11361,0.15,593,32.4425,2.60032,0.41175
1306,308,28,28,71,0,1,0,0,127.79,0.11342,0.15,593,32.4425,2.4252,0.41175
1307,400,39,39,75,0,0,0,1,228.75,0.11323,0.15,593,32.4425,2.11697,0.41203
1308,400,25,25,55,0,0,0,1,129.8,0.11304,0.15,593,32.4425,2.17513,0.41203
1309,400,27,27,58,0,0,0,1,132.65,0.11285,0.15,593,32.4425,2.32106,0.41231
1310,20,3,3,7,0,1,0,0,-15.52,0.11267,0.15,593,32.4425,4.56413,0.41231
1311,83,11,11,28,0,1,0,0,35.99,0.11248,0.15,593,32.4425,2.85477,0.41231
1312,154,11,11,27,0,1,0,0,29.86,0.11229,0.15,593,32.4425,2.4243,0.41259
1313,400,24,24,53,0,0,0,1,136.25,0.1121,0.15,593,32.4425,2.08533,0.41259
1314,5,0,0,3,0,1,0,0,-37.87,0.11192,0.15,593,32.4425,2.9366,0.41259
1315,386,29,29,68,0,1,0,0,144.15,0.11173,0.15,593,32.4425,2.55888,0.41259
1316,147,11,11,30,0,1,0,0,37.97,0.11154,0.15,593,32.4425,2.43938,0.41259
1317,17,1,1,6,0,1,0,0,-26.88,0.11136,0.15,593,32.4425,5.56978,0.41259
1318,36,3,3,11,0,1,0,0,-12.2,0.11117,0.15,593,32.4425,3.03983,0.41259
1319,175,13,13,43,0,1,0,0,57.43,0.11099,0.15,593,32.4425,2.33133,0.41259
1320,184,16,16,42,0,1,0,0,51.31,0.1108,0.15,593,32.4425,2.9125,0.41259
1321,67,4,4,24,0,1,0,0,1.17,0.11062,0.15,593,32.4425,3.28677,0.41259
1322,151,11,11,37,0,1,0,0,38.0,0.11043,0.15,593,32.4425,2.44313,0.41259
1323,168,21,21,47,0,1,0,0,92.14,0.11025,0.15,593,32.4425,2.78011,0.41259
1324,114,9,9,24,0,1,0,0,23.56,0.11007,0.15,593,32.4425,2.5958,0.41259
1325,120,3,3,10,0,1,0,0,-19.82,0.10988,0.15,593,32.4425,2.53711,0.41259
1326,73,9,9,17,0,1,0,0,15.39,0.1097,0.15,593,32.3837,3.13383,0.41259
1327,41,4,4,18,0,1,0,0,-5.3,0.10952,0.15,593,32.3837,3.84712,0.41259
1328,18,1,1,9,0,1,0,0,-21.86,0.10934,0.15,593,32.3837,4.27322,0.41259
1329,20,1,1,7,0,1,0,0,-21.82,0.10915,0.15,593,32.3837,3.35721,0.41259
1330,121,9,9,35,0,1,0,0,26.9,0.10897,0.15,593,32.3837,2.93946,0.41259
1331,400,24,24,67,0,0,0,1,143.15,0.10879,0.15,593,32.3837,2.23838,0.41259
1332,204,13,13,42,0,1,0,0,48.01,0.10861,0.15,593,32.3837,2.20353,0.41259
1333,400,29,29,58,0,0,0,1,167.4,0.10843,0.15,593,32.3837,2.16196,0.41287
1334,47,3,3,12,0,1,0,0,-15.78,0.10825,0.15,593,32.3837,2.01758,0.41287
1335,206,20,20,48,0,1,0,0,85.7,0.10807,0.15,593,32.3837,2.64179,0.41287
1336,15,1,1,5,0,1,0,0,-24.07,0.10789,0.15,593,32.3837,3.4549,0.41287
1337,64,6,6,15,0,1,0,0,5.41,0.10771,0.15,593,32.3837,2.75689,0.41287
1338,40,4,4,11,0,1,0,0,-6.37,0.10753,0.15,593,32.3837,3.20012,0.41315
1339,119,10,10,20,0,1,0,0,32.86,0.10735,0.15,593,32.3837,2.27851,0.41315
1340,29,2,2,9,0,1,0,0,-16.69,0.10717,0.15,593,32.3837,2.98902,0.41315
1341,212,22,22,48,0,1,0,0,97.97,0.10699,0.15,593,32.3837,2.536,0.41372
1342,58,2,2,12,0,1,0,0,-13.01,0.10681,0.15,593,32.3837,3.15595,0.41372
1343,80,6,6,20,0,1,0,0,8.68,0.10664,0.15,593,32.3837,2.82162,0.41372
1344,122,9,9,26,0,1,0,0,23.17,0.10646,0.15,593,32.3837,2.30553,0.41372
1345,256,24,24,57,0,1,0,0,114.2,0.10628,0.15,594,32.3837,2.5121,0.4133
1346,5,0,0,4,0,1,0,0,-36.47,0.1061,0.15,594,32.3837,6.29555,0.4133
1347,45,5,5,12,0,1,0,0,-2.37,0.10593,0.15,594,32.3837,3.22043,0.4133
1348,368,6,6,31,0,1,0,0,-7.46,0.10575,0.15,594,32.3837,1.81435,0.4133
1349,83,6,6,13,0,1,0,0,-10.26,0.10558,0.15,594,32.3837,2.69504,0.4133
1350,199,12,12,61,0,1,0,0,56.71,0.1054,0.15,594,32.3837,2.26187,0.4133
1351,219,18,18,48,0,1,0,0,78.01,0.10522,0.15,594,32.3837,2.37309,0.41358
1352,400,24,24,58,0,0,0,1,142.65,0.10505,0.15,594,32.3837,1.95002,0.41386
1353,400,33,33,78,0,0,0,1,195.85,0.10487,0.15,594,32.3837,2.49233,0.41386
1354,141,14,14,42,0,1,0,0,53.55,0.1047,0.15,594,32.3837,2.25859,0.41414
1355,190,22,22,54,0,1,0,0,93.18,0.10452,0.15,594,32.3837,2.41282,0.41442
1356,87,9,9,27,0,1,0,0,27.92,0.10435,0.15,595,32.3837,3.06437,0.41401
1357,210,19,19,54,0,1,0,0,87.23,0.10418,0.15,595,32.3837,2.46371,0.41401
1358,62,7,7,22,0,1,0,0,12.27,0.104,0.15,595,32.3837,2.8174,0.41401
1359,400,41,41,103,0,0,0,1,262.2,0.10383,0.15,595,32.3837,2.46953,0.41429
1360,400,44,44,102,0,0,0,1,266.65,0.10366,0.15,595,32.3837,2.47661,0.41429
1361,35,5,5,10,0,1,0,0,-5.22,0.10348,0.15,595,32.3837,2.38142,0.41429
1362,78,7,7,27,0,1,0,0,15.49,0.10331,0.15,595,32.3837,2.22168,0.41429
1363,311,32,32,86,0,1,0,0,167.95,0.10314,0.15,595,32.3837,2.29625,0.41429
1364,22,1,1,9,0,1,0,0,-21.88,0.10297,0.15,595,32.3837,3.96911,0.41429
1365,26,2,2,12,0,1,0,0,-15.85,0.1028,0.15,595,32.3837,3.42112,0.41429
1366,113,10,10,27,0,1,0,0,25.04,0.10263,0.15,595,32.3837,2.70357,0.41429
1367,156,21,21,49,0,1,0,0,90.5,0.10245,0.15,595,32.3837,2.4285,0.41429
1368,18,2,2,7,0,1,0,0,-20.86,0.10228,0.15,595,32.3837,4.90863,0.41429
1369,355,38,38,88,0,1,0,0,191.83,0.10211,0.15,595,32.3837,2.39823,0.41429
1370,257,27,27,63,0,1,0,0,135.42,0.10194,0.15,596,32.3837,2.1254,0.41387
1371,340,32,32,84,0,1,0,0,170.78,0.10177,0.15,596,32.3837,2.4509,0.41415
1372,118,9,9,27,0,1,0,0,27.54,0.1016,0.15,596,32.3837,2.82465,0.41415
1373,345,37,37,92,0,1,0,0,196.23,0.10144,0.15,596,32.3837,2.33023,0.41443
1374,77,8,8,23,0,1,0,0,21.27,0.10127,0.15,596,32.3837,3.0165,0.41443
1375,221,21,21,52,0,1,0,0,98.45,0.1011,0.15,596,32.3837,2.4836,0.41443
1376,77,10,10,25,0,1,0,0,19.72,0.10093,0.15,596,32.3837,2.60683,0.41443
1377,284,29,29,73,0,1,0,0,140.21,0.10076,0.15,596,32.3837,3.01505,0.41443
1378,19,1,1,7,0,1,0,0,-23.19,0.10059,0.15,596,32.3837,3.97378,0.41443
1379,65,6,6,19,0,1,0,0,10.08,0.10043,0.15,596,32.3837,2.64356,0.41443
1380,122,11,11,44,0,1,0,0,51.27,0.10026,0.15,596,32.3837,2.60895,0.41443
1381,400,41,41,105,0,0,0,1,259.4,0.10009,0.15,596,32.3837,2.29262,0.41471
1382,23,0,0,10,0,1,0,0,-25.06,0.09993,0.15,596,32.3837,4.12637,0.41471
1383,19,2,2,5,0,1,0,0,-22.19,0.09976,0.15,596,32.3837,4.74179,0.41471
1384,14,0,0,9,0,1,0,0,-27.14,0.09959,0.15,596,32.3837,4.78466,0.41471
1385,167,22,22,53,0,1,0,0,93.87,0.09943,0.15,596,32.3837,2.85265,0.41471
1386,34,1,1,13,0,1,0,0,-17.14,0.09926,0.15,596,32.3837,3.6273,0.41471
1387,114,14,14,27,0,1,0,0,48.66,0.0991,0.15,596,32.3837,2.71062,0.41471
1388,17,3,3,7,0,1,0,0,-21.68,0.09893,0.15,596,32.3837,6.63662,0.41471
1389,26,1,1,8,0,1,0,0,-26.8,0.09877,0.15,596,32.3837,5.47066,0.41471
1390,400,37,37,104,0,0,0,1,238.6,0.0986,0.15,597,32.3837,2.28108,0.41429
1391,49,5,5,12,0,1,0,0,-6.79,0.09844,0.15,597,32.3837,3.26612,0.41429
1392,17,1,1,7,0,1,0,0,-23.38,0.09827,0.15,597,32.3837,4.80737,0.41429
1393,17,2,2,7,0,1,0,0,-18.23,0.09811,0.15,597,32.3837,3.79334,0.41429
1394,45,1,1,9,0,1,0,0,-25.47,0.09795,0.15,597,32.3837,3.04873,0.41429
1395,400,38,38,92,0,0,0,1,232.55,0.09778,0.15,598,32.3837,2.35101,0.41388
1396,400,41,41,97,0,0,0,1,262.55,0.09762,0.15,598,32.3837,2.31834,0.41416
1397,400,37,37,98,0,0,0,1,231.15,0.09746,0.15,598,32.3837,2.51125,0.41416
1398,87,11,11,24,0,1,0,0,38.37,0.0973,0.15,598,32.3837,2.89332,0.41444
1399,400,36,36,103,0,0,0,1,242.3,0.09713,0.15,598,32.3837,2.17564,0.41444
1400,400,38,38,88,0,0,0,1,245.25,0.09697,0.15,598,32.3837,1.97676,0.41444
1401,123,16,16,46,0,1,0,0,60.24,0.09681,0.15,598,32.3837,2.77404,0.41444
1402,400,41,41,103,0,0,0,1,250.65,0.09665,0.15,598,32.3837,2.29474,0.41444
1403,399,41,41,106,0,1,0,0,215.41,0.09649,0.15,598,32.3837,2.51998,0.41444
1404,163,13,13,38,0,1,0,0,54.44,0.09633,0.15,598,32.3837,2.57397,0.41444
1405,34,3,3,9,0,1,0,0,-14.54,0.09617,0.15,598,32.3837,3.16936,0.41444
1406,43,3,3,14,0,1,0,0,-5.96,0.09601,0.15,598,32.3837,2.67321,0.41444
1407,132,16,16,35,0,1,0,0,64.82,0.09585,0.15,598,32.3837,2.6464,0.41444
1408,371,37,37,100,0,1,0,0,204.55,0.09569,0.15,599,32.3837,2.38523,0.41458
1409,17,1,1,7,0,1,0,0,-23.38,0.09553,0.15,599,32.3837,3.56662,0.41458
1410,400,38,38,98,0,0,0,1,238.3,0.09537,0.15,600,32.3837,2.37639,0.41417
1411,151,13,13,39,0,1,0,0,51.25,0.09521,0.15,600,32.3837,2.68093,0.41417
1412,86,11,11,29,0,1,0,0,38.2,0.09505,0.15,600,32.3837,3.01088,0.41444
1413,400,35,35,92,0,0,0,1,232.0,0.09489,0.15,601,32.3837,2.28915,0.41403
1414,17,2,2,7,0,1,0,0,-23.68,0.09474,0.15,601,32.3837,5.35806,0.41403
1415,327,29,29,84,0,1,0,0,161.72,0.09458,0.15,601,32.3837,2.63956,0.41403
1416,58,8,8,19,0,1,0,0,16.74,0.09442,0.15,601,32.3837,2.98434,0.41403
1417,106,7,7,24,0,1,0,0,18.2,0.09426,0.15,601,32.3837,2.2748,0.41403
1418,151,16,16,40,0,1,0,0,69.95,0.09411,0.15,601,32.3837,2.36382,0.41403
1419,57,8,8,25,0,1,0,0,12.07,0.09395,0.15,601,32.3837,3.16684,0.41403
1420,150,14,14,40,0,1,0,0,53.63,0.09379,0.15,601,32.3837,2.33137,0.41403
1421,200,23,23,56,0,1,0,0,106.83,0.09364,0.15,601,32.3837,2.74584,0.41403
1422,257,26,26,75,0,1,0,0,135.92,0.09348,0.15,601,32.3837,2.31585,0.41403
1423,27,2,2,5,0,1,0,0,-20.78,0.09333,0.15,601,32.3837,3.0062,0.41403
1424,235,26,26,62,0,1,0,0,119.28,0.09317,0.15,601,32.3837,2.29921,0.41403
1425,400,36,36,93,0,0,0,1,230.95,0.09301,0.15,601,32.3837,2.32101,0.41403
1426,116,15,15,40,0,1,0,0,63.3,0.09286,0.15,601,32.3837,2.69347,0.41403
1427,394,39,39,94,0,1,0,0,197.36,0.0927,0.15,601,32.3837,2.4877,0.41403
1428,41,4,4,11,0,1,0,0,-9.5,0.09255,0.15,601,32.3837,3.06419,0.41403
1429,127,12,12,38,0,1,0,0,48.22,0.0924,0.15,601,32.3837,2.74662,0.41431
1430,245,28,28,63,0,1,0,0,139.98,0.09224,0.15,601,32.3837,2.21091,0.41431
1431,55,4,4,21,0,1,0,0,-1.92,0.09209,0.15,601,32.3837,2.54071,0.41431
1432,32,2,2,9,0,1,0,0,-17.58,0.09194,0.15,601,32.3837,3.17391,0.41431
1433,178,19,19,49,0,1,0,0,83.49,0.09178,0.15,601,32.3837,2.70108,0.41431
1434,157,22,22,44,0,1,0,0,90.17,0.09163,0.15,601,32.3837,2.85911,0.41431
1435,15,1,1,4,0,1,0,0,-23.57,0.09148,0.15,601,32.3837,4.35519,0.41431
1436,17,1,1,6,0,1,0,0,-27.38,0.09132,0.15,601,32.3837,4.93201,0.41431
1437,58,6,6,24,0,1,0,0,3.74,0.09117,0.15,601,32.3837,3.93539,0.41431
1438,74,5,5,14,0,1,0,0,-0.99,0.09102,0.15,601,32.3837,2.24793,0.41431
1439,5,0,0,2,0,1,0,0,-38.47,0.09087,0.15,601,32.3837,1.47933,0.41431
1440,400,35,35,78,0,0,0,1,198.15,0.09072,0.15,601,32.3837,2.37764,0.41459
1441,273,21,21,51,0,1,0,0,86.04,0.09057,0.15,601,32.3837,2.41859,0.41459
1442,400,36,36,92,0,0,0,1,227.8,0.09042,0.15,601,32.3837,2.33541,0.41459
1443,211,23,23,58,0,1,0,0,103.7,0.09027,0.15,601,32.3837,2.63705,0.41459
1444,288,21,21,51,0,1,0,0,88.04,0.09012,0.15,601,32.3837,2.14492,0.41486
1445,344,9,9,29,0,1,0,0,7.91,0.08997,0.15,601,32.3837,2.33674,0.41486
1446,112,11,11,27,0,1,0,0,24.72,0.08982,0.15,601,32.3837,2.90406,0.41486
1447,5,0,0,1,0,1,0,0,-32.77,0.08967,0.15,601,32.3837,14.849,0.41486
1448,174,17,17,46,0,1,0,0,78.01,0.08952,0.15,601,32.3837,2.52209,0.41486
1449,88,11,11,21,0,1,0,0,32.34,0.08937,0.15,601,32.3837,2.32913,0.41486
1450,36,2,2,8,0,1,0,0,-17.55,0.08922,0.15,601,32.3837,2.89086,0.41486
1451,400,25,25,77,0,0,0,1,158.65,0.08907,0.15,601,32.3837,2.18321,0.41514
1452,12,0,0,3,0,1,0,0,-38.18,0.08892,0.15,601,32.3837,4.16602,0.41514
1453,138,15,15,37,0,1,0,0,53.79,0.08877,0.15,601,32.3837,2.49873,0.41514
1454,224,29,29,51,0,1,0,0,130.01,0.08863,0.15,601,32.3837,2.53285,0.41514
1455,201,13,13,37,0,1,0,0,36.6,0.08848,0.15,601,32.3837,2.33857,0.41514
1456,290,27,27,70,0,1,0,0,133.93,0.08833,0.15,601,32.3837,2.28245,0.41514
1457,400,22,22,58,0,0,0,1,113.25,0.08818,0.15,601,32.3837,2.16781,0.41514
1458,21,1,1,8,0,1,0,0,-21.75,0.08804,0.15,601,32.3837,2.94231,0.41514
1459,400,36,36,93,0,0,0,1,220.25,0.08789,0.15,601,32.3837,2.35703,0.41514
1460,55,4,4,14,0,1,0,0,-8.57,0.08774,0.15,601,32.3837,3.21603,0.41514
1461,44,3,3,10,0,1,0,0,-9.84,0.0876,0.15,601,32.3837,2.47126,0.41514
1462,152,13,13,39,0,1,0,0,43.92,0.08745,0.15,601,32.3837,2.48885,0.41514
1463,400,31,31,86,0,0,0,1,197.9,0.08731,0.15,601,32.3837,2.28038,0.41514
1464,400,38,38,92,0,0,0,1,228.3,0.08716,0.15,601,32.3837,2.26414,0.41514
1465,54,5,5,19,0,1,0,0,0.31,0.08702,0.15,601,32.3837,3.12014,0.41514
1466,143,17,17,46,0,1,0,0,61.99,0.08687,0.15,601,32.3837,2.88614,0.41514
1467,38,5,5,11,0,1,0,0,-2.31,0.08673,0.15,601,32.3837,2.70544,0.41514
1468,171,21,21,54,0,1,0,0,98.55,0.08658,0.15,601,32.3837,2.50756,0.41514
1469,25,3,3,8,0,1,0,0,-17.32,0.08644,0.15,601,32.3837,5.08861,0.41514
1470,91,7,7,26,0,1,0,0,13.6,0.08629,0.15,601,32.3837,3.13031,0.41514
1471,95,8,8,22,0,1,0,0,15.93,0.08615,0.15,601,32.3837,2.54719,0.41514
1472,31,3,3,9,0,1,0,0,-14.75,0.08601,0.15,601,32.3837,3.63119,0.41514
1473,32,3,3,10,0,1,0,0,-11.18,0.08586,0.15,601,32.3837,3.17602,0.41514
1474,50,3,3,8,0,1,0,0,-16.32,0.08572,0.15,601,32.3837,3.47088,0.41542
1475,303,28,28,64,0,1,0,0,131.64,0.08558,0.15,601,32.3837,2.47994,0.41542
1476,119,11,11,35,0,1,0,0,47.76,0.08543,0.15,601,32.3837,2.70705,0.41542
1477,92,11,11,38,0,1,0,0,44.37,0.08529,0.15,601,32.3837,2.78833,0.41542
1478,400,38,38,91,0,0,0,1,236.65,0.08515,0.15,601,32.3837,2.242,0.41542
1479,38,5,5,12,0,1,0,0,-2.11,0.08501,0.15,601,32.3837,2.8884,0.41542
1480,255,23,23,62,0,1,0,0,117.83,0.08487,0.15,601,32.3837,2.27802,0.41542
1481,46,4,4,12,0,1,0,0,-4.15,0.08473,0.15,601,32.3837,2.57337,0.41542
1482,400,39,39,98,0,0,0,1,239.5,0.08458,0.15,601,32.3837,2.26469,0.41542
1483,121,9,9,33,0,1,0,0,26.95,0.08444,0.15,602,32.3837,2.26251,0.41501
1484,48,5,5,16,0,1,0,0,-0.91,0.0843,0.15,602,32.3837,2.57731,0.41501
1485,45,7,7,15,0,1,0,0,1.38,0.08416,0.15,602,32.3837,3.05908,0.41501
1486,84,10,10,29,0,1,0,0,31.01,0.08402,0.15,602,32.3837,3.46573,0.41501
1487,58,4,4,15,0,1,0,0,-2.56,0.08388,0.15,602,32.3837,2.55392,0.41501
1488,400,38,38,91,0,0,0,1,231.7,0.08374,0.15,602,32.3837,2.10799,0.41501
1489,112,11,11,29,0,1,0,0,37.37,0.0836,0.15,602,32.3837,2.33162,0.41501
1490,156,14,14,34,0,1,0,0,60.3,0.08346,0.15,602,32.3837,2.27676,0.41501
1491,400,36,36,93,0,0,0,1,236.85,0.08333,0.15,602,32.3837,2.30955,0.41501
1492,109,9,9,23,0,1,0,0,22.91,0.08319,0.15,602,32.3837,2.76844,0.41528
1493,61,4,4,19,0,1,0,0,-2.8,0.08305,0.15,602,32.3837,2.939,0.41528
1494,181,22,22,44,0,1,0,0,96.05,0.08291,0.15,602,32.3837,2.37445,0.41528
1495,300,35,35,82,0,1,0,0,175.68,0.08277,0.15,602,32.3837,2.36076,0.41528
1496,216,26,26,67,0,1,0,0,128.55,0.08263,0.15,602,32.3837,2.50131,0.41528
1497,55,5,5,12,0,1,0,0,-1.02,0.0825,0.15,602,32.3837,2.467,0.41528
1498,167,19,19,50,0,1,0,0,83.97,0.08236,0.15,602,32.3837,2.79706,0.41528
1499,173,18,18,52,0,1,0,0,83.39,0.08222,0.15,602,32.3837,2.43404,0.41528
1500,62,8,8,16,0,1,0,0,9.27,0.08208,0.15,602,32.3837,3.21993,0.41528
1501,172,17,17,53,0,1,0,0,68.27,0.08195,0.15,602,32.3837,2.72961,0.41528
1502,19,1,1,9,0,1,0,0,-25.04,0.08181,0.15,602,32.3837,4.15232,0.41528
1503,29,3,3,7,0,1,0,0,-17.29,0.08168,0.15,602,32.3837,2.84659,0.41528
1504,296,31,31,65,0,1,0,0,157.7,0.08154,0.15,602,32.3837,2.1766,0.41556
1505,400,30,30,90,0,0,0,1,201.4,0.0814,0.15,602,32.3837,2.28541,0.41556
1506,400,37,37,91,0,0,0,1,239.85,0.08127,0.15,602,32.3837,2.19915,0.41556
1507,204,18,18,53,0,1,0,0,86.96,0.08113,0.15,602,32.3837,2.51947,0.41556
1508,140,13,13,33,0,1,0,0,49.63,0.081,0.15,602,32.3837,2.3309,0.41556
1509,400,38,38,95,0,0,0,1,234.85,0.08086,0.15,602,32.3837,2.18248,0.41556
1510,400,37,37,93,0,0,0,1,232.7,0.08073,0.15,602,32.3837,2.13831,0.41556
1511,400,40,40,103,0,0,0,1,257.7,0.08059,0.15,602,32.3837,2.18291,0.41556
1512,45,5,5,16,0,1,0,0,-4.52,0.08046,0.15,602,32.3837,3.4837,0.41556
1513,400,39,39,100,0,0,0,1,241.35,0.08033,0.15,602,32.3837,2.1325,0.41556
1514,78,7,7,29,0,1,0,0,14.14,0.08019,0.15,602,32.3837,3.12268,0.41556
1515,224,15,15,29,0,1,0,0,43.26,0.08006,0.15,603,32.3837,2.07682,0.41542
1516,35,3,3,10,0,1,0,0,-12.42,0.07992,0.15,603,32.3837,2.79432,0.41542
1517,30,2,2,9,0,1,0,0,-17.67,0.07979,0.15,603,32.3837,2.37812,0.41542
1518,212,22,22,57,0,1,0,0,108.52,0.07966,0.15,603,32.3837,2.30747,0.41542
1519,16,1,1,5,0,1,0,0,-23.9,0.07953,0.15,603,32.3837,3.88674,0.41542
1520,180,19,19,43,0,1,0,0,73.73,0.07939,0.15,603,32.3837,2.62354,0.41542
1521,87,12,12,35,0,1,0,0,38.57,0.07926,0.15,603,32.3837,2.82994,0.41542
1522,187,22,22,55,0,1,0,0,103.92,0.07913,0.15,603,32.3837,2.45289,0.41542
1523,119,16,16,27,0,1,0,0,56.66,0.079,0.15,603,32.3837,2.6167,0.41542
1524,400,36,36,87,0,0,0,1,227.9,0.07887,0.15,603,32.3837,2.33068,0.41542
1525,177,21,21,43,0,1,0,0,92.57,0.07874,0.15,603,32.3837,2.33586,0.41542
1526,47,4,4,21,0,1,0,0,1.02,0.0786,0.15,603,32.3837,3.23219,0.41542
1527,400,41,41,96,0,0,0,1,250.4,0.07847,0.15,603,32.3837,2.221,0.41542
1528,112,15,15,34,0,1,0,0,51.77,0.07834,0.15,603,32.3837,2.29712,0.41542
1529,400,39,39,106,0,0,0,1,258.2,0.07821,0.15,603,32.3837,2.1659,0.4157
1530,400,44,44,116,0,0,0,1,269.1,0.07808,0.15,603,32.3837,2.4771,0.4157
1531,24,2,2,9,0,1,0,0,-19.34,0.07795,0.15,603,32.3837,2.71915,0.4157
1532,28,2,2,13,0,1,0,0,-12.71,0.07782,0.15,603,32.3837,3.30022,0.4157
1533,253,28,28,68,0,1,0,0,137.34,0.07769,0.15,604,32.3837,2.2705,0.41529
1534,21,1,1,5,0,1,0,0,-23.9,0.07756,0.15,604,32.3837,3.4582,0.41529
1535,122,14,14,42,0,1,0,0,46.07,0.07743,0.15,604,32.3837,3.0034,0.41529
1536,143,11,11,37,0,1,0,0,36.44,0.0773,0.15,604,32.3837,2.73353,0.41529
1537,400,39,39,89,0,0,0,1,213.15,0.07718,0.15,604,32.3837,2.23572,0.41529
1538,48,5,5,19,0,1,0,0,-4.31,0.07705,0.15,604,32.3837,3.47266,0.41529
1539,126,15,15,43,0,1,0,0,56.05,0.07692,0.15,604,32.3837,2.68853,0.41529
1540,22,3,3,8,0,1,0,0,-20.48,0.07679,0.15,604,32.3837,5.48842,0.41529
1541,99,8,8,26,0,1,0,0,24.21,0.07666,0.15,604,32.3837,2.06066,0.41529
1542,224,28,28,61,0,1,0,0,138.56,0.07654,0.15,604,32.3837,2.51626,0.41529
1543,106,8,8,35,0,1,0,0,31.1,0.07641,0.15,604,32.3837,2.35968,0.41529
1544,400,45,45,110,0,0,0,1,270.8,0.07628,0.15,604,32.3837,2.59036,0.41529
1545,30,2,2,9,0,1,0,0,-19.02,0.07615,0.15,604,32.3837,3.02663,0.41529
1546,400,42,42,107,0,0,0,1,266.0,0.07603,0.15,604,32.3837,2.3884,0.41529
1547,220,26,26,53,0,1,0,0,114.18,0.0759,0.15,604,32.3837,2.49194,0.41529
1548,400,34,34,97,0,0,0,1,226.45,0.07577,0.15,604,32.3837,2.16588,0.41529
1549,97,13,13,27,0,1,0,0,43.97,0.07565,0.15,605,32.3837,2.40529,0.41488
1550,400,41,41,99,0,0,0,1,250.65,0.07552,0.15,605,32.3837,2.13783,0.41488
1551,30,2,2,11,0,1,0,0,-15.42,0.0754,0.15,605,32.3837,3.40718,0.41488
1552,92,14,14,28,0,1,0,0,46.22,0.07527,0.15,605,32.3837,2.73073,0.41488
1553,131,16,16,43,0,1,0,0,69.65,0.07515,0.15,605,32.3837,2.58361,0.41488
1554,400,34,34,86,0,0,0,1,222.75,0.07502,0.15,605,32.3837,2.31374,0.41488
1555,342,38,38,81,0,1,0,0,184.72,0.0749,0.15,605,32.3837,2.33194,0.41515
1556,400,39,39,94,0,0,0,1,234.0,0.07477,0.15,605,32.3837,2.22523,0.41515
1557,39,4,4,13,0,1,0,0,-11.79,0.07465,0.15,605,32.3837,3.7493,0.41515
1558,400,37,37,91,0,0,0,1,240.9,0.07452,0.15,605,32.3837,1.9789,0.41515
1559,150,13,13,44,0,1,0,0,58.58,0.0744,0.15,605,32.3837,2.34882,0.41515
1560,138,15,15,36,0,1,0,0,59.49,0.07427,0.15,605,32.3837,2.20373,0.41515
1561,262,29,29,67,0,1,0,0,142.62,0.07415,0.15,605,32.3837,2.53892,0.41515
1562,50,4,4,18,0,1,0,0,-1.07,0.07403,0.15,605,32.3837,2.77305,0.41515
1563,11,0,0,4,0,1,0,0,-35.6,0.0739,0.15,605,32.3837,4.68043,0.41515
1564,96,8,8,25,0,1,0,0,17.15,0.07378,0.15,605,32.3837,3.06085,0.41543
1565,92,7,7,25,0,1,0,0,22.27,0.07366,0.15,605,32.3837,2.64455,0.41543
1566,325,28,28,70,0,1,0,0,130.68,0.07353,0.15,605,32.3837,2.75739,0.41543
1567,177,17,17,34,0,1,0,0,62.17,0.07341,0.15,605,32.3837,2.51985,0.41543
1568,25,1,1,6,0,1,0,0,-22.77,0.07329,0.15,605,32.3837,3.48592,0.41543
1569,59,3,3,15,0,1,0,0,-11.94,0.07317,0.15,605,32.3837,2.44546,0.41543
1570,400,31,31,78,0,0,0,1,189.95,0.07305,0.15,605,32.3837,2.30159,0.41543
1571,44,4,4,7,0,1,0,0,-8.34,0.07292,0.15,605,32.3837,2.88285,0.41543
1572,166,7,7,25,0,1,0,0,11.65,0.0728,0.15,605,32.3837,2.63746,0.41543
1573,313,21,21,47,0,1,0,0,91.39,0.07268,0.15,605,32.3837,2.42612,0.41543
1574,82,4,4,17,0,1,0,0,-0.78,0.07256,0.15,605,32.3837,2.91605,0.41543
1575,94,7,7,20,0,1,0,0,11.21,0.07244,0.15,605,32.3837,2.57056,0.41543
1576,106,7,7,18,0,1,0,0,10.3,0.07232,0.15,605,32.3837,2.44344,0.41543
1577,195,1,1,8,0,1,0,0,-34.82,0.0722,0.15,605,32.3837,2.03214,0.41543
1578,68,2,2,7,0,1,0,0,-26.41,0.07208,0.15,605,32.3837,3.29947,0.41543
1579,90,5,5,12,0,1,0,0,-4.57,0.07196,0.15,605,32.3837,2.09983,0.41543
1580,13,0,0,4,0,1,0,0,-37.11,0.07184,0.15,605,32.3837,5.82948,0.41543
1581,400,19,19,47,0,0,0,1,115.8,0.07172,0.15,605,32.3837,1.87333,0.41543
1582,400,20,20,51,0,0,0,1,125.1,0.0716,0.15,606,32.3837,2.28816,0.41502
1583,100,7,7,19,0,1,0,0,9.78,0.07148,0.15,606,32.3837,2.78597,0.41502
1584,74,4,4,10,0,1,0,0,-8.24,0.07136,0.15,606,32.3837,2.74352,0.41502
1585,259,17,17,44,0,1,0,0,83.21,0.07124,0.15,606,32.3837,2.23681,0.41502
1586,256,11,11,34,0,1,0,0,37.55,0.07112,0.15,606,32.3837,2.33548,0.41502
1587,400,17,17,42,0,0,0,1,100.05,0.07101,0.15,606,32.3837,1.98491,0.41529
1588,342,23,23,51,0,1,0,0,103.52,0.07089,0.15,606,32.3837,2.34152,0.41529
1589,77,4,4,9,0,1,0,0,-2.93,0.07077,0.15,606,32.3837,2.42599,0.41529
1590,212,5,5,11,0,1,0,0,-16.03,0.07065,0.15,606,32.3837,1.85094,0.41529
1591,400,23,23,68,0,0,0,1,147.9,0.07053,0.15,606,32.3837,1.93855,0.41529
1592,400,19,19,53,0,0,0,1,115.35,0.07042,0.15,606,32.3837,1.79755,0.41529
1593,400,30,30,71,0,0,0,1,187.6,0.0703,0.15,606,32.3837,2.15437,0.41529
1594,79,8,8,18,0,1,0,0,10.96,0.07018,0.15,606,32.3837,2.92544,0.41529
1595,400,27,27,67,0,0,0,1,161.2,0.07006,0.15,606,32.3837,2.06275,0.41529
1596,6,0,0,1,0,1,0,0,-34.4,0.06995,0.15,606,32.3837,10.2727,0.41529
1597,36,1,1,4,0,1,0,0,-30.8,0.06983,0.15,606,32.3837,3.68485,0.41529
1598,51,5,5,15,0,1,0,0,-2.85,0.06972,0.15,606,32.3837,3.79293,0.41529
1599,80,9,9,24,0,1,0,0,25.78,0.0696,0.15,606,32.3837,2.64933,0.41529
1600,400,40,40,90,0,0,0,1,235.45,0.06948,0.15,606,32.3837,2.27195,0.41529
1601,189,17,17,45,0,1,0,0,68.36,0.06937,0.15,606,32.3837,2.18383,0.41529
1602,93,9,9,18,0,1,0,0,22.54,0.06925,0.15,606,32.3837,2.25762,0.41529
1603,197,22,22,51,0,1,0,0,89.12,0.06914,0.15,606,32.3837,2.89996,0.41529
1604,66,4,4,18,0,1,0,0,1.2,0.06902,0.15,606,32.3837,2.67888,0.41529
1605,400,25,25,76,0,0,0,1,160.35,0.06891,0.15,606,32.3837,2.28198,0.41529
1606,76,6,6,22,0,1,0,0,5.5,0.06879,0.15,606,32.3837,3.12768,0.41529
1607,165,14,14,45,0,1,0,0,60.73,0.06868,0.15,606,32.3837,2.44613,0.41557
1608,54,4,4,18,0,1,0,0,-4.79,0.06856,0.15,606,32.3837,3.42335,0.41557
1609,400,23,23,58,0,0,0,1,139.5,0.06845,0.15,606,32.3837,2.01785,0.41557
1610,45,6,6,13,0,1,0,0,1.78,0.06833,0.15,606,32.3837,3.12205,0.41557
1611,400,26,26,61,0,0,0,1,155.8,0.06822,0.15,606,32.3837,2.01883,0.41557
1612,400,17,17,54,0,0,0,1,100.85,0.06811,0.15,606,32.3837,2.00356,0.41557
1613,400,31,31,74,0,0,0,1,188.45,0.06799,0.15,606,32.3837,2.17422,0.41557
1614,305,18,18,54,0,1,0,0,78.78,0.06788,0.15,606,32.3837,2.23074,0.41557
1615,210,9,9,30,0,1,0,0,21.93,0.06777,0.15,606,32.4236,2.07314,0.41557
1616,312,17,17,49,0,1,0,0,71.62,0.06766,0.15,606,32.4236,2.01176,0.41557
1617,108,10,10,26,0,1,0,0,28.44,0.06754,0.15,606,32.4236,2.11369,0.41557
1618,191,13,13,27,0,1,0,0,37.7,0.06743,0.15,606,32.4236,2.18147,0.41557
1619,183,18,18,44,0,1,0,0,73.44,0.06732,0.15,606,32.4236,2.36477,0.41557
1620,400,32,32,78,0,0,0,1,205.6,0.06721,0.15,606,32.4236,2.10747,0.41557
1621,13,0,0,6,0,1,0,0,-28.71,0.06709,0.15,606,32.4236,5.10793,0.41557
1622,400,15,15,42,0,0,0,1,83.55,0.06698,0.15,606,32.4236,1.44906,0.41557
1623,339,25,25,64,0,1,0,0,122.26,0.06687,0.15,606,32.4236,2.31619,0.41557
1624,116,6,6,20,0,1,0,0,8.45,0.06676,0.15,606,32.4236,2.10328,0.41557
1625,374,29,29,75,0,1,0,0,146.61,0.06665,0.15,606,32.4236,2.17579,0.41557
1626,32,4,4,9,0,1,0,0,-11.18,0.06654,0.15,606,32.4236,2.60504,0.41557
1627,400,17,17,41,0,0,0,1,89.15,0.06643,0.15,606,32.4236,1.72331,0.41557
1628,400,21,21,60,0,0,0,1,133.35,0.06632,0.15,606,32.4236,1.96479,0.41557
1629,60,7,7,20,0,1,0,0,10.78,0.0662,0.15,606,32.4236,3.40936,0.41557
1630,367,20,20,58,0,1,0,0,83.47,0.06609,0.15,606,32.4236,1.98144,0.41557
1631,123,11,11,25,0,1,0,0,31.39,0.06598,0.15,606,32.4236,2.2832,0.41557
1632,282,15,15,42,0,1,0,0,61.47,0.06587,0.15,606,32.4236,2.16318,0.41557
1633,201,16,16,36,0,1,0,0,63.0,0.06577,0.15,606,32.4236,2.62551,0.41557
1634,119,7,7,16,0,1,0,0,6.91,0.06566,0.15,606,32.4236,2.85266,0.41557
1635,193,7,7,17,0,1,0,0,6.59,0.06555,0.15,606,32.4236,2.22524,0.41557
1636,332,20,20,52,0,1,0,0,87.17,0.06544,0.15,606,32.3676,2.27486,0.41557
1637,121,7,7,19,0,1,0,0,5.0,0.06533,0.15,606,32.3676,2.52219,0.41557
1638,89,3,3,9,0,1,0,0,-16.39,0.06522,0.15,606,32.3676,2.77479,0.41557
1639,400,27,27,66,0,0,0,1,173.8,0.06511,0.15,607,32.3676,2.03149,0.41516
1640,166,15,15,32,0,1,0,0,58.4,0.065,0.15,607,32.3676,2.22381,0.41516
1641,125,9,9,30,0,1,0,0,29.13,0.06489,0.15,607,32.3676,3.32991,0.41516
1642,400,23,23,66,0,0,0,1,154.2,0.06479,0.15,607,32.3676,2.11077,0.41516
1643,60,7,7,15,0,1,0,0,1.88,0.06468,0.15,607,32.3676,2.58689,0.41516
1644,333,25,25,68,0,1,0,0,130.14,0.06457,0.15,607,32.3676,2.05878,0.41516
1645,90,5,5,17,0,1,0,0,5.23,0.06446,0.15,607,32.3676,2.88485,0.41516
1646,94,5,5,10,0,1,0,0,-4.09,0.06436,0.15,607,32.3676,2.16912,0.41516
1647,146,9,9,25,0,1,0,0,23.95,0.06425,0.15,607,32.3676,2.05892,0.41516
1648,10,0,0,4,0,1,0,0,-37.92,0.06414,0.15,607,32.3676,3.88836,0.41516
1649,41,4,4,11,0,1,0,0,-7.8,0.06403,0.15,607,32.3676,3.12135,0.41516
1650,400,25,25,62,0,0,0,1,158.25,0.06393,0.15,607,32.3676,2.0832,0.41516
1651,400,22,22,53,0,0,0,1,138.4,0.06382,0.15,607,32.3676,2.00515,0.41516
1652,191,5,5,19,0,1,0,0,-2.2,0.06372,0.15,608,32.3676,2.60615,0.41475
1653,80,5,5,13,0,1,0,0,2.63,0.06361,0.15,608,32.3676,2.06003,0.41475
1654,5,0,0,3,0,1,0,0,-37.47,0.0635,0.15,608,32.3676,2.43549,0.41475
1655,40,1,1,7,0,1,0,0,-23.22,0.0634,0.15,608,32.3676,2.97821,0.41475
1656,134,4,4,9,0,1,0,0,-8.59,0.06329,0.15,608,32.3676,2.35959,0.41475
1657,29,0,0,3,0,1,0,0,-37.39,0.06319,0.15,608,32.3676,3.25599,0.41475
1658,144,4,4,10,0,1,0,0,-7.89,0.06308,0.15,608,32.3676,2.41671,0.41475
1659,220,11,11,23,0,1,0,0,25.23,0.06298,0.15,608,32.3676,2.28167,0.41475
1660,400,4,4,15,0,0,0,1,11.35,0.06287,0.15,609,32.3676,2.08222,0.41434
1661,76,3,3,12,0,1,0,0,-12.2,0.06277,0.15,609,32.3676,2.57236,0.41434
1662,400,17,17,49,0,0,0,1,104.3,0.06266,0.15,609,32.3676,2.08524,0.41434
1663,156,5,5,15,0,1,0,0,-0.8,0.06256,0.15,609,32.3676,2.42448,0.41434
1664,400,5,5,12,0,0,0,1,21.6,0.06245,0.15,609,32.3676,2.15616,0.41434
1665,13,0,0,3,0,1,0,0,-35.66,0.06235,0.15,609,32.3676,3.98757,0.41434
1666,400,12,12,35,0,0,0,1,71.7,0.06225,0.15,609,32.3676,2.1094,0.41434
1667,173,1,1,17,0,1,0,0,-15.86,0.06214,0.15,610,32.3676,2.40142,0.41393
1668,400,8,8,23,0,0,0,1,22.05,0.06204,0.15,610,32.3676,2.42369,0.41393
1669,117,7,7,19,0,1,0,0,10.77,0.06194,0.15,610,32.3676,2.18104,0.41393
1670,237,6,6,11,0,1,0,0,-8.33,0.06183,0.15,610,32.3676,2.45547,0.41393
1671,93,1,1,7,0,1,0,0,-29.66,0.06173,0.15,610,32.3676,2.63956,0.41393
1672,400,16,16,43,0,0,0,1,83.0,0.06163,0.15,611,32.3676,2.52457,0.4138
1673,400,18,18,55,0,0,0,1,118.7,0.06152,0.15,611,32.3676,2.17882,0.4138
1674,400,15,15,42,0,0,0,1,80.55,0.06142,0.15,611,32.3676,2.02352,0.4138
1675,53,3,3,5,0,1,0,0,-14.71,0.06132,0.15,611,32.3676,2.80054,0.4138
1676,210,9,9,37,0,1,0,0,39.33,0.06122,0.15,611,32.3676,2.47994,0.4138
1677,312,11,11,38,0,1,0,0,36.12,0.06111,0.15,611,32.3676,2.0063,0.4138
1678,41,1,1,7,0,1,0,0,-22.6,0.06101,0.15,611,32.3676,2.1468,0.4138
1679,400,14,14,38,0,0,0,1,85.1,0.06091,0.15,611,32.3676,2.08721,0.4138
1680,40,1,1,4,0,1,0,0,-30.52,0.06081,0.15,611,32.3676,3.37022,0.4138
1681,400,9,9,32,0,0,0,1,41.05,0.06071,0.15,611,32.3676,2.21537,0.4138
1682,270,9,9,21,0,1,0,0,17.23,0.06061,0.15,611,32.3676,2.12327,0.4138
1683,400,14,14,41,0,0,0,1,76.45,0.06051,0.15,612,32.3676,2.05313,0.41367
1684,400,10,10,39,0,0,0,1,50.7,0.06041,0.15,613,32.3676,1.89212,0.41354
1685,45,3,3,9,0,1,0,0,-8.47,0.06031,0.15,613,32.3676,3.70566,0.41354
1686,400,12,12,26,0,0,0,1,70.1,0.0602,0.15,614,32.3676,1.72193,0.41314
1687,400,13,13,31,0,0,0,1,60.0,0.0601,0.15,614,32.3676,2.07529,0.41314
1688,37,3,3,10,0,1,0,0,-13.78,0.06,0.15,614,32.3676,3.71084,0.41314
1689,400,13,13,58,0,0,0,1,104.15,0.0599,0.15,615,32.3676,2.00984,0.41301
1690,400,15,15,48,0,0,0,1,93.9,0.0598,0.15,615,32.3676,1.85616,0.41301
1691,48,2,2,8,0,1,0,0,-20.41,0.05971,0.15,615,32.3676,2.43301,0.41301
1692,181,5,5,24,0,1,0,0,0.2,0.05961,0.15,615,32.3676,2.38118,0.41301
1693,400,7,7,39,0,0,0,1,52.4,0.05951,0.15,615,32.3676,1.80158,0.41328
1694,348,5,5,18,0,1,0,0,-32.16,0.05941,0.15,615,32.3676,2.18114,0.41328
1695,268,8,8,24,0,1,0,0,15.14,0.05931,0.15,615,32.3199,1.97002,0.41328
1696,59,3,3,9,0,1,0,0,-10.84,0.05921,0.15,615,32.3199,2.57353,0.41328
1697,67,6,6,11,0,1,0,0,1.77,0.05911,0.15,615,32.3199,2.87035,0.41328
1698,55,0,0,5,0,1,0,0,-34.37,0.05901,0.15,615,32.3199,2.5697,0.41328
1699,360,5,5,18,0,1,0,0,-14.32,0.05891,0.15,615,32.3199,2.05528,0.41328
1700,208,12,12,26,0,1,0,0,43.44,0.05882,0.15,616,32.3199,1.99167,0.41288
1701,53,4,4,9,0,1,0,0,-9.56,0.05872,0.15,616,32.3199,2.9412,0.41288
1702,115,6,6,20,0,1,0,0,7.28,0.05862,0.15,616,32.3199,2.15299,0.41288
1703,63,5,5,10,0,1,0,0,-5.26,0.05852,0.15,616,32.3199,3.19697,0.41288
1704,400,6,6,21,0,0,0,1,13.4,0.05843,0.15,616,32.3199,2.16087,0.41288
1705,219,2,2,11,0,1,0,0,-41.94,0.05833,0.15,616,32.3199,1.81738,0.41288
1706,400,11,11,25,0,0,0,1,70.55,0.05823,0.15,616,32.3199,1.65129,0.41288
1707,31,1,1,4,0,1,0,0,-27.8,0.05813,0.15,616,32.3199,4.40193,0.41288
1708,400,21,21,55,0,0,0,1,148.15,0.05804,0.15,616,32.3199,1.75054,0.41288
1709,39,1,1,6,0,1,0,0,-29.34,0.05794,0.15,616,32.3199,3.5652,0.41288
1710,155,7,7,17,0,1,0,0,6.63,0.05784,0.15,616,32.3199,2.2226,0.41288
1711,152,5,5,14,0,1,0,0,-8.98,0.05775,0.15,616,32.3199,1.9964,0.41288
1712,400,9,9,23,0,0,0,1,25.4,0.05765,0.15,616,32.3199,1.66397,0.41288
1713,386,3,3,11,0,1,0,0,-43.5,0.05756,0.15,616,32.3199,1.63989,0.41288
1714,60,2,2,8,0,1,0,0,-15.82,0.05746,0.15,616,32.3199,3.06954,0.41288
1715,23,1,1,6,0,1,0,0,-23.36,0.05736,0.15,616,32.3199,2.44914,0.41288
1716,400,19,19,45,0,0,0,1,110.4,0.05727,0.15,616,32.3199,1.84698,0.41288
1717,400,17,17,44,0,0,0,1,103.75,0.05717,0.15,616,32.3199,1.84016,0.41288
1718,46,1,1,9,0,1,0,0,-26.55,0.05708,0.15,616,32.4294,2.61087,0.41288
1719,400,3,3,12,0,0,0,1,-21.55,0.05698,0.15,616,32.4294,1.84779,0.41288
1720,215,3,3,9,0,1,0,0,-36.17,0.05689,0.15,616,32.4294,1.68507,0.41288
1721,400,4,4,10,0,0,0,1,-17.2,0.05679,0.15,616,32.4294,1.9203,0.41288
1722,400,2,2,9,0,0,0,1,-23.9,0.0567,0.15,616,32.4294,1.65532,0.41288
1723,311,19,19,43,0,1,0,0,65.6,0.0566,0.15,617,32.4294,2.04332,0.41275
1724,400,9,9,29,0,0,0,1,39.15,0.05651,0.15,617,32.4294,1.82985,0.41275
1725,197,13,13,38,0,1,0,0,54.22,0.05642,0.15,617,32.4294,2.29621,0.41275
1726,167,8,8,19,0,1,0,0,14.32,0.05632,0.15,617,32.4294,2.17478,0.41275
1727,400,10,10,20,0,0,0,1,11.85,0.05623,0.15,617,32.4294,1.74883,0.41275
1728,44,3,3,12,0,1,0,0,-12.94,0.05613,0.15,617,32.4294,2.79065,0.41275
1729,5,0,0,4,0,1,0,0,-37.27,0.05604,0.15,617,32.4294,2.01177,0.41275
1730,131,15,15,25,0,1,0,0,42.15,0.05595,0.15,617,32.4294,2.95255,0.41275
1731,254,18,18,35,0,1,0,0,30.36,0.05585,0.15,617,32.4294,2.20086,0.41275
1732,75,4,4,18,0,1,0,0,1.18,0.05576,0.15,617,32.4294,2.95226,0.41275
1733,181,18,18,36,0,1,0,0,76.6,0.05567,0.15,617,32.4294,2.03011,0.41275
1734,150,8,8,33,0,1,0,0,22.33,0.05558,0.15,617,32.4294,2.65588,0.41275
1735,27,0,0,4,0,1,0,0,-35.23,0.05548,0.15,617,32.4294,3.02657,0.41275
1736,400,26,26,73,0,0,0,1,144.25,0.05539,0.15,617,32.4294,2.27439,0.41275
1737,400,28,28,67,0,0,0,1,156.55,0.0553,0.15,617,32.4294,2.14214,0.41275
1738,400,17,17,49,0,0,0,1,92.05,0.05521,0.15,617,32.4294,1.93501,0.41275
1739,16,1,1,5,0,1,0,0,-25.75,0.05512,0.15,617,32.4294,3.41697,0.41275
1740,357,19,19,51,0,1,0,0,75.37,0.05502,0.15,617,32.4294,2.05497,0.41275
1741,400,16,16,59,0,0,0,1,100.35,0.05493,0.15,618,32.4294,1.93574,0.41235
1742,54,3,3,16,0,1,0,0,-7.34,0.05484,0.15,618,32.4294,3.03143,0.41235
1743,252,18,18,46,0,1,0,0,76.37,0.05475,0.15,618,32.4294,2.04086,0.41235
1744,244,18,18,48,0,1,0,0,81.36,0.05466,0.15,618,32.4294,2.13212,0.41235
1745,216,13,13,34,0,1,0,0,39.5,0.05457,0.15,618,32.4294,2.07504,0.41235
1746,17,1,1,6,0,1,0,0,-24.38,0.05448,0.15,618,32.4294,3.23233,0.41235
1747,400,20,20,51,0,0,0,1,122.65,0.05439,0.15,618,32.4294,2.00483,0.41235
1748,214,8,8,27,0,1,0,0,5.96,0.05429,0.15,618,32.4294,1.93006,0.41235
1749,202,18,18,46,0,1,0,0,74.42,0.0542,0.15,618,32.4294,2.38802,0.41235
1750,400,31,31,66,0,0,0,1,167.95,0.05411,0.15,618,32.4294,2.23776,0.41235
1751,62,6,6,14,0,1,0,0,4.07,0.05402,0.15,618,32.4294,2.3848,0.41235
1752,69,7,7,11,0,1,0,0,5.96,0.05393,0.15,618,32.4294,2.67476,0.41235
1753,65,3,3,15,0,1,0,0,-7.07,0.05384,0.15,618,32.4294,3.08765,0.41235
1754,61,6,6,13,0,1,0,0,0.65,0.05375,0.15,618,32.4294,2.85992,0.41235
1755,400,24,24,66,0,0,0,1,126.55,0.05366,0.15,618,32.4294,2.2824,0.41235
1756,400,28,28,61,0,0,0,1,155.1,0.05358,0.15,618,32.4294,2.09774,0.41235
1757,202,17,17,48,0,1,0,0,76.62,0.05349,0.15,618,32.4294,2.23391,0.41235
1758,400,22,22,57,0,0,0,1,134.35,0.0534,0.15,618,32.4294,2.20444,0.41235
1759,34,3,3,9,0,1,0,0,-11.94,0.05331,0.15,618,32.4294,3.27826,0.41235
1760,58,5,5,12,0,1,0,0,-1.61,0.05322,0.15,618,32.4294,2.93019,0.41235
1761,400,21,21,57,0,0,0,1,128.8,0.05313,0.15,618,32.4294,2.1506,0.41235
1762,400,7,7,30,0,0,0,1,22.3,0.05304,0.15,618,32.4294,1.6993,0.41235
1763,257,6,6,15,0,1,0,0,-16.93,0.05295,0.15,618,32.4294,1.6488,0.41235
1764,140,18,18,34,0,1,0,0,64.38,0.05287,0.15,618,32.4294,2.96265,0.41235
1765,360,20,20,47,0,1,0,0,63.98,0.05278,0.15,619,32.4294,2.25022,0.41195
1766,400,16,16,42,0,0,0,1,71.35,0.05269,0.15,619,32.4294,2.12035,0.41195
1767,400,9,9,22,0,0,0,1,14.85,0.0526,0.15,619,32.4294,1.66569,0.41195
1768,400,2,2,9,0,0,0,1,-49.7,0.05251,0.15,619,32.4294,1.44254,0.41195
1769,400,11,11,23,0,0,0,1,15.4,0.05243,0.15,619,32.4294,1.62753,0.41195
1770,62,4,4,17,0,1,0,0,-0.78,0.05234,0.15,619,32.4294,2.78154,0.41195
1771,400,8,8,28,0,0,0,1,10.6,0.05225,0.15,619,32.4294,1.31451,0.41195
1772,17,2,2,8,0,1,0,0,-19.73,0.05217,0.15,619,32.4294,4.81401,0.41195
1773,16,1,1,4,0,1,0,0,-25.95,0.05208,0.15,619,32.4294,2.32104,0.41195
1774,400,4,4,14,0,0,0,1,-21.1,0.05199,0.15,619,32.4294,1.37629,0.41195
1775,400,10,10,31,0,0,0,1,38.25,0.05191,0.15,619,32.4294,1.6757,0.41195
1776,400,22,22,49,0,0,0,1,117.0,0.05182,0.15,619,32.4294,2.14594,0.41195
1777,36,3,3,6,0,1,0,0,-17.2,0.05173,0.15,619,32.4294,3.17347,0.41195
1778,400,11,11,33,0,0,0,1,27.65,0.05165,0.15,619,32.4294,1.77115,0.41195
1779,400,18,18,51,0,0,0,1,94.75,0.05156,0.15,619,32.4294,1.71893,0.41195
1780,96,2,2,19,0,1,0,0,-13.35,0.05147,0.15,619,32.4294,2.67879,0.41195
1781,217,8,8,27,0,1,0,0,13.02,0.05139,0.15,619,32.4294,1.68016,0.41195
1782,400,15,15,42,0,0,0,1,77.7,0.0513,0.15,619,32.4294,1.56485,0.41195
1783,400,36,36,78,0,0,0,1,217.8,0.05122,0.15,619,32.4294,2.20148,0.41195
1784,400,36,36,71,0,0,0,1,197.1,0.05113,0.15,619,32.4294,2.30685,0.41195
1785,400,20,20,45,0,0,0,1,102.0,0.05105,0.15,620,32.4294,2.07053,0.41156
1786,18,1,1,6,0,1,0,0,-23.96,0.05096,0.15,620,32.4294,2.95771,0.41156
1787,102,6,6,19,0,1,0,0,2.17,0.05088,0.15,620,32.4294,2.4095,0.41156
1788,400,18,18,37,0,0,0,1,90.45,0.05079,0.15,621,32.4294,1.60185,0.41116
1789,5,0,0,4,0,1,0,0,-37.27,0.05071,0.15,621,32.4294,1.7267,0.41116
1790,400,33,33,78,0,0,0,1,212.1,0.05062,0.15,621,32.4294,2.22651,0.41116
1791,400,33,33,69,0,0,0,1,206.55,0.05054,0.15,621,32.4294,2.32368,0.41116
1792,400,27,27,60,0,0,0,1,143.6,0.05046,0.15,621,32.4294,2.10453,0.41116
1793,33,2,2,4,0,1,0,0,-26.11,0.05037,0.15,621,32.4294,3.05396,0.41116
1794,170,1,1,9,0,1,0,0,-39.57,0.05029,0.15,621,32.4294,1.82573,0.41116
1795,400,9,9,30,0,0,0,1,28.15,0.0502,0.15,621,32.4294,1.78179,0.41116
1796,122,1,1,7,0,1,0,0,-38.48,0.05012,0.15,621,32.5225,1.90071,0.41116
1797,69,8,8,21,0,1,0,0,17.66,0.05004,0.15,621,32.5225,2.87977,0.41116
1798,390,17,17,51,0,1,0,0,63.33,0.05,0.15,621,32.5225,1.92981,0.41116
1799,400,17,17,42,0,0,0,1,83.9,0.05,0.15,621,32.5225,1.57243,0.41116
1800,167,15,15,39,0,1,0,0,56.67,0.05,0.15,621,32.5225,2.52648,0.41116
1801,337,24,24,60,0,1,0,0,111.77,0.05,0.15,621,32.5225,2.16769,0.41116
1802,400,5,5,18,0,0,0,1,11.25,0.05,0.15,621,32.5225,1.35141,0.41116
1803,400,7,7,26,0,0,0,1,8.15,0.05,0.15,621,32.5225,1.58258,0.41116
1804,324,19,19,51,0,1,0,0,77.56,0.05,0.15,621,32.5225,2.22927,0.41116
1805,42,3,3,13,0,1,0,0,-7.93,0.05,0.15,621,32.5225,3.436,0.41116
1806,81,7,7,20,0,1,0,0,8.5,0.05,0.15,621,32.4516,2.66877,0.41116
1807,400,2,2,7,0,0,0,1,-11.45,0.05,0.15,621,32.4516,0.83023,0.41116
1808,169,19,19,33,0,1,0,0,72.71,0.05,0.15,621,32.4516,2.60742,0.41116
1809,184,10,10,23,0,1,0,0,10.36,0.05,0.15,621,32.4516,2.27297,0.41116
1810,36,3,3,7,0,1,0,0,-14.2,0.05,0.15,621,32.4516,2.56932,0.41116
1811,73,3,3,15,0,1,0,0,-9.06,0.05,0.15,621,32.4516,2.00813,0.41116
1812,400,18,18,49,0,0,0,1,100.8,0.05,0.15,621,32.4516,1.87286,0.41116
1813,400,6,6,18,0,0,0,1,3.95,0.05,0.15,621,32.4516,1.28493,0.41116
1814,400,21,21,53,0,0,0,1,108.4,0.05,0.15,621,32.4516,1.68553,0.41116
1815,6,0,0,1,0,1,0,0,-36.45,0.05,0.15,621,32.4614,9.72337,0.41116
1816,400,21,21,48,0,0,0,1,117.9,0.05,0.15,621,32.4614,1.8456,0.41116
1817,400,28,28,68,0,0,0,1,166.25,0.05,0.15,621,32.4614,1.90174,0.41116
1818,171,14,14,40,0,1,0,0,62.9,0.05,0.15,621,32.4614,2.11739,0.41116
1819,275,20,20,51,0,1,0,0,91.23,0.05,0.15,622,32.4614,2.07542,0.41077
1820,131,8,8,15,0,1,0,0,10.1,0.05,0.15,623,32.4614,1.74125,0.41038
1821,400,27,27,75,0,0,0,1,165.35,0.05,0.15,623,32.4614,1.98571,0.41038
1822,17,2,2,5,0,1,0,0,-22.43,0.05,0.15,623,32.4614,3.03383,0.41038
1823,18,1,1,5,0,1,0,0,-24.66,0.05,0.15,623,32.4614,4.90627,0.41038
1824,400,20,20,51,0,0,0,1,117.2,0.05,0.15,623,32.4614,1.80199,0.41038
1825,223,22,22,48,0,1,0,0,99.14,0.05,0.15,623,32.4614,2.499,0.41038
1826,400,20,20,41,0,0,0,1,99.15,0.05,0.15,623,32.4614,1.86736,0.41038
1827,93,8,8,20,0,1,0,0,13.14,0.05,0.15,623,32.4614,2.71741,0.41038
1828,400,19,19,58,0,0,0,1,117.35,0.05,0.15,623,32.4614,1.91612,0.41038
1829,363,1,1,7,0,1,0,0,-47.11,0.05,0.15,623,32.4614,0.98311,0.41038
1830,400,7,7,18,0,0,0,1,18.0,0.05,0.15,623,32.4614,1.17458,0.41038
1831,400,30,30,68,0,0,0,1,179.1,0.05,0.15,623,32.4614,1.88129,0.41038
1832,39,3,3,13,0,1,0,0,-9.69,0.05,0.15,623,32.4614,2.62415,0.41038
1833,400,25,25,78,0,0,0,1,161.9,0.05,0.15,623,32.4614,2.36359,0.41038
1834,30,1,1,7,0,1,0,0,-20.87,0.05,0.15,623,32.4614,2.72067,0.41038
1835,400,20,20,40,0,0,0,1,94.55,0.05,0.15,623,32.4614,1.81842,0.41038
1836,400,24,24,50,0,0,0,1,135.5,0.05,0.15,623,32.4614,1.85309,0.41038
1837,400,29,29,50,0,0,0,1,154.85,0.05,0.15,623,32.4614,2.07687,0.41038
1838,169,16,16,46,0,1,0,0,72.16,0.05,0.15,623,32.4614,2.39224,0.41038
1839,127,0,0,7,0,1,0,0,-34.33,0.05,0.15,623,32.4614,1.59782,0.41038
1840,39,4,4,6,0,1,0,0,-16.54,0.05,0.15,623,32.4614,3.06693,0.41038
1841,82,8,8,27,0,1,0,0,27.57,0.05,0.15,623,32.4614,2.43173,0.41038
1842,400,3,3,10,0,0,0,1,-4.2,0.05,0.15,623,32.4614,1.00264,0.41038
1843,400,30,30,85,0,0,0,1,190.0,0.05,0.15,623,32.4614,2.37068,0.41038
1844,400,22,22,55,0,0,0,1,132.0,0.05,0.15,623,32.4614,1.92366,0.41038
1845,52,2,2,11,0,1,0,0,-15.13,0.05,0.15,623,32.4614,3.02974,0.41038
1846,283,15,15,40,0,1,0,0,54.79,0.05,0.15,623,32.4614,1.88951,0.41065
1847,133,4,4,9,0,1,0,0,-18.61,0.05,0.15,623,32.4614,1.66971,0.41065
1848,400,1,1,6,0,0,0,1,-44.05,0.05,0.15,623,32.4614,1.04758,0.41065
1849,227,17,17,34,0,1,0,0,64.62,0.05,0.15,623,32.4614,2.37477,0.41065
1850,17,2,2,9,0,1,0,0,-18.73,0.05,0.15,623,32.4614,5.14052,0.41065
1851,266,4,4,12,0,1,0,0,-36.4,0.05,0.15,623,32.4614,1.54841,0.41065
1852,400,28,28,57,0,0,0,1,143.5,0.05,0.15,623,32.4614,2.37375,0.41065
1853,130,12,12,26,0,1,0,0,39.43,0.05,0.15,623,32.4614,2.68288,0.41065
1854,400,7,7,13,0,0,0,1,20.3,0.05,0.15,623,32.4614,1.13026,0.41065
1855,400,18,18,54,0,0,0,1,107.45,0.05,0.15,623,32.4614,1.81283,0.41091
1856,366,27,27,64,0,1,0,0,136.2,0.05,0.15,624,32.4614,2.1082,0.41052
1857,400,14,14,44,0,0,0,1,74.85,0.05,0.15,624,32.4614,1.63661,0.41052
1858,400,19,19,52,0,0,0,1,98.2,0.05,0.15,624,32.4614,1.88463,0.41052
1859,400,20,20,61,0,0,0,1,130.2,0.05,0.15,624,32.4614,1.70429,0.41052
1860,400,17,17,45,0,0,0,1,91.35,0.05,0.15,624,32.4614,1.76917,0.41052
1861,54,3,3,7,0,1,0,0,-18.54,0.05,0.15,624,32.4614,2.8477,0.41052
1862,400,10,10,29,0,0,0,1,33.9,0.05,0.15,624,32.4614,1.32623,0.41052
1863,400,25,25,59,0,0,0,1,145.0,0.05,0.15,624,32.4614,1.85762,0.41052
1864,400,29,29,68,0,0,0,1,171.25,0.05,0.15,624,32.4614,2.14378,0.41052
1865,33,2,2,7,0,1,0,0,-18.96,0.05,0.15,624,32.4614,3.21179,0.41052
1866,275,23,23,57,0,1,0,0,102.78,0.05,0.15,624,32.4614,2.33701,0.41052
1867,153,4,4,7,0,1,0,0,-19.71,0.05,0.15,624,32.4614,1.93658,0.41052
1868,400,25,25,63,0,0,0,1,151.15,0.05,0.15,624,32.4614,1.77401,0.41052
1869,35,3,3,7,0,1,0,0,-16.82,0.05,0.15,624,32.4614,3.49645,0.41052
1870,400,18,18,49,0,0,0,1,112.25,0.05,0.15,624,32.4614,1.94599,0.41052
1871,400,23,23,55,0,0,0,1,125.0,0.05,0.15,624,32.4614,1.7326,0.41052
1872,400,28,28,77,0,0,0,1,176.35,0.05,0.15,624,32.4614,2.15627,0.41052
1873,400,30,30,76,0,0,0,1,189.5,0.05,0.15,624,32.4614,2.03709,0.41052
1874,88,3,3,14,0,1,0,0,-8.76,0.05,0.15,624,32.4614,2.00224,0.41052
1875,400,25,25,68,0,0,0,1,155.15,0.05,0.15,624,32.4614,2.15565,0.41052
1876,400,24,24,60,0,0,0,1,132.2,0.05,0.15,624,32.4614,2.00335,0.41052
1877,400,8,8,34,0,0,0,1,16.95,0.05,0.15,624,32.4614,1.58665,0.41079
1878,400,17,17,52,0,0,0,1,86.85,0.05,0.15,624,32.4614,1.77876,0.41079
1879,400,18,18,45,0,0,0,1,95.7,0.05,0.15,624,32.4614,1.58867,0.41079
1880,94,6,6,13,0,1,0,0,-1.04,0.05,0.15,624,32.4614,2.55031,0.41079
1881,296,19,19,45,0,1,0,0,50.15,0.05,0.15,624,32.4614,2.18965,0.41079
1882,166,7,7,32,0,1,0,0,3.8,0.05,0.15,624,32.4614,2.65935,0.41079
1883,138,8,8,17,0,1,0,0,15.94,0.05,0.15,624,32.4614,2.22775,0.41079
1884,400,19,19,49,0,0,0,1,85.4,0.05,0.15,624,32.4614,1.87436,0.41079
1885,400,20,20,38,0,0,0,1,105.7,0.05,0.15,624,32.4614,1.7127,0.41079
1886,400,14,14,35,0,0,0,1,68.3,0.05,0.15,624,32.4614,1.36781,0.41079
1887,400,20,20,54,0,0,0,1,134.9,0.05,0.15,624,32.4614,1.18754,0.41079
1888,400,16,16,38,0,0,0,1,106.8,0.05,0.15,624,32.4614,1.15343,0.41079
1889,400,31,31,71,0,0,0,1,196.45,0.05,0.15,624,32.4614,1.65868,0.41079
1890,400,29,29,58,0,0,0,1,174.25,0.05,0.15,624,32.4614,1.4736,0.41106
1891,400,23,23,64,0,0,0,1,155.75,0.05,0.15,624,32.4614,1.46909,0.41106
1892,400,19,19,54,0,0,0,1,136.2,0.05,0.15,624,32.4614,1.34695,0.41106
1893,400,29,29,77,0,0,0,1,188.5,0.05,0.15,624,32.4614,2.08199,0.41106
1894,400,23,23,62,0,0,0,1,140.0,0.05,0.15,624,32.4614,2.09481,0.41106
1895,215,26,26,61,0,1,0,0,119.83,0.05,0.15,624,32.4614,2.37267,0.41132
1896,400,24,24,59,0,0,0,1,133.1,0.05,0.15,624,32.4614,1.99326,0.41132
1897,272,9,9,41,0,1,0,0,30.12,0.05,0.15,624,32.4614,2.18708,0.41132
1898,400,22,22,56,0,0,0,1,122.1,0.05,0.15,624,32.4614,2.14823,0.41132
1899,400,26,26,81,0,0,0,1,159.35,0.05,0.15,624,32.4614,2.38356,0.41132
1900,98,12,12,36,0,1,0,0,48.49,0.05,0.15,624,32.4614,2.77589,0.41132
1901,212,23,23,67,0,1,0,0,122.37,0.05,0.15,624,32.4614,2.45902,0.41132
1902,400,23,23,53,0,0,0,1,138.3,0.05,0.15,624,32.4614,2.11333,0.41132
1903,400,32,32,67,0,0,0,1,183.6,0.05,0.15,624,32.4614,2.11032,0.41132
1904,400,21,21,55,0,0,0,1,119.6,0.05,0.15,624,32.4614,1.91144,0.41132
1905,383,31,31,71,0,1,0,0,140.59,0.05,0.15,624,32.4614,2.07562,0.41132
1906,105,10,10,28,0,1,0,0,29.58,0.05,0.15,624,32.4614,2.91151,0.41132
1907,47,1,1,14,0,1,0,0,-20.68,0.05,0.15,624,32.4614,3.31378,0.41132
1908,400,28,28,76,0,0,0,1,174.55,0.05,0.15,624,32.4614,2.02261,0.41159
1909,173,11,11,45,0,1,0,0,46.14,0.05,0.15,624,32.4614,3.02587,0.41159
1910,400,23,23,70,0,0,0,1,156.0,0.05,0.15,624,32.4614,1.97365,0.41159
1911,400,20,20,56,0,0,0,1,120.85,0.05,0.15,624,32.4614,1.9604,0.41159
1912,143,10,10,30,0,1,0,0,34.84,0.05,0.15,624,32.4614,2.41051,0.41159
1913,400,35,35,90,0,0,0,1,212.85,0.05,0.15,624,32.4614,2.35237,0.41159
1914,400,35,35,89,0,0,0,1,236.15,0.05,0.15,624,32.4614,2.14984,0.41159
1915,400,21,21,47,0,0,0,1,82.75,0.05,0.15,624,32.4614,1.78857,0.41159
1916,400,13,13,31,0,0,0,1,85.45,0.05,0.15,624,32.4614,1.18933,0.41159
1917,400,20,20,47,0,0,0,1,124.4,0.05,0.15,624,32.4614,1.28042,0.41159
1918,400,19,19,43,0,0,0,1,124.3,0.05,0.15,624,32.4614,1.07741,0.41159
1919,400,23,23,60,0,0,0,1,146.6,0.05,0.15,624,32.4614,1.30599,0.41159
1920,400,27,27,58,0,0,0,1,171.65,0.05,0.15,624,32.4614,1.44914,0.41159
1921,314,17,17,50,0,1,0,0,75.96,0.05,0.15,624,32.4614,1.67629,0.41159
1922,230,3,3,10,0,1,0,0,-10.57,0.05,0.15,624,32.4614,0.81127,0.41159
1923,400,29,29,65,0,0,0,1,173.1,0.05,0.15,624,32.4614,1.88888,0.41186
1924,400,38,38,92,0,0,0,1,241.1,0.05,0.15,624,32.4614,1.85858,0.41186
1925,400,17,17,38,0,0,0,1,108.4,0.05,0.15,624,32.4614,1.13674,0.41186
1926,400,17,17,51,0,0,0,1,109.6,0.05,0.15,624,32.4614,1.13622,0.41186
1927,400,34,34,83,0,0,0,1,210.5,0.05,0.15,624,32.4614,1.83943,0.41186
1928,7,0,0,6,0,1,0,0,-28.08,0.05,0.15,624,32.4614,6.60105,0.41186
1929,78,8,8,19,0,1,0,0,18.64,0.05,0.15,624,32.4614,2.48343,0.41186
1930,400,30,30,73,0,0,0,1,183.35,0.05,0.15,624,32.4614,1.99129,0.41186
1931,333,9,9,32,0,1,0,0,5.89,0.05,0.15,624,32.4614,1.87942,0.41186
1932,323,21,21,54,0,1,0,0,47.14,0.05,0.15,624,32.4614,2.74406,0.41186
1933,400,29,29,73,0,0,0,1,196.3,0.05,0.15,624,32.4614,2.24429,0.41186
1934,400,33,33,79,0,0,0,1,212.8,0.05,0.15,625,32.4614,2.27353,0.41147
1935,400,40,40,101,0,0,0,1,264.4,0.05,0.15,626,32.4614,2.24867,0.41108
1936,400,33,33,88,0,0,0,1,221.6,0.05,0.15,626,32.4614,1.96486,0.41134
1937,377,26,26,69,0,1,0,0,134.62,0.05,0.15,626,32.4614,2.48689,0.41161
1938,43,3,3,13,0,1,0,0,-6.91,0.05,0.15,626,32.4614,2.71895,0.41161
1939,166,14,14,43,0,1,0,0,60.85,0.05,0.15,626,32.4614,2.75915,0.41161
1940,400,37,37,89,0,0,0,1,242.4,0.05,0.15,626,32.4614,2.22135,0.41161
1941,236,30,30,68,0,1,0,0,144.85,0.05,0.15,626,32.4614,2.48815,0.41161
1942,269,26,26,70,0,1,0,0,130.81,0.05,0.15,626,32.4614,2.43521,0.41161
1943,258,14,14,33,0,1,0,0,55.14,0.05,0.15,626,32.4614,2.0412,0.41187
1944,35,3,3,7,0,1,0,0,-13.67,0.05,0.15,626,32.4614,3.84428,0.41187
1945,400,39,39,89,0,0,0,1,225.2,0.05,0.15,627,32.4614,2.468,0.41148
1946,78,2,2,5,0,1,0,0,-24.06,0.05,0.15,627,32.4614,1.63643,0.41148
1947,62,7,7,19,0,1,0,0,8.87,0.05,0.15,627,32.4614,3.88951,0.41148
1948,89,11,11,28,0,1,0,0,27.51,0.05,0.15,627,32.4614,2.92088,0.41148
1949,400,29,29,76,0,0,0,1,188.55,0.05,0.15,627,32.4614,2.2079,0.41148
1950,64,2,2,9,0,1,0,0,-20.29,0.05,0.15,627,32.4614,2.08635,0.41148
1951,45,2,2,17,0,1,0,0,-8.12,0.05,0.15,627,32.4614,3.33714,0.41148
1952,156,17,17,47,0,1,0,0,74.95,0.05,0.15,627,32.4614,2.56357,0.41148
1953,400,37,37,78,0,0,0,1,218.6,0.05,0.15,627,32.4614,2.44753,0.41175
1954,365,38,38,95,0,1,0,0,210.98,0.05,0.15,627,32.4614,2.52309,0.41201
1955,400,38,38,100,0,0,0,1,256.7,0.05,0.15,628,32.4614,2.30828,0.41162
1956,400,31,31,92,0,0,0,1,217.1,0.05,0.15,628,32.4614,2.21392,0.41162
1957,161,14,14,48,0,1,0,0,67.6,0.05,0.15,628,32.4614,2.37362,0.41189
1958,400,36,36,101,0,0,0,1,241.8,0.05,0.15,628,32.4614,2.17758,0.41189
1959,400,43,43,105,0,0,0,1,273.45,0.05,0.15,628,32.4614,1.99887,0.41189
1960,17,2,2,5,0,1,0,0,-21.93,0.05,0.15,628,32.4614,5.67723,0.41189
1961,400,40,40,96,0,0,0,1,257.55,0.05,0.15,628,32.4614,2.28426,0.41189
1962,400,40,40,97,0,0,0,1,267.75,0.05,0.15,628,32.4614,2.135,0.41189
1963,38,4,4,11,0,1,0,0,-8.41,0.05,0.15,628,32.4614,3.94257,0.41189
1964,29,2,2,8,0,1,0,0,-16.09,0.05,0.15,628,32.4614,4.01619,0.41189
1965,5,0,0,2,0,1,0,0,-38.47,0.05,0.15,628,32.4614,2.16408,0.41189
1966,400,37,37,104,0,0,0,1,259.9,0.05,0.15,628,32.4614,2.13024,0.41215
1967,198,23,23,56,0,1,0,0,117.49,0.05,0.15,628,32.4614,2.41167,0.41242
1968,400,34,34,80,0,0,0,1,214.6,0.05,0.15,628,32.4614,2.1661,0.41242
1969,400,33,33,67,0,0,0,1,196.75,0.05,0.15,628,32.4614,1.83806,0.41242
1970,400,43,43,96,0,0,0,1,276.75,0.05,0.15,628,32.4614,2.12727,0.41242
1971,167,18,18,49,0,1,0,0,82.72,0.05,0.15,628,32.4614,2.53687,0.41242
1972,400,37,37,95,0,0,0,1,231.6,0.05,0.15,628,32.4614,2.08902,0.41242
1973,129,14,14,35,0,1,0,0,54.81,0.05,0.15,628,32.4614,2.64284,0.41269
1974,154,17,17,40,0,1,0,0,67.61,0.05,0.15,628,32.4614,2.78068,0.41269
1975,181,27,27,58,0,1,0,0,121.0,0.05,0.15,628,32.4614,2.5825,0.41269
1976,400,34,34,79,0,0,0,1,204.4,0.05,0.15,628,32.4614,2.44529,0.41269
1977,37,4,4,14,0,1,0,0,-1.93,0.05,0.15,628,32.4614,3.29683,0.41269
1978,400,15,15,44,0,0,0,1,84.45,0.05,0.15,628,32.4614,1.53336,0.41269
1979,106,9,9,30,0,1,0,0,30.6,0.05,0.15,628,32.4614,2.38728,0.41269
1980,74,9,9,24,0,1,0,0,24.36,0.05,0.15,628,32.4614,2.67049,0.41269
1981,42,2,2,12,0,1,0,0,-15.83,0.05,0.15,628,32.4614,3.59528,0.41269
1982,400,33,33,71,0,0,0,1,208.35,0.05,0.15,628,32.4614,2.02056,0.41269
1983,77,8,8,28,0,1,0,0,25.22,0.05,0.15,628,32.4614,2.97979,0.41269
1984,365,23,23,72,0,1,0,0,125.83,0.05,0.15,628,32.4614,1.94056,0.41269
1985,27,2,2,9,0,1,0,0,-18.98,0.05,0.15,628,32.4614,4.17163,0.41269
1986,400,47,47,104,0,0,0,1,281.6,0.05,0.15,628,32.4614,2.54305,0.41269
1987,139,15,15,38,0,1,0,0,60.51,0.05,0.15,628,32.4614,2.46757,0.41269
1988,400,30,30,85,0,0,0,1,204.95,0.05,0.15,628,32.4614,1.95438,0.41269
1989,400,39,39,83,0,0,0,1,237.55,0.05,0.15,628,32.4614,2.15404,0.41269
1990,218,19,19,50,0,1,0,0,83.59,0.05,0.15,628,32.4614,2.72239,0.41295
1991,5,0,0,2,0,1,0,0,-38.47,0.05,0.15,628,32.4614,5.0971,0.41295
1992,5,0,0,4,0,1,0,0,-36.87,0.05,0.15,628,32.4614,4.79228,0.41295
1993,258,31,31,72,0,1,0,0,155.04,0.05,0.15,628,32.4614,2.43396,0.41295
1994,400,30,30,86,0,0,0,1,204.2,0.05,0.15,628,32.4614,2.40243,0.41295
1995,34,4,4,11,0,1,0,0,-10.34,0.05,0.15,628,32.4614,3.54291,0.41295
1996,390,43,43,99,0,1,0,0,239.68,0.05,0.15,628,32.4614,2.4115,0.41295
1997,196,21,21,48,0,1,0,0,101.15,0.05,0.15,628,32.4614,2.73922,0.41322
1998,400,41,41,101,0,0,0,1,261.05,0.05,0.15,628,32.4614,2.29799,0.41322
1999,400,38,38,110,0,0,0,1,262.75,0.05,0.15,628,32.4614,2.39686,0.41322
2000,400,39,39,101,0,0,0,1,264.1,0.05,0.15,628,32.4614,2.1063,0.41322
2001,400,42,42,92,0,0,0,1,261.9,0.05,0.15,628,32.4614,2.17757,0.41322
2002,400,39,39,91,0,0,0,1,247.05,0.05,0.15,628,32.4614,2.28847,0.41322
2003,400,44,44,108,0,0,0,1,284.45,0.05,0.15,628,32.4614,2.23335,0.41322
2004,256,31,31,75,0,1,0,0,153.0,0.05,0.15,628,32.4614,2.31606,0.41322
2005,131,17,17,34,0,1,0,0,67.6,0.05,0.15,628,32.4614,2.44596,0.41322
2006,17,1,1,6,0,1,0,0,-23.93,0.05,0.15,628,32.4614,2.35038,0.41322
2007,228,29,29,72,0,1,0,0,146.49,0.05,0.15,628,32.4614,2.40742,0.41322
2008,258,29,29,75,0,1,0,0,146.49,0.05,0.15,628,32.4614,2.7352,0.41322
2009,182,18,18,58,0,1,0,0,89.52,0.05,0.15,628,32.4614,2.42385,0.41322
2010,164,16,16,48,0,1,0,0,75.26,0.05,0.15,628,32.4614,2.54271,0.41322
2011,178,17,17,45,0,1,0,0,78.74,0.05,0.15,628,32.4614,2.58313,0.41322
2012,48,6,6,16,0,1,0,0,4.74,0.05,0.15,628,32.4614,3.81746,0.41322
2013,73,8,8,19,0,1,0,0,12.79,0.05,0.15,629,32.4614,3.33281,0.41282
2014,400,40,40,101,0,0,0,1,268.5,0.05,0.15,629,32.4614,2.25061,0.41282
2015,400,37,37,96,0,0,0,1,244.9,0.05,0.15,629,32.4614,2.33075,0.41282
2016,400,42,42,107,0,0,0,1,281.15,0.05,0.15,629,32.4614,2.33656,0.41282
2017,316,34,34,90,0,1,0,0,185.0,0.05,0.15,629,32.4614,2.53172,0.41282
2018,400,46,46,102,0,0,0,1,287.5,0.05,0.15,629,32.4614,2.27889,0.41282
2019,400,45,45,99,0,0,0,1,286.7,0.05,0.15,629,32.4614,2.17825,0.41282
2020,400,41,41,105,0,0,0,1,267.1,0.05,0.15,629,32.4614,2.15815,0.41282
2021,400,40,40,105,0,0,0,1,267.0,0.05,0.15,629,32.4614,2.28048,0.41282
2022,400,42,42,108,0,0,0,1,270.85,0.05,0.15,629,32.4614,2.29958,0.41282
2023,400,35,35,101,0,0,0,1,236.3,0.05,0.15,629,32.4614,2.18548,0.41282
2024,28,2,2,9,0,1,0,0,-21.21,0.05,0.15,629,32.4614,4.31696,0.41282
2025,71,7,7,22,0,1,0,0,12.55,0.05,0.15,629,32.4614,2.69736,0.41282
2026,17,1,1,7,0,1,0,0,-21.33,0.05,0.15,629,32.4614,3.1572,0.41282
2027,41,3,3,11,0,1,0,0,-13.1,0.05,0.15,629,32.4614,3.65511,0.41282
2028,316,33,33,84,0,1,0,0,185.85,0.05,0.15,629,32.4614,2.13735,0.41282
2029,400,42,42,90,0,0,0,1,264.35,0.05,0.15,629,32.4614,2.18629,0.41282
2030,400,42,42,103,0,0,0,1,264.3,0.05,0.15,629,32.4614,2.11301,0.41282
2031,400,41,41,102,0,0,0,1,265.95,0.05,0.15,629,32.4614,2.1149,0.41282
2032,55,4,4,22,0,1,0,0,-2.12,0.05,0.15,629,32.4614,3.0634,0.41282
2033,324,36,36,91,0,1,0,0,195.41,0.05,0.15,629,32.4614,2.19875,0.41282
2034,296,28,28,91,0,1,0,0,155.7,0.05,0.15,629,32.4614,2.42154,0.41282
2035,359,38,38,98,0,1,0,0,211.91,0.05,0.15,629,32.4614,2.25505,0.41282
2036,400,41,41,105,0,0,0,1,274.55,0.05,0.15,629,32.4614,2.10393,0.41282
2037,400,45,45,110,0,0,0,1,286.85,0.05,0.15,629,32.4614,2.1016,0.41282
2038,71,8,8,26,0,1,0,0,18.15,0.05,0.15,629,32.4614,2.65206,0.41282
2039,400,36,36,101,0,0,0,1,251.75,0.05,0.15,629,32.4614,2.08198,0.41282
2040,400,41,41,110,0,0,0,1,274.65,0.05,0.15,629,32.4614,2.10141,0.41309
2041,400,41,41,121,0,0,0,1,283.85,0.05,0.15,629,32.4614,2.20438,0.41362
2042,400,45,45,109,0,0,0,1,290.65,0.05,0.15,629,32.4614,1.89784,0.41362
2043,7,0,0,3,0,1,0,0,-33.18,0.05,0.15,629,32.4614,6.21329,0.41362
2044,400,40,40,113,0,0,0,1,274.45,0.05,0.15,629,32.4614,2.09408,0.41362
2045,129,16,16,46,0,1,0,0,76.76,0.05,0.15,629,32.4614,2.6214,0.41362
2046,236,30,30,70,0,1,0,0,156.1,0.05,0.15,629,32.4614,2.39444,0.41362
2047,400,41,41,119,0,0,0,1,278.75,0.05,0.15,629,32.4614,2.0856,0.41362
2048,51,5,5,16,0,1,0,0,2.9,0.05,0.15,629,32.4614,3.0742,0.41362
2049,322,34,34,90,0,1,0,0,193.52,0.05,0.15,629,32.4614,2.28827,0.41362
2050,82,6,6,23,0,1,0,0,14.87,0.05,0.15,629,32.4614,3.00106,0.41362
2051,400,43,43,108,0,0,0,1,274.4,0.05,0.15,629,32.4614,2.10321,0.41362
2052,267,29,29,78,0,1,0,0,160.97,0.05,0.15,629,32.4614,2.22851,0.41362
2053,400,43,43,109,0,0,0,1,274.75,0.05,0.15,629,32.4614,2.16962,0.41362
2054,303,34,34,91,0,1,0,0,186.14,0.05,0.15,629,32.4614,2.3521,0.41362
2055,293,37,37,79,0,1,0,0,187.84,0.05,0.15,629,32.4614,2.37981,0.41362
2056,400,35,35,100,0,0,0,1,237.4,0.05,0.15,629,32.4614,2.12657,0.41362
2057,400,41,41,104,0,0,0,1,267.75,0.05,0.15,629,32.4614,2.1031,0.41362
2058,400,43,43,109,0,0,0,1,274.7,0.05,0.15,629,32.4614,2.03851,0.41362
2059,400,41,41,102,0,0,0,1,265.9,0.05,0.15,629,32.4614,2.27721,0.41362
2060,400,44,44,102,0,0,0,1,279.75,0.05,0.15,629,32.4614,2.03182,0.41362
2061,400,39,39,92,0,0,0,1,249.1,0.05,0.15,629,32.4614,2.11304,0.41362
2062,17,2,2,8,0,1,0,0,-19.43,0.05,0.15,629,32.4614,5.34685,0.41362
2063,56,8,8,18,0,1,0,0,11.95,0.05,0.15,629,32.4614,2.9126,0.41362
2064,400,45,45,110,0,0,0,1,287.65,0.05,0.15,629,32.4614,2.11532,0.41362
2065,221,25,25,65,0,1,0,0,123.75,0.05,0.15,629,32.4614,2.13139,0.41362
2066,396,35,35,88,0,1,0,0,184.2,0.05,0.15,629,32.4614,2.35228,0.41362
2067,400,38,38,102,0,0,0,1,252.2,0.05,0.15,629,32.4614,2.11961,0.41362
2068,17,2,2,8,0,1,0,0,-19.83,0.05,0.15,629,32.4614,5.87385,0.41362
2069,5,0,0,3,0,1,0,0,-38.27,0.05,0.15,629,32.4614,2.53633,0.41362
2070,38,4,4,12,0,1,0,0,-11.26,0.05,0.15,629,32.4614,3.82667,0.41362
2071,100,12,12,37,0,1,0,0,45.88,0.05,0.15,629,32.4614,2.80415,0.41362
2072,400,39,39,96,0,0,0,1,242.5,0.05,0.15,629,32.4614,2.28883,0.41362
2073,400,45,45,114,0,0,0,1,282.65,0.05,0.15,629,32.4614,2.36212,0.41388
2074,270,28,28,71,0,1,0,0,144.18,0.05,0.15,629,32.4614,2.41314,0.41388
2075,400,43,43,106,0,0,0,1,277.4,0.05,0.15,629,32.4614,2.27873,0.41388
2076,13,0,0,3,0,1,0,0,-30.36,0.05,0.15,629,32.4614,5.8809,0.41388
2077,400,40,40,101,0,0,0,1,267.2,0.05,0.15,629,32.4614,2.25038,0.41388
2078,400,44,44,107,0,0,0,1,278.15,0.05,0.15,629,32.4614,2.33562,0.41388
2079,196,21,21,60,0,1,0,0,108.55,0.05,0.15,629,32.4614,2.70562,0.41388
2080,141,18,18,42,0,1,0,0,81.45,0.05,0.15,629,32.4614,2.72945,0.41388
2081,400,39,39,95,0,0,0,1,258.05,0.05,0.15,629,32.4614,2.10034,0.41388
2082,19,1,1,3,0,1,0,0,-29.64,0.05,0.15,629,32.4893,4.96214,0.41388
2083,77,9,9,23,0,1,0,0,26.77,0.05,0.15,629,32.4893,2.45785,0.41388
2084,12,0,0,6,0,1,0,0,-31.68,0.05,0.15,629,32.4893,7.79611,0.41388
2085,400,42,42,103,0,0,0,1,277.85,0.05,0.15,629,32.4893,2.32097,0.41388
2086,167,16,16,45,0,1,0,0,72.07,0.05,0.15,629,32.4893,2.44738,0.41388
2087,400,40,40,102,0,0,0,1,266.55,0.05,0.15,629,32.4893,2.42653,0.41388
2088,38,5,5,14,0,1,0,0,-2.86,0.05,0.15,629,32.4893,3.31321,0.41388
2089,400,44,44,106,0,0,0,1,276.25,0.05,0.15,629,32.4893,2.40789,0.41388
2090,400,42,42,102,0,0,0,1,276.75,0.05,0.15,629,32.4893,2.21304,0.41415
2091,400,47,47,115,0,0,0,1,296.55,0.05,0.15,629,32.4893,2.32867,0.41415
2092,107,12,12,26,0,1,0,0,42.87,0.05,0.15,629,32.4893,3.12952,0.41468
2093,400,45,45,110,0,0,0,1,288.6,0.05,0.15,629,32.4893,2.3425,0.41494
2094,66,5,5,18,0,1,0,0,5.4,0.05,0.15,629,32.4893,2.78595,0.41494
2095,86,8,8,30,0,1,0,0,21.6,0.05,0.15,629,32.4893,2.65267,0.41494
2096,400,39,39,99,0,0,0,1,260.5,0.05,0.15,630,32.4893,2.08817,0.41455
2097,400,43,43,109,0,0,0,1,271.5,0.05,0.15,630,32.4893,2.05366,0.41455
2098,95,11,11,29,0,1,0,0,37.88,0.05,0.15,630,32.4893,2.2884,0.41455
2099,212,25,25,52,0,1,0,0,118.72,0.05,0.15,630,32.4893,2.37221,0.41455
2100,128,15,15,39,0,1,0,0,66.24,0.05,0.15,630,32.4893,2.42558,0.41455
2101,389,37,37,102,0,1,0,0,218.66,0.05,0.15,630,32.4893,2.34607,0.41455
2102,141,15,15,44,0,1,0,0,67.25,0.05,0.15,630,32.4893,2.6767,0.41455
2103,189,20,20,53,0,1,0,0,101.11,0.05,0.15,630,32.4893,2.3755,0.41455
2104,295,32,32,86,0,1,0,0,179.93,0.05,0.15,630,32.4893,2.24422,0.41455
2105,228,25,25,56,0,1,0,0,120.19,0.05,0.15,630,32.4893,2.47033,0.41455
2106,400,43,43,108,0,0,0,1,275.05,0.05,0.15,630,32.4893,2.21913,0.41455
2107,400,37,37,92,0,0,0,1,247.1,0.05,0.15,630,32.4893,2.2143,0.41455
2108,400,32,32,94,0,0,0,1,230.1,0.05,0.15,630,32.4893,1.95767,0.41455
2109,400,36,36,92,0,0,0,1,229.7,0.05,0.15,630,32.4893,2.18979,0.41455
2110,252,24,24,63,0,1,0,0,128.92,0.05,0.15,630,32.4893,2.32775,0.41455
2111,400,37,37,100,0,0,0,1,248.9,0.05,0.15,632,32.4893,1.94993,0.41377
2112,16,1,1,4,0,1,0,0,-24.8,0.05,0.15,632,32.4893,4.64547,0.41377
2113,174,20,20,52,0,1,0,0,100.61,0.05,0.15,632,32.4893,2.20148,0.41377
2114,308,35,35,89,0,1,0,0,195.14,0.05,0.15,632,32.4893,2.17473,0.41377
2115,400,43,43,111,0,0,0,1,276.6,0.05,0.15,632,32.4893,2.18961,0.41377
2116,5,0,0,2,0,1,0,0,-34.77,0.05,0.15,632,32.4893,5.43408,0.41377
2117,55,8,8,17,0,1,0,0,7.78,0.05,0.15,632,32.4893,3.21697,0.41377
2118,80,8,8,27,0,1,0,0,21.03,0.05,0.15,632,32.4893,2.95242,0.41377
2119,359,38,38,91,0,1,0,0,206.91,0.05,0.15,632,32.4893,2.24634,0.41377
2120,42,6,6,13,0,1,0,0,0.67,0.05,0.15,632,32.4893,2.62809,0.41377
2121,400,43,43,102,0,0,0,1,282.25,0.05,0.15,632,32.4893,2.11059,0.41377
2122,400,41,41,107,0,0,0,1,271.7,0.05,0.15,632,32.4893,2.1353,0.41377
2123,235,25,25,65,0,1,0,0,125.73,0.05,0.15,632,32.4893,2.34558,0.41377
2124,400,42,42,103,0,0,0,1,271.3,0.05,0.15,632,32.4893,2.18382,0.41377
2125,63,6,6,20,0,1,0,0,4.94,0.05,0.15,632,32.4893,3.09643,0.41377
2126,124,16,16,37,0,1,0,0,61.61,0.05,0.15,632,32.4893,2.50787,0.41377
2127,400,39,39,95,0,0,0,1,256.5,0.05,0.15,632,32.4893,2.22324,0.41377
2128,73,7,7,25,0,1,0,0,18.89,0.05,0.15,632,32.4893,2.73572,0.41377
2129,400,45,45,97,0,0,0,1,280.2,0.05,0.15,632,32.4893,2.16663,0.41377
2130,41,2,2,10,0,1,0,0,-19.9,0.05,0.15,632,32.4893,4.24457,0.41377
2131,400,44,44,113,0,0,0,1,283.85,0.05,0.15,632,32.4893,2.10396,0.41377
2132,400,42,42,107,0,0,0,1,261.3,0.05,0.15,632,32.4893,2.25157,0.41377
2133,400,35,35,110,0,0,0,1,253.95,0.05,0.15,632,32.4893,2.3949,0.41377
2134,327,36,36,90,0,1,0,0,193.17,0.05,0.15,632,32.4893,2.31687,0.41377
2135,277,34,34,88,0,1,0,0,179.52,0.05,0.15,632,32.4893,2.48664,0.41377
2136,400,43,43,94,0,0,0,1,265.8,0.05,0.15,632,32.4893,2.05513,0.41377
2137,400,41,41,106,0,0,0,1,270.95,0.05,0.15,632,32.4893,2.02856,0.41377
2138,400,36,36,101,0,0,0,1,247.05,0.05,0.15,632,32.4893,1.97316,0.41377
2139,400,42,42,105,0,0,0,1,274.2,0.05,0.15,632,32.4893,1.84584,0.41377
2140,400,43,43,113,0,0,0,1,288.3,0.05,0.15,632,32.4893,2.00745,0.41377
2141,400,43,43,104,0,0,0,1,274.55,0.05,0.15,632,32.4893,1.94098,0.41377
2142,239,30,30,74,0,1,0,0,152.11,0.05,0.15,632,32.4893,2.31207,0.41377
2143,13,0,0,5,0,1,0,0,-29.56,0.05,0.15,632,32.4893,7.48029,0.41377
2144,27,0,0,13,0,1,0,0,-22.38,0.05,0.15,632,32.4893,5.17571,0.41377
2145,263,28,28,70,0,1,0,0,144.89,0.05,0.15,632,32.4893,2.46857,0.41377
2146,109,11,11,36,0,1,0,0,42.01,0.05,0.15,632,32.4893,3.30011,0.41377
2147,400,37,37,101,0,0,0,1,240.15,0.05,0.15,632,32.4893,2.41463,0.41377
2148,186,16,16,48,0,1,0,0,79.25,0.05,0.15,632,32.4893,2.47288,0.41377
2149,400,47,47,110,0,0,0,1,291.2,0.05,0.15,632,32.4893,2.15596,0.41377
2150,400,35,35,97,0,0,0,1,233.5,0.05,0.15,632,32.4893,2.18936,0.41403
2151,400,36,36,88,0,0,0,1,240.35,0.05,0.15,632,32.4893,2.09997,0.41403
2152,63,4,4,24,0,1,0,0,3.89,0.05,0.15,632,32.4893,3.61573,0.41403
2153,161,14,14,40,0,1,0,0,64.05,0.05,0.15,632,32.4893,2.27945,0.41403
2154,237,27,27,69,0,1,0,0,140.67,0.05,0.15,632,32.4893,2.13583,0.41403
2155,276,30,30,70,0,1,0,0,156.55,0.05,0.15,632,32.4893,2.13503,0.41403
2156,400,39,39,105,0,0,0,1,258.65,0.05,0.15,632,32.4893,2.01382,0.41403
2157,50,6,6,21,0,1,0,0,9.08,0.05,0.15,632,32.4893,2.71634,0.41403
2158,158,22,22,53,0,1,0,0,103.49,0.05,0.15,632,32.4893,2.68891,0.41403
2159,400,43,43,100,0,0,0,1,266.25,0.05,0.15,632,32.4893,2.20678,0.41403
2160,400,41,41,95,0,0,0,1,257.85,0.05,0.15,632,32.4893,2.27312,0.41403
2161,56,4,4,14,0,1,0,0,0.8,0.05,0.15,632,32.4893,2.4627,0.41403
2162,13,0,0,4,0,1,0,0,-30.16,0.05,0.15,632,32.4893,7.50351,0.41403
2163,154,14,14,40,0,1,0,0,64.61,0.05,0.15,632,32.4893,2.43393,0.41403
2164,5,0,0,3,0,1,0,0,-38.27,0.05,0.15,632,32.4893,2.15076,0.41403
2165,235,23,23,57,0,1,0,0,114.93,0.05,0.15,632,32.4893,2.1609,0.41403
2166,400,40,40,93,0,0,0,1,250.6,0.05,0.15,633,32.4893,2.2806,0.41364
2167,231,24,24,67,0,1,0,0,132.95,0.05,0.15,633,32.4893,2.26385,0.41364
2168,89,12,12,28,0,1,0,0,41.41,0.05,0.15,633,32.4893,2.92937,0.41364
2169,209,19,19,54,0,1,0,0,87.41,0.05,0.15,633,32.4893,2.77643,0.41364
2170,400,41,41,98,0,0,0,1,267.0,0.05,0.15,633,32.4893,2.14234,0.41364
2171,144,15,15,49,0,1,0,0,74.16,0.05,0.15,633,32.4893,2.37368,0.41364
2172,400,38,38,96,0,0,0,1,245.65,0.05,0.15,633,32.4893,2.26089,0.41364
2173,139,15,15,44,0,1,0,0,63.36,0.05,0.15,633,32.4893,2.78526,0.41364
2174,400,38,38,96,0,0,0,1,247.9,0.05,0.15,633,32.4893,2.07869,0.41364
2175,32,0,0,5,0,1,0,0,-27.68,0.05,0.15,633,32.4893,3.01692,0.41364
2176,296,38,38,90,0,1,0,0,198.65,0.05,0.15,633,32.4893,2.28322,0.41364
2177,103,15,15,35,0,1,0,0,55.89,0.05,0.15,633,32.4893,2.1447,0.41364
2178,23,0,0,4,0,1,0,0,-37.31,0.05,0.15,633,32.4893,2.28561,0.41364
2179,124,14,14,38,0,1,0,0,57.46,0.05,0.15,633,32.4893,2.36098,0.41364
2180,56,4,4,18,0,1,0,0,-1.2,0.05,0.15,633,32.4893,2.24324,0.41364
2181,66,6,6,14,0,1,0,0,4.3,0.05,0.15,633,32.4893,3.28987,0.4139
2182,400,42,42,103,0,0,0,1,271.2,0.05,0.15,633,32.4893,2.39956,0.4139
2183,256,27,27,60,0,1,0,0,132.6,0.05,0.15,633,32.4893,2.48343,0.4139
2184,34,3,3,10,0,1,0,0,-9.09,0.05,0.15,633,32.4893,3.12345,0.4139
2185,400,33,33,77,0,0,0,1,199.1,0.05,0.15,633,32.4893,2.36615,0.4139
2186,178,21,21,47,0,1,0,0,94.14,0.05,0.15,633,32.4893,2.34596,0.4139
2187,400,34,34,85,0,0,0,1,229.7,0.05,0.15,633,32.4893,2.01282,0.4139
2188,123,14,14,32,0,1,0,0,55.99,0.05,0.15,633,32.4893,2.29037,0.4139
2189,91,10,10,25,0,1,0,0,33.45,0.05,0.15,633,32.4893,2.00756,0.4139
2190,400,35,35,80,0,0,0,1,201.4,0.05,0.15,633,32.4893,2.48539,0.4139
2191,7,0,0,4,0,1,0,0,-28.48,0.05,0.15,633,32.4893,6.17259,0.4139
2192,28,2,2,9,0,1,0,0,-23.11,0.05,0.15,633,32.4893,4.24596,0.4139
2193,160,20,20,49,0,1,0,0,93.28,0.05,0.15,633,32.4893,2.26592,0.4139
2194,380,43,43,91,0,1,0,0,224.63,0.05,0.15,633,32.4893,2.46961,0.4139
2195,400,34,34,77,0,0,0,1,196.35,0.05,0.15,633,32.4893,2.43625,0.4139
2196,230,24,24,60,0,1,0,0,124.98,0.05,0.15,633,32.4893,2.53668,0.4139
2197,281,32,32,72,0,1,0,0,156.95,0.05,0.15,633,32.4893,2.40486,0.4139
2198,400,39,39,99,0,0,0,1,246.15,0.05,0.15,633,32.4893,2.2632,0.4139
2199,293,27,27,76,0,1,0,0,144.99,0.05,0.15,633,32.4893,2.36325,0.4139
2200,155,22,22,49,0,1,0,0,96.98,0.05,0.15,633,32.4893,2.78315,0.4139
2201,400,36,36,98,0,0,0,1,218.35,0.05,0.15,633,32.4893,2.83828,0.4139
2202,200,20,20,61,0,1,0,0,86.08,0.05,0.15,633,32.4893,2.29728,0.4139
2203,400,32,32,93,0,0,0,1,202.95,0.05,0.15,633,32.4893,2.42092,0.4139
2204,13,0,0,5,0,1,0,0,-29.96,0.05,0.15,633,32.4893,4.72289,0.4139
2205,400,18,18,43,0,0,0,1,83.95,0.05,0.15,633,32.4893,2.4111,0.4139
2206,235,25,25,57,0,1,0,0,120.13,0.05,0.15,633,32.4893,2.16989,0.4139
2207,350,33,33,88,0,1,0,0,179.13,0.05,0.15,633,32.4893,2.28542,0.4139
2208,235,27,27,69,0,1,0,0,133.33,0.05,0.15,633,32.4893,2.56666,0.4139
2209,400,35,35,96,0,0,0,1,230.8,0.05,0.15,633,32.4893,2.01959,0.4139
2210,280,24,24,71,0,1,0,0,131.23,0.05,0.15,633,32.4893,2.21238,0.4139
2211,226,21,21,61,0,1,0,0,107.75,0.05,0.15,633,32.4893,2.28741,0.4139
2212,400,16,16,38,0,0,0,1,67.2,0.05,0.15,633,32.4893,2.59764,0.4139
2213,400,27,27,75,0,0,0,1,167.05,0.05,0.15,633,32.4893,2.32778,0.4139
2214,90,9,9,18,0,1,0,0,20.63,0.05,0.15,633,32.4893,2.5838,0.4139
2215,400,37,37,90,0,0,0,1,231.35,0.05,0.15,633,32.4893,2.20191,0.4139
2216,9,0,0,2,0,1,0,0,-33.44,0.05,0.15,633,32.4893,9.46861,0.4139
2217,82,10,10,26,0,1,0,0,26.97,0.05,0.15,633,32.4893,2.67756,0.4139
2218,400,38,38,99,0,0,0,1,245.1,0.05,0.15,633,32.4893,2.23877,0.4139
2219,400,41,41,108,0,0,0,1,272.6,0.05,0.15,633,32.4893,2.43044,0.4139
2220,307,26,26,81,0,1,0,0,149.57,0.05,0.15,633,32.4893,2.38971,0.4139
2221,211,30,30,68,0,1,0,0,145.15,0.05,0.15,633,32.4893,3.0935,0.4139
2222,139,14,14,50,0,1,0,0,67.51,0.05,0.15,633,32.4893,2.34378,0.4139
2223,5,0,0,3,0,1,0,0,-29.52,0.05,0.15,633,32.4893,9.27366,0.4139
2224,153,17,17,41,0,1,0,0,74.99,0.05,0.15,633,32.4893,2.61864,0.4139
2225,400,46,46,110,0,0,0,1,286.1,0.05,0.15,633,32.4893,2.40404,0.4139
2226,66,6,6,19,0,1,0,0,8.9,0.05,0.15,633,32.4893,2.39018,0.4139
2227,304,34,34,86,0,1,0,0,180.81,0.05,0.15,633,32.4893,2.48975,0.4139
2228,70,8,8,23,0,1,0,0,20.68,0.05,0.15,633,32.4893,2.82961,0.4139
2229,400,37,37,97,0,0,0,1,250.45,0.05,0.15,633,32.4893,2.06235,0.4139
2230,400,43,43,98,0,0,0,1,266.55,0.05,0.15,633,32.4893,2.02538,0.4139
2231,80,7,7,28,0,1,0,0,20.78,0.05,0.15,633,32.4893,2.87588,0.4139
2232,400,37,37,96,0,0,0,1,247.3,0.05,0.15,633,32.4893,2.15199,0.4139
2233,400,41,41,103,0,0,0,1,264.9,0.05,0.15,633,32.4893,2.12277,0.4139
2234,331,36,36,94,0,1,0,0,198.05,0.05,0.15,633,32.4893,2.434,0.4139
2235,271,32,32,82,0,1,0,0,169.8,0.05,0.15,633,32.4893,2.28992,0.41417
2236,400,42,42,108,0,0,0,1,276.65,0.05,0.15,633,32.4893,2.13839,0.41417
2237,31,1,1,10,0,1,0,0,-19.9,0.05,0.15,633,32.4893,3.49995,0.41417
2238,300,30,30,77,0,1,0,0,164.48,0.05,0.15,633,32.4893,2.09361,0.41417
2239,46,6,6,19,0,1,0,0,5.55,0.05,0.15,633,32.4893,3.60836,0.41417
2240,400,46,46,106,0,0,0,1,289.3,0.05,0.15,633,32.4893,2.20946,0.41417
2241,136,16,16,48,0,1,0,0,77.15,0.05,0.15,633,32.4893,2.33496,0.41417
2242,162,12,12,47,0,1,0,0,52.37,0.05,0.15,633,32.4893,2.45764,0.41417
2243,400,36,36,93,0,0,0,1,227.1,0.05,0.15,633,32.4893,2.24806,0.41417
2244,250,25,25,67,0,1,0,0,131.83,0.05,0.15,633,32.4893,2.53127,0.41417
2245,400,42,42,107,0,0,0,1,262.9,0.05,0.15,633,32.4893,2.32943,0.41417
2246,400,44,44,111,0,0,0,1,282.25,0.05,0.15,633,32.4893,2.40389,0.41417
2247,144,20,20,51,0,1,0,0,89.31,0.05,0.15,633,32.4893,2.69518,0.41417
2248,82,11,11,29,0,1,0,0,35.27,0.05,0.15,633,32.4893,3.30492,0.41417
2249,93,9,9,34,0,1,0,0,30.84,0.05,0.15,633,32.4893,2.9792,0.41417
2250,106,14,14,34,0,1,0,0,50.9,0.05,0.15,633,32.4893,2.63486,0.41417
2251,45,5,5,10,0,1,0,0,-6.62,0.05,0.15,633,32.4893,3.12573,0.41417
2252,400,28,28,80,0,0,0,1,183.95,0.05,0.15,633,32.4893,2.53221,0.41417
2253,25,1,1,8,0,1,0,0,-25.02,0.05,0.15,633,32.4893,3.9287,0.41417
2254,123,8,8,40,0,1,0,0,36.64,0.05,0.15,633,32.4893,2.37339,0.41417
2255,125,16,16,43,0,1,0,0,64.98,0.05,0.15,633,32.4893,2.96952,0.41417
2256,386,40,40,95,0,1,0,0,218.35,0.05,0.15,633,32.4893,2.16924,0.41417
2257,374,42,42,99,0,1,0,0,228.61,0.05,0.15,633,32.4893,2.46753,0.41417
2258,400,33,33,87,0,0,0,1,220.45,0.05,0.15,633,32.4893,2.31433,0.41417
2259,378,36,36,78,0,1,0,0,179.09,0.05,0.15,633,32.4893,2.34367,0.41417
2260,163,17,17,51,0,1,0,0,84.19,0.05,0.15,633,32.4893,2.36197,0.41417
2261,336,36,36,91,0,1,0,0,191.85,0.05,0.15,633,32.4893,2.39276,0.41417
2262,49,3,3,9,0,1,0,0,-15.99,0.05,0.15,633,32.4893,2.2717,0.41417
2263,400,28,28,80,0,0,0,1,194.7,0.05,0.15,633,32.4893,2.10235,0.41417
2264,68,7,7,20,0,1,0,0,16.39,0.05,0.15,633,32.4893,2.34925,0.41417
2265,190,19,19,52,0,1,0,0,90.08,0.05,0.15,633,32.4893,2.34473,0.41417
2266,156,16,16,50,0,1,0,0,69.8,0.05,0.15,633,32.4893,2.72187,0.41417
2267,400,42,42,104,0,0,0,1,279.8,0.05,0.15,633,32.4893,2.11526,0.41417
2268,176,18,18,48,0,1,0,0,84.5,0.05,0.15,633,32.4893,2.06878,0.41417
2269,400,35,35,84,0,0,0,1,219.3,0.05,0.15,633,32.4893,2.374,0.41417
2270,400,30,30,72,0,0,0,1,181.75,0.05,0.15,633,32.4893,2.2762,0.41417
2271,18,1,1,7,0,1,0,0,-22.81,0.05,0.15,633,32.4893,4.93038,0.41417
2272,67,7,7,27,0,1,0,0,13.77,0.05,0.15,633,32.4893,3.03079,0.41417
2273,121,16,16,36,0,1,0,0,62.0,0.05,0.15,633,32.4893,2.48771,0.41417
2274,400,39,39,97,0,0,0,1,250.1,0.05,0.15,633,32.4893,2.23389,0.41417
2275,235,22,22,66,0,1,0,0,115.18,0.05,0.15,633,32.4893,2.2011,0.41417
2276,400,39,39,106,0,0,0,1,260.2,0.05,0.15,633,32.4893,1.98826,0.41417
2277,400,38,38,95,0,0,0,1,249.6,0.05,0.15,633,32.4893,1.96543,0.41417
2278,5,0,0,2,0,1,0,0,-30.52,0.05,0.15,633,32.4893,14.05123,0.41417
2279,221,28,28,59,0,1,0,0,128.75,0.05,0.15,633,32.4893,2.2987,0.41417
2280,5,0,0,2,0,1,0,0,-32.17,0.05,0.15,633,32.4893,9.12978,0.41417
2281,113,7,7,29,0,1,0,0,24.99,0.05,0.15,633,32.4893,2.24341,0.41417
2282,400,33,33,103,0,0,0,1,228.75,0.05,0.15,633,32.4893,2.01225,0.41417
2283,5,0,0,4,0,1,0,0,-36.47,0.05,0.15,633,32.4893,2.06984,0.41417
2284,400,37,37,96,0,0,0,1,238.1,0.05,0.15,633,32.4893,2.16167,0.41417
2285,400,42,42,113,0,0,0,1,273.15,0.05,0.15,633,32.4893,2.2132,0.41417
2286,172,16,16,53,0,1,0,0,84.32,0.05,0.15,633,32.4893,1.98677,0.41417
2287,17,2,2,6,0,1,0,0,-18.93,0.05,0.15,633,32.4893,3.85518,0.41417
2288,400,41,41,104,0,0,0,1,264.4,0.05,0.15,633,32.4893,2.08281,0.41417
2289,400,39,39,101,0,0,0,1,265.55,0.05,0.15,633,32.4893,1.88572,0.41417
2290,400,40,40,104,0,0,0,1,272.6,0.05,0.15,633,32.4893,2.01846,0.41417
2291,5,0,0,4,0,1,0,0,-36.47,0.05,0.15,633,32.4893,4.76855,0.41417
2292,400,36,36,106,0,0,0,1,253.95,0.05,0.15,633,32.4893,1.89573,0.41417
2293,400,40,40,100,0,0,0,1,259.4,0.05,0.15,633,32.4893,1.93086,0.41417
2294,16,1,1,5,0,1,0,0,-23.0,0.05,0.15,633,32.4893,4.13214,0.41417
2295,400,41,41,108,0,0,0,1,267.2,0.05,0.15,633,32.4893,1.98711,0.41417
2296,117,12,12,37,0,1,0,0,46.42,0.05,0.15,633,32.4893,2.93847,0.41417
2297,82,7,7,26,0,1,0,0,21.92,0.05,0.15,633,32.4893,2.1507,0.41417
2298,91,10,10,27,0,1,0,0,32.55,0.05,0.15,633,32.4893,2.70311,0.41417
2299,167,20,20,43,0,1,0,0,80.07,0.05,0.15,633,32.4893,2.9317,0.41417
2300,68,6,6,32,0,1,0,0,19.64,0.05,0.15,633,32.4893,3.06404,0.41417
2301,400,43,43,102,0,0,0,1,274.1,0.05,0.15,633,32.4893,2.22577,0.41417
2302,400,44,44,113,0,0,0,1,278.4,0.05,0.15,633,32.4893,2.27305,0.41417
2303,400,40,40,107,0,0,0,1,260.3,0.05,0.15,633,32.4893,2.07965,0.41417
2304,400,36,36,97,0,0,0,1,232.75,0.05,0.15,633,32.4893,2.1221,0.41417
2305,111,12,12,33,0,1,0,0,39.7,0.05,0.15,633,32.4893,2.40598,0.41417
2306,5,0,0,2,0,1,0,0,-30.52,0.05,0.15,633,32.4893,10.69824,0.41417
2307,13,0,0,4,0,1,0,0,-30.56,0.05,0.15,633,32.4893,5.18932,0.41417
2308,13,0,0,5,0,1,0,0,-29.56,0.05,0.15,633,32.4893,5.12405,0.41417
2309,17,1,1,6,0,1,0,0,-26.73,0.05,0.15,633,32.4893,6.48723,0.41417
2310,88,10,10,30,0,1,0,0,32.04,0.05,0.15,633,32.4893,3.39461,0.41417
2311,400,38,38,105,0,0,0,1,259.2,0.05,0.15,633,32.4893,2.27803,0.41417
2312,150,17,17,40,0,1,0,0,62.43,0.05,0.15,633,32.4893,2.8191,0.41417
2313,311,30,30,79,0,1,0,0,160.85,0.05,0.15,633,32.4893,2.10974,0.41417
2314,400,42,42,95,0,0,0,1,262.6,0.05,0.15,633,32.4893,2.22272,0.41417
2315,385,36,36,101,0,1,0,0,196.83,0.05,0.15,633,32.4893,2.39686,0.41417
2316,198,20,20,56,0,1,0,0,96.34,0.05,0.15,633,32.4893,2.30138,0.41417
2317,230,23,23,60,0,1,0,0,117.18,0.05,0.15,633,32.4893,2.15443,0.41417
2318,183,23,23,50,0,1,0,0,94.24,0.05,0.15,633,32.4893,2.52608,0.41417
2319,208,20,20,61,0,1,0,0,103.79,0.05,0.15,633,32.4893,2.67572,0.41417
2320,68,4,4,22,0,1,0,0,4.34,0.05,0.15,633,32.4893,2.6266,0.41417
2321,400,46,46,104,0,0,0,1,282.6,0.05,0.15,633,32.4893,2.206,0.41417
2322,400,37,37,96,0,0,0,1,240.65,0.05,0.15,633,32.4893,2.14326,0.41417
2323,400,39,39,104,0,0,0,1,258.55,0.05,0.15,633,32.4893,2.19556,0.41417
2324,5,0,0,2,0,1,0,0,-35.87,0.05,0.15,633,32.4893,18.79411,0.41443
2325,194,19,19,60,0,1,0,0,93.56,0.05,0.15,633,32.4893,2.30996,0.41443
2326,260,30,30,74,0,1,0,0,152.73,0.05,0.15,633,32.4893,2.43742,0.41443
2327,400,41,41,107,0,0,0,1,262.8,0.05,0.15,633,32.4893,2.11938,0.41443
2328,400,35,35,84,0,0,0,1,220.0,0.05,0.15,633,32.4893,2.22788,0.41443
2329,400,45,45,98,0,0,0,1,274.7,0.05,0.15,633,32.4893,2.14752,0.41443
2330,400,39,39,93,0,0,0,1,233.15,0.05,0.15,633,32.4893,2.21363,0.41443
2331,18,1,1,5,0,1,0,0,-21.76,0.05,0.15,633,32.4893,3.64254,0.41443
2332,94,12,12,28,0,1,0,0,38.76,0.05,0.15,633,32.4893,2.56667,0.41443
2333,400,44,44,104,0,0,0,1,264.85,0.05,0.15,633,32.4893,2.1576,0.41443
2334,400,37,37,81,0,0,0,1,213.3,0.05,0.15,633,32.4893,2.35999,0.41443
2335,330,34,34,88,0,1,0,0,180.48,0.05,0.15,633,32.4893,2.26939,0.41443
2336,133,18,18,39,0,1,0,0,75.74,0.05,0.15,633,32.4893,2.4742,0.41443
2337,400,42,42,97,0,0,0,1,264.1,0.05,0.15,633,32.4893,2.19655,0.41443
2338,77,8,8,19,0,1,0,0,17.87,0.05,0.15,633,32.4893,2.15758,0.41443
2339,41,4,4,10,0,1,0,0,-8.95,0.05,0.15,633,32.4893,3.59982,0.41443
2340,174,16,16,52,0,1,0,0,75.51,0.05,0.15,633,32.4893,2.65449,0.41443
2341,206,26,26,62,0,1,0,0,133.25,0.05,0.15,633,32.4893,2.35442,0.41469
2342,400,40,40,102,0,0,0,1,252.6,0.05,0.15,633,32.4893,2.2274,0.41469
2343,77,10,10,24,0,1,0,0,28.87,0.05,0.15,633,32.4893,2.5978,0.41469
2344,400,39,39,107,0,0,0,1,261.8,0.05,0.15,633,32.4893,2.22315,0.41469
2345,400,39,39,91,0,0,0,1,237.3,0.05,0.15,633,32.4893,2.16168,0.41469
2346,163,16,16,57,0,1,0,0,78.09,0.05,0.15,633,32.4893,2.64276,0.41469
2347,314,34,34,77,0,1,0,0,185.61,0.05,0.15,633,32.4893,2.09113,0.41469
2348,400,45,45,109,0,0,0,1,288.05,0.05,0.15,633,32.4893,2.03635,0.41469
2349,134,20,20,39,0,1,0,0,78.06,0.05,0.15,633,32.4893,2.70508,0.41469
2350,400,41,41,95,0,0,0,1,251.9,0.05,0.15,633,32.4893,2.33593,0.41469
2351,400,39,39,97,0,0,0,1,248.0,0.05,0.15,633,32.4893,2.16256,0.41469
2352,19,1,1,6,0,1,0,0,-23.59,0.05,0.15,633,32.4893,3.74715,0.41469
2353,400,45,45,109,0,0,0,1,273.9,0.05,0.15,633,32.4893,2.22672,0.41469
2354,232,29,29,70,0,1,0,0,143.77,0.05,0.15,633,32.4893,2.48377,0.41469
2355,251,27,27,73,0,1,0,0,146.75,0.05,0.15,633,32.4893,2.18727,0.41469
2356,85,9,9,29,0,1,0,0,28.63,0.05,0.15,633,32.4893,2.59859,0.41469
2357,400,43,43,91,0,0,0,1,264.7,0.05,0.15,633,32.4893,2.1849,0.41469
2358,400,33,33,84,0,0,0,1,206.8,0.05,0.15,633,32.4893,2.1586,0.41469
2359,189,20,20,48,0,1,0,0,95.71,0.05,0.15,633,32.4893,2.13854,0.41469
2360,253,30,30,68,0,1,0,0,148.99,0.05,0.15,633,32.4893,2.37978,0.41469
2361,64,5,5,19,0,1,0,0,2.71,0.05,0.15,633,32.4893,3.12136,0.41469
2362,342,17,17,64,0,1,0,0,72.72,0.05,0.15,633,32.4893,2.54873,0.41469
2363,400,45,45,101,0,0,0,1,270.3,0.05,0.15,633,32.4893,2.33114,0.41469
2364,17,3,3,6,0,1,0,0,-17.18,0.05,0.15,633,32.4893,6.06492,0.41469
2365,220,20,20,60,0,1,0,0,107.38,0.05,0.15,633,32.4893,2.5326,0.41469
2366,400,42,42,107,0,0,0,1,270.55,0.05,0.15,633,32.4893,2.34061,0.41469
2367,400,40,40,99,0,0,0,1,254.2,0.05,0.15,633,32.4893,2.24151,0.41469
2368,400,38,38,95,0,0,0,1,240.1,0.05,0.15,633,32.4893,2.2218,0.41469
2369,400,33,33,88,0,0,0,1,199.45,0.05,0.15,633,32.4893,2.15757,0.41469
2370,111,15,15,42,0,1,0,0,59.3,0.05,0.15,633,32.4893,2.53788,0.41469
2371,27,1,1,8,0,1,0,0,-20.73,0.05,0.15,633,32.4893,4.72892,0.41469
2372,400,42,42,101,0,0,0,1,263.75,0.05,0.15,633,32.4893,2.19363,0.41469
2373,16,1,1,3,0,1,0,0,-26.65,0.05,0.15,633,32.4893,4.64453,0.41469
2374,400,41,41,84,0,0,0,1,249.15,0.05,0.15,633,32.4893,2.26256,0.41469
2375,51,4,4,19,0,1,0,0,-2.6,0.05,0.15,633,32.4893,2.87141,0.41469
2376,400,41,41,103,0,0,0,1,262.1,0.05,0.15,633,32.4893,2.12856,0.41469
2377,68,4,4,17,0,1,0,0,-2.46,0.05,0.15,633,32.4893,2.71874,0.41469
2378,195,25,25,64,0,1,0,0,121.08,0.05,0.15,633,32.4893,2.30341,0.41469
2379,20,1,1,9,0,1,0,0,-22.92,0.05,0.15,633,32.4893,3.83636,0.41469
2380,400,43,43,91,0,0,0,1,259.55,0.05,0.15,633,32.4893,2.1098,0.41469
2381,37,3,3,11,0,1,0,0,-10.58,0.05,0.15,633,32.4893,2.6252,0.41469
2382,98,15,15,29,0,1,0,0,55.89,0.05,0.15,633,32.4893,2.85978,0.41469
2383,174,16,16,46,0,1,0,0,67.76,0.05,0.15,633,32.4893,2.47739,0.41469
2384,400,35,35,96,0,0,0,1,229.65,0.05,0.15,633,32.4893,2.1712,0.41469
2385,67,8,8,21,0,1,0,0,18.02,0.05,0.15,633,32.4893,3.04455,0.41469
2386,400,45,45,103,0,0,0,1,273.8,0.05,0.15,633,32.4893,2.20324,0.41469
2387,170,18,18,47,0,1,0,0,74.38,0.05,0.15,633,32.4893,2.6752,0.41469
2388,220,23,23,58,0,1,0,0,114.43,0.05,0.15,633,32.4893,2.20985,0.41469
2389,107,8,8,36,0,1,0,0,34.97,0.05,0.15,633,32.4893,2.31312,0.41469
2390,146,15,15,39,0,1,0,0,65.0,0.05,0.15,633,32.4893,2.08613,0.41469
2391,119,12,12,30,0,1,0,0,45.51,0.05,0.15,633,32.4893,2.48373,0.41469
2392,365,34,34,98,0,1,0,0,202.33,0.05,0.15,633,32.4893,2.05735,0.41469
2393,67,8,8,22,0,1,0,0,20.37,0.05,0.15,633,32.4893,2.585,0.41469
2394,385,39,39,91,0,1,0,0,205.78,0.05,0.15,633,32.4893,2.37958,0.41469
2395,400,42,42,104,0,0,0,1,257.7,0.05,0.15,633,32.4893,2.26406,0.41469
2396,79,10,10,22,0,1,0,0,28.56,0.05,0.15,633,32.4893,1.87262,0.41469
2397,212,22,22,55,0,1,0,0,97.62,0.05,0.15,633,32.4893,2.72831,0.41469
2398,7,0,0,5,0,1,0,0,-31.98,0.05,0.15,633,32.4893,6.92351,0.41469
2399,25,2,2,14,0,1,0,0,-18.67,0.05,0.15,633,32.4893,4.248,0.41469
2400,400,42,42,101,0,0,0,1,259.9,0.05,0.15,633,32.4893,2.30288,0.41496
2401,400,40,40,93,0,0,0,1,250.85,0.05,0.15,633,32.4893,2.08366,0.41496
2402,13,0,0,4,0,1,0,0,-28.51,0.05,0.15,633,32.4893,5.87286,0.41496
2403,74,9,9,21,0,1,0,0,18.61,0.05,0.15,633,32.4893,3.13019,0.41496
2404,239,22,22,54,0,1,0,0,105.36,0.05,0.15,633,32.4893,2.13771,0.41496
2405,63,5,5,15,0,1,0,0,-3.51,0.05,0.15,633,32.4893,2.96474,0.41496
2406,400,39,39,94,0,0,0,1,243.8,0.05,0.15,633,32.4893,2.1082,0.41496
2407,380,39,39,89,0,1,0,0,214.48,0.05,0.15,633,32.4893,1.8946,0.41496
2408,400,42,42,90,0,0,0,1,252.95,0.05,0.15,633,32.4893,2.1475,0.41496
2409,53,3,3,12,0,1,0,0,-6.56,0.05,0.15,633,32.4893,3.3068,0.41496
2410,38,2,2,7,0,1,0,0,-18.21,0.05,0.15,633,32.4893,3.90497,0.41496
2411,400,33,33,93,0,0,0,1,227.45,0.05,0.15,633,32.4893,2.10183,0.41496
2412,131,17,17,38,0,1,0,0,69.25,0.05,0.15,633,32.4893,2.18232,0.41496
2413,178,20,20,48,0,1,0,0,94.09,0.05,0.15,633,32.4893,2.31476,0.41496
2414,386,38,38,103,0,1,0,0,206.15,0.05,0.15,633,32.4893,2.31775,0.41496
2415,81,8,8,25,0,1,0,0,21.7,0.05,0.15,633,32.4893,2.40826,0.41496
2416,165,17,17,49,0,1,0,0,83.33,0.05,0.15,633,32.4893,2.43483,0.41496
2417,400,42,42,113,0,0,0,1,271.95,0.05,0.15,633,32.4893,2.13652,0.41496
2418,63,4,4,17,0,1,0,0,0.24,0.05,0.15,633,32.4893,2.67542,0.41496
2419,5,0,0,3,0,1,0,0,-34.07,0.05,0.15,633,32.4893,8.56569,0.41496
2420,53,6,6,16,0,1,0,0,6.69,0.05,0.15,633,32.4893,2.50482,0.41496
2421,31,3,3,10,0,1,0,0,-12.05,0.05,0.15,633,32.4893,3.43009,0.41496
2422,395,39,39,110,0,1,0,0,220.38,0.05,0.15,633,32.4893,2.30418,0.41496
2423,20,2,2,11,0,1,0,0,-15.37,0.05,0.15,633,32.4893,4.27137,0.41496
2424,191,18,18,48,0,1,0,0,71.3,0.05,0.15,633,32.4893,2.60129,0.41496
2425,192,15,15,52,0,1,0,0,55.07,0.05,0.15,633,32.4893,2.74959,0.41496
2426,5,0,0,1,0,1,0,0,-34.82,0.05,0.15,633,32.4893,12.25104,0.41496
2427,341,31,31,94,0,1,0,0,148.1,0.05,0.15,633,32.4893,2.29073,0.41496
2428,7,0,0,5,0,1,0,0,-30.78,0.05,0.15,633,32.4893,7.94331,0.41496
2429,18,2,2,7,0,1,0,0,-22.76,0.05,0.15,633,32.4893,7.26741,0.41496
2430,228,18,18,51,0,1,0,0,79.94,0.05,0.15,633,32.4893,2.42873,0.41496
2431,400,27,27,76,0,0,0,1,171.5,0.05,0.15,633,32.4893,2.03726,0.41496
2432,183,17,17,47,0,1,0,0,83.99,0.05,0.15,633,32.4893,2.50328,0.41496
2433,400,40,40,102,0,0,0,1,259.3,0.05,0.15,633,32.4893,2.1113,0.41496
2434,91,11,11,27,0,1,0,0,35.25,0.05,0.15,633,32.4893,2.35976,0.41496
2435,400,40,40,94,0,0,0,1,246.75,0.05,0.15,633,32.4893,2.1589,0.41496
2436,14,0,0,4,0,1,0,0,-28.64,0.05,0.15,633,32.4893,5.28576,0.41496
2437,119,15,15,39,0,1,0,0,56.86,0.05,0.15,633,32.4893,2.53462,0.41496
2438,287,30,30,77,0,1,0,0,153.92,0.05,0.15,633,32.4893,2.2243,0.41496
2439,400,45,45,98,0,0,0,1,260.2,0.05,0.15,633,32.4893,2.13334,0.41496
2440,179,23,23,56,0,1,0,0,111.36,0.05,0.15,633,32.4893,2.384,0.41496
2441,104,13,13,32,0,1,0,0,47.06,0.05,0.15,633,32.4893,2.82378,0.41496
2442,225,26,26,67,0,1,0,0,132.28,0.05,0.15,633,32.4893,2.3784,0.41496
2443,310,30,30,77,0,1,0,0,151.33,0.05,0.15,633,32.4893,2.54259,0.41496
2444,400,32,32,77,0,0,0,1,203.05,0.05,0.15,633,32.4893,2.3619,0.41496
2445,27,1,1,5,0,1,0,0,-23.68,0.05,0.15,633,32.4893,3.52185,0.41496
2446,269,25,25,67,0,1,0,0,127.81,0.05,0.15,633,32.4893,2.45498,0.41496
2447,242,25,25,62,0,1,0,0,128.72,0.05,0.15,633,32.4893,2.6016,0.41496
2448,400,23,23,47,0,0,0,1,122.05,0.05,0.15,633,32.4893,2.34933,0.41496
2449,400,28,28,63,0,0,0,1,165.65,0.05,0.15,633,32.4893,2.26511,0.41496
2450,297,29,29,73,0,1,0,0,146.37,0.05,0.15,633,32.4893,2.35863,0.41496
2451,70,10,10,22,0,1,0,0,28.23,0.05,0.15,633,32.4893,2.55136,0.41496
2452,78,9,9,26,0,1,0,0,25.59,0.05,0.15,633,32.4893,2.39235,0.41496
2453,347,33,33,79,0,1,0,0,174.72,0.05,0.15,633,32.4893,2.18902,0.41522
2454,341,30,30,69,0,1,0,0,133.8,0.05,0.15,633,32.4893,2.60079,0.41522
2455,160,12,12,41,0,1,0,0,46.03,0.05,0.15,633,32.4893,2.56206,0.41522
2456,370,41,41,109,0,1,0,0,225.18,0.05,0.15,633,32.4893,2.44266,0.41522
2457,315,31,31,79,0,1,0,0,165.88,0.05,0.15,633,32.4893,2.48003,0.41548
2458,171,22,22,52,0,1,0,0,94.4,0.05,0.15,633,32.4893,2.16866,0.41548
2459,79,9,9,20,0,1,0,0,20.06,0.05,0.15,633,32.4893,2.95843,0.41548
2460,400,37,37,96,0,0,0,1,221.1,0.05,0.15,633,32.4893,2.47334,0.41548
2461,45,4,4,13,0,1,0,0,-2.92,0.05,0.15,633,32.4893,2.40711,0.41548
2462,335,33,33,81,0,1,0,0,166.98,0.05,0.15,633,32.4893,2.24261,0.41548
2463,33,1,1,12,0,1,0,0,-21.06,0.05,0.15,633,32.4893,4.61248,0.41548
2464,305,34,34,93,0,1,0,0,179.53,0.05,0.15,633,32.4893,2.43613,0.41548
2465,73,3,3,7,0,1,0,0,-20.31,0.05,0.15,633,32.4893,2.78161,0.41548
2466,103,9,9,32,0,1,0,0,24.29,0.05,0.15,633,32.4893,3.19846,0.41548
2467,400,34,34,90,0,0,0,1,214.25,0.05,0.15,633,32.4893,2.23358,0.41548
2468,300,32,32,71,0,1,0,0,162.48,0.05,0.15,633,32.4893,2.31247,0.41548
2469,195,20,20,71,0,1,0,0,108.08,0.05,0.15,633,32.4893,2.39268,0.41548
2470,120,15,15,41,0,1,0,0,54.88,0.05,0.15,633,32.4893,2.84867,0.41548
2471,400,34,34,92,0,0,0,1,217.25,0.05,0.15,633,32.4893,2.23115,0.41548
2472,400,25,25,65,0,0,0,1,155.55,0.05,0.15,633,32.4893,2.23604,0.41548
2473,155,7,7,27,0,1,0,0,19.68,0.05,0.15,633,32.4893,2.64446,0.41548
2474,97,5,5,14,0,1,0,0,-4.63,0.05,0.15,633,32.4893,2.51983,0.41548
2475,400,29,29,73,0,0,0,1,189.25,0.05,0.15,633,32.4893,2.45691,0.41548
2476,400,27,27,63,0,0,0,1,163.3,0.05,0.15,633,32.4893,1.93206,0.41548
2477,158,14,14,38,0,1,0,0,59.44,0.05,0.15,633,32.4893,2.73777,0.41548
2478,400,25,25,72,0,0,0,1,159.4,0.05,0.15,633,32.4893,2.5005,0.41548
2479,400,32,32,87,0,0,0,1,195.3,0.05,0.15,633,32.4893,2.23824,0.41548
2480,400,34,34,75,0,0,0,1,195.65,0.05,0.15,633,32.4893,2.24286,0.41548
2481,400,26,26,75,0,0,0,1,166.7,0.05,0.15,633,32.4893,1.94557,0.41548
2482,400,28,28,83,0,0,0,1,191.85,0.05,0.15,633,32.4893,2.2811,0.41548
2483,67,10,10,18,0,1,0,0,23.47,0.05,0.15,633,32.4893,2.37848,0.41548
2484,400,27,27,60,0,0,0,1,152.3,0.05,0.15,633,32.4893,2.18678,0.41548
2485,400,28,28,69,0,0,0,1,171.05,0.05,0.15,633,32.4893,2.16857,0.41548
2486,400,16,16,36,0,0,0,1,72.05,0.05,0.15,634,32.4893,2.00747,0.41509
2487,215,26,26,56,0,1,0,0,121.63,0.05,0.15,634,32.4893,2.51692,0.41509
2488,191,21,21,45,0,1,0,0,91.5,0.05,0.15,634,32.4893,2.59285,0.41509
2489,224,19,19,50,0,1,0,0,85.51,0.05,0.15,634,32.4893,2.63069,0.41509
2490,385,28,28,66,0,1,0,0,118.78,0.05,0.15,634,32.4893,2.34112,0.41509
2491,400,35,35,82,0,0,0,1,213.0,0.05,0.15,634,32.4893,2.17622,0.41509
2492,7,0,0,4,0,1,0,0,-28.88,0.05,0.15,634,32.4893,6.54918,0.41509
2493,400,45,45,103,0,0,0,1,271.65,0.05,0.15,634,32.4893,2.45213,0.41535
2494,145,15,15,42,0,1,0,0,59.53,0.05,0.15,634,32.4893,2.5393,0.41535
2495,321,36,36,91,0,1,0,0,192.15,0.05,0.15,634,32.4893,2.51064,0.41535
2496,400,40,40,94,0,0,0,1,230.95,0.05,0.15,634,32.4893,2.45264,0.41535
2497,400,29,29,80,0,0,0,1,192.05,0.05,0.15,634,32.4893,2.35283,0.41562
2498,400,38,38,99,0,0,0,1,239.6,0.05,0.15,634,32.4893,2.26375,0.41562
2499,58,7,7,21,0,1,0,0,12.04,0.05,0.15,634,32.4893,2.99377,0.41562
2500,400,35,35,99,0,0,0,1,233.9,0.05,0.15,634,32.4893,2.16759,0.41562
2501,400,40,40,97,0,0,0,1,265.2,0.05,0.15,634,32.4893,2.1298,0.41588
2502,5,0,0,3,0,1,0,0,-29.52,0.05,0.15,634,32.4893,9.66994,0.41588
2503,123,14,14,31,0,1,0,0,51.99,0.05,0.15,634,32.4893,2.22135,0.41588
2504,119,13,13,39,0,1,0,0,53.51,0.05,0.15,634,32.4893,2.58365,0.41614
2505,400,40,40,95,0,0,0,1,240.3,0.05,0.15,634,32.4893,2.24795,0.41614
2506,160,21,21,50,0,1,0,0,91.63,0.05,0.15,634,32.4893,2.83805,0.41614
2507,268,29,29,62,0,1,0,0,141.29,0.05,0.15,634,32.4893,2.48994,0.41614
2508,294,29,29,66,0,1,0,0,147.66,0.05,0.15,634,32.4893,2.22623,0.41614
2509,400,41,41,95,0,0,0,1,242.15,0.05,0.15,634,32.4893,2.16669,0.41614
2510,241,24,24,54,0,1,0,0,121.0,0.05,0.15,634,32.4893,2.19026,0.41614
2511,365,33,33,95,0,1,0,0,178.38,0.05,0.15,634,32.4893,2.12002,0.41614
2512,400,38,38,93,0,0,0,1,228.7,0.05,0.15,634,32.4893,2.19089,0.41614
2513,400,43,43,100,0,0,0,1,258.1,0.05,0.15,634,32.4893,2.03975,0.41614
2514,358,36,36,90,0,1,0,0,184.94,0.05,0.15,634,32.4893,2.03545,0.41614
2515,400,40,40,95,0,0,0,1,243.6,0.05,0.15,634,32.4893,2.01235,0.41614
2516,91,9,9,23,0,1,0,0,24.15,0.05,0.15,634,32.4893,2.13267,0.41614
2517,400,46,46,113,0,0,0,1,270.0,0.05,0.15,634,32.4893,2.16683,0.41614
2518,400,39,39,109,0,0,0,1,248.45,0.05,0.15,634,32.4893,2.05276,0.41614
2519,374,36,36,94,0,1,0,0,196.06,0.05,0.15,635,32.4893,2.4083,0.41575
2520,400,39,39,106,0,0,0,1,242.7,0.05,0.15,635,32.4893,2.02968,0.41575
2521,400,40,40,98,0,0,0,1,242.6,0.05,0.15,635,32.4893,2.09017,0.41575
2522,246,26,26,61,0,1,0,0,123.6,0.05,0.15,635,32.4893,2.2541,0.41575
2523,400,30,30,76,0,0,0,1,183.55,0.05,0.15,635,32.4893,2.17886,0.41575
2524,400,29,29,70,0,0,0,1,176.3,0.05,0.15,635,32.4893,1.96421,0.41601
2525,360,37,37,90,0,1,0,0,185.28,0.05,0.15,635,32.4893,2.09865,0.41601
2526,400,43,43,105,0,0,0,1,267.6,0.05,0.15,635,32.4893,2.04978,0.41601
2527,137,14,14,38,0,1,0,0,58.02,0.05,0.15,635,32.4893,2.01107,0.41601
2528,400,35,35,96,0,0,0,1,222.1,0.05,0.15,635,32.4893,2.109,0.41601
2529,319,32,32,87,0,1,0,0,151.81,0.05,0.15,635,32.4893,2.21933,0.41601
2530,400,43,43,101,0,0,0,1,250.3,0.05,0.15,635,32.4893,2.02347,0.41601
2531,400,45,45,112,0,0,0,1,282.7,0.05,0.15,635,32.4893,1.91588,0.41601
2532,400,42,42,106,0,0,0,1,269.45,0.05,0.15,635,32.4893,2.07638,0.41601
2533,15,0,0,5,0,1,0,0,-35.02,0.05,0.15,635,32.4893,5.00282,0.41601
2534,41,4,4,11,0,1,0,0,-9.05,0.05,0.15,635,32.4893,3.52732,0.41601
2535,68,5,5,17,0,1,0,0,6.19,0.05,0.15,635,32.4893,2.885,0.41601
2536,146,19,19,42,0,1,0,0,74.6,0.05,0.15,635,32.4893,2.83831,0.41601
2537,400,46,46,117,0,0,0,1,285.1,0.05,0.15,635,32.4893,2.29248,0.41601
2538,400,37,37,73,0,0,0,1,203.4,0.05,0.15,635,32.4893,2.13884,0.41601
2539,400,40,40,97,0,0,0,1,248.4,0.05,0.15,635,32.4893,2.11733,0.41601
2540,90,11,11,31,0,1,0,0,37.93,0.05,0.15,635,32.4893,2.30933,0.41601
2541,317,29,29,78,0,1,0,0,160.97,0.05,0.15,635,32.4893,2.26744,0.41601
2542,62,5,5,22,0,1,0,0,7.72,0.05,0.15,635,32.4893,3.02459,0.41601
2543,91,10,10,26,0,1,0,0,28.85,0.05,0.15,635,32.4893,2.45879,0.41601
2544,353,26,26,62,0,1,0,0,110.64,0.05,0.15,635,32.4893,2.60827,0.41601
2545,400,45,45,105,0,0,0,1,284.05,0.05,0.15,635,32.4893,2.25296,0.41601
2546,132,16,16,40,0,1,0,0,67.12,0.05,0.15,635,32.4893,2.78791,0.41601
2547,400,40,40,94,0,0,0,1,264.05,0.05,0.15,635,32.4893,1.99981,0.41601
2548,113,16,16,36,0,1,0,0,60.24,0.05,0.15,635,32.4893,3.01903,0.41601
2549,15,1,1,5,0,1,0,0,-23.37,0.05,0.15,635,32.4893,3.24972,0.41601
2550,400,41,41,107,0,0,0,1,267.75,0.05,0.15,635,32.4893,1.95402,0.41601
2551,400,35,35,88,0,0,0,1,224.2,0.05,0.15,635,32.4893,2.26988,0.41601
2552,34,2,2,13,0,1,0,0,-12.54,0.05,0.15,635,32.4893,3.76796,0.41601
2553,400,37,37,105,0,0,0,1,261.1,0.05,0.15,635,32.4893,2.02312,0.41601
2554,400,42,42,109,0,0,0,1,285.5,0.05,0.15,635,32.4893,2.09697,0.41601
2555,400,46,46,98,0,0,0,1,282.05,0.05,0.15,635,32.4893,2.21033,0.41601
2556,366,39,39,103,0,1,0,0,226.15,0.05,0.15,636,32.4893,2.21564,0.41562
2557,400,38,38,100,0,0,0,1,260.25,0.05,0.15,636,32.4893,1.94046,0.41562
2558,175,23,23,49,0,1,0,0,107.43,0.05,0.15,636,32.4893,2.33934,0.41562
2559,400,44,44,104,0,0,0,1,276.4,0.05,0.15,636,32.4893,2.25692,0.41562
2560,381,38,38,104,0,1,0,0,221.8,0.05,0.15,636,32.4893,2.205,0.41562
2561,400,41,41,97,0,0,0,1,262.4,0.05,0.15,636,32.4893,2.14732,0.41562
2562,78,7,7,30,0,1,0,0,23.24,0.05,0.15,636,32.4893,2.77254,0.41562
2563,400,39,39,100,0,0,0,1,264.25,0.05,0.15,636,32.4893,1.91477,0.41562
2564,400,41,41,101,0,0,0,1,266.8,0.05,0.15,636,32.4893,2.1099,0.41562
2565,31,2,2,10,0,1,0,0,-15.0,0.05,0.15,636,32.4893,3.918,0.41562
2566,54,5,5,17,0,1,0,0,4.16,0.05,0.15,636,32.4893,2.52992,0.41562
2567,157,16,16,43,0,1,0,0,64.72,0.05,0.15,636,32.4893,2.49962,0.41562
2568,400,42,42,100,0,0,0,1,266.95,0.05,0.15,636,32.4893,2.11646,0.41562
2569,222,26,26,76,0,1,0,0,136.62,0.05,0.15,636,32.4893,2.4774,0.41562
2570,146,11,11,32,0,1,0,0,45.3,0.05,0.15,636,32.4893,2.16758,0.41562
2571,92,10,10,26,0,1,0,0,31.72,0.05,0.15,636,32.4893,2.77835,0.41562
2572,400,42,42,111,0,0,0,1,275.35,0.05,0.15,636,32.4893,2.25404,0.41562
2573,400,37,37,101,0,0,0,1,257.2,0.05,0.15,636,32.4893,1.89299,0.41562
2574,101,11,11,25,0,1,0,0,36.55,0.05,0.15,636,32.4893,2.33309,0.41562
2575,262,26,26,76,0,1,0,0,146.47,0.05,0.15,636,32.4893,2.17805,0.41562
2576,289,30,30,71,0,1,0,0,157.96,0.05,0.15,636,32.4893,2.4403,0.41562
2577,213,18,18,62,0,1,0,0,81.79,0.05,0.15,636,32.4893,2.80528,0.41562
2578,26,6,6,11,0,1,0,0,-4.05,0.05,0.15,636,32.4893,5.49855,0.41562
2579,400,48,48,117,0,0,0,1,299.95,0.05,0.15,636,32.4893,2.1691,0.41562
2580,400,42,42,108,0,0,0,1,281.15,0.05,0.15,636,32.4893,1.92223,0.41562
2581,400,43,43,89,0,0,0,1,268.75,0.05,0.15,636,32.4893,1.96699,0.41562
2582,400,41,41,109,0,0,0,1,270.1,0.05,0.15,636,32.4893,2.12175,0.41562
2583,41,4,4,9,0,1,0,0,-8.95,0.05,0.15,636,32.4893,3.54002,0.41562
2584,170,24,24,54,0,1,0,0,107.98,0.05,0.15,636,32.4893,2.39332,0.41562
2585,183,22,22,52,0,1,0,0,100.44,0.05,0.15,636,32.4893,2.2849,0.41562
2586,400,39,39,98,0,0,0,1,261.8,0.05,0.15,636,32.4893,1.90252,0.41562
2587,400,36,36,94,0,0,0,1,239.9,0.05,0.15,636,32.4893,2.16172,0.41562
2588,245,20,20,65,0,1,0,0,108.13,0.05,0.15,636,32.4893,2.11063,0.41588
2589,400,42,42,114,0,0,0,1,282.6,0.05,0.15,636,32.4893,1.86834,0.41588
2590,69,9,9,23,0,1,0,0,23.31,0.05,0.15,636,32.4893,2.74727,0.41588
2591,400,41,41,109,0,0,0,1,266.3,0.05,0.15,636,32.4893,2.27165,0.41588
2592,13,0,0,5,0,1,0,0,-33.26,0.05,0.15,636,32.4893,6.31754,0.41588
2593,17,1,1,6,0,1,0,0,-22.38,0.05,0.15,636,32.4893,2.71104,0.41588
2594,17,3,3,9,0,1,0,0,-15.38,0.05,0.15,636,32.4893,5.70263,0.41588
2595,313,33,33,79,0,1,0,0,182.49,0.05,0.15,636,32.4893,2.25315,0.41588
2596,81,8,8,23,0,1,0,0,19.7,0.05,0.15,636,32.4893,3.14668,0.41588
2597,400,41,41,107,0,0,0,1,268.25,0.05,0.15,636,32.4893,2.13466,0.41588
2598,358,38,38,91,0,1,0,0,201.74,0.05,0.15,636,32.4893,2.0863,0.41588
2599,42,3,3,15,0,1,0,0,-10.78,0.05,0.15,636,32.4893,3.06687,0.41588
2600,38,4,4,17,0,1,0,0,-6.16,0.05,0.15,636,32.4893,3.30351,0.41588
2601,154,22,22,46,0,1,0,0,94.86,0.05,0.15,636,32.4893,2.87312,0.41588
2602,400,43,43,110,0,0,0,1,283.25,0.05,0.15,636,32.4893,2.36474,0.41588
2603,17,1,1,5,0,1,0,0,-22.98,0.05,0.15,636,32.4893,2.75055,0.41588
2604,5,0,0,2,0,1,0,0,-30.52,0.05,0.15,636,32.4893,9.42945,0.41588
2605,313,29,29,77,0,1,0,0,156.44,0.05,0.15,636,32.4893,2.35886,0.41588
2606,400,46,46,107,0,0,0,1,288.7,0.05,0.15,636,32.4893,2.31087,0.41588
2607,400,46,46,109,0,0,0,1,279.05,0.05,0.15,636,32.4893,2.37693,0.41588
2608,19,1,1,11,0,1,0,0,-25.69,0.05,0.15,636,32.4893,5.64554,0.41588
2609,153,18,18,49,0,1,0,0,86.84,0.05,0.15,636,32.4893,2.34707,0.41588
2610,351,39,39,92,0,1,0,0,209.25,0.05,0.15,636,32.4893,2.04587,0.41588
2611,227,31,31,78,0,1,0,0,155.27,0.05,0.15,636,32.4893,2.37546,0.41588
2612,177,19,19,55,0,1,0,0,87.72,0.05,0.15,636,32.4893,2.63739,0.41588
2613,400,43,43,101,0,0,0,1,276.1,0.05,0.15,636,32.4893,2.14324,0.41588
2614,260,35,35,77,0,1,0,0,174.53,0.05,0.15,636,32.4893,2.36981,0.41588
2615,256,30,30,74,0,1,0,0,159.55,0.05,0.15,636,32.4893,2.18228,0.41588
2616,73,9,9,21,0,1,0,0,17.64,0.05,0.15,636,32.4893,2.57921,0.41588
2617,85,9,9,29,0,1,0,0,24.03,0.05,0.15,636,32.4893,2.94569,0.41588
2618,157,18,18,56,0,1,0,0,86.42,0.05,0.15,636,32.4893,2.39527,0.41588
2619,158,16,16,37,0,1,0,0,62.99,0.05,0.15,636,32.4893,2.28623,0.41588
2620,400,39,39,100,0,0,0,1,257.5,0.05,0.15,636,32.4893,2.21934,0.41588
2621,400,42,42,99,0,0,0,1,271.6,0.05,0.15,636,32.4893,2.05966,0.41588
2622,91,7,7,27,0,1,0,0,23.45,0.05,0.15,636,32.4893,2.60539,0.41588
2623,308,32,32,85,0,1,0,0,176.49,0.05,0.15,636,32.4893,2.25034,0.41588
2624,400,42,42,114,0,0,0,1,278.55,0.05,0.15,636,32.4893,2.26805,0.41588
2625,33,3,3,11,0,1,0,0,-9.36,0.05,0.15,636,32.4893,3.26102,0.41588
2626,35,5,5,10,0,1,0,0,-4.72,0.05,0.15,636,32.4893,3.92833,0.41588
2627,71,11,11,18,0,1,0,0,27.85,0.05,0.15,636,32.4893,3.26927,0.41588
2628,400,40,40,101,0,0,0,1,263.15,0.05,0.15,636,32.4893,2.36831,0.41588
2629,284,29,29,81,0,1,0,0,155.51,0.05,0.15,636,32.4893,2.43428,0.41588
2630,13,0,0,4,0,1,0,0,-28.51,0.05,0.15,636,32.4893,5.17687,0.41588
2631,118,9,9,33,0,1,0,0,31.19,0.05,0.15,636,32.4893,2.79812,0.41588
2632,47,6,6,19,0,1,0,0,3.82,0.05,0.15,636,32.4893,3.78705,0.41588
2633,400,45,45,98,0,0,0,1,275.75,0.05,0.15,636,32.4893,2.22319,0.41588
2634,98,14,14,32,0,1,0,0,51.19,0.05,0.15,636,32.4893,2.56203,0.41588
2635,54,5,5,17,0,1,0,0,2.66,0.05,0.15,636,32.4893,2.88865,0.41588
2636,400,37,37,90,0,0,0,1,245.1,0.05,0.15,636,32.4893,2.09495,0.41588
2637,124,12,12,35,0,1,0,0,45.56,0.05,0.15,636,32.4893,2.35747,0.41588
2638,400,40,40,109,0,0,0,1,266.05,0.05,0.15,636,32.4893,2.14675,0.41588
2639,178,22,22,59,0,1,0,0,101.24,0.05,0.15,636,32.4893,2.79375,0.41588
2640,102,11,11,28,0,1,0,0,37.37,0.05,0.15,636,32.4893,2.71892,0.41588
2641,400,45,45,98,0,0,0,1,276.55,0.05,0.15,636,32.4893,2.04694,0.41588
2642,41,4,4,17,0,1,0,0,-8.8,0.05,0.15,636,32.4893,3.57119,0.41588
2643,95,11,11,28,0,1,0,0,32.18,0.05,0.15,636,32.4893,2.96243,0.41588
2644,400,43,43,101,0,0,0,1,272.3,0.05,0.15,636,32.4893,2.37534,0.41588
2645,400,40,40,99,0,0,0,1,261.1,0.05,0.15,636,32.4893,2.06777,0.41588
2646,7,0,0,6,0,1,0,0,-27.28,0.05,0.15,636,32.4893,6.42216,0.41588
2647,226,25,25,59,0,1,0,0,126.2,0.05,0.15,636,32.4893,2.36581,0.41588
2648,290,28,28,77,0,1,0,0,155.28,0.05,0.15,636,32.4893,2.04316,0.41588
2649,400,46,46,109,0,0,0,1,288.1,0.05,0.15,636,32.4893,2.15704,0.41588
2650,400,42,42,106,0,0,0,1,276.45,0.05,0.15,636,32.4893,2.11966,0.41588
2651,400,47,47,108,0,0,0,1,293.45,0.05,0.15,636,32.4893,2.09911,0.41588
2652,91,10,10,30,0,1,0,0,33.6,0.05,0.15,636,32.4893,2.48423,0.41588
2653,17,2,2,8,0,1,0,0,-19.43,0.05,0.15,636,32.4893,4.3405,0.41588
2654,400,39,39,103,0,0,0,1,256.1,0.05,0.15,636,32.4893,2.30275,0.41588
2655,400,42,42,101,0,0,0,1,271.0,0.05,0.15,636,32.4893,1.93849,0.41588
2656,357,32,32,96,0,1,0,0,185.67,0.05,0.15,636,32.4893,2.18742,0.41588
2657,400,44,44,105,0,0,0,1,267.3,0.05,0.15,636,32.4893,2.16652,0.41588
2658,122,14,14,36,0,1,0,0,53.92,0.05,0.15,636,32.4893,2.20751,0.41588
2659,400,44,44,110,0,0,0,1,285.95,0.05,0.15,636,32.4893,2.20818,0.41588
2660,400,39,39,94,0,0,0,1,249.05,0.05,0.15,636,32.4893,1.9491,0.41588
2661,278,32,32,76,0,1,0,0,159.24,0.05,0.15,636,32.4893,2.28096,0.41588
2662,400,39,39,99,0,0,0,1,262.55,0.05,0.15,636,32.4893,2.06086,0.41588
2663,400,40,40,98,0,0,0,1,261.8,0.05,0.15,636,32.4893,2.0755,0.41588
2664,162,21,21,59,0,1,0,0,99.62,0.05,0.15,636,32.4893,2.42512,0.41588
2665,163,18,18,49,0,1,0,0,84.74,0.05,0.15,636,32.4893,2.26533,0.41588
2666,32,3,3,14,0,1,0,0,-6.73,0.05,0.15,636,32.4893,2.84033,0.41588
2667,86,8,8,20,0,1,0,0,20.1,0.05,0.15,636,32.4893,2.88145,0.41588
2668,89,7,7,24,0,1,0,0,19.51,0.05,0.15,636,32.4893,2.55303,0.41588
2669,105,11,11,35,0,1,0,0,38.23,0.05,0.15,636,32.4893,2.62085,0.41588
2670,174,15,15,43,0,1,0,0,68.76,0.05,0.15,636,32.4893,2.23277,0.41588
2671,400,39,39,108,0,0,0,1,274.15,0.05,0.15,636,32.4893,1.98278,0.41588
2672,305,28,28,78,0,1,0,0,147.18,0.05,0.15,636,32.4893,2.54644,0.41588
2673,400,39,39,103,0,0,0,1,267.3,0.05,0.15,636,32.4893,2.13626,0.41588
2674,34,1,1,9,0,1,0,0,-22.39,0.05,0.15,636,32.4893,5.19886,0.41588
2675,311,31,31,79,0,1,0,0,160.3,0.05,0.15,636,32.4893,2.37219,0.41614
2676,13,0,0,5,0,1,0,0,-31.76,0.05,0.15,636,32.4893,7.33887,0.41614
2677,150,12,12,34,0,1,0,0,52.58,0.05,0.15,636,32.4893,2.72073,0.41614
2678,400,40,40,88,0,0,0,1,257.25,0.05,0.15,636,32.4893,2.31937,0.41614
2679,400,44,44,97,0,0,0,1,277.1,0.05,0.15,636,32.4893,2.09142,0.41614
2680,400,37,37,98,0,0,0,1,252.7,0.05,0.15,636,32.4893,2.19149,0.41614
2681,146,15,15,34,0,1,0,0,61.65,0.05,0.15,636,32.4893,2.43781,0.41614
2682,251,34,34,87,0,1,0,0,170.95,0.05,0.15,636,32.4893,2.3812,0.41614
2683,228,24,24,65,0,1,0,0,123.69,0.05,0.15,636,32.4893,2.63865,0.41614
2684,400,36,36,79,0,0,0,1,197.5,0.05,0.15,636,32.4893,2.31545,0.41614
2685,400,40,40,103,0,0,0,1,277.25,0.05,0.15,636,32.4893,2.06911,0.4164
2686,159,13,13,39,0,1,0,0,54.31,0.05,0.15,636,32.4893,2.29246,0.4164
2687,400,40,40,95,0,0,0,1,260.6,0.05,0.15,636,32.4893,2.05564,0.4164
2688,400,35,35,91,0,0,0,1,236.9,0.05,0.15,636,32.4893,2.07876,0.4164
2689,154,15,15,38,0,1,0,0,62.01,0.05,0.15,636,32.4893,2.28465,0.4164
2690,242,26,26,89,0,1,0,0,149.67,0.05,0.15,636,32.4893,2.25347,0.4164
2691,231,33,33,92,0,1,0,0,174.55,0.05,0.15,636,32.4893,2.53189,0.4164
2692,400,42,42,105,0,0,0,1,276.85,0.05,0.15,636,32.4893,2.25394,0.4164
2693,400,43,43,107,0,0,0,1,283.4,0.05,0.15,636,32.4893,2.21441,0.4164
2694,400,43,43,101,0,0,0,1,280.9,0.05,0.15,636,32.4893,1.97291,0.4164
2695,151,20,20,53,0,1,0,0,91.7,0.05,0.15,636,32.4893,2.65865,0.4164
2696,19,1,1,8,0,1,0,0,-22.24,0.05,0.15,636,32.4893,3.343,0.4164
2697,400,40,40,108,0,0,0,1,263.95,0.05,0.15,636,32.4893,2.31915,0.41667
2698,260,28,28,77,0,1,0,0,147.33,0.05,0.15,636,32.4893,2.22979,0.41667
2699,400,38,38,102,0,0,0,1,254.6,0.05,0.15,636,32.4893,1.94731,0.41667
2700,400,34,34,89,0,0,0,1,231.0,0.05,0.15,636,32.4893,2.089,0.41667
2701,400,41,41,106,0,0,0,1,266.15,0.05,0.15,636,32.4893,1.91793,0.41693
2702,64,9,9,25,0,1,0,0,25.26,0.05,0.15,636,32.4893,2.84477,0.41693
2703,400,36,36,98,0,0,0,1,245.75,0.05,0.15,636,32.4893,2.08073,0.41693
2704,400,31,31,81,0,0,0,1,215.35,0.05,0.15,636,32.4893,1.96778,0.41693
2705,174,19,19,48,0,1,0,0,93.56,0.05,0.15,636,32.4893,2.12746,0.41693
2706,220,23,23,55,0,1,0,0,110.23,0.05,0.15,636,32.4893,2.51616,0.41693
2707,400,36,36,96,0,0,0,1,245.05,0.05,0.15,636,32.4893,2.07984,0.41719
2708,198,22,22,60,0,1,0,0,112.99,0.05,0.15,636,32.4893,1.99643,0.41719
2709,400,43,43,117,0,0,0,1,288.05,0.05,0.15,636,32.4893,2.19802,0.41719
2710,400,44,44,113,0,0,0,1,293.7,0.05,0.15,636,32.4893,2.06264,0.41719
2711,148,20,20,50,0,1,0,0,88.54,0.05,0.15,636,32.4893,2.68699,0.41719
2712,400,43,43,101,0,0,0,1,275.9,0.05,0.15,636,32.4893,2.14559,0.41719
2713,400,43,43,104,0,0,0,1,276.2,0.05,0.15,636,32.4893,2.17002,0.41719
2714,400,38,38,90,0,0,0,1,249.25,0.05,0.15,636,32.4893,2.03383,0.41719
2715,148,21,21,53,0,1,0,0,96.34,0.05,0.15,636,32.4893,2.51062,0.41719
2716,91,9,9,25,0,1,0,0,30.4,0.05,0.15,636,32.4893,2.28884,0.41719
2717,227,25,25,66,0,1,0,0,138.37,0.05,0.15,636,32.4893,2.13535,0.41719
2718,400,40,40,104,0,0,0,1,263.05,0.05,0.15,636,32.4893,2.10442,0.41719
2719,311,35,35,84,0,1,0,0,193.75,0.05,0.15,636,32.4893,2.09762,0.41719
2720,231,25,25,71,0,1,0,0,132.85,0.05,0.15,636,32.4893,2.13076,0.41719
2721,400,45,45,102,0,0,0,1,275.5,0.05,0.15,636,32.4893,2.48222,0.41719
2722,400,47,47,114,0,0,0,1,298.0,0.05,0.15,636,32.4893,2.1073,0.41719
2723,44,6,6,15,0,1,0,0,1.91,0.05,0.15,636,32.4893,3.19832,0.41719
2724,400,45,45,102,0,0,0,1,293.1,0.05,0.15,636,32.4893,2.02868,0.41745
2725,129,15,15,37,0,1,0,0,64.56,0.05,0.15,636,32.4893,2.20431,0.41745
2726,187,19,19,58,0,1,0,0,103.47,0.05,0.15,636,32.4893,2.18496,0.41745
2727,370,41,41,100,0,1,0,0,232.38,0.05,0.15,636,32.4893,2.23032,0.41745
2728,400,43,43,113,0,0,0,1,284.95,0.05,0.15,636,32.4893,2.07271,0.41745
2729,15,1,1,6,0,1,0,0,-22.77,0.05,0.15,636,32.4893,3.53524,0.41745
2730,234,26,26,70,0,1,0,0,136.81,0.05,0.15,636,32.4893,2.2185,0.41745
2731,233,26,26,68,0,1,0,0,139.19,0.05,0.15,636,32.4893,2.3991,0.41745
2732,400,43,43,101,0,0,0,1,282.2,0.05,0.15,636,32.4893,2.21107,0.41745
2733,313,34,34,80,0,1,0,0,180.69,0.05,0.15,636,32.4893,2.54814,0.41745
2734,400,43,43,100,0,0,0,1,277.05,0.05,0.15,636,32.4893,2.23077,0.41745
2735,400,46,46,109,0,0,0,1,302.45,0.05,0.15,636,32.4893,2.20579,0.41745
2736,400,43,43,103,0,0,0,1,279.8,0.05,0.15,636,32.4893,2.0856,0.41745
2737,6,0,0,3,0,1,0,0,-37.6,0.05,0.15,636,32.4893,8.15591,0.41745
2738,87,11,11,31,0,1,0,0,35.17,0.05,0.15,636,32.4893,2.64407,0.41745
2739,17,1,1,6,0,1,0,0,-23.18,0.05,0.15,636,32.4893,4.52616,0.41745
2740,320,38,38,85,0,1,0,0,203.18,0.05,0.15,636,32.4893,2.24023,0.41745
2741,400,43,43,102,0,0,0,1,276.3,0.05,0.15,636,32.4893,2.03334,0.41745
2742,400,36,36,99,0,0,0,1,240.7,0.05,0.15,636,32.4893,2.26417,0.41745
2743,125,7,7,24,0,1,0,0,24.48,0.05,0.15,636,32.4893,2.46841,0.41745
2744,400,26,26,71,0,0,0,1,163.65,0.05,0.15,636,32.4893,2.24749,0.41745
2745,400,40,40,104,0,0,0,1,264.65,0.05,0.15,636,32.4893,1.95414,0.41745
2746,400,42,42,114,0,0,0,1,289.25,0.05,0.15,636,32.4893,2.16134,0.41745
2747,110,15,15,34,0,1,0,0,56.28,0.05,0.15,636,32.4893,2.76874,0.41745
2748,92,7,7,25,0,1,0,0,20.57,0.05,0.15,636,32.4893,2.71685,0.41745
2749,18,1,1,7,0,1,0,0,-23.96,0.05,0.15,636,32.4893,5.93142,0.41745
2750,400,39,39,104,0,0,0,1,269.5,0.05,0.15,636,32.4893,2.11568,0.41745
2751,169,17,17,47,0,1,0,0,73.16,0.05,0.15,636,32.4893,2.74902,0.41745
2752,292,31,31,75,0,1,0,0,159.17,0.05,0.15,636,32.4893,2.3659,0.41745
2753,184,21,21,53,0,1,0,0,96.91,0.05,0.15,636,32.4893,2.68924,0.41745
2754,400,39,39,97,0,0,0,1,258.95,0.05,0.15,636,32.4893,2.13959,0.41745
2755,125,10,10,42,0,1,0,0,47.83,0.05,0.15,636,32.4893,2.40286,0.41745
2756,400,40,40,102,0,0,0,1,264.2,0.05,0.15,636,32.4893,2.25008,0.41745
2757,309,32,32,64,0,1,0,0,153.26,0.05,0.15,636,32.4893,2.18288,0.41745
2758,400,43,43,96,0,0,0,1,271.5,0.05,0.15,636,32.4893,2.11704,0.41745
2759,173,20,20,62,0,1,0,0,102.14,0.05,0.15,636,32.4893,2.43518,0.41745
2760,190,22,22,60,0,1,0,0,111.58,0.05,0.15,636,32.4893,2.2714,0.41745
2761,400,43,43,115,0,0,0,1,296.45,0.05,0.15,636,32.4893,2.11543,0.41745
2762,400,43,43,100,0,0,0,1,280.65,0.05,0.15,636,32.4893,2.02309,0.41745
2763,400,40,40,100,0,0,0,1,267.65,0.05,0.15,636,32.4893,2.01557,0.41745
2764,101,10,10,32,0,1,0,0,33.9,0.05,0.15,636,32.4893,3.05192,0.41745
2765,42,5,5,12,0,1,0,0,-4.48,0.05,0.15,636,32.4893,2.76892,0.41745
2766,400,41,41,98,0,0,0,1,255.15,0.05,0.15,636,32.4893,2.33443,0.41745
2767,118,11,11,36,0,1,0,0,46.84,0.05,0.15,636,32.4893,2.48729,0.41745
2768,154,16,16,56,0,1,0,0,79.01,0.05,0.15,636,32.4893,2.54269,0.41745
2769,87,8,8,25,0,1,0,0,24.07,0.05,0.15,636,32.4893,2.72781,0.41745
2770,261,31,31,76,0,1,0,0,163.7,0.05,0.15,636,32.4893,2.54939,0.41745
2771,400,40,40,99,0,0,0,1,270.85,0.05,0.15,636,32.4893,1.9762,0.41745
2772,400,42,42,109,0,0,0,1,281.35,0.05,0.15,636,32.4893,2.17133,0.41745
2773,400,41,41,105,0,0,0,1,274.9,0.05,0.15,636,32.4893,2.2516,0.41745
2774,21,2,2,9,0,1,0,0,-18.25,0.05,0.15,636,32.4893,3.86001,0.41745
2775,216,25,25,69,0,1,0,0,132.85,0.05,0.15,637,32.4893,2.24694,0.41706
2776,96,10,10,33,0,1,0,0,34.15,0.05,0.15,637,32.4893,2.95937,0.41706
2777,5,0,0,4,0,1,0,0,-37.27,0.05,0.15,637,32.4893,2.77015,0.41706
2778,70,8,8,25,0,1,0,0,20.63,0.05,0.15,637,32.4893,3.29296,0.41706
2779,124,16,16,36,0,1,0,0,64.26,0.05,0.15,637,32.4893,2.53193,0.41706
2780,13,0,0,5,0,1,0,0,-27.91,0.05,0.15,637,32.4893,6.04189,0.41706
2781,400,22,22,52,0,0,0,1,142.4,0.05,0.15,637,32.4893,1.95274,0.41706
2782,400,31,31,77,0,0,0,1,207.9,0.05,0.15,637,32.4893,2.02912,0.41706
2783,400,15,15,43,0,0,0,1,85.0,0.05,0.15,637,32.4893,2.29419,0.41706
2784,400,24,24,56,0,0,0,1,144.6,0.05,0.15,637,32.4893,1.91686,0.41706
2785,400,21,21,46,0,0,0,1,119.1,0.05,0.15,637,32.4893,2.04904,0.41706
2786,400,23,23,60,0,0,0,1,135.7,0.05,0.15,637,32.4893,2.04312,0.41706
2787,44,1,1,4,0,1,0,0,-26.74,0.05,0.15,637,32.4893,2.58508,0.41706
2788,400,27,27,56,0,0,0,1,159.05,0.05,0.15,637,32.4893,2.1084,0.41706
2789,400,26,26,55,0,0,0,1,154.85,0.05,0.15,637,32.4893,2.01207,0.41706
2790,133,13,13,27,0,1,0,0,48.44,0.05,0.15,637,32.4893,2.27484,0.41706
2791,197,4,4,11,0,1,0,0,-12.08,0.05,0.15,637,32.4893,2.40463,0.41706
2792,133,12,12,25,0,1,0,0,39.54,0.05,0.15,637,32.4893,2.67751,0.41706
2793,295,19,19,53,0,1,0,0,96.53,0.05,0.15,637,32.4893,2.74913,0.41706
2794,163,15,15,35,0,1,0,0,55.54,0.05,0.15,637,32.4893,2.42572,0.41706
2795,327,15,15,40,0,1,0,0,52.52,0.05,0.15,637,32.4893,2.24958,0.41706
2796,45,3,3,11,0,1,0,0,-10.12,0.05,0.15,637,32.4893,3.04443,0.41706
2797,400,15,15,40,0,0,0,1,80.0,0.05,0.15,637,32.4893,2.11352,0.41706
2798,117,3,3,22,0,1,0,0,-5.28,0.05,0.15,637,32.4893,1.98236,0.41706
2799,400,26,26,64,0,0,0,1,152.0,0.05,0.15,637,32.4893,2.27733,0.41706
2800,400,18,18,57,0,0,0,1,117.7,0.05,0.15,637,32.4893,2.04557,0.41706
2801,400,28,28,67,0,0,0,1,171.6,0.05,0.15,637,32.4893,2.2869,0.41706
2802,97,6,6,15,0,1,0,0,0.92,0.05,0.15,637,32.4893,3.2973,0.41706
2803,141,9,9,26,0,1,0,0,11.15,0.05,0.15,637,32.3705,3.04368,0.41706
2804,192,12,12,23,0,1,0,0,24.27,0.05,0.15,637,32.3705,2.26415,0.41706
2805,191,20,20,44,0,1,0,0,78.6,0.05,0.15,637,32.3705,2.78693,0.41706
2806,400,33,33,86,0,0,0,1,207.65,0.05,0.15,637,32.3705,2.28714,0.41706
2807,400,22,22,58,0,0,0,1,143.4,0.05,0.15,637,32.3705,2.35852,0.41706
2808,13,0,0,5,0,1,0,0,-29.96,0.05,0.15,637,32.3705,7.02262,0.41706
2809,23,1,1,3,0,1,0,0,-26.56,0.05,0.15,637,32.3705,3.87048,0.41706
2810,150,10,10,34,0,1,0,0,35.13,0.05,0.15,637,32.3705,2.49735,0.41732
2811,121,8,8,24,0,1,0,0,25.25,0.05,0.15,637,32.3705,1.93511,0.41732
2812,49,4,4,17,0,1,0,0,-7.19,0.05,0.15,637,32.3705,3.00627,0.41732
2813,17,1,1,7,0,1,0,0,-23.48,0.05,0.15,637,32.3705,5.14833,0.41732
2814,400,30,30,76,0,0,0,1,192.3,0.05,0.15,637,32.3705,2.35207,0.41732
2815,400,28,28,73,0,0,0,1,181.75,0.05,0.15,637,32.3705,2.28054,0.41732
2816,400,22,22,55,0,0,0,1,129.7,0.05,0.15,637,32.3705,2.46615,0.41732
2817,237,23,23,60,0,1,0,0,117.07,0.05,0.15,637,32.3705,2.49125,0.41732
2818,5,0,0,4,0,1,0,0,-36.87,0.05,0.15,637,32.3705,1.51903,0.41732
2819,400,20,20,59,0,0,0,1,123.6,0.05,0.15,637,32.3705,2.29231,0.41732
2820,372,38,38,80,0,1,0,0,200.37,0.05,0.15,637,32.3705,2.53318,0.41732
2821,381,17,17,47,0,1,0,0,62.4,0.05,0.15,637,32.3705,2.55693,0.41758
2822,96,8,8,20,0,1,0,0,16.4,0.05,0.15,637,32.3836,3.095,0.41758
2823,107,7,7,21,0,1,0,0,6.52,0.05,0.15,637,32.3836,2.51698,0.41758
2824,45,6,6,11,0,1,0,0,-0.07,0.05,0.15,637,32.3836,3.57073,0.41758
2825,56,4,4,15,0,1,0,0,-8.1,0.05,0.15,637,32.3946,3.74255,0.41758
2826,5,0,0,3,0,1,0,0,-37.87,0.05,0.15,637,32.3946,4.4978,0.41758
2827,400,43,43,108,0,0,0,1,269.85,0.05,0.15,637,32.3946,2.38052,0.41758
2828,72,7,7,25,0,1,0,0,12.42,0.05,0.15,637,32.3946,2.65945,0.41758
2829,400,28,28,87,0,0,0,1,179.85,0.05,0.15,637,32.3946,2.20709,0.41758
2830,5,0,0,1,0,1,0,0,-36.47,0.05,0.15,637,32.3946,9.23902,0.41758
2831,400,33,33,92,0,0,0,1,213.05,0.05,0.15,637,32.3946,2.13159,0.41784
2832,15,1,1,7,0,1,0,0,-22.57,0.05,0.15,637,32.3946,2.9154,0.41784
2833,5,0,0,3,0,1,0,0,-37.47,0.05,0.15,637,32.3946,1.4741,0.41784
2834,127,14,14,34,0,1,0,0,47.47,0.05,0.15,637,32.3946,2.13209,0.41784
2835,166,23,23,45,0,1,0,0,96.1,0.05,0.15,637,32.3946,2.34589,0.41784
2836,5,0,0,2,0,1,0,0,-32.57,0.05,0.15,637,32.3946,9.45733,0.41784
2837,400,31,31,83,0,0,0,1,199.9,0.05,0.15,637,32.3946,2.26099,0.41784
2838,400,37,37,95,0,0,0,1,251.05,0.05,0.15,637,32.3946,2.12473,0.41784
2839,400,37,37,98,0,0,0,1,239.8,0.05,0.15,637,32.3946,2.37796,0.41784
2840,194,23,23,60,0,1,0,0,109.66,0.05,0.15,637,32.3946,2.5484,0.41784
2841,119,12,12,32,0,1,0,0,47.41,0.05,0.15,637,32.3946,2.67544,0.41784
2842,86,10,10,24,0,1,0,0,32.5,0.05,0.15,637,32.3946,2.59389,0.41784
2843,400,39,39,94,0,0,0,1,244.9,0.05,0.15,637,32.3946,2.38951,0.41784
2844,12,0,0,3,0,1,0,0,-32.58,0.05,0.15,637,32.3946,7.34273,0.41784
2845,400,30,30,78,0,0,0,1,183.55,0.05,0.15,637,32.3946,2.46335,0.41784
2846,48,3,3,15,0,1,0,0,-10.01,0.05,0.15,637,32.3946,2.9102,0.41784
2847,66,6,6,22,0,1,0,0,9.75,0.05,0.15,637,32.3946,2.60547,0.41784
2848,399,44,44,109,0,1,0,0,238.46,0.05,0.15,637,32.3946,2.24464,0.41784
2849,287,34,34,81,0,1,0,0,171.32,0.05,0.15,637,32.3946,2.33263,0.41784
2850,400,43,43,105,0,0,0,1,263.9,0.05,0.15,637,32.3946,2.3078,0.41784
2851,400,37,37,99,0,0,0,1,224.4,0.05,0.15,637,32.3946,2.28197,0.41784
2852,400,40,40,96,0,0,0,1,247.1,0.05,0.15,637,32.3946,2.06535,0.41784
2853,58,5,5,19,0,1,0,0,3.19,0.05,0.15,637,32.3946,2.32924,0.41784
2854,333,37,37,95,0,1,0,0,202.19,0.05,0.15,637,32.3946,2.13959,0.41784
2855,257,26,26,69,0,1,0,0,137.97,0.05,0.15,637,32.3946,2.26598,0.41784
2856,368,26,26,71,0,1,0,0,100.39,0.05,0.15,637,32.3946,2.54296,0.41784
2857,400,39,39,96,0,0,0,1,252.6,0.05,0.15,637,32.3946,2.322,0.41811
2858,69,5,5,16,0,1,0,0,2.61,0.05,0.15,637,32.3946,2.06184,0.41811
2859,400,46,46,107,0,0,0,1,281.2,0.05,0.15,637,32.3946,2.24146,0.41811
2860,329,40,40,95,0,1,0,0,209.66,0.05,0.15,637,32.3946,2.31783,0.41811
2861,400,39,39,89,0,0,0,1,234.85,0.05,0.15,637,32.3946,2.0971,0.41811
2862,400,43,43,100,0,0,0,1,269.0,0.05,0.15,637,32.3946,2.2661,0.41811
2863,121,13,13,35,0,1,0,0,54.0,0.05,0.15,637,32.3946,2.41489,0.41811
2864,400,38,38,99,0,0,0,1,250.35,0.05,0.15,637,32.3946,2.36904,0.41811
2865,400,29,29,70,0,0,0,1,169.2,0.05,0.15,637,32.3946,2.3236,0.41811
2866,400,33,33,85,0,0,0,1,210.95,0.05,0.15,637,32.3946,2.24414,0.41811
2867,146,18,18,46,0,1,0,0,80.65,0.05,0.15,637,32.3946,2.78355,0.41811
2868,270,25,25,71,0,1,0,0,134.88,0.05,0.15,637,32.3946,2.4463,0.41811
2869,400,40,40,89,0,0,0,1,219.15,0.05,0.15,637,32.3946,2.60039,0.41811
2870,347,38,38,94,0,1,0,0,199.67,0.05,0.15,637,32.3946,2.42751,0.41811
2871,400,42,42,98,0,0,0,1,255.65,0.05,0.15,637,32.3946,2.40961,0.41811
2872,146,13,13,43,0,1,0,0,54.45,0.05,0.15,637,32.3946,2.46701,0.41811
2873,400,37,37,88,0,0,0,1,235.95,0.05,0.15,637,32.3946,2.10421,0.41811
2874,178,21,21,53,0,1,0,0,94.19,0.05,0.15,637,32.3946,2.28306,0.41811
2875,356,28,28,77,0,1,0,0,126.7,0.05,0.15,637,32.3946,2.58603,0.41837
2876,166,17,17,43,0,1,0,0,71.75,0.05,0.15,637,32.3946,2.25148,0.41837
2877,243,29,29,64,0,1,0,0,136.49,0.05,0.15,637,32.3946,2.51762,0.41837
2878,209,24,24,64,0,1,0,0,121.16,0.05,0.15,637,32.3946,2.34564,0.41837
2879,7,0,0,5,0,1,0,0,-28.68,0.05,0.15,637,32.3946,6.32789,0.41837
2880,5,0,0,4,0,1,0,0,-37.27,0.05,0.15,637,32.3946,3.53893,0.41837
2881,400,42,42,103,0,0,0,1,263.9,0.05,0.15,637,32.3946,2.18684,0.41837
2882,5,0,0,3,0,1,0,0,-37.47,0.05,0.15,637,32.3946,2.76651,0.41837
2883,400,39,39,104,0,0,0,1,243.75,0.05,0.15,637,32.3946,2.16637,0.41837
2884,122,17,17,35,0,1,0,0,69.27,0.05,0.15,637,32.3946,2.30897,0.41837
2885,400,40,40,82,0,0,0,1,219.45,0.05,0.15,637,32.3946,2.34389,0.41837
2886,221,19,19,52,0,1,0,0,81.3,0.05,0.15,637,32.3946,2.21893,0.41837
2887,60,5,5,16,0,1,0,0,0.68,0.05,0.15,637,32.3946,2.47688,0.41837
2888,32,3,3,13,0,1,0,0,-10.13,0.05,0.15,637,32.3946,3.00948,0.41837
2889,13,0,0,4,0,1,0,0,-31.96,0.05,0.15,637,32.3946,9.07687,0.41837
2890,201,19,19,51,0,1,0,0,82.0,0.05,0.15,637,32.3946,2.36573,0.41837
2891,400,43,43,103,0,0,0,1,258.35,0.05,0.15,637,32.3946,2.12636,0.41837
2892,400,44,44,110,0,0,0,1,280.7,0.05,0.15,637,32.3946,2.12907,0.41837
2893,88,6,6,21,0,1,0,0,9.39,0.05,0.15,637,32.3946,2.70264,0.41837
2894,83,10,10,30,0,1,0,0,31.54,0.05,0.15,637,32.3946,2.30603,0.41837
2895,400,43,43,104,0,0,0,1,253.6,0.05,0.15,637,32.3946,2.1367,0.41837
2896,27,0,0,10,0,1,0,0,-25.13,0.05,0.15,637,32.3946,3.71893,0.41837
2897,298,29,29,64,0,1,0,0,127.29,0.05,0.15,637,32.3946,2.45387,0.41837
2898,126,15,15,37,0,1,0,0,56.1,0.05,0.15,637,32.3946,2.86954,0.41837
2899,13,0,0,4,0,1,0,0,-31.96,0.05,0.15,637,32.3946,9.16024,0.41837
2900,146,19,19,42,0,1,0,0,64.5,0.05,0.15,637,32.3946,2.98699,0.41837
2901,153,13,13,54,0,1,0,0,61.89,0.05,0.15,637,32.3946,2.6202,0.41837
2902,122,14,14,32,0,1,0,0,55.57,0.05,0.15,637,32.3946,3.13319,0.41837
2903,78,8,8,28,0,1,0,0,18.54,0.05,0.15,637,32.3946,3.75221,0.41863
2904,400,38,38,102,0,0,0,1,228.7,0.05,0.15,637,32.3946,2.40323,0.41863
2905,299,33,33,91,0,1,0,0,176.51,0.05,0.15,637,32.3946,2.39625,0.41863
2906,400,40,40,96,0,0,0,1,245.75,0.05,0.15,637,32.3946,2.31187,0.41863
2907,78,10,10,32,0,1,0,0,27.54,0.05,0.15,637,32.3946,2.75737,0.41863
2908,239,24,24,54,0,1,0,0,97.36,0.05,0.15,637,32.3946,2.38043,0.41863
2909,389,37,37,99,0,1,0,0,191.96,0.05,0.15,637,32.3946,2.35393,0.41863
2910,400,38,38,98,0,0,0,1,242.5,0.05,0.15,637,32.3946,1.90653,0.41889
2911,400,41,41,101,0,0,0,1,258.1,0.05,0.15,637,32.3946,2.1096,0.41889
2912,400,41,41,94,0,0,0,1,259.95,0.05,0.15,637,32.3946,2.10707,0.41889
2913,79,10,10,20,0,1,0,0,25.21,0.05,0.15,637,32.3946,2.30052,0.41889
2914,167,16,16,47,0,1,0,0,74.02,0.05,0.15,637,32.3946,2.4704,0.41889
2915,33,1,1,8,0,1,0,0,-23.91,0.05,0.15,637,32.3946,2.77345,0.41889
2916,400,41,41,111,0,0,0,1,268.95,0.05,0.15,637,32.3946,2.18832,0.41889
2917,15,0,0,8,0,1,0,0,-30.97,0.05,0.15,637,32.3946,6.58069,0.41889
2918,400,40,40,99,0,0,0,1,246.95,0.05,0.15,637,32.3946,1.91539,0.41889
2919,400,39,39,105,0,0,0,1,250.45,0.05,0.15,637,32.3946,1.96956,0.41889
2920,127,17,17,38,0,1,0,0,67.82,0.05,0.15,637,32.3946,2.79919,0.41889
2921,400,40,40,96,0,0,0,1,240.05,0.05,0.15,637,32.3946,2.10137,0.41889
2922,400,42,42,100,0,0,0,1,257.8,0.05,0.15,637,32.3946,2.10289,0.41889
2923,400,42,42,97,0,0,0,1,247.25,0.05,0.15,637,32.3946,2.24209,0.41889
2924,400,41,41,103,0,0,0,1,255.1,0.05,0.15,637,32.3946,2.117,0.41889
2925,17,2,2,7,0,1,0,0,-18.38,0.05,0.15,637,32.3946,3.9449,0.41889
2926,144,14,14,41,0,1,0,0,53.96,0.05,0.15,637,32.3946,2.46795,0.41889
2927,33,3,3,13,0,1,0,0,-11.06,0.05,0.15,637,32.3946,3.91885,0.41889
2928,205,25,25,55,0,1,0,0,110.43,0.05,0.15,637,32.3946,2.46039,0.41889
2929,85,9,9,26,0,1,0,0,25.53,0.05,0.15,637,32.3946,2.52157,0.41889
2930,17,2,2,7,0,1,0,0,-19.53,0.05,0.15,637,32.3946,3.39075,0.41889
2931,400,41,41,99,0,0,0,1,249.05,0.05,0.15,637,32.3946,2.13671,0.41889
2932,400,37,37,98,0,0,0,1,239.75,0.05,0.15,637,32.3946,2.18995,0.41889
2933,26,3,3,11,0,1,0,0,-15.75,0.05,0.15,637,32.3946,3.42892,0.41889
2934,67,5,5,14,0,1,0,0,0.62,0.05,0.15,637,32.3946,2.65322,0.41889
2935,400,35,35,83,0,0,0,1,214.05,0.05,0.15,637,32.3946,1.95739,0.41889
2936,400,40,40,93,0,0,0,1,245.75,0.05,0.15,638,32.3946,2.04203,0.4185
2937,77,8,8,22,0,1,0,0,9.67,0.05,0.15,638,32.3946,2.93234,0.4185
2938,371,37,37,87,0,1,0,0,187.1,0.05,0.15,638,32.3946,2.35229,0.4185
2939,77,3,3,27,0,1,0,0,2.87,0.05,0.15,638,32.3946,2.55729,0.4185
2940,400,43,43,105,0,0,0,1,276.05,0.05,0.15,639,32.3946,2.22237,0.4181
2941,400,41,41,113,0,0,0,1,266.8,0.05,0.15,639,32.3946,2.00256,0.4181
2942,125,14,14,43,0,1,0,0,64.78,0.05,0.15,639,32.3946,2.47386,0.4181
2943,134,11,11,33,0,1,0,0,41.61,0.05,0.15,639,32.3946,2.74766,0.4181
2944,323,37,37,86,0,1,0,0,192.14,0.05,0.15,639,32.3946,2.43128,0.4181
2945,100,16,16,36,0,1,0,0,55.88,0.05,0.15,639,32.3946,2.73805,0.4181
2946,400,40,40,99,0,0,0,1,255.7,0.05,0.15,639,32.3946,2.28595,0.4181
2947,400,40,40,102,0,0,0,1,250.15,0.05,0.15,639,32.3946,2.11932,0.4181
2948,176,19,19,52,0,1,0,0,90.15,0.05,0.15,639,32.3946,2.02491,0.4181
2949,141,15,15,46,0,1,0,0,70.65,0.05,0.15,639,32.3946,2.40176,0.4181
2950,400,36,36,95,0,0,0,1,232.7,0.05,0.15,639,32.3946,2.02328,0.4181
2951,400,43,43,103,0,0,0,1,260.2,0.05,0.15,639,32.3946,2.26653,0.4181
2952,400,36,36,90,0,0,0,1,229.9,0.05,0.15,639,32.3946,2.15608,0.4181
2953,400,43,43,103,0,0,0,1,253.45,0.05,0.15,639,32.3946,2.00333,0.4181
2954,5,0,0,3,0,1,0,0,-29.92,0.05,0.15,639,32.3946,8.33709,0.4181
2955,400,38,38,103,0,0,0,1,250.35,0.05,0.15,639,32.3946,2.19384,0.4181
2956,357,38,38,96,0,1,0,0,207.92,0.05,0.15,640,32.3946,2.03539,0.41771
2957,5,0,0,2,0,1,0,0,-36.82,0.05,0.15,640,32.3946,6.56034,0.41771
2958,400,39,39,100,0,0,0,1,250.2,0.05,0.15,640,32.3946,2.12773,0.41771
2959,68,8,8,21,0,1,0,0,12.54,0.05,0.15,640,32.3946,1.86537,0.41771
2960,400,43,43,105,0,0,0,1,267.25,0.05,0.15,640,32.3946,1.96581,0.41771
2961,222,28,28,72,0,1,0,0,134.62,0.05,0.15,640,32.3946,2.31208,0.41771
2962,400,41,41,105,0,0,0,1,259.9,0.05,0.15,640,32.3946,2.1592,0.41771
2963,400,33,33,90,0,0,0,1,218.65,0.05,0.15,640,32.3946,2.13677,0.41771
2964,400,36,36,91,0,0,0,1,241.4,0.05,0.15,640,32.3946,1.9344,0.41771
2965,400,40,40,95,0,0,0,1,244.25,0.05,0.15,640,32.3946,2.00829,0.41771
2966,148,14,14,40,0,1,0,0,62.69,0.05,0.15,640,32.3946,1.98125,0.41771
2967,128,12,12,41,0,1,0,0,53.34,0.05,0.15,640,32.3946,2.3126,0.41771
2968,400,41,41,96,0,0,0,1,250.35,0.05,0.15,640,32.3946,2.06495,0.41771
2969,400,46,46,115,0,0,0,1,286.8,0.05,0.15,640,32.3946,2.1677,0.41771
2970,287,33,33,82,0,1,0,0,173.37,0.05,0.15,640,32.3946,2.29343,0.41771
2971,153,18,18,46,0,1,0,0,79.99,0.05,0.15,640,32.3946,2.35431,0.41771
2972,400,37,37,98,0,0,0,1,240.55,0.05,0.15,640,32.3946,1.79612,0.41771
2973,400,40,40,97,0,0,0,1,244.75,0.05,0.15,640,32.3946,2.05874,0.41771
2974,52,8,8,21,0,1,0,0,13.57,0.05,0.15,640,32.3946,2.65354,0.41771
2975,400,42,42,109,0,0,0,1,268.35,0.05,0.15,640,32.3946,2.11729,0.41771
2976,400,39,39,96,0,0,0,1,242.7,0.05,0.15,640,32.3946,2.08986,0.41771
2977,400,46,46,94,0,0,0,1,270.2,0.05,0.15,640,32.3946,1.8958,0.41771
2978,196,22,22,56,0,1,0,0,105.3,0.05,0.15,640,32.3946,2.3325,0.41771
2979,17,1,1,5,0,1,0,0,-24.83,0.05,0.15,640,32.3946,4.95006,0.41771
2980,5,0,0,1,0,1,0,0,-32.77,0.05,0.15,640,32.3946,15.33579,0.41771
2981,22,2,2,9,0,1,0,0,-16.53,0.05,0.15,640,32.3946,4.25304,0.41771
2982,400,41,41,104,0,0,0,1,223.6,0.05,0.15,640,32.3946,2.66356,0.41771
2983,60,9,9,24,0,1,0,0,16.78,0.05,0.15,640,32.3946,3.4033,0.41771
2984,131,16,16,46,0,1,0,0,61.8,0.05,0.15,640,32.3946,3.16534,0.41771
2985,89,6,6,29,0,1,0,0,8.11,0.05,0.15,640,32.3946,3.82754,0.41771
2986,13,0,0,3,0,1,0,0,-32.56,0.05,0.15,640,32.3946,8.89775,0.41771
2987,181,16,16,51,0,1,0,0,72.75,0.05,0.15,640,32.3946,2.52753,0.41771
2988,400,42,42,110,0,0,0,1,258.6,0.05,0.15,640,32.3946,2.29938,0.41771
2989,400,40,40,98,0,0,0,1,238.25,0.05,0.15,640,32.3946,2.40615,0.41771
2990,400,44,44,114,0,0,0,1,283.85,0.05,0.15,640,32.3946,2.40916,0.41771
2991,214,23,23,65,0,1,0,0,114.36,0.05,0.15,640,32.3946,2.28473,0.41771
2992,84,10,10,27,0,1,0,0,26.76,0.05,0.15,640,32.3946,2.88241,0.41771
2993,103,7,7,27,0,1,0,0,21.49,0.05,0.15,640,32.3946,2.49597,0.41771
2994,400,40,40,89,0,0,0,1,259.85,0.05,0.15,640,32.3946,2.01675,0.41771
2995,54,5,5,15,0,1,0,0,-4.14,0.05,0.15,640,32.3946,3.28632,0.41771
2996,400,30,30,78,0,0,0,1,187.8,0.05,0.15,640,32.3946,2.23398,0.41771
2997,123,5,5,20,0,1,0,0,-2.46,0.05,0.15,640,32.3946,2.44085,0.41771
2998,400,35,35,84,0,0,0,1,216.45,0.05,0.15,640,32.3946,2.1373,0.41771
2999,170,19,19,40,0,1,0,0,81.98,0.05,0.15,640,32.3946,2.60361,0.41771
3000,27,1,1,9,0,1,0,0,-20.78,0.05,0.15,640,32.3946,5.73832,0.41771
