round,steps,score,coins,crates,kills,suicides,invalid,survived,total_reward,epsilon,alpha,n_states,max_abs_q,mean_abs_td,coverage
1,37,0,0,7,0,1,0,0,-19.237,0.99917,0.15,631,31.5246,3.94232,0.42102
2,14,0,0,4,0,1,0,0,-27.652,0.99833,0.15,631,31.5246,5.99962,0.42102
3,5,0,0,4,0,1,0,0,-33.208,0.9975,0.15,631,31.5246,1.61481,0.42102
4,23,0,0,5,0,1,0,0,-20.569,0.99667,0.15,631,31.5246,2.8361,0.42102
5,16,0,0,6,0,1,0,0,-23.489,0.99584,0.15,631,31.5246,4.81271,0.42102
6,5,0,0,2,0,1,0,0,-34.406,0.99501,0.15,631,31.5246,2.55053,0.42102
7,5,0,0,4,0,1,0,0,-33.208,0.99418,0.15,631,31.5246,1.22064,0.42102
8,14,0,0,3,0,1,0,0,-28.417,0.99336,0.15,631,31.5246,4.73834,0.42102
9,5,0,0,4,0,1,0,0,-32.808,0.99253,0.15,631,31.5246,1.2912,0.42102
10,5,0,0,3,0,1,0,0,-33.804,0.9917,0.15,631,31.5246,3.2283,0.42102
11,7,0,0,1,0,1,0,0,-31.758,0.99088,0.15,631,31.5246,5.38515,0.42102
12,91,0,0,10,0,1,0,0,-20.462,0.99005,0.15,631,31.5246,4.27612,0.42102
13,25,0,0,5,0,1,0,0,-24.758,0.98923,0.15,631,31.5246,7.4738,0.42102
14,6,0,0,1,0,1,0,0,-34.952,0.9884,0.15,631,31.5246,7.93874,0.42102
15,20,0,0,3,0,1,0,0,-27.219,0.98758,0.15,631,31.5246,4.60525,0.42102
16,12,0,0,4,0,1,0,0,-31.194,0.98676,0.15,631,31.5246,4.58144,0.42102
17,7,0,0,1,0,1,0,0,-29.9,0.98593,0.15,631,31.5246,8.44767,0.42102
18,34,0,0,10,0,1,0,0,-26.596,0.98511,0.15,631,31.5246,4.6907,0.42102
19,35,0,0,12,0,1,0,0,-24.484,0.98429,0.15,631,31.5246,4.37822,0.42102
20,7,0,0,6,0,1,0,0,-28.604,0.98347,0.15,631,31.5246,5.46836,0.42102
21,15,0,0,4,0,1,0,0,-25.973,0.98265,0.15,631,31.5246,6.22519,0.42102
22,13,0,0,3,0,1,0,0,-29.188,0.98183,0.15,631,31.5246,4.00361,0.42102
23,8,0,0,4,0,1,0,0,-28.046,0.98102,0.15,631,31.5246,5.31001,0.42102
24,17,0,0,3,0,1,0,0,-27.564,0.9802,0.15,631,31.5246,6.27923,0.42102
25,13,0,0,3,0,1,0,0,-31.75,0.97938,0.15,631,31.5246,7.04668,0.42102
26,15,0,0,3,0,1,0,0,-25.342,0.97857,0.15,631,31.5246,3.95813,0.42102
27,10,0,0,3,0,1,0,0,-32.952,0.97775,0.15,631,31.5246,4.61736,0.42102
28,7,0,0,3,0,1,0,0,-33.406,0.97694,0.15,631,31.5246,5.029,0.42102
29,16,0,0,2,0,1,0,0,-29.16,0.97612,0.15,631,31.5246,4.05525,0.42102
30,56,0,0,8,0,1,0,0,-22.965,0.97531,0.15,631,31.5246,4.07508,0.42102
31,8,0,0,4,0,1,0,0,-33.052,0.9745,0.15,631,31.5246,3.95321,0.42102
32,5,0,0,2,0,1,0,0,-34.408,0.97369,0.15,631,31.5246,2.34413,0.42102
33,5,0,0,3,0,1,0,0,-33.408,0.97287,0.15,631,31.5246,1.63315,0.42102
34,44,1,1,8,0,1,0,0,-18.273,0.97206,0.15,631,31.5246,3.81997,0.42102
35,7,0,0,2,0,1,0,0,-34.006,0.97125,0.15,631,31.5246,4.72432,0.42102
36,5,0,0,3,0,1,0,0,-28.454,0.97045,0.15,631,31.5246,9.26354,0.42102
37,5,0,0,4,0,1,0,0,-33.208,0.96964,0.15,631,31.5246,1.82562,0.42102
38,5,0,0,3,0,1,0,0,-33.808,0.96883,0.15,631,31.5246,2.67605,0.42102
39,19,0,0,5,0,1,0,0,-28.305,0.96802,0.15,631,31.5246,4.37686,0.42102
40,16,0,0,2,0,1,0,0,-29.867,0.96722,0.15,631,31.5246,5.93551,0.42102
41,10,0,0,3,0,1,0,0,-31.358,0.96641,0.15,631,31.5246,3.35355,0.42102
42,11,0,0,4,0,1,0,0,-29.244,0.96561,0.15,631,31.5246,4.89127,0.42102
43,36,0,0,8,0,1,0,0,-21.267,0.9648,0.15,631,31.5246,4.23979,0.42102
44,26,0,0,2,0,1,0,0,-31.797,0.964,0.15,631,31.5246,4.46635,0.42102
45,88,0,0,10,0,1,0,0,-26.37,0.96319,0.15,631,31.5246,4.58091,0.42102
46,5,0,0,3,0,1,0,0,-33.408,0.96239,0.15,631,31.5246,1.47601,0.42102
47,5,0,0,3,0,1,0,0,-32.152,0.96159,0.15,631,31.5246,2.0735,0.42102
48,11,0,0,3,0,1,0,0,-31.708,0.96079,0.15,631,31.5246,3.66351,0.42102
49,5,0,0,3,0,1,0,0,-32.152,0.95999,0.15,631,31.5246,1.49221,0.42102
50,10,0,0,2,0,1,0,0,-30.656,0.95919,0.15,631,31.5246,6.17289,0.42102
51,24,0,0,9,0,1,0,0,-23.421,0.95839,0.15,631,31.5246,4.68983,0.42102
52,21,0,0,4,0,1,0,0,-30.14,0.95759,0.15,631,31.5246,5.88187,0.42102
53,6,0,0,4,0,1,0,0,-33.152,0.95679,0.15,631,31.5246,7.77259,0.42102
54,22,0,0,6,0,1,0,0,-26.815,0.956,0.15,631,31.5246,4.86253,0.42102
55,42,0,0,5,0,1,0,0,-20.469,0.9552,0.15,631,31.5246,3.73829,0.42102
56,5,0,0,4,0,1,0,0,-33.206,0.95441,0.15,631,31.5246,1.3386,0.42102
57,19,0,0,3,0,1,0,0,-26.065,0.95361,0.15,631,31.5246,4.80356,0.42102
58,5,0,0,2,0,1,0,0,-34.408,0.95282,0.15,631,31.5246,2.19065,0.42102
59,5,0,0,3,0,1,0,0,-30.504,0.95202,0.15,631,31.5246,5.01629,0.42102
60,13,0,0,5,0,1,0,0,-25.538,0.95123,0.15,631,31.5246,5.47509,0.42102
61,12,0,0,7,0,1,0,0,-26.246,0.95044,0.15,631,31.5246,7.29226,0.42102
62,6,0,0,4,0,1,0,0,-33.156,0.94965,0.15,631,31.5246,4.80807,0.42102
63,7,0,0,3,0,1,0,0,-33.406,0.94885,0.15,631,31.5246,3.42067,0.42102
64,5,0,0,3,0,1,0,0,-33.408,0.94806,0.15,631,31.5246,1.8433,0.42102
65,21,0,0,3,0,1,0,0,-24.792,0.94727,0.15,631,31.5246,3.73657,0.42102
66,5,0,0,3,0,1,0,0,-32.156,0.94649,0.15,631,31.5246,6.6872,0.42102
67,6,0,0,3,0,1,0,0,-33.756,0.9457,0.15,631,31.5246,4.04907,0.42102
68,54,0,0,6,0,1,0,0,-22.252,0.94491,0.15,631,31.5246,3.84203,0.42102
69,5,0,0,3,0,1,0,0,-33.808,0.94412,0.15,631,31.5246,0.54295,0.42102
70,8,0,0,2,0,1,0,0,-25.984,0.94334,0.15,631,31.5246,6.54292,0.42102
71,30,1,1,11,0,1,0,0,-20.131,0.94255,0.15,631,31.5246,5.90006,0.42102
72,5,0,0,3,0,1,0,0,-33.808,0.94176,0.15,631,31.5246,1.43814,0.42102
73,5,0,0,4,0,1,0,0,-34.852,0.94098,0.15,631,31.5246,7.22752,0.42102
74,16,1,1,4,0,1,0,0,-22.213,0.9402,0.15,631,31.5246,6.95222,0.42102
75,14,0,0,5,0,1,0,0,-28.444,0.93941,0.15,631,31.5246,6.42305,0.42102
76,11,0,0,2,0,1,0,0,-29.95,0.93863,0.15,631,31.5246,5.2587,0.42102
77,5,0,0,4,0,1,0,0,-32.808,0.93785,0.15,631,31.5246,1.27222,0.42102
78,24,0,0,9,0,1,0,0,-20.405,0.93707,0.15,631,31.5246,5.29019,0.42102
79,21,0,0,7,0,1,0,0,-27.137,0.93629,0.15,631,31.5246,5.14818,0.42129
80,11,0,0,3,0,1,0,0,-30.056,0.93551,0.15,631,31.5246,2.62487,0.42129
81,15,0,0,4,0,1,0,0,-25.967,0.93473,0.15,631,31.5246,5.22313,0.42129
82,16,0,0,5,0,1,0,0,-26.535,0.93395,0.15,631,31.5246,4.15022,0.42129
83,8,0,0,2,0,1,0,0,-33.546,0.93317,0.15,631,31.5246,5.04364,0.42129
84,28,0,0,6,0,1,0,0,-28.874,0.93239,0.15,631,31.5246,6.36286,0.42129
85,28,0,0,6,0,1,0,0,-26.835,0.93162,0.15,631,31.5246,3.48867,0.42129
86,26,0,0,7,0,1,0,0,-24.913,0.93084,0.15,631,31.5246,3.8685,0.42129
87,5,0,0,3,0,1,0,0,-33.808,0.93007,0.15,631,31.5246,1.68325,0.42129
88,22,0,0,9,0,1,0,0,-22.515,0.92929,0.15,631,31.5246,4.1198,0.42129
89,59,1,1,13,0,1,0,0,-14.199,0.92852,0.15,631,31.5246,3.82424,0.42129
90,9,0,0,3,0,1,0,0,-33.302,0.92774,0.15,631,31.5246,3.79998,0.42129
91,39,1,1,9,0,1,0,0,-19.187,0.92697,0.15,631,31.5246,5.55819,0.42129
92,5,0,0,4,0,1,0,0,-33.208,0.9262,0.15,631,31.5246,1.02786,0.42129
93,5,0,0,4,0,1,0,0,-33.208,0.92543,0.15,631,31.5246,0.32631,0.42129
94,28,0,0,7,0,1,0,0,-26.469,0.92466,0.15,632,31.5246,6.96619,0.42089
95,15,0,0,5,0,1,0,0,-30.346,0.92389,0.15,632,31.5246,6.36476,0.42089
96,5,0,0,4,0,1,0,0,-33.208,0.92312,0.15,632,31.5246,0.94022,0.42089
97,14,0,0,3,0,1,0,0,-31.302,0.92235,0.15,632,31.5246,5.15948,0.42089
98,19,0,0,1,0,1,0,0,-31.934,0.92158,0.15,632,31.5246,4.28669,0.42089
99,5,0,0,4,0,1,0,0,-32.804,0.92081,0.15,632,31.5246,4.17494,0.42089
100,49,0,0,8,0,1,0,0,-21.22,0.92004,0.15,632,31.5246,3.58623,0.42089
101,34,0,0,4,0,1,0,0,-25.555,0.91928,0.15,632,31.5246,3.64139,0.42089
102,47,0,0,10,0,1,0,0,-23.231,0.91851,0.15,632,31.5246,5.4527,0.42089
103,6,0,0,1,0,1,0,0,-30.114,0.91775,0.15,632,31.5246,6.44854,0.42089
104,13,0,0,4,0,1,0,0,-31.152,0.91698,0.15,632,31.5246,4.89753,0.42089
105,23,0,0,5,0,1,0,0,-28.118,0.91622,0.15,632,31.5246,5.65167,0.42089
106,27,0,0,12,0,1,0,0,-19.755,0.91546,0.15,632,31.5246,5.13784,0.42089
107,5,0,0,4,0,1,0,0,-33.206,0.91469,0.15,632,31.5246,1.90779,0.42089
108,18,0,0,3,0,1,0,0,-29.286,0.91393,0.15,632,31.5246,6.62999,0.42089
109,14,0,0,4,0,1,0,0,-27.694,0.91317,0.15,632,31.5246,3.85238,0.42089
110,7,0,0,3,0,1,0,0,-33.342,0.91241,0.15,632,31.5246,5.9092,0.42089
111,5,0,0,2,0,1,0,0,-31.062,0.91165,0.15,632,31.5246,5.86722,0.42089
112,21,0,0,5,0,1,0,0,-29.844,0.91089,0.15,632,31.5246,5.29207,0.42089
113,7,0,0,3,0,1,0,0,-30.158,0.91013,0.15,632,31.5246,3.58299,0.42089
114,10,0,0,1,0,1,0,0,-29.5,0.90937,0.15,632,31.5246,7.32703,0.42089
115,5,0,0,3,0,1,0,0,-33.402,0.90862,0.15,632,31.5246,6.68359,0.42089
116,5,0,0,3,0,1,0,0,-33.808,0.90786,0.15,632,31.5246,1.47037,0.42089
117,7,0,0,3,0,1,0,0,-31.748,0.9071,0.15,632,31.5246,4.648,0.42089
118,7,0,0,3,0,1,0,0,-33.406,0.90635,0.15,632,31.5246,4.21097,0.42089
119,7,0,0,5,0,1,0,0,-29.204,0.90559,0.15,632,31.5246,4.38445,0.42089
120,24,0,0,5,0,1,0,0,-27.158,0.90484,0.15,632,31.5246,4.76668,0.42089
121,6,0,0,3,0,1,0,0,-33.356,0.90408,0.15,632,31.5246,3.85404,0.42089
122,22,0,0,4,0,1,0,0,-26.02,0.90333,0.15,632,31.5246,4.72055,0.42089
123,19,0,0,5,0,1,0,0,-29.648,0.90258,0.15,632,31.5246,4.70964,0.42089
124,5,0,0,4,0,1,0,0,-32.808,0.90183,0.15,632,31.5246,2.0666,0.42089
125,8,0,0,2,0,1,0,0,-33.556,0.90108,0.15,632,31.5246,3.85271,0.42089
126,26,0,0,4,0,1,0,0,-26.618,0.90032,0.15,632,31.5246,3.46653,0.42089
127,29,0,0,9,0,1,0,0,-21.546,0.89957,0.15,632,31.5246,2.36271,0.42089
128,48,0,0,10,0,1,0,0,-19.461,0.89883,0.15,632,31.5246,4.53871,0.42089
129,6,0,0,1,0,1,0,0,-31.806,0.89808,0.15,632,31.5246,8.30035,0.42089
130,8,0,0,4,0,1,0,0,-32.756,0.89733,0.15,632,31.5246,3.41025,0.42089
131,24,0,0,9,0,1,0,0,-23.499,0.89658,0.15,632,31.5246,4.7795,0.42089
132,31,0,0,7,0,1,0,0,-24.317,0.89583,0.15,632,31.5246,3.93631,0.42089
133,30,0,0,6,0,1,0,0,-21.367,0.89509,0.15,632,31.5246,3.74107,0.42089
134,21,0,0,6,0,1,0,0,-23.6,0.89434,0.15,632,31.5246,5.1394,0.42089
135,5,0,0,2,0,1,0,0,-34.406,0.8936,0.15,632,31.5246,2.93657,0.42089
136,5,0,0,4,0,1,0,0,-33.202,0.89285,0.15,632,31.5246,7.04096,0.42089
137,8,0,0,4,0,1,0,0,-32.754,0.89211,0.15,632,31.5246,3.50042,0.42089
138,14,0,0,4,0,1,0,0,-25.635,0.89137,0.15,632,31.5246,4.4186,0.42089
139,18,0,0,3,0,1,0,0,-24.167,0.89062,0.15,632,31.5246,4.69537,0.42089
140,14,0,0,4,0,1,0,0,-27.827,0.88988,0.15,632,31.5246,3.08514,0.42089
141,5,0,0,4,0,1,0,0,-33.208,0.88914,0.15,632,31.5246,1.48416,0.42089
142,8,0,0,6,0,1,0,0,-27.756,0.8884,0.15,632,31.5246,4.22304,0.42089
143,5,0,0,3,0,1,0,0,-33.808,0.88766,0.15,632,31.5246,1.11234,0.42089
144,6,0,0,2,0,1,0,0,-32.656,0.88692,0.15,632,31.5246,4.13465,0.42089
145,7,0,0,4,0,1,0,0,-32.806,0.88618,0.15,632,31.5246,3.79762,0.42089
146,8,0,0,4,0,1,0,0,-32.754,0.88544,0.15,632,31.5246,3.2035,0.42089
147,26,0,0,7,0,1,0,0,-19.232,0.88471,0.15,632,31.5246,4.39621,0.42089
148,7,0,0,4,0,1,0,0,-32.806,0.88397,0.15,632,31.5246,2.89204,0.42089
149,6,0,0,2,0,1,0,0,-31.206,0.88323,0.15,632,31.5246,7.51861,0.42089
150,8,0,0,2,0,1,0,0,-25.856,0.8825,0.15,632,31.5246,8.00624,0.42089
151,38,0,0,10,0,1,0,0,-24.644,0.88176,0.15,632,31.5246,4.58488,0.42089
152,5,0,0,3,0,1,0,0,-33.808,0.88103,0.15,632,31.5246,1.10677,0.42089
153,44,0,0,8,0,1,0,0,-20.59,0.88029,0.15,632,31.5246,4.36387,0.42089
154,32,0,0,6,0,1,0,0,-20.743,0.87956,0.15,632,31.5246,4.22886,0.42089
155,7,0,0,1,0,1,0,0,-30.104,0.87883,0.15,632,31.5246,7.53318,0.42089
156,11,0,0,4,0,1,0,0,-29.306,0.8781,0.15,632,31.5246,7.68747,0.42089
157,19,0,0,5,0,1,0,0,-25.029,0.87736,0.15,632,31.5246,5.30095,0.42089
158,16,0,0,4,0,1,0,0,-29.361,0.87663,0.15,632,31.5246,5.385,0.42089
159,7,0,0,5,0,1,0,0,-27.554,0.8759,0.15,632,31.5246,3.86924,0.42089
160,8,0,0,2,0,1,0,0,-32.76,0.87517,0.15,632,31.5246,4.56298,0.42089
161,23,0,0,3,0,1,0,0,-26.055,0.87444,0.15,632,31.5246,3.13042,0.42089
162,7,0,0,4,0,1,0,0,-32.806,0.87372,0.15,632,31.5246,3.69437,0.42089
163,7,0,0,4,0,1,0,0,-32.806,0.87299,0.15,632,31.5246,3.35408,0.42089
164,11,0,0,4,0,1,0,0,-32.3,0.87226,0.15,632,31.5246,4.24953,0.42089
165,12,0,0,2,0,1,0,0,-33.448,0.87153,0.15,632,31.5246,3.66392,0.42089
166,5,0,0,4,0,1,0,0,-33.208,0.87081,0.15,632,31.5246,0.85437,0.42089
167,40,0,0,8,0,1,0,0,-26.538,0.87008,0.15,632,31.5246,4.81633,0.42089
168,6,0,0,3,0,1,0,0,-31.86,0.86936,0.15,632,31.5246,4.35806,0.42089
169,14,0,0,6,0,1,0,0,-20.497,0.86863,0.15,632,31.5246,4.47665,0.42089
170,25,0,0,10,0,1,0,0,-24.532,0.86791,0.15,632,31.5246,3.71191,0.42089
171,13,0,0,3,0,1,0,0,-28.794,0.86719,0.15,632,31.5246,5.33701,0.42089
172,22,0,0,11,0,1,0,0,-20.208,0.86647,0.15,632,31.5246,5.92472,0.42089
173,13,0,0,5,0,1,0,0,-26.855,0.86574,0.15,632,31.5246,3.46788,0.42089
174,29,1,1,7,0,1,0,0,-22.043,0.86502,0.15,632,31.5246,5.01129,0.42089
175,29,0,0,8,0,1,0,0,-21.921,0.8643,0.15,632,31.5246,5.29551,0.42089
176,7,0,0,5,0,1,0,0,-28.748,0.86358,0.15,632,31.5246,6.58602,0.42089
177,39,0,0,5,0,1,0,0,-22.855,0.86286,0.15,632,31.5246,3.0696,0.42089
178,5,0,0,3,0,1,0,0,-33.804,0.86214,0.15,632,31.5246,2.84581,0.42089
179,8,0,0,4,0,1,0,0,-32.754,0.86143,0.15,632,31.5246,3.95894,0.42089
180,74,1,1,20,0,1,0,0,-4.676,0.86071,0.15,632,31.5246,4.27127,0.42089
181,5,0,0,2,0,1,0,0,-32.352,0.85999,0.15,632,31.5246,1.20812,0.42089
182,5,0,0,3,0,1,0,0,-33.808,0.85927,0.15,632,31.5246,0.75488,0.42089
183,6,0,0,4,0,1,0,0,-33.156,0.85856,0.15,632,31.5246,4.42704,0.42089
184,5,0,0,3,0,1,0,0,-33.406,0.85784,0.15,632,31.5246,1.86023,0.42089
185,7,0,0,4,0,1,0,0,-33.104,0.85713,0.15,632,31.5246,3.70832,0.42089
186,7,0,0,4,0,1,0,0,-32.802,0.85642,0.15,632,31.5246,4.97392,0.42089
187,24,1,1,6,0,1,0,0,-21.651,0.8557,0.15,632,31.5246,4.50163,0.42089
188,7,0,0,4,0,1,0,0,-32.804,0.85499,0.15,632,31.5246,3.85174,0.42089
189,17,0,0,5,0,1,0,0,-24.221,0.85428,0.15,632,31.5246,4.84664,0.42089
190,12,0,0,5,0,1,0,0,-29.052,0.85357,0.15,632,31.5246,6.00398,0.42089
191,52,1,1,7,0,1,0,0,-24.766,0.85285,0.15,632,31.5246,4.24867,0.42089
192,5,0,0,4,0,1,0,0,-34.852,0.85214,0.15,632,31.5246,6.72496,0.42089
193,48,0,0,9,0,1,0,0,-22.345,0.85143,0.15,632,31.5246,3.9088,0.42089
194,11,0,0,4,0,1,0,0,-32.302,0.85072,0.15,632,31.5246,2.53576,0.42089
195,20,0,0,7,0,1,0,0,-21.748,0.85002,0.15,632,31.5246,3.60184,0.42089
196,98,0,0,12,0,1,0,0,-14.898,0.84931,0.15,632,31.5246,3.24852,0.42089
197,5,0,0,4,0,1,0,0,-33.204,0.8486,0.15,632,31.5246,1.26924,0.42089
198,23,0,0,8,0,1,0,0,-24.811,0.84789,0.15,632,31.5246,2.58236,0.42089
199,10,0,0,4,0,1,0,0,-29.414,0.84719,0.15,632,31.5246,3.47844,0.42089
200,5,0,0,3,0,1,0,0,-33.806,0.84648,0.15,632,31.5246,1.60328,0.42089
201,29,0,0,6,0,1,0,0,-20.3,0.84578,0.15,632,31.5246,3.64793,0.42089
202,25,0,0,5,0,1,0,0,-27.938,0.84507,0.15,632,31.5246,3.51065,0.42089
203,6,0,0,1,0,1,0,0,-29.756,0.84437,0.15,632,31.5246,6.95241,0.42089
204,6,0,0,3,0,1,0,0,-33.754,0.84366,0.15,632,31.5246,4.00493,0.42089
205,8,0,0,4,0,1,0,0,-32.696,0.84296,0.15,632,31.5246,3.85586,0.42089
206,15,0,0,3,0,1,0,0,-28.111,0.84226,0.15,632,31.5246,4.78857,0.42089
207,28,0,0,10,0,1,0,0,-17.809,0.84156,0.15,632,31.5246,3.77546,0.42089
208,7,0,0,1,0,1,0,0,-32.906,0.84086,0.15,632,31.5246,8.91632,0.42089
209,43,0,0,11,0,1,0,0,-23.435,0.84016,0.15,632,31.5246,4.01197,0.42089
210,61,1,1,10,0,1,0,0,-19.274,0.83946,0.15,632,31.5246,2.91934,0.42089
211,90,1,1,15,0,1,0,0,-18.306,0.83876,0.15,633,31.5246,3.26601,0.42048
212,24,0,0,4,0,1,0,0,-28.343,0.83806,0.15,633,31.5246,2.42968,0.42048
213,5,0,0,4,0,1,0,0,-33.206,0.83736,0.15,633,31.5246,1.22375,0.42048
214,27,0,0,4,0,1,0,0,-25.87,0.83666,0.15,633,31.5246,3.44677,0.42048
215,43,0,0,12,0,1,0,0,-23.046,0.83597,0.15,633,31.5246,3.28011,0.42048
216,68,1,1,6,0,1,0,0,-27.053,0.83527,0.15,633,31.5246,3.60234,0.42048
217,17,0,0,4,0,1,0,0,-23.669,0.83457,0.15,633,31.5246,5.83227,0.42048
218,38,0,0,10,0,1,0,0,-17.101,0.83388,0.15,633,31.5246,3.38783,0.42048
219,54,0,0,10,0,1,0,0,-19.939,0.83318,0.15,633,31.5246,3.63467,0.42048
220,59,1,1,12,0,1,0,0,-12.511,0.83249,0.15,633,31.5246,3.3489,0.42048
221,41,0,0,9,0,1,0,0,-20.048,0.8318,0.15,633,31.5246,3.54962,0.42048
222,5,0,0,4,0,1,0,0,-33.208,0.8311,0.15,633,31.5246,1.02805,0.42048
223,5,0,0,4,0,1,0,0,-33.208,0.83041,0.15,633,31.5246,0.77965,0.42048
224,5,0,0,3,0,1,0,0,-33.808,0.82972,0.15,633,31.5246,1.4987,0.42048
225,13,0,0,1,0,1,0,0,-27.432,0.82903,0.15,633,31.5246,3.40962,0.42048
226,51,1,1,8,0,1,0,0,-25.918,0.82834,0.15,633,31.5246,3.60761,0.42048
227,14,0,0,4,0,1,0,0,-27.969,0.82765,0.15,633,31.5246,5.85579,0.42048
228,15,0,0,5,0,1,0,0,-26.875,0.82696,0.15,633,31.5246,2.96048,0.42048
229,16,0,0,4,0,1,0,0,-22.469,0.82627,0.15,633,31.5246,3.53189,0.42048
230,32,0,0,2,0,1,0,0,-28.234,0.82558,0.15,633,31.5246,3.00829,0.42048
231,29,0,0,8,0,1,0,0,-22.401,0.82489,0.15,634,31.5246,4.91146,0.42008
232,5,0,0,3,0,1,0,0,-33.808,0.82421,0.15,634,31.5246,0.92219,0.42008
233,31,1,1,4,0,1,0,0,-20.902,0.82352,0.15,634,31.5246,4.72359,0.42008
234,18,0,0,6,0,1,0,0,-26.019,0.82283,0.15,634,31.5246,3.2569,0.42008
235,13,0,0,6,0,1,0,0,-22.742,0.82215,0.15,634,31.5246,3.86185,0.42008
236,61,1,1,11,0,1,0,0,-19.413,0.82146,0.15,634,31.5246,4.15974,0.42008
237,39,0,0,8,0,1,0,0,-24.28,0.82078,0.15,634,31.5246,3.3628,0.42008
238,15,0,0,5,0,1,0,0,-26.09,0.8201,0.15,634,31.5246,9.55343,0.42008
239,17,0,0,3,0,1,0,0,-28.919,0.81941,0.15,634,31.5246,6.4041,0.42008
240,13,0,0,0,0,1,0,0,-32.836,0.81873,0.15,634,31.5246,6.88491,0.42035
241,13,0,0,4,0,1,0,0,-27.875,0.81805,0.15,634,31.5246,4.08957,0.42035
242,31,0,0,6,0,1,0,0,-23.806,0.81737,0.15,634,31.5246,3.49097,0.42035
243,97,0,0,18,0,1,0,0,-20.361,0.81669,0.15,634,31.5246,4.46594,0.42035
244,18,0,0,5,0,1,0,0,-29.592,0.81601,0.15,634,31.5246,3.76426,0.42035
245,9,0,0,2,0,1,0,0,-31.05,0.81533,0.15,634,31.5246,5.20273,0.42035
246,26,2,2,6,0,1,0,0,-21.422,0.81465,0.15,634,31.5246,6.51188,0.42035
247,29,0,0,7,0,1,0,0,-24.735,0.81397,0.15,634,31.5246,4.04355,0.42035
248,5,0,0,4,0,1,0,0,-33.206,0.81329,0.15,634,31.5246,1.14029,0.42035
249,19,0,0,5,0,1,0,0,-26.667,0.81261,0.15,634,31.5246,2.83642,0.42035
250,14,0,0,5,0,1,0,0,-25.55,0.81194,0.15,634,31.5246,4.71287,0.42035
251,6,0,0,1,0,1,0,0,-29.958,0.81126,0.15,634,31.5246,12.4568,0.42035
252,17,0,0,1,0,1,0,0,-30.388,0.81058,0.15,634,31.5246,7.19222,0.42035
253,8,0,0,4,0,1,0,0,-24.682,0.80991,0.15,634,31.5246,4.48788,0.42035
254,30,0,0,12,0,1,0,0,-17.874,0.80923,0.15,634,31.5246,2.29,0.42035
255,5,0,0,3,0,1,0,0,-33.808,0.80856,0.15,634,31.5246,0.70979,0.42035
256,53,1,1,6,0,1,0,0,-23.44,0.80789,0.15,634,31.5246,3.08528,0.42035
257,6,0,0,4,0,1,0,0,-33.154,0.80721,0.15,634,31.5246,4.29154,0.42035
258,30,0,0,7,0,1,0,0,-23.023,0.80654,0.15,634,31.5246,3.2037,0.42035
259,7,0,0,4,0,1,0,0,-32.804,0.80587,0.15,634,31.5246,4.64217,0.42035
260,15,0,0,3,0,1,0,0,-29.536,0.8052,0.15,634,31.5246,5.63581,0.42035
261,23,0,0,4,0,1,0,0,-23.786,0.80453,0.15,634,31.5246,5.08164,0.42035
262,36,0,0,3,0,1,0,0,-28.061,0.80386,0.15,634,31.5246,2.7658,0.42035
263,24,0,0,8,0,1,0,0,-26.259,0.80319,0.15,634,31.5246,3.42013,0.42035
264,8,0,0,4,0,1,0,0,-32.754,0.80252,0.15,634,31.5246,4.14492,0.42035
265,18,0,0,5,0,1,0,0,-28.342,0.80185,0.15,634,31.5246,6.12132,0.42035
266,15,0,0,5,0,1,0,0,-30.548,0.80118,0.15,634,31.5246,2.8865,0.42035
267,131,0,0,13,0,1,0,0,-19.169,0.80052,0.15,634,31.5246,3.50133,0.42035
268,16,0,0,8,0,1,0,0,-26.516,0.79985,0.15,634,31.5246,5.64855,0.42035
269,14,0,0,5,0,1,0,0,-29.684,0.79918,0.15,634,31.5246,4.20663,0.42035
270,26,0,0,5,0,1,0,0,-23.361,0.79852,0.15,634,31.5246,3.58598,0.42035
271,7,0,0,1,0,1,0,0,-31.714,0.79785,0.15,634,31.5246,6.66178,0.42035
272,7,0,0,5,0,1,0,0,-26.712,0.79719,0.15,634,31.5246,3.20044,0.42035
273,6,0,0,4,0,1,0,0,-33.156,0.79652,0.15,634,31.5246,3.88407,0.42035
274,36,0,0,6,0,1,0,0,-25.959,0.79586,0.15,634,31.5246,3.62728,0.42035
275,23,0,0,7,0,1,0,0,-27.958,0.7952,0.15,634,31.5246,6.70971,0.42035
276,13,0,0,5,0,1,0,0,-27.248,0.79453,0.15,634,31.5246,6.83875,0.42035
277,28,0,0,7,0,1,0,0,-22.647,0.79387,0.15,634,31.5246,2.91307,0.42035
278,22,0,0,4,0,1,0,0,-27.957,0.79321,0.15,634,31.5246,2.06449,0.42035
279,6,0,0,1,0,1,0,0,-31.804,0.79255,0.15,634,31.5246,7.89059,0.42035
280,7,0,0,4,0,1,0,0,-33.104,0.79189,0.15,634,31.5246,4.75016,0.42035
281,10,0,0,5,0,1,0,0,-23.868,0.79123,0.15,634,31.5246,3.08493,0.42035
282,20,0,0,4,0,1,0,0,-25.294,0.79057,0.15,634,31.5246,4.61824,0.42035
283,6,0,0,4,0,1,0,0,-32.756,0.78991,0.15,634,31.5246,3.16375,0.42035
284,15,0,0,6,0,1,0,0,-24.444,0.78925,0.15,634,31.5246,6.14088,0.42035
285,33,0,0,8,0,1,0,0,-23.491,0.7886,0.15,634,31.5246,3.70046,0.42035
286,32,0,0,2,0,1,0,0,-26.427,0.78794,0.15,634,31.5246,2.39262,0.42035
287,5,0,0,4,0,1,0,0,-32.806,0.78728,0.15,634,31.5246,1.04844,0.42035
288,5,0,0,4,0,1,0,0,-33.208,0.78663,0.15,634,31.5246,1.15001,0.42035
289,5,0,0,4,0,1,0,0,-33.206,0.78597,0.15,634,31.5246,0.96945,0.42035
290,5,0,0,4,0,1,0,0,-33.206,0.78532,0.15,634,31.5246,0.93442,0.42035
291,5,0,0,3,0,1,0,0,-33.808,0.78466,0.15,634,31.5246,0.71671,0.42035
292,19,0,0,6,0,1,0,0,-25.913,0.78401,0.15,634,31.5246,4.08515,0.42035
293,106,1,1,15,0,1,0,0,-8.382,0.78336,0.15,638,31.5246,3.00441,0.41876
294,5,0,0,2,0,1,0,0,-30.66,0.7827,0.15,638,31.5246,5.26156,0.41876
295,13,0,0,3,0,1,0,0,-32.704,0.78205,0.15,638,31.5246,2.45356,0.41876
296,9,0,0,2,0,1,0,0,-29.108,0.7814,0.15,638,31.5246,3.12194,0.41876
297,12,0,0,5,0,1,0,0,-26.594,0.78075,0.15,638,31.5246,5.68641,0.41876
298,27,0,0,5,0,1,0,0,-26.026,0.7801,0.15,638,31.5246,3.43338,0.41876
299,8,0,0,1,0,1,0,0,-29.734,0.77945,0.15,638,31.5246,3.38065,0.41876
300,21,1,1,6,0,1,0,0,-17.375,0.7788,0.15,638,31.5246,4.54484,0.41876
301,22,0,0,8,0,1,0,0,-24.241,0.77815,0.15,638,31.5246,4.66577,0.41876
302,44,0,0,8,0,1,0,0,-26.272,0.7775,0.15,638,31.5246,3.90586,0.41876
303,59,0,0,6,0,1,0,0,-27.393,0.77686,0.15,638,31.5246,2.76524,0.41876
304,15,0,0,4,0,1,0,0,-32.04,0.77621,0.15,638,31.5246,2.06665,0.41876
305,22,0,0,6,0,1,0,0,-29.19,0.77556,0.15,639,31.5246,5.74272,0.41836
306,5,0,0,4,0,1,0,0,-33.208,0.77492,0.15,639,31.5246,1.43656,0.41836
307,61,0,0,13,0,1,0,0,-13.735,0.77427,0.15,639,31.5246,2.70844,0.41836
308,23,0,0,4,0,1,0,0,-27.024,0.77363,0.15,639,31.5246,3.36853,0.41836
309,9,0,0,2,0,1,0,0,-32.246,0.77298,0.15,639,31.5246,3.84311,0.41836
310,26,0,0,5,0,1,0,0,-22.885,0.77234,0.15,639,31.5246,3.01403,0.41836
311,14,0,0,5,0,1,0,0,-26.544,0.77169,0.15,639,31.5246,5.086,0.41836
312,26,1,1,6,0,1,0,0,-25.377,0.77105,0.15,639,31.5246,6.60731,0.41836
313,41,0,0,9,0,1,0,0,-16.701,0.77041,0.15,639,31.5246,2.75127,0.41836
314,39,1,1,10,0,1,0,0,-15.275,0.76977,0.15,639,31.5246,3.23075,0.41836
315,5,0,0,3,0,1,0,0,-33.802,0.76913,0.15,639,31.5246,5.29065,0.41836
316,68,1,1,15,0,1,0,0,-11.518,0.76849,0.15,641,31.5246,4.23215,0.41758
317,5,0,0,4,0,1,0,0,-32.808,0.76785,0.15,641,31.5246,1.70855,0.41758
318,5,0,0,3,0,1,0,0,-33.808,0.76721,0.15,641,31.5246,0.64898,0.41758
319,5,0,0,2,0,1,0,0,-34.406,0.76657,0.15,641,31.5246,1.35968,0.41758
320,28,0,0,6,0,1,0,0,-25.818,0.76593,0.15,641,31.5246,4.41031,0.41758
321,15,0,0,6,0,1,0,0,-25.78,0.76529,0.15,641,31.5246,4.64612,0.41758
322,24,0,0,4,0,1,0,0,-27.911,0.76465,0.15,641,31.5246,4.18758,0.41758
323,5,0,0,3,0,1,0,0,-33.806,0.76402,0.15,641,31.5246,0.78572,0.41758
324,6,0,0,2,0,1,0,0,-30.652,0.76338,0.15,641,31.5246,9.87738,0.41758
325,8,0,0,4,0,1,0,0,-32.752,0.76274,0.15,641,31.5246,4.73658,0.41758
326,43,0,0,8,0,1,0,0,-22.521,0.76211,0.15,641,31.5246,3.13781,0.41758
327,5,0,0,3,0,1,0,0,-33.806,0.76147,0.15,641,31.5246,0.5622,0.41758
328,9,0,0,4,0,1,0,0,-32.402,0.76084,0.15,641,31.5246,4.56709,0.41758
329,10,0,0,2,0,1,0,0,-30.16,0.76021,0.15,641,31.5246,4.8669,0.41758
330,23,0,0,10,0,1,0,0,-24.226,0.75957,0.15,642,31.5246,6.31308,0.41745
331,5,0,0,3,0,1,0,0,-33.806,0.75894,0.15,642,31.5246,0.7117,0.41745
332,23,0,0,4,0,1,0,0,-25.42,0.75831,0.15,642,31.5246,2.63384,0.41745
333,76,0,0,18,0,1,0,0,-11.332,0.75768,0.15,642,31.5246,3.26163,0.41771
334,120,1,1,17,0,1,0,0,-7.968,0.75704,0.15,644,31.5246,3.34284,0.41693
335,22,0,0,8,0,1,0,0,-25.248,0.75641,0.15,644,31.5246,2.44142,0.41693
336,8,0,0,3,0,1,0,0,-30.35,0.75578,0.15,644,31.5246,6.51444,0.41693
337,5,0,0,3,0,1,0,0,-30.808,0.75515,0.15,644,31.5246,4.46561,0.41693
338,33,0,0,2,0,1,0,0,-26.581,0.75453,0.15,644,31.5246,3.54753,0.41693
339,20,0,0,3,0,1,0,0,-25.676,0.7539,0.15,644,31.5246,4.64368,0.41693
340,5,0,0,3,0,1,0,0,-33.806,0.75327,0.15,644,31.5246,1.90601,0.41693
341,13,0,0,5,0,1,0,0,-27.277,0.75264,0.15,644,31.5246,2.5901,0.41693
342,21,0,0,7,0,1,0,0,-20.026,0.75201,0.15,644,31.5246,3.42267,0.41693
343,127,1,1,16,0,1,0,0,-2.07,0.75139,0.15,644,31.5246,2.80032,0.41693
344,19,0,0,5,0,1,0,0,-24.161,0.75076,0.15,644,31.5246,4.36591,0.41693
345,34,0,0,12,0,1,0,0,-19.567,0.75014,0.15,644,31.5246,3.5355,0.41693
346,7,0,0,3,0,1,0,0,-33.342,0.74951,0.15,644,31.5246,5.72225,0.41693
347,19,0,0,7,0,1,0,0,-27.092,0.74889,0.15,644,31.5246,4.44691,0.41693
348,14,0,0,7,0,1,0,0,-25.966,0.74826,0.15,644,31.5246,7.45768,0.41693
349,17,0,0,2,0,1,0,0,-29.692,0.74764,0.15,644,31.5246,3.42172,0.41693
350,18,0,0,4,0,1,0,0,-26.717,0.74702,0.15,644,31.5246,3.23723,0.41693
351,26,0,0,5,0,1,0,0,-26.879,0.7464,0.15,644,31.5246,4.09525,0.41693
352,131,1,1,22,0,1,0,0,1.725,0.74577,0.15,657,31.5246,3.51815,0.41324
353,5,0,0,4,0,1,0,0,-33.208,0.74515,0.15,657,31.5246,0.62596,0.41324
354,5,0,0,4,0,1,0,0,-32.808,0.74453,0.15,657,31.5246,1.13736,0.41324
355,6,0,0,2,0,1,0,0,-32.658,0.74391,0.15,657,31.5246,8.19051,0.41324
356,16,0,0,5,0,1,0,0,-25.714,0.74329,0.15,657,31.5246,3.44576,0.41324
357,6,0,0,3,0,1,0,0,-33.756,0.74267,0.15,657,31.5246,4.08542,0.41324
358,9,0,0,1,0,1,0,0,-28.054,0.74205,0.15,657,31.5246,4.60411,0.41324
359,16,0,0,4,0,1,0,0,-29.371,0.74144,0.15,657,31.5246,6.27036,0.41324
360,11,0,0,6,0,1,0,0,-24.456,0.74082,0.15,657,31.5246,3.06787,0.41324
361,22,0,0,9,0,1,0,0,-22.496,0.7402,0.15,657,31.5246,4.65822,0.41324
362,36,0,0,8,0,1,0,0,-22.478,0.73958,0.15,657,31.5246,3.21376,0.41324
363,20,0,0,4,0,1,0,0,-24.096,0.73897,0.15,657,31.5246,2.78997,0.41324
364,40,0,0,12,0,1,0,0,-16.69,0.73835,0.15,657,31.5246,2.90598,0.41324
365,7,0,0,1,0,1,0,0,-31.85,0.73774,0.15,657,31.5246,6.5158,0.41324
366,15,0,0,6,0,1,0,0,-26.411,0.73712,0.15,657,31.5246,4.56859,0.41324
367,25,1,1,2,0,1,0,0,-23.937,0.73651,0.15,657,31.5246,5.21123,0.41324
368,13,0,0,5,0,1,0,0,-26.49,0.7359,0.15,657,31.5246,8.77948,0.41324
369,24,0,0,2,0,1,0,0,-26.66,0.73528,0.15,657,31.5246,4.78343,0.41324
370,28,0,0,4,0,1,0,0,-25.46,0.73467,0.15,657,31.5246,4.01147,0.41324
371,32,0,0,7,0,1,0,0,-23.625,0.73406,0.15,657,31.5246,3.97612,0.41324
372,40,0,0,15,0,1,0,0,-18.036,0.73345,0.15,657,31.5246,3.80576,0.41324
373,39,0,0,7,0,1,0,0,-26.127,0.73284,0.15,657,31.5246,2.9906,0.41324
374,30,0,0,5,0,1,0,0,-26.658,0.73223,0.15,657,31.5246,5.10044,0.41324
375,38,0,0,7,0,1,0,0,-22.324,0.73162,0.15,657,31.5246,3.28719,0.41324
376,5,0,0,4,0,1,0,0,-33.206,0.73101,0.15,657,31.5246,1.11832,0.41324
377,12,0,0,3,0,1,0,0,-29.606,0.7304,0.15,657,31.5246,3.57544,0.41324
378,5,0,0,4,0,1,0,0,-33.206,0.72979,0.15,657,31.5246,1.17746,0.41324
379,29,0,0,6,0,1,0,0,-21.492,0.72918,0.15,657,31.5246,2.47688,0.41324
380,26,0,0,8,0,1,0,0,-20.739,0.72857,0.15,657,31.5246,4.88635,0.41324
381,23,0,0,4,0,1,0,0,-26.044,0.72797,0.15,657,31.5246,3.548,0.41324
382,7,0,0,3,0,1,0,0,-32.048,0.72736,0.15,657,31.5246,3.55245,0.41324
383,15,0,0,4,0,1,0,0,-27.475,0.72675,0.15,657,31.5246,3.82244,0.41324
384,6,0,0,3,0,1,0,0,-33.756,0.72615,0.15,657,31.5246,4.62966,0.41324
385,26,1,1,7,0,1,0,0,-21.865,0.72554,0.15,657,31.5246,4.41001,0.41324
386,83,1,1,12,0,1,0,0,-12.301,0.72494,0.15,657,31.5246,3.33043,0.41324
387,39,0,0,6,0,1,0,0,-26.916,0.72434,0.15,657,31.5246,2.3448,0.41324
388,31,0,0,10,0,1,0,0,-17.365,0.72373,0.15,657,31.5246,2.58383,0.41324
389,6,0,0,3,0,1,0,0,-33.356,0.72313,0.15,657,31.5246,3.73122,0.41324
390,18,0,0,2,0,1,0,0,-26.467,0.72253,0.15,657,31.5246,4.43364,0.41324
391,112,0,0,27,0,1,0,0,3.454,0.72193,0.15,657,31.5246,2.51791,0.41324
392,38,0,0,16,0,1,0,0,-13.539,0.72132,0.15,657,31.5246,2.59202,0.41324
393,14,0,0,6,0,1,0,0,-30.058,0.72072,0.15,657,31.5246,4.08805,0.41324
394,10,0,0,2,0,1,0,0,-28.958,0.72012,0.15,657,31.5246,4.25076,0.41324
395,25,0,0,3,0,1,0,0,-26.955,0.71952,0.15,657,31.5246,4.69827,0.41324
396,119,0,0,14,0,1,0,0,-4.063,0.71892,0.15,657,31.5246,3.03661,0.41324
397,16,0,0,5,0,1,0,0,-29.938,0.71832,0.15,657,31.5246,6.37096,0.41324
398,6,0,0,1,0,1,0,0,-31.366,0.71773,0.15,657,31.5246,6.62044,0.41324
399,5,0,0,2,0,1,0,0,-34.408,0.71713,0.15,657,31.5246,1.42658,0.41324
400,5,0,0,3,0,1,0,0,-30.806,0.71653,0.15,657,31.5246,5.45651,0.41324
401,6,0,0,3,0,1,0,0,-30.61,0.71593,0.15,657,31.5246,8.05668,0.41324
402,10,0,0,4,0,1,0,0,-28.942,0.71534,0.15,657,31.5246,8.05068,0.41324
403,8,0,0,4,0,1,0,0,-29.754,0.71474,0.15,657,31.5246,3.31795,0.41324
404,5,0,0,4,0,1,0,0,-33.208,0.71415,0.15,657,31.5246,1.12747,0.41324
405,50,0,0,10,0,1,0,0,-23.324,0.71355,0.15,657,31.5246,2.80785,0.41324
406,16,0,0,6,0,1,0,0,-25.172,0.71296,0.15,657,31.5246,3.03,0.41324
407,7,0,0,3,0,1,0,0,-25.392,0.71236,0.15,657,31.5246,4.33995,0.41324
408,7,0,0,5,0,1,0,0,-29.148,0.71177,0.15,657,31.5246,7.65849,0.41324
409,59,1,1,15,0,1,0,0,-13.668,0.71118,0.15,657,31.5246,3.81569,0.41324
410,13,0,0,2,0,1,0,0,-28.99,0.71059,0.15,657,31.5246,5.43356,0.41324
411,5,0,0,2,0,1,0,0,-31.008,0.70999,0.15,657,31.5246,4.27616,0.41324
412,15,0,0,3,0,1,0,0,-32.098,0.7094,0.15,657,31.5246,2.58376,0.41324
413,36,0,0,9,0,1,0,0,-23.854,0.70881,0.15,657,31.5246,2.39326,0.41324
414,10,0,0,3,0,1,0,0,-31.82,0.70822,0.15,657,31.5246,3.83226,0.41324
415,5,0,0,3,0,1,0,0,-30.408,0.70763,0.15,657,31.5246,5.89022,0.41324
416,6,0,0,1,0,1,0,0,-31.406,0.70704,0.15,657,31.5246,6.63003,0.41324
417,22,0,0,4,0,1,0,0,-25.134,0.70645,0.15,657,31.5246,2.24585,0.41324
418,6,0,0,3,0,1,0,0,-33.754,0.70586,0.15,657,31.5246,4.01128,0.41324
419,6,0,0,2,0,1,0,0,-31.206,0.70528,0.15,657,31.5246,7.20211,0.41324
420,6,0,0,2,0,1,0,0,-31.206,0.70469,0.15,657,31.5246,6.23516,0.41324
421,146,0,0,26,0,1,0,0,-5.247,0.7041,0.15,657,31.5246,3.30376,0.4135
422,7,0,0,3,0,1,0,0,-33.346,0.70351,0.15,657,31.5246,4.32762,0.4135
423,63,0,0,13,0,1,0,0,-12.966,0.70293,0.15,657,31.5246,2.64511,0.4135
424,28,1,1,7,0,1,0,0,-19.012,0.70234,0.15,657,31.5246,3.99978,0.4135
425,13,0,0,4,0,1,0,0,-31.804,0.70176,0.15,657,31.5246,2.59965,0.4135
426,18,1,1,4,0,1,0,0,-22.415,0.70117,0.15,657,31.5246,5.64254,0.4135
427,39,0,0,7,0,1,0,0,-21.006,0.70059,0.15,657,31.5246,3.92098,0.4135
428,7,0,0,3,0,1,0,0,-33.406,0.70001,0.15,657,31.5246,4.1109,0.4135
429,25,1,1,8,0,1,0,0,-16.174,0.69942,0.15,657,31.5246,3.70086,0.4135
430,11,0,0,5,0,1,0,0,-28.302,0.69884,0.15,657,31.5246,2.65271,0.4135
431,20,0,0,7,0,1,0,0,-25.096,0.69826,0.15,657,31.5246,2.52987,0.4135
432,6,0,0,2,0,1,0,0,-26.0,0.69768,0.15,657,31.5246,9.67391,0.4135
433,14,0,0,3,0,1,0,0,-28.397,0.6971,0.15,657,31.5246,6.20859,0.4135
434,6,0,0,2,0,1,0,0,-31.206,0.69651,0.15,657,31.5246,6.80024,0.4135
435,9,0,0,3,0,1,0,0,-32.906,0.69593,0.15,657,31.5246,2.71438,0.4135
436,13,0,0,4,0,1,0,0,-29.972,0.69535,0.15,657,31.5246,7.27925,0.4135
437,5,0,0,4,0,1,0,0,-32.808,0.69478,0.15,657,31.5246,0.54325,0.4135
438,23,0,0,11,0,1,0,0,-23.015,0.6942,0.15,657,31.5246,4.47286,0.4135
439,14,0,0,4,0,1,0,0,-32.152,0.69362,0.15,657,31.5246,2.14769,0.4135
440,5,0,0,2,0,1,0,0,-28.104,0.69304,0.15,657,31.5246,12.3984,0.4135
441,15,0,0,4,0,1,0,0,-31.048,0.69246,0.15,657,31.5246,4.06251,0.4135
442,121,0,0,16,0,1,0,0,-5.66,0.69189,0.15,658,31.5246,2.49283,0.41312
443,16,0,0,6,0,1,0,0,-25.782,0.69131,0.15,658,31.5246,4.96754,0.41312
444,37,1,1,16,0,1,0,0,-12.297,0.69073,0.15,658,31.5246,3.79182,0.41312
445,25,0,0,3,0,1,0,0,-27.299,0.69016,0.15,658,31.5246,5.94667,0.41312
446,16,0,0,5,0,1,0,0,-27.532,0.68958,0.15,658,31.5246,6.72908,0.41312
447,30,0,0,9,0,1,0,0,-20.409,0.68901,0.15,658,31.5246,3.78311,0.41312
448,20,0,0,5,0,1,0,0,-22.303,0.68844,0.15,658,31.5246,3.16591,0.41312
449,24,1,1,7,0,1,0,0,-20.214,0.68786,0.15,658,31.5246,4.51847,0.41312
450,6,0,0,2,0,1,0,0,-32.658,0.68729,0.15,658,31.5246,8.45223,0.41312
451,9,0,0,2,0,1,0,0,-30.904,0.68672,0.15,658,31.5246,4.05756,0.41312
452,27,0,0,10,0,1,0,0,-21.053,0.68614,0.15,658,31.5246,4.91017,0.41312
453,10,0,0,3,0,1,0,0,-33.256,0.68557,0.15,658,31.5246,3.31744,0.41312
454,26,0,0,5,0,1,0,0,-22.044,0.685,0.15,658,31.5246,3.76248,0.41312
455,5,0,0,4,0,1,0,0,-32.804,0.68443,0.15,658,31.5246,4.48179,0.41312
456,21,0,0,1,0,1,0,0,-33.47,0.68386,0.15,658,31.5246,5.38694,0.41312
457,5,0,0,4,0,1,0,0,-32.806,0.68329,0.15,658,31.5246,1.17202,0.41312
458,5,0,0,1,0,1,0,0,-32.008,0.68272,0.15,658,31.5246,4.04269,0.41312
459,53,0,0,16,0,1,0,0,-17.332,0.68215,0.15,658,31.5246,3.36074,0.41312
460,23,0,0,4,0,1,0,0,-26.544,0.68159,0.15,658,31.5246,3.12358,0.41312
461,38,0,0,6,0,1,0,0,-23.771,0.68102,0.15,658,31.5246,2.67998,0.41312
462,89,1,1,15,0,1,0,0,-14.891,0.68045,0.15,658,31.5246,2.87786,0.41312
463,75,0,0,18,0,1,0,0,-18.326,0.67988,0.15,658,31.5246,4.47213,0.41363
464,38,0,0,7,0,1,0,0,-22.563,0.67932,0.15,658,31.5246,2.61017,0.41363
465,98,1,1,15,0,1,0,0,-9.586,0.67875,0.15,658,31.5246,3.07352,0.41363
466,88,1,1,15,0,1,0,0,-14.008,0.67819,0.15,658,31.5246,3.22311,0.41363
467,30,0,0,2,0,1,0,0,-29.98,0.67762,0.15,658,31.5246,4.2251,0.41363
468,44,0,0,5,0,1,0,0,-22.368,0.67706,0.15,658,31.5246,2.79579,0.41363
469,10,0,0,5,0,1,0,0,-25.744,0.67649,0.15,658,31.5246,5.32683,0.41363
470,7,0,0,2,0,1,0,0,-31.154,0.67593,0.15,658,31.5246,6.76369,0.41363
471,43,0,0,5,0,1,0,0,-18.929,0.67537,0.15,658,31.5246,3.83107,0.41363
472,90,0,0,13,0,1,0,0,-10.988,0.6748,0.15,658,31.5246,2.61311,0.41363
473,5,0,0,4,0,1,0,0,-33.208,0.67424,0.15,658,31.5246,0.68794,0.41363
474,24,0,0,5,0,1,0,0,-22.113,0.67368,0.15,658,31.5246,1.78622,0.41363
475,16,0,0,5,0,1,0,0,-25.086,0.67312,0.15,658,31.5246,2.56863,0.41363
476,31,0,0,4,0,1,0,0,-25.009,0.67256,0.15,658,31.5246,2.91679,0.41363
477,34,0,0,6,0,1,0,0,-26.24,0.672,0.15,658,31.5246,1.46695,0.41363
478,83,0,0,7,0,1,0,0,-18.817,0.67144,0.15,658,31.5246,1.90544,0.41363
479,5,0,0,4,0,1,0,0,-33.208,0.67088,0.15,658,31.5246,1.38536,0.41363
480,6,0,0,3,0,1,0,0,-33.756,0.67032,0.15,658,31.5246,4.27296,0.41363
481,5,0,0,3,0,1,0,0,-33.806,0.66976,0.15,658,31.5246,1.26165,0.41363
482,85,3,3,12,0,1,0,0,-5.133,0.6692,0.15,658,31.5246,3.61881,0.41363
483,10,0,0,1,0,1,0,0,-31.298,0.66865,0.15,658,31.5246,5.17563,0.41363
484,55,0,0,8,0,1,0,0,-12.757,0.66809,0.15,658,31.5246,2.37216,0.41363
485,5,0,0,3,0,1,0,0,-33.804,0.66753,0.15,658,31.5246,2.66156,0.41363
486,7,0,0,3,0,1,0,0,-33.346,0.66698,0.15,658,31.5246,4.7081,0.41363
487,7,0,0,3,0,1,0,0,-31.69,0.66642,0.15,658,31.5246,4.76365,0.41363
488,6,0,0,2,0,1,0,0,-29.402,0.66587,0.15,658,31.5246,12.49424,0.41363
489,22,0,0,6,0,1,0,0,-21.539,0.66531,0.15,658,31.5246,4.38185,0.41363
490,28,0,0,9,0,1,0,0,-16.659,0.66476,0.15,658,31.5246,2.856,0.41363
491,10,0,0,3,0,1,0,0,-33.254,0.6642,0.15,658,31.5246,2.95649,0.41363
492,62,0,0,13,0,1,0,0,-11.922,0.66365,0.15,658,31.5246,2.87072,0.41363
493,79,1,1,14,0,1,0,0,-10.498,0.6631,0.15,658,31.5246,2.6767,0.41363
494,5,0,0,3,0,1,0,0,-31.754,0.66255,0.15,658,31.5246,5.41296,0.41363
495,5,0,0,3,0,1,0,0,-33.408,0.66199,0.15,658,31.5246,0.60883,0.41363
496,41,0,0,13,0,1,0,0,-17.83,0.66144,0.15,658,31.5246,2.84254,0.41363
497,27,1,1,10,0,1,0,0,-19.64,0.66089,0.15,658,31.5246,3.98989,0.41363
498,15,0,0,6,0,1,0,0,-26.185,0.66034,0.15,658,31.5246,5.16049,0.41363
499,5,0,0,4,0,1,0,0,-33.208,0.65979,0.15,658,31.5246,1.25613,0.41363
500,20,0,0,8,0,1,0,0,-24.766,0.65924,0.15,658,31.5246,3.5786,0.41363
501,19,0,0,3,0,1,0,0,-27.54,0.65869,0.15,658,31.5246,4.2471,0.41363
502,62,0,0,10,0,1,0,0,-22.418,0.65814,0.15,658,31.5246,3.7738,0.41363
503,14,0,0,2,0,1,0,0,-28.151,0.65759,0.15,658,31.5246,2.94691,0.41363
504,54,0,0,9,0,1,0,0,-18.391,0.65705,0.15,658,31.5246,2.36195,0.41363
505,40,0,0,8,0,1,0,0,-18.155,0.6565,0.15,658,31.5246,2.78069,0.41363
506,20,0,0,4,0,1,0,0,-26.821,0.65595,0.15,658,31.5246,2.73945,0.41363
507,7,0,0,2,0,1,0,0,-31.95,0.65541,0.15,658,31.5246,7.38521,0.41363
508,18,0,0,4,0,1,0,0,-28.427,0.65486,0.15,658,31.5246,3.79834,0.41363
509,20,0,0,4,0,1,0,0,-29.021,0.65431,0.15,658,31.5246,2.70946,0.41363
510,24,0,0,8,0,1,0,0,-22.123,0.65377,0.15,658,31.5246,4.77741,0.41363
511,26,0,0,10,0,1,0,0,-21.277,0.65323,0.15,658,31.5246,2.23453,0.41363
512,29,0,0,6,0,1,0,0,-20.455,0.65268,0.15,658,31.5246,1.58257,0.41363
513,16,0,0,3,0,1,0,0,-26.878,0.65214,0.15,658,31.5246,4.7118,0.41363
514,14,0,0,5,0,1,0,0,-25.244,0.65159,0.15,658,31.5246,3.92968,0.41363
515,54,0,0,9,0,1,0,0,-17.943,0.65105,0.15,658,31.5246,2.27141,0.41363
516,77,1,1,13,0,1,0,0,-8.878,0.65051,0.15,658,31.5246,2.42267,0.41363
517,24,0,0,5,0,1,0,0,-22.519,0.64997,0.15,658,31.5246,3.9314,0.41363
518,18,0,0,11,0,1,0,0,-20.935,0.64943,0.15,658,31.5246,3.9176,0.41363
519,15,0,0,5,0,1,0,0,-26.846,0.64888,0.15,658,31.5246,5.38796,0.41363
520,25,0,0,8,0,1,0,0,-20.976,0.64834,0.15,658,31.5246,2.8168,0.41363
521,17,0,0,4,0,1,0,0,-26.506,0.6478,0.15,658,31.5246,3.24189,0.41363
522,5,0,0,4,0,1,0,0,-33.206,0.64726,0.15,658,31.5246,0.87077,0.41363
523,30,0,0,7,0,1,0,0,-24.753,0.64673,0.15,659,31.5246,3.94892,0.41325
524,14,0,0,8,0,1,0,0,-23.767,0.64619,0.15,659,31.5246,2.79674,0.41325
525,14,0,0,5,0,1,0,0,-29.05,0.64565,0.15,659,31.5246,4.11014,0.41325
526,5,0,0,4,0,1,0,0,-32.808,0.64511,0.15,659,31.5246,0.99862,0.41325
527,37,2,2,6,0,1,0,0,-19.7,0.64457,0.15,659,31.5246,4.14033,0.41325
528,10,0,0,2,0,1,0,0,-25.89,0.64404,0.15,659,31.5246,5.16048,0.41325
529,16,0,0,5,0,1,0,0,-27.007,0.6435,0.15,659,31.5246,3.14355,0.41325
530,51,0,0,7,0,1,0,0,-17.962,0.64296,0.15,659,31.5246,2.7625,0.41351
531,40,0,0,13,0,1,0,0,-20.253,0.64243,0.15,659,31.5246,3.31529,0.41351
532,24,0,0,4,0,1,0,0,-25.055,0.64189,0.15,659,31.5246,3.56567,0.41351
533,5,0,0,3,0,1,0,0,-33.402,0.64136,0.15,659,31.5246,6.67403,0.41351
534,15,0,0,2,0,1,0,0,-29.236,0.64082,0.15,659,31.5246,3.65882,0.41351
535,7,0,0,4,0,1,0,0,-32.742,0.64029,0.15,659,31.5246,8.52957,0.41351
536,52,0,0,12,0,1,0,0,-14.784,0.63976,0.15,659,31.5246,3.11683,0.41351
537,45,1,1,13,0,1,0,0,-12.048,0.63922,0.15,659,31.5246,3.56656,0.41351
538,30,0,0,6,0,1,0,0,-23.884,0.63869,0.15,659,31.5246,4.07976,0.41351
539,33,0,0,5,0,1,0,0,-27.611,0.63816,0.15,659,31.5246,3.8578,0.41351
540,80,0,0,12,0,1,0,0,-14.497,0.63763,0.15,667,31.5246,4.27985,0.41054
541,56,0,0,8,0,1,0,0,-13.294,0.6371,0.15,667,31.5246,3.0422,0.41054
542,39,0,0,12,0,1,0,0,-16.317,0.63657,0.15,667,31.5246,2.77422,0.41054
543,8,0,0,3,0,1,0,0,-33.236,0.63604,0.15,667,31.5246,4.40256,0.41054
544,14,0,0,4,0,1,0,0,-29.153,0.63551,0.15,667,31.5246,3.35266,0.41054
545,5,0,0,3,0,1,0,0,-33.408,0.63498,0.15,667,31.5246,0.8295,0.41054
546,22,1,1,6,0,1,0,0,-23.0,0.63445,0.15,667,31.5246,3.70603,0.41054
547,5,0,0,1,0,1,0,0,-33.312,0.63392,0.15,667,31.5246,7.72245,0.41054
548,26,0,0,7,0,1,0,0,-26.1,0.63339,0.15,667,31.5246,2.75794,0.41054
549,5,0,0,3,0,1,0,0,-33.806,0.63286,0.15,667,31.5246,1.1599,0.41054
550,131,1,1,18,0,1,0,0,4.096,0.63234,0.15,668,31.5246,3.39604,0.41018
551,16,0,0,5,0,1,0,0,-26.965,0.63181,0.15,668,31.5246,5.82264,0.41018
552,24,1,1,6,0,1,0,0,-19.453,0.63128,0.15,668,31.5246,2.9916,0.41018
553,8,0,0,3,0,1,0,0,-32.952,0.63076,0.15,668,31.5246,3.59837,0.41018
554,103,0,0,9,0,1,0,0,-12.051,0.63023,0.15,668,31.5246,3.26867,0.41018
555,5,0,0,4,0,1,0,0,-32.808,0.62971,0.15,668,31.5246,0.77304,0.41018
556,7,0,0,5,0,1,0,0,-24.248,0.62918,0.15,668,31.5246,5.16033,0.41018
557,42,0,0,8,0,1,0,0,-26.612,0.62866,0.15,668,31.5246,3.03608,0.41018
558,38,0,0,11,0,1,0,0,-18.366,0.62814,0.15,668,31.5246,3.18231,0.41018
559,44,0,0,10,0,1,0,0,-19.19,0.62761,0.15,668,31.5246,4.40206,0.41018
560,5,0,0,2,0,1,0,0,-31.104,0.62709,0.15,668,31.5246,10.11689,0.41018
561,20,0,0,6,0,1,0,0,-23.69,0.62657,0.15,668,31.5246,3.19518,0.41018
562,5,0,0,1,0,1,0,0,-31.662,0.62604,0.15,668,31.5246,7.72511,0.41018
563,38,0,0,10,0,1,0,0,-20.138,0.62552,0.15,668,31.5246,3.40154,0.41018
564,46,0,0,14,0,1,0,0,-15.323,0.625,0.15,668,31.5246,3.80906,0.41018
565,15,0,0,8,0,1,0,0,-26.695,0.62448,0.15,668,31.5246,3.26669,0.41018
566,24,0,0,6,0,1,0,0,-25.177,0.62396,0.15,670,31.5246,4.12132,0.40945
567,5,0,0,3,0,1,0,0,-32.154,0.62344,0.15,670,31.5246,5.40502,0.40945
568,21,0,0,4,0,1,0,0,-26.339,0.62292,0.15,670,31.5246,2.15251,0.40945
569,9,0,0,3,0,1,0,0,-30.156,0.6224,0.15,670,31.5246,4.39475,0.40945
570,46,0,0,8,0,1,0,0,-16.933,0.62189,0.15,670,31.5246,2.37434,0.40945
571,20,0,0,5,0,1,0,0,-24.381,0.62137,0.15,670,31.5246,2.77904,0.40945
572,26,0,0,7,0,1,0,0,-23.646,0.62085,0.15,670,31.5246,3.38844,0.40945
573,24,0,0,3,0,1,0,0,-28.345,0.62033,0.15,670,31.5246,3.61946,0.40945
574,38,0,0,5,0,1,0,0,-22.61,0.61982,0.15,670,31.5246,3.19046,0.40945
575,45,0,0,10,0,1,0,0,-15.329,0.6193,0.15,670,31.5246,2.94133,0.40945
576,5,0,0,4,0,1,0,0,-33.208,0.61878,0.15,670,31.5246,1.99256,0.40945
577,8,0,0,3,0,1,0,0,-32.556,0.61827,0.15,670,31.5246,3.08504,0.40945
578,6,0,0,3,0,1,0,0,-32.26,0.61775,0.15,670,31.5246,4.396,0.40945
579,5,0,0,4,0,1,0,0,-33.208,0.61724,0.15,670,31.5246,1.49044,0.40945
580,6,0,0,2,0,1,0,0,-34.356,0.61672,0.15,670,31.5246,4.91891,0.40945
581,74,1,1,18,0,1,0,0,-5.486,0.61621,0.15,670,31.5246,2.61403,0.40945
582,21,0,0,5,0,1,0,0,-27.052,0.6157,0.15,670,31.5246,2.91811,0.40945
583,7,0,0,3,0,1,0,0,-30.56,0.61518,0.15,670,31.5246,3.81213,0.40945
584,5,0,0,3,0,1,0,0,-33.808,0.61467,0.15,670,31.5246,1.6274,0.40945
585,5,0,0,4,0,1,0,0,-32.808,0.61416,0.15,670,31.5246,1.6201,0.40945
586,32,0,0,9,0,1,0,0,-19.472,0.61365,0.15,670,31.5246,4.24771,0.40945
587,31,0,0,8,0,1,0,0,-20.814,0.61314,0.15,670,31.5246,3.88329,0.40945
588,5,0,0,4,0,1,0,0,-33.206,0.61263,0.15,670,31.5246,1.39783,0.40945
589,29,0,0,7,0,1,0,0,-22.428,0.61212,0.15,670,31.5246,2.27433,0.40945
590,41,0,0,6,0,1,0,0,-18.932,0.61161,0.15,670,31.5246,2.1143,0.40945
591,12,0,0,5,0,1,0,0,-25.344,0.6111,0.15,670,31.5246,2.77219,0.40945
592,18,0,0,3,0,1,0,0,-29.536,0.61059,0.15,670,31.5246,5.24222,0.40945
593,6,0,0,2,0,1,0,0,-31.204,0.61008,0.15,670,31.5246,6.65995,0.40945
594,56,0,0,6,0,1,0,0,-19.051,0.60957,0.15,670,31.5246,2.89819,0.40945
595,5,0,0,2,0,1,0,0,-31.106,0.60906,0.15,670,31.5246,6.24441,0.40945
596,19,0,0,7,0,1,0,0,-23.065,0.60856,0.15,670,31.5246,3.26995,0.40945
597,130,6,1,14,1,1,0,0,17.976,0.60805,0.15,671,31.5246,3.16324,0.40909
598,26,0,0,5,0,1,0,0,-28.168,0.60754,0.15,671,31.5246,3.95428,0.40909
599,5,0,0,2,0,1,0,0,-34.408,0.60704,0.15,671,31.5246,0.98066,0.40909
600,22,0,0,9,0,1,0,0,-25.309,0.60653,0.15,671,31.5246,4.42244,0.40909
601,7,0,0,6,0,1,0,0,-23.648,0.60603,0.15,671,31.5246,4.85263,0.40909
602,28,0,0,8,0,1,0,0,-16.254,0.60552,0.15,671,31.5246,3.04612,0.40909
603,18,0,0,3,0,1,0,0,-26.94,0.60502,0.15,671,31.5246,3.74259,0.40909
604,32,1,1,10,0,1,0,0,-15.037,0.60451,0.15,671,31.5246,4.20864,0.40909
605,10,0,0,3,0,1,0,0,-26.646,0.60401,0.15,671,31.5246,4.77067,0.40909
606,114,0,0,20,0,1,0,0,-2.76,0.60351,0.15,672,31.5246,2.44373,0.40873
607,6,0,0,3,0,1,0,0,-28.802,0.603,0.15,672,31.5246,10.86971,0.40873
608,60,0,0,7,0,1,0,0,-17.621,0.6025,0.15,672,31.5246,2.78577,0.40873
609,11,0,0,3,0,1,0,0,-32.51,0.602,0.15,672,31.5246,4.28721,0.40873
610,5,0,0,3,0,1,0,0,-30.006,0.6015,0.15,672,31.5246,5.67751,0.40873
611,5,0,0,3,0,1,0,0,-33.806,0.601,0.15,672,31.5246,1.77203,0.40873
612,30,0,0,4,0,1,0,0,-23.613,0.6005,0.15,672,31.5246,3.33575,0.40873
613,10,0,0,3,0,1,0,0,-28.602,0.6,0.15,672,31.5246,2.67318,0.40873
614,27,0,0,6,0,1,0,0,-27.297,0.5995,0.15,672,31.5246,3.70462,0.40873
615,62,0,0,9,0,1,0,0,-14.441,0.599,0.15,672,31.5246,2.55544,0.40873
616,5,0,0,3,0,1,0,0,-33.808,0.5985,0.15,672,31.5246,2.09425,0.40873
617,60,0,0,8,0,1,0,0,-22.792,0.598,0.15,672,31.5246,2.2276,0.40873
618,74,0,0,5,0,1,0,0,-20.348,0.5975,0.15,672,31.5246,3.08943,0.40873
619,11,0,0,2,0,1,0,0,-28.854,0.597,0.15,672,31.5246,4.82396,0.40873
620,16,0,0,5,0,1,0,0,-28.915,0.59651,0.15,672,31.5246,6.23046,0.40873
621,67,1,1,8,0,1,0,0,-18.706,0.59601,0.15,672,31.5246,3.11822,0.40898
622,49,0,0,4,0,1,0,0,-20.555,0.59551,0.15,672,31.5246,2.89371,0.40898
623,15,0,0,4,0,1,0,0,-30.981,0.59502,0.15,672,31.5246,3.99807,0.40898
624,70,0,0,8,0,1,0,0,-23.278,0.59452,0.15,678,31.5246,2.46058,0.40733
625,6,0,0,4,0,1,0,0,-33.156,0.59403,0.15,678,31.5246,4.46237,0.40733
626,111,0,0,21,0,1,0,0,1.581,0.59353,0.15,682,31.5246,3.24434,0.40591
627,45,0,0,7,0,1,0,0,-21.535,0.59304,0.15,682,31.5246,2.92355,0.40591
628,67,0,0,13,0,1,0,0,-18.496,0.59254,0.15,682,31.5246,2.98367,0.40591
629,22,0,0,4,0,1,0,0,-27.895,0.59205,0.15,682,31.5246,4.24903,0.40591
630,59,0,0,13,0,1,0,0,-14.797,0.59156,0.15,682,31.5246,2.65541,0.40591
631,24,0,0,2,0,1,0,0,-29.315,0.59106,0.15,682,31.5246,3.10955,0.40591
632,7,0,0,5,0,1,0,0,-27.146,0.59057,0.15,682,31.5246,6.40449,0.40591
633,6,0,0,3,0,1,0,0,-33.756,0.59008,0.15,682,31.5246,4.24844,0.40591
634,116,1,1,13,0,1,0,0,-0.713,0.58959,0.15,682,31.5246,2.56685,0.40591
635,22,0,0,6,0,1,0,0,-26.824,0.5891,0.15,682,31.5246,4.24198,0.40591
636,16,0,0,2,0,1,0,0,-28.194,0.5886,0.15,682,31.5246,3.59471,0.40591
637,17,0,0,5,0,1,0,0,-25.119,0.58811,0.15,682,31.5246,4.1665,0.40591
638,45,0,0,8,0,1,0,0,-19.465,0.58762,0.15,682,31.5246,2.47632,0.40591
639,34,0,0,11,0,1,0,0,-14.514,0.58714,0.15,682,31.5246,2.88536,0.40591
640,69,1,1,11,0,1,0,0,-16.548,0.58665,0.15,683,31.5246,3.9531,0.40556
641,5,0,0,4,0,1,0,0,-33.208,0.58616,0.15,683,31.5246,2.19916,0.40556
642,53,0,0,11,0,1,0,0,-23.645,0.58567,0.15,683,31.5246,2.9109,0.40556
643,6,0,0,1,0,1,0,0,-28.504,0.58518,0.15,683,31.5246,4.28983,0.40556
644,26,0,0,5,0,1,0,0,-26.621,0.58469,0.15,683,31.5246,3.83603,0.40556
645,65,1,1,10,0,1,0,0,-13.591,0.58421,0.15,683,31.5246,2.82822,0.40556
646,13,0,0,5,0,1,0,0,-23.561,0.58372,0.15,683,31.5246,5.87381,0.40556
647,7,0,0,4,0,1,0,0,-32.806,0.58323,0.15,683,31.5246,4.6789,0.40556
648,5,0,0,4,0,1,0,0,-33.206,0.58275,0.15,683,31.5246,1.25076,0.40556
649,40,0,0,10,0,1,0,0,-19.963,0.58226,0.15,683,31.5246,3.76663,0.40556
650,8,0,0,4,0,1,0,0,-32.756,0.58178,0.15,683,31.5246,3.12761,0.40556
651,82,1,1,17,0,1,0,0,-3.737,0.58129,0.15,683,31.5246,3.50475,0.40556
652,10,0,0,3,0,1,0,0,-32.948,0.58081,0.15,683,31.5246,5.42773,0.40556
653,88,1,1,21,0,1,0,0,-6.85,0.58033,0.15,683,31.5246,3.37175,0.40556
654,54,0,0,13,0,1,0,0,-15.395,0.57984,0.15,683,31.5246,2.52412,0.40556
655,13,0,0,5,0,1,0,0,-25.95,0.57936,0.15,683,31.5246,5.35545,0.40556
656,23,0,0,7,0,1,0,0,-23.811,0.57888,0.15,683,31.5246,2.91359,0.40556
657,24,0,0,7,0,1,0,0,-25.565,0.57839,0.15,683,31.5246,3.82871,0.40556
658,36,0,0,7,0,1,0,0,-25.412,0.57791,0.15,683,31.5246,4.19807,0.40556
659,5,0,0,4,0,1,0,0,-32.808,0.57743,0.15,683,31.5246,0.91013,0.40556
660,13,0,0,5,0,1,0,0,-27.171,0.57695,0.15,683,31.5246,4.94053,0.40556
661,7,0,0,3,0,1,0,0,-33.404,0.57647,0.15,683,31.5246,4.29939,0.40556
662,59,0,0,10,0,1,0,0,-15.708,0.57599,0.15,684,31.5246,2.42315,0.40546
663,78,0,0,16,0,1,0,0,-9.053,0.57551,0.15,684,31.5246,4.12132,0.40546
664,15,0,0,3,0,1,0,0,-31.49,0.57503,0.15,684,31.5246,5.46279,0.40546
665,14,0,0,8,0,1,0,0,-22.146,0.57455,0.15,684,31.5246,3.64009,0.40546
666,87,0,0,10,0,1,0,0,-19.226,0.57407,0.15,684,31.5246,2.89029,0.40546
667,5,0,0,4,0,1,0,0,-33.208,0.57359,0.15,684,31.5246,1.57909,0.40546
668,36,0,0,6,0,1,0,0,-18.864,0.57312,0.15,684,31.5246,2.75511,0.40546
669,135,0,0,25,0,1,0,0,-2.401,0.57264,0.15,684,31.5246,2.73266,0.40595
670,20,0,0,5,0,1,0,0,-23.184,0.57216,0.15,684,31.5246,3.13514,0.40595
671,5,0,0,3,0,1,0,0,-33.804,0.57169,0.15,684,31.5246,2.93753,0.40595
672,41,0,0,11,0,1,0,0,-15.657,0.57121,0.15,684,31.5246,2.72696,0.40595
673,27,0,0,11,0,1,0,0,-18.936,0.57073,0.15,684,31.5246,3.39275,0.40595
674,6,0,0,4,0,1,0,0,-33.154,0.57026,0.15,684,31.5246,3.79319,0.40595
675,40,1,1,6,0,1,0,0,-13.754,0.56978,0.15,684,31.5246,1.99301,0.40595
676,22,0,0,4,0,1,0,0,-23.213,0.56931,0.15,684,31.5246,3.97443,0.40595
677,25,0,0,10,0,1,0,0,-19.736,0.56883,0.15,684,31.5246,2.96887,0.40595
678,5,0,0,3,0,1,0,0,-33.406,0.56836,0.15,684,31.5246,0.61951,0.40595
679,63,0,0,12,0,1,0,0,-16.277,0.56789,0.15,684,31.5246,2.98649,0.40595
680,39,0,0,7,0,1,0,0,-23.152,0.56741,0.15,684,31.5246,3.0836,0.40595
681,46,0,0,8,0,1,0,0,-15.38,0.56694,0.15,684,31.5246,3.63513,0.40595
682,50,0,0,9,0,1,0,0,-23.492,0.56647,0.15,684,31.5246,3.96604,0.40595
683,15,0,0,4,0,1,0,0,-30.338,0.566,0.15,684,31.5246,4.89325,0.40595
684,18,0,0,4,0,1,0,0,-25.519,0.56553,0.15,684,31.5246,4.96395,0.40595
685,5,0,0,4,0,1,0,0,-33.208,0.56505,0.15,684,31.5246,0.58784,0.40595
686,5,0,0,3,0,1,0,0,-28.854,0.56458,0.15,684,31.5246,9.45233,0.40595
687,36,0,0,5,0,1,0,0,-24.878,0.56411,0.15,684,31.5246,3.54583,0.40595
688,14,0,0,4,0,1,0,0,-28.12,0.56364,0.15,684,31.5246,4.0681,0.40595
689,30,0,0,4,0,1,0,0,-25.472,0.56317,0.15,684,31.5246,2.52279,0.40595
690,169,2,2,31,0,1,0,0,8.292,0.5627,0.15,684,31.5246,3.2851,0.40619
691,42,0,0,7,0,1,0,0,-22.661,0.56224,0.15,684,31.5246,2.1043,0.40619
692,24,1,1,11,0,1,0,0,-16.962,0.56177,0.15,685,31.5246,5.44496,0.40608
693,313,2,2,45,0,1,0,0,54.194,0.5613,0.15,689,31.5246,2.5071,0.40542
694,39,0,0,5,0,1,0,0,-27.243,0.56083,0.15,689,31.5246,3.54518,0.40542
695,40,0,0,7,0,1,0,0,-20.78,0.56037,0.15,689,31.5246,2.52704,0.40542
696,5,0,0,4,0,1,0,0,-33.208,0.5599,0.15,689,31.5246,1.76036,0.40542
697,33,1,1,3,0,1,0,0,-19.397,0.55943,0.15,689,31.5246,2.37108,0.40542
698,9,0,0,2,0,1,0,0,-33.604,0.55897,0.15,689,31.5246,4.11948,0.40542
699,26,0,0,6,0,1,0,0,-25.415,0.5585,0.15,689,31.5246,2.63376,0.40542
700,7,0,0,4,0,1,0,0,-24.402,0.55804,0.15,689,31.5246,5.13612,0.40542
701,5,0,0,3,0,1,0,0,-33.808,0.55757,0.15,689,31.5246,2.21457,0.40542
702,43,1,1,8,0,1,0,0,-20.463,0.55711,0.15,689,31.5246,3.60102,0.40542
703,20,0,0,6,0,1,0,0,-24.386,0.55664,0.15,689,31.5246,4.12287,0.40542
704,5,0,0,3,0,1,0,0,-33.408,0.55618,0.15,689,31.5246,1.93936,0.40542
705,52,1,1,6,0,1,0,0,-14.473,0.55571,0.15,689,31.5246,2.35923,0.40542
706,14,0,0,3,0,1,0,0,-29.756,0.55525,0.15,689,31.5246,3.78863,0.40542
707,25,0,0,9,0,1,0,0,-21.478,0.55479,0.15,689,31.5246,3.67164,0.40542
708,5,0,0,2,0,1,0,0,-30.704,0.55433,0.15,689,31.5246,6.74443,0.40542
709,6,0,0,4,0,1,0,0,-32.756,0.55387,0.15,689,31.5246,3.98291,0.40542
710,13,0,0,3,0,1,0,0,-25.936,0.5534,0.15,689,31.5246,3.68867,0.40542
711,233,1,1,29,0,1,0,0,14.105,0.55294,0.15,695,31.5246,2.69943,0.40432
712,41,0,0,6,0,1,0,0,-23.932,0.55248,0.15,695,31.5246,2.30254,0.40432
713,5,0,0,2,0,1,0,0,-29.454,0.55202,0.15,695,31.5246,8.15609,0.40432
714,5,0,0,4,0,1,0,0,-32.808,0.55156,0.15,695,31.5246,1.64834,0.40432
715,59,0,0,15,0,1,0,0,-15.287,0.5511,0.15,695,31.5246,2.83176,0.40432
716,13,0,0,4,0,1,0,0,-29.186,0.55064,0.15,695,31.5246,4.90655,0.40432
717,5,0,0,4,0,1,0,0,-33.206,0.55019,0.15,695,31.5246,2.18282,0.40432
718,6,0,0,4,0,1,0,0,-32.754,0.54973,0.15,695,31.5246,4.01887,0.40432
719,22,0,0,8,0,1,0,0,-20.088,0.54927,0.15,695,31.5246,3.35802,0.40432
720,12,0,0,7,0,1,0,0,-27.884,0.54881,0.15,695,31.5246,6.04995,0.40432
721,15,0,0,5,0,1,0,0,-27.5,0.54835,0.15,695,31.5246,3.60183,0.40432
722,30,0,0,10,0,1,0,0,-20.397,0.5479,0.15,695,31.5246,4.37794,0.40432
723,5,0,0,0,0,1,0,0,-38.604,0.54744,0.15,695,31.5246,8.26404,0.40432
724,5,0,0,4,0,1,0,0,-33.208,0.54699,0.15,695,31.5246,1.3893,0.40432
725,11,0,0,4,0,1,0,0,-32.008,0.54653,0.15,695,31.5246,3.80017,0.40432
726,9,0,0,4,0,1,0,0,-32.404,0.54607,0.15,695,31.5246,3.74712,0.40432
727,17,0,0,4,0,1,0,0,-30.238,0.54562,0.15,695,31.5246,4.25495,0.40432
728,60,0,0,3,0,1,0,0,-23.092,0.54517,0.15,695,31.5246,2.13157,0.40432
729,38,0,0,5,0,1,0,0,-25.081,0.54471,0.15,695,31.5246,4.05424,0.40432
730,30,0,0,5,0,1,0,0,-25.774,0.54426,0.15,695,31.5246,3.2429,0.40432
731,66,0,0,11,0,1,0,0,-13.548,0.5438,0.15,698,31.5246,2.85636,0.40353
732,12,0,0,5,0,1,0,0,-23.406,0.54335,0.15,698,31.5246,2.94318,0.40353
733,87,1,1,15,0,1,0,0,-7.179,0.5429,0.15,698,31.5246,2.22238,0.40353
734,26,0,0,8,0,1,0,0,-24.517,0.54245,0.15,698,31.5246,5.56466,0.40353
735,17,0,0,4,0,1,0,0,-31.698,0.54199,0.15,698,31.5246,2.71471,0.40353
736,77,0,0,8,0,1,0,0,-18.389,0.54154,0.15,700,31.5246,3.61887,0.4031
737,5,0,0,3,0,1,0,0,-33.806,0.54109,0.15,700,31.5246,2.04166,0.4031
738,73,1,1,6,0,1,0,0,-11.675,0.54064,0.15,700,31.5246,2.04427,0.4031
739,20,0,0,4,0,1,0,0,-24.334,0.54019,0.15,700,31.5246,1.67003,0.4031
740,13,0,0,3,0,1,0,0,-32.498,0.53974,0.15,700,31.5246,3.21286,0.4031
741,7,0,0,5,0,1,0,0,-27.55,0.53929,0.15,700,31.5246,6.77155,0.4031
742,8,0,0,2,0,1,0,0,-33.552,0.53884,0.15,700,31.5246,3.11102,0.4031
743,5,0,0,4,0,1,0,0,-33.208,0.53839,0.15,700,31.5246,0.95688,0.4031
744,5,0,0,4,0,1,0,0,-33.206,0.53794,0.15,700,31.5246,1.54987,0.4031
745,75,1,1,14,0,1,0,0,-6.934,0.5375,0.15,700,31.5246,3.06616,0.4031
746,22,0,0,6,0,1,0,0,-20.998,0.53705,0.15,700,31.5246,4.61992,0.4031
747,38,0,0,8,0,1,0,0,-19.133,0.5366,0.15,700,31.5246,3.06198,0.4031
748,22,1,1,6,0,1,0,0,-24.108,0.53615,0.15,700,31.5246,5.32049,0.4031
749,103,0,0,11,0,1,0,0,-11.345,0.53571,0.15,700,31.5246,2.56071,0.4031
750,6,0,0,2,0,1,0,0,-31.206,0.53526,0.15,700,31.5246,8.35348,0.4031
751,5,0,0,2,0,1,0,0,-32.752,0.53482,0.15,700,31.5246,1.0279,0.4031
752,176,0,0,21,0,1,0,0,-5.585,0.53437,0.15,702,31.5246,2.52659,0.40266
753,59,0,0,9,0,1,0,0,-16.382,0.53392,0.15,702,31.5246,1.80337,0.40266
754,32,0,0,11,0,1,0,0,-18.412,0.53348,0.15,702,31.5246,2.92519,0.40266
755,6,0,0,3,0,1,0,0,-30.21,0.53304,0.15,702,31.5246,5.09294,0.40266
756,24,0,0,5,0,1,0,0,-27.45,0.53259,0.15,702,31.5246,2.79327,0.40266
757,66,0,0,9,0,1,0,0,-19.788,0.53215,0.15,702,31.5246,2.47731,0.40266
758,5,0,0,4,0,1,0,0,-33.206,0.5317,0.15,702,31.5246,0.56323,0.40266
759,36,0,0,14,0,1,0,0,-23.982,0.53126,0.15,702,31.5246,4.79627,0.40266
760,9,0,0,4,0,1,0,0,-32.302,0.53082,0.15,702,31.5246,3.95578,0.40266
761,50,0,0,13,0,1,0,0,-17.874,0.53038,0.15,702,31.5246,2.7484,0.40266
762,23,0,0,3,0,1,0,0,-30.235,0.52994,0.15,702,31.5246,4.47818,0.40266
763,18,0,0,7,0,1,0,0,-25.226,0.52949,0.15,702,31.5246,3.81987,0.40266
764,25,0,0,5,0,1,0,0,-26.345,0.52905,0.15,702,31.5246,5.21809,0.40266
765,102,2,2,15,0,1,0,0,-4.587,0.52861,0.15,702,31.5246,2.58931,0.40266
766,5,0,0,3,0,1,0,0,-25.854,0.52817,0.15,702,31.5246,7.60536,0.40266
767,6,0,0,3,0,1,0,0,-30.756,0.52773,0.15,702,31.5246,5.30532,0.40266
768,13,0,0,1,0,1,0,0,-30.434,0.52729,0.15,702,31.5246,3.3712,0.40266
769,26,0,0,3,0,1,0,0,-21.787,0.52685,0.15,702,31.5246,3.03498,0.40266
770,18,0,0,3,0,1,0,0,-25.938,0.52641,0.15,702,31.5246,5.42501,0.40266
771,7,0,0,2,0,1,0,0,-30.496,0.52598,0.15,702,31.5246,10.42305,0.40266
772,61,0,0,7,0,1,0,0,-14.99,0.52554,0.15,702,31.5246,2.39534,0.40266
773,38,0,0,5,0,1,0,0,-25.467,0.5251,0.15,702,31.5246,3.14275,0.40266
774,36,0,0,7,0,1,0,0,-23.207,0.52466,0.15,702,31.5246,2.6692,0.40266
775,30,0,0,3,0,1,0,0,-26.417,0.52423,0.15,702,31.5246,4.81794,0.40266
776,26,0,0,5,0,1,0,0,-24.943,0.52379,0.15,702,31.5246,2.92156,0.40266
777,30,1,1,12,0,1,0,0,-15.157,0.52335,0.15,702,31.5246,3.32982,0.40266
778,13,0,0,3,0,1,0,0,-32.086,0.52292,0.15,702,31.5246,2.90681,0.40266
779,17,0,0,8,0,1,0,0,-23.031,0.52248,0.15,702,31.5246,4.30782,0.40266
780,14,0,0,5,0,1,0,0,-23.601,0.52205,0.15,702,31.5246,3.98075,0.40266
781,14,0,0,6,0,1,0,0,-27.346,0.52161,0.15,702,31.5246,2.32939,0.40266
782,70,0,0,7,0,1,0,0,-15.704,0.52118,0.15,702,31.5246,2.11922,0.40266
783,18,0,0,4,0,1,0,0,-31.954,0.52074,0.15,702,31.5246,1.82589,0.40266
784,81,0,0,11,0,1,0,0,-12.085,0.52031,0.15,704,31.5246,2.54754,0.40199
785,21,0,0,4,0,1,0,0,-27.619,0.51988,0.15,704,31.5246,3.46038,0.40199
786,30,0,0,10,0,1,0,0,-20.788,0.51944,0.15,704,31.5246,3.11399,0.40199
787,9,0,0,6,0,1,0,0,-26.412,0.51901,0.15,704,31.5246,2.58217,0.40199
788,31,0,0,9,0,1,0,0,-19.263,0.51858,0.15,704,31.5246,4.08219,0.40199
789,5,0,0,3,0,1,0,0,-33.808,0.51815,0.15,704,31.5246,1.5101,0.40199
790,7,0,0,6,0,1,0,0,-26.55,0.51771,0.15,704,31.5246,6.39578,0.40199
791,32,0,0,11,0,1,0,0,-20.402,0.51728,0.15,705,31.5246,5.08764,0.40189
792,42,1,1,16,0,1,0,0,-15.154,0.51685,0.15,705,31.5246,3.78098,0.40189
793,87,1,1,15,0,1,0,0,-5.641,0.51642,0.15,705,31.5246,3.14879,0.40189
794,15,0,0,5,0,1,0,0,-27.798,0.51599,0.15,705,31.5246,3.74777,0.40189
795,20,1,1,7,0,1,0,0,-18.153,0.51556,0.15,705,31.5246,4.05928,0.40189
796,112,0,0,28,0,1,0,0,3.988,0.51513,0.15,705,31.5246,3.2045,0.40189
797,36,1,1,9,0,1,0,0,-15.064,0.5147,0.15,705,31.5246,1.96924,0.40189
798,113,0,0,21,0,1,0,0,3.477,0.51427,0.15,705,31.5246,3.09386,0.40213
799,38,0,0,12,0,1,0,0,-18.432,0.51385,0.15,705,31.5246,2.2481,0.40213
800,25,0,0,9,0,1,0,0,-19.112,0.51342,0.15,705,31.5246,1.92941,0.40213
801,153,5,0,25,1,1,0,0,22.7,0.51299,0.15,707,31.5246,3.14521,0.4017
802,5,0,0,4,0,1,0,0,-33.208,0.51256,0.15,707,31.5246,0.58303,0.4017
803,41,1,1,10,0,1,0,0,-13.56,0.51214,0.15,707,31.5246,4.17029,0.4017
804,32,0,0,5,0,1,0,0,-27.264,0.51171,0.15,707,31.5246,3.25385,0.4017
805,126,0,0,19,0,1,0,0,-0.34,0.51128,0.15,707,31.5246,2.67772,0.4017
806,49,0,0,13,0,1,0,0,-18.396,0.51086,0.15,707,31.5246,2.94804,0.4017
807,6,0,0,3,0,1,0,0,-30.61,0.51043,0.15,707,31.5246,5.92404,0.4017
808,57,1,1,22,0,1,0,0,-3.599,0.51001,0.15,707,31.5246,3.23985,0.4017
809,163,1,1,17,0,1,1,0,-0.608,0.50958,0.15,711,31.5246,2.77428,0.40061
810,57,0,0,6,0,1,0,0,-16.278,0.50916,0.15,711,31.5246,1.53894,0.40061
811,8,0,0,5,0,1,0,0,-29.038,0.50873,0.15,711,31.5246,3.1055,0.40061
812,29,0,0,8,0,1,0,0,-24.051,0.50831,0.15,711,31.5246,3.5345,0.40061
813,65,1,1,12,0,1,0,0,-9.335,0.50789,0.15,712,31.5246,2.62515,0.40028
814,18,0,0,8,0,1,0,0,-25.582,0.50746,0.15,712,31.5246,2.71225,0.40028
815,86,1,1,14,0,1,0,0,-11.221,0.50704,0.15,717,31.5246,2.53022,0.39865
816,37,0,0,12,0,1,0,0,-18.299,0.50662,0.15,717,31.5246,2.60402,0.39865
817,44,1,1,12,0,1,0,0,-15.317,0.50619,0.15,717,31.5246,2.71493,0.39865
818,17,0,0,7,0,1,0,0,-27.375,0.50577,0.15,717,31.5246,4.00128,0.39865
819,18,0,0,4,0,1,0,0,-26.996,0.50535,0.15,717,31.5246,2.54487,0.39865
820,23,0,0,7,0,1,0,0,-20.643,0.50493,0.15,717,31.5246,2.20586,0.39865
821,69,0,0,15,0,1,0,0,-16.995,0.50451,0.15,717,31.5246,2.19573,0.39865
822,48,1,1,11,0,1,0,0,-12.472,0.50409,0.15,717,31.5246,5.00641,0.39865
823,30,0,0,11,0,1,0,0,-19.893,0.50367,0.15,717,31.5246,2.69545,0.39865
824,17,0,0,3,0,1,0,0,-29.896,0.50325,0.15,717,31.5246,3.71141,0.39865
825,63,0,0,15,0,1,0,0,-13.985,0.50283,0.15,717,31.5246,1.7301,0.39865
826,23,0,0,7,0,1,0,0,-26.255,0.50241,0.15,717,31.5246,1.41406,0.39865
827,11,0,0,4,0,1,0,0,-32.302,0.50199,0.15,717,31.5246,3.97185,0.39865
828,36,1,1,9,0,1,0,0,-17.398,0.50158,0.15,717,31.5246,2.39709,0.39865
829,14,0,0,4,0,1,0,0,-27.823,0.50116,0.15,717,31.5246,4.1817,0.39865
830,8,0,0,3,0,1,0,0,-33.252,0.50074,0.15,717,31.5246,3.78928,0.39865
831,57,0,0,7,0,1,0,0,-22.164,0.50032,0.15,717,31.5246,2.32865,0.39865
832,174,0,0,23,0,1,0,0,3.937,0.49991,0.15,721,31.5246,2.54944,0.3976
833,36,0,0,7,0,1,0,0,-25.932,0.49949,0.15,721,31.5246,2.40712,0.3976
834,14,0,0,5,0,1,0,0,-25.896,0.49907,0.15,721,31.5246,3.54036,0.3976
835,15,0,0,5,0,1,0,0,-27.203,0.49866,0.15,721,31.5246,5.36819,0.3976
836,23,0,0,10,0,1,0,0,-17.561,0.49824,0.15,721,31.5246,3.65439,0.3976
837,60,0,0,11,0,1,0,0,-24.89,0.49783,0.15,721,31.5246,3.87143,0.3976
838,5,0,0,2,0,1,0,0,-31.106,0.49741,0.15,721,31.5246,9.70726,0.3976
839,27,0,0,6,0,1,0,0,-21.784,0.497,0.15,721,31.5246,3.61413,0.3976
840,14,0,0,2,0,1,0,0,-30.104,0.49659,0.15,721,31.5246,3.86638,0.3976
841,5,0,0,2,0,1,0,0,-29.454,0.49617,0.15,721,31.5246,8.19434,0.3976
842,47,1,1,11,0,1,0,0,-16.885,0.49576,0.15,721,31.5246,3.71277,0.3976
843,38,1,1,11,0,1,0,0,-14.04,0.49535,0.15,721,31.5246,4.07903,0.3976
844,18,0,0,4,0,1,0,0,-23.734,0.49493,0.15,721,31.5246,4.35087,0.3976
845,15,0,0,5,0,1,0,0,-23.401,0.49452,0.15,721,31.5246,4.29769,0.3976
846,5,0,0,3,0,1,0,0,-33.808,0.49411,0.15,721,31.5246,2.77097,0.3976
847,37,0,0,4,0,1,0,0,-26.378,0.4937,0.15,721,31.5246,2.59176,0.3976
848,14,0,0,5,0,1,0,0,-27.552,0.49329,0.15,721,31.5246,3.18045,0.3976
849,88,1,1,7,0,1,0,0,-16.179,0.49287,0.15,721,31.5246,2.42282,0.3976
850,10,0,0,2,0,1,0,0,-28.516,0.49246,0.15,721,31.5246,3.92024,0.3976
851,125,0,0,22,0,1,0,0,-3.383,0.49205,0.15,727,31.5246,2.62117,0.39638
852,5,0,0,4,0,1,0,0,-32.808,0.49164,0.15,727,31.5246,3.30643,0.39638
853,80,0,0,17,0,1,0,0,-5.238,0.49123,0.15,727,31.5246,2.75623,0.39638
854,25,0,0,9,0,1,0,0,-23.673,0.49083,0.15,728,31.5246,5.3042,0.39606
855,66,1,1,11,0,1,0,0,-12.175,0.49042,0.15,728,31.5246,2.63805,0.39606
856,63,0,0,5,0,1,0,0,-19.58,0.49001,0.15,728,31.5246,2.14848,0.39606
857,84,2,2,14,0,1,0,0,-9.095,0.4896,0.15,728,31.5246,2.58124,0.39606
858,37,0,0,8,0,1,0,0,-21.696,0.48919,0.15,728,31.5246,3.6578,0.39606
859,123,1,1,15,0,1,0,0,-1.234,0.48878,0.15,728,31.5246,1.97544,0.39606
860,5,0,0,3,0,1,0,0,-30.808,0.48838,0.15,728,31.5246,5.89207,0.39606
861,61,1,1,9,0,1,0,0,-16.818,0.48797,0.15,728,31.5246,2.96977,0.39606
862,24,0,0,10,0,1,0,0,-24.772,0.48756,0.15,728,31.5246,3.44294,0.39606
863,35,1,1,10,0,1,0,0,-12.765,0.48716,0.15,728,31.5246,2.50582,0.39606
864,52,0,0,18,0,1,0,0,-8.669,0.48675,0.15,728,31.5246,1.94173,0.39606
865,85,1,1,16,0,1,0,0,-7.997,0.48635,0.15,728,31.5246,3.54641,0.39629
866,29,0,0,10,0,1,0,0,-19.012,0.48594,0.15,728,31.5246,3.08266,0.39629
867,89,0,0,15,0,1,0,0,-15.267,0.48554,0.15,730,31.5246,2.26537,0.39566
868,25,0,0,8,0,1,0,0,-23.85,0.48513,0.15,730,31.5246,2.93908,0.39566
869,7,0,0,6,0,1,0,0,-26.55,0.48473,0.15,730,31.5246,6.17934,0.39566
870,18,1,1,2,0,1,0,0,-25.095,0.48432,0.15,730,31.5246,3.46228,0.39566
871,16,0,0,3,0,1,0,0,-32.728,0.48392,0.15,730,31.5246,7.20457,0.39566
872,17,0,0,5,0,1,0,0,-23.435,0.48352,0.15,730,31.5246,5.37037,0.39566
873,47,1,1,5,0,1,0,0,-21.098,0.48312,0.15,730,31.5246,2.16641,0.39566
874,64,1,1,9,0,1,0,0,-9.853,0.48271,0.15,730,31.5246,2.45417,0.39566
875,13,0,0,4,0,1,0,0,-26.221,0.48231,0.15,730,31.5246,3.49128,0.39566
876,61,0,0,9,0,1,0,0,-14.852,0.48191,0.15,730,31.5246,1.42753,0.39566
877,6,0,0,1,0,1,0,0,-29.856,0.48151,0.15,730,31.5246,4.45444,0.39566
878,89,0,0,11,0,1,0,0,-14.153,0.48111,0.15,730,31.5246,2.49471,0.39566
879,247,4,4,19,0,1,0,0,18.505,0.48071,0.15,731,31.5246,2.49329,0.39535
880,61,0,0,12,0,1,0,0,-22.345,0.48031,0.15,731,31.5246,2.67569,0.39535
881,14,0,0,5,0,1,0,0,-27.225,0.47991,0.15,731,31.5246,3.36005,0.39535
882,5,0,0,4,0,1,0,0,-32.808,0.47951,0.15,731,31.5246,2.37305,0.39535
883,16,0,0,7,0,1,0,0,-20.673,0.47911,0.15,731,31.5246,1.7016,0.39535
884,117,1,1,22,0,1,0,0,11.713,0.47871,0.15,731,31.5246,1.93969,0.39535
885,5,0,0,4,0,1,0,0,-33.208,0.47831,0.15,731,31.5246,2.0095,0.39535
886,12,0,0,5,0,1,0,0,-27.942,0.47791,0.15,731,31.5246,4.21086,0.39535
887,26,0,0,5,0,1,0,0,-21.261,0.47751,0.15,732,31.5246,2.38034,0.39504
888,135,2,2,7,0,1,1,0,5.879,0.47711,0.15,737,31.5246,2.29844,0.39371
889,22,0,0,6,0,1,0,0,-22.515,0.47672,0.15,737,31.5246,2.84709,0.39371
890,30,0,0,9,0,1,0,0,-18.71,0.47632,0.15,737,31.5246,2.07784,0.39371
891,41,0,0,12,0,1,0,0,-16.675,0.47592,0.15,737,31.5246,2.59713,0.39371
892,25,0,0,9,0,1,0,0,-23.552,0.47553,0.15,737,31.5246,4.86451,0.39371
893,51,0,0,6,0,1,0,0,-22.679,0.47513,0.15,737,31.5246,2.90939,0.39371
894,42,0,0,13,0,1,0,0,-15.88,0.47473,0.15,737,31.5246,2.53674,0.39371
895,79,0,0,6,0,0,0,0,10.759,0.47434,0.15,740,31.5246,2.10131,0.39302
896,31,0,0,3,0,1,0,0,-21.22,0.47394,0.15,740,31.5246,2.63838,0.39302
897,56,0,0,8,0,1,0,0,-16.18,0.47355,0.15,740,31.5246,2.75929,0.39302
898,15,0,0,4,0,1,0,0,-23.88,0.47315,0.15,740,31.5246,5.056,0.39302
899,384,1,1,16,0,1,0,0,23.171,0.47276,0.15,742,31.5246,2.30955,0.39308
900,5,0,0,4,0,1,0,0,-33.208,0.47237,0.15,742,31.5246,1.65266,0.39308
901,5,0,0,3,0,1,0,0,-33.808,0.47197,0.15,742,31.5246,1.58494,0.39308
902,31,1,1,7,0,1,0,0,-16.814,0.47158,0.15,742,31.5246,2.52133,0.39308
903,30,0,0,8,0,1,0,0,-18.579,0.47119,0.15,742,31.5246,2.63479,0.39308
904,24,0,0,6,0,1,0,0,-22.153,0.47079,0.15,742,31.5246,3.22523,0.39308
905,55,1,1,12,0,1,0,0,-15.524,0.4704,0.15,742,31.5246,2.41928,0.39308
906,44,0,0,11,0,1,0,0,-18.535,0.47001,0.15,742,31.5246,2.79407,0.39308
907,94,1,1,12,0,1,0,0,-8.24,0.46962,0.15,749,31.5246,2.96233,0.39097
908,26,1,1,8,0,1,0,0,-21.385,0.46923,0.15,749,31.5246,4.83825,0.39097
909,27,0,0,7,0,1,0,0,-19.133,0.46884,0.15,749,31.5246,2.09865,0.39097
910,191,0,0,20,0,1,0,0,0.084,0.46845,0.15,749,31.5246,2.42519,0.39141
911,39,0,0,4,0,1,0,0,-23.505,0.46806,0.15,749,31.5246,2.52602,0.39141
912,50,0,0,14,0,1,0,0,-10.468,0.46767,0.15,749,31.5246,2.2731,0.39141
913,11,0,0,4,0,1,0,0,-32.062,0.46728,0.15,749,31.5246,3.76877,0.39141
914,249,5,5,31,0,0,0,0,64.371,0.46689,0.15,751,31.5246,2.13816,0.39148
915,58,0,0,13,0,1,0,0,-14.414,0.4665,0.15,751,31.5246,2.67458,0.39148
916,37,0,0,10,0,1,0,0,-19.672,0.46611,0.15,751,31.5246,2.69842,0.39148
917,50,0,0,9,0,1,0,0,-20.029,0.46572,0.15,751,31.5246,2.62339,0.39148
918,41,1,1,9,0,1,0,0,-20.273,0.46533,0.15,751,31.5246,4.25063,0.39148
919,83,1,1,18,0,1,0,0,-3.685,0.46495,0.15,751,31.5246,2.72599,0.39148
920,42,0,0,6,0,1,0,0,-24.851,0.46456,0.15,751,31.5246,4.11077,0.39148
921,54,0,0,12,0,1,0,0,-13.377,0.46417,0.15,751,31.5246,2.7456,0.39148
922,28,0,0,8,0,1,0,0,-21.27,0.46379,0.15,751,31.5246,3.09809,0.39148
923,190,3,3,27,0,1,0,0,11.633,0.4634,0.15,751,31.5246,2.65005,0.3917
924,7,0,0,4,0,1,0,0,-32.806,0.46301,0.15,751,31.5246,4.8342,0.3917
925,16,0,0,6,0,1,0,0,-24.28,0.46263,0.15,751,31.5246,3.30322,0.3917
926,14,0,0,6,0,1,0,0,-29.931,0.46224,0.15,751,31.5246,3.81111,0.3917
927,5,0,0,4,0,1,0,0,-33.206,0.46186,0.15,751,31.5246,1.36523,0.3917
928,28,1,1,7,0,1,0,0,-17.136,0.46147,0.15,751,31.5246,3.73979,0.3917
929,20,0,0,5,0,1,0,0,-22.27,0.46109,0.15,751,31.5246,2.09577,0.3917
930,21,0,0,6,0,1,0,0,-27.908,0.4607,0.15,751,31.5246,1.12179,0.3917
931,5,0,0,4,0,1,0,0,-33.208,0.46032,0.15,751,31.5246,1.93186,0.3917
932,80,0,0,5,0,1,0,0,-17.13,0.45994,0.15,751,31.5246,3.04956,0.3917
933,40,0,0,9,0,1,0,0,-19.622,0.45955,0.15,751,31.5246,2.71781,0.3917
934,75,0,0,14,0,1,0,0,-10.654,0.45917,0.15,755,31.5246,2.86374,0.39095
935,114,0,0,11,0,1,0,0,-8.817,0.45879,0.15,755,31.5246,2.55369,0.39095
936,5,0,0,3,0,1,0,0,-28.454,0.45841,0.15,755,31.5246,9.44093,0.39095
937,8,0,0,4,0,1,0,0,-32.236,0.45802,0.15,755,31.5246,4.51757,0.39095
938,165,1,1,16,0,1,0,0,-1.264,0.45764,0.15,760,31.5246,2.40983,0.39057
939,26,0,0,8,0,1,0,0,-23.407,0.45726,0.15,760,31.5246,2.71973,0.39057
940,7,0,0,4,0,1,0,0,-32.806,0.45688,0.15,760,31.5246,4.29811,0.39057
941,141,1,1,20,0,1,0,0,-4.594,0.4565,0.15,761,31.5246,2.84926,0.39028
942,22,1,1,3,0,1,0,0,-24.061,0.45612,0.15,761,31.5246,3.87983,0.39028
943,43,1,1,11,0,1,0,0,-12.1,0.45574,0.15,761,31.5246,2.63595,0.39028
944,68,1,1,18,0,1,0,0,-7.996,0.45536,0.15,762,31.5246,3.89099,0.3902
945,28,0,0,5,0,1,0,0,-28.22,0.45498,0.15,762,31.5246,4.06372,0.3902
946,27,0,0,7,0,1,0,0,-25.111,0.4546,0.15,762,31.5246,3.82327,0.3902
947,5,0,0,4,0,1,0,0,-32.808,0.45422,0.15,762,31.5246,1.42811,0.3902
948,75,0,0,10,0,1,0,0,-14.991,0.45384,0.15,762,31.5246,2.32322,0.3902
949,5,0,0,3,0,1,0,0,-33.408,0.45347,0.15,762,31.5246,2.30868,0.3902
950,54,1,1,7,0,1,0,0,-13.711,0.45309,0.15,762,31.5246,1.86299,0.3902
951,108,0,0,12,0,1,0,0,-14.717,0.45271,0.15,765,31.5246,2.78717,0.38954
952,16,1,1,5,0,1,0,0,-20.294,0.45233,0.15,765,31.5246,4.40679,0.38954
953,21,0,0,5,0,1,0,0,-25.299,0.45196,0.15,765,31.5246,5.09043,0.38954
954,17,0,0,8,0,1,0,0,-19.726,0.45158,0.15,765,31.5246,2.6405,0.38954
955,54,0,0,15,0,1,0,0,-13.992,0.45121,0.15,765,31.5246,1.40183,0.38954
956,5,0,0,4,0,1,0,0,-32.808,0.45083,0.15,765,31.5246,1.2955,0.38954
957,5,0,0,2,0,1,0,0,-32.314,0.45045,0.15,765,31.5246,6.05211,0.38954
958,42,0,0,6,0,1,0,0,-18.924,0.45008,0.15,765,31.5246,2.40107,0.38954
959,21,0,0,3,0,1,0,0,-29.569,0.4497,0.15,765,31.5246,3.07127,0.38954
960,69,1,1,7,0,1,0,0,-20.824,0.44933,0.15,765,31.5246,2.76082,0.38954
961,16,0,0,4,0,1,0,0,-31.218,0.44895,0.15,765,31.5246,2.81234,0.38954
962,21,0,0,7,0,1,0,0,-25.4,0.44858,0.15,765,31.5246,3.7008,0.38954
963,42,0,0,4,0,1,0,0,-27.98,0.44821,0.15,765,31.5246,2.57787,0.38954
964,5,0,0,4,0,1,0,0,-33.206,0.44783,0.15,765,31.5246,1.56119,0.38954
965,38,0,0,4,0,1,0,0,-26.975,0.44746,0.15,765,31.5246,3.3953,0.38954
966,80,0,0,9,0,1,0,0,-8.083,0.44709,0.15,765,31.5246,2.14919,0.38954
967,25,0,0,5,0,1,0,0,-21.402,0.44672,0.15,765,31.5246,3.14551,0.38954
968,39,0,0,3,0,1,0,0,-25.995,0.44634,0.15,765,31.5246,1.96568,0.38954
969,6,0,0,4,0,1,0,0,-32.756,0.44597,0.15,765,31.5246,5.36018,0.38954
970,6,0,0,4,0,1,0,0,-33.156,0.4456,0.15,765,31.5246,4.82531,0.38954
971,9,0,0,2,0,1,0,0,-28.646,0.44523,0.15,765,31.5246,8.14032,0.38954
972,92,1,1,9,0,1,0,0,-11.272,0.44486,0.15,765,31.5246,1.73964,0.38954
973,64,0,0,7,0,1,0,0,-16.784,0.44449,0.15,766,31.5246,2.50428,0.38925
974,5,0,0,2,0,1,0,0,-34.408,0.44412,0.15,766,31.5246,1.36653,0.38925
975,52,2,2,17,0,1,0,0,-3.53,0.44375,0.15,766,31.5246,2.33122,0.38925
976,7,0,0,4,0,1,0,0,-24.796,0.44338,0.15,766,31.5246,2.51266,0.38925
977,216,1,1,20,0,1,0,0,18.316,0.44301,0.15,767,31.5246,2.3656,0.38918
978,31,0,0,3,0,1,0,0,-22.082,0.44264,0.15,767,31.5246,2.35145,0.38918
979,5,0,0,3,0,1,0,0,-30.506,0.44227,0.15,767,31.5246,3.80247,0.38918
980,46,1,1,14,0,1,0,0,-10.103,0.4419,0.15,767,31.5246,3.62779,0.3894
981,35,0,0,6,0,1,0,0,-17.756,0.44153,0.15,767,31.5246,2.99635,0.3894
982,137,2,2,19,0,1,0,0,9.003,0.44117,0.15,767,31.5246,2.18473,0.3894
983,184,2,2,29,0,1,0,0,23.449,0.4408,0.15,768,31.5246,2.51535,0.38954
984,13,0,0,3,0,1,0,0,-30.277,0.44043,0.15,768,31.5246,4.02214,0.38954
985,6,0,0,2,0,1,0,0,-31.206,0.44006,0.15,768,31.5246,9.06701,0.38954
986,28,0,0,4,0,1,0,0,-21.487,0.4397,0.15,768,31.5246,3.20769,0.38954
987,71,1,1,9,0,1,0,0,-15.968,0.43933,0.15,770,31.5246,2.15703,0.38896
988,13,0,0,4,0,1,0,0,-24.573,0.43897,0.15,770,31.5246,5.93167,0.38896
989,51,0,0,3,0,1,0,0,-20.533,0.4386,0.15,770,31.5246,1.97322,0.38896
990,29,1,1,9,0,1,0,0,-17.857,0.43823,0.15,770,31.5246,3.12076,0.38896
991,81,5,0,14,1,1,0,0,2.048,0.43787,0.15,770,31.5246,3.12049,0.38896
992,20,1,1,7,0,1,0,0,-19.114,0.43751,0.15,770,31.5246,4.21531,0.38896
993,78,0,0,6,0,1,0,0,-12.837,0.43714,0.15,772,31.5246,2.38268,0.3886
994,224,2,2,22,0,1,0,0,14.55,0.43678,0.15,772,31.5246,2.31642,0.38925
995,76,2,2,24,0,1,0,0,8.826,0.43641,0.15,772,31.5246,3.20075,0.38925
996,18,0,0,5,0,1,0,0,-28.059,0.43605,0.15,772,31.5246,4.7157,0.38925
997,55,0,0,19,0,1,0,0,-10.829,0.43569,0.15,772,31.5246,2.98444,0.38925
998,33,0,0,8,0,1,0,0,-17.268,0.43532,0.15,772,31.5246,2.37049,0.38925
999,52,0,0,8,0,1,0,0,-12.347,0.43496,0.15,772,31.5246,2.69445,0.38925
1000,68,0,0,18,0,1,0,0,-11.693,0.4346,0.15,772,31.5246,2.87499,0.38925
1001,13,0,0,3,0,1,0,0,-28.396,0.43424,0.15,772,31.5246,4.17262,0.38925
1002,57,0,0,6,0,1,0,0,-23.423,0.43387,0.15,772,31.5246,3.05313,0.38925
1003,89,1,1,21,0,1,0,0,0.205,0.43351,0.15,772,31.5246,2.90162,0.38925
1004,42,0,0,6,0,1,0,0,-19.385,0.43315,0.15,772,31.5246,2.6467,0.38925
1005,75,0,0,10,0,1,0,0,-8.254,0.43279,0.15,772,31.5246,2.16371,0.38925
1006,7,0,0,3,0,1,0,0,-30.102,0.43243,0.15,772,31.5246,9.85607,0.38925
1007,45,0,0,5,0,0,0,0,-2.123,0.43207,0.15,773,31.5246,2.54817,0.38896
1008,89,0,0,13,0,1,0,0,-11.501,0.43171,0.15,776,31.5246,2.21781,0.3881
1009,23,0,0,3,0,1,0,0,-27.848,0.43135,0.15,776,31.5246,2.44808,0.3881
1010,150,1,1,9,0,1,0,0,-8.108,0.43099,0.15,776,31.5246,1.69048,0.3881
1011,18,0,0,7,0,1,0,0,-23.455,0.43063,0.15,776,31.5246,3.15409,0.3881
1012,13,0,0,2,0,1,0,0,-25.773,0.43027,0.15,776,31.5246,5.67383,0.3881
1013,32,1,1,7,0,1,0,0,-19.26,0.42992,0.15,776,31.5246,2.6531,0.3881
1014,15,0,0,3,0,1,0,0,-24.771,0.42956,0.15,776,31.5246,4.63039,0.3881
1015,98,2,2,17,0,1,0,0,1.29,0.4292,0.15,776,31.5246,1.93746,0.3881
1016,26,0,0,7,0,1,0,0,-20.945,0.42884,0.15,776,31.5246,4.92474,0.3881
1017,43,0,0,9,0,1,0,0,-16.479,0.42848,0.15,776,31.5246,2.01252,0.3881
1018,23,0,0,11,0,1,0,0,-20.94,0.42813,0.15,776,31.5246,3.13702,0.3881
1019,66,1,1,12,0,1,0,0,-11.897,0.42777,0.15,776,31.5246,2.68538,0.3881
1020,5,0,0,3,0,1,0,0,-30.104,0.42741,0.15,776,31.5246,4.20019,0.3881
1021,202,1,1,22,0,1,0,0,8.529,0.42706,0.15,777,31.5246,2.10678,0.38803
1022,34,0,0,6,0,1,0,0,-19.914,0.4267,0.15,777,31.5246,2.48338,0.38803
1023,13,0,0,5,0,1,0,0,-23.573,0.42635,0.15,777,31.5246,5.2652,0.38803
1024,306,2,2,30,0,1,0,0,40.3,0.42599,0.15,783,31.5246,2.09089,0.38633
1025,59,0,0,8,0,1,0,0,-15.282,0.42564,0.15,783,31.5246,2.85542,0.38633
1026,51,1,1,6,0,1,0,0,-13.254,0.42528,0.15,783,31.5246,1.88109,0.38633
1027,5,0,0,1,0,1,0,0,-30.056,0.42493,0.15,783,31.5246,5.05536,0.38633
1028,97,0,0,12,0,1,0,0,-7.524,0.42457,0.15,783,31.5246,2.25094,0.38633
1029,39,0,0,7,0,1,0,0,-18.01,0.42422,0.15,783,31.5246,3.07116,0.38633
1030,105,1,1,24,0,1,0,0,7.019,0.42387,0.15,783,31.5246,2.60368,0.38655
1031,80,2,2,20,0,1,0,0,-0.762,0.42351,0.15,783,31.5246,3.03123,0.38676
1032,53,1,1,10,0,1,0,0,-13.031,0.42316,0.15,783,31.5246,1.84735,0.38676
1033,38,0,0,4,0,1,0,0,-23.146,0.42281,0.15,783,31.5246,2.14566,0.38676
1034,36,0,0,6,0,1,0,0,-20.746,0.42246,0.15,783,31.5246,3.63368,0.38676
1035,30,1,1,5,0,1,0,0,-19.012,0.42211,0.15,783,31.5246,2.43268,0.38676
1036,24,0,0,4,0,1,0,0,-22.107,0.42175,0.15,783,31.5246,2.60217,0.38676
1037,182,2,2,28,0,1,0,0,19.068,0.4214,0.15,786,31.5246,2.13104,0.38656
1038,169,0,0,15,0,1,0,0,2.18,0.42105,0.15,786,31.5246,1.73653,0.38656
1039,17,0,0,5,0,1,0,0,-26.768,0.4207,0.15,786,31.5246,2.33219,0.38656
1040,17,0,0,4,0,1,0,0,-24.25,0.42035,0.15,786,31.5246,3.71048,0.38656
1041,132,0,0,14,0,1,0,0,-1.079,0.42,0.15,786,31.5246,1.89332,0.38656
1042,60,0,0,15,0,1,0,0,-15.713,0.41965,0.15,786,31.5246,2.44762,0.38656
1043,7,0,0,0,0,1,0,0,-33.254,0.4193,0.15,786,31.5246,10.75289,0.38656
1044,34,0,0,10,0,1,0,0,-16.628,0.41895,0.15,786,31.5246,2.67371,0.38656
1045,21,0,0,4,0,1,0,0,-21.352,0.4186,0.15,786,31.5246,3.29344,0.38656
1046,16,0,0,6,0,1,0,0,-22.923,0.41825,0.15,786,31.5246,1.90177,0.38656
1047,51,1,1,7,0,1,0,0,-10.692,0.41791,0.15,786,31.5246,2.53036,0.38656
1048,45,2,2,11,0,1,0,0,-9.549,0.41756,0.15,786,31.5246,3.52449,0.38656
1049,65,0,0,11,0,1,0,0,-16.542,0.41721,0.15,786,31.5246,2.54481,0.38656
1050,68,0,0,9,0,1,0,0,-13.26,0.41686,0.15,786,31.5246,2.14857,0.38656
1051,24,0,0,11,0,1,0,0,-17.13,0.41651,0.15,786,31.5246,3.49955,0.38656
1052,270,3,3,26,0,1,0,0,32.038,0.41617,0.15,786,31.5246,2.1475,0.38656
1053,91,0,0,19,0,1,0,0,-6.832,0.41582,0.15,786,31.5246,2.57653,0.38656
1054,95,2,2,8,0,1,0,0,-2.116,0.41547,0.15,786,31.5246,2.36054,0.38656
1055,106,1,1,13,0,1,0,0,0.778,0.41513,0.15,786,31.5246,1.863,0.38677
1056,161,2,2,13,0,1,0,0,1.171,0.41478,0.15,786,31.5246,2.03881,0.38677
1057,6,0,0,2,0,1,0,0,-31.356,0.41444,0.15,786,31.5246,5.65028,0.38677
1058,26,1,1,10,0,1,0,0,-13.11,0.41409,0.15,786,31.5246,2.68104,0.38677
1059,84,0,0,12,0,1,0,0,-8.272,0.41375,0.15,786,31.5246,1.66868,0.38677
1060,15,1,1,5,0,1,0,0,-23.341,0.4134,0.15,786,31.5246,4.89136,0.38677
1061,400,0,0,24,0,0,0,1,70.021,0.41306,0.15,801,31.5246,1.88288,0.38369
1062,45,0,0,8,0,1,0,0,-20.402,0.41271,0.15,801,31.5246,2.28022,0.38369
1063,12,0,0,3,0,1,0,0,-32.55,0.41237,0.15,801,31.5246,4.11655,0.38369
1064,27,0,0,8,0,1,0,0,-18.805,0.41203,0.15,801,31.5246,3.59749,0.38369
1065,175,2,2,24,0,1,0,0,11.882,0.41168,0.15,801,31.5246,2.36569,0.38369
1066,17,0,0,5,0,1,0,0,-21.507,0.41134,0.15,801,31.5246,2.81475,0.38369
1067,24,1,1,7,0,1,0,0,-22.011,0.411,0.15,801,31.5246,4.44279,0.38369
1068,5,0,0,3,0,1,0,0,-28.854,0.41066,0.15,801,31.5246,8.85139,0.38369
1069,7,0,0,3,0,1,0,0,-33.406,0.41031,0.15,801,31.5246,6.2357,0.38369
1070,33,1,1,10,0,1,0,0,-14.721,0.40997,0.15,801,31.5246,3.80296,0.38369
1071,55,0,0,11,0,1,0,0,-14.93,0.40963,0.15,801,31.5246,3.58814,0.38369
1072,18,0,0,4,0,1,0,0,-26.882,0.40929,0.15,801,31.5246,6.10528,0.38369
1073,14,0,0,4,0,1,0,0,-22.326,0.40895,0.15,801,31.5246,6.20934,0.38369
1074,7,0,0,3,0,1,0,0,-33.346,0.40861,0.15,801,31.5246,5.60896,0.38369
1075,261,1,1,18,0,1,0,0,1.52,0.40827,0.15,803,31.5246,2.55536,0.38377
1076,5,0,0,3,0,1,0,0,-30.504,0.40793,0.15,803,31.5246,7.88869,0.38377
1077,14,0,0,2,0,1,0,0,-28.815,0.40759,0.15,803,31.5246,6.205,0.38377
1078,14,0,0,1,0,1,0,0,-28.807,0.40725,0.15,803,31.5246,5.29994,0.38377
1079,43,0,0,6,0,1,0,0,-22.384,0.40691,0.15,803,31.5246,3.51989,0.38377
1080,35,0,0,8,0,1,0,0,-19.563,0.40657,0.15,803,31.5246,3.15927,0.38377
1081,5,0,0,3,0,1,0,0,-33.808,0.40623,0.15,803,31.5246,4.45292,0.38377
1082,110,0,0,17,0,1,0,0,-13.654,0.40589,0.15,804,31.5246,2.53388,0.38371
1083,96,0,0,8,0,1,0,0,-13.642,0.40555,0.15,804,31.5246,2.16221,0.38371
1084,5,0,0,4,0,1,0,0,-32.808,0.40522,0.15,804,31.5246,3.9757,0.38371
1085,54,1,1,9,0,1,0,0,-22.719,0.40488,0.15,804,31.5246,3.60272,0.38371
1086,64,0,0,9,0,1,0,0,-17.212,0.40454,0.15,805,31.5246,2.31373,0.38344
1087,38,0,0,14,0,1,0,0,-16.925,0.4042,0.15,805,31.5246,4.5273,0.38344
1088,43,1,1,8,0,1,0,0,-15.072,0.40387,0.15,805,31.5246,2.92138,0.38344
1089,42,1,1,7,0,1,0,0,-14.296,0.40353,0.15,805,31.5246,3.09959,0.38344
1090,15,0,0,4,0,1,0,0,-26.146,0.4032,0.15,805,31.5246,5.31701,0.38344
1091,37,0,0,9,0,1,0,0,-17.206,0.40286,0.15,805,31.5246,3.49498,0.38344
1092,21,0,0,4,0,1,0,0,-23.516,0.40252,0.15,805,31.5246,1.92531,0.38344
1093,13,0,0,8,0,1,0,0,-26.855,0.40219,0.15,805,31.5246,5.73543,0.38344
1094,54,0,0,9,0,1,0,0,-15.168,0.40185,0.15,805,31.5246,2.0494,0.38344
1095,37,1,1,10,0,1,0,0,-17.455,0.40152,0.15,805,31.5246,4.03818,0.38344
1096,20,0,0,9,0,1,0,0,-22.882,0.40118,0.15,805,31.5246,3.00339,0.38344
1097,56,0,0,5,0,1,0,0,-18.362,0.40085,0.15,805,31.5246,2.46951,0.38344
1098,56,0,0,8,0,1,0,0,-17.439,0.40052,0.15,805,31.5246,2.93189,0.38344
1099,16,0,0,6,0,1,0,0,-25.383,0.40018,0.15,805,31.5246,5.1205,0.38344
1100,61,0,0,16,0,1,0,0,-8.053,0.39985,0.15,805,31.5246,3.1872,0.38344
1101,101,1,1,21,0,1,0,0,-9.139,0.39952,0.15,806,31.5246,2.51587,0.38317
1102,233,1,1,15,0,1,0,0,4.598,0.39918,0.15,806,31.5246,2.34514,0.38358
1103,40,0,0,10,0,1,0,0,-16.56,0.39885,0.15,806,31.5246,2.56215,0.38358
1104,11,0,0,3,0,1,0,0,-27.95,0.39852,0.15,806,31.5246,4.13342,0.38358
1105,48,1,1,13,0,1,0,0,-16.869,0.39819,0.15,806,31.5246,3.2592,0.38358
1106,29,0,0,13,0,1,0,0,-13.785,0.39786,0.15,806,31.5246,3.19665,0.38358
1107,57,2,2,8,0,1,0,0,-15.039,0.39752,0.15,806,31.5246,2.56263,0.38358
1108,5,0,0,3,0,1,0,0,-28.854,0.39719,0.15,806,31.5246,7.94172,0.38358
1109,58,1,1,13,0,1,0,0,-7.324,0.39686,0.15,806,31.5246,3.03581,0.38358
1110,64,1,1,11,0,1,0,0,-10.162,0.39653,0.15,806,31.5246,2.85051,0.38379
1111,154,3,3,39,0,1,0,0,40.286,0.3962,0.15,810,31.5246,2.59379,0.38272
1112,80,0,0,13,0,1,0,0,-13.981,0.39587,0.15,810,31.5246,2.60647,0.38272
1113,400,0,0,21,0,0,0,1,46.544,0.39554,0.15,815,31.5246,1.97633,0.38241
1114,18,0,0,7,0,1,0,0,-24.883,0.39521,0.15,815,31.5246,4.00065,0.38241
1115,98,0,0,18,0,1,0,0,-5.474,0.39488,0.15,815,31.5246,2.55724,0.38241
1116,5,0,0,4,0,1,0,0,-32.808,0.39455,0.15,815,31.5246,3.58528,0.38241
1117,23,0,0,5,0,1,0,0,-26.495,0.39423,0.15,816,31.5246,5.52236,0.38215
1118,9,0,0,5,0,1,0,0,-29.108,0.3939,0.15,816,31.5246,7.11861,0.38215
1119,54,0,0,19,0,1,0,0,-10.581,0.39357,0.15,816,31.5246,2.66599,0.38215
1120,38,0,0,5,0,1,0,0,-24.034,0.39324,0.15,816,31.5246,2.92945,0.38215
1121,35,0,0,10,0,1,0,0,-21.034,0.39291,0.15,816,31.5246,5.32185,0.38215
1122,5,0,0,4,0,1,0,0,-33.208,0.39259,0.15,816,31.5246,2.3581,0.38215
1123,5,0,0,3,0,1,0,0,-28.854,0.39226,0.15,816,31.5246,7.25611,0.38215
1124,180,2,2,32,0,1,0,0,6.588,0.39193,0.15,819,31.5246,2.58465,0.38177
1125,35,0,0,7,0,1,0,0,-20.809,0.39161,0.15,819,31.5246,2.71989,0.38177
1126,7,0,0,3,0,1,0,0,-33.346,0.39128,0.15,819,31.5246,7.09784,0.38177
1127,18,0,0,5,0,1,0,0,-26.358,0.39095,0.15,819,31.5246,3.80291,0.38177
1128,20,0,0,8,0,1,0,0,-24.544,0.39063,0.15,819,31.5246,2.45813,0.38177
1129,96,3,3,16,0,1,0,0,4.07,0.3903,0.15,819,31.5246,2.46185,0.38177
1130,18,0,0,5,0,1,0,0,-26.182,0.38998,0.15,819,31.5246,4.19603,0.38177
1131,68,0,0,11,0,1,0,0,-12.127,0.38965,0.15,819,31.5246,2.76647,0.38177
1132,400,6,1,39,1,0,0,1,86.628,0.38933,0.15,834,31.5246,2.43755,0.3795
1133,52,1,1,7,0,1,0,0,-13.578,0.389,0.15,834,31.5246,2.59067,0.3795
1134,400,3,3,29,0,0,0,1,78.298,0.38868,0.15,835,31.5246,1.9062,0.37984
1135,30,0,0,8,0,1,0,0,-23.891,0.38836,0.15,835,31.5246,2.79148,0.37984
1136,248,1,1,19,0,1,0,0,20.767,0.38803,0.15,837,31.5246,1.93399,0.37973
1137,322,2,2,26,0,1,0,0,29.253,0.38771,0.15,839,31.5246,2.11936,0.38002
1138,29,0,0,5,0,1,0,0,-26.204,0.38739,0.15,839,31.5246,2.63251,0.38002
1139,242,0,0,16,0,1,0,0,7.946,0.38706,0.15,842,31.5246,2.25679,0.38005
1140,86,0,0,14,0,1,0,0,-11.504,0.38674,0.15,842,31.5246,2.41983,0.38005
1141,110,1,1,18,0,1,0,0,-9.231,0.38642,0.15,842,31.5246,3.03496,0.38025
1142,18,0,0,5,0,1,0,0,-25.279,0.3861,0.15,842,31.5246,3.38439,0.38025
1143,19,0,0,5,0,1,0,0,-21.411,0.38578,0.15,842,31.5246,2.52646,0.38025
1144,20,0,0,5,0,1,0,0,-27.767,0.38545,0.15,842,31.5246,3.69241,0.38025
1145,28,1,1,10,0,1,0,0,-20.029,0.38513,0.15,842,31.5246,3.82547,0.38025
1146,98,0,0,22,0,1,0,0,5.923,0.38481,0.15,842,31.5246,2.15316,0.38025
1147,33,1,1,8,0,1,0,0,-21.511,0.38449,0.15,842,31.5246,2.98576,0.38025
1148,73,0,0,19,0,1,0,0,-2.224,0.38417,0.15,843,31.5246,2.45406,0.37999
1149,39,2,2,10,0,1,0,0,-11.458,0.38385,0.15,843,31.5246,3.33166,0.37999
1150,44,0,0,15,0,1,0,0,-10.93,0.38353,0.15,843,31.5246,3.46993,0.37999
1151,108,1,1,11,0,1,0,0,-9.918,0.38321,0.15,843,31.5246,1.91662,0.37999
1152,49,1,1,12,0,1,0,0,-15.474,0.38289,0.15,843,31.5246,2.72253,0.37999
1153,6,0,0,3,0,1,0,0,-30.61,0.38257,0.15,843,31.5246,4.55007,0.37999
1154,17,0,0,5,0,1,0,0,-22.642,0.38226,0.15,843,31.5246,5.34677,0.37999
1155,10,0,0,5,0,1,0,0,-26.3,0.38194,0.15,843,31.5246,3.40275,0.37999
1156,388,6,6,22,0,1,0,0,47.251,0.38162,0.15,850,31.5246,1.89448,0.38
1157,33,0,0,9,0,1,0,0,-25.887,0.3813,0.15,850,31.5246,3.278,0.38
1158,38,0,0,7,0,1,0,0,-21.119,0.38098,0.15,850,31.5246,3.0003,0.38
1159,11,0,0,4,0,1,0,0,-31.602,0.38067,0.15,850,31.5246,4.53801,0.38
1160,36,0,0,10,0,1,0,0,-18.598,0.38035,0.15,850,31.5246,3.76069,0.38
1161,13,0,0,1,0,1,0,0,-30.132,0.38003,0.15,850,31.5246,4.17798,0.38
1162,9,0,0,3,0,1,0,0,-26.998,0.37972,0.15,850,31.5246,4.46721,0.38
1163,29,0,0,5,0,1,0,0,-24.407,0.3794,0.15,850,31.5246,3.63495,0.38
1164,230,3,3,22,0,1,0,0,36.735,0.37908,0.15,850,31.5246,1.80546,0.38
1165,75,1,1,15,0,1,0,0,-6.993,0.37877,0.15,850,31.5246,2.37474,0.38
1166,36,0,0,10,0,1,0,0,-21.451,0.37845,0.15,850,31.5246,3.4361,0.38
1167,39,1,1,11,0,1,0,0,-13.6,0.37814,0.15,850,31.5246,3.33286,0.38
1168,43,0,0,12,0,1,0,0,-12.454,0.37782,0.15,850,31.5246,2.17758,0.38
1169,43,0,0,4,0,1,0,0,-19.282,0.37751,0.15,850,31.5246,2.30084,0.38
1170,44,0,0,8,0,1,0,0,-20.989,0.37719,0.15,850,31.5246,2.78425,0.38
1171,169,2,2,23,0,1,0,0,28.649,0.37688,0.15,852,31.5246,1.68266,0.3795
1172,30,1,1,12,0,1,0,0,-16.949,0.37656,0.15,852,31.5246,4.02624,0.3795
1173,400,3,3,27,0,0,1,1,93.363,0.37625,0.15,866,31.5246,1.79242,0.37741
1174,53,0,0,8,0,1,0,0,-23.143,0.37594,0.15,866,31.5246,2.86879,0.37741
1175,22,0,0,8,0,1,0,0,-19.466,0.37562,0.15,866,31.5246,3.18623,0.37741
1176,66,0,0,21,0,1,0,0,-9.929,0.37531,0.15,866,31.5246,2.45141,0.37741
1177,69,1,1,14,0,1,0,0,-5.672,0.375,0.15,866,31.5246,3.4055,0.37741
1178,6,0,0,3,0,1,0,0,-33.756,0.37469,0.15,866,31.5246,5.00583,0.37741
1179,5,0,0,3,0,1,0,0,-33.408,0.37437,0.15,866,31.5246,3.10433,0.37741
1180,156,2,2,17,0,1,0,0,11.538,0.37406,0.15,866,31.5246,2.0573,0.37741
1181,166,4,4,24,0,1,0,0,21.763,0.37375,0.15,867,31.5246,2.24715,0.37755
1182,13,0,0,2,0,1,0,0,-29.784,0.37344,0.15,867,31.5246,3.65337,0.37755
1183,29,0,0,13,0,1,0,0,-17.235,0.37313,0.15,867,31.5246,3.04195,0.37755
1184,52,1,1,9,0,1,0,0,-8.746,0.37282,0.15,867,31.5246,2.29358,0.37755
1185,5,0,0,3,0,1,0,0,-33.408,0.37251,0.15,867,31.5246,2.60413,0.37755
1186,26,0,0,8,0,1,0,0,-18.552,0.3722,0.15,867,31.5246,2.24107,0.37755
1187,13,0,0,4,0,1,0,0,-31.046,0.37189,0.15,867,31.5246,5.40622,0.37755
1188,328,2,2,34,0,1,0,0,45.36,0.37158,0.15,867,31.5246,1.67942,0.37793
1189,42,0,0,6,0,1,0,0,-20.562,0.37127,0.15,867,31.5246,2.35436,0.37793
1190,5,0,0,4,0,1,0,0,-33.208,0.37096,0.15,867,31.5246,1.22924,0.37793
1191,400,1,1,27,0,0,1,1,61.221,0.37065,0.15,868,31.5246,2.02211,0.37826
1192,164,1,1,10,0,1,0,0,5.521,0.37034,0.15,868,31.5246,1.84971,0.37826
1193,19,0,0,4,0,1,0,0,-21.421,0.37003,0.15,868,31.5246,2.8304,0.37826
1194,65,1,1,12,0,1,0,0,-10.688,0.36972,0.15,868,31.5246,1.55597,0.37826
1195,25,0,0,4,0,1,0,0,-20.77,0.36942,0.15,868,31.5246,1.17587,0.37826
1196,80,0,0,10,0,1,0,0,-11.76,0.36911,0.15,872,31.5246,2.4324,0.37748
1197,29,0,0,5,0,1,0,0,-25.334,0.3688,0.15,872,31.5246,3.04642,0.37748
1198,45,0,0,18,0,1,0,0,-8.053,0.36849,0.15,872,31.5246,2.89351,0.37748
1199,214,1,1,18,0,1,0,0,27.217,0.36819,0.15,877,31.5246,1.66427,0.37647
1200,15,0,0,6,0,1,0,0,-27.364,0.36788,0.15,877,31.5246,4.91858,0.37647
1201,85,0,0,12,0,1,0,0,-7.511,0.36757,0.15,877,31.5246,1.48812,0.37647
1202,295,2,2,21,0,1,0,0,23.06,0.36727,0.15,880,31.5246,1.97902,0.37595
1203,32,0,0,6,0,1,0,0,-26.022,0.36696,0.15,880,31.5246,4.23052,0.37595
1204,142,0,0,9,0,1,0,0,3.829,0.36666,0.15,880,31.5246,1.21432,0.37595
1205,23,0,0,1,0,1,0,0,-29.605,0.36635,0.15,880,31.5246,3.21936,0.37595
1206,30,0,0,7,0,1,0,0,-22.643,0.36604,0.15,880,31.5246,2.60713,0.37595
1207,84,0,0,12,0,0,1,0,5.316,0.36574,0.15,884,31.5246,2.31135,0.375
1208,6,0,0,1,0,1,0,0,-28.608,0.36544,0.15,884,31.5246,11.49977,0.375
1209,83,0,0,15,0,1,0,0,-11.197,0.36513,0.15,885,31.5246,2.73531,0.37476
1210,80,0,0,14,0,1,0,0,-11.827,0.36483,0.15,885,31.5246,2.41338,0.37476
1211,40,0,0,7,0,1,0,0,-20.887,0.36452,0.15,885,31.5246,1.72222,0.37476
1212,86,2,2,20,0,1,0,0,-0.425,0.36422,0.15,885,31.5246,2.85389,0.37476
1213,152,1,1,13,0,1,0,0,8.823,0.36392,0.15,887,31.5246,2.02239,0.37448
1214,71,0,0,6,0,1,0,0,-16.91,0.36361,0.15,887,31.5246,1.88351,0.37448
1215,48,0,0,7,0,1,0,0,-22.651,0.36331,0.15,887,31.5246,3.2992,0.37448
1216,119,1,1,7,0,1,0,0,-14.297,0.36301,0.15,887,31.5246,2.28877,0.37448
1217,8,0,0,3,0,1,0,0,-29.93,0.3627,0.15,887,31.5246,6.43988,0.37448
1218,94,0,0,13,0,1,0,0,-11.635,0.3624,0.15,887,31.5246,1.84682,0.37448
1219,8,0,0,2,0,1,0,0,-30.804,0.3621,0.15,887,31.5246,6.68155,0.37448
1220,103,1,1,14,0,1,0,0,-7.373,0.3618,0.15,887,31.5246,1.92061,0.37448
1221,66,0,0,13,0,1,0,0,-17.529,0.3615,0.15,887,31.5246,2.19964,0.37448
1222,39,0,0,6,0,1,0,0,-23.27,0.3612,0.15,887,31.5246,2.51891,0.37448
1223,5,0,0,2,0,1,0,0,-34.408,0.3609,0.15,887,31.5246,3.04318,0.37448
1224,10,0,0,3,0,1,0,0,-32.952,0.36059,0.15,887,31.5246,4.22674,0.37448
1225,187,2,2,19,0,1,0,0,7.437,0.36029,0.15,890,31.5246,2.25908,0.37378
1226,28,0,0,3,0,1,0,0,-26.251,0.35999,0.15,890,31.5246,2.73924,0.37378
1227,40,0,0,5,0,1,0,0,-22.651,0.35969,0.15,890,31.5246,2.07492,0.37378
1228,40,0,0,4,0,1,0,0,-22.507,0.35939,0.15,890,31.5246,1.47983,0.37378
1229,5,0,0,4,0,1,0,0,-33.208,0.3591,0.15,890,31.5246,1.85339,0.37378
1230,27,0,0,6,0,1,0,0,-22.524,0.3588,0.15,890,31.5246,3.10601,0.37378
1231,17,0,0,2,0,1,0,0,-30.584,0.3585,0.15,890,31.5246,2.95373,0.37378
1232,5,0,0,4,0,1,0,0,-33.208,0.3582,0.15,890,31.5246,1.17285,0.37378
1233,87,2,2,16,0,1,0,0,0.0,0.3579,0.15,890,31.5246,2.21632,0.37378
1234,241,3,3,32,0,1,0,0,28.268,0.3576,0.15,892,31.5246,2.11115,0.37332
1235,20,0,0,5,0,1,0,0,-20.771,0.3573,0.15,892,31.5246,3.11575,0.37332
1236,45,0,0,12,0,1,0,0,-18.929,0.35701,0.15,894,31.5246,3.16885,0.37286
1237,5,0,0,3,0,1,0,0,-33.808,0.35671,0.15,894,31.5246,3.26007,0.37286
1238,6,0,0,3,0,1,0,0,-28.802,0.35641,0.15,894,31.5246,10.14132,0.37286
1239,38,1,1,11,0,1,0,0,-16.583,0.35612,0.15,894,31.5246,2.23838,0.37286
1240,59,0,0,12,0,1,0,0,-22.831,0.35582,0.15,894,31.5246,3.17407,0.37286
1241,5,0,0,4,0,1,0,0,-33.208,0.35552,0.15,894,31.5246,2.23849,0.37286
1242,161,0,0,29,0,1,0,0,9.582,0.35523,0.15,894,31.5246,2.04872,0.37286
1243,15,0,0,5,0,1,0,0,-25.159,0.35493,0.15,894,31.5246,3.85436,0.37286
1244,64,1,1,2,0,1,0,0,-15.338,0.35463,0.15,896,31.5246,2.46773,0.3724
1245,15,1,1,2,0,1,0,0,-23.349,0.35434,0.15,896,31.5246,5.7017,0.3724
1246,45,0,0,4,0,1,0,0,-18.757,0.35404,0.15,896,31.5246,1.76805,0.3724
1247,219,0,0,34,0,1,0,0,8.186,0.35375,0.15,899,31.5246,2.31581,0.37189
1248,153,0,0,32,0,1,0,0,5.936,0.35345,0.15,902,31.5246,2.51557,0.37121
1249,35,0,0,7,0,1,0,0,-22.983,0.35316,0.15,902,31.5246,3.21065,0.37121
1250,41,0,0,7,0,1,0,0,-18.412,0.35287,0.15,902,31.5246,1.81633,0.37121
1251,51,0,0,3,0,1,0,0,-17.433,0.35257,0.15,902,31.5246,1.56993,0.37121
1252,17,0,0,5,0,1,0,0,-21.647,0.35228,0.15,902,31.5246,1.76349,0.37121
1253,27,0,0,4,0,1,0,0,-24.791,0.35199,0.15,902,31.5246,3.06777,0.37121
1254,94,1,1,16,0,1,0,0,-8.935,0.35169,0.15,902,31.5246,2.60106,0.37121
1255,96,0,0,12,0,1,0,0,-7.898,0.3514,0.15,902,31.5246,2.18322,0.37121
1256,20,1,1,4,0,1,0,0,-22.637,0.35111,0.15,902,31.5246,4.39121,0.37121
1257,59,0,0,9,0,1,0,0,-16.809,0.35081,0.15,902,31.5246,2.08692,0.37121
1258,24,0,0,6,0,1,0,0,-23.589,0.35052,0.15,902,31.5246,3.72991,0.37121
1259,5,0,0,3,0,1,0,0,-33.808,0.35023,0.15,902,31.5246,3.76106,0.37121
1260,68,0,0,4,0,1,0,0,-19.37,0.34994,0.15,902,31.5246,2.01998,0.37121
1261,64,0,0,7,0,1,0,0,-19.716,0.34965,0.15,902,31.5246,2.57372,0.37121
1262,20,1,1,7,0,1,0,0,-19.593,0.34936,0.15,902,31.5246,3.33169,0.37121
1263,39,2,2,11,0,1,0,0,-8.425,0.34906,0.15,902,31.5246,2.89933,0.37121
1264,14,1,1,4,0,1,0,0,-20.897,0.34877,0.15,902,31.5246,5.78102,0.37121
1265,33,0,0,5,0,1,0,0,-21.094,0.34848,0.15,902,31.5246,2.7337,0.37121
1266,63,0,0,11,0,1,0,0,-15.956,0.34819,0.15,902,31.5246,1.89698,0.37121
1267,35,0,0,12,0,1,0,0,-12.305,0.3479,0.15,902,31.5246,2.38329,0.37121
1268,24,0,0,4,0,1,0,0,-25.285,0.34761,0.15,902,31.5246,2.19273,0.37121
1269,30,0,0,7,0,1,0,0,-23.681,0.34732,0.15,902,31.5246,2.4573,0.37121
1270,78,1,1,9,0,1,0,0,-10.975,0.34703,0.15,902,31.5246,1.95513,0.37121
1271,130,1,1,21,0,1,1,0,2.6,0.34674,0.15,904,31.5246,1.97068,0.37094
1272,202,0,0,19,0,1,0,0,15.942,0.34646,0.15,904,31.5246,1.35143,0.37094
1273,180,0,0,10,0,1,0,0,2.419,0.34617,0.15,904,31.5246,1.31834,0.37094
1274,13,0,0,5,0,1,0,0,-29.079,0.34588,0.15,904,31.5246,4.38017,0.37094
1275,265,3,3,29,0,1,0,0,40.657,0.34559,0.15,908,31.5246,2.07537,0.37059
1276,23,0,0,11,0,1,0,0,-19.15,0.3453,0.15,908,31.5246,3.26375,0.37059
1277,129,0,0,17,0,1,0,0,-1.24,0.34502,0.15,908,31.5246,1.62549,0.37078
1278,15,0,0,4,0,1,0,0,-22.819,0.34473,0.15,908,31.5246,3.48117,0.37078
1279,17,0,0,5,0,1,0,0,-26.913,0.34444,0.15,908,31.5246,3.31258,0.37078
1280,33,0,0,3,0,1,0,0,-28.289,0.34415,0.15,908,31.5246,3.21479,0.37078
1281,101,1,1,12,0,1,0,0,2.771,0.34387,0.15,908,31.5246,1.55114,0.37078
1282,68,1,1,14,0,1,0,0,-10.062,0.34358,0.15,908,31.5246,1.84857,0.37078
1283,108,1,1,11,0,1,0,0,-5.196,0.34329,0.15,908,31.5246,2.09195,0.37078
1284,101,0,0,13,0,1,0,0,-2.605,0.34301,0.15,908,31.5246,1.34852,0.37078
1285,14,0,0,5,0,1,0,0,-28.965,0.34272,0.15,908,31.5246,4.46108,0.37078
1286,94,1,1,4,0,1,0,0,-4.156,0.34244,0.15,908,31.5246,1.27322,0.37078
1287,15,0,0,3,0,1,0,0,-30.0,0.34215,0.15,908,31.5246,6.6835,0.37078
1288,400,4,4,27,0,0,0,1,91.185,0.34187,0.15,912,31.5246,1.19083,0.37007
1289,160,3,3,16,0,1,0,0,11.761,0.34158,0.15,920,31.5246,1.9795,0.3692
1290,25,0,0,9,0,1,0,0,-21.575,0.3413,0.15,920,31.5246,5.02547,0.3692
1291,17,0,0,7,0,1,0,0,-25.248,0.34101,0.15,920,31.5246,4.75133,0.3692
1292,72,0,0,11,0,1,0,0,-12.799,0.34073,0.15,920,31.5246,2.51511,0.3692
1293,25,0,0,4,0,1,0,0,-24.62,0.34045,0.15,920,31.5246,2.79933,0.3692
1294,111,1,1,21,0,1,0,0,9.047,0.34016,0.15,920,31.5246,2.09084,0.3692
1295,38,2,2,12,0,1,0,0,-6.139,0.33988,0.15,920,31.5246,2.33633,0.3692
1296,14,0,0,5,0,1,0,0,-22.594,0.3396,0.15,920,31.5246,4.81696,0.3692
1297,59,1,1,16,0,1,0,0,-7.171,0.33931,0.15,920,31.5246,2.96023,0.3692
1298,20,1,1,7,0,1,0,0,-20.143,0.33903,0.15,920,31.5246,3.50015,0.3692
1299,109,1,1,10,0,1,0,0,-4.929,0.33875,0.15,920,31.5246,1.63015,0.3692
1300,153,3,3,30,0,1,0,0,25.572,0.33847,0.15,920,31.5246,2.5536,0.3692
1301,197,0,0,8,0,1,0,0,-9.83,0.33818,0.15,920,31.5246,2.45709,0.36957
1302,48,0,0,6,0,1,0,0,-23.826,0.3379,0.15,920,31.5246,2.66666,0.36957
1303,68,0,0,8,0,1,0,0,-13.153,0.33762,0.15,920,31.5246,2.36238,0.36957
1304,48,0,0,10,0,0,0,0,3.562,0.33734,0.15,922,31.5246,2.65552,0.36913
1305,96,0,0,13,0,1,0,0,-7.068,0.33706,0.15,922,31.5246,2.22471,0.36913
1306,8,0,0,0,0,1,0,0,-31.932,0.33678,0.15,922,31.5246,8.30915,0.36913
1307,36,0,0,9,0,1,0,0,-16.751,0.3365,0.15,922,31.5246,2.46557,0.36913
1308,84,3,3,19,0,1,0,0,3.326,0.33622,0.15,924,31.5246,2.73201,0.36887
1309,41,0,0,10,0,1,0,0,-14.856,0.33594,0.15,924,31.5246,2.40673,0.36887
1310,39,0,0,11,0,1,0,0,-16.759,0.33566,0.15,924,31.5246,2.94968,0.36887
1311,250,3,3,26,0,1,0,0,44.392,0.33538,0.15,926,31.5246,1.88438,0.36861
1312,21,0,0,7,0,1,0,0,-22.122,0.3351,0.15,926,31.5246,2.82247,0.36861
1313,24,0,0,6,0,1,0,0,-23.518,0.33482,0.15,926,31.5246,3.77333,0.36861
1314,400,1,1,25,0,0,0,1,70.437,0.33454,0.15,927,31.5246,1.93411,0.36875
1315,139,1,1,25,0,1,0,0,4.345,0.33426,0.15,930,31.5246,1.95633,0.36864
1316,16,1,1,2,0,1,0,0,-26.231,0.33398,0.15,930,31.5246,6.87799,0.36864
1317,46,0,0,6,0,1,0,0,-18.979,0.3337,0.15,930,31.5246,2.01221,0.36864
1318,6,0,0,2,0,1,0,0,-31.054,0.33343,0.15,930,31.5246,9.37787,0.36864
1319,115,1,1,14,0,1,0,0,6.127,0.33315,0.15,930,31.5246,1.6625,0.36864
1320,31,0,0,4,0,1,0,0,-22.785,0.33287,0.15,930,31.5246,1.91293,0.36864
1321,41,2,2,4,0,1,0,0,-16.887,0.33259,0.15,930,31.5246,3.09539,0.36864
1322,34,0,0,4,0,1,0,0,-25.068,0.33232,0.15,930,31.5246,3.77161,0.36864
1323,149,1,1,12,0,1,0,0,11.902,0.33204,0.15,933,31.5246,1.68446,0.36835
1324,400,3,3,18,0,0,1,1,87.354,0.33176,0.15,935,31.5246,1.29921,0.36827
1325,139,2,2,25,0,1,0,0,23.028,0.33149,0.15,935,31.5246,1.91527,0.36827
1326,74,0,0,7,0,1,0,0,-9.456,0.33121,0.15,935,31.5246,1.08285,0.36827
1327,315,3,3,19,0,1,0,0,34.845,0.33093,0.15,939,31.5246,1.41316,0.36794
1328,15,0,0,1,0,1,0,0,-30.328,0.33066,0.15,939,31.5246,4.83842,0.36794
1329,18,1,1,9,0,1,0,0,-16.887,0.33038,0.15,939,31.5246,4.20356,0.36794
1330,386,1,1,12,0,1,1,0,35.308,0.33011,0.15,940,31.5246,2.04266,0.36826
1331,7,0,0,1,0,1,0,0,-31.754,0.32983,0.15,940,31.5246,7.89724,0.36826
1332,35,0,0,10,0,1,0,0,-19.671,0.32956,0.15,940,31.5246,1.91117,0.36826
1333,10,0,0,3,0,1,0,0,-24.814,0.32928,0.15,940,31.5246,4.78483,0.36826
1334,27,0,0,5,0,1,0,0,-22.146,0.32901,0.15,940,31.5246,2.3972,0.36826
1335,29,0,0,4,0,1,0,0,-26.473,0.32874,0.15,940,31.5246,3.51188,0.36826
1336,65,1,1,7,0,1,0,0,-12.403,0.32846,0.15,940,31.5246,2.03405,0.36826
1337,26,0,0,10,0,1,0,0,-21.807,0.32819,0.15,940,31.5246,3.02984,0.36826
1338,63,2,2,21,0,1,0,0,-0.318,0.32792,0.15,940,31.5246,3.20616,0.36844
1339,106,0,0,8,0,1,0,0,-9.949,0.32764,0.15,940,31.5246,2.18077,0.36844
1340,6,0,0,1,0,1,0,0,-31.406,0.32737,0.15,940,31.5246,8.16452,0.36844
1341,75,1,1,11,0,1,0,0,-7.819,0.3271,0.15,940,31.5246,1.92716,0.36844
1342,30,1,1,7,0,1,0,0,-14.98,0.32682,0.15,940,31.5246,2.80044,0.36844
1343,101,1,1,17,0,1,1,0,-1.306,0.32655,0.15,941,31.5246,2.92755,0.3684
1344,5,0,0,3,0,1,0,0,-30.808,0.32628,0.15,941,31.5246,6.42998,0.3684
1345,183,1,1,15,0,1,0,0,4.043,0.32601,0.15,947,31.5246,2.39607,0.36748
1346,56,0,0,4,0,1,0,0,-17.78,0.32574,0.15,947,31.5246,1.77451,0.36748
1347,32,0,0,7,0,1,0,0,-20.114,0.32547,0.15,947,31.5246,3.20824,0.36748
1348,15,0,0,3,0,1,0,0,-24.938,0.32519,0.15,947,31.5246,3.33646,0.36748
1349,255,1,1,15,0,1,0,0,3.455,0.32492,0.15,947,31.5246,1.95349,0.36748
1350,5,0,0,3,0,1,0,0,-33.808,0.32465,0.15,947,31.5246,4.35453,0.36748
1351,245,0,0,28,0,1,0,0,16.745,0.32438,0.15,947,31.5246,2.54539,0.36765
1352,68,0,0,11,0,1,0,0,-17.257,0.32411,0.15,947,31.5246,3.08286,0.36765
1353,90,0,0,24,0,1,0,0,-5.984,0.32384,0.15,947,31.5246,3.19588,0.36818
1354,22,0,0,7,0,1,0,0,-21.044,0.32357,0.15,947,31.5246,2.88983,0.36818
1355,5,0,0,3,0,1,0,0,-33.806,0.3233,0.15,947,31.5246,2.06098,0.36818
1356,30,0,0,5,0,1,0,0,-20.322,0.32303,0.15,947,31.5246,3.21826,0.36818
1357,50,0,0,16,0,1,0,0,-14.883,0.32276,0.15,947,31.5246,3.35089,0.36836
1358,206,7,2,17,1,1,0,0,17.167,0.3225,0.15,948,31.5246,2.6988,0.36867
1359,77,0,0,15,0,1,0,0,-5.325,0.32223,0.15,948,31.5246,2.3149,0.36867
1360,288,2,2,21,0,1,0,0,30.244,0.32196,0.15,949,31.5246,2.36182,0.36863
1361,65,1,1,17,0,1,0,0,-5.216,0.32169,0.15,949,31.5246,2.65371,0.36863
1362,58,1,1,6,0,1,0,0,-11.856,0.32142,0.15,949,31.5246,2.56331,0.36881
1363,13,0,0,3,0,1,0,0,-25.502,0.32115,0.15,949,31.5246,3.18079,0.36881
1364,115,0,0,17,0,1,0,0,-7.738,0.32089,0.15,949,31.5246,2.21313,0.36881
1365,63,0,0,10,0,1,0,0,-14.393,0.32062,0.15,949,31.5246,2.37449,0.36881
1366,55,0,0,12,0,1,0,0,-15.041,0.32035,0.15,949,31.5246,2.6404,0.36881
1367,21,0,0,5,0,1,0,0,-21.401,0.32009,0.15,949,31.5246,3.35129,0.36881
1368,13,0,0,6,0,1,0,0,-24.598,0.31982,0.15,949,31.5246,4.10923,0.36881
1369,13,0,0,4,0,1,0,0,-27.877,0.31955,0.15,949,31.5246,3.71042,0.36881
1370,27,0,0,7,0,1,0,0,-21.163,0.31929,0.15,949,31.5246,3.45605,0.36881
1371,151,3,3,13,0,1,0,0,8.437,0.31902,0.15,949,31.5246,1.72363,0.36881
1372,11,0,0,3,0,1,0,0,-32.9,0.31875,0.15,949,31.5246,3.77757,0.36881
1373,6,0,0,2,0,1,0,0,-31.166,0.31849,0.15,949,31.5246,7.90073,0.36881
1374,71,1,1,11,0,1,0,0,-11.281,0.31822,0.15,949,31.5246,2.27932,0.36881
1375,175,1,1,24,0,1,0,0,7.478,0.31796,0.15,959,31.5246,2.13694,0.36774
1376,65,0,0,15,0,1,1,0,-13.836,0.31769,0.15,963,31.5246,3.11289,0.36691
1377,36,0,0,10,0,1,0,0,-17.214,0.31743,0.15,963,31.5246,2.41792,0.36691
1378,101,1,1,22,0,1,0,0,12.364,0.31716,0.15,963,31.5246,2.0471,0.36708
1379,42,0,0,7,0,1,0,0,-20.931,0.3169,0.15,963,31.5246,3.05275,0.36708
1380,88,1,1,19,0,1,0,0,-0.222,0.31664,0.15,963,31.5246,2.26266,0.36708
1381,59,1,1,15,0,1,0,0,-5.966,0.31637,0.15,963,31.5246,1.99152,0.36708
1382,20,0,0,6,0,1,0,0,-22.332,0.31611,0.15,963,31.5246,2.35229,0.36708
1383,26,0,0,6,0,1,0,0,-19.164,0.31585,0.15,963,31.5246,2.23759,0.36708
1384,97,1,1,15,0,1,0,0,-1.455,0.31558,0.15,963,31.5246,2.61519,0.36708
1385,101,1,1,16,0,1,0,0,-5.817,0.31532,0.15,965,31.5246,2.97,0.36667
1386,37,0,0,10,0,1,0,0,-22.617,0.31506,0.15,965,31.5246,3.489,0.36667
1387,31,1,1,10,0,1,0,0,-13.375,0.3148,0.15,965,31.5246,3.67446,0.36667
1388,133,1,1,11,0,1,0,0,1.162,0.31453,0.15,965,31.5246,1.678,0.36667
1389,33,0,0,10,0,1,0,0,-15.527,0.31427,0.15,965,31.5246,2.37225,0.36667
1390,164,2,2,14,0,1,0,0,3.2,0.31401,0.15,968,31.5246,2.35403,0.36639
1391,26,0,0,6,0,1,0,0,-19.336,0.31375,0.15,968,31.5246,0.98409,0.36639
1392,62,0,0,9,0,1,0,0,-14.131,0.31349,0.15,968,31.5246,2.25111,0.36639
1393,131,2,2,24,0,1,0,0,1.248,0.31323,0.15,970,31.5246,2.43619,0.36598
1394,77,2,2,9,0,1,0,0,-9.07,0.31296,0.15,970,31.5246,2.10082,0.36598
1395,5,0,0,2,0,1,0,0,-31.062,0.3127,0.15,970,31.5246,5.04874,0.36598
1396,37,1,1,5,0,1,0,0,-17.93,0.31244,0.15,970,31.5246,2.75176,0.36598
1397,41,1,1,6,0,1,0,0,-17.831,0.31218,0.15,970,31.5246,3.27657,0.36598
1398,7,0,0,4,0,1,0,0,-33.104,0.31192,0.15,970,31.5246,4.79557,0.36598
1399,59,0,0,11,0,1,0,0,-8.298,0.31166,0.15,970,31.5246,2.55905,0.36598
1400,41,1,1,7,0,1,0,0,-12.311,0.3114,0.15,970,31.5246,2.13641,0.36598
1401,57,0,0,16,0,1,0,0,-13.047,0.31114,0.15,970,31.5246,2.5457,0.36598
1402,27,0,0,4,0,1,0,0,-20.644,0.31088,0.15,970,31.5246,2.12222,0.36598
1403,15,1,1,4,0,1,0,0,-27.588,0.31063,0.15,970,31.5246,6.58071,0.36598
1404,8,0,0,3,0,1,0,0,-28.4,0.31037,0.15,970,31.5246,7.23295,0.36598
1405,14,0,0,4,0,1,0,0,-24.852,0.31011,0.15,970,31.5246,3.61248,0.36598
1406,257,6,1,21,1,1,0,0,37.952,0.30985,0.15,972,31.5246,1.95671,0.36557
1407,257,3,3,27,0,1,0,0,22.979,0.30959,0.15,972,31.5246,2.33909,0.36591
1408,87,1,1,13,0,1,0,0,-12.677,0.30933,0.15,972,31.5246,2.02325,0.36591
1409,88,1,1,14,0,1,0,0,-9.617,0.30908,0.15,972,31.5246,2.23749,0.36591
1410,67,1,1,9,0,1,0,0,-9.936,0.30882,0.15,972,31.5246,1.69043,0.36591
1411,65,1,1,9,0,1,0,0,-11.764,0.30856,0.15,972,31.5246,2.28659,0.36591
1412,5,0,0,3,0,1,0,0,-30.808,0.3083,0.15,972,31.5246,8.16319,0.36591
1413,7,0,0,4,0,1,0,0,-32.806,0.30805,0.15,972,31.5246,6.24238,0.36591
1414,209,1,1,28,0,1,0,0,24.955,0.30779,0.15,977,31.5246,1.90367,0.36489
1415,49,1,1,12,0,1,0,0,-13.667,0.30753,0.15,977,31.5246,2.85954,0.36489
1416,146,2,2,24,0,1,0,0,16.816,0.30728,0.15,980,31.5246,2.42471,0.36463
1417,39,0,0,9,0,1,0,0,-15.39,0.30702,0.15,980,31.5246,2.57634,0.36463
1418,400,1,1,16,0,0,0,1,68.221,0.30677,0.15,981,31.5246,1.37578,0.36459
1419,75,0,0,9,0,1,0,0,-13.55,0.30651,0.15,981,31.5246,1.54509,0.36459
1420,183,1,1,14,0,1,0,0,12.972,0.30626,0.15,983,31.5246,1.72476,0.36419
1421,92,0,0,19,0,1,0,0,-1.625,0.306,0.15,983,31.5246,2.50668,0.36436
1422,400,6,1,26,1,0,1,1,96.953,0.30575,0.15,985,31.5246,1.32638,0.36413
1423,31,0,0,8,0,1,0,0,-16.107,0.30549,0.15,985,31.5246,1.49541,0.36413
1424,29,0,0,5,0,1,0,0,-20.926,0.30524,0.15,985,31.5246,4.61532,0.36413
1425,7,0,0,3,0,1,0,0,-28.45,0.30498,0.15,985,31.5246,8.88872,0.36413
1426,195,1,1,19,0,1,0,0,4.781,0.30473,0.15,985,31.5246,2.04811,0.36413
1427,36,0,0,9,0,1,0,0,-16.882,0.30447,0.15,985,31.5246,2.4254,0.36413
1428,243,2,2,34,0,0,0,0,51.826,0.30422,0.15,990,31.5246,2.05855,0.3638
1429,352,6,1,27,1,1,0,0,54.322,0.30397,0.15,992,31.5246,1.56445,0.36374
1430,318,1,1,15,0,1,0,0,1.921,0.30371,0.15,992,31.5246,1.94093,0.36374
1431,304,1,1,19,0,1,0,0,14.243,0.30346,0.15,993,31.5246,2.14759,0.36405
1432,6,0,0,0,0,1,0,0,-32.258,0.30321,0.15,993,31.5246,10.58805,0.36405
1433,122,0,0,18,0,1,0,0,-8.151,0.30296,0.15,993,31.5246,2.53314,0.36405
1434,14,0,0,5,0,1,0,0,-22.332,0.3027,0.15,993,31.5246,4.63537,0.36405
1435,5,0,0,4,0,1,0,0,-33.208,0.30245,0.15,993,31.5246,3.70727,0.36405
1436,83,3,3,21,0,1,0,0,6.307,0.3022,0.15,993,31.5246,2.62139,0.36405
1437,5,0,0,3,0,1,0,0,-33.808,0.30195,0.15,993,31.5246,3.25633,0.36405
1438,80,2,2,11,0,1,0,0,-6.574,0.3017,0.15,993,31.5246,2.07544,0.36405
1439,400,7,2,17,1,0,1,1,76.185,0.30145,0.15,994,31.5246,1.81128,0.36419
1440,5,0,0,2,0,1,0,0,-34.408,0.30119,0.15,994,31.5246,2.46465,0.36419
1441,37,0,0,14,0,1,0,0,-13.233,0.30094,0.15,994,31.5246,2.74162,0.36419
1442,135,3,3,17,0,1,0,0,5.014,0.30069,0.15,996,31.5246,2.33856,0.36379
1443,170,3,3,24,0,1,0,0,21.506,0.30044,0.15,996,31.5246,1.95992,0.36379
1444,35,1,1,8,0,1,0,0,-15.417,0.30019,0.15,996,31.5246,2.02979,0.36379
1445,5,0,0,4,0,1,0,0,-33.206,0.29994,0.15,996,31.5246,1.88421,0.36379
1446,51,0,0,8,0,1,0,0,-16.436,0.29969,0.15,996,31.5246,2.18534,0.36379
1447,103,3,3,17,0,1,0,0,3.439,0.29944,0.15,996,31.5246,2.13181,0.36379
1448,40,0,0,10,0,1,0,0,-16.078,0.29919,0.15,996,31.5246,3.10684,0.36379
1449,21,0,0,6,0,1,0,0,-21.008,0.29894,0.15,996,31.5246,3.04676,0.36379
1450,98,0,0,32,0,1,0,0,1.674,0.29869,0.15,996,31.5246,2.6612,0.36379
1451,52,0,0,10,0,1,0,0,-18.764,0.29845,0.15,996,31.5246,2.43184,0.36379
1452,60,0,0,12,0,1,0,0,-6.21,0.2982,0.15,996,31.5246,2.53108,0.36379
1453,50,0,0,5,0,1,0,0,-20.724,0.29795,0.15,996,31.5246,2.87329,0.36379
1454,74,0,0,7,0,1,0,0,-21.426,0.2977,0.15,998,31.5246,2.66635,0.36339
1455,75,0,0,17,0,1,0,0,-4.488,0.29745,0.15,998,31.5246,2.03264,0.36339
1456,299,1,1,33,0,1,1,0,27.076,0.2972,0.15,1005,31.5246,1.78331,0.36235
1457,400,1,1,14,0,0,0,1,54.872,0.29696,0.15,1006,31.5246,1.50577,0.36216
1458,156,1,1,12,0,1,0,0,-8.544,0.29671,0.15,1006,31.5246,1.85663,0.36216
1459,76,0,0,17,0,1,0,0,-5.62,0.29646,0.15,1006,31.5246,1.63766,0.36216
1460,101,0,0,10,0,1,0,0,-10.163,0.29622,0.15,1006,31.5246,1.76961,0.36216
1461,5,0,0,3,0,1,0,0,-33.808,0.29597,0.15,1006,31.5246,2.58256,0.36216
1462,37,0,0,6,0,1,0,0,-20.776,0.29572,0.15,1006,31.5246,3.73217,0.36216
1463,46,0,0,9,0,1,0,0,-14.355,0.29548,0.15,1006,31.5246,2.60502,0.36216
1464,299,0,0,24,0,1,0,0,20.627,0.29523,0.15,1006,31.5246,1.88896,0.36266
1465,285,0,0,31,0,1,0,0,17.083,0.29498,0.15,1006,31.5246,2.07904,0.36266
1466,98,1,1,17,0,1,0,0,4.836,0.29474,0.15,1006,31.5246,1.88623,0.36266
1467,15,0,0,5,0,1,0,0,-22.207,0.29449,0.15,1006,31.5246,3.55506,0.36266
1468,232,0,0,16,0,1,1,0,-5.601,0.29425,0.15,1007,31.5246,2.24676,0.36263
1469,96,1,1,12,0,1,0,0,-10.301,0.294,0.15,1007,31.5246,2.35688,0.36263
1470,101,1,1,17,0,1,0,0,-4.662,0.29376,0.15,1007,31.5246,2.72438,0.36279
1471,356,2,2,24,0,1,1,0,36.564,0.29351,0.15,1011,31.5246,1.7051,0.36235
1472,70,1,1,11,0,1,0,0,-12.019,0.29327,0.15,1011,31.5246,2.87749,0.36235
1473,45,0,0,8,0,0,0,0,6.248,0.29302,0.15,1012,31.5246,1.67938,0.36248
1474,45,0,0,11,0,1,0,0,-15.516,0.29278,0.15,1012,31.5246,2.50461,0.36248
1475,26,0,0,9,0,1,0,0,-19.949,0.29254,0.15,1012,31.5246,4.16417,0.36248
1476,56,0,0,6,0,1,0,0,-22.303,0.29229,0.15,1012,31.5246,2.1827,0.36248
1477,56,0,0,9,0,1,0,0,-23.254,0.29205,0.15,1012,31.5246,2.75376,0.36248
1478,93,2,2,7,0,1,0,0,-14.63,0.29181,0.15,1012,31.5246,2.38232,0.36248
1479,29,1,1,4,0,1,0,0,-17.009,0.29156,0.15,1012,31.5246,2.31289,0.36248
1480,32,0,0,9,0,1,0,0,-19.105,0.29132,0.15,1012,31.5246,2.42633,0.36248
1481,333,1,1,17,0,1,1,0,26.056,0.29108,0.15,1017,31.5246,1.75192,0.36152
1482,6,0,0,2,0,1,0,0,-31.206,0.29083,0.15,1017,31.5246,8.36098,0.36152
1483,134,0,0,25,0,1,0,0,4.688,0.29059,0.15,1020,31.5246,2.2475,0.36111
1484,400,1,1,32,0,0,0,1,76.513,0.29035,0.15,1025,31.5246,1.63279,0.36033
1485,40,0,0,6,0,1,0,0,-21.874,0.29011,0.15,1025,31.5246,2.47575,0.36033
1486,48,0,0,9,0,1,0,0,-15.205,0.28987,0.15,1025,31.5246,2.82403,0.36033
1487,43,0,0,4,0,1,0,0,-21.867,0.28963,0.15,1025,31.5246,2.22857,0.36033
1488,33,0,0,7,0,1,0,0,-14.57,0.28938,0.15,1025,31.5246,1.51465,0.36033
1489,67,1,1,14,0,1,0,0,-7.009,0.28914,0.15,1025,31.5246,2.28693,0.36033
1490,7,0,0,5,0,1,0,0,-29.208,0.2889,0.15,1025,31.5246,7.535,0.36033
1491,117,1,1,9,0,1,0,0,-13.027,0.28866,0.15,1025,31.5246,2.59823,0.36033
1492,21,0,0,8,0,1,0,0,-22.666,0.28842,0.15,1025,31.5246,3.81217,0.36033
1493,5,0,0,1,0,1,0,0,-33.352,0.28818,0.15,1025,31.5246,0.90802,0.36033
1494,5,0,0,3,0,1,0,0,-30.504,0.28794,0.15,1025,31.5246,5.05849,0.36033
1495,35,0,0,13,0,1,0,0,-23.381,0.2877,0.15,1025,31.5246,3.65123,0.36033
1496,32,0,0,7,0,1,0,0,-25.056,0.28746,0.15,1025,31.5246,3.31843,0.36033
1497,249,7,2,43,1,0,0,0,66.27,0.28722,0.15,1030,31.5246,2.02022,0.35939
1498,266,3,3,41,0,1,0,0,42.158,0.28698,0.15,1030,31.5246,1.78001,0.35955
1499,167,2,2,28,0,1,0,0,20.127,0.28674,0.15,1030,31.5246,1.60558,0.35955
1500,37,0,0,6,0,1,0,0,-24.328,0.2865,0.15,1030,31.5246,2.73439,0.35955
1501,27,1,1,5,0,1,0,0,-19.643,0.28627,0.15,1030,31.5246,3.23631,0.35955
1502,31,0,0,9,0,1,0,0,-18.949,0.28603,0.15,1030,31.5246,2.8027,0.35955
1503,5,0,0,3,0,1,0,0,-28.854,0.28579,0.15,1030,31.5246,8.64008,0.35955
1504,5,0,0,3,0,1,0,0,-33.008,0.28555,0.15,1030,31.5246,3.25546,0.35955
1505,66,2,2,13,0,1,0,0,-3.728,0.28531,0.15,1030,31.5246,2.62263,0.35955
1506,19,1,1,5,0,1,0,0,-20.745,0.28508,0.15,1030,31.5246,4.12601,0.35955
1507,151,2,2,24,0,1,0,0,18.411,0.28484,0.15,1030,31.5246,1.96615,0.35971
1508,140,0,0,22,0,1,0,0,9.699,0.2846,0.15,1031,31.5246,2.28485,0.35952
1509,82,1,1,16,0,1,0,0,-10.76,0.28436,0.15,1031,31.5246,2.55275,0.35952
1510,5,0,0,3,0,1,0,0,-33.808,0.28413,0.15,1031,31.5246,2.98396,0.35952
1511,67,1,1,15,0,1,0,0,-8.313,0.28389,0.15,1031,31.5246,2.13682,0.35952
1512,87,0,0,13,0,1,0,0,-3.697,0.28365,0.15,1031,31.5246,1.88724,0.35968
1513,235,6,6,26,0,1,0,0,35.499,0.28342,0.15,1037,31.5246,2.16574,0.35937
1514,65,1,1,10,0,1,0,0,-6.971,0.28318,0.15,1037,31.5246,2.37682,0.35937
1515,194,2,2,28,0,1,0,0,32.238,0.28295,0.15,1037,31.5246,1.5317,0.35937
1516,40,0,0,6,0,1,0,0,-15.437,0.28271,0.15,1037,31.5246,1.54249,0.35937
1517,106,0,0,13,0,1,0,0,-2.983,0.28247,0.15,1037,31.5246,1.29702,0.35937
1518,56,0,0,7,0,1,0,0,-19.123,0.28224,0.15,1037,31.5246,3.10117,0.35937
1519,56,0,0,12,0,1,0,0,-12.787,0.282,0.15,1037,31.5246,1.52889,0.35937
1520,78,0,0,15,0,1,0,0,-9.371,0.28177,0.15,1037,31.5246,2.47893,0.35937
1521,102,0,0,13,0,1,2,0,-6.312,0.28153,0.15,1043,31.5246,1.89509,0.35858
1522,79,1,1,14,0,1,0,0,0.042,0.2813,0.15,1043,31.5246,1.5194,0.35858
1523,30,0,0,10,0,1,0,0,-15.747,0.28107,0.15,1043,31.5246,1.52041,0.35858
1524,33,1,1,4,0,1,0,0,-20.401,0.28083,0.15,1043,31.5246,2.38928,0.35858
1525,240,4,4,30,0,1,0,0,48.561,0.2806,0.15,1043,31.5246,1.89651,0.35874
1526,81,1,1,14,0,1,0,0,4.479,0.28036,0.15,1043,31.5246,2.27592,0.35874
1527,63,0,0,15,0,1,0,0,-6.868,0.28013,0.15,1043,31.5246,2.45489,0.35874
1528,28,0,0,10,0,1,0,0,-20.384,0.2799,0.15,1043,31.5246,2.93913,0.35874
1529,102,1,1,16,0,1,0,0,6.965,0.27966,0.15,1043,31.5246,1.81997,0.35874
1530,272,2,2,23,0,1,0,0,30.125,0.27943,0.15,1043,31.5246,1.97332,0.35874
1531,50,1,1,2,0,1,0,0,-20.041,0.2792,0.15,1044,31.5246,1.39435,0.35872
1532,44,2,2,11,0,1,0,0,-4.286,0.27897,0.15,1044,31.5246,2.87787,0.35872
1533,236,4,4,13,0,1,0,0,32.582,0.27873,0.15,1044,31.5246,1.39748,0.35872
1534,33,0,0,6,0,1,0,0,-15.29,0.2785,0.15,1044,31.5246,1.69738,0.35872
1535,22,0,0,3,0,1,0,0,-24.837,0.27827,0.15,1044,31.5246,3.34241,0.35872
1536,68,0,0,12,0,1,0,0,-14.747,0.27804,0.15,1044,31.5246,2.31169,0.35888
1537,37,1,1,9,0,1,0,0,-12.822,0.27781,0.15,1044,31.5246,2.23599,0.35888
1538,5,0,0,4,0,1,0,0,-33.208,0.27757,0.15,1044,31.5246,2.73921,0.35888
1539,5,0,0,3,0,1,0,0,-30.504,0.27734,0.15,1044,31.5246,8.29596,0.35888
1540,5,0,0,2,0,1,0,0,-29.454,0.27711,0.15,1044,31.5246,6.72064,0.35888
1541,19,1,1,5,0,1,0,0,-18.51,0.27688,0.15,1044,31.5246,2.40929,0.35888
1542,108,0,0,30,0,1,0,0,3.017,0.27665,0.15,1044,31.5246,2.61947,0.35888
1543,7,0,0,2,0,1,0,0,-31.154,0.27642,0.15,1044,31.5246,7.0285,0.35888
1544,42,0,0,8,0,1,0,0,-14.11,0.27619,0.15,1044,31.5246,1.73659,0.35888
1545,96,1,1,16,0,1,0,0,9.781,0.27596,0.15,1044,31.5246,1.57613,0.35888
1546,95,2,2,25,0,0,0,0,33.488,0.27573,0.15,1048,31.5246,2.88539,0.35846
1547,47,0,0,10,0,0,0,0,4.615,0.2755,0.15,1049,31.5246,1.75784,0.35844
1548,60,0,0,15,0,1,0,0,-15.81,0.27527,0.15,1052,31.5246,3.30095,0.35837
1549,32,0,0,10,0,1,0,0,-19.288,0.27504,0.15,1052,31.5246,3.33044,0.35837
1550,20,0,0,10,0,1,0,0,-23.54,0.27481,0.15,1052,31.5246,4.77279,0.35837
1551,307,2,2,31,0,1,0,0,32.738,0.27458,0.15,1057,31.5246,2.04371,0.35777
1552,88,0,0,12,0,1,0,0,-8.283,0.27435,0.15,1057,31.5246,1.81211,0.35777
1553,27,2,2,6,0,1,0,0,-13.398,0.27413,0.15,1057,31.5246,3.52211,0.35777
1554,28,1,1,11,0,1,0,0,-13.94,0.2739,0.15,1057,31.5246,3.44463,0.35777
1555,159,0,0,20,0,1,0,0,6.675,0.27367,0.15,1057,31.5246,2.31966,0.35777
1556,5,0,0,2,0,1,0,0,-32.754,0.27344,0.15,1057,31.5246,9.05624,0.35777
1557,58,1,1,7,0,1,0,0,-11.9,0.27321,0.15,1057,31.5246,2.34668,0.35777
1558,36,1,1,6,0,1,0,0,-20.846,0.27299,0.15,1057,31.5246,2.68279,0.35777
1559,15,0,0,4,0,1,0,0,-31.438,0.27276,0.15,1057,31.5246,3.47382,0.35777
1560,35,0,0,2,0,1,0,0,-26.366,0.27253,0.15,1057,31.5246,2.5165,0.35777
1561,5,0,0,4,0,1,0,0,-33.208,0.2723,0.15,1057,31.5246,1.76628,0.35777
1562,206,6,6,33,0,1,0,0,43.948,0.27208,0.15,1061,31.5246,2.20351,0.35721
1563,105,0,0,13,0,1,0,0,-5.152,0.27185,0.15,1061,31.5246,1.63742,0.35721
1564,281,6,1,27,1,1,0,0,37.061,0.27162,0.15,1064,31.5246,1.74103,0.35699
1565,329,3,3,22,0,1,0,0,30.597,0.2714,0.15,1067,31.5246,1.80758,0.35645
1566,252,3,3,16,0,1,0,0,18.397,0.27117,0.15,1068,31.5246,1.75384,0.35627
1567,84,0,0,10,0,1,0,0,-9.968,0.27095,0.15,1068,31.5246,1.80342,0.35627
1568,21,0,0,5,0,1,0,0,-26.665,0.27072,0.15,1068,31.5246,3.44035,0.35627
1569,121,1,1,17,0,1,0,0,2.818,0.2705,0.15,1068,31.5246,1.90197,0.35627
1570,372,2,2,19,0,1,0,0,28.932,0.27027,0.15,1068,31.5246,1.74085,0.35627
1571,400,5,5,31,0,0,0,1,107.697,0.27005,0.15,1071,31.5246,1.82832,0.35621
1572,21,0,0,5,0,1,0,0,-21.763,0.26982,0.15,1071,31.5246,2.35308,0.35621
1573,107,1,1,17,0,1,0,0,4.59,0.2696,0.15,1073,31.5246,2.31266,0.35586
1574,76,1,1,22,0,1,0,0,0.025,0.26937,0.15,1075,31.5246,2.19015,0.3555
1575,57,0,0,22,0,1,0,0,-9.867,0.26915,0.15,1075,31.5246,3.16762,0.35566
1576,32,0,0,14,0,1,0,0,-13.253,0.26892,0.15,1075,31.5246,2.43053,0.35566
1577,5,0,0,1,0,1,0,0,-33.352,0.2687,0.15,1075,31.5246,2.04721,0.35566
1578,46,0,0,7,0,1,0,0,-20.244,0.26847,0.15,1075,31.5246,1.7325,0.35566
1579,32,0,0,13,0,1,0,0,-15.853,0.26825,0.15,1075,31.5246,2.98488,0.35566
1580,7,0,0,3,0,1,0,0,-33.406,0.26803,0.15,1075,31.5246,5.77314,0.35566
1581,51,1,1,9,0,1,0,0,-11.322,0.2678,0.15,1075,31.5246,2.74359,0.35566
1582,49,0,0,9,0,1,0,0,-14.887,0.26758,0.15,1075,31.5246,2.40722,0.35566
1583,5,0,0,2,0,1,0,0,-29.456,0.26736,0.15,1075,31.5246,5.09237,0.35566
1584,74,1,1,13,0,1,0,0,-5.852,0.26714,0.15,1075,31.5246,2.37081,0.35566
1585,82,0,0,12,0,1,0,0,-8.618,0.26691,0.15,1075,31.5246,2.39324,0.35566
1586,24,0,0,7,0,1,0,0,-18.533,0.26669,0.15,1075,31.5246,2.44109,0.35566
1587,55,0,0,20,0,1,0,0,-9.103,0.26647,0.15,1075,31.5246,2.4583,0.35566
1588,400,10,5,34,1,0,0,1,111.752,0.26625,0.15,1081,31.5246,1.98335,0.35553
1589,69,2,2,15,0,1,0,0,-2.045,0.26602,0.15,1081,31.5246,2.50183,0.35553
1590,400,1,1,30,0,0,1,1,74.822,0.2658,0.15,1081,31.5246,1.55451,0.35569
1591,14,1,1,5,0,1,0,0,-22.103,0.26558,0.15,1081,31.5246,5.8813,0.35569
1592,400,8,3,45,1,0,0,1,123.211,0.26536,0.15,1082,31.5246,1.51382,0.35567
1593,20,0,0,10,0,1,0,0,-17.653,0.26514,0.15,1082,31.5246,2.53587,0.35567
1594,5,0,0,2,0,1,0,0,-28.102,0.26492,0.15,1082,31.5246,13.56147,0.35567
1595,20,0,0,5,0,1,0,0,-23.978,0.2647,0.15,1082,31.5246,3.33892,0.35567
1596,20,0,0,5,0,1,0,0,-25.852,0.26448,0.15,1082,31.5246,3.6337,0.35567
1597,283,4,4,30,0,1,0,0,53.672,0.26426,0.15,1083,31.5246,1.81601,0.3558
1598,201,4,4,27,0,1,0,0,30.633,0.26404,0.15,1085,31.5246,2.02208,0.35545
1599,27,0,0,8,0,1,0,0,-24.271,0.26382,0.15,1085,31.5246,3.84713,0.35545
1600,5,0,0,2,0,1,0,0,-26.452,0.2636,0.15,1085,31.5246,10.23952,0.35545
1601,351,7,2,42,1,1,0,0,74.871,0.26338,0.15,1089,31.5246,2.07851,0.35476
1602,104,0,0,19,0,1,0,0,1.775,0.26316,0.15,1089,31.5246,1.36721,0.35476
1603,162,0,0,19,0,1,0,0,6.266,0.26294,0.15,1089,31.5246,1.8711,0.35491
1604,50,2,2,15,0,1,0,0,-6.352,0.26272,0.15,1089,31.5246,2.72259,0.35491
1605,79,2,2,19,0,1,0,0,5.931,0.2625,0.15,1089,31.5246,2.36853,0.35507
1606,203,1,1,19,0,1,0,0,21.474,0.26228,0.15,1089,31.5246,1.73837,0.35522
1607,63,0,0,16,0,1,0,0,-14.749,0.26206,0.15,1089,31.5246,2.33789,0.35522
1608,237,8,3,27,1,1,0,0,57.659,0.26185,0.15,1089,31.5246,1.91181,0.35537
1609,8,0,0,2,0,1,0,0,-27.504,0.26163,0.15,1089,31.5246,5.46107,0.35537
1610,23,0,0,3,0,1,0,0,-24.357,0.26141,0.15,1089,31.5246,3.4874,0.35537
1611,112,2,2,23,0,1,0,0,11.323,0.26119,0.15,1089,31.5246,2.09395,0.35537
1612,10,0,0,3,0,1,0,0,-28.196,0.26097,0.15,1089,31.5246,5.27419,0.35537
1613,66,1,1,16,0,1,0,0,-4.317,0.26076,0.15,1089,31.5246,2.09529,0.35552
1614,68,1,1,9,0,1,0,0,-9.873,0.26054,0.15,1089,31.5246,2.02839,0.35552
1615,400,2,2,26,0,0,1,1,97.54,0.26032,0.15,1094,31.5246,1.25,0.35497
1616,27,1,1,8,0,1,0,0,-15.707,0.26011,0.15,1094,31.5246,2.72245,0.35497
1617,244,3,3,17,0,1,0,0,28.968,0.25989,0.15,1095,31.5246,1.5368,0.3551
1618,56,2,2,10,0,1,0,0,-7.97,0.25967,0.15,1096,31.5246,2.78542,0.35493
1619,44,1,1,10,0,1,0,0,-14.789,0.25946,0.15,1096,31.5246,2.02664,0.35493
1620,20,0,0,7,0,1,0,0,-21.032,0.25924,0.15,1096,31.5246,2.72881,0.35493
1621,73,1,1,15,0,1,0,0,-4.334,0.25902,0.15,1096,31.5246,1.9705,0.35493
1622,33,0,0,7,0,1,0,0,-17.895,0.25881,0.15,1096,31.5246,2.44124,0.35493
1623,20,0,0,7,0,1,0,0,-18.967,0.25859,0.15,1096,31.5246,3.75607,0.35493
1624,22,1,1,9,0,1,0,0,-18.605,0.25838,0.15,1096,31.5246,4.73466,0.35493
1625,117,1,1,13,0,1,0,0,-2.015,0.25816,0.15,1096,31.5246,1.83754,0.35538
1626,151,1,1,11,0,1,0,0,10.427,0.25795,0.15,1098,31.5246,1.45334,0.35504
1627,21,1,1,5,0,1,0,0,-21.655,0.25773,0.15,1098,31.5246,3.39225,0.35504
1628,73,1,1,9,0,1,0,0,-8.811,0.25752,0.15,1098,31.5246,1.6465,0.35504
1629,65,1,1,7,0,1,0,0,-15.874,0.2573,0.15,1098,31.5246,1.83378,0.35504
1630,13,0,0,4,0,1,0,0,-27.461,0.25709,0.15,1098,31.5246,3.95115,0.35504
1631,20,0,0,3,0,1,0,0,-25.06,0.25687,0.15,1098,31.5246,4.08683,0.35504
1632,90,0,0,12,0,1,0,0,-6.899,0.25666,0.15,1098,31.5246,1.24908,0.35519
1633,400,3,3,22,0,0,0,1,87.49,0.25645,0.15,1098,31.5246,1.99183,0.35519
1634,113,1,1,15,0,1,0,0,9.651,0.25623,0.15,1098,31.5246,2.32679,0.35519
1635,102,1,1,16,0,1,0,0,-2.635,0.25602,0.15,1100,31.5246,2.90174,0.355
1636,35,0,0,9,0,1,0,0,-19.955,0.25581,0.15,1100,31.5246,1.97985,0.355
1637,181,1,1,17,0,1,0,0,7.45,0.25559,0.15,1102,31.5246,2.14375,0.35496
1638,49,0,0,4,0,1,0,0,-20.373,0.25538,0.15,1102,31.5246,1.76831,0.35496
1639,184,2,2,24,0,1,0,0,15.33,0.25517,0.15,1102,31.5246,1.93764,0.35496
1640,114,0,0,13,0,0,0,0,17.222,0.25496,0.15,1102,31.5246,2.36295,0.35496
1641,400,1,1,29,0,0,0,1,83.501,0.25474,0.15,1104,31.5246,1.92141,0.35462
1642,5,0,0,3,0,1,0,0,-28.454,0.25453,0.15,1104,31.5246,8.09586,0.35462
1643,127,3,3,18,0,1,0,0,21.821,0.25432,0.15,1104,31.5246,2.07352,0.35462
1644,32,0,0,4,0,1,0,0,-20.064,0.25411,0.15,1104,31.5246,3.31804,0.35462
1645,78,1,1,12,0,1,0,0,-4.079,0.2539,0.15,1106,31.5246,2.44586,0.35458
1646,400,3,3,34,0,0,0,1,85.091,0.25368,0.15,1107,31.5246,1.65234,0.35486
1647,6,0,0,2,0,1,0,0,-31.206,0.25347,0.15,1107,31.5246,8.75841,0.35486
1648,400,1,1,37,0,0,0,1,97.321,0.25326,0.15,1108,31.5246,1.54039,0.35484
1649,120,2,2,19,0,1,0,0,10.654,0.25305,0.15,1109,31.5246,2.35361,0.35528
1650,43,0,0,13,0,1,0,0,-9.691,0.25284,0.15,1109,31.5246,1.79741,0.35528
1651,62,1,1,13,0,1,0,0,-11.389,0.25263,0.15,1109,31.5246,2.52082,0.35528
1652,65,1,1,13,0,1,0,0,-4.823,0.25242,0.15,1109,31.5246,2.19864,0.35528
1653,36,0,0,5,0,1,0,0,-21.864,0.25221,0.15,1109,31.5246,1.93774,0.35528
1654,190,6,1,35,1,1,0,0,30.747,0.252,0.15,1112,31.5246,1.99871,0.35522
1655,15,0,0,2,0,1,0,0,-28.498,0.25179,0.15,1112,31.5246,4.03035,0.35522
1656,7,0,0,4,0,1,0,0,-32.406,0.25158,0.15,1112,31.5246,5.89882,0.35522
1657,48,0,0,10,0,1,0,0,-15.839,0.25137,0.15,1112,31.5246,2.36079,0.35522
1658,43,0,0,9,0,1,0,0,-19.374,0.25116,0.15,1112,31.5246,2.86341,0.35522
1659,20,0,0,7,0,1,0,0,-20.769,0.25095,0.15,1112,31.5246,3.28541,0.35522
1660,6,0,0,1,0,1,0,0,-31.806,0.25074,0.15,1112,31.5246,7.51266,0.35522
1661,72,1,1,17,0,1,0,0,-3.435,0.25053,0.15,1112,31.5246,2.08096,0.35522
1662,92,2,2,11,0,1,0,0,0.7,0.25032,0.15,1112,31.5246,2.43308,0.35522
1663,57,1,1,10,0,1,0,0,-16.011,0.25012,0.15,1112,31.5246,2.74447,0.35522
1664,68,0,0,3,0,1,0,0,-15.73,0.24991,0.15,1112,31.5246,2.04002,0.35522
1665,29,0,0,10,0,1,0,0,-19.173,0.2497,0.15,1112,31.5246,3.50135,0.35522
1666,112,6,1,27,1,1,2,0,24.797,0.24949,0.15,1114,31.5246,3.38033,0.35488
1667,27,0,0,11,0,1,0,0,-21.682,0.24928,0.15,1114,31.5246,3.42364,0.35488
1668,5,0,0,3,0,1,0,0,-33.808,0.24908,0.15,1114,31.5246,3.36076,0.35488
1669,217,2,2,29,0,1,0,0,28.874,0.24887,0.15,1114,31.5246,1.91921,0.35488
1670,29,1,1,10,0,1,0,0,-16.019,0.24866,0.15,1114,31.5246,3.57235,0.35488
1671,77,1,1,13,0,1,0,0,-8.548,0.24845,0.15,1114,31.5246,2.40971,0.35488
1672,65,1,1,10,0,1,0,0,-10.691,0.24825,0.15,1114,31.5246,1.99646,0.35488
1673,5,0,0,4,0,1,0,0,-33.208,0.24804,0.15,1114,31.5246,2.66211,0.35488
1674,20,0,0,8,0,1,0,0,-22.494,0.24783,0.15,1114,31.5246,3.09681,0.35488
1675,148,0,0,24,0,1,0,0,5.658,0.24763,0.15,1115,31.5246,2.45391,0.35471
1676,21,0,0,8,0,1,0,0,-23.03,0.24742,0.15,1115,31.5246,4.5507,0.35471
1677,279,1,1,25,0,1,0,0,29.725,0.24721,0.15,1115,31.5246,1.83951,0.35471
1678,20,0,0,8,0,1,0,0,-18.786,0.24701,0.15,1115,31.5246,2.41372,0.35471
1679,51,1,1,9,0,1,0,0,-10.495,0.2468,0.15,1115,31.5246,2.76808,0.35471
1680,400,3,3,30,0,0,0,1,91.045,0.2466,0.15,1116,31.5246,1.47418,0.35469
1681,400,4,4,34,0,0,0,1,103.18,0.24639,0.15,1116,31.5246,1.92794,0.35484
1682,14,0,0,4,0,1,0,0,-27.872,0.24619,0.15,1116,31.5246,5.54765,0.35484
1683,128,1,1,22,0,0,0,0,30.198,0.24598,0.15,1116,31.5246,2.05822,0.35499
1684,17,1,1,4,0,1,0,0,-20.178,0.24578,0.15,1116,31.5246,2.63931,0.35499
1685,40,1,1,9,0,1,0,0,-11.861,0.24557,0.15,1116,31.5246,2.33185,0.35499
1686,23,0,0,5,0,1,0,0,-26.582,0.24537,0.15,1116,31.5246,3.80392,0.35499
1687,85,1,1,14,0,1,0,0,-3.947,0.24516,0.15,1116,31.5246,2.36261,0.35499
1688,79,2,2,14,0,1,0,0,-8.829,0.24496,0.15,1116,31.5246,2.09433,0.35499
1689,20,0,0,8,0,1,0,0,-18.464,0.24475,0.15,1116,31.5246,3.04381,0.35499
1690,57,0,0,19,0,1,0,0,-9.257,0.24455,0.15,1117,31.5246,3.16712,0.35482
1691,83,0,0,13,0,1,0,0,-14.68,0.24435,0.15,1117,31.5246,2.40329,0.35482
1692,169,3,3,30,0,1,0,0,24.259,0.24414,0.15,1117,31.5246,2.72191,0.35497
1693,41,1,1,7,0,1,0,0,-20.162,0.24394,0.15,1117,31.5246,3.41402,0.35497
1694,58,0,0,16,0,1,0,0,-12.45,0.24374,0.15,1117,31.5246,2.52337,0.35497
1695,21,1,1,5,0,1,0,0,-21.351,0.24353,0.15,1117,31.5246,3.13004,0.35497
1696,13,0,0,4,0,1,0,0,-30.145,0.24333,0.15,1117,31.5246,6.88901,0.35497
1697,275,5,5,24,0,1,0,0,30.168,0.24313,0.15,1117,31.5246,1.77528,0.35497
1698,33,1,1,5,0,1,0,0,-24.103,0.24293,0.15,1117,31.5246,2.85882,0.35497
1699,51,0,0,9,0,1,0,0,-29.643,0.24272,0.15,1117,31.5246,3.236,0.35497
1700,170,3,3,26,0,1,0,0,21.341,0.24252,0.15,1119,31.5246,2.51864,0.35463
1701,50,0,0,6,0,1,0,0,-19.74,0.24232,0.15,1119,31.5246,2.68947,0.35463
1702,400,8,3,25,1,0,0,1,73.036,0.24212,0.15,1119,31.5246,1.72153,0.35463
1703,59,1,1,7,0,1,0,0,-15.899,0.24192,0.15,1119,31.5246,2.51667,0.35463
1704,119,1,1,19,0,1,0,0,7.523,0.24171,0.15,1119,31.5246,1.76775,0.35463
1705,400,8,3,35,1,0,2,1,126.865,0.24151,0.15,1122,31.5246,1.66811,0.35458
1706,400,1,1,24,0,0,1,1,89.49,0.24131,0.15,1131,31.5246,1.37678,0.35337
1707,325,2,2,29,0,1,0,0,40.232,0.24111,0.15,1133,31.5246,1.52782,0.35305
1708,24,1,1,7,0,1,0,0,-21.092,0.24091,0.15,1133,31.5246,4.15216,0.35305
1709,332,1,1,35,0,0,2,0,53.036,0.24071,0.15,1139,31.5246,1.96808,0.35221
1710,92,0,0,14,0,1,0,0,-8.687,0.24051,0.15,1139,31.5246,2.11099,0.35221
1711,42,0,0,17,0,1,0,0,-16.055,0.24031,0.15,1139,31.5246,2.87822,0.35221
1712,116,1,1,23,0,1,0,0,4.584,0.24011,0.15,1139,31.5246,2.18746,0.35236
1713,30,1,1,14,0,1,0,0,-13.541,0.23991,0.15,1139,31.5246,3.61736,0.35236
1714,233,2,2,26,0,1,0,0,7.759,0.23971,0.15,1139,31.5246,2.00926,0.35236
1715,43,1,1,13,0,1,0,0,-15.683,0.23951,0.15,1139,31.5246,2.63656,0.35236
1716,74,1,1,10,0,0,1,0,2.875,0.23931,0.15,1141,31.5246,2.68327,0.35218
1717,60,0,0,15,0,1,0,0,-13.566,0.23911,0.15,1141,31.5246,2.41025,0.35218
1718,13,0,0,7,0,1,0,0,-22.513,0.23891,0.15,1141,31.5246,3.50106,0.35218
1719,303,2,2,26,0,1,0,0,30.059,0.23871,0.15,1144,31.5246,1.77454,0.35198
1720,61,1,1,11,0,1,0,0,-17.815,0.23851,0.15,1144,31.5246,2.62134,0.35198
1721,220,1,1,21,0,1,0,0,13.318,0.23831,0.15,1144,31.5246,1.52229,0.35198
1722,6,0,0,3,0,1,0,0,-30.61,0.23812,0.15,1144,31.5246,5.63654,0.35198
1723,15,0,0,5,0,1,0,0,-23.486,0.23792,0.15,1144,31.5246,5.3141,0.35198
1724,212,0,0,22,0,1,0,0,3.638,0.23772,0.15,1145,31.5246,2.22891,0.35182
1725,58,0,0,16,0,1,0,0,-7.068,0.23752,0.15,1145,31.5246,2.3718,0.35182
1726,8,0,0,2,0,1,0,0,-30.804,0.23732,0.15,1145,31.5246,6.46123,0.35182
1727,285,4,4,18,0,1,0,0,18.638,0.23713,0.15,1148,31.5246,1.46804,0.35148
1728,106,7,2,18,1,1,1,0,21.025,0.23693,0.15,1149,31.5246,2.46308,0.35132
1729,146,1,1,13,0,1,0,0,4.487,0.23673,0.15,1150,31.5246,1.76129,0.3513
1730,36,0,0,4,0,1,0,0,-25.946,0.23653,0.15,1150,31.5246,1.82976,0.3513
1731,40,0,0,5,0,1,0,0,-18.115,0.23634,0.15,1150,31.5246,2.91293,0.3513
1732,64,1,1,9,0,1,0,0,-11.443,0.23614,0.15,1150,31.5246,1.62481,0.3513
1733,30,1,1,8,0,1,0,0,-19.133,0.23594,0.15,1150,31.5246,2.9269,0.3513
1734,47,1,1,12,0,1,0,0,-10.865,0.23575,0.15,1150,31.5246,2.59159,0.3513
1735,74,1,1,21,0,1,0,0,-2.643,0.23555,0.15,1150,31.5246,3.40689,0.3513
1736,117,1,1,15,0,1,0,0,0.077,0.23535,0.15,1152,31.5246,2.30877,0.35098
1737,100,1,1,24,0,1,0,0,2.067,0.23516,0.15,1152,31.5246,2.85526,0.35098
1738,172,2,2,26,0,1,0,0,11.491,0.23496,0.15,1152,31.5246,2.06633,0.35098
1739,50,0,0,10,0,1,0,0,-15.223,0.23477,0.15,1152,31.5246,2.30493,0.35098
1740,72,0,0,19,0,1,0,0,-4.283,0.23457,0.15,1152,31.5246,2.11496,0.35098
1741,25,1,1,8,0,1,0,0,-18.379,0.23437,0.15,1152,31.5246,4.2584,0.35098
1742,147,0,0,14,0,1,0,0,-1.973,0.23418,0.15,1154,31.5246,2.08825,0.35124
1743,10,0,0,5,0,1,0,0,-27.004,0.23398,0.15,1154,31.5246,3.37948,0.35124
1744,13,0,0,5,0,1,0,0,-25.773,0.23379,0.15,1154,31.5246,5.49782,0.35124
1745,63,1,1,16,0,1,0,0,-6.558,0.23359,0.15,1154,31.5246,2.60384,0.35124
1746,107,0,0,9,0,1,0,0,-5.285,0.2334,0.15,1154,31.5246,1.59109,0.35124
1747,5,0,0,3,0,1,0,0,-33.808,0.23321,0.15,1154,31.5246,3.5958,0.35124
1748,35,1,1,9,0,1,0,0,-11.27,0.23301,0.15,1154,31.5246,2.7758,0.35124
1749,27,0,0,8,0,1,0,0,-17.27,0.23282,0.15,1154,31.5246,1.84426,0.35124
1750,338,0,0,28,0,1,1,0,22.873,0.23262,0.15,1155,31.5246,1.82168,0.35166
1751,104,2,2,25,0,0,0,0,26.961,0.23243,0.15,1161,31.5246,2.07702,0.35085
1752,124,0,0,14,0,1,0,0,0.844,0.23224,0.15,1161,31.5246,1.74651,0.35085
1753,111,1,1,18,0,1,1,0,3.355,0.23204,0.15,1163,31.5246,2.04766,0.35053
1754,112,0,0,11,0,1,0,0,-4.092,0.23185,0.15,1163,31.5246,1.68742,0.35053
1755,89,0,0,4,0,1,0,0,-13.909,0.23166,0.15,1163,31.5246,1.29458,0.35053
1756,53,0,0,5,0,1,0,0,-17.548,0.23146,0.15,1163,31.5246,2.00154,0.35053
1757,54,0,0,8,0,1,0,0,-14.947,0.23127,0.15,1163,31.5246,2.15481,0.35053
1758,25,1,1,5,0,1,0,0,-18.824,0.23108,0.15,1163,31.5246,3.65564,0.35053
1759,19,0,0,2,0,1,0,0,-26.926,0.23089,0.15,1163,31.5246,3.35794,0.35053
1760,25,1,1,8,0,1,0,0,-16.189,0.23069,0.15,1163,31.5246,3.71745,0.35053
1761,23,1,1,10,0,1,0,0,-16.051,0.2305,0.15,1163,31.5246,3.92964,0.35053
1762,28,1,1,6,0,1,0,0,-15.597,0.23031,0.15,1163,31.5246,1.17975,0.35053
1763,168,2,2,12,0,1,0,0,8.28,0.23012,0.15,1164,31.5246,1.97748,0.35037
1764,228,0,0,16,0,1,0,0,27.762,0.22993,0.15,1164,31.5246,1.49422,0.35052
1765,400,0,0,24,0,0,0,1,79.386,0.22973,0.15,1164,31.5246,0.93674,0.35052
1766,90,1,1,13,0,1,0,0,-3.299,0.22954,0.15,1164,31.5246,1.44883,0.35052
1767,46,0,0,10,0,1,0,0,-15.043,0.22935,0.15,1164,31.5246,2.46193,0.35052
1768,82,0,0,11,0,1,0,0,-6.191,0.22916,0.15,1164,31.5246,2.18715,0.35052
1769,18,0,0,6,0,1,0,0,-20.635,0.22897,0.15,1164,31.5246,2.53112,0.35052
1770,67,0,0,7,0,1,0,0,-14.033,0.22878,0.15,1164,31.5246,1.936,0.35052
1771,9,0,0,3,0,1,0,0,-29.698,0.22859,0.15,1164,31.5246,4.91523,0.35052
1772,6,0,0,2,0,1,0,0,-31.206,0.2284,0.15,1164,31.5246,8.05302,0.35052
1773,400,0,0,13,0,0,0,1,56.042,0.22821,0.15,1164,31.5246,1.68558,0.35052
1774,135,1,1,10,0,1,0,0,1.077,0.22802,0.15,1164,31.5246,1.59506,0.35052
1775,6,0,0,2,0,1,0,0,-31.206,0.22783,0.15,1164,31.5246,8.00652,0.35052
1776,14,0,0,2,0,1,0,0,-26.543,0.22764,0.15,1164,31.5246,6.73183,0.35052
1777,152,1,1,12,0,1,0,0,13.035,0.22745,0.15,1164,31.5246,1.25445,0.35052
1778,55,0,0,9,0,1,0,0,-12.6,0.22726,0.15,1164,31.5246,1.4268,0.35052
1779,42,2,2,5,0,1,0,0,-16.666,0.22707,0.15,1164,31.5246,3.72695,0.35052
1780,30,0,0,2,0,1,0,0,-24.088,0.22688,0.15,1164,31.5246,2.82025,0.35052
1781,163,0,0,29,0,1,0,0,12.858,0.22669,0.15,1164,31.5246,2.36466,0.35052
1782,237,1,1,11,0,1,0,0,16.26,0.2265,0.15,1165,31.5246,1.59696,0.3505
1783,400,1,1,18,0,0,0,1,91.903,0.22631,0.15,1165,31.5246,1.23447,0.3505
1784,20,0,0,6,0,1,0,0,-24.584,0.22613,0.15,1165,31.5246,4.18739,0.3505
1785,95,0,0,14,0,1,0,0,-1.795,0.22594,0.15,1165,31.5246,1.69314,0.3505
1786,21,1,1,6,0,1,0,0,-19.364,0.22575,0.15,1165,31.5246,3.61118,0.3505
1787,14,0,0,5,0,1,0,0,-27.225,0.22556,0.15,1165,31.5246,3.56618,0.3505
1788,259,0,0,14,0,1,0,0,18.687,0.22537,0.15,1165,31.5246,1.55098,0.3505
1789,235,3,3,15,0,1,0,0,22.103,0.22518,0.15,1167,31.5246,2.05291,0.35033
1790,150,0,0,9,0,1,0,0,-1.498,0.225,0.15,1167,31.5246,2.13454,0.35033
1791,22,0,0,3,0,1,0,0,-24.063,0.22481,0.15,1167,31.5246,3.00367,0.35033
1792,37,1,1,6,0,1,0,0,-18.562,0.22462,0.15,1167,31.5246,2.91982,0.35033
1793,58,0,0,4,0,1,0,0,-19.185,0.22444,0.15,1167,31.5246,2.1145,0.35033
1794,45,1,1,5,0,1,0,0,-12.111,0.22425,0.15,1167,31.5246,3.00993,0.35033
1795,179,1,1,15,0,1,0,0,0.813,0.22406,0.15,1167,31.5246,2.01379,0.35033
1796,22,0,0,6,0,1,0,0,-18.716,0.22388,0.15,1167,31.5246,1.52358,0.35033
1797,15,0,0,4,0,1,0,0,-27.253,0.22369,0.15,1167,31.5246,4.03364,0.35033
1798,400,1,1,16,0,0,0,1,63.178,0.2235,0.15,1169,31.5246,1.36818,0.35001
1799,21,0,0,4,0,1,0,0,-23.391,0.22332,0.15,1169,31.5246,2.36267,0.35001
1800,5,0,0,4,0,1,0,0,-33.208,0.22313,0.15,1169,31.5246,4.79271,0.35001
1801,129,5,0,6,1,1,0,0,13.918,0.22294,0.15,1171,31.5246,1.96974,0.34999
1802,231,7,2,14,1,1,0,0,44.622,0.22276,0.15,1171,31.5246,1.70547,0.35013
1803,59,1,1,16,0,1,0,0,-8.269,0.22257,0.15,1171,31.5246,3.11893,0.35013
1804,118,2,2,16,0,1,0,0,7.939,0.22239,0.15,1171,31.5246,1.79098,0.35013
1805,38,0,0,4,0,1,0,0,-27.752,0.2222,0.15,1171,31.5246,2.51805,0.35013
1806,30,1,1,8,0,1,0,0,-18.369,0.22202,0.15,1171,31.5246,2.84902,0.35013
1807,200,2,2,19,0,1,0,0,19.5,0.22183,0.15,1174,31.5246,1.80751,0.3498
1808,13,0,0,3,0,1,0,0,-24.988,0.22165,0.15,1174,31.5246,3.17566,0.3498
1809,14,0,0,4,0,1,0,0,-27.696,0.22146,0.15,1174,31.5246,3.81847,0.3498
1810,248,0,0,17,0,1,0,0,10.861,0.22128,0.15,1176,31.5246,1.95618,0.34963
1811,5,0,0,3,0,1,0,0,-28.854,0.22109,0.15,1176,31.5246,6.96026,0.34963
1812,20,0,0,7,0,1,0,0,-23.611,0.22091,0.15,1176,31.5246,3.36907,0.34963
1813,55,0,0,4,0,1,0,0,-19.531,0.22073,0.15,1176,31.5246,2.12383,0.34963
1814,400,3,3,27,0,0,0,1,83.368,0.22054,0.15,1177,31.5246,1.47944,0.34976
1815,171,2,2,13,0,1,0,0,16.738,0.22036,0.15,1178,31.5246,1.5141,0.34975
1816,29,0,0,8,0,1,0,0,-20.976,0.22017,0.15,1178,31.5246,2.75617,0.34975
1817,13,0,0,3,0,1,0,0,-28.029,0.21999,0.15,1178,31.5246,3.96268,0.34975
1818,100,1,1,16,0,1,0,0,-1.176,0.21981,0.15,1178,31.5246,2.16708,0.34975
1819,23,1,1,4,0,1,0,0,-20.275,0.21963,0.15,1178,31.5246,3.85281,0.34975
1820,62,0,0,4,0,1,0,0,-16.931,0.21944,0.15,1178,31.5246,1.66985,0.34975
1821,400,9,4,22,1,0,0,1,98.152,0.21926,0.15,1181,31.5246,1.63726,0.34942
1822,351,3,3,15,0,1,0,0,29.528,0.21908,0.15,1181,31.5246,1.85968,0.34956
1823,28,0,0,5,0,1,0,0,-25.047,0.21889,0.15,1181,31.5246,2.55324,0.34956
1824,21,0,0,5,0,1,0,0,-23.041,0.21871,0.15,1181,31.5246,2.93094,0.34956
1825,377,1,1,14,0,1,0,0,25.944,0.21853,0.15,1181,31.5246,1.47216,0.3497
1826,400,1,1,21,0,0,0,1,75.239,0.21835,0.15,1187,31.5246,1.36653,0.34892
1827,72,0,0,14,0,1,0,0,-8.361,0.21817,0.15,1187,31.5246,2.0766,0.34892
1828,400,3,3,16,0,0,0,1,84.087,0.21798,0.15,1187,31.5246,1.30148,0.34892
1829,16,1,1,3,0,1,0,0,-18.39,0.2178,0.15,1187,31.5246,1.36399,0.34892
1830,76,1,1,18,0,1,0,0,-2.209,0.21762,0.15,1187,31.5246,2.18493,0.34892
1831,72,0,0,8,0,1,0,0,-16.431,0.21744,0.15,1187,31.5246,1.49546,0.34892
1832,18,1,1,4,0,1,0,0,-21.545,0.21726,0.15,1187,31.5246,4.19348,0.34892
1833,28,1,1,7,0,1,0,0,-15.428,0.21708,0.15,1187,31.5246,2.82996,0.34892
1834,55,0,0,9,0,1,0,0,-13.883,0.2169,0.15,1187,31.5246,2.38531,0.34892
1835,400,1,1,30,0,0,0,1,77.997,0.21672,0.15,1190,31.5246,1.47499,0.3486
1836,237,3,3,32,0,1,0,0,43.514,0.21654,0.15,1190,31.5246,1.93727,0.3486
1837,7,0,0,4,0,1,0,0,-32.406,0.21636,0.15,1190,31.5246,6.51964,0.3486
1838,42,0,0,13,0,1,0,0,-13.053,0.21618,0.15,1190,31.5246,2.67337,0.3486
1839,27,1,1,6,0,1,0,0,-19.016,0.216,0.15,1190,31.5246,3.00132,0.3486
1840,240,0,0,23,0,1,0,0,23.433,0.21582,0.15,1192,31.5246,1.64111,0.34843
1841,131,4,4,10,0,1,0,0,8.442,0.21564,0.15,1192,31.5246,1.84093,0.34843
1842,34,0,0,6,0,1,0,0,-20.181,0.21546,0.15,1192,31.5246,3.0438,0.34843
1843,133,0,0,14,0,1,0,0,3.48,0.21528,0.15,1192,31.5246,1.98156,0.34843
1844,220,4,4,30,0,1,0,0,31.996,0.2151,0.15,1194,31.5246,2.57082,0.34813
1845,60,1,1,11,0,1,0,0,-7.77,0.21492,0.15,1194,31.5246,2.65424,0.34813
1846,100,7,2,20,1,1,0,0,24.9,0.21474,0.15,1194,31.5246,2.65625,0.34813
1847,29,1,1,9,0,1,0,0,-14.407,0.21456,0.15,1194,31.5246,1.95709,0.34813
1848,189,2,2,22,0,1,0,0,22.397,0.21438,0.15,1194,31.5246,1.95547,0.34813
1849,23,0,0,4,0,1,0,0,-26.307,0.2142,0.15,1194,31.5246,6.16086,0.34827
1850,12,0,0,5,0,1,0,0,-23.752,0.21402,0.15,1194,31.5246,4.19436,0.34827
1851,133,2,2,21,0,1,0,0,6.152,0.21385,0.15,1194,31.5246,2.29008,0.34827
1852,27,0,0,6,0,1,0,0,-22.124,0.21367,0.15,1194,31.5246,2.66243,0.34827
1853,77,0,0,15,0,1,0,0,-9.724,0.21349,0.15,1194,31.5246,2.12504,0.34827
1854,178,2,2,24,0,1,0,0,28.218,0.21331,0.15,1194,31.5246,1.98429,0.34827
1855,13,0,0,4,0,1,0,0,-24.559,0.21313,0.15,1194,31.5246,5.53457,0.34827
1856,90,1,1,8,0,1,0,0,-4.642,0.21296,0.15,1194,31.5246,1.90162,0.34827
1857,119,3,3,17,0,1,0,0,15.021,0.21278,0.15,1194,31.5246,2.10671,0.34827
1858,209,3,3,18,0,1,0,0,25.21,0.2126,0.15,1195,31.5246,1.97239,0.3484
1859,108,2,2,13,0,1,0,0,4.301,0.21242,0.15,1195,31.5246,2.38835,0.3484
1860,20,0,0,9,0,1,0,0,-18.267,0.21225,0.15,1195,31.5246,1.23961,0.3484
1861,34,0,0,10,0,1,0,0,-18.002,0.21207,0.15,1195,31.5246,2.23066,0.3484
1862,400,4,4,38,0,0,0,1,113.705,0.21189,0.15,1198,31.5246,1.53405,0.34794
1863,21,0,0,9,0,1,0,0,-20.021,0.21172,0.15,1198,31.5246,2.14322,0.34794
1864,17,1,1,5,0,1,0,0,-19.056,0.21154,0.15,1198,31.5246,2.50323,0.34794
1865,279,2,2,34,0,1,0,0,34.301,0.21137,0.15,1200,31.5246,1.88297,0.34778
1866,22,0,0,5,0,1,0,0,-24.442,0.21119,0.15,1200,31.5246,3.17738,0.34778
1867,36,0,0,12,0,1,0,0,-16.068,0.21101,0.15,1200,31.5246,3.34274,0.34778
1868,140,3,3,19,0,1,0,0,18.506,0.21084,0.15,1200,31.5246,1.75315,0.34778
1869,5,0,0,3,0,1,0,0,-28.854,0.21066,0.15,1200,31.5246,6.5623,0.34778
1870,57,2,2,16,0,1,0,0,-2.94,0.21049,0.15,1200,31.5246,2.18654,0.34778
1871,28,0,0,12,0,1,0,0,-14.406,0.21031,0.15,1200,31.5246,2.296,0.34778
1872,131,1,1,23,0,1,0,0,6.581,0.21014,0.15,1202,31.5246,2.3931,0.34775
1873,76,1,1,17,0,1,0,0,-8.563,0.20996,0.15,1202,31.5246,2.10525,0.34775
1874,30,1,1,7,0,1,0,0,-20.117,0.20979,0.15,1202,31.5246,3.69158,0.34775
1875,400,3,3,22,0,0,0,1,81.007,0.20961,0.15,1202,31.5246,1.63385,0.34803
1876,26,0,0,4,0,1,0,0,-22.097,0.20944,0.15,1202,31.5246,3.62349,0.34803
1877,54,0,0,9,0,1,0,0,-9.834,0.20926,0.15,1202,31.5246,2.07996,0.34803
1878,26,0,0,3,0,1,0,0,-23.682,0.20909,0.15,1202,31.5246,3.37057,0.34803
1879,146,1,1,25,0,1,0,0,14.464,0.20891,0.15,1203,31.5246,2.27613,0.34816
1880,189,2,2,25,0,1,0,0,17.285,0.20874,0.15,1203,31.5246,2.02634,0.34843
1881,129,1,1,19,0,1,0,0,15.702,0.20857,0.15,1203,31.5246,2.27423,0.34843
1882,41,1,1,6,0,1,0,0,-9.947,0.20839,0.15,1204,31.5246,2.12489,0.34828
1883,400,2,2,21,0,0,0,1,89.214,0.20822,0.15,1205,31.5246,1.83181,0.34841
1884,223,2,2,22,0,1,0,0,24.362,0.20805,0.15,1206,31.5246,2.17645,0.34854
1885,50,0,0,12,0,1,0,0,-13.102,0.20787,0.15,1206,31.5246,2.50165,0.34854
1886,20,0,0,7,0,1,0,0,-20.615,0.2077,0.15,1206,31.5246,2.60827,0.34854
1887,81,1,1,15,0,1,0,0,-4.096,0.20753,0.15,1206,31.5246,2.09611,0.34854
1888,257,4,4,30,0,1,0,0,39.902,0.20735,0.15,1206,31.5246,1.6029,0.34867
1889,68,1,1,15,0,1,0,0,-6.97,0.20718,0.15,1206,31.5246,2.27316,0.34867
1890,50,2,2,12,0,1,0,0,-4.625,0.20701,0.15,1206,31.5246,3.21885,0.34867
1891,51,1,1,11,0,1,0,0,-13.389,0.20684,0.15,1206,31.5246,3.30576,0.34881
1892,201,2,2,29,0,1,0,0,25.392,0.20666,0.15,1207,31.5246,2.09126,0.3488
1893,21,0,0,9,0,1,0,0,-18.128,0.20649,0.15,1207,31.5246,2.81675,0.3488
1894,96,2,2,17,0,1,0,0,-0.937,0.20632,0.15,1209,31.5246,2.74099,0.3485
1895,231,3,3,46,0,1,0,0,46.616,0.20615,0.15,1209,31.5246,2.02546,0.34864
1896,226,2,2,24,0,1,1,0,21.479,0.20598,0.15,1210,31.5246,2.06493,0.34876
1897,75,1,1,27,0,1,0,0,4.723,0.2058,0.15,1210,31.5246,1.84406,0.34876
1898,77,0,0,18,0,1,0,0,-4.723,0.20563,0.15,1210,31.5246,1.84188,0.34876
1899,108,2,2,21,0,1,0,0,12.326,0.20546,0.15,1210,31.5246,1.88712,0.34876
1900,5,0,0,3,0,1,0,0,-33.808,0.20529,0.15,1210,31.5246,3.91209,0.34876
1901,400,1,1,26,0,0,1,1,50.383,0.20512,0.15,1213,31.5246,1.84283,0.34886
1902,5,0,0,3,0,1,0,0,-29.152,0.20495,0.15,1213,31.5246,8.40523,0.34886
1903,400,8,3,27,1,0,0,1,112.992,0.20478,0.15,1213,31.5246,1.52906,0.349
1904,44,1,1,10,0,1,0,0,-12.601,0.20461,0.15,1213,31.5246,2.80601,0.349
1905,38,1,1,10,0,1,0,0,-17.097,0.20444,0.15,1213,31.5246,2.64101,0.349
1906,45,0,0,5,0,1,0,0,-20.257,0.20427,0.15,1213,31.5246,1.87498,0.349
1907,400,3,3,18,0,0,0,1,56.086,0.2041,0.15,1213,31.5246,1.38941,0.349
1908,5,0,0,3,0,1,0,0,-33.808,0.20393,0.15,1213,31.5246,3.28042,0.349
1909,21,0,0,9,0,1,0,0,-22.031,0.20376,0.15,1213,31.5246,3.2929,0.349
1910,5,0,0,2,0,1,0,0,-28.106,0.20359,0.15,1213,31.5246,6.74645,0.349
1911,111,0,0,11,0,1,0,0,-0.865,0.20342,0.15,1213,31.5246,1.52461,0.349
1912,400,5,5,35,0,0,0,1,112.276,0.20325,0.15,1217,31.5246,1.29504,0.34867
1913,35,0,0,10,0,1,0,0,-19.703,0.20308,0.15,1217,31.5246,2.79301,0.34867
1914,274,4,4,27,0,1,0,0,58.402,0.20291,0.15,1219,31.5246,1.40857,0.34851
1915,5,0,0,3,0,1,0,0,-30.808,0.20274,0.15,1219,31.5246,8.3351,0.34851
1916,42,1,1,9,0,1,0,0,-11.228,0.20257,0.15,1219,31.5246,2.07028,0.34851
1917,114,9,4,19,1,1,0,0,30.412,0.2024,0.15,1222,31.5246,2.55446,0.34806
1918,32,1,1,11,0,1,0,0,-10.596,0.20223,0.15,1222,31.5246,2.82926,0.34806
1919,18,2,2,4,0,1,0,0,-19.669,0.20206,0.15,1222,31.5246,4.61472,0.34806
1920,400,10,5,37,1,0,1,1,128.192,0.2019,0.15,1231,31.5246,1.67723,0.34755
1921,30,0,0,14,0,1,0,0,-15.872,0.20173,0.15,1231,31.5246,2.79039,0.34755
1922,54,1,1,17,0,1,0,0,-3.031,0.20156,0.15,1231,31.5246,2.55777,0.34755
1923,20,0,0,9,0,1,0,0,-19.243,0.20139,0.15,1231,31.5246,3.64411,0.34755
1924,325,2,2,37,0,1,0,0,57.719,0.20122,0.15,1232,31.5246,1.58432,0.34754
1925,48,1,1,11,0,1,0,0,-12.713,0.20106,0.15,1232,31.5246,2.96342,0.34754
1926,285,2,2,35,0,1,1,0,54.66,0.20089,0.15,1233,31.5246,1.75834,0.3478
1927,149,5,5,21,0,1,1,0,32.759,0.20072,0.15,1233,31.5246,2.42913,0.3478
1928,25,1,1,12,0,1,0,0,-13.478,0.20056,0.15,1233,31.5246,3.14034,0.3478
1929,117,1,1,20,0,1,0,0,9.039,0.20039,0.15,1233,31.5246,2.02236,0.3478
1930,48,1,1,20,0,1,0,0,-1.619,0.20022,0.15,1233,31.5246,2.29499,0.3478
1931,61,1,1,22,0,1,0,0,4.476,0.20005,0.15,1233,31.5246,2.40969,0.3478
1932,153,9,4,30,1,1,0,0,52.93,0.19989,0.15,1233,31.5246,2.14969,0.3478
1933,309,7,7,38,0,0,0,0,89.077,0.19972,0.15,1240,31.5246,1.83922,0.34758
1934,22,0,0,13,0,1,0,0,-18.28,0.19955,0.15,1240,31.5246,3.84339,0.34758
1935,63,2,2,25,0,1,0,0,2.512,0.19939,0.15,1240,31.5246,2.74874,0.34758
1936,105,1,1,22,0,1,0,0,11.019,0.19922,0.15,1240,31.5246,2.2721,0.34758
1937,5,0,0,4,0,1,0,0,-33.208,0.19906,0.15,1240,31.5246,4.90594,0.34758
1938,249,2,2,28,0,1,0,0,27.001,0.19889,0.15,1242,31.5246,1.68317,0.34769
1939,191,4,4,25,0,1,0,0,33.113,0.19872,0.15,1242,31.5246,1.91836,0.34769
1940,61,0,0,11,0,1,0,0,-12.79,0.19856,0.15,1242,31.5246,2.81311,0.34769
1941,44,1,1,14,0,1,0,0,-5.184,0.19839,0.15,1242,31.5246,2.11566,0.34769
1942,22,0,0,9,0,1,0,0,-17.865,0.19823,0.15,1242,31.5246,2.34315,0.34769
1943,37,0,0,6,0,1,0,0,-20.597,0.19806,0.15,1242,31.5246,2.72691,0.34769
1944,20,0,0,4,0,1,0,0,-23.555,0.1979,0.15,1242,31.5246,3.64346,0.34769
1945,13,0,0,4,0,1,0,0,-27.719,0.19773,0.15,1242,31.5246,4.80609,0.34769
1946,5,0,0,3,0,1,0,0,-33.808,0.19757,0.15,1242,31.5246,2.8086,0.34769
1947,400,1,1,20,0,0,0,1,86.747,0.1974,0.15,1242,31.5246,1.47524,0.34769
1948,66,1,1,28,0,1,0,0,6.654,0.19724,0.15,1242,31.5246,2.03598,0.34769
1949,27,0,0,11,0,1,0,0,-14.492,0.19708,0.15,1242,31.5246,1.37737,0.34769
1950,66,1,1,24,0,1,0,0,-1.627,0.19691,0.15,1242,31.5246,2.38892,0.34769
1951,400,2,2,43,0,0,0,1,115.343,0.19675,0.15,1246,31.5246,1.33811,0.34724
1952,159,4,4,28,0,1,0,0,27.585,0.19658,0.15,1246,31.5246,2.08488,0.34724
1953,233,1,1,44,0,1,0,0,54.67,0.19642,0.15,1246,31.5246,1.75849,0.34738
1954,5,0,0,4,0,1,0,0,-32.808,0.19626,0.15,1246,31.5246,3.13445,0.34738
1955,5,0,0,2,0,1,0,0,-26.454,0.19609,0.15,1246,31.5246,7.21904,0.34738
1956,90,0,0,20,0,1,0,0,1.262,0.19593,0.15,1246,31.5246,2.04131,0.34778
1957,73,0,0,24,0,1,0,0,-6.531,0.19577,0.15,1246,31.5246,2.94281,0.34778
1958,192,4,4,33,0,1,0,0,34.043,0.1956,0.15,1252,31.5246,2.01641,0.34744
1959,144,2,2,37,0,0,0,0,45.978,0.19544,0.15,1253,31.5246,2.18722,0.34743
1960,35,0,0,13,0,1,0,0,-17.042,0.19528,0.15,1253,31.5246,2.59559,0.34743
1961,14,0,0,5,0,1,0,0,-23.923,0.19511,0.15,1253,31.5246,3.52167,0.34743
1962,5,0,0,2,0,1,0,0,-27.664,0.19495,0.15,1253,31.5246,2.47441,0.34743
1963,399,5,5,18,0,1,0,0,63.71,0.19479,0.15,1255,31.5246,1.57567,0.34781
1964,288,1,1,18,0,1,0,0,37.981,0.19463,0.15,1255,31.5246,1.36628,0.34781
1965,24,0,0,5,0,1,0,0,-22.26,0.19447,0.15,1255,31.5246,2.89054,0.34781
1966,105,0,0,13,0,0,0,0,17.756,0.1943,0.15,1259,31.5246,1.79069,0.34737
1967,17,1,1,9,0,1,0,0,-15.185,0.19414,0.15,1259,31.5246,2.95983,0.34737
1968,400,2,2,22,0,0,0,1,96.845,0.19398,0.15,1261,31.5246,1.05311,0.34721
1969,5,0,0,4,0,1,0,0,-32.808,0.19382,0.15,1261,31.5246,2.41801,0.34721
1970,35,1,1,8,0,1,0,0,-16.398,0.19366,0.15,1261,31.5246,3.11782,0.34721
1971,306,2,2,27,0,1,0,0,43.903,0.1935,0.15,1264,31.5246,1.68552,0.34691
1972,56,1,1,14,0,1,0,0,-5.52,0.19333,0.15,1264,31.5246,2.00148,0.34691
1973,5,0,0,3,0,1,0,0,-33.808,0.19317,0.15,1264,31.5246,2.02674,0.34691
1974,179,4,4,24,0,1,0,0,28.655,0.19301,0.15,1264,31.5246,1.91696,0.34705
1975,209,0,0,24,0,1,0,0,30.226,0.19285,0.15,1264,31.5246,1.48249,0.34705
1976,39,1,1,8,0,1,0,0,-14.189,0.19269,0.15,1264,31.5246,1.92322,0.34705
1977,76,2,2,20,0,1,0,0,5.505,0.19253,0.15,1266,31.5246,3.25428,0.34689
1978,14,0,0,5,0,1,0,0,-27.225,0.19237,0.15,1266,31.5246,4.01405,0.34689
1979,30,0,0,8,0,1,0,0,-18.109,0.19221,0.15,1266,31.5246,3.10135,0.34689
1980,5,0,0,3,0,1,0,0,-33.806,0.19205,0.15,1266,31.5246,1.65891,0.34689
1981,127,3,3,27,0,1,0,0,19.254,0.19189,0.15,1269,31.5246,2.35206,0.34673
1982,5,0,0,4,0,1,0,0,-33.208,0.19173,0.15,1269,31.5246,3.22838,0.34673
1983,19,0,0,4,0,1,0,0,-23.971,0.19157,0.15,1269,31.5246,3.82465,0.34673
1984,27,0,0,15,0,1,0,0,-12.344,0.19141,0.15,1269,31.5246,2.69202,0.34673
1985,96,2,2,16,0,1,0,0,6.822,0.19125,0.15,1269,31.5246,2.73599,0.34673
1986,21,0,0,5,0,1,0,0,-24.975,0.19109,0.15,1269,31.5246,4.39553,0.34673
1987,400,8,3,41,1,0,0,1,102.008,0.19093,0.15,1272,31.5246,1.56328,0.34631
1988,400,2,2,23,0,0,0,1,93.657,0.19077,0.15,1274,31.5246,1.632,0.34628
1989,400,3,3,38,0,0,0,1,95.113,0.19061,0.15,1275,31.5246,1.44532,0.3468
1990,13,0,0,3,0,1,0,0,-31.75,0.19046,0.15,1275,31.5246,4.79238,0.3468
1991,128,1,1,27,0,1,0,0,16.658,0.1903,0.15,1277,31.5246,1.99641,0.34652
1992,218,1,1,44,0,1,2,0,36.418,0.19014,0.15,1277,31.5246,1.94678,0.34678
1993,127,2,2,34,0,1,0,0,22.809,0.18998,0.15,1277,31.5246,1.93165,0.34678
1994,33,0,0,8,0,1,0,0,-16.653,0.18982,0.15,1277,31.5246,2.52479,0.34678
1995,24,1,1,13,0,1,0,0,-14.463,0.18966,0.15,1277,31.5246,3.7345,0.34678
1996,250,4,4,33,0,1,0,0,51.345,0.18951,0.15,1278,31.5246,1.8912,0.3469
1997,201,3,3,32,0,1,0,0,25.771,0.18935,0.15,1279,31.5246,2.00051,0.34689
1998,344,4,4,39,0,1,0,0,61.934,0.18919,0.15,1281,31.5246,1.5144,0.3466
1999,14,0,0,3,0,1,0,0,-24.861,0.18903,0.15,1281,31.5246,5.21718,0.3466
2000,13,0,0,7,0,1,0,0,-21.438,0.18888,0.15,1281,31.5246,3.07855,0.3466
2001,98,1,1,10,0,1,0,0,-11.898,0.18872,0.15,1281,31.5246,1.566,0.3466
2002,30,1,1,15,0,1,0,0,-9.882,0.18856,0.15,1281,31.5246,2.83013,0.3466
2003,27,0,0,13,0,1,0,0,-11.907,0.1884,0.15,1281,31.5246,2.39285,0.3466
2004,21,0,0,12,0,1,0,0,-19.411,0.18825,0.15,1281,31.5246,4.08811,0.3466
2005,21,0,0,9,0,1,0,0,-17.585,0.18809,0.15,1281,31.5246,2.95713,0.3466
2006,400,7,2,31,1,0,1,1,96.744,0.18793,0.15,1286,31.5246,1.40206,0.34655
2007,43,1,1,8,0,1,0,0,-16.182,0.18778,0.15,1286,31.5246,2.83036,0.34655
2008,42,2,2,9,0,1,0,0,-11.329,0.18762,0.15,1286,31.5246,3.35053,0.34655
2009,152,3,3,35,0,1,0,0,25.484,0.18746,0.15,1286,31.5246,1.94029,0.34655
2010,23,0,0,4,0,1,0,0,-24.053,0.18731,0.15,1286,31.5246,2.58884,0.34655
2011,20,0,0,7,0,1,0,0,-22.417,0.18715,0.15,1286,31.5246,3.46411,0.34655
2012,17,0,0,3,0,1,0,0,-25.993,0.187,0.15,1286,31.5246,4.77855,0.34655
2013,222,1,1,14,0,1,0,0,15.927,0.18684,0.15,1286,31.5246,1.19952,0.34655
2014,42,0,0,9,0,1,0,0,-15.889,0.18668,0.15,1286,31.5246,1.45761,0.34655
2015,9,0,0,3,0,1,0,0,-32.824,0.18653,0.15,1286,31.5246,5.38377,0.34655
2016,21,0,0,11,0,1,0,0,-17.789,0.18637,0.15,1286,31.5246,3.5478,0.34655
2017,55,1,1,15,0,1,0,0,-10.955,0.18622,0.15,1287,31.5246,2.67599,0.34641
2018,9,0,0,3,0,1,0,0,-33.004,0.18606,0.15,1287,31.5246,4.02667,0.34641
2019,86,0,0,13,0,1,0,0,-3.217,0.18591,0.15,1288,31.5246,1.82753,0.34627
2020,96,1,1,22,0,1,0,0,7.699,0.18575,0.15,1288,31.5246,2.17918,0.34627
2021,400,7,2,33,1,0,1,1,110.519,0.1856,0.15,1292,31.5246,1.49119,0.34585
2022,24,0,0,4,0,1,0,0,-24.001,0.18544,0.15,1292,31.5246,3.14193,0.34585
2023,22,0,0,5,0,1,0,0,-22.151,0.18529,0.15,1292,31.5246,3.33491,0.34585
2024,21,0,0,9,0,1,0,0,-21.026,0.18514,0.15,1292,31.5246,2.67867,0.34585
2025,172,4,4,43,0,1,0,0,46.951,0.18498,0.15,1292,31.5246,1.97547,0.34598
2026,400,7,2,22,1,0,0,1,97.399,0.18483,0.15,1292,31.5246,1.65134,0.34623
2027,100,1,1,24,0,1,0,0,19.66,0.18467,0.15,1292,31.5246,1.60715,0.34623
2028,60,4,4,12,0,1,0,0,7.268,0.18452,0.15,1292,31.5246,2.01393,0.34623
2029,13,0,0,3,0,1,0,0,-25.175,0.18437,0.15,1292,31.5246,3.88778,0.34623
2030,48,1,1,15,0,1,0,0,-1.112,0.18421,0.15,1292,31.5246,1.40123,0.34623
2031,287,10,5,37,1,1,0,0,76.383,0.18406,0.15,1292,31.5246,2.03708,0.34649
2032,270,1,1,33,0,1,0,0,41.672,0.18391,0.15,1292,31.5246,1.8187,0.34649
2033,5,0,0,3,0,1,0,0,-28.854,0.18375,0.15,1292,31.5246,8.16427,0.34649
2034,36,1,1,10,0,1,0,0,-15.123,0.1836,0.15,1292,31.5246,3.71063,0.34649
2035,44,1,1,4,0,1,0,0,-13.405,0.18345,0.15,1292,31.5246,2.62738,0.34649
2036,119,0,0,18,0,1,0,0,0.881,0.18329,0.15,1292,31.5246,1.64603,0.34649
2037,400,5,5,50,0,0,0,1,123.251,0.18314,0.15,1294,31.5246,1.59421,0.34634
2038,36,1,1,9,0,1,0,0,-14.135,0.18299,0.15,1294,31.5246,2.93646,0.34634
2039,108,2,2,28,0,1,0,0,12.596,0.18284,0.15,1294,31.5246,1.95355,0.34634
2040,20,0,0,10,0,1,0,0,-18.213,0.18268,0.15,1294,31.5246,3.23865,0.34634
2041,13,0,0,4,0,1,0,0,-27.457,0.18253,0.15,1294,31.5246,3.63976,0.34634
2042,400,1,1,35,0,0,0,1,100.322,0.18238,0.15,1294,31.5246,1.24522,0.34647
2043,5,0,0,3,0,1,0,0,-30.104,0.18223,0.15,1294,31.5246,9.01729,0.34647
2044,66,1,1,7,0,1,0,0,-13.732,0.18208,0.15,1296,31.5246,2.39991,0.34632
2045,400,2,2,34,0,0,0,1,95.635,0.18192,0.15,1297,31.5246,1.2887,0.34618
2046,66,0,0,8,0,1,0,0,-11.096,0.18177,0.15,1297,31.5246,1.55734,0.34618
2047,69,1,1,12,0,1,0,0,-7.76,0.18162,0.15,1297,31.5246,2.62662,0.34618
2048,390,3,3,31,0,1,0,0,74.57,0.18147,0.15,1299,31.5246,1.41411,0.34591
2049,400,2,2,36,0,0,0,1,95.871,0.18132,0.15,1300,31.5246,1.54919,0.34603
2050,23,1,1,5,0,1,0,0,-23.078,0.18117,0.15,1300,31.5246,2.99246,0.34603
2051,22,0,0,4,0,1,0,0,-22.36,0.18102,0.15,1300,31.5246,2.22126,0.34603
2052,34,1,1,9,0,1,0,0,-14.692,0.18087,0.15,1300,31.5246,3.81243,0.34603
2053,400,3,3,25,0,0,0,1,79.021,0.18072,0.15,1300,31.5246,1.5175,0.34603
2054,198,4,4,32,0,1,1,0,34.605,0.18056,0.15,1300,31.5246,1.97053,0.34615
2055,20,0,0,7,0,1,0,0,-20.143,0.18041,0.15,1300,31.5246,2.32981,0.34615
2056,13,0,0,5,0,1,0,0,-23.573,0.18026,0.15,1300,31.5246,5.01845,0.34615
2057,5,0,0,4,0,1,0,0,-33.204,0.18011,0.15,1300,31.5246,3.1884,0.34615
2058,41,0,0,6,0,1,0,0,-22.173,0.17996,0.15,1300,31.5246,1.88259,0.34615
2059,5,0,0,4,0,1,0,0,-33.208,0.17981,0.15,1300,31.5246,3.21776,0.34615
2060,56,0,0,17,0,1,0,0,-5.051,0.17966,0.15,1300,31.5246,1.64633,0.34615
2061,44,0,0,16,0,1,0,0,-6.55,0.17951,0.15,1300,31.5246,1.93893,0.34615
2062,151,8,3,26,1,1,0,0,42.698,0.17936,0.15,1300,31.5246,2.38737,0.34641
2063,400,8,3,40,1,0,0,1,110.57,0.17922,0.15,1300,31.5246,1.79853,0.34641
2064,5,0,0,2,0,1,0,0,-29.456,0.17907,0.15,1300,31.5246,6.9396,0.34641
2065,42,0,0,12,0,1,0,0,-12.071,0.17892,0.15,1300,31.5246,2.92578,0.34641
2066,73,4,4,10,0,1,0,0,7.852,0.17877,0.15,1303,31.5246,3.13994,0.34612
2067,148,6,6,37,0,1,0,0,52.944,0.17862,0.15,1303,31.5246,1.97166,0.34612
2068,187,4,4,40,0,1,1,0,41.405,0.17847,0.15,1306,31.5246,1.85675,0.34584
2069,34,1,1,9,0,1,0,0,-15.677,0.17832,0.15,1306,31.5246,3.10728,0.34584
2070,17,0,0,3,0,1,0,0,-24.843,0.17817,0.15,1306,31.5246,3.18266,0.34584
2071,400,3,3,35,0,0,0,1,91.708,0.17802,0.15,1306,31.5246,1.64058,0.34584
2072,23,0,0,8,0,1,0,0,-22.642,0.17788,0.15,1306,31.5246,3.26595,0.34584
2073,13,0,0,4,0,1,0,0,-27.461,0.17773,0.15,1306,31.5246,3.11935,0.34584
2074,400,10,5,37,1,0,0,1,129.69,0.17758,0.15,1307,31.5246,1.66577,0.3457
2075,400,0,0,28,0,0,0,1,78.99,0.17743,0.15,1307,31.5246,1.62096,0.3457
2076,21,0,0,8,0,1,0,0,-18.215,0.17728,0.15,1307,31.5246,1.35071,0.3457
2077,252,2,2,50,0,1,0,0,55.713,0.17714,0.15,1310,31.5246,1.93831,0.34542
2078,56,0,0,10,0,1,0,0,-12.769,0.17699,0.15,1310,31.5246,1.78295,0.34542
2079,5,0,0,2,0,1,0,0,-28.104,0.17684,0.15,1310,31.5246,10.28541,0.34542
2080,35,0,0,5,0,1,0,0,-23.5,0.17669,0.15,1310,31.5246,2.75438,0.34542
2081,400,5,5,23,0,0,0,1,104.874,0.17655,0.15,1310,31.5246,1.63358,0.34567
2082,83,1,1,26,0,1,0,0,7.428,0.1764,0.15,1310,31.5246,2.38137,0.34593
2083,30,0,0,9,0,1,0,0,-16.054,0.17625,0.15,1310,31.5246,2.4946,0.34593
2084,27,0,0,7,0,1,0,0,-18.13,0.17611,0.15,1310,31.5246,1.82125,0.34593
2085,46,0,0,6,0,1,0,0,-19.912,0.17596,0.15,1310,31.5246,2.43657,0.34593
2086,400,4,4,29,0,0,0,1,99.234,0.17581,0.15,1311,31.5246,1.45705,0.34605
2087,14,0,0,2,0,1,0,0,-26.965,0.17567,0.15,1311,31.5246,3.41468,0.34605
2088,29,0,0,4,0,1,0,0,-25.773,0.17552,0.15,1311,31.5246,3.96857,0.34605
2089,85,1,1,16,0,1,0,0,-1.327,0.17537,0.15,1311,31.5246,1.84874,0.34605
2090,400,5,5,41,0,0,0,1,113.455,0.17523,0.15,1312,31.5246,1.45992,0.34616
2091,27,0,0,11,0,1,0,0,-14.548,0.17508,0.15,1312,31.5246,2.24357,0.34616
2092,41,0,0,13,0,1,0,0,-15.314,0.17494,0.15,1312,31.5246,2.05791,0.34616
2093,305,3,3,49,0,1,0,0,71.907,0.17479,0.15,1312,31.5246,1.7859,0.34629
2094,154,0,0,21,0,1,0,0,20.588,0.17464,0.15,1312,31.5246,1.72668,0.34629
2095,107,2,2,10,0,1,0,0,-3.531,0.1745,0.15,1312,31.5246,1.66105,0.34629
2096,38,1,1,9,0,1,0,0,-10.994,0.17435,0.15,1312,31.5246,2.78305,0.34629
2097,165,2,2,33,0,1,0,0,28.95,0.17421,0.15,1313,31.5246,2.03234,0.34628
2098,136,3,3,37,0,1,0,0,35.711,0.17406,0.15,1313,31.5246,2.02553,0.34628
2099,247,1,1,28,0,1,0,0,38.326,0.17392,0.15,1313,31.5246,1.37243,0.34641
2100,28,0,0,8,0,1,0,0,-21.78,0.17377,0.15,1313,31.5246,2.03968,0.34641
2101,400,3,3,45,0,0,0,1,106.522,0.17363,0.15,1313,31.5246,1.43046,0.34666
2102,400,2,2,31,0,0,0,1,93.614,0.17348,0.15,1314,31.5246,1.33131,0.34652
2103,111,0,0,16,0,0,0,0,17.306,0.17334,0.15,1315,31.5246,1.44181,0.34639
2104,31,0,0,15,0,1,0,0,-10.683,0.1732,0.15,1315,31.5246,2.222,0.34639
2105,57,0,0,14,0,1,0,0,-7.508,0.17305,0.15,1315,31.5246,1.43407,0.34639
2106,5,0,0,2,0,1,0,0,-34.406,0.17291,0.15,1315,31.5246,3.87207,0.34639
2107,40,0,0,11,0,1,0,0,-12.327,0.17276,0.15,1315,31.5246,2.21804,0.34639
2108,226,4,4,33,0,1,0,0,44.162,0.17262,0.15,1315,31.5246,1.32381,0.34651
2109,68,2,2,22,0,1,0,0,1.119,0.17248,0.15,1315,31.5246,2.69577,0.34651
2110,118,4,4,26,0,1,0,0,17.59,0.17233,0.15,1315,31.5246,2.07202,0.34651
2111,66,0,0,15,0,1,0,0,-12.758,0.17219,0.15,1316,31.5246,2.26988,0.34638
2112,50,0,0,12,0,1,0,0,-17.321,0.17204,0.15,1316,31.5246,1.61662,0.34638
2113,46,1,1,18,0,1,0,0,0.015,0.1719,0.15,1316,31.5246,2.41611,0.34638
2114,42,0,0,10,0,1,0,0,-14.408,0.17176,0.15,1316,31.5246,1.70835,0.34638
2115,329,8,3,47,1,1,0,0,71.163,0.17162,0.15,1317,31.5246,1.92708,0.34624
2116,245,3,3,35,0,1,0,0,32.296,0.17147,0.15,1317,31.5246,1.57613,0.34624
2117,13,0,0,5,0,1,0,0,-25.773,0.17133,0.15,1317,31.5246,6.51114,0.34624
2118,274,5,0,20,1,1,0,0,53.903,0.17119,0.15,1317,31.5246,1.33712,0.34624
2119,400,3,3,32,0,0,0,1,103.994,0.17104,0.15,1317,31.5246,1.08619,0.34624
2120,400,2,2,23,0,0,0,1,96.37,0.1709,0.15,1318,31.5246,1.19048,0.34623
2121,73,1,1,10,0,1,0,0,-9.168,0.17076,0.15,1319,31.5246,2.49228,0.34635
2122,400,3,3,16,0,0,0,1,88.705,0.17062,0.15,1319,31.5246,1.32836,0.34635
2123,92,1,1,14,0,1,0,0,-3.793,0.17047,0.15,1319,31.5246,2.03511,0.34635
2124,85,1,1,6,0,1,0,0,-7.975,0.17033,0.15,1319,31.5246,1.62507,0.34635
2125,51,1,1,13,0,1,0,0,-5.094,0.17019,0.15,1319,31.5246,2.28332,0.34635
2126,27,1,1,7,0,1,0,0,-18.654,0.17005,0.15,1319,31.5246,3.1213,0.34635
2127,400,5,5,35,0,0,0,1,102.245,0.16991,0.15,1319,31.5246,1.65282,0.34635
2128,13,1,1,4,0,1,0,0,-20.459,0.16977,0.15,1319,31.5246,4.88997,0.34635
2129,6,0,0,2,0,1,0,0,-31.206,0.16962,0.15,1319,31.5246,8.98389,0.34635
2130,42,1,1,5,0,1,0,0,-18.894,0.16948,0.15,1319,31.5246,2.5867,0.34635
2131,400,4,4,28,0,0,0,1,93.754,0.16934,0.15,1319,31.5246,1.4198,0.34635
2132,400,6,6,34,0,0,0,1,98.29,0.1692,0.15,1319,31.5246,1.5235,0.34647
2133,67,0,0,7,0,1,0,0,-15.408,0.16906,0.15,1319,31.5246,0.57546,0.34647
2134,38,0,0,7,0,1,0,0,-17.056,0.16892,0.15,1319,31.5246,2.78275,0.34647
2135,83,1,1,10,0,1,0,0,-8.368,0.16878,0.15,1319,31.5246,1.91959,0.34647
2136,83,1,1,15,0,0,1,0,19.279,0.16864,0.15,1322,31.5246,1.99186,0.34619
2137,74,0,0,19,0,1,0,0,-5.928,0.1685,0.15,1322,31.5246,2.2943,0.34619
2138,84,1,1,15,0,1,0,0,-1.822,0.16836,0.15,1323,31.5246,2.57552,0.34606
2139,400,6,1,18,1,0,0,1,89.609,0.16822,0.15,1323,31.5246,1.48507,0.34606
2140,5,0,0,3,0,1,0,0,-28.854,0.16808,0.15,1323,31.5246,7.68795,0.34606
2141,269,4,4,27,0,1,0,0,51.999,0.16794,0.15,1329,31.5246,1.78629,0.34587
2142,98,1,1,21,0,1,0,0,8.253,0.1678,0.15,1329,31.5246,1.55912,0.34587
2143,190,1,1,29,0,1,0,0,9.182,0.16766,0.15,1332,31.5246,2.1075,0.3456
2144,400,3,3,30,0,0,1,1,77.539,0.16752,0.15,1333,31.5246,1.69953,0.34571
2145,75,1,1,9,0,1,0,0,-8.057,0.16738,0.15,1333,31.5246,1.46268,0.34571
2146,39,1,1,8,0,1,0,0,-20.158,0.16724,0.15,1333,31.5246,2.06077,0.34571
2147,397,7,2,31,1,1,0,0,60.342,0.1671,0.15,1333,31.5246,1.79981,0.34584
2148,17,1,1,4,0,1,0,0,-23.564,0.16696,0.15,1333,31.5246,3.96529,0.34584
2149,400,3,3,30,0,0,0,1,84.07,0.16682,0.15,1333,31.5246,1.51369,0.34584
2150,28,0,0,5,0,1,0,0,-20.208,0.16668,0.15,1333,31.5246,2.10103,0.34584
2151,88,1,1,26,0,1,0,0,4.279,0.16654,0.15,1333,31.5246,2.21135,0.34584
2152,66,1,1,9,0,1,0,0,-5.819,0.1664,0.15,1333,31.5246,1.676,0.34584
2153,37,0,0,9,0,1,0,0,-19.306,0.16627,0.15,1333,31.5246,2.3897,0.34584
2154,21,0,0,8,0,1,0,0,-21.667,0.16613,0.15,1333,31.5246,3.99299,0.34584
2155,53,1,1,10,0,1,0,0,-9.055,0.16599,0.15,1333,31.5246,2.36444,0.34584
2156,328,8,3,28,1,1,0,0,57.262,0.16585,0.15,1333,31.5246,1.58318,0.34609
2157,256,7,2,20,1,1,1,0,38.133,0.16571,0.15,1334,31.5246,1.8012,0.34633
2158,25,0,0,6,0,1,0,0,-23.57,0.16557,0.15,1334,31.5246,1.95187,0.34633
2159,21,0,0,4,0,1,0,0,-24.999,0.16544,0.15,1334,31.5246,4.29571,0.34633
2160,169,2,2,38,0,1,0,0,25.117,0.1653,0.15,1334,31.5246,2.09218,0.34658
2161,64,1,1,10,0,1,0,0,-7.951,0.16516,0.15,1334,31.5246,2.12303,0.34658
2162,400,4,4,48,0,0,0,1,131.391,0.16502,0.15,1339,31.5246,1.24516,0.34603
2163,306,5,5,35,0,1,0,0,72.558,0.16489,0.15,1339,31.5246,1.3981,0.34603
2164,400,2,2,41,0,0,1,1,104.851,0.16475,0.15,1341,31.5246,1.41748,0.34576
2165,81,2,2,15,0,1,0,0,0.765,0.16461,0.15,1341,31.5246,2.44958,0.34576
2166,71,3,3,27,0,1,0,0,11.431,0.16447,0.15,1341,31.5246,2.16067,0.34576
2167,108,1,1,14,0,1,0,0,9.747,0.16434,0.15,1341,31.5246,1.46011,0.34576
2168,178,5,5,32,0,1,0,0,50.225,0.1642,0.15,1341,31.5246,2.32271,0.34576
2169,57,1,1,11,0,1,0,0,-7.116,0.16406,0.15,1342,31.5246,2.84966,0.34575
2170,170,1,1,19,0,1,0,0,20.819,0.16393,0.15,1344,31.5246,1.61465,0.34561
2171,66,0,0,9,0,1,0,0,-13.697,0.16379,0.15,1344,31.5246,1.8242,0.34561
2172,284,2,2,15,0,1,0,0,38.656,0.16365,0.15,1344,31.5246,1.41755,0.34573
2173,38,0,0,12,0,1,0,0,-11.735,0.16352,0.15,1344,31.5246,2.09954,0.34573
2174,400,6,6,49,0,0,0,1,132.596,0.16338,0.15,1345,31.5246,1.17683,0.3456
2175,71,1,1,3,0,1,0,0,-7.345,0.16325,0.15,1345,31.5246,0.92013,0.3456
2176,53,0,0,10,0,1,0,0,-13.351,0.16311,0.15,1345,31.5246,1.55576,0.3456
2177,48,1,1,12,0,1,0,0,-7.313,0.16297,0.15,1345,31.5246,2.22643,0.3456
2178,151,4,4,36,0,1,0,0,43.604,0.16284,0.15,1345,31.5246,1.65316,0.3456
2179,400,6,1,25,1,0,0,1,90.852,0.1627,0.15,1346,31.5246,1.31313,0.34559
2180,210,2,2,19,0,1,0,0,12.402,0.16257,0.15,1347,31.5246,2.07473,0.34558
2181,400,2,2,28,0,0,0,1,88.106,0.16243,0.15,1348,31.5246,1.12293,0.34545
2182,53,0,0,5,0,1,1,0,-15.13,0.1623,0.15,1348,31.5246,2.88964,0.34545
2183,23,1,1,11,0,1,0,0,-18.061,0.16216,0.15,1348,31.5246,3.41688,0.34545
2184,218,1,1,29,0,1,1,0,31.381,0.16203,0.15,1348,31.5246,1.59546,0.34545
2185,5,0,0,4,0,1,0,0,-33.208,0.16189,0.15,1348,31.5246,4.14938,0.34545
2186,18,1,1,10,0,1,0,0,-13.997,0.16176,0.15,1348,31.5246,3.70414,0.34545
2187,148,0,0,33,0,1,0,0,19.779,0.16162,0.15,1348,31.5246,1.68022,0.34545
2188,110,0,0,8,0,1,0,0,-5.953,0.16149,0.15,1348,31.5246,1.38557,0.34545
2189,210,3,3,28,0,1,0,0,32.582,0.16135,0.15,1350,31.5246,1.761,0.34531
2190,120,0,0,25,0,1,0,0,14.934,0.16122,0.15,1350,31.5246,1.71823,0.34531
2191,5,0,0,2,0,1,0,0,-30.304,0.16108,0.15,1350,31.5246,6.08009,0.34531
2192,23,1,1,8,0,1,0,0,-17.007,0.16095,0.15,1350,31.5246,1.96168,0.34531
2193,23,0,0,7,0,1,0,0,-19.346,0.16082,0.15,1350,31.5246,2.55567,0.34531
2194,143,1,1,27,0,1,0,0,21.448,0.16068,0.15,1350,31.5246,1.79267,0.34531
2195,28,0,0,8,0,1,0,0,-15.802,0.16055,0.15,1350,31.5246,2.33124,0.34531
2196,46,2,2,5,0,1,0,0,-9.656,0.16041,0.15,1350,31.5246,2.51328,0.34531
2197,400,1,1,23,0,0,3,1,90.728,0.16028,0.15,1353,31.5246,1.36631,0.34516
2198,36,0,0,7,0,1,0,0,-16.834,0.16015,0.15,1353,31.5246,1.23986,0.34516
2199,6,0,0,4,0,1,0,0,-32.756,0.16001,0.15,1353,31.5246,6.25748,0.34516
2200,19,0,0,3,0,1,0,0,-25.504,0.15988,0.15,1353,31.5246,3.33246,0.34516
2201,172,0,0,15,0,1,0,0,20.92,0.15975,0.15,1353,31.5246,1.13665,0.34516
2202,400,1,1,26,0,0,0,1,101.94,0.15961,0.15,1356,31.5246,1.14701,0.34489
2203,77,0,0,8,0,1,0,0,-8.743,0.15948,0.15,1357,31.5246,2.07693,0.34476
2204,24,0,0,11,0,1,0,0,-16.781,0.15935,0.15,1357,31.5246,2.99692,0.34476
2205,203,5,5,26,0,0,0,0,74.759,0.15921,0.15,1358,31.5246,1.4798,0.34487
2206,400,2,2,29,0,0,0,1,90.872,0.15908,0.15,1359,31.5246,1.17834,0.34486
2207,13,0,0,5,0,1,0,0,-27.273,0.15895,0.15,1359,31.5246,4.27273,0.34486
2208,30,1,1,4,0,1,0,0,-18.517,0.15882,0.15,1359,31.5246,2.49715,0.34486
2209,91,0,0,7,0,1,0,0,-11.826,0.15869,0.15,1359,31.5246,1.37662,0.34486
2210,13,0,0,4,0,1,0,0,-27.877,0.15855,0.15,1359,31.5246,3.45948,0.34486
2211,62,1,1,10,0,1,0,0,-6.713,0.15842,0.15,1359,31.5246,3.0453,0.34486
2212,145,3,3,26,0,1,0,0,29.545,0.15829,0.15,1359,31.5246,1.86125,0.34511
2213,219,8,3,28,1,1,0,0,54.529,0.15816,0.15,1359,31.5246,1.6853,0.34511
2214,13,0,0,4,0,1,0,0,-24.44,0.15803,0.15,1359,31.5246,3.22195,0.34511
2215,62,1,1,14,0,1,0,0,-13.092,0.15789,0.15,1359,31.5246,2.30687,0.34511
2216,21,0,0,7,0,1,0,0,-23.588,0.15776,0.15,1359,31.5246,3.56081,0.34511
2217,205,8,3,17,1,1,1,0,45.813,0.15763,0.15,1362,31.5246,1.85829,0.34471
2218,400,1,1,29,0,1,0,0,33.921,0.1575,0.15,1363,31.5246,1.72273,0.34471
2219,240,2,2,31,0,1,1,0,42.89,0.15737,0.15,1366,31.5246,1.72986,0.34444
2220,27,0,0,4,0,1,0,0,-20.163,0.15724,0.15,1366,31.5246,2.30387,0.34444
2221,400,4,4,39,0,0,0,1,100.549,0.15711,0.15,1366,31.5246,1.57704,0.34468
2222,66,0,0,5,0,1,0,0,-17.594,0.15698,0.15,1366,31.5246,2.37497,0.34468
2223,52,1,1,13,0,1,0,0,-10.017,0.15684,0.15,1366,31.5246,3.24209,0.34468
2224,86,2,2,13,0,1,0,0,-4.034,0.15671,0.15,1366,31.5246,2.19876,0.34468
2225,61,0,0,14,0,1,0,0,-6.33,0.15658,0.15,1366,31.5246,1.22634,0.34468
2226,22,1,1,9,0,1,0,0,-20.222,0.15645,0.15,1366,31.5246,3.83148,0.34468
2227,44,1,1,11,0,1,0,0,-7.56,0.15632,0.15,1366,31.5246,1.30029,0.34468
2228,36,0,0,4,0,1,0,0,-23.558,0.15619,0.15,1366,31.5246,2.69502,0.34468
2229,106,0,0,9,0,1,0,0,-10.242,0.15606,0.15,1366,31.5246,1.81245,0.34468
2230,400,7,2,39,1,0,1,1,120.474,0.15593,0.15,1367,31.5246,1.29622,0.34467
2231,288,3,3,27,0,1,0,0,41.201,0.1558,0.15,1367,31.5246,1.73479,0.34479
2232,55,0,0,18,0,1,0,0,-7.257,0.15567,0.15,1367,31.5246,1.73518,0.34479
2233,121,3,3,24,0,1,0,0,20.761,0.15554,0.15,1367,31.5246,2.4522,0.34479
2234,69,2,2,9,0,1,0,0,3.948,0.15541,0.15,1367,31.5246,2.17517,0.34492
2235,69,2,2,24,0,1,0,0,8.382,0.15528,0.15,1367,31.5246,2.37293,0.34492
2236,34,0,0,15,0,1,0,0,-11.36,0.15515,0.15,1367,31.5246,1.9992,0.34492
2237,37,1,1,14,0,1,0,0,-12.293,0.15503,0.15,1367,31.5246,2.3426,0.34492
2238,67,1,1,14,0,1,0,0,-2.932,0.1549,0.15,1367,31.5246,2.26894,0.34492
2239,81,2,2,30,0,1,0,0,15.759,0.15477,0.15,1367,31.5246,2.36075,0.34492
2240,112,0,0,34,0,0,0,0,37.846,0.15464,0.15,1368,31.5246,1.81604,0.34479
2241,400,14,4,33,2,0,0,1,131.484,0.15451,0.15,1369,31.5246,1.88108,0.34478
2242,52,2,2,22,0,1,0,0,5.017,0.15438,0.15,1369,31.5246,2.41465,0.34478
2243,84,1,1,26,0,1,0,0,3.049,0.15425,0.15,1369,31.5246,1.91713,0.34478
2244,34,1,1,13,0,1,0,0,-6.606,0.15412,0.15,1369,31.5246,2.06484,0.34478
2245,400,3,3,30,0,0,0,1,86.697,0.154,0.15,1370,31.5246,1.71081,0.34465
2246,46,0,0,12,0,1,0,0,-14.218,0.15387,0.15,1370,31.5246,2.62536,0.34477
2247,400,8,3,43,1,0,0,1,121.011,0.15374,0.15,1370,31.5246,1.71535,0.34501
2248,44,0,0,8,0,1,1,0,-20.338,0.15361,0.15,1370,31.5246,3.57299,0.34513
2249,80,1,1,13,0,1,0,0,-8.015,0.15348,0.15,1370,31.5246,2.30554,0.34513
2250,400,3,3,21,0,0,1,1,86.658,0.15335,0.15,1370,31.5246,1.33616,0.34526
2251,204,1,1,20,0,1,0,0,8.723,0.15323,0.15,1370,31.5246,1.84835,0.34526
2252,24,0,0,5,0,1,0,0,-22.68,0.1531,0.15,1370,31.5246,3.57603,0.34526
2253,34,0,0,6,0,1,0,0,-23.396,0.15297,0.15,1370,31.5246,2.225,0.34526
2254,400,8,3,45,1,0,0,1,119.632,0.15284,0.15,1370,31.5246,1.75323,0.34538
2255,400,9,4,29,1,0,0,1,103.241,0.15272,0.15,1370,31.5246,1.67254,0.3455
2256,58,0,0,6,0,1,0,0,-17.676,0.15259,0.15,1370,31.5246,2.59846,0.3455
2257,172,1,1,31,0,1,0,0,27.204,0.15246,0.15,1370,31.5246,1.81172,0.3455
2258,13,0,0,5,0,1,0,0,-27.277,0.15234,0.15,1370,31.5246,3.71755,0.3455
2259,61,1,1,11,0,1,0,0,-9.289,0.15221,0.15,1370,31.5246,2.2547,0.3455
2260,30,0,0,7,0,1,0,0,-19.895,0.15208,0.15,1370,31.5246,2.784,0.3455
2261,250,2,2,31,0,1,0,0,30.933,0.15196,0.15,1371,31.5246,2.27195,0.34549
2262,110,1,1,15,0,1,0,0,4.369,0.15183,0.15,1372,31.5246,1.64729,0.34536
2263,37,0,0,6,0,1,0,0,-19.439,0.1517,0.15,1372,31.5246,2.251,0.34536
2264,400,9,4,29,1,0,0,1,111.558,0.15158,0.15,1375,31.5246,1.57475,0.34497
2265,400,13,3,30,2,0,0,1,119.992,0.15145,0.15,1376,31.5246,1.80725,0.34496
2266,21,0,0,7,0,1,0,0,-20.501,0.15132,0.15,1376,31.5246,2.24564,0.34496
2267,176,1,1,21,0,1,0,0,17.265,0.1512,0.15,1378,31.5246,1.57122,0.3447
2268,182,5,5,25,0,1,0,0,29.921,0.15107,0.15,1379,31.5246,1.84244,0.34457
2269,115,1,1,8,0,1,0,0,-7.152,0.15095,0.15,1382,31.5246,2.39073,0.34431
2270,48,0,0,4,0,1,0,0,-29.604,0.15082,0.15,1382,31.5246,2.99028,0.34431
2271,400,1,1,18,0,0,0,1,83.281,0.15069,0.15,1382,31.5246,1.18363,0.34455
2272,68,2,2,15,0,1,1,0,-0.733,0.15057,0.15,1383,31.5246,3.11872,0.34442
2273,173,8,3,39,1,1,0,0,54.709,0.15044,0.15,1384,31.5246,2.06503,0.34441
2274,139,0,0,14,0,0,0,0,21.949,0.15032,0.15,1385,31.5246,1.46655,0.34428
2275,217,1,1,7,0,1,0,0,7.137,0.15019,0.15,1385,31.5246,1.30173,0.34428
2276,71,1,1,10,0,1,0,0,-11.554,0.15007,0.15,1385,31.5246,1.91124,0.34428
2277,286,2,2,17,0,1,0,0,27.306,0.14994,0.15,1388,31.5246,1.44766,0.34402
2278,27,1,1,11,0,1,0,0,-14.873,0.14982,0.15,1388,31.5246,3.34169,0.34402
2279,72,1,1,10,0,1,0,0,-7.942,0.14969,0.15,1388,31.5246,1.83387,0.34402
2280,150,2,2,9,0,1,0,0,2.821,0.14957,0.15,1388,31.5246,1.98719,0.34402
2281,64,1,1,14,0,1,0,0,-10.035,0.14944,0.15,1388,31.5246,2.58144,0.34402
2282,186,2,2,26,0,1,0,0,23.087,0.14932,0.15,1388,31.5246,2.05575,0.34426
2283,226,4,4,30,0,1,0,0,45.46,0.1492,0.15,1388,31.5246,1.7973,0.3445
2284,104,1,1,20,0,1,0,0,2.401,0.14907,0.15,1388,31.5246,1.74934,0.3445
2285,201,3,3,24,0,1,0,0,30.077,0.14895,0.15,1388,31.5246,1.66,0.3445
2286,147,1,1,29,0,1,0,0,22.364,0.14882,0.15,1388,31.5246,1.99833,0.3445
2287,20,0,0,8,0,1,0,0,-18.894,0.1487,0.15,1388,31.5246,2.43175,0.3445
2288,107,1,1,14,0,1,0,0,0.037,0.14857,0.15,1388,31.5246,1.65665,0.3445
2289,400,3,3,34,0,0,0,1,107.461,0.14845,0.15,1388,31.5246,1.22287,0.34462
2290,20,0,0,8,0,1,0,0,-18.496,0.14833,0.15,1388,31.5246,1.95751,0.34462
2291,185,2,2,28,0,1,0,0,27.989,0.1482,0.15,1388,31.5246,1.74219,0.34462
2292,400,2,2,21,0,0,1,1,73.275,0.14808,0.15,1388,31.5246,1.38288,0.34462
2293,71,1,1,7,0,1,0,0,-12.503,0.14796,0.15,1388,31.5246,1.75882,0.34462
2294,20,0,0,7,0,1,0,0,-20.223,0.14783,0.15,1388,31.5246,2.13809,0.34462
2295,5,0,0,4,0,1,0,0,-33.208,0.14771,0.15,1388,31.5246,3.44749,0.34462
2296,5,0,0,4,0,1,0,0,-33.208,0.14759,0.15,1388,31.5246,3.09272,0.34462
2297,400,7,7,42,0,0,0,1,114.953,0.14746,0.15,1391,31.5246,1.37071,0.34448
2298,400,4,4,42,0,0,0,1,103.362,0.14734,0.15,1391,31.5246,1.28916,0.3446
2299,33,1,1,8,0,1,0,0,-19.648,0.14722,0.15,1391,31.5246,2.13463,0.3446
2300,400,2,2,33,0,0,0,1,87.149,0.1471,0.15,1391,31.5246,1.18939,0.3446
2301,302,3,3,33,0,1,0,0,66.457,0.14697,0.15,1391,31.5246,1.33364,0.3446
2302,195,11,6,34,1,1,0,0,64.433,0.14685,0.15,1391,31.5246,2.07198,0.3446
2303,400,6,6,38,0,0,1,1,116.274,0.14673,0.15,1394,31.5246,1.34718,0.34457
2304,400,4,4,25,0,0,0,1,86.945,0.14661,0.15,1394,31.5246,1.3733,0.34469
2305,22,0,0,9,0,1,0,0,-18.184,0.14648,0.15,1394,31.5246,2.33647,0.34469
2306,400,8,3,39,1,0,0,1,133.564,0.14636,0.15,1396,31.5246,1.34643,0.34479
2307,5,0,0,3,0,1,0,0,-33.408,0.14624,0.15,1396,31.5246,2.53836,0.34479
2308,82,2,2,25,0,1,0,0,15.419,0.14612,0.15,1397,31.5246,2.1698,0.34467
2309,64,0,0,16,0,1,1,0,-6.872,0.146,0.15,1398,31.5246,3.20403,0.34454
2310,400,3,3,27,0,0,0,1,94.828,0.14588,0.15,1399,31.5246,1.51078,0.34453
2311,41,1,1,17,0,1,0,0,-8.557,0.14575,0.15,1399,31.5246,2.91773,0.34453
2312,338,0,0,25,0,1,0,0,30.998,0.14563,0.15,1400,31.5246,1.62423,0.3444
2313,153,3,3,28,0,1,0,0,33.592,0.14551,0.15,1400,31.5246,1.80236,0.3444
2314,155,7,2,28,1,1,0,0,44.904,0.14539,0.15,1402,31.5246,2.12355,0.34415
2315,220,2,2,31,0,1,0,0,34.379,0.14527,0.15,1402,31.5246,1.78582,0.34415
2316,62,0,0,13,0,1,0,0,-9.657,0.14515,0.15,1402,31.5246,1.75666,0.34415
2317,400,1,1,27,0,0,0,1,78.942,0.14503,0.15,1403,31.5246,1.33362,0.34402
2318,36,1,1,12,0,1,0,0,-11.733,0.14491,0.15,1403,31.5246,2.35589,0.34402
2319,39,0,0,9,0,1,0,0,-17.562,0.14479,0.15,1403,31.5246,3.20205,0.34402
2320,48,1,1,10,0,1,0,0,-13.419,0.14467,0.15,1403,31.5246,2.47158,0.34402
2321,178,1,1,31,0,1,0,0,28.115,0.14454,0.15,1403,31.5246,1.53131,0.34414
2322,5,0,0,4,0,1,0,0,-33.208,0.14442,0.15,1403,31.5246,2.43165,0.34414
2323,29,0,0,7,0,1,0,0,-21.378,0.1443,0.15,1403,31.5246,2.14411,0.34414
2324,400,5,5,48,0,0,0,1,123.256,0.14418,0.15,1404,31.5246,1.50765,0.34402
2325,51,2,2,12,0,1,0,0,-2.848,0.14406,0.15,1404,31.5246,2.09507,0.34402
2326,134,2,2,35,0,1,0,0,30.617,0.14394,0.15,1406,31.5246,1.66576,0.34388
2327,400,3,3,41,0,0,0,1,112.234,0.14382,0.15,1406,31.5246,1.30254,0.344
2328,400,5,5,42,0,0,0,1,116.102,0.1437,0.15,1406,31.5246,1.38197,0.34412
2329,58,1,1,12,0,1,0,0,-5.789,0.14358,0.15,1406,31.5246,2.32507,0.34412
2330,400,2,2,21,0,0,0,1,85.619,0.14346,0.15,1408,31.5246,1.18292,0.34411
2331,5,0,0,4,0,1,0,0,-33.208,0.14335,0.15,1408,31.5246,2.10268,0.34411
2332,393,10,5,56,1,1,0,0,104.692,0.14323,0.15,1409,31.5246,1.54387,0.3441
2333,215,11,6,38,1,1,0,0,78.172,0.14311,0.15,1410,31.5246,1.9542,0.34409
2334,264,8,3,46,1,1,0,0,73.495,0.14299,0.15,1410,31.5246,2.18582,0.34409
2335,400,11,6,43,1,0,1,1,148.246,0.14287,0.15,1414,31.5246,1.4438,0.34382
2336,287,2,2,27,0,1,0,0,45.386,0.14275,0.15,1414,31.5246,1.62558,0.34394
2337,400,3,3,33,0,0,1,1,79.313,0.14263,0.15,1414,31.5246,1.39731,0.34418
2338,28,0,0,9,0,1,0,0,-14.963,0.14251,0.15,1414,31.5246,2.14774,0.34418
2339,350,1,1,27,0,0,0,1,73.558,0.14239,0.15,1414,31.5246,1.25032,0.34418
2340,400,9,4,40,1,0,0,1,124.749,0.14227,0.15,1419,31.5246,1.44955,0.34379
2341,27,1,1,9,0,1,0,0,-12.364,0.14216,0.15,1419,31.5246,2.86637,0.34379
2342,400,3,3,38,0,0,0,1,102.387,0.14204,0.15,1419,31.5246,1.35971,0.34379
2343,93,3,3,18,0,1,0,0,14.853,0.14192,0.15,1419,31.5246,1.8848,0.34379
2344,46,1,1,9,0,1,0,0,-11.46,0.1418,0.15,1419,31.5246,2.21262,0.34379
2345,347,1,1,39,0,1,1,0,53.864,0.14168,0.15,1420,31.5246,1.75114,0.3439
2346,400,10,5,43,1,0,1,1,115.424,0.14156,0.15,1421,31.5246,1.69179,0.34389
2347,101,4,4,22,0,1,0,0,16.672,0.14145,0.15,1421,31.5246,1.96386,0.34389
2348,6,0,0,1,0,1,0,0,-31.766,0.14133,0.15,1421,31.5246,9.53539,0.34389
2349,175,3,3,26,0,1,0,0,27.975,0.14121,0.15,1423,31.5246,1.97517,0.34376
2350,13,0,0,4,0,1,0,0,-24.559,0.14109,0.15,1423,31.5246,5.85233,0.34376
2351,219,1,1,30,0,1,0,0,38.35,0.14098,0.15,1424,31.5246,2.0795,0.34363
2352,400,4,4,33,0,0,0,1,97.204,0.14086,0.15,1426,31.5246,1.4157,0.34338
2353,20,0,0,10,0,1,0,0,-17.306,0.14074,0.15,1426,31.5246,2.80035,0.34338
2354,278,0,0,17,0,1,0,0,22.078,0.14062,0.15,1426,31.5246,1.51872,0.34338
2355,52,1,1,15,0,1,0,0,-3.776,0.14051,0.15,1426,31.5246,1.94534,0.34338
2356,400,1,1,19,0,0,0,1,75.8,0.14039,0.15,1426,31.5246,1.18485,0.34338
2357,41,1,1,14,0,1,0,0,-5.645,0.14027,0.15,1426,31.5246,1.8088,0.34338
2358,36,0,0,15,0,1,0,0,-17.557,0.14016,0.15,1426,31.5246,2.87943,0.34338
2359,15,1,1,4,0,1,0,0,-20.372,0.14004,0.15,1426,31.5246,1.79253,0.34338
2360,20,0,0,7,0,1,0,0,-24.962,0.13992,0.15,1426,31.5246,3.44317,0.34338
2361,20,0,0,8,0,1,0,0,-18.842,0.13981,0.15,1426,31.5246,2.77531,0.34338
2362,34,0,0,7,0,1,0,0,-18.548,0.13969,0.15,1426,31.5246,1.29252,0.34338
2363,336,2,2,41,0,1,0,0,61.497,0.13957,0.15,1433,31.5246,1.99381,0.34252
2364,43,0,0,9,0,1,0,0,-15.991,0.13946,0.15,1433,31.5246,1.83378,0.34252
2365,400,3,3,21,0,0,0,1,71.909,0.13934,0.15,1433,31.5246,1.24529,0.34252
2366,107,1,1,16,0,1,0,0,2.428,0.13922,0.15,1433,31.5246,1.66125,0.34252
2367,400,6,6,49,0,0,0,1,114.107,0.13911,0.15,1434,31.5246,1.36677,0.3424
2368,35,2,2,10,0,1,0,0,-7.952,0.13899,0.15,1434,31.5246,2.15818,0.3424
2369,133,1,1,20,0,1,0,0,8.008,0.13888,0.15,1436,31.5246,1.40636,0.34215
2370,400,2,2,32,0,0,0,1,77.434,0.13876,0.15,1436,31.5246,1.23239,0.34215
2371,43,0,0,12,0,1,0,0,-15.0,0.13865,0.15,1436,31.5246,2.12597,0.34215
2372,110,2,2,21,0,1,0,0,10.929,0.13853,0.15,1436,31.5246,1.90127,0.34215
2373,24,0,0,7,0,1,0,0,-21.351,0.13841,0.15,1436,31.5246,2.49922,0.34215
2374,98,1,1,16,0,1,0,0,0.942,0.1383,0.15,1436,31.5246,2.14536,0.34227
2375,343,10,5,48,1,1,0,0,85.542,0.13818,0.15,1436,31.5246,1.45188,0.34227
2376,400,5,5,49,0,0,0,1,107.534,0.13807,0.15,1436,31.5246,1.27499,0.34227
2377,115,2,2,18,0,1,0,0,12.346,0.13795,0.15,1436,31.5246,1.73974,0.34227
2378,70,2,2,22,0,1,0,0,9.623,0.13784,0.15,1436,31.5246,1.83576,0.34227
2379,316,1,1,31,0,1,0,0,40.913,0.13772,0.15,1437,31.5246,1.5385,0.34215
2380,93,0,0,8,0,1,0,0,-10.936,0.13761,0.15,1437,31.5246,1.44781,0.34215
2381,400,2,2,20,0,0,0,1,65.109,0.1375,0.15,1439,31.5246,1.49464,0.3419
2382,36,0,0,10,0,1,0,0,-16.854,0.13738,0.15,1439,31.5246,2.86879,0.3419
2383,47,1,1,17,0,1,0,0,-6.078,0.13727,0.15,1439,31.5246,1.85628,0.3419
2384,89,1,1,15,0,1,1,0,-5.675,0.13715,0.15,1440,31.5246,2.35663,0.34178
2385,63,1,1,18,0,1,0,0,2.936,0.13704,0.15,1440,31.5246,1.77729,0.34178
2386,400,9,4,40,1,0,0,1,109.98,0.13692,0.15,1441,31.5246,1.48979,0.34166
2387,112,0,0,9,0,1,0,0,0.284,0.13681,0.15,1441,31.5246,0.90414,0.34166
2388,22,0,0,9,0,1,0,0,-20.441,0.1367,0.15,1441,31.5246,4.22096,0.34166
2389,45,0,0,5,0,1,0,0,-20.097,0.13658,0.15,1441,31.5246,2.15769,0.34166
2390,22,0,0,10,0,1,0,0,-17.256,0.13647,0.15,1441,31.5246,2.43583,0.34166
2391,23,0,0,12,0,1,0,0,-21.492,0.13635,0.15,1441,31.5246,4.92828,0.34166
2392,69,0,0,10,0,1,0,0,-15.633,0.13624,0.15,1441,31.5246,2.49307,0.34166
2393,112,0,0,5,0,1,0,0,-2.609,0.13613,0.15,1443,31.5246,1.71807,0.34153
2394,400,10,5,53,1,0,1,1,144.987,0.13601,0.15,1443,31.5246,1.36351,0.34153
2395,400,2,2,25,0,0,0,1,91.754,0.1359,0.15,1444,31.5246,1.41805,0.34164
2396,400,2,2,11,0,0,0,1,97.199,0.13579,0.15,1444,31.5246,0.97137,0.34164
2397,49,0,0,11,0,1,0,0,-11.392,0.13567,0.15,1444,31.5246,2.33971,0.34164
2398,150,2,2,16,0,1,0,0,11.862,0.13556,0.15,1444,31.5246,1.72129,0.34164
2399,233,1,1,17,0,1,0,0,19.323,0.13545,0.15,1444,31.5246,1.42812,0.34164
2400,59,0,0,5,0,1,0,0,-18.108,0.13534,0.15,1445,31.5246,2.6337,0.34164
2401,400,3,3,17,0,0,0,1,73.947,0.13522,0.15,1446,31.5246,1.4285,0.34152
2402,400,1,1,35,0,0,0,1,92.985,0.13511,0.15,1446,31.5246,1.20244,0.34163
2403,400,7,2,21,1,0,1,1,87.068,0.135,0.15,1449,31.5246,1.39504,0.34138
2404,43,3,3,11,0,1,0,0,-6.315,0.13488,0.15,1449,31.5246,2.00873,0.34138
2405,190,2,2,20,0,1,0,0,23.273,0.13477,0.15,1449,31.5246,1.69179,0.34138
2406,400,7,2,28,1,0,0,1,109.562,0.13466,0.15,1450,31.5246,1.62192,0.34126
2407,14,1,1,3,0,1,0,0,-22.967,0.13455,0.15,1450,31.5246,5.06613,0.34126
2408,20,0,0,7,0,1,0,0,-18.428,0.13444,0.15,1450,31.5246,1.15808,0.34126
2409,16,0,0,3,0,1,0,0,-28.65,0.13432,0.15,1450,31.5246,3.00271,0.34126
2410,400,1,1,28,0,0,1,1,78.616,0.13421,0.15,1450,31.5246,1.40749,0.34126
2411,320,3,3,29,0,1,0,0,30.874,0.1341,0.15,1450,31.5246,1.6835,0.34126
2412,400,4,4,33,0,0,0,1,91.227,0.13399,0.15,1450,31.5246,1.35797,0.34138
2413,89,3,3,15,0,1,0,0,11.392,0.13388,0.15,1450,31.5246,2.25376,0.34138
2414,343,1,1,22,0,1,0,0,22.638,0.13377,0.15,1450,31.5246,1.53111,0.34149
2415,253,0,0,24,0,1,0,0,19.055,0.13365,0.15,1451,31.5246,1.58541,0.34137
2416,400,2,2,27,0,0,0,1,69.258,0.13354,0.15,1451,31.5246,1.49373,0.3416
2417,29,0,0,13,0,1,0,0,-12.142,0.13343,0.15,1451,31.5246,2.77189,0.3416
2418,56,1,1,5,0,1,0,0,-12.841,0.13332,0.15,1451,31.5246,1.85913,0.3416
2419,86,1,1,11,0,1,0,0,-9.171,0.13321,0.15,1451,31.5246,1.99192,0.3416
2420,400,1,1,31,0,0,1,1,78.668,0.1331,0.15,1451,31.5246,1.51837,0.34172
2421,82,0,0,15,0,1,0,0,-4.242,0.13299,0.15,1451,31.5246,1.88101,0.34172
2422,49,0,0,13,0,1,0,0,-11.683,0.13288,0.15,1451,31.5246,2.52879,0.34172
2423,153,2,2,23,0,1,0,0,29.123,0.13277,0.15,1452,31.5246,1.66117,0.3416
2424,93,2,2,21,0,1,0,0,8.843,0.13266,0.15,1452,31.5246,1.6437,0.3416
2425,144,0,0,14,0,1,0,0,-1.968,0.13254,0.15,1452,31.5246,1.89681,0.3416
2426,40,1,1,10,0,1,0,0,-15.245,0.13243,0.15,1452,31.5246,2.8624,0.3416
2427,20,0,0,9,0,1,0,0,-17.905,0.13232,0.15,1452,31.5246,2.54449,0.3416
2428,274,3,3,31,0,1,0,0,37.256,0.13221,0.15,1452,31.5246,1.7946,0.34183
2429,30,0,0,4,0,1,0,0,-23.51,0.1321,0.15,1452,31.5246,3.5447,0.34183
2430,265,0,0,17,0,1,0,0,18.061,0.13199,0.15,1452,31.5246,1.55796,0.34183
2431,25,1,1,3,0,1,0,0,-23.131,0.13188,0.15,1452,31.5246,3.92029,0.34183
2432,71,0,0,23,0,1,0,0,-1.134,0.13177,0.15,1452,31.5246,2.02033,0.34183
2433,366,3,3,49,0,1,0,0,42.606,0.13166,0.15,1454,31.5246,1.55315,0.34159
2434,34,1,1,11,0,1,0,0,-18.561,0.13155,0.15,1454,31.5246,2.55739,0.34159
2435,400,13,3,76,2,0,0,1,150.347,0.13145,0.15,1454,31.5246,1.6628,0.34159
2436,333,1,1,25,0,1,0,0,24.479,0.13134,0.15,1454,31.5246,1.44782,0.34159
2437,71,0,0,15,0,1,0,0,-12.523,0.13123,0.15,1454,31.5246,2.07276,0.34159
2438,64,1,1,20,0,1,0,0,-0.724,0.13112,0.15,1454,31.5246,2.67751,0.34159
2439,400,14,4,43,2,0,0,1,114.965,0.13101,0.15,1454,31.5246,1.53078,0.34159
2440,400,6,1,25,1,0,0,1,90.892,0.1309,0.15,1454,31.5246,1.43507,0.3417
2441,120,1,1,25,0,0,0,0,22.753,0.13079,0.15,1456,31.5246,2.39782,0.34158
2442,269,1,1,21,0,1,0,0,21.651,0.13068,0.15,1456,31.5246,1.44682,0.34158
2443,400,0,0,21,0,0,0,1,61.989,0.13057,0.15,1457,31.5246,1.23899,0.34146
2444,57,0,0,19,0,1,0,0,-2.839,0.13046,0.15,1457,31.5246,1.98398,0.34146
2445,74,0,0,14,0,1,0,0,-7.272,0.13035,0.15,1457,31.5246,1.73572,0.34146
2446,400,15,5,60,2,0,0,1,148.896,0.13025,0.15,1457,31.5246,1.81952,0.34146
2447,98,1,1,19,0,1,0,0,-0.973,0.13014,0.15,1457,31.5246,1.49708,0.34146
2448,131,0,0,21,0,1,0,0,8.396,0.13003,0.15,1457,31.5246,1.43804,0.34146
2449,400,8,3,37,1,0,0,1,102.931,0.12992,0.15,1457,31.5246,1.2453,0.34146
2450,400,7,2,39,1,0,0,1,113.867,0.12981,0.15,1457,31.5246,1.35054,0.34157
2451,80,1,1,29,0,1,0,0,10.73,0.1297,0.15,1457,31.5246,1.7684,0.34157
2452,147,2,2,31,0,1,0,0,21.038,0.1296,0.15,1457,31.5246,1.87417,0.34168
2453,14,0,0,6,0,1,0,0,-23.934,0.12949,0.15,1457,31.5246,3.83881,0.34168
2454,254,2,2,21,0,1,0,0,20.429,0.12938,0.15,1457,31.5246,1.30368,0.34168
2455,400,3,3,35,0,0,0,1,103.26,0.12927,0.15,1457,31.5246,1.32038,0.3418
2456,79,0,0,25,0,1,0,0,7.968,0.12916,0.15,1457,31.5246,1.63566,0.3418
2457,49,1,1,11,0,1,0,0,-7.298,0.12906,0.15,1457,31.5246,2.17675,0.3418
2458,183,2,2,28,0,1,1,0,22.184,0.12895,0.15,1457,31.5246,1.93864,0.3418
2459,400,2,2,32,0,0,0,1,93.9,0.12884,0.15,1458,31.5246,1.25273,0.34168
2460,14,0,0,8,0,1,0,0,-20.484,0.12873,0.15,1458,31.5246,3.02012,0.34168
2461,238,8,3,33,1,1,0,0,58.022,0.12863,0.15,1458,31.5246,1.75724,0.34191
2462,400,1,1,24,0,0,0,1,59.047,0.12852,0.15,1460,31.5246,1.2805,0.34201
2463,251,5,5,45,0,1,0,0,51.195,0.12841,0.15,1460,31.5246,1.73393,0.34212
2464,400,1,1,47,0,0,0,1,79.661,0.12831,0.15,1460,31.5246,1.25634,0.34212
2465,5,0,0,2,0,1,0,0,-29.454,0.1282,0.15,1460,31.5246,7.63918,0.34212
2466,24,1,1,11,0,1,0,0,-12.902,0.12809,0.15,1460,31.5246,2.65936,0.34212
2467,23,1,1,10,0,1,0,0,-16.589,0.12799,0.15,1460,31.5246,3.65582,0.34212
2468,106,4,4,28,0,1,0,0,30.065,0.12788,0.15,1460,31.5246,2.13095,0.34212
2469,252,5,5,29,0,1,0,0,57.115,0.12777,0.15,1461,31.5246,1.71273,0.34212
2470,31,1,1,8,0,1,0,0,-11.404,0.12767,0.15,1461,31.5246,1.50108,0.34212
2471,400,6,6,45,0,0,1,1,122.968,0.12756,0.15,1463,31.5246,1.3247,0.34211
2472,37,0,0,17,0,1,0,0,-11.147,0.12745,0.15,1463,31.5246,2.38695,0.34211
2473,256,1,1,44,0,1,0,0,54.178,0.12735,0.15,1463,31.5246,1.37527,0.34211
2474,73,1,1,27,0,1,0,0,7.716,0.12724,0.15,1463,31.5246,2.3008,0.34211
2475,59,1,1,24,0,1,0,0,1.128,0.12714,0.15,1463,31.5246,2.29488,0.34211
2476,21,0,0,6,0,1,0,0,-20.951,0.12703,0.15,1463,31.5246,2.89023,0.34211
2477,192,4,4,25,0,0,0,0,45.711,0.12692,0.15,1463,31.5246,1.46319,0.34211
2478,5,0,0,3,0,1,0,0,-33.408,0.12682,0.15,1463,31.5246,2.03779,0.34211
2479,20,0,0,10,0,1,0,0,-17.998,0.12671,0.15,1463,31.5246,1.60876,0.34211
2480,400,8,3,55,1,0,0,1,146.279,0.12661,0.15,1464,31.5246,1.47619,0.34267
2481,38,0,0,14,0,1,0,0,-11.544,0.1265,0.15,1464,31.5246,2.77826,0.34267
2482,28,1,1,10,0,1,0,0,-9.374,0.1264,0.15,1464,31.5246,3.52395,0.34267
2483,62,0,0,19,0,1,1,0,-9.239,0.12629,0.15,1465,31.5246,2.22855,0.34255
2484,400,7,2,70,1,0,0,1,154.288,0.12619,0.15,1465,31.5246,1.31269,0.34255
2485,27,0,0,12,0,1,0,0,-14.115,0.12608,0.15,1465,31.5246,1.98022,0.34255
2486,23,1,1,4,0,1,0,0,-20.96,0.12598,0.15,1465,31.5246,3.57543,0.34255
2487,193,3,3,34,0,1,1,0,55.195,0.12587,0.15,1465,31.5246,1.76647,0.34255
2488,6,0,0,1,0,1,0,0,-31.806,0.12577,0.15,1465,31.5246,9.93423,0.34255
2489,39,1,1,11,0,1,0,0,-9.974,0.12566,0.15,1465,31.5246,2.37151,0.34255
2490,55,1,1,16,0,1,0,0,-2.272,0.12556,0.15,1465,31.5246,2.00044,0.34255
2491,36,0,0,13,0,1,0,0,-11.21,0.12545,0.15,1465,31.5246,1.80764,0.34255
2492,124,5,5,43,0,1,0,0,48.709,0.12535,0.15,1465,31.5246,2.05055,0.34255
2493,141,3,3,24,0,1,1,0,23.42,0.12524,0.15,1465,31.5246,1.88068,0.34255
2494,172,11,6,44,1,1,0,0,81.118,0.12514,0.15,1465,31.5246,2.16105,0.34255
2495,94,3,3,30,0,1,0,0,23.234,0.12503,0.15,1465,31.5246,2.40489,0.34255
2496,254,8,3,46,1,0,1,0,93.189,0.12493,0.15,1465,31.5246,1.59761,0.34255
2497,199,3,3,55,0,1,0,0,62.028,0.12483,0.15,1465,31.5246,1.93053,0.34255
2498,20,0,0,10,0,1,0,0,-17.307,0.12472,0.15,1465,31.5246,2.84248,0.34255
2499,126,5,5,43,0,1,0,0,40.731,0.12462,0.15,1465,31.5246,2.25919,0.34266
2500,48,2,2,18,0,1,0,0,0.334,0.12451,0.15,1465,31.5246,2.79229,0.34278
2501,5,0,0,2,0,1,0,0,-29.054,0.12441,0.15,1465,31.5246,8.64079,0.34278
2502,22,0,0,7,0,1,0,0,-20.333,0.12431,0.15,1465,31.5246,2.1122,0.34278
2503,70,1,1,16,0,1,0,0,4.462,0.1242,0.15,1465,31.5246,2.89652,0.34278
2504,88,2,2,22,0,1,0,0,13.095,0.1241,0.15,1465,31.5246,2.62008,0.34278
2505,259,3,3,42,0,1,1,0,68.135,0.124,0.15,1467,31.5246,1.89149,0.34265
2506,90,4,4,33,0,1,0,0,33.108,0.12389,0.15,1468,31.5246,2.34792,0.34253
2507,102,0,0,26,0,1,0,0,11.537,0.12379,0.15,1469,31.5246,2.11645,0.34264
2508,324,9,4,61,1,0,0,1,152.922,0.12369,0.15,1469,31.5246,1.69952,0.34264
2509,400,3,3,56,0,0,0,1,130.078,0.12358,0.15,1472,31.5246,1.58516,0.3425
2510,59,0,0,22,0,1,0,0,3.211,0.12348,0.15,1472,31.5246,2.30256,0.3425
2511,28,0,0,15,0,1,0,0,-19.438,0.12338,0.15,1472,31.5246,3.5659,0.3425
2512,48,0,0,16,0,1,0,0,-9.363,0.12328,0.15,1472,31.5246,1.95682,0.3425
2513,73,3,3,26,0,1,0,0,8.089,0.12317,0.15,1472,31.5246,2.54834,0.3425
2514,400,10,5,72,1,0,0,1,164.798,0.12307,0.15,1474,31.5246,1.56415,0.34238
2515,221,2,2,35,0,1,0,0,56.646,0.12297,0.15,1478,31.5246,1.76014,0.34202
2516,376,10,5,61,1,1,0,0,124.55,0.12287,0.15,1478,31.5246,1.36274,0.34202
2517,400,9,4,40,1,0,0,1,125.549,0.12276,0.15,1478,31.5246,1.27011,0.34202
2518,53,0,0,23,0,1,0,0,-9.159,0.12266,0.15,1480,31.5246,2.60174,0.34178
2519,219,10,5,49,1,1,0,0,84.936,0.12256,0.15,1481,31.5246,2.08649,0.34189
2520,400,7,2,41,1,0,0,1,120.016,0.12246,0.15,1481,31.5246,1.57886,0.34189
2521,61,1,1,24,0,1,0,0,2.895,0.12235,0.15,1481,31.5246,2.50705,0.34189
2522,142,6,6,41,0,1,0,0,54.922,0.12225,0.15,1481,31.5246,1.97208,0.342
2523,400,5,5,45,0,0,2,1,120.144,0.12215,0.15,1481,31.5246,1.3691,0.34211
2524,5,0,0,4,0,1,0,0,-33.208,0.12205,0.15,1481,31.5246,3.61165,0.34211
2525,78,2,2,21,0,1,0,0,10.863,0.12195,0.15,1481,31.5246,2.63649,0.34211
2526,48,2,2,19,0,1,0,0,-1.297,0.12185,0.15,1481,31.5246,3.2012,0.34211
2527,400,3,3,49,0,0,0,1,131.648,0.12174,0.15,1482,31.5246,1.37815,0.34222
2528,152,4,4,40,0,1,0,0,49.363,0.12164,0.15,1482,31.5246,1.58561,0.34222
2529,400,3,3,39,0,0,0,1,108.166,0.12154,0.15,1483,31.5246,1.30143,0.34232
2530,276,11,6,68,1,0,1,1,141.332,0.12144,0.15,1484,31.5246,1.6838,0.34243
2531,5,0,0,4,0,1,0,0,-32.808,0.12134,0.15,1484,31.5246,4.43304,0.34243
2532,138,4,4,36,0,1,0,0,41.124,0.12124,0.15,1484,31.5246,1.81702,0.34243
2533,400,3,3,54,0,0,0,1,117.039,0.12114,0.15,1485,31.5246,1.40005,0.34242
2534,79,4,4,24,0,1,0,0,21.774,0.12104,0.15,1485,31.5246,2.09787,0.34242
2535,267,9,4,76,1,1,0,0,112.2,0.12094,0.15,1486,31.5246,1.89638,0.34231
2536,79,1,1,28,0,1,0,0,11.356,0.12083,0.15,1486,31.5246,2.12398,0.34231
2537,29,1,1,10,0,1,0,0,-11.032,0.12073,0.15,1486,31.5246,2.30887,0.34231
2538,400,2,2,57,0,0,0,1,121.787,0.12063,0.15,1489,31.5246,1.27011,0.34206
2539,29,1,1,11,0,1,0,0,-14.043,0.12053,0.15,1489,31.5246,3.54531,0.34206
2540,347,10,5,61,1,0,0,1,161.58,0.12043,0.15,1489,31.5246,1.48388,0.34206
2541,72,2,2,29,0,1,0,0,12.289,0.12033,0.15,1489,31.5246,2.11698,0.34206
2542,66,1,1,21,0,1,0,0,-0.877,0.12023,0.15,1489,31.5246,2.40885,0.34206
2543,65,1,1,25,0,1,0,0,-1.158,0.12013,0.15,1490,31.5246,3.16986,0.34206
2544,140,3,3,30,0,1,0,0,25.994,0.12003,0.15,1491,31.5246,2.08536,0.34194
2545,117,4,4,46,0,1,0,0,46.222,0.11993,0.15,1491,31.5246,2.11086,0.34194
2546,400,4,4,49,0,0,1,1,127.162,0.11983,0.15,1491,31.5246,1.5507,0.34216
2547,118,4,4,25,0,1,1,0,27.888,0.11973,0.15,1495,31.5246,2.10683,0.34192
2548,55,1,1,22,0,1,0,0,3.08,0.11963,0.15,1495,31.5246,2.2664,0.34192
2549,84,1,1,28,0,1,0,0,1.014,0.11953,0.15,1495,31.5246,2.68399,0.34192
2550,25,2,2,6,0,1,0,0,-13.663,0.11943,0.15,1495,31.5246,3.5123,0.34192
2551,32,3,3,16,0,1,0,0,-5.975,0.11933,0.15,1495,31.5246,3.03019,0.34192
2552,45,3,3,21,0,1,0,0,0.84,0.11923,0.15,1495,31.5246,3.96108,0.34192
2553,107,3,3,18,0,1,0,0,26.358,0.11913,0.15,1495,31.5246,2.19083,0.34192
2554,39,0,0,15,0,1,0,0,-20.554,0.11904,0.15,1495,31.5246,3.66232,0.34192
2555,5,0,0,3,0,1,0,0,-33.808,0.11894,0.15,1495,31.5246,4.26401,0.34192
2556,400,10,5,52,1,0,0,1,121.115,0.11884,0.15,1497,31.5246,1.83737,0.34179
2557,34,0,0,5,0,1,0,0,-20.525,0.11874,0.15,1497,31.5246,3.21626,0.34179
2558,76,1,1,9,0,1,0,0,-10.297,0.11864,0.15,1497,31.5246,1.964,0.34179
2559,5,0,0,3,0,1,0,0,-33.808,0.11854,0.15,1497,31.5246,3.7222,0.34179
2560,36,0,0,3,0,1,0,0,-27.728,0.11844,0.15,1497,31.5246,1.41566,0.34179
2561,37,0,0,10,0,1,0,0,-20.232,0.11834,0.15,1497,31.5246,3.5293,0.34179
2562,120,4,4,35,0,1,0,0,42.45,0.11824,0.15,1498,31.5246,2.29394,0.34179
2563,400,7,2,29,1,0,1,1,115.1,0.11815,0.15,1498,31.5246,1.76286,0.34179
2564,82,1,1,9,0,1,0,0,-4.839,0.11805,0.15,1498,31.5246,2.60343,0.34179
2565,131,2,2,15,0,1,0,0,26.316,0.11795,0.15,1499,31.5246,2.14157,0.34167
2566,5,0,0,3,0,1,0,0,-33.806,0.11785,0.15,1499,31.5246,1.99166,0.34167
2567,400,6,6,27,0,0,1,1,111.742,0.11775,0.15,1499,31.5246,1.33013,0.34178
2568,121,4,4,34,0,1,0,0,35.057,0.11765,0.15,1499,31.5246,1.83053,0.34178
2569,400,9,4,32,1,0,1,1,114.56,0.11756,0.15,1500,31.5246,1.60805,0.34222
2570,21,1,1,5,0,1,0,0,-22.942,0.11746,0.15,1500,31.5246,2.85216,0.34222
2571,21,0,0,6,0,1,0,0,-27.298,0.11736,0.15,1501,31.5246,6.14394,0.34211
2572,400,8,3,14,1,0,1,1,95.872,0.11726,0.15,1501,31.5246,1.39351,0.34211
2573,270,7,7,25,0,0,0,0,73.483,0.11717,0.15,1501,31.5246,1.66264,0.34211
2574,389,8,3,23,1,1,1,0,72.317,0.11707,0.15,1504,31.5246,1.54734,0.34187
2575,341,3,3,40,0,0,0,0,84.057,0.11697,0.15,1506,31.5246,1.46818,0.34163
2576,13,0,0,3,0,1,0,0,-25.346,0.11687,0.15,1506,31.5246,3.38096,0.34163
2577,201,5,5,50,0,1,1,0,65.89,0.11678,0.15,1506,31.5246,2.07759,0.34163
2578,29,0,0,11,0,1,0,0,-16.318,0.11668,0.15,1506,31.5246,2.67586,0.34163
2579,69,7,2,7,1,1,0,0,9.977,0.11658,0.15,1506,31.5246,2.15283,0.34163
2580,223,10,5,35,1,1,0,0,68.23,0.11648,0.15,1506,31.5246,2.17158,0.34163
2581,5,0,0,3,0,1,0,0,-33.806,0.11639,0.15,1506,31.5246,1.727,0.34163
2582,117,1,1,26,0,1,0,0,18.593,0.11629,0.15,1506,31.5246,2.0649,0.34174
2583,236,15,5,48,2,1,0,0,97.727,0.11619,0.15,1506,31.5246,2.22226,0.34174
2584,276,1,1,37,0,1,4,0,42.691,0.1161,0.15,1507,31.5246,2.04196,0.34207
2585,45,0,0,10,0,1,1,0,-10.971,0.116,0.15,1507,31.5246,3.4301,0.34218
2586,121,2,2,26,0,1,0,0,17.96,0.1159,0.15,1508,31.5246,2.10778,0.34206
2587,84,0,0,7,0,1,1,0,-12.518,0.11581,0.15,1509,31.5246,2.83112,0.34228
2588,400,6,6,32,0,0,0,1,113.876,0.11571,0.15,1509,31.5246,1.37028,0.34239
2589,5,0,0,4,0,1,0,0,-33.208,0.11561,0.15,1509,31.5246,2.88795,0.34239
2590,400,16,6,57,2,0,3,1,150.14,0.11552,0.15,1511,31.5246,1.77027,0.34227
2591,21,0,0,9,0,1,0,0,-20.836,0.11542,0.15,1511,31.5246,2.98105,0.34227
2592,400,5,5,45,0,0,0,1,129.339,0.11533,0.15,1511,31.5246,1.30946,0.34227
2593,124,0,0,28,0,1,0,0,14.985,0.11523,0.15,1511,31.5246,1.95825,0.34227
2594,400,10,5,39,1,0,0,1,130.714,0.11513,0.15,1515,31.5246,1.5816,0.34191
2595,14,0,0,5,0,1,0,0,-22.588,0.11504,0.15,1515,31.5246,3.20598,0.34191
2596,400,10,5,64,1,0,0,1,155.527,0.11494,0.15,1517,31.5246,1.52549,0.3419
2597,28,2,2,9,0,1,0,0,-12.975,0.11485,0.15,1517,31.5246,3.00241,0.3419
2598,106,1,1,22,0,0,0,0,30.947,0.11475,0.15,1520,31.5246,2.01884,0.34156
2599,5,0,0,3,0,1,0,0,-33.806,0.11465,0.15,1520,31.5246,2.2791,0.34156
2600,38,0,0,9,0,1,0,0,-11.39,0.11456,0.15,1520,31.5246,3.10586,0.34156
2601,13,0,0,8,0,1,0,0,-20.534,0.11446,0.15,1520,31.5246,3.23919,0.34156
2602,400,3,3,55,0,0,0,1,99.825,0.11437,0.15,1520,31.5246,1.48266,0.34167
2603,273,11,6,62,1,1,0,0,86.379,0.11427,0.15,1520,31.5246,1.9875,0.34167
2604,93,2,2,38,0,1,0,0,15.169,0.11418,0.15,1520,31.5246,2.28086,0.34167
2605,89,0,0,31,0,1,0,0,-0.234,0.11408,0.15,1520,31.5246,2.72864,0.34167
2606,17,1,1,7,0,1,0,0,-18.855,0.11399,0.15,1520,31.5246,5.019,0.34167
2607,192,10,5,47,1,1,1,0,68.538,0.11389,0.15,1520,31.5246,2.58427,0.34167
2608,400,7,7,58,0,0,1,1,137.973,0.1138,0.15,1523,31.5246,1.67161,0.34165
2609,83,1,1,36,0,1,0,0,10.247,0.1137,0.15,1523,31.5246,2.39788,0.34165
2610,112,9,4,22,1,1,0,0,27.392,0.11361,0.15,1523,31.5246,2.43217,0.34165
2611,15,1,1,7,0,1,0,0,-18.855,0.11351,0.15,1523,31.5246,2.79848,0.34165
2612,25,1,1,9,0,1,0,0,-21.162,0.11342,0.15,1523,31.5246,4.01013,0.34165
2613,283,8,3,69,1,1,0,0,99.44,0.11332,0.15,1523,31.5246,1.91111,0.34165
2614,177,10,5,35,1,1,0,0,64.041,0.11323,0.15,1523,31.5246,1.90147,0.34165
2615,33,0,0,12,0,1,0,0,-12.948,0.11314,0.15,1523,31.5246,2.26973,0.34165
2616,107,2,2,28,0,1,0,0,21.069,0.11304,0.15,1523,31.5246,2.46118,0.34165
2617,213,10,5,39,1,1,1,0,74.49,0.11295,0.15,1523,31.5246,1.95078,0.34176
2618,400,4,4,58,0,0,1,1,123.223,0.11285,0.15,1525,31.5246,1.35052,0.34153
2619,43,2,2,17,0,1,0,0,1.215,0.11276,0.15,1525,31.5246,2.48108,0.34153
2620,19,0,0,6,0,1,0,0,-25.911,0.11267,0.15,1525,31.5246,2.77354,0.34153
2621,400,12,7,61,1,0,1,1,152.835,0.11257,0.15,1525,31.5246,1.46145,0.34153
2622,212,8,3,53,1,1,1,0,82.581,0.11248,0.15,1528,31.5246,2.16746,0.3414
2623,40,1,1,18,0,1,0,0,-2.398,0.11238,0.15,1528,31.5246,2.22414,0.3414
2624,26,1,1,11,0,1,0,0,-13.115,0.11229,0.15,1528,31.5246,2.84889,0.3414
2625,316,6,6,60,0,1,0,0,81.515,0.1122,0.15,1529,31.5246,1.76665,0.34129
2626,314,10,5,90,1,1,0,0,99.358,0.1121,0.15,1530,31.5246,1.77831,0.34118
2627,157,3,3,44,0,1,0,0,30.12,0.11201,0.15,1532,31.5246,1.96866,0.34095
2628,188,2,2,39,0,1,0,0,33.681,0.11192,0.15,1532,31.5246,1.51536,0.34095
2629,177,4,4,42,0,1,1,0,56.85,0.11182,0.15,1532,31.5246,2.14498,0.34095
2630,302,6,6,67,0,0,0,1,138.009,0.11173,0.15,1532,31.5246,1.74417,0.34106
2631,29,0,0,13,0,1,0,0,-17.798,0.11164,0.15,1532,31.5246,2.4744,0.34106
2632,62,1,1,19,0,1,1,0,-0.641,0.11154,0.15,1532,31.5246,3.00404,0.34106
2633,395,4,4,48,0,1,1,0,90.039,0.11145,0.15,1535,31.5246,1.49553,0.34072
2634,400,1,1,37,0,0,1,1,108.634,0.11136,0.15,1535,31.5246,1.10432,0.34083
2635,140,1,1,18,0,1,0,0,15.343,0.11127,0.15,1538,31.5246,1.1758,0.34049
2636,156,4,4,18,0,1,0,0,32.34,0.11117,0.15,1538,31.5246,1.53871,0.34059
2637,194,2,2,35,0,1,0,0,47.131,0.11108,0.15,1538,31.5246,2.00094,0.3407
2638,21,0,0,9,0,1,0,0,-19.305,0.11099,0.15,1538,31.5246,2.07563,0.3407
2639,132,4,4,41,0,1,0,0,45.006,0.1109,0.15,1538,31.5246,1.85118,0.3407
2640,133,1,1,19,0,1,0,0,20.034,0.1108,0.15,1538,31.5246,1.53101,0.3407
2641,400,6,6,47,0,0,0,1,107.971,0.11071,0.15,1539,31.5246,1.81683,0.3407
2642,400,3,3,29,0,0,0,1,104.171,0.11062,0.15,1539,31.5246,1.38631,0.34081
2643,20,0,0,10,0,1,0,0,-17.306,0.11053,0.15,1539,31.5246,2.70719,0.34081
2644,152,3,3,25,0,1,1,0,14.244,0.11043,0.15,1541,31.5246,2.26978,0.34058
2645,372,3,3,36,0,1,0,0,61.978,0.11034,0.15,1541,31.5246,1.76801,0.34069
2646,59,1,1,19,0,1,3,0,-5.68,0.11025,0.15,1542,31.5246,3.43775,0.34058
2647,121,7,2,34,1,1,0,0,41.418,0.11016,0.15,1542,31.5246,2.73839,0.34058
2648,69,6,1,16,1,1,0,0,17.631,0.11007,0.15,1542,31.5246,2.61939,0.34068
2649,400,2,2,20,0,0,0,1,83.473,0.10998,0.15,1543,31.5246,1.12999,0.34057
2650,36,2,2,9,0,1,0,0,-10.362,0.10988,0.15,1543,31.5246,2.95022,0.34057
2651,400,4,4,38,0,0,0,1,122.288,0.10979,0.15,1543,31.5246,1.34762,0.34057
2652,198,1,1,37,0,1,0,0,29.846,0.1097,0.15,1546,31.5246,1.95807,0.34023
2653,131,3,3,26,0,1,0,0,29.01,0.10961,0.15,1546,31.5246,1.93415,0.34034
2654,139,2,2,17,0,1,0,0,15.014,0.10952,0.15,1546,31.5246,2.57659,0.34034
2655,252,7,2,46,1,1,0,0,73.002,0.10943,0.15,1549,31.5246,1.86753,0.34
2656,75,1,1,28,0,1,0,0,5.033,0.10934,0.15,1549,31.5246,2.66922,0.34
2657,206,1,1,16,0,0,0,0,41.864,0.10924,0.15,1550,31.5246,1.61157,0.34
2658,377,12,7,65,1,1,0,0,120.978,0.10915,0.15,1550,31.5246,1.84452,0.34022
2659,27,0,0,8,0,1,0,0,-17.601,0.10906,0.15,1550,31.5246,1.65644,0.34022
2660,20,0,0,9,0,1,0,0,-18.269,0.10897,0.15,1550,31.5246,2.13688,0.34022
2661,256,2,2,26,0,1,0,0,38.648,0.10888,0.15,1550,31.5246,1.5601,0.34032
2662,28,0,0,8,0,1,0,0,-22.238,0.10879,0.15,1550,31.5246,3.25539,0.34032
2663,286,2,2,35,0,1,1,0,42.529,0.1087,0.15,1550,31.5246,1.79794,0.34043
2664,13,0,0,4,0,1,0,0,-24.573,0.10861,0.15,1550,31.5246,5.6663,0.34043
2665,49,6,1,9,1,1,0,0,4.809,0.10852,0.15,1550,31.5246,2.05576,0.34043
2666,36,0,0,8,0,1,0,0,-16.878,0.10843,0.15,1550,31.5246,2.47949,0.34043
2667,91,0,0,18,0,1,0,0,-6.323,0.10834,0.15,1550,31.5246,2.05926,0.34043
2668,400,3,3,23,0,0,0,1,93.706,0.10825,0.15,1550,31.5246,1.36075,0.34043
2669,300,10,5,41,1,1,0,0,81.172,0.10816,0.15,1550,31.5246,1.92252,0.34043
2670,68,1,1,15,0,1,0,0,-13.926,0.10807,0.15,1550,31.5246,2.64373,0.34043
2671,13,0,0,4,0,1,0,0,-26.369,0.10798,0.15,1550,31.5246,7.12433,0.34043
2672,13,0,0,3,0,1,0,0,-25.169,0.10789,0.15,1550,31.5246,5.07345,0.34043
2673,87,4,4,20,0,1,1,0,14.057,0.1078,0.15,1551,31.5246,2.70228,0.34032
2674,196,2,2,41,0,1,0,0,37.809,0.10771,0.15,1551,31.5246,1.97739,0.34032
2675,400,3,3,26,0,0,0,1,101.232,0.10762,0.15,1551,31.5246,1.55341,0.34032
2676,400,5,5,50,0,0,0,1,141.577,0.10753,0.15,1551,31.5246,1.30432,0.34032
2677,21,0,0,6,0,1,0,0,-24.463,0.10744,0.15,1551,31.5246,2.30045,0.34032
2678,400,3,3,30,0,0,2,1,103.819,0.10735,0.15,1557,31.5246,1.36816,0.34008
2679,13,0,0,4,0,1,0,0,-24.569,0.10726,0.15,1557,31.5246,5.25912,0.34008
2680,27,0,0,13,0,1,0,0,-18.19,0.10717,0.15,1557,31.5246,2.73568,0.34008
2681,28,0,0,5,0,1,0,0,-22.817,0.10708,0.15,1557,31.5246,2.07779,0.34008
2682,54,0,0,9,0,1,0,0,-8.47,0.10699,0.15,1557,31.5246,2.36154,0.34008
2683,150,1,1,28,0,1,1,0,27.714,0.1069,0.15,1557,31.5246,1.72816,0.34008
2684,51,0,0,16,0,1,0,0,-6.314,0.10681,0.15,1557,31.5246,3.06841,0.34008
2685,277,3,3,37,0,1,0,0,63.838,0.10672,0.15,1557,31.5246,1.77187,0.34008
2686,86,2,2,19,0,1,0,0,8.05,0.10664,0.15,1557,31.5246,1.90564,0.34008
2687,109,1,1,10,0,1,0,0,2.989,0.10655,0.15,1557,31.5246,1.88351,0.34008
2688,29,0,0,8,0,1,0,0,-18.543,0.10646,0.15,1557,31.5246,3.11091,0.34008
2689,400,10,5,40,1,0,0,1,150.066,0.10637,0.15,1557,31.5246,1.45082,0.34029
2690,400,6,6,42,0,0,0,1,127.241,0.10628,0.15,1557,31.5246,1.33216,0.34029
2691,400,5,5,43,0,0,0,1,131.658,0.10619,0.15,1557,31.5246,1.36623,0.34029
2692,400,2,2,26,0,0,0,1,85.865,0.1061,0.15,1557,31.5246,1.28372,0.34029
2693,236,1,1,39,0,0,1,0,55.558,0.10602,0.15,1557,31.5246,1.60988,0.34029
2694,13,0,0,5,0,1,0,0,-21.923,0.10593,0.15,1557,31.5246,3.15092,0.34029
2695,279,3,3,31,0,1,0,0,54.042,0.10584,0.15,1557,31.5246,1.57987,0.34029
2696,219,7,7,29,0,1,0,0,63.738,0.10575,0.15,1558,31.5246,1.72564,0.34039
2697,400,3,3,23,0,0,2,1,107.147,0.10566,0.15,1558,31.5246,1.31522,0.3405
2698,29,1,1,11,0,1,0,0,-11.621,0.10558,0.15,1558,31.5246,2.32918,0.3405
2699,400,1,1,23,0,0,0,1,85.222,0.10549,0.15,1558,31.5246,1.07617,0.3405
2700,400,1,1,30,0,0,0,1,80.469,0.1054,0.15,1558,31.5246,1.37093,0.3405
2701,53,1,1,9,0,1,0,0,-13.505,0.10531,0.15,1558,31.5246,2.56917,0.3405
2702,13,0,0,5,0,1,0,0,-23.573,0.10522,0.15,1558,31.5246,4.82631,0.3405
2703,184,7,2,28,1,1,1,0,41.62,0.10514,0.15,1564,31.5246,1.93585,0.33994
2704,67,1,1,10,0,1,0,0,-5.945,0.10505,0.15,1564,31.5246,2.27575,0.33994
2705,36,1,1,5,0,1,0,0,-16.325,0.10496,0.15,1564,31.5246,2.2384,0.33994
2706,400,5,5,42,0,0,0,1,117.053,0.10487,0.15,1564,31.5246,1.27006,0.33994
2707,219,3,3,32,0,1,0,0,37.618,0.10479,0.15,1564,31.5246,1.54967,0.33994
2708,141,1,1,19,0,1,0,0,4.508,0.1047,0.15,1564,31.5246,1.97155,0.33994
2709,113,1,1,37,0,1,0,0,19.413,0.10461,0.15,1564,31.5246,2.54535,0.33994
2710,38,0,0,8,0,1,0,0,-16.439,0.10452,0.15,1564,31.5246,2.65709,0.33994
2711,49,2,2,15,0,1,0,0,-3.52,0.10444,0.15,1564,31.5246,1.75808,0.33994
2712,20,0,0,6,0,1,0,0,-24.74,0.10435,0.15,1564,31.5246,4.54111,0.33994
2713,214,5,5,51,0,1,0,0,54.998,0.10426,0.15,1564,31.5246,1.96548,0.34005
2714,5,0,0,4,0,1,0,0,-32.808,0.10418,0.15,1564,31.5246,2.45771,0.34005
2715,18,1,1,5,0,1,0,0,-20.337,0.10409,0.15,1564,31.5246,4.61392,0.34005
2716,119,0,0,12,0,1,0,0,-3.667,0.104,0.15,1564,31.5246,1.88853,0.34005
2717,399,13,8,62,1,0,0,1,179.079,0.10392,0.15,1565,31.5246,1.55237,0.34026
2718,400,10,5,66,1,0,0,1,174.078,0.10383,0.15,1565,31.5246,1.41311,0.34036
2719,300,5,5,54,0,1,0,0,86.256,0.10374,0.15,1565,31.5246,1.8011,0.34036
2720,400,12,7,65,1,0,0,1,177.593,0.10366,0.15,1565,31.5246,1.40465,0.34036
2721,69,1,1,11,0,1,0,0,-5.169,0.10357,0.15,1565,31.5246,2.29732,0.34036
2722,400,3,3,51,0,0,0,1,133.411,0.10348,0.15,1565,31.5246,1.39447,0.34047
2723,112,2,2,40,0,1,0,0,24.894,0.1034,0.15,1565,31.5246,2.03882,0.34047
2724,66,1,1,20,0,1,0,0,-1.984,0.10331,0.15,1565,31.5246,2.11216,0.34047
2725,400,5,5,48,0,0,0,1,137.433,0.10323,0.15,1565,31.5246,1.22706,0.34047
2726,289,12,7,48,1,0,0,1,131.528,0.10314,0.15,1565,31.5246,1.6644,0.34047
2727,12,0,0,8,0,1,0,0,-25.387,0.10305,0.15,1565,31.5246,5.45528,0.34047
2728,146,2,2,28,0,0,0,0,37.59,0.10297,0.15,1565,31.5246,2.01877,0.34047
2729,5,0,0,3,0,1,0,0,-33.804,0.10288,0.15,1565,31.5246,2.95043,0.34047
2730,33,1,1,13,0,1,0,0,-8.657,0.1028,0.15,1565,31.5246,2.47069,0.34047
2731,186,1,1,32,0,1,0,0,29.167,0.10271,0.15,1565,31.5246,1.42643,0.34047
2732,231,6,6,64,0,1,0,0,89.295,0.10263,0.15,1565,31.5246,1.84785,0.34047
2733,61,0,0,9,0,1,0,0,-12.197,0.10254,0.15,1565,31.5246,1.94663,0.34047
2734,400,6,6,52,0,0,0,1,139.47,0.10245,0.15,1566,31.5246,1.42144,0.34046
2735,168,3,3,41,0,1,0,0,28.699,0.10237,0.15,1566,31.5246,2.02777,0.34046
2736,15,1,1,3,0,1,0,0,-24.243,0.10228,0.15,1566,31.5246,6.44379,0.34046
2737,400,11,6,56,1,0,0,1,147.267,0.1022,0.15,1566,31.5246,1.26984,0.34046
2738,18,1,1,6,0,1,0,0,-22.229,0.10211,0.15,1566,31.5246,4.04285,0.34046
2739,36,3,3,17,0,1,0,0,-1.156,0.10203,0.15,1566,31.5246,3.22031,0.34046
2740,218,3,3,43,0,1,0,0,55.229,0.10194,0.15,1566,31.5246,1.50969,0.34046
2741,249,2,2,43,0,1,0,0,50.724,0.10186,0.15,1568,31.5246,1.61582,0.34024
2742,109,3,3,32,0,1,0,0,30.325,0.10177,0.15,1568,31.5246,1.66436,0.34024
2743,20,0,0,12,0,1,0,0,-18.824,0.10169,0.15,1568,31.5246,2.80749,0.34024
2744,68,1,1,22,0,1,0,0,5.248,0.1016,0.15,1568,31.5246,1.45512,0.34024
2745,79,0,0,20,0,1,0,0,6.034,0.10152,0.15,1568,31.5246,2.51203,0.34024
2746,79,1,1,23,0,1,0,0,7.438,0.10144,0.15,1568,31.5246,1.5745,0.34024
2747,115,3,3,28,0,1,0,0,23.051,0.10135,0.15,1570,31.5246,2.32839,0.34023
2748,27,0,0,7,0,1,0,0,-16.655,0.10127,0.15,1570,31.5246,2.83754,0.34023
2749,79,2,2,16,0,1,0,0,8.703,0.10118,0.15,1570,31.5246,1.79535,0.34023
2750,72,3,3,22,0,1,0,0,17.06,0.1011,0.15,1570,31.5246,2.02104,0.34023
2751,323,9,4,52,1,1,0,0,105.849,0.10101,0.15,1574,31.5246,1.73258,0.34
2752,133,3,3,30,0,1,0,0,37.552,0.10093,0.15,1576,31.5246,1.79181,0.33989
2753,15,0,0,4,0,1,0,0,-24.111,0.10085,0.15,1576,31.5246,4.71922,0.33989
2754,6,0,0,2,0,1,0,0,-28.052,0.10076,0.15,1576,31.5246,10.07154,0.33989
2755,400,3,3,36,0,0,0,1,117.848,0.10068,0.15,1576,31.5246,1.39522,0.33989
2756,13,0,0,4,0,1,0,0,-24.175,0.10059,0.15,1576,31.5246,3.2543,0.33989
2757,242,5,5,34,0,1,0,0,52.763,0.10051,0.15,1577,31.5246,1.86413,0.33989
2758,24,1,1,9,0,1,0,0,-12.315,0.10043,0.15,1577,31.5246,2.41149,0.33989
2759,400,5,5,20,0,0,0,1,111.089,0.10034,0.15,1577,31.5246,1.30466,0.33989
2760,341,2,2,46,0,1,0,0,51.992,0.10026,0.15,1577,31.5246,1.76537,0.33989
2761,23,1,1,4,0,1,0,0,-21.077,0.10018,0.15,1577,31.5246,4.68661,0.33989
2762,21,0,0,4,0,1,0,0,-27.234,0.10009,0.15,1577,31.5246,5.86268,0.33989
2763,57,0,0,9,0,1,0,0,-14.267,0.10001,0.15,1577,31.5246,1.71887,0.33989
2764,28,0,0,10,0,1,0,0,-15.326,0.09993,0.15,1577,31.5246,2.11482,0.33989
2765,400,1,1,27,0,0,1,1,89.303,0.09984,0.15,1578,31.5246,1.68214,0.33999
2766,13,0,0,3,0,1,0,0,-23.523,0.09976,0.15,1578,31.5246,3.34661,0.33999
2767,75,1,1,16,0,1,0,0,-5.893,0.09968,0.15,1578,31.5246,2.11428,0.33999
2768,221,2,2,26,0,1,0,0,43.66,0.09959,0.15,1578,31.5246,1.65437,0.33999
2769,400,7,2,35,1,0,0,1,124.627,0.09951,0.15,1579,31.5246,1.21331,0.33998
2770,20,0,0,7,0,1,0,0,-21.587,0.09943,0.15,1579,31.5246,3.8384,0.33998
2771,400,9,4,45,1,0,0,1,134.178,0.09934,0.15,1579,31.5246,1.47024,0.33998
2772,160,2,2,48,0,1,0,0,47.147,0.09926,0.15,1579,31.5246,1.73033,0.34009
2773,232,5,5,27,0,1,0,0,47.441,0.09918,0.15,1579,31.5246,1.61465,0.34009
2774,200,3,3,25,0,1,1,0,45.958,0.0991,0.15,1580,31.5246,1.8474,0.33998
2775,400,8,3,41,1,0,0,1,139.17,0.09901,0.15,1581,31.5246,1.2296,0.34008
2776,167,4,4,33,0,1,0,0,39.583,0.09893,0.15,1581,31.5246,2.11649,0.34008
2777,90,3,3,21,0,1,0,0,17.605,0.09885,0.15,1581,31.5246,2.06681,0.34008
2778,47,0,0,20,0,1,0,0,-4.443,0.09877,0.15,1581,31.5246,2.60785,0.34008
2779,169,9,4,41,1,1,0,0,57.637,0.09868,0.15,1581,31.5246,2.41013,0.34008
2780,70,1,1,17,0,1,0,0,6.813,0.0986,0.15,1581,31.5246,2.37471,0.34008
2781,133,3,3,20,0,1,0,0,17.532,0.09852,0.15,1581,31.5246,2.00295,0.34008
2782,94,3,3,20,0,1,0,0,11.647,0.09844,0.15,1581,31.5246,2.51713,0.34019
2783,337,7,2,38,1,1,0,0,63.605,0.09836,0.15,1584,31.5246,2.00212,0.33996
2784,32,1,1,12,0,1,0,0,-9.696,0.09827,0.15,1584,31.5246,3.14448,0.33996
2785,144,2,2,26,0,1,1,0,25.474,0.09819,0.15,1584,31.5246,2.02347,0.34007
2786,400,1,1,45,0,0,0,1,119.659,0.09811,0.15,1584,31.5246,1.39892,0.34007
2787,206,1,1,16,0,1,0,0,15.287,0.09803,0.15,1584,31.5246,1.58859,0.34007
2788,400,9,4,46,1,0,0,1,119.293,0.09795,0.15,1584,31.5246,1.64842,0.34017
2789,20,0,0,10,0,1,0,0,-17.319,0.09786,0.15,1584,31.5246,2.39318,0.34017
2790,20,0,0,11,0,1,0,0,-16.363,0.09778,0.15,1584,31.5246,2.73354,0.34017
2791,118,2,2,25,0,0,0,0,37.167,0.0977,0.15,1584,31.5246,2.15305,0.34028
2792,400,4,4,47,0,0,0,1,130.467,0.09762,0.15,1584,31.5246,1.55668,0.34028
2793,13,0,0,4,0,1,0,0,-22.923,0.09754,0.15,1584,31.5246,3.16009,0.34028
2794,400,8,3,44,1,0,1,1,138.855,0.09746,0.15,1585,31.5246,1.47188,0.34017
2795,135,2,2,24,0,1,0,0,23.971,0.09738,0.15,1585,31.5246,2.0929,0.34017
2796,182,9,4,41,1,1,1,0,73.08,0.0973,0.15,1585,31.5246,2.31001,0.34017
2797,400,13,8,57,1,0,0,1,151.679,0.09721,0.15,1585,31.5246,1.74114,0.34017
2798,118,2,2,39,0,1,0,0,38.249,0.09713,0.15,1585,31.5246,1.7677,0.34017
2799,21,0,0,2,0,1,0,0,-28.191,0.09705,0.15,1585,31.5246,2.61802,0.34017
2800,400,7,7,44,0,0,0,1,143.609,0.09697,0.15,1586,31.5246,1.45033,0.34006
2801,400,5,5,30,0,0,0,1,109.21,0.09689,0.15,1586,31.5246,1.45239,0.34006
2802,60,1,1,17,0,1,0,0,-4.78,0.09681,0.15,1586,31.5246,2.01457,0.34006
2803,30,0,0,6,0,1,0,0,-20.691,0.09673,0.15,1586,31.5246,1.83847,0.34006
2804,400,3,3,27,0,0,0,1,101.69,0.09665,0.15,1586,31.5246,1.52513,0.34016
2805,400,2,2,35,0,0,0,1,99.932,0.09657,0.15,1587,31.5246,1.38619,0.34005
2806,15,0,0,5,0,1,0,0,-23.869,0.09649,0.15,1587,31.5246,4.81962,0.34005
2807,14,0,0,4,0,1,0,0,-24.121,0.09641,0.15,1587,31.5246,4.53805,0.34005
2808,32,0,0,11,0,1,0,0,-13.499,0.09633,0.15,1587,31.5246,1.89114,0.34005
2809,44,0,0,14,0,1,0,0,-16.087,0.09625,0.15,1587,31.5246,2.19173,0.34005
2810,400,2,2,40,0,0,1,1,107.462,0.09617,0.15,1587,31.5246,1.37718,0.34016
2811,18,0,0,4,0,1,0,0,-32.294,0.09609,0.15,1587,31.5246,2.62437,0.34016
2812,400,5,5,66,0,0,0,1,159.049,0.09601,0.15,1587,31.5246,1.51757,0.34016
2813,136,5,5,48,0,0,0,0,67.482,0.09593,0.15,1588,31.5246,2.19284,0.34016
2814,400,10,5,53,1,0,1,1,161.64,0.09585,0.15,1591,31.5246,1.32013,0.33983
2815,382,9,4,58,1,1,0,0,118.852,0.09577,0.15,1593,31.5246,1.48366,0.33972
2816,400,7,7,55,0,0,0,1,149.381,0.09569,0.15,1593,31.5246,1.35896,0.33972
2817,164,3,3,38,0,1,0,0,49.086,0.09561,0.15,1594,31.5246,1.90434,0.33971
2818,36,1,1,14,0,1,0,0,-6.052,0.09553,0.15,1594,31.5246,2.55379,0.33971
2819,179,3,3,53,0,1,0,0,60.508,0.09545,0.15,1594,31.5246,2.13411,0.33971
2820,17,1,1,5,0,1,0,0,-19.002,0.09537,0.15,1594,31.5246,3.31652,0.33971
2821,114,2,2,29,0,1,0,0,24.48,0.09529,0.15,1595,31.5246,2.11918,0.33981
2822,400,4,4,39,0,0,0,1,113.243,0.09521,0.15,1596,31.5246,1.41721,0.3397
2823,116,2,2,12,0,1,0,0,2.585,0.09513,0.15,1598,31.5246,2.08134,0.33949
2824,152,5,5,38,0,1,1,0,49.137,0.09505,0.15,1598,31.5246,2.28231,0.33949
2825,400,6,1,21,1,0,0,1,105.769,0.09497,0.15,1598,31.5246,1.29443,0.33949
2826,14,0,0,4,0,1,0,0,-22.471,0.09489,0.15,1598,31.5246,3.19216,0.33949
2827,13,0,0,4,0,1,0,0,-24.573,0.09481,0.15,1598,31.5246,5.15567,0.33949
2828,132,2,2,32,0,1,0,0,25.426,0.09474,0.15,1598,31.5246,1.88912,0.33949
2829,400,6,1,31,1,0,0,1,104.768,0.09466,0.15,1598,31.5246,1.3727,0.33949
2830,84,0,0,10,0,1,0,0,-7.536,0.09458,0.15,1598,31.5246,1.54599,0.33949
2831,400,3,3,28,0,0,2,1,82.193,0.0945,0.15,1600,31.5246,1.48757,0.33948
2832,5,0,0,2,0,1,0,0,-31.408,0.09442,0.15,1600,31.5246,7.27676,0.33948
2833,400,2,2,30,0,0,0,1,95.734,0.09434,0.15,1600,31.5246,1.25412,0.33948
2834,400,5,0,36,1,0,0,1,117.663,0.09426,0.15,1600,31.5246,1.33076,0.33958
2835,24,0,0,5,0,1,0,0,-24.326,0.09418,0.15,1600,31.5246,2.9184,0.33958
2836,91,2,2,20,0,1,0,0,9.95,0.09411,0.15,1600,31.5246,1.64564,0.33958
2837,13,0,0,5,0,1,0,0,-21.911,0.09403,0.15,1600,31.5246,3.92614,0.33958
2838,400,5,5,43,0,0,1,1,111.409,0.09395,0.15,1602,31.5246,1.49871,0.33937
2839,45,0,0,5,0,1,0,0,-15.509,0.09387,0.15,1602,31.5246,1.65352,0.33937
2840,193,3,3,33,0,1,0,0,29.526,0.09379,0.15,1602,31.5246,1.60172,0.33937
2841,5,0,0,3,0,1,0,0,-30.504,0.09371,0.15,1602,31.5246,5.08613,0.33937
2842,400,1,1,24,0,0,0,1,83.417,0.09364,0.15,1602,31.5246,1.12841,0.33937
2843,92,1,1,27,0,1,0,0,8.316,0.09356,0.15,1602,31.5246,1.96562,0.33937
2844,105,8,3,23,1,1,0,0,39.881,0.09348,0.15,1603,31.5246,1.87908,0.33926
2845,400,9,4,50,1,0,0,1,139.902,0.0934,0.15,1603,31.5246,1.58853,0.33926
2846,400,7,2,39,1,0,0,1,130.503,0.09333,0.15,1603,31.5246,1.47718,0.33926
2847,37,0,0,13,0,1,0,0,-13.434,0.09325,0.15,1603,31.5246,3.17022,0.33926
2848,212,3,3,41,0,1,0,0,56.736,0.09317,0.15,1603,31.5246,1.73631,0.33926
2849,19,0,0,7,0,1,0,0,-18.874,0.09309,0.15,1603,31.5246,3.40469,0.33926
2850,225,9,4,30,1,1,0,0,66.829,0.09301,0.15,1603,31.5246,1.90116,0.33926
2851,13,0,0,3,0,1,0,0,-23.517,0.09294,0.15,1603,31.5246,4.363,0.33926
2852,81,1,1,5,0,1,0,0,-12.301,0.09286,0.15,1603,31.5246,1.35916,0.33926
2853,13,0,0,4,0,1,0,0,-24.9,0.09278,0.15,1603,31.5246,4.12492,0.33926
2854,86,3,3,24,0,1,0,0,19.741,0.0927,0.15,1603,31.5246,2.55073,0.33926
2855,73,1,1,19,0,1,0,0,2.718,0.09263,0.15,1603,31.5246,3.17426,0.33947
2856,261,9,4,23,1,1,0,0,66.119,0.09255,0.15,1603,31.5246,1.93125,0.33947
2857,356,6,6,43,0,1,0,0,80.269,0.09247,0.15,1604,31.5246,1.36483,0.33936
2858,16,1,1,5,0,1,0,0,-22.743,0.0924,0.15,1604,31.5246,4.31151,0.33936
2859,68,1,1,9,0,1,0,0,-10.239,0.09232,0.15,1604,31.5246,1.72943,0.33936
2860,152,1,1,11,0,1,0,0,0.864,0.09224,0.15,1604,31.5246,1.82908,0.33936
2861,92,0,0,12,0,1,0,0,-7.368,0.09217,0.15,1604,31.5246,0.78492,0.33936
2862,27,0,0,9,0,1,0,0,-22.397,0.09209,0.15,1604,31.5246,2.56911,0.33936
2863,5,0,0,2,0,1,0,0,-26.448,0.09201,0.15,1604,31.5246,11.86806,0.33936
2864,104,2,2,19,0,1,0,0,13.777,0.09194,0.15,1604,31.5246,1.63871,0.33936
2865,94,3,3,21,0,1,0,0,11.349,0.09186,0.15,1604,31.5246,2.13276,0.33936
2866,147,1,1,17,0,1,0,0,11.035,0.09178,0.15,1604,31.5246,1.28249,0.33936
2867,400,4,4,38,0,0,1,1,128.754,0.09171,0.15,1605,31.5246,1.42052,0.33925
2868,143,1,1,14,0,1,1,0,9.345,0.09163,0.15,1605,31.5246,1.89307,0.33925
2869,52,0,0,8,0,1,0,0,-18.98,0.09155,0.15,1605,31.5246,2.80051,0.33925
2870,47,3,3,10,0,1,2,0,-1.277,0.09148,0.15,1605,31.5246,2.6429,0.33925
2871,251,2,2,23,0,1,1,0,28.063,0.0914,0.15,1605,31.5246,1.23608,0.33925
2872,13,0,0,3,0,1,0,0,-23.123,0.09132,0.15,1605,31.5246,3.87488,0.33925
2873,13,0,0,5,0,1,0,0,-27.277,0.09125,0.15,1605,31.5246,3.49564,0.33925
2874,252,3,3,33,0,1,0,0,55.443,0.09117,0.15,1605,31.5246,1.6324,0.33925
2875,108,0,0,15,0,0,0,0,22.283,0.0911,0.15,1606,31.5246,1.6244,0.33914
2876,264,2,2,31,0,1,0,0,40.558,0.09102,0.15,1608,31.5246,2.08309,0.33893
2877,97,1,1,17,0,1,0,0,3.413,0.09095,0.15,1608,31.5246,2.02929,0.33893
2878,34,0,0,12,0,1,0,0,-14.402,0.09087,0.15,1608,31.5246,3.2889,0.33893
2879,400,5,5,35,0,0,0,1,110.9,0.09079,0.15,1609,31.5246,1.36883,0.33882
2880,25,0,0,9,0,1,0,0,-18.967,0.09072,0.15,1609,31.5246,2.51062,0.33882
2881,400,10,5,45,1,0,1,1,132.732,0.09064,0.15,1609,31.5246,1.36823,0.33882
2882,193,3,3,24,0,1,1,0,28.101,0.09057,0.15,1609,31.5246,1.97154,0.33882
2883,400,2,2,20,0,0,0,1,94.511,0.09049,0.15,1609,31.5246,1.23598,0.33882
2884,400,2,2,15,0,0,0,1,90.243,0.09042,0.15,1609,31.5246,1.49608,0.33903
2885,360,4,4,29,0,0,0,1,92.721,0.09034,0.15,1613,31.5246,1.59764,0.33871
2886,105,1,1,9,0,1,0,0,-4.891,0.09027,0.15,1613,31.5246,1.95547,0.33871
2887,360,2,2,21,0,1,0,0,28.324,0.09019,0.15,1614,31.5246,1.55986,0.3386
2888,400,3,3,49,0,0,1,1,117.178,0.09012,0.15,1614,31.5246,1.21231,0.3386
2889,24,0,0,9,0,1,0,0,-19.698,0.09004,0.15,1614,31.5246,3.69028,0.3386
2890,336,9,4,26,1,1,0,0,55.512,0.08997,0.15,1614,31.5246,1.78861,0.3386
2891,400,8,3,46,1,0,0,1,119.328,0.08989,0.15,1615,31.5246,1.35717,0.33849
2892,49,0,0,14,0,1,0,0,-8.171,0.08982,0.15,1615,31.5246,1.9827,0.33849
2893,52,0,0,8,0,1,0,0,-17.312,0.08974,0.15,1615,31.5246,1.77661,0.33849
2894,400,6,1,30,1,0,0,1,97.651,0.08967,0.15,1615,31.5246,1.35407,0.33849
2895,5,0,0,3,0,1,0,0,-33.808,0.08959,0.15,1615,31.5246,2.31589,0.33849
2896,178,7,2,23,1,1,0,0,35.329,0.08952,0.15,1615,31.5246,1.8293,0.33849
2897,400,3,3,24,0,0,0,1,83.914,0.08944,0.15,1615,31.5246,1.40667,0.33849
2898,115,2,2,16,0,0,0,0,29.375,0.08937,0.15,1615,31.5246,1.83782,0.33849
2899,13,0,0,4,0,1,0,0,-27.877,0.08929,0.15,1615,31.5246,3.82199,0.33849
2900,400,1,1,16,0,0,0,1,62.901,0.08922,0.15,1615,31.5246,1.1074,0.33849
2901,400,2,2,35,0,0,0,1,98.767,0.08914,0.15,1615,31.5246,1.19104,0.33849
2902,400,4,4,31,0,0,1,1,111.429,0.08907,0.15,1615,31.5246,1.00696,0.33849
2903,20,0,0,4,0,1,0,0,-22.744,0.089,0.15,1615,31.5246,1.86593,0.33849
2904,74,0,0,6,0,1,1,0,-10.804,0.08892,0.15,1615,31.5246,2.20524,0.33849
2905,112,1,1,12,0,1,0,0,3.711,0.08885,0.15,1615,31.5246,1.5983,0.33849
2906,131,6,6,12,0,1,0,0,21.826,0.08877,0.15,1618,31.5246,1.76557,0.33817
2907,138,3,3,19,0,1,0,0,11.303,0.0887,0.15,1618,31.5246,1.82179,0.33817
2908,125,2,2,22,0,1,0,0,26.304,0.08863,0.15,1618,31.5246,1.78684,0.33817
2909,400,8,3,27,1,0,0,1,126.771,0.08855,0.15,1618,31.5246,1.22121,0.33817
2910,148,2,2,29,0,1,0,0,27.438,0.08848,0.15,1618,31.5246,1.31023,0.33817
2911,400,5,5,44,0,0,0,1,130.491,0.0884,0.15,1618,31.5246,1.48312,0.33817
2912,400,6,6,39,0,0,0,1,141.482,0.08833,0.15,1619,31.5246,0.95384,0.33807
2913,400,7,2,38,1,0,0,1,133.985,0.08826,0.15,1619,31.5246,1.23423,0.33807
2914,400,6,1,41,1,0,0,1,142.448,0.08818,0.15,1619,31.5246,1.2441,0.33817
2915,140,3,3,44,0,1,0,0,43.507,0.08811,0.15,1619,31.5246,2.06868,0.33827
2916,53,1,1,22,0,1,0,0,2.568,0.08804,0.15,1619,31.5246,2.62877,0.33827
2917,88,0,0,23,0,1,0,0,6.557,0.08796,0.15,1619,31.5246,1.92907,0.33827
2918,5,0,0,1,0,1,0,0,-31.704,0.08789,0.15,1619,31.5246,7.42324,0.33827
2919,79,1,1,22,0,1,0,0,11.145,0.08782,0.15,1619,31.5246,1.72466,0.33827
2920,231,11,6,45,1,1,0,0,89.437,0.08774,0.15,1619,31.5246,2.06222,0.33827
2921,400,10,5,51,1,0,0,1,159.265,0.08767,0.15,1619,31.5246,1.39228,0.33838
2922,229,3,3,23,0,1,1,0,45.811,0.0876,0.15,1620,31.5246,1.08173,0.33837
2923,134,5,5,42,0,0,0,0,67.143,0.08752,0.15,1620,31.5246,2.05646,0.33848
2924,18,1,1,6,0,1,0,0,-20.118,0.08745,0.15,1620,31.5246,2.89353,0.33848
2925,149,2,2,23,0,1,0,0,30.318,0.08738,0.15,1620,31.5246,1.43662,0.33848
2926,20,0,0,11,0,1,0,0,-16.719,0.08731,0.15,1620,31.5246,2.98371,0.33848
2927,400,11,6,35,1,0,1,1,149.931,0.08723,0.15,1621,31.5246,1.37541,0.33837
2928,226,2,2,29,0,1,0,0,48.682,0.08716,0.15,1621,31.5246,1.27364,0.33837
2929,149,3,3,29,0,1,0,0,25.209,0.08709,0.15,1621,31.5246,1.79306,0.33837
2930,400,3,3,45,0,0,2,1,130.126,0.08702,0.15,1621,31.5246,1.42574,0.33847
2931,20,0,0,10,0,1,0,0,-18.971,0.08694,0.15,1621,31.5246,2.69251,0.33847
2932,400,10,5,56,1,0,0,1,157.298,0.08687,0.15,1622,31.5246,1.50872,0.33837
2933,400,5,5,34,0,0,0,1,131.744,0.0868,0.15,1622,31.5246,1.22951,0.33847
2934,400,4,4,37,0,0,0,1,120.959,0.08673,0.15,1622,31.5246,1.30629,0.33847
2935,400,1,1,41,0,0,0,1,111.921,0.08665,0.15,1622,31.5246,1.09051,0.33847
2936,400,2,2,43,0,0,2,1,116.735,0.08658,0.15,1622,31.5246,1.15699,0.33857
2937,400,4,4,32,0,0,0,1,109.063,0.08651,0.15,1622,31.5246,1.36262,0.33857
2938,20,0,0,7,0,1,0,0,-20.769,0.08644,0.15,1622,31.5246,4.11209,0.33857
2939,400,9,4,43,1,0,0,1,137.32,0.08637,0.15,1623,31.5246,1.55487,0.33847
2940,20,0,0,6,0,1,0,0,-20.105,0.08629,0.15,1623,31.5246,3.40565,0.33847
2941,107,2,2,26,0,1,0,0,17.128,0.08622,0.15,1623,31.5246,2.01903,0.33857
2942,168,3,3,29,0,1,0,0,35.364,0.08615,0.15,1623,31.5246,2.06533,0.33878
2943,400,8,3,40,1,0,2,1,140.809,0.08608,0.15,1624,31.5246,1.45842,0.33867
2944,400,10,5,59,1,0,0,1,147.264,0.08601,0.15,1625,31.5246,1.19578,0.33867
2945,272,2,2,26,0,1,0,0,47.061,0.08593,0.15,1625,31.5246,1.0916,0.33867
2946,137,3,3,29,0,1,0,0,34.866,0.08586,0.15,1625,31.5246,2.11533,0.33867
2947,180,4,4,29,0,1,0,0,45.843,0.08579,0.15,1625,31.5246,1.86571,0.33867
2948,188,2,2,35,0,1,0,0,34.454,0.08572,0.15,1625,31.5246,2.27922,0.33897
2949,400,8,3,45,1,0,0,1,135.318,0.08565,0.15,1626,31.5246,1.76899,0.33897
2950,20,0,0,11,0,1,0,0,-16.307,0.08558,0.15,1626,31.5246,3.13773,0.33897
2951,400,1,1,33,0,0,0,1,84.801,0.08551,0.15,1627,31.5246,1.40056,0.33886
2952,20,0,0,8,0,1,0,0,-21.817,0.08543,0.15,1627,31.5246,4.07636,0.33886
2953,13,0,0,3,0,1,0,0,-25.096,0.08536,0.15,1627,31.5246,4.86688,0.33886
2954,76,2,2,19,0,1,0,0,4.816,0.08529,0.15,1627,31.5246,2.01075,0.33886
2955,154,1,1,24,0,0,0,0,37.126,0.08522,0.15,1632,31.5246,1.33848,0.33834
2956,400,8,3,57,1,0,0,1,147.831,0.08515,0.15,1632,31.5246,1.30186,0.33834
2957,124,0,0,27,0,1,0,0,7.16,0.08508,0.15,1632,31.5246,1.6864,0.33834
2958,392,2,2,48,0,0,0,1,114.799,0.08501,0.15,1632,31.5246,1.13323,0.33834
2959,15,1,1,6,0,1,0,0,-17.647,0.08494,0.15,1632,31.5246,3.21851,0.33834
2960,13,0,0,3,0,1,0,0,-30.273,0.08487,0.15,1632,31.5246,5.70472,0.33834
2961,232,9,4,44,1,1,0,0,69.1,0.0848,0.15,1635,31.5246,2.07099,0.33823
2962,14,0,0,5,0,1,0,0,-23.923,0.08473,0.15,1635,31.5246,5.10633,0.33823
2963,129,1,1,27,0,1,1,0,24.914,0.08466,0.15,1635,31.5246,2.01662,0.33823
2964,69,0,0,5,0,1,0,0,-21.568,0.08458,0.15,1635,31.5246,1.50815,0.33823
2965,400,10,5,47,1,0,0,1,139.53,0.08451,0.15,1637,31.5246,1.4624,0.33812
2966,400,6,6,48,0,0,0,1,140.516,0.08444,0.15,1637,31.5246,1.28783,0.33812
2967,20,0,0,9,0,1,0,0,-19.569,0.08437,0.15,1637,31.5246,4.06557,0.33812
2968,400,5,5,57,0,0,0,1,134.526,0.0843,0.15,1637,31.5246,1.31325,0.33812
2969,400,7,2,56,1,0,0,1,136.65,0.08423,0.15,1638,31.5246,1.47212,0.33801
2970,400,11,6,49,1,0,0,1,138.882,0.08416,0.15,1638,31.5246,1.45909,0.33801
2971,61,3,3,22,0,1,0,0,7.611,0.08409,0.15,1638,31.5246,2.2479,0.33801
2972,400,6,6,52,0,0,0,1,134.639,0.08402,0.15,1639,31.5246,1.4087,0.33791
2973,83,1,1,27,0,1,0,0,12.429,0.08395,0.15,1639,31.5246,1.70879,0.33791
2974,34,1,1,15,0,1,0,0,-5.946,0.08388,0.15,1639,31.5246,1.96739,0.33791
2975,231,8,3,24,1,1,0,0,57.262,0.08381,0.15,1639,31.5246,1.80192,0.33801
2976,35,1,1,9,0,1,0,0,-8.757,0.08374,0.15,1639,31.5246,2.3553,0.33801
2977,200,8,3,34,1,1,0,0,65.764,0.08367,0.15,1639,31.5246,1.77653,0.33801
2978,400,4,4,36,0,0,0,1,110.619,0.0836,0.15,1639,31.5246,1.27347,0.33801
2979,172,7,2,24,1,1,1,0,43.626,0.08353,0.15,1639,31.5246,1.75769,0.33801
2980,400,4,4,23,0,0,0,1,100.334,0.08346,0.15,1639,31.5246,1.26979,0.33801
2981,20,0,0,9,0,1,0,0,-18.739,0.0834,0.15,1639,31.5246,3.62014,0.33801
2982,77,0,0,11,0,0,0,0,8.294,0.08333,0.15,1640,31.5246,1.92665,0.33791
2983,246,8,3,25,1,1,1,0,59.94,0.08326,0.15,1644,31.5246,1.84389,0.33749
2984,197,3,3,33,0,1,0,0,42.153,0.08319,0.15,1644,31.5246,1.61891,0.33749
2985,400,5,5,39,0,0,0,1,118.778,0.08312,0.15,1645,31.5246,1.30457,0.33739
2986,29,0,0,8,0,1,0,0,-17.673,0.08305,0.15,1645,31.5246,3.238,0.33739
2987,49,0,0,14,0,1,0,0,-13.356,0.08298,0.15,1645,31.5246,2.62912,0.33739
2988,164,3,3,28,0,1,0,0,35.841,0.08291,0.15,1645,31.5246,1.62704,0.33749
2989,201,1,1,15,0,1,0,0,11.328,0.08284,0.15,1646,31.5246,1.64822,0.33738
2990,400,3,3,39,0,0,0,1,115.949,0.08277,0.15,1647,31.5246,1.27629,0.33738
2991,214,2,2,20,0,1,0,0,32.925,0.0827,0.15,1647,31.5246,1.5017,0.33738
2992,400,3,3,27,0,0,0,1,92.753,0.08263,0.15,1648,31.5246,1.31438,0.33728
2993,302,7,2,19,1,1,0,0,51.144,0.08257,0.15,1648,31.5246,1.61802,0.33728
2994,20,0,0,9,0,1,0,0,-17.915,0.0825,0.15,1648,31.5246,2.19536,0.33728
2995,13,0,0,4,0,1,0,0,-26.373,0.08243,0.15,1648,31.5246,7.44803,0.33728
2996,28,0,0,8,0,1,0,0,-18.729,0.08236,0.15,1648,31.5246,3.84843,0.33728
2997,400,1,1,37,0,0,0,1,92.944,0.08229,0.15,1648,31.5246,1.15502,0.33728
2998,400,4,4,33,0,0,0,1,113.477,0.08222,0.15,1649,31.5246,1.29002,0.33717
2999,156,4,4,26,0,1,0,0,41.112,0.08215,0.15,1650,31.5246,2.05519,0.33707
3000,400,2,2,12,0,0,0,1,69.72,0.08208,0.15,1650,31.5246,0.7882,0.33707
3001,204,3,3,38,0,1,0,0,42.704,0.08202,0.15,1650,31.5246,1.70858,0.33707
3002,91,2,2,6,0,1,0,0,-6.765,0.08195,0.15,1650,31.5246,2.19139,0.33707
3003,338,4,4,34,0,1,0,0,62.67,0.08188,0.15,1650,31.5246,1.45405,0.33707
3004,110,5,5,27,0,1,0,0,33.245,0.08181,0.15,1650,31.5246,1.7109,0.33707
3005,20,0,0,8,0,1,0,0,-23.169,0.08174,0.15,1650,31.5246,3.31542,0.33707
3006,400,5,5,31,0,0,0,1,102.204,0.08168,0.15,1650,31.5246,1.36691,0.33707
3007,400,3,3,44,0,0,0,1,122.616,0.08161,0.15,1650,31.5246,1.20439,0.33707
3008,400,15,5,50,2,0,0,1,166.19,0.08154,0.15,1650,31.5246,1.68006,0.33707
3009,169,7,2,27,1,1,0,0,34.745,0.08147,0.15,1651,31.5246,1.56939,0.33717
3010,258,3,3,41,0,1,0,0,62.606,0.0814,0.15,1651,31.5246,1.83793,0.33717
3011,20,0,0,8,0,1,0,0,-19.871,0.08134,0.15,1651,31.5246,2.53314,0.33717
3012,131,4,4,35,0,1,0,0,37.91,0.08127,0.15,1651,31.5246,1.89379,0.33717
3013,400,4,4,45,0,0,0,1,112.371,0.0812,0.15,1651,31.5246,1.30917,0.33717
3014,400,2,2,42,0,0,0,1,106.626,0.08113,0.15,1652,31.5246,1.33803,0.33707
3015,201,4,4,48,0,1,0,0,65.401,0.08107,0.15,1652,31.5246,1.75713,0.33717
3016,400,5,5,47,0,0,0,1,122.649,0.081,0.15,1652,31.5246,1.34737,0.33727
3017,112,0,0,9,0,1,2,0,-11.452,0.08093,0.15,1652,31.5246,1.548,0.33727
3018,69,1,1,11,0,1,0,0,-4.548,0.08086,0.15,1652,31.5246,1.29559,0.33727
3019,400,8,8,84,0,0,0,1,176.854,0.0808,0.15,1653,31.5246,1.45071,0.33727
3020,166,2,2,28,0,1,0,0,35.467,0.08073,0.15,1653,31.5246,1.71838,0.33727
3021,400,13,8,84,1,0,1,1,183.741,0.08066,0.15,1655,31.5246,1.63205,0.33706
3022,74,1,1,22,0,0,0,0,28.238,0.08059,0.15,1655,31.5246,1.93319,0.33716
3023,31,1,1,15,0,1,0,0,-5.779,0.08053,0.15,1655,31.5246,2.40827,0.33716
3024,400,9,4,59,1,0,0,1,144.886,0.08046,0.15,1655,31.5246,1.36259,0.33716
3025,400,10,5,56,1,0,0,1,152.689,0.08039,0.15,1656,31.5246,1.58217,0.33706
3026,79,2,2,28,0,1,0,0,20.208,0.08033,0.15,1656,31.5246,1.61578,0.33706
3027,283,9,4,35,1,0,0,1,117.103,0.08026,0.15,1658,31.5246,1.6649,0.33725
3028,61,2,2,15,0,1,0,0,2.585,0.08019,0.15,1658,31.5246,2.2515,0.33725
3029,400,4,4,52,0,0,1,1,130.89,0.08013,0.15,1658,31.5246,1.11584,0.33725
3030,65,1,1,7,0,1,0,0,-12.897,0.08006,0.15,1658,31.5246,1.72776,0.33725
3031,400,3,3,29,0,0,0,1,86.923,0.07999,0.15,1658,31.5246,1.3716,0.33725
3032,400,2,2,34,0,0,0,1,109.324,0.07992,0.15,1658,31.5246,1.17089,0.33725
3033,59,1,1,10,0,1,0,0,-7.951,0.07986,0.15,1658,31.5246,2.30959,0.33725
3034,271,6,6,43,0,1,0,0,71.154,0.07979,0.15,1658,31.5246,1.58882,0.33725
3035,80,1,1,22,0,1,0,0,7.095,0.07973,0.15,1658,31.5246,1.81512,0.33725
3036,54,0,0,3,0,1,0,0,-22.15,0.07966,0.15,1658,31.5246,2.15576,0.33725
3037,400,8,3,43,1,0,0,1,128.219,0.07959,0.15,1658,31.5246,1.5411,0.33745
3038,107,2,2,24,0,1,0,0,17.507,0.07953,0.15,1658,31.5246,2.32598,0.33756
3039,400,2,2,43,0,0,0,1,114.444,0.07946,0.15,1660,31.5246,1.22772,0.33735
3040,114,2,2,23,0,1,0,0,19.239,0.07939,0.15,1660,31.5246,2.30304,0.33735
3041,400,7,7,46,0,0,0,1,127.471,0.07933,0.15,1665,31.5246,1.36612,0.33694
3042,311,4,4,36,0,1,1,0,63.074,0.07926,0.15,1666,31.5246,1.46758,0.33683
3043,6,0,0,2,0,1,0,0,-31.206,0.0792,0.15,1666,31.5246,9.16537,0.33683
3044,13,0,0,4,0,1,0,0,-25.963,0.07913,0.15,1666,31.5246,6.92579,0.33683
3045,400,5,5,43,0,0,0,1,132.033,0.07906,0.15,1667,31.5246,1.43758,0.33683
3046,20,0,0,10,0,1,0,0,-16.617,0.079,0.15,1667,31.5246,2.79272,0.33683
3047,234,2,2,48,0,1,0,0,52.375,0.07893,0.15,1667,31.5246,1.88546,0.33683
3048,144,1,1,17,0,1,1,0,11.595,0.07887,0.15,1667,31.5246,1.78486,0.33683
3049,400,2,2,45,0,0,0,1,107.968,0.0788,0.15,1667,31.5246,1.44761,0.33693
3050,211,0,0,57,0,1,1,0,52.49,0.07874,0.15,1667,31.5246,1.73818,0.33703
3051,400,6,6,43,0,0,3,1,135.797,0.07867,0.15,1669,31.5246,1.57248,0.33693
3052,12,0,0,7,0,1,0,0,-21.477,0.0786,0.15,1669,31.5246,2.50555,0.33693
3053,117,4,4,26,0,1,0,0,22.41,0.07854,0.15,1671,31.5246,2.30264,0.33702
3054,396,10,5,64,1,0,0,1,157.127,0.07847,0.15,1671,31.5246,1.53005,0.33702
3055,400,4,4,51,0,0,0,1,128.529,0.07841,0.15,1671,31.5246,1.27398,0.33702
3056,400,14,4,88,2,0,0,1,197.796,0.07834,0.15,1672,31.5246,1.73012,0.33692
3057,6,0,0,2,0,1,0,0,-31.166,0.07828,0.15,1672,31.5246,9.44327,0.33692
3058,212,11,6,48,1,1,0,0,91.881,0.07821,0.15,1672,31.5246,2.05249,0.33692
3059,5,0,0,2,0,1,0,0,-31.008,0.07815,0.15,1672,31.5246,8.07888,0.33692
3060,230,11,6,52,1,1,1,0,103.296,0.07808,0.15,1672,31.5246,2.19983,0.33692
3061,50,0,0,13,0,1,0,0,-9.168,0.07802,0.15,1672,31.5246,2.24614,0.33692
3062,400,3,3,47,0,0,0,1,120.925,0.07795,0.15,1672,31.5246,1.42378,0.33692
3063,400,4,4,58,0,0,2,1,128.965,0.07789,0.15,1672,31.5246,1.46172,0.33692
3064,179,5,5,47,0,1,0,0,63.054,0.07782,0.15,1673,31.5246,1.87308,0.33682
3065,400,6,6,33,0,0,0,1,116.458,0.07776,0.15,1673,31.5246,1.33246,0.33682
3066,400,5,5,47,0,0,0,1,124.751,0.07769,0.15,1673,31.5246,1.3612,0.33682
3067,135,2,2,28,0,1,0,0,27.305,0.07763,0.15,1676,31.5246,2.15056,0.33661
3068,35,0,0,9,0,1,0,0,-16.458,0.07756,0.15,1676,31.5246,2.03034,0.33661
3069,400,6,6,52,0,0,0,1,117.971,0.0775,0.15,1676,31.5246,1.42869,0.33661
3070,5,0,0,3,0,1,0,0,-27.504,0.07743,0.15,1676,31.5246,6.96131,0.33661
3071,51,1,1,12,0,1,0,0,-6.86,0.07737,0.15,1676,31.5246,2.69194,0.33661
3072,5,0,0,4,0,1,0,0,-33.208,0.0773,0.15,1676,31.5246,0.89228,0.33661
3073,400,6,6,43,0,0,1,1,122.431,0.07724,0.15,1678,31.5246,1.48544,0.33641
3074,400,3,3,41,0,0,0,1,109.618,0.07718,0.15,1679,31.5246,1.44818,0.33631
3075,188,6,6,46,0,1,0,0,69.646,0.07711,0.15,1680,31.5246,1.71908,0.33631
3076,301,10,5,47,1,1,0,0,100.393,0.07705,0.15,1680,31.5246,1.90337,0.33651
3077,31,1,1,11,0,1,0,0,-10.419,0.07698,0.15,1680,31.5246,2.35349,0.33651
3078,374,3,3,28,0,1,0,0,59.062,0.07692,0.15,1681,31.5246,1.79287,0.33651
3079,400,9,4,62,1,0,0,1,150.211,0.07686,0.15,1681,31.5246,1.58261,0.33651
3080,13,0,0,2,0,1,0,0,-25.769,0.07679,0.15,1681,31.5246,5.78309,0.33651
3081,400,5,5,34,0,0,0,1,114.715,0.07673,0.15,1681,31.5246,1.35163,0.33651
3082,400,2,2,30,0,0,0,1,91.841,0.07666,0.15,1681,31.5246,1.21311,0.33651
3083,400,3,3,34,0,0,0,1,87.302,0.0766,0.15,1681,31.5246,1.38782,0.33661
3084,21,0,0,9,0,1,0,0,-17.876,0.07654,0.15,1681,31.5246,2.65793,0.33661
3085,173,3,3,48,0,1,1,0,33.088,0.07647,0.15,1681,31.5246,2.42858,0.33661
3086,247,4,4,58,0,1,0,0,45.215,0.07641,0.15,1682,31.5246,2.11843,0.3366
3087,29,0,0,12,0,1,0,0,-17.209,0.07634,0.15,1682,31.5246,2.48381,0.3366
3088,292,6,6,50,0,1,1,0,52.547,0.07628,0.15,1685,31.5246,2.13619,0.3363
3089,400,5,5,53,0,0,0,1,124.214,0.07622,0.15,1686,31.5246,1.23763,0.3362
3090,14,0,0,4,0,1,0,0,-26.321,0.07615,0.15,1686,31.5246,6.93145,0.3362
3091,26,0,0,5,0,1,0,0,-30.43,0.07609,0.15,1686,31.5246,3.01809,0.3362
3092,400,3,3,24,0,0,0,1,70.153,0.07603,0.15,1686,31.5246,1.32823,0.3362
3093,13,0,0,4,0,1,0,0,-25.961,0.07596,0.15,1686,31.5246,6.16134,0.3362
3094,27,0,0,15,0,1,0,0,-12.797,0.0759,0.15,1686,31.5246,2.78776,0.3362
3095,13,0,0,5,0,1,0,0,-23.561,0.07584,0.15,1686,31.5246,4.90833,0.3362
3096,348,3,3,32,0,1,2,0,60.299,0.07577,0.15,1689,31.5246,1.88848,0.3361
3097,400,5,5,21,0,0,0,1,110.942,0.07571,0.15,1689,31.5246,1.28567,0.3361
3098,400,5,5,51,0,0,0,1,125.927,0.07565,0.15,1689,31.5246,1.53337,0.3361
3099,152,1,1,29,0,1,0,0,13.791,0.07558,0.15,1689,31.5246,1.74897,0.3361
3100,400,9,4,45,1,0,0,1,140.134,0.07552,0.15,1690,31.5246,1.46661,0.33619
3101,119,1,1,28,0,1,0,0,18.602,0.07546,0.15,1690,31.5246,1.69364,0.33619
3102,400,9,4,45,1,0,0,1,134.516,0.0754,0.15,1690,31.5246,1.36202,0.33619
3103,400,4,4,41,0,0,0,1,119.395,0.07533,0.15,1690,31.5246,1.22065,0.33629
3104,400,3,3,38,0,0,0,1,89.746,0.07527,0.15,1691,31.5246,1.40086,0.33619
3105,5,0,0,2,0,1,0,0,-26.412,0.07521,0.15,1691,31.5246,6.97593,0.33619
3106,400,4,4,30,0,0,0,1,122.303,0.07515,0.15,1695,31.5246,0.95944,0.33579
3107,13,0,0,5,0,1,0,0,-21.911,0.07508,0.15,1695,31.5246,3.08703,0.33579
3108,246,5,5,29,0,1,0,0,41.873,0.07502,0.15,1695,31.5246,1.89686,0.33579
3109,120,2,2,23,0,1,0,0,22.951,0.07496,0.15,1696,31.5246,1.9521,0.33579
3110,13,0,0,5,0,1,0,0,-29.077,0.0749,0.15,1696,31.5246,5.38046,0.33579
3111,400,6,6,49,0,0,1,1,143.471,0.07483,0.15,1696,31.5246,1.23914,0.33579
3112,400,4,4,40,0,0,1,1,129.279,0.07477,0.15,1697,31.5246,1.29902,0.33569
3113,400,7,2,35,1,0,1,1,136.272,0.07471,0.15,1700,31.5246,1.26077,0.33539
3114,91,3,3,35,0,1,1,0,21.851,0.07465,0.15,1701,31.5246,2.39168,0.33529
3115,400,2,2,25,0,0,0,1,113.135,0.07458,0.15,1701,31.5246,0.97133,0.33529
3116,400,5,5,26,0,0,0,1,118.548,0.07452,0.15,1701,31.5246,0.93882,0.33529
3117,400,3,3,39,0,0,0,1,127.618,0.07446,0.15,1701,31.5246,0.9405,0.33529
3118,400,8,3,39,1,0,1,1,143.366,0.0744,0.15,1704,31.5246,1.30961,0.335
3119,400,4,4,37,0,0,0,1,118.226,0.07434,0.15,1705,31.5246,0.91828,0.335
3120,199,7,2,45,1,1,0,0,66.926,0.07427,0.15,1705,31.5246,1.57077,0.33509
3121,400,5,5,37,0,0,0,1,113.274,0.07421,0.15,1705,31.5246,0.95974,0.33509
3122,400,2,2,34,0,0,0,1,106.418,0.07415,0.15,1705,31.5246,1.24217,0.33519
3123,400,9,4,53,1,0,0,1,162.514,0.07409,0.15,1705,31.5246,1.22748,0.33529
3124,400,8,3,23,1,0,0,1,132.501,0.07403,0.15,1705,31.5246,1.19329,0.33539
3125,400,6,1,28,1,0,0,1,127.583,0.07396,0.15,1705,31.5246,1.16986,0.33539
3126,20,1,1,7,0,1,0,0,-15.191,0.0739,0.15,1705,31.5246,3.17102,0.33539
3127,366,6,1,30,1,1,0,0,98.337,0.07384,0.15,1706,31.5246,1.33573,0.33548
3128,22,0,0,3,0,1,0,0,-23.229,0.07378,0.15,1706,31.5246,2.59185,0.33548
3129,226,5,5,30,0,1,0,0,58.767,0.07372,0.15,1706,31.5246,1.56475,0.33548
3130,5,0,0,3,0,1,0,0,-30.808,0.07366,0.15,1706,31.5246,7.92511,0.33548
3131,400,6,6,29,0,0,0,1,118.144,0.0736,0.15,1707,31.5246,1.46872,0.33538
3132,197,2,2,24,0,1,0,0,22.395,0.07353,0.15,1707,31.5246,2.04965,0.33548
3133,400,5,5,51,0,0,1,1,138.399,0.07347,0.15,1708,31.5246,1.36434,0.33558
3134,21,0,0,4,0,1,0,0,-23.168,0.07341,0.15,1708,31.5246,4.14963,0.33558
3135,400,4,4,47,0,0,0,1,117.485,0.07335,0.15,1708,31.5246,1.50261,0.33558
3136,92,2,2,27,0,1,0,0,17.072,0.07329,0.15,1708,31.5246,2.06725,0.33558
3137,400,2,2,28,0,0,1,1,82.322,0.07323,0.15,1710,31.5246,1.24485,0.33558
3138,400,3,3,33,0,0,0,1,101.478,0.07317,0.15,1710,31.5246,1.21784,0.33558
3139,400,6,6,39,0,0,1,1,124.665,0.07311,0.15,1711,31.5246,1.20449,0.33557
3140,198,11,6,27,1,1,0,0,81.003,0.07305,0.15,1711,31.5246,1.98944,0.33557
3141,28,1,1,7,0,1,0,0,-15.186,0.07299,0.15,1711,31.5246,2.15128,0.33557
3142,72,2,2,21,0,1,1,0,6.051,0.07292,0.15,1711,31.5246,2.36844,0.33557
3143,400,8,3,39,1,0,0,1,129.919,0.07286,0.15,1711,31.5246,1.22698,0.33557
3144,53,1,1,18,0,1,0,0,-2.192,0.0728,0.15,1711,31.5246,2.65412,0.33557
3145,13,0,0,4,0,1,0,0,-27.873,0.07274,0.15,1711,31.5246,3.91386,0.33557
3146,44,1,1,19,0,1,0,0,-7.142,0.07268,0.15,1711,31.5246,3.7221,0.33557
3147,139,12,7,22,1,1,0,0,65.797,0.07262,0.15,1711,31.5246,2.46587,0.33557
3148,36,2,2,11,0,1,0,0,-3.631,0.07256,0.15,1711,31.5246,2.82278,0.33557
3149,20,0,0,6,0,1,0,0,-21.365,0.0725,0.15,1711,31.5246,4.12668,0.33557
3150,114,1,1,35,0,1,0,0,28.996,0.07244,0.15,1711,31.5246,2.01838,0.33557
3151,400,6,6,56,0,0,0,1,140.649,0.07238,0.15,1711,31.5246,1.43558,0.33567
3152,400,10,5,59,1,0,0,1,164.568,0.07232,0.15,1713,31.5246,1.63723,0.33547
3153,59,3,3,12,0,1,0,0,6.088,0.07226,0.15,1713,31.5246,2.48673,0.33557
3154,197,2,2,36,0,0,0,0,62.09,0.0722,0.15,1714,31.5246,1.93731,0.33557
3155,122,1,1,44,0,1,0,0,33.011,0.07214,0.15,1714,31.5246,2.016,0.33557
3156,41,0,0,17,0,1,1,0,-11.682,0.07208,0.15,1714,31.5246,2.79278,0.33557
3157,240,4,4,44,0,1,0,0,58.187,0.07202,0.15,1714,31.5246,1.80789,0.33557
3158,16,1,1,6,0,1,0,0,-17.597,0.07196,0.15,1714,31.5246,3.31708,0.33557
3159,400,10,5,71,1,0,0,1,171.733,0.0719,0.15,1714,31.5246,1.58081,0.33557
3160,400,7,2,38,1,0,0,1,116.24,0.07184,0.15,1714,31.5246,1.52785,0.33557
3161,400,2,2,47,0,0,0,1,116.548,0.07178,0.15,1714,31.5246,1.23931,0.33557
3162,220,1,1,25,0,1,0,0,34.489,0.07172,0.15,1715,31.5246,1.66611,0.33547
3163,13,0,0,4,0,1,0,0,-24.171,0.07166,0.15,1715,31.5246,3.41668,0.33547
3164,123,1,1,22,0,1,0,0,16.376,0.0716,0.15,1715,31.5246,1.73654,0.33547
3165,400,5,5,32,0,0,0,1,116.62,0.07154,0.15,1715,31.5246,1.45104,0.33557
3166,207,8,8,53,0,1,1,0,85.844,0.07148,0.15,1715,31.5246,1.96602,0.33557
3167,128,3,3,27,0,1,0,0,29.392,0.07142,0.15,1716,31.5246,2.12535,0.33547
3168,400,4,4,37,0,0,1,1,109.941,0.07136,0.15,1716,31.5246,1.61103,0.33547
3169,400,5,5,63,0,0,1,1,150.365,0.0713,0.15,1716,31.5246,1.30837,0.33547
3170,400,4,4,44,0,0,0,1,123.907,0.07124,0.15,1716,31.5246,1.28228,0.33547
3171,246,9,4,66,1,1,0,0,98.072,0.07118,0.15,1716,31.5246,2.0429,0.33557
3172,334,6,6,44,0,0,0,1,117.86,0.07112,0.15,1719,31.5246,2.3095,0.33537
3173,27,0,0,15,0,1,0,0,-11.697,0.07106,0.15,1719,31.5246,2.36194,0.33537
3174,13,0,0,2,0,1,0,0,-23.707,0.07101,0.15,1719,31.5246,3.32089,0.33537
3175,400,2,2,54,0,0,1,1,118.713,0.07095,0.15,1721,31.5246,1.36053,0.33527
3176,13,0,0,3,0,1,0,0,-30.277,0.07089,0.15,1721,31.5246,5.34958,0.33527
3177,79,2,2,31,0,1,0,0,17.546,0.07083,0.15,1721,31.5246,2.48023,0.33527
3178,400,4,4,51,0,0,0,1,113.357,0.07077,0.15,1722,31.5246,1.43182,0.33517
3179,400,9,4,32,1,0,0,1,120.147,0.07071,0.15,1722,31.5246,1.47809,0.33517
3180,400,3,3,31,0,0,0,1,104.348,0.07065,0.15,1723,31.5246,1.17681,0.33507
3181,400,2,2,38,0,0,0,1,108.103,0.07059,0.15,1723,31.5246,1.13971,0.33517
3182,202,6,6,48,0,1,0,0,80.71,0.07053,0.15,1726,31.5246,2.01841,0.33488
3183,400,5,5,45,0,0,0,1,134.4,0.07047,0.15,1727,31.5246,1.47232,0.33488
3184,400,9,4,27,1,0,0,1,113.53,0.07042,0.15,1727,31.5246,1.33618,0.33488
3185,5,0,0,2,0,1,0,0,-31.104,0.07036,0.15,1727,31.5246,3.82962,0.33488
3186,172,2,2,13,0,1,0,0,18.117,0.0703,0.15,1727,31.5246,1.98445,0.33488
3187,400,4,4,26,0,0,0,1,98.793,0.07024,0.15,1729,31.5246,1.46521,0.33488
3188,131,2,2,14,0,1,0,0,13.759,0.07018,0.15,1729,31.5246,1.62322,0.33488
3189,128,5,5,24,0,0,0,0,49.039,0.07012,0.15,1730,31.5246,2.22306,0.33497
3190,21,0,0,4,0,1,0,0,-23.638,0.07006,0.15,1730,31.5246,3.74272,0.33497
3191,34,0,0,8,0,1,0,0,-16.385,0.07001,0.15,1730,31.5246,2.16695,0.33497
3192,17,1,1,9,0,1,0,0,-14.521,0.06995,0.15,1730,31.5246,3.91385,0.33497
3193,130,3,3,31,0,1,0,0,27.08,0.06989,0.15,1730,31.5246,2.39154,0.33497
3194,137,0,0,19,0,1,0,0,6.895,0.06983,0.15,1730,31.5246,1.4678,0.33497
3195,180,1,1,31,0,1,0,0,23.114,0.06977,0.15,1730,31.5246,1.63019,0.33497
3196,79,1,1,16,0,1,0,0,0.868,0.06972,0.15,1730,31.5246,1.95176,0.33497
3197,6,0,0,1,0,1,0,0,-31.804,0.06966,0.15,1730,31.5246,9.8227,0.33497
3198,400,10,5,43,1,0,0,1,137.521,0.0696,0.15,1730,31.5246,1.51921,0.33497
3199,15,0,0,5,0,1,0,0,-23.573,0.06954,0.15,1730,31.5246,3.28412,0.33497
3200,400,8,3,38,1,0,0,1,144.221,0.06948,0.15,1730,31.5246,1.38843,0.33526
3201,50,1,1,19,0,1,0,0,-2.095,0.06943,0.15,1730,31.5246,2.6929,0.33536
3202,400,7,2,32,1,0,0,1,114.638,0.06937,0.15,1730,31.5246,1.25229,0.33545
3203,400,2,2,27,0,0,0,1,80.66,0.06931,0.15,1730,31.5246,1.01555,0.33545
3204,33,0,0,13,0,1,0,0,-17.614,0.06925,0.15,1730,31.5246,2.85346,0.33545
3205,21,0,0,7,0,1,0,0,-20.271,0.06919,0.15,1730,31.5246,3.25155,0.33545
3206,53,3,3,15,0,1,0,0,9.928,0.06914,0.15,1730,31.5246,2.53444,0.33545
3207,400,2,2,49,0,0,0,1,120.38,0.06908,0.15,1730,31.5246,1.46208,0.33545
3208,400,6,6,33,0,0,0,1,111.9,0.06902,0.15,1730,31.5246,1.40518,0.33565
3209,279,1,1,28,0,1,0,0,44.75,0.06896,0.15,1730,31.5246,1.75382,0.33565
3210,42,0,0,12,0,1,0,0,-15.131,0.06891,0.15,1730,31.5246,2.81128,0.33565
3211,32,1,1,11,0,1,0,0,-14.983,0.06885,0.15,1730,31.5246,3.199,0.33565
3212,400,10,5,29,1,0,0,1,105.392,0.06879,0.15,1730,31.5246,1.62292,0.33574
3213,331,9,4,36,1,1,0,0,57.683,0.06873,0.15,1730,31.5246,1.2969,0.33574
3214,16,0,0,4,0,1,0,0,-26.217,0.06868,0.15,1730,31.5246,5.98179,0.33574
3215,13,0,0,4,0,1,0,0,-26.373,0.06862,0.15,1730,31.5246,6.72981,0.33574
3216,400,9,4,32,1,0,0,1,126.249,0.06856,0.15,1731,31.5246,1.59414,0.33564
3217,400,1,1,32,0,0,0,1,94.458,0.06851,0.15,1731,31.5246,1.25825,0.33564
3218,49,0,0,14,0,1,0,0,-12.891,0.06845,0.15,1731,31.5246,1.99125,0.33564
3219,400,3,3,33,0,0,0,1,88.473,0.06839,0.15,1731,31.5246,1.52603,0.33564
3220,400,3,3,47,0,0,2,1,98.527,0.06833,0.15,1732,31.5246,1.64833,0.33555
3221,159,4,4,31,0,1,0,0,47.024,0.06828,0.15,1733,31.5246,1.67999,0.33545
3222,400,3,3,43,0,0,0,1,100.303,0.06822,0.15,1733,31.5246,0.94377,0.33545
3223,400,11,6,54,1,0,0,1,147.981,0.06816,0.15,1734,31.5246,1.50503,0.33535
3224,13,0,0,4,0,1,0,0,-24.573,0.06811,0.15,1734,31.5246,5.41906,0.33535
3225,400,12,7,36,1,0,0,1,136.768,0.06805,0.15,1736,31.5246,1.89722,0.33516
3226,71,2,2,18,0,1,0,0,5.42,0.06799,0.15,1736,31.5246,2.50164,0.33516
3227,400,5,5,35,0,0,0,1,127.06,0.06794,0.15,1736,31.5246,1.39329,0.33516
3228,13,0,0,4,0,1,0,0,-24.157,0.06788,0.15,1736,31.5246,4.77334,0.33516
3229,128,2,2,21,0,1,1,0,19.966,0.06782,0.15,1736,31.5246,1.89583,0.33516
3230,400,8,3,46,1,0,0,1,138.339,0.06777,0.15,1736,31.5246,1.46771,0.33525
3231,400,15,5,36,2,0,0,1,138.336,0.06771,0.15,1736,31.5246,1.87924,0.33525
3232,40,0,0,10,0,1,0,0,-16.532,0.06766,0.15,1736,31.5246,2.01979,0.33525
3233,16,0,0,6,0,1,0,0,-22.982,0.0676,0.15,1736,31.5246,5.11581,0.33525
3234,400,8,3,25,1,0,0,1,115.535,0.06754,0.15,1737,31.5246,1.35187,0.33516
3235,400,3,3,34,0,0,1,1,103.8,0.06749,0.15,1737,31.5246,1.43089,0.33516
3236,136,0,0,19,0,1,0,0,9.674,0.06743,0.15,1737,31.5246,1.64844,0.33516
3237,400,2,2,30,0,0,0,1,101.924,0.06737,0.15,1737,31.5246,1.19321,0.33516
3238,67,1,1,8,0,1,0,0,-7.145,0.06732,0.15,1737,31.5246,1.82524,0.33516
3239,48,0,0,7,0,1,0,0,-14.067,0.06726,0.15,1737,31.5246,1.87945,0.33516
3240,400,2,2,27,0,0,0,1,105.159,0.06721,0.15,1737,31.5246,1.37623,0.33525
3241,5,0,0,4,0,1,0,0,-33.206,0.06715,0.15,1737,31.5246,2.63939,0.33525
3242,400,3,3,17,0,0,0,1,97.348,0.06709,0.15,1737,31.5246,1.23373,0.33525
3243,400,3,3,29,0,0,0,1,115.477,0.06704,0.15,1738,31.5246,1.35008,0.33516
3244,21,0,0,5,0,1,0,0,-21.231,0.06698,0.15,1738,31.5246,1.83212,0.33516
3245,120,2,2,10,0,1,0,0,8.285,0.06693,0.15,1738,31.5246,1.86417,0.33516
3246,146,2,2,4,0,1,0,0,-11.236,0.06687,0.15,1738,31.5246,1.39058,0.33525
3247,400,2,2,14,0,0,0,1,79.027,0.06681,0.15,1740,31.5246,1.36873,0.33506
3248,47,0,0,7,0,1,0,0,-15.34,0.06676,0.15,1740,31.5246,1.72693,0.33506
3249,20,0,0,5,0,1,0,0,-20.767,0.0667,0.15,1740,31.5246,2.73221,0.33506
3250,43,1,1,6,0,1,0,0,-13.33,0.06665,0.15,1740,31.5246,2.40827,0.33506
3251,400,3,3,18,0,0,0,1,84.497,0.06659,0.15,1740,31.5246,1.35581,0.33506
3252,400,7,7,36,0,0,0,1,123.758,0.06654,0.15,1741,31.5246,1.39814,0.33496
3253,203,1,1,24,0,1,0,0,27.812,0.06648,0.15,1741,31.5246,1.52503,0.33496
3254,64,1,1,12,0,1,0,0,-4.254,0.06643,0.15,1741,31.5246,1.80324,0.33496
3255,5,0,0,3,0,1,0,0,-30.808,0.06637,0.15,1741,31.5246,7.45409,0.33496
3256,265,2,2,29,0,1,0,0,30.748,0.06632,0.15,1742,31.5246,1.40829,0.33496
3257,400,0,0,21,0,0,0,1,71.934,0.06626,0.15,1742,31.5246,1.17336,0.33496
3258,75,0,0,8,0,1,0,0,-13.116,0.0662,0.15,1742,31.5246,1.51104,0.33496
3259,98,1,1,20,0,1,0,0,6.571,0.06615,0.15,1742,31.5246,1.79493,0.33496
3260,18,0,0,2,0,1,0,0,-25.115,0.06609,0.15,1742,31.5246,2.63383,0.33496
3261,400,10,5,24,1,0,0,1,122.365,0.06604,0.15,1742,31.5246,1.1239,0.33496
3262,400,2,2,27,0,0,0,1,92.113,0.06598,0.15,1743,31.5246,1.22562,0.33496
3263,400,2,2,31,0,0,0,1,100.117,0.06593,0.15,1743,31.5246,1.27891,0.33496
3264,57,0,0,19,0,1,0,0,-2.73,0.06587,0.15,1743,31.5246,1.95788,0.33496
3265,13,0,0,3,0,1,0,0,-25.173,0.06582,0.15,1743,31.5246,4.904,0.33496
3266,20,0,0,7,0,1,0,0,-20.621,0.06577,0.15,1743,31.5246,1.80257,0.33496
3267,174,0,0,29,0,1,0,0,21.52,0.06571,0.15,1743,31.5246,1.30532,0.33496
3268,400,7,7,41,0,0,0,1,124.097,0.06566,0.15,1746,31.5246,1.39252,0.33477
3269,86,1,1,19,0,1,1,0,-3.436,0.0656,0.15,1746,31.5246,2.35832,0.33477
3270,381,8,3,43,1,1,0,0,79.753,0.06555,0.15,1746,31.5246,1.57352,0.33477
3271,64,0,0,17,0,1,0,0,-1.055,0.06549,0.15,1746,31.5246,2.05759,0.33477
3272,5,0,0,3,0,1,0,0,-25.854,0.06544,0.15,1746,31.5246,5.52425,0.33477
3273,13,0,0,4,0,1,0,0,-24.575,0.06538,0.15,1746,31.5246,3.68106,0.33477
3274,54,3,3,15,0,1,0,0,-0.752,0.06533,0.15,1746,31.5246,2.8183,0.33477
3275,195,9,4,34,1,1,1,0,58.627,0.06527,0.15,1746,31.5246,2.3289,0.33477
3276,84,1,1,20,0,1,0,0,-0.95,0.06522,0.15,1746,31.5246,2.81153,0.33477
3277,400,4,4,29,0,0,0,1,89.304,0.06516,0.15,1746,31.5246,1.31077,0.33477
3278,106,1,1,7,0,1,0,0,-14.784,0.06511,0.15,1747,31.5246,1.71208,0.33467
3279,400,9,4,44,1,0,0,1,107.304,0.06506,0.15,1747,31.5246,1.67998,0.33476
3280,128,0,0,3,0,1,0,0,-18.201,0.065,0.15,1747,31.5246,1.10557,0.33476
3281,400,7,2,36,1,0,1,1,85.894,0.06495,0.15,1748,31.5246,1.41961,0.33467
3282,17,0,0,2,0,1,0,0,-27.361,0.06489,0.15,1748,31.5246,5.16302,0.33467
3283,181,7,2,14,1,1,0,0,24.099,0.06484,0.15,1748,31.5246,1.62541,0.33467
3284,69,1,1,6,0,1,0,0,-18.431,0.06479,0.15,1748,31.5246,1.96291,0.33467
3285,400,4,4,40,0,0,0,1,114.414,0.06473,0.15,1749,31.5246,1.23676,0.33467
3286,400,0,0,19,0,0,0,1,72.054,0.06468,0.15,1749,31.5246,1.08195,0.33467
3287,400,10,5,40,1,0,0,1,116.604,0.06462,0.15,1750,31.5246,1.37038,0.33457
3288,155,3,3,14,0,1,0,0,15.503,0.06457,0.15,1750,31.5246,1.78431,0.33457
3289,177,3,3,9,0,0,0,0,37.353,0.06452,0.15,1751,31.5246,0.90887,0.33457
3290,400,5,5,24,0,0,0,1,92.732,0.06446,0.15,1751,31.5246,1.08613,0.33457
3291,7,0,0,1,0,1,0,0,-26.902,0.06441,0.15,1751,31.5246,6.09072,0.33457
3292,400,9,4,36,1,0,0,1,124.214,0.06436,0.15,1751,31.5246,1.28308,0.33457
3293,173,1,1,18,0,1,0,0,9.108,0.0643,0.15,1751,31.5246,0.97777,0.33457
3294,73,1,1,18,0,1,0,0,2.339,0.06425,0.15,1751,31.5246,1.80783,0.33457
3295,400,2,2,34,0,0,1,1,105.049,0.06419,0.15,1754,31.5246,1.14963,0.33438
3296,128,2,2,28,0,1,0,0,18.108,0.06414,0.15,1754,31.5246,1.83928,0.33438
3297,246,5,5,27,0,1,0,0,65.052,0.06409,0.15,1756,31.5246,1.28454,0.33457
3298,242,1,1,25,0,1,0,0,32.33,0.06403,0.15,1756,31.5246,1.46097,0.33457
3299,124,3,3,31,0,1,0,0,37.172,0.06398,0.15,1756,31.5246,1.63479,0.33457
3300,400,2,2,29,0,0,0,1,95.449,0.06393,0.15,1756,31.5246,1.31374,0.33466
3301,400,5,5,51,0,0,0,1,131.15,0.06387,0.15,1756,31.5246,1.30364,0.33466
3302,90,1,1,5,0,1,0,0,-9.92,0.06382,0.15,1756,31.5246,1.82184,0.33466
3303,172,2,2,20,0,1,0,0,29.81,0.06377,0.15,1756,31.5246,1.82341,0.33476
3304,5,0,0,3,0,1,0,0,-32.154,0.06372,0.15,1756,31.5246,3.55755,0.33476
3305,400,2,2,29,0,0,0,1,95.436,0.06366,0.15,1756,31.5246,1.26794,0.33476
3306,74,4,4,17,0,1,0,0,15.493,0.06361,0.15,1756,31.5246,2.16032,0.33476
3307,135,2,2,21,0,1,0,0,24.622,0.06356,0.15,1756,31.5246,1.78312,0.33476
3308,13,0,0,4,0,1,0,0,-24.573,0.0635,0.15,1756,31.5246,4.85287,0.33476
3309,27,0,0,8,0,1,0,0,-19.245,0.06345,0.15,1756,31.5246,3.19154,0.33476
3310,147,2,2,12,0,1,1,0,13.265,0.0634,0.15,1756,31.5246,1.7054,0.33485
3311,400,3,3,26,0,0,0,1,87.768,0.06334,0.15,1756,31.5246,1.11909,0.33485
3312,400,10,5,39,1,0,0,1,127.138,0.06329,0.15,1756,31.5246,1.37806,0.33485
3313,400,8,3,26,1,0,2,1,124.512,0.06324,0.15,1756,31.5246,1.4016,0.33495
3314,329,8,3,54,1,1,0,0,95.021,0.06319,0.15,1757,31.5246,1.85438,0.33485
3315,51,0,0,11,0,1,0,0,-10.959,0.06313,0.15,1757,31.5246,2.22101,0.33485
3316,41,2,2,14,0,1,0,0,-2.4,0.06308,0.15,1757,31.5246,3.14145,0.33485
3317,400,10,5,41,1,0,1,1,132.042,0.06303,0.15,1757,31.5246,1.36249,0.33485
3318,21,0,0,11,0,1,0,0,-17.697,0.06298,0.15,1757,31.5246,3.11631,0.33485
3319,91,3,3,21,0,1,0,0,19.035,0.06292,0.15,1757,31.5246,2.73098,0.33485
3320,400,3,3,43,0,0,1,1,110.914,0.06287,0.15,1757,31.5246,1.63396,0.33485
3321,400,4,4,38,0,0,0,1,121.767,0.06282,0.15,1757,31.5246,1.19906,0.33485
3322,400,3,3,21,0,0,0,1,80.669,0.06277,0.15,1757,31.5246,1.11257,0.33485
3323,400,5,0,33,1,0,0,1,84.308,0.06271,0.15,1757,31.5246,1.09776,0.33485
3324,18,1,1,6,0,1,0,0,-18.053,0.06266,0.15,1757,31.5246,4.52672,0.33485
3325,400,7,7,44,0,0,0,1,126.055,0.06261,0.15,1759,31.5246,1.22408,0.33466
3326,137,7,7,29,0,0,1,0,70.586,0.06256,0.15,1759,31.5246,1.81436,0.33466
3327,148,1,1,22,0,1,2,0,16.211,0.06251,0.15,1759,31.5246,2.02941,0.33466
3328,400,16,6,63,2,0,0,1,177.824,0.06245,0.15,1759,31.5246,1.73773,0.33466
3329,400,3,3,44,0,0,0,1,124.844,0.0624,0.15,1759,31.5246,1.42521,0.33466
3330,176,2,2,41,0,1,0,0,49.477,0.06235,0.15,1759,31.5246,1.7701,0.33466
3331,400,10,5,45,1,0,0,1,146.879,0.0623,0.15,1759,31.5246,1.44902,0.33466
3332,136,3,3,26,0,1,0,0,24.175,0.06225,0.15,1759,31.5246,2.34458,0.33466
3333,20,0,0,11,0,1,0,0,-18.698,0.06219,0.15,1759,31.5246,2.71434,0.33466
3334,156,5,5,28,0,1,0,0,33.507,0.06214,0.15,1761,31.5246,1.67479,0.33447
3335,119,2,2,27,0,1,1,0,22.697,0.06209,0.15,1761,31.5246,2.2503,0.33447
3336,400,5,5,34,0,0,0,1,118.946,0.06204,0.15,1763,31.5246,1.44364,0.33428
3337,400,3,3,39,0,0,0,1,122.235,0.06199,0.15,1763,31.5246,1.41432,0.33428
3338,111,3,3,25,0,1,0,0,28.269,0.06194,0.15,1764,31.5246,2.22968,0.33428
3339,115,4,4,20,0,1,0,0,33.641,0.06188,0.15,1764,31.5246,1.76215,0.33428
3340,27,0,0,10,0,1,0,0,-14.916,0.06183,0.15,1764,31.5246,2.59766,0.33428
3341,13,0,0,4,0,1,0,0,-27.584,0.06178,0.15,1764,31.5246,5.20661,0.33428
3342,323,3,3,23,0,1,0,0,52.61,0.06173,0.15,1764,31.5246,1.74675,0.33437
3343,400,3,3,25,0,0,0,1,90.917,0.06168,0.15,1764,31.5246,1.464,0.33437
3344,400,6,6,43,0,0,0,1,156.754,0.06163,0.15,1764,31.5246,1.40105,0.33437
3345,81,2,2,27,0,1,0,0,17.37,0.06157,0.15,1764,31.5246,1.95803,0.33437
3346,27,0,0,12,0,1,0,0,-15.223,0.06152,0.15,1764,31.5246,1.8266,0.33437
3347,30,1,1,11,0,1,0,0,-11.15,0.06147,0.15,1764,31.5246,2.54702,0.33437
3348,99,1,1,30,0,1,0,0,15.875,0.06142,0.15,1764,31.5246,2.19132,0.33447
3349,35,1,1,9,0,1,0,0,-13.032,0.06137,0.15,1764,31.5246,3.13037,0.33447
3350,400,8,3,28,1,0,0,1,114.793,0.06132,0.15,1764,31.5246,1.48656,0.33447
3351,20,0,0,7,0,1,0,0,-19.442,0.06127,0.15,1764,31.5246,1.83612,0.33447
3352,400,12,7,41,1,0,0,1,143.202,0.06122,0.15,1764,31.5246,1.43727,0.33447
3353,400,10,5,53,1,0,0,1,137.514,0.06117,0.15,1764,31.5246,1.57095,0.33447
3354,37,1,1,18,0,1,0,0,-4.523,0.06111,0.15,1764,31.5246,2.91317,0.33447
3355,137,1,1,17,0,1,0,0,6.131,0.06106,0.15,1764,31.5246,1.60025,0.33447
3356,109,2,2,25,0,1,1,0,10.321,0.06101,0.15,1764,31.5246,2.24108,0.33447
3357,400,0,0,33,0,0,0,1,91.598,0.06096,0.15,1765,31.5246,1.31315,0.33437
3358,310,4,4,23,0,1,0,0,46.176,0.06091,0.15,1765,31.5246,1.401,0.33437
3359,44,0,0,12,0,1,0,0,-10.12,0.06086,0.15,1765,31.5246,1.72959,0.33437
3360,400,9,4,40,1,0,0,1,110.015,0.06081,0.15,1765,31.5246,1.08491,0.33437
3361,336,8,3,31,1,1,0,0,71.367,0.06076,0.15,1766,31.5246,1.37308,0.33428
3362,213,3,3,17,0,1,0,0,27.269,0.06071,0.15,1767,31.5246,1.62728,0.33418
3363,5,0,0,4,0,1,0,0,-33.206,0.06066,0.15,1767,31.5246,2.75844,0.33418
3364,400,10,5,41,1,0,1,1,124.417,0.06061,0.15,1767,31.5246,1.15626,0.33428
3365,400,4,4,28,0,0,0,1,105.656,0.06056,0.15,1767,31.5246,1.24805,0.33428
3366,207,3,3,32,0,1,0,0,37.274,0.06051,0.15,1767,31.5246,1.68706,0.33428
3367,400,4,4,39,0,0,0,1,113.863,0.06046,0.15,1767,31.5246,1.25008,0.33428
3368,208,3,3,22,0,1,0,0,39.266,0.06041,0.15,1767,31.5246,1.63845,0.33428
3369,5,0,0,2,0,1,0,0,-28.104,0.06036,0.15,1767,31.5246,12.49664,0.33428
3370,400,2,2,24,0,0,1,1,88.66,0.06031,0.15,1768,31.5246,1.33178,0.33446
3371,220,5,5,29,0,1,0,0,48.695,0.06026,0.15,1768,31.5246,1.61501,0.33446
3372,400,8,3,21,1,0,0,1,104.596,0.0602,0.15,1768,31.5246,1.43711,0.33446
3373,400,8,3,27,1,0,1,1,122.201,0.06015,0.15,1768,31.5246,1.52718,0.33456
3374,79,0,0,13,0,1,0,0,-6.828,0.0601,0.15,1768,31.5246,1.4686,0.33456
3375,312,11,6,35,1,1,1,0,90.849,0.06005,0.15,1768,31.5246,1.7033,0.33456
3376,400,4,4,36,0,0,1,1,111.411,0.06,0.15,1770,31.5246,1.45216,0.33446
3377,340,4,4,31,0,1,0,0,67.205,0.05995,0.15,1770,31.5246,1.41357,0.33446
3378,400,5,5,41,0,0,0,1,114.448,0.0599,0.15,1771,31.5246,1.24895,0.33437
3379,18,1,1,4,0,1,0,0,-18.76,0.05985,0.15,1771,31.5246,2.33967,0.33437
3380,400,7,2,30,1,0,0,1,113.788,0.0598,0.15,1771,31.5246,1.22427,0.33437
3381,56,0,0,17,0,1,0,0,-5.677,0.05976,0.15,1771,31.5246,1.42624,0.33437
3382,358,3,3,22,0,1,0,0,48.937,0.05971,0.15,1775,31.5246,1.53449,0.33408
3383,400,9,4,38,1,0,1,1,138.006,0.05966,0.15,1775,31.5246,1.2757,0.33408
3384,400,3,3,44,0,0,0,1,116.742,0.05961,0.15,1776,31.5246,1.30644,0.33408
3385,400,6,6,60,0,0,0,1,143.79,0.05956,0.15,1776,31.5246,1.49674,0.33408
3386,400,10,5,33,1,0,0,1,123.361,0.05951,0.15,1776,31.5246,1.42093,0.33418
3387,20,0,0,7,0,1,0,0,-20.471,0.05946,0.15,1776,31.5246,3.79383,0.33418
3388,289,12,7,40,1,1,1,0,91.053,0.05941,0.15,1776,31.5246,1.67833,0.33418
3389,173,2,2,31,0,1,2,0,34.438,0.05936,0.15,1777,31.5246,2.39973,0.33418
3390,34,0,0,12,0,1,0,0,-16.442,0.05931,0.15,1777,31.5246,2.57945,0.33418
3391,13,0,0,4,0,1,0,0,-28.021,0.05926,0.15,1777,31.5246,6.21868,0.33418
3392,132,2,2,39,0,1,0,0,28.491,0.05921,0.15,1777,31.5246,1.96247,0.33418
3393,224,11,6,45,1,1,0,0,85.343,0.05916,0.15,1777,31.5246,2.11476,0.33427
3394,83,2,2,16,0,1,0,0,5.199,0.05911,0.15,1777,31.5246,2.18416,0.33427
3395,213,2,2,25,0,1,0,0,33.218,0.05906,0.15,1777,31.5246,1.68605,0.33427
3396,163,1,1,25,0,1,1,0,24.299,0.05901,0.15,1777,31.5246,1.85007,0.33427
3397,400,4,4,49,0,0,1,1,117.185,0.05896,0.15,1777,31.5246,1.5223,0.33427
3398,326,7,2,62,1,0,0,1,135.981,0.05891,0.15,1778,31.5246,1.51225,0.33418
3399,257,7,7,42,0,1,0,0,85.275,0.05887,0.15,1778,31.5246,1.8007,0.33418
3400,28,0,0,14,0,1,0,0,-16.713,0.05882,0.15,1778,31.5246,3.16272,0.33418
3401,27,1,1,7,0,1,0,0,-14.717,0.05877,0.15,1778,31.5246,2.09466,0.33418
3402,400,8,3,41,1,0,0,1,126.89,0.05872,0.15,1778,31.5246,1.48994,0.33418
3403,398,1,1,38,0,1,0,0,71.603,0.05867,0.15,1778,31.5246,1.23666,0.33418
3404,400,8,3,59,1,0,1,1,142.077,0.05862,0.15,1779,31.5246,1.48685,0.33408
3405,162,2,2,38,0,1,0,0,38.548,0.05857,0.15,1779,31.5246,2.16688,0.33408
3406,231,3,3,40,0,1,1,0,49.372,0.05852,0.15,1779,31.5246,1.82288,0.33408
3407,400,8,8,34,0,0,0,1,127.15,0.05847,0.15,1779,31.5246,1.16422,0.33408
3408,400,8,3,46,1,0,1,1,143.965,0.05843,0.15,1779,31.5246,1.41844,0.33418
3409,215,2,2,31,0,1,1,0,36.311,0.05838,0.15,1779,31.5246,1.67579,0.33418
3410,400,4,4,47,0,0,0,1,140.008,0.05833,0.15,1780,31.5246,1.38765,0.33418
3411,72,1,1,19,0,1,0,0,1.499,0.05828,0.15,1780,31.5246,1.50981,0.33418
3412,116,3,3,22,0,1,0,0,20.089,0.05823,0.15,1780,31.5246,2.47569,0.33427
3413,100,3,3,34,0,1,0,0,27.637,0.05818,0.15,1780,31.5246,1.99961,0.33427
3414,85,1,1,19,0,1,0,0,0.988,0.05813,0.15,1780,31.5246,1.89123,0.33427
3415,141,5,5,47,0,1,1,0,53.596,0.05809,0.15,1780,31.5246,2.48772,0.33427
3416,400,2,2,56,0,0,0,1,110.812,0.05804,0.15,1780,31.5246,1.55359,0.33436
3417,400,5,5,47,0,0,0,1,137.247,0.05799,0.15,1781,31.5246,1.36939,0.33436
3418,50,2,2,8,0,1,0,0,-9.593,0.05794,0.15,1781,31.5246,2.29481,0.33446
3419,400,5,5,43,0,0,0,1,124.211,0.05789,0.15,1781,31.5246,1.3149,0.33446
3420,400,5,5,47,0,0,0,1,137.429,0.05784,0.15,1781,31.5246,1.26626,0.33446
3421,5,0,0,3,0,1,0,0,-33.806,0.0578,0.15,1781,31.5246,2.16286,0.33446
3422,92,0,0,12,0,1,0,0,-8.215,0.05775,0.15,1781,31.5246,0.97651,0.33446
3423,400,9,4,60,1,0,0,1,150.983,0.0577,0.15,1781,31.5246,1.38097,0.33446
3424,64,1,1,16,0,1,0,0,-2.122,0.05765,0.15,1781,31.5246,2.20666,0.33446
3425,5,0,0,4,0,1,0,0,-33.206,0.0576,0.15,1781,31.5246,1.57191,0.33446
3426,400,4,4,39,0,0,0,1,102.41,0.05756,0.15,1781,31.5246,1.21484,0.33446
3427,400,4,4,34,0,0,1,1,125.37,0.05751,0.15,1781,31.5246,1.39801,0.33446
3428,116,3,3,31,0,0,0,0,47.346,0.05746,0.15,1781,31.5246,1.69883,0.33464
3429,400,3,3,42,0,0,0,1,118.321,0.05741,0.15,1781,31.5246,1.3554,0.33464
3430,268,2,2,29,0,1,0,0,51.331,0.05736,0.15,1781,31.5246,1.44981,0.33464
3431,400,0,0,23,0,0,0,1,82.109,0.05732,0.15,1783,31.5246,1.2492,0.33446
3432,235,3,3,26,0,1,0,0,31.485,0.05727,0.15,1783,31.5246,1.64918,0.33446
3433,400,9,4,39,1,0,0,1,83.716,0.05722,0.15,1783,31.5246,1.69932,0.33446
3434,133,3,3,33,0,1,0,0,21.672,0.05717,0.15,1783,31.5246,2.34348,0.33446
3435,34,0,0,15,0,1,0,0,-12.475,0.05713,0.15,1783,31.5246,2.58097,0.33446
3436,85,1,1,8,0,1,1,0,-8.006,0.05708,0.15,1783,31.5246,2.13699,0.33446
3437,400,3,3,34,0,0,0,1,105.555,0.05703,0.15,1783,31.5246,1.26299,0.33446
3438,400,2,2,37,0,0,0,1,96.317,0.05698,0.15,1783,31.5246,1.45056,0.33446
3439,400,3,3,41,0,0,0,1,106.788,0.05694,0.15,1783,31.5246,1.36227,0.33446
3440,400,6,6,57,0,0,0,1,139.108,0.05689,0.15,1783,31.5246,1.45518,0.33446
3441,20,0,0,7,0,1,0,0,-22.573,0.05684,0.15,1783,31.5246,3.52485,0.33446
3442,400,6,6,45,0,0,0,1,128.466,0.05679,0.15,1785,31.5246,1.43767,0.33436
3443,89,1,1,33,0,1,0,0,21.285,0.05675,0.15,1785,31.5246,1.69727,0.33436
3444,117,6,6,38,0,1,0,0,40.722,0.0567,0.15,1785,31.5246,2.46074,0.33436
3445,400,4,4,50,0,0,0,1,120.142,0.05665,0.15,1785,31.5246,1.60298,0.33436
3446,49,2,2,17,0,1,1,0,-1.626,0.0566,0.15,1785,31.5246,3.31824,0.33436
3447,400,4,4,39,0,0,0,1,115.61,0.05656,0.15,1785,31.5246,1.3812,0.33436
3448,60,0,0,5,0,1,0,0,-18.905,0.05651,0.15,1785,31.5246,0.82679,0.33436
3449,400,10,5,68,1,0,1,1,159.097,0.05646,0.15,1785,31.5246,1.33637,0.33436
3450,135,2,2,15,0,1,0,0,8.992,0.05642,0.15,1785,31.5246,1.34033,0.33445
3451,13,0,0,7,0,1,0,0,-21.438,0.05637,0.15,1785,31.5246,3.03554,0.33445
3452,13,0,0,3,0,1,0,0,-26.973,0.05632,0.15,1785,31.5246,6.81398,0.33445
3453,400,2,2,44,0,0,0,1,103.65,0.05628,0.15,1789,31.5246,1.46443,0.33417
3454,400,4,4,57,0,0,0,1,142.494,0.05623,0.15,1789,31.5246,1.35054,0.33417
3455,218,4,4,40,0,1,1,0,62.917,0.05618,0.15,1789,31.5246,1.67968,0.33417
3456,258,7,2,38,1,1,1,0,72.527,0.05613,0.15,1790,31.5246,2.04732,0.33408
3457,262,9,4,41,1,1,0,0,71.281,0.05609,0.15,1792,31.5246,1.75112,0.33389
3458,400,4,4,39,0,0,0,1,116.978,0.05604,0.15,1792,31.5246,1.09389,0.33389
3459,400,3,3,52,0,0,0,1,117.16,0.05599,0.15,1793,31.5246,1.14945,0.3338
3460,20,0,0,9,0,1,0,0,-19.171,0.05595,0.15,1793,31.5246,2.48996,0.3338
3461,400,5,5,58,0,0,0,1,129.913,0.0559,0.15,1793,31.5246,1.38412,0.3338
3462,222,4,4,31,0,1,0,0,40.474,0.05585,0.15,1794,31.5246,1.71999,0.3338
3463,400,5,5,48,0,0,0,1,120.708,0.05581,0.15,1794,31.5246,1.01425,0.33389
3464,400,3,3,43,0,0,0,1,107.42,0.05576,0.15,1794,31.5246,1.27755,0.33389
3465,400,2,2,19,0,0,0,1,87.239,0.05572,0.15,1794,31.5246,0.83532,0.33389
3466,201,3,3,37,0,1,0,0,50.17,0.05567,0.15,1794,31.5246,1.93535,0.33398
3467,400,4,4,55,0,0,0,1,127.042,0.05562,0.15,1794,31.5246,1.25262,0.33398
3468,400,8,3,46,1,0,0,1,131.371,0.05558,0.15,1794,31.5246,1.38926,0.33398
3469,400,6,1,37,1,0,0,1,126.473,0.05553,0.15,1794,31.5246,1.40368,0.33398
3470,400,6,6,54,0,0,1,1,131.472,0.05548,0.15,1794,31.5246,1.43354,0.33408
3471,400,2,2,22,0,0,0,1,80.867,0.05544,0.15,1794,31.5246,1.24697,0.33408
3472,381,3,3,54,0,1,1,0,70.964,0.05539,0.15,1794,31.5246,1.60216,0.33408
3473,115,2,2,38,0,1,1,0,30.466,0.05535,0.15,1794,31.5246,2.45472,0.33408
3474,30,0,0,9,0,1,0,0,-15.89,0.0553,0.15,1794,31.5246,2.91514,0.33408
3475,400,14,4,45,2,0,0,1,146.939,0.05525,0.15,1796,31.5246,1.63333,0.33389
3476,97,3,3,25,0,1,0,0,22.609,0.05521,0.15,1796,31.5246,1.61952,0.33389
3477,60,1,1,21,0,1,0,0,4.71,0.05516,0.15,1796,31.5246,1.86486,0.33389
3478,103,0,0,26,0,0,1,0,31.781,0.05512,0.15,1797,31.5246,1.92595,0.33389
3479,400,11,6,40,1,0,0,1,138.898,0.05507,0.15,1798,31.5246,1.36851,0.3338
3480,400,8,3,66,1,0,0,1,137.167,0.05502,0.15,1799,31.5246,1.41118,0.3337
3481,400,4,4,40,0,0,0,1,94.036,0.05498,0.15,1799,31.5246,1.40641,0.3337
3482,400,7,7,40,0,0,0,1,116.766,0.05493,0.15,1799,31.5246,1.21467,0.3337
3483,28,0,0,10,0,1,0,0,-15.444,0.05489,0.15,1799,31.5246,1.32502,0.3337
3484,13,0,0,5,0,1,0,0,-23.975,0.05484,0.15,1799,31.5246,3.59288,0.3337
3485,400,1,1,44,0,0,1,1,117.039,0.05479,0.15,1801,31.5246,1.40544,0.33352
3486,134,7,2,26,1,1,1,0,31.97,0.05475,0.15,1803,31.5246,1.74572,0.33333
3487,400,3,3,45,0,0,0,1,117.138,0.0547,0.15,1804,31.5246,1.27691,0.33324
3488,400,11,6,59,1,0,0,1,148.508,0.05466,0.15,1804,31.5246,1.36787,0.33324
3489,13,0,0,5,0,1,0,0,-23.975,0.05461,0.15,1804,31.5246,3.52481,0.33324
3490,112,2,2,17,0,1,0,0,6.954,0.05457,0.15,1804,31.5246,1.72772,0.33324
3491,17,1,1,5,0,1,0,0,-22.037,0.05452,0.15,1804,31.5246,4.68457,0.33324
3492,54,1,1,14,0,1,0,0,-8.505,0.05448,0.15,1804,31.5246,1.89311,0.33324
3493,400,9,4,54,1,0,0,1,157.841,0.05443,0.15,1804,31.5246,1.15822,0.33324
3494,134,2,2,30,0,1,0,0,26.923,0.05439,0.15,1804,31.5246,2.23218,0.33333
3495,400,2,2,49,0,0,0,1,126.194,0.05434,0.15,1804,31.5246,1.15973,0.33333
3496,400,13,8,91,1,0,0,1,199.931,0.05429,0.15,1804,31.5246,1.4972,0.33333
3497,20,0,0,10,0,1,0,0,-18.557,0.05425,0.15,1804,31.5246,3.00566,0.33333
3498,337,6,1,21,1,1,0,0,43.003,0.0542,0.15,1804,31.5246,0.76116,0.33333
3499,237,5,5,48,0,1,0,0,73.335,0.05416,0.15,1808,31.5246,1.90059,0.33296
3500,400,5,5,61,0,0,0,1,147.663,0.05411,0.15,1809,31.5246,1.22214,0.33287
3501,13,0,0,5,0,1,0,0,-22.323,0.05407,0.15,1809,31.5246,3.00307,0.33287
3502,141,3,3,36,0,1,1,0,29.748,0.05402,0.15,1809,31.5246,1.57574,0.33287
3503,400,7,7,67,0,0,0,1,162.394,0.05398,0.15,1809,31.5246,1.13058,0.33296
3504,298,5,5,33,0,0,0,1,93.582,0.05393,0.15,1811,31.5246,1.3283,0.33278
3505,310,12,7,84,1,0,0,1,173.185,0.05389,0.15,1811,31.5246,1.83926,0.33278
3506,333,10,5,63,1,0,1,1,152.645,0.05384,0.15,1811,31.5246,1.77047,0.33278
3507,400,5,5,55,0,0,0,1,150.155,0.0538,0.15,1813,31.5246,1.27334,0.33269
3508,299,3,3,45,0,1,1,0,76.276,0.05375,0.15,1813,31.5246,2.09381,0.33287
3509,42,0,0,12,0,1,0,0,-13.052,0.05371,0.15,1813,31.5246,2.85457,0.33297
3510,270,11,6,57,1,0,0,1,146.817,0.05366,0.15,1813,31.5246,1.70451,0.33297
3511,400,2,2,51,0,0,0,1,139.615,0.05362,0.15,1813,31.5246,1.23173,0.33297
3512,375,3,3,51,0,1,0,0,96.666,0.05358,0.15,1815,31.5246,1.30223,0.33278
3513,45,1,1,18,0,1,0,0,-1.3,0.05353,0.15,1815,31.5246,2.51024,0.33278
3514,69,2,2,21,0,1,0,0,6.414,0.05349,0.15,1815,31.5246,3.15859,0.33278
3515,92,2,2,36,0,1,0,0,25.888,0.05344,0.15,1815,31.5246,2.31267,0.33278
3516,291,11,6,63,1,0,0,1,157.576,0.0534,0.15,1815,31.5246,1.5814,0.33278
3517,400,11,6,59,1,0,0,1,172.994,0.05335,0.15,1815,31.5246,1.31058,0.33287
3518,186,4,4,38,0,1,0,0,52.969,0.05331,0.15,1816,31.5246,2.02141,0.33278
3519,400,3,3,40,0,0,0,1,131.776,0.05326,0.15,1816,31.5246,1.26686,0.33278
3520,174,3,3,36,0,0,0,0,63.32,0.05322,0.15,1816,31.5246,1.74926,0.33278
3521,400,11,6,49,1,0,0,1,171.17,0.05318,0.15,1819,31.5246,1.32267,0.33251
3522,50,5,0,18,1,1,0,0,10.117,0.05313,0.15,1819,31.5246,2.06771,0.33251
3523,56,3,3,18,0,1,0,0,6.278,0.05309,0.15,1821,31.5246,2.69281,0.33233
3524,282,5,5,76,0,0,0,1,139.763,0.05304,0.15,1821,31.5246,1.61075,0.33233
3525,112,3,3,34,0,1,0,0,34.23,0.053,0.15,1821,31.5246,2.26643,0.33233
3526,20,0,0,12,0,1,0,0,-17.902,0.05295,0.15,1821,31.5246,3.05639,0.33233
3527,5,0,0,1,0,1,0,0,-28.662,0.05291,0.15,1821,31.5246,13.10657,0.33233
3528,264,3,3,53,0,1,0,0,69.819,0.05287,0.15,1821,31.5246,2.01819,0.33233
3529,322,15,5,89,2,0,1,1,188.515,0.05282,0.15,1821,31.5246,2.05966,0.33233
3530,237,10,5,41,1,1,0,0,86.729,0.05278,0.15,1821,31.5246,2.11388,0.33233
3531,240,10,5,64,1,0,0,1,137.85,0.05273,0.15,1821,31.5246,2.04606,0.33233
3532,129,6,6,45,0,1,0,0,55.61,0.05269,0.15,1821,31.5246,2.12742,0.33233
3533,187,9,4,47,1,0,2,0,90.935,0.05265,0.15,1821,31.5246,1.70822,0.33233
3534,34,0,0,17,0,1,0,0,-8.806,0.0526,0.15,1821,31.5246,2.41868,0.33233
3535,317,3,3,73,0,0,0,1,142.057,0.05256,0.15,1821,31.5246,1.64122,0.33233
3536,13,0,0,6,0,1,0,0,-23.152,0.05251,0.15,1821,31.5246,2.86619,0.33233
3537,92,3,3,35,0,1,0,0,26.027,0.05247,0.15,1821,31.5246,2.31098,0.33233
3538,13,0,0,3,0,1,0,0,-26.821,0.05243,0.15,1821,31.5246,4.46705,0.33233
3539,400,10,5,48,1,0,1,1,157.185,0.05238,0.15,1821,31.5246,1.61656,0.33242
3540,200,6,6,60,0,1,0,0,83.395,0.05234,0.15,1822,31.5246,2.1076,0.33233
3541,20,0,0,10,0,1,0,0,-18.559,0.0523,0.15,1822,31.5246,4.35156,0.33233
3542,400,4,4,44,0,0,0,1,133.812,0.05225,0.15,1823,31.5246,1.41575,0.33224
3543,20,0,0,9,0,1,0,0,-18.869,0.05221,0.15,1823,31.5246,4.69868,0.33224
3544,400,7,7,51,0,0,0,1,151.967,0.05217,0.15,1823,31.5246,1.44177,0.33224
3545,79,2,2,34,0,1,0,0,23.311,0.05212,0.15,1823,31.5246,1.92481,0.33224
3546,123,7,2,31,1,0,2,0,60.842,0.05208,0.15,1826,31.5246,2.50344,0.33215
3547,400,5,5,72,0,0,0,1,152.135,0.05204,0.15,1826,31.5246,1.44873,0.33215
3548,400,5,5,54,0,0,0,1,141.857,0.05199,0.15,1826,31.5246,1.42638,0.33233
3549,256,9,4,45,1,1,1,0,87.737,0.05195,0.15,1826,31.5246,2.01663,0.33242
3550,400,6,6,55,0,0,0,1,141.606,0.05191,0.15,1828,31.5246,1.59378,0.33233
3551,63,4,4,28,0,1,0,0,15.258,0.05186,0.15,1828,31.5246,2.78401,0.33233
3552,400,17,7,92,2,0,0,1,211.398,0.05182,0.15,1828,31.5246,1.64702,0.33233
3553,400,11,6,68,1,0,0,1,168.093,0.05178,0.15,1828,31.5246,1.53437,0.33233
3554,344,17,7,73,2,0,0,1,199.6,0.05173,0.15,1828,31.5246,1.91838,0.33233
3555,240,8,8,52,0,1,0,0,91.172,0.05169,0.15,1828,31.5246,1.97886,0.33242
3556,400,19,9,110,2,0,0,1,239.139,0.05165,0.15,1828,31.5246,1.93607,0.33242
3557,13,0,0,5,0,1,0,0,-26.921,0.0516,0.15,1828,31.5246,4.45757,0.33242
3558,400,13,8,66,1,0,1,1,172.475,0.05156,0.15,1828,31.5246,1.66671,0.33242
3559,400,11,6,65,1,0,0,1,166.661,0.05152,0.15,1830,31.5246,1.53408,0.33224
3560,114,3,3,39,0,1,0,0,33.22,0.05147,0.15,1830,31.5246,2.69375,0.33224
3561,400,10,5,63,1,0,0,1,176.033,0.05143,0.15,1830,31.5246,1.38403,0.33224
3562,139,3,3,42,0,1,0,0,43.044,0.05139,0.15,1830,31.5246,2.54407,0.33224
3563,41,3,3,10,0,1,0,0,-0.852,0.05135,0.15,1830,31.5246,2.98278,0.33224
3564,162,3,3,45,0,1,0,0,54.437,0.0513,0.15,1830,31.5246,1.97167,0.33224
3565,110,2,2,32,0,1,0,0,32.162,0.05126,0.15,1830,31.5246,2.04394,0.33224
3566,400,4,4,56,0,0,1,1,149.545,0.05122,0.15,1830,31.5246,1.43638,0.33224
3567,56,6,1,17,1,1,0,0,16.441,0.05118,0.15,1830,31.5246,2.45079,0.33224
3568,94,3,3,32,0,1,0,0,26.697,0.05113,0.15,1830,31.5246,2.82267,0.33224
3569,237,3,3,46,0,1,1,0,66.335,0.05109,0.15,1830,31.5246,2.08117,0.33224
3570,400,12,7,54,1,0,0,1,167.972,0.05105,0.15,1830,31.5246,1.41488,0.33224
3571,24,1,1,9,0,1,0,0,-12.154,0.051,0.15,1830,31.5246,2.99513,0.33224
3572,400,1,1,62,0,0,0,1,126.454,0.05096,0.15,1831,31.5246,1.18153,0.33224
3573,400,7,7,49,0,0,0,1,149.666,0.05092,0.15,1831,31.5246,1.27978,0.33224
3574,400,4,4,59,0,0,0,1,142.172,0.05088,0.15,1831,31.5246,1.43463,0.33224
3575,126,2,2,34,0,1,0,0,28.25,0.05084,0.15,1831,31.5246,2.08701,0.33224
3576,400,4,4,56,0,0,0,1,120.574,0.05079,0.15,1831,31.5246,1.35932,0.33224
3577,400,2,2,43,0,0,0,1,108.15,0.05075,0.15,1832,31.5246,1.39908,0.33215
3578,34,0,0,12,0,1,0,0,-13.198,0.05071,0.15,1832,31.5246,2.00872,0.33215
3579,13,0,0,3,0,1,0,0,-26.969,0.05067,0.15,1832,31.5246,7.26249,0.33215
3580,184,2,2,25,0,0,0,0,36.818,0.05062,0.15,1832,31.5246,2.03255,0.33215
3581,166,6,6,34,0,1,0,0,56.238,0.05058,0.15,1832,31.5246,1.92624,0.33215
3582,186,5,5,50,0,1,0,0,62.867,0.05054,0.15,1832,31.5246,1.96811,0.33215
3583,400,12,7,99,1,0,1,1,199.807,0.0505,0.15,1832,31.5246,1.85998,0.33215
3584,400,10,5,45,1,0,1,1,142.466,0.05046,0.15,1832,31.5246,1.39644,0.33224
3585,400,6,6,60,0,0,0,1,150.703,0.05041,0.15,1832,31.5246,1.23905,0.33224
3586,400,14,9,71,1,0,1,1,172.872,0.05037,0.15,1832,31.5246,1.78082,0.33233
3587,400,4,4,58,0,0,0,1,135.061,0.05033,0.15,1833,31.5246,1.26858,0.33233
3588,313,11,6,84,1,1,0,0,132.934,0.05029,0.15,1835,31.5246,1.95384,0.33215
3589,400,4,4,64,0,0,0,1,146.157,0.05025,0.15,1835,31.5246,1.43241,0.33215
3590,400,10,5,52,1,0,0,1,147.332,0.0502,0.15,1835,31.5246,1.52063,0.33215
3591,146,3,3,48,0,1,0,0,46.695,0.05016,0.15,1835,31.5246,2.07948,0.33215
3592,212,2,2,43,0,1,1,0,39.319,0.05012,0.15,1835,31.5246,2.58916,0.33215
3593,138,5,5,37,0,1,0,0,55.552,0.05008,0.15,1835,31.5246,2.67684,0.33215
3594,40,1,1,19,0,1,0,0,-3.762,0.05004,0.15,1835,31.5246,2.906,0.33215
3595,196,9,4,44,1,1,0,0,77.323,0.05,0.15,1837,31.5246,2.24457,0.33215
3596,338,6,6,59,0,1,0,0,96.459,0.05,0.15,1837,31.5246,1.67278,0.33234
3597,278,5,5,61,0,0,0,0,114.222,0.05,0.15,1837,31.5246,2.25324,0.33234
3598,28,2,2,9,0,1,0,0,-8.99,0.05,0.15,1837,31.5246,3.07723,0.33234
3599,263,6,6,44,0,1,0,0,76.023,0.05,0.15,1837,31.5246,1.81116,0.33234
3600,400,6,6,49,0,0,0,1,139.029,0.05,0.15,1839,31.5246,1.4422,0.33234
3601,400,14,9,83,1,0,0,1,193.096,0.05,0.15,1839,31.5246,1.98987,0.33243
3602,181,9,4,52,1,1,0,0,79.566,0.05,0.15,1839,31.5246,2.28609,0.33243
3603,58,2,2,12,0,0,0,0,22.997,0.05,0.15,1839,31.5246,2.57133,0.33252
3604,51,3,3,22,0,1,0,0,5.334,0.05,0.15,1839,31.5246,2.90135,0.33252
3605,275,11,6,75,1,1,0,0,116.198,0.05,0.15,1839,31.5246,2.27921,0.33252
3606,14,0,0,6,0,1,0,0,-26.623,0.05,0.15,1839,31.5246,4.49362,0.33252
3607,124,11,6,32,1,1,1,0,54.383,0.05,0.15,1841,31.5246,2.10501,0.33234
3608,400,4,4,41,0,0,1,1,111.192,0.05,0.15,1841,31.5246,1.73913,0.33234
3609,56,2,2,15,0,1,0,0,5.486,0.05,0.15,1842,31.5246,2.97764,0.33225
3610,20,0,0,9,0,1,0,0,-19.569,0.05,0.15,1842,31.5246,3.93389,0.33225
3611,369,7,7,56,0,0,2,1,128.982,0.05,0.15,1842,31.5246,1.9075,0.33252
3612,400,3,3,64,0,0,0,1,146.214,0.05,0.15,1842,31.5246,1.28714,0.33252
3613,400,5,5,61,0,0,1,1,156.885,0.05,0.15,1842,31.5246,1.28788,0.33261
3614,390,4,4,69,0,1,0,0,104.793,0.05,0.15,1843,31.5246,1.55089,0.3327
3615,35,0,0,14,0,1,0,0,-10.145,0.05,0.15,1843,31.5246,2.72544,0.3327
3616,13,0,0,4,0,1,0,0,-24.573,0.05,0.15,1843,31.5246,5.67603,0.3327
3617,400,9,4,57,1,0,0,1,148.718,0.05,0.15,1843,31.5246,1.49436,0.3327
3618,400,8,8,37,0,0,1,1,135.255,0.05,0.15,1843,31.5246,1.34226,0.3327
3619,33,1,1,17,0,1,0,0,-6.973,0.05,0.15,1843,31.5246,2.32626,0.3327
3620,146,1,1,43,0,1,1,0,29.465,0.05,0.15,1844,31.5246,2.76208,0.33261
3621,7,0,0,4,0,1,0,0,-24.848,0.05,0.15,1844,31.5246,5.96327,0.33261
3622,51,6,1,15,1,1,1,0,13.403,0.05,0.15,1844,31.5246,2.58388,0.33261
3623,241,7,7,52,0,1,0,0,80.372,0.05,0.15,1844,31.5246,1.94022,0.33261
3624,312,11,6,44,1,0,1,1,133.549,0.05,0.15,1845,31.5246,1.82602,0.33261
3625,400,13,8,88,1,0,0,1,193.551,0.05,0.15,1846,31.5246,1.77756,0.33252
3626,13,0,0,5,0,1,0,0,-27.275,0.05,0.15,1846,31.5246,6.08545,0.33252
3627,123,4,4,33,0,1,2,0,37.013,0.05,0.15,1846,31.5246,2.44343,0.33252
3628,71,0,0,32,0,1,0,0,11.334,0.05,0.15,1846,31.5246,2.48553,0.33252
3629,400,7,7,62,0,0,0,1,164.214,0.05,0.15,1846,31.5246,1.37053,0.33252
3630,400,4,4,57,0,0,0,1,132.444,0.05,0.15,1846,31.5246,1.30875,0.33252
3631,47,2,2,18,0,1,0,0,2.036,0.05,0.15,1846,31.5246,2.66757,0.33252
3632,400,7,7,71,0,0,0,1,160.249,0.05,0.15,1846,31.5246,1.51505,0.33252
3633,400,4,4,57,0,0,1,1,147.132,0.05,0.15,1846,31.5246,1.50117,0.33252
3634,64,0,0,27,0,1,0,0,0.191,0.05,0.15,1846,31.5246,2.74808,0.33261
3635,27,1,1,13,0,1,0,0,-14.004,0.05,0.15,1846,31.5246,3.49168,0.33261
3636,33,1,1,16,0,1,0,0,-7.573,0.05,0.15,1846,31.5246,2.88431,0.33261
3637,400,7,7,48,0,0,0,1,138.248,0.05,0.15,1846,31.5246,1.45132,0.33261
3638,400,16,6,67,2,0,0,1,182.77,0.05,0.15,1846,31.5246,1.60487,0.33261
3639,400,9,4,52,1,0,0,1,144.186,0.05,0.15,1847,31.5246,1.64818,0.33261
3640,371,9,4,57,1,1,0,0,112.775,0.05,0.15,1849,31.5246,1.77213,0.33243
3641,393,4,4,59,0,0,1,1,136.761,0.05,0.15,1849,31.5246,1.88444,0.33243
3642,400,4,4,56,0,0,0,1,151.428,0.05,0.15,1849,31.5246,1.20875,0.33243
3643,400,3,3,54,0,0,0,1,131.061,0.05,0.15,1849,31.5246,1.25373,0.33243
3644,400,6,6,52,0,0,0,1,141.834,0.05,0.15,1849,31.5246,1.41361,0.33243
3645,154,10,5,39,1,1,2,0,65.85,0.05,0.15,1849,31.5246,2.59052,0.33243
3646,372,15,5,77,2,0,2,1,189.198,0.05,0.15,1849,31.5246,1.86665,0.33243
3647,215,3,3,38,0,1,1,0,61.071,0.05,0.15,1849,31.5246,1.90669,0.33252
3648,400,5,5,56,0,0,1,1,136.985,0.05,0.15,1849,31.5246,1.972,0.33252
3649,400,13,8,70,1,0,0,1,177.816,0.05,0.15,1851,31.5246,1.58895,0.33234
3650,365,10,5,39,1,1,0,0,94.17,0.05,0.15,1851,31.5246,1.64195,0.33234
3651,28,0,0,15,0,1,0,0,-20.782,0.05,0.15,1851,31.5246,4.45239,0.33234
3652,13,0,0,5,0,1,0,0,-25.773,0.05,0.15,1851,31.5246,7.56859,0.33234
3653,400,10,5,51,1,0,0,1,139.586,0.05,0.15,1852,31.5246,1.57507,0.33225
3654,400,4,4,40,0,0,0,1,107.906,0.05,0.15,1852,31.5246,1.24154,0.33225
3655,400,6,6,39,0,0,0,1,112.286,0.05,0.15,1852,31.5246,1.40235,0.33225
3656,20,0,0,8,0,1,0,0,-23.173,0.05,0.15,1852,31.5246,3.65216,0.33225
3657,145,4,4,23,0,1,0,0,26.842,0.05,0.15,1852,31.5246,2.11879,0.33225
3658,61,2,2,21,0,1,0,0,-2.996,0.05,0.15,1852,31.5246,3.51258,0.33225
3659,400,6,6,41,0,0,0,1,110.702,0.05,0.15,1853,31.5246,1.22671,0.33216
3660,41,0,0,13,0,1,0,0,-11.41,0.05,0.15,1853,31.5246,1.78998,0.33216
3661,20,0,0,6,0,1,0,0,-19.726,0.05,0.15,1853,31.5246,2.31649,0.33216
3662,400,5,5,46,0,0,0,1,106.161,0.05,0.15,1853,31.5246,1.06058,0.33216
3663,23,0,0,8,0,1,0,0,-24.375,0.05,0.15,1853,31.5246,4.98193,0.33216
3664,400,10,5,27,1,0,0,1,115.797,0.05,0.15,1853,31.5246,1.27278,0.33216
3665,5,0,0,1,0,1,0,0,-28.704,0.05,0.15,1853,31.5246,12.59328,0.33216
3666,13,0,0,5,0,1,0,0,-25.773,0.05,0.15,1853,31.5246,6.79689,0.33216
3667,400,2,2,31,0,0,0,1,91.794,0.05,0.15,1853,31.5246,1.50956,0.33216
3668,17,0,0,4,0,1,0,0,-27.669,0.05,0.15,1853,31.5246,3.7946,0.33216
3669,11,0,0,4,0,1,0,0,-23.99,0.05,0.15,1853,31.5246,3.1802,0.33216
3670,400,2,2,16,0,0,0,1,100.732,0.05,0.15,1853,31.5246,1.42412,0.33216
3671,54,3,3,19,0,1,0,0,2.946,0.05,0.15,1853,31.5246,2.9917,0.33216
3672,400,7,2,19,1,0,1,1,94.769,0.05,0.15,1853,31.5246,1.18756,0.33216
3673,42,0,0,10,0,1,0,0,-13.84,0.05,0.15,1853,31.5246,1.62146,0.33216
3674,157,0,0,8,0,1,0,0,-0.722,0.05,0.15,1853,31.5246,0.98091,0.33216
3675,72,1,1,18,0,1,0,0,-2.572,0.05,0.15,1853,31.5246,1.89236,0.33216
3676,400,1,1,23,0,0,0,1,81.36,0.05,0.15,1853,31.5246,1.23615,0.33216
3677,400,7,2,26,1,0,0,1,94.986,0.05,0.15,1855,31.5246,1.41656,0.33199
3678,400,9,4,24,1,0,1,1,115.857,0.05,0.15,1855,31.5246,1.55527,0.33199
3679,124,0,0,22,0,1,0,0,1.294,0.05,0.15,1855,31.5246,1.79542,0.33199
3680,400,2,2,35,0,0,0,1,114.787,0.05,0.15,1855,31.5246,1.33204,0.33199
3681,109,1,1,6,0,1,0,0,-3.999,0.05,0.15,1855,31.5246,1.51115,0.33199
3682,5,0,0,4,0,1,0,0,-33.206,0.05,0.15,1855,31.5246,1.79362,0.33199
3683,400,2,2,32,0,0,0,1,93.22,0.05,0.15,1855,31.5246,1.14551,0.33199
3684,169,2,2,46,0,1,0,0,40.087,0.05,0.15,1856,31.5246,1.80508,0.3319
3685,400,3,3,33,0,0,0,1,101.152,0.05,0.15,1856,31.5246,1.12089,0.3319
3686,400,2,2,24,0,0,1,1,84.24,0.05,0.15,1856,31.5246,0.91094,0.3319
3687,13,0,0,5,0,1,0,0,-23.975,0.05,0.15,1856,31.5246,3.5511,0.3319
3688,13,0,0,3,0,1,0,0,-25.173,0.05,0.15,1856,31.5246,5.49853,0.3319
3689,400,4,4,27,0,0,2,1,108.555,0.05,0.15,1856,31.5246,1.16462,0.3319
3690,15,0,0,4,0,1,0,0,-27.471,0.05,0.15,1856,31.5246,3.747,0.3319
3691,110,0,0,11,0,1,0,0,-15.562,0.05,0.15,1856,31.5246,1.99226,0.3319
3692,306,4,4,48,0,1,0,0,69.454,0.05,0.15,1856,31.5246,1.6697,0.3319
3693,132,2,2,13,0,1,0,0,5.48,0.05,0.15,1856,31.5246,2.08359,0.3319
3694,400,8,3,31,1,0,0,1,116.755,0.05,0.15,1856,31.5246,1.46709,0.3319
3695,312,3,3,28,0,1,1,0,54.069,0.05,0.15,1856,31.5246,1.71766,0.3319
3696,47,1,1,4,0,1,0,0,-17.527,0.05,0.15,1856,31.5246,1.26907,0.3319
3697,140,2,2,16,0,1,0,0,13.399,0.05,0.15,1856,31.5246,1.85454,0.3319
3698,62,0,0,8,0,1,0,0,-19.21,0.05,0.15,1856,31.5246,1.77381,0.3319
3699,78,0,0,5,0,1,0,0,-16.298,0.05,0.15,1856,31.5246,2.10264,0.3319
3700,400,7,2,30,1,0,1,1,102.441,0.05,0.15,1857,31.5246,1.65339,0.33181
3701,400,0,0,19,0,0,0,1,69.163,0.05,0.15,1858,31.5246,1.61724,0.33172
3702,400,5,5,25,0,0,0,1,88.463,0.05,0.15,1858,31.5246,1.19625,0.33172
3703,400,8,3,12,1,0,0,1,76.171,0.05,0.15,1858,31.5246,1.55584,0.33172
3704,400,2,2,20,0,0,1,1,60.986,0.05,0.15,1858,31.5246,1.52664,0.33172
3705,58,1,1,7,0,1,0,0,-16.692,0.05,0.15,1858,31.5246,2.42107,0.33172
3706,400,10,5,27,1,0,0,1,112.147,0.05,0.15,1858,31.5246,1.41237,0.33181
3707,118,0,0,15,0,0,1,0,12.997,0.05,0.15,1858,31.5246,1.96675,0.33208
3708,33,0,0,6,0,1,0,0,-22.864,0.05,0.15,1858,31.5246,3.07917,0.33208
3709,400,1,1,29,0,0,0,1,54.917,0.05,0.15,1858,31.5246,1.4283,0.33208
3710,202,2,2,23,0,1,1,0,18.174,0.05,0.15,1858,31.5246,1.91953,0.33226
3711,213,2,2,29,0,1,0,0,36.872,0.05,0.15,1858,31.5246,1.3601,0.33226
3712,42,0,0,7,0,1,0,0,-17.789,0.05,0.15,1858,31.5246,2.10193,0.33226
3713,31,1,1,4,0,1,0,0,-18.874,0.05,0.15,1858,31.5246,3.58359,0.33226
3714,117,1,1,7,0,1,0,0,3.651,0.05,0.15,1858,31.5246,1.8049,0.33235
3715,400,2,2,21,0,0,0,1,91.394,0.05,0.15,1858,31.5246,1.05978,0.33235
3716,400,3,3,38,0,0,0,1,107.043,0.05,0.15,1860,31.5246,1.52612,0.33217
3717,400,4,4,21,0,0,0,1,112.576,0.05,0.15,1860,31.5246,1.00209,0.33217
3718,88,4,4,16,0,1,0,0,6.183,0.05,0.15,1860,31.5246,1.91365,0.33217
3719,400,4,4,45,0,0,0,1,104.36,0.05,0.15,1861,31.5246,1.43683,0.33208
3720,400,3,3,17,0,0,0,1,94.005,0.05,0.15,1861,31.5246,1.19341,0.33208
3721,5,0,0,2,0,1,0,0,-28.104,0.05,0.15,1861,31.5246,12.33995,0.33208
3722,128,1,1,10,0,1,0,0,3.723,0.05,0.15,1861,31.5246,1.83601,0.33208
3723,308,9,4,32,1,1,1,0,75.061,0.05,0.15,1861,31.5246,1.48406,0.33208
3724,19,0,0,3,0,1,0,0,-31.88,0.05,0.15,1861,31.5246,2.02398,0.33208
3725,204,1,1,28,0,1,2,0,30.616,0.05,0.15,1862,31.5246,1.54819,0.33199
3726,400,3,3,25,0,0,0,1,102.269,0.05,0.15,1862,31.5246,0.98019,0.33199
3727,320,2,2,10,0,1,0,0,27.58,0.05,0.15,1862,31.5246,1.29557,0.33199
3728,400,1,1,11,0,0,0,1,86.825,0.05,0.15,1862,31.5246,0.82164,0.33199
3729,400,2,2,31,0,0,0,1,105.661,0.05,0.15,1862,31.5246,0.95639,0.33199
3730,400,0,0,18,0,0,0,1,90.463,0.05,0.15,1862,31.5246,0.7054,0.33199
3731,33,1,1,9,0,1,0,0,-15.731,0.05,0.15,1862,31.5246,2.94755,0.33199
3732,25,1,1,4,0,1,0,0,-18.889,0.05,0.15,1862,31.5246,3.702,0.33199
3733,400,2,2,27,0,0,0,1,107.314,0.05,0.15,1862,31.5246,0.9542,0.33199
3734,400,4,4,25,0,0,0,1,102.857,0.05,0.15,1862,31.5246,1.07289,0.33199
3735,160,2,2,30,0,1,0,0,34.494,0.05,0.15,1862,31.5246,1.54268,0.33199
3736,400,0,0,18,0,0,2,1,77.581,0.05,0.15,1862,31.5246,1.23701,0.33199
3737,194,3,3,23,0,0,0,0,53.319,0.05,0.15,1862,31.5246,1.4797,0.33199
3738,126,2,2,16,0,1,0,0,15.362,0.05,0.15,1862,31.5246,1.43563,0.33199
3739,400,4,4,30,0,0,2,1,100.289,0.05,0.15,1862,31.5246,1.55294,0.33199
3740,37,0,0,7,0,1,0,0,-21.451,0.05,0.15,1862,31.5246,2.13853,0.33199
3741,212,2,2,25,0,1,0,0,25.241,0.05,0.15,1862,31.5246,1.26434,0.33199
3742,135,0,0,10,0,1,1,0,-3.63,0.05,0.15,1862,31.5246,2.00226,0.33199
3743,400,6,1,20,1,0,0,1,69.2,0.05,0.15,1863,31.5246,1.80375,0.3319
3744,400,1,1,13,0,0,1,1,72.485,0.05,0.15,1864,31.5246,1.63961,0.33181
3745,400,10,5,25,1,0,0,1,127.708,0.05,0.15,1865,31.5246,1.21387,0.33181
3746,27,0,0,8,0,1,0,0,-17.599,0.05,0.15,1865,31.5246,2.24587,0.33181
3747,400,0,0,22,0,0,0,1,82.531,0.05,0.15,1865,31.5246,1.3327,0.33181
3748,400,4,4,24,0,0,1,1,100.368,0.05,0.15,1865,31.5246,1.29308,0.33181
3749,400,14,4,36,2,0,0,1,123.756,0.05,0.15,1865,31.5246,1.69199,0.33181
3750,78,1,1,12,0,1,1,0,-2.13,0.05,0.15,1867,31.5246,2.35098,0.33173
3751,400,10,5,42,1,0,0,1,139.939,0.05,0.15,1868,31.5246,1.53229,0.33191
3752,13,0,0,6,0,1,0,0,-23.552,0.05,0.15,1868,31.5246,4.44985,0.33191
3753,36,0,0,14,0,1,0,0,-11.367,0.05,0.15,1868,31.5246,2.30152,0.33191
3754,400,6,1,39,1,0,0,1,111.792,0.05,0.15,1869,31.5246,1.40855,0.33182
3755,400,8,8,64,0,0,0,1,160.771,0.05,0.15,1869,31.5246,1.51631,0.33182
3756,247,9,4,59,1,1,0,0,92.544,0.05,0.15,1869,31.5246,1.50348,0.33191
3757,400,2,2,58,0,0,1,1,119.962,0.05,0.15,1869,31.5246,1.60821,0.33191
3758,377,5,5,61,0,0,0,1,115.18,0.05,0.15,1871,31.5246,1.51349,0.33173
3759,350,1,1,37,0,1,1,0,52.319,0.05,0.15,1872,31.5246,1.66227,0.33164
3760,14,0,0,4,0,1,0,0,-24.051,0.05,0.15,1872,31.5246,3.5648,0.33164
3761,400,6,6,60,0,0,0,1,134.909,0.05,0.15,1873,31.5246,1.34603,0.33155
3762,179,3,3,37,0,1,1,0,39.214,0.05,0.15,1873,31.5246,1.7995,0.33164
3763,13,0,0,3,0,1,0,0,-25.173,0.05,0.15,1873,31.5246,5.82472,0.33164
3764,50,1,1,11,0,1,0,0,-9.335,0.05,0.15,1873,31.5246,3.62403,0.33164
3765,400,3,3,65,0,0,0,1,119.31,0.05,0.15,1873,31.5246,1.36624,0.33164
3766,400,7,2,36,1,0,0,1,103.719,0.05,0.15,1873,31.5246,1.6428,0.33164
3767,34,0,0,14,0,1,0,0,-10.61,0.05,0.15,1873,31.5246,2.56675,0.33164
3768,400,3,3,45,0,0,0,1,102.736,0.05,0.15,1873,31.5246,1.42771,0.33164
3769,400,2,2,60,0,0,0,1,118.571,0.05,0.15,1873,31.5246,1.36409,0.33164
3770,13,0,0,4,0,1,0,0,-24.573,0.05,0.15,1873,31.5246,5.81198,0.33164
3771,400,6,1,28,1,0,1,1,100.345,0.05,0.15,1874,31.5246,1.54335,0.33164
3772,400,1,1,47,0,0,2,1,88.638,0.05,0.15,1874,31.5246,0.93477,0.33173
3773,400,6,6,62,0,0,0,1,138.359,0.05,0.15,1874,31.5246,1.4912,0.33173
3774,400,2,2,33,0,0,0,1,87.718,0.05,0.15,1874,31.5246,1.23628,0.33173
3775,400,5,5,39,0,0,0,1,111.149,0.05,0.15,1875,31.5246,1.25232,0.33164
3776,400,4,4,54,0,0,1,1,127.282,0.05,0.15,1876,31.5246,1.26009,0.33165
3777,400,7,2,50,1,0,0,1,123.322,0.05,0.15,1876,31.5246,1.41047,0.33165
3778,400,4,4,45,0,0,0,1,98.595,0.05,0.15,1876,31.5246,0.98517,0.33173
3779,400,9,4,58,1,0,0,1,141.846,0.05,0.15,1876,31.5246,1.51008,0.33173
3780,192,2,2,54,0,1,0,0,52.043,0.05,0.15,1876,31.5246,2.02353,0.33173
3781,217,5,5,59,0,1,0,0,77.033,0.05,0.15,1876,31.5246,2.09826,0.33173
3782,292,2,2,50,0,1,0,0,68.339,0.05,0.15,1876,31.5246,1.77858,0.33182
3783,211,2,2,47,0,1,0,0,52.147,0.05,0.15,1876,31.5246,1.6328,0.33182
3784,317,3,3,73,0,0,0,1,125.01,0.05,0.15,1876,31.5246,1.57098,0.332
3785,400,8,3,51,1,0,1,1,133.511,0.05,0.15,1876,31.5246,1.39122,0.33209
3786,124,4,4,46,0,1,1,0,48.803,0.05,0.15,1876,31.5246,2.52495,0.33209
3787,400,2,2,58,0,0,1,1,128.931,0.05,0.15,1876,31.5246,1.55274,0.33209
3788,400,8,3,44,1,0,0,1,128.049,0.05,0.15,1876,31.5246,1.39302,0.33209
3789,400,10,5,76,1,0,0,1,169.449,0.05,0.15,1876,31.5246,1.69444,0.33209
3790,400,8,3,69,1,0,0,1,135.336,0.05,0.15,1876,31.5246,1.70044,0.33209
3791,400,2,2,50,0,0,0,1,112.721,0.05,0.15,1876,31.5246,1.17825,0.33209
3792,400,10,5,52,1,0,0,1,143.845,0.05,0.15,1876,31.5246,1.28847,0.33209
3793,142,3,3,48,0,1,0,0,40.464,0.05,0.15,1876,31.5246,2.16008,0.33209
3794,175,4,4,35,0,1,0,0,40.392,0.05,0.15,1876,31.5246,2.01197,0.33209
3795,400,4,4,38,0,0,0,1,110.402,0.05,0.15,1876,31.5246,1.11639,0.33209
3796,314,14,4,48,2,1,3,0,104.173,0.05,0.15,1877,31.5246,2.15975,0.332
3797,400,5,5,65,0,0,0,1,143.476,0.05,0.15,1877,31.5246,1.30885,0.332
3798,148,4,4,52,0,1,0,0,55.132,0.05,0.15,1878,31.5246,1.87247,0.33191
3799,172,3,3,36,0,1,0,0,33.46,0.05,0.15,1878,31.5246,1.98145,0.33191
3800,27,0,0,14,0,1,0,0,-16.919,0.05,0.15,1878,31.5246,3.3766,0.33191
3801,400,3,3,38,0,0,0,1,103.837,0.05,0.15,1878,31.5246,1.28653,0.33191
3802,39,1,1,16,0,1,0,0,-4.927,0.05,0.15,1878,31.5246,3.55197,0.33191
3803,400,6,1,42,1,0,0,1,116.232,0.05,0.15,1878,31.5246,1.49469,0.33191
3804,69,3,3,19,0,1,0,0,8.106,0.05,0.15,1878,31.5246,2.14652,0.33191
3805,93,2,2,28,0,1,0,0,19.14,0.05,0.15,1878,31.5246,2.14587,0.33191
3806,400,4,4,55,0,0,0,1,127.635,0.05,0.15,1878,31.5246,1.25202,0.33191
3807,13,0,0,3,0,1,0,0,-23.523,0.05,0.15,1878,31.5246,3.56718,0.33191
3808,91,2,2,33,0,1,0,0,21.357,0.05,0.15,1878,31.5246,2.1258,0.33191
3809,113,4,4,37,0,1,0,0,36.099,0.05,0.15,1879,31.5246,2.47498,0.33183
3810,55,0,0,17,0,1,0,0,-7.052,0.05,0.15,1879,31.5246,2.49189,0.33183
3811,380,3,3,57,0,0,0,1,124.567,0.05,0.15,1880,31.5246,1.3612,0.33174
3812,88,0,0,26,0,1,0,0,4.979,0.05,0.15,1880,31.5246,2.55364,0.33174
3813,251,8,3,67,1,0,0,1,140.64,0.05,0.15,1881,31.5246,2.07,0.33165
3814,12,0,0,5,0,1,0,0,-27.623,0.05,0.15,1881,31.5246,5.6036,0.33165
3815,400,8,8,44,0,0,0,1,138.585,0.05,0.15,1881,31.5246,1.16011,0.33165
3816,400,13,8,85,1,0,0,1,202.739,0.05,0.15,1881,31.5246,1.75919,0.33174
3817,400,7,7,52,0,0,0,1,145.61,0.05,0.15,1881,31.5246,1.19233,0.33174
3818,157,5,5,45,0,1,0,0,56.512,0.05,0.15,1881,31.5246,2.13095,0.33174
3819,400,9,4,56,1,0,1,1,150.176,0.05,0.15,1882,31.5246,1.40942,0.33174
3820,400,7,7,44,0,0,2,1,130.457,0.05,0.15,1882,31.5246,1.49959,0.33174
3821,247,5,5,45,0,1,0,0,76.241,0.05,0.15,1885,31.5246,2.08351,0.33165
3822,400,7,2,38,1,0,0,1,119.877,0.05,0.15,1888,31.5246,1.4275,0.33157
3823,400,8,3,54,1,0,0,1,157.941,0.05,0.15,1888,31.5246,1.49741,0.33166
3824,61,1,1,21,0,1,0,0,5.624,0.05,0.15,1888,31.5246,1.80765,0.33166
3825,400,7,7,87,0,0,0,1,174.625,0.05,0.15,1888,31.5246,1.61945,0.33166
3826,44,0,0,11,0,1,0,0,-11.999,0.05,0.15,1888,31.5246,3.69956,0.33166
3827,252,6,6,55,0,1,0,0,81.889,0.05,0.15,1888,31.5246,1.58158,0.33166
3828,350,12,7,100,1,0,0,1,198.535,0.05,0.15,1888,31.5246,1.78717,0.33166
3829,400,4,4,64,0,0,0,1,133.578,0.05,0.15,1889,31.5246,1.5906,0.33157
3830,95,4,4,33,0,1,0,0,22.848,0.05,0.15,1890,31.5246,2.32788,0.33157
3831,400,10,5,50,1,0,0,1,140.332,0.05,0.15,1890,31.5246,1.54554,0.33157
3832,317,7,7,51,0,1,1,0,105.774,0.05,0.15,1890,31.5246,1.67911,0.33183
3833,400,3,3,54,0,0,0,1,130.382,0.05,0.15,1890,31.5246,1.46256,0.33183
3834,400,6,6,51,0,0,0,1,137.304,0.05,0.15,1890,31.5246,1.63486,0.33183
3835,303,4,4,37,0,1,0,0,54.68,0.05,0.15,1891,31.5246,1.72952,0.33175
3836,337,9,4,63,1,0,0,1,145.259,0.05,0.15,1892,31.5246,1.49424,0.33166
3837,400,6,6,63,0,0,0,1,143.879,0.05,0.15,1892,31.5246,1.40063,0.33175
3838,21,1,1,11,0,1,0,0,-16.67,0.05,0.15,1892,31.5246,4.31676,0.33175
3839,400,5,5,41,0,0,0,1,113.573,0.05,0.15,1892,31.5246,1.58134,0.33175
3840,112,4,4,32,0,1,0,0,31.832,0.05,0.15,1895,31.5246,1.9451,0.33149
3841,343,4,4,47,0,1,0,0,70.774,0.05,0.15,1896,31.5246,2.07517,0.33158
3842,400,9,4,39,1,0,0,1,111.343,0.05,0.15,1896,31.5246,1.37713,0.33158
3843,400,4,4,39,0,0,0,1,120.27,0.05,0.15,1896,31.5246,1.46603,0.33158
3844,400,10,5,57,1,0,0,1,140.502,0.05,0.15,1897,31.5246,1.69135,0.33149
3845,335,5,5,33,0,1,0,0,73.829,0.05,0.15,1897,31.5246,1.70078,0.33149
3846,13,0,0,5,0,1,0,0,-23.973,0.05,0.15,1897,31.5246,5.36412,0.33149
3847,248,5,5,48,0,1,0,0,72.665,0.05,0.15,1898,31.5246,2.04995,0.3314
3848,353,6,6,51,0,1,0,0,85.316,0.05,0.15,1899,31.5246,1.94488,0.3314
3849,110,1,1,27,0,1,0,0,11.516,0.05,0.15,1899,31.5246,2.02112,0.3314
3850,13,0,0,5,0,1,0,0,-23.975,0.05,0.15,1899,31.5246,3.56841,0.3314
3851,400,5,5,53,0,0,1,1,148.551,0.05,0.15,1899,31.5246,1.33346,0.3314
3852,74,2,2,23,0,1,0,0,11.872,0.05,0.15,1899,31.5246,3.02314,0.3314
3853,93,2,2,21,0,1,0,0,14.304,0.05,0.15,1899,31.5246,2.56753,0.3314
3854,21,0,0,8,0,1,0,0,-19.289,0.05,0.15,1899,31.5246,4.13073,0.3314
3855,27,0,0,9,0,1,0,0,-17.529,0.05,0.15,1899,31.5246,3.82578,0.3314
3856,58,1,1,13,0,1,0,0,-5.046,0.05,0.15,1899,31.5246,2.63531,0.3314
3857,27,0,0,10,0,1,0,0,-17.667,0.05,0.15,1899,31.5246,3.59137,0.3314
3858,96,3,3,21,0,1,0,0,13.639,0.05,0.15,1899,31.5246,2.54935,0.33149
3859,307,10,5,48,1,1,0,0,89.701,0.05,0.15,1899,31.5246,1.94561,0.33149
3860,400,5,5,49,0,0,2,1,140.734,0.05,0.15,1901,31.5246,1.39977,0.3314
3861,325,10,5,85,1,0,0,1,173.55,0.05,0.15,1901,31.5246,1.81195,0.3314
3862,295,2,2,52,0,1,0,0,62.239,0.05,0.15,1901,31.5246,1.84785,0.3314
3863,400,3,3,64,0,0,2,1,136.291,0.05,0.15,1901,31.5246,1.30052,0.33149
3864,294,13,8,82,1,0,0,1,178.15,0.05,0.15,1901,31.5246,1.77063,0.33149
3865,154,5,5,55,0,1,1,0,59.225,0.05,0.15,1901,31.5246,2.13429,0.33158
3866,394,13,8,66,1,0,0,1,172.27,0.05,0.15,1904,31.5246,1.77391,0.33132
3867,400,10,5,68,1,0,0,1,178.853,0.05,0.15,1905,31.5246,1.3196,0.33123
3868,129,3,3,47,0,1,0,0,46.532,0.05,0.15,1905,31.5246,2.22075,0.33123
3869,400,5,5,67,0,0,0,1,157.914,0.05,0.15,1905,31.5246,1.26093,0.33123
3870,151,1,1,56,0,1,0,0,49.088,0.05,0.15,1905,31.5246,2.1279,0.33123
3871,400,5,5,59,0,0,0,1,159.83,0.05,0.15,1905,31.5246,1.17388,0.33123
3872,94,3,3,47,0,1,0,0,37.716,0.05,0.15,1905,31.5246,2.25695,0.33123
3873,400,4,4,56,0,0,1,1,147.456,0.05,0.15,1905,31.5246,1.35619,0.33123
3874,182,6,6,65,0,1,0,0,79.379,0.05,0.15,1906,31.5246,2.08203,0.33115
3875,178,9,4,41,1,1,0,0,61.932,0.05,0.15,1908,31.5246,2.51149,0.33097
3876,400,9,4,54,1,0,0,1,166.102,0.05,0.15,1908,31.5246,1.3766,0.33097
3877,14,0,0,6,0,1,0,0,-26.563,0.05,0.15,1908,31.5246,4.29599,0.33097
3878,400,3,3,62,0,0,0,1,160.43,0.05,0.15,1908,31.5246,1.25395,0.33097
3879,400,9,4,49,1,0,2,1,163.191,0.05,0.15,1911,31.5246,1.62026,0.33089
3880,400,9,4,71,1,0,0,1,180.769,0.05,0.15,1911,31.5246,1.43896,0.33089
3881,400,5,5,59,0,0,0,1,164.284,0.05,0.15,1911,31.5246,0.90056,0.33089
3882,285,14,9,63,1,0,0,1,160.015,0.05,0.15,1912,31.5246,1.66738,0.33081
3883,308,10,5,59,1,1,2,0,109.189,0.05,0.15,1913,31.5246,2.10817,0.33081
3884,400,6,6,45,0,0,1,1,152.907,0.05,0.15,1913,31.5246,1.26163,0.33081
3885,313,5,5,61,0,1,1,0,86.55,0.05,0.15,1913,31.5246,1.67054,0.33098
3886,342,17,7,89,2,1,0,0,171.238,0.05,0.15,1913,31.5246,1.83736,0.33098
3887,400,6,6,73,0,0,1,1,173.427,0.05,0.15,1913,31.5246,1.08694,0.33098
3888,98,3,3,29,0,1,1,0,25.763,0.05,0.15,1913,31.5246,2.43207,0.33098
3889,14,0,0,8,0,1,0,0,-21.403,0.05,0.15,1913,31.5246,5.40619,0.33098
3890,373,17,7,104,2,0,0,1,222.058,0.05,0.15,1914,31.5246,1.93625,0.33098
3891,377,16,6,84,2,1,0,0,173.927,0.05,0.15,1915,31.5246,1.74051,0.33098
3892,400,2,2,59,0,0,0,1,130.734,0.05,0.15,1916,31.5246,1.34399,0.3309
3893,357,12,7,74,1,0,0,1,165.626,0.05,0.15,1918,31.5246,1.73353,0.33073
3894,280,2,2,61,0,0,0,1,122.766,0.05,0.15,1918,31.5246,1.42745,0.33073
3895,152,3,3,44,0,1,0,0,48.999,0.05,0.15,1918,31.5246,2.09714,0.33073
3896,260,4,4,58,0,1,0,0,55.661,0.05,0.15,1919,31.5246,1.9191,0.33081
3897,251,5,5,61,0,0,0,0,85.233,0.05,0.15,1919,31.5246,2.02562,0.33081
3898,400,7,7,54,0,0,0,1,117.313,0.05,0.15,1919,31.5246,1.60734,0.33081
3899,71,3,3,27,0,1,0,0,5.927,0.05,0.15,1919,31.5246,2.76068,0.33081
3900,20,0,0,8,0,1,0,0,-19.487,0.05,0.15,1919,31.5246,2.5686,0.33081
3901,400,6,6,57,0,0,0,1,130.563,0.05,0.15,1919,31.5246,1.02397,0.33081
3902,13,0,0,4,0,1,0,0,-25.973,0.05,0.15,1919,31.5246,7.20588,0.33081
3903,400,10,5,51,1,0,1,1,153.352,0.05,0.15,1920,31.5246,1.69326,0.33073
3904,116,3,3,37,0,1,0,0,29.442,0.05,0.15,1920,31.5246,2.2051,0.33082
3905,270,7,2,51,1,1,1,0,80.901,0.05,0.15,1921,31.5246,1.96193,0.33073
3906,21,0,0,5,0,1,0,0,-26.056,0.05,0.15,1921,31.5246,5.29437,0.33073
3907,77,2,2,8,0,1,0,0,7.283,0.05,0.15,1921,31.5246,1.94322,0.33073
3908,103,8,3,28,1,1,0,0,43.513,0.05,0.15,1921,31.5246,2.51425,0.33073
3909,20,0,0,6,0,1,0,0,-24.373,0.05,0.15,1921,31.5246,3.59422,0.33073
3910,400,7,2,43,1,0,0,1,118.876,0.05,0.15,1921,31.5246,1.61098,0.33082
3911,400,6,6,54,0,0,0,1,137.338,0.05,0.15,1921,31.5246,1.20292,0.33082
3912,72,1,1,25,0,1,0,0,7.861,0.05,0.15,1921,31.5246,2.57101,0.33082
3913,51,0,0,14,0,1,0,0,-9.335,0.05,0.15,1921,31.5246,2.67456,0.33082
3914,400,10,5,32,1,0,1,1,115.8,0.05,0.15,1921,31.5246,1.87159,0.3309
3915,77,3,3,20,0,1,1,0,12.98,0.05,0.15,1921,31.5246,2.37321,0.3309
3916,400,8,3,35,1,0,0,1,110.335,0.05,0.15,1921,31.5246,1.74313,0.3309
3917,60,1,1,11,0,1,0,0,-6.788,0.05,0.15,1921,31.5246,2.07976,0.3309
3918,20,0,0,10,0,1,0,0,-18.971,0.05,0.15,1921,31.5246,2.58999,0.3309
3919,13,0,0,3,0,1,0,0,-26.557,0.05,0.15,1921,31.5246,7.63797,0.3309
3920,400,6,6,55,0,0,0,1,144.253,0.05,0.15,1921,31.5246,1.35235,0.33099
3921,99,1,1,26,0,1,0,0,11.18,0.05,0.15,1921,31.5246,1.9006,0.33099
3922,400,7,2,32,1,0,0,1,110.379,0.05,0.15,1922,31.5246,1.88483,0.33091
3923,400,2,2,41,0,0,0,1,109.98,0.05,0.15,1922,31.5246,1.37685,0.33091
3924,35,1,1,11,0,1,0,0,-11.152,0.05,0.15,1922,31.5246,2.90256,0.33091
3925,291,3,3,34,0,1,0,0,53.388,0.05,0.15,1922,31.5246,1.24801,0.33091
3926,342,4,4,52,0,0,0,1,124.613,0.05,0.15,1922,31.5246,1.52029,0.33108
3927,400,5,5,65,0,0,0,1,147.351,0.05,0.15,1922,31.5246,1.16909,0.33108
3928,21,0,0,11,0,1,0,0,-20.352,0.05,0.15,1922,31.5246,4.52079,0.33108
3929,83,1,1,17,0,1,0,0,7.505,0.05,0.15,1922,31.5246,2.21651,0.33108
3930,400,4,4,54,0,0,0,1,143.394,0.05,0.15,1922,31.5246,1.2646,0.33108
3931,166,7,7,55,0,1,2,0,75.119,0.05,0.15,1922,31.5246,2.6398,0.33108
3932,400,5,5,53,0,0,1,1,161.771,0.05,0.15,1922,31.5246,1.33074,0.33117
3933,400,6,6,67,0,0,0,1,168.636,0.05,0.15,1925,31.5246,1.22721,0.331
3934,13,0,0,3,0,1,0,0,-28.477,0.05,0.15,1925,31.5246,3.91825,0.331
3935,400,5,5,51,0,0,0,1,147.741,0.05,0.15,1925,31.5246,1.26126,0.33117
3936,342,12,7,86,1,0,1,1,183.985,0.05,0.15,1925,31.5246,1.87863,0.33117
3937,66,2,2,33,0,1,0,0,12.161,0.05,0.15,1925,31.5246,2.47763,0.33117
3938,400,11,6,63,1,0,1,1,181.888,0.05,0.15,1925,31.5246,1.37176,0.33126
3939,197,8,3,53,1,1,0,0,86.271,0.05,0.15,1925,31.5246,2.00511,0.33126
3940,13,0,0,5,0,1,0,0,-29.077,0.05,0.15,1925,31.5246,5.6188,0.33126
3941,338,11,6,91,1,0,0,1,178.855,0.05,0.15,1925,31.5246,1.66474,0.33126
3942,400,5,5,44,0,0,0,1,128.173,0.05,0.15,1926,31.5246,1.06238,0.33126
3943,400,5,5,42,0,0,0,1,132.734,0.05,0.15,1926,31.5246,0.99603,0.33126
3944,400,17,7,87,2,0,1,1,204.005,0.05,0.15,1926,31.5246,1.67589,0.33126
3945,179,6,6,42,0,1,0,0,70.875,0.05,0.15,1927,31.5246,1.95015,0.33117
3946,86,7,2,40,1,1,0,0,42.154,0.05,0.15,1927,31.5246,2.67026,0.33117
3947,172,2,2,34,0,1,0,0,30.777,0.05,0.15,1927,31.5246,1.77986,0.33117
3948,400,10,5,56,1,0,0,1,176.006,0.05,0.15,1928,31.5246,1.42178,0.33109
3949,400,11,6,48,1,0,1,1,168.631,0.05,0.15,1929,31.5246,1.60457,0.33109
3950,400,11,6,62,1,0,0,1,186.753,0.05,0.15,1929,31.5246,1.37558,0.33109
3951,233,11,6,56,1,1,1,0,99.671,0.05,0.15,1929,31.5246,2.35964,0.33109
3952,110,1,1,35,0,1,0,0,24.55,0.05,0.15,1929,31.5246,2.35798,0.33109
3953,5,0,0,3,0,1,0,0,-33.806,0.05,0.15,1929,31.5246,2.27406,0.33109
3954,253,2,2,44,0,1,0,0,53.294,0.05,0.15,1929,31.5246,1.31079,0.33109
3955,398,18,8,91,2,0,0,1,218.802,0.05,0.15,1929,31.5246,1.67575,0.33109
3956,400,10,5,46,1,0,1,1,167.305,0.05,0.15,1929,31.5246,1.22954,0.33109
3957,90,3,3,37,0,1,0,0,33.446,0.05,0.15,1929,31.5246,2.24812,0.33109
3958,400,4,4,38,0,0,0,1,115.047,0.05,0.15,1929,31.5246,1.07694,0.33117
3959,400,3,3,60,0,0,1,1,157.453,0.05,0.15,1929,31.5246,1.14653,0.33117
3960,5,0,0,3,0,1,0,0,-33.806,0.05,0.15,1929,31.5246,2.05689,0.33117
3961,114,2,2,24,0,1,1,0,30.7,0.05,0.15,1929,31.5246,2.09474,0.33117
3962,41,0,0,5,0,1,0,0,-19.291,0.05,0.15,1929,31.5246,1.0559,0.33117
3963,5,0,0,4,0,1,0,0,-33.206,0.05,0.15,1929,31.5246,1.6757,0.33117
3964,335,10,5,46,1,0,1,1,132.993,0.05,0.15,1929,31.5246,1.32162,0.33126
3965,400,3,3,54,0,0,0,1,147.618,0.05,0.15,1929,31.5246,1.00165,0.33126
3966,400,9,4,50,1,0,1,1,150.135,0.05,0.15,1930,31.5246,1.30016,0.33117
3967,400,6,6,35,0,0,1,1,147.139,0.05,0.15,1931,31.5246,1.24172,0.33126
3968,29,0,0,4,0,1,0,0,-21.789,0.05,0.15,1931,31.5246,2.14857,0.33126
3969,279,5,5,46,0,0,0,1,112.709,0.05,0.15,1932,31.5246,1.56863,0.33135
3970,15,0,0,6,0,1,0,0,-21.205,0.05,0.15,1932,31.5246,3.46651,0.33135
3971,159,3,3,24,0,0,0,0,54.621,0.05,0.15,1932,31.5246,1.48076,0.33135
3972,141,3,3,36,0,1,0,0,40.767,0.05,0.15,1932,31.5246,2.10935,0.33135
3973,279,6,6,82,0,1,0,0,124.128,0.05,0.15,1932,31.5246,1.68826,0.33135
3974,400,3,3,55,0,0,1,1,156.657,0.05,0.15,1933,31.5246,1.00486,0.33126
3975,275,18,8,73,2,0,0,1,180.577,0.05,0.15,1933,31.5246,1.86436,0.33126
3976,186,6,6,51,0,1,0,0,77.732,0.05,0.15,1934,31.5246,1.86088,0.33118
3977,400,7,2,62,1,0,0,1,162.8,0.05,0.15,1934,31.5246,1.18741,0.33118
3978,90,4,4,43,0,1,1,0,36.449,0.05,0.15,1934,31.5246,2.70556,0.33118
3979,311,12,7,77,1,0,0,1,180.109,0.05,0.15,1934,31.5246,1.81323,0.33118
3980,288,12,7,65,1,0,0,1,159.241,0.05,0.15,1935,31.5246,1.84043,0.33109
3981,12,0,0,6,0,1,0,0,-23.702,0.05,0.15,1935,31.5246,4.51736,0.33109
3982,126,5,5,37,0,1,0,0,46.513,0.05,0.15,1935,31.5246,2.70357,0.33109
3983,400,6,6,55,0,0,0,1,160.474,0.05,0.15,1935,31.5246,1.15942,0.33109
3984,263,12,7,68,1,0,0,1,146.443,0.05,0.15,1935,31.5246,1.85056,0.33109
3985,22,0,0,10,0,1,0,0,-17.769,0.05,0.15,1935,31.5246,2.8309,0.33109
3986,400,8,3,62,1,0,1,1,154.893,0.05,0.15,1935,31.5246,1.75524,0.33109
3987,400,6,6,61,0,0,0,1,144.915,0.05,0.15,1935,31.5246,1.35823,0.33109
3988,400,11,6,73,1,0,0,1,182.464,0.05,0.15,1935,31.5246,1.3214,0.33109
3989,273,11,6,68,1,0,0,1,146.372,0.05,0.15,1935,31.5246,2.13391,0.33118
3990,400,12,7,58,1,0,0,1,182.466,0.05,0.15,1935,31.5246,1.45346,0.33118
3991,400,3,3,57,0,0,0,1,149.81,0.05,0.15,1935,31.5246,0.989,0.33118
3992,400,6,6,52,0,0,0,1,154.223,0.05,0.15,1935,31.5246,1.14714,0.33118
3993,15,0,0,5,0,1,0,0,-23.571,0.05,0.15,1935,31.5246,5.59708,0.33118
3994,400,6,6,66,0,0,0,1,170.278,0.05,0.15,1935,31.5246,0.89993,0.33118
3995,62,1,1,16,0,0,0,0,17.061,0.05,0.15,1935,31.5246,2.32976,0.33135
3996,269,5,5,58,0,0,0,1,134.543,0.05,0.15,1935,31.5246,1.36047,0.33135
3997,319,10,5,86,1,0,1,1,174.91,0.05,0.15,1935,31.5246,1.72514,0.33135
3998,400,5,5,69,0,0,0,1,168.963,0.05,0.15,1936,31.5246,1.28597,0.33127
3999,177,4,4,63,0,0,0,0,93.25,0.05,0.15,1937,31.5246,2.11603,0.33118
4000,152,9,4,37,1,1,0,0,65.382,0.05,0.15,1937,31.5246,1.73778,0.33118
4001,157,10,5,50,1,1,3,0,74.332,0.05,0.15,1937,31.5246,2.43771,0.33118
4002,330,4,4,56,0,1,0,0,84.248,0.05,0.15,1937,31.5246,1.92339,0.33127
4003,20,0,0,7,0,1,0,0,-20.769,0.05,0.15,1937,31.5246,4.46236,0.33127
4004,400,4,4,53,0,0,0,1,143.563,0.05,0.15,1937,31.5246,1.2792,0.33127
4005,42,0,0,12,0,1,0,0,-13.114,0.05,0.15,1937,31.5246,2.13208,0.33127
4006,400,9,4,56,1,0,0,1,171.13,0.05,0.15,1937,31.5246,1.18965,0.33127
4007,400,5,5,56,0,0,0,1,161.026,0.05,0.15,1937,31.5246,1.08619,0.33135
4008,320,15,5,80,2,0,0,1,192.243,0.05,0.15,1937,31.5246,1.80523,0.33135
4009,97,5,5,32,0,1,0,0,33.128,0.05,0.15,1937,31.5246,2.27843,0.33135
4010,110,8,3,42,1,1,0,0,52.75,0.05,0.15,1937,31.5246,2.11015,0.33135
4011,400,5,5,66,0,0,0,1,159.96,0.05,0.15,1937,31.5246,1.1937,0.33135
4012,400,8,3,72,1,0,0,1,172.42,0.05,0.15,1937,31.5246,1.45425,0.33135
4013,35,1,1,12,0,1,0,0,-7.968,0.05,0.15,1937,31.5246,3.41748,0.33135
4014,400,2,2,59,0,0,0,1,154.235,0.05,0.15,1937,31.5246,1.10554,0.33135
4015,400,5,5,60,0,0,0,1,159.418,0.05,0.15,1937,31.5246,1.1602,0.33135
4016,400,3,3,63,0,0,0,1,159.36,0.05,0.15,1937,31.5246,1.01028,0.33135
4017,279,8,3,75,1,0,0,1,158.046,0.05,0.15,1937,31.5246,1.49683,0.33135
4018,400,4,4,83,0,0,0,1,164.879,0.05,0.15,1937,31.5246,1.19302,0.33135
4019,400,11,6,57,1,0,0,1,173.876,0.05,0.15,1937,31.5246,1.30363,0.33135
4020,30,1,1,13,0,1,0,0,-8.563,0.05,0.15,1937,31.5246,2.47303,0.33135
4021,400,10,5,57,1,0,0,1,149.321,0.05,0.15,1937,31.5246,1.78668,0.33135
4022,20,0,0,10,0,1,0,0,-21.482,0.05,0.15,1937,31.5246,4.31037,0.33135
4023,400,3,3,30,0,0,0,1,99.393,0.05,0.15,1937,31.5246,1.14354,0.33135
4024,56,1,1,17,0,1,1,0,-1.091,0.05,0.15,1937,31.5246,3.02286,0.33135
4025,400,8,3,25,1,0,0,1,132.394,0.05,0.15,1937,31.5246,1.00391,0.33135
4026,400,2,2,29,0,0,0,1,114.617,0.05,0.15,1937,31.5246,1.17811,0.33135
4027,13,0,0,4,0,1,0,0,-22.923,0.05,0.15,1937,31.5246,3.31471,0.33135
4028,400,1,1,25,0,0,1,1,106.21,0.05,0.15,1937,31.5246,0.80954,0.33135
4029,400,9,4,24,1,0,1,1,115.247,0.05,0.15,1937,31.5246,1.73946,0.33144
4030,116,4,4,41,0,1,0,0,40.029,0.05,0.15,1937,31.5246,2.15008,0.33144
4031,400,6,6,51,0,0,1,1,152.384,0.05,0.15,1937,31.5246,1.29097,0.33144
4032,200,4,4,57,0,1,0,0,71.689,0.05,0.15,1937,31.5246,2.00489,0.33144
4033,357,12,7,61,1,1,0,0,135.926,0.05,0.15,1938,31.5246,1.82585,0.33144
4034,96,3,3,26,0,1,0,0,22.206,0.05,0.15,1938,31.5246,2.18595,0.33144
4035,400,7,7,59,0,0,2,1,155.982,0.05,0.15,1938,31.5246,1.37455,0.33144
4036,171,6,6,56,0,1,0,0,74.947,0.05,0.15,1939,31.5246,2.09016,0.33136
4037,57,1,1,23,0,1,0,0,2.366,0.05,0.15,1939,31.5246,2.69986,0.33136
4038,61,3,3,21,0,1,0,0,12.377,0.05,0.15,1939,31.5246,2.6458,0.33136
4039,134,3,3,42,0,1,0,0,38.324,0.05,0.15,1940,31.5246,2.20129,0.33127
4040,48,2,2,26,0,1,0,0,7.751,0.05,0.15,1941,31.5246,3.2592,0.33119
4041,178,10,5,43,1,1,2,0,76.495,0.05,0.15,1941,31.5246,2.22131,0.33119
4042,153,6,6,34,0,1,0,0,52.488,0.05,0.15,1942,31.5246,2.45957,0.3311
4043,244,6,6,66,0,0,0,1,135.388,0.05,0.15,1942,31.5246,1.85759,0.3311
4044,400,6,6,63,0,0,0,1,169.538,0.05,0.15,1942,31.5246,1.50296,0.33119
4045,138,3,3,54,0,1,0,0,46.771,0.05,0.15,1942,31.5246,2.26378,0.33119
4046,400,13,8,58,1,0,0,1,188.139,0.05,0.15,1942,31.5246,1.57361,0.33119
4047,400,13,8,72,1,0,0,1,197.099,0.05,0.15,1942,31.5246,1.84337,0.33136
4048,400,6,6,83,0,0,0,1,179.928,0.05,0.15,1942,31.5246,1.06195,0.33136
4049,220,3,3,41,0,1,0,0,55.977,0.05,0.15,1942,31.5246,1.48846,0.33136
4050,400,18,8,73,2,0,0,1,196.817,0.05,0.15,1942,31.5246,1.43132,0.33136
4051,20,0,0,9,0,1,0,0,-19.898,0.05,0.15,1942,31.5246,3.22686,0.33136
4052,400,2,2,51,0,0,1,1,131.248,0.05,0.15,1942,31.5246,1.47757,0.33136
4053,400,2,2,39,0,0,0,1,119.403,0.05,0.15,1942,31.5246,1.21381,0.33136
4054,400,5,5,44,0,0,0,1,130.662,0.05,0.15,1942,31.5246,1.3072,0.33145
4055,400,10,5,69,1,0,0,1,172.455,0.05,0.15,1942,31.5246,1.55985,0.33145
4056,400,11,6,50,1,0,0,1,151.392,0.05,0.15,1942,31.5246,1.47056,0.33145
4057,400,6,6,42,0,0,0,1,133.365,0.05,0.15,1942,31.5246,1.05676,0.33145
4058,400,16,6,46,2,0,0,1,175.133,0.05,0.15,1942,31.5246,1.36705,0.33145
4059,281,9,4,41,1,1,0,0,94.483,0.05,0.15,1943,31.5246,1.35342,0.33136
4060,400,6,6,44,0,0,0,1,139.416,0.05,0.15,1943,31.5246,1.18693,0.33145
4061,25,1,1,9,0,1,0,0,-12.202,0.05,0.15,1943,31.5246,2.70752,0.33145
4062,400,6,6,54,0,0,0,1,140.12,0.05,0.15,1945,31.5246,1.29605,0.33128
4063,13,0,0,4,0,1,0,0,-22.923,0.05,0.15,1945,31.5246,3.41501,0.33128
4064,96,2,2,16,0,1,1,0,14.757,0.05,0.15,1945,31.5246,2.61766,0.33128
4065,400,9,4,40,1,0,0,1,142.635,0.05,0.15,1945,31.5246,1.38679,0.33128
4066,295,9,4,35,1,1,0,0,92.842,0.05,0.15,1945,31.5246,1.84486,0.33136
4067,208,12,2,42,2,1,0,0,89.454,0.05,0.15,1945,31.5246,2.01502,0.33136
4068,27,0,0,16,0,1,0,0,-10.593,0.05,0.15,1945,31.5246,2.84974,0.33136
4069,255,11,6,55,1,1,0,0,69.115,0.05,0.15,1946,31.5246,2.56986,0.33128
4070,5,0,0,3,0,1,0,0,-29.152,0.05,0.15,1946,31.5246,8.55741,0.33128
4071,27,0,0,10,0,1,0,0,-18.451,0.05,0.15,1946,31.5246,4.35271,0.33128
4072,41,2,2,13,0,1,0,0,-6.221,0.05,0.15,1946,31.5246,2.05638,0.33128
4073,400,10,5,53,1,0,0,1,133.741,0.05,0.15,1946,31.5246,1.63239,0.33128
4074,20,1,1,9,0,1,0,0,-17.545,0.05,0.15,1946,31.5246,5.16533,0.33128
4075,400,6,6,62,0,0,0,1,109.861,0.05,0.15,1946,31.5246,1.71464,0.33136
4076,13,0,0,5,0,1,0,0,-25.773,0.05,0.15,1946,31.5246,7.05642,0.33136
4077,69,4,4,31,0,1,0,0,15.552,0.05,0.15,1946,31.5246,2.16795,0.33136
4078,400,3,3,51,0,0,1,1,79.814,0.05,0.15,1946,31.5246,1.97168,0.33136
4079,13,0,0,3,0,1,0,0,-26.973,0.05,0.15,1946,31.5246,7.27519,0.33136
4080,51,0,0,12,0,1,0,0,-12.187,0.05,0.15,1946,31.5246,1.70944,0.33136
4081,63,0,0,27,0,1,0,0,-9.456,0.05,0.15,1946,31.5246,2.9517,0.33136
4082,400,0,0,29,0,0,1,1,60.77,0.05,0.15,1946,31.5246,1.50054,0.33136
4083,21,0,0,5,0,1,0,0,-25.359,0.05,0.15,1946,31.5246,4.91453,0.33136
4084,16,0,0,3,0,1,0,0,-28.278,0.05,0.15,1946,31.5246,3.34366,0.33136
4085,400,11,6,36,1,0,0,1,142.11,0.05,0.15,1948,31.5246,1.50656,0.33128
4086,60,0,0,14,0,1,0,0,-14.879,0.05,0.15,1948,31.5246,2.16815,0.33128
4087,59,0,0,2,0,1,0,0,-16.945,0.05,0.15,1948,31.5246,1.22916,0.33128
4088,400,2,2,22,0,0,0,1,89.797,0.05,0.15,1948,31.5246,1.5002,0.33128
4089,240,3,3,26,0,1,1,0,45.793,0.05,0.15,1948,31.5246,1.73113,0.33128
4090,400,4,4,27,0,0,0,1,79.697,0.05,0.15,1948,31.5246,1.38675,0.33128
4091,52,0,0,6,0,1,0,0,-14.779,0.05,0.15,1948,31.5246,1.91228,0.33128
4092,400,7,2,22,1,0,1,1,105.65,0.05,0.15,1948,31.5246,1.63037,0.33128
4093,400,8,3,27,1,0,0,1,111.456,0.05,0.15,1948,31.5246,1.59563,0.33128
4094,59,0,0,6,0,1,0,0,-15.086,0.05,0.15,1948,31.5246,1.97958,0.33128
4095,385,0,0,11,0,1,0,0,24.146,0.05,0.15,1949,31.5246,1.47235,0.33128
4096,400,13,3,18,2,0,0,1,123.648,0.05,0.15,1949,31.5246,1.13115,0.33128
4097,400,9,4,20,1,0,1,1,126.071,0.05,0.15,1949,31.5246,1.04337,0.33128
4098,141,1,1,6,0,1,0,0,3.036,0.05,0.15,1949,31.5246,1.53561,0.33154
4099,145,0,0,13,0,1,0,0,13.96,0.05,0.15,1949,31.5246,1.35459,0.33162
4100,74,0,0,9,0,0,0,0,7.797,0.05,0.15,1951,31.5246,1.59509,0.33145
4101,23,0,0,7,0,1,0,0,-23.217,0.05,0.15,1951,31.5246,3.23493,0.33145
4102,352,2,2,20,0,1,0,0,56.983,0.05,0.15,1951,31.5246,1.34799,0.33145
4103,400,7,2,17,1,0,1,1,113.378,0.05,0.15,1952,31.5246,1.09253,0.33137
4104,400,0,0,7,0,0,0,1,76.049,0.05,0.15,1953,31.5246,1.26085,0.33163
4105,400,4,4,12,0,0,0,1,107.8,0.05,0.15,1953,31.5246,0.75603,0.33163
4106,400,0,0,20,0,0,0,1,97.783,0.05,0.15,1953,31.5246,0.97558,0.33163
4107,400,5,0,14,1,0,0,1,110.261,0.05,0.15,1953,31.5246,0.79392,0.33163
4108,177,1,1,10,0,1,0,0,17.963,0.05,0.15,1953,31.5246,1.07008,0.33163
4109,400,0,0,11,0,0,0,1,99.177,0.05,0.15,1953,31.5246,0.59397,0.33163
4110,400,11,6,23,1,0,0,1,137.308,0.05,0.15,1956,31.5246,0.83489,0.33137
4111,400,4,4,15,0,0,0,1,102.011,0.05,0.15,1956,31.5246,1.1189,0.33137
4112,400,1,1,28,0,0,0,1,106.653,0.05,0.15,1956,31.5246,1.01814,0.33137
4113,400,7,2,16,1,0,1,1,109.313,0.05,0.15,1956,31.5246,0.88604,0.33137
4114,31,0,0,2,0,1,0,0,-21.036,0.05,0.15,1956,31.5246,1.95408,0.33137
4115,250,2,2,19,0,1,0,0,38.947,0.05,0.15,1956,31.5246,1.21119,0.33146
4116,267,1,1,33,0,1,0,0,53.243,0.05,0.15,1956,31.5246,1.49383,0.33146
4117,400,6,6,20,0,0,0,1,106.561,0.05,0.15,1957,31.5246,1.17305,0.33146
4118,400,1,1,11,0,0,0,1,96.863,0.05,0.15,1958,31.5246,0.72563,0.33138
4119,20,1,1,7,0,1,0,0,-17.27,0.05,0.15,1958,31.5246,4.11608,0.33138
4120,400,5,5,21,0,0,0,1,91.793,0.05,0.15,1958,31.5246,1.46908,0.33138
4121,76,0,0,5,0,1,0,0,-13.659,0.05,0.15,1958,31.5246,1.61067,0.33138
4122,400,8,3,13,1,0,0,1,74.7,0.05,0.15,1958,31.5246,1.68624,0.33138
4123,400,7,2,30,1,0,1,1,86.788,0.05,0.15,1958,31.5246,1.80936,0.33146
4124,298,2,2,26,0,1,0,0,30.573,0.05,0.15,1958,31.5246,1.73868,0.33146
4125,254,3,3,32,0,0,0,0,58.934,0.05,0.15,1958,31.5246,1.78655,0.33155
4126,57,0,0,4,0,1,0,0,-16.073,0.05,0.15,1958,31.5246,2.05161,0.33155
4127,400,5,5,41,0,0,0,1,110.981,0.05,0.15,1958,31.5246,1.40211,0.33163
4128,400,6,1,28,1,0,0,1,90.725,0.05,0.15,1958,31.5246,1.58385,0.33163
4129,73,2,2,16,0,1,0,0,-1.118,0.05,0.15,1958,31.5246,3.10296,0.33163
4130,400,5,5,27,0,0,1,1,96.74,0.05,0.15,1958,31.5246,1.33508,0.33163
4131,400,6,1,23,1,0,0,1,91.377,0.05,0.15,1959,31.5246,1.51089,0.33163
4132,35,0,0,12,0,1,0,0,-14.265,0.05,0.15,1959,31.5246,2.25336,0.33163
4133,400,2,2,27,0,0,0,1,96.49,0.05,0.15,1959,31.5246,1.2964,0.33163
4134,29,1,1,11,0,1,0,0,-10.659,0.05,0.15,1959,31.5246,1.57815,0.33172
4135,42,0,0,11,0,1,0,0,-13.548,0.05,0.15,1959,31.5246,1.50597,0.33172
4136,5,0,0,1,0,1,0,0,-28.704,0.05,0.15,1959,31.5246,12.90411,0.33172
4137,106,0,0,15,0,1,0,0,0.404,0.05,0.15,1959,31.5246,1.81148,0.33172
4138,400,1,1,23,0,0,0,1,78.967,0.05,0.15,1961,31.5246,1.22346,0.33163
4139,400,1,1,16,0,0,0,1,68.625,0.05,0.15,1961,31.5246,1.34536,0.33163
4140,400,2,2,26,0,0,0,1,99.81,0.05,0.15,1961,31.5246,1.35497,0.33163
4141,400,6,6,25,0,0,0,1,101.783,0.05,0.15,1962,31.5246,1.27621,0.33155
4142,181,7,2,24,1,1,0,0,43.748,0.05,0.15,1962,31.5246,1.63582,0.33155
4143,20,1,1,7,0,1,0,0,-20.016,0.05,0.15,1962,31.5246,5.16511,0.33155
4144,155,1,1,20,0,1,0,0,16.776,0.05,0.15,1962,31.5246,1.7639,0.33155
4145,21,0,0,8,0,1,0,0,-19.915,0.05,0.15,1962,31.5246,2.03154,0.33155
4146,42,0,0,12,0,1,0,0,-14.964,0.05,0.15,1962,31.5246,2.25294,0.33155
4147,30,2,2,7,0,1,0,0,-15.529,0.05,0.15,1962,31.5246,3.46034,0.33155
4148,285,3,3,23,0,1,2,0,42.426,0.05,0.15,1962,31.5246,1.63872,0.33155
4149,12,0,0,5,0,1,0,0,-24.177,0.05,0.15,1962,31.5246,3.17097,0.33155
4150,400,8,3,34,1,0,1,1,114.138,0.05,0.15,1962,31.5246,1.43649,0.33155
4151,400,2,2,21,0,0,0,1,67.364,0.05,0.15,1962,31.5246,1.30946,0.33155
4152,242,9,4,27,1,1,1,0,69.11,0.05,0.15,1962,31.5246,2.05527,0.33163
4153,400,8,3,41,1,0,0,1,131.192,0.05,0.15,1962,31.5246,1.46625,0.33163
4154,105,0,0,10,0,1,0,0,-7.432,0.05,0.15,1962,31.5246,1.66694,0.33163
4155,400,7,2,26,1,0,1,1,98.224,0.05,0.15,1962,31.5246,1.41391,0.33172
4156,75,1,1,18,0,1,0,0,2.856,0.05,0.15,1962,31.5246,1.6921,0.33172
4157,400,2,2,28,0,0,0,1,86.746,0.05,0.15,1963,31.5246,1.65836,0.33181
4158,400,3,3,26,0,0,0,1,76.213,0.05,0.15,1964,31.5246,1.34406,0.33172
4159,400,7,2,38,1,0,1,1,99.552,0.05,0.15,1964,31.5246,1.53646,0.33172
4160,42,1,1,12,0,1,0,0,-7.798,0.05,0.15,1964,31.5246,2.09364,0.33172
4161,43,0,0,10,0,1,0,0,-18.681,0.05,0.15,1964,31.5246,2.33071,0.33172
4162,129,1,1,20,0,1,0,0,3.091,0.05,0.15,1964,31.5246,2.25902,0.33172
4163,400,10,5,39,1,0,2,1,114.914,0.05,0.15,1964,31.5246,1.46651,0.33181
4164,400,8,3,30,1,0,1,1,116.761,0.05,0.15,1965,31.5246,1.40328,0.33172
4165,131,2,2,44,0,1,1,0,31.851,0.05,0.15,1965,31.5246,2.34033,0.33172
4166,400,0,0,13,0,0,0,1,52.146,0.05,0.15,1965,31.5246,1.2094,0.33172
4167,20,0,0,7,0,1,0,0,-22.944,0.05,0.15,1965,31.5246,2.94661,0.33172
4168,400,1,1,28,0,0,1,1,58.758,0.05,0.15,1966,31.5246,1.31453,0.33164
4169,400,3,3,39,0,0,0,1,94.032,0.05,0.15,1966,31.5246,1.42257,0.33164
4170,70,0,0,7,0,1,0,0,-13.954,0.05,0.15,1966,31.5246,1.68496,0.33164
4171,68,2,2,16,0,1,0,0,-3.375,0.05,0.15,1966,31.5246,2.39855,0.33164
4172,137,4,4,22,0,1,0,0,25.688,0.05,0.15,1966,31.5246,1.99889,0.33164
4173,57,1,1,8,0,1,0,0,-9.976,0.05,0.15,1966,31.5246,3.42828,0.33164
4174,400,3,3,45,0,0,1,1,98.897,0.05,0.15,1966,31.5246,1.66185,0.33164
4175,400,9,4,27,1,0,0,1,93.659,0.05,0.15,1966,31.5246,1.43191,0.33164
4176,173,1,1,10,0,1,0,0,-8.83,0.05,0.15,1966,31.5246,1.56773,0.33164
4177,239,3,3,25,0,1,0,0,29.974,0.05,0.15,1966,31.5246,1.60721,0.33164
4178,400,13,3,23,2,0,0,1,107.74,0.05,0.15,1966,31.5246,1.46937,0.33164
4179,114,0,0,8,0,1,1,0,-6.259,0.05,0.15,1967,31.5246,1.80653,0.33155
4180,400,1,1,18,0,0,0,1,74.276,0.05,0.15,1967,31.5246,1.03327,0.33155
4181,400,4,4,30,0,0,0,1,104.268,0.05,0.15,1967,31.5246,1.62066,0.33155
4182,65,0,0,6,0,1,0,0,-19.165,0.05,0.15,1967,31.5246,2.73126,0.33155
4183,20,0,0,7,0,1,0,0,-18.499,0.05,0.15,1967,31.5246,3.30085,0.33155
4184,49,1,1,8,0,1,0,0,-11.151,0.05,0.15,1967,31.5246,2.4299,0.33155
4185,108,0,0,6,0,1,0,0,-14.713,0.05,0.15,1967,31.5246,1.57054,0.33155
4186,35,0,0,5,0,1,0,0,-21.728,0.05,0.15,1967,31.5246,2.39895,0.33155
4187,129,0,0,10,0,1,0,0,2.4,0.05,0.15,1967,31.5246,1.4355,0.33155
4188,27,0,0,5,0,1,0,0,-21.031,0.05,0.15,1967,31.5246,3.35868,0.33155
4189,323,2,2,18,0,1,0,0,13.122,0.05,0.15,1969,31.5246,1.74925,0.33156
4190,74,1,1,6,0,1,0,0,-10.161,0.05,0.15,1969,31.5246,1.82868,0.33156
4191,13,0,0,5,0,1,0,0,-22.007,0.05,0.15,1969,31.5246,4.95356,0.33156
4192,199,1,1,11,0,1,0,0,0.604,0.05,0.15,1969,31.5246,1.63905,0.33156
4193,43,0,0,6,0,1,0,0,-18.111,0.05,0.15,1969,31.5246,1.77019,0.33156
4194,50,2,2,8,0,1,0,0,-7.252,0.05,0.15,1969,31.5246,2.87882,0.33156
4195,13,0,0,3,0,1,0,0,-26.884,0.05,0.15,1969,31.5246,3.33302,0.33156
4196,400,3,3,17,0,0,0,1,76.583,0.05,0.15,1970,31.5246,1.3434,0.33147
4197,259,0,0,14,0,1,1,0,11.314,0.05,0.15,1971,31.5246,1.86066,0.33147
4198,400,0,0,13,0,0,0,1,58.016,0.05,0.15,1971,31.5246,1.45563,0.33147
4199,299,1,1,24,0,1,0,0,9.633,0.05,0.15,1971,31.5246,1.62422,0.33147
4200,13,0,0,4,0,1,0,0,-24.573,0.05,0.15,1971,31.5246,4.79998,0.33147
4201,14,0,0,5,0,1,0,0,-27.227,0.05,0.15,1971,31.5246,3.95844,0.33147
4202,400,2,2,30,0,0,2,1,66.348,0.05,0.15,1971,31.5246,1.35786,0.33147
4203,400,2,2,39,0,0,0,1,88.47,0.05,0.15,1971,31.5246,1.45654,0.33156
4204,133,0,0,18,0,1,0,0,7.225,0.05,0.15,1971,31.5246,1.57879,0.33156
4205,14,0,0,5,0,1,0,0,-27.225,0.05,0.15,1971,31.5246,3.48936,0.33156
4206,354,0,0,19,0,1,0,0,25.065,0.05,0.15,1971,31.5246,1.51502,0.33156
4207,400,0,0,23,0,0,0,1,69.822,0.05,0.15,1971,31.5246,1.3443,0.33156
4208,70,0,0,6,0,1,0,0,-18.704,0.05,0.15,1971,31.5246,1.56476,0.33156
4209,400,4,4,23,0,0,0,1,63.061,0.05,0.15,1971,31.5246,1.43126,0.33156
4210,400,5,5,41,0,0,0,1,117.354,0.05,0.15,1971,31.5246,1.42457,0.33156
4211,400,1,1,26,0,0,0,1,63.727,0.05,0.15,1971,31.5246,1.41503,0.33156
4212,400,8,3,37,1,0,0,1,103.583,0.05,0.15,1972,31.5246,1.29814,0.33147
4213,400,3,3,30,0,0,0,1,89.64,0.05,0.15,1972,31.5246,1.23233,0.33147
4214,400,6,6,43,0,0,0,1,103.853,0.05,0.15,1973,31.5246,1.53966,0.33156
4215,400,10,5,65,1,0,0,1,152.969,0.05,0.15,1973,31.5246,1.63891,0.33164
4216,194,4,4,18,0,1,0,0,17.231,0.05,0.15,1974,31.5246,1.47511,0.33156
4217,49,0,0,11,0,1,0,0,-15.664,0.05,0.15,1974,31.5246,2.10712,0.33156
4218,400,8,3,34,1,0,0,1,115.678,0.05,0.15,1974,31.5246,1.23253,0.33156
4219,67,1,1,4,0,1,0,0,-8.334,0.05,0.15,1974,31.5246,2.67421,0.33156
4220,13,0,0,5,0,1,0,0,-27.148,0.05,0.15,1974,31.5246,5.41959,0.33156
4221,172,2,2,36,0,1,0,0,35.905,0.05,0.15,1974,31.5246,1.72653,0.33156
4222,400,5,5,50,0,0,0,1,121.825,0.05,0.15,1974,31.5246,1.32661,0.33156
4223,73,7,2,11,1,1,0,0,12.38,0.05,0.15,1974,31.5246,1.93054,0.33156
4224,118,2,2,26,0,1,1,0,14.478,0.05,0.15,1974,31.5246,2.0553,0.33156
4225,82,3,3,11,0,1,0,0,7.326,0.05,0.15,1974,31.5246,2.33438,0.33156
4226,400,2,2,35,0,0,0,1,88.229,0.05,0.15,1974,31.5246,1.16192,0.33156
4227,49,0,0,13,0,1,0,0,-13.096,0.05,0.15,1974,31.5246,2.25765,0.33156
4228,248,6,1,27,1,1,0,0,40.853,0.05,0.15,1974,31.5246,1.70277,0.33156
4229,130,3,3,25,0,1,0,0,28.789,0.05,0.15,1974,31.5246,1.6801,0.33156
4230,400,7,7,50,0,0,0,1,100.325,0.05,0.15,1974,31.5246,1.78894,0.33164
4231,303,5,0,21,1,1,0,0,2.802,0.05,0.15,1974,31.5246,1.77804,0.33164
4232,400,1,1,27,0,0,0,1,107.737,0.05,0.15,1974,31.5246,0.74246,0.33164
4233,75,0,0,6,0,1,0,0,-8.029,0.05,0.15,1974,31.5246,1.05815,0.33164
4234,211,0,0,15,0,1,0,0,21.084,0.05,0.15,1974,31.5246,1.09325,0.33164
4235,94,1,1,21,0,1,0,0,3.851,0.05,0.15,1974,31.5246,1.42992,0.33164
4236,400,4,4,19,0,0,0,1,66.815,0.05,0.15,1974,31.5246,1.11052,0.33164
4237,90,1,1,11,0,1,0,0,-3.721,0.05,0.15,1974,31.5246,1.25185,0.33164
4238,106,0,0,5,0,1,0,0,-12.892,0.05,0.15,1974,31.5246,0.82919,0.33164
4239,168,1,1,10,0,1,0,0,12.683,0.05,0.15,1974,31.5246,1.24075,0.33164
4240,143,0,0,6,0,1,0,0,0.186,0.05,0.15,1974,31.5246,0.98716,0.33164
4241,400,3,3,27,0,0,0,1,109.794,0.05,0.15,1974,31.5246,0.81083,0.33173
4242,400,7,2,22,1,0,1,1,102.5,0.05,0.15,1974,31.5246,1.26275,0.33173
4243,30,0,0,5,0,1,0,0,-19.564,0.05,0.15,1974,31.5246,4.04158,0.33181
4244,36,0,0,1,0,1,0,0,-27.504,0.05,0.15,1974,31.5246,2.18297,0.33181
4245,400,0,0,20,0,0,0,1,71.074,0.05,0.15,1976,31.5246,1.40621,0.33165
4246,185,1,1,15,0,1,0,0,8.465,0.05,0.15,1976,31.5246,1.5499,0.33165
4247,400,4,4,18,0,0,0,1,71.267,0.05,0.15,1976,31.5246,1.12523,0.33165
4248,171,3,3,42,0,1,0,0,43.142,0.05,0.15,1976,31.5246,1.72332,0.33165
4249,320,11,6,26,1,1,0,0,57.578,0.05,0.15,1976,31.5246,1.91276,0.33173
4250,21,2,2,6,0,1,0,0,-13.047,0.05,0.15,1976,31.5246,1.99998,0.33173
4251,400,10,5,48,1,0,0,1,131.375,0.05,0.15,1976,31.5246,1.52064,0.33173
4252,400,1,1,17,0,0,0,1,73.147,0.05,0.15,1976,31.5246,1.20176,0.33173
4253,400,10,5,36,1,0,0,1,118.821,0.05,0.15,1977,31.5246,1.535,0.33165
4254,20,0,0,4,0,1,0,0,-23.661,0.05,0.15,1977,31.5246,3.84428,0.33165
4255,74,1,1,9,0,1,0,0,-8.201,0.05,0.15,1977,31.5246,1.95204,0.33165
4256,276,0,0,7,0,1,0,0,7.822,0.05,0.15,1977,31.5246,1.2396,0.33165
4257,400,2,2,7,0,0,0,1,33.624,0.05,0.15,1978,31.5246,1.04609,0.33156
4258,400,2,2,16,0,0,0,1,54.811,0.05,0.15,1979,31.5246,0.93421,0.33148
4259,326,7,2,11,1,1,1,0,24.033,0.05,0.15,1980,31.5246,1.63548,0.3314
4260,20,0,0,8,0,1,0,0,-19.869,0.05,0.15,1980,31.5246,4.12023,0.3314
4261,400,2,2,20,0,0,0,1,74.131,0.05,0.15,1980,31.5246,1.54792,0.3314
4262,35,0,0,6,0,1,0,0,-21.373,0.05,0.15,1980,31.5246,3.30104,0.3314
4263,366,8,3,18,1,1,1,0,66.505,0.05,0.15,1980,31.5246,1.56655,0.3314
4264,400,2,2,20,0,0,0,1,77.406,0.05,0.15,1982,31.5246,1.14132,0.33132
4265,5,0,0,3,0,1,0,0,-25.854,0.05,0.15,1982,31.5246,5.50222,0.33132
4266,400,5,0,32,1,0,1,1,74.388,0.05,0.15,1982,31.5246,1.59426,0.33132
4267,400,5,5,25,0,0,1,1,77.709,0.05,0.15,1982,31.5246,1.31143,0.33132
4268,400,1,1,21,0,0,0,1,72.161,0.05,0.15,1982,31.5246,1.07895,0.33132
4269,400,8,3,34,1,0,0,1,103.358,0.05,0.15,1982,31.5246,1.2684,0.33132
4270,400,2,2,19,0,0,0,1,66.38,0.05,0.15,1982,31.5246,1.22218,0.33132
4271,41,1,1,10,0,1,0,0,-12.586,0.05,0.15,1982,31.5246,2.6326,0.33132
4272,400,0,0,11,0,0,0,1,58.341,0.05,0.15,1982,31.5246,1.00198,0.33132
4273,400,1,1,16,0,0,0,1,60.939,0.05,0.15,1982,31.5246,1.29616,0.33132
4274,400,6,1,10,1,0,1,1,69.249,0.05,0.15,1983,31.5246,1.45997,0.33123
4275,137,0,0,8,0,1,0,0,1.618,0.05,0.15,1983,31.5246,1.5981,0.33123
4276,185,1,1,10,0,1,0,0,9.896,0.05,0.15,1983,31.5246,1.31108,0.33123
4277,123,1,1,13,0,1,0,0,-0.745,0.05,0.15,1983,31.5246,1.80077,0.33123
4278,20,0,0,6,0,1,0,0,-22.357,0.05,0.15,1983,31.5246,4.66475,0.33123
4279,400,4,4,20,0,0,0,1,85.438,0.05,0.15,1983,31.5246,1.22153,0.33123
4280,157,1,1,24,0,1,1,0,14.277,0.05,0.15,1983,31.5246,2.17914,0.33123
4281,400,4,4,34,0,0,0,1,92.69,0.05,0.15,1983,31.5246,1.37158,0.33123
4282,324,1,1,27,0,1,0,0,43.233,0.05,0.15,1983,31.5246,1.5323,0.33123
4283,400,8,3,26,1,0,0,1,96.667,0.05,0.15,1984,31.5246,1.47806,0.33115
4284,34,0,0,7,0,1,0,0,-16.953,0.05,0.15,1984,31.5246,1.89714,0.33115
4285,22,0,0,5,0,1,0,0,-21.865,0.05,0.15,1984,31.5246,3.74291,0.33115
4286,400,2,2,41,0,0,1,1,97.254,0.05,0.15,1984,31.5246,1.21348,0.33123
4287,28,1,1,9,0,1,0,0,-13.37,0.05,0.15,1984,31.5246,2.79429,0.33123
4288,276,2,2,44,0,1,0,0,50.331,0.05,0.15,1984,31.5246,1.67521,0.33123
4289,200,1,1,26,0,1,0,0,13.847,0.05,0.15,1984,31.5246,1.52424,0.33123
4290,13,0,0,3,0,1,0,0,-26.261,0.05,0.15,1984,31.5246,5.7893,0.33123
4291,400,2,2,22,0,0,0,1,71.605,0.05,0.15,1986,31.5246,1.19404,0.33107
4292,400,3,3,10,0,0,0,1,70.143,0.05,0.15,1986,31.5246,1.23236,0.33107
4293,5,0,0,2,0,1,0,0,-32.754,0.05,0.15,1986,31.5246,6.28392,0.33107
4294,41,2,2,10,0,1,0,0,-2.737,0.05,0.15,1987,31.5246,3.45351,0.33098
4295,400,0,0,10,0,0,0,1,53.256,0.05,0.15,1987,31.5246,1.28724,0.33098
4296,49,1,1,8,0,1,0,0,-10.935,0.05,0.15,1987,31.5246,2.33281,0.33098
4297,400,10,5,31,1,0,0,1,125.132,0.05,0.15,1988,31.5246,1.40087,0.33099
4298,124,1,1,10,0,1,0,0,-2.102,0.05,0.15,1988,31.5246,1.6433,0.33107
4299,181,5,0,23,1,1,0,0,26.326,0.05,0.15,1989,31.5246,1.9443,0.33099
4300,27,0,0,8,0,1,0,0,-19.915,0.05,0.15,1989,31.5246,3.17901,0.33099
4301,44,2,2,8,0,1,0,0,-9.366,0.05,0.15,1989,31.5246,2.64077,0.33099
4302,400,8,3,22,1,0,1,1,95.253,0.05,0.15,1989,31.5246,1.49872,0.33099
4303,50,2,2,10,0,1,0,0,-0.797,0.05,0.15,1989,31.5246,1.90823,0.33099
4304,400,6,6,27,0,0,0,1,102.963,0.05,0.15,1989,31.5246,1.43313,0.33099
4305,20,0,0,6,0,1,0,0,-21.215,0.05,0.15,1989,31.5246,2.27281,0.33099
4306,73,2,2,12,0,1,0,0,-0.997,0.05,0.15,1989,31.5246,1.69421,0.33099
4307,400,5,5,29,0,0,0,1,100.688,0.05,0.15,1989,31.5246,1.16874,0.33099
4308,400,8,3,36,1,0,0,1,108.093,0.05,0.15,1991,31.5246,1.39123,0.33082
4309,400,1,1,20,0,0,0,1,73.811,0.05,0.15,1991,31.5246,1.14606,0.33082
4310,400,2,2,37,0,0,0,1,99.996,0.05,0.15,1992,31.5246,1.28445,0.33074
4311,95,1,1,22,0,1,0,0,11.192,0.05,0.15,1992,31.5246,1.60461,0.33074
4312,5,0,0,3,0,1,0,0,-25.854,0.05,0.15,1992,31.5246,6.23411,0.33074
4313,400,2,2,23,0,0,0,1,78.39,0.05,0.15,1992,31.5246,1.18265,0.33074
4314,27,1,1,7,0,1,0,0,-16.076,0.05,0.15,1992,31.5246,3.20968,0.33074
4315,41,0,0,8,0,1,0,0,-15.689,0.05,0.15,1992,31.5246,1.05054,0.33074
4316,278,4,4,19,0,0,0,0,57.336,0.05,0.15,1992,31.5246,1.51906,0.33074
4317,13,1,1,4,0,1,0,0,-21.123,0.05,0.15,1992,31.5246,5.63779,0.33074
4318,41,0,0,9,0,1,0,0,-15.397,0.05,0.15,1992,31.5246,0.99869,0.33074
4319,400,2,2,28,0,0,0,1,77.852,0.05,0.15,1992,31.5246,1.34052,0.33082
4320,13,0,0,3,0,1,0,0,-25.159,0.05,0.15,1992,31.5246,5.19884,0.33082
4321,400,2,2,24,0,0,0,1,79.537,0.05,0.15,1992,31.5246,1.39932,0.33082
4322,400,1,1,31,0,0,0,1,66.398,0.05,0.15,1992,31.5246,1.50266,0.33082
4323,42,0,0,11,0,1,0,0,-12.549,0.05,0.15,1993,31.5246,2.77661,0.33074
4324,76,0,0,11,0,1,0,0,-8.337,0.05,0.15,1993,31.5246,1.66653,0.33074
4325,400,3,3,27,0,0,0,1,91.463,0.05,0.15,1993,31.5246,0.99235,0.33074
4326,222,0,0,21,0,1,0,0,22.153,0.05,0.15,1995,31.5246,1.64629,0.33058
4327,40,1,1,11,0,1,0,0,-9.233,0.05,0.15,1995,31.5246,2.34213,0.33058
4328,113,2,2,22,0,1,0,0,11.607,0.05,0.15,1995,31.5246,1.94489,0.33058
4329,400,2,2,20,0,0,2,1,79.659,0.05,0.15,1995,31.5246,1.10288,0.33058
4330,330,8,3,29,1,0,0,0,88.018,0.05,0.15,1995,31.5246,1.45421,0.33058
4331,400,3,3,50,0,0,0,1,110.223,0.05,0.15,1995,31.5246,1.3275,0.33058
4332,102,2,2,24,0,1,0,0,15.491,0.05,0.15,1995,31.5246,2.12879,0.33058
4333,42,1,1,13,0,1,0,0,-5.723,0.05,0.15,1995,31.5246,2.01179,0.33058
4334,51,0,0,15,0,1,0,0,-7.02,0.05,0.15,1995,31.5246,2.67137,0.33058
4335,400,3,3,40,0,0,0,1,99.936,0.05,0.15,1995,31.5246,1.4601,0.33058
4336,391,0,0,23,0,1,0,0,41.586,0.05,0.15,1995,31.5246,1.28827,0.33058
4337,400,7,2,21,1,0,0,1,92.697,0.05,0.15,1995,31.5246,1.21285,0.33058
4338,400,1,1,37,0,0,0,1,80.097,0.05,0.15,1995,31.5246,1.22848,0.33058
4339,28,1,1,9,0,1,0,0,-15.533,0.05,0.15,1995,31.5246,3.11155,0.33058
4340,400,4,4,35,0,0,0,1,108.347,0.05,0.15,1995,31.5246,1.03877,0.33058
4341,400,2,2,49,0,0,0,1,113.666,0.05,0.15,1995,31.5246,1.20927,0.33066
4342,400,3,3,40,0,0,0,1,110.461,0.05,0.15,1995,31.5246,1.21615,0.33066
4343,400,7,2,35,1,0,1,1,117.065,0.05,0.15,1995,31.5246,1.35591,0.33066
4344,270,3,3,40,0,1,1,0,50.23,0.05,0.15,1995,31.5246,1.61514,0.33066
4345,302,13,3,48,2,1,0,0,84.785,0.05,0.15,1995,31.5246,2.04462,0.33066
4346,400,4,4,22,0,0,0,1,81.563,0.05,0.15,1995,31.5246,1.18065,0.33066
4347,400,4,4,18,0,0,0,1,82.78,0.05,0.15,1995,31.5246,1.51499,0.33066
4348,20,0,0,5,0,1,0,0,-23.454,0.05,0.15,1995,31.5246,5.01782,0.33066
4349,272,2,2,35,0,1,2,0,39.743,0.05,0.15,1996,31.5246,1.65124,0.33058
4350,400,3,3,48,0,0,0,1,111.467,0.05,0.15,1996,31.5246,1.24895,0.33058
4351,400,2,2,42,0,0,1,1,99.513,0.05,0.15,1996,31.5246,1.10423,0.33058
4352,400,4,4,40,0,0,0,1,111.446,0.05,0.15,1999,31.5246,1.29335,0.33033
4353,400,2,2,59,0,0,0,1,140.699,0.05,0.15,1999,31.5246,1.24635,0.33033
4354,5,0,0,4,0,1,0,0,-33.206,0.05,0.15,1999,31.5246,1.23118,0.33033
4355,64,1,1,12,0,0,0,0,13.971,0.05,0.15,1999,31.5246,1.49577,0.33033
4356,42,1,1,15,0,1,0,0,-10.985,0.05,0.15,1999,31.5246,2.97483,0.33033
4357,400,5,5,25,0,0,0,1,95.366,0.05,0.15,1999,31.5246,1.09755,0.33033
4358,400,2,2,34,0,0,0,1,91.745,0.05,0.15,1999,31.5246,1.21328,0.33033
4359,121,2,2,18,0,1,0,0,14.867,0.05,0.15,2000,31.5246,2.33037,0.33033
4360,400,2,2,33,0,0,0,1,94.31,0.05,0.15,2000,31.5246,1.16359,0.33033
4361,152,2,2,39,0,1,1,0,36.489,0.05,0.15,2000,31.5246,1.94941,0.33033
4362,400,8,3,32,1,0,0,1,105.204,0.05,0.15,2000,31.5246,1.33161,0.33033
4363,400,4,4,34,0,0,0,1,92.947,0.05,0.15,2000,31.5246,1.51563,0.33033
4364,400,0,0,34,0,0,0,1,86.556,0.05,0.15,2000,31.5246,0.95424,0.33033
4365,400,9,4,35,1,0,0,1,106.111,0.05,0.15,2000,31.5246,1.38959,0.33033
4366,400,2,2,49,0,0,0,1,117.192,0.05,0.15,2000,31.5246,1.15536,0.33033
4367,110,1,1,20,0,1,0,0,5.665,0.05,0.15,2000,31.5246,2.12603,0.33033
4368,42,1,1,16,0,1,0,0,-7.998,0.05,0.15,2000,31.5246,2.82733,0.33033
4369,20,0,0,3,0,1,0,0,-24.832,0.05,0.15,2000,31.5246,3.93712,0.33033
4370,400,3,3,37,0,0,0,1,102.559,0.05,0.15,2001,31.5246,1.20292,0.33042
4371,279,5,5,28,0,1,0,0,41.187,0.05,0.15,2002,31.5246,1.681,0.33034
4372,400,6,1,30,1,0,0,1,104.898,0.05,0.15,2002,31.5246,1.19977,0.33034
4373,48,1,1,18,0,1,0,0,-5.218,0.05,0.15,2002,31.5246,2.45557,0.33034
4374,400,2,2,23,0,0,1,1,70.508,0.05,0.15,2002,31.5246,1.34396,0.33034
4375,400,2,2,21,0,0,0,1,75.928,0.05,0.15,2002,31.5246,1.27537,0.33034
4376,400,7,2,31,1,0,0,1,97.213,0.05,0.15,2002,31.5246,1.51836,0.33034
4377,400,0,0,39,0,0,1,1,94.047,0.05,0.15,2002,31.5246,1.31149,0.33042
4378,400,3,3,34,0,0,0,1,97.253,0.05,0.15,2003,31.5246,1.11473,0.33034
4379,400,6,1,19,1,0,0,1,91.331,0.05,0.15,2003,31.5246,1.10619,0.33034
4380,114,0,0,12,0,1,1,0,-13.099,0.05,0.15,2003,31.5246,2.13356,0.33042
4381,48,1,1,15,0,1,0,0,-8.59,0.05,0.15,2003,31.5246,2.446,0.33042
4382,13,0,0,4,0,1,0,0,-27.788,0.05,0.15,2003,31.5246,3.69197,0.33042
4383,400,6,1,25,1,0,1,1,78.796,0.05,0.15,2003,31.5246,1.30268,0.33042
4384,400,1,1,16,0,0,0,1,66.802,0.05,0.15,2003,31.5246,1.01805,0.33042
4385,400,1,1,18,0,0,0,1,50.739,0.05,0.15,2004,31.5246,1.43273,0.33034
4386,400,1,1,25,0,0,0,1,83.722,0.05,0.15,2004,31.5246,1.17814,0.33034
4387,400,0,0,27,0,0,0,1,69.505,0.05,0.15,2004,31.5246,1.22046,0.33034
4388,400,1,1,21,0,0,1,1,65.216,0.05,0.15,2005,31.5246,1.02175,0.33034
4389,400,3,3,32,0,0,0,1,88.889,0.05,0.15,2005,31.5246,0.91201,0.33034
4390,400,6,6,39,0,0,2,1,107.758,0.05,0.15,2005,31.5246,1.07881,0.33034
4391,400,2,2,31,0,0,0,1,74.695,0.05,0.15,2005,31.5246,1.10976,0.33034
4392,94,2,2,28,0,1,0,0,15.219,0.05,0.15,2005,31.5246,2.1261,0.33034
4393,33,0,0,10,0,1,0,0,-18.232,0.05,0.15,2005,31.5246,2.17864,0.33034
4394,116,1,1,21,0,1,0,0,13.127,0.05,0.15,2005,31.5246,1.44333,0.33034
4395,250,3,3,25,0,1,0,0,45.541,0.05,0.15,2007,31.5246,1.53731,0.33018
4396,400,2,2,26,0,0,0,1,83.385,0.05,0.15,2007,31.5246,1.04361,0.33018
4397,95,2,2,12,0,1,0,0,-1.536,0.05,0.15,2007,31.5246,1.87045,0.33018
4398,230,2,2,18,0,1,1,0,12.839,0.05,0.15,2007,31.5246,1.44677,0.33018
4399,266,10,5,39,1,1,0,0,64.722,0.05,0.15,2007,31.5246,1.83087,0.33018
4400,21,1,1,7,0,1,0,0,-16.92,0.05,0.15,2007,31.5246,3.01921,0.33018
4401,400,14,4,53,2,0,0,1,125.886,0.05,0.15,2007,31.5246,1.7003,0.33018
4402,400,2,2,35,0,0,0,1,86.158,0.05,0.15,2007,31.5246,1.16589,0.33018
4403,68,2,2,9,0,1,0,0,-8.054,0.05,0.15,2007,31.5246,2.21055,0.33018
4404,72,0,0,13,0,1,0,0,-10.617,0.05,0.15,2007,31.5246,1.95321,0.33018
4405,400,0,0,22,0,0,0,1,66.761,0.05,0.15,2007,31.5246,1.35702,0.33034
4406,63,0,0,23,0,1,0,0,-2.445,0.05,0.15,2007,31.5246,2.70575,0.33051
4407,400,2,2,23,0,0,0,1,81.375,0.05,0.15,2007,31.5246,1.00819,0.33051
4408,400,3,3,29,0,0,0,1,85.042,0.05,0.15,2007,31.5246,1.10091,0.33051
4409,400,9,4,36,1,0,0,1,118.871,0.05,0.15,2007,31.5246,1.21768,0.33051
4410,400,0,0,33,0,0,0,1,74.327,0.05,0.15,2007,31.5246,1.06624,0.33051
4411,167,2,2,24,0,1,0,0,12.26,0.05,0.15,2007,31.5246,1.6171,0.33051
4412,64,1,1,18,0,1,0,0,-1.811,0.05,0.15,2008,31.5246,3.00548,0.33043
4413,400,1,1,28,0,0,1,1,66.353,0.05,0.15,2008,31.5246,1.1826,0.33043
4414,55,1,1,9,0,1,0,0,-10.411,0.05,0.15,2008,31.5246,2.0225,0.33043
4415,116,3,3,31,0,1,0,0,23.991,0.05,0.15,2008,31.5246,2.25606,0.33043
4416,400,6,6,48,0,0,0,1,117.341,0.05,0.15,2008,31.5246,1.26466,0.33043
4417,35,1,1,9,0,1,0,0,-10.163,0.05,0.15,2008,31.5246,2.59168,0.33043
4418,88,2,2,25,0,1,0,0,15.015,0.05,0.15,2008,31.5246,1.5322,0.33043
4419,372,1,1,33,0,1,0,0,45.014,0.05,0.15,2008,31.5246,1.42476,0.33043
4420,13,0,0,1,0,1,0,0,-29.559,0.05,0.15,2008,31.5246,6.01913,0.33043
4421,205,0,0,32,0,1,0,0,32.293,0.05,0.15,2010,31.5246,1.72742,0.33035
4422,400,1,1,23,0,0,0,1,73.985,0.05,0.15,2010,31.5246,1.12919,0.33035
4423,400,2,2,18,0,0,0,1,58.218,0.05,0.15,2010,31.5246,1.17311,0.33035
4424,221,2,2,22,0,1,0,0,20.863,0.05,0.15,2010,31.5246,1.63165,0.33035
4425,6,0,0,2,0,1,0,0,-31.166,0.05,0.15,2010,31.5246,8.86659,0.33035
4426,400,1,1,18,0,0,0,1,71.057,0.05,0.15,2010,31.5246,1.10525,0.33035
4427,164,0,0,22,0,0,0,0,34.213,0.05,0.15,2010,31.5246,1.42169,0.33051
4428,400,4,4,44,0,0,0,1,93.169,0.05,0.15,2010,31.5246,1.32218,0.33051
4429,400,1,1,25,0,0,0,1,62.686,0.05,0.15,2010,31.5246,1.3705,0.33051
4430,400,7,2,40,1,0,0,1,122.844,0.05,0.15,2010,31.5246,1.13664,0.33051
4431,124,6,1,33,1,1,0,0,36.133,0.05,0.15,2011,31.5246,2.41204,0.33043
4432,400,0,0,18,0,0,0,1,80.804,0.05,0.15,2011,31.5246,0.86116,0.33043
4433,167,5,5,44,0,1,1,0,50.112,0.05,0.15,2011,31.5246,2.26758,0.33043
4434,400,1,1,28,0,0,0,1,80.735,0.05,0.15,2011,31.5246,1.12201,0.33043
4435,400,0,0,32,0,0,0,1,85.689,0.05,0.15,2011,31.5246,1.05067,0.33043
4436,400,0,0,41,0,0,1,1,71.274,0.05,0.15,2011,31.5246,1.52831,0.33043
4437,159,2,2,9,0,1,0,0,-8.856,0.05,0.15,2011,31.5246,1.04999,0.33043
4438,93,1,1,15,0,1,0,0,-4.385,0.05,0.15,2011,31.5246,2.05722,0.33043
4439,400,1,1,15,0,0,0,1,39.847,0.05,0.15,2011,31.5246,1.07449,0.33043
4440,400,2,2,22,0,0,0,1,77.344,0.05,0.15,2011,31.5246,1.21286,0.33043
4441,94,2,2,17,0,1,1,0,0.494,0.05,0.15,2011,31.5246,2.0257,0.33043
4442,400,2,2,41,0,0,0,1,84.27,0.05,0.15,2011,31.5246,1.24199,0.33043
4443,285,3,3,31,0,1,0,0,42.239,0.05,0.15,2011,31.5246,1.60878,0.33043
4444,400,2,2,40,0,0,0,1,82.108,0.05,0.15,2011,31.5246,1.30734,0.33043
4445,400,4,4,47,0,0,0,1,110.756,0.05,0.15,2011,31.5246,1.14197,0.33043
4446,28,1,1,7,0,1,0,0,-16.02,0.05,0.15,2011,31.5246,1.41323,0.33043
4447,35,0,0,11,0,1,0,0,-16.959,0.05,0.15,2011,31.5246,2.30048,0.33043
4448,285,3,3,33,0,1,0,0,55.533,0.05,0.15,2011,31.5246,1.4635,0.33043
4449,400,1,1,15,0,0,0,1,53.644,0.05,0.15,2011,31.5246,1.27182,0.33043
4450,80,1,1,22,0,1,0,0,1.073,0.05,0.15,2011,31.5246,2.16025,0.33043
4451,400,3,3,29,0,0,0,1,88.925,0.05,0.15,2011,31.5246,1.35042,0.33043
4452,20,1,1,6,0,1,0,0,-20.086,0.05,0.15,2011,31.5246,4.35548,0.33043
4453,212,1,1,13,0,1,0,0,3.745,0.05,0.15,2011,31.5246,1.60739,0.33043
4454,400,3,3,35,0,0,0,1,90.296,0.05,0.15,2011,31.5246,1.24443,0.33043
4455,40,1,1,12,0,1,0,0,-12.833,0.05,0.15,2011,31.5246,2.37205,0.33043
4456,70,0,0,16,0,1,0,0,-2.811,0.05,0.15,2011,31.5246,1.39497,0.33043
4457,117,1,1,23,0,1,0,0,8.74,0.05,0.15,2011,31.5246,1.72289,0.33043
4458,221,3,3,32,0,0,1,0,60.221,0.05,0.15,2011,31.5246,1.57431,0.33043
4459,78,2,2,9,0,1,0,0,-0.061,0.05,0.15,2011,31.5246,2.17882,0.33043
4460,64,1,1,13,0,1,0,0,-3.832,0.05,0.15,2012,31.5246,2.76971,0.33035
4461,400,2,2,18,0,0,0,1,62.7,0.05,0.15,2012,31.5246,1.26648,0.33035
4462,28,1,1,7,0,1,0,0,-14.72,0.05,0.15,2012,31.5246,2.66556,0.33035
4463,132,2,2,24,0,1,0,0,17.051,0.05,0.15,2012,31.5246,1.65604,0.33035
4464,400,2,2,31,0,0,1,1,83.88,0.05,0.15,2012,31.5246,1.18628,0.33035
4465,145,2,2,33,0,1,0,0,21.056,0.05,0.15,2012,31.5246,1.43634,0.33035
4466,400,10,5,55,1,0,1,1,139.15,0.05,0.15,2012,31.5246,1.41821,0.33035
4467,332,10,5,37,1,1,0,0,81.528,0.05,0.15,2012,31.5246,1.60662,0.33035
4468,400,8,3,26,1,0,0,1,92.226,0.05,0.15,2012,31.5246,1.44739,0.33035
4469,209,1,1,34,0,1,1,0,26.401,0.05,0.15,2012,31.5246,1.78299,0.33035
4470,104,2,2,8,0,1,0,0,-1.928,0.05,0.15,2012,31.5246,1.80851,0.33035
4471,275,1,1,13,0,1,0,0,20.279,0.05,0.15,2012,31.5246,1.20117,0.33035
4472,400,5,5,24,0,0,0,1,71.565,0.05,0.15,2012,31.5246,1.24291,0.33035
4473,34,0,0,5,0,1,0,0,-20.79,0.05,0.15,2012,31.5246,1.35448,0.33035
4474,21,0,0,5,0,1,0,0,-22.846,0.05,0.15,2012,31.5246,4.9614,0.33043
4475,48,0,0,6,0,1,0,0,-22.122,0.05,0.15,2012,31.5246,1.45623,0.33043
4476,170,0,0,4,0,1,0,0,-12.456,0.05,0.15,2012,31.5246,1.34209,0.33043
4477,400,6,1,41,1,0,1,1,98.894,0.05,0.15,2012,31.5246,1.46406,0.33043
4478,400,7,2,17,1,0,0,1,87.354,0.05,0.15,2012,31.5246,1.40995,0.33043
4479,20,0,0,7,0,1,0,0,-22.71,0.05,0.15,2012,31.5246,3.24315,0.33043
4480,144,0,0,7,0,1,0,0,0.258,0.05,0.15,2012,31.5246,1.30053,0.33043
4481,400,4,4,34,0,0,0,1,95.779,0.05,0.15,2014,31.5246,1.46066,0.33035
4482,400,8,3,18,1,0,2,1,74.161,0.05,0.15,2016,31.5246,1.52799,0.33027
4483,331,0,0,12,0,1,0,0,14.487,0.05,0.15,2016,31.5246,1.25783,0.33027
4484,400,3,3,11,0,0,1,1,60.928,0.05,0.15,2016,31.5246,0.94306,0.33036
4485,5,0,0,1,0,1,0,0,-28.704,0.05,0.15,2016,31.5246,11.23658,0.33036
4486,172,0,0,11,0,1,0,0,11.674,0.05,0.15,2016,31.5246,0.92311,0.33036
4487,35,0,0,5,0,1,0,0,-20.86,0.05,0.15,2016,31.5246,1.91064,0.33036
4488,400,4,4,19,0,0,0,1,99.747,0.05,0.15,2016,31.5246,1.0283,0.33044
4489,400,1,1,20,0,0,0,1,95.85,0.05,0.15,2016,31.5246,0.95964,0.33044
4490,400,15,5,17,2,0,1,1,135.182,0.05,0.15,2016,31.5246,1.24802,0.33044
4491,86,1,1,12,0,1,0,0,1.261,0.05,0.15,2016,31.5246,1.57921,0.33044
4492,400,1,1,28,0,0,0,1,78.609,0.05,0.15,2016,31.5246,0.94859,0.33044
4493,76,1,1,19,0,1,0,0,-3.697,0.05,0.15,2016,31.5246,1.91739,0.33044
4494,68,0,0,8,0,1,0,0,-8.437,0.05,0.15,2016,31.5246,1.55011,0.33044
4495,400,0,0,35,0,0,1,1,88.885,0.05,0.15,2016,31.5246,1.19069,0.33044
4496,400,9,4,34,1,0,1,1,110.115,0.05,0.15,2016,31.5246,1.49407,0.33044
4497,400,7,2,51,1,0,1,1,121.748,0.05,0.15,2016,31.5246,1.46127,0.33052
4498,400,2,2,24,0,0,0,1,70.193,0.05,0.15,2016,31.5246,1.25813,0.33052
4499,372,2,2,28,0,1,0,0,24.847,0.05,0.15,2016,31.5246,1.76392,0.33052
4500,400,1,1,22,0,0,0,1,63.555,0.05,0.15,2017,31.5246,1.29124,0.33044
4501,142,8,3,29,1,1,1,0,40.252,0.05,0.15,2018,31.5246,1.96684,0.33036
4502,106,3,3,14,0,1,0,0,12.058,0.05,0.15,2018,31.5246,1.53029,0.33036
4503,176,2,2,50,0,1,1,0,39.1,0.05,0.15,2018,31.5246,2.20111,0.33036
4504,400,4,4,27,0,0,1,1,94.463,0.05,0.15,2018,31.5246,1.13151,0.33036
4505,400,3,3,22,0,0,0,1,74.833,0.05,0.15,2018,31.5246,1.41807,0.33036
4506,101,2,2,11,0,1,0,0,5.998,0.05,0.15,2018,31.5246,1.23125,0.33036
4507,400,4,4,24,0,0,0,1,80.174,0.05,0.15,2018,31.5246,1.02209,0.33036
4508,400,1,1,31,0,0,0,1,81.195,0.05,0.15,2018,31.5246,1.32572,0.33044
4509,400,3,3,22,0,0,0,1,84.57,0.05,0.15,2018,31.5246,1.00787,0.33044
4510,400,2,2,28,0,0,0,1,67.784,0.05,0.15,2018,31.5246,1.16637,0.33044
4511,196,2,2,46,0,0,0,0,60.453,0.05,0.15,2019,31.5246,1.52914,0.33036
4512,274,2,2,27,0,1,1,0,26.529,0.05,0.15,2022,31.5246,1.5816,0.3302
4513,97,0,0,11,0,1,0,0,-8.138,0.05,0.15,2022,31.5246,1.87315,0.3302
4514,5,0,0,3,0,1,0,0,-25.854,0.05,0.15,2022,31.5246,6.48993,0.3302
4515,115,1,1,7,0,1,0,0,-9.5,0.05,0.15,2022,31.5246,2.08839,0.3302
4516,282,2,2,20,0,1,0,0,27.707,0.05,0.15,2022,31.5246,1.36502,0.3302
4517,400,5,5,30,0,0,1,1,81.928,0.05,0.15,2022,31.5246,1.31951,0.3302
4518,400,6,1,27,1,0,1,1,88.21,0.05,0.15,2022,31.5246,1.26532,0.3302
4519,130,2,2,21,0,1,0,0,15.875,0.05,0.15,2023,31.5246,1.58715,0.33012
4520,310,2,2,30,0,0,0,1,68.865,0.05,0.15,2023,31.5246,1.36186,0.3302
4521,143,0,0,17,0,1,0,0,5.681,0.05,0.15,2023,31.5246,1.44054,0.3302
4522,400,4,4,39,0,0,0,1,98.043,0.05,0.15,2023,31.5246,1.03615,0.3302
4523,150,9,4,33,1,1,0,0,54.467,0.05,0.15,2023,31.5246,2.06616,0.3302
4524,20,0,0,5,0,1,0,0,-22.242,0.05,0.15,2023,31.5246,2.76295,0.3302
4525,81,2,2,22,0,1,0,0,12.14,0.05,0.15,2023,31.5246,1.87983,0.3302
4526,212,3,3,30,0,1,1,0,38.454,0.05,0.15,2024,31.5246,1.74543,0.33012
4527,400,3,3,61,0,0,0,1,123.46,0.05,0.15,2024,31.5246,1.32495,0.33012
4528,400,1,1,36,0,0,0,1,97.078,0.05,0.15,2024,31.5246,1.15848,0.3302
4529,347,7,2,44,1,1,0,0,82.368,0.05,0.15,2024,31.5246,1.48508,0.33029
4530,56,0,0,4,0,1,0,0,-18.488,0.05,0.15,2024,31.5246,1.87166,0.33029
4531,383,1,1,46,0,0,0,1,104.18,0.05,0.15,2024,31.5246,1.24655,0.33029
4532,400,6,6,41,0,0,0,1,116.747,0.05,0.15,2024,31.5246,0.8979,0.33029
4533,400,4,4,52,0,0,1,1,116.816,0.05,0.15,2024,31.5246,1.13063,0.33029
4534,238,8,3,45,1,0,3,0,86.741,0.05,0.15,2025,31.5246,1.819,0.33021
4535,198,2,2,17,0,1,0,0,18.881,0.05,0.15,2025,31.5246,1.57568,0.33021
4536,239,0,0,41,0,1,1,0,44.159,0.05,0.15,2025,31.5246,1.81031,0.33021
4537,200,8,3,43,1,1,0,0,75.947,0.05,0.15,2026,31.5246,1.86936,0.33013
4538,400,4,4,44,0,0,0,1,115.472,0.05,0.15,2027,31.5246,1.27206,0.33004
4539,400,0,0,20,0,0,0,1,67.737,0.05,0.15,2027,31.5246,1.24775,0.33004
4540,76,1,1,10,0,1,0,0,-9.745,0.05,0.15,2027,31.5246,1.75033,0.33004
4541,28,0,0,5,0,1,0,0,-22.88,0.05,0.15,2027,31.5246,3.08823,0.33004
4542,400,3,3,13,0,0,0,1,73.887,0.05,0.15,2028,31.5246,1.13591,0.32996
4543,400,4,4,37,0,0,0,1,104.491,0.05,0.15,2029,31.5246,1.06523,0.32988
4544,54,0,0,7,0,1,0,0,-15.108,0.05,0.15,2029,31.5246,1.69884,0.32988
4545,80,2,2,13,0,1,0,0,0.527,0.05,0.15,2029,31.5246,2.71373,0.32997
4546,60,0,0,7,0,1,0,0,-13.224,0.05,0.15,2029,31.5246,1.55449,0.32997
4547,400,2,2,12,0,0,0,1,68.935,0.05,0.15,2029,31.5246,1.15187,0.33013
4548,113,2,2,33,0,1,0,0,25.165,0.05,0.15,2029,31.5246,1.56606,0.33013
4549,125,2,2,8,0,1,0,0,2.557,0.05,0.15,2029,31.5246,1.53436,0.33013
4550,400,5,5,17,0,0,0,1,92.906,0.05,0.15,2029,31.5246,1.22057,0.33013
4551,241,9,4,55,1,1,2,0,76.123,0.05,0.15,2029,31.5246,1.65388,0.33013
4552,400,8,3,27,1,0,0,1,108.763,0.05,0.15,2029,31.5246,1.14699,0.33013
4553,95,1,1,9,0,1,0,0,-6.848,0.05,0.15,2029,31.5246,1.61764,0.33013
4554,20,1,1,5,0,1,0,0,-20.271,0.05,0.15,2029,31.5246,4.59695,0.33013
4555,34,1,1,6,0,1,0,0,-17.109,0.05,0.15,2029,31.5246,2.85502,0.33013
4556,400,2,2,16,0,0,1,1,80.801,0.05,0.15,2029,31.5246,1.07525,0.33013
4557,400,3,3,24,0,0,0,1,65.75,0.05,0.15,2029,31.5246,1.26023,0.33013
4558,55,1,1,12,0,1,0,0,-10.236,0.05,0.15,2029,31.5246,2.59677,0.33013
4559,41,1,1,8,0,1,0,0,-14.979,0.05,0.15,2029,31.5246,2.43355,0.33013
4560,202,4,4,22,0,0,0,0,44.583,0.05,0.15,2029,31.5246,1.79754,0.33013
4561,63,2,2,17,0,1,0,0,2.292,0.05,0.15,2029,31.5246,2.39237,0.33013
4562,324,4,4,29,0,1,0,0,62.467,0.05,0.15,2029,31.5246,1.36206,0.33021
4563,29,0,0,5,0,1,0,0,-19.885,0.05,0.15,2029,31.5246,3.63641,0.33021
4564,400,4,4,27,0,0,0,1,88.412,0.05,0.15,2029,31.5246,1.19387,0.33021
4565,400,4,4,21,0,0,0,1,105.899,0.05,0.15,2029,31.5246,1.14807,0.33021
4566,14,0,0,4,0,1,0,0,-22.634,0.05,0.15,2029,31.5246,4.0859,0.33021
4567,400,3,3,37,0,0,0,1,104.285,0.05,0.15,2029,31.5246,1.15213,0.33021
4568,45,0,0,8,0,1,0,0,-15.619,0.05,0.15,2029,31.5246,2.02236,0.33021
4569,400,4,4,37,0,0,0,1,118.061,0.05,0.15,2029,31.5246,1.2982,0.33021
4570,400,4,4,21,0,0,0,1,85.629,0.05,0.15,2029,31.5246,1.07916,0.33021
4571,400,4,4,29,0,0,0,1,98.001,0.05,0.15,2029,31.5246,1.21797,0.33021
4572,38,2,2,7,0,1,0,0,-10.563,0.05,0.15,2029,31.5246,2.93145,0.33021
4573,28,1,1,7,0,1,0,0,-14.215,0.05,0.15,2029,31.5246,2.6983,0.33021
4574,21,1,1,6,0,1,0,0,-20.956,0.05,0.15,2029,31.5246,3.53924,0.33021
4575,20,0,0,4,0,1,0,0,-25.243,0.05,0.15,2029,31.5246,3.57137,0.33021
4576,83,0,0,7,0,1,0,0,-11.337,0.05,0.15,2029,31.5246,1.62781,0.33021
4577,13,0,0,4,0,1,0,0,-24.161,0.05,0.15,2029,31.5246,5.11822,0.33021
4578,43,0,0,10,0,1,0,0,-15.143,0.05,0.15,2029,31.5246,3.20849,0.33021
4579,14,0,0,4,0,1,0,0,-24.702,0.05,0.15,2029,31.5246,2.94281,0.33021
4580,240,1,1,39,0,1,2,0,36.576,0.05,0.15,2029,31.5246,1.75116,0.33029
4581,62,2,2,17,0,1,0,0,5.301,0.05,0.15,2029,31.5246,1.39869,0.33029
4582,16,1,1,3,0,1,0,0,-20.48,0.05,0.15,2029,31.5246,3.76986,0.33038
4583,54,2,2,7,0,1,0,0,-8.916,0.05,0.15,2029,31.5246,1.7856,0.33038
4584,400,5,5,35,0,0,0,1,117.608,0.05,0.15,2029,31.5246,1.33111,0.33038
4585,51,0,0,6,0,1,0,0,-17.447,0.05,0.15,2029,31.5246,1.91205,0.33038
4586,78,0,0,13,0,1,0,0,-8.603,0.05,0.15,2029,31.5246,1.84739,0.33038
4587,183,1,1,32,0,1,0,0,29.17,0.05,0.15,2029,31.5246,1.72837,0.33054
4588,400,7,2,47,1,0,0,1,121.24,0.05,0.15,2029,31.5246,1.54306,0.33054
4589,384,7,2,29,1,1,3,0,70.919,0.05,0.15,2029,31.5246,1.54824,0.33054
4590,51,2,2,14,0,1,0,0,-4.915,0.05,0.15,2029,31.5246,2.5645,0.33054
4591,71,1,1,6,0,1,0,0,-10.151,0.05,0.15,2029,31.5246,1.81063,0.33054
4592,104,0,0,17,0,1,0,0,-1.763,0.05,0.15,2029,31.5246,2.35248,0.33054
4593,66,0,0,7,0,1,0,0,-13.287,0.05,0.15,2029,31.5246,1.99405,0.33054
4594,20,0,0,6,0,1,0,0,-24.105,0.05,0.15,2029,31.5246,3.37391,0.33054
4595,400,8,3,40,1,0,2,1,95.594,0.05,0.15,2029,31.5246,1.51918,0.33062
4596,55,0,0,21,0,1,0,0,-0.09,0.05,0.15,2029,31.5246,1.63315,0.33062
4597,13,0,0,4,0,1,0,0,-27.877,0.05,0.15,2029,31.5246,3.69083,0.33062
4598,49,0,0,5,0,1,1,0,-16.341,0.05,0.15,2029,31.5246,3.02922,0.33062
4599,58,0,0,7,0,1,0,0,-11.842,0.05,0.15,2029,31.5246,2.13577,0.33062
4600,400,6,1,21,1,0,0,1,81.741,0.05,0.15,2030,31.5246,1.49864,0.33054
4601,41,0,0,11,0,1,0,0,-12.698,0.05,0.15,2030,31.5246,1.40035,0.33054
4602,44,0,0,11,0,1,0,0,-15.654,0.05,0.15,2030,31.5246,2.28255,0.33054
4603,400,2,2,43,0,0,0,1,81.296,0.05,0.15,2030,31.5246,1.38426,0.33054
4604,400,0,0,26,0,0,0,1,68.287,0.05,0.15,2030,31.5246,1.34654,0.33062
4605,400,1,1,14,0,0,0,1,53.858,0.05,0.15,2031,31.5246,1.25834,0.33054
4606,36,0,0,10,0,1,0,0,-20.985,0.05,0.15,2031,31.5246,1.98117,0.33054
4607,400,1,1,13,0,0,0,1,61.168,0.05,0.15,2031,31.5246,1.32767,0.33054
4608,400,2,2,26,0,0,0,1,89.559,0.05,0.15,2031,31.5246,1.37356,0.33054
4609,400,4,4,37,0,0,0,1,104.967,0.05,0.15,2031,31.5246,1.25704,0.33054
4610,400,4,4,47,0,0,0,1,109.036,0.05,0.15,2031,31.5246,1.34182,0.33054
4611,400,10,5,57,1,0,1,1,131.197,0.05,0.15,2031,31.5246,1.61198,0.33063
4612,161,4,4,32,0,1,0,0,51.246,0.05,0.15,2031,31.5246,1.65084,0.33063
4613,400,2,2,25,0,0,0,1,80.12,0.05,0.15,2031,31.5246,1.29848,0.33063
4614,288,1,1,40,0,1,0,0,52.315,0.05,0.15,2031,31.5246,1.50038,0.33071
4615,13,0,0,3,0,1,0,0,-26.065,0.05,0.15,2031,31.5246,6.55862,0.33071
4616,28,0,0,8,0,1,0,0,-17.362,0.05,0.15,2031,31.5246,2.30939,0.33071
4617,77,0,0,5,0,1,0,0,-12.582,0.05,0.15,2031,31.5246,1.92838,0.33071
4618,300,3,3,37,0,1,1,0,46.6,0.05,0.15,2032,31.5246,1.47794,0.33063
4619,12,0,0,5,0,1,0,0,-27.229,0.05,0.15,2032,31.5246,5.75273,0.33063
4620,60,0,0,17,0,1,0,0,-2.696,0.05,0.15,2032,31.5246,2.46099,0.33063
4621,400,5,0,26,1,0,1,1,94.749,0.05,0.15,2033,31.5246,1.41301,0.33063
4622,400,3,3,30,0,0,0,1,95.004,0.05,0.15,2033,31.5246,1.09914,0.33063
4623,50,0,0,13,0,1,0,0,-10.809,0.05,0.15,2033,31.5246,1.94746,0.33063
4624,20,1,1,7,0,1,0,0,-17.201,0.05,0.15,2033,31.5246,2.71885,0.33063
4625,80,0,0,6,0,1,0,0,-10.879,0.05,0.15,2033,31.5246,1.64048,0.33063
4626,400,5,5,29,0,0,0,1,101.547,0.05,0.15,2034,31.5246,1.3667,0.33055
4627,400,2,2,35,0,0,0,1,95.881,0.05,0.15,2034,31.5246,1.07758,0.33055
4628,117,0,0,13,0,1,0,0,-0.144,0.05,0.15,2034,31.5246,0.99553,0.33055
4629,119,0,0,16,0,1,0,0,5.91,0.05,0.15,2034,31.5246,1.45313,0.33055
4630,13,0,0,4,0,1,0,0,-24.573,0.05,0.15,2034,31.5246,5.50732,0.33055
4631,400,2,2,22,0,0,0,1,79.358,0.05,0.15,2034,31.5246,0.88651,0.33055
4632,27,0,0,7,0,1,0,0,-17.487,0.05,0.15,2034,31.5246,1.24661,0.33055
4633,400,4,4,36,0,0,0,1,109.735,0.05,0.15,2034,31.5246,1.00895,0.33063
4634,400,3,3,26,0,0,0,1,94.762,0.05,0.15,2035,31.5246,1.12358,0.33055
4635,21,0,0,4,0,1,0,0,-22.867,0.05,0.15,2035,31.5246,1.55873,0.33055
4636,97,0,0,10,0,1,0,0,-8.245,0.05,0.15,2035,31.5246,1.24415,0.33055
4637,27,0,0,8,0,1,0,0,-17.999,0.05,0.15,2035,31.5246,3.85227,0.33055
4638,76,0,0,11,0,1,0,0,-6.953,0.05,0.15,2035,31.5246,1.35285,0.33055
4639,400,7,7,46,0,0,0,1,122.828,0.05,0.15,2037,31.5246,1.14044,0.33039
4640,346,2,2,21,0,0,0,1,63.215,0.05,0.15,2037,31.5246,1.29883,0.33039
4641,400,2,2,48,0,0,0,1,111.417,0.05,0.15,2037,31.5246,1.30101,0.33047
4642,400,5,5,30,0,0,0,1,107.979,0.05,0.15,2037,31.5246,1.15512,0.33047
4643,400,5,5,24,0,0,0,1,94.5,0.05,0.15,2037,31.5246,1.00232,0.33047
4644,13,0,0,5,0,1,0,0,-27.123,0.05,0.15,2037,31.5246,3.97375,0.33047
4645,73,1,1,9,0,1,0,0,-6.645,0.05,0.15,2037,31.5246,1.15173,0.33047
4646,49,2,2,16,0,1,0,0,-4.968,0.05,0.15,2037,31.5246,2.77906,0.33047
4647,400,2,2,24,0,0,2,1,89.254,0.05,0.15,2037,31.5246,1.06703,0.33055
4648,400,8,3,33,1,0,0,1,120.151,0.05,0.15,2039,31.5246,1.04779,0.33047
4649,400,10,5,34,1,0,0,1,129.016,0.05,0.15,2040,31.5246,1.16421,0.33039
4650,71,0,0,13,0,1,0,0,-7.779,0.05,0.15,2040,31.5246,2.11701,0.33039
4651,348,4,4,29,0,1,0,0,52.53,0.05,0.15,2040,31.5246,1.31463,0.33039
4652,13,0,0,5,0,1,0,0,-27.277,0.05,0.15,2040,31.5246,4.60564,0.33039
4653,400,3,3,26,0,0,0,1,92.35,0.05,0.15,2040,31.5246,0.9975,0.33039
4654,400,7,2,26,1,0,0,1,94.599,0.05,0.15,2040,31.5246,1.1245,0.33039
4655,400,10,5,30,1,0,3,1,109.699,0.05,0.15,2040,31.5246,1.09156,0.33039
4656,400,0,0,28,0,0,0,1,86.692,0.05,0.15,2040,31.5246,1.14589,0.33039
4657,249,7,2,41,1,1,2,0,79.563,0.05,0.15,2040,31.5246,1.98595,0.33039
4658,400,4,4,24,0,0,0,1,80.916,0.05,0.15,2040,31.5246,1.00888,0.33039
4659,312,9,4,58,1,1,0,0,98.192,0.05,0.15,2040,31.5246,1.74944,0.33039
4660,400,9,4,47,1,0,0,1,145.844,0.05,0.15,2040,31.5246,1.16269,0.33039
4661,27,0,0,13,0,1,0,0,-17.21,0.05,0.15,2040,31.5246,2.82194,0.33039
4662,400,4,4,55,0,0,1,1,133.37,0.05,0.15,2041,31.5246,1.38375,0.33031
4663,400,12,7,53,1,0,0,1,147.243,0.05,0.15,2041,31.5246,1.64216,0.33031
4664,27,0,0,8,0,1,0,0,-17.896,0.05,0.15,2041,31.5246,3.23006,0.33031
4665,35,0,0,5,0,1,0,0,-19.758,0.05,0.15,2041,31.5246,1.60596,0.33031
4666,400,4,4,40,0,0,0,1,110.998,0.05,0.15,2041,31.5246,1.28315,0.33031
4667,400,1,1,31,0,0,0,1,88.475,0.05,0.15,2041,31.5246,1.11714,0.33031
4668,279,1,1,16,0,0,0,0,37.514,0.05,0.15,2042,31.5246,0.84172,0.33023
4669,400,2,2,21,0,0,0,1,86.057,0.05,0.15,2042,31.5246,1.06372,0.33023
4670,263,0,0,25,0,1,0,0,33.863,0.05,0.15,2042,31.5246,1.37909,0.33023
4671,25,0,0,6,0,1,0,0,-19.013,0.05,0.15,2042,31.5246,3.83073,0.33023
4672,32,1,1,4,0,1,0,0,-19.946,0.05,0.15,2042,31.5246,2.22936,0.33023
4673,21,0,0,1,0,1,0,0,-31.026,0.05,0.15,2042,31.5246,3.27583,0.33023
4674,400,6,1,24,1,0,0,1,92.532,0.05,0.15,2042,31.5246,1.05086,0.33023
4675,400,4,4,39,0,0,0,1,118.251,0.05,0.15,2043,31.5246,1.41012,0.33015
4676,400,3,3,38,0,0,0,1,108.187,0.05,0.15,2043,31.5246,1.11287,0.33015
4677,400,4,4,23,0,0,0,1,90.118,0.05,0.15,2043,31.5246,0.90678,0.33015
4678,153,0,0,21,0,1,0,0,7.834,0.05,0.15,2043,31.5246,1.6711,0.33015
4679,400,4,4,37,0,0,0,1,115.354,0.05,0.15,2043,31.5246,1.33414,0.33015
4680,400,4,4,44,0,0,2,1,110.386,0.05,0.15,2044,31.5246,1.44317,0.33015
4681,5,0,0,4,0,1,0,0,-33.206,0.05,0.15,2044,31.5246,1.11388,0.33015
4682,400,5,5,43,0,0,0,1,115.629,0.05,0.15,2044,31.5246,1.22438,0.33015
4683,400,9,4,52,1,0,0,1,131.75,0.05,0.15,2044,31.5246,1.19486,0.33015
4684,400,3,3,49,0,0,0,1,110.654,0.05,0.15,2044,31.5246,1.12382,0.33015
4685,400,0,0,27,0,0,0,1,67.207,0.05,0.15,2044,31.5246,0.77825,0.33015
4686,56,0,0,7,0,1,0,0,-12.176,0.05,0.15,2044,31.5246,1.66102,0.33015
4687,142,3,3,27,0,1,0,0,30.436,0.05,0.15,2046,31.5246,1.93672,0.32999
4688,83,1,1,9,0,1,0,0,-0.885,0.05,0.15,2046,31.5246,1.98631,0.32999
4689,400,0,0,42,0,0,0,1,93.517,0.05,0.15,2046,31.5246,1.18784,0.32999
4690,7,0,0,3,0,1,0,0,-30.4,0.05,0.15,2046,31.5246,7.28399,0.32999
4691,400,5,5,84,0,0,0,1,167.78,0.05,0.15,2046,31.5246,1.41388,0.33007
4692,38,0,0,4,0,1,0,0,-22.765,0.05,0.15,2046,31.5246,2.51359,0.33007
4693,124,1,1,22,0,1,0,0,10.328,0.05,0.15,2046,31.5246,1.61015,0.33007
4694,239,6,1,13,1,1,2,0,37.63,0.05,0.15,2046,31.5246,1.70157,0.33007
4695,20,0,0,6,0,1,0,0,-24.519,0.05,0.15,2046,31.5246,3.53125,0.33007
4696,400,8,3,21,1,0,0,1,106.478,0.05,0.15,2047,31.5246,1.29463,0.33
4697,400,4,4,34,0,0,0,1,94.827,0.05,0.15,2047,31.5246,1.23304,0.33008
4698,5,0,0,3,0,1,0,0,-33.406,0.05,0.15,2047,31.5246,1.99816,0.33008
4699,20,0,0,8,0,1,0,0,-23.303,0.05,0.15,2047,31.5246,3.75528,0.33008
4700,400,4,4,42,0,0,0,1,111.403,0.05,0.15,2047,31.5246,1.0431,0.33008
4701,29,2,2,12,0,1,0,0,-7.737,0.05,0.15,2047,31.5246,3.11035,0.33008
4702,400,1,1,14,0,0,0,1,72.628,0.05,0.15,2048,31.5246,1.38431,0.33016
4703,119,0,0,15,0,1,0,0,-0.691,0.05,0.15,2048,31.5246,1.62102,0.33016
4704,400,15,5,58,2,0,0,1,166.35,0.05,0.15,2049,31.5246,1.69978,0.33008
4705,400,5,5,54,0,0,0,1,114.906,0.05,0.15,2049,31.5246,1.08124,0.33008
4706,400,7,2,30,1,0,1,1,101.883,0.05,0.15,2050,31.5246,1.00611,0.33008
4707,193,4,4,30,0,1,1,0,38.609,0.05,0.15,2051,31.5246,1.65971,0.33
4708,400,2,2,33,0,0,0,1,95.984,0.05,0.15,2051,31.5246,1.14443,0.33
4709,181,4,4,43,0,1,1,0,45.356,0.05,0.15,2051,31.5246,2.17848,0.33008
4710,37,0,0,7,0,1,0,0,-16.045,0.05,0.15,2051,31.5246,3.05822,0.33008
4711,400,3,3,26,0,0,0,1,88.134,0.05,0.15,2051,31.5246,0.95956,0.33008
4712,22,0,0,5,0,1,0,0,-23.384,0.05,0.15,2051,31.5246,4.21037,0.33008
4713,210,0,0,17,0,1,0,0,17.343,0.05,0.15,2051,31.5246,1.63807,0.33008
4714,400,14,4,28,2,0,0,1,129.908,0.05,0.15,2052,31.5246,1.37241,0.33
4715,139,1,1,9,0,1,0,0,3.633,0.05,0.15,2052,31.5246,1.60321,0.33
4716,400,4,4,26,0,0,0,1,104.509,0.05,0.15,2052,31.5246,1.30767,0.33
4717,136,0,0,16,0,1,0,0,8.983,0.05,0.15,2052,31.5246,1.61661,0.33008
4718,12,0,0,4,0,1,0,0,-22.698,0.05,0.15,2052,31.5246,4.6699,0.33008
4719,400,5,5,20,0,0,1,1,95.173,0.05,0.15,2052,31.5246,1.28094,0.33008
4720,225,2,2,17,0,1,0,0,30.006,0.05,0.15,2052,31.5246,1.86656,0.33008
4721,34,1,1,10,0,1,0,0,-11.949,0.05,0.15,2052,31.5246,3.24504,0.33008
4722,90,0,0,9,0,1,0,0,-4.621,0.05,0.15,2052,31.5246,1.42046,0.33008
4723,400,7,2,18,1,0,0,1,92.284,0.05,0.15,2052,31.5246,1.00644,0.33008
4724,400,7,2,20,1,0,0,1,82.04,0.05,0.15,2052,31.5246,1.13849,0.33008
4725,28,0,0,5,0,1,0,0,-20.697,0.05,0.15,2052,31.5246,3.30297,0.33008
4726,64,1,1,19,0,1,0,0,5.097,0.05,0.15,2052,31.5246,2.02741,0.33008
4727,20,0,0,6,0,1,0,0,-21.217,0.05,0.15,2052,31.5246,1.47395,0.33008
4728,130,1,1,12,0,1,1,0,1.69,0.05,0.15,2052,31.5246,1.98068,0.33008
4729,128,3,3,29,0,1,0,0,26.096,0.05,0.15,2052,31.5246,1.81351,0.33008
4730,6,0,0,2,0,1,0,0,-30.806,0.05,0.15,2052,31.5246,9.18494,0.33008
4731,400,3,3,19,0,0,0,1,82.191,0.05,0.15,2053,31.5246,0.77605,0.33
4732,129,2,2,9,0,1,0,0,0.704,0.05,0.15,2053,31.5246,1.62,0.33
4733,165,0,0,17,0,0,0,0,21.646,0.05,0.15,2054,31.5246,1.00344,0.32993
4734,400,4,4,32,0,0,0,1,105.099,0.05,0.15,2054,31.5246,1.10225,0.32993
4735,74,0,0,11,0,1,0,0,-9.14,0.05,0.15,2054,31.5246,1.31711,0.32993
4736,13,0,0,3,0,1,0,0,-25.173,0.05,0.15,2054,31.5246,4.98069,0.32993
4737,400,12,2,35,2,0,0,1,133.927,0.05,0.15,2055,31.5246,1.60722,0.32985
4738,191,3,3,24,0,1,0,0,35.281,0.05,0.15,2055,31.5246,1.94241,0.32985
4739,400,14,4,32,2,0,1,1,135.386,0.05,0.15,2055,31.5246,1.48832,0.32985
4740,101,1,1,9,0,1,0,0,-0.78,0.05,0.15,2055,31.5246,1.46687,0.32985
4741,400,6,1,10,1,0,0,1,81.315,0.05,0.15,2055,31.5246,1.24258,0.32993
4742,400,7,2,27,1,0,1,1,113.264,0.05,0.15,2055,31.5246,1.21143,0.32993
4743,400,4,4,25,0,0,0,1,103.652,0.05,0.15,2055,31.5246,1.36492,0.32993
4744,34,0,0,7,0,1,0,0,-17.443,0.05,0.15,2055,31.5246,1.65532,0.32993
4745,27,0,0,6,0,1,0,0,-17.743,0.05,0.15,2055,31.5246,2.10593,0.32993
4746,13,0,0,4,0,1,0,0,-27.877,0.05,0.15,2055,31.5246,3.69425,0.32993
4747,22,1,1,3,0,1,0,0,-21.982,0.05,0.15,2055,31.5246,4.2511,0.32993
4748,400,4,4,41,0,0,1,1,118.202,0.05,0.15,2055,31.5246,1.13983,0.32993
4749,400,2,2,20,0,0,0,1,97.485,0.05,0.15,2055,31.5246,1.05089,0.32993
4750,93,0,0,10,0,1,0,0,-6.24,0.05,0.15,2055,31.5246,1.39768,0.32993
4751,221,5,5,47,0,1,0,0,69.861,0.05,0.15,2055,31.5246,1.76564,0.32993
4752,341,2,2,29,0,1,1,0,60.225,0.05,0.15,2055,31.5246,1.68658,0.32993
4753,78,2,2,29,0,1,0,0,16.202,0.05,0.15,2055,31.5246,1.83923,0.32993
4754,6,0,0,1,0,1,0,0,-31.806,0.05,0.15,2055,31.5246,9.11817,0.32993
4755,400,3,3,32,0,0,1,1,96.053,0.05,0.15,2056,31.5246,1.23649,0.32993
4756,400,8,3,29,1,0,0,1,115.818,0.05,0.15,2056,31.5246,1.29133,0.32993
4757,107,0,0,8,0,1,0,0,-5.304,0.05,0.15,2056,31.5246,1.56374,0.32993
4758,277,0,0,14,0,1,0,0,24.823,0.05,0.15,2056,31.5246,1.12384,0.32993
4759,168,6,1,27,1,1,1,0,37.6,0.05,0.15,2056,31.5246,1.82529,0.32993
4760,400,4,4,42,0,0,0,1,117.255,0.05,0.15,2056,31.5246,1.30393,0.32993
4761,34,0,0,6,0,1,0,0,-19.166,0.05,0.15,2056,31.5246,1.86868,0.32993
4762,345,11,6,51,1,0,0,1,143.76,0.05,0.15,2056,31.5246,1.57186,0.32993
4763,400,3,3,46,0,0,0,1,117.505,0.05,0.15,2056,31.5246,1.14001,0.32993
4764,400,8,3,30,1,0,0,1,118.207,0.05,0.15,2056,31.5246,1.25534,0.32993
4765,400,5,5,38,0,0,0,1,115.512,0.05,0.15,2056,31.5246,1.18661,0.32993
4766,400,5,5,53,0,0,0,1,123.423,0.05,0.15,2056,31.5246,1.25249,0.32993
4767,113,3,3,26,0,1,0,0,28.998,0.05,0.15,2056,31.5246,2.00546,0.32993
4768,400,1,1,29,0,0,0,1,90.198,0.05,0.15,2056,31.5246,1.19149,0.32993
4769,20,0,0,7,0,1,0,0,-23.885,0.05,0.15,2056,31.5246,2.70321,0.32993
4770,68,0,0,4,0,1,0,0,-17.092,0.05,0.15,2056,31.5246,2.47822,0.32993
4771,400,1,1,42,0,0,0,1,101.232,0.05,0.15,2056,31.5246,1.26756,0.32993
4772,400,4,4,45,0,0,0,1,111.094,0.05,0.15,2056,31.5246,1.0274,0.32993
4773,400,7,2,33,1,0,0,1,124.833,0.05,0.15,2057,31.5246,1.30292,0.32985
4774,400,4,4,44,0,0,0,1,119.003,0.05,0.15,2057,31.5246,1.29363,0.32985
4775,85,0,0,3,0,1,0,0,-17.038,0.05,0.15,2057,31.5246,1.24173,0.32985
4776,13,0,0,4,0,1,0,0,-24.719,0.05,0.15,2057,31.5246,2.9763,0.32985
4777,400,2,2,34,0,0,0,1,101.923,0.05,0.15,2057,31.5246,1.13222,0.32985
4778,217,2,2,33,0,1,0,0,47.417,0.05,0.15,2057,31.5246,1.32482,0.32985
4779,352,3,3,46,0,0,0,1,113.927,0.05,0.15,2057,31.5246,1.32134,0.32985
4780,400,7,2,26,1,0,0,1,108.216,0.05,0.15,2060,31.5246,1.38928,0.32969
4781,20,0,0,8,0,1,0,0,-22.773,0.05,0.15,2060,31.5246,3.6997,0.32969
4782,39,1,1,10,0,1,0,0,-11.831,0.05,0.15,2060,31.5246,2.13584,0.32969
4783,199,2,2,12,0,0,0,0,29.844,0.05,0.15,2061,31.5246,1.09911,0.32961
4784,79,0,0,12,0,1,1,0,-6.936,0.05,0.15,2061,31.5246,1.87842,0.32961
4785,13,0,0,5,0,1,0,0,-23.975,0.05,0.15,2061,31.5246,3.51389,0.32961
4786,400,2,2,26,0,0,0,1,93.055,0.05,0.15,2061,31.5246,1.02371,0.32961
4787,227,4,4,27,0,1,0,0,36.419,0.05,0.15,2063,31.5246,1.54921,0.32946
4788,400,7,2,32,1,0,0,1,116.47,0.05,0.15,2064,31.5246,1.30508,0.32938
4789,400,2,2,34,0,0,0,1,99.847,0.05,0.15,2064,31.5246,1.1066,0.32938
4790,141,1,1,11,0,1,0,0,4.178,0.05,0.15,2064,31.5246,1.44701,0.32938
4791,78,0,0,7,0,1,0,0,-9.344,0.05,0.15,2064,31.5246,1.90651,0.32938
4792,149,4,4,12,0,1,0,0,22.761,0.05,0.15,2065,31.5246,1.63709,0.3293
4793,13,0,0,5,0,1,0,0,-23.975,0.05,0.15,2065,31.5246,3.41055,0.3293
4794,52,1,1,15,0,1,0,0,-3.042,0.05,0.15,2065,31.5246,1.70636,0.3293
4795,400,10,5,39,1,0,0,1,132.235,0.05,0.15,2065,31.5246,1.25411,0.3293
4796,400,3,3,28,0,0,2,1,92.761,0.05,0.15,2065,31.5246,1.19464,0.3293
4797,400,15,5,34,2,0,0,1,132.176,0.05,0.15,2065,31.5246,1.43117,0.3293
4798,397,3,3,33,0,1,0,0,60.379,0.05,0.15,2065,31.5246,1.47522,0.3293
4799,275,1,1,31,0,1,1,0,45.55,0.05,0.15,2066,31.5246,1.5351,0.32922
4800,369,1,1,34,0,0,0,1,92.135,0.05,0.15,2066,31.5246,1.20479,0.32922
4801,20,0,0,5,0,1,0,0,-21.815,0.05,0.15,2066,31.5246,2.60312,0.32922
4802,400,6,6,46,0,0,0,1,126.131,0.05,0.15,2066,31.5246,1.29228,0.32922
4803,235,3,3,32,0,1,1,0,56.352,0.05,0.15,2066,31.5246,1.73866,0.32946
4804,400,1,1,21,0,0,0,1,87.354,0.05,0.15,2066,31.5246,1.03359,0.32946
4805,55,0,0,0,0,1,0,0,-18.346,0.05,0.15,2066,31.5246,1.44964,0.32946
4806,179,4,4,24,0,1,1,0,42.807,0.05,0.15,2066,31.5246,1.93871,0.32946
4807,400,5,5,35,0,0,0,1,122.774,0.05,0.15,2066,31.5246,1.12868,0.32946
4808,400,6,6,45,0,0,0,1,139.279,0.05,0.15,2066,31.5246,1.31053,0.32946
4809,176,4,4,32,0,1,1,0,46.107,0.05,0.15,2066,31.5246,1.79922,0.32946
4810,400,13,3,52,2,0,0,1,168.623,0.05,0.15,2066,31.5246,1.30975,0.32946
4811,20,0,0,9,0,1,0,0,-19.085,0.05,0.15,2066,31.5246,3.72698,0.32946
4812,42,1,1,12,0,1,0,0,-11.998,0.05,0.15,2066,31.5246,2.74857,0.32946
4813,400,3,3,43,0,0,0,1,133.178,0.05,0.15,2066,31.5246,0.94259,0.32946
4814,13,0,0,4,0,1,0,0,-27.747,0.05,0.15,2066,31.5246,5.00856,0.32946
4815,280,0,0,31,0,1,0,0,49.205,0.05,0.15,2067,31.5246,1.62745,0.32938
4816,13,1,1,5,0,1,0,0,-18.763,0.05,0.15,2067,31.5246,4.14047,0.32938
4817,400,2,2,18,0,0,0,1,76.438,0.05,0.15,2067,31.5246,1.44645,0.32938
4818,400,3,3,34,0,0,1,1,100.718,0.05,0.15,2067,31.5246,1.32695,0.32938
4819,400,7,7,41,0,0,0,1,127.315,0.05,0.15,2067,31.5246,1.38425,0.32938
4820,400,10,5,46,1,0,0,1,138.257,0.05,0.15,2067,31.5246,1.53145,0.32938
4821,400,2,2,32,0,0,0,1,96.24,0.05,0.15,2067,31.5246,1.21522,0.32938
4822,400,1,1,24,0,0,0,1,76.237,0.05,0.15,2067,31.5246,1.18966,0.32938
4823,400,6,6,33,0,0,1,1,121.078,0.05,0.15,2067,31.5246,1.18736,0.32938
4824,13,0,0,3,0,1,0,0,-24.769,0.05,0.15,2067,31.5246,4.82493,0.32938
4825,400,3,3,55,0,0,0,1,132.923,0.05,0.15,2068,31.5246,1.33305,0.3293
4826,400,12,7,41,1,0,0,1,143.862,0.05,0.15,2068,31.5246,1.34674,0.3293
4827,400,7,2,50,1,0,0,1,130.736,0.05,0.15,2069,31.5246,1.46637,0.32931
4828,36,0,0,7,0,1,0,0,-16.884,0.05,0.15,2069,31.5246,2.5957,0.32931
4829,28,0,0,8,0,1,0,0,-16.951,0.05,0.15,2069,31.5246,2.40739,0.32931
4830,400,6,6,39,0,0,0,1,120.352,0.05,0.15,2069,31.5246,1.23203,0.32939
4831,400,5,5,34,0,0,0,1,117.447,0.05,0.15,2069,31.5246,1.19978,0.32939
4832,67,2,2,17,0,1,0,0,5.211,0.05,0.15,2069,31.5246,1.86701,0.32939
4833,20,0,0,9,0,1,0,0,-20.119,0.05,0.15,2069,31.5246,3.0414,0.32939
4834,281,3,3,38,0,0,0,1,89.178,0.05,0.15,2070,31.5246,1.76601,0.32939
4835,48,0,0,7,0,1,0,0,-15.501,0.05,0.15,2070,31.5246,1.89099,0.32939
4836,400,9,4,18,1,0,1,1,111.591,0.05,0.15,2070,31.5246,1.2302,0.32939
4837,400,10,5,29,1,0,1,1,123.428,0.05,0.15,2070,31.5246,1.3321,0.32939
4838,400,6,6,52,0,0,0,1,132.0,0.05,0.15,2071,31.5246,1.18766,0.32931
4839,28,1,1,7,0,1,0,0,-15.081,0.05,0.15,2071,31.5246,3.42527,0.32931
4840,400,4,4,43,0,0,1,1,114.423,0.05,0.15,2071,31.5246,1.21518,0.32931
4841,12,0,0,4,0,1,0,0,-28.05,0.05,0.15,2071,31.5246,5.11508,0.32931
4842,237,3,3,45,0,1,0,0,67.851,0.05,0.15,2071,31.5246,1.77858,0.32931
4843,20,0,0,6,0,1,0,0,-21.215,0.05,0.15,2071,31.5246,3.08824,0.32931
4844,148,3,3,19,0,0,0,0,38.388,0.05,0.15,2071,31.5246,1.80344,0.32931
4845,400,6,6,40,0,0,0,1,135.791,0.05,0.15,2071,31.5246,1.09754,0.32931
4846,400,6,6,36,0,0,0,1,114.345,0.05,0.15,2071,31.5246,1.22196,0.32931
4847,400,7,2,44,1,0,0,1,125.51,0.05,0.15,2071,31.5246,1.25912,0.32931
4848,400,4,4,25,0,0,0,1,99.03,0.05,0.15,2071,31.5246,1.06382,0.32931
4849,20,0,0,7,0,1,0,0,-18.48,0.05,0.15,2071,31.5246,2.75444,0.32931
4850,308,5,5,51,0,1,0,0,84.458,0.05,0.15,2071,31.5246,1.7046,0.32931
4851,34,0,0,8,0,1,0,0,-17.097,0.05,0.15,2071,31.5246,1.61795,0.32931
4852,400,2,2,36,0,0,0,1,99.697,0.05,0.15,2071,31.5246,1.18495,0.32931
4853,56,0,0,6,0,1,0,0,-16.731,0.05,0.15,2071,31.5246,1.9807,0.32931
4854,13,0,0,3,0,1,0,0,-28.473,0.05,0.15,2071,31.5246,4.25494,0.32931
4855,400,7,2,38,1,0,0,1,112.154,0.05,0.15,2071,31.5246,1.59287,0.32931
4856,43,1,1,13,0,1,0,0,-7.663,0.05,0.15,2071,31.5246,2.35673,0.32931
4857,41,2,2,11,0,1,0,0,-5.746,0.05,0.15,2071,31.5246,1.5906,0.32931
4858,400,2,2,28,0,0,0,1,93.372,0.05,0.15,2072,31.5246,1.55748,0.32923
4859,23,1,1,4,0,1,0,0,-17.205,0.05,0.15,2072,31.5246,2.51914,0.32923
4860,400,8,3,43,1,0,0,1,133.421,0.05,0.15,2072,31.5246,1.25394,0.32923
4861,55,0,0,8,0,1,0,0,-11.063,0.05,0.15,2072,31.5246,2.0257,0.32923
4862,400,15,5,75,2,0,0,1,182.836,0.05,0.15,2072,31.5246,1.51188,0.32923
4863,400,10,5,51,1,0,0,1,144.192,0.05,0.15,2072,31.5246,1.55836,0.32923
4864,400,1,1,32,0,0,0,1,92.344,0.05,0.15,2072,31.5246,1.23378,0.32923
4865,400,5,5,37,0,0,0,1,120.655,0.05,0.15,2072,31.5246,1.18521,0.32923
4866,34,0,0,8,0,1,0,0,-16.029,0.05,0.15,2072,31.5246,1.49794,0.32923
4867,400,10,5,37,1,0,0,1,133.538,0.05,0.15,2072,31.5246,1.33456,0.32923
4868,365,2,2,29,0,1,0,0,63.054,0.05,0.15,2072,31.5246,1.41936,0.32923
4869,20,0,0,7,0,1,0,0,-20.285,0.05,0.15,2072,31.5246,3.46005,0.32923
4870,24,0,0,4,0,1,0,0,-21.851,0.05,0.15,2072,31.5246,3.45989,0.32923
4871,400,3,3,31,0,0,0,1,99.506,0.05,0.15,2072,31.5246,1.16477,0.32923
4872,210,0,0,24,0,1,0,0,29.744,0.05,0.15,2072,31.5246,1.50345,0.32923
4873,400,11,6,68,1,0,0,1,178.62,0.05,0.15,2072,31.5246,1.40013,0.32923
4874,400,4,4,46,0,0,0,1,119.047,0.05,0.15,2072,31.5246,1.32912,0.32923
4875,400,12,7,78,1,0,0,1,186.239,0.05,0.15,2072,31.5246,1.67534,0.32923
4876,400,8,8,83,0,0,0,1,185.112,0.05,0.15,2073,31.5246,1.4462,0.32915
4877,152,3,3,10,0,1,0,0,13.5,0.05,0.15,2073,31.5246,1.54872,0.32915
4878,400,9,4,58,1,0,0,1,155.055,0.05,0.15,2073,31.5246,1.45155,0.32915
4879,400,9,4,48,1,0,0,1,136.784,0.05,0.15,2073,31.5246,1.29091,0.32915
4880,62,0,0,5,0,1,0,0,-18.283,0.05,0.15,2073,31.5246,1.51967,0.32915
4881,136,0,0,15,0,1,1,0,0.938,0.05,0.15,2073,31.5246,1.70611,0.32915
4882,150,2,2,7,0,1,1,0,25.929,0.05,0.15,2073,31.5246,1.8396,0.32915
4883,400,7,2,27,1,0,0,1,107.745,0.05,0.15,2073,31.5246,1.47823,0.32915
4884,96,3,3,22,0,1,1,0,13.537,0.05,0.15,2073,31.5246,2.60547,0.32915
4885,400,1,1,42,0,0,0,1,108.511,0.05,0.15,2073,31.5246,1.16269,0.32915
4886,118,2,2,7,0,1,0,0,10.687,0.05,0.15,2073,31.5246,2.35191,0.32915
4887,292,8,3,40,1,0,0,1,109.107,0.05,0.15,2073,31.5246,1.64324,0.32915
4888,210,4,4,53,0,1,0,0,71.576,0.05,0.15,2073,31.5246,1.73085,0.32915
4889,148,3,3,37,0,1,0,0,31.992,0.05,0.15,2073,31.5246,1.78808,0.32915
4890,149,9,4,41,1,1,2,0,56.949,0.05,0.15,2074,31.5246,2.22366,0.32907
4891,400,3,3,47,0,0,0,1,117.272,0.05,0.15,2074,31.5246,1.01949,0.32907
4892,341,10,5,74,1,1,0,0,125.016,0.05,0.15,2075,31.5246,1.78001,0.329
4893,160,3,3,13,0,1,0,0,20.294,0.05,0.15,2076,31.5246,2.04426,0.32892
4894,400,3,3,48,0,0,0,1,126.96,0.05,0.15,2076,31.5246,1.1675,0.32892
4895,131,3,3,45,0,1,0,0,46.585,0.05,0.15,2076,31.5246,2.10986,0.32892
4896,400,6,6,30,0,0,0,1,125.532,0.05,0.15,2076,31.5246,1.19763,0.32892
4897,400,9,4,52,1,0,0,1,149.64,0.05,0.15,2076,31.5246,1.36772,0.32892
4898,142,5,5,39,0,1,0,0,57.29,0.05,0.15,2076,31.5246,1.90339,0.32892
4899,400,8,3,34,1,0,1,1,122.822,0.05,0.15,2076,31.5246,1.41269,0.32892
4900,136,6,1,27,1,1,2,0,39.549,0.05,0.15,2076,31.5246,2.18842,0.329
4901,400,3,3,38,0,0,0,1,112.789,0.05,0.15,2076,31.5246,1.26156,0.329
4902,220,6,6,28,0,1,0,0,46.739,0.05,0.15,2076,31.5246,2.00978,0.32908
4903,400,7,2,21,1,0,0,1,97.398,0.05,0.15,2076,31.5246,1.47323,0.32908
4904,29,0,0,6,0,1,0,0,-18.153,0.05,0.15,2076,31.5246,1.29107,0.32908
4905,400,3,3,39,0,0,0,1,110.236,0.05,0.15,2076,31.5246,1.3471,0.32908
4906,400,11,6,41,1,0,2,1,128.204,0.05,0.15,2076,31.5246,1.30069,0.32924
4907,400,10,5,34,1,0,0,1,131.435,0.05,0.15,2076,31.5246,1.47794,0.32932
4908,137,2,2,27,0,1,0,0,22.384,0.05,0.15,2076,31.5246,1.79643,0.32932
4909,73,1,1,16,0,1,0,0,2.308,0.05,0.15,2076,31.5246,1.98087,0.32932
4910,110,5,5,26,0,1,0,0,32.585,0.05,0.15,2078,31.5246,2.75281,0.32916
4911,231,5,5,44,0,1,0,0,75.324,0.05,0.15,2078,31.5246,1.69174,0.32916
4912,246,3,3,30,0,1,0,0,51.306,0.05,0.15,2079,31.5246,1.81874,0.32908
4913,17,1,1,4,0,1,0,0,-17.403,0.05,0.15,2079,31.5246,3.7113,0.32908
4914,400,7,7,51,0,0,0,1,148.756,0.05,0.15,2079,31.5246,1.3387,0.32908
4915,400,8,3,53,1,0,0,1,138.464,0.05,0.15,2079,31.5246,1.41667,0.32908
4916,276,8,3,50,1,1,0,0,82.056,0.05,0.15,2079,31.5246,1.91298,0.32908
4917,400,4,4,52,0,0,0,1,117.672,0.05,0.15,2079,31.5246,1.57774,0.32908
4918,400,3,3,35,0,0,0,1,92.72,0.05,0.15,2079,31.5246,1.73367,0.32908
4919,400,4,4,37,0,0,0,1,102.333,0.05,0.15,2080,31.5246,1.5793,0.32909
4920,400,11,6,50,1,0,0,1,138.824,0.05,0.15,2080,31.5246,1.65394,0.32909
4921,400,7,2,22,1,0,1,1,93.697,0.05,0.15,2080,31.5246,1.74588,0.32909
4922,5,0,0,3,0,1,0,0,-33.808,0.05,0.15,2080,31.5246,1.39472,0.32909
4923,13,0,0,5,0,1,0,0,-25.773,0.05,0.15,2080,31.5246,6.12348,0.32909
4924,55,1,1,26,0,1,0,0,6.317,0.05,0.15,2080,31.5246,2.18358,0.32909
4925,24,0,0,7,0,1,0,0,-19.456,0.05,0.15,2080,31.5246,2.49972,0.32909
4926,5,0,0,2,0,1,0,0,-26.454,0.05,0.15,2080,31.5246,5.82335,0.32909
4927,81,0,0,6,0,1,0,0,-11.285,0.05,0.15,2080,31.5246,1.59688,0.32909
4928,21,0,0,4,0,1,0,0,-24.349,0.05,0.15,2080,31.5246,4.00703,0.32909
4929,13,0,0,5,0,1,0,0,-26.611,0.05,0.15,2080,31.5246,5.29572,0.32909
4930,400,8,3,55,1,0,1,1,122.031,0.05,0.15,2080,31.5246,2.01714,0.32909
4931,13,0,0,4,0,1,0,0,-22.511,0.05,0.15,2080,31.5246,3.54307,0.32909
4932,20,0,0,5,0,1,0,0,-25.292,0.05,0.15,2080,31.5246,3.76866,0.32909
4933,400,3,3,29,0,0,0,1,99.558,0.05,0.15,2080,31.5246,1.12654,0.32909
4934,201,2,2,21,0,1,0,0,28.208,0.05,0.15,2080,31.5246,1.31371,0.32909
4935,35,0,0,14,0,1,0,0,-9.591,0.05,0.15,2080,31.5246,2.36636,0.32909
4936,400,5,5,29,0,0,0,1,105.358,0.05,0.15,2080,31.5246,0.95917,0.32917
4937,223,11,6,37,1,1,1,0,71.253,0.05,0.15,2080,31.5246,1.60883,0.32917
4938,214,1,1,26,0,1,1,0,23.119,0.05,0.15,2080,31.5246,1.28164,0.32917
4939,400,7,2,27,1,0,0,1,110.991,0.05,0.15,2080,31.5246,1.18025,0.32917
4940,400,8,3,30,1,0,0,1,97.891,0.05,0.15,2080,31.5246,0.99258,0.32925
4941,131,5,5,26,0,1,0,0,38.067,0.05,0.15,2080,31.5246,1.77154,0.32925
4942,13,0,0,5,0,1,0,0,-26.861,0.05,0.15,2080,31.5246,4.28747,0.32925
4943,147,10,5,36,1,1,0,0,58.452,0.05,0.15,2080,31.5246,2.00283,0.32949
4944,400,2,2,20,0,0,0,1,71.986,0.05,0.15,2080,31.5246,0.53935,0.32949
4945,13,0,0,4,0,1,0,0,-29.323,0.05,0.15,2080,31.5246,4.32044,0.32949
4946,400,11,6,30,1,0,0,1,114.809,0.05,0.15,2080,31.5246,0.95552,0.32949
4947,142,1,1,10,0,1,1,0,13.712,0.05,0.15,2080,31.5246,1.41861,0.32949
4948,165,1,1,16,0,1,2,0,4.19,0.05,0.15,2080,31.5246,1.42017,0.32949
4949,350,3,3,34,0,1,0,0,53.872,0.05,0.15,2080,31.5246,1.22842,0.32957
4950,400,9,4,32,1,0,1,1,113.797,0.05,0.15,2080,31.5246,1.28777,0.32957
4951,400,2,2,24,0,0,0,1,84.619,0.05,0.15,2080,31.5246,1.36191,0.32957
4952,100,0,0,21,0,1,1,0,6.601,0.05,0.15,2080,31.5246,2.30199,0.32957
4953,400,8,3,24,1,0,0,1,101.594,0.05,0.15,2080,31.5246,1.38192,0.32957
4954,400,10,5,66,1,0,0,1,159.887,0.05,0.15,2080,31.5246,1.80028,0.32957
4955,28,0,0,10,0,1,0,0,-14.997,0.05,0.15,2080,31.5246,1.62407,0.32957
4956,20,1,1,8,0,1,0,0,-15.717,0.05,0.15,2080,31.5246,4.1082,0.32957
4957,20,1,1,10,0,1,0,0,-18.295,0.05,0.15,2080,31.5246,3.65944,0.32957
4958,400,3,3,30,0,0,1,1,99.124,0.05,0.15,2080,31.5246,1.7085,0.32965
4959,400,8,3,31,1,0,1,1,102.261,0.05,0.15,2081,31.5246,1.65789,0.32957
4960,400,4,4,30,0,0,0,1,92.078,0.05,0.15,2081,31.5246,1.5644,0.32957
4961,66,1,1,17,0,1,0,0,-4.407,0.05,0.15,2081,31.5246,2.01597,0.32957
4962,85,0,0,14,0,1,0,0,-8.648,0.05,0.15,2081,31.5246,1.8603,0.32957
4963,400,10,5,54,1,0,0,1,162.424,0.05,0.15,2081,31.5246,1.2994,0.32957
4964,400,2,2,40,0,0,0,1,105.591,0.05,0.15,2081,31.5246,1.33444,0.32957
4965,400,3,3,36,0,0,0,1,99.152,0.05,0.15,2081,31.5246,1.03725,0.32957
4966,23,0,0,3,0,1,0,0,-22.279,0.05,0.15,2081,31.5246,4.44996,0.32957
4967,400,2,2,41,0,0,0,1,110.143,0.05,0.15,2081,31.5246,1.2124,0.32957
4968,400,5,0,26,1,0,0,1,100.781,0.05,0.15,2081,31.5246,1.09519,0.32957
4969,27,0,0,9,0,1,0,0,-15.303,0.05,0.15,2081,31.5246,1.37796,0.32957
4970,400,10,5,48,1,0,0,1,132.085,0.05,0.15,2081,31.5246,1.20063,0.32957
4971,400,0,0,31,0,0,0,1,77.404,0.05,0.15,2081,31.5246,1.15766,0.32957
4972,400,3,3,28,0,0,0,1,90.587,0.05,0.15,2081,31.5246,1.11562,0.32957
4973,20,1,1,6,0,1,0,0,-20.959,0.05,0.15,2081,31.5246,3.71303,0.32957
4974,400,3,3,30,0,0,0,1,93.75,0.05,0.15,2081,31.5246,1.17753,0.32957
4975,400,3,3,33,0,0,0,1,86.326,0.05,0.15,2081,31.5246,1.12825,0.32957
4976,155,0,0,30,0,1,0,0,19.868,0.05,0.15,2081,31.5246,1.29503,0.32957
4977,400,1,1,18,0,0,0,1,59.662,0.05,0.15,2081,31.5246,0.98826,0.32957
4978,400,2,2,24,0,0,0,1,88.36,0.05,0.15,2081,31.5246,1.09011,0.32957
4979,400,3,3,40,0,0,0,1,110.154,0.05,0.15,2082,31.5246,1.04805,0.32949
4980,144,2,2,17,0,1,0,0,22.632,0.05,0.15,2082,31.5246,1.43522,0.32949
4981,400,3,3,22,0,0,0,1,81.048,0.05,0.15,2082,31.5246,0.70602,0.32949
4982,137,0,0,21,0,1,0,0,9.873,0.05,0.15,2082,31.5246,1.34007,0.32949
4983,400,4,4,30,0,0,0,1,97.133,0.05,0.15,2082,31.5246,1.03204,0.32949
4984,289,5,5,36,0,1,0,0,51.86,0.05,0.15,2083,31.5246,1.14481,0.32941
4985,20,0,0,6,0,1,0,0,-20.863,0.05,0.15,2083,31.5246,1.443,0.32941
4986,13,0,0,3,0,1,0,0,-28.477,0.05,0.15,2083,31.5246,3.9178,0.32941
4987,101,4,4,20,0,1,0,0,18.762,0.05,0.15,2083,31.5246,2.25271,0.32941
4988,400,6,6,42,0,0,0,1,123.77,0.05,0.15,2084,31.5246,1.03882,0.32933
4989,400,3,3,48,0,0,0,1,122.318,0.05,0.15,2084,31.5246,1.21294,0.32941
4990,13,1,1,5,0,1,0,0,-18.763,0.05,0.15,2084,31.5246,3.39272,0.32941
4991,400,10,5,36,1,0,0,1,127.86,0.05,0.15,2084,31.5246,1.19316,0.32949
4992,198,4,4,62,0,1,0,0,69.319,0.05,0.15,2084,31.5246,1.75049,0.32949
4993,332,7,2,26,1,1,1,0,63.549,0.05,0.15,2084,31.5246,1.33334,0.32949
4994,400,2,2,21,0,0,1,1,82.273,0.05,0.15,2085,31.5246,0.85975,0.32942
4995,373,4,4,36,0,1,0,0,72.259,0.05,0.15,2085,31.5246,1.32407,0.3295
4996,202,6,6,35,0,1,0,0,56.552,0.05,0.15,2085,31.5246,1.7263,0.3295
4997,128,3,3,30,0,1,0,0,31.794,0.05,0.15,2085,31.5246,1.921,0.3295
4998,400,9,4,53,1,0,0,1,134.359,0.05,0.15,2085,31.5246,1.50985,0.32966
4999,400,6,1,53,1,0,0,1,124.091,0.05,0.15,2085,31.5246,1.08118,0.32966
5000,50,1,1,13,0,1,0,0,-9.149,0.05,0.15,2085,31.5246,2.51604,0.32966
5001,400,1,1,24,0,0,0,1,80.718,0.05,0.15,2085,31.5246,0.90982,0.32982
5002,400,0,0,20,0,0,0,1,66.988,0.05,0.15,2085,31.5246,0.88911,0.32982
5003,42,0,0,14,0,1,0,0,-10.321,0.05,0.15,2085,31.5246,1.65164,0.32982
5004,13,0,0,4,0,1,0,0,-24.573,0.05,0.15,2085,31.5246,5.47742,0.32982
5005,400,4,4,26,0,0,0,1,93.968,0.05,0.15,2086,31.5246,1.05106,0.32974
5006,400,8,3,21,1,0,0,1,97.856,0.05,0.15,2086,31.5246,1.15715,0.32974
5007,5,0,0,2,0,1,0,0,-26.454,0.05,0.15,2086,31.5246,5.97543,0.32974
5008,400,10,5,39,1,0,0,1,143.06,0.05,0.15,2086,31.5246,1.26202,0.32974
5009,20,1,1,4,0,1,0,0,-21.872,0.05,0.15,2086,31.5246,3.87173,0.32974
5010,178,1,1,43,0,1,0,0,35.888,0.05,0.15,2086,31.5246,1.5972,0.32974
5011,21,0,0,8,0,1,0,0,-18.065,0.05,0.15,2086,31.5246,3.09459,0.32974
5012,220,2,2,29,0,1,0,0,47.942,0.05,0.15,2086,31.5246,1.73247,0.32974
5013,400,3,3,27,0,0,1,1,85.735,0.05,0.15,2086,31.5246,1.34887,0.32974
5014,13,0,0,5,0,1,0,0,-25.773,0.05,0.15,2086,31.5246,7.11627,0.32974
5015,13,0,0,3,0,1,0,0,-26.969,0.05,0.15,2086,31.5246,7.31826,0.32974
5016,151,3,3,20,0,1,0,0,27.082,0.05,0.15,2086,31.5246,1.9956,0.32974
5017,400,1,1,22,0,0,0,1,78.966,0.05,0.15,2086,31.5246,1.27846,0.32974
5018,210,6,6,32,0,1,1,0,56.703,0.05,0.15,2086,31.5246,1.86521,0.32974
5019,105,2,2,20,0,1,0,0,23.064,0.05,0.15,2086,31.5246,2.15027,0.32974
5020,400,9,4,39,1,0,0,1,128.647,0.05,0.15,2086,31.5246,1.48232,0.32974
5021,13,0,0,5,0,1,0,0,-27.474,0.05,0.15,2086,31.5246,4.84992,0.32974
5022,20,0,0,6,0,1,0,0,-19.827,0.05,0.15,2086,31.5246,1.73693,0.32974
5023,113,3,3,29,0,1,0,0,34.86,0.05,0.15,2086,31.5246,1.99418,0.32974
5024,400,8,3,45,1,0,0,1,138.94,0.05,0.15,2086,31.5246,1.43806,0.32974
5025,400,2,2,40,0,0,0,1,115.462,0.05,0.15,2086,31.5246,1.13209,0.32974
5026,27,0,0,11,0,1,0,0,-18.713,0.05,0.15,2086,31.5246,2.79373,0.32974
5027,400,0,0,29,0,0,0,1,88.482,0.05,0.15,2086,31.5246,1.33418,0.32974
5028,26,0,0,9,0,1,0,0,-19.033,0.05,0.15,2086,31.5246,2.48574,0.32974
5029,5,0,0,4,0,1,0,0,-32.806,0.05,0.15,2086,31.5246,1.82884,0.32974
5030,400,3,3,30,0,0,0,1,106.431,0.05,0.15,2086,31.5246,1.35566,0.32974
5031,400,2,2,23,0,0,0,1,85.61,0.05,0.15,2086,31.5246,1.28913,0.32974
5032,79,1,1,7,0,1,0,0,-5.955,0.05,0.15,2086,31.5246,1.40277,0.32974
5033,400,3,3,26,0,0,1,1,106.383,0.05,0.15,2086,31.5246,1.29666,0.32974
5034,79,0,0,6,0,1,0,0,-12.721,0.05,0.15,2086,31.5246,1.38407,0.32974
5035,400,1,1,28,0,0,0,1,92.22,0.05,0.15,2086,31.5246,1.20112,0.32974
5036,400,4,4,42,0,0,0,1,119.405,0.05,0.15,2086,31.5246,1.3261,0.32974
5037,168,2,2,26,0,1,1,0,38.753,0.05,0.15,2086,31.5246,1.84374,0.32974
5038,148,3,3,28,0,1,0,0,38.766,0.05,0.15,2086,31.5246,1.7456,0.32974
5039,400,4,4,40,0,0,1,1,112.283,0.05,0.15,2086,31.5246,1.11637,0.32974
5040,20,0,0,7,0,1,0,0,-23.447,0.05,0.15,2086,31.5246,3.5885,0.32974
5041,27,0,0,6,0,1,0,0,-19.965,0.05,0.15,2086,31.5246,3.52232,0.32974
5042,400,4,4,32,0,0,0,1,111.541,0.05,0.15,2086,31.5246,1.2674,0.32982
5043,400,4,4,44,0,0,1,1,116.689,0.05,0.15,2086,31.5246,1.19431,0.32982
5044,55,1,1,18,0,1,0,0,-4.666,0.05,0.15,2086,31.5246,2.37534,0.32982
5045,400,2,2,23,0,0,0,1,93.489,0.05,0.15,2086,31.5246,1.27118,0.32982
5046,71,1,1,18,0,1,0,0,0.677,0.05,0.15,2086,31.5246,2.39907,0.32982
5047,400,5,5,58,0,0,0,1,138.377,0.05,0.15,2086,31.5246,1.20875,0.32982
5048,400,2,2,38,0,0,0,1,126.094,0.05,0.15,2088,31.5246,1.31352,0.32966
5049,335,3,3,54,0,1,0,0,73.81,0.05,0.15,2088,31.5246,1.60355,0.32966
5050,400,3,3,23,0,0,0,1,97.317,0.05,0.15,2088,31.5246,0.91472,0.32966
5051,150,3,3,23,0,1,1,0,20.082,0.05,0.15,2088,31.5246,1.53213,0.32966
5052,308,3,3,26,0,1,2,0,53.119,0.05,0.15,2088,31.5246,1.71023,0.32974
5053,400,4,4,26,0,0,0,1,99.804,0.05,0.15,2088,31.5246,1.25928,0.32974
5054,28,0,0,8,0,1,0,0,-20.531,0.05,0.15,2088,31.5246,3.05037,0.32974
5055,400,4,4,35,0,0,0,1,114.399,0.05,0.15,2088,31.5246,1.41637,0.32974
5056,41,0,0,13,0,1,0,0,-11.24,0.05,0.15,2088,31.5246,2.77044,0.32974
5057,400,6,6,26,0,0,0,1,115.911,0.05,0.15,2089,31.5246,1.43389,0.32966
5058,50,0,0,13,0,1,0,0,-11.607,0.05,0.15,2089,31.5246,1.30175,0.32966
5059,400,0,0,20,0,0,0,1,72.074,0.05,0.15,2089,31.5246,1.27769,0.32966
5060,49,0,0,12,0,1,0,0,-10.694,0.05,0.15,2089,31.5246,1.86514,0.32966
5061,400,8,3,27,1,0,0,1,106.81,0.05,0.15,2089,31.5246,1.35021,0.32966
5062,400,4,4,29,0,0,0,1,100.813,0.05,0.15,2089,31.5246,1.09118,0.32966
5063,33,1,1,10,0,1,0,0,-10.413,0.05,0.15,2089,31.5246,1.99154,0.32966
5064,400,7,7,63,0,0,0,1,149.54,0.05,0.15,2090,31.5246,1.23169,0.32967
5065,400,3,3,40,0,0,2,1,105.45,0.05,0.15,2091,31.5246,1.2381,0.32959
5066,400,3,3,26,0,0,0,1,84.598,0.05,0.15,2093,31.5246,1.05176,0.32943
5067,400,4,4,34,0,0,0,1,120.228,0.05,0.15,2093,31.5246,1.30286,0.32943
5068,400,1,1,24,0,0,0,1,83.276,0.05,0.15,2093,31.5246,1.02585,0.32943
5069,5,0,0,4,0,1,0,0,-33.206,0.05,0.15,2093,31.5246,1.4072,0.32943
5070,400,4,4,29,0,0,0,1,117.879,0.05,0.15,2093,31.5246,1.26957,0.32943
5071,400,4,4,17,0,0,1,1,90.96,0.05,0.15,2093,31.5246,1.15021,0.32943
5072,400,3,3,42,0,0,0,1,104.823,0.05,0.15,2093,31.5246,1.08007,0.32943
5073,400,1,1,30,0,0,0,1,90.372,0.05,0.15,2093,31.5246,1.16937,0.32943
5074,72,1,1,17,0,1,0,0,1.669,0.05,0.15,2093,31.5246,1.81479,0.32943
5075,14,0,0,4,0,1,0,0,-22.865,0.05,0.15,2093,31.5246,3.91315,0.32943
5076,400,10,5,47,1,0,0,1,140.145,0.05,0.15,2093,31.5246,1.39698,0.32943
5077,27,1,1,10,0,1,0,0,-12.368,0.05,0.15,2093,31.5246,3.72425,0.32943
5078,20,0,0,8,0,1,0,0,-21.417,0.05,0.15,2093,31.5246,3.036,0.32943
5079,199,7,2,45,1,1,0,0,71.728,0.05,0.15,2095,31.5246,2.3329,0.32928
5080,284,6,6,39,0,1,0,0,70.931,0.05,0.15,2095,31.5246,1.72524,0.32928
5081,142,1,1,24,0,1,0,0,25.074,0.05,0.15,2095,31.5246,1.90147,0.32928
5082,400,10,5,40,1,0,0,1,130.637,0.05,0.15,2095,31.5246,1.33944,0.32928
5083,400,9,4,29,1,0,0,1,128.359,0.05,0.15,2096,31.5246,1.12659,0.3292
5084,48,0,0,7,0,1,0,0,-15.029,0.05,0.15,2096,31.5246,1.91409,0.3292
5085,6,0,0,2,0,1,0,0,-31.206,0.05,0.15,2096,31.5246,9.11464,0.3292
5086,13,0,0,5,0,1,0,0,-26.861,0.05,0.15,2096,31.5246,3.09651,0.3292
5087,400,3,3,52,0,0,1,1,121.607,0.05,0.15,2096,31.5246,1.4279,0.3292
5088,103,1,1,27,0,1,0,0,15.228,0.05,0.15,2097,31.5246,2.25461,0.32912
5089,400,4,4,30,0,0,0,1,102.849,0.05,0.15,2097,31.5246,1.19439,0.32912
5090,400,10,5,53,1,0,0,1,151.307,0.05,0.15,2097,31.5246,1.36075,0.32912
5091,27,0,0,10,0,1,0,0,-16.097,0.05,0.15,2097,31.5246,3.26595,0.32912
5092,20,0,0,6,0,1,0,0,-19.738,0.05,0.15,2097,31.5246,1.12904,0.32912
5093,400,10,5,56,1,0,0,1,161.418,0.05,0.15,2097,31.5246,1.35041,0.32912
5094,400,12,7,43,1,0,0,1,151.596,0.05,0.15,2097,31.5246,1.24225,0.32912
5095,12,0,0,5,0,1,0,0,-27.223,0.05,0.15,2097,31.5246,4.34841,0.32912
5096,236,3,3,25,0,0,0,0,56.195,0.05,0.15,2097,31.5246,1.47469,0.3292
5097,120,4,4,32,0,1,0,0,33.136,0.05,0.15,2097,31.5246,1.96356,0.3292
5098,400,13,8,71,1,0,0,1,175.581,0.05,0.15,2098,31.5246,1.54351,0.32912
5099,160,2,2,33,0,1,1,0,37.028,0.05,0.15,2099,31.5246,2.02353,0.32912
5100,400,8,3,47,1,0,0,1,130.086,0.05,0.15,2099,31.5246,1.33581,0.3292
5101,400,3,3,50,0,0,0,1,119.041,0.05,0.15,2099,31.5246,1.02951,0.32928
5102,400,4,4,53,0,0,0,1,136.514,0.05,0.15,2099,31.5246,1.12519,0.32928
5103,400,2,2,33,0,0,0,1,93.67,0.05,0.15,2099,31.5246,1.37501,0.32928
5104,175,3,3,46,0,1,0,0,62.189,0.05,0.15,2099,31.5246,1.53218,0.32928
5105,400,5,5,46,0,0,0,1,143.457,0.05,0.15,2099,31.5246,1.27591,0.32928
5106,400,3,3,59,0,0,0,1,137.737,0.05,0.15,2099,31.5246,1.23134,0.32936
5107,118,4,4,41,0,1,1,0,47.805,0.05,0.15,2099,31.5246,2.50592,0.32936
5108,400,7,2,42,1,0,0,1,113.936,0.05,0.15,2099,31.5246,1.15292,0.32936
5109,400,2,2,24,0,0,0,1,78.416,0.05,0.15,2099,31.5246,0.91922,0.32936
5110,82,7,2,22,1,1,0,0,26.28,0.05,0.15,2099,31.5246,2.00723,0.32936
5111,400,4,4,36,0,0,0,1,119.234,0.05,0.15,2099,31.5246,1.08025,0.32936
5112,13,0,0,4,0,1,0,0,-24.569,0.05,0.15,2099,31.5246,5.43769,0.32936
5113,400,5,5,51,0,0,0,1,148.41,0.05,0.15,2099,31.5246,1.24622,0.32944
5114,400,1,1,22,0,0,0,1,85.791,0.05,0.15,2099,31.5246,1.22986,0.32944
5115,20,0,0,6,0,1,0,0,-21.16,0.05,0.15,2099,31.5246,3.95089,0.32944
5116,24,1,1,10,0,1,0,0,-13.665,0.05,0.15,2099,31.5246,2.64341,0.32944
5117,400,9,4,52,1,0,0,1,143.674,0.05,0.15,2099,31.5246,1.57495,0.32944
5118,13,0,0,4,0,1,0,0,-27.877,0.05,0.15,2099,31.5246,4.32223,0.32944
5119,272,4,4,50,0,0,0,0,96.408,0.05,0.15,2099,31.5246,1.57917,0.32944
5120,400,7,2,23,1,0,1,1,86.283,0.05,0.15,2100,31.5246,1.49968,0.32937
5121,189,1,1,17,0,1,0,0,18.712,0.05,0.15,2100,31.5246,1.80805,0.32937
5122,32,1,1,8,0,1,0,0,-15.079,0.05,0.15,2100,31.5246,3.1562,0.32937
5123,400,3,3,48,0,0,0,1,128.567,0.05,0.15,2101,31.5246,1.17117,0.32929
5124,400,4,4,48,0,0,0,1,149.631,0.05,0.15,2102,31.5246,1.10773,0.32921
5125,139,5,5,35,0,1,0,0,47.082,0.05,0.15,2102,31.5246,2.29879,0.32929
5126,400,10,5,46,1,0,0,1,158.601,0.05,0.15,2102,31.5246,1.35329,0.32929
5127,95,3,3,35,0,0,0,0,44.334,0.05,0.15,2102,31.5246,2.22428,0.32929
5128,14,0,0,6,0,1,0,0,-26.623,0.05,0.15,2102,31.5246,4.10405,0.32929
5129,400,11,6,64,1,0,0,1,172.386,0.05,0.15,2102,31.5246,1.30992,0.32929
5130,207,5,5,60,0,1,0,0,71.394,0.05,0.15,2102,31.5246,1.98427,0.32929
5131,143,9,4,35,1,1,0,0,49.837,0.05,0.15,2103,31.5246,2.65857,0.32921
5132,400,9,4,42,1,0,0,1,152.106,0.05,0.15,2103,31.5246,1.40446,0.32929
5133,289,10,5,62,1,1,1,0,111.347,0.05,0.15,2103,31.5246,1.84991,0.32929
5134,400,5,5,58,0,0,0,1,155.921,0.05,0.15,2103,31.5246,1.15062,0.32929
5135,210,5,5,59,0,1,0,0,77.461,0.05,0.15,2104,31.5246,1.58102,0.32921
5136,140,3,3,46,0,1,0,0,48.769,0.05,0.15,2104,31.5246,2.29204,0.32929
5137,292,10,5,61,1,0,0,1,145.209,0.05,0.15,2104,31.5246,1.80244,0.32929
5138,15,0,0,5,0,1,0,0,-27.171,0.05,0.15,2104,31.5246,3.25852,0.32929
5139,400,16,6,89,2,0,0,1,214.753,0.05,0.15,2104,31.5246,1.80121,0.32929
5140,53,1,1,23,0,1,0,0,2.569,0.05,0.15,2104,31.5246,2.44427,0.32929
5141,27,0,0,8,0,1,0,0,-18.431,0.05,0.15,2104,31.5246,3.75842,0.32929
5142,328,12,7,57,1,0,0,1,139.304,0.05,0.15,2104,31.5246,2.27146,0.32929
5143,20,0,0,9,0,1,0,0,-19.571,0.05,0.15,2104,31.5246,3.75735,0.32929
5144,400,12,7,59,1,0,0,1,178.909,0.05,0.15,2105,31.5246,1.30763,0.3293
5145,365,12,7,75,1,0,0,1,179.722,0.05,0.15,2105,31.5246,1.71669,0.3293
5146,82,2,2,29,0,1,0,0,15.762,0.05,0.15,2105,31.5246,2.17097,0.3293
5147,88,1,1,24,0,1,0,0,15.711,0.05,0.15,2105,31.5246,1.62627,0.3293
5148,39,1,1,15,0,1,1,0,-7.571,0.05,0.15,2105,31.5246,3.11337,0.3293
5149,163,4,4,49,0,1,0,0,52.898,0.05,0.15,2105,31.5246,1.97693,0.3293
5150,36,0,0,19,0,1,0,0,-15.363,0.05,0.15,2105,31.5246,3.14506,0.3293
5151,21,0,0,12,0,1,0,0,-20.236,0.05,0.15,2105,31.5246,3.53327,0.3293
5152,121,4,4,41,0,1,1,0,40.836,0.05,0.15,2105,31.5246,2.38993,0.3293
5153,333,9,4,55,1,0,1,1,146.199,0.05,0.15,2105,31.5246,1.68747,0.3293
5154,53,1,1,20,0,1,0,0,-0.262,0.05,0.15,2105,31.5246,3.3051,0.3293
5155,158,5,5,38,0,1,0,0,51.986,0.05,0.15,2105,31.5246,2.14261,0.3293
5156,353,12,7,79,1,0,0,1,176.139,0.05,0.15,2105,31.5246,1.67517,0.3293
5157,360,11,6,68,1,0,0,1,171.635,0.05,0.15,2105,31.5246,1.6326,0.3293
5158,285,14,4,61,2,0,0,1,157.279,0.05,0.15,2105,31.5246,1.79972,0.3293
5159,72,2,2,32,0,1,0,0,17.25,0.05,0.15,2105,31.5246,2.24681,0.3293
5160,118,3,3,30,0,1,0,0,28.065,0.05,0.15,2107,31.5246,2.31105,0.32922
5161,400,10,5,44,1,0,0,1,160.186,0.05,0.15,2107,31.5246,1.30139,0.32922
5162,400,4,4,47,0,0,1,1,134.406,0.05,0.15,2108,31.5246,1.31689,0.32914
5163,400,7,7,66,0,0,0,1,164.552,0.05,0.15,2108,31.5246,1.14284,0.32914
5164,295,6,6,58,0,0,0,1,131.261,0.05,0.15,2108,31.5246,1.59998,0.32914
5165,148,3,3,44,0,1,1,0,39.763,0.05,0.15,2108,31.5246,2.16839,0.32914
5166,400,4,4,55,0,0,0,1,141.712,0.05,0.15,2109,31.5246,1.21341,0.32907
5167,400,13,8,45,1,0,1,1,159.426,0.05,0.15,2110,31.5246,1.60812,0.32899
5168,5,0,0,3,0,1,0,0,-33.806,0.05,0.15,2110,31.5246,1.93834,0.32899
5169,29,0,0,9,0,1,0,0,-18.549,0.05,0.15,2110,31.5246,2.55583,0.32899
5170,91,3,3,32,0,1,1,0,20.392,0.05,0.15,2110,31.5246,2.37377,0.32899
5171,50,2,2,18,0,1,0,0,2.769,0.05,0.15,2110,31.5246,2.73139,0.32899
5172,343,18,8,76,2,0,1,1,186.212,0.05,0.15,2111,31.5246,2.1258,0.32891
5173,54,1,1,20,0,1,0,0,1.373,0.05,0.15,2111,31.5246,2.16727,0.32891
5174,22,0,0,6,0,1,0,0,-20.607,0.05,0.15,2111,31.5246,2.83621,0.32891
5175,80,5,0,11,1,1,0,0,9.956,0.05,0.15,2111,31.5246,3.64749,0.32891
5176,43,1,1,16,0,1,0,0,-4.615,0.05,0.15,2111,31.5246,2.73203,0.32891
5177,235,6,6,57,0,1,1,0,85.826,0.05,0.15,2111,31.5246,1.92458,0.32891
5178,118,3,3,41,0,1,0,0,38.014,0.05,0.15,2111,31.5246,2.38746,0.32891
5179,400,7,7,46,0,0,0,1,144.993,0.05,0.15,2111,31.5246,1.49058,0.32907
5180,400,5,5,33,0,0,0,1,131.158,0.05,0.15,2111,31.5246,1.32589,0.32907
5181,400,9,4,59,1,0,0,1,155.397,0.05,0.15,2111,31.5246,1.58847,0.32907
5182,33,0,0,11,0,1,0,0,-13.352,0.05,0.15,2111,31.5246,2.47615,0.32907
5183,400,4,4,40,0,0,0,1,125.58,0.05,0.15,2111,31.5246,1.27633,0.32907
5184,400,11,6,70,1,0,0,1,175.798,0.05,0.15,2112,31.5246,1.94971,0.32899
5185,61,2,2,24,0,1,0,0,8.741,0.05,0.15,2112,31.5246,2.64221,0.32899
5186,13,0,0,2,0,1,0,0,-25.361,0.05,0.15,2112,31.5246,5.84363,0.32899
5187,5,0,0,4,0,1,0,0,-33.206,0.05,0.15,2112,31.5246,1.03114,0.32899
5188,20,0,0,10,0,1,0,0,-18.496,0.05,0.15,2112,31.5246,3.78652,0.32899
5189,60,1,1,25,0,1,0,0,7.842,0.05,0.15,2112,31.5246,1.78686,0.32899
5190,120,1,1,36,0,1,0,0,29.666,0.05,0.15,2112,31.5246,1.90031,0.32899
5191,400,4,4,57,0,0,0,1,140.368,0.05,0.15,2112,31.5246,1.28894,0.32899
5192,34,0,0,9,0,1,0,0,-13.998,0.05,0.15,2112,31.5246,3.23759,0.32899
5193,400,9,4,58,1,0,0,1,158.377,0.05,0.15,2112,31.5246,1.38947,0.32899
5194,286,11,6,61,1,0,0,1,145.828,0.05,0.15,2112,31.5246,1.62516,0.32899
5195,400,3,3,50,0,0,0,1,128.626,0.05,0.15,2112,31.5246,1.38921,0.32899
5196,150,2,2,36,0,1,1,0,31.241,0.05,0.15,2112,31.5246,2.50797,0.32899
5197,400,9,4,50,1,0,1,1,149.163,0.05,0.15,2115,31.5246,1.47782,0.32884
5198,143,3,3,38,0,1,0,0,46.861,0.05,0.15,2115,31.5246,1.94557,0.32884
5199,138,7,2,36,1,1,1,0,45.776,0.05,0.15,2115,31.5246,2.30206,0.32884
5200,400,8,3,61,1,0,0,1,162.77,0.05,0.15,2115,31.5246,1.29497,0.32884
5201,400,5,5,42,0,0,0,1,129.93,0.05,0.15,2115,31.5246,1.16087,0.32892
5202,400,4,4,52,0,0,0,1,138.766,0.05,0.15,2115,31.5246,1.16489,0.32892
5203,141,3,3,38,0,1,0,0,42.145,0.05,0.15,2115,31.5246,1.87789,0.32892
5204,400,3,3,53,0,0,1,1,141.773,0.05,0.15,2115,31.5246,1.41892,0.32892
5205,51,4,4,16,0,1,0,0,11.835,0.05,0.15,2115,31.5246,2.78694,0.32892
5206,400,4,4,53,0,0,0,1,134.806,0.05,0.15,2115,31.5246,1.24589,0.329
5207,400,8,3,63,1,0,0,1,177.881,0.05,0.15,2115,31.5246,1.3621,0.32908
5208,271,11,6,45,1,0,0,1,136.951,0.05,0.15,2115,31.5246,1.82061,0.32908
5209,400,5,5,60,0,0,4,1,150.197,0.05,0.15,2115,31.5246,1.31791,0.32908
5210,400,4,4,55,0,0,1,1,153.132,0.05,0.15,2115,31.5246,1.3149,0.32908
5211,400,3,3,43,0,0,0,1,121.369,0.05,0.15,2115,31.5246,1.31731,0.32908
5212,42,0,0,12,0,1,0,0,-14.789,0.05,0.15,2115,31.5246,2.44764,0.32908
5213,14,0,0,6,0,1,0,0,-26.623,0.05,0.15,2115,31.5246,4.25835,0.32908
5214,27,0,0,8,0,1,0,0,-20.841,0.05,0.15,2115,31.5246,2.9585,0.32908
5215,400,10,5,55,1,0,0,1,150.963,0.05,0.15,2115,31.5246,1.74967,0.32924
5216,400,5,5,43,0,0,0,1,122.008,0.05,0.15,2115,31.5246,1.46705,0.32931
5217,400,10,5,56,1,0,0,1,167.723,0.05,0.15,2115,31.5246,1.37031,0.32939
5218,400,4,4,59,0,0,0,1,150.108,0.05,0.15,2115,31.5246,1.21757,0.32939
5219,400,6,6,47,0,0,0,1,133.335,0.05,0.15,2115,31.5246,1.66614,0.32939
5220,15,1,1,5,0,1,0,0,-18.249,0.05,0.15,2115,31.5246,3.4197,0.32939
5221,38,1,1,16,0,1,0,0,-11.469,0.05,0.15,2115,31.5246,3.04518,0.32939
5222,51,2,2,14,0,1,0,0,-0.597,0.05,0.15,2115,31.5246,2.01002,0.32939
5223,201,4,4,35,0,0,1,0,63.169,0.05,0.15,2116,31.5246,2.09746,0.3294
5224,400,11,6,62,1,0,0,1,153.428,0.05,0.15,2116,31.5246,1.84871,0.3294
5225,247,6,6,35,0,1,1,0,71.892,0.05,0.15,2116,31.5246,2.04267,0.3294
5226,400,4,4,44,0,0,0,1,133.318,0.05,0.15,2116,31.5246,1.2312,0.3294
5227,5,0,0,3,0,1,0,0,-30.104,0.05,0.15,2116,31.5246,5.30207,0.3294
5228,400,3,3,59,0,0,0,1,138.515,0.05,0.15,2116,31.5246,1.27541,0.3294
5229,45,0,0,25,0,1,0,0,-7.358,0.05,0.15,2116,31.5246,3.2536,0.32947
5230,400,4,4,43,0,0,0,1,112.234,0.05,0.15,2116,31.5246,1.5736,0.32947
5231,313,10,5,61,1,1,1,0,104.101,0.05,0.15,2117,31.5246,1.95653,0.3294
5232,173,4,4,45,0,1,0,0,51.759,0.05,0.15,2117,31.5246,1.99665,0.32948
5233,70,1,1,16,0,1,0,0,-6.904,0.05,0.15,2117,31.5246,2.3382,0.32948
5234,400,10,5,52,1,0,0,1,153.6,0.05,0.15,2120,31.5246,1.61728,0.32932
5235,20,0,0,8,0,1,0,0,-19.771,0.05,0.15,2120,31.5246,2.42638,0.32932
5236,14,0,0,5,0,1,0,0,-26.624,0.05,0.15,2120,31.5246,4.38169,0.32932
5237,400,9,4,51,1,0,0,1,143.356,0.05,0.15,2120,31.5246,1.66972,0.32932
5238,400,1,1,42,0,0,0,1,103.459,0.05,0.15,2121,31.5246,1.67176,0.32925
5239,174,4,4,37,0,1,0,0,52.122,0.05,0.15,2121,31.5246,1.95498,0.32925
5240,57,1,1,12,0,1,0,0,-8.628,0.05,0.15,2121,31.5246,2.38546,0.32925
5241,400,9,4,49,1,0,1,1,126.401,0.05,0.15,2122,31.5246,1.73052,0.32917
5242,234,3,3,31,0,1,0,0,59.56,0.05,0.15,2122,31.5246,1.52134,0.32917
5243,110,4,4,40,0,1,0,0,34.802,0.05,0.15,2122,31.5246,2.20634,0.32917
5244,182,8,3,40,1,1,1,0,58.879,0.05,0.15,2122,31.5246,2.26903,0.32917
5245,37,1,1,13,0,1,0,0,-9.433,0.05,0.15,2122,31.5246,3.63488,0.32917
5246,400,8,3,47,1,0,0,1,143.956,0.05,0.15,2123,31.5246,1.47505,0.32917
5247,128,3,3,38,0,1,0,0,39.482,0.05,0.15,2123,31.5246,2.03055,0.32917
5248,19,1,1,7,0,1,0,0,-18.203,0.05,0.15,2123,31.5246,2.84327,0.32917
5249,13,0,0,5,0,1,0,0,-27.277,0.05,0.15,2123,31.5246,3.96962,0.32917
5250,400,4,4,54,0,0,0,1,133.435,0.05,0.15,2123,31.5246,1.42137,0.32917
5251,184,4,4,47,0,1,1,0,62.45,0.05,0.15,2123,31.5246,2.12983,0.32917
5252,376,5,5,53,0,1,0,0,103.932,0.05,0.15,2123,31.5246,1.61264,0.32917
5253,212,4,4,56,0,1,0,0,77.841,0.05,0.15,2123,31.5246,1.70215,0.32917
5254,400,7,7,64,0,0,0,1,144.583,0.05,0.15,2123,31.5246,1.58061,0.32917
5255,400,6,6,49,0,0,0,1,139.837,0.05,0.15,2123,31.5246,1.35709,0.32917
5256,400,6,6,64,0,0,0,1,148.217,0.05,0.15,2123,31.5246,1.32632,0.32917
5257,27,0,0,6,0,1,0,0,-22.589,0.05,0.15,2123,31.5246,3.41265,0.32917
5258,27,0,0,10,0,1,0,0,-17.763,0.05,0.15,2123,31.5246,3.46452,0.32917
5259,400,11,6,55,1,0,0,1,168.475,0.05,0.15,2123,31.5246,1.56471,0.32917
5260,153,0,0,37,0,1,0,0,27.672,0.05,0.15,2123,31.5246,2.07348,0.32917
5261,180,2,2,53,0,1,1,0,51.088,0.05,0.15,2123,31.5246,2.31542,0.32917
5262,400,6,6,61,0,0,0,1,164.308,0.05,0.15,2123,31.5246,1.06412,0.32917
5263,114,4,4,38,0,1,0,0,40.228,0.05,0.15,2123,31.5246,2.12153,0.32917
5264,113,3,3,34,0,1,1,0,32.482,0.05,0.15,2123,31.5246,2.42846,0.32917
5265,22,1,1,4,0,1,0,0,-21.034,0.05,0.15,2123,31.5246,3.17195,0.32917
5266,400,7,7,56,0,0,0,1,157.849,0.05,0.15,2123,31.5246,1.13507,0.32917
5267,303,6,6,59,0,0,0,1,136.463,0.05,0.15,2123,31.5246,1.50177,0.32917
5268,67,0,0,20,0,1,0,0,-3.055,0.05,0.15,2123,31.5246,2.25707,0.32917
5269,400,4,4,55,0,0,1,1,127.167,0.05,0.15,2123,31.5246,1.36916,0.32925
5270,400,6,6,54,0,0,0,1,153.24,0.05,0.15,2125,31.5246,1.11535,0.3291
5271,400,4,4,55,0,0,0,1,148.017,0.05,0.15,2125,31.5246,1.29137,0.3291
5272,144,9,4,26,1,1,0,0,54.918,0.05,0.15,2125,31.5246,2.34643,0.3291
5273,13,0,0,2,0,1,0,0,-24.123,0.05,0.15,2125,31.5246,3.87276,0.3291
5274,400,12,7,51,1,0,0,1,163.491,0.05,0.15,2125,31.5246,1.29815,0.3291
5275,13,0,0,5,0,1,0,0,-27.277,0.05,0.15,2125,31.5246,4.53015,0.3291
5276,361,17,7,100,2,0,0,1,211.383,0.05,0.15,2125,31.5246,2.00169,0.3291
5277,28,0,0,10,0,1,0,0,-18.003,0.05,0.15,2125,31.5246,2.7603,0.3291
5278,400,9,4,61,1,0,0,1,161.763,0.05,0.15,2125,31.5246,1.94472,0.3291
5279,400,1,1,58,0,0,1,1,141.213,0.05,0.15,2125,31.5246,1.1011,0.3291
5280,193,5,5,45,0,1,1,0,67.402,0.05,0.15,2125,31.5246,1.96431,0.3291
5281,400,4,4,55,0,0,1,1,142.846,0.05,0.15,2125,31.5246,1.42948,0.32918
5282,307,11,6,77,1,0,2,1,160.969,0.05,0.15,2125,31.5246,1.68043,0.32918
5283,400,6,6,43,0,0,0,1,144.777,0.05,0.15,2125,31.5246,1.22269,0.32918
5284,400,10,5,55,1,0,0,1,160.889,0.05,0.15,2126,31.5246,1.58433,0.3291
5285,299,11,6,87,1,0,2,1,169.651,0.05,0.15,2126,31.5246,1.85128,0.3291
5286,341,9,4,66,1,0,0,1,159.834,0.05,0.15,2126,31.5246,1.66958,0.32918
5287,400,12,7,56,1,0,0,1,165.173,0.05,0.15,2126,31.5246,1.63529,0.32934
5288,202,7,7,59,0,0,1,0,103.156,0.05,0.15,2127,31.5246,2.09421,0.32926
5289,400,8,3,71,1,0,0,1,175.323,0.05,0.15,2127,31.5246,1.40442,0.32926
5290,400,8,3,62,1,0,0,1,149.653,0.05,0.15,2127,31.5246,1.1459,0.32926
5291,13,0,0,5,0,1,0,0,-22.323,0.05,0.15,2127,31.5246,3.65674,0.32926
5292,160,3,3,31,0,1,0,0,31.668,0.05,0.15,2127,31.5246,2.16139,0.32926
5293,261,5,5,55,0,1,0,0,83.656,0.05,0.15,2130,31.5246,2.21154,0.32903
5294,235,10,5,73,1,1,0,0,112.152,0.05,0.15,2130,31.5246,1.99913,0.32903
5295,261,11,6,49,1,0,0,1,140.248,0.05,0.15,2130,31.5246,1.71278,0.32903
5296,400,4,4,38,0,0,0,1,141.695,0.05,0.15,2130,31.5246,1.12829,0.32903
5297,20,0,0,11,0,1,0,0,-18.371,0.05,0.15,2130,31.5246,4.11674,0.32903
5298,400,13,8,56,1,0,0,1,178.37,0.05,0.15,2130,31.5246,1.29332,0.32903
5299,400,7,7,41,0,0,0,1,145.571,0.05,0.15,2130,31.5246,1.15314,0.32903
5300,136,5,5,50,0,1,1,0,50.064,0.05,0.15,2130,31.5246,2.35938,0.32903
5301,322,13,8,78,1,0,0,1,169.981,0.05,0.15,2130,31.5246,1.74852,0.32903
5302,400,6,6,70,0,0,0,1,163.59,0.05,0.15,2131,31.5246,1.29344,0.32895
5303,189,4,4,37,0,1,1,0,56.455,0.05,0.15,2131,31.5246,2.06235,0.32895
5304,263,10,5,77,1,1,0,0,112.859,0.05,0.15,2131,31.5246,2.30431,0.32895
5305,197,4,4,52,0,1,0,0,76.285,0.05,0.15,2131,31.5246,2.06776,0.32895
5306,400,9,4,44,1,0,0,1,131.806,0.05,0.15,2131,31.5246,1.3222,0.32895
5307,400,11,6,25,1,0,0,1,121.675,0.05,0.15,2131,31.5246,1.28153,0.32895
5308,15,0,0,7,0,1,0,0,-22.372,0.05,0.15,2131,31.5246,4.30823,0.32895
5309,342,4,4,44,0,1,0,0,66.02,0.05,0.15,2131,31.5246,1.30954,0.32895
5310,347,1,1,29,0,0,0,1,69.235,0.05,0.15,2131,31.5246,0.92038,0.32895
5311,400,7,2,34,1,0,0,1,111.985,0.05,0.15,2131,31.5246,1.11422,0.32895
5312,95,1,1,30,0,1,0,0,14.217,0.05,0.15,2131,31.5246,2.23397,0.32895
5313,49,2,2,12,0,1,1,0,-5.644,0.05,0.15,2131,31.5246,2.98612,0.32895
5314,400,3,3,39,0,0,0,1,111.287,0.05,0.15,2131,31.5246,0.97278,0.32895
5315,400,8,3,28,1,0,0,1,113.794,0.05,0.15,2131,31.5246,1.21847,0.32895
5316,400,2,2,39,0,0,0,1,125.32,0.05,0.15,2131,31.5246,1.33063,0.32895
5317,400,3,3,42,0,0,1,1,136.009,0.05,0.15,2131,31.5246,1.04244,0.32895
5318,214,4,4,32,0,1,0,0,52.64,0.05,0.15,2131,31.5246,1.56415,0.32903
5319,400,7,7,74,0,0,0,1,167.096,0.05,0.15,2131,31.5246,1.03099,0.32903
5320,68,0,0,19,0,1,0,0,-8.312,0.05,0.15,2131,31.5246,2.62928,0.32903
5321,400,11,6,32,1,0,0,1,149.001,0.05,0.15,2131,31.5246,1.04957,0.32911
5322,400,17,7,78,2,0,0,1,197.353,0.05,0.15,2131,31.5246,1.55434,0.32911
5323,400,2,2,37,0,0,0,1,118.334,0.05,0.15,2131,31.5246,1.08189,0.32911
5324,220,5,5,46,0,1,0,0,71.9,0.05,0.15,2131,31.5246,1.74352,0.32911
5325,400,8,3,43,1,0,0,1,141.021,0.05,0.15,2131,31.5246,1.04976,0.32911
5326,400,5,5,53,0,0,0,1,148.23,0.05,0.15,2131,31.5246,1.07352,0.32911
5327,400,5,5,39,0,0,0,1,137.743,0.05,0.15,2131,31.5246,0.9611,0.32911
5328,400,5,5,69,0,0,0,1,154.113,0.05,0.15,2132,31.5246,1.24576,0.32903
5329,400,4,4,24,0,0,0,1,89.991,0.05,0.15,2132,31.5246,0.64857,0.32903
5330,400,3,3,33,0,0,2,1,113.277,0.05,0.15,2132,31.5246,1.04051,0.32903
5331,47,0,0,3,0,1,0,0,-19.156,0.05,0.15,2132,31.5246,1.9767,0.32903
5332,349,3,3,43,0,1,0,0,86.311,0.05,0.15,2132,31.5246,1.51958,0.32903
5333,49,0,0,19,0,1,0,0,-12.115,0.05,0.15,2132,31.5246,2.94664,0.32903
5334,400,2,2,26,0,0,0,1,99.274,0.05,0.15,2132,31.5246,1.12236,0.32903
5335,47,1,1,4,0,1,0,0,-15.457,0.05,0.15,2132,31.5246,1.85419,0.32903
5336,20,0,0,9,0,1,0,0,-19.171,0.05,0.15,2132,31.5246,4.23465,0.32903
5337,24,1,1,11,0,1,0,0,-13.365,0.05,0.15,2132,31.5246,3.64459,0.32903
5338,388,3,3,21,0,1,0,0,75.757,0.05,0.15,2132,31.5246,0.84913,0.32919
5339,20,0,0,9,0,1,0,0,-19.569,0.05,0.15,2132,31.5246,4.13174,0.32919
5340,52,1,1,8,0,1,1,0,-13.581,0.05,0.15,2132,31.5246,3.22362,0.32919
5341,43,2,2,22,0,1,0,0,5.822,0.05,0.15,2132,31.5246,2.93117,0.32919
5342,47,0,0,0,0,1,0,0,-23.882,0.05,0.15,2132,31.5246,1.86475,0.32919
5343,7,0,0,6,0,1,0,0,-23.192,0.05,0.15,2132,31.5246,5.22124,0.32919
5344,400,2,2,35,0,0,0,1,90.376,0.05,0.15,2132,31.5246,1.59148,0.32919
5345,400,6,1,28,1,0,1,1,78.465,0.05,0.15,2132,31.5246,1.76712,0.32919
5346,115,3,3,39,0,1,1,0,29.633,0.05,0.15,2132,31.5246,2.46539,0.32919
5347,400,3,3,48,0,0,0,1,112.666,0.05,0.15,2132,31.5246,1.31727,0.32919
5348,130,3,3,38,0,1,0,0,35.609,0.05,0.15,2132,31.5246,2.01123,0.32919
5349,34,0,0,16,0,1,0,0,-13.246,0.05,0.15,2132,31.5246,2.88366,0.32919
5350,400,8,3,29,1,0,1,1,80.316,0.05,0.15,2132,31.5246,1.73228,0.32927
5351,21,1,1,2,0,1,0,0,-25.436,0.05,0.15,2132,31.5246,2.14242,0.32927
5352,400,2,2,19,0,0,0,1,50.375,0.05,0.15,2132,31.5246,1.77201,0.32927
5353,27,0,0,10,0,1,0,0,-18.349,0.05,0.15,2132,31.5246,3.27571,0.32927
5354,131,3,3,21,0,1,0,0,16.724,0.05,0.15,2132,31.5246,2.44513,0.32927
5355,19,0,0,7,0,1,0,0,-21.858,0.05,0.15,2132,31.5246,3.87873,0.32927
5356,400,3,3,29,0,0,0,1,91.257,0.05,0.15,2132,31.5246,1.82998,0.32927
5357,67,1,1,15,0,1,0,0,-0.664,0.05,0.15,2132,31.5246,2.34116,0.32927
5358,5,0,0,4,0,1,0,0,-33.206,0.05,0.15,2132,31.5246,1.70364,0.32927
5359,210,9,4,40,1,1,0,0,55.094,0.05,0.15,2132,31.5246,2.63826,0.32927
5360,34,0,0,9,0,1,0,0,-18.029,0.05,0.15,2132,31.5246,3.2232,0.32927
5361,43,1,1,8,0,1,0,0,-11.911,0.05,0.15,2132,31.5246,3.03088,0.32927
5362,400,6,1,29,1,0,0,1,97.224,0.05,0.15,2132,31.5246,1.68318,0.32927
5363,20,0,0,5,0,1,0,0,-26.159,0.05,0.15,2132,31.5246,3.40489,0.32927
5364,185,8,3,29,1,1,0,0,49.636,0.05,0.15,2132,31.5246,2.15676,0.32927
5365,53,0,0,7,0,1,0,0,-18.279,0.05,0.15,2132,31.5246,2.47628,0.32927
5366,400,1,1,24,0,0,0,1,67.322,0.05,0.15,2132,31.5246,1.8108,0.32927
5367,400,1,1,32,0,0,0,1,88.138,0.05,0.15,2132,31.5246,1.4324,0.32927
5368,400,8,3,31,1,0,1,1,126.789,0.05,0.15,2132,31.5246,1.41353,0.32927
5369,400,2,2,15,0,0,0,1,79.217,0.05,0.15,2132,31.5246,1.3149,0.32927
5370,21,0,0,7,0,1,0,0,-21.24,0.05,0.15,2132,31.5246,2.47554,0.32927
5371,400,6,6,42,0,0,0,1,109.502,0.05,0.15,2132,31.5246,1.66422,0.32935
5372,400,0,0,27,0,0,0,1,88.15,0.05,0.15,2132,31.5246,1.54118,0.32935
5373,400,1,1,11,0,0,0,1,66.562,0.05,0.15,2132,31.5246,1.53069,0.32935
5374,400,6,1,18,1,0,0,1,77.358,0.05,0.15,2132,31.5246,1.80119,0.32942
5375,400,2,2,18,0,0,0,1,65.949,0.05,0.15,2132,31.5246,1.54655,0.32942
5376,35,0,0,13,0,1,0,0,-14.445,0.05,0.15,2132,31.5246,2.32304,0.32942
5377,27,0,0,8,0,1,0,0,-23.256,0.05,0.15,2132,31.5246,3.53514,0.32942
5378,400,8,3,24,1,0,0,1,110.758,0.05,0.15,2133,31.5246,1.57699,0.32935
5379,400,6,1,37,1,0,0,1,106.156,0.05,0.15,2133,31.5246,1.40733,0.32935
5380,28,0,0,7,0,1,0,0,-19.259,0.05,0.15,2133,31.5246,2.8647,0.32935
5381,400,4,4,28,0,0,0,1,110.368,0.05,0.15,2133,31.5246,1.41144,0.32943
5382,400,1,1,17,0,0,0,1,58.818,0.05,0.15,2133,31.5246,1.44008,0.32943
5383,34,0,0,6,0,1,0,0,-20.572,0.05,0.15,2133,31.5246,1.92771,0.32943
5384,400,5,5,35,0,0,0,1,120.238,0.05,0.15,2133,31.5246,1.32722,0.32943
5385,5,0,0,3,0,1,0,0,-33.806,0.05,0.15,2133,31.5246,3.14185,0.32943
5386,400,4,4,45,0,0,0,1,113.658,0.05,0.15,2133,31.5246,1.43505,0.3295
5387,400,2,2,47,0,0,0,1,109.79,0.05,0.15,2133,31.5246,1.32558,0.3295
5388,400,5,0,22,1,0,0,1,93.38,0.05,0.15,2133,31.5246,1.55057,0.3295
5389,400,3,3,25,0,0,0,1,83.539,0.05,0.15,2133,31.5246,1.45511,0.3295
5390,158,0,0,8,0,1,0,0,-3.176,0.05,0.15,2133,31.5246,1.38179,0.3295
5391,400,6,1,35,1,0,0,1,103.612,0.05,0.15,2133,31.5246,1.36335,0.3295
5392,400,6,1,18,1,0,0,1,79.005,0.05,0.15,2134,31.5246,1.50767,0.32943
5393,400,0,0,4,0,0,0,1,48.657,0.05,0.15,2134,31.5246,1.21456,0.32943
5394,76,0,0,5,0,1,0,0,-16.208,0.05,0.15,2134,31.5246,1.47629,0.32943
5395,166,0,0,9,0,1,0,0,1.389,0.05,0.15,2134,31.5246,1.66278,0.32943
5396,400,2,2,34,0,0,0,1,110.157,0.05,0.15,2134,31.5246,1.15784,0.32943
5397,400,2,2,38,0,0,0,1,101.1,0.05,0.15,2134,31.5246,1.25232,0.32943
5398,400,3,3,46,0,0,0,1,129.565,0.05,0.15,2134,31.5246,1.0882,0.32943
5399,400,2,2,36,0,0,0,1,90.992,0.05,0.15,2134,31.5246,0.86608,0.32951
5400,208,0,0,36,0,1,1,0,24.075,0.05,0.15,2134,31.5246,1.56979,0.32951
5401,400,7,2,58,1,0,0,1,128.634,0.05,0.15,2134,31.5246,1.36526,0.32951
5402,400,3,3,33,0,0,0,1,102.628,0.05,0.15,2134,31.5246,1.29142,0.32951
5403,400,2,2,23,0,0,0,1,80.157,0.05,0.15,2135,31.5246,1.26146,0.32943
5404,400,4,4,27,0,0,0,1,93.027,0.05,0.15,2136,31.5246,1.38047,0.32935
5405,400,9,4,22,1,0,0,1,98.346,0.05,0.15,2136,31.5246,1.43269,0.32935
5406,400,2,2,14,0,0,2,1,74.52,0.05,0.15,2136,31.5246,1.40361,0.32943
5407,21,1,1,6,0,1,0,0,-22.645,0.05,0.15,2136,31.5246,4.8155,0.32943
5408,400,8,3,26,1,0,0,1,97.814,0.05,0.15,2137,31.5246,1.37769,0.32936
5409,42,1,1,9,0,1,0,0,-12.604,0.05,0.15,2137,31.5246,2.24817,0.32936
5410,75,0,0,12,0,1,0,0,-12.865,0.05,0.15,2137,31.5246,1.72421,0.32936
5411,400,0,0,14,0,0,0,1,62.27,0.05,0.15,2137,31.5246,1.06445,0.32936
5412,400,1,1,27,0,0,0,1,92.089,0.05,0.15,2137,31.5246,1.12673,0.32936
5413,400,1,1,21,0,0,0,1,73.185,0.05,0.15,2137,31.5246,1.26821,0.32936
5414,133,1,1,9,0,1,0,0,-2.069,0.05,0.15,2137,31.5246,1.40712,0.32936
5415,197,4,4,44,0,1,0,0,54.72,0.05,0.15,2138,31.5246,2.09216,0.32928
5416,395,5,5,41,0,1,0,0,78.987,0.05,0.15,2138,31.5246,1.27194,0.32928
5417,289,0,0,15,0,1,0,0,4.976,0.05,0.15,2138,31.5246,1.52875,0.32928
5418,400,13,3,37,2,0,1,1,130.486,0.05,0.15,2138,31.5246,1.64962,0.32928
5419,400,1,1,22,0,0,0,1,92.706,0.05,0.15,2139,31.5246,1.24669,0.32928
5420,76,1,1,12,0,1,0,0,-4.778,0.05,0.15,2139,31.5246,1.99792,0.32928
5421,400,8,3,27,1,0,0,1,96.242,0.05,0.15,2139,31.5246,1.60027,0.32928
5422,36,1,1,7,0,1,0,0,-16.066,0.05,0.15,2139,31.5246,3.93842,0.32928
5423,36,1,1,8,0,1,0,0,-14.266,0.05,0.15,2139,31.5246,2.71902,0.32928
5424,20,0,0,7,0,1,0,0,-23.894,0.05,0.15,2139,31.5246,4.22435,0.32928
5425,254,5,0,41,1,0,1,0,76.421,0.05,0.15,2139,31.5246,1.93996,0.32928
5426,20,0,0,5,0,1,0,0,-21.796,0.05,0.15,2139,31.5246,2.25377,0.32928
5427,307,14,4,44,2,0,0,1,130.573,0.05,0.15,2139,31.5246,1.7095,0.32928
5428,111,1,1,8,0,1,0,0,-4.288,0.05,0.15,2139,31.5246,1.6911,0.32928
5429,400,4,4,25,0,0,0,1,82.566,0.05,0.15,2139,31.5246,1.31452,0.32936
5430,23,1,1,10,0,1,0,0,-14.83,0.05,0.15,2139,31.5246,3.06697,0.32936
5431,400,0,0,20,0,0,0,1,78.027,0.05,0.15,2139,31.5246,1.16605,0.32944
5432,317,3,3,26,0,1,0,0,61.636,0.05,0.15,2139,31.5246,1.52055,0.32944
5433,400,8,3,46,1,0,0,1,140.941,0.05,0.15,2139,31.5246,1.32362,0.32952
5434,27,0,0,6,0,1,0,0,-23.734,0.05,0.15,2139,31.5246,3.42899,0.32952
5435,199,2,2,18,0,1,0,0,17.62,0.05,0.15,2139,31.5246,1.62567,0.32952
5436,27,0,0,6,0,1,0,0,-18.384,0.05,0.15,2139,31.5246,4.19647,0.32959
5437,5,0,0,4,0,1,0,0,-33.206,0.05,0.15,2139,31.5246,1.41416,0.32959
5438,20,0,0,5,0,1,0,0,-26.962,0.05,0.15,2139,31.5246,5.81145,0.32959
5439,107,4,4,18,0,1,0,0,21.519,0.05,0.15,2139,31.5246,2.02919,0.32959
5440,400,9,4,35,1,0,0,1,110.391,0.05,0.15,2139,31.5246,1.2165,0.32959
5441,400,1,1,30,0,0,0,1,96.135,0.05,0.15,2139,31.5246,1.21114,0.32959
5442,75,2,2,11,0,1,0,0,-8.49,0.05,0.15,2139,31.5246,1.70199,0.32959
5443,400,3,3,44,0,0,0,1,125.222,0.05,0.15,2139,31.5246,1.29189,0.32959
5444,27,1,1,7,0,1,0,0,-14.112,0.05,0.15,2139,31.5246,2.65235,0.32959
5445,400,6,1,30,1,0,0,1,105.201,0.05,0.15,2139,31.5246,1.12727,0.32959
5446,400,5,5,42,0,0,0,1,113.007,0.05,0.15,2139,31.5246,1.06537,0.32967
5447,400,3,3,25,0,0,0,1,99.069,0.05,0.15,2139,31.5246,1.14248,0.32967
5448,400,7,2,25,1,0,0,1,100.258,0.05,0.15,2139,31.5246,1.27618,0.32983
5449,400,3,3,47,0,0,0,1,124.145,0.05,0.15,2140,31.5246,1.30838,0.32991
5450,28,0,0,8,0,1,0,0,-18.355,0.05,0.15,2140,31.5246,2.26912,0.32991
5451,400,2,2,25,0,0,0,1,78.002,0.05,0.15,2140,31.5246,1.17075,0.32991
5452,50,0,0,6,0,1,0,0,-16.188,0.05,0.15,2140,31.5246,2.21259,0.32991
5453,400,0,0,20,0,0,0,1,59.272,0.05,0.15,2140,31.5246,1.0126,0.32991
5454,400,2,2,34,0,0,0,1,95.055,0.05,0.15,2140,31.5246,1.10599,0.32991
5455,142,0,0,11,0,1,0,0,-5.706,0.05,0.15,2140,31.5246,1.76945,0.32991
5456,400,5,5,36,0,0,0,1,104.639,0.05,0.15,2140,31.5246,1.15646,0.32991
5457,400,11,6,26,1,0,0,1,126.138,0.05,0.15,2140,31.5246,1.193,0.32998
5458,400,2,2,34,0,0,1,1,106.23,0.05,0.15,2140,31.5246,1.06517,0.32998
5459,275,6,1,41,1,1,0,0,67.993,0.05,0.15,2140,31.5246,1.5618,0.32998
5460,400,1,1,43,0,0,0,1,88.203,0.05,0.15,2140,31.5246,1.04673,0.32998
5461,400,2,2,35,0,0,1,1,89.437,0.05,0.15,2140,31.5246,1.38137,0.32998
5462,400,5,5,42,0,0,0,1,114.508,0.05,0.15,2140,31.5246,1.31206,0.32998
5463,262,5,5,34,0,0,0,0,72.276,0.05,0.15,2140,31.5246,1.64505,0.32998
5464,5,0,0,1,0,1,0,0,-31.26,0.05,0.15,2140,31.5246,5.59459,0.32998
5465,400,7,2,33,1,0,0,1,118.472,0.05,0.15,2140,31.5246,1.31723,0.32998
5466,89,2,2,16,0,1,0,0,8.033,0.05,0.15,2140,31.5246,2.08264,0.33006
5467,400,10,5,43,1,0,0,1,139.653,0.05,0.15,2140,31.5246,1.41986,0.33006
5468,400,4,4,44,0,0,0,1,125.103,0.05,0.15,2140,31.5246,1.19727,0.33006
5469,400,8,3,50,1,0,1,1,138.216,0.05,0.15,2141,31.5246,1.45421,0.33014
5470,400,4,4,26,0,0,0,1,88.195,0.05,0.15,2141,31.5246,1.16621,0.33014
5471,56,2,2,11,0,1,0,0,-4.296,0.05,0.15,2141,31.5246,2.43254,0.33014
5472,62,0,0,18,0,1,0,0,-2.368,0.05,0.15,2141,31.5246,1.41335,0.33014
5473,400,2,2,25,0,0,2,1,83.36,0.05,0.15,2141,31.5246,1.41617,0.33014
5474,43,0,0,9,0,0,0,0,2.436,0.05,0.15,2141,31.5246,2.07227,0.33014
5475,27,1,1,10,0,1,0,0,-14.462,0.05,0.15,2141,31.5246,2.68337,0.33014
5476,400,6,6,35,0,0,0,1,110.192,0.05,0.15,2141,31.5246,1.34661,0.33014
5477,400,10,5,34,1,0,0,1,109.534,0.05,0.15,2141,31.5246,1.31359,0.33014
5478,132,3,3,19,0,1,0,0,22.429,0.05,0.15,2141,31.5246,1.97234,0.33014
5479,400,6,1,27,1,0,0,1,105.531,0.05,0.15,2141,31.5246,1.49874,0.33014
5480,79,3,3,26,0,1,0,0,16.209,0.05,0.15,2141,31.5246,2.00634,0.33014
5481,329,9,4,38,1,1,0,0,69.045,0.05,0.15,2141,31.5246,2.08894,0.33022
5482,130,2,2,34,0,1,0,0,27.103,0.05,0.15,2141,31.5246,1.83041,0.33022
5483,36,0,0,10,0,1,0,0,-19.339,0.05,0.15,2141,31.5246,3.43464,0.33022
5484,400,2,2,32,0,0,0,1,102.962,0.05,0.15,2141,31.5246,1.49561,0.3303
5485,272,4,4,32,0,1,0,0,48.506,0.05,0.15,2141,31.5246,1.8614,0.3303
5486,290,1,1,24,0,1,0,0,35.362,0.05,0.15,2141,31.5246,1.97517,0.33038
5487,205,1,1,29,0,1,0,0,39.304,0.05,0.15,2141,31.5246,1.46932,0.33038
5488,27,1,1,6,0,1,0,0,-16.696,0.05,0.15,2141,31.5246,2.72499,0.33038
5489,400,2,2,48,0,0,0,1,102.531,0.05,0.15,2141,31.5246,1.47215,0.33038
5490,400,2,2,30,0,0,0,1,87.561,0.05,0.15,2142,31.5246,1.42818,0.3303
5491,261,4,4,30,0,1,0,0,52.579,0.05,0.15,2142,31.5246,2.02026,0.3303
5492,106,1,1,7,0,1,0,0,-3.343,0.05,0.15,2142,31.5246,1.55621,0.3303
5493,283,7,2,33,1,1,0,0,65.694,0.05,0.15,2142,31.5246,1.94609,0.33038
5494,73,2,2,17,0,1,0,0,6.906,0.05,0.15,2142,31.5246,1.95067,0.33038
5495,42,1,1,10,0,1,0,0,-14.647,0.05,0.15,2142,31.5246,3.04521,0.33038
5496,27,1,1,6,0,1,0,0,-15.365,0.05,0.15,2142,31.5246,3.35403,0.33038
5497,400,3,3,27,0,0,0,1,86.15,0.05,0.15,2142,31.5246,1.60898,0.33038
5498,35,0,0,7,0,1,0,0,-18.979,0.05,0.15,2142,31.5246,2.56576,0.33038
5499,400,1,1,23,0,0,0,1,73.948,0.05,0.15,2142,31.5246,1.40396,0.33038
5500,108,1,1,20,0,1,1,0,6.043,0.05,0.15,2142,31.5246,1.99252,0.33045
5501,56,0,0,5,0,1,0,0,-16.424,0.05,0.15,2142,31.5246,1.78949,0.33045
5502,55,0,0,10,0,1,1,0,-12.404,0.05,0.15,2143,31.5246,3.11305,0.33038
5503,72,1,1,12,0,1,1,0,-0.92,0.05,0.15,2143,31.5246,2.47894,0.33038
5504,164,1,1,24,0,1,0,0,22.649,0.05,0.15,2143,31.5246,1.67575,0.33038
5505,400,5,5,27,0,0,0,1,106.801,0.05,0.15,2143,31.5246,1.40963,0.33038
5506,400,8,3,47,1,0,0,1,117.937,0.05,0.15,2143,31.5246,1.55703,0.33038
5507,57,0,0,13,0,0,0,0,12.401,0.05,0.15,2144,31.5246,2.10808,0.3303
5508,331,9,4,42,1,1,1,0,85.892,0.05,0.15,2144,31.5246,1.75317,0.3303
5509,400,3,3,33,0,0,0,1,99.405,0.05,0.15,2144,31.5246,1.40488,0.3303
5510,400,3,3,28,0,0,2,1,101.74,0.05,0.15,2145,31.5246,1.37405,0.33023
5511,334,11,6,39,1,0,0,1,106.246,0.05,0.15,2145,31.5246,1.50939,0.3303
5512,400,4,4,40,0,0,0,1,113.468,0.05,0.15,2146,31.5246,1.15278,0.33023
5513,20,0,0,5,0,1,0,0,-23.707,0.05,0.15,2146,31.5246,4.2268,0.33023
5514,64,0,0,14,0,1,0,0,-6.881,0.05,0.15,2146,31.5246,2.48595,0.33023
5515,34,2,2,12,0,1,0,0,-10.903,0.05,0.15,2146,31.5246,3.86011,0.33023
5516,400,8,3,51,1,0,0,1,129.963,0.05,0.15,2146,31.5246,1.61695,0.33023
5517,390,8,3,37,1,0,0,1,121.553,0.05,0.15,2146,31.5246,1.47533,0.33023
5518,400,2,2,33,0,0,0,1,98.081,0.05,0.15,2146,31.5246,1.1982,0.3303
5519,400,0,0,19,0,0,0,1,75.606,0.05,0.15,2146,31.5246,1.23503,0.33038
5520,214,8,3,28,1,1,1,0,56.705,0.05,0.15,2146,31.5246,2.04426,0.33038
5521,400,3,3,51,0,0,0,1,123.365,0.05,0.15,2146,31.5246,1.29225,0.33046
5522,65,1,1,19,0,1,0,0,-2.65,0.05,0.15,2146,31.5246,2.33953,0.33046
5523,400,1,1,35,0,0,0,1,95.228,0.05,0.15,2146,31.5246,1.37174,0.33046
5524,244,7,2,30,1,1,0,0,56.191,0.05,0.15,2146,31.5246,1.77745,0.33046
5525,400,10,5,45,1,0,0,1,129.642,0.05,0.15,2146,31.5246,1.56524,0.33046
5526,400,1,1,34,0,0,0,1,94.442,0.05,0.15,2146,31.5246,1.4017,0.33046
5527,400,4,4,27,0,0,0,1,111.551,0.05,0.15,2146,31.5246,1.30191,0.33054
5528,400,4,4,47,0,0,0,1,103.933,0.05,0.15,2146,31.5246,1.32428,0.33054
5529,62,2,2,7,0,1,0,0,-12.046,0.05,0.15,2146,31.5246,1.92479,0.33054
5530,77,1,1,12,0,1,0,0,1.821,0.05,0.15,2146,31.5246,1.82838,0.33054
5531,49,1,1,9,0,1,0,0,-13.856,0.05,0.15,2146,31.5246,3.63509,0.33062
5532,400,6,1,27,1,0,0,1,85.8,0.05,0.15,2146,31.5246,1.34402,0.33062
5533,14,0,0,4,0,1,0,0,-27.825,0.05,0.15,2146,31.5246,3.69293,0.33062
5534,400,0,0,19,0,0,0,1,61.381,0.05,0.15,2146,31.5246,1.18937,0.33062
5535,400,1,1,38,0,0,0,1,98.159,0.05,0.15,2146,31.5246,1.29186,0.33062
5536,269,2,2,40,0,1,0,0,40.69,0.05,0.15,2146,31.5246,1.55442,0.33069
5537,155,0,0,28,0,1,0,0,16.928,0.05,0.15,2147,31.5246,2.40702,0.33062
5538,191,3,3,36,0,1,1,0,37.417,0.05,0.15,2147,31.5246,2.04233,0.33062
5539,56,0,0,13,0,1,0,0,-8.317,0.05,0.15,2147,31.5246,2.36391,0.33062
5540,98,0,0,10,0,1,0,0,-6.494,0.05,0.15,2147,31.5246,1.50637,0.33062
5541,27,0,0,7,0,1,0,0,-20.072,0.05,0.15,2147,31.5246,2.18213,0.33062
5542,400,1,1,22,0,0,0,1,82.675,0.05,0.15,2147,31.5246,1.33283,0.33062
5543,400,1,1,35,0,0,0,1,84.007,0.05,0.15,2147,31.5246,1.25832,0.33062
5544,149,6,1,24,1,1,0,0,40.152,0.05,0.15,2147,31.5246,1.72229,0.33062
5545,400,6,1,36,1,0,0,1,114.475,0.05,0.15,2147,31.5246,1.23358,0.33062
5546,58,2,2,13,0,1,1,0,-6.311,0.05,0.15,2147,31.5246,4.29801,0.33062
5547,400,4,4,34,0,0,0,1,99.289,0.05,0.15,2147,31.5246,1.33209,0.33062
5548,400,1,1,32,0,0,0,1,94.654,0.05,0.15,2147,31.5246,1.15138,0.33062
5549,348,3,3,25,0,1,0,0,38.277,0.05,0.15,2147,31.5246,1.31745,0.33062
5550,400,0,0,32,0,0,0,1,81.538,0.05,0.15,2147,31.5246,1.09571,0.33062
5551,20,0,0,6,0,1,0,0,-22.878,0.05,0.15,2147,31.5246,4.37873,0.33062
5552,69,0,0,14,0,1,0,0,-7.644,0.05,0.15,2147,31.5246,2.01149,0.33062
5553,400,9,4,45,1,0,0,1,120.355,0.05,0.15,2147,31.5246,1.44227,0.33062
5554,20,0,0,7,0,1,0,0,-22.761,0.05,0.15,2147,31.5246,3.52678,0.33062
5555,112,3,3,29,0,1,0,0,28.764,0.05,0.15,2147,31.5246,2.04103,0.33062
5556,400,2,2,19,0,0,0,1,96.747,0.05,0.15,2147,31.5246,1.44445,0.33062
5557,400,4,4,28,0,0,0,1,114.36,0.05,0.15,2147,31.5246,1.10728,0.33062
5558,400,8,3,37,1,0,1,1,125.16,0.05,0.15,2147,31.5246,1.80522,0.33062
5559,64,3,3,13,0,1,0,0,4.554,0.05,0.15,2147,31.5246,2.54749,0.33062
5560,400,3,3,36,0,0,0,1,96.715,0.05,0.15,2147,31.5246,1.39494,0.33062
5561,99,1,1,13,0,1,0,0,2.519,0.05,0.15,2147,31.5246,1.50841,0.33062
5562,400,14,4,37,2,0,0,1,136.806,0.05,0.15,2147,31.5246,1.44214,0.33062
5563,400,2,2,27,0,0,0,1,83.909,0.05,0.15,2148,31.5246,1.19851,0.33062
5564,6,0,0,2,0,1,0,0,-31.206,0.05,0.15,2148,31.5246,8.9094,0.33062
5565,400,5,0,43,1,0,0,1,117.308,0.05,0.15,2148,31.5246,1.23085,0.33062
5566,50,1,1,11,0,1,0,0,-8.615,0.05,0.15,2148,31.5246,2.12435,0.33062
5567,400,5,5,46,0,0,0,1,126.152,0.05,0.15,2148,31.5246,1.11708,0.33062
5568,400,2,2,26,0,0,0,1,97.352,0.05,0.15,2148,31.5246,1.08834,0.33062
5569,400,10,5,55,1,0,0,1,148.777,0.05,0.15,2148,31.5246,1.48824,0.33062
5570,34,1,1,10,0,1,0,0,-12.946,0.05,0.15,2148,31.5246,2.84256,0.33062
5571,137,2,2,34,0,0,0,0,46.616,0.05,0.15,2149,31.5246,1.90638,0.33054
5572,188,10,5,47,1,0,1,0,87.617,0.05,0.15,2150,31.5246,2.15151,0.3307
5573,400,4,4,47,0,0,0,1,107.307,0.05,0.15,2150,31.5246,1.35095,0.3307
5574,400,9,4,50,1,0,1,1,143.601,0.05,0.15,2150,31.5246,1.31088,0.3307
5575,331,2,2,21,0,1,0,0,41.416,0.05,0.15,2150,31.5246,1.52726,0.3307
5576,400,4,4,28,0,0,0,1,95.781,0.05,0.15,2150,31.5246,1.21055,0.33078
5577,34,2,2,9,0,1,0,0,-10.258,0.05,0.15,2150,31.5246,3.14042,0.33078
5578,92,0,0,8,0,1,1,0,-14.484,0.05,0.15,2150,31.5246,2.17129,0.33078
5579,113,2,2,27,0,1,0,0,16.554,0.05,0.15,2150,31.5246,2.51975,0.33093
5580,400,2,2,43,0,0,0,1,102.042,0.05,0.15,2150,31.5246,1.29235,0.33093
5581,400,1,1,32,0,0,0,1,90.965,0.05,0.15,2151,31.5246,1.38285,0.33085
5582,400,2,2,24,0,0,0,1,59.99,0.05,0.15,2151,31.5246,1.47357,0.33085
5583,271,1,1,43,0,1,0,0,40.681,0.05,0.15,2152,31.5246,1.7974,0.33078
5584,400,4,4,46,0,0,0,1,127.857,0.05,0.15,2152,31.5246,1.24568,0.33086
5585,400,0,0,43,0,0,0,1,97.598,0.05,0.15,2152,31.5246,1.17368,0.33086
5586,100,2,2,35,0,1,1,0,19.52,0.05,0.15,2152,31.5246,2.7764,0.33086
5587,254,4,4,53,0,1,0,0,75.251,0.05,0.15,2152,31.5246,1.77414,0.33086
5588,400,4,4,32,0,0,0,1,109.576,0.05,0.15,2152,31.5246,1.18922,0.33093
5589,400,8,3,54,1,0,2,1,124.195,0.05,0.15,2153,31.5246,1.65359,0.33086
5590,60,0,0,14,0,1,0,0,-6.25,0.05,0.15,2153,31.5246,1.44282,0.33086
5591,56,0,0,10,0,1,0,0,-17.96,0.05,0.15,2153,31.5246,2.43361,0.33086
5592,64,2,2,16,0,1,0,0,2.436,0.05,0.15,2153,31.5246,2.06879,0.33086
5593,400,3,3,51,0,0,0,1,140.596,0.05,0.15,2154,31.5246,1.15377,0.33078
5594,400,9,4,47,1,0,0,1,141.213,0.05,0.15,2154,31.5246,1.39095,0.33078
5595,400,1,1,32,0,0,1,1,112.218,0.05,0.15,2154,31.5246,1.2547,0.33078
5596,400,1,1,43,0,0,0,1,117.923,0.05,0.15,2154,31.5246,1.05339,0.33078
5597,34,0,0,9,0,1,0,0,-15.315,0.05,0.15,2154,31.5246,2.52865,0.33078
5598,400,10,5,57,1,0,2,1,147.638,0.05,0.15,2154,31.5246,1.64145,0.33078
5599,400,3,3,43,0,0,0,1,114.099,0.05,0.15,2154,31.5246,1.11697,0.33078
5600,400,3,3,38,0,0,0,1,122.186,0.05,0.15,2154,31.5246,1.11226,0.33078
5601,400,0,0,34,0,0,0,1,87.159,0.05,0.15,2154,31.5246,1.35199,0.33078
5602,27,1,1,6,0,1,0,0,-17.063,0.05,0.15,2154,31.5246,2.23703,0.33078
5603,20,0,0,7,0,1,0,0,-20.769,0.05,0.15,2154,31.5246,3.01871,0.33078
5604,400,1,1,47,0,0,1,1,91.841,0.05,0.15,2154,31.5246,1.48236,0.33093
5605,35,1,1,6,0,1,0,0,-13.509,0.05,0.15,2154,31.5246,2.70359,0.33093
5606,400,6,6,40,0,0,0,1,126.874,0.05,0.15,2154,31.5246,1.07793,0.33093
5607,20,0,0,8,0,1,0,0,-21.265,0.05,0.15,2154,31.5246,5.03436,0.33093
5608,106,0,0,23,0,1,0,0,5.464,0.05,0.15,2154,31.5246,1.58375,0.33093
5609,219,2,2,64,0,1,0,0,57.472,0.05,0.15,2154,31.5246,2.25302,0.33093
5610,13,0,0,5,0,1,0,0,-23.973,0.05,0.15,2154,31.5246,4.80497,0.33093
5611,400,9,4,55,1,0,0,1,154.983,0.05,0.15,2154,31.5246,1.38944,0.33101
5612,400,7,2,57,1,0,0,1,147.394,0.05,0.15,2154,31.5246,1.21561,0.33101
5613,400,7,2,58,1,0,0,1,145.139,0.05,0.15,2154,31.5246,1.49202,0.33101
5614,71,2,2,24,0,1,0,0,14.636,0.05,0.15,2154,31.5246,2.73916,0.33101
5615,400,4,4,58,0,0,1,1,142.773,0.05,0.15,2154,31.5246,1.30168,0.33109
5616,400,12,7,63,1,0,1,1,158.252,0.05,0.15,2154,31.5246,1.37185,0.33109
5617,108,8,3,25,1,1,1,0,35.803,0.05,0.15,2154,31.5246,2.87553,0.33109
5618,5,0,0,3,0,1,0,0,-33.806,0.05,0.15,2154,31.5246,2.57581,0.33109
5619,200,0,0,27,0,1,0,0,31.331,0.05,0.15,2154,31.5246,1.66396,0.33109
5620,162,3,3,38,0,1,0,0,47.704,0.05,0.15,2154,31.5246,1.93458,0.33109
5621,34,1,1,15,0,1,0,0,-10.93,0.05,0.15,2154,31.5246,3.25961,0.33109
5622,400,8,3,30,1,0,0,1,118.738,0.05,0.15,2154,31.5246,1.23341,0.33109
5623,400,9,4,33,1,0,1,1,147.658,0.05,0.15,2154,31.5246,1.43043,0.33109
5624,400,7,2,42,1,0,1,1,129.312,0.05,0.15,2154,31.5246,1.41885,0.33109
5625,400,5,0,21,1,0,0,1,110.352,0.05,0.15,2154,31.5246,1.41179,0.33109
5626,400,4,4,44,0,0,0,1,128.724,0.05,0.15,2154,31.5246,1.10789,0.33109
5627,389,13,3,52,2,1,0,0,120.903,0.05,0.15,2154,31.5246,1.7288,0.33109
5628,50,2,2,9,0,1,0,0,-5.447,0.05,0.15,2154,31.5246,2.73936,0.33109
5629,400,4,4,56,0,0,1,1,129.419,0.05,0.15,2154,31.5246,1.62345,0.33109
5630,400,7,2,40,1,0,0,1,128.574,0.05,0.15,2154,31.5246,1.29845,0.33109
5631,115,3,3,29,0,1,0,0,27.878,0.05,0.15,2154,31.5246,2.01601,0.33109
5632,218,4,4,51,0,1,0,0,62.594,0.05,0.15,2154,31.5246,2.05147,0.33109
5633,400,8,3,45,1,0,0,1,141.149,0.05,0.15,2156,31.5246,1.44651,0.33101
5634,62,1,1,18,0,1,0,0,1.707,0.05,0.15,2156,31.5246,1.73552,0.33101
5635,107,2,2,25,0,1,0,0,15.214,0.05,0.15,2156,31.5246,2.18887,0.33101
5636,176,3,3,39,0,1,0,0,35.112,0.05,0.15,2156,31.5246,2.25157,0.33101
5637,34,1,1,14,0,1,0,0,-12.129,0.05,0.15,2156,31.5246,3.21415,0.33101
5638,15,0,0,5,0,1,0,0,-23.573,0.05,0.15,2156,31.5246,3.07638,0.33101
5639,400,3,3,45,0,0,1,1,115.186,0.05,0.15,2156,31.5246,1.23115,0.33101
5640,139,2,2,38,0,1,1,0,28.251,0.05,0.15,2156,31.5246,2.30551,0.33101
5641,400,2,2,29,0,0,0,1,113.916,0.05,0.15,2156,31.5246,1.04827,0.33101
5642,5,0,0,3,0,1,0,0,-33.806,0.05,0.15,2156,31.5246,1.94692,0.33101
5643,5,0,0,3,0,1,0,0,-33.806,0.05,0.15,2156,31.5246,1.54254,0.33101
5644,106,2,2,30,0,1,0,0,21.386,0.05,0.15,2156,31.5246,2.17275,0.33101
5645,92,2,2,23,0,1,1,0,10.995,0.05,0.15,2156,31.5246,1.94918,0.33101
5646,161,1,1,36,0,1,0,0,32.787,0.05,0.15,2156,31.5246,1.69071,0.33101
5647,400,4,4,35,0,0,0,1,126.084,0.05,0.15,2156,31.5246,1.28276,0.33101
5648,400,2,2,31,0,0,0,1,81.261,0.05,0.15,2156,31.5246,1.48647,0.33101
5649,400,10,5,36,1,0,2,1,129.18,0.05,0.15,2156,31.5246,1.45503,0.33101
5650,400,7,7,50,0,0,1,1,142.535,0.05,0.15,2156,31.5246,1.57198,0.33101
5651,78,1,1,14,0,1,0,0,1.693,0.05,0.15,2156,31.5246,2.24257,0.33101
5652,182,2,2,41,0,1,0,0,44.122,0.05,0.15,2156,31.5246,1.81359,0.33101
5653,400,8,3,62,1,0,0,1,159.595,0.05,0.15,2156,31.5246,1.55341,0.33101
5654,400,1,1,35,0,0,0,1,103.697,0.05,0.15,2158,31.5246,1.15702,0.33094
5655,400,7,2,44,1,0,1,1,142.865,0.05,0.15,2158,31.5246,1.12142,0.33094
5656,20,0,0,8,0,1,0,0,-17.813,0.05,0.15,2158,31.5246,1.08377,0.33094
5657,217,8,3,20,1,1,0,0,47.19,0.05,0.15,2158,31.5246,1.89182,0.33094
5658,140,3,3,37,0,1,0,0,37.19,0.05,0.15,2158,31.5246,1.93485,0.33094
5659,400,6,6,47,0,0,0,1,134.745,0.05,0.15,2158,31.5246,1.19736,0.33094
5660,37,3,3,7,0,1,0,0,-5.095,0.05,0.15,2158,31.5246,2.30794,0.33094
5661,400,6,6,48,0,0,0,1,128.641,0.05,0.15,2158,31.5246,1.2545,0.33094
5662,400,6,6,47,0,0,0,1,146.661,0.05,0.15,2158,31.5246,1.17964,0.33094
5663,115,2,2,36,0,1,0,0,26.157,0.05,0.15,2158,31.5246,2.08805,0.33094
5664,400,9,4,54,1,0,0,1,155.548,0.05,0.15,2158,31.5246,1.52507,0.33094
5665,276,6,1,30,1,1,0,0,55.002,0.05,0.15,2158,31.5246,1.67936,0.33094
5666,194,1,1,35,0,1,1,0,41.797,0.05,0.15,2158,31.5246,1.63392,0.33094
5667,291,3,3,49,0,0,0,1,110.696,0.05,0.15,2158,31.5246,1.42897,0.33094
5668,400,4,4,37,0,0,0,1,128.521,0.05,0.15,2158,31.5246,1.07022,0.33094
5669,13,0,0,5,0,1,0,0,-23.621,0.05,0.15,2158,31.5246,5.13977,0.33094
5670,12,0,0,6,0,1,0,0,-23.0,0.05,0.15,2158,31.5246,5.55084,0.33094
5671,400,5,5,53,0,0,0,1,137.937,0.05,0.15,2158,31.5246,1.27714,0.33094
5672,400,2,2,40,0,0,0,1,123.756,0.05,0.15,2159,31.5246,1.09569,0.33094
5673,349,5,5,41,0,0,0,1,117.708,0.05,0.15,2159,31.5246,1.35967,0.33094
5674,400,3,3,35,0,0,0,1,128.525,0.05,0.15,2159,31.5246,1.11194,0.33094
5675,42,0,0,8,0,1,0,0,-17.061,0.05,0.15,2159,31.5246,1.85479,0.33094
5676,400,1,1,17,0,0,0,1,78.026,0.05,0.15,2159,31.5246,1.01832,0.33094
5677,400,6,1,34,1,0,0,1,122.047,0.05,0.15,2159,31.5246,1.25839,0.33094
5678,400,3,3,30,0,0,0,1,99.7,0.05,0.15,2159,31.5246,1.24521,0.33102
5679,51,1,1,11,0,1,0,0,-10.262,0.05,0.15,2159,31.5246,3.93519,0.33102
5680,279,2,2,39,0,1,0,0,58.336,0.05,0.15,2159,31.5246,1.62164,0.33102
5681,400,8,3,30,1,0,0,1,114.387,0.05,0.15,2159,31.5246,1.31757,0.33102
5682,400,1,1,35,0,0,0,1,108.252,0.05,0.15,2159,31.5246,1.25332,0.33102
5683,359,3,3,46,0,1,0,0,77.942,0.05,0.15,2159,31.5246,1.52119,0.33109
5684,400,9,4,32,1,0,0,1,124.925,0.05,0.15,2159,31.5246,1.40352,0.33109
5685,5,0,0,3,0,1,0,0,-25.854,0.05,0.15,2159,31.5246,8.02897,0.33109
5686,20,0,0,9,0,1,0,0,-19.569,0.05,0.15,2159,31.5246,3.96786,0.33109
5687,20,0,0,10,0,1,0,0,-17.319,0.05,0.15,2159,31.5246,2.72456,0.33109
5688,63,2,2,16,0,1,0,0,-1.48,0.05,0.15,2159,31.5246,2.78211,0.33109
5689,400,9,4,40,1,0,1,1,150.765,0.05,0.15,2159,31.5246,1.59375,0.33117
5690,13,0,0,3,0,1,0,0,-23.119,0.05,0.15,2159,31.5246,3.00747,0.33117
5691,220,2,2,38,0,0,0,0,73.014,0.05,0.15,2159,31.5246,1.79834,0.33117
5692,400,3,3,26,0,0,0,1,94.589,0.05,0.15,2159,31.5246,1.24956,0.33117
5693,400,1,1,35,0,0,0,1,96.092,0.05,0.15,2159,31.5246,1.29423,0.33117
5694,84,1,1,23,0,1,0,0,4.955,0.05,0.15,2159,31.5246,2.75394,0.33125
5695,321,1,1,32,0,1,0,0,35.441,0.05,0.15,2159,31.5246,1.50085,0.33125
5696,400,1,1,35,0,0,0,1,98.204,0.05,0.15,2159,31.5246,1.34112,0.33125
5697,400,2,2,31,0,0,0,1,107.134,0.05,0.15,2159,31.5246,0.97109,0.33125
5698,400,1,1,36,0,0,0,1,91.904,0.05,0.15,2159,31.5246,1.36849,0.33125
5699,400,6,1,36,1,0,2,1,109.86,0.05,0.15,2159,31.5246,1.24027,0.33125
5700,400,4,4,37,0,0,0,1,133.927,0.05,0.15,2159,31.5246,0.84775,0.33125
5701,400,4,4,28,0,0,0,1,104.944,0.05,0.15,2159,31.5246,1.05581,0.33125
5702,206,6,1,43,1,1,0,0,45.751,0.05,0.15,2159,31.5246,1.59904,0.33125
5703,400,3,3,48,0,0,0,1,111.066,0.05,0.15,2159,31.5246,1.58332,0.33125
5704,400,9,4,28,1,0,0,1,118.811,0.05,0.15,2159,31.5246,1.32742,0.33125
5705,400,2,2,38,0,0,1,1,90.461,0.05,0.15,2159,31.5246,1.15969,0.33125
5706,97,0,0,11,0,1,0,0,-5.989,0.05,0.15,2159,31.5246,1.67683,0.33125
5707,206,0,0,22,0,0,0,0,43.311,0.05,0.15,2159,31.5246,1.50151,0.33125
5708,400,2,2,29,0,0,1,1,81.572,0.05,0.15,2159,31.5246,1.48417,0.33125
5709,400,6,6,41,0,0,0,1,109.321,0.05,0.15,2160,31.5246,1.44375,0.33117
5710,62,0,0,11,0,1,0,0,-12.625,0.05,0.15,2160,31.5246,2.13648,0.33117
5711,24,0,0,6,0,1,0,0,-24.332,0.05,0.15,2160,31.5246,3.18296,0.33117
5712,400,0,0,20,0,0,0,1,63.489,0.05,0.15,2160,31.5246,1.06441,0.33117
5713,400,4,4,22,0,0,1,1,76.566,0.05,0.15,2160,31.5246,1.42287,0.33117
5714,400,4,4,37,0,0,1,1,106.723,0.05,0.15,2160,31.5246,1.67754,0.33117
5715,400,6,1,30,1,0,0,1,90.286,0.05,0.15,2160,31.5246,1.77597,0.33117
5716,192,4,4,40,0,1,1,0,38.775,0.05,0.15,2160,31.5246,2.00167,0.33117
5717,400,4,4,63,0,0,0,1,110.768,0.05,0.15,2160,31.5246,1.53737,0.33117
5718,360,8,3,30,1,1,0,0,61.477,0.05,0.15,2160,31.5246,1.61475,0.33117
5719,112,1,1,24,0,1,0,0,12.473,0.05,0.15,2160,31.5246,1.9489,0.33117
5720,400,13,8,69,1,0,0,1,156.659,0.05,0.15,2160,31.5246,1.85324,0.33117
5721,13,0,0,4,0,1,0,0,-22.107,0.05,0.15,2160,31.5246,3.20846,0.33117
5722,13,0,0,7,0,1,0,0,-20.594,0.05,0.15,2160,31.5246,3.49326,0.33117
5723,13,0,0,5,0,1,0,0,-25.773,0.05,0.15,2160,31.5246,6.92335,0.33117
5724,96,1,1,19,0,1,0,0,-5.649,0.05,0.15,2160,31.5246,1.90997,0.33117
5725,58,1,1,17,0,1,0,0,-0.705,0.05,0.15,2160,31.5246,2.54136,0.33117
5726,400,4,4,26,0,0,0,1,102.2,0.05,0.15,2160,31.5246,1.54967,0.33125
5727,400,1,1,14,0,0,0,1,61.643,0.05,0.15,2160,31.5246,1.00641,0.33125
5728,243,3,3,18,0,1,0,0,22.934,0.05,0.15,2160,31.5246,1.33825,0.33125
5729,104,2,2,23,0,1,0,0,15.057,0.05,0.15,2160,31.5246,1.97542,0.33125
5730,20,0,0,8,0,1,0,0,-19.871,0.05,0.15,2160,31.5246,2.31856,0.33125
5731,80,2,2,17,0,1,0,0,7.477,0.05,0.15,2160,31.5246,2.98435,0.33133
5732,400,6,1,32,1,0,0,1,108.417,0.05,0.15,2160,31.5246,1.4612,0.33133
5733,209,5,5,25,0,1,0,0,34.213,0.05,0.15,2160,31.5246,1.03383,0.33133
5734,400,3,3,47,0,0,0,1,91.682,0.05,0.15,2160,31.5246,1.4278,0.33133
5735,400,7,2,42,1,0,1,1,115.497,0.05,0.15,2160,31.5246,1.51479,0.3314
5736,66,0,0,11,0,1,0,0,-10.944,0.05,0.15,2160,31.5246,2.37461,0.3314
5737,27,0,0,8,0,1,0,0,-23.748,0.05,0.15,2160,31.5246,4.09284,0.3314
5738,250,8,3,37,1,1,0,0,61.367,0.05,0.15,2161,31.5246,1.93542,0.33133
5739,400,6,1,53,1,0,3,1,111.486,0.05,0.15,2161,31.5246,1.36686,0.33133
5740,198,1,1,19,0,1,0,0,11.899,0.05,0.15,2161,31.5246,0.91237,0.33133
5741,162,1,1,22,0,1,0,0,22.07,0.05,0.15,2161,31.5246,1.32999,0.33133
5742,400,2,2,37,0,0,0,1,100.937,0.05,0.15,2161,31.5246,1.04769,0.33133
5743,400,1,1,43,0,0,0,1,104.088,0.05,0.15,2161,31.5246,1.2375,0.33133
5744,400,9,4,37,1,0,1,1,121.153,0.05,0.15,2162,31.5246,1.34433,0.33125
5745,400,4,4,36,0,0,0,1,117.378,0.05,0.15,2162,31.5246,1.12656,0.33125
5746,400,4,4,56,0,0,0,1,114.179,0.05,0.15,2163,31.5246,1.42031,0.33118
5747,351,4,4,29,0,1,0,0,55.495,0.05,0.15,2163,31.5246,1.47735,0.33118
5748,20,1,1,9,0,1,0,0,-16.923,0.05,0.15,2163,31.5246,5.23835,0.33118
5749,236,3,3,15,0,0,0,0,39.019,0.05,0.15,2163,31.5246,1.08136,0.33133
5750,400,3,3,35,0,0,0,1,94.656,0.05,0.15,2163,31.5246,1.27398,0.33133
5751,400,0,0,33,0,0,0,1,72.766,0.05,0.15,2164,31.5246,1.46451,0.33125
5752,400,5,5,54,0,0,0,1,116.03,0.05,0.15,2165,31.5246,1.56555,0.33118
5753,400,3,3,44,0,0,0,1,112.323,0.05,0.15,2166,31.5246,1.36747,0.3311
5754,400,2,2,31,0,0,0,1,87.417,0.05,0.15,2166,31.5246,1.02026,0.3311
5755,20,0,0,9,0,1,0,0,-18.869,0.05,0.15,2166,31.5246,3.20683,0.3311
5756,400,9,4,31,1,0,0,1,104.713,0.05,0.15,2166,31.5246,1.31756,0.3311
5757,27,0,0,7,0,1,0,0,-18.139,0.05,0.15,2166,31.5246,1.82439,0.3311
5758,12,0,0,6,0,1,0,0,-23.7,0.05,0.15,2166,31.5246,5.08869,0.3311
5759,400,2,2,30,0,0,0,1,97.733,0.05,0.15,2166,31.5246,1.20732,0.3311
5760,49,2,2,8,0,1,0,0,-6.735,0.05,0.15,2167,31.5246,3.12384,0.33103
5761,27,0,0,10,0,1,0,0,-19.313,0.05,0.15,2167,31.5246,3.81762,0.33103
5762,400,7,2,42,1,0,0,1,123.047,0.05,0.15,2167,31.5246,1.30889,0.33103
5763,400,3,3,30,0,0,0,1,98.75,0.05,0.15,2167,31.5246,1.16223,0.33103
5764,41,0,0,8,0,1,0,0,-15.84,0.05,0.15,2167,31.5246,2.99548,0.33103
5765,400,16,6,39,2,0,1,1,140.381,0.05,0.15,2167,31.5246,1.35159,0.33103
5766,154,3,3,23,0,1,0,0,26.994,0.05,0.15,2167,31.5246,1.66032,0.3311
5767,19,0,0,10,0,1,0,0,-21.894,0.05,0.15,2167,31.5246,3.86853,0.3311
5768,16,0,0,4,0,1,0,0,-22.587,0.05,0.15,2167,31.5246,3.23986,0.3311
5769,22,1,1,4,0,1,0,0,-19.666,0.05,0.15,2167,31.5246,4.51003,0.3311
5770,400,2,2,16,0,0,0,1,80.093,0.05,0.15,2167,31.5246,1.10461,0.3311
5771,123,0,0,10,0,1,0,0,-6.612,0.05,0.15,2167,31.5246,1.72625,0.3311
5772,5,0,0,2,0,1,0,0,-31.06,0.05,0.15,2167,31.5246,4.20667,0.3311
5773,400,3,3,28,0,0,0,1,97.947,0.05,0.15,2167,31.5246,1.22048,0.3311
5774,158,1,1,7,0,1,0,0,4.376,0.05,0.15,2167,31.5246,1.18324,0.3311
5775,400,12,7,66,1,0,0,1,163.316,0.05,0.15,2167,31.5246,1.50855,0.33126
5776,400,2,2,49,0,0,0,1,122.839,0.05,0.15,2168,31.5246,1.09689,0.33126
5777,400,2,2,35,0,0,0,1,91.87,0.05,0.15,2168,31.5246,0.97441,0.33126
5778,55,0,0,9,0,1,0,0,-15.468,0.05,0.15,2168,31.5246,1.5577,0.33126
5779,400,2,2,22,0,0,0,1,78.234,0.05,0.15,2168,31.5246,1.19883,0.33126
5780,88,0,0,10,0,1,0,0,-11.34,0.05,0.15,2168,31.5246,1.29073,0.33126
5781,124,2,2,17,0,1,0,0,7.296,0.05,0.15,2168,31.5246,1.47232,0.33126
5782,400,3,3,16,0,0,0,1,84.091,0.05,0.15,2168,31.5246,1.00008,0.33126
5783,58,0,0,6,0,1,0,0,-16.85,0.05,0.15,2168,31.5246,1.70638,0.33126
5784,82,2,2,22,0,1,0,0,7.72,0.05,0.15,2168,31.5246,1.88667,0.33126
5785,76,1,1,9,0,1,0,0,-5.882,0.05,0.15,2168,31.5246,1.84801,0.33126
5786,51,1,1,8,0,1,1,0,-14.251,0.05,0.15,2168,31.5246,2.60362,0.33126
5787,157,1,1,25,0,1,1,0,19.341,0.05,0.15,2168,31.5246,1.65137,0.33126
5788,61,1,1,11,0,1,0,0,-10.046,0.05,0.15,2168,31.5246,1.15063,0.33126
5789,400,9,4,35,1,0,0,1,119.116,0.05,0.15,2168,31.5246,1.38906,0.33133
5790,92,0,0,14,0,1,0,0,-6.845,0.05,0.15,2168,31.5246,1.49392,0.33133
5791,20,1,1,10,0,1,0,0,-15.338,0.05,0.15,2168,31.5246,3.97762,0.33133
5792,400,11,6,60,1,0,0,1,161.399,0.05,0.15,2168,31.5246,1.52458,0.33133
5793,400,3,3,39,0,0,0,1,107.209,0.05,0.15,2168,31.5246,1.14993,0.33133
5794,400,1,1,16,0,0,1,1,78.074,0.05,0.15,2168,31.5246,1.01538,0.33133
5795,400,1,1,36,0,0,0,1,96.624,0.05,0.15,2168,31.5246,1.12304,0.33133
5796,400,8,3,26,1,0,0,1,108.494,0.05,0.15,2168,31.5246,1.29108,0.33133
5797,65,2,2,14,0,1,0,0,-0.327,0.05,0.15,2168,31.5246,1.36806,0.33133
5798,140,1,1,9,0,1,0,0,3.776,0.05,0.15,2168,31.5246,1.06312,0.33133
5799,400,1,1,33,0,0,0,1,83.547,0.05,0.15,2168,31.5246,1.1229,0.33133
5800,400,2,2,26,0,0,1,1,93.119,0.05,0.15,2170,31.5246,1.18088,0.33118
5801,400,4,4,29,0,0,0,1,89.269,0.05,0.15,2170,31.5246,0.96048,0.33118
5802,400,2,2,28,0,0,1,1,93.483,0.05,0.15,2170,31.5246,1.14135,0.33126
5803,400,3,3,51,0,0,0,1,126.072,0.05,0.15,2171,31.5246,1.09709,0.33118
5804,188,2,2,23,0,1,0,0,23.644,0.05,0.15,2171,31.5246,1.49319,0.33118
5805,400,2,2,16,0,0,0,1,82.738,0.05,0.15,2171,31.5246,1.14419,0.33118
5806,62,0,0,7,0,1,0,0,-16.196,0.05,0.15,2171,31.5246,1.54604,0.33118
5807,268,13,3,39,2,1,0,0,73.844,0.05,0.15,2171,31.5246,1.7725,0.33126
5808,187,5,5,35,0,1,0,0,45.078,0.05,0.15,2171,31.5246,1.64039,0.33126
5809,400,4,4,28,0,0,0,1,92.222,0.05,0.15,2171,31.5246,0.98986,0.33134
5810,318,11,6,72,1,1,0,0,116.05,0.05,0.15,2172,31.5246,1.64277,0.33126
5811,400,6,1,31,1,0,0,1,114.141,0.05,0.15,2172,31.5246,1.26937,0.33126
5812,67,1,1,15,0,1,0,0,-5.551,0.05,0.15,2172,31.5246,1.41038,0.33126
5813,350,7,7,61,0,1,1,0,104.956,0.05,0.15,2172,31.5246,1.57528,0.33134
5814,400,8,3,39,1,0,0,1,117.248,0.05,0.15,2172,31.5246,1.39171,0.33134
5815,400,4,4,34,0,0,0,1,104.425,0.05,0.15,2172,31.5246,1.19915,0.33134
5816,178,2,2,18,0,1,0,0,15.968,0.05,0.15,2173,31.5246,1.59857,0.33126
5817,5,0,0,3,0,1,0,0,-33.806,0.05,0.15,2173,31.5246,1.87679,0.33126
5818,400,2,2,19,0,0,0,1,77.399,0.05,0.15,2173,31.5246,1.08288,0.33126
5819,400,3,3,47,0,0,0,1,126.109,0.05,0.15,2173,31.5246,1.14034,0.33126
5820,400,9,4,35,1,0,1,1,123.291,0.05,0.15,2173,31.5246,1.54769,0.33126
5821,400,2,2,27,0,0,0,1,103.231,0.05,0.15,2173,31.5246,1.08345,0.33126
5822,400,8,3,55,1,0,0,1,142.889,0.05,0.15,2173,31.5246,1.36031,0.33126
5823,400,3,3,36,0,0,0,1,108.399,0.05,0.15,2173,31.5246,1.20691,0.33134
5824,400,6,6,29,0,0,0,1,110.907,0.05,0.15,2173,31.5246,1.10636,0.33134
5825,202,2,2,42,0,1,1,0,47.59,0.05,0.15,2173,31.5246,2.04685,0.33134
5826,136,5,5,36,0,1,1,0,42.54,0.05,0.15,2173,31.5246,2.13955,0.33134
5827,400,3,3,34,0,0,0,1,115.984,0.05,0.15,2173,31.5246,1.19897,0.33134
5828,20,1,1,11,0,1,0,0,-14.811,0.05,0.15,2173,31.5246,2.72488,0.33134
5829,13,0,0,3,0,1,0,0,-24.411,0.05,0.15,2173,31.5246,4.89298,0.33134
5830,400,7,2,30,1,0,0,1,115.971,0.05,0.15,2173,31.5246,1.11188,0.33134
5831,112,2,2,28,0,1,0,0,25.059,0.05,0.15,2173,31.5246,1.9428,0.33134
5832,131,0,0,35,0,1,0,0,22.826,0.05,0.15,2174,31.5246,2.39803,0.33126
5833,13,0,0,4,0,1,0,0,-24.573,0.05,0.15,2174,31.5246,5.118,0.33126
5834,116,1,1,31,0,1,0,0,19.451,0.05,0.15,2174,31.5246,1.59033,0.33126
5835,400,3,3,59,0,0,1,1,121.646,0.05,0.15,2174,31.5246,1.46387,0.33126
5836,22,0,0,9,0,1,0,0,-17.339,0.05,0.15,2174,31.5246,1.90045,0.33126
5837,5,0,0,3,0,1,0,0,-25.454,0.05,0.15,2174,31.5246,5.95494,0.33126
5838,13,0,0,4,0,1,0,0,-27.877,0.05,0.15,2174,31.5246,3.79295,0.33126
5839,400,11,6,47,1,0,0,1,140.916,0.05,0.15,2174,31.5246,1.41266,0.33134
5840,400,2,2,39,0,0,1,1,102.243,0.05,0.15,2174,31.5246,1.32998,0.33134
5841,5,0,0,3,0,1,0,0,-33.806,0.05,0.15,2174,31.5246,1.25039,0.33134
5842,400,6,1,23,1,0,1,1,106.95,0.05,0.15,2174,31.5246,1.20947,0.33134
5843,5,0,0,3,0,1,0,0,-25.854,0.05,0.15,2174,31.5246,7.53723,0.33134
5844,400,0,0,40,0,0,0,1,92.549,0.05,0.15,2174,31.5246,1.30988,0.33134
5845,400,9,4,70,1,0,0,1,155.572,0.05,0.15,2174,31.5246,1.65013,0.33134
5846,35,0,0,13,0,1,0,0,-11.146,0.05,0.15,2174,31.5246,2.08455,0.33134
5847,71,2,2,16,0,1,0,0,3.297,0.05,0.15,2174,31.5246,2.40511,0.33134
5848,20,0,0,7,0,1,0,0,-20.371,0.05,0.15,2174,31.5246,2.1549,0.33134
5849,15,0,0,4,0,1,0,0,-25.971,0.05,0.15,2174,31.5246,6.64439,0.33134
5850,400,9,4,53,1,0,0,1,149.787,0.05,0.15,2174,31.5246,1.35336,0.33134
5851,400,5,5,36,0,0,0,1,118.959,0.05,0.15,2174,31.5246,0.99756,0.33134
5852,93,3,3,24,0,1,0,0,19.55,0.05,0.15,2174,31.5246,2.30027,0.33134
5853,355,10,5,44,1,1,0,0,97.959,0.05,0.15,2174,31.5246,1.66158,0.33134
5854,400,5,5,51,0,0,1,1,121.256,0.05,0.15,2175,31.5246,1.28418,0.33126
5855,89,0,0,15,0,1,0,0,-2.613,0.05,0.15,2175,31.5246,1.80224,0.33126
5856,107,2,2,26,0,1,0,0,11.98,0.05,0.15,2175,31.5246,2.04306,0.33126
5857,20,0,0,8,0,1,0,0,-20.167,0.05,0.15,2175,31.5246,2.18896,0.33126
5858,400,5,5,50,0,0,0,1,128.407,0.05,0.15,2175,31.5246,1.55492,0.33134
5859,400,15,5,41,2,0,0,1,143.94,0.05,0.15,2175,31.5246,1.71548,0.33134
5860,159,6,6,33,0,1,0,0,56.386,0.05,0.15,2177,31.5246,1.93135,0.33119
5861,88,2,2,33,0,0,0,0,41.314,0.05,0.15,2178,31.5246,1.99195,0.33111
5862,400,7,2,37,1,0,0,1,114.599,0.05,0.15,2178,31.5246,1.4203,0.33111
5863,400,1,1,36,0,0,0,1,97.283,0.05,0.15,2179,31.5246,1.17601,0.33104
5864,27,0,0,9,0,1,0,0,-16.783,0.05,0.15,2179,31.5246,1.66006,0.33104
5865,400,2,2,43,0,0,1,1,128.78,0.05,0.15,2180,31.5246,1.05811,0.33096
5866,400,10,5,53,1,0,0,1,165.015,0.05,0.15,2180,31.5246,1.21715,0.33104
5867,400,3,3,45,0,0,0,1,129.073,0.05,0.15,2180,31.5246,1.10823,0.33104
5868,400,2,2,40,0,0,0,1,115.979,0.05,0.15,2180,31.5246,1.25029,0.33104
5869,400,8,3,46,1,0,1,1,133.935,0.05,0.15,2180,31.5246,1.5542,0.33104
5870,123,2,2,40,0,1,0,0,28.605,0.05,0.15,2180,31.5246,2.17143,0.33104
5871,180,4,4,33,0,1,0,0,48.117,0.05,0.15,2180,31.5246,1.55779,0.33112
5872,49,1,1,18,0,1,0,0,-1.848,0.05,0.15,2180,31.5246,2.18146,0.33112
5873,281,2,2,51,0,1,0,0,73.075,0.05,0.15,2180,31.5246,1.61145,0.33112
5874,400,5,5,51,0,0,0,1,135.736,0.05,0.15,2180,31.5246,1.41839,0.33112
5875,13,0,0,5,0,1,0,0,-23.975,0.05,0.15,2180,31.5246,3.18339,0.33112
5876,400,1,1,48,0,0,0,1,118.053,0.05,0.15,2181,31.5246,1.23518,0.33104
5877,78,3,3,18,0,1,0,0,14.133,0.05,0.15,2181,31.5246,1.76305,0.33104
5878,22,0,0,9,0,1,0,0,-17.522,0.05,0.15,2181,31.5246,2.21269,0.33104
5879,20,0,0,7,0,1,0,0,-20.371,0.05,0.15,2181,31.5246,3.76159,0.33104
5880,144,3,3,34,0,1,0,0,43.645,0.05,0.15,2181,31.5246,1.8386,0.33104
5881,20,0,0,10,0,1,0,0,-17.739,0.05,0.15,2181,31.5246,2.42874,0.33104
5882,400,4,4,55,0,0,0,1,140.337,0.05,0.15,2181,31.5246,1.23752,0.33104
5883,400,7,7,36,0,0,0,1,131.859,0.05,0.15,2181,31.5246,1.23209,0.33104
5884,285,1,1,24,0,1,0,0,36.765,0.05,0.15,2182,31.5246,1.88095,0.33097
5885,79,3,3,16,0,1,1,0,5.217,0.05,0.15,2183,31.5246,2.13381,0.33089
5886,301,8,3,66,1,1,1,0,99.59,0.05,0.15,2183,31.5246,1.78342,0.33089
5887,41,1,1,12,0,1,0,0,-12.185,0.05,0.15,2183,31.5246,2.84558,0.33089
5888,400,6,6,78,0,0,0,1,156.127,0.05,0.15,2183,31.5246,1.60493,0.33089
5889,400,11,6,56,1,0,0,1,164.456,0.05,0.15,2183,31.5246,1.28782,0.33089
5890,400,9,4,55,1,0,1,1,149.75,0.05,0.15,2183,31.5246,1.29329,0.33104
5891,400,11,6,71,1,0,0,1,176.487,0.05,0.15,2183,31.5246,1.63146,0.33112
5892,131,1,1,38,0,1,0,0,30.647,0.05,0.15,2183,31.5246,1.98438,0.33112
5893,400,11,6,36,1,0,0,1,123.834,0.05,0.15,2183,31.5246,1.32068,0.33112
5894,400,3,3,47,0,0,0,1,117.891,0.05,0.15,2183,31.5246,1.04324,0.33112
5895,195,1,1,44,0,1,0,0,40.126,0.05,0.15,2183,31.5246,1.88813,0.33112
5896,48,0,0,15,0,1,0,0,-7.068,0.05,0.15,2183,31.5246,1.76582,0.33127
5897,20,0,0,8,0,1,0,0,-18.784,0.05,0.15,2183,31.5246,3.1043,0.33127
5898,48,2,2,13,0,1,0,0,-3.791,0.05,0.15,2183,31.5246,2.42783,0.33127
5899,400,7,2,45,1,0,0,1,139.844,0.05,0.15,2183,31.5246,1.338,0.33127
5900,226,4,4,44,0,1,1,0,53.478,0.05,0.15,2183,31.5246,1.93412,0.33127
5901,26,1,1,9,0,1,0,0,-15.618,0.05,0.15,2183,31.5246,2.18152,0.33127
5902,400,2,2,48,0,0,0,1,133.039,0.05,0.15,2183,31.5246,1.19471,0.33127
5903,400,9,4,47,1,0,0,1,152.095,0.05,0.15,2183,31.5246,1.23305,0.33127
5904,268,4,4,53,0,1,0,0,75.992,0.05,0.15,2183,31.5246,1.73132,0.33127
5905,20,0,0,8,0,1,0,0,-20.506,0.05,0.15,2183,31.5246,2.84173,0.33127
5906,21,0,0,8,0,1,0,0,-23.04,0.05,0.15,2183,31.5246,5.48064,0.33127
5907,400,9,4,78,1,0,1,1,164.496,0.05,0.15,2183,31.5246,1.58538,0.33127
5908,400,2,2,32,0,0,0,1,92.069,0.05,0.15,2183,31.5246,1.26872,0.33127
5909,400,9,4,45,1,0,0,1,142.656,0.05,0.15,2183,31.5246,1.3668,0.33127
5910,400,10,5,53,1,0,0,1,150.327,0.05,0.15,2183,31.5246,1.41241,0.33127
5911,27,1,1,9,0,1,0,0,-14.024,0.05,0.15,2183,31.5246,2.82303,0.33127
5912,400,12,7,76,1,0,0,1,160.903,0.05,0.15,2183,31.5246,1.76846,0.33127
5913,194,2,2,27,0,1,1,0,23.308,0.05,0.15,2184,31.5246,2.1776,0.3312
5914,400,4,4,55,0,0,0,1,140.258,0.05,0.15,2184,31.5246,1.27745,0.33127
5915,27,0,0,12,0,1,0,0,-18.29,0.05,0.15,2184,31.5246,2.99549,0.33127
5916,400,2,2,41,0,0,0,1,106.322,0.05,0.15,2184,31.5246,1.19222,0.33127
5917,400,10,5,55,1,0,0,1,130.493,0.05,0.15,2184,31.5246,1.4495,0.33135
5918,130,2,2,27,0,1,0,0,19.62,0.05,0.15,2184,31.5246,1.90237,0.33135
5919,6,0,0,1,0,1,0,0,-26.856,0.05,0.15,2184,31.5246,1.03313,0.33135
5920,400,4,4,48,0,0,0,1,114.254,0.05,0.15,2184,31.5246,1.04065,0.33135
5921,400,3,3,29,0,0,0,1,90.069,0.05,0.15,2184,31.5246,1.15447,0.33135
5922,400,9,4,47,1,0,0,1,129.521,0.05,0.15,2184,31.5246,1.52671,0.33135
5923,50,0,0,11,0,1,0,0,-15.071,0.05,0.15,2184,31.5246,2.53142,0.33135
5924,400,3,3,26,0,0,0,1,90.437,0.05,0.15,2184,31.5246,1.24776,0.33135
5925,50,0,0,5,0,1,0,0,-18.248,0.05,0.15,2184,31.5246,2.04094,0.33135
5926,400,2,2,34,0,0,0,1,104.457,0.05,0.15,2184,31.5246,1.08321,0.33135
5927,400,3,3,28,0,0,0,1,88.259,0.05,0.15,2184,31.5246,1.19016,0.33143
5928,70,1,1,19,0,1,0,0,4.235,0.05,0.15,2184,31.5246,2.04602,0.33143
5929,37,0,0,5,0,1,0,0,-18.835,0.05,0.15,2184,31.5246,1.86761,0.33143
5930,400,8,3,32,1,0,1,1,119.87,0.05,0.15,2184,31.5246,1.2746,0.33143
5931,170,6,6,36,0,1,0,0,39.731,0.05,0.15,2185,31.5246,2.07953,0.33135
5932,34,0,0,6,0,1,0,0,-23.168,0.05,0.15,2185,31.5246,2.48795,0.33135
5933,400,14,4,46,2,0,0,1,153.017,0.05,0.15,2185,31.5246,1.57802,0.33135
5934,78,1,1,18,0,1,0,0,-3.896,0.05,0.15,2185,31.5246,2.17403,0.33135
5935,35,1,1,10,0,1,0,0,-12.078,0.05,0.15,2185,31.5246,2.39178,0.33135
5936,124,2,2,24,0,1,1,0,15.029,0.05,0.15,2185,31.5246,2.31489,0.33135
5937,64,0,0,14,0,1,0,0,-8.599,0.05,0.15,2185,31.5246,2.64088,0.33135
5938,28,0,0,9,0,1,0,0,-20.33,0.05,0.15,2185,31.5246,3.10596,0.33135
5939,400,8,3,44,1,0,0,1,124.31,0.05,0.15,2185,31.5246,1.68294,0.33135
5940,160,3,3,41,0,1,0,0,43.968,0.05,0.15,2185,31.5246,1.79536,0.33135
5941,147,2,2,32,0,1,0,0,26.421,0.05,0.15,2185,31.5246,1.95789,0.33135
5942,400,3,3,38,0,0,1,1,112.375,0.05,0.15,2185,31.5246,1.344,0.33135
5943,400,3,3,43,0,0,0,1,119.694,0.05,0.15,2185,31.5246,1.09486,0.33135
5944,5,0,0,4,0,1,0,0,-33.206,0.05,0.15,2185,31.5246,1.19103,0.33135
5945,400,1,1,42,0,0,0,1,123.81,0.05,0.15,2185,31.5246,0.94261,0.33135
5946,400,3,3,38,0,0,0,1,114.68,0.05,0.15,2185,31.5246,1.25821,0.33143
5947,102,2,2,25,0,1,0,0,13.855,0.05,0.15,2185,31.5246,2.08415,0.33143
5948,400,3,3,40,0,0,1,1,115.15,0.05,0.15,2185,31.5246,1.34103,0.33143
5949,27,0,0,7,0,1,0,0,-19.75,0.05,0.15,2185,31.5246,3.28319,0.33143
5950,400,5,5,33,0,0,0,1,114.001,0.05,0.15,2185,31.5246,1.23402,0.33143
5951,6,0,0,1,0,1,0,0,-31.806,0.05,0.15,2185,31.5246,9.65259,0.33143
5952,400,3,3,47,0,0,0,1,123.878,0.05,0.15,2185,31.5246,1.12755,0.33143
5953,275,9,4,34,1,1,0,0,73.841,0.05,0.15,2185,31.5246,1.90367,0.33143
5954,400,6,1,47,1,0,0,1,127.723,0.05,0.15,2186,31.5246,1.29105,0.33135
5955,400,5,5,56,0,0,1,1,130.303,0.05,0.15,2188,31.5246,1.24321,0.3312
5956,20,0,0,11,0,1,0,0,-18.154,0.05,0.15,2188,31.5246,3.34455,0.3312
5957,400,5,5,56,0,0,0,1,142.92,0.05,0.15,2188,31.5246,1.1549,0.3312
5958,400,8,3,42,1,0,0,1,144.376,0.05,0.15,2188,31.5246,1.25135,0.33128
5959,400,4,4,36,0,0,0,1,116.95,0.05,0.15,2188,31.5246,1.09886,0.33128
5960,21,2,2,5,0,1,0,0,-16.35,0.05,0.15,2188,31.5246,3.6856,0.33128
5961,271,4,4,26,0,1,1,0,50.0,0.05,0.15,2188,31.5246,1.88176,0.33128
5962,48,2,2,15,0,1,0,0,-2.973,0.05,0.15,2188,31.5246,2.18314,0.33128
5963,400,3,3,32,0,0,0,1,109.272,0.05,0.15,2188,31.5246,1.0681,0.33128
5964,400,7,2,47,1,0,0,1,133.83,0.05,0.15,2188,31.5246,1.30782,0.33128
5965,89,1,1,21,0,1,2,0,2.965,0.05,0.15,2188,31.5246,2.74731,0.33128
5966,166,2,2,33,0,1,0,0,39.483,0.05,0.15,2188,31.5246,2.23901,0.33151
5967,41,0,0,16,0,1,0,0,-13.882,0.05,0.15,2188,31.5246,2.66703,0.33151
5968,400,7,7,49,0,0,0,1,142.494,0.05,0.15,2188,31.5246,1.38502,0.33151
5969,48,0,0,4,0,1,0,0,-22.19,0.05,0.15,2188,31.5246,2.48638,0.33151
5970,400,8,3,42,1,0,0,1,124.814,0.05,0.15,2188,31.5246,1.8592,0.33151
5971,187,3,3,48,0,1,0,0,53.792,0.05,0.15,2188,31.5246,1.86075,0.33151
5972,6,0,0,1,0,1,0,0,-26.816,0.05,0.15,2188,31.5246,1.55259,0.33151
5973,78,1,1,13,0,1,0,0,-3.397,0.05,0.15,2188,31.5246,2.71957,0.33151
5974,400,9,4,52,1,0,2,1,148.558,0.05,0.15,2188,31.5246,1.30114,0.33158
5975,49,1,1,12,0,1,0,0,-8.724,0.05,0.15,2188,31.5246,2.11977,0.33158
5976,12,0,0,7,0,1,0,0,-22.658,0.05,0.15,2188,31.5246,5.54213,0.33158
5977,400,6,6,59,0,0,1,1,135.213,0.05,0.15,2188,31.5246,1.36339,0.33158
5978,35,1,1,5,0,1,0,0,-17.957,0.05,0.15,2188,31.5246,3.30905,0.33158
5979,41,0,0,8,0,1,0,0,-15.83,0.05,0.15,2188,31.5246,1.83557,0.33158
5980,400,0,0,28,0,0,1,1,86.308,0.05,0.15,2188,31.5246,1.27268,0.33158
5981,5,0,0,3,0,1,0,0,-33.406,0.05,0.15,2188,31.5246,0.88577,0.33158
5982,400,9,4,36,1,0,1,1,134.572,0.05,0.15,2188,31.5246,1.50172,0.33158
5983,400,4,4,60,0,0,0,1,132.901,0.05,0.15,2188,31.5246,1.23108,0.33158
5984,400,2,2,48,0,0,0,1,114.745,0.05,0.15,2188,31.5246,1.27584,0.33158
5985,130,4,4,47,0,1,1,0,44.99,0.05,0.15,2188,31.5246,2.06863,0.33158
5986,400,4,4,49,0,0,0,1,136.048,0.05,0.15,2188,31.5246,1.0336,0.33158
5987,123,4,4,38,0,0,0,0,50.461,0.05,0.15,2189,31.5246,1.863,0.33158
5988,400,5,5,73,0,0,0,1,159.376,0.05,0.15,2189,31.5246,1.46193,0.33158
5989,400,8,3,35,1,0,0,1,99.376,0.05,0.15,2191,31.5246,1.50089,0.33143
5990,56,0,0,10,0,1,0,0,-10.716,0.05,0.15,2191,31.5246,1.91261,0.33143
5991,20,0,0,8,0,1,0,0,-20.167,0.05,0.15,2191,31.5246,3.41111,0.33143
5992,400,7,7,68,0,0,0,1,154.12,0.05,0.15,2192,31.5246,1.49046,0.33136
5993,400,11,6,88,1,0,1,1,179.362,0.05,0.15,2192,31.5246,1.65118,0.33136
5994,79,3,3,21,0,1,0,0,13.162,0.05,0.15,2192,31.5246,2.33743,0.33136
5995,286,5,5,55,0,0,0,1,125.122,0.05,0.15,2192,31.5246,1.45259,0.33136
5996,400,2,2,45,0,0,0,1,118.338,0.05,0.15,2193,31.5246,1.30504,0.33136
5997,400,1,1,46,0,0,0,1,118.517,0.05,0.15,2193,31.5246,1.00416,0.33136
5998,198,4,4,26,0,1,0,0,42.277,0.05,0.15,2193,31.5246,1.36441,0.33136
5999,400,4,4,59,0,0,0,1,136.555,0.05,0.15,2193,31.5246,1.46293,0.33136
6000,400,3,3,39,0,0,0,1,126.04,0.05,0.15,2193,31.5246,0.95784,0.33136
