iteration,total_steps,steps_per_second,episodes,policy_loss,value_loss,entropy,approx_kl,clip_fraction,explained_variance,grad_norm,n_updates,early_stopped,ep_score,ep_coins,ep_kills,ep_suicides,ep_steps,ep_survived,ep_episode_return,step
1,2048,649.6729544490023,46,-0.008144825143972412,91.08801817893982,1.2493093311786652,0.0018751829193206504,0.0001220703125,0.015511870384216309,18.625169154256582,32.0,0.0,3.0652173913043477,3.0652173913043477,0.0,1.0,30.26086956521739,0.0,-29.645921790081523,2048
2,4096,751.1600794165433,84,-0.011516438040416688,68.08754086494446,1.233359444886446,0.007157781863497803,0.09033203125,0.02460688352584839,8.238662900403142,32.0,0.0,4.28,4.28,0.0,1.0,44.62,0.0,-26.335972080230714,4096
3,6144,795.5864171286203,110,-0.007443608701578341,51.89668881893158,1.2661564871668816,0.003404971936106449,0.0399169921875,0.03598266839981079,6.655531618744135,32.0,0.0,5.04,5.04,0.0,1.0,56.36,0.0,-24.744860000610352,6144
4,8192,823.0056579963214,137,-0.006206272890267428,54.29295301437378,1.2449873685836792,0.0034013665790553205,0.03564453125,0.0500410795211792,10.110877577215433,32.0,0.0,6.36,6.36,0.0,1.0,71.6,0.0,-20.62558361053467,8192
5,10240,850.9396185584252,151,-0.0011869149893755093,30.613100051879883,1.2262293621897697,0.0026304317652829923,0.0224609375,0.0710720419883728,5.37377948500216,32.0,0.0,7.16,7.16,0.0,0.98,80.54,0.02,-16.054689140319823,10240
6,12288,864.6543634627193,172,-0.005240643513388932,40.21667695045471,1.1625628918409348,0.005965280903183157,0.072265625,0.07573741674423218,9.173918381333351,32.0,0.0,9.74,9.74,0.0,0.98,109.88,0.02,-7.268158874511719,12288
7,14336,868.4398796188473,194,-0.005431437020888552,41.460864186286926,1.1888182237744331,0.002922010051406687,0.0301513671875,0.09249275922775269,10.560715548694134,32.0,0.0,9.68,9.68,0.0,0.98,120.54,0.02,-6.693091888427734,14336
8,16384,873.8366565252869,209,-0.003902366617694497,29.454866349697113,1.1720029637217522,0.0018356450273131486,0.0167236328125,0.12519371509552002,7.30574806779623,32.0,0.0,7.38,7.38,0.0,1.0,98.18,0.0,-12.63245750427246,16384
9,18432,880.9945937821892,221,-0.0014835103502264246,24.758501291275024,1.1842618510127068,0.006953932388569228,0.0887451171875,0.16485899686813354,11.201328907161951,32.0,0.0,7.14,7.14,0.0,0.98,102.68,0.02,-12.1073486328125,18432
10,20480,882.9737532522885,229,-0.0023728181840851903,17.626423746347427,1.1800979115068913,0.005707002317649312,0.07421875,0.16219830513000488,8.41563169658184,32.0,0.0,8.32,8.32,0.0,0.94,119.76,0.06,-6.546364631652832,20480
11,22528,884.0941269430724,235,-0.004106427193619311,16.36808255314827,1.0950398780405521,0.004497512607485987,0.0323486328125,0.16140544414520264,12.386941336095333,32.0,0.0,9.78,9.78,0.0,0.9,140.82,0.1,0.09019092559814453,22528
12,24576,885.1500304953765,248,-0.004856082581682131,20.779906570911407,1.0689891502261162,0.005383842290029861,0.07373046875,0.08136874437332153,7.34646487608552,32.0,0.0,12.18,12.18,0.0,0.82,168.82,0.18,11.632544288635254,24576
13,26624,887.2432713223367,256,-0.0038500271330121905,14.970134764909744,1.1020255908370018,0.003932768289814703,0.0596923828125,0.245111882686615,10.46392934396863,32.0,0.0,13.68,13.68,0.0,0.76,201.96,0.24,19.167649726867676,26624
14,28672,889.0006410354524,264,-0.002048806010861881,16.232109755277634,1.06816216558218,0.006285531519097276,0.0838623046875,0.10372716188430786,9.765683140605688,32.0,0.0,14.02,14.02,0.0,0.74,201.86,0.26,21.87631576538086,28672
15,30720,891.5519528989245,274,-0.0067708269925788045,10.778345569968224,1.0471254736185074,0.008275509921077173,0.1220703125,0.34245675802230835,6.567392520606518,32.0,0.0,15.36,15.36,0.0,0.6,238.92,0.4,31.90526924133301,30720
16,32768,893.6011562696067,281,-0.002543993410654366,12.987144529819489,1.0465169064700603,0.004229501755617093,0.034912109375,0.26091277599334717,8.375657387077808,32.0,0.0,14.58,14.58,0.0,0.6,233.08,0.4,29.787303009033202,32768
17,34816,893.9705342957844,285,-0.006735021015629172,7.729187965393066,1.064963422715664,0.005187329406908248,0.0628662109375,0.38117605447769165,6.258387690410018,32.0,0.0,14.12,14.12,0.0,0.56,244.22,0.44,29.660440521240233,34816
18,36864,896.1654471362139,290,-0.006705518171656877,8.274835959076881,1.1085072234272957,0.008164409016899299,0.1143798828125,0.2548556327819824,6.881041103973985,32.0,0.0,15.16,15.16,0.0,0.52,260.62,0.48,34.78081558227539,36864
19,38912,899.6503892745402,298,-0.0041423498769290745,10.686109334230423,1.0600229762494564,0.005132310274348129,0.0711669921875,0.20872026681900024,7.838904853910208,32.0,0.0,15.62,15.62,0.0,0.42,283.86,0.58,40.38064716339111,38912
20,40960,900.1586348405469,302,0.0012295528431423008,10.08233255147934,1.0418972857296467,0.004759560142701957,0.044921875,0.32881516218185425,11.90573339164257,32.0,0.0,16.38,16.38,0.0,0.38,287.74,0.62,44.45862945556641,40960
21,43008,900.6793582949749,306,-0.0036036052770214155,7.107967346906662,1.0535109136253595,0.004670552305469755,0.0396728515625,0.4147799611091614,5.043543580919504,32.0,0.0,17.06,17.06,0.0,0.34,300.22,0.66,48.58346389770508,43008
22,45056,901.3757589013106,313,-0.0023099134559743106,9.615533411502838,1.045056063681841,0.006844173316494562,0.060546875,0.32796651124954224,7.355912934988737,32.0,0.0,18.54,18.54,0.0,0.28,331.86,0.72,56.03404014587402,45056
23,47104,902.5437258222046,320,-0.0035002005606656894,12.885090500116348,1.0121103059500456,0.003390395220776554,0.0225830078125,0.3058828115463257,7.8638024516403675,32.0,0.0,19.34,19.34,0.0,0.28,338.98,0.72,59.38065902709961,47104
24,49152,903.6247641455483,325,-0.0008663437329232693,9.970278114080429,0.9985033292323351,0.002302944310940802,0.0164794921875,0.325725793838501,13.291976399719715,32.0,0.0,20.14,20.14,0.0,0.28,345.04,0.72,62.41249122619629,49152
25,51200,904.4613183878143,331,-0.0037213808100204915,12.13567966222763,0.9950061868876219,0.005430697245174088,0.06494140625,0.3310707211494446,8.422728188335896,32.0,0.0,20.68,20.68,0.0,0.28,353.18,0.72,64.58092712402343,51200
26,53248,904.4488668815854,339,-0.006607451185118407,12.442213982343674,1.0005374513566494,0.005926526777329855,0.0565185546875,0.378299355506897,22.3987854719162,32.0,0.0,21.18,21.18,0.0,0.28,359.68,0.72,66.465638961792,53248
27,55296,905.6456177938884,344,-0.0038289932999759912,15.323696792125702,1.0242178030312061,0.006825717580795754,0.06298828125,0.30052196979522705,15.031010657548904,32.0,0.0,21.4,21.4,0.0,0.34,351.78,0.66,65.11714271545411,55296
28,57344,906.2924230639618,347,-0.0063405925466213375,4.445220224559307,1.0036226101219654,0.005762639550084714,0.061279296875,0.46359169483184814,10.80194341018796,32.0,0.0,22.28,22.28,0.0,0.32,357.34,0.68,68.86730491638184,57344
29,59392,906.1147679848792,355,-0.002531928534153849,7.855601578950882,1.013655373826623,0.0014511434856103733,0.009033203125,0.5136957168579102,17.642251022160053,32.0,0.0,22.42,22.42,0.0,0.32,361.96,0.68,69.71688312530517,59392
30,61440,907.0070497376175,360,-0.003161001222906634,7.150300204753876,0.9843343403190374,0.004894915757176932,0.0299072265625,0.44615107774734497,15.79495094716549,32.0,0.0,22.3,22.3,0.0,0.32,361.3,0.68,69.40277225494384,61440
31,63488,908.765628036353,364,-0.0035711167147383094,9.69430360198021,1.0105490759015083,0.005530504378839396,0.055908203125,0.43576204776763916,14.43343772739172,32.0,0.0,22.24,22.24,0.0,0.32,359.54,0.68,69.46387508392334,63488
32,65536,909.457496146214,369,-0.010102668835315853,7.657092943787575,0.9697963893413544,0.00834947255498264,0.109375,0.5306335687637329,13.41015188395977,32.0,0.0,22.36,22.36,0.0,0.3,362.78,0.7,70.56171993255616,65536
33,67584,910.2706204711317,375,-0.0003972031408920884,6.510996252298355,0.9742629490792751,0.006584694667253643,0.0865478515625,0.47153300046920776,21.297560319304466,32.0,0.0,22.62,22.62,0.0,0.26,372.5,0.74,72.96392456054687,67584
34,69632,909.9974475005303,379,-0.004640600673155859,8.31098161637783,0.9924095701426268,0.0044402164276107214,0.04931640625,0.3620201349258423,20.3199535086751,32.0,0.0,22.86,22.86,0.0,0.24,372.64,0.76,74.79904403686524,69632
35,71680,910.7062666403815,385,-0.0009065072663361207,10.988395601511002,0.9878690261393785,0.001192106239614077,0.0079345703125,0.3147251605987549,20.932336010038853,32.0,0.0,24.36,24.36,0.0,0.2,381.3,0.8,81.5275093460083,71680
36,73728,910.1075835759918,390,-0.006101935781771317,6.700774654746056,0.9723968505859375,0.007537623809184879,0.104248046875,0.48661381006240845,19.514326103031635,32.0,0.0,24.66,24.66,0.0,0.16,384.48,0.84,84.35478282928467,73728
37,75776,910.1197263326463,395,-0.006316814251476899,6.5342126339674,0.961982436478138,0.00599529521423392,0.0687255859375,0.46289706230163574,24.103195413947105,32.0,0.0,25.12,25.12,0.0,0.12,390.04,0.88,87.57903797149658,75776
38,77824,910.3575503651431,400,-0.0026406124816276133,5.974281474947929,0.9469396807253361,0.004042408552777488,0.029052734375,0.518857479095459,21.505868837237358,32.0,0.0,25.0,25.0,0.0,0.1,390.26,0.9,88.1272276687622,77824
39,79872,911.4748327939752,406,-0.007711197511525825,5.473687291145325,0.8817145880311728,0.005578017509833444,0.067626953125,0.5419851541519165,17.850280947983265,32.0,0.0,24.86,24.86,0.0,0.08,391.6,0.92,88.58191471099853,79872
40,81920,911.9636606775251,410,-0.009874944807961583,2.502952605485916,0.8842797894030809,0.00817389690928394,0.1043701171875,0.6315646767616272,12.774331256747246,32.0,0.0,25.16,25.16,0.0,0.08,391.6,0.92,89.76475803375244,81920
41,83968,911.630483457003,416,-0.008020178676815704,9.490899294614792,0.9460426047444344,0.009295913892856333,0.1339111328125,0.36394572257995605,22.50480154901743,32.0,0.0,25.22,25.22,0.0,0.08,393.22,0.92,90.07345287322998,83968
42,86016,911.7952370860178,421,0.00034562364453449845,6.103842034935951,0.9041387625038624,0.004727851890493184,0.0594482421875,0.45517778396606445,30.6782231554389,32.0,0.0,25.16,25.16,0.0,0.06,394.02,0.94,90.71332111358643,86016
43,88064,911.6679200219796,425,-0.00512948480900377,5.99748432636261,0.9216641522943974,0.005002216799766757,0.051025390625,0.5432866215705872,21.605335995554924,32.0,0.0,25.14,25.14,0.0,0.04,395.86,0.96,91.62823913574219,88064
44,90112,911.6658898314823,432,-0.004521332972217351,5.796458318829536,0.9007801730185747,0.006017475971020758,0.04248046875,0.596709132194519,23.3662186563015,32.0,0.0,24.38,24.38,0.0,0.04,395.86,0.96,89.20323989868164,90112
45,92160,911.8196724723826,437,-0.0013962308294139802,6.765462085604668,0.9331711884588003,0.004652687624911778,0.051025390625,0.6508392095565796,28.571916237473488,32.0,0.0,24.04,24.04,0.0,0.02,398.98,0.98,88.96087448120117,92160
46,94208,912.0550619298997,441,-0.0057935179938795045,5.112861305475235,0.9440472144633532,0.0058303839978179894,0.05712890625,0.6227889060974121,26.87662448734045,32.0,0.0,24.06,24.06,0.0,0.02,398.98,0.98,88.8293759918213,94208
47,96256,912.9875125321004,447,-0.007265507592819631,5.345153778791428,0.9485458582639694,0.008164371400198434,0.080810546875,0.6844481229782104,22.75592191517353,32.0,0.0,23.78,23.78,0.0,0.02,398.98,0.98,87.73804847717285,96256
48,98304,913.7113769676354,453,-0.00209902148344554,4.993311211466789,0.951706288382411,0.003107547599938698,0.02734375,0.6866754293441772,29.368562631309032,32.0,0.0,23.96,23.96,0.0,0.02,398.98,0.98,88.26684364318848,98304
49,100352,914.2177341676768,457,-0.006133134622359648,5.157482028007507,0.9561420511454344,0.005912813503528014,0.0738525390625,0.5855326652526855,38.59319669008255,32.0,0.0,24.38,24.38,0.0,0.02,398.98,0.98,89.64999778747558,100352
50,102400,914.4054057817273,461,-0.004278459295164794,5.026218295097351,0.9778478890657425,0.0032447147314087488,0.0140380859375,0.6710495948791504,23.65700636804104,32.0,0.0,24.2,24.2,0.0,0.02,398.98,0.98,88.8924015045166,102400
51,104448,914.3535263345854,469,-0.0005419655644800514,4.411892779171467,0.9441142622381449,0.004689199267886579,0.0372314453125,0.7226988077163696,37.86844864487648,32.0,0.0,24.86,24.86,0.0,0.0,400.0,1.0,91.94625625610351,104448
52,106496,914.5571604957865,473,-0.005810309812659398,3.3379299268126488,0.9449330978095531,0.007555840464192443,0.0836181640625,0.6551109552383423,27.318256236612797,32.0,0.0,25.24,25.24,0.0,0.0,400.0,1.0,93.2233805847168,106496
53,108544,914.803734452972,476,-0.006729884989908896,7.243877872824669,0.985846783965826,0.005621061711281072,0.0487060546875,0.5990861654281616,32.41798643022776,32.0,0.0,25.34,25.34,0.0,0.0,400.0,1.0,93.58075439453125,108544
54,110592,914.5246158926584,485,-0.001450458454200998,8.982686340808868,0.9543910212814808,0.005687652526830789,0.056396484375,0.6117758750915527,44.85767510533333,32.0,0.0,26.1,26.1,0.0,0.0,400.0,1.0,96.14573776245118,110592
55,112640,914.6140678637873,489,-0.0038386019587051123,7.348334312438965,0.9279315415769815,0.006382785060850438,0.0648193359375,0.5210596323013306,36.48067398369312,32.0,0.0,26.72,26.72,0.0,0.0,400.0,1.0,98.31765289306641,112640
56,114688,914.8020547388554,492,-0.0043958113237749785,4.381882227957249,0.9032690394669771,0.003805962529440876,0.0413818359375,0.6635384559631348,33.625740230083466,32.0,0.0,27.22,27.22,0.0,0.0,400.0,1.0,100.10782119750976,114688
57,116736,914.8513772749677,498,-0.008429444686044008,2.9777612388134003,0.9115558452904224,0.009838819860306103,0.124755859375,0.7515615820884705,20.97997786104679,32.0,0.0,27.44,27.44,0.0,0.0,400.0,1.0,101.03070175170899,116736
58,118784,915.0033426742336,504,-0.002308706898475066,5.144326731562614,0.919291190803051,0.009902458572469186,0.15966796875,0.5272408723831177,23.85680328309536,32.0,0.0,27.14,27.14,0.0,0.0,400.0,1.0,100.03338912963868,118784
59,120832,915.5881410417547,507,-0.0037092918646521866,9.251172423362732,0.9543393682688475,0.006579939290531911,0.064697265625,0.560409426689148,36.92882766574621,32.0,0.0,26.8,26.8,0.0,0.0,400.0,1.0,98.85054153442383,120832
60,122880,915.9581967121209,513,-0.001308013394009322,5.1159393936395645,0.9595064371824265,0.0031553497174172662,0.0252685546875,0.6877374649047852,36.12484806776047,32.0,0.0,27.22,27.22,0.0,0.0,400.0,1.0,100.48045516967774,122880
61,124928,915.9838736764592,518,-0.0024377750523854047,4.082199640572071,0.8947341814637184,0.004235058520862367,0.0433349609375,0.6358047723770142,29.82834815979004,32.0,0.0,27.94,27.94,0.0,0.0,400.0,1.0,102.92182647705079,124928
62,126976,915.7453047565581,523,-0.0074175796180497855,2.8050065264105797,0.9298463519662619,0.009277733908675145,0.1328125,0.6613185405731201,28.00422042608261,32.0,0.0,28.22,28.22,0.0,0.0,400.0,1.0,103.76753677368164,126976
63,129024,915.7228053117525,528,-0.008225075682275929,5.937778949737549,0.951986949890852,0.007920604999526404,0.0933837890625,0.6799026727676392,42.752147153019905,32.0,0.0,27.96,27.96,0.0,0.0,400.0,1.0,102.84641296386718,129024
64,131072,916.2749849244098,534,-0.002790988961351104,7.352813154459,0.9157211128622293,0.005318512485246174,0.04443359375,0.6517366766929626,32.73991633951664,32.0,0.0,27.58,27.58,0.0,0.0,400.0,1.0,101.63908432006836,131072
65,133120,916.6768045854376,538,-0.0023654045071452856,2.7116521820425987,0.9049783479422331,0.004947400600940455,0.0479736328125,0.7466038465499878,14.982228852808475,32.0,0.0,27.4,27.4,0.0,0.0,400.0,1.0,100.87920837402343,133120
66,135168,916.442776408406,544,-0.0078980450052768,4.316358268260956,0.9406645894050598,0.010155684467463288,0.112548828125,0.7195202112197876,30.065454691648483,32.0,0.0,26.66,26.66,0.0,0.0,400.0,1.0,98.40530807495117,135168
67,137216,916.7551052685075,549,-0.0017852948076324537,7.866725981235504,0.9467175435274839,0.003958638400945347,0.028076171875,0.6311911344528198,43.724216386675835,32.0,0.0,26.86,26.86,0.0,0.0,400.0,1.0,99.28348663330078,137216
68,139264,917.2309313049233,553,-0.004682242724811658,7.558556318283081,0.9497731253504753,0.008316413921420462,0.11962890625,0.5107929110527039,41.69197532534599,32.0,0.0,27.14,27.14,0.0,0.0,400.0,1.0,100.26664154052735,139264
69,141312,917.580378844822,560,-0.008450735971564427,4.990636542439461,0.9517918974161148,0.008501539443386719,0.1077880859375,0.7219805717468262,26.558721601963043,32.0,0.0,28.0,28.0,0.0,0.0,400.0,1.0,103.22981521606445,141312
70,143360,917.5621415935341,565,-0.001957253203727305,7.610045313835144,0.9476283323019743,0.003988979340647347,0.039794921875,0.6795949935913086,53.331366926431656,32.0,0.0,28.3,28.3,0.0,0.0,400.0,1.0,104.35417434692383,143360
71,145408,917.7438310932052,569,-0.002966435335110873,5.346954211592674,0.9497908167541027,0.008381327650567982,0.0994873046875,0.67188560962677,33.89357577264309,32.0,0.0,28.12,28.12,0.0,0.0,400.0,1.0,103.67779251098632,145408
72,147456,917.9217822877603,575,-0.00075331493280828,4.44281667470932,0.9238666333258152,0.005273026006761938,0.046630859375,0.7335878610610962,38.20407138764858,32.0,0.0,28.46,28.46,0.0,0.0,400.0,1.0,104.72472900390625,147456
73,149504,917.7745440200395,581,-0.002852500620065257,7.650197520852089,0.9233041126281023,0.005030345615523402,0.035888671875,0.6776345372200012,39.578185722231865,32.0,0.0,29.08,29.08,0.0,0.0,400.0,1.0,106.75729156494141,149504
74,151552,917.840698951218,585,0.001830395485740155,8.71045133471489,0.9399353079497814,0.008707128297828604,0.115966796875,0.6521635055541992,37.09107957035303,32.0,0.0,29.86,29.86,0.0,0.0,400.0,1.0,109.32382583618164,151552
75,153600,918.2997889532351,589,-0.006202444288646802,5.95294976234436,0.9674437399953604,0.006736770439601969,0.059814453125,0.6801350116729736,39.10342797636986,32.0,0.0,30.28,30.28,0.0,0.0,400.0,1.0,110.7615138244629,153600
76,155648,918.1832126267951,597,-0.004310224379878491,7.284111261367798,0.9574298039078712,0.00507645961624803,0.0623779296875,0.724734902381897,52.29298132658005,32.0,0.0,31.32,31.32,0.0,0.0,400.0,1.0,114.22603591918946,155648
77,157696,917.8662878295856,601,-0.004841793634113856,5.0365793108940125,0.9590645935386419,0.005534613446798176,0.0491943359375,0.6943089962005615,43.44601500034332,32.0,0.0,31.9,31.9,0.0,0.0,400.0,1.0,116.14068008422852,157696
78,159744,917.9581476795147,604,-0.0019179718074155971,6.737836450338364,0.9619679562747478,0.003972121434344444,0.03955078125,0.7168235778808594,37.982964277267456,32.0,0.0,32.18,32.18,0.0,0.0,400.0,1.0,117.08209442138671,159744
79,161792,918.0992754544887,613,-0.0010879188339458779,6.144338071346283,0.9642277341336012,0.004996538162231445,0.0474853515625,0.7423371076583862,41.23509632050991,32.0,0.0,32.18,32.18,0.0,0.0,400.0,1.0,117.0477717590332,161792
80,163840,918.5145430743049,617,0.00016800756566226482,3.3553862795233727,0.9358440283685923,0.006954208489332814,0.088623046875,0.7950567007064819,30.427886471152306,32.0,0.0,32.22,32.22,0.0,0.0,400.0,1.0,117.23672027587891,163840
81,165888,918.0299502678199,620,-0.00456682666845154,5.869599521160126,0.9204425327479839,0.005915919660765212,0.05615234375,0.6268476247787476,47.55560985207558,32.0,0.0,31.88,31.88,0.0,0.0,400.0,1.0,116.16604698181152,165888
82,167936,917.9206065964281,626,-0.010529133753152564,5.263368666172028,0.9418889004737139,0.006931101452209987,0.09619140625,0.7750049829483032,36.27155980467796,32.0,0.0,32.04,32.04,0.0,0.0,400.0,1.0,116.67067085266113,167936
83,169984,917.7940216076361,632,0.0009431975631741807,7.1980350613594055,0.9540335889905691,0.004624215784133412,0.053955078125,0.7215391397476196,47.23461699485779,32.0,0.0,31.82,31.82,0.0,0.0,400.0,1.0,116.0046817779541,169984
84,172032,917.5528668100563,635,-0.00903740746434778,4.953823037445545,0.9444572888314724,0.00931778328231303,0.11328125,0.7373007535934448,29.028234735131264,32.0,0.0,31.94,31.94,0.0,0.0,400.0,1.0,116.31623420715331,172032
85,174080,917.571142274805,641,-0.0026942147233057767,5.150983855128288,0.9440694097429514,0.003605925288866274,0.0421142578125,0.745680034160614,33.469339460134506,32.0,0.0,31.64,31.64,0.0,0.0,400.0,1.0,115.39409614562989,174080
86,176128,917.6068328938205,646,-0.00419113360112533,5.264613956212997,0.9314242526888847,0.006262219212658238,0.0780029296875,0.7087138891220093,47.66416394710541,32.0,0.0,31.48,31.48,0.0,0.0,400.0,1.0,115.06143547058106,176128
87,178176,917.9092926173535,651,-0.004076726298080757,8.285537347197533,0.9442594368010759,0.004642518571927212,0.0355224609375,0.6337676048278809,58.6916067302227,32.0,0.0,30.98,30.98,0.0,0.0,400.0,1.0,113.44593879699707,178176
88,180224,917.6446255633632,656,-0.0003562141500879079,5.082874193787575,0.9541767612099648,0.005215235622017644,0.0479736328125,0.7817376852035522,28.61183875799179,32.0,0.0,30.42,30.42,0.0,0.0,400.0,1.0,111.52466087341308,180224
89,182272,917.946372905308,662,-0.0005819560028612614,5.753225684165955,0.919275714084506,0.00393700176209677,0.0347900390625,0.7491747140884399,32.86027956008911,32.0,0.0,30.34,30.34,0.0,0.0,400.0,1.0,111.36017219543457,182272
90,184320,917.7321046319197,666,-0.0018147805240005255,2.8357638642191887,0.9004306327551603,0.00426246920687845,0.048095703125,0.8123030066490173,33.66165794432163,32.0,0.0,30.44,30.44,0.0,0.0,400.0,1.0,111.56780311584473,184320
91,186368,917.7490037737954,672,-0.0037928050151094794,4.565430894494057,0.906709698960185,0.004935037140967324,0.0604248046875,0.8000479340553284,46.98756989836693,32.0,0.0,30.18,30.18,0.0,0.0,400.0,1.0,110.51981307983398,186368
92,188416,917.495646777987,677,-0.0006388182664522901,6.772225201129913,0.9102244451642036,0.004724239974166267,0.0491943359375,0.7676579356193542,46.49137769639492,32.0,0.0,29.12,29.12,0.0,0.0,400.0,1.0,107.02518196105957,188416
93,190464,917.5942563575037,681,-0.0009332011250080541,5.064391069114208,0.9252643547952175,0.006349325725750532,0.0531005859375,0.7446229457855225,37.30479580163956,32.0,0.0,28.92,28.92,0.0,0.0,400.0,1.0,106.22406044006348,190464
94,192512,917.6432078510643,688,-0.0040591304714325815,5.192503571510315,0.9350329861044884,0.006819337897468358,0.071044921875,0.826788067817688,46.47965604066849,32.0,0.0,28.9,28.9,0.0,0.0,400.0,1.0,106.3439087677002,192512
95,194560,917.8652699997598,693,-0.002126001811120659,6.591029062867165,0.907061479985714,0.0065527755141374655,0.0863037109375,0.8058630228042603,74.64396533370018,32.0,0.0,28.56,28.56,0.0,0.0,400.0,1.0,105.1292766571045,194560
96,196608,918.1830925574099,697,-0.0025787955964915454,7.203245595097542,0.9339097589254379,0.004875888196693268,0.046142578125,0.7210482358932495,68.59421575069427,32.0,0.0,28.86,28.86,0.0,0.0,400.0,1.0,106.04063804626465,196608
97,198656,918.1285837415567,703,-0.004188292397884652,4.339271031320095,0.9334380812942982,0.005082397270598449,0.049560546875,0.8332587480545044,52.19193455576897,32.0,0.0,29.36,29.36,0.0,0.0,400.0,1.0,107.80519371032715,198656
98,200704,918.1231047601025,709,-0.005062848897068761,5.891920983791351,0.9390401989221573,0.005459972315293271,0.064453125,0.8525438904762268,40.20422248542309,32.0,0.0,30.0,30.0,0.0,0.0,400.0,1.0,110.08885749816895,200704
99,202752,917.8809347223498,713,-0.001082543225493282,5.847496941685677,0.9283359106630087,0.004584466878441162,0.0372314453125,0.7818841338157654,46.82296532392502,32.0,0.0,29.72,29.72,0.0,0.0,400.0,1.0,108.97266120910645,202752
100,204800,917.8546595896587,717,-0.002563322108471766,3.5896643325686455,0.9539987966418266,0.007901157638116274,0.108154296875,0.8453778624534607,27.162916526198387,32.0,0.0,30.14,30.14,0.0,0.0,400.0,1.0,110.4060214996338,204800
101,206848,919.8334492099619,725,0.004783564247190952,5.095162709554036,0.903236597776413,0.012621015310287476,0.17317708333333334,0.8483095169067383,48.158700942993164,6.0,1.0,31.34,31.34,0.0,0.0,400.0,1.0,114.71727493286133,206848
102,208896,919.7865743453102,729,-0.0034107013780158013,4.771841153502464,0.9163751732558012,0.0039202874395414256,0.03125,0.783279299736023,23.945757508277893,32.0,0.0,31.64,31.64,0.0,0.0,400.0,1.0,115.56653762817383,208896
103,210944,919.8481251890508,732,-0.0029495592461898923,5.3504050970077515,0.9215541761368513,0.0081024273604271,0.1033935546875,0.7552280426025391,42.76662042737007,32.0,0.0,31.84,31.84,0.0,0.0,400.0,1.0,116.17939193725586,210944
104,212992,919.8911572291712,741,-0.002291865981533192,5.829489037394524,0.9135279525071383,0.0051670054672285914,0.056640625,0.8442322015762329,47.67172783613205,32.0,0.0,31.66,31.66,0.0,0.0,400.0,1.0,115.4963136291504,212992
105,215040,919.7137392450451,745,-0.0017110787448473275,4.676392965018749,0.9209758918732405,0.007164523674873635,0.095947265625,0.7599576115608215,35.15103195607662,32.0,0.0,32.06,32.06,0.0,0.0,400.0,1.0,116.79021728515625,215040
106,217088,919.5322982279794,748,-0.0015926553460303694,8.19248877465725,0.9165232069790363,0.006091315342928283,0.0645751953125,0.7777315974235535,51.637503921985626,32.0,0.0,31.88,31.88,0.0,0.0,400.0,1.0,116.13668746948242,217088
107,219136,919.6663182181322,754,-0.0016854493005666882,5.157350182533264,0.9194034617394209,0.0048648224110365845,0.0543212890625,0.8591633439064026,45.36282676458359,32.0,0.0,31.96,31.96,0.0,0.0,400.0,1.0,116.19037445068359,219136
108,221184,919.3033005046358,760,-0.0017565581947565079,4.489175975322723,0.900513494387269,0.0020334034343250096,0.0086669921875,0.8379110097885132,68.79222387075424,32.0,0.0,31.8,31.8,0.0,0.0,400.0,1.0,115.54471008300781,221184
109,223232,919.1281118658716,763,-0.0029768490785500035,5.089186742901802,0.9138110857456923,0.005115136911626905,0.0435791015625,0.7678254246711731,65.66552019119263,32.0,0.0,32.22,32.22,0.0,0.0,400.0,1.0,117.11315673828125,223232
110,225280,919.071667569062,769,-1.425156369805336e-05,6.108625188469887,0.909043638035655,0.0031893134291749448,0.0286865234375,0.8324165344238281,66.87041264772415,32.0,0.0,31.84,31.84,0.0,0.0,400.0,1.0,115.94909393310547,225280
111,227328,919.0867191624444,774,-0.0009323706908617169,4.269054226577282,0.886814234778285,0.004970471825799905,0.056396484375,0.8688760995864868,35.26146326959133,32.0,0.0,31.78,31.78,0.0,0.0,400.0,1.0,115.54025146484375,227328
112,229376,919.2859571185687,779,-0.0018797596858348697,4.291364394128323,0.9437803905457258,0.0074482898562564515,0.0858154296875,0.8327907919883728,34.45235516130924,32.0,0.0,31.82,31.82,0.0,0.0,400.0,1.0,115.94586196899414,229376
113,231424,919.0894522164087,784,-0.0010452725400682539,4.829796612262726,0.9192050956189632,0.004202028467261698,0.0340576171875,0.8714295625686646,41.31671738624573,32.0,0.0,31.96,31.96,0.0,0.0,400.0,1.0,116.24803009033204,231424
114,233472,918.9371750768989,790,-0.0004443859652383253,6.250549599528313,0.8949501644819975,0.0044968968504690565,0.0499267578125,0.8201671838760376,53.07141347229481,32.0,0.0,32.48,32.48,0.0,0.0,400.0,1.0,117.95148971557617,233472
115,235520,920.9771970345569,794,0.0040452990680933,5.552978229522705,0.9173158407211304,0.01390928984619677,0.21796875,0.8190845847129822,54.270762252807614,5.0,1.0,32.3,32.3,0.0,0.0,400.0,1.0,117.42135726928711,235520
116,237568,921.236192857158,800,-0.0023452453897334635,3.8746233507990837,0.91563062928617,0.0043743882270064205,0.0506591796875,0.8895905613899231,36.017159789800644,32.0,0.0,32.72,32.72,0.0,0.0,400.0,1.0,119.00962707519531,237568
117,239616,921.3291840884364,805,-6.756842049071565e-05,4.9610632956027985,0.9045214504003525,0.0035500089143170044,0.0347900390625,0.8226733207702637,38.028543055057526,32.0,0.0,32.5,32.5,0.0,0.0,400.0,1.0,118.22896072387695,239616
118,241664,921.148017010936,809,-0.00345252946135588,7.161785289645195,0.9042757209390402,0.005876774237549398,0.0665283203125,0.7485628128051758,39.18124796450138,32.0,0.0,32.68,32.68,0.0,0.02,399.96,0.98,118.19652191162109,241664
119,243712,921.3096208655007,816,-0.001229558460181579,3.953115090727806,0.8932765852659941,0.0024554597621317953,0.0135498046875,0.8945339918136597,54.362361907958984,32.0,0.0,32.88,32.88,0.0,0.02,399.96,0.98,118.86708038330079,243712
120,245760,921.4037427534306,821,0.0011496750812511891,4.676462739706039,0.9061645548790693,0.004179940282483585,0.041015625,0.8664647340774536,74.42445778846741,32.0,0.0,32.88,32.88,0.0,0.02,399.96,0.98,118.73723205566407,245760
121,247808,921.083123434924,825,0.00015412201901199296,4.46433762460947,0.908534575253725,0.004499492431932595,0.0419921875,0.8416593670845032,35.174468636512756,32.0,0.0,32.02,32.02,0.0,0.02,399.96,0.98,115.77369213104248,247808
122,249856,921.0131228320005,831,-0.0016444557841168717,4.297111690044403,0.9065467603504658,0.003085160060436465,0.0159912109375,0.858603835105896,58.16364163160324,32.0,0.0,32.04,32.04,0.0,0.02,399.96,0.98,115.75850566864014,249856
123,251904,920.7460196107917,837,0.0020580112031893805,4.909396834671497,0.8941529430449009,0.007341988355619833,0.0972900390625,0.8754100203514099,79.51163870096207,32.0,0.0,31.84,31.84,0.0,0.02,399.96,0.98,115.13722148895263,251904
124,253952,920.9463058218103,841,-0.0024250147253042087,4.661649979650974,0.921600952744484,0.005189791481825523,0.0540771484375,0.8467715978622437,69.55319473147392,32.0,0.0,31.66,31.66,0.0,0.02,399.96,0.98,114.58479015350342,253952
125,256000,920.8059998913227,845,-0.0018020759598584846,8.667495742440224,0.9120060298591852,0.005919743780395947,0.083740234375,0.8099103569984436,82.89674812555313,32.0,0.0,31.82,31.82,0.0,0.02,399.96,0.98,115.09255046844483,256000
126,258048,920.8402469085909,853,-0.003917822599760257,4.043301746249199,0.8699817284941673,0.0036156352289253846,0.03564453125,0.9002739787101746,36.42092943191528,32.0,0.0,32.38,32.38,0.0,0.02,399.96,0.98,117.09204067230225,258048
127,260096,920.8243680807535,857,-0.00014147639740258455,5.265607595443726,0.8611680697649717,0.008949407085310668,0.131103515625,0.8377869129180908,50.00076025724411,32.0,0.0,32.56,32.56,0.0,0.0,400.0,1.0,118.40711009979248,260096
128,262144,920.8232048292425,860,0.00210324049112387,4.384237565100193,0.8617563303560019,0.008105087392323185,0.1087646484375,0.8571396470069885,65.99621281027794,32.0,0.0,32.26,32.26,0.0,0.0,400.0,1.0,117.30097469329834,262144
129,264192,920.7790105795083,869,0.00014635271509177983,4.404861859977245,0.8790233805775642,0.007386057332041673,0.0977783203125,0.8940441608428955,49.2325553894043,32.0,0.0,31.48,31.48,0.0,0.0,400.0,1.0,114.62199619293213,264192
130,266240,920.8760355591827,873,-0.0006177829054649919,7.068221762776375,0.8909689709544182,0.003438854677369818,0.025634765625,0.81891930103302,79.03949105739594,32.0,0.0,31.4,31.4,0.0,0.0,400.0,1.0,114.53491954803467,266240
131,268288,920.9217040561389,876,-0.0008615937695140019,3.8955523893237114,0.9003469087183475,0.004112230330065358,0.047119140625,0.8530663847923279,33.77738231420517,32.0,0.0,31.74,31.74,0.0,0.0,400.0,1.0,115.77827053070068,268288
132,270336,920.7876412051314,882,-0.0021694640890927985,4.491930902004242,0.8794734105467796,0.00535040983959334,0.0631103515625,0.9158731698989868,49.29956156015396,32.0,0.0,32.1,32.1,0.0,0.0,400.0,1.0,117.00267040252686,270336
133,272384,920.7743990574306,888,0.00025314782396890223,5.537168249487877,0.7986492216587067,0.005596901675744448,0.067626953125,0.8472946286201477,55.609672516584396,32.0,0.0,31.26,31.26,0.0,0.0,400.0,1.0,114.22091274261474,272384
134,274432,920.6521208982086,891,-0.0028296260570641607,4.240988112986088,0.8985744584351778,0.004839085697312839,0.041015625,0.8783466219902039,48.69152349233627,32.0,0.0,31.62,31.62,0.0,0.0,400.0,1.0,115.27089138031006,274432
135,276480,920.686542136132,897,-0.006209300481714308,3.9425092339515686,0.9084573835134506,0.007580917394079734,0.0858154296875,0.8953400254249573,55.364450216293335,32.0,0.0,30.8,30.8,0.0,0.0,400.0,1.0,112.24750507354736,276480
136,278528,920.6966562052867,902,-0.0006334629288176075,7.710177332162857,0.9193852841854095,0.002541372537962161,0.01416015625,0.834316611289978,86.6537549495697,32.0,0.0,29.76,29.76,0.0,0.0,400.0,1.0,108.64184879302978,278528
137,280576,922.0517293459441,907,-0.002152076456695795,4.522479820251465,0.9022444128990174,0.009766006912104785,0.1375,0.8456586599349976,70.22061252593994,10.0,1.0,29.34,29.34,0.0,0.0,400.0,1.0,107.15551563262939,280576
138,282624,922.0951948502982,912,-0.003060310467844829,4.088982917368412,0.9081545546650887,0.003961300149967428,0.0401611328125,0.9099690914154053,49.872076854109764,32.0,0.0,29.54,29.54,0.0,0.0,400.0,1.0,107.77981266021729,282624
139,284672,922.1496065160791,918,2.2663589334115386e-05,4.634415723383427,0.8927671704441309,0.0014684648122056387,0.003662109375,0.895656168460846,84.40157353878021,32.0,0.0,30.22,30.22,0.0,0.0,400.0,1.0,110.18669673919678,284672
140,286720,922.1460227066601,922,-0.0015555709396721795,5.120014816522598,0.8578678518533707,0.004086804015969392,0.034423828125,0.871204137802124,63.950987726449966,32.0,0.0,30.86,30.86,0.0,0.0,400.0,1.0,112.27029411315918,286720
141,288768,922.1389829579467,928,-6.333459168672562e-05,3.8011535704135895,0.8569096028804779,0.003305478057882283,0.0303955078125,0.938446581363678,51.293983191251755,32.0,0.0,30.98,30.98,0.0,0.0,400.0,1.0,112.55769264221192,288768
142,290816,922.3806884739935,933,0.002894950444223704,4.954389430858471,0.8585384377726802,0.010475403318802515,0.14366319444444445,0.8964554071426392,42.76605436537001,27.0,1.0,30.08,30.08,0.0,0.0,400.0,1.0,109.56001998901367,290816
143,292864,923.1572682158823,937,0.0022088477853685617,5.642158105969429,0.8807079456746578,0.005824070336529985,0.0732421875,0.8729013204574585,71.3015554100275,32.0,0.0,30.86,30.86,0.0,0.0,400.0,1.0,112.11161422729492,292864
144,294912,922.7570066703115,944,0.0025745876773726195,5.253387063741684,0.8858908899128437,0.006980009842664003,0.083251953125,0.8895925283432007,57.63270944356918,32.0,0.0,31.26,31.26,0.0,0.0,400.0,1.0,113.86237533569336,294912
145,296960,924.5295705386652,949,-0.0016820307791931555,4.276305802166462,0.9065130073577166,0.005837237717059907,0.06884765625,0.9178852438926697,63.63290345668793,32.0,0.0,31.56,31.56,0.0,0.0,400.0,1.0,114.88554077148437,296960
146,299008,924.9467788165341,953,-0.002372350005316548,5.983309850096703,0.9337629191577435,0.005019220145186409,0.044189453125,0.8854728937149048,73.21315361559391,32.0,0.0,31.52,31.52,0.0,0.0,400.0,1.0,114.70898651123046,299008
147,301056,926.3664098223694,959,0.0010368925431976095,3.974459022283554,0.899177560582757,0.0045621262906934135,0.044921875,0.9000253081321716,46.98145616054535,32.0,0.0,31.66,31.66,0.0,0.0,400.0,1.0,115.60071105957032,301056
148,303104,926.4437263038485,965,-0.0003168684779666364,4.675153821706772,0.8664897121489048,0.004361176703241654,0.0438232421875,0.9262967705726624,63.49961131811142,32.0,0.0,31.78,31.78,0.0,0.0,400.0,1.0,115.92665237426758,303104
149,305152,926.1794425289938,969,-0.001462268381146714,4.596004694700241,0.8767654597759247,0.008110439681331627,0.1097412109375,0.886669933795929,47.316508278250694,32.0,0.0,32.22,32.22,0.0,0.0,400.0,1.0,117.55133926391602,305152
150,307200,926.1307588331906,973,-0.005066613928647712,5.4320409297943115,0.8922200128436089,0.006055310703231953,0.069091796875,0.8573800325393677,50.84756897389889,32.0,0.0,32.08,32.08,0.0,0.0,400.0,1.0,117.06120697021484,307200
151,309248,927.3867562695353,981,0.012051814856628576,5.06465482711792,0.8731945852438608,0.016878271630654734,0.21744791666666666,0.919254720211029,61.70583724975586,6.0,1.0,32.06,32.06,0.0,0.0,400.0,1.0,116.70268775939941,309248
152,311296,927.2713722485088,985,-0.002257510059280321,4.808155991137028,0.8614898659288883,0.0043909630621783435,0.0450439453125,0.8915887475013733,75.46571624279022,32.0,0.0,31.88,31.88,0.0,0.0,400.0,1.0,116.26533241271973,311296
153,313344,927.132372691875,988,8.31807847134769e-05,4.718974746763706,0.8561310060322285,0.009101130955968983,0.1270751953125,0.8841617107391357,44.78193911910057,32.0,1.0,32.36,32.36,0.0,0.0,400.0,1.0,117.76271652221679,313344
154,315392,926.9913635893765,997,-0.001395985105773434,5.397423446178436,0.8345791548490524,0.008784949088294525,0.118408203125,0.9220305681228638,48.78523898124695,32.0,0.0,32.04,32.04,0.0,0.0,400.0,1.0,116.42433959960937,315392
155,317440,926.9917508926245,1001,-0.0035527192667359486,5.500187575817108,0.8503222838044167,0.005931101091846358,0.0745849609375,0.8662579655647278,55.67766720056534,32.0,0.0,31.56,31.56,0.0,0.0,400.0,1.0,114.68845428466797,317440
156,319488,927.0520003313109,1004,-0.0013082757795928046,5.4009560495615005,0.8725644126534462,0.008376199446502142,0.11328125,0.8189988732337952,49.450734958052635,32.0,0.0,32.1,32.1,0.0,0.0,400.0,1.0,116.55504943847656,319488
157,321536,927.1209018668966,1010,-0.005552092639845796,6.613200604915619,0.8771927524358034,0.0061777397932019085,0.081787109375,0.8939650654792786,65.62104085087776,32.0,0.0,31.46,31.46,0.0,0.0,400.0,1.0,114.19632507324219,321536
158,323584,927.1787259635356,1016,-7.887298124842346e-05,6.033926993608475,0.8355176206678152,0.005588996566075366,0.0679931640625,0.8640316724777222,53.25905156135559,32.0,0.0,31.34,31.34,0.0,0.0,400.0,1.0,113.64007064819336,323584
159,325632,927.1731290968203,1019,-0.0034410281223244965,3.894929990172386,0.8450678866356611,0.005962724819255527,0.0885009765625,0.910125195980072,57.54111444950104,32.0,0.0,30.52,30.52,0.0,0.0,400.0,1.0,110.80332218170166,325632
160,327680,927.1998954970954,1025,-0.0028813086973968893,3.9458519518375397,0.8769468273967505,0.006560653135238681,0.0806884765625,0.9255912899971008,52.78351363539696,32.0,0.0,31.22,31.22,0.0,0.0,400.0,1.0,113.08891925811767,327680
161,329728,926.9201677951929,1030,0.00474323880916927,5.572233244776726,0.848995728418231,0.010237613343633711,0.1409912109375,0.8664072155952454,99.64502322673798,32.0,0.0,30.72,30.72,0.0,0.0,400.0,1.0,111.58737758636475,329728
162,331776,926.927599705015,1035,-0.0030904955347068608,7.248676627874374,0.8883938919752836,0.004824292933335528,0.06298828125,0.8317127227783203,93.36065691709518,32.0,0.0,30.22,30.22,0.0,0.02,399.94,0.98,109.27539852142334,331776
163,333824,926.9421021802896,1040,0.0010155524651054293,4.156661741435528,0.910276984795928,0.0053336618293542415,0.060546875,0.9138867259025574,35.35995243489742,32.0,0.0,30.22,30.22,0.0,0.02,399.94,0.98,109.35230693817138,333824
164,335872,926.7322840725739,1046,-0.005512290837941691,6.969199299812317,0.9001222252845764,0.006792292413592804,0.090087890625,0.8697900176048279,62.13569089770317,32.0,0.0,30.5,30.5,0.0,0.04,399.7,0.96,109.92831768035889,335872
165,337920,926.6958898986682,1050,-0.003997351479483768,6.777805283665657,0.9117895625531673,0.004884402864263393,0.038818359375,0.8357722759246826,47.13392759859562,32.0,0.0,30.5,30.5,0.0,0.06,399.42,0.94,109.19220302581788,337920
166,339968,926.819465399419,1056,-0.001700687935226597,4.755317211151123,0.8949482850730419,0.00761467769916635,0.0906982421875,0.9175454378128052,52.78552243113518,32.0,0.0,30.9,30.9,0.0,0.06,399.42,0.94,110.60590435028077,339968
167,342016,926.7562343945232,1061,-0.0028744058217853308,5.600015372037888,0.8919071424752474,0.002949689958768431,0.0289306640625,0.8951373100280762,72.17586082220078,32.0,0.0,31.38,31.38,0.0,0.06,399.42,0.94,112.31803401947022,342016
168,344064,926.9128746497097,1065,-0.0005915726651437581,3.880483031272888,0.8890416845679283,0.006986106905969791,0.0811767578125,0.8922207951545715,46.22438099980354,32.0,0.0,31.34,31.34,0.0,0.06,399.42,0.94,112.11744609832763,344064
169,346112,926.9543494474497,1072,-0.0021390806359704584,3.342600367963314,0.8846318442374468,0.00634473176614847,0.070068359375,0.9312179684638977,56.26488870382309,32.0,0.0,31.88,31.88,0.0,0.06,399.42,0.94,114.08950477600098,346112
170,348160,927.1969208413944,1077,0.00018362882547080518,4.4437001546223955,0.8552812298138937,0.00833444296537588,0.10807291666666667,0.9112094640731812,84.92139129638672,30.0,1.0,31.42,31.42,0.0,0.06,399.42,0.94,112.52231246948242,348160
171,350208,927.1665764996134,1081,-0.003079670073930174,5.0862941816449165,0.8992766812443733,0.006161072895338293,0.0760498046875,0.8709505796432495,73.2032585144043,32.0,0.0,31.92,31.92,0.0,0.06,399.42,0.94,114.1411728668213,350208
172,352256,927.2813226842536,1087,-0.0003893366956617683,3.8271923512220383,0.9256443995982409,0.00522365757933585,0.0579833984375,0.8971350789070129,28.134141609072685,32.0,0.0,32.06,32.06,0.0,0.04,399.48,0.96,115.07878837585449,352256
173,354304,927.1289651081719,1093,-0.002025604495429434,5.497318908572197,0.8889149352908134,0.006011581288476009,0.070068359375,0.9140073657035828,76.1027700304985,32.0,0.0,31.82,31.82,0.0,0.02,399.72,0.98,114.90561424255371,354304
174,356352,926.8832839112471,1097,-0.0012649294512812048,6.026563957333565,0.9156401138752699,0.003062570838665124,0.023193359375,0.8738677501678467,48.7381776869297,32.0,0.0,32.16,32.16,0.0,0.0,400.0,1.0,116.72995750427246,356352
175,358400,927.0714067284475,1101,-0.0017141599382739514,4.359548285603523,0.9178237803280354,0.005470049392897636,0.0635986328125,0.8941386938095093,51.47991245985031,32.0,0.0,32.24,32.24,0.0,0.0,400.0,1.0,117.04681350708007,358400
176,360448,927.0342207590326,1109,0.0009853840892901644,5.85002039372921,0.8847628068178892,0.005449486976431217,0.0640869140625,0.9096638560295105,49.63331225514412,32.0,0.0,32.08,32.08,0.0,0.0,400.0,1.0,116.46910293579101,360448
177,362496,926.9292583694879,1113,-0.005374910571845248,6.976911038160324,0.8617316354066133,0.004530479462118819,0.050537109375,0.8822513818740845,68.86084526777267,32.0,0.0,32.08,32.08,0.0,0.0,400.0,1.0,116.49957321166993,362496
178,364544,927.984388984986,1116,0.010059713618829846,4.018090337514877,0.9234934598207474,0.01666494266828522,0.23486328125,0.8943373560905457,59.040520548820496,8.0,1.0,32.28,32.28,0.0,0.0,400.0,1.0,117.3470590209961,364544
179,366592,927.9475585482477,1125,0.0004240647394908592,7.103346675634384,0.8833232261240482,0.005335759509762283,0.0596923828125,0.8874171376228333,52.52121090888977,32.0,0.0,32.82,32.82,0.0,0.0,400.0,1.0,119.18262680053711,366592
180,368640,928.198463513795,1129,-9.022525046020746e-05,5.118699669837952,0.8663217052817345,0.01419092652698358,0.20345052083333334,0.8786562085151672,55.261772314707436,24.0,1.0,33.78,33.78,0.0,0.0,400.0,1.0,122.51580207824708,368640
181,370688,928.1381096149527,1132,0.0034875037526944652,5.2380097061395645,0.8435829151421785,0.008206782309571281,0.0985107421875,0.8752325177192688,47.861780643463135,32.0,0.0,34.12,34.12,0.0,0.0,400.0,1.0,123.82010902404785,370688
182,372736,928.0982179540009,1138,0.006212242748006247,3.824114166200161,0.8969656974077225,0.010208596962911543,0.1328125,0.9323018789291382,50.697251945734024,32.0,0.0,34.5,34.5,0.0,0.0,400.0,1.0,125.16431800842285,372736
183,374784,929.1041562154645,1145,0.015066491207107902,5.100520730018616,0.8704360872507095,0.016718598606530577,0.19921875,0.8898391723632812,78.04568576812744,4.0,1.0,34.38,34.38,0.0,0.0,400.0,1.0,124.6646849822998,374784
184,376832,928.9291433297196,1147,-0.0010793454566737637,4.619489967823029,0.8418421465903521,0.005349111437681131,0.0640869140625,0.8879469633102417,83.86329719424248,32.0,0.0,34.74,34.74,0.0,0.0,400.0,1.0,126.01668312072754,376832
185,378880,928.8900453826084,1154,0.0011864681437145919,5.221449106931686,0.8738063368946314,0.003989027070929296,0.039794921875,0.8901457786560059,48.80102753639221,32.0,0.0,34.04,34.04,0.0,0.0,400.0,1.0,123.52801574707031,378880
186,380928,928.6674776004248,1159,-0.00018728175200521946,4.2849210649728775,0.8633507043123245,0.003544474922819063,0.0301513671875,0.9220926761627197,59.62990412116051,32.0,0.0,34.0,34.0,0.0,0.0,400.0,1.0,123.42970748901367,380928
187,382976,929.6385339941437,1163,0.005497348494827747,4.376402695973714,0.8698307673136393,0.01262472061595569,0.16927083333333334,0.8781868815422058,49.42989953358968,6.0,1.0,33.84,33.84,0.0,0.0,400.0,1.0,122.80449478149414,382976
188,385024,929.5906002128105,1168,-0.006309874734142795,3.660779558122158,0.8609800282865763,0.00664871085609775,0.0850830078125,0.9319284558296204,52.24218508601189,32.0,0.0,33.7,33.7,0.0,0.0,400.0,1.0,122.19798355102539,385024
189,387072,929.5556704257408,1174,-0.0005505075096152723,5.70908086001873,0.8711062632501125,0.004687161432229914,0.059814453125,0.8855082988739014,37.772399842739105,32.0,0.0,32.8,32.8,0.0,0.0,400.0,1.0,119.14965019226074,387072
190,389120,929.4938035690889,1178,0.0008872623584466055,4.871719062328339,0.8601682335138321,0.01005619846546324,0.125244140625,0.8812710642814636,70.13835552334785,32.0,0.0,32.34,32.34,0.0,0.0,400.0,1.0,117.47337562561034,389120
191,391168,929.4539376763445,1184,-0.002000478911213577,4.719272151589394,0.8781958390027285,0.00456721470982302,0.0491943359375,0.9262540340423584,74.8198467195034,32.0,0.0,31.64,31.64,0.0,0.0,400.0,1.0,114.71357688903808,391168
192,393216,929.3623168163654,1189,-0.004401449230499566,5.312202587723732,0.8544236328452826,0.005545382315176539,0.060791015625,0.8974997997283936,96.5521410703659,32.0,0.0,31.76,31.76,0.0,0.0,400.0,1.0,115.10284141540528,393216
193,395264,929.2284150991568,1194,-0.0032189828052651137,7.231027260422707,0.8603758197277784,0.003401490845135413,0.0322265625,0.8482112884521484,72.35506424307823,32.0,0.0,31.84,31.84,0.0,0.02,399.54,0.98,114.83264595031739,395264
194,397312,929.2498981246675,1200,-0.003141089022392407,5.441546842455864,0.8817433416843414,0.004599567961122375,0.053955078125,0.8979043364524841,46.21165293455124,32.0,0.0,32.12,32.12,0.0,0.02,399.54,0.98,115.8782917022705,397312
195,399360,929.3199486390789,1205,-0.0018494541000109166,4.50096832215786,0.8396138269454241,0.005187560207559727,0.0665283203125,0.9146807193756104,45.29997515678406,32.0,0.0,32.66,32.66,0.0,0.02,399.54,0.98,117.74185592651367,399360
196,401408,929.256459050233,1209,-0.0009039929282153025,4.148741014301777,0.8146192580461502,0.008528060141543392,0.1219482421875,0.9178920388221741,47.508701875805855,32.0,0.0,32.62,32.62,0.0,0.02,399.54,0.98,117.50321838378906,401408
197,403456,930.4767188424482,1215,0.014263180550187826,3.760172724723816,0.8525038957595825,0.013798194704577327,0.1875,0.9112695455551147,68.77265357971191,4.0,1.0,32.02,32.02,0.0,0.02,399.54,0.98,115.59802627563477,403456
198,405504,930.5382620359087,1221,0.0023323804780375212,6.69338946044445,0.8562548067420721,0.0076033224613638595,0.0992431640625,0.8907639980316162,75.69037868082523,32.0,0.0,31.08,31.08,0.0,0.02,399.54,0.98,112.39688495635987,405504
199,407552,930.5805151172691,1225,-0.0010705497988965362,3.5308415293693542,0.8868222311139107,0.011130781254905742,0.1494140625,0.9261564612388611,33.28393483161926,32.0,0.0,31.22,31.22,0.0,0.02,399.54,0.98,112.94230976104737,407552
200,409600,930.5060493386983,1229,-0.0028101783682359383,4.154613949358463,0.910511801019311,0.0048172084061661735,0.0560302734375,0.923370361328125,83.51871687173843,32.0,0.0,31.9,31.9,0.0,0.02,399.54,0.98,115.43100742340089,409600
201,411648,930.3899887168399,1237,0.005301726429024711,5.2699014991521835,0.8415552712976933,0.007803474793036003,0.091796875,0.9262968897819519,63.56325909495354,32.0,0.0,31.46,31.46,0.0,0.02,399.54,0.98,114.33491870880127,411648
202,413696,931.4568431334031,1241,0.006166442669928074,4.643592405319214,0.8491914868354797,0.015807452006265522,0.1796875,0.9099301099777222,72.36730041503907,5.0,1.0,31.12,31.12,0.0,0.02,399.54,0.98,113.27614841461181,413696
203,415744,931.658942437436,1244,-0.0006378122488968074,5.005524560809135,0.8326088842004538,0.006507036967377644,0.0859375,0.9010037779808044,84.72659146785736,32.0,0.0,31.04,31.04,0.0,0.0,400.0,1.0,113.51468738555909,415744
204,417792,931.6301691996216,1253,-0.0032799009641166776,6.525772467255592,0.8453936260193586,0.007669669110327959,0.090087890625,0.9029686450958252,109.4554352760315,32.0,0.0,30.02,30.02,0.0,0.0,400.0,1.0,109.76996547698974,417792
205,419840,931.5035589163333,1257,-0.00526812399039045,4.399894304573536,0.8781709522008896,0.009989911508455407,0.13818359375,0.9176619648933411,85.44888085126877,32.0,0.0,30.02,30.02,0.0,0.0,400.0,1.0,109.73150272369385,419840
206,421888,931.4736937262973,1260,-0.00523227863595821,3.5976046472787857,0.881719408556819,0.010736687981989235,0.159423828125,0.9170102477073669,50.58006709814072,32.0,0.0,29.94,29.94,0.0,0.0,400.0,1.0,109.5105073928833,421888
207,423936,931.3849490411998,1266,-0.003348953861859627,5.348902806639671,0.8518057074397802,0.005940938601270318,0.0709228515625,0.928618848323822,56.028613686561584,32.0,0.0,30.7,30.7,0.0,0.0,400.0,1.0,112.05360725402832,423936
208,425984,931.4510022913015,1273,-0.0035041758528677747,5.804984003305435,0.8254567477852106,0.007340228068642318,0.0909423828125,0.8977348804473877,53.420080065727234,32.0,0.0,30.78,30.78,0.0,0.0,400.0,1.0,112.01578392028809,425984
209,428032,931.3975761932821,1275,-0.0065610462697804905,4.197194181382656,0.8394098002463579,0.00801759299065452,0.1068115234375,0.9080628156661987,52.220633804798126,32.0,0.0,31.06,31.06,0.0,0.0,400.0,1.0,112.93812141418456,428032
210,430080,931.2632256796132,1282,0.0028483342612162232,4.7950256541371346,0.8524527996778488,0.008130393653118517,0.0989990234375,0.933944582939148,64.28222405910492,32.0,0.0,31.14,31.14,0.0,0.0,400.0,1.0,113.26225639343262,430080
211,432128,932.1739813961532,1287,0.000845201313495636,5.338661273320516,0.831770678361257,0.014004273184885582,0.154296875,0.9101946353912354,91.29520479838054,6.0,1.0,30.98,30.98,0.0,0.0,400.0,1.0,112.63224769592286,432128
212,434176,932.1128301757868,1291,-0.003225162232411094,5.0214278399944305,0.8525189366191626,0.00559736680588685,0.0689697265625,0.9171033501625061,80.28643423318863,32.0,0.0,30.52,30.52,0.0,0.0,400.0,1.0,111.05234107971191,434176
213,436224,932.1626767181486,1296,0.001058405512594618,4.567397847771645,0.8644389286637306,0.005244934065558482,0.0556640625,0.9299876093864441,55.9977041631937,32.0,0.0,30.82,30.82,0.0,0.0,400.0,1.0,112.22980003356933,436224
214,438272,931.9709862486518,1302,0.0014084314461797476,4.271811179816723,0.832087567076087,0.009726813150336966,0.1275634765625,0.9285069108009338,35.199793085455894,32.0,0.0,30.44,30.44,0.0,0.0,400.0,1.0,110.95088195800781,438272
215,440320,932.9952868707437,1307,0.008383691776543856,3.9970654487609862,0.8919983148574829,0.015632458962500095,0.18671875,0.9211978316307068,33.05333404541015,5.0,1.0,29.88,29.88,0.0,0.0,400.0,1.0,109.21741325378417,440320
216,442368,933.0107045011456,1312,0.0015820248372619972,5.330556645989418,0.8794048689305782,0.007300371449673548,0.0811767578125,0.9179338812828064,44.857013911008835,32.0,0.0,30.14,30.14,0.0,0.0,400.0,1.0,109.98222663879395,442368
217,444416,934.0107756135459,1317,0.012885182164609432,5.802538599286761,0.8253983940396991,0.015870400671181933,0.23604910714285715,0.9020881056785583,74.62248584202358,7.0,1.0,30.16,30.16,0.0,0.0,400.0,1.0,110.15758659362793,444416
218,446464,933.9935290366799,1322,-0.0007848369423300028,5.466946169734001,0.8322495147585869,0.006269432531553321,0.072021484375,0.9070838093757629,48.76595090329647,32.0,0.0,30.48,30.48,0.0,0.0,400.0,1.0,111.33401206970215,446464
219,448512,934.0271368886062,1328,0.0029802516219206154,3.7149671614170074,0.8734332453459501,0.007898258147179149,0.1026611328125,0.9476447105407715,57.56926265358925,32.0,0.0,29.26,29.26,0.0,0.0,400.0,1.0,107.23105781555176,448512
220,450560,933.9901928819983,1333,0.001607955462532118,7.8972877115011215,0.8650343231856823,0.007251251154229976,0.08837890625,0.8974889516830444,56.98437616229057,32.0,0.0,29.92,29.92,0.0,0.02,399.82,0.98,108.74897796630859,450560
221,452608,934.0115654867158,1337,0.003412132107769139,6.133457541465759,0.8621391244232655,0.007965229531691875,0.111572265625,0.897362470626831,58.54391384124756,32.0,0.0,30.56,30.56,0.0,0.02,399.82,0.98,110.93488349914551,452608
222,454656,934.3205407954893,1343,0.007839322788640857,3.6855659918351606,0.8932466371492906,0.009839848170734265,0.11807528409090909,0.94527268409729,47.37717983939431,22.0,1.0,31.52,31.52,0.0,0.02,399.82,0.98,114.2714754486084,454656
223,456704,935.1718497218699,1349,0.007665934041142464,5.683872540791829,0.8051546613375345,0.01616533857304603,0.22200520833333334,0.8975448608398438,92.75029118855794,6.0,1.0,31.94,31.94,0.0,0.02,399.82,0.98,115.48851310729981,456704
224,458752,935.1102901720787,1353,-0.00033920217538252473,5.933461293578148,0.8241020981222391,0.005300799115502741,0.0648193359375,0.8640337586402893,57.52137404680252,32.0,0.0,31.88,31.88,0.0,0.02,399.82,0.98,115.27136741638184,458752
225,460800,935.0253411589009,1357,8.970979251898825e-05,4.814049631357193,0.8551872782409191,0.008322501751536038,0.110107421875,0.8933436870574951,48.363283574581146,32.0,0.0,32.02,32.02,0.0,0.02,399.82,0.98,115.83431823730469,460800
226,462848,934.903851266658,1365,0.0018530547677073628,4.778810940682888,0.8616461753845215,0.00938649111049017,0.1285400390625,0.9235246181488037,39.688042640686035,32.0,0.0,32.06,32.06,0.0,0.02,399.82,0.98,116.18952217102051,462848
227,464896,934.7756523953193,1369,-0.003468149952823296,3.7209273651242256,0.9177126865833998,0.00427803198545007,0.03076171875,0.9181039333343506,67.67421334981918,32.0,0.0,31.84,31.84,0.0,0.02,399.82,0.98,115.43173316955567,464896
228,466944,934.7631003480224,1372,-7.228687172755599e-05,2.519237257540226,0.9216636698693037,0.009997956345614512,0.1436767578125,0.9393941164016724,36.532081097364426,32.0,0.0,32.04,32.04,0.0,0.02,399.82,0.98,116.02710502624512,466944
229,468992,934.791176644052,1381,-0.0015543089393759146,4.590972408652306,0.8449772149324417,0.007818545411282685,0.104248046875,0.9339003562927246,32.46940891444683,32.0,0.0,32.6,32.6,0.0,0.0,400.0,1.0,118.68708625793457,468992
230,471040,934.724676834363,1385,-0.0024440713896183297,6.136996850371361,0.8282615281641483,0.007742443725874182,0.100830078125,0.8878879547119141,71.6445674598217,32.0,0.0,32.38,32.38,0.0,0.0,400.0,1.0,118.0128247833252,471040
231,473088,934.6268661319563,1388,9.620207129046321e-05,4.248671539127827,0.8437732011079788,0.005386539887695108,0.06591796875,0.9151169061660767,54.439557284116745,32.0,0.0,31.4,31.4,0.0,0.0,400.0,1.0,114.71302742004394,473088
232,475136,934.6397546093897,1395,-0.005942972449702211,5.635568246245384,0.8519766200333834,0.005368341378925834,0.0655517578125,0.9037414789199829,37.00263974070549,32.0,0.0,30.88,30.88,0.0,0.0,400.0,1.0,112.95641319274903,475136
233,477184,934.5910325058679,1401,-0.000672805355861783,5.888959854841232,0.8117313031107187,0.004998644522856921,0.0533447265625,0.8784822225570679,51.71924044191837,32.0,0.0,30.22,30.22,0.0,0.0,400.0,1.0,110.84125175476075,477184
234,479232,934.5926718493145,1403,0.0023286484502023086,4.038891889154911,0.8336019739508629,0.009656699039624073,0.1220703125,0.8911367654800415,56.194741010665894,32.0,0.0,30.04,30.04,0.0,0.0,400.0,1.0,110.33845687866211,479232
235,481280,934.5526338276587,1410,-0.0027706371329259127,4.706619285047054,0.8648618049919605,0.00490036540577421,0.0595703125,0.9239023923873901,57.51324488222599,32.0,0.0,31.12,31.12,0.0,0.0,400.0,1.0,113.92883598327637,481280
236,483328,934.5082455571422,1415,-0.00014594018284697086,4.827619448304176,0.8738178480416536,0.0030426166995312087,0.0316162109375,0.9156873822212219,79.12936443090439,32.0,0.0,30.4,30.4,0.0,0.0,400.0,1.0,111.1368257522583,483328
237,485376,934.3867756898068,1419,0.00045559564023278654,3.666527695953846,0.8675784002989531,0.006528537152917124,0.0758056640625,0.9188326001167297,35.1397602558136,32.0,0.0,30.54,30.54,0.0,0.0,400.0,1.0,111.61705051422119,485376
238,487424,934.3266222343658,1424,-0.003134647966362536,5.187320306897163,0.8716512285172939,0.0038613100405200385,0.0438232421875,0.911665141582489,61.428638964891434,32.0,0.0,30.68,30.68,0.0,0.0,400.0,1.0,112.18476474761962,487424
239,489472,934.253340610221,1430,-0.0017013181350193918,6.219434216618538,0.8285079579800367,0.0069944055285304785,0.09765625,0.8817061185836792,39.44716888666153,32.0,0.0,31.18,31.18,0.0,0.0,400.0,1.0,114.19183322906494,489472
240,491520,934.3123584230785,1435,-0.004949048045091331,5.766215771436691,0.8269318621605635,0.00825787431676872,0.11865234375,0.8965603709220886,42.103259950876236,32.0,0.0,31.02,31.02,0.0,0.0,400.0,1.0,113.43751178741455,491520
241,493568,934.8519572681357,1440,0.006423052061687817,3.841831987554377,0.8592862703583457,0.013165280413390561,0.1573153409090909,0.9325013756752014,48.62677747553045,11.0,1.0,31.76,31.76,0.0,0.0,400.0,1.0,116.10753238677978,493568
242,495616,934.8778156779331,1445,-0.0028018780722049996,8.248252749443054,0.8382185269147158,0.0037654479092452675,0.03564453125,0.8792147636413574,51.392036467790604,32.0,0.0,32.24,32.24,0.0,0.02,399.9,0.98,116.98276309967041,495616
243,497664,935.5740601548714,1450,0.004781468616177638,3.8577707211176553,0.8568439483642578,0.014170760793300966,0.205078125,0.904425859451294,40.18451944986979,6.0,1.0,32.52,32.52,0.0,0.02,399.9,0.98,118.01205783843994,497664
244,499712,935.5397488483076,1456,-0.0009773453639354557,4.635113783180714,0.8545486554503441,0.008449209912214428,0.1151123046875,0.9153374433517456,34.94530501961708,32.0,0.0,32.12,32.12,0.0,0.02,399.9,0.98,116.55935970306396,499712
245,501760,935.4775474144799,1461,-0.0007545815606135875,4.307794347405434,0.8081847336143255,0.010115662509633694,0.1519775390625,0.932421088218689,46.726772248744965,32.0,0.0,32.1,32.1,0.0,0.02,399.9,0.98,116.65781871795654,501760
246,503808,935.5278036445545,1465,-0.0035641285649035126,5.369575887918472,0.8386862650513649,0.004804142321518157,0.0506591796875,0.8913573026657104,85.01844656467438,32.0,0.0,32.48,32.48,0.0,0.02,399.9,0.98,118.24061752319336,503808
247,505856,935.3910003742924,1471,-0.003680716676171869,2.8775423765182495,0.8570803850889206,0.005342709293472581,0.05712890625,0.95135897397995,56.22125858068466,32.0,0.0,32.26,32.26,0.0,0.02,399.9,0.98,117.56507774353027,505856
248,507904,935.2703722197725,1477,-0.0027066944021498784,4.333144284784794,0.8277944717556238,0.009278255769459065,0.1279296875,0.9308879375457764,35.85691887140274,32.0,0.0,32.06,32.06,0.0,0.02,399.9,0.98,116.79107048034668,507904
249,509952,935.2328961459408,1481,-0.003226344211725518,4.416241385042667,0.843164985999465,0.006103473344410304,0.0712890625,0.8992404937744141,52.10688202083111,32.0,0.0,31.2,31.2,0.0,0.02,399.9,0.98,113.84702789306641,509952
250,512000,935.1350627619934,1485,0.002341021638130769,3.630950979888439,0.862191079184413,0.010722608603828121,0.1531982421875,0.9308914542198181,35.702662244439125,32.0,0.0,31.16,31.16,0.0,0.02,399.9,0.98,113.6855485534668,512000
251,514048,935.0980234617246,1493,0.00323423434747383,5.524329215288162,0.7943065762519836,0.010969444294460118,0.14990234375,0.9095665812492371,39.47138154506683,32.0,0.0,30.76,30.76,0.0,0.0,400.0,1.0,113.03809665679931,514048
252,516096,934.989923552925,1497,0.0047717322304379195,5.080780044198036,0.821422042325139,0.011274094838881865,0.1671142578125,0.8778855800628662,69.98271280527115,32.0,0.0,30.86,30.86,0.0,0.0,400.0,1.0,113.29748630523682,516096
253,518144,934.900188594034,1500,-0.0017053127230610698,5.736484035849571,0.8093737550079823,0.005360767638194375,0.0643310546875,0.8556171655654907,73.1763636469841,32.0,0.0,31.02,31.02,0.0,0.0,400.0,1.0,113.86444095611573,518144
254,520192,934.8581722603146,1509,0.003359166032169014,4.406930044293404,0.7888117153197527,0.009049949519976508,0.1182861328125,0.9314349889755249,69.98290663957596,32.0,0.0,31.5,31.5,0.0,0.0,400.0,1.0,115.38321094512939,520192
255,522240,934.8502182081985,1513,0.0009332347544841468,7.080367058515549,0.8071520086377859,0.008526043020538054,0.1090087890625,0.8713027238845825,75.39403432607651,32.0,0.0,30.3,30.3,0.0,0.0,400.0,1.0,111.16250329971314,522240
256,524288,934.7787410239649,1516,-0.002294374819030054,3.7515057176351547,0.8511649183928967,0.006484023775556125,0.0775146484375,0.8923402428627014,33.54219317436218,32.0,0.0,30.06,30.06,0.0,0.0,400.0,1.0,110.34467432022095,524288
257,526336,934.8392244636998,1523,-0.0007301962177734822,5.914384201169014,0.8287798371165991,0.0075031771848443896,0.090576171875,0.9261647462844849,43.05308338999748,32.0,0.0,30.8,30.8,0.0,0.0,400.0,1.0,112.64033922195435,526336
258,528384,934.8929650709257,1529,-0.003118911845376715,4.63429269194603,0.798002602532506,0.008408202884311322,0.109375,0.9073585271835327,64.18097314238548,32.0,0.0,30.82,30.82,0.0,0.0,400.0,1.0,113.00548288345337,528384
259,530432,935.3431561948478,1531,0.009103195413070567,6.8450777109931495,0.7369243888293996,0.013908658614929984,0.19140625,0.8323516845703125,70.19952953563018,17.0,1.0,31.04,31.04,0.0,0.0,400.0,1.0,113.5097646522522,530432
260,532480,935.4068324498958,1538,-0.002609100498375483,6.612778022885323,0.7864482887089252,0.009096255926124286,0.10693359375,0.8975473642349243,45.7527881115675,32.0,1.0,30.42,30.42,0.0,0.0,400.0,1.0,111.36418016433716,532480
261,534528,935.4793595561227,1543,-0.004244123352691531,5.656643703579903,0.7723492495715618,0.005746336522861384,0.0670166015625,0.8710689544677734,56.26083052158356,32.0,0.0,31.32,31.32,0.0,0.0,400.0,1.0,114.43047986984253,534528
262,536576,935.5858009563345,1547,-0.00026094948407262564,5.369104862213135,0.8186575528234243,0.005052904445619788,0.05810546875,0.9049161076545715,71.19950342178345,32.0,0.0,30.22,30.22,0.0,0.0,400.0,1.0,110.7679351234436,536576
263,538624,935.7564702325283,1552,-0.0021629445060777166,5.974288284778595,0.8450049708286921,0.005722550578260173,0.05859375,0.9153949022293091,78.71457064151764,24.0,1.0,30.62,30.62,0.0,0.0,400.0,1.0,112.2294993019104,538624
264,540672,935.8516060326299,1558,-0.0013699198461836204,4.58626813441515,0.8462270461022854,0.0069601985742338,0.090576171875,0.9226816892623901,82.14537847042084,32.0,0.0,30.0,30.0,0.0,0.0,400.0,1.0,110.02507387161255,540672
265,542720,935.6964330858862,1563,0.002076207660138607,4.427835173904896,0.8739125542342663,0.006588437579921447,0.072509765625,0.9069364070892334,37.51567307114601,32.0,0.0,31.32,31.32,0.0,0.0,400.0,1.0,114.60280757904053,542720
266,544768,936.4807506781608,1568,0.0028712369967252016,4.88406503200531,0.870303675532341,0.011710661347024143,0.123046875,0.9237809181213379,59.76073360443115,4.0,1.0,32.14,32.14,0.0,0.0,400.0,1.0,117.31923625946045,544768
267,546816,937.0296675643665,1573,0.010702402259294804,6.875246341411884,0.808208167552948,0.013214650904186644,0.16887019230769232,0.8851465582847595,45.50988960266113,13.0,1.0,31.68,31.68,0.0,0.0,400.0,1.0,115.81942150115967,546816
268,548864,937.0040219592859,1578,-0.002842366971890442,6.2746822983026505,0.8064937144517899,0.007147522010200191,0.098388671875,0.8868967294692993,37.64836882054806,32.0,0.0,32.22,32.22,0.0,0.0,400.0,1.0,117.46948253631592,548864
269,550912,937.0469522261723,1584,-0.004919839513604529,3.889287553727627,0.8177531007677317,0.005987065909721423,0.0767822265625,0.9341992735862732,55.769003450870514,32.0,0.0,31.94,31.94,0.0,0.0,400.0,1.0,116.57441127777099,550912
270,552960,937.011506887265,1589,-0.004855492996284738,5.172613561153412,0.8191273584961891,0.00571139897510875,0.0762939453125,0.9195983409881592,56.46443098783493,32.0,0.0,31.6,31.6,0.0,0.0,400.0,1.0,115.46014419555664,552960
271,555008,936.9901710231761,1593,0.0009900610893964767,3.8037054017186165,0.8004787433892488,0.011270900737144984,0.143798828125,0.9247377514839172,38.943141400814056,32.0,0.0,31.5,31.5,0.0,0.0,400.0,1.0,115.02486602783203,555008
272,557056,936.807431427361,1599,-0.004941410850733519,4.322478249669075,0.8324779029935598,0.0033333743558614515,0.03466796875,0.9187135696411133,51.75734117627144,32.0,0.0,32.58,32.58,0.0,0.0,400.0,1.0,118.57640720367432,557056
273,559104,936.7737683373141,1605,-0.0054571195505559444,5.5668773502111435,0.7959529906511307,0.005609286759863608,0.07080078125,0.9158034324645996,56.11021798849106,32.0,0.0,31.68,31.68,0.0,0.0,400.0,1.0,115.41058471679688,559104
274,561152,936.840687453683,1609,0.002343224157812074,4.568760976195335,0.8441724870353937,0.006678758203634061,0.087890625,0.9113490581512451,49.72779682278633,32.0,0.0,32.16,32.16,0.0,0.0,400.0,1.0,117.09279464721679,561152
275,563200,936.7455020161333,1613,-0.002763574506388977,6.143374040722847,0.8336980827152729,0.008651811665913556,0.111572265625,0.8633697628974915,53.616406589746475,32.0,0.0,31.38,31.38,0.0,0.0,400.0,1.0,114.30471633911132,563200
276,565248,936.6835926098328,1621,-0.0020997714018449187,4.372680202126503,0.8302217721939087,0.007122332703147549,0.099853515625,0.9484096765518188,56.44348701834679,32.0,0.0,31.44,31.44,0.0,0.0,400.0,1.0,114.48032104492188,565248
277,567296,936.6269374424257,1625,-0.0011877518700202927,5.73942968249321,0.8353321608155966,0.0032622760045342147,0.038330078125,0.8950785398483276,46.631399273872375,32.0,0.0,31.28,31.28,0.0,0.0,400.0,1.0,113.86730346679687,567296
278,569344,936.6856982104013,1628,-0.001324279946857132,6.0531617775559425,0.8580959625542164,0.005417765169113409,0.052978515625,0.8833524584770203,68.39845937490463,32.0,0.0,31.32,31.32,0.0,0.0,400.0,1.0,114.08627899169922,569344
279,571392,936.7404827366023,1637,0.001154847654106561,5.729019582271576,0.8163472097367048,0.008045037946430966,0.0919189453125,0.9277176260948181,54.67290082573891,32.0,0.0,31.76,31.76,0.0,0.0,400.0,1.0,115.77686088562012,571392
280,573440,936.6709451415799,1641,-0.0023038828221615404,5.1748799830675125,0.8275313638150692,0.007188595031038858,0.08544921875,0.9197826981544495,42.01741972565651,32.0,0.0,32.08,32.08,0.0,0.0,400.0,1.0,116.97712776184082,573440
281,575488,936.5127296426564,1644,-0.0006664383545285091,4.0139419585466385,0.8352885972708464,0.007923985722300131,0.10693359375,0.9148332476615906,31.060036182403564,32.0,0.0,31.96,31.96,0.0,0.0,400.0,1.0,116.50988754272461,575488
282,577536,936.6975756077284,1651,0.007451317781074481,5.2859203381971875,0.8237816799770702,0.007989176665432751,0.08682528409090909,0.9343283176422119,47.00506747852672,22.0,1.0,31.34,31.34,0.0,0.0,400.0,1.0,114.35709007263183,577536
283,579584,936.6402349478512,1657,0.0013410066875318685,4.682650478680928,0.8109740416208903,0.00881555200709651,0.10559895833333334,0.9301774501800537,34.42748549779256,30.0,1.0,31.86,31.86,0.0,0.0,400.0,1.0,116.13695484161377,579584
284,581632,936.5784730078929,1659,-0.0033138582948595285,5.699274361133575,0.8106847740709782,0.007144195107684936,0.0921630859375,0.8907507061958313,52.52574861049652,32.0,0.0,31.48,31.48,0.0,0.0,400.0,1.0,114.81301502227784,581632
285,583680,936.560311998253,1666,0.0033281213545706123,4.979032635688782,0.8437618911266327,0.009688516169262584,0.1239013671875,0.9307063817977905,40.152791261672974,32.0,0.0,31.96,31.96,0.0,0.0,400.0,1.0,116.60944240570069,583680
286,585728,936.4905690447849,1671,-0.0038901894440641627,6.193619400262833,0.7663134187459946,0.009165006682451349,0.1060791015625,0.9162144660949707,28.49893033504486,32.0,0.0,31.48,31.48,0.0,0.0,400.0,1.0,114.96009838104249,585728
287,587776,936.440593929377,1675,-0.003581444892915897,5.3798846155405045,0.769831882789731,0.005288262560497969,0.066650390625,0.9186722040176392,47.64229142665863,32.0,0.0,31.68,31.68,0.0,0.0,400.0,1.0,115.75417064666748,587776
288,589824,936.481853847932,1680,-0.0032442990923300385,3.1915507465600967,0.8147666212171316,0.006199521150847431,0.0760498046875,0.9555453658103943,26.418545812368393,32.0,0.0,31.32,31.32,0.0,0.0,400.0,1.0,114.37673259735108,589824
289,591872,936.4414015597406,1686,0.0034124690282624215,5.754091456532478,0.7712145335972309,0.007982205068401527,0.0899658203125,0.9172431826591492,66.57090222835541,32.0,0.0,31.44,31.44,0.0,0.0,400.0,1.0,114.83872024536133,591872
290,593920,936.2869790759381,1691,-0.002769001672277227,5.071628771722317,0.81189776211977,0.004479033770621754,0.05078125,0.9041169285774231,44.541690826416016,32.0,0.0,30.58,30.58,0.0,0.0,400.0,1.0,111.76713653564452,593920
291,595968,936.2924657371113,1696,-0.006830917176557705,6.822812482714653,0.7779044937342405,0.006957668898394331,0.080810546875,0.9046943783760071,62.055327862501144,32.0,0.0,31.34,31.34,0.0,0.0,400.0,1.0,114.38346405029297,595968
292,598016,936.1731978928963,1701,-0.0027771051099989563,7.035067453980446,0.7790035810321569,0.0038561756955459714,0.0401611328125,0.9262387752532959,60.519508719444275,32.0,0.0,31.72,31.72,0.0,0.0,400.0,1.0,115.70107620239258,598016
293,600064,936.1487984378924,1706,-0.0005954423395451158,5.172868400812149,0.7753638476133347,0.0037656490167137235,0.0408935546875,0.9283530116081238,57.54660737514496,32.0,0.0,32.16,32.16,0.0,0.0,400.0,1.0,117.29698577880859,600064
294,602112,936.1083850898526,1712,-0.000779530790168792,3.8937257155776024,0.8405753616243601,0.010894953804381657,0.138427734375,0.9465572237968445,39.55790612101555,32.0,0.0,32.92,32.92,0.0,0.0,400.0,1.0,120.03323631286621,602112
295,604160,936.0910485932897,1717,-0.003235928961657919,6.318771883845329,0.7720123641192913,0.0036066693428438157,0.0389404296875,0.9219032526016235,65.01410418748856,32.0,0.0,33.58,33.58,0.0,0.0,400.0,1.0,122.48988639831543,604160
296,606208,936.1302447229725,1721,-0.0010195406503044069,4.741890974342823,0.823529664427042,0.007592689180455636,0.10009765625,0.9226145148277283,46.581477999687195,32.0,0.0,33.72,33.72,0.0,0.0,400.0,1.0,122.94849617004394,606208
297,608256,936.118841097797,1727,-0.003494877790217288,4.923387162387371,0.8241575565189123,0.0033641388290561736,0.03857421875,0.9356725215911865,57.603868424892426,32.0,0.0,33.62,33.62,0.0,0.0,400.0,1.0,122.44210945129394,608256
298,610304,936.089067881765,1733,0.0007504145032726228,5.5199446231126785,0.7736985683441162,0.00458311963302549,0.057373046875,0.9309449195861816,103.24149805307388,32.0,0.0,34.56,34.56,0.0,0.0,400.0,1.0,125.88293350219726,610304
299,612352,936.0847178450425,1737,-0.0019508382756612264,6.009873479604721,0.7571861408650875,0.0024727606505621225,0.0225830078125,0.8990789651870728,105.34179520606995,32.0,0.0,34.74,34.74,0.0,0.0,400.0,1.0,126.53563201904296,612352
300,614400,936.0298738012951,1741,-0.0024420221016043797,4.283657968044281,0.8152248971164227,0.0021026827162131667,0.0186767578125,0.9375737905502319,80.89205425977707,32.0,0.0,35.54,35.54,0.0,0.0,400.0,1.0,129.29611587524414,614400
301,616448,935.9180458384828,1749,-0.003268800734076649,7.207073003053665,0.7318063043057919,0.0014548692488460802,0.0089111328125,0.9316455125808716,104.63570100069046,32.0,0.0,35.38,35.38,0.0,0.0,400.0,1.0,128.94532440185546,616448
302,618496,936.0075385117287,1753,-0.0009744002600200474,4.581132002174854,0.7612978294491768,0.0019931929709855467,0.017578125,0.9435893297195435,84.84509533643723,32.0,0.0,36.0,36.0,0.0,0.0,400.0,1.0,131.0381820678711,618496
303,620544,935.8604077968768,1756,-0.001619795453734696,4.900086134672165,0.7949366420507431,0.0019515223757480271,0.0152587890625,0.9343658685684204,50.387435242533684,32.0,0.0,36.52,36.52,0.0,0.0,400.0,1.0,132.8997738647461,620544
304,622592,935.7960620821478,1765,-0.000909230817342177,5.613108545541763,0.7456607446074486,0.005934300854278263,0.0693359375,0.9464074969291687,52.47929833829403,32.0,0.0,36.54,36.54,0.0,0.0,400.0,1.0,133.10480056762697,622592
305,624640,935.6842315160395,1769,-0.004785202181665227,4.139347977936268,0.7253274489194155,0.005474771554872859,0.067138671875,0.9380223155021667,67.52447766065598,32.0,0.0,36.82,36.82,0.0,0.0,400.0,1.0,134.2893522644043,624640
306,626688,935.7498768017607,1772,-0.0017709677194943652,4.579535327851772,0.7248020321130753,0.002074428826745134,0.0135498046875,0.9329832792282104,63.62721085548401,32.0,0.0,37.44,37.44,0.0,0.0,400.0,1.0,136.56176986694337,626688
307,628736,935.6418047182611,1779,0.0002420494152653602,5.212625903467978,0.7047937473943157,0.007563048079910297,0.07573084677419355,0.9377347826957703,38.244356955251384,31.0,1.0,37.26,37.26,0.0,0.0,400.0,1.0,136.13974533081054,628736
308,630784,935.6092476234074,1785,-0.0054872331966180354,7.501481980085373,0.6525481529533863,0.0073549370499677025,0.10009765625,0.8945242166519165,36.68717910349369,32.0,0.0,36.84,36.84,0.0,0.0,400.0,1.0,134.41828311920165,630784
309,632832,935.52355823863,1787,-0.00044300631270743906,5.279985770583153,0.6462377849966288,0.009465020986681338,0.1068115234375,0.9287514686584473,52.66001024842262,32.0,0.0,37.14,37.14,0.0,0.0,400.0,1.0,135.4091464614868,632832
310,634880,935.4880804499282,1794,-0.0013940213684691116,6.0003484934568405,0.6826050914824009,0.0046509539388353005,0.0570068359375,0.9441827535629272,57.45664992928505,32.0,0.0,37.38,37.38,0.0,0.0,400.0,1.0,136.27221042633056,634880
311,636928,935.4123648805662,1799,7.571914466097951e-06,5.982342407107353,0.6672035809606314,0.0039037952592479996,0.042724609375,0.9302316308021545,56.80474126338959,32.0,0.0,37.38,37.38,0.0,0.0,400.0,1.0,136.2062349319458,636928
312,638976,935.4551864711499,1803,-0.0030622574558947235,6.924215734004974,0.6403329074382782,0.005989867095195223,0.076416015625,0.9229651689529419,68.23031648993492,32.0,0.0,37.58,37.58,0.0,0.0,400.0,1.0,136.97082416534423,638976
313,641024,935.9003906067694,1808,0.0035497328409781824,4.63462888277494,0.685942503122183,0.006504049632125176,0.0694110576923077,0.9355684518814087,31.068536538344162,13.0,1.0,37.46,37.46,0.0,0.0,400.0,1.0,136.3637840652466,641024
314,643072,935.8478461543757,1814,0.0015278423379641026,6.287668377161026,0.6453968565911055,0.006399734607839491,0.079345703125,0.9362891912460327,86.93983370065689,32.0,0.0,36.2,36.2,0.0,0.0,400.0,1.0,132.09050029754638,643072
315,645120,935.850342767899,1819,-0.0010591215686872602,4.793182767927647,0.6787641756236553,0.005517535755643621,0.0701904296875,0.9329647421836853,69.77809965610504,32.0,0.0,36.44,36.44,0.0,0.0,400.0,1.0,132.56404918670654,645120
316,647168,935.9092308534264,1824,-0.0017945401486940682,5.097371727228165,0.7004259452223778,0.005662628092977684,0.07177734375,0.9495164752006531,33.51691607758403,32.0,0.0,36.02,36.02,0.0,0.0,400.0,1.0,131.11256984710693,647168
317,649216,935.7671768241911,1829,1.4152377843856812e-05,6.815049946308136,0.6568620018661022,0.009191904704493936,0.1099853515625,0.9481223225593567,90.31227824091911,32.0,0.0,36.38,36.38,0.0,0.0,400.0,1.0,132.2883210372925,649216
318,651264,935.7488471295048,1834,0.0013591709866886958,4.249261595308781,0.6600240431725979,0.005223345986451022,0.0654296875,0.9595913290977478,80.62481263279915,32.0,0.0,37.2,37.2,0.0,0.0,400.0,1.0,135.20539695739745,651264
319,653312,935.7196691543191,1840,-0.002554460137616843,4.1573179215192795,0.6949528027325869,0.0026113926505786367,0.028564453125,0.9531015753746033,55.63770014047623,32.0,0.0,37.34,37.34,0.0,0.0,400.0,1.0,135.76298332214355,653312
320,655360,935.6690032628879,1845,-0.002383298342465423,4.196896396577358,0.6596619635820389,0.005485578163643368,0.067138671875,0.9680943489074707,83.60536482930183,32.0,0.0,37.16,37.16,0.0,0.0,400.0,1.0,135.10741645812988,655360
321,657408,935.6876246546549,1849,-0.0022183136170497164,4.163123734295368,0.6090827640146017,0.006047513481462374,0.07421875,0.9571014642715454,49.82159540057182,32.0,0.0,37.64,37.64,0.0,0.0,400.0,1.0,136.94263542175293,657408
322,659456,935.6763273285442,1855,0.0016768067434895784,3.481734685599804,0.6640318185091019,0.006725151055434253,0.0731201171875,0.9678841829299927,60.59851571917534,32.0,0.0,37.08,37.08,0.0,0.0,400.0,1.0,135.00572273254394,659456
323,661504,935.6251007886481,1861,-0.00157198662054725,5.683542892336845,0.6066220607608557,0.002738194991252385,0.028564453125,0.9580664038658142,60.543566048145294,32.0,0.0,38.72,38.72,0.0,0.0,400.0,1.0,140.83116943359374,661504
324,663552,935.515348031821,1865,-0.00040791202627588063,4.186075270175934,0.6266038119792938,0.004976468080712948,0.057861328125,0.9532501697540283,53.592862486839294,32.0,0.0,39.0,39.0,0.0,0.0,400.0,1.0,141.7276011657715,663552
325,665600,935.5066225164055,1869,-0.002091484682750888,4.978170543909073,0.7163323871791363,0.006384802072716411,0.070556640625,0.9514235854148865,70.19884911179543,32.0,0.0,38.76,38.76,0.0,0.0,400.0,1.0,141.01126876831054,665600
326,667648,935.9089038808746,1877,0.00024163237723865007,6.679303897054572,0.6091407098268208,0.008733393477374002,0.09046052631578948,0.9393103122711182,63.504212178682025,19.0,1.0,39.24,39.24,0.0,0.0,400.0,1.0,142.72002655029297,667648
327,669696,935.9672326405952,1881,-0.002246049465611577,5.37606530636549,0.6123265214264393,0.004755918882437982,0.0640869140625,0.9428148865699768,59.52702575922012,32.0,0.0,39.04,39.04,0.0,0.0,400.0,1.0,142.23429183959962,669696
328,671744,935.9172608809168,1884,-0.0004051901341881603,3.840955473482609,0.618283785879612,0.004233793071762193,0.05029296875,0.9521406888961792,57.44033670425415,32.0,0.0,38.46,38.46,0.0,0.0,400.0,1.0,140.07803009033202,671744
329,673792,935.8446011183153,1893,0.0002135459508281201,4.037124253809452,0.6150920297950506,0.005667294703016523,0.0684814453125,0.9755402207374573,51.98062026500702,32.0,0.0,38.72,38.72,0.0,0.0,400.0,1.0,141.18176162719726,673792
330,675840,936.0094810382185,1897,5.6144315749406815e-05,4.173766978085041,0.6038953773677349,0.007999587651283946,0.106201171875,0.9567689299583435,46.962373435497284,32.0,0.0,38.66,38.66,0.0,0.0,400.0,1.0,140.82378128051758,675840
331,677888,936.0957803774669,1900,0.0033124666661024094,4.430944986641407,0.6014646254479885,0.007331603817874566,0.085693359375,0.9555951356887817,58.72353783249855,32.0,0.0,38.72,38.72,0.0,0.0,400.0,1.0,141.07104385375976,677888
332,679936,936.116779764682,1907,-0.0019570189906517044,4.9585545510053635,0.5934338252991438,0.003933423518901691,0.048828125,0.9680485725402832,86.09707948565483,32.0,0.0,38.84,38.84,0.0,0.0,400.0,1.0,141.77180953979493,679936
333,681984,936.1310725545851,1913,-0.0024888597545213997,3.4236717373132706,0.5615268889814615,0.0033640553228906356,0.0401611328125,0.9732377529144287,70.47144532203674,32.0,0.0,39.0,39.0,0.0,0.0,400.0,1.0,142.54020767211915,681984
334,684032,936.1323244768928,1915,-0.0038143430574564263,4.467039339244366,0.5449964627623558,0.0058066501005669124,0.0555419921875,0.9611248970031738,69.21595615148544,32.0,0.0,39.16,39.16,0.0,0.0,400.0,1.0,143.08537948608398,684032
335,686080,936.079814847053,1922,-0.002181460353313014,3.3730005398392677,0.6164256501942873,0.006077246318454854,0.0693359375,0.9761199951171875,41.41359406709671,32.0,0.0,39.28,39.28,0.0,0.0,400.0,1.0,143.35589126586913,686080
336,688128,936.0180034496955,1927,0.000398688658606261,4.468111872673035,0.5275636045262218,0.0031721360064693727,0.03955078125,0.9683258533477783,143.2055391073227,32.0,0.0,39.56,39.56,0.0,0.0,400.0,1.0,144.20578125,688128
337,690176,935.9469274694341,1931,-0.002147280640201643,3.4028528556227684,0.5656127221882343,0.0014727472662343644,0.0159912109375,0.9711007475852966,118.11013317108154,32.0,0.0,39.7,39.7,0.0,0.0,400.0,1.0,144.5523701477051,690176
338,692224,935.9643842587676,1936,-0.002166448626667261,3.0324780717492104,0.608097655698657,0.0012105765199521556,0.009033203125,0.9768872857093811,102.92066383361816,32.0,0.0,40.28,40.28,0.0,0.0,400.0,1.0,146.5699443054199,692224
339,694272,935.9103593393315,1942,-0.0012796490191249177,5.037643149495125,0.5849091690033674,0.004382939623610582,0.0550537109375,0.9622793793678284,79.65809053182602,32.0,0.0,40.52,40.52,0.0,0.0,400.0,1.0,147.46693801879883,694272
340,696320,935.9146045146358,1947,-0.004415244737174362,5.025763764977455,0.5654292348772287,0.0028286940141697414,0.03369140625,0.9659208059310913,83.3885537981987,32.0,0.0,40.52,40.52,0.0,0.0,400.0,1.0,147.49075973510742,696320
341,698368,935.8372128278406,1952,-0.0013274393713800237,2.780280191451311,0.623139314353466,0.001968465658137575,0.021240234375,0.9808821082115173,92.30819791555405,32.0,0.0,40.96,40.96,0.0,0.0,400.0,1.0,149.15055236816406,698368
342,700416,935.8166265869621,1957,-0.00030612319824285805,3.98931997269392,0.5663629239425063,0.0025811032974161208,0.0296630859375,0.9708721041679382,100.7448000907898,32.0,0.0,41.12,41.12,0.0,0.0,400.0,1.0,149.5367237854004,700416
343,702464,935.8302035806656,1962,0.00029562291456386447,3.9239808320999146,0.5453245677053928,0.003926077100913972,0.046142578125,0.9665719270706177,97.69802467525005,32.0,0.0,41.2,41.2,0.0,0.0,400.0,1.0,149.57477676391602,702464
344,704512,935.7967301323638,1968,-0.0007010103727225214,3.4529202356934547,0.5936585050076246,0.002203446740168147,0.019287109375,0.9736324548721313,87.93797796964645,32.0,0.0,40.8,40.8,0.0,0.0,400.0,1.0,148.41181411743165,704512
345,706560,935.7450788642944,1973,-0.0033266435930272564,3.624359220266342,0.5617869812995195,0.0023165798993431963,0.025146484375,0.9771105051040649,88.47998911142349,32.0,0.0,40.9,40.9,0.0,0.0,400.0,1.0,148.73398422241212,706560
346,708608,935.7017543842612,1977,-0.002975261046231026,2.9085898101329803,0.5469189826399088,0.002731265230977442,0.0316162109375,0.9769595265388489,92.53288060426712,32.0,0.0,40.7,40.7,0.0,0.0,400.0,1.0,148.30201354980468,708608
347,710656,935.5588046347267,1983,-0.0014054439088795334,4.280381627380848,0.5349066909402609,0.0024364095952478237,0.0272216796875,0.9695937037467957,86.98816710710526,32.0,0.0,41.08,41.08,0.0,0.0,400.0,1.0,149.78076202392577,710656
348,712704,935.4780773265255,1989,0.0029587334720417857,4.855112746357918,0.48778784554451704,0.00591369020548882,0.0633544921875,0.9713241457939148,68.48642536997795,32.0,0.0,40.8,40.8,0.0,0.0,400.0,1.0,148.5166244506836,712704
349,714752,935.4073078444667,1993,-0.0033956955012399703,4.3064831122756,0.549798808991909,0.005094153275422286,0.0672607421875,0.966431200504303,76.40347865223885,32.0,0.0,40.86,40.86,0.0,0.0,400.0,1.0,148.64435546875,714752
350,716800,935.3770445108102,1997,-0.0005955981032457203,4.458432346582413,0.5557129103690386,0.004344366570876446,0.0560302734375,0.9666010141372681,62.25442731380463,32.0,0.0,41.12,41.12,0.0,0.0,400.0,1.0,149.64126724243164,716800
351,718848,935.2493844280823,2005,0.0036310599971329793,4.595138840377331,0.5028944658115506,0.005092482489999384,0.06201171875,0.9762239456176758,99.71245729923248,32.0,0.0,41.0,41.0,0.0,0.0,400.0,1.0,149.1611006164551,718848
352,720896,935.2935581209749,2009,0.0010001238551922143,3.894557185471058,0.4984008790925145,0.0051915860021836124,0.0615234375,0.9711466431617737,86.15910765528679,32.0,0.0,40.12,40.12,0.0,0.0,400.0,1.0,146.2742813873291,720896
353,722944,935.2939634179439,2012,-0.0018842544668586925,2.4097636342048645,0.5308147137984633,0.0022507183530251496,0.0233154296875,0.9778614044189453,59.71169951558113,32.0,0.0,39.84,39.84,0.0,0.0,400.0,1.0,145.12695747375489,722944
354,724992,935.2575621453819,2021,0.003265170773374848,3.930223435163498,0.5379858538508415,0.006689183719572611,0.0665283203125,0.9791967868804932,107.86899828910828,32.0,0.0,39.98,39.98,0.0,0.0,400.0,1.0,145.39663520812988,724992
355,727040,935.2386665121763,2025,0.00039213470881804824,3.619686834514141,0.4718417236581445,0.005546069412957877,0.0633544921875,0.9753404855728149,104.48623386025429,32.0,0.0,40.0,40.0,0.0,0.0,400.0,1.0,145.4407886505127,727040
356,729088,935.2196084877743,2028,-0.0032498225482413545,4.130744531750679,0.4834269592538476,0.0037903622214798816,0.04541015625,0.9677958488464355,75.1552864909172,32.0,0.0,40.12,40.12,0.0,0.0,400.0,1.0,145.64128379821778,729088
357,731136,935.1569504748569,2035,-0.0006863759335828945,3.242604173719883,0.5114330910146236,0.0018680596185731702,0.0211181640625,0.9823644757270813,80.15690177679062,32.0,0.0,40.28,40.28,0.0,0.0,400.0,1.0,146.43624382019044,731136
358,733184,935.3273990366284,2041,-0.00105863471981138,3.856123723089695,0.4449149528518319,0.003289443178800866,0.0445556640625,0.9719969630241394,118.82354962825775,32.0,0.0,40.58,40.58,0.0,0.0,400.0,1.0,147.6303554534912,733184
359,735232,935.2983051925173,2043,-0.0005722853093175218,3.519569955766201,0.5308095654472709,0.007717395979852881,0.0687255859375,0.9701299667358398,53.78125748038292,32.0,0.0,40.44,40.44,0.0,0.0,400.0,1.0,147.1356957244873,735232
360,737280,935.2890286685449,2050,-0.0008217594877351075,2.9905724972486496,0.48695350531488657,0.0037542189747910015,0.040283203125,0.9844360947608948,90.26575395464897,32.0,0.0,40.48,40.48,0.0,0.0,400.0,1.0,147.0106729888916,737280
361,739328,935.1313867801939,2055,0.0012731799361063167,2.62801706045866,0.4775051958858967,0.00559932929900242,0.069580078125,0.9852660894393921,34.01301850378513,32.0,0.0,41.06,41.06,0.0,0.0,400.0,1.0,149.18547004699707,739328
362,741376,935.1341167300706,2059,0.0018055160180665553,4.140806719660759,0.4402915332466364,0.0057999174314318225,0.069091796875,0.9727984666824341,74.13725757598877,32.0,0.0,41.66,41.66,0.0,0.0,400.0,1.0,151.06395889282226,741376
363,743424,935.7065476648282,2064,0.014140806533396244,4.1844611167907715,0.5310150265693665,0.013222695747390389,0.1046875,0.9745380282402039,93.3083740234375,5.0,1.0,42.1,42.1,0.0,0.0,400.0,1.0,153.04319076538087,743424
364,745472,935.6873028228969,2070,-0.0002892176853492856,4.908164277672768,0.5139190573245287,0.00459523503377568,0.0589599609375,0.9719476103782654,134.71062088012695,32.0,0.0,42.26,42.26,0.0,0.0,400.0,1.0,153.9436604309082,745472
365,747520,935.5170716174467,2075,-0.0030892050854163244,3.365737736225128,0.45375992450863123,0.0025577477499609813,0.0318603515625,0.973606288433075,114.3730360865593,32.0,0.0,41.74,41.74,0.0,0.0,400.0,1.0,152.0686777496338,747520
366,749568,935.5724014914174,2080,-0.0036258230975363404,2.3071237094700336,0.5375829981639981,0.003844559490971733,0.05224609375,0.9833961129188538,41.00563195347786,32.0,0.0,41.6,41.6,0.0,0.0,400.0,1.0,151.76164024353028,749568
367,751616,935.552159489461,2085,0.00062130946025718,3.7637159898877144,0.4925141464918852,0.0031802182202227414,0.0379638671875,0.9782857298851013,109.162000477314,32.0,0.0,41.38,41.38,0.0,0.0,400.0,1.0,150.91186027526857,751616
368,753664,935.5242569747555,2090,-0.0018681547662708908,2.3773880936205387,0.491742517799139,0.0069861654556007124,0.070556640625,0.9825685024261475,38.322339445352554,32.0,0.0,41.42,41.42,0.0,0.0,400.0,1.0,151.30709861755372,753664
369,755712,935.4419114502476,2096,-0.00027539129951037467,2.4394431337714195,0.5212270226329565,0.005176563201530371,0.0518798828125,0.983323872089386,62.38192564249039,32.0,0.0,41.58,41.58,0.0,0.0,400.0,1.0,152.13651176452638,755712
370,757760,935.385245522546,2101,0.0007026490347925574,3.0003621131181717,0.42479571513831615,0.007657241621927824,0.06982421875,0.9813461899757385,83.23782449960709,32.0,0.0,41.62,41.62,0.0,0.0,400.0,1.0,152.37354331970215,757760
371,759808,935.408300690185,2105,-0.0011654655681923032,3.71735829859972,0.4644246166571975,0.0069159669073997065,0.0755615234375,0.9746189117431641,185.38718968629837,32.0,0.0,41.42,41.42,0.0,0.0,400.0,1.0,151.60716667175294,759808
372,761856,935.5626668026622,2111,0.002633775438880548,2.335353311151266,0.5613197032362223,0.006292873244092334,0.0640869140625,0.9835190176963806,57.315150678157806,32.0,0.0,41.38,41.38,0.0,0.0,400.0,1.0,151.25748893737793,761856
373,763904,935.5592068554839,2117,-0.005005368526326492,3.407701976597309,0.47875413205474615,0.0053112236491870135,0.054931640625,0.9810729026794434,92.20587056875229,32.0,0.0,41.18,41.18,0.0,0.0,400.0,1.0,150.37162376403808,763904
374,765952,936.0192177019438,2121,0.008723400429719023,3.09956693649292,0.5023585425482856,0.015897060537503824,0.13020833333333334,0.9805446863174438,141.55690998501248,9.0,1.0,41.76,41.76,0.0,0.0,400.0,1.0,152.18776489257812,765952
375,768000,936.0204133838496,2125,-0.0011189443321200088,2.911829926073551,0.5560955964028835,0.0026041642486234196,0.0299072265625,0.9770261645317078,80.83357447385788,32.0,0.0,42.02,42.02,0.0,0.0,400.0,1.0,153.1027981567383,768000
376,770048,936.0017097468552,2133,-0.00042753576417453587,2.889259956777096,0.5293212877586484,0.0025574119499651715,0.0302734375,0.985933780670166,105.09122145175934,32.0,0.0,42.26,42.26,0.0,0.0,400.0,1.0,153.7146371459961,770048
377,772096,936.0183203300161,2137,-0.00211452830262715,3.1672314926981926,0.5224907882511616,0.002492430641723331,0.028564453125,0.9771543741226196,107.37608766555786,32.0,0.0,42.54,42.54,0.0,0.0,400.0,1.0,154.8004916381836,772096
378,774144,935.9504187292117,2140,0.0023059158702380955,2.321720875799656,0.5372333228588104,0.010440051984915044,0.1201171875,0.9821415543556213,69.53138665854931,32.0,0.0,42.42,42.42,0.0,0.0,400.0,1.0,153.99446197509766,774144
379,776192,935.9982155416906,2149,0.00011794827878475189,2.9214731976389885,0.5636365544050932,0.004764695135236252,0.05322265625,0.9861959218978882,91.54450127482414,32.0,0.0,42.02,42.02,0.0,0.0,400.0,1.0,152.42226867675782,776192
380,778240,936.3248443006246,2153,0.007925015718986591,3.0223231514294944,0.49370315422614414,0.013806402683258057,0.123046875,0.9798553586006165,109.956525405248,12.0,1.0,42.1,42.1,0.0,0.0,400.0,1.0,152.65578399658204,778240
381,780288,936.3952366151198,2156,0.002371713751927018,2.870691180229187,0.6071162838488817,0.0077668778103543445,0.0849609375,0.9822095036506653,79.9966087937355,32.0,0.0,42.0,42.0,0.0,0.0,400.0,1.0,152.27981658935548,780288
382,782336,936.3749373036691,2163,0.001986605246202089,3.691474989056587,0.5732389912009239,0.010249867314996663,0.09716796875,0.9755285382270813,110.19115561246872,32.0,0.0,41.92,41.92,0.0,0.0,400.0,1.0,152.15087509155273,782336
383,784384,936.3113084974575,2169,0.0021618848259095103,5.692659258842468,0.5647850222885609,0.005614337227598298,0.0679931640625,0.9692823886871338,90.29304572939873,32.0,0.0,41.72,41.72,0.0,0.0,400.0,1.0,151.52427688598632,784384
384,786432,936.1205484219046,2171,-0.0015964674967108294,5.187435135245323,0.5729153230786324,0.0033203586426679976,0.0408935546875,0.9718239903450012,85.99824059009552,32.0,0.0,41.78,41.78,0.0,0.0,400.0,1.0,151.7905989074707,786432
385,788480,936.031590761582,2178,-0.002011508448049426,4.058467507362366,0.5860628392547369,0.0033021722265402786,0.037353515625,0.9793142080307007,52.869101881980896,32.0,0.0,41.64,41.64,0.0,0.0,400.0,1.0,151.3077311706543,788480
386,790528,935.9825510850521,2183,0.007963328331243247,3.445399858057499,0.5168486945331097,0.012058359949151054,0.1103515625,0.9765804409980774,99.70419865846634,32.0,0.0,41.22,41.22,0.0,0.0,400.0,1.0,149.9703010559082,790528
387,792576,936.4628333326705,2187,0.0027495160466060042,2.6084288954734802,0.4891344830393791,0.01018849087995477,0.08447265625,0.9811413288116455,79.31743097305298,8.0,1.0,40.92,40.92,0.0,0.0,400.0,1.0,148.94581405639647,792576
388,794624,936.5047531804788,2192,0.0025475375005044043,2.5873610600829124,0.5594697892665863,0.0056945616597658955,0.0592041015625,0.9858652949333191,70.48639473319054,32.0,0.0,40.9,40.9,0.0,0.0,400.0,1.0,148.8946910095215,794624
389,796672,936.5542240524477,2198,-0.0005859181837877259,5.212035045027733,0.5559245720505714,0.00523571643861942,0.064453125,0.9688208699226379,93.67105323076248,32.0,0.0,40.84,40.84,0.0,0.0,400.0,1.0,148.65149444580078,796672
390,798720,936.6404365046492,2203,0.00026066483070070925,5.376041889190674,0.5788633960943955,0.008829033503738733,0.07962740384615384,0.9678699970245361,53.16887143942026,26.0,1.0,40.92,40.92,0.0,0.0,400.0,1.0,149.20789123535155,798720
391,800768,936.6447206250783,2208,0.0006084365304559469,3.811662346124649,0.6096022464334965,0.01067069041164359,0.1070556640625,0.9767694473266602,65.85615193843842,32.0,0.0,40.86,40.86,0.0,0.0,400.0,1.0,148.8711492919922,800768
392,802816,936.5933345959521,2213,0.0036125341430306435,4.870836392045021,0.584604799747467,0.00624664480710635,0.079345703125,0.979850172996521,127.20450422167778,32.0,0.0,40.62,40.62,0.0,0.0,400.0,1.0,147.9248434448242,802816
393,804864,936.5298685666506,2218,0.0005755599413532764,4.671387664973736,0.5747671201825142,0.006804748256399762,0.0709228515625,0.9657551646232605,112.60333368182182,32.0,0.0,40.62,40.62,0.0,0.0,400.0,1.0,147.8424447631836,804864
394,806912,936.4667124662637,2224,-0.0039341522788163275,4.326037280261517,0.5874045733362436,0.0056248910404974595,0.0670166015625,0.975343644618988,50.685941860079765,32.0,0.0,39.94,39.94,0.0,0.0,400.0,1.0,145.66350917816163,806912
395,808960,936.6812876568363,2229,0.003483662428334355,3.29713796377182,0.5036616057157517,0.008042059023864567,0.06015625,0.9849042892456055,56.443350601196286,20.0,1.0,39.68,39.68,0.0,0.0,400.0,1.0,144.66704433441163,808960
396,811008,936.6097984872382,2233,0.0016885538934729993,2.8789538890123367,0.523820785805583,0.008975898279459216,0.0826416015625,0.9832339882850647,92.82867941260338,32.0,0.0,40.36,40.36,0.0,0.0,400.0,1.0,147.12287258148194,811008
397,813056,936.6120945579299,2239,-0.0035700300795724615,3.6801657155156136,0.6320500392466784,0.0035845698293996975,0.040283203125,0.9778763651847839,70.07901003956795,32.0,0.0,40.5,40.5,0.0,0.0,400.0,1.0,147.47867458343507,813056
398,815104,936.7920305663064,2245,0.007580938076393472,5.606480836868286,0.5519774423705207,0.006709238979965448,0.06640625,0.9721066355705261,145.78017404344348,18.0,1.0,40.18,40.18,0.0,0.0,400.0,1.0,146.573553276062,815104
399,817152,936.6955423800414,2249,0.0008142129809129983,4.39801474660635,0.48319256491959095,0.009555965996696614,0.097900390625,0.9686854481697083,78.48956173658371,32.0,0.0,39.92,39.92,0.0,0.0,400.0,1.0,145.68333629608154,817152
400,819200,936.6318013121586,2253,0.005282104088109918,3.3010114133358,0.5476881973445415,0.006484051242296118,0.06494140625,0.9759235978126526,52.124513655900955,32.0,0.0,39.98,39.98,0.0,0.0,400.0,1.0,145.73472911834716,819200
401,821248,936.4511329481265,2261,0.009938218718161806,4.594366796314716,0.5308955945074558,0.01084803569392534,0.099609375,0.9781211018562317,80.80460566282272,32.0,0.0,40.22,40.22,0.0,0.0,400.0,1.0,146.5932278060913,821248
402,823296,936.2980954924521,2265,-0.001646262564463541,4.240546390414238,0.5303362617269158,0.003496305726002902,0.0404052734375,0.9684414267539978,55.83084487915039,32.0,0.0,40.04,40.04,0.0,0.0,400.0,1.0,146.03419719696046,823296
403,825344,936.2308319242501,2268,-0.0006907649803906679,4.165204577147961,0.5627975761890411,0.0036729796993313357,0.036865234375,0.97712242603302,68.32480591535568,32.0,0.0,40.38,40.38,0.0,0.0,400.0,1.0,147.25146465301515,825344
404,827392,936.2480019218177,2277,-0.0031114639568841085,3.3451297730207443,0.5228163693100214,0.003675765183288604,0.0443115234375,0.9856389164924622,96.06168457865715,32.0,0.0,41.38,41.38,0.0,0.0,400.0,1.0,150.6166555786133,827392
405,829440,936.2841465786345,2281,-0.0023083230771590024,2.8996157720685005,0.46164161898195744,0.00222484850382898,0.0244140625,0.9822255373001099,79.5434612929821,32.0,0.0,41.4,41.4,0.0,0.0,400.0,1.0,150.51828125,829440
406,831488,936.2337799075472,2284,-0.002227418328402564,3.6614939272403717,0.5011748457327485,0.002957812241220381,0.0347900390625,0.9784986972808838,69.66119259595871,32.0,0.0,41.28,41.28,0.0,0.0,400.0,1.0,150.09494720458986,831488
407,833536,936.2336697503888,2291,-0.0018416503444314003,2.0584190636873245,0.5539669618010521,0.004735543167043943,0.0517578125,0.9910160303115845,52.65501666069031,32.0,0.0,41.58,41.58,0.0,0.0,399.3,1.0,151.48265289306642,833536
408,835584,936.2529492084554,2297,0.0006211352301761508,2.6366401463747025,0.5001617819070816,0.003909324484993704,0.0458984375,0.9840710163116455,88.0354251563549,32.0,0.0,41.5,41.5,0.0,0.0,399.3,1.0,151.0283868408203,835584
409,837632,936.2228593943544,2299,0.0011507318122312427,3.232623726129532,0.5182631062343717,0.006217415815626737,0.0662841796875,0.9810327887535095,95.05079942941666,32.0,0.0,42.06,42.06,0.0,0.0,399.3,1.0,152.87480529785157,837632
410,839680,936.6473463784475,2306,0.006404368765652179,3.0681386470794676,0.5582353234291076,0.014806416444480419,0.10546875,0.9877108335494995,143.82331733703614,10.0,1.0,42.5,42.5,0.0,0.0,399.3,1.0,154.65604217529298,839680
411,841728,936.5685270682422,2311,-0.002933621173724532,3.6054623499512672,0.5201048608869314,0.0036592578180716373,0.0406494140625,0.9840641021728516,173.11020374298096,32.0,0.0,42.74,42.74,0.0,0.0,399.3,1.0,155.7531524658203,841728
412,843776,936.5059644849915,2315,-0.0012698415957856923,2.7246286496520042,0.5043880306184292,0.002437661139992997,0.02490234375,0.983116626739502,90.94938468933105,32.0,0.0,42.86,42.86,0.0,0.0,399.3,1.0,155.9840870666504,843776
413,845824,936.447148372352,2321,3.1393326935358346e-05,2.1011808291077614,0.5693510062992573,0.002846777562808711,0.0264892578125,0.9899880290031433,82.34679672122002,32.0,0.0,42.38,42.38,0.0,0.0,399.3,1.0,154.18303970336913,845824
414,847872,936.4982729915343,2326,0.0006341281405184418,4.319955289363861,0.46539486944675446,0.0045392429528874345,0.0460205078125,0.9775086641311646,97.83763721585274,32.0,0.0,42.42,42.42,0.0,0.0,399.3,1.0,154.41303955078126,847872
415,849920,936.4132906085385,2331,-0.0017574184748809785,2.4567416310310364,0.4334944151341915,0.003075480883126147,0.0347900390625,0.9856157898902893,60.354954451322556,32.0,0.0,42.38,42.38,0.0,0.0,399.3,1.0,154.36935943603515,849920
416,851968,936.3736103759277,2337,-0.001338539062999189,2.56173587590456,0.5868954844772816,0.00518502332852222,0.0557861328125,0.9859217405319214,43.266464084386826,32.0,0.0,42.1,42.1,0.0,0.0,399.3,1.0,153.19606750488282,851968
417,854016,936.2997744271474,2341,-0.004161775810644031,5.063591405749321,0.5028663147240877,0.004189692495856434,0.0408935546875,0.9800800085067749,88.40469917654991,32.0,0.0,41.94,41.94,0.0,0.0,400.0,1.0,152.12192016601563,854016
418,856064,936.2567457564759,2346,-0.0010801551688928157,5.824447423219681,0.5414262386038899,0.0035619761038105935,0.0384521484375,0.9665690660476685,92.32936137914658,32.0,0.0,42.62,42.62,0.0,0.0,400.0,1.0,154.65018157958986,856064
419,858112,936.2124100823958,2352,-0.0001432632125215605,4.742161795496941,0.5524727702140808,0.005650811333907768,0.06201171875,0.9722069501876831,37.291953176259995,32.0,0.0,41.72,41.72,0.0,0.0,400.0,1.0,151.42367057800294,858112
420,860160,936.1616317941703,2357,0.0008441556710749865,5.354003384709358,0.43708757497370243,0.002010829011851456,0.020751953125,0.9695958495140076,95.66306471824646,32.0,0.0,40.84,40.84,0.0,0.0,400.0,1.0,148.61409336090088,860160
421,862208,936.0878874915035,2361,0.0027662010543281212,3.389139972627163,0.5106164729222655,0.004844480972678866,0.05810546875,0.9832942485809326,113.24221301078796,32.0,0.0,40.82,40.82,0.0,0.0,400.0,1.0,148.43251682281493,862208
422,864256,935.9186088207427,2367,-0.00042400878737680614,3.1563705280423164,0.554387703537941,0.003001869823492598,0.03466796875,0.9788016676902771,59.90300688147545,32.0,0.0,41.34,41.34,0.0,0.0,400.0,1.0,150.60466922760008,864256
423,866304,935.934488396855,2373,-0.002470573046593927,3.4084236323833466,0.4545050784945488,0.0033453559881309047,0.0360107421875,0.9827154874801636,77.04030072689056,32.0,0.0,41.08,41.08,0.0,0.0,400.0,1.0,149.80533786773682,866304
424,868352,935.9750789103758,2377,-0.0007401168986689299,2.01895185559988,0.46060231421142817,0.005399457128078211,0.057373046875,0.9880015850067139,70.11381550133228,32.0,0.0,41.18,41.18,0.0,0.0,400.0,1.0,150.61409152984618,868352
425,870400,935.9453086559797,2381,-0.003947189630707726,2.710593394935131,0.5579276755452156,0.007085654608090408,0.0755615234375,0.9811262488365173,77.92740225791931,32.0,0.0,41.18,41.18,0.0,0.0,400.0,1.0,150.6212219619751,870400
426,872448,936.2718315115131,2389,0.017683922990479252,4.037578019228849,0.5051497681574388,0.010780044175176457,0.08842329545454546,0.9808329939842224,73.54918011752042,11.0,1.0,41.34,41.34,0.0,0.0,400.0,1.0,151.39512363433838,872448
427,874496,936.1923082188538,2393,0.000694864138495177,3.323525719344616,0.5041178073734045,0.00852976793248672,0.087890625,0.9834638237953186,128.18674406409264,32.0,0.0,41.0,41.0,0.0,0.0,400.0,1.0,150.00963077545165,874496
428,876544,936.6980661696576,2396,-0.0021107079373905435,2.866311952471733,0.484824295155704,0.001644092561036814,0.0184326171875,0.9783079028129578,50.90497174859047,32.0,0.0,40.46,40.46,0.0,0.0,400.0,1.0,148.1809761428833,876544
429,878592,936.7604516037906,2405,-0.0028422183531802148,2.6239296570420265,0.4719118447974324,0.0029153811192372814,0.0322265625,0.9889124035835266,83.82107008993626,32.0,0.0,41.96,41.96,0.0,0.0,400.0,1.0,153.33003158569335,878592
430,880640,936.7825901250509,2409,0.001184706372441724,2.057079739868641,0.4156835060566664,0.00730277370166732,0.0728759765625,0.9890189170837402,75.89740726351738,32.0,0.0,41.88,41.88,0.0,0.0,400.0,1.0,152.97807205200195,880640
431,882688,937.2254272457899,2412,-0.0005669436213793233,2.4135427698493004,0.50754040107131,0.003490581591904629,0.0347900390625,0.9846341609954834,60.41818302869797,32.0,0.0,41.86,41.86,0.0,0.0,400.0,1.0,152.95665298461915,882688
432,884736,937.3944007623282,2419,-0.0008389066788367927,2.0786272808909416,0.5236037699505687,0.004547422497125808,0.046630859375,0.9916810989379883,75.76584962010384,32.0,0.0,42.52,42.52,0.0,0.0,400.0,1.0,155.29868728637695,884736
433,886784,937.4782868316586,2425,-0.000257759602391161,4.904215060174465,0.4783112136647105,0.004528386351012159,0.0474853515625,0.9761733412742615,56.37685686349869,32.0,0.0,42.7,42.7,0.0,0.0,400.0,1.0,155.82836532592773,886784
434,888832,937.4235331130885,2427,0.00304693313955795,5.5339225977659225,0.4660810511559248,0.007124656440282706,0.07373046875,0.9695237874984741,102.66303777694702,32.0,0.0,42.64,42.64,0.0,0.0,400.0,1.0,155.38567947387696,888832
435,890880,937.4078540171091,2434,-0.0027985647175228223,4.850640259683132,0.5082903569564223,0.00263706685109355,0.0318603515625,0.9764860272407532,64.95840308070183,32.0,0.0,41.8,41.8,0.0,0.0,400.0,1.0,152.44024894714354,890880
436,892928,937.3708364563926,2439,-0.0016201707039726898,4.112158536911011,0.4263851474970579,0.0033502375154057518,0.03564453125,0.974544107913971,55.93156152963638,32.0,0.0,42.2,42.2,0.0,0.0,400.0,1.0,154.19251792907716,892928
437,894976,937.3490229546626,2443,-0.0018862101715058088,2.311372347176075,0.4887516601011157,0.003128875898255501,0.03466796875,0.9881182312965393,99.59833931922913,32.0,0.0,42.46,42.46,0.0,0.0,400.0,1.0,155.19975517272948,894976
438,897024,937.4555097782369,2449,-0.0010056052124127746,2.4032281264662743,0.4860557094216347,0.007496779086068273,0.0665283203125,0.9895839095115662,51.618486136198044,32.0,0.0,42.94,42.94,0.0,0.0,400.0,1.0,157.00446296691894,897024
439,899072,937.4421786703496,2454,0.00031739354017190635,3.667039006948471,0.44784083496779203,0.00431831406604033,0.0455322265625,0.9803360104560852,76.29275065660477,32.0,0.0,43.08,43.08,0.0,0.0,400.0,1.0,157.36591438293456,899072
440,901120,937.4400517391898,2459,0.0006649200804531574,4.062465138733387,0.5152280665934086,0.004997458221623674,0.05126953125,0.9810264706611633,114.26198697090149,32.0,0.0,43.42,43.42,0.0,0.0,400.0,1.0,158.8895499420166,901120
441,903168,937.420953723832,2465,-0.0005123410695071878,4.234719802593363,0.5760174763613733,0.005301849932634625,0.048356681034482756,0.9823949933052063,62.2366954211531,29.0,1.0,43.26,43.26,0.0,0.0,400.0,1.0,158.0689087677002,903168
442,905216,937.6954555674944,2469,0.012249686253758578,4.981577176314134,0.4626716948472537,0.008178519496980768,0.07241586538461539,0.9745290279388428,64.54399490356445,13.0,1.0,43.12,43.12,0.0,0.0,400.0,1.0,157.35176643371582,905216
443,907264,937.7005762040422,2474,-0.006638493141508661,5.666337803006172,0.47610190976411104,0.009460825080168433,0.0836181640625,0.9701658487319946,89.37469529360533,32.0,0.0,43.02,43.02,0.0,0.0,400.0,1.0,157.0017960357666,907264
444,909312,937.7232286042783,2480,0.002799486625008285,4.221762865781784,0.49543831404298544,0.007286555308382958,0.075927734375,0.9818696975708008,82.31533813476562,32.0,0.0,42.78,42.78,0.0,0.0,400.0,1.0,156.3647617340088,909312
445,911360,937.6793936704785,2485,-0.0016211449983529747,4.1039474457502365,0.40627096593379974,0.0023884269248810597,0.0281982421875,0.9775180816650391,81.33362543582916,32.0,0.0,42.48,42.48,0.0,0.0,400.0,1.0,155.17137626647948,911360
446,913408,937.6751828873861,2489,-0.0012435222161002457,3.2498794347047806,0.4423617413267493,0.0019476743254926987,0.021484375,0.9806619882583618,104.61425828933716,32.0,0.0,42.46,42.46,0.0,0.0,400.0,1.0,154.95889549255372,913408
447,915456,937.6802545556535,2495,-0.00343368633184582,2.395740695297718,0.4842450153082609,0.004609628333128057,0.037841796875,0.9875897765159607,59.02388846874237,32.0,0.0,42.32,42.32,0.0,0.0,400.0,1.0,154.57981224060057,915456
448,917504,937.6274507475428,2501,-0.001333362888544798,1.8753714188933372,0.4355360046029091,0.005506912006239872,0.0556640625,0.9930370450019836,67.15545125305653,32.0,0.0,42.68,42.68,0.0,0.0,400.0,1.0,155.80141807556151,917504
449,919552,937.5943646620746,2505,-0.0030160861933836713,2.4991443157196045,0.3983511598780751,0.0027083401728305034,0.02978515625,0.9858191609382629,67.9390200972557,32.0,0.0,42.54,42.54,0.0,0.0,400.0,1.0,155.13715538024903,919552
450,921600,937.5886038075056,2509,0.0010080184729304165,2.3345748856663704,0.4385655280202627,0.007328356608923059,0.06396484375,0.9835419058799744,66.241789996624,32.0,0.0,42.54,42.54,0.0,0.0,400.0,1.0,154.94624656677246,921600
451,923648,937.5006585019927,2517,-0.001422849134542048,1.8221720568835735,0.41103687323629856,0.0032846103495103307,0.0340576171875,0.9933356046676636,97.31619292497635,32.0,0.0,42.7,42.7,0.0,0.0,400.0,1.0,155.74101707458496,923648
452,925696,937.4838191956404,2521,-0.003342310374137014,2.407669559121132,0.430089701898396,0.0041974723135354,0.05517578125,0.9863336086273193,97.89694738388062,32.0,0.0,42.82,42.82,0.0,0.0,400.0,1.0,156.3507692718506,925696
453,927744,937.4432363782793,2524,-0.00323705212213099,2.1565891318023205,0.4697510488331318,0.002429208718240261,0.0284423828125,0.9855537414550781,93.8517929315567,32.0,0.0,42.88,42.88,0.0,0.0,400.0,1.0,156.67372886657714,927744
454,929792,937.3526887040288,2533,-0.0019104851526208222,2.3342744037508965,0.4420530954375863,0.0016922511858865619,0.01904296875,0.9915449023246765,88.34683731198311,32.0,0.0,44.02,44.02,0.0,0.0,400.0,1.0,160.77585433959962,929792
455,931840,937.2992072602274,2537,-0.0017991807835642248,2.1625633984804153,0.43700330797582865,0.006419878205633722,0.069580078125,0.9874650835990906,72.6163138449192,32.0,0.0,44.44,44.44,0.0,0.0,400.0,1.0,162.30535369873047,931840
456,933888,937.2155504037133,2540,0.0004394246934680268,2.1428023353219032,0.46858518011868,0.005489064104040153,0.0576171875,0.9879723191261292,94.20078447461128,32.0,0.0,44.54,44.54,0.0,0.0,400.0,1.0,162.77619689941406,933888
457,935936,937.2061934866492,2547,0.0026939422969007865,2.6567046344280243,0.43543113861232996,0.005318994153640233,0.0439453125,0.9902097582817078,94.10280276834965,32.0,0.0,44.56,44.56,0.0,0.0,400.0,1.0,163.14990844726563,935936
458,937984,937.1421457620498,2553,0.0008688923408044502,2.150135461241007,0.4382801130414009,0.010341329674702138,0.0911865234375,0.9883020520210266,66.93444895744324,32.0,0.0,44.46,44.46,0.0,0.0,400.0,1.0,162.83129364013672,937984
459,940032,937.1057696556562,2555,-7.33604101696983e-05,2.9613711163401604,0.4193848501890898,0.002830834717315156,0.031005859375,0.9858483672142029,118.1247678399086,32.0,0.0,44.32,44.32,0.0,0.0,400.0,1.0,162.28749572753907,940032
460,942080,937.1632687943596,2562,0.000695562906912528,2.485555622726679,0.4822930349037051,0.004082499050127808,0.0360107421875,0.9895399808883667,72.39587593078613,32.0,0.0,44.28,44.28,0.0,0.0,400.0,1.0,162.36461944580077,942080
461,944128,937.1055912837264,2567,0.004975568095687777,7.268819808959961,0.4949992587789893,0.01012103573884815,0.0989990234375,0.9737072587013245,141.108547270298,32.0,0.0,44.16,44.16,0.0,0.0,400.0,1.0,161.80001586914062,944128
462,946176,937.0435859782501,2571,0.009897083829855546,3.923618398606777,0.48184772580862045,0.011368452484020963,0.093994140625,0.9818386435508728,93.70073887705803,32.0,0.0,43.88,43.88,0.0,0.0,400.0,1.0,160.47895263671876,946176
463,948224,936.9389360702305,2577,0.004488250851863995,3.8462108969688416,0.4922197060659528,0.0036286752074374817,0.044921875,0.9820610880851746,81.46452540159225,32.0,0.0,43.12,43.12,0.0,0.0,400.0,1.0,157.70986770629884,948224
464,950272,936.9572477713866,2582,0.0018155910074710846,2.9358456432819366,0.411149924620986,0.004471546140848659,0.051513671875,0.9860227704048157,113.17706042528152,32.0,0.0,43.28,43.28,0.0,0.0,400.0,1.0,158.5140510559082,950272
465,952320,936.906571659404,2587,-0.0021938500576652586,1.613685056567192,0.42496722005307674,0.006269486060773488,0.067626953125,0.9913356900215149,67.92564591765404,32.0,0.0,43.14,43.14,0.0,0.0,400.0,1.0,157.8118913269043,952320
466,954368,936.8818716015196,2593,-0.002294559744768776,1.3850486725568771,0.4863021448254585,0.00157108559506014,0.0174560546875,0.9940103888511658,46.61507406830788,32.0,0.0,43.12,43.12,0.0,0.0,400.0,1.0,157.66075302124023,954368
467,956416,936.837183958857,2597,-0.00027548926300369203,2.4947144463658333,0.4014868410304189,0.003399236942641437,0.041015625,0.9884135723114014,71.31917521357536,32.0,0.0,42.96,42.96,0.0,0.0,400.0,1.0,156.5605924987793,956416
468,958464,936.7574585069354,2602,-0.0016601508104940876,2.067369718104601,0.425383685156703,0.0021495400796993636,0.02294921875,0.9892279505729675,88.95786254107952,32.0,0.0,42.94,42.94,0.0,0.0,400.0,1.0,156.64366165161132,958464
469,960512,936.724101492616,2608,-0.0022646622091997415,2.028636198490858,0.4333830224350095,0.004295312683098018,0.047119140625,0.9893118143081665,56.77764809131622,32.0,0.0,43.0,43.0,0.0,0.0,400.0,1.0,156.77974197387695,960512
470,962560,936.6901716281294,2613,0.0009315008210251108,2.2115667909383774,0.3830908536911011,0.006127366817963775,0.0521240234375,0.9919232726097107,87.55636987090111,32.0,0.0,43.02,43.02,0.0,0.0,400.0,1.0,156.75666732788085,962560
471,964608,936.6754501749998,2617,0.00016654495266266167,2.3332033567130566,0.4269844125956297,0.0013653832575073466,0.0159912109375,0.9852460622787476,102.0427109003067,32.0,0.0,43.26,43.26,0.0,0.0,400.0,1.0,157.81110397338867,964608
472,966656,936.6537587937823,2623,-0.0025116362667176872,2.6638575419783592,0.4997702669352293,0.0032052413080236875,0.0328369140625,0.985922634601593,74.21860271692276,32.0,0.0,43.22,43.22,0.0,0.0,400.0,1.0,157.8347282409668,966656
473,968704,936.5879844089455,2629,0.0016460936749354005,2.762333355844021,0.3832108872011304,0.002147015489754267,0.0234375,0.9899268746376038,134.5519602894783,32.0,0.0,43.86,43.86,0.0,0.0,400.0,1.0,160.04309020996095,968704
474,970752,936.6039144472023,2633,-0.0010921566281467676,2.1575025282800198,0.398206758312881,0.003350343096826691,0.034423828125,0.9889036417007446,86.55151438713074,32.0,0.0,43.84,43.84,0.0,0.0,400.0,1.0,160.31373962402344,970752
475,972800,936.6344251594488,2637,0.0002455781796015799,2.297379281371832,0.45635934732854366,0.005878244533960242,0.048828125,0.9895176291465759,63.71535359323025,32.0,0.0,43.88,43.88,0.0,0.0,400.0,1.0,160.5253778076172,972800
476,974848,936.5834672856157,2645,0.0001714821846690029,2.376291550695896,0.38282847311347723,0.007230694369354751,0.066650390625,0.9917812347412109,83.66317042708397,32.0,0.0,43.96,43.96,0.0,0.0,400.0,1.0,160.94431427001953,974848
477,976896,936.52778580545,2649,-0.0014340512425405905,2.511655241250992,0.39259440917521715,0.0028846983404946513,0.0361328125,0.9869706630706787,97.22141256928444,32.0,0.0,43.96,43.96,0.0,0.0,400.0,1.0,161.1691467285156,976896
478,978944,936.563664235905,2652,-0.00029848419944755733,1.734109092503786,0.46049722377210855,0.005365548771806061,0.0535888671875,0.9888942241668701,55.42791032791138,32.0,0.0,44.08,44.08,0.0,0.0,400.0,1.0,161.80825073242187,978944
479,980992,936.4800153651034,2661,0.0027435736265033484,1.881277121603489,0.46559693291783333,0.010408768466731999,0.084228515625,0.9937229156494141,65.97619299590588,32.0,0.0,44.48,44.48,0.0,0.0,400.0,1.0,163.57947875976564,980992
480,983040,936.8171101197022,2665,0.008586436393670738,1.780907616019249,0.3773264065384865,0.01039952613064088,0.07763671875,0.9907145500183105,92.52064895629883,8.0,1.0,44.48,44.48,0.0,0.0,400.0,1.0,163.4573031616211,983040
481,985088,936.722787293593,2668,-0.002751099455053918,2.1180440187454224,0.44315357226878405,0.0036411950350156985,0.038818359375,0.9866625070571899,90.90778905153275,32.0,0.0,44.36,44.36,0.0,0.0,400.0,1.0,162.87324096679689,985088
482,987136,936.7122507805332,2675,0.002194753004005179,2.0490175150334835,0.44034282118082047,0.007116108652553521,0.0634765625,0.9920034408569336,57.500307098031044,32.0,0.0,44.72,44.72,0.0,0.0,400.0,1.0,164.3159780883789,987136
483,989184,936.6837881209946,2681,-0.0002938093530246988,2.9422028213739395,0.37162462808191776,0.00880809601949295,0.0909423828125,0.9878823161125183,62.63268123567104,32.0,0.0,44.74,44.74,0.0,0.0,400.0,1.0,164.60702514648438,989184
484,991232,936.6805451923282,2683,0.0015939616287748018,2.257003851731618,0.418365486462911,0.0067439845763146876,0.04869791666666667,0.9910611510276794,78.54339872996012,30.0,1.0,44.74,44.74,0.0,0.0,398.84,1.0,164.42132843017578,991232
485,993280,936.629418269167,2690,-0.003740233456483111,2.489081583917141,0.4342115046456456,0.002657272227224894,0.0281982421875,0.9920865297317505,89.9233974814415,32.0,0.0,44.84,44.84,0.0,0.0,398.84,1.0,164.56673553466797,993280
486,995328,936.6229458126821,2695,-0.0016330791695509106,3.351269543170929,0.463245190680027,0.005082195057184435,0.0576171875,0.985358715057373,112.94442629814148,32.0,0.0,45.1,45.1,0.0,0.0,398.84,1.0,165.6857455444336,995328
487,997376,936.5728588794426,2699,0.005064724857220426,3.949021078646183,0.41980114486068487,0.006269762779993471,0.0621337890625,0.9786563515663147,94.65612988173962,32.0,0.0,45.22,45.22,0.0,0.0,398.84,1.0,165.91260589599608,997376
488,999424,936.5993399068681,2705,-0.0005793457239633426,4.812868021428585,0.45190320443362,0.0042150282533839345,0.049072265625,0.9788448810577393,81.04508888721466,32.0,0.0,44.62,44.62,0.0,0.0,398.84,1.0,163.73438018798828,999424
489,1001472,936.5490844844907,2710,-0.0017248582589672878,2.4418436139822006,0.3778808284550905,0.003950795027776621,0.0391845703125,0.9895520210266113,111.52591332793236,32.0,0.0,44.68,44.68,0.0,0.0,398.84,1.0,163.9467169189453,1001472
490,1003520,936.5745796776075,2715,-0.0004354509728727862,2.560783602297306,0.3704893356189132,0.0033104295216617174,0.0330810546875,0.9859349727630615,90.18866980075836,32.0,0.0,44.54,44.54,0.0,0.0,398.84,1.0,163.43176849365236,1003520
491,1005568,936.5789304257127,2721,-0.001764565473422408,1.799917321652174,0.4295598678290844,0.004457311115402263,0.0467529296875,0.9907788038253784,49.02643804252148,32.0,0.0,44.5,44.5,0.0,0.0,398.84,1.0,163.34154998779297,1005568
492,1007616,936.5443422873777,2725,-0.0015271771990228444,2.7830049470067024,0.3615576848387718,0.0025901906410581432,0.0299072265625,0.9887929558753967,111.7991701811552,32.0,0.0,44.62,44.62,0.0,0.0,398.84,1.0,163.68512573242188,1007616
493,1009664,936.464615733776,2730,-0.004973833332769573,3.5966350212693214,0.4125500777736306,0.00890634583629435,0.0643310546875,0.9821978211402893,54.57369504868984,32.0,0.0,44.56,44.56,0.0,0.0,398.84,1.0,163.01252197265626,1009664
494,1011712,936.4285226052676,2736,0.0031110906129470095,2.8870777562260628,0.45495614409446716,0.006798072725359816,0.055419921875,0.9885196685791016,80.66351342201233,32.0,0.0,44.64,44.64,0.0,0.0,400.0,1.0,163.22672790527344,1011712
495,1013760,936.3962636804342,2741,0.0007201712141977623,2.062098190188408,0.41458472050726414,0.006058889448468108,0.059814453125,0.9911498427391052,66.16129833459854,32.0,0.0,44.5,44.5,0.0,0.0,400.0,1.0,162.88437866210938,1013760
496,1015808,936.3283199402807,2746,0.001843251200625673,2.9568956419825554,0.3863984616473317,0.0031348558768513612,0.034423828125,0.9871196150779724,119.45673006772995,32.0,0.0,44.16,44.16,0.0,0.0,400.0,1.0,161.5498599243164,1015808
497,1017856,936.2925064530434,2751,-0.0013190263416618109,1.9041190519928932,0.46743084117770195,0.0034846667185775004,0.034912109375,0.9906271696090698,49.60208058357239,32.0,0.0,44.22,44.22,0.0,0.0,400.0,1.0,161.65195709228516,1017856
498,1019904,936.3427402553003,2757,0.0007606707885861397,2.230918583869934,0.443373316526413,0.01051963203586638,0.069375,0.9919803142547607,76.35434690475464,25.0,1.0,45.0,45.0,0.0,0.0,399.68,1.0,164.59416931152344,1019904
499,1021952,936.2953199180757,2762,-0.0016366053896490484,2.2252416238188744,0.4129514992237091,0.0016719982086215168,0.01708984375,0.9902275800704956,121.79432779550552,32.0,0.0,44.84,44.84,0.0,0.0,399.68,1.0,164.18119354248046,1021952
500,1024000,936.2626153506116,2765,-0.0022710527264280245,1.6366413347423077,0.5001552375033498,0.003196496909367852,0.038818359375,0.9883002042770386,96.18779242038727,32.0,0.0,45.06,45.06,0.0,0.0,399.68,1.0,165.10958435058595,1024000
501,1026048,936.2339735111871,2773,-0.0012107709189876914,2.1243025213479996,0.3852531164884567,0.0010276510583935305,0.009033203125,0.9894134402275085,126.01422145962715,32.0,0.0,45.16,45.16,0.0,0.0,399.68,1.0,165.81016174316406,1026048
502,1028096,936.1735406538578,2778,-0.0021196907036937773,1.9966120049357414,0.4131631776690483,0.0036591934476746246,0.0400390625,0.9897859692573547,104.88638779520988,32.0,0.0,44.96,44.96,0.0,0.0,399.68,1.0,165.17706329345702,1028096
503,1030144,936.1304860719175,2780,0.00016216195945162326,2.951035261154175,0.424007598310709,0.0026555223448667675,0.0291748046875,0.9809826016426086,59.95080831646919,32.0,0.0,45.0,45.0,0.0,0.0,399.68,1.0,165.32564880371095,1030144
504,1032192,936.1128323043026,2789,-0.003876362767186947,3.052523896098137,0.43486162181943655,0.0025672022020444274,0.026611328125,0.9869967103004456,74.94153836369514,32.0,0.0,45.02,45.02,0.0,0.0,399.68,1.0,165.62257598876954,1032192
505,1034240,936.0338561862496,2793,-0.004635562960174866,3.9840867295861244,0.3995491173118353,0.005702524773369078,0.05908203125,0.9762690663337708,83.72749954462051,32.0,0.0,44.68,44.68,0.0,0.0,399.68,1.0,164.45615997314454,1034240
506,1036288,936.0215735963384,2796,-0.0026984621508745477,1.574875958263874,0.40555476397275925,0.0017582484069862403,0.0166015625,0.9895365238189697,85.1393955051899,32.0,0.0,44.68,44.68,0.0,0.0,399.68,1.0,164.53417724609375,1036288
507,1038336,935.8619699396011,2803,-0.00495108964969404,2.3153541535139084,0.4012886071577668,0.0017036902354448102,0.0166015625,0.9895154237747192,39.894440323114395,32.0,0.0,44.36,44.36,0.0,0.0,399.68,1.0,163.16599853515626,1038336
508,1040384,935.7794175093534,2809,-0.0010886105010285974,2.716831363737583,0.3900343179702759,0.002083968967781402,0.0211181640625,0.9858123660087585,84.73318529129028,32.0,0.0,44.0,44.0,0.0,0.0,400.0,1.0,161.82719879150392,1040384
509,1042432,935.7172985129228,2811,0.000328246082062833,2.0036580748856068,0.3685896946117282,0.0036076850155950524,0.0377197265625,0.9893359541893005,85.36909560859203,32.0,0.0,44.24,44.24,0.0,0.0,400.0,1.0,162.83672302246094,1042432
510,1044480,935.6160616571143,2818,-0.0022906437661731616,2.6154476031661034,0.42290111631155014,0.005358459457056597,0.050048828125,0.9901890754699707,56.720733523368835,32.0,0.0,44.32,44.32,0.0,0.0,400.0,1.0,162.87564575195313,1044480
511,1046528,935.5778974303561,2823,-0.0007546377746621147,2.042308922857046,0.3904481930658221,0.003450694006460253,0.0361328125,0.9903550148010254,85.08622536063194,32.0,0.0,44.44,44.44,0.0,0.0,400.0,1.0,163.15905670166015,1046528
512,1048576,935.5937709146922,2827,6.234510510694236e-05,1.844503976404667,0.38389925565570593,0.007539165562775452,0.06982421875,0.9911535978317261,78.25131249427795,32.0,0.0,44.52,44.52,0.0,0.0,400.0,1.0,163.44343170166016,1048576
513,1050624,935.575519147948,2834,-0.0018388563767075539,1.8233055397868156,0.44126905500888824,0.001493564479460474,0.015625,0.9931169152259827,88.57258814573288,32.0,0.0,44.58,44.58,0.0,0.0,400.0,1.0,163.8052313232422,1050624
514,1052672,935.5015655194857,2838,0.0001031943247653544,1.5601618997752666,0.38681239169090986,0.0015026973633212037,0.016845703125,0.9928553104400635,107.84655439853668,32.0,0.0,44.46,44.46,0.0,0.0,400.0,1.0,163.43088745117188,1052672
515,1054720,935.5740622386755,2843,-0.0012595969601534307,2.0333470590412617,0.42149343620985746,0.003802414816163946,0.0386962890625,0.9906252026557922,88.01172834634781,32.0,0.0,45.14,45.14,0.0,0.0,400.0,1.0,166.06718322753906,1054720
516,1056768,935.5726423193039,2849,-0.0026358400646131486,2.4630872681736946,0.4163914052769542,0.0028641628814511932,0.029541015625,0.9890983700752258,68.55611011385918,32.0,0.0,45.26,45.26,0.0,0.0,400.0,1.0,166.47494842529298,1056768
517,1058816,935.5232785405506,2853,-0.0015077775024110451,2.0796679705381393,0.3979574469849467,0.009797083213925362,0.0946044921875,0.990605354309082,161.26180151104927,32.0,0.0,45.44,45.44,0.0,0.0,400.0,1.0,167.2591323852539,1058816
518,1060864,935.5144383777308,2858,-0.002829196397215128,2.1365896575152874,0.38724796660244465,0.005035505222622305,0.048095703125,0.9904624819755554,62.28089573979378,32.0,0.0,45.42,45.42,0.0,0.0,400.0,1.0,167.06273834228514,1060864
519,1062912,935.6010435918753,2864,0.015407010409981013,3.7479579257965088,0.4479496884346008,0.008439676174893974,0.06859375,0.985025942325592,79.49108589172363,25.0,1.0,45.28,45.28,0.0,0.0,400.0,1.0,166.66111053466796,1062912
520,1064960,935.5800008352865,2869,0.0017451413586968556,6.127964422106743,0.4016714049503207,0.004646711007808335,0.05224609375,0.9780254364013672,81.19330275058746,32.0,0.0,45.0,45.0,0.0,0.0,400.0,1.0,165.16413940429686,1064960
521,1067008,935.5376847211746,2874,0.013243089953903109,9.209894090890884,0.42704931646585464,0.010578517300018575,0.0972900390625,0.955479621887207,59.13616567850113,32.0,0.0,44.36,44.36,0.0,0.0,400.0,1.0,163.1352323150635,1067008
522,1069056,935.4698578637498,2879,0.0006009353091940284,5.58808921277523,0.4624983314424753,0.005761432992585469,0.0606689453125,0.9726352691650391,79.75806346535683,32.0,0.0,44.08,44.08,0.0,0.0,400.0,1.0,161.99664390563964,1069056
523,1071104,935.6730417994937,2885,0.011446872149549779,6.624676363808768,0.4381054313409896,0.009594600525729004,0.08537946428571429,0.9747871160507202,117.8234893708002,21.0,1.0,43.42,43.42,0.0,0.0,400.0,1.0,159.96736862182618,1071104
524,1073152,935.6837839918995,2890,-0.0003064258780796081,4.447484903037548,0.44555792585015297,0.007953035485115834,0.0810546875,0.979655921459198,38.62262852489948,32.0,0.0,43.38,43.38,0.0,0.0,400.0,1.0,159.83334365844726,1073152
525,1075200,935.6586682510223,2893,0.003689035205752589,4.173884190618992,0.4823643025010824,0.010007685210439377,0.0916748046875,0.9808717966079712,64.95539438724518,32.0,0.0,43.48,43.48,0.0,0.0,400.0,1.0,160.11716537475587,1075200
526,1077248,935.6035358305919,2901,0.004530698439339176,2.848843988031149,0.4236417915672064,0.00814872817863943,0.062744140625,0.9900696873664856,107.71425145864487,32.0,0.0,42.94,42.94,0.0,0.0,400.0,1.0,158.03602165222168,1077248
527,1079296,935.5735176215131,2906,-0.0003072481486015022,1.977616835385561,0.4385940423235297,0.006234851898625493,0.060302734375,0.991169273853302,99.14104384183884,32.0,0.0,43.0,43.0,0.0,0.0,400.0,1.0,158.37696769714356,1079296
528,1081344,935.5029683044679,2908,-0.0015327107830671594,1.953812725841999,0.4509143875911832,0.002528467979573179,0.024658203125,0.988385021686554,78.87604101002216,32.0,0.0,43.06,43.06,0.0,0.0,400.0,1.0,158.76609062194825,1081344
529,1083392,935.502044642612,2917,-0.002922134241089225,2.2214553505182266,0.42082735523581505,0.006987661210587248,0.07275390625,0.9923087954521179,42.45136760175228,32.0,0.0,42.94,42.94,0.0,0.0,400.0,1.0,158.24774101257324,1083392
530,1085440,935.4715161135222,2921,-0.003101133508607745,1.8049390986561775,0.3939221752807498,0.005827869346830994,0.059814453125,0.9919052124023438,67.42632859945297,32.0,0.0,42.84,42.84,0.0,0.0,400.0,1.0,157.64038291931152,1085440
531,1087488,935.4229496370542,2924,-0.00033652031561359763,1.7408451735973358,0.41268399450927973,0.007078592920152005,0.0657958984375,0.9900591969490051,41.48561407625675,32.0,0.0,43.64,43.64,0.0,0.0,400.0,1.0,160.45581527709962,1087488
532,1089536,935.3766694699559,2931,-0.0010266377357766032,2.125648584216833,0.4308839766308665,0.008008860037080012,0.0625,0.9935923218727112,69.41527968645096,32.0,0.0,43.86,43.86,0.0,0.0,400.0,1.0,161.16642181396483,1089536
533,1091584,935.3093985150963,2937,-0.002003264526138082,2.0002942234277725,0.3666845364496112,0.004117886128369719,0.036376953125,0.9900808930397034,60.759309224784374,32.0,0.0,44.72,44.72,0.0,0.0,400.0,1.0,164.39362342834474,1091584
534,1093632,935.2526418473916,2939,0.0016121234511956573,2.0035593286156654,0.407417724840343,0.0053421411430463195,0.062744140625,0.9917569160461426,112.57262393832207,32.0,0.0,44.74,44.74,0.0,0.0,400.0,1.0,164.48010536193848,1093632
535,1095680,935.1664159932915,2946,-0.0008182053425116464,2.0823279581964016,0.39795189909636974,0.0051597647106973454,0.031982421875,0.9923948645591736,51.64783471822739,32.0,0.0,45.32,45.32,0.0,0.0,400.0,1.0,166.58367004394532,1095680
536,1097728,935.1234284434779,2951,0.005576346185989678,2.0713068544864655,0.3760344944894314,0.006216396257514134,0.052490234375,0.9913548827171326,117.313935354352,32.0,0.0,45.36,45.36,0.0,0.0,400.0,1.0,166.69481872558595,1097728
537,1099776,935.0910240336727,2955,-0.0018266242259414867,1.8866857066750526,0.4041494969278574,0.004794364554982167,0.046875,0.991346538066864,112.76890787482262,32.0,0.0,45.56,45.56,0.0,0.0,400.0,1.0,167.55546875,1099776
538,1101824,935.0777916098142,2962,-0.003155643164063804,2.0267108231782913,0.41295511461794376,0.0016885593795450404,0.01904296875,0.9908508658409119,79.81377913057804,32.0,0.0,45.74,45.74,0.0,0.0,400.0,1.0,168.66480529785156,1101824
539,1103872,935.0351860435338,2966,-0.001751831645378843,1.9339900091290474,0.3839068589732051,0.003568192281818483,0.0418701171875,0.9907467365264893,93.99560588598251,32.0,0.0,45.9,45.9,0.0,0.0,400.0,1.0,169.3170315551758,1103872
540,1105920,935.068661568756,2971,0.00045751038123853505,2.543105937540531,0.3906744597479701,0.0024648119069752283,0.027099609375,0.9892152547836304,74.52928087115288,32.0,0.0,46.1,46.1,0.0,0.0,400.0,1.0,170.3973846435547,1105920
541,1107968,935.0584003062061,2977,-0.0017434273031540215,1.838983193039894,0.4611002169549465,0.005898551673453767,0.060791015625,0.9935765862464905,54.40683776140213,32.0,0.0,45.96,45.96,0.0,0.0,400.0,1.0,170.036669921875,1107968
542,1110016,935.1042859845904,2981,0.0024837000819388777,1.8459973260760307,0.4039218071848154,0.005428603224572726,0.0557861328125,0.9931483268737793,73.19629374146461,32.0,0.0,45.82,45.82,0.0,0.0,400.0,1.0,169.3290350341797,1110016
543,1112064,935.1155372880504,2986,-0.0007111817103577778,1.7401035092771053,0.40321656316518784,0.005949460108240601,0.0601806640625,0.9913447499275208,96.18631157279015,32.0,0.0,45.66,45.66,0.0,0.0,400.0,1.0,168.64255920410156,1112064
544,1114112,935.0891303776801,2992,-0.0038544377457583323,1.7878854013979435,0.4946134127676487,0.005665259683155455,0.0465087890625,0.9912952184677124,96.72339968383312,32.0,0.0,45.62,45.62,0.0,0.0,400.0,1.0,168.04470458984375,1114112
545,1116160,934.9990169616939,2997,-0.0008935415535233915,2.3035990931093693,0.41473707649856806,0.0017615017786738463,0.020263671875,0.9919747114181519,160.70795556902885,32.0,0.0,45.56,45.56,0.0,0.0,400.0,1.0,168.00356323242187,1116160
546,1118208,934.985104475369,3002,-0.0004640596016542986,2.5508287623524666,0.40987597219645977,0.007456103390723001,0.0628662109375,0.989378035068512,97.33553916215897,32.0,0.0,45.14,45.14,0.0,0.0,400.0,1.0,166.38109924316407,1118208
547,1120256,934.9397974195756,3007,0.004863563444814645,2.1658038832247257,0.4406745107844472,0.008910363147151656,0.064453125,0.9861977696418762,40.610422879457474,32.0,0.0,44.98,44.98,0.0,0.0,400.0,1.0,165.74428131103517,1120256
548,1122304,935.2933939041714,3013,0.00859074214739459,2.1362489461898804,0.4047189440046038,0.01174968111860965,0.07421875,0.9935714602470398,81.65049852643695,7.0,1.0,44.8,44.8,0.0,0.0,400.0,1.0,164.45136108398438,1122304
549,1124352,935.2907524964427,3018,-0.004453819878108334,2.033358220010996,0.3780858935788274,0.003877574927173555,0.0452880859375,0.9915727972984314,80.04134488105774,32.0,0.0,44.8,44.8,0.0,0.0,400.0,1.0,164.12348327636718,1124352
550,1126400,935.2773984399845,3021,-0.0020269053638912737,2.134954556822777,0.4271538704633713,0.0026825110253412277,0.02880859375,0.987974226474762,79.43796998262405,32.0,0.0,44.8,44.8,0.0,0.0,400.0,1.0,164.18612274169922,1126400
551,1128448,935.262298063154,3029,-0.003050354731385596,2.27933906391263,0.3893077289685607,0.0044093079850426875,0.04443359375,0.9934943318367004,74.59728184342384,32.0,0.0,44.86,44.86,0.0,0.0,400.0,1.0,164.68485961914064,1128448
552,1130496,935.2332498722717,3034,-0.0011403975368011743,2.6307779401540756,0.40270628686994314,0.0038162641794770025,0.044189453125,0.9895152449607849,121.97373110055923,32.0,0.0,44.98,44.98,0.0,0.0,400.0,1.0,165.0261196899414,1130496
553,1132544,935.183976245503,3036,-0.004254614614183083,2.077653758227825,0.41394394263625145,0.0029412257572403178,0.03369140625,0.9877040386199951,62.476294100284576,32.0,0.0,45.12,45.12,0.0,0.0,400.0,1.0,165.7780093383789,1132544
554,1134592,935.1337811356767,3045,-0.0019932327122660354,1.9576927982270718,0.3753521675243974,0.007511205134505872,0.066162109375,0.9938035607337952,52.62914323806763,32.0,0.0,45.3,45.3,0.0,0.0,399.62,1.0,166.7281298828125,1134592
555,1136640,935.1319206911755,3049,-0.0007779041479807347,2.0738159120082855,0.37908709421753883,0.005697960041288752,0.0592041015625,0.9900340437889099,64.0258275270462,32.0,0.0,45.62,45.62,0.0,0.0,399.56,1.0,168.1571209716797,1136640
556,1138688,935.2018449811101,3052,-0.001054439228028059,1.902248103171587,0.353477586992085,0.004470695712370798,0.049072265625,0.9913309216499329,114.56274566054344,32.0,0.0,45.94,45.94,0.0,0.0,399.56,1.0,169.47362518310547,1138688
557,1140736,935.178375858063,3059,-0.00022742430155631155,1.9900349788367748,0.4109741011634469,0.004017505620140582,0.0401611328125,0.9941051006317139,93.14929947257042,32.0,0.0,46.02,46.02,0.0,0.0,399.56,1.0,169.7564892578125,1140736
558,1142784,935.1230020574658,3065,-0.0006905162008479238,2.3767171315848827,0.3238209970295429,0.0016235580333159305,0.016357421875,0.990406334400177,138.5740128159523,32.0,0.0,46.2,46.2,0.0,0.0,399.56,1.0,170.8960400390625,1142784
559,1144832,935.0879227400179,3067,-0.0024209562106989324,1.8111494816839695,0.3529322752729058,0.0014332326536532491,0.013427734375,0.9915949106216431,122.15899616479874,32.0,0.0,46.14,46.14,0.0,0.0,399.56,1.0,170.7146661376953,1144832
560,1146880,935.0798955765157,3074,-0.0019774258180405013,1.939542107284069,0.4094460355117917,0.005585043312748894,0.052490234375,0.9934543967247009,52.8525525033474,32.0,0.0,46.34,46.34,0.0,0.0,399.46,1.0,171.47308135986327,1146880
561,1148928,934.9984711853853,3080,-0.0019653792696772143,1.7109146229922771,0.3553629172965884,0.002756618443527259,0.0311279296875,0.992064356803894,70.24622912704945,32.0,0.0,46.82,46.82,0.0,0.0,399.16,1.0,173.2564080810547,1148928
562,1150976,935.1240771393922,3083,0.009466907729140737,3.809758879921653,0.3812988590110432,0.009929293883033097,0.0703125,0.9846436977386475,37.586939638311215,22.0,1.0,46.74,46.74,0.0,0.0,399.16,1.0,172.88577239990235,1150976
563,1153024,935.1076097956444,3090,0.005147445626789704,2.33309917896986,0.4148007286712527,0.01177531400026055,0.0699462890625,0.9933830499649048,65.23458456993103,32.0,1.0,46.78,46.78,0.0,0.0,399.54,1.0,172.88630798339844,1153024
564,1155072,935.0930658849766,3094,-0.002881998851080425,5.475337892770767,0.4019973250105977,0.011059196258429438,0.113037109375,0.9833555817604065,155.6731355190277,32.0,0.0,46.74,46.74,0.0,0.0,399.48,1.0,172.6663034057617,1155072
565,1157120,935.0851823619694,3099,-0.0014578233967768028,2.022312294691801,0.40812752302736044,0.004435226503119338,0.0457763671875,0.9918419718742371,49.215077593922615,32.0,0.0,46.62,46.62,0.0,0.0,399.54,1.0,172.20556579589845,1157120
566,1159168,935.0552019779038,3105,0.0005092139763291925,2.1197403222322464,0.4061056664213538,0.0051269801406306215,0.0576171875,0.991212010383606,42.17597538232803,32.0,0.0,46.44,46.44,0.0,0.0,399.4,1.0,171.36812591552734,1159168
567,1161216,935.0417648788784,3109,0.000977719173533842,2.28682217001915,0.3913501799106598,0.003924766358977649,0.044677734375,0.9903702735900879,115.59203511476517,32.0,0.0,46.56,46.56,0.0,0.0,398.54,1.0,171.95465301513673,1161216
568,1163264,935.0259387311276,3114,0.0009371343476232141,1.934502437710762,0.35788462683558464,0.005232476643868722,0.057373046875,0.9922093749046326,162.32562938332558,32.0,0.0,46.48,46.48,0.0,0.0,398.54,1.0,171.7785675048828,1163264
569,1165312,934.9709669673272,3120,-0.0013102323864586651,1.9685553945600986,0.4519625809043646,0.0012449006317183375,0.0118408203125,0.9914003610610962,103.70003753900528,32.0,0.0,46.62,46.62,0.0,0.0,398.54,1.0,172.69587524414064,1165312
570,1167360,934.9570602095355,3125,-0.0012409809278324246,2.4725677222013474,0.3424600334838033,0.006296953732089605,0.06298828125,0.9910402297973633,141.34884679317474,32.0,0.0,46.56,46.56,0.0,0.0,398.64,1.0,172.56071899414061,1167360
571,1169408,934.9290218016573,3130,-0.003760111008887179,1.8289768435060978,0.3557224404066801,0.00231881166837411,0.0263671875,0.9909728169441223,109.93233719468117,32.0,0.0,46.42,46.42,0.0,0.0,398.94,1.0,171.9601608276367,1169408
572,1171456,934.8610689496935,3136,-0.0031825255136936903,1.8538818284869194,0.39739217329770327,0.00422104502649745,0.0447998046875,0.9897825121879578,40.88844299316406,32.0,0.0,46.36,46.36,0.0,0.0,398.04,1.0,171.6782092285156,1171456
573,1173504,934.8078938895958,3141,-0.00045462953858077526,2.1219087541103363,0.42733181081712246,0.0051714919245569035,0.051513671875,0.9937378168106079,112.31861644983292,32.0,0.0,46.22,46.22,0.0,0.0,398.04,1.0,171.050947265625,1173504
574,1175552,934.7612895105104,3146,-0.002199154216214083,2.3081129416823387,0.3795099528506398,0.002323805289051961,0.025634765625,0.9898451566696167,98.85794112086296,32.0,0.0,46.1,46.1,0.0,0.0,398.1,1.0,170.48976348876954,1175552
575,1177600,934.7201101951492,3150,-0.00024667488469276577,1.478309776633978,0.43038013204932213,0.003827204789558891,0.04541015625,0.9921286702156067,89.27461290359497,32.0,0.0,46.08,46.08,0.0,0.0,398.1,1.0,170.56585327148437,1177600
576,1179648,934.6867273688628,3157,-0.002815609099343419,2.1604806929826736,0.32237182930111885,0.002866355629521422,0.034912109375,0.9933223128318787,133.48288196325302,32.0,0.0,45.92,45.92,0.0,0.0,399.1,1.0,169.94820709228514,1179648
577,1181696,934.6252867872547,3162,0.0032489665900357068,2.1232851706445217,0.35774360317736864,0.003924408338207286,0.0252685546875,0.9891762733459473,128.16942429542542,32.0,0.0,45.68,45.68,0.0,0.0,399.1,1.0,169.04237609863281,1181696
578,1183744,934.6056789046493,3165,-0.0006088158406782895,2.0357982702553272,0.3968527391552925,0.005625569705443922,0.0521240234375,0.9907216429710388,60.58846087753773,32.0,0.0,45.62,45.62,0.0,0.0,399.1,1.0,168.7516766357422,1183744
579,1185792,934.6202490358918,3173,-0.0048271872801706195,2.0448680594563484,0.35313078854233027,0.011264900051173754,0.085693359375,0.9916431903839111,73.72852157056332,32.0,0.0,45.58,45.58,0.0,0.0,399.1,1.0,168.60582794189452,1185792
580,1187840,934.5579420759128,3177,-0.0009437597036594525,2.824968807399273,0.3313091266900301,0.0025561373913660645,0.021728515625,0.9864366054534912,129.0909141600132,32.0,0.0,45.52,45.52,0.0,0.0,399.1,1.0,168.2653381347656,1187840
581,1189888,934.5218617820259,3180,0.0030191476398613304,2.6039705723524094,0.3739328570663929,0.005944613796600606,0.055419921875,0.9872481822967529,71.82543785870075,32.0,0.0,45.34,45.34,0.0,0.0,399.1,1.0,167.42546600341797,1189888
582,1191936,934.5190532621436,3188,0.000967374347965233,1.9018135629594326,0.3594064088538289,0.007560829275462311,0.0609130859375,0.993563711643219,112.04059502482414,32.0,0.0,45.44,45.44,0.0,0.0,400.0,1.0,167.57436950683595,1191936
583,1193984,934.5429802522661,3193,0.0008798777707852423,2.4276167564094067,0.37849287036806345,0.003683582406665664,0.036865234375,0.9861379861831665,61.17243158817291,32.0,0.0,45.44,45.44,0.0,0.0,400.0,1.0,167.62855834960936,1193984
584,1196032,934.6157495363742,3195,-0.0006941149476915598,2.148093182593584,0.36738289799541235,0.009446540163480677,0.0758056640625,0.9900500178337097,55.827018946409225,32.0,0.0,45.58,45.58,0.0,0.0,400.0,1.0,168.2016616821289,1196032
585,1198080,934.5832865286585,3203,-0.0007518768979934976,2.86007934063673,0.38094198517501354,0.004740330281492788,0.0523681640625,0.9920961856842041,65.64126718044281,32.0,0.0,45.76,45.76,0.0,0.0,400.0,1.0,168.73847045898438,1198080
586,1200128,934.9278059735884,3208,0.02178006326513631,5.298332895551409,0.36886172209467205,0.012904322506593806,0.06808035714285714,0.980045735836029,118.60671016148159,7.0,1.0,46.12,46.12,0.0,0.0,400.0,1.0,170.40481262207032,1200128
587,1202176,934.9361424101209,3212,-0.0004783628537552431,5.161891482770443,0.35994795709848404,0.004486655358050484,0.04296875,0.9821247458457947,56.42590153217316,32.0,0.0,46.3,46.3,0.0,0.0,398.98,1.0,171.21152099609375,1202176
588,1204224,934.9286931300287,3219,0.002622321786475368,6.935138113796711,0.4210862945765257,0.006654657598119229,0.06689453125,0.9722501039505005,86.91212371736765,32.0,0.0,45.78,45.78,0.0,0.0,397.5,1.0,169.46145034790038,1204224
589,1206272,934.9174344994616,3222,0.015076955503900535,3.922559931874275,0.4165323367342353,0.010983878426486626,0.10888671875,0.9797782897949219,121.10035842657089,32.0,0.0,45.9,45.9,0.0,0.0,397.5,1.0,169.91132614135742,1206272
590,1208320,934.8970391864277,3227,-0.0036204734060447663,2.289655461907387,0.3920861901715398,0.0036396145878825337,0.044189453125,0.9900837540626526,75.80177354812622,32.0,0.0,46.0,46.0,0.0,0.0,397.5,1.0,170.386941986084,1208320
591,1210368,934.9252296884983,3234,6.657079211436212e-06,1.9756871201097965,0.4037692015990615,0.003607911588915158,0.0390625,0.9934141039848328,113.03024196624756,32.0,0.0,46.0,46.0,0.0,0.0,397.5,1.0,170.21302291870117,1210368
592,1212416,934.9002756838296,3237,0.0017441210948163643,2.1485478170216084,0.38500225730240345,0.004361217354016844,0.0479736328125,0.9909670948982239,72.25024908781052,32.0,0.0,45.96,45.96,0.0,0.0,397.5,1.0,170.07861007690428,1212416
593,1214464,934.9631541599026,3242,-0.0015151860425248742,2.159047830849886,0.3817640971392393,0.0038158462120918557,0.0406494140625,0.991012454032898,115.88802453875542,32.0,0.0,46.1,46.1,0.0,0.0,397.5,1.0,170.72314193725586,1214464
594,1216512,934.9287081525524,3249,-0.0027912689838558435,2.1087987013161182,0.4196221400052309,0.0050303604220971465,0.0604248046875,0.9922452569007874,69.64094412326813,32.0,0.0,46.02,46.02,0.0,0.0,397.5,1.0,170.578614654541,1216512
595,1218560,934.8899227296429,3253,-0.004440214303031098,2.322185054421425,0.34916758723556995,0.00245320256362902,0.0296630859375,0.9900512099266052,53.09654748439789,32.0,0.0,45.96,45.96,0.0,0.0,397.5,1.0,170.4929685974121,1218560
596,1220608,934.8455267762819,3258,0.0010732285008998588,1.6849759370088577,0.3884095251560211,0.005078712827526033,0.04931640625,0.991356611251831,48.28925338387489,32.0,0.0,45.86,45.86,0.0,0.0,396.8,1.0,169.9453382873535,1220608
597,1222656,934.7869989747655,3265,-0.001048124730004929,2.3507500886917114,0.4048020411282778,0.0018056323096971028,0.015380859375,0.9922695755958557,123.69368606805801,32.0,0.0,46.5,46.5,0.0,0.0,399.3,1.0,172.33492706298827,1222656
598,1224704,934.8285639272402,3269,-0.003977622618549503,1.833922442048788,0.3478296706452966,0.002361728467803914,0.0255126953125,0.9927533268928528,81.03467538952827,32.0,0.0,46.58,46.58,0.0,0.0,399.3,1.0,172.7028237915039,1224704
599,1226752,934.8128713503589,3274,0.0050135246943682436,3.3974319299062095,0.38742759426434836,0.005446983284006516,0.04244791666666667,0.9894198179244995,66.67685845692952,30.0,1.0,46.46,46.46,0.0,0.0,399.3,1.0,171.9975180053711,1226752
600,1228800,934.7853385311956,3281,0.0055064808402676135,6.470354780554771,0.45304530672729015,0.005301980294461828,0.0635986328125,0.9832168817520142,79.67045965790749,32.0,0.0,46.8,46.8,0.0,0.0,398.1,1.0,173.78913635253906,1228800
601,1230848,934.733181016476,3285,0.0037445858324645087,6.036297515034676,0.387924044393003,0.010433180090331007,0.094970703125,0.9791405200958252,159.38043171167374,32.0,0.0,46.62,46.62,0.0,0.0,398.1,1.0,173.32801696777344,1230848
602,1232896,934.7179374732464,3290,0.0013350229855859652,2.668818637728691,0.4038402494043112,0.005647720594424754,0.0504150390625,0.9896259903907776,79.46785697340965,32.0,0.0,46.22,46.22,0.0,0.0,398.1,1.0,171.56243072509767,1232896
603,1234944,934.74776116009,3295,-0.0016446917434222996,2.1560415774583817,0.41217283997684717,0.0035791761984000914,0.0406494140625,0.9914493560791016,38.680435962975025,32.0,0.0,46.04,46.04,0.0,0.0,398.1,1.0,170.76617202758788,1234944
604,1236992,934.7724824623109,3301,-0.0011076072987634689,2.2763469852507114,0.3652267036959529,0.005693871920811944,0.0567626953125,0.9930887222290039,106.22771193087101,32.0,0.0,46.12,46.12,0.0,0.0,398.1,1.0,171.05788284301758,1236992
605,1239040,934.7610889336493,3305,-0.003800032311119139,1.762175478041172,0.3928329749032855,0.006850099598523229,0.0640869140625,0.993425190448761,72.47547833621502,32.0,0.0,46.34,46.34,0.0,0.0,398.26,1.0,172.18721725463868,1239040
606,1241088,934.7659180253012,3312,0.0015028231719043106,1.826970860362053,0.43377090245485306,0.00585633435548516,0.0528564453125,0.9923467636108398,52.08253359794617,32.0,0.0,46.38,46.38,0.0,0.0,396.32,1.0,172.34018661499024,1241088
607,1243136,934.7286725682852,3316,-0.0022245387663133442,1.8234689086675644,0.3770671458914876,0.003935073160391767,0.04248046875,0.9939301609992981,94.77446082234383,32.0,0.0,46.34,46.34,0.0,0.0,396.32,1.0,172.04789596557617,1243136
608,1245184,934.7123062957681,3321,-0.0018081239832099527,2.0236771516501904,0.3991393996402621,0.0015321439859690145,0.01416015625,0.9922653436660767,146.3173001408577,32.0,0.0,46.54,46.54,0.0,0.0,396.32,1.0,173.01592880249024,1245184
609,1247232,934.6975747647969,3325,-0.002879158972064033,1.7263433896005154,0.4643016643822193,0.0047617699892725796,0.05029296875,0.9933500289916992,73.38280403614044,32.0,0.0,46.52,46.52,0.0,0.0,396.18,1.0,172.67936660766603,1247232
610,1249280,934.6722659702938,3331,0.00011767816613428295,2.109693918377161,0.3938195453956723,0.0036579046573024243,0.0399169921875,0.9936652183532715,158.98323687911034,32.0,0.0,46.4,46.4,0.0,0.0,397.12,1.0,171.66412429809571,1249280
611,1251328,934.5936788976651,3337,0.0032113435736391693,4.202670067548752,0.44625748973339796,0.007180928878369741,0.054443359375,0.9821183681488037,57.59891651570797,32.0,0.0,46.62,46.62,0.0,0.0,397.12,1.0,172.27070053100587,1251328
612,1253376,934.8063646610377,3340,0.01825672228421484,7.667227166039603,0.5054896686758313,0.011795373633503914,0.07645089285714286,0.9801748394966125,70.15971490315029,14.0,1.0,46.86,46.86,0.0,0.0,397.12,1.0,173.4407795715332,1253376
613,1255424,934.8054668468207,3347,0.0029104048298904672,6.432328507304192,0.3565332153812051,0.005525228392798454,0.046142578125,0.9810400605201721,117.35950917005539,32.0,0.0,47.04,47.04,0.0,0.0,397.12,1.0,173.71698791503906,1255424
614,1257472,934.7958641325297,3352,0.0011107454483862966,6.765347622334957,0.37232080567628145,0.0028061245538992807,0.0367431640625,0.9564446210861206,123.12984925508499,32.0,0.0,45.98,45.98,0.0,0.0,397.66,1.0,169.6885336303711,1257472
615,1259520,934.7590844491133,3355,-0.005195274483412504,1.6121070049703121,0.4111207453534007,0.0028187502393848263,0.0303955078125,0.9947443604469299,108.16006183624268,32.0,0.0,45.8,45.8,0.0,0.0,397.56,1.0,168.74040130615234,1259520
616,1261568,934.7417104803725,3362,-0.002103769773384556,3.415913201868534,0.3967715436592698,0.0037283357814885676,0.036865234375,0.9913935661315918,83.67742976546288,32.0,0.0,45.78,45.78,0.0,0.0,399.5,1.0,168.30656097412108,1261568
617,1263616,934.7417173242399,3365,-0.0038666852633468807,4.912586025893688,0.3970180060714483,0.003801014696364291,0.0435791015625,0.9806678891181946,62.76317873597145,32.0,0.0,45.68,45.68,0.0,0.0,399.5,1.0,167.68659515380858,1263616
618,1265664,934.7598896672386,3370,-0.0005306520615704358,4.824305102229118,0.3707646494731307,0.0027342047833371907,0.0347900390625,0.9834455847740173,85.58344949781895,32.0,0.0,45.62,45.62,0.0,0.0,399.5,1.0,167.24505798339842,1265664
619,1267712,934.7836899289248,3378,0.00033264196827076375,5.825847394764423,0.35856898594647646,0.003918727008567657,0.0435791015625,0.983436644077301,89.21025878190994,32.0,0.0,44.64,44.64,0.0,0.0,399.64,1.0,163.81526878356934,1267712
620,1269760,934.7657680889125,3381,-0.004158882627962157,1.3003188259899616,0.3823413513600826,0.0028549537746584974,0.029541015625,0.9933161735534668,63.22429293394089,32.0,0.0,44.54,44.54,0.0,0.0,399.9,1.0,163.72061058044434,1269760
621,1271808,934.8579766238191,3386,0.0027645730103055635,3.362914890050888,0.3957318166891734,0.00409710898626751,0.029296875,0.9876281023025513,42.498172203699745,24.0,1.0,44.6,44.6,0.0,0.0,399.9,1.0,164.05490226745604,1271808
622,1273856,934.7966901031831,3394,0.007100489776348695,4.810859739780426,0.4209752818569541,0.006650667732174043,0.069091796875,0.988383412361145,81.37340879440308,32.0,0.0,44.62,44.62,0.0,0.0,399.52,1.0,164.319730758667,1273856
623,1275904,934.7878194929476,3397,0.004775646491907537,5.482643499970436,0.39051246643066406,0.00732770751346834,0.063232421875,0.9782314300537109,39.58399347960949,32.0,0.0,44.58,44.58,0.0,0.0,399.52,1.0,164.31820823669435,1275904
624,1277952,934.9645457151505,3402,0.004877589054797825,3.4918986621655916,0.3682138166929546,0.0073573268876460035,0.05078125,0.9863900542259216,71.47384011118035,19.0,1.0,44.9,44.9,0.0,0.0,398.88,1.0,165.7773567199707,1277952
625,1280000,934.9240342143999,3410,-0.002213814208516851,4.533934324979782,0.371567714959383,0.006854320796264801,0.063720703125,0.984537661075592,66.43542119860649,32.0,0.0,45.08,45.08,0.0,0.02,398.52,0.98,166.14912704467773,1280000
626,1282048,934.9788104515628,3413,-0.0024056430702330545,2.016464926302433,0.35781941283494234,0.0041422760841669515,0.0465087890625,0.9911596775054932,49.759416326880455,32.0,0.0,45.04,45.04,0.0,0.02,398.52,0.98,166.09453903198244,1282048
627,1284096,935.0519795459921,3418,0.002629230680343296,1.9374852223055703,0.3753719851374626,0.008488725255509573,0.06584821428571429,0.9931735992431641,35.54815147604261,28.0,1.0,45.08,45.08,0.0,0.02,398.52,0.98,166.59181930541993,1284096
628,1286144,935.024794498273,3426,0.004369450471131131,2.680385135114193,0.44584942795336246,0.008499311152263544,0.078125,0.9911868572235107,59.685414001345634,32.0,0.0,45.96,45.96,0.0,0.02,397.98,0.98,169.87966514587401,1286144
629,1288192,935.0035042312313,3429,-0.003729118048795499,3.8154105618596077,0.39413489680737257,0.00894973622780526,0.0780029296875,0.984278678894043,82.25027946382761,32.0,1.0,46.18,46.18,0.0,0.02,397.98,0.98,171.01754417419434,1288192
630,1290240,934.969068873019,3434,-0.006476496942923404,2.3809830881655216,0.39596657175570726,0.0038886869078851305,0.04833984375,0.9904245138168335,90.16175389289856,32.0,0.0,45.88,45.88,0.0,0.02,397.98,0.98,169.8020484161377,1290240
631,1292288,934.9167132715874,3440,-0.0013736130786128342,3.5558614507317543,0.4525618078187108,0.004883008077740669,0.058349609375,0.9879900813102722,61.43922168016434,32.0,0.0,45.8,45.8,0.0,0.02,398.36,0.98,169.47101844787596,1292288
632,1294336,934.8758656970485,3444,0.0016873493150342256,3.84871181845665,0.38009421806782484,0.004664871979912277,0.0543212890625,0.9880027770996094,101.89542299509048,32.0,0.0,45.94,45.94,0.0,0.02,398.36,0.98,170.10664222717284,1294336
633,1296384,934.8217420920487,3449,-0.0021785568387713283,1.7269177176058292,0.40779293794184923,0.004448887597391149,0.0482177734375,0.9936329126358032,73.74657374620438,32.0,0.0,45.74,45.74,0.0,0.02,399.0,0.98,168.91791999816894,1296384
634,1298432,934.7596166311855,3455,-0.0026056767237605527,2.4349421225488186,0.4151488393545151,0.0035814053990179673,0.033935546875,0.9909384250640869,98.65516096353531,32.0,0.0,46.48,46.48,0.0,0.02,397.82,0.98,171.48433303833008,1298432
635,1300480,934.9866854283907,3459,0.007467401400208473,6.2720695495605465,0.35252211093902586,0.00790846268646419,0.047265625,0.9787575602531433,197.32668342590333,10.0,1.0,46.44,46.44,0.0,0.02,397.52,0.98,171.21399887084962,1300480
636,1302528,934.9341427201131,3465,0.006566479220055044,6.539448365569115,0.41852049622684717,0.004099799734831322,0.03466796875,0.9826846718788147,118.08840900659561,32.0,0.0,46.54,46.54,0.0,0.0,397.48,1.0,172.40584487915038,1302528
637,1304576,934.9232369469684,3471,-0.008406911772908643,10.144215643405914,0.4383138604462147,0.007575090079626534,0.0687255859375,0.9657305479049683,76.65546652674675,32.0,0.0,45.66,45.66,0.0,0.0,397.48,1.0,169.21916500091552,1304576
638,1306624,934.8942007010216,3475,-0.00354351571877487,4.921002313494682,0.35938488598912954,0.006759794967365451,0.07421875,0.9830629229545593,58.29886248707771,32.0,0.0,45.54,45.54,0.0,0.0,398.02,1.0,168.76051845550538,1306624
639,1308672,934.8495412611185,3481,0.004440564080141485,3.2370358407497406,0.4146968200802803,0.005542880855500698,0.051025390625,0.9874415397644043,65.78969326615334,32.0,0.0,45.24,45.24,0.0,0.0,398.02,1.0,167.36134243011475,1308672
640,1310720,934.8313717105586,3484,-0.002550339573645033,1.479177299886942,0.39478753972798586,0.008947065194661263,0.0726318359375,0.9936519265174866,54.135256201028824,32.0,0.0,45.4,45.4,0.0,0.0,398.02,1.0,167.9303939437866,1310720
641,1312768,934.7751798469928,3490,-0.0009869284112937748,1.7029207348823547,0.3447750713676214,0.005193729026359506,0.0543212890625,0.9952613115310669,75.83406192064285,32.0,0.0,45.5,45.5,0.0,0.0,398.02,1.0,168.10376949310302,1312768
642,1314816,934.7004975668308,3495,-0.0004886041861027479,1.8160149604082108,0.36102951876819134,0.0026924426783807576,0.0274658203125,0.9930101633071899,114.07059323787689,32.0,0.0,45.42,45.42,0.0,0.0,396.28,1.0,167.7970074081421,1314816
643,1316864,934.6398906918806,3498,-0.00295000737241935,1.7718203030526638,0.39816669281572104,0.002719167954637669,0.028076171875,0.9926556348800659,101.24630200862885,32.0,0.0,45.5,45.5,0.0,0.0,396.28,1.0,168.207848777771,1316864
644,1318912,934.5845401113243,3506,0.0006352471536956728,4.278638876974583,0.37300301156938076,0.005071230560133699,0.052490234375,0.9877142310142517,109.8655264377594,32.0,0.0,45.56,45.56,0.0,0.0,397.76,1.0,168.27825038909913,1318912
645,1320960,934.5546454644713,3511,0.010019807662400935,5.438251548343235,0.3978223635090722,0.008885880147486373,0.06785300925925926,0.9809250831604004,52.83073220429597,27.0,1.0,45.58,45.58,0.0,0.0,397.76,1.0,168.45359615325927,1320960
646,1323008,934.7071843920053,3514,0.0037893085326585504,5.478141162130568,0.37149569557772744,0.006151916666163338,0.03927951388888889,0.9801888465881348,103.74954711066351,18.0,1.0,45.62,45.62,0.0,0.0,396.92,1.0,168.7178014755249,1323008
647,1325056,934.6860763482468,3522,0.004666396067477763,5.15541934967041,0.3685601344332099,0.007208343624370173,0.0606689453125,0.9838322401046753,66.20218166708946,32.0,0.0,45.76,45.76,0.0,0.0,396.92,1.0,169.4601420211792,1325056
648,1327104,934.7629371039441,3527,0.012212582434026094,2.5140436245844913,0.37081494812781995,0.014307391964114057,0.09825721153846154,0.9909580945968628,128.20958434618436,26.0,1.0,45.9,45.9,0.0,0.0,395.88,1.0,170.4130390548706,1327104
649,1329152,934.9677631810407,3530,0.003547624817916325,5.298695802688599,0.3324564014162336,0.004894925514236093,0.025948660714285716,0.9800040125846863,66.53210067749023,14.0,1.0,46.42,46.42,0.0,0.0,395.88,1.0,172.22325984954833,1329152
650,1331200,934.9601725230503,3539,-0.0002043172571575269,5.919367402791977,0.36710562091320753,0.0015670756401959807,0.0159912109375,0.9877172708511353,116.44651997089386,32.0,0.0,46.38,46.38,0.0,0.0,393.98,1.0,172.29551113128662,1331200
651,1333248,934.9332805749851,3542,-0.00034198403591290116,5.987081415951252,0.3491463493555784,0.0011696283836499788,0.010009765625,0.9741818904876709,123.37998560070992,32.0,0.0,45.56,45.56,0.0,0.0,395.72,1.0,169.60031524658203,1333248
652,1335296,934.8529799612519,3546,-0.004534246865659952,1.3696307763457298,0.333726329728961,0.0021988950175000355,0.026123046875,0.9941598176956177,76.10814651846886,32.0,0.0,45.6,45.6,0.0,0.0,395.72,1.0,169.62130187988282,1335296
653,1337344,934.8038870688812,3555,0.00021520328300539404,1.8702368773519993,0.3901347182691097,0.002143293422705028,0.02392578125,0.9948545694351196,96.0805481672287,32.0,0.0,45.48,45.48,0.0,0.0,395.72,1.0,169.34505249023437,1337344
654,1339392,934.8031672060132,3558,-0.0016897675668587908,1.9796505123376846,0.32723881117999554,0.0021022836008341983,0.0242919921875,0.992082953453064,116.77817665040493,32.0,0.0,45.46,45.46,0.0,0.0,394.7,1.0,169.36546661376954,1339392
655,1341440,935.0562540611976,3562,0.014603125164285302,3.598579615354538,0.3420099467039108,0.011250839539570734,0.05517578125,0.9898423552513123,125.80847215652466,8.0,1.0,45.46,45.46,0.0,0.0,396.04,1.0,169.348525390625,1341440
656,1343488,935.0101032598369,3571,-0.002578452622401528,2.021009337157011,0.3825793173164129,0.0023905587586341426,0.02880859375,0.9943963289260864,52.56060916185379,32.0,0.0,46.5,46.5,0.0,0.0,394.84,1.0,172.6387057876587,1343488
657,1345536,934.9593125066295,3573,-0.002519410933018662,1.8926674723625183,0.30863785091787577,0.0027055653190473095,0.02587890625,0.9930324554443359,65.64962723851204,32.0,0.0,46.4,46.4,0.0,0.0,394.84,1.0,172.19297611236573,1345536
658,1347584,934.900922719874,3578,-0.0023188659542938694,1.8723539933562279,0.3417761316522956,0.0023920827225083485,0.0299072265625,0.9930639266967773,83.77249836921692,32.0,0.0,46.3,46.3,0.0,0.0,395.88,1.0,171.88041996002198,1347584
659,1349632,934.8776233772492,3585,0.003885042737238109,2.0774609558284283,0.39727430790662766,0.005180488675250672,0.046630859375,0.9934540390968323,66.26663112640381,32.0,0.0,46.46,46.46,0.0,0.0,394.24,1.0,172.65815250396727,1349632
660,1351680,934.8490873857048,3588,0.0032244051399175078,5.548869118094444,0.3485780730843544,0.005058861723227892,0.0546875,0.9806468486785889,81.74461778998375,32.0,0.0,46.22,46.22,0.0,0.0,396.14,1.0,171.65489749908448,1351680
661,1353728,934.9100721894225,3594,0.017727000575343318,5.542421492663297,0.3698811097578569,0.011421222504313018,0.08753551136363637,0.9803414940834045,69.28900627656417,22.0,1.0,47.0,47.0,0.0,0.0,396.14,1.0,174.42418029785156,1353728
662,1355776,934.8924712779244,3601,-0.00027616199804469943,4.76173884421587,0.3941263481974602,0.005598665593424812,0.045166015625,0.9843676686286926,52.45599830150604,32.0,0.0,46.46,46.46,0.0,0.0,394.88,1.0,172.47642845153808,1355776
663,1357824,935.049767766088,3604,0.012914783047402607,2.6319014465107635,0.3103094942429486,0.011113864219035296,0.07306985294117647,0.9895526766777039,94.08554907406078,17.0,1.0,46.5,46.5,0.0,0.0,394.88,1.0,172.53556297302245,1357824
664,1359872,935.0414269022338,3610,-0.0037353090883698314,1.5778843536973,0.3479458009824157,0.0041109616722678766,0.05029296875,0.9928297400474548,47.37697884440422,32.0,0.0,46.62,46.62,0.0,0.0,395.32,1.0,173.0128050994873,1359872
665,1361920,934.9921119096638,3615,-0.0011625743354670703,1.5552188456058502,0.3859991617500782,0.007521411542256828,0.06982421875,0.9939712285995483,58.53440070152283,32.0,0.0,46.5,46.5,0.0,0.0,394.92,1.0,172.14714530944823,1361920
666,1363968,934.9491139901595,3620,0.004553743725409731,4.094023413956165,0.28593588760122657,0.007945260869746562,0.0670166015625,0.9882859587669373,130.32329913973808,32.0,0.0,46.38,46.38,0.0,0.0,394.92,1.0,171.7158290863037,1363968
667,1366016,935.004914587566,3626,-0.0010478940093889832,1.5096024461090565,0.3302168119698763,0.0012253342138137668,0.01171875,0.9943453073501587,98.90860050916672,32.0,0.0,46.58,46.58,0.0,0.0,392.9,1.0,172.71292137145997,1366016
668,1368064,935.0042866561834,3629,-0.003361196373589337,1.6980028338730335,0.3578988276422024,0.004584983849781565,0.048828125,0.9929916262626648,48.24909786880016,32.0,0.0,46.6,46.6,0.0,0.0,394.54,1.0,172.81126731872558,1368064
669,1370112,935.0391677124561,3636,0.001172763008910876,4.986581729008601,0.3472186762552995,0.007640000405864647,0.06204927884615385,0.9873400330543518,130.15877177165106,26.0,1.0,46.66,46.66,0.0,0.0,394.54,1.0,173.3656014251709,1370112
670,1372160,935.1132687935271,3641,0.008586936630308628,5.394738492965698,0.3476619184017181,0.009201474674046039,0.0690625,0.9805485606193542,69.68986682891845,25.0,1.0,46.86,46.86,0.0,0.0,394.54,1.0,174.20452995300292,1372160
671,1374208,935.0583083152492,3644,0.0004897894978057593,5.298344448208809,0.35133825801312923,0.003982650538091548,0.0469970703125,0.979697585105896,70.87623605132103,32.0,0.0,46.84,46.84,0.0,0.0,394.54,1.0,174.1257238006592,1374208
672,1376256,935.266294089841,3652,0.01149375814323624,5.903040409088135,0.311566320558389,0.009405758406501263,0.05078125,0.9872480034828186,147.93812815348306,12.0,1.0,46.6,46.6,0.0,0.0,395.8,1.0,173.41337139129638,1376256
673,1378304,935.2387599316758,3655,-0.003255681978771463,1.4378744289278984,0.3715539611876011,0.0026289583547622897,0.030029296875,0.9909852743148804,67.42068022489548,32.0,0.0,46.6,46.6,0.0,0.0,395.8,1.0,173.2909772872925,1378304
674,1380352,935.218167276013,3660,-0.005688898207154125,1.715042881667614,0.3570726178586483,0.0033054302766686305,0.0379638671875,0.9948335886001587,70.8219783604145,32.0,0.0,46.58,46.58,0.0,0.0,395.2,1.0,172.99267192840577,1380352
675,1382400,935.1834316648932,3668,-0.002659163874341175,2.073635157197714,0.3585876114666462,0.0013845333523931913,0.0155029296875,0.994965136051178,124.5274389386177,32.0,0.0,46.62,46.62,0.0,0.0,396.74,1.0,173.42048290252686,1382400
676,1384448,935.1546656565847,3671,-0.0020292996923672035,2.149653408676386,0.3423180701211095,0.002625867971801199,0.0286865234375,0.9879637956619263,74.41644912958145,32.0,0.0,46.64,46.64,0.0,0.0,396.0,1.0,173.55896099090577,1384448
677,1386496,935.144366148834,3676,-0.00046470815141219646,1.7138152830302715,0.36841535847634077,0.0042556096632324625,0.0474853515625,0.9944965839385986,80.13870105147362,32.0,0.0,46.62,46.62,0.0,0.0,398.02,1.0,173.53198528289795,1386496
678,1388544,935.0976995070519,3684,-0.0013812979741487652,1.817964632064104,0.3335245484486222,0.0031393270910484716,0.02490234375,0.994599461555481,83.99348255991936,32.0,0.0,46.56,46.56,0.0,0.0,398.02,1.0,172.90164562225343,1388544
679,1390592,935.0501008801946,3687,-0.001926490556797944,2.284013159573078,0.33168218471109867,0.005567919644818176,0.0595703125,0.9896997809410095,47.5636231303215,32.0,0.0,46.64,46.64,0.0,0.0,396.6,1.0,173.1368897628784,1390592
680,1392640,935.0264071364801,3692,0.0018896029941970482,2.1549252085387707,0.3434737455099821,0.005792623938759789,0.0552978515625,0.9938762784004211,99.96792951226234,32.0,0.0,46.84,46.84,0.0,0.0,393.74,1.0,174.12511028289794,1392640
681,1394688,935.3139733624502,3700,0.004607047619564193,5.173980236053467,0.4128864620413099,0.00919019607161837,0.03515625,0.9840805530548096,66.69387027195522,7.0,1.0,47.8,47.8,0.0,0.0,393.74,1.0,177.32822967529296,1394688
682,1396736,935.3869259066273,3705,0.0064437804921042355,5.412534248261225,0.3181319534778595,0.005337266151660255,0.044642857142857144,0.9814534187316895,55.39377544039772,21.0,1.0,47.78,47.78,0.0,0.0,388.88,1.0,177.39629028320311,1396736
683,1398784,935.3224241203013,3708,0.0013847629161318764,6.059157088398933,0.3503072177991271,0.0033226956365979277,0.0391845703125,0.9756998419761658,88.92835639417171,32.0,0.0,47.02,47.02,0.0,0.0,388.88,1.0,174.88889446258545,1398784
684,1400832,935.2973519162379,3715,-0.003666412318125367,1.4664705954492092,0.37272672075778246,0.0023280971799977124,0.0289306640625,0.9942975044250488,87.73719269037247,32.0,0.0,47.0,47.0,0.0,0.0,389.62,1.0,174.60887828826904,1400832
685,1402880,935.2170059348817,3721,-0.0017279544554185122,2.4752468690276146,0.35162148252129555,0.0018031253421213478,0.020263671875,0.9923198223114014,73.31523372232914,32.0,0.0,47.04,47.04,0.0,0.0,389.56,1.0,174.63213207244874,1402880
686,1404928,935.1941669093942,3724,-0.0014914229104761034,1.5466275624930859,0.31828202214092016,0.00496256400947459,0.0535888671875,0.9943943619728088,41.31818415224552,32.0,0.0,46.96,46.96,0.0,0.0,388.42,1.0,174.13214763641358,1404928
687,1406976,935.1675176136229,3732,-0.002347992340219207,1.2907248921692371,0.43404964730143547,0.007027956402453128,0.077392578125,0.9942553043365479,31.71088632941246,32.0,0.0,46.94,46.94,0.0,0.0,386.56,1.0,174.19408458709717,1406976
688,1409024,935.0806081008908,3735,-0.0025281370617449284,1.6029175147414207,0.3483475102111697,0.009831813862547278,0.088623046875,0.9948997497558594,53.72192303836346,32.0,0.0,46.94,46.94,0.0,0.0,387.8,1.0,174.38358074188233,1409024
689,1411072,935.0625866354612,3740,-0.0025916278536897153,1.4124747067689896,0.3265362987294793,0.0023792891515768133,0.02734375,0.9942708611488342,56.66174245625734,32.0,0.0,46.72,46.72,0.0,0.0,387.58,1.0,173.6022724533081,1411072
690,1413120,935.0338784979915,3744,-0.0031071096600499004,1.527018252760172,0.37213216722011566,0.006009532495227177,0.07958984375,0.9914858937263489,47.09583978354931,32.0,0.0,46.72,46.72,0.0,0.0,389.42,1.0,173.79180675506592,1413120
691,1415168,935.040258416547,3752,7.602667028550059e-05,1.6796784065663815,0.3460408318787813,0.00794657016376732,0.084228515625,0.9956020712852478,78.10277527570724,32.0,0.0,46.6,46.6,0.0,0.0,392.74,1.0,173.80306468963624,1415168
692,1417216,934.994030274614,3756,-0.003229843539884314,1.6774451434612274,0.3276091208681464,0.0017986700040637515,0.0177001953125,0.9933673143386841,117.82029962539673,32.0,0.0,46.74,46.74,0.0,0.0,392.2,1.0,174.21566692352295,1417216
693,1419264,934.9951089478585,3759,-0.0025832834071479738,1.9485632851719856,0.39816158916801214,0.0021033615739725064,0.019775390625,0.9895453453063965,53.80150035023689,32.0,0.0,47.66,47.66,0.0,0.0,391.5,1.0,177.72665985107423,1419264
694,1421312,934.9534373313555,3765,-0.003975018800701946,1.495800957083702,0.3404020667076111,0.0015756750617583748,0.018310546875,0.9958853721618652,76.18890142440796,32.0,0.0,47.68,47.68,0.0,0.0,392.0,1.0,177.7922933959961,1421312
695,1423360,934.916921378903,3772,-0.00215324223972857,1.8671162836253643,0.3028331818059087,0.0007932481312309392,0.00830078125,0.9944599866867065,127.84571981430054,32.0,0.0,47.76,47.76,0.0,0.0,393.68,1.0,178.3424951171875,1423360
696,1425408,934.8848743520496,3776,-0.004340502156992443,2.305613286793232,0.3650581231340766,0.0022596620001422707,0.0235595703125,0.9888655543327332,79.22289142012596,32.0,0.0,48.1,48.1,0.0,0.0,389.86,1.0,180.0709378051758,1425408
697,1427456,934.8285906966587,3782,0.0005344206147128716,1.8045268170535564,0.36070269625633955,0.004986467931303196,0.047119140625,0.9941742420196533,65.48712342977524,32.0,0.0,47.98,47.98,0.0,0.0,389.26,1.0,179.7140026855469,1427456
698,1429504,934.7657450643324,3788,-0.0034447078069206327,1.6202187724411488,0.32353541627526283,0.002356783297727816,0.0262451171875,0.9938777089118958,82.6262204349041,32.0,0.0,48.18,48.18,0.0,0.0,388.34,1.0,180.46811126708985,1429504
699,1431552,934.7017949363678,3791,-0.0040018811414483935,1.6639440581202507,0.3606020100414753,0.0031687716691521928,0.0318603515625,0.989788830280304,69.48742040991783,32.0,0.0,48.2,48.2,0.0,0.0,388.34,1.0,180.51928619384765,1431552
700,1433600,934.6763848725957,3798,0.0017399682255927473,1.3254045136272907,0.37119115330278873,0.003958211538702017,0.030029296875,0.9966105222702026,66.08886988461018,32.0,0.0,48.2,48.2,0.0,0.0,388.64,1.0,180.2650131225586,1433600
701,1435648,934.7666946673405,3804,0.015494894617321816,3.1931875293905083,0.35005295412106946,0.011500426240011373,0.08149857954545454,0.9880815148353577,89.22781190005216,22.0,1.0,48.12,48.12,0.0,0.0,390.44,1.0,179.97237426757812,1435648
702,1437696,934.7426613382329,3807,0.0019349898211658,5.837902382016182,0.3553922073915601,0.006671866729448084,0.0609130859375,0.9798590540885925,66.16739946603775,32.0,0.0,48.12,48.12,0.0,0.0,388.2,1.0,179.89592834472657,1437696
703,1439744,934.7115760902207,3814,0.007224949455121532,5.709162533283234,0.3648501858115196,0.008744321425183443,0.0745849609375,0.9826330542564392,60.37986373901367,32.0,0.0,48.2,48.2,0.0,0.0,387.9,1.0,180.6570053100586,1439744
704,1441792,934.6674532644693,3820,0.004805007061804645,6.144177310168743,0.34431646578013897,0.010122799671080429,0.0789794921875,0.9837572574615479,95.20316922664642,32.0,0.0,47.22,47.22,0.0,0.0,387.9,1.0,177.01710781097412,1441792
705,1443840,934.62967577829,3824,-0.002906447887653485,1.6385017707943916,0.32846364565193653,0.002243508948595263,0.0228271484375,0.9940022230148315,70.09281462430954,32.0,0.0,47.18,47.18,0.0,0.0,390.26,1.0,176.97099849700928,1443840
706,1445888,934.6282855416365,3830,-0.0017946054431376979,1.9592769518494606,0.3761249277740717,0.0064081649979925714,0.05810546875,0.994020938873291,57.295758575201035,32.0,0.0,47.28,47.28,0.0,0.0,390.64,1.0,176.96794216156005,1445888
707,1447936,934.6460802241016,3836,-0.0015123951015993953,1.6561924926936626,0.3177943117916584,0.006172521636472084,0.0657958984375,0.995047390460968,80.53111106157303,32.0,0.0,47.18,47.18,0.0,0.0,392.88,1.0,176.63899532318115,1447936
708,1449984,934.6090351411513,3839,-0.0037315834779292345,1.6698553003370762,0.3399627422913909,0.0027233723958488554,0.0321044921875,0.9921800494194031,49.06939607858658,32.0,0.0,47.16,47.16,0.0,0.0,392.88,1.0,176.5730862045288,1449984
709,1452032,934.583113876713,3848,0.0028683978265949656,5.398497649601528,0.3463656987462725,0.0048571527918933755,0.022879464285714284,0.9895858764648438,110.57096835545131,14.0,1.0,47.2,47.2,0.0,0.0,388.22,1.0,176.8111526107788,1452032
710,1454080,934.4436442568884,3851,0.00545133269042708,5.752904951572418,0.33745056949555874,0.01280821504042251,0.0992431640625,0.9819017648696899,101.73475861549377,32.0,0.0,47.34,47.34,0.0,0.0,388.22,1.0,177.65947872161865,1454080
711,1456128,934.4141793560557,3854,0.008208768752713999,4.547378555933634,0.333513069152832,0.009465009268994132,0.06145833333333333,0.9803831577301025,53.0445161819458,15.0,1.0,47.44,47.44,0.0,0.0,386.12,1.0,178.2944552230835,1456128
712,1458176,934.6041164007486,3862,-0.004149724292801693,2.6593732684850693,0.36929493863135576,0.005570958259340841,0.045654296875,0.992172122001648,56.03958776593208,32.0,0.0,46.46,46.46,0.0,0.0,389.38,1.0,174.55538299560547,1458176
713,1460224,934.9949192999009,3867,0.003934805863536894,4.619991064071655,0.32955459598451853,0.006415315372578334,0.0528564453125,0.9852694869041443,108.5919274687767,32.0,0.0,47.38,47.38,0.0,0.0,388.42,1.0,177.91451663970946,1460224
714,1462272,935.3897911428087,3871,-0.0029350868571782485,2.577339693903923,0.3515262231230736,0.006672489493212197,0.059814453125,0.9900012612342834,71.974041223526,32.0,0.0,47.46,47.46,0.0,0.0,386.32,1.0,178.26647281646729,1462272
715,1464320,935.7722877009634,3876,-0.004598763844114728,2.1897319555282593,0.3357271086424589,0.004334750963607803,0.0499267578125,0.9939846992492676,50.92096018791199,32.0,0.0,47.46,47.46,0.0,0.0,387.0,1.0,178.24070468902588,1464320
716,1466368,936.1353536556493,3883,-0.0018949434015667066,1.720144260674715,0.3260944886133075,0.0007356341520790011,0.00537109375,0.9947102665901184,127.11450099945068,32.0,0.0,47.32,47.32,0.0,0.0,388.82,1.0,177.83532566070556,1466368
717,1468416,936.5160452375005,3887,-0.0064103141776286066,1.3024970516562462,0.369850292801857,0.00479199464461999,0.0654296875,0.9943172335624695,50.11826705932617,32.0,0.0,47.42,47.42,0.0,0.0,388.82,1.0,178.01161533355713,1468416
718,1470464,936.8872861844038,3892,-0.0028016925061820075,2.148673389106989,0.35098233353346586,0.0025675355645944364,0.0286865234375,0.9929882884025574,98.5644334256649,32.0,0.0,47.66,47.66,0.0,0.0,386.5,1.0,178.87516788482665,1470464
719,1472512,937.2907037733817,3899,-0.002958458091598004,1.693422731012106,0.3512433376163244,0.003998974134447053,0.0421142578125,0.9940879344940186,98.04135212302208,32.0,0.0,47.5,47.5,0.0,0.0,391.86,1.0,178.58485507965088,1472512
720,1474560,937.6541987837634,3902,-0.002622120300657116,1.930979035794735,0.354840193875134,0.005951186809397768,0.05908203125,0.9923931360244751,104.19352126121521,32.0,0.0,47.5,47.5,0.0,0.0,390.8,1.0,178.5629864883423,1474560
721,1476608,938.0713704402134,3908,0.0020618292037397623,3.1852493153678045,0.3277241339286168,0.007026910186848707,0.054036458333333336,0.9907161593437195,52.07230265935262,18.0,1.0,48.34,48.34,0.0,0.0,391.92,1.0,181.49295837402343,1476608
722,1478656,938.449627712489,3913,-0.003011108987266198,1.8876026906073093,0.36078682728111744,0.0038121709076222032,0.0421142578125,0.9927375912666321,53.58147743344307,32.0,0.0,48.3,48.3,0.0,0.0,391.92,1.0,181.78866149902345,1478656
723,1480704,938.8319099813423,3916,-0.00222748531086836,1.387451644986868,0.3625699747353792,0.003644094082119409,0.0428466796875,0.9934569597244263,41.4053366035223,32.0,0.0,48.36,48.36,0.0,0.0,391.22,1.0,182.1345086669922,1480704
724,1482752,939.1989586559764,3925,0.00135872965620365,2.2414307296276093,0.356669295579195,0.004032137272588443,0.0352783203125,0.9938540458679199,51.691309437155724,32.0,0.0,48.16,48.16,0.0,0.0,393.14,1.0,180.92307800292969,1482752
725,1484800,939.569598603152,3931,-0.0013655165530508384,1.4625097699463367,0.33491420838981867,0.0027902512665605173,0.029052734375,0.9954744577407837,68.3796935081482,32.0,0.0,48.42,48.42,0.0,0.0,389.46,1.0,182.0453515625,1484800
726,1486848,939.7441170814255,3934,-0.0029486111307051033,1.3087084963917732,0.322922183200717,0.003542264770658221,0.0374755859375,0.9941732287406921,70.57380194216967,32.0,0.0,48.46,48.46,0.0,0.0,386.06,1.0,182.17348907470702,1486848
727,1488896,939.8522874969403,3940,-0.0005830302834510803,1.7676648870110512,0.3474157368764281,0.0065145267799380235,0.064208984375,0.9953978657722473,88.93598000705242,32.0,0.0,48.32,48.32,0.0,0.0,386.12,1.0,181.70593505859375,1488896
728,1490944,940.0902355702817,3947,-0.0030223334615584463,1.238665722310543,0.3493809597566724,0.0031840137598919682,0.0296630859375,0.9960519671440125,45.37469279766083,32.0,0.0,48.36,48.36,0.0,0.0,385.84,1.0,181.26553588867188,1490944
729,1492992,940.1545388792464,3951,-0.0027480912394821644,1.7597219459712505,0.3326564868912101,0.007313712623727042,0.070556640625,0.9937893748283386,31.37999039888382,32.0,0.0,48.38,48.38,0.0,0.0,383.1,1.0,181.3264486694336,1492992
730,1495040,940.2000494656369,3956,-0.0026592947979224846,2.2542422004044056,0.36403140239417553,0.0053202275157673284,0.0584716796875,0.9927833080291748,76.28436663746834,32.0,0.0,48.42,48.42,0.0,0.0,382.02,1.0,181.09843963623047,1495040
731,1497088,940.2113788889919,3963,-0.002239917579572648,1.5832174234092236,0.4249328672885895,0.004564102691801963,0.0458984375,0.9944923520088196,65.57434213161469,32.0,0.0,48.28,48.28,0.0,0.0,382.86,1.0,180.3649703979492,1497088
732,1499136,940.2056841839733,3967,-0.0026148108445340768,2.683130517601967,0.39794232323765755,0.004219915674184449,0.052734375,0.9920923113822937,104.88642373681068,32.0,0.0,48.24,48.24,0.0,0.0,382.7,1.0,180.1371871948242,1499136
733,1501184,940.224472597801,3972,-0.004093420502613299,3.451072059571743,0.40062216855585575,0.0076756374692195095,0.0888671875,0.9869334697723389,86.0138823390007,32.0,0.0,48.42,48.42,0.0,0.0,382.42,1.0,181.1971420288086,1501184
734,1503232,940.2300590121948,3979,0.001665733871050179,4.541084796190262,0.41698622796684504,0.006122992461314425,0.0635986328125,0.9783377051353455,51.789223343133926,32.0,0.0,47.88,47.88,0.0,0.0,386.84,1.0,179.07186294555663,1503232
735,1505280,940.5458519992458,3982,0.022089726105332375,3.993625116348267,0.4194680690765381,0.010485690040513872,0.07109375,0.9866268634796143,68.3766258239746,5.0,1.0,47.82,47.82,0.0,0.0,386.5,1.0,179.01983322143553,1505280
736,1507328,940.5594794993096,3988,0.003943649790016934,6.557989731431007,0.40818551275879145,0.006540847447467968,0.0594482421875,0.9806100726127625,59.02172154188156,32.0,0.0,47.64,47.64,0.0,0.0,391.5,1.0,178.4259053039551,1507328
737,1509376,940.8103265164573,3993,0.024815578944981098,7.989723841349284,0.40467500189940137,0.015953774214722216,0.08984375,0.9746190309524536,98.09857114156087,6.0,1.0,47.8,47.8,0.0,0.0,387.98,1.0,178.98133041381837,1509376
738,1511424,940.8255338363654,3998,0.00202954989799764,5.567643694579601,0.3558625113219023,0.00606918366975151,0.057861328125,0.9822577834129333,59.376554757356644,32.0,0.0,47.46,47.46,0.0,0.0,388.92,1.0,178.16530792236327,1511424
739,1513472,940.8388667431219,4005,-0.0010840262984856963,4.698951631784439,0.3581426767632365,0.003521696591633372,0.0380859375,0.9855231642723083,82.31000110507011,32.0,0.0,46.56,46.56,0.0,0.0,391.92,1.0,174.8440195083618,1513472
740,1515520,940.8685099459045,4008,-0.003479747858364135,1.4294239580631256,0.3387282742187381,0.0034604184693307616,0.0352783203125,0.9947432279586792,74.82476845383644,32.0,0.0,46.62,46.62,0.0,0.0,390.6,1.0,175.00997776031494,1515520
741,1517568,940.8516977025373,4014,-0.0009906737104756758,1.5707558020949364,0.307265879586339,0.007844514635507949,0.06787109375,0.9944252371788025,45.01449961960316,32.0,0.0,46.64,46.64,0.0,0.0,390.88,1.0,175.26327884674072,1517568
742,1519616,940.8656310035191,4022,-0.0030155459826346487,1.4555750414729118,0.3242734959349036,0.005798622383736074,0.0672607421875,0.9948012232780457,57.32411170005798,32.0,0.0,46.52,46.52,0.0,0.0,386.94,1.0,174.82001163482667,1519616
743,1521664,940.8352098696772,4024,-0.002406696541584097,2.552688606083393,0.32090769428759813,0.003488975649815984,0.037353515625,0.9922110438346863,77.99074649810791,32.0,0.0,46.6,46.6,0.0,0.0,386.94,1.0,175.30974033355713,1521664
744,1523712,940.857178474058,4030,-0.0034662214311538264,1.9231568276882172,0.3592887381091714,0.006322906672721729,0.060546875,0.993674635887146,48.57827474176884,32.0,0.0,46.94,46.94,0.0,0.0,387.68,1.0,176.31947101593016,1523712
745,1525760,940.8605463333379,4036,-0.0034456857247278094,1.6310881711542606,0.2934430632740259,0.004196390007564332,0.0452880859375,0.9953430891036987,43.218088045716286,32.0,0.0,47.16,47.16,0.0,0.0,384.72,1.0,177.12280323028565,1525760
746,1527808,940.8876589409946,4042,-0.0016464089712826535,1.2596796564757824,0.2917068777605891,0.004313654819270596,0.0455322265625,0.9956348538398743,66.89174556732178,32.0,0.0,47.14,47.14,0.0,0.0,381.58,1.0,176.94970294952392,1527808
747,1529856,940.8729002072776,4044,-0.0035958773805759847,1.7321319915354252,0.35099200811237097,0.003576924864319153,0.0433349609375,0.9912045001983643,72.85068202018738,32.0,0.0,47.14,47.14,0.0,0.0,381.58,1.0,177.14331104278565,1529856
748,1531904,940.8672968803302,4052,-0.004125431732973084,3.5598869174718857,0.37735623866319656,0.0076616023943643086,0.0555419921875,0.9918067455291748,88.31839895248413,32.0,0.0,48.52,48.52,0.0,0.0,380.02,1.0,182.7417150878906,1531904
749,1533952,940.899472725777,4058,-0.0019873620476573706,2.2176921516656876,0.3298650151118636,0.0047948427381925285,0.055908203125,0.9921877384185791,91.52906301617622,32.0,0.0,48.66,48.66,0.0,0.0,377.96,1.0,183.32791046142577,1533952
750,1536000,940.9111274410602,4062,-0.003464512075879611,1.3727422282099724,0.33753429166972637,0.0023269864977919497,0.02978515625,0.9932239651679993,70.16105043888092,32.0,0.0,48.66,48.66,0.0,0.0,374.36,1.0,183.239384765625,1536000
751,1538048,940.863947744103,4069,-0.003449861571425572,1.5705625042319298,0.35909816808998585,0.0020912813197355717,0.02392578125,0.9958949089050293,113.46069496870041,32.0,0.0,48.66,48.66,0.0,0.0,375.46,1.0,183.12436462402343,1538048
752,1540096,940.9196448366176,4075,-0.007308127824217081,1.5113880150020123,0.3157555693760514,0.004347614602011163,0.04931640625,0.9956876039505005,79.76657047867775,32.0,0.0,48.62,48.62,0.0,0.0,375.42,1.0,183.0694723510742,1540096
753,1542144,940.9362057060015,4079,-0.002382879873039201,1.4798561930656433,0.3271579099819064,0.0046063456538831815,0.047119140625,0.9946577548980713,103.23159727454185,32.0,0.0,48.76,48.76,0.0,0.0,371.18,1.0,184.02445587158203,1542144
754,1544192,940.8935667986872,4086,-0.004651354713132605,1.575414840131998,0.3749748030677438,0.0034988466577487998,0.0423583984375,0.9960114359855652,81.29774898290634,32.0,0.0,48.9,48.9,0.0,0.0,370.7,1.0,184.72485717773438,1544192
755,1546240,940.8558102171835,4093,8.337709004990757e-05,1.4451743997633457,0.28225339390337467,0.0030569329173886217,0.0333251953125,0.9955029487609863,99.2800680398941,32.0,0.0,48.84,48.84,0.0,0.0,372.06,1.0,184.3439813232422,1546240
756,1548288,940.8420043132144,4095,-0.0016227665910264477,1.1723726578056812,0.3011013753712177,0.010866532204090618,0.0892333984375,0.9936234354972839,41.96095621585846,32.0,0.0,48.9,48.9,0.0,0.0,370.58,1.0,184.45134582519532,1548288
757,1550336,940.8808153365692,4104,-0.0029135881195543334,1.7686713226139545,0.32622462417930365,0.002993798414536286,0.035400390625,0.9958993196487427,116.7089874446392,32.0,0.0,48.98,48.98,0.0,0.0,365.94,1.0,184.8001852416992,1550336
758,1552384,940.8506934023111,4110,-0.0035168311733286828,1.6955143548548222,0.24441260611638427,0.0015258601124514826,0.0181884765625,0.9953374266624451,137.90724104642868,32.0,0.0,48.94,48.94,0.0,0.0,367.64,1.0,184.37618072509767,1552384
759,1554432,940.8796434514911,4113,0.0005529001500690356,1.5132626667618752,0.3162150317803025,0.0034049059977405705,0.0341796875,0.9897313714027405,112.12987649440765,32.0,0.0,49.08,49.08,0.0,0.0,366.82,1.0,185.0530258178711,1554432
760,1556480,940.8792353703989,4121,-0.0021953924879198894,1.8901831954717636,0.36183931678533554,0.002428597705147695,0.0233154296875,0.9960827827453613,96.20125275850296,32.0,0.0,49.16,49.16,0.0,0.0,364.46,1.0,184.95738342285156,1556480
761,1558528,940.8710379509301,4126,-0.00012344618153292686,1.8528754971921444,0.30748183745890856,0.002604224871902261,0.025390625,0.9946073889732361,119.88807737827301,32.0,0.0,49.14,49.14,0.0,0.0,366.8,1.0,184.89772918701172,1558528
762,1560576,940.876414510579,4127,-0.0019592662720242515,1.5713379047811031,0.3121206881478429,0.0029913799080532044,0.03564453125,0.9921513795852661,93.09858244657516,32.0,0.0,49.16,49.16,0.0,0.0,365.22,1.0,184.93440185546876,1560576
763,1562624,940.9057669999669,4137,-0.002504745112673845,1.6262723915278912,0.33108066860586405,0.005872321708011441,0.048095703125,0.9966451525688171,43.08832874894142,32.0,0.0,49.02,49.02,0.0,0.0,367.56,1.0,184.17740356445313,1562624
764,1564672,940.9205675793369,4142,0.005107485383632593,3.076530747115612,0.31735273264348507,0.01191510220814962,0.0869140625,0.9923499822616577,77.2698024213314,32.0,0.0,49.12,49.12,0.0,0.0,371.2,1.0,184.84867248535156,1564672
765,1566720,940.9222582483076,4144,-0.004634794080629945,1.5250143930315971,0.3221435658633709,0.0023687454595346935,0.0263671875,0.9952258467674255,90.0444743335247,32.0,0.0,49.12,49.12,0.0,0.0,371.08,1.0,184.7379293823242,1566720
766,1568768,940.9481914998149,4151,-0.003545990912243724,1.4682935774326324,0.31107417214661837,0.0020107974924030714,0.0194091796875,0.9959247708320618,60.2774204313755,32.0,0.0,48.98,48.98,0.0,0.0,376.24,1.0,183.88386016845703,1568768
767,1570816,940.9751343296429,4158,-0.0029373143770499155,1.8130768053233624,0.28572710044682026,0.005147082614712417,0.051025390625,0.9949007034301758,77.92551729083061,32.0,0.0,48.82,48.82,0.0,0.0,379.68,1.0,183.5096029663086,1570816
768,1572864,941.1921156329621,4163,0.0026288694702088834,1.9212686896324158,0.2944808155298233,0.010647897305898369,0.044921875,0.9930017590522766,58.93587818145752,10.0,1.0,48.86,48.86,0.0,0.0,376.9,1.0,183.6838299560547,1572864
769,1574912,941.2302119340656,4167,-0.00415293121477589,1.4879514388740063,0.3220699289813638,0.004600540290994104,0.04931640625,0.9959259033203125,71.23682910203934,32.0,0.0,48.78,48.78,0.0,0.0,381.78,1.0,183.12539672851562,1574912
770,1576960,941.1862473053225,4173,-0.004549210891127586,1.836276549845934,0.333613314665854,0.009667487756814808,0.076904296875,0.9952128529548645,82.21721586585045,32.0,0.0,48.94,48.94,0.0,0.0,379.92,1.0,184.08758392333985,1576960
771,1579008,941.1951861299858,4180,-0.003142656059935689,1.2931421510875225,0.31204995047301054,0.005416275780589785,0.0560302734375,0.9956470131874084,55.889750465750694,32.0,0.0,48.98,48.98,0.0,0.0,378.54,1.0,184.34497009277345,1579008
772,1581056,941.1593090861151,4186,-0.0027754174661822617,1.3295162692666054,0.3215149724856019,0.0038427639519795775,0.04833984375,0.9953920245170593,51.44726860523224,32.0,0.0,49.1,49.1,0.0,0.0,375.34,1.0,184.9588995361328,1581056
773,1583104,941.1591903696388,4190,-0.0015825524169486016,1.6960535906255245,0.3304263800382614,0.005377238725486677,0.0462646484375,0.9952376484870911,58.10823744535446,32.0,0.0,49.1,49.1,0.0,0.0,372.52,1.0,184.8509115600586,1583104
774,1585152,941.389069897036,4196,0.005269495211541653,1.5752608060836792,0.3512587398290634,0.008732203557156027,0.0609375,0.9943454265594482,112.05249481201172,10.0,1.0,49.04,49.04,0.0,0.0,371.46,1.0,184.40742431640626,1585152
775,1587200,941.4168608159987,4203,-0.0034356354153715074,2.0330581590533257,0.3887844616547227,0.0031658591688028537,0.0372314453125,0.994351863861084,99.65731590986252,32.0,0.0,49.1,49.1,0.0,0.0,365.8,1.0,184.13770629882814,1587200
776,1589248,941.3924945522368,4207,-0.0027974086406175047,1.440579380840063,0.3324277326464653,0.006834774605522398,0.056640625,0.9949656128883362,65.18682220578194,32.0,0.0,49.02,49.02,0.0,0.0,365.38,1.0,183.7657730102539,1589248
777,1591296,941.6039327992627,4214,0.01230109358827273,4.473563194274902,0.3766147063838111,0.013362163031059835,0.1032986111111111,0.9901537299156189,159.3164299858941,9.0,1.0,49.02,49.02,0.0,0.0,368.22,1.0,183.73578643798828,1591296
778,1593344,941.6041630704386,4218,-0.00210108351893723,2.3859252147376537,0.3310076277703047,0.004147506697336212,0.0419921875,0.9922668933868408,51.05101554095745,32.0,0.0,48.98,48.98,0.0,0.0,369.06,1.0,183.70613677978517,1593344
779,1595392,941.620318008327,4224,0.006412938644643873,1.7806202620267868,0.2928254706785083,0.009054714337253245,0.068359375,0.9952690005302429,102.43180523812771,32.0,0.0,49.0,49.0,0.0,0.0,368.26,1.0,183.7641571044922,1595392
780,1597440,941.8760880360586,4229,0.009372730040922761,1.3940165042877197,0.33889925107359886,0.016279019764624536,0.10009765625,0.9953925013542175,56.002426624298096,8.0,1.0,48.94,48.94,0.0,0.0,371.7,1.0,183.29538696289063,1597440
781,1599488,941.8830834620849,4235,0.005265695639536716,3.657197028398514,0.3157513812184334,0.005976435655611567,0.0703125,0.9892778992652893,82.23047626018524,32.0,0.0,48.88,48.88,0.0,0.0,371.1,1.0,182.90337860107422,1599488
782,1601536,941.8794737753378,4239,0.0029057928622933105,4.53666153550148,0.3500227490440011,0.0038996609073365107,0.046630859375,0.9839789271354675,89.0598293542862,32.0,0.0,48.84,48.84,0.0,0.0,370.28,1.0,182.63706420898438,1601536
783,1603584,941.8807668914712,4246,9.361955744680017e-05,7.002185672521591,0.32060613110661507,0.003042147174710408,0.031494140625,0.9765007495880127,73.39637798070908,32.0,0.0,48.16,48.16,0.0,0.0,370.86,1.0,180.22624572753907,1603584
784,1605632,941.896533305081,4252,-0.004186996258795261,1.5050943605601788,0.3026023441925645,0.0035039868744206615,0.0377197265625,0.9954797029495239,58.752604365348816,32.0,0.0,48.12,48.12,0.0,0.0,373.0,1.0,180.51025482177735,1605632
785,1607680,941.8897543237152,4256,-0.002308102062670514,1.1911376751959324,0.28518456779420376,0.006021327950293198,0.0594482421875,0.9958636164665222,63.37836763262749,32.0,0.0,48.26,48.26,0.0,0.0,371.48,1.0,181.2819174194336,1607680
786,1609728,941.9028627027019,4263,-0.0010195132344961166,1.3709987364709377,0.36641898285597563,0.005526353750610724,0.058837890625,0.9955779314041138,34.169169291853905,32.0,0.0,48.28,48.28,0.0,0.0,370.88,1.0,181.53228576660158,1609728
787,1611776,941.9217516338789,4269,0.0023744230519139,1.9796332043986167,0.3210753942689588,0.012937871814374962,0.08921370967741936,0.9950922131538391,38.62153027134557,31.0,1.0,48.3,48.3,0.0,0.0,369.12,1.0,181.30035369873048,1611776
788,1613824,941.9463870551024,4273,0.001995013837586157,3.4481217339634895,0.30024142283946276,0.006836486871179659,0.06884765625,0.9900322556495667,77.246099665761,32.0,0.0,48.12,48.12,0.0,0.0,368.62,1.0,180.21195587158203,1613824
789,1615872,941.9438125328596,4280,0.001600035495357588,7.923124223947525,0.3502703504636884,0.006984477608057205,0.0660400390625,0.9822338223457336,55.502122700214386,32.0,0.0,48.28,48.28,0.0,0.0,365.52,1.0,181.38996978759766,1615872
790,1617920,942.1557953998914,4285,0.02110603096132929,9.079880020835184,0.28278284723108466,0.016019011720676313,0.10191761363636363,0.9739646315574646,155.50220038674095,11.0,1.0,47.88,47.88,0.0,0.0,369.36,1.0,180.19156494140626,1617920
791,1619968,942.1725341037813,4289,-0.0035288366925669834,2.6736996099352837,0.2894902778789401,0.0024883613223209977,0.0245361328125,0.9887935519218445,66.78329205513,32.0,0.0,47.46,47.46,0.0,0.0,369.34,1.0,178.91716217041017,1619968
792,1622016,942.2002950617375,4297,-0.005795649703941308,1.360689166933298,0.30772353801876307,0.006682509418169502,0.0635986328125,0.9970173239707947,51.42888171970844,32.0,0.0,48.12,48.12,0.0,0.0,369.36,1.0,181.36805572509766,1622016
793,1624064,942.2455041685871,4302,0.0013146804267307743,1.5635203048586845,0.28011074708774686,0.004695388546679169,0.0472412109375,0.9953835010528564,81.93623772263527,32.0,0.0,48.26,48.26,0.0,0.0,368.56,1.0,182.08679779052736,1624064
794,1626112,942.220138371581,4306,-0.0046340204135049134,1.5057768858969212,0.29109631292521954,0.0038851982753840275,0.0389404296875,0.9941550493240356,29.4631155282259,32.0,0.0,48.16,48.16,0.0,0.0,371.4,1.0,182.09469268798827,1626112
795,1628160,942.1940115943598,4315,-0.0027410599432187155,1.6135616414248943,0.32915070839226246,0.002703943944652565,0.02685546875,0.9959755539894104,94.0495365858078,32.0,0.0,48.24,48.24,0.0,0.0,369.96,1.0,182.45310272216796,1628160
796,1630208,942.1961301409864,4318,-0.0021113248076289892,1.376902848482132,0.27865458000451326,0.002810262652928941,0.0325927734375,0.9947831630706787,70.14863711595535,32.0,0.0,48.28,48.28,0.0,0.0,369.14,1.0,182.64888793945312,1630208
797,1632256,942.1391220882462,4326,0.0009853846859186888,1.2665771525353193,0.28993063140660524,0.003903320372046437,0.0406494140625,0.9958629608154297,85.67130506038666,32.0,0.0,48.52,48.52,0.0,0.0,367.4,1.0,183.9370037841797,1632256
798,1634304,942.1792098772627,4329,0.0023832610145641062,3.8351772014911356,0.28414877561422497,0.01015081860196705,0.0653545673076923,0.9901251792907715,68.66212942050053,26.0,1.0,48.54,48.54,0.0,0.0,364.54,1.0,184.00449432373046,1634304
799,1636352,942.1763438660972,4335,-0.0011444029223639518,5.93271479010582,0.31493200827389956,0.005833379727846477,0.0611572265625,0.9839858412742615,123.8906843662262,32.0,0.0,48.88,48.88,0.0,0.0,365.7,1.0,185.22777587890624,1636352
800,1638400,942.1913931545838,4340,0.0014359669876284897,3.0591123439371586,0.36241863016039133,0.003886359991156496,0.0460205078125,0.987587571144104,54.85126632452011,32.0,0.0,49.4,49.4,0.0,0.0,365.26,1.0,187.2433526611328,1638400
801,1640448,942.1091816116758,4348,0.0062039492768235505,2.949259363114834,0.29541938565671444,0.01059939216429484,0.0750732421875,0.9909642338752747,49.05559778213501,32.0,0.0,48.98,48.98,0.0,0.0,364.78,1.0,185.49643829345703,1640448
802,1642496,942.1265041130574,4351,-0.0025071951386053115,1.760500680655241,0.3059115596115589,0.003214363481674809,0.0350341796875,0.9934259057044983,71.11689832806587,32.0,0.0,48.9,48.9,0.0,0.0,364.88,1.0,185.03932739257812,1642496
803,1644544,942.1748516383099,4360,-0.005685755430022255,1.4052957780659199,0.3150216704234481,0.002847153344191611,0.0335693359375,0.9964247345924377,74.432697057724,32.0,0.0,48.96,48.96,0.0,0.0,360.48,1.0,184.6735009765625,1644544
804,1646592,942.1718169320958,4365,-0.004973897390300408,1.397554561495781,0.3163207760080695,0.0026139680994674563,0.0316162109375,0.9954485297203064,98.48949003219604,32.0,0.0,49.04,49.04,0.0,0.0,355.1,1.0,185.00821319580078,1646592
805,1648640,942.1584647115072,4369,-0.004913300363114104,1.377658225595951,0.2969560716301203,0.004212514315440785,0.0426025390625,0.9954267740249634,50.02598860859871,32.0,0.0,49.04,49.04,0.0,0.0,352.6,1.0,185.07898193359375,1648640
806,1650688,942.1697379833361,4376,-0.004768472776049748,1.7660493440926075,0.33207466173917055,0.005049726998549886,0.03857421875,0.9951162338256836,88.81287842988968,32.0,0.0,48.86,48.86,0.0,0.0,354.92,1.0,183.98470764160157,1650688
807,1652736,942.1368957410232,4380,-0.0025937775208149105,1.4311709180474281,0.30673171393573284,0.004000755005108658,0.038818359375,0.9953015446662903,63.66359631717205,32.0,0.0,48.82,48.82,0.0,0.0,356.92,1.0,183.80961151123046,1652736
808,1654784,942.1109120424201,4388,-0.0017184962634928524,1.474260088056326,0.2796094403602183,0.004020568143459968,0.040771484375,0.9959806799888611,59.46909335255623,32.0,0.0,48.88,48.88,0.0,0.0,354.2,1.0,183.5343862915039,1654784
809,1656832,942.0921611981212,4394,-0.004957947181537747,1.177132036536932,0.30667245388031006,0.00785187266592402,0.0849609375,0.996326208114624,67.82223096489906,32.0,0.0,49.48,49.48,0.0,0.0,349.0,1.0,185.54126678466798,1656832
810,1658880,942.0589247212426,4397,-0.005491162068210542,1.1653438322246075,0.2967386981472373,0.003460003041254822,0.040283203125,0.9956074953079224,50.755267947912216,32.0,0.0,49.46,49.46,0.0,0.0,346.9,1.0,185.42697845458986,1658880
811,1660928,942.0406836683447,4404,-0.0019346779154147953,1.44282341375947,0.3519349116832018,0.0032590135087957606,0.038330078125,0.9960998892784119,101.69985347986221,32.0,0.0,49.56,49.56,0.0,0.0,349.42,1.0,186.24914825439453,1660928
812,1662976,942.0384706134879,4410,-0.003478558050119318,1.6604283340275288,0.3061652695760131,0.0024208450558944605,0.02978515625,0.9947314858436584,87.27466736733913,32.0,0.0,49.4,49.4,0.0,0.0,352.52,1.0,185.87672576904296,1662976
813,1665024,942.009598282167,4414,-0.0026945200806949288,1.4107418432831764,0.3545358907431364,0.0028484374270192347,0.0333251953125,0.994568943977356,78.18893694877625,32.0,0.0,49.34,49.34,0.0,0.0,358.12,1.0,185.84177490234376,1665024
814,1667072,941.9878382240355,4422,-0.0038409956905525178,1.7467244155704975,0.32504991814494133,0.004810705766431056,0.0526123046875,0.9957289099693298,52.07854388654232,32.0,0.0,49.22,49.22,0.0,0.0,361.62,1.0,185.55167816162108,1667072
815,1669120,942.1013245993644,4427,0.01625146608178814,3.2325199296077094,0.33134623741110164,0.01291412035546576,0.09928385416666667,0.9906435608863831,69.33206367492676,24.0,1.0,49.28,49.28,0.0,0.0,360.52,1.0,185.98638427734375,1669120
816,1671168,942.3499417298542,4432,0.027376273802171152,5.861927668253581,0.35195818543434143,0.018791232141666114,0.11197916666666667,0.9795683026313782,139.63519541422525,6.0,1.0,49.3,49.3,0.0,0.0,355.3,1.0,185.84021270751953,1671168
817,1673216,942.5364457970513,4439,0.00584249128587544,8.435010403394699,0.4785021264106035,0.0077265581785468385,0.0732421875,0.980755627155304,114.5996623635292,16.0,1.0,49.26,49.26,0.0,0.0,357.6,1.0,185.9917642211914,1673216
818,1675264,942.5872441682695,4446,-0.0002874817146221176,12.760068148374557,0.3438175367191434,0.005557850556215271,0.061767578125,0.9594549536705017,81.0187194943428,32.0,0.0,48.24,48.24,0.0,0.0,360.94,1.0,182.30205581665038,1675264
819,1677312,942.5700565177963,4449,0.013262700725106462,14.119890336067446,0.35400390528863473,0.012182223535473309,0.10105846774193548,0.960149884223938,76.12257489850444,31.0,1.0,48.22,48.22,0.0,0.0,360.94,1.0,181.78127883911134,1677312
820,1679360,942.5916641057817,4457,0.0013210754696046934,11.853027939796448,0.3111378364264965,0.005357940855901688,0.0494384765625,0.9674937129020691,148.21889173984528,32.0,0.0,47.76,47.76,0.0,0.0,352.64,1.0,179.5074658203125,1679360
821,1681408,942.5979382772917,4463,0.0033257680770475417,12.81015631556511,0.3329300107434392,0.006136256975878496,0.049560546875,0.957809329032898,74.64885225892067,32.0,0.0,46.06,46.06,0.0,0.0,354.82,1.0,173.16634437561035,1681408
822,1683456,942.6087354387691,4467,-0.003397138847503811,1.7191185094416142,0.31859809532761574,0.0036293587254476734,0.0430908203125,0.9941240549087524,71.06602221727371,32.0,0.0,46.08,46.08,0.0,0.0,353.0,1.0,173.22915199279785,1683456
823,1685504,942.6623688681658,4474,-0.0004921337240375578,3.5590386763215065,0.3615461718291044,0.004485682809900027,0.0474853515625,0.9913427829742432,67.98606592416763,32.0,0.0,46.28,46.28,0.0,0.0,345.38,1.0,173.60215827941894,1685504
824,1687552,942.6681575380768,4480,0.00024053018673190048,3.0915679846491133,0.32528290365423473,0.007526810488863183,0.06040736607142857,0.9898017644882202,65.72938770907265,28.0,1.0,46.22,46.22,0.0,0.0,352.12,1.0,173.50208869934082,1687552
825,1689600,942.6232834290485,4483,-0.002683727434487082,1.8040861301124096,0.3147174930199981,0.007110183440090623,0.0604248046875,0.993391752243042,56.379843428730965,32.0,0.0,45.96,45.96,0.0,0.0,353.3,1.0,172.57360511779785,1689600
826,1691648,942.6179080368797,4492,-0.004526421849732287,1.7674143835902214,0.315328904427588,0.004638008700567298,0.0482177734375,0.9960506558418274,53.37104903161526,32.0,0.0,46.74,46.74,0.0,0.0,353.14,1.0,175.94618095397948,1691648
827,1693696,942.6019787833188,4498,-0.005988976714434102,1.2647775020450354,0.30226200819015503,0.004839135959628038,0.0421142578125,0.9950892925262451,44.70110480487347,32.0,0.0,46.88,46.88,0.0,0.0,352.18,1.0,177.22114128112793,1693696
828,1695744,942.6065889608236,4503,-0.005865092636668123,1.933432426303625,0.2896663947030902,0.002818490069330437,0.0316162109375,0.9941820502281189,62.967071652412415,32.0,0.0,47.48,47.48,0.0,0.0,352.5,1.0,180.04036567687987,1695744
829,1697792,942.5972270233183,4510,-0.007271624912391417,2.263538286089897,0.3269688868895173,0.005175683847483015,0.0572509765625,0.9943996071815491,68.24444594979286,32.0,0.0,48.3,48.3,0.0,0.0,350.94,1.0,183.2205487060547,1697792
830,1699840,942.6100143177327,4515,-0.004484251112444326,1.971574779599905,0.28839115146547556,0.006417881137167569,0.066162109375,0.993671715259552,25.36563605070114,32.0,0.0,49.22,49.22,0.0,0.0,348.22,1.0,186.67520263671875,1699840
831,1701888,942.6093040767863,4523,0.0008260545291705057,1.820836130529642,0.33385787531733513,0.0039622525800950825,0.045654296875,0.9937800168991089,69.04157224297523,32.0,0.0,49.12,49.12,0.0,0.0,351.04,1.0,186.34485473632813,1701888
832,1703936,942.6147970082876,4527,-0.0011149262427352369,1.2956103682518005,0.2780530024319887,0.0032391926943091676,0.0355224609375,0.9952641129493713,78.12728422880173,32.0,0.0,49.16,49.16,0.0,0.0,349.22,1.0,185.93442474365236,1703936
833,1705984,942.6236507722145,4533,-0.0007591171306557953,1.466948814690113,0.30290736071765423,0.0031782144869794138,0.0299072265625,0.9956780672073364,91.82988940179348,32.0,0.0,49.36,49.36,0.0,0.0,350.96,1.0,187.11921142578126,1705984
834,1708032,942.6158220504226,4541,-0.00135492580011487,1.4087398499250412,0.2648285124450922,0.0016228670428972691,0.01806640625,0.9966232180595398,123.33823969960213,32.0,0.0,49.52,49.52,0.0,0.0,344.36,1.0,187.36015899658204,1708032
835,1710080,942.568229838906,4543,-0.0056111565354513004,2.2004171200096607,0.30969217885285616,0.007305293518584222,0.0655517578125,0.9913772344589233,32.143889024853706,32.0,0.0,49.52,49.52,0.0,0.0,344.86,1.0,187.0371353149414,1710080
836,1712128,942.5886282893431,4551,0.004211880834191106,2.8922661170363426,0.32382198236882687,0.007169530057581142,0.0667724609375,0.9920300841331482,55.935659527778625,32.0,0.0,49.48,49.48,0.0,0.0,347.6,1.0,186.7210498046875,1712128
837,1714176,942.75333824962,4555,0.015836737333582,4.426138107593243,0.3196112811565399,0.01064839018866993,0.08864182692307693,0.9852208495140076,80.12287917503944,13.0,1.0,49.48,49.48,0.0,0.0,353.18,1.0,186.96331024169922,1714176
838,1716224,942.7461677110128,4561,-0.0037967449316056445,4.9789780378341675,0.3082324378192425,0.004733915964607149,0.0516357421875,0.9869710803031921,108.6400765478611,32.0,0.0,49.12,49.12,0.0,0.0,348.54,1.0,185.33901077270508,1716224
839,1718272,942.7279004541156,4567,-0.0014572518412023783,3.0019840449094772,0.33929213881492615,0.003982264694059268,0.043212890625,0.9911897778511047,88.1845174729824,32.0,0.0,49.2,49.2,0.0,0.0,346.98,1.0,185.2896598815918,1718272
840,1720320,942.7686682047837,4575,-0.0007696121028857306,4.397746384143829,0.33616003207862377,0.002985692899528658,0.035400390625,0.9885953068733215,101.49484890699387,32.0,0.0,48.96,48.96,0.0,0.0,351.54,1.0,184.39936935424805,1720320
841,1722368,942.8463664759566,4578,-0.001976613700389862,4.951036961873372,0.33997244636217755,0.006379663152620197,0.059895833333333336,0.9823321104049683,113.54848550160726,15.0,1.0,49.06,49.06,0.0,0.0,347.56,1.0,184.47177658081054,1722368
842,1724416,942.8024245069149,4583,-0.006955936463782564,4.718980580568314,0.36787499114871025,0.004777890331752133,0.05517578125,0.9833762645721436,58.22146198153496,32.0,0.0,48.36,48.36,0.0,0.0,348.6,1.0,181.9287710571289,1724416
843,1726464,942.8932093497524,4592,0.004895584005862474,1.7133339802424112,0.27726690769195556,0.00690097768480579,0.050520833333333334,0.9952666163444519,69.56945991516113,15.0,1.0,48.2,48.2,0.0,0.0,353.04,1.0,181.38810638427734,1726464
844,1728512,942.8422848478924,4596,-0.0038182632270036265,1.5019973069429398,0.2885840395465493,0.004429482491104864,0.0465087890625,0.9939354658126831,49.69148391485214,32.0,0.0,48.18,48.18,0.0,0.0,353.1,1.0,181.4822021484375,1728512
845,1730560,942.822627793054,4602,-0.0033861828997032717,1.8276582807302475,0.3386796321719885,0.0015523221481998917,0.017333984375,0.9934559464454651,69.55018293857574,32.0,0.0,48.24,48.24,0.0,0.0,351.56,1.0,181.43329772949218,1730560
846,1732608,942.7641731686064,4608,-0.002026110072620213,1.4980016089975834,0.3008596138097346,0.005330913474608678,0.0535888671875,0.995571494102478,90.34308385848999,32.0,0.0,48.52,48.52,0.0,0.0,352.5,1.0,182.31546371459962,1732608
847,1734656,942.7852773333591,4613,-0.0033471514470875263,2.4575193325678506,0.2808648844559987,0.007071900785107304,0.050202546296296294,0.9907391667366028,63.96154099923593,27.0,1.0,48.52,48.52,0.0,0.0,354.38,1.0,182.47432907104493,1734656
848,1736704,942.7577878416117,4619,-0.0015643876977264881,1.3542576134204865,0.32448562514036894,0.006408623157767579,0.052490234375,0.996799886226654,70.18947541713715,32.0,0.0,48.62,48.62,0.0,0.0,354.46,1.0,183.32359420776368,1736704
849,1738752,942.722778137912,4624,-0.0007280577556230128,1.7208826951682568,0.3155836360529065,0.0063022807880770415,0.0601806640625,0.9951285719871521,61.724288642406464,32.0,0.0,48.64,48.64,0.0,0.0,356.6,1.0,183.61227676391601,1738752
850,1740800,942.6782292715437,4629,-0.0037009124062024057,1.2029244750738144,0.34298339020460844,0.006377310477546416,0.0576171875,0.9958548545837402,51.009595558047295,32.0,0.0,48.52,48.52,0.0,0.0,361.18,1.0,183.48897476196288,1740800
851,1742848,942.6556216211538,4636,-0.0030134798726066947,1.5072794891893864,0.307188643142581,0.004563797730952501,0.0499267578125,0.996159017086029,87.51832491159439,32.0,0.0,49.18,49.18,0.0,0.0,361.68,1.0,185.1905404663086,1742848
852,1744896,942.6189671088237,4642,0.00010764822945930064,1.5621545985341072,0.2511684289202094,0.0063231223612092435,0.045654296875,0.9959729909896851,85.33953124284744,32.0,0.0,49.28,49.28,0.0,0.0,359.86,1.0,186.06285705566407,1744896
853,1746944,942.5775977560623,4649,-0.001661755668465048,1.5075636729598045,0.2609488717280328,0.0015218319058476482,0.0150146484375,0.9949344396591187,64.15803557634354,32.0,0.0,49.34,49.34,0.0,0.0,354.84,1.0,186.32287811279298,1746944
854,1748992,942.5850673534502,4653,-0.003930808728910051,1.218977827578783,0.3035365669056773,0.002765197459666524,0.030517578125,0.9958317875862122,62.533159986138344,32.0,0.0,49.34,49.34,0.0,0.0,353.42,1.0,186.12812255859376,1748992
855,1751040,942.8337595990494,4663,0.00587968211621046,1.6471130847930908,0.2761486113071442,0.012109200190752744,0.06953125,0.9956384301185608,76.7734395980835,5.0,1.0,49.38,49.38,0.0,0.0,350.02,1.0,185.85109344482422,1751040
856,1753088,942.877434694315,4666,-0.004566924661048688,1.3057262301445007,0.24206426367163658,0.0028865373533335514,0.0374755859375,0.9938883185386658,50.40338122844696,32.0,0.0,49.36,49.36,0.0,0.0,348.78,1.0,185.61418029785156,1753088
857,1755136,942.8894104415413,4673,-0.006778532784665003,1.1597585938870907,0.32327978778630495,0.003670692392915953,0.046142578125,0.9972243905067444,60.51606288552284,32.0,0.0,49.42,49.42,0.0,0.0,344.7,1.0,185.37440155029296,1755136
858,1757184,942.8930804299459,4681,0.0017317366728093475,1.6302077397704124,0.24063870683312416,0.007895985749200918,0.0599365234375,0.9962785243988037,49.08345311880112,32.0,0.0,49.58,49.58,0.0,0.0,339.06,1.0,185.65721282958984,1757184
859,1759232,942.8890573594883,4682,-0.0027226724923821166,1.391171395778656,0.2967185601592064,0.004465558828087524,0.049560546875,0.9934325814247131,42.729069858789444,32.0,0.0,49.58,49.58,0.0,0.0,340.22,1.0,185.7364794921875,1759232
860,1761280,942.9111453954898,4692,-0.0037330564082367346,1.1339343301951885,0.34254547394812107,0.008385748747969046,0.0653076171875,0.9976994395256042,48.93907791376114,32.0,0.0,49.7,49.7,0.0,0.0,338.58,1.0,186.0344436645508,1761280
861,1763328,942.9208585027179,4697,-0.0020748014212585986,3.379787154495716,0.2904335157945752,0.004623475557309575,0.0462646484375,0.9898613691329956,139.13222706317902,32.0,0.0,49.68,49.68,0.0,0.0,343.28,1.0,186.06927001953125,1763328
862,1765376,942.9081227677843,4699,-0.0022457872837549075,1.1066927276551723,0.30071938689798117,0.0046301500624394976,0.0440673828125,0.9933424592018127,75.12828280031681,32.0,0.0,49.62,49.62,0.0,0.0,345.98,1.0,185.8272506713867,1765376
863,1767424,942.8901635309054,4710,-0.0032440049544675276,1.3794379532337189,0.31103674694895744,0.002902196611103136,0.0328369140625,0.9975447654724121,74.41175603866577,32.0,0.0,49.76,49.76,0.0,0.0,346.02,1.0,186.5203009033203,1767424
864,1769472,942.8974523491148,4714,0.0015568742528557777,1.6299169026315212,0.27611693227663636,0.005760265194112435,0.05419921875,0.994371771812439,37.03915619850159,32.0,0.0,49.76,49.76,0.0,0.0,350.48,1.0,186.77249450683593,1769472
865,1771520,942.8548229001906,4720,-0.0023779557668603957,1.5505409762263298,0.28125219885259867,0.0016521609995834297,0.019775390625,0.9951986074447632,99.36791877448559,32.0,0.0,49.74,49.74,0.0,0.0,348.12,1.0,186.6325732421875,1771520
866,1773568,942.8527410390435,4725,0.011304778046905994,2.172837655991316,0.2833872567862272,0.0125753498141421,0.0894775390625,0.9947633743286133,32.54458335042,32.0,0.0,49.82,49.82,0.0,0.0,346.1,1.0,186.89328521728515,1773568
867,1775616,942.876579867988,4732,0.010833615019660571,4.42877984046936,0.2690488089775217,0.009163762506996763,0.055360991379310345,0.9889113306999207,95.64736432042615,29.0,1.0,49.8,49.8,0.0,0.0,344.92,1.0,187.1784603881836,1775616
868,1777664,942.8844939539746,4738,0.00457260271650739,6.25976924598217,0.297504348680377,0.0030916414834791794,0.0291748046875,0.9840424656867981,68.43230906128883,32.0,0.0,49.78,49.78,0.0,0.0,345.88,1.0,187.00271942138673,1777664
869,1779712,942.967814699417,4745,-0.0022773888582984605,6.514199177424113,0.2695336441198985,0.008733319972331325,0.059244791666666664,0.9806033968925476,40.39245607455572,24.0,1.0,49.74,49.74,0.0,0.0,342.36,1.0,187.12102813720702,1779712
870,1781760,942.954978131885,4750,0.007918296410935,7.980744928121567,0.28119682194665074,0.0073679032939253375,0.06591796875,0.9731403589248657,133.07047539949417,32.0,0.0,48.9,48.9,0.0,0.0,338.74,1.0,183.88405254364014,1781760
871,1783808,942.9264333229922,4755,-0.002832150421454571,1.4481812305748463,0.30385763477534056,0.0027805201752926223,0.033935546875,0.9963041543960571,93.85190200805664,32.0,0.0,48.88,48.88,0.0,0.0,340.52,1.0,184.10678661346435,1783808
872,1785856,942.899630921561,4764,-0.003532993112457916,1.6805106550455093,0.2594047081656754,0.0060172627490828745,0.0565185546875,0.995705246925354,69.24561688303947,32.0,0.0,48.82,48.82,0.0,0.0,336.46,1.0,183.94741680145265,1785856
873,1787904,942.8892652679777,4767,-0.0025894994323607534,1.1990856993943453,0.291700785048306,0.005936033405305352,0.054443359375,0.9956493377685547,38.85482715070248,32.0,0.0,48.82,48.82,0.0,0.0,338.26,1.0,183.99724803924562,1787904
874,1789952,942.895135909927,4776,0.0006679650687146932,1.3584138937294483,0.32776017393916845,0.005392459795984905,0.0482177734375,0.9972296357154846,85.06808283925056,32.0,0.0,48.88,48.88,0.0,0.0,333.66,1.0,184.06472972869872,1789952
875,1792000,942.9119409832397,4780,0.00021428430045489222,2.0152283422648907,0.2617112137377262,0.007898114236013498,0.0625,0.9929588437080383,59.75426888465881,32.0,0.0,48.84,48.84,0.0,0.0,336.72,1.0,184.28532665252686,1792000
876,1794048,942.8696655354312,4787,-0.0046822087751934305,1.874758306890726,0.32895686849951744,0.003213365405827062,0.03369140625,0.9952826499938965,97.53116059303284,32.0,0.0,48.78,48.78,0.0,0.0,336.58,1.0,184.20576549530028,1794048
877,1796096,942.8724540730692,4794,0.00031849472725298256,1.4749340824782848,0.2736656339839101,0.0025221866308129393,0.025390625,0.9957254528999329,88.36694398522377,32.0,0.0,48.84,48.84,0.0,0.0,335.34,1.0,184.58711101531983,1796096
878,1798144,942.8243733227664,4799,-0.00560011163179297,1.6111442707479,0.3034375524148345,0.004742057528346777,0.053955078125,0.9939485788345337,54.055897891521454,32.0,0.0,49.62,49.62,0.0,0.0,332.96,1.0,187.14670593261718,1798144
879,1800192,942.9663660440597,4806,0.01117907464504242,1.9781876901785533,0.3282760630051295,0.010828693901809553,0.059895833333333336,0.995249330997467,71.71387100219727,12.0,1.0,49.66,49.66,0.0,0.0,328.66,1.0,187.33244049072266,1800192
880,1802240,942.9645300734851,4814,-0.0025115948519669473,1.2618407271802425,0.28868149872869253,0.0035194766569475178,0.0377197265625,0.996757447719574,79.80619549751282,32.0,0.0,49.66,49.66,0.0,0.0,329.36,1.0,187.44036682128908,1802240
881,1804288,942.9260333124647,4819,-0.004292909128707834,1.4577310904860497,0.2851490518078208,0.003127699441392906,0.036376953125,0.99627685546875,84.71273943781853,32.0,0.0,49.66,49.66,0.0,0.0,328.9,1.0,187.31440521240233,1804288
882,1806336,942.9136544961121,4823,-0.003895679852575995,1.11189304292202,0.30856793466955423,0.003854673464957159,0.0379638671875,0.9963567852973938,65.51093909144402,32.0,0.0,49.58,49.58,0.0,0.0,331.48,1.0,187.10776306152343,1806336
883,1808384,942.9012603405001,4832,0.0013590984890470281,1.093484841287136,0.3116308879107237,0.006186368678754661,0.0496826171875,0.997296929359436,43.79670837521553,32.0,0.0,49.58,49.58,0.0,0.0,330.18,1.0,186.9054461669922,1808384
884,1810432,942.8769705145436,4837,0.001924296491779387,1.6367079503834248,0.2482639541849494,0.00850810806878144,0.0650634765625,0.9959322214126587,63.55900537967682,32.0,0.0,49.62,49.62,0.0,0.0,332.64,1.0,187.19518676757812,1810432
885,1812480,942.8896614140535,4844,-0.006984962441492826,1.0036413501948118,0.31008672807365656,0.0035188688125344925,0.03955078125,0.9974583983421326,40.01522405445576,32.0,0.0,49.6,49.6,0.0,0.0,330.36,1.0,186.86584533691405,1812480
886,1814528,942.8425078406543,4851,-0.005583682534052059,1.3934915252029896,0.3001220300793648,0.004730584056233056,0.0545654296875,0.9965073466300964,58.904291450977325,32.0,0.0,49.74,49.74,0.0,0.0,326.38,1.0,187.52942626953126,1814528
887,1816576,942.8181178220248,4854,-0.002712559245992452,1.0977652240544558,0.2856231890618801,0.0033973040845012292,0.0302734375,0.9967558979988098,86.01419354975224,32.0,0.0,49.66,49.66,0.0,0.0,331.24,1.0,187.02380401611327,1816576
888,1818624,942.9271371820495,4862,0.008778688840960202,1.6405552562914396,0.317303141480998,0.008749835916157616,0.05098684210526316,0.9958633780479431,82.8937847237838,19.0,1.0,49.66,49.66,0.0,0.0,325.86,1.0,186.9047866821289,1818624
889,1820672,942.8999003168245,4869,-0.0029065905837342143,0.9838709719479084,0.308572618290782,0.0031439506201422773,0.0333251953125,0.9976316094398499,55.33853155374527,32.0,0.0,49.6,49.6,0.0,0.0,332.94,1.0,186.76722930908204,1820672
890,1822720,942.8824919841172,4874,-0.009652930311858654,1.7548408433794975,0.29883710760623217,0.012815128626243677,0.082275390625,0.9955072999000549,69.61558812856674,32.0,0.0,49.64,49.64,0.0,0.0,329.28,1.0,186.98421356201172,1822720
891,1824768,942.8723859373956,4880,-0.0024071084044408053,3.4007539600133896,0.2861483469605446,0.0029182249782024883,0.032470703125,0.9920651912689209,86.71425381302834,32.0,0.0,49.64,49.64,0.0,0.0,331.38,1.0,186.9650894165039,1824768
892,1826816,942.8972261212522,4886,0.000848311377922073,5.552640199661255,0.30673497542738914,0.00658265582023887,0.0618896484375,0.9848765730857849,119.68018645048141,32.0,0.0,49.68,49.68,0.0,0.0,327.34,1.0,187.49692169189453,1826816
893,1828864,942.9098102118467,4892,0.0021022367873229086,10.759807661175728,0.3259829506278038,0.005550329631660134,0.0487060546875,0.9686086773872375,89.0422779917717,32.0,0.0,49.04,49.04,0.0,0.0,330.32,1.0,184.89448112487793,1828864
894,1830912,942.8574405809175,4899,-0.004548467899439856,1.1750016380101442,0.27665247954428196,0.0044393447751645,0.04150390625,0.997158408164978,62.481167167425156,32.0,0.0,49.04,49.04,0.0,0.0,333.46,1.0,184.85233665466308,1830912
895,1832960,942.8913716863962,4908,-0.00478784526058007,1.4113017842173576,0.25909967068582773,0.002354138545342721,0.0255126953125,0.9963947534561157,42.86666959524155,32.0,0.0,49.04,49.04,0.0,0.0,329.86,1.0,184.89885063171386,1832960
896,1835008,942.8509457874538,4911,0.0010072209406644106,1.4247191920876503,0.28970875311642885,0.0063659859806648456,0.068359375,0.9945569038391113,82.47325158119202,32.0,0.0,49.04,49.04,0.0,0.0,326.76,1.0,184.5645366668701,1835008
897,1837056,942.8531262843894,4921,0.00044778583105653524,1.1383845582604408,0.3320925347507,0.005932245276198955,0.052978515625,0.9978365302085876,60.365643829107285,32.0,0.0,49.14,49.14,0.0,0.0,322.06,1.0,184.98367942810057,1837056
898,1839104,942.8511213994713,4926,-0.0034493804560042918,1.2175617311149836,0.2902292776852846,0.0022313434892566875,0.028564453125,0.9960026741027832,82.12159323692322,32.0,0.0,49.1,49.1,0.0,0.0,321.94,1.0,184.80932456970214,1839104
899,1841152,942.8502798844954,4931,0.0037054841523058712,1.2339594960212708,0.32436579186469316,0.009547227353323251,0.0921630859375,0.9968440532684326,44.06124584376812,32.0,0.0,49.12,49.12,0.0,0.0,315.6,1.0,184.66051963806152,1841152
900,1843200,942.8375745355016,4939,-0.0016619763191556558,3.01397842168808,0.3360829781740904,0.007451701378158759,0.066650390625,0.9938961863517761,116.37744295597076,32.0,0.0,49.02,49.02,0.0,0.0,320.88,1.0,183.95175132751464,1843200
901,1845248,942.8347197599613,4944,-0.0030109668005025014,1.8745365627110004,0.27428701147437096,0.0023323586719925515,0.02685546875,0.9946490526199341,119.40580701828003,32.0,0.0,49.72,49.72,0.0,0.0,317.72,1.0,186.6200442504883,1845248
902,1847296,942.8128984933716,4951,-0.0046021702873986214,1.2902001328766346,0.303570793941617,0.0047812465418246575,0.050537109375,0.9968334436416626,107.89487698674202,32.0,0.0,49.66,49.66,0.0,0.0,318.62,1.0,186.34820922851563,1847296
903,1849344,942.795366900371,4959,-0.0010023640061262995,1.01124488376081,0.2542959349229932,0.004430020344443619,0.0362548828125,0.9974223375320435,72.20853461325169,32.0,0.0,49.76,49.76,0.0,0.0,321.76,1.0,186.91301696777344,1849344
904,1851392,942.7878829909396,4961,-0.0024224864755524322,0.746509226039052,0.2792479954659939,0.00398656795732677,0.03759765625,0.9974332451820374,42.26827624440193,32.0,0.0,49.76,49.76,0.0,0.0,322.14,1.0,187.0477200317383,1851392
905,1853440,942.744584721473,4970,-0.0049101584299933165,0.8133244886994362,0.32406377606093884,0.004947196728608105,0.0567626953125,0.9984219074249268,34.96275816857815,32.0,0.0,49.78,49.78,0.0,0.0,324.32,1.0,187.32200592041016,1853440
906,1855488,942.7141567559821,4978,0.005642647847707849,1.4701066948473454,0.2813602536916733,0.010740138910477981,0.090576171875,0.996291995048523,69.19477368891239,32.0,0.0,49.82,49.82,0.0,0.0,321.88,1.0,187.33860900878906,1855488
907,1857536,942.6729579160876,4982,-0.004055014083860442,1.25318144261837,0.3250955967232585,0.007525376153353136,0.071533203125,0.9955489039421082,34.49420318007469,32.0,0.0,49.82,49.82,0.0,0.0,322.54,1.0,187.3950860595703,1857536
908,1859584,942.6914893473069,4990,-0.0003796686651185155,2.8364233262836933,0.350691806524992,0.004683759405452292,0.0423583984375,0.9958683252334595,116.47984248399734,32.0,0.0,49.84,49.84,0.0,0.0,322.06,1.0,187.55630737304688,1859584
909,1861632,942.6812689494316,4995,0.0017344230727758259,4.621936991810799,0.3395517775788903,0.0037389633216662332,0.042724609375,0.9862451553344727,113.23702798783779,32.0,0.0,49.78,49.78,0.0,0.0,322.22,1.0,186.878037109375,1861632
910,1863680,942.8329490553064,5002,-0.00039189523085951804,3.217315125465393,0.29166877567768096,0.011264459555968642,0.0796875,0.9916560649871826,59.785087966918944,10.0,1.0,49.84,49.84,0.0,0.0,312.14,1.0,187.13246978759764,1863680
911,1865728,942.8283988658188,5010,-0.00147823995212093,3.093174710869789,0.27162008127197623,0.004804042917385232,0.0469970703125,0.9928440451622009,112.92736965417862,32.0,0.0,49.42,49.42,0.0,0.0,315.94,1.0,185.9895162963867,1865728
912,1867776,942.7902181709624,5014,-0.008092435426078737,1.5500644221901894,0.3234870443120599,0.008197165268938988,0.06884765625,0.9963709712028503,103.31827795505524,32.0,0.0,49.42,49.42,0.0,0.0,312.3,1.0,185.6703369140625,1867776
913,1869824,942.7951139795163,5021,-0.004421820893185213,1.1940887589007616,0.3102541398257017,0.002065400425635744,0.01953125,0.9977536797523499,123.58325278759003,32.0,0.0,49.44,49.44,0.0,0.0,314.74,1.0,185.6853741455078,1869824
914,1871872,942.7691715954641,5029,-0.009223185305017978,2.210363820195198,0.28621208760887384,0.00422532780066831,0.0489501953125,0.9945011138916016,108.70306360721588,32.0,0.0,49.44,49.44,0.0,0.0,315.8,1.0,185.39046173095704,1871872
915,1873920,942.7374286138247,5034,-0.003427838673815131,1.186267537996173,0.2880903612822294,0.001980725024623098,0.023681640625,0.9955527782440186,50.19339384138584,32.0,0.0,49.42,49.42,0.0,0.0,316.52,1.0,185.28029113769531,1873920
916,1875968,942.7334828704642,5040,-0.004788141464814544,1.0407317262142897,0.3151980573311448,0.009104944881983101,0.0958251953125,0.9976401925086975,25.403389245271683,32.0,0.0,49.42,49.42,0.0,0.0,317.26,1.0,185.60687072753908,1875968
917,1878016,942.7130875572843,5047,-0.0021639433107338846,1.2179003655910492,0.30290008522570133,0.004822710943699349,0.0572509765625,0.9969578385353088,86.298883497715,32.0,0.0,49.44,49.44,0.0,0.0,323.72,1.0,186.1690887451172,1878016
918,1880064,942.758282184096,5053,-0.0009139515459537506,0.9985173493623734,0.26865232456475496,0.003049149949220009,0.0308837890625,0.9970484972000122,81.7748730480671,32.0,0.0,49.44,49.44,0.0,0.0,325.02,1.0,186.04071716308593,1880064
919,1882112,942.8991786270749,5062,0.009817092927793663,3.236263465881348,0.3154804746309916,0.005599400509769718,0.03671875,0.9931191205978394,86.99463806152343,15.0,1.0,49.84,49.84,0.0,0.0,327.16,1.0,187.59418426513673,1882112
920,1884160,942.8902784521306,5067,-0.001452373224310577,1.2210056483745575,0.27508248714730144,0.004709433407697361,0.05517578125,0.9974027872085571,114.64979547262192,32.0,0.0,49.84,49.84,0.0,0.0,323.16,1.0,187.46021667480468,1884160
921,1886208,942.8339289886604,5073,-0.006379798040143214,0.8756273556500673,0.31907970272004604,0.007774411693389993,0.0653076171875,0.9977123737335205,32.80445574223995,32.0,0.0,49.84,49.84,0.0,0.0,320.42,1.0,187.72536254882812,1886208
922,1888256,942.8869577958711,5079,0.0019613769478522814,1.7431302391565764,0.27519037230656695,0.008198555326089263,0.04927884615384615,0.9963193535804749,77.33853065050565,26.0,1.0,49.84,49.84,0.0,0.0,320.48,1.0,188.0734829711914,1888256
923,1890304,942.9183893605693,5086,-0.0018409578769933432,3.7457389757037163,0.3128669559955597,0.005180126943741925,0.0567626953125,0.9903501272201538,88.76628184318542,32.0,0.0,49.92,49.92,0.0,0.0,319.88,1.0,188.44400512695313,1890304
924,1892352,942.9078856087294,5092,0.00010252662468701601,4.488876909017563,0.3048086129128933,0.002307680952071678,0.0264892578125,0.9863976836204529,92.82442340254784,32.0,0.0,49.92,49.92,0.0,0.0,318.88,1.0,188.389404296875,1892352
925,1894400,942.908244401256,5100,0.007137160238926299,6.600305989384651,0.3569014500826597,0.008176725321391132,0.08056640625,0.9856246709823608,70.78494530916214,32.0,0.0,49.36,49.36,0.0,0.0,316.86,1.0,185.97647079467774,1894400
926,1896448,942.903269913521,5102,-0.0027594680432230234,3.9016795605421066,0.3364356951788068,0.008130873895424884,0.077880859375,0.9877716302871704,91.5074020922184,32.0,0.0,49.36,49.36,0.0,0.0,318.42,1.0,186.0035707092285,1896448
927,1898496,943.04530288316,5109,0.0040398335686939605,2.847929421593161,0.353662825682584,0.005087400868754177,0.04113051470588235,0.9933806657791138,67.69427114374497,17.0,1.0,49.3,49.3,0.0,0.0,318.36,1.0,185.58838760375977,1898496
928,1900544,943.0785099663594,5117,-0.0009732402395457029,3.256944201886654,0.31649651750922203,0.007172900797741022,0.0570068359375,0.9930426478385925,96.5257759988308,32.0,0.0,48.96,48.96,0.0,0.0,325.7,1.0,184.66205139160155,1900544
929,1902592,943.1620556749982,5122,0.0021900386023132696,5.016083872836569,0.30499282479286194,0.0066866007653753395,0.06606657608695653,0.9867810606956482,70.23487605219302,23.0,1.0,48.86,48.86,0.0,0.0,327.68,1.0,184.49707946777343,1902592
930,1904640,943.163572239019,5128,-0.004801205737749115,1.831511203199625,0.30633695516735315,0.005865575709322002,0.0572509765625,0.9954220056533813,61.410952508449554,32.0,0.0,48.86,48.86,0.0,0.0,328.38,1.0,184.44124725341797,1904640
931,1906688,943.154101358519,5137,-0.0008061338448897004,0.9726544562727213,0.2912175804376602,0.005362899672036292,0.0592041015625,0.9977040886878967,61.31013688445091,32.0,0.0,48.86,48.86,0.0,0.0,328.48,1.0,183.8007376098633,1906688
932,1908736,943.0801718333474,5141,-0.00400331467972137,1.1191075127571821,0.28077187296003103,0.004404912586323917,0.0477294921875,0.9962634444236755,76.00066863000393,32.0,0.0,48.8,48.8,0.0,0.0,328.54,1.0,183.46328125,1908736
933,1910784,943.0809472003732,5150,-0.003175401463522576,0.7546041794121265,0.3075084201991558,0.0009146462762146257,0.0089111328125,0.9983099699020386,74.83576893806458,32.0,0.0,49.4,49.4,0.0,0.0,324.24,1.0,185.94455612182617,1910784
934,1912832,943.0727975403611,5155,-0.003508148714900017,1.3238033652305603,0.33651801478117704,0.00827840156853199,0.0682373046875,0.996724545955658,41.055416613817215,32.0,0.0,49.4,49.4,0.0,0.0,323.26,1.0,186.0126625061035,1912832
935,1914880,943.0595768618558,5165,9.839030099101365e-05,1.2343651056289673,0.2915109107270837,0.0048487649619346485,0.04931640625,0.9974678754806519,65.71323299407959,32.0,0.0,49.42,49.42,0.0,0.0,314.54,1.0,185.68995071411132,1914880
936,1916928,943.0005590505413,5168,-0.0036845260474365205,1.1707224305719137,0.3287955904379487,0.0031116423779167235,0.0364990234375,0.9967649579048157,93.44032055139542,32.0,0.0,49.76,49.76,0.0,0.0,314.92,1.0,187.13702758789063,1916928
937,1918976,942.999331239243,5174,-0.00312149831734132,1.684718444943428,0.30353466887027025,0.0032853412194526754,0.0328369140625,0.9957959651947021,69.15611526370049,32.0,0.0,49.86,49.86,0.0,0.0,310.66,1.0,187.2862057495117,1918976
938,1921024,942.978272309526,5182,-0.005207496578805149,1.1534296721220016,0.3187657482922077,0.0025687817542348057,0.03173828125,0.9974270462989807,86.74376267194748,32.0,0.0,49.86,49.86,0.0,0.0,311.4,1.0,187.69923736572267,1921024
939,1923072,942.9632416104344,5190,-0.0030650685512227938,0.9702248498797417,0.29791333992034197,0.004366348344774451,0.04736328125,0.9976692199707031,56.72846847772598,32.0,0.0,49.9,49.9,0.0,0.0,312.2,1.0,188.04354888916015,1923072
940,1925120,942.936490109344,5194,-0.0027816236834041774,1.702311683446169,0.29578056279569864,0.008582712223869748,0.0709228515625,0.9955902099609375,35.56916809082031,32.0,0.0,49.9,49.9,0.0,0.0,311.2,1.0,187.60871948242186,1925120
941,1927168,943.0907555139115,5202,0.00765047510239211,1.8749672066081653,0.31100649996237323,0.013810605530373075,0.08806818181818182,0.9952918291091919,106.97717146439986,11.0,1.0,49.9,49.9,0.0,0.0,315.56,1.0,187.85083374023438,1927168
942,1929216,943.0929314258752,5208,-0.005814782402012497,1.5937755517661572,0.31830359622836113,0.004999217155273072,0.051513671875,0.9967889785766602,67.6122367978096,32.0,0.0,49.88,49.88,0.0,0.0,313.88,1.0,187.58917694091798,1929216
943,1931264,943.0950145207548,5212,-0.003827584529062733,0.9932956248521805,0.33034101873636246,0.003325994715851266,0.043212890625,0.9964240193367004,61.63276135921478,32.0,0.0,49.82,49.82,0.0,0.0,314.88,1.0,187.38061737060548,1931264
944,1933312,943.0557445457964,5220,-0.001363554925774224,1.4229898750782013,0.3255537077784538,0.006873736827401444,0.0662841796875,0.9969539642333984,62.49673792719841,32.0,0.0,49.76,49.76,0.0,0.0,318.08,1.0,187.347021484375,1933312
945,1935360,943.0189831183036,5227,0.0012762841361109167,2.468478102236986,0.35285616014152765,0.006425653999031056,0.0673828125,0.9934970736503601,54.38308787345886,32.0,0.0,49.7,49.7,0.0,0.0,323.2,1.0,187.1483706665039,1935360
946,1937408,943.0179805910495,5232,-0.004553707694867626,2.8052464425563812,0.31231878884136677,0.005787642468931153,0.06201171875,0.9918724298477173,60.49955314397812,32.0,0.0,49.72,49.72,0.0,0.0,317.72,1.0,187.05393615722656,1937408
947,1939456,943.2280108861706,5240,0.007885936026771864,1.505747417608897,0.32147379219532013,0.013531708585408827,0.09602864583333333,0.9964805245399475,95.63483015696208,12.0,1.0,49.66,49.66,0.0,0.0,320.44,1.0,187.11769836425782,1939456
948,1941504,943.1966082578845,5246,-0.006343002954963595,1.383707296103239,0.28230036003515124,0.007642437114554923,0.0732421875,0.9964039325714111,57.03959001600742,32.0,0.0,49.62,49.62,0.0,0.0,320.96,1.0,187.0328854370117,1941504
949,1943552,943.1443600504123,5253,-0.0031439298763871193,0.941491236910224,0.25517895724624395,0.0033737282574293204,0.0321044921875,0.9978352189064026,77.09404477477074,32.0,0.0,49.62,49.62,0.0,0.0,317.8,1.0,186.75051666259765,1943552
950,1945600,943.1115065103357,5262,-0.002012497454416007,1.1089874655008316,0.2872578324750066,0.0047307221466326155,0.054931640625,0.9970477819442749,67.87657618522644,32.0,0.0,49.76,49.76,0.0,0.0,311.88,1.0,187.52609313964842,1945600
951,1947648,943.1102101375118,5266,0.0020627380872610956,2.571165420114994,0.3435019366443157,0.008196432943805121,0.0672607421875,0.9905284643173218,74.88415732979774,32.0,0.0,49.78,49.78,0.0,0.0,308.84,1.0,187.11913452148437,1947648
952,1949696,943.0899590979433,5273,-0.0010653101780917495,0.8600379209965467,0.3435521237552166,0.005553718990995549,0.0535888671875,0.9984011054039001,62.18841344118118,32.0,0.0,49.76,49.76,0.0,0.0,309.1,1.0,187.11683990478517,1949696
953,1951744,943.0333474285421,5279,-0.0036489460762823,1.2553592063486576,0.2719510137103498,0.002669789275387302,0.029052734375,0.9965862035751343,82.52540850639343,32.0,0.0,49.76,49.76,0.0,0.0,312.56,1.0,186.9318014526367,1951744
954,1953792,943.0161038974493,5284,0.00012622904614545405,1.585103876888752,0.30355007853358984,0.003879266369040124,0.044677734375,0.9956937432289124,55.646742671728134,32.0,0.0,49.76,49.76,0.0,0.0,310.48,1.0,186.88229370117188,1953792
955,1955840,942.9960286488466,5294,-0.0027424545405665413,2.0534980595111847,0.3145507974550128,0.004293502795917448,0.0465087890625,0.9961978197097778,60.85140144824982,32.0,0.0,49.52,49.52,0.0,0.0,313.36,1.0,186.06126251220704,1955840
956,1957888,942.9655224452843,5299,-0.00265777857566718,1.3569490686058998,0.28069414803758264,0.0027610734905465506,0.029052734375,0.9965704083442688,66.12416210770607,32.0,0.0,49.54,49.54,0.0,0.0,312.5,1.0,186.51838317871093,1957888
957,1959936,942.9773012021928,5305,-0.0014377865445567295,1.2912379577755928,0.27066009072586894,0.004497005138546228,0.05029296875,0.997086226940155,83.37720161676407,32.0,0.0,49.52,49.52,0.0,0.0,310.8,1.0,186.62521911621093,1959936
958,1961984,942.9678221974243,5312,0.00037471797259058803,1.2270010691136122,0.27776406425982714,0.007337505368923303,0.0565185546875,0.9972107410430908,92.10504055023193,32.0,0.0,49.5,49.5,0.0,0.0,315.46,1.0,186.69611755371093,1961984
959,1964032,942.9587104258424,5317,-0.004621113155735657,1.091504605486989,0.27683627512305975,0.0035649634737637825,0.0435791015625,0.9969477653503418,38.87171749770641,32.0,0.0,49.46,49.46,0.0,0.0,320.74,1.0,186.996630859375,1964032
960,1966080,942.9407042296776,5328,-0.0013925355597166345,1.642064519226551,0.26255796663463116,0.002891892632760573,0.0364990234375,0.9971537590026855,138.6625304222107,32.0,0.0,49.52,49.52,0.0,0.0,312.58,1.0,186.97063598632812,1966080
961,1968128,942.8867974498621,5333,-0.0032266771304421127,1.1395540349185467,0.2770619746297598,0.0016575713307247497,0.0206298828125,0.9956755042076111,123.22403997182846,32.0,0.0,49.54,49.54,0.0,0.0,306.72,1.0,186.9223767089844,1968128
962,1970176,942.9019428498807,5341,0.002630917413625866,1.7388072088360786,0.27844817005097866,0.004382761842862237,0.0341796875,0.9969942569732666,117.81682047247887,32.0,0.0,49.8,49.8,0.0,0.0,304.34,1.0,187.93388305664064,1970176
963,1972224,942.8614568305795,5348,0.00038887928531039506,1.4213211946189404,0.24858287489041686,0.010439977027999703,0.0802001953125,0.99629807472229,79.8367113173008,32.0,0.0,49.84,49.84,0.0,0.0,297.2,1.0,187.7650991821289,1972224
964,1974272,942.8287265350324,5355,-0.003911389241693541,1.680776383727789,0.28022981714457273,0.002580978616606444,0.0272216796875,0.9960172176361084,113.38464008271694,32.0,0.0,49.86,49.86,0.0,0.0,295.98,1.0,187.7547787475586,1974272
965,1976320,942.9416084820036,5363,0.0031179170612068404,5.194650150480724,0.2783842356432052,0.009210609720044192,0.049479166666666664,0.9898307919502258,51.835179419744584,21.0,1.0,49.9,49.9,0.0,0.0,291.4,1.0,187.52245880126952,1976320
966,1978368,942.9100994106219,5367,0.00214896300167311,7.971059933304787,0.2801954308524728,0.010411463852506131,0.0911865234375,0.9770503044128418,75.87907090783119,32.0,0.0,49.92,49.92,0.0,0.0,285.18,1.0,187.42976348876954,1978368
967,1980416,942.8852388622037,5373,0.0007606264407513663,11.139333367347717,0.30732874013483524,0.007271967420820147,0.0718994140625,0.9749878644943237,69.2732056081295,32.0,0.0,49.1,49.1,0.0,0.0,284.78,1.0,184.13346389770507,1980416
968,1982464,942.8629678753663,5382,-0.002954225361463614,1.530807964503765,0.3002118980512023,0.006456701441493351,0.063720703125,0.9967595338821411,61.11200626194477,32.0,0.0,49.1,49.1,0.0,0.0,295.28,1.0,184.64300827026366,1982464
969,1984512,943.0333634571284,5387,0.0006014259362762624,1.360792571848089,0.2428632148287513,0.012807180279527198,0.07883522727272728,0.9954406023025513,124.69597625732422,11.0,1.0,49.04,49.04,0.0,0.0,293.7,1.0,184.19364456176757,1984512
970,1986560,943.029722484335,5395,-0.0027668352122418582,1.2479905225336552,0.271831595338881,0.0029984889370098244,0.0279541015625,0.9967833161354065,51.79552136361599,32.0,0.0,49.06,49.06,0.0,0.0,293.56,1.0,184.10618942260743,1986560
971,1988608,943.1340438356204,5402,0.0037066017587979636,0.8753016908963521,0.26181807518005373,0.009692432824522257,0.062239583333333334,0.9976362586021423,43.3941681543986,15.0,1.0,49.06,49.06,0.0,0.0,303.88,1.0,184.3273161315918,1988608
972,1990656,943.1536704824705,5407,-0.0019959078781539574,1.4520596377551556,0.2810441581532359,0.0066305030704825185,0.063720703125,0.9970670938491821,66.63299107551575,32.0,0.0,49.06,49.06,0.0,0.0,304.9,1.0,184.5709602355957,1990656
973,1992704,943.1009997679648,5414,-0.002636285964399576,1.0614261571317911,0.2781457141973078,0.003008815947396215,0.035400390625,0.9970836639404297,69.17209726572037,32.0,0.0,48.98,48.98,0.0,0.0,311.86,1.0,184.82037216186524,1992704
974,1994752,943.0848269295385,5420,0.00540478018228896,2.2054049968719482,0.2806986467912793,0.006161167213576846,0.049560546875,0.995630145072937,76.1144857108593,32.0,0.0,48.96,48.96,0.0,0.0,316.82,1.0,184.76547836303712,1994752
975,1996800,943.0689140758545,5428,-0.003906740705133416,0.8724577575922012,0.262908685952425,0.0015099511147127487,0.0191650390625,0.9978578686714172,58.84306442737579,32.0,0.0,49.8,49.8,0.0,0.0,317.62,1.0,188.2868817138672,1996800
976,1998848,943.0228323140351,5435,0.002999529693624936,1.9418060518801212,0.2601998201571405,0.0077866889696451835,0.061279296875,0.9950137734413147,58.09482878446579,32.0,0.0,49.88,49.88,0.0,0.0,310.22,1.0,188.1269467163086,1998848
977,2000896,942.9687263109254,5441,-0.0012484538892749697,1.1448123697191477,0.2769031305797398,0.005859865545062348,0.0538330078125,0.9966895580291748,54.631036311388016,32.0,0.0,49.86,49.86,0.0,0.0,310.3,1.0,188.3768167114258,2000896
978,2002944,942.9638259573076,5448,-0.004082359620952047,1.0070795137435198,0.24068347597494721,0.004816749518795405,0.0523681640625,0.9977971315383911,66.3601910173893,32.0,0.0,49.86,49.86,0.0,0.0,308.38,1.0,188.44074188232423,2002944
979,2004992,942.992668473276,5454,0.0019145227270200849,1.0587147218840463,0.27954532312495367,0.004656799619884363,0.04017857142857143,0.9972831010818481,54.89085408619472,28.0,1.0,49.86,49.86,0.0,0.0,304.46,1.0,188.05538391113282,2004992
980,2007040,942.977449432519,5463,-0.0027454865048639476,1.0692087672650814,0.2294901916757226,0.0011585552638280205,0.0120849609375,0.9975267052650452,86.55051106214523,32.0,0.0,49.92,49.92,0.0,0.0,301.14,1.0,188.1047235107422,2007040
981,2009088,942.9286639593225,5469,-0.0030358593503478914,0.6339036598801613,0.2655343860387802,0.0062806911882944405,0.0516357421875,0.9977672100067139,42.32934461534023,32.0,0.0,49.94,49.94,0.0,0.0,297.34,1.0,187.82108459472656,2009088
982,2011136,942.9020248763464,5478,-0.00022977060871198773,0.9081297963857651,0.23279284313321114,0.007056843278405722,0.0584716796875,0.9980844855308533,55.3921657204628,32.0,0.0,49.96,49.96,0.0,0.0,287.84,1.0,187.85931549072265,2011136
983,2013184,942.9133245891534,5482,-0.0014661740569863468,0.9248972423374653,0.2684279973618686,0.002703464364458341,0.031982421875,0.9966638088226318,46.32420775294304,32.0,0.0,49.96,49.96,0.0,0.0,293.88,1.0,188.12311737060546,2013184
984,2015232,942.9191816752868,5493,-0.004169686573732179,0.8276321012526751,0.27703040512278676,0.0021445258971652947,0.0283203125,0.998366117477417,71.62995672225952,32.0,0.0,49.96,49.96,0.0,0.0,296.6,1.0,188.26405487060546,2015232
985,2017280,942.8606278660991,5499,-0.0037410739751067013,0.7631104607135057,0.2305419542826712,0.0028507732204161584,0.0333251953125,0.9978356957435608,61.084405303001404,32.0,0.0,49.96,49.96,0.0,0.0,291.58,1.0,187.91220642089843,2017280
986,2019328,942.8565089589591,5506,-0.00268527048319811,0.9950103219598532,0.23133499128744006,0.0043894727059523575,0.04443359375,0.9976494312286377,32.542065784335136,32.0,0.0,49.96,49.96,0.0,0.0,286.54,1.0,187.91627166748046,2019328
987,2021376,942.884819725233,5512,-0.005194456549361348,0.8663531858474016,0.262040882371366,0.008075809695583303,0.07080078125,0.9982990026473999,35.71048967540264,32.0,0.0,49.96,49.96,0.0,0.0,283.72,1.0,187.90816528320312,2021376
988,2023424,942.8612678865926,5518,-0.001994939084397629,0.7204302437603474,0.2450808249413967,0.003601183692808263,0.0377197265625,0.9980034232139587,51.91288387030363,32.0,0.0,49.92,49.92,0.0,0.0,284.8,1.0,188.01952667236327,2023424
989,2025472,942.8081343728772,5525,0.0030296697659650818,1.2699129059910774,0.2831069128587842,0.006484469442511909,0.05126953125,0.9977706074714661,48.75725042819977,32.0,0.0,49.92,49.92,0.0,0.0,292.2,1.0,187.81904388427733,2025472
990,2027520,942.827234707651,5534,0.0007440384215442464,1.0743620675057173,0.2701895060017705,0.0036025311856064945,0.041015625,0.997962236404419,83.75863748788834,32.0,0.0,49.92,49.92,0.0,0.0,291.06,1.0,187.60152160644532,2027520
991,2029568,942.8308774300302,5539,-0.0003993135178461671,1.0200546775013208,0.2649175343103707,0.005198484817810822,0.0546875,0.9977986216545105,41.58777020871639,32.0,0.0,49.88,49.88,0.0,0.0,290.6,1.0,187.65484191894532,2029568
992,2031616,943.0429737612858,5548,0.0212094586653014,2.027685225009918,0.2590552791953087,0.014050462710050246,0.08268229166666667,0.9952865839004517,69.94567330678304,6.0,1.0,49.9,49.9,0.0,0.0,285.1,1.0,186.9698471069336,2031616
993,2033664,943.0697741393623,5554,-0.0010411160183139145,5.6889068484306335,0.2998368591070175,0.002360218932153657,0.028076171875,0.9871492981910706,78.61025071144104,32.0,0.0,49.88,49.88,0.0,0.0,289.64,1.0,187.01832946777344,2033664
994,2035712,943.0536288388195,5559,0.007736617844784632,5.037967968732119,0.3243162576109171,0.006564720068126917,0.0655517578125,0.9863950610160828,67.39718437194824,32.0,0.0,49.88,49.88,0.0,0.0,292.18,1.0,187.56366577148438,2035712
995,2037760,943.0173011789608,5569,-0.000608485279371962,3.604425735771656,0.2616622978821397,0.004410509565786924,0.0443115234375,0.9922586679458618,57.36398854851723,32.0,0.0,49.58,49.58,0.0,0.0,296.26,1.0,186.01440490722655,2037760
996,2039808,943.0063046670416,5574,-0.003378381792572327,1.6090202368795872,0.29088711086660624,0.002037162790657021,0.02001953125,0.9957011342048645,84.57240730524063,32.0,0.0,49.58,49.58,0.0,0.0,290.8,1.0,185.5352182006836,2039808
997,2041856,943.0083545949311,5583,-0.0024813291238388047,1.5286188498139381,0.2778171603567898,0.0030254554585553706,0.0335693359375,0.9974609017372131,92.18416607379913,32.0,0.0,49.56,49.56,0.0,0.0,291.68,1.0,185.6470281982422,2041856
998,2043904,943.0405776785079,5589,0.0030180521566292337,1.9316871906148976,0.2633657953862486,0.0060264828919979006,0.0369073275862069,0.9939597249031067,83.3299323772562,29.0,1.0,49.6,49.6,0.0,0.0,291.04,1.0,185.42925231933594,2043904
999,2045952,943.0446226651837,5599,-0.0012424843444023281,0.7880582846701145,0.270985524635762,0.00559235256514512,0.0482177734375,0.9981992840766907,36.33529955148697,32.0,0.0,49.58,49.58,0.0,0.0,293.5,1.0,185.8983447265625,2045952
1000,2048000,943.0379662661172,5604,-0.0038857115141581744,1.2034204918891191,0.241994334384799,0.0023508296653744765,0.0262451171875,0.9964773654937744,75.90308222174644,32.0,0.0,49.58,49.58,0.0,0.0,292.54,1.0,185.93350616455078,2048000
1001,2050048,943.0331752019265,5611,-0.002990696477354504,1.0247732885181904,0.25689269602298737,0.0022164801848703064,0.0211181640625,0.997664749622345,67.35998997092247,32.0,0.0,49.58,49.58,0.0,0.0,288.3,1.0,185.66889404296876,2050048
1002,2052096,943.0335273363477,5618,-0.0025214539491571486,1.0306254159659147,0.26324452366679907,0.004711452391347848,0.047119140625,0.9981868267059326,36.468462616205215,32.0,0.0,49.94,49.94,0.0,0.0,285.68,1.0,187.25854553222655,2052096
1003,2054144,943.031985804189,5626,-0.0021133107293280773,1.5249807871878147,0.28263667691498995,0.0034440782546880655,0.033447265625,0.997097373008728,107.07530492544174,32.0,0.0,49.92,49.92,0.0,0.0,286.44,1.0,187.24670043945312,2054144
1004,2056192,943.0257859913437,5632,-0.0029544407298089936,1.2316740602254868,0.23354287398979068,0.001971574907656759,0.0233154296875,0.9972245097160339,95.95498371869326,32.0,0.0,49.92,49.92,0.0,0.0,285.38,1.0,187.27870727539062,2056192
1005,2058240,943.0272795523325,5639,-0.0014552088105119765,0.9168388340622187,0.259971855673939,0.0034375779468973633,0.0328369140625,0.9980199933052063,59.66769424080849,32.0,0.0,49.9,49.9,0.0,0.0,287.2,1.0,187.48634216308594,2058240
1006,2060288,943.0566808418075,5645,-0.0016361490124836564,2.8089961111545563,0.273547878023237,0.002301133834407665,0.026611328125,0.9936510324478149,93.73185110092163,32.0,0.0,49.9,49.9,0.0,0.0,290.66,1.0,187.7150973510742,2060288
1007,2062336,943.0724044084927,5653,0.0034018257501884364,1.4962606132030487,0.23518182337284088,0.005551382375415415,0.043212890625,0.9970912933349609,113.98936796188354,32.0,0.0,49.94,49.94,0.0,0.0,290.02,1.0,187.79119232177734,2062336
1008,2064384,943.0280274717305,5659,-0.0030337551725097,0.8101578764617443,0.2388962497934699,0.004597122155246325,0.0390625,0.9977789521217346,76.76454842090607,32.0,0.0,49.94,49.94,0.0,0.0,291.16,1.0,187.72220489501953,2064384
1009,2066432,942.9789159689061,5668,-0.0029317345179151744,0.5755103603005409,0.2553238202817738,0.006515137996757403,0.057373046875,0.9988865852355957,35.14234605431557,32.0,0.0,49.94,49.94,0.0,0.0,291.96,1.0,187.92271545410156,2066432
1010,2068480,942.9481541041712,5674,-0.0032453194144181907,1.2734448798000813,0.23391088843345642,0.004612534583429806,0.04443359375,0.9971699118614197,59.00656142830849,32.0,0.0,49.96,49.96,0.0,0.0,293.74,1.0,188.1544110107422,2068480
1011,2070528,942.9300289272238,5684,-0.0010930617136182263,1.0663268454372883,0.22095087449997663,0.0025950100025511347,0.029052734375,0.9979652762413025,75.92809617519379,32.0,0.0,49.98,49.98,0.0,0.0,289.28,1.0,188.54805969238282,2070528
1012,2072576,942.9168461929522,5688,-0.004687586304498836,0.9758614208549261,0.22554893838241696,0.004416587784362491,0.0439453125,0.9971334338188171,46.94216710329056,32.0,0.0,50.0,50.0,0.0,0.0,285.74,1.0,188.6149349975586,2072576
1013,2074624,942.9194862058941,5696,-0.0018527083157096058,1.3795021008700132,0.2813207865692675,0.0031061538320500404,0.03515625,0.996888279914856,63.59194040298462,32.0,0.0,49.98,49.98,0.0,0.0,283.0,1.0,188.1526611328125,2074624
1014,2076672,942.854679002484,5704,-0.005734509017202072,2.06239702552557,0.2688586967997253,0.004856174571614247,0.0533447265625,0.9953817129135132,125.57132160663605,32.0,0.0,49.98,49.98,0.0,0.0,285.06,1.0,188.1793347167969,2076672
1015,2078720,942.838170456956,5711,-0.0028054220892954618,0.7449496127665043,0.23727465653792024,0.0032933756374404766,0.037109375,0.9981762170791626,63.465944558382034,32.0,0.0,49.98,49.98,0.0,0.0,285.02,1.0,188.0130258178711,2078720
1016,2080768,942.8445200392515,5719,-0.0011446705320850015,1.2177443001419306,0.21725142421200871,0.0034190331789432094,0.0372314453125,0.9975683093070984,111.75383937358856,32.0,0.0,49.98,49.98,0.0,0.0,281.2,1.0,187.73917907714844,2080768
1017,2082816,942.8654067211523,5722,-0.0021356522775022313,1.2698335200548172,0.3035438237711787,0.0033373494297848083,0.037109375,0.9949755668640137,68.55131755769253,32.0,0.0,49.98,49.98,0.0,0.0,282.18,1.0,187.67291046142577,2082816
1018,2084864,942.9305626786163,5731,-0.004409562243381515,1.335252583026886,0.26246911147609353,0.002999537085997872,0.033447265625,0.997549295425415,57.95583453774452,32.0,0.0,49.9,49.9,0.0,0.0,285.5,1.0,187.56016998291017,2084864
1019,2086912,943.0258145029,5738,-0.002954151277663186,1.7492483705282211,0.2601141445338726,0.0020144493610132486,0.0233154296875,0.9959083795547485,67.43338790535927,32.0,0.0,49.9,49.9,0.0,0.0,294.64,1.0,187.3781658935547,2086912
1020,2088960,943.0764775463658,5744,-0.002923394669778645,2.868551790714264,0.2731531746685505,0.00442487679538317,0.0435791015625,0.9922518730163574,68.43834398686886,32.0,0.0,49.9,49.9,0.0,0.0,294.7,1.0,187.6765414428711,2088960
1021,2091008,943.2200309290657,5749,0.0010143634281121194,2.6148186028003693,0.29907828103750944,0.004045892172143795,0.0390625,0.9928264617919922,35.41873323917389,32.0,0.0,49.86,49.86,0.0,0.0,292.9,1.0,187.1389602661133,2091008
1022,2093056,943.2598873181205,5759,-0.0005051406405982561,2.3117471300065517,0.27457963582128286,0.005993568382109515,0.0496826171875,0.9950504302978516,56.85940659046173,32.0,0.0,49.46,49.46,0.0,0.0,298.14,1.0,185.70584518432617,2093056
1023,2095104,943.2689302345815,5765,-0.004405994259286672,0.8795001152902842,0.2645682976581156,0.00154976067278767,0.0196533203125,0.9977111220359802,71.2614403963089,32.0,0.0,49.46,49.46,0.0,0.0,297.84,1.0,185.70475479125977,2095104
1024,2097152,943.2530365994196,5774,-0.0025414608826395124,0.9751150999218225,0.244490718934685,0.005344242861610837,0.0384521484375,0.9980369806289673,59.261206060647964,32.0,0.0,49.44,49.44,0.0,0.0,296.24,1.0,185.52198837280272,2097152
1025,2099200,943.2355991273262,5781,-0.0013941311772214249,1.0021909642964602,0.2517427667044103,0.006400788755854592,0.0582275390625,0.9978576302528381,68.88198927044868,32.0,0.0,49.5,49.5,0.0,0.0,296.14,1.0,185.72840103149414,2099200
1026,2101248,943.2456699553215,5787,-0.002245443203719333,1.032679570838809,0.2414871067740023,0.0034794458624674007,0.033447265625,0.9974220991134644,43.791041657328606,32.0,0.0,49.5,49.5,0.0,0.0,292.7,1.0,185.87891952514647,2101248
1027,2103296,943.2411262855225,5794,-0.0031165055406745523,0.8524582218378782,0.24301814660429955,0.0032985593934427015,0.038330078125,0.9981278777122498,58.63823699951172,32.0,0.0,49.5,49.5,0.0,0.0,298.48,1.0,186.23218704223632,2103296
1028,2105344,943.256241060085,5800,-0.0024718642671359703,1.2521281354129314,0.2568079852499068,0.0022455879516201094,0.0286865234375,0.9964736700057983,84.10608512163162,32.0,0.0,49.56,49.56,0.0,0.0,295.24,1.0,186.59375381469727,2105344
1029,2107392,943.2904626891694,5808,0.0005073123902548105,1.1935406476259232,0.26154889818280935,0.00740499772655312,0.0469970703125,0.9968536496162415,49.34710572659969,32.0,0.0,49.96,49.96,0.0,0.0,292.86,1.0,188.40964263916015,2107392
1030,2109440,943.32145650124,5814,-0.0009557623125147074,1.122720554471016,0.2899969778954983,0.005812903335026931,0.044921875,0.9972077012062073,45.16170892119408,32.0,0.0,49.94,49.94,0.0,0.0,292.74,1.0,188.63399383544922,2109440
1031,2111488,943.323302561779,5823,-0.00313386507332325,1.6949378624558449,0.2887631542980671,0.003822952407062985,0.0458984375,0.9963717460632324,81.18826174736023,32.0,0.0,49.96,49.96,0.0,0.0,293.4,1.0,188.80760498046874,2111488
1032,2113536,943.2887671205951,5830,-0.0011808286508312449,1.563539408147335,0.2683713734149933,0.004230008089507464,0.043212890625,0.9960730075836182,85.90865805745125,32.0,0.0,49.98,49.98,0.0,0.0,291.68,1.0,188.68164825439453,2113536
1033,2115584,943.4345405075514,5838,-0.00226759584620595,0.7713159024715424,0.2633253112435341,0.011566305090673268,0.041015625,0.9983306527137756,36.86866993904114,10.0,1.0,49.98,49.98,0.0,0.0,284.0,1.0,188.27569305419922,2115584
1034,2117632,943.4497841252003,5843,-0.0006811033381382003,1.3939503859728575,0.2950778976082802,0.0072291928008780815,0.06201171875,0.9960891604423523,103.74662363529205,32.0,0.0,49.98,49.98,0.0,0.0,279.94,1.0,187.57648468017578,2117632
1035,2119680,943.4155895892986,5851,-0.0035058138018939644,1.163679115474224,0.26591211650520563,0.0035678728236234747,0.0404052734375,0.9975184798240662,55.58692595362663,32.0,0.0,49.96,49.96,0.0,0.0,277.76,1.0,187.63801147460939,2119680
1036,2121728,943.4038937675638,5859,-0.0027346125498297624,0.9580176398158073,0.30275625362992287,0.0035456554614938796,0.0443115234375,0.9977396130561829,39.733862936496735,32.0,0.0,49.94,49.94,0.0,0.0,278.28,1.0,186.76412658691407,2121728
1037,2123776,943.3745200235802,5867,-0.003605103554824988,0.8710358182589213,0.24631688992182413,0.010316088027320803,0.0734375,0.9978386759757996,36.78748992284139,30.0,1.0,49.96,49.96,0.0,0.0,277.86,1.0,186.95722564697266,2123776
1038,2125824,943.3800332307552,5875,-0.002583219960797578,0.9188552778214216,0.26117692003026605,0.0033064647577703,0.0377197265625,0.9979006052017212,54.07769736647606,32.0,0.0,49.96,49.96,0.0,0.0,275.64,1.0,187.03002014160157,2125824
1039,2127872,943.3814953769714,5881,-0.004578904336085543,1.1259594820439816,0.30551538709551096,0.0051144496537745,0.03857421875,0.9975038766860962,44.99943891167641,32.0,0.0,49.94,49.94,0.0,0.0,278.36,1.0,187.09943603515626,2127872
1040,2129920,943.3591817897742,5888,-0.0025001316680572927,1.0753761697560549,0.27971551241353154,0.007256688262714306,0.0679931640625,0.9976102709770203,33.607687413692474,32.0,0.0,49.94,49.94,0.0,0.0,280.8,1.0,187.02204467773439,2129920
1041,2131968,943.2808374319382,5895,0.00047215922677423805,1.1867128908634186,0.2666516317985952,0.007851678870792966,0.0755615234375,0.9967918395996094,41.14906717836857,32.0,0.0,49.96,49.96,0.0,0.0,280.96,1.0,187.41210693359375,2131968
1042,2134016,943.2292701970699,5902,0.00028884486528113484,1.177366504445672,0.2887259563431144,0.003089686346356757,0.0364990234375,0.9977630376815796,101.20639991760254,32.0,0.0,49.94,49.94,0.0,0.0,283.7,1.0,188.07767822265626,2134016
1043,2136064,943.2362159732986,5910,-0.0029419085185509175,1.3968692012131214,0.2747860993258655,0.0015517777574132197,0.019287109375,0.9967937469482422,84.21063539385796,32.0,0.0,49.9,49.9,0.0,0.0,283.54,1.0,188.27273956298828,2136064
1044,2138112,943.2176475013416,5915,-0.0049585784145165235,0.9286966174840927,0.33719420805573463,0.0030820827232673764,0.038330078125,0.9975147843360901,51.16616526246071,32.0,0.0,49.88,49.88,0.0,0.0,283.52,1.0,187.92000915527345,2138112
1045,2140160,943.2067264242264,5925,0.0003249653382226825,0.8103041555732489,0.2904561273753643,0.008073471988609526,0.07763671875,0.9985610842704773,45.381719052791595,32.0,0.0,49.82,49.82,0.0,0.0,290.7,1.0,187.4036181640625,2140160
1046,2142208,943.218046785803,5932,-0.0014793070877203718,0.9329981412738562,0.2587435021996498,0.002529766032239422,0.0328369140625,0.99781733751297,80.33034671843052,32.0,0.0,49.84,49.84,0.0,0.0,283.92,1.0,187.32952850341798,2142208
1047,2144256,943.2107563297733,5940,-0.0025490186089882627,0.6864098217338324,0.271890324074775,0.001678689950495027,0.017578125,0.9982665777206421,40.519634902477264,32.0,0.0,49.84,49.84,0.0,0.0,283.0,1.0,187.71949798583984,2144256
1048,2146304,943.1953827867271,5947,7.549190195277333e-05,1.5025530643761158,0.27789076091721654,0.003938363202905748,0.0377197265625,0.9967057108879089,76.01996117830276,32.0,0.0,49.84,49.84,0.0,0.0,283.38,1.0,187.89772705078124,2146304
1049,2148352,943.2251623267231,5952,-0.00015736745532464097,1.1391287799234744,0.31237190520321884,0.010009284821097498,0.09056712962962964,0.997200608253479,28.77571075933951,27.0,1.0,49.82,49.82,0.0,0.0,282.42,1.0,187.53454803466798,2148352
1050,2150400,943.2439642592433,5959,-0.0020291093678679317,0.8365084007382393,0.3020193688571453,0.0039112792946980335,0.039306640625,0.9979166388511658,38.57809887826443,32.0,0.0,49.88,49.88,0.0,0.0,284.06,1.0,187.7415301513672,2150400
1051,2152448,943.2371922827272,5967,2.867793955374509e-05,0.9493631273508072,0.29320024605840445,0.005072149258921854,0.0533447265625,0.997879147529602,93.378647595644,32.0,0.0,49.88,49.88,0.0,0.0,285.24,1.0,187.93173950195313,2152448
1052,2154496,943.2630727087236,5974,-0.006140582700027153,1.515796810388565,0.3604832449927926,0.0037580082935164683,0.0537109375,0.9965172410011292,59.34599593281746,32.0,0.0,49.92,49.92,0.0,0.0,284.04,1.0,188.11299468994142,2154496
1053,2156544,943.2552428741884,5979,0.002030342715443112,1.7701766975224018,0.3131332425400615,0.004866274080995936,0.0592041015625,0.9958801865577698,58.637496531009674,32.0,0.0,49.94,49.94,0.0,0.0,288.0,1.0,188.27746520996095,2156544
1054,2158592,943.2511410621108,5987,-0.004522113740677014,1.2321146111935377,0.3088191170245409,0.004981603924534284,0.0538330078125,0.9974517226219177,45.10807976126671,32.0,0.0,49.74,49.74,0.0,0.0,295.26,1.0,187.57482788085937,2158592
1055,2160640,943.2502204802087,5994,-0.0007222365238703787,1.1934824232012033,0.3150059347972274,0.007674307435081573,0.061767578125,0.9976590275764465,89.72079075872898,32.0,0.0,49.72,49.72,0.0,0.0,296.06,1.0,187.0237545776367,2160640
1056,2162688,943.2428633810036,6001,-0.0022203164116945118,1.6535259112715721,0.3113353783264756,0.0044605898874579,0.0479736328125,0.9965395927429199,90.2942803800106,32.0,0.0,49.72,49.72,0.0,0.0,295.24,1.0,186.4925912475586,2162688
1057,2164736,943.2633110079676,6009,0.0009531039395369589,2.6643301844596863,0.3336322559043765,0.006047306989785284,0.055908203125,0.9946269989013672,75.64889866113663,32.0,0.0,49.74,49.74,0.0,0.0,290.68,1.0,186.7145834350586,2164736
1058,2166784,943.2433749350904,6018,2.302782377228141e-05,5.1435655280947685,0.2931653009727597,0.0036801889291382395,0.041259765625,0.9891114234924316,113.22512945532799,32.0,0.0,49.56,49.56,0.0,0.0,290.76,1.0,185.91287506103515,2166784
1059,2168832,943.2142185286955,6022,0.0010985720437020063,6.46655048429966,0.37860522884875536,0.0047987920843297616,0.0574951171875,0.9828135371208191,81.71733686327934,32.0,0.0,49.56,49.56,0.0,0.0,288.56,1.0,185.9588232421875,2168832
1060,2170880,943.2144783816657,6031,0.0018062115414068103,8.16404703259468,0.3340246807783842,0.009018507604196202,0.0760498046875,0.9843446612358093,56.83601474761963,32.0,0.0,49.08,49.08,0.0,0.0,283.34,1.0,184.10046173095702,2170880
1061,2172928,943.2116059462018,6039,0.005259773548459634,3.615435279905796,0.31026656460016966,0.006489880877779797,0.06884765625,0.9922891855239868,62.18445432186127,32.0,0.0,49.1,49.1,0.0,0.0,280.36,1.0,183.9488900756836,2172928
1062,2174976,943.217299583418,6047,-0.002623454201966524,1.4371736105531454,0.24294993095099926,0.002621175633976236,0.027587890625,0.9968836903572083,80.06941983103752,32.0,0.0,48.46,48.46,0.0,0.0,280.6,1.0,181.7471536254883,2174976
1063,2177024,943.2301717308226,6054,-0.0036503481824183837,1.1522939801216125,0.26174992555752397,0.003261948128056247,0.0361328125,0.9972059726715088,67.8386960029602,32.0,0.0,48.48,48.48,0.0,0.0,274.52,1.0,182.06274871826173,2177024
1064,2179072,943.2190634550069,6061,-0.001993483165279031,1.0449724532663822,0.2845107368193567,0.004767466060002334,0.0489501953125,0.9977210760116577,48.7169634103775,32.0,0.0,48.68,48.68,0.0,0.0,273.34,1.0,182.54443603515625,2179072
1065,2181120,943.1931808325412,6069,-4.192165215499699e-05,1.6874483972787857,0.27404135512188077,0.005136284613399766,0.04638671875,0.9962435364723206,47.75254248082638,32.0,0.0,48.68,48.68,0.0,0.0,274.66,1.0,182.63504486083986,2181120
1066,2183168,943.1672978815957,6076,0.0002809725992847234,1.8568398728966713,0.32133768033236265,0.0062609259693999775,0.0523681640625,0.9960064888000488,36.66991148889065,32.0,0.0,49.32,49.32,0.0,0.0,274.54,1.0,184.93809844970704,2183168
1067,2185216,943.1759191385565,6083,-0.0040827418270055205,1.6462061367928982,0.2778164725750685,0.004648661662940867,0.049560546875,0.9964366555213928,86.56775176525116,32.0,0.0,49.32,49.32,0.0,0.0,271.6,1.0,185.00673156738281,2185216
1068,2187264,943.1607644899299,6090,-0.00047823615022934973,1.1712986808270216,0.2618063446134329,0.004675633812439628,0.038818359375,0.9969222545623779,74.84420594573021,32.0,0.0,49.98,49.98,0.0,0.0,273.68,1.0,187.42566436767578,2187264
1069,2189312,943.1673811439463,6097,-0.003796407050685957,0.8890362791717052,0.2628243979997933,0.007650286082935054,0.062744140625,0.9978290796279907,31.407049134373665,32.0,0.0,49.98,49.98,0.0,0.0,276.92,1.0,187.51629211425782,2189312
1070,2191360,943.1847300144009,6105,-0.001437020328012295,0.9451899025589228,0.26959771011024714,0.005020994649385102,0.053466796875,0.9980229735374451,32.58305622637272,32.0,0.0,49.98,49.98,0.0,0.0,283.64,1.0,187.55216247558593,2191360
1071,2193408,943.1780421148458,6114,-0.004521591908996925,1.2763542346656322,0.28467574063688517,0.002709131673327647,0.0341796875,0.9965272545814514,52.38145104050636,32.0,0.0,49.98,49.98,0.0,0.0,279.54,1.0,187.96687927246094,2193408
1072,2195456,943.2081427339053,6121,-0.002509037818526849,0.803311713039875,0.2598739913664758,0.0040494990680599585,0.0457763671875,0.9981022477149963,52.554090082645416,32.0,0.0,49.98,49.98,0.0,0.0,282.94,1.0,188.19726043701172,2195456
1073,2197504,943.242791218836,6127,-0.003172241398715414,1.2387207299470901,0.2651314437389374,0.003359460963110905,0.041015625,0.9969042539596558,63.73869623243809,32.0,0.0,50.0,50.0,0.0,0.0,278.92,1.0,188.13360717773438,2197504
1074,2199552,943.2499380839386,6136,-0.003483744789264165,0.8161162715405226,0.2724534538574517,0.003817744305706583,0.0472412109375,0.9980138540267944,55.71441586315632,32.0,0.0,50.0,50.0,0.0,0.0,282.84,1.0,188.58050109863282,2199552
1075,2201600,943.2186861939817,6141,-0.0017454463959438726,1.0540812332183123,0.25606573512777686,0.009655574351199903,0.0804443359375,0.9973521828651428,31.451567441225052,32.0,0.0,50.0,50.0,0.0,0.0,284.58,1.0,188.69825592041016,2201600
1076,2203648,943.222876551091,6149,-0.0038923075917409733,1.2895812466740608,0.27188864815980196,0.004097298478882294,0.043701171875,0.9968633651733398,56.43525218963623,32.0,0.0,50.0,50.0,0.0,0.0,281.3,1.0,188.34608489990234,2203648
1077,2205696,943.2108960322735,6155,-0.005548004410229623,1.1122210677713156,0.27553301816806197,0.00733423899509944,0.0626220703125,0.9973301887512207,38.92510345578194,32.0,0.0,49.98,49.98,0.0,0.0,283.38,1.0,188.14254852294923,2205696
1078,2207744,943.1899942440359,6160,-0.005496434314409271,1.0297907441854477,0.3216005163267255,0.004527825614786707,0.0478515625,0.9971612095832825,22.533262364566326,32.0,0.0,49.94,49.94,0.0,0.0,288.0,1.0,188.06970916748048,2207744
1079,2209792,943.2434337110606,6170,-0.0032667027408024296,0.9971369188278913,0.2673474634066224,0.0038383066130336374,0.0377197265625,0.9981552362442017,57.075933665037155,32.0,0.0,49.94,49.94,0.0,0.0,288.7,1.0,188.11687255859374,2209792
1080,2211840,943.253055298648,6178,-0.0012272871972527355,0.8991165477782488,0.2557101547718048,0.0036852038392680697,0.0338134765625,0.9977347254753113,46.365236312150955,32.0,0.0,49.94,49.94,0.0,0.0,287.98,1.0,187.95657958984376,2211840
1081,2213888,943.2219861189168,6186,0.0010842970514204353,1.1445036996155977,0.245641709305346,0.003918813985364977,0.0396728515625,0.9970629215240479,79.61365103721619,32.0,0.0,49.94,49.94,0.0,0.0,280.8,1.0,187.54511016845703,2213888
1082,2215936,943.2233103962051,6194,-0.0063531348132528365,0.8630212601274252,0.3057662080973387,0.003939856331271585,0.04150390625,0.9976783990859985,37.67292855679989,32.0,0.0,49.94,49.94,0.0,0.0,273.92,1.0,187.0259945678711,2215936
1083,2217984,943.1804445633337,6201,-0.006248136778594926,0.8223425131291151,0.28799901250749826,0.006275554340390954,0.0545654296875,0.9984264969825745,24.060911282896996,32.0,0.0,49.94,49.94,0.0,0.0,275.56,1.0,187.18480560302734,2217984
1084,2220032,943.3494232896107,6207,0.011475957930088043,1.288733754839216,0.31657768147332327,0.014332298754847475,0.10044642857142858,0.996952474117279,58.16366713387625,7.0,1.0,49.94,49.94,0.0,0.0,273.64,1.0,187.11466857910156,2220032
1085,2222080,943.3575804928673,6215,-0.0010355581907788292,1.8992165476083755,0.3552202098071575,0.003433603938901797,0.036865234375,0.9962316155433655,70.98224207758904,32.0,0.0,49.98,49.98,0.0,0.0,270.7,1.0,186.67715270996095,2222080
1086,2224128,943.3664410222517,6223,-0.0025268321624025702,5.700063973665237,0.36631805915385485,0.005540680300327949,0.0640869140625,0.9868363738059998,57.27166795730591,32.0,0.0,49.98,49.98,0.0,0.0,269.04,1.0,186.5626544189453,2224128
1087,2226176,943.3514806384445,6227,-0.0005637154536088929,5.375793531537056,0.3497521476820111,0.004425837814778788,0.0537109375,0.9843857884407043,29.18101118505001,32.0,0.0,49.98,49.98,0.0,0.0,269.36,1.0,186.59927215576172,2226176
1088,2228224,943.3214112917261,6236,-0.0024628480605315417,4.904365185648203,0.3076003519818187,0.00794644067354966,0.076416015625,0.9897743463516235,65.27841880917549,32.0,0.0,49.12,49.12,0.0,0.0,278.08,1.0,183.25886291503906,2228224
1089,2230272,943.328446452586,6244,-0.0034180931688752025,1.377978153526783,0.34900249261409044,0.002762866082775872,0.030029296875,0.9964761137962341,66.39953492581844,32.0,0.0,49.06,49.06,0.0,0.0,286.34,1.0,183.52633819580078,2230272
1090,2232320,943.3309400794578,6251,-0.0033041240531019866,0.9445250555872917,0.28609940595924854,0.0060688334197038785,0.0626220703125,0.9979326725006104,37.044317707419395,32.0,0.0,49.06,49.06,0.0,0.0,281.9,1.0,183.3289031982422,2232320
1091,2234368,943.2928669902193,6260,0.001393392070895061,3.0622596740722656,0.30133626237511635,0.00775095301651163,0.06005859375,0.9932927489280701,66.58021967858076,32.0,0.0,49.04,49.04,0.0,0.0,284.62,1.0,183.26789031982423,2234368
1092,2236416,943.3051058683443,6267,0.0018028100312221795,6.889292061328888,0.27271477738395333,0.005783341286587529,0.054443359375,0.9838092923164368,57.07701823115349,32.0,0.0,49.04,49.04,0.0,0.0,281.98,1.0,183.27167663574218,2236416
1093,2238464,943.2818545733703,6273,0.0010318681015633047,9.913489788770676,0.32844711933285,0.004797527537448332,0.0548095703125,0.9764028787612915,58.04640519618988,32.0,0.0,49.04,49.04,0.0,0.0,275.6,1.0,182.93631378173828,2238464
1094,2240512,943.2980346134527,6279,0.005059418472228572,15.56355020403862,0.37487364187836647,0.006244529067771509,0.0556640625,0.9654675722122192,65.13683873414993,32.0,0.0,48.42,48.42,0.0,0.0,278.84,1.0,181.10097602844237,2240512
1095,2242560,943.2792510407398,6288,-0.0027875503292307258,7.709725379943848,0.2898851614445448,0.003505296088405885,0.043212890625,0.9838276505470276,39.51843802630901,32.0,0.0,48.26,48.26,0.0,0.0,281.02,1.0,180.53369483947753,2242560
1096,2244608,943.2971843389156,6294,-0.003970991165260784,0.794132711365819,0.2719393679872155,0.0036541702356771566,0.038818359375,0.997812807559967,27.66259966790676,32.0,0.0,48.32,48.32,0.0,0.0,278.28,1.0,180.74027900695802,2244608
1097,2246656,943.3038329685577,6303,-0.00045018995297141373,0.847025802358985,0.25785954343155026,0.003058773319935426,0.0357666015625,0.9980995059013367,67.22229188680649,32.0,0.0,48.22,48.22,0.0,0.0,280.48,1.0,181.07113655090333,2246656
1098,2248704,943.3010806953954,6310,-0.0030908245244063437,1.2235586810857058,0.29345501214265823,0.0029980796098243445,0.0341796875,0.9970574975013733,41.88493758440018,32.0,0.0,48.24,48.24,0.0,0.0,281.0,1.0,181.1377027130127,2248704
1099,2250752,943.2780635465984,6317,-0.0031889595557004213,0.9771981947124004,0.2684473656117916,0.009766866518475581,0.09326171875,0.9977724552154541,30.562437653541565,32.0,0.0,48.24,48.24,0.0,0.0,281.92,1.0,181.21624977111816,2250752
1100,2252800,943.2844268585039,6326,-0.0005358158523449674,1.3152097556740046,0.2856100257486105,0.005598216434009373,0.05224609375,0.9968958497047424,57.15802612900734,32.0,0.0,49.12,49.12,0.0,0.0,283.16,1.0,185.03855072021486,2252800
1101,2254848,943.289074574442,6333,-0.002667411186848767,1.0817047394812107,0.2603006041608751,0.002866622031433508,0.03125,0.9975337386131287,82.58834159374237,32.0,0.0,49.12,49.12,0.0,0.0,283.4,1.0,185.30826385498048,2254848
1102,2256896,943.2879733818286,6341,-0.0036810172896366566,0.8829760327935219,0.25641137221828103,0.006188286832184531,0.0582275390625,0.9980374574661255,30.817479357123375,32.0,0.0,49.88,49.88,0.0,0.0,274.78,1.0,188.0504901123047,2256896
1103,2258944,943.3260013494083,6349,0.0029960593237774447,0.9849116820842028,0.2536516026593745,0.004459279021830298,0.05078125,0.9978457093238831,87.3221143335104,32.0,0.0,49.98,49.98,0.0,0.0,272.26,1.0,188.059755859375,2258944
1104,2260992,943.3351519156223,6354,-0.004305387948988937,1.5145810507237911,0.28736795112490654,0.004251852493325714,0.0521240234375,0.9967395067214966,35.369720458984375,32.0,0.0,49.98,49.98,0.0,0.0,271.06,1.0,187.7900653076172,2260992
1105,2263040,943.3351219950111,6366,0.002471723244525492,1.2006305512040854,0.26507345121353865,0.004634924771380611,0.0545654296875,0.9980552792549133,33.24090804904699,32.0,0.0,49.84,49.84,0.0,0.0,268.56,1.0,186.91066131591796,2263040
1106,2265088,943.3434054745625,6371,-7.63837160775438e-05,0.9497711732983589,0.2774216625839472,0.006131584588729311,0.0650634765625,0.9977455735206604,94.98148953914642,32.0,0.0,49.84,49.84,0.0,0.0,265.4,1.0,186.44011016845704,2265088
1107,2267136,943.3210473081361,6382,-0.005210274684941396,0.7903908677399158,0.23877806309610605,0.0033153599288198166,0.039794921875,0.998589277267456,80.17027294635773,32.0,0.0,49.84,49.84,0.0,0.0,256.76,1.0,185.87333282470703,2267136
1108,2269184,943.3357667052727,6387,-0.004193006185232662,1.1254423428326845,0.27061436511576176,0.004760765194077976,0.04931640625,0.9970555901527405,43.05375882983208,32.0,0.0,49.84,49.84,0.0,0.0,256.3,1.0,185.729443359375,2269184
1109,2271232,943.3401987957053,6397,-0.004692572169005871,1.3768936172127724,0.27654391806572676,0.0031195835399557836,0.0362548828125,0.99759840965271,97.26612716913223,32.0,0.0,49.84,49.84,0.0,0.0,256.24,1.0,185.7909197998047,2271232
1110,2273280,943.3216721082803,6404,0.00014704781642649323,0.8479923494160175,0.29904448334127665,0.007591459288960323,0.0714111328125,0.9980667233467102,61.83514331281185,32.0,0.0,49.78,49.78,0.0,0.0,255.0,1.0,185.70549377441407,2273280
1111,2275328,943.3180369890533,6412,-0.002705777413211763,1.6339146941900253,0.28523838706314564,0.004417070631461684,0.0479736328125,0.9964620471000671,59.49708300828934,32.0,0.0,49.94,49.94,0.0,0.0,255.94,1.0,186.76105804443358,2275328
1112,2277376,943.3091694868367,6415,-0.0060622314776992425,1.3292547017335892,0.3687374824658036,0.004488013160880655,0.055419921875,0.9957245588302612,58.14113891124725,32.0,0.0,49.94,49.94,0.0,0.0,254.24,1.0,186.8822235107422,2277376
1113,2279424,943.3373629023417,6427,-0.001828622946050018,1.3311172761023045,0.2729198345914483,0.005450407916214317,0.0504150390625,0.9978595972061157,48.95905217528343,32.0,0.0,49.84,49.84,0.0,0.0,267.62,1.0,186.9492724609375,2279424
1114,2281472,943.3201594767963,6433,-0.0045609302032971755,0.8544631525874138,0.2487783432006836,0.006367473150021397,0.0579833984375,0.9978863596916199,27.2741776406765,32.0,0.0,49.84,49.84,0.0,0.0,264.24,1.0,186.6714028930664,2281472
1115,2283520,943.273542036552,6444,-0.003673910046927631,1.1177742388099432,0.2791185900568962,0.00459762652462814,0.0421142578125,0.9979733824729919,45.241358771920204,32.0,0.0,49.84,49.84,0.0,0.0,264.4,1.0,186.70846069335937,2283520
1116,2285568,943.2516113677228,6450,-0.0014961816486902535,1.3473652489483356,0.2921260427683592,0.007167017116444185,0.0709228515625,0.9967858195304871,37.40325754880905,32.0,0.0,49.8,49.8,0.0,0.0,265.82,1.0,186.72717651367188,2285568
1117,2287616,943.2763073769597,6460,-0.003486138448351994,0.9351349417120218,0.2540703099220991,0.001763700471201446,0.02294921875,0.9983680248260498,97.71143923699856,32.0,0.0,49.86,49.86,0.0,0.0,264.48,1.0,187.1165008544922,2287616
1118,2289664,943.2945679644092,6465,0.0028637210549465543,2.099574693318071,0.2518834702927491,0.011356842399028868,0.07165948275862069,0.9943334460258484,46.30406195541908,29.0,1.0,49.86,49.86,0.0,0.0,261.0,1.0,186.71848907470704,2289664
1119,2291712,943.2773694160023,6476,0.0013450092519633472,1.1699284818023443,0.26777484361082315,0.005958419780654367,0.054931640625,0.9976814389228821,74.48541694879532,32.0,0.0,49.94,49.94,0.0,0.0,251.72,1.0,187.12409057617188,2291712
1120,2293760,943.2855976599598,6481,-0.002932058530859649,0.8847524970769882,0.24730645073577762,0.003148706950014457,0.033203125,0.9979913830757141,30.461049623787403,32.0,0.0,49.94,49.94,0.0,0.0,252.14,1.0,186.8741552734375,2293760
1121,2295808,943.2613474025297,6492,-0.003889968211296946,0.8102701622992754,0.2667747288942337,0.002636436045577284,0.0299072265625,0.9984941482543945,32.81312966346741,32.0,0.0,49.94,49.94,0.0,0.0,257.84,1.0,186.97170928955077,2295808
1122,2297856,943.289162861753,6497,-0.0017161803843919188,1.7849759049713612,0.29684352315962315,0.004001741683168802,0.0438232421875,0.9951196312904358,68.26604926586151,32.0,0.0,49.98,49.98,0.0,0.0,255.18,1.0,187.0298257446289,2297856
1123,2299904,943.2954755752222,6507,-0.00410612253472209,1.699415236711502,0.27228048630058765,0.0018605797522468492,0.0233154296875,0.9968544840812683,101.61161708831787,32.0,0.0,49.98,49.98,0.0,0.0,256.4,1.0,186.88118255615234,2299904
1124,2301952,943.311707069873,6513,0.0022177758801262826,5.373419217765331,0.2789911823347211,0.0074681047481135465,0.0589599609375,0.9862954616546631,45.366488724946976,32.0,0.0,49.96,49.96,0.0,0.0,256.66,1.0,186.61102325439452,2301952
1125,2304000,943.3093414969472,6522,0.001750400333548896,3.3395164534449577,0.31286805775016546,0.0037993242367519997,0.0447998046875,0.9923757314682007,56.0704702436924,32.0,0.0,49.98,49.98,0.0,0.0,257.02,1.0,186.7887533569336,2304000
1126,2306048,943.3182063888912,6530,0.00010854378342628479,1.9874201118946075,0.31033933628350496,0.004585913891787641,0.0482177734375,0.9958560466766357,107.0093423128128,32.0,0.0,49.7,49.7,0.0,0.0,258.18,1.0,185.7628372192383,2306048
1127,2308096,943.3403614618558,6537,-0.0026032591849798337,1.2021486796438694,0.27993176225572824,0.005006219907954801,0.053955078125,0.997364342212677,85.59729418158531,32.0,0.0,49.7,49.7,0.0,0.0,260.74,1.0,185.76098236083985,2308096
1128,2310144,943.3395835136531,6545,-0.003940430673537776,0.7962378561496735,0.27252709586173296,0.0028975700843147933,0.0318603515625,0.9981586933135986,43.63944540172815,32.0,0.0,49.7,49.7,0.0,0.0,262.42,1.0,185.86883056640625,2310144
1129,2312192,943.3455663692135,6553,-0.0002350478753214702,1.5347629748284817,0.2719017989002168,0.004370269365608692,0.04541015625,0.9965025186538696,52.71781696379185,32.0,0.0,49.7,49.7,0.0,0.0,266.68,1.0,186.4026608276367,2312192
1130,2314240,943.3637562400827,6560,0.001147690651123412,1.3281092308461666,0.28355831606313586,0.009271144852391444,0.080078125,0.9968653321266174,43.912257969379425,32.0,0.0,49.72,49.72,0.0,0.0,262.06,1.0,186.13352478027343,2314240
1131,2316288,943.3445284294936,6571,-0.0040590652206446975,1.1394596435129642,0.25297186616808176,0.0034477107765269466,0.0369873046875,0.99784255027771,47.57838909327984,32.0,0.0,49.72,49.72,0.0,0.0,266.72,1.0,186.2734002685547,2316288
1132,2318336,943.3430995806357,6575,-0.004122607773751952,0.8976625856012106,0.24960267171263695,0.0024485260146320798,0.02880859375,0.9974666237831116,40.39937546849251,32.0,0.0,49.72,49.72,0.0,0.0,265.5,1.0,186.3123809814453,2318336
1133,2320384,943.3322167335716,6587,-0.0032467936543980613,1.1647742372006178,0.23830624390393496,0.0024695166721357964,0.030029296875,0.9976922273635864,73.20873050391674,32.0,0.0,50.0,50.0,0.0,0.0,257.46,1.0,187.5155227661133,2320384
1134,2322432,943.3487972435997,6590,-0.003311595704872161,0.8471432458609343,0.25495112873613834,0.00495996105382801,0.0577392578125,0.9970930814743042,31.638582050800323,32.0,0.0,50.0,50.0,0.0,0.0,258.52,1.0,187.60959167480468,2322432
1135,2324480,943.3696311217449,6601,-0.0007033597139525227,2.105991031974554,0.25280763814225793,0.004216354696836788,0.0467529296875,0.9962169528007507,71.91733492910862,32.0,0.0,50.0,50.0,0.0,0.0,257.36,1.0,187.62353759765625,2324480
1136,2326528,943.3592366279948,6610,-0.0027017492102459073,0.7594535835087299,0.23956883465871215,0.002654978714417666,0.0303955078125,0.9981065988540649,38.865037351846695,32.0,0.0,50.0,50.0,0.0,0.0,253.74,1.0,187.2105157470703,2326528
1137,2328576,943.3752502037185,6618,0.0003511409740895033,1.0617756880819798,0.25010120030492544,0.00686784499703208,0.057373046875,0.997546374797821,50.012323051691055,32.0,0.0,50.0,50.0,0.0,0.0,248.26,1.0,187.2860266113281,2328576
1138,2330624,943.3347994615195,6627,-0.0048482767306268215,0.6255186293274164,0.25712970504537225,0.005994897321215831,0.0599365234375,0.9984009265899658,24.924855515360832,32.0,0.0,50.0,50.0,0.0,0.0,249.4,1.0,187.38926483154296,2330624
1139,2332672,943.3147230942816,6634,-0.003670254933240358,1.4863348081707954,0.23321603564545512,0.0026669181825127453,0.031494140625,0.9958866238594055,48.30171500146389,32.0,0.0,50.0,50.0,0.0,0.0,251.0,1.0,187.16113647460938,2332672
1140,2334720,943.3320960963778,6642,-0.004702202044427395,0.7919578645378351,0.27070179022848606,0.0027788952611444984,0.0323486328125,0.9985131621360779,39.86678245663643,32.0,0.0,50.0,50.0,0.0,0.0,245.04,1.0,186.86894744873047,2334720
1141,2336768,943.3129434009999,6651,-0.0036467294848989695,1.0218544583767653,0.24805138865485787,0.0022852009278722107,0.029296875,0.997340977191925,76.97892665863037,32.0,0.0,49.98,49.98,0.0,0.0,247.78,1.0,186.98126586914063,2336768
1142,2338816,943.2969841321594,6659,-0.0009833827498368919,0.8653886038810015,0.2721758089028299,0.00996502294583479,0.0599365234375,0.9979456067085266,37.41739498078823,32.0,0.0,49.98,49.98,0.0,0.0,248.16,1.0,187.2962774658203,2338816
1143,2340864,943.2767281350284,6667,-0.0022112379519967362,1.0798659827560186,0.2193851713091135,0.0021456816175486892,0.0262451171875,0.9973013997077942,65.04394879937172,32.0,0.0,49.98,49.98,0.0,0.0,253.24,1.0,187.27211669921874,2340864
1144,2342912,943.2579280923319,6674,-0.00461797106981976,0.6687512267380953,0.24474235298112035,0.0031638681393815205,0.0386962890625,0.9984578490257263,34.02741973102093,32.0,0.0,49.98,49.98,0.0,0.0,251.4,1.0,187.06891204833985,2342912
1145,2344960,943.2492676168271,6682,-0.003538455959642306,1.2315489239990711,0.27278904989361763,0.0016483203798998147,0.0181884765625,0.9976395964622498,52.85194790363312,32.0,0.0,49.98,49.98,0.0,0.0,255.16,1.0,187.51031219482422,2344960
1146,2347008,943.2685728767058,6690,-0.0033379411761416122,1.0803090184926987,0.2172361956909299,0.0033767109271138906,0.032958984375,0.9974496364593506,41.56924621760845,32.0,0.0,49.98,49.98,0.0,0.0,258.44,1.0,187.76180541992187,2347008
1147,2349056,943.2714323498723,6696,-0.00461004622047767,0.8411344010382891,0.2889324501156807,0.0030186797375790775,0.032958984375,0.9978600740432739,49.63431638479233,32.0,0.0,49.98,49.98,0.0,0.0,261.96,1.0,187.67625061035156,2349056
1148,2351104,943.2629996673262,6706,-0.006325623398879543,0.8218434471637011,0.269769627135247,0.004517251378274523,0.048828125,0.9985260963439941,24.96884462237358,32.0,0.0,49.98,49.98,0.0,0.0,263.7,1.0,187.63486053466798,2351104
1149,2353152,943.2594893957354,6713,-0.006099128018831834,0.9424428008496761,0.24431954184547067,0.002041721214482095,0.024169921875,0.9976528286933899,44.850736141204834,32.0,0.0,49.98,49.98,0.0,0.0,260.26,1.0,187.7265347290039,2353152
1150,2355200,943.249681582406,6722,-0.0032275793491862714,0.7367537189275026,0.26678603142499924,0.0027324783804942854,0.030029296875,0.9986501932144165,63.40318951010704,32.0,0.0,49.98,49.98,0.0,0.0,259.88,1.0,188.2957797241211,2355200
1151,2357248,943.2414610892613,6730,-0.0027500728756422177,0.8514380548149347,0.25552752520889044,0.0015576051373500377,0.0155029296875,0.9980320930480957,67.09982916712761,32.0,0.0,49.98,49.98,0.0,0.0,259.1,1.0,187.96967987060546,2357248
1152,2359296,943.2209276638004,6738,-0.00381322592147626,2.514833629131317,0.3005766533315182,0.0033829939202405512,0.0372314453125,0.9950530529022217,54.76981684565544,32.0,0.0,49.98,49.98,0.0,0.0,254.96,1.0,187.6566537475586,2359296
1153,2361344,943.2238394325225,6747,-0.0025071759009733796,1.0189514067023993,0.28185560880228877,0.004714851449534763,0.0579833984375,0.9981207847595215,50.3345942646265,32.0,0.0,49.9,49.9,0.0,0.0,258.16,1.0,187.36668151855469,2361344
1154,2363392,943.2066576133614,6755,-0.0034431067178957164,1.0135896187275648,0.23237053025513887,0.00567511077679228,0.048828125,0.9979627132415771,30.84853532165289,32.0,0.0,49.92,49.92,0.0,0.0,252.44,1.0,187.39321990966798,2363392
1155,2365440,943.1790467142665,6763,-0.0019022223714273423,0.8564822506159544,0.23767348006367683,0.006056842677935492,0.0477294921875,0.9980697631835938,48.69838738441467,32.0,0.0,49.92,49.92,0.0,0.0,250.42,1.0,187.20536224365233,2365440
1156,2367488,943.193019620796,6771,0.0003157092141918838,0.8762679547071457,0.21818259870633483,0.006358232720231172,0.052734375,0.9981618523597717,24.945482313632965,32.0,0.0,49.92,49.92,0.0,0.0,250.14,1.0,187.09704956054688,2367488
1157,2369536,943.2183684833404,6780,-0.003971117184846662,1.1172678042203188,0.26927789440378547,0.005420205088739749,0.0596923828125,0.9974570274353027,43.30541770160198,32.0,0.0,49.92,49.92,0.0,0.0,246.02,1.0,187.01324096679687,2369536
1158,2371584,943.217335179612,6789,-0.000235484738368541,0.7572890929877758,0.24304626043885946,0.00810763805930037,0.0616455078125,0.9984776973724365,52.7252172678709,32.0,0.0,49.92,49.92,0.0,0.0,244.9,1.0,186.97305572509765,2371584
1159,2373632,943.2049948834211,6795,-0.003148361560306512,0.8301192969083786,0.25861101038753986,0.0024393693238380365,0.028076171875,0.9979662895202637,66.77881932258606,32.0,0.0,49.92,49.92,0.0,0.0,247.12,1.0,186.9901629638672,2373632
1160,2375680,943.2144329646532,6804,-0.0019086498650722206,1.0578550659120083,0.24020275613293052,0.001709319927613251,0.017578125,0.9979122877120972,60.1985978782177,32.0,0.0,50.0,50.0,0.0,0.0,246.86,1.0,187.40488647460938,2375680
1161,2377728,943.1951340477458,6811,-0.002007756833336316,0.7316277101635933,0.2340861656703055,0.0015908177228993736,0.0216064453125,0.9982793927192688,43.15670292079449,32.0,0.0,50.0,50.0,0.0,0.0,250.26,1.0,187.474970703125,2377728
1162,2379776,943.1902778016586,6822,-0.005012215638998896,0.6600983664393425,0.24157914333045483,0.004600594467774499,0.0526123046875,0.9987807273864746,57.39718717336655,32.0,0.0,50.0,50.0,0.0,0.0,250.0,1.0,187.13887634277344,2379776
1163,2381824,943.2197530297502,6828,-0.006089933987823315,1.0892782993614674,0.2767833196558058,0.005784523993497714,0.056396484375,0.9970982670783997,74.44633488357067,32.0,0.0,50.0,50.0,0.0,0.0,253.22,1.0,187.4818002319336,2381824
1164,2383872,943.2026823842194,6838,-0.005107295626658015,0.9662436544895172,0.26094715064391494,0.004348741516878363,0.0421142578125,0.9982336163520813,44.47718532383442,32.0,0.0,50.0,50.0,0.0,0.0,252.46,1.0,187.6899252319336,2383872
1165,2385920,943.2390338172256,6844,-0.001975852297618985,0.8397742640227079,0.277089549228549,0.003026158577995375,0.03564453125,0.9978877305984497,53.65695208311081,32.0,0.0,49.94,49.94,0.0,0.0,252.82,1.0,187.57951568603517,2385920
1166,2387968,943.2514470288012,6853,-0.002845576294930652,0.90119100920856,0.28863161616027355,0.0019129087595501915,0.020751953125,0.9983205795288086,78.59190014004707,32.0,0.0,49.94,49.94,0.0,0.0,251.82,1.0,187.49554626464842,2387968
1167,2390016,943.2495559353167,6859,-0.004375988733954728,0.7048970740288496,0.2777687762863934,0.0021631201743730344,0.0267333984375,0.9985665082931519,56.08534795045853,32.0,0.0,49.92,49.92,0.0,0.0,256.7,1.0,187.4661752319336,2390016
1168,2392064,943.2155730547254,6868,-0.0019904723449144512,5.367723450064659,0.33458784874528646,0.007658880480448715,0.05712890625,0.9900645613670349,100.14435163140297,32.0,0.0,49.92,49.92,0.0,0.0,256.68,1.0,187.36878051757813,2392064
1169,2394112,943.2302479691086,6877,-0.0022962854127399623,1.9500994011759758,0.30207025911659,0.006555277221195865,0.0660400390625,0.9955975413322449,63.9717453122139,32.0,0.0,49.92,49.92,0.0,0.0,255.96,1.0,187.04544311523438,2394112
1170,2396160,943.231481934968,6882,-0.0031050041143316776,1.7957650609314442,0.3388338228687644,0.005079091206425801,0.0538330078125,0.9956995248794556,66.35451546311378,32.0,0.0,49.92,49.92,0.0,0.0,256.38,1.0,187.08420166015625,2396160
1171,2398208,943.2156113269824,6893,-0.003204195498256013,1.5511698424816132,0.2502765413373709,0.0028301247366471216,0.0341796875,0.9970982074737549,108.80770593881607,32.0,0.0,49.6,49.6,0.0,0.0,257.72,1.0,185.1899935913086,2398208
1172,2400256,943.1978430301094,6900,-0.005302232573740184,0.6893391702324152,0.270414131693542,0.002798540903313551,0.0308837890625,0.998383641242981,28.19335499405861,32.0,0.0,49.56,49.56,0.0,0.0,256.06,1.0,184.88186004638672,2400256
1173,2402304,943.2075404350784,6911,-0.0008898846135707572,1.329918397590518,0.26260163402184844,0.003692049387609586,0.0322265625,0.9977043271064758,71.0281042009592,32.0,0.0,49.58,49.58,0.0,0.0,251.26,1.0,184.9536587524414,2402304
1174,2404352,943.1651494281866,6920,-0.0015147625235840678,0.7779886014759541,0.25893008476123214,0.001809611167118419,0.0186767578125,0.9980698227882385,64.86083167791367,32.0,0.0,49.58,49.58,0.0,0.0,246.66,1.0,184.4879641723633,2404352
1175,2406400,943.1779499539584,6928,-0.005268245600746013,1.361819602549076,0.313290573656559,0.0033596444336581044,0.0404052734375,0.9975367188453674,38.201153203845024,32.0,0.0,49.58,49.58,0.0,0.0,243.68,1.0,184.31622802734375,2406400
1176,2408448,943.1616387912208,6937,-0.0052219816570868716,1.1171266604214907,0.2798422798514366,0.0028123730735387653,0.034912109375,0.9980090856552124,25.277381777763367,32.0,0.0,49.78,49.78,0.0,0.0,238.06,1.0,184.99976501464843,2408448
1177,2410496,943.1624811883544,6944,-0.0018203924264525995,1.092049291357398,0.27643332118168473,0.0015606320739607327,0.0179443359375,0.9975466728210449,77.00770238041878,32.0,0.0,49.82,49.82,0.0,0.0,235.08,1.0,185.148564453125,2410496
1178,2412544,943.1688073289894,6951,-0.0064776694343890995,0.5681379195302725,0.30259543284773827,0.004551676298433449,0.049072265625,0.9989420175552368,19.842921182513237,32.0,0.0,49.82,49.82,0.0,0.0,238.18,1.0,184.93289520263673,2412544
1179,2414592,943.1637891528098,6959,-0.001874807378044352,1.5815551280975342,0.2828371590003371,0.0019416338691371493,0.0206298828125,0.9966210126876831,44.7071148455143,32.0,0.0,49.8,49.8,0.0,0.0,244.44,1.0,184.99398956298828,2414592
1180,2416640,943.1478966562324,6968,-0.0020124852599110454,3.7984491139650345,0.3069413220509887,0.010061567285447381,0.0816650390625,0.9930419921875,85.89922127127647,32.0,0.0,49.8,49.8,0.0,0.0,249.34,1.0,185.20110015869142,2416640
1181,2418688,943.113969245173,6974,0.0009873324015643448,10.379664152860641,0.3493531960994005,0.0025500775227556005,0.029541015625,0.980665385723114,90.91400706768036,32.0,0.0,49.78,49.78,0.0,0.0,254.46,1.0,185.4626663208008,2418688
1182,2420736,943.098542468466,6980,0.0005520914710359648,8.220507621765137,0.29501230642199516,0.0052095736755291,0.0537109375,0.9800155758857727,40.2839460670948,32.0,0.0,49.66,49.66,0.0,0.0,259.8,1.0,185.25023010253906,2420736
1183,2422784,943.0755370350746,6990,0.007060984207782894,5.532264985144138,0.29529524128884077,0.010123308864422143,0.0706787109375,0.9892690777778625,67.64944511651993,32.0,0.0,48.6,48.6,0.0,0.0,269.36,1.0,181.6944270324707,2422784
1184,2424832,943.0782143125647,6994,-0.0032728853402659297,2.7566996440291405,0.3314757514744997,0.004055830650031567,0.037109375,0.9943148493766785,70.55348047614098,32.0,0.0,48.6,48.6,0.0,0.0,268.76,1.0,181.73010025024413,2424832
1185,2426880,943.0712226840324,7005,0.0012015092215733603,5.101153142750263,0.2924977783113718,0.00406063356786035,0.0501708984375,0.9896900057792664,43.86327996850014,32.0,0.0,48.58,48.58,0.0,0.0,271.06,1.0,181.93404891967774,2426880
1186,2428928,943.0632987544891,7012,-0.0009043945756275207,3.7459760159254074,0.2606199001893401,0.003086604629061185,0.0306396484375,0.9911456108093262,32.77743989229202,32.0,0.0,48.58,48.58,0.0,0.0,270.66,1.0,181.81226486206054,2428928
1187,2430976,943.0921921373681,7021,-0.004138289172260556,2.232629418373108,0.30402512662112713,0.004151824155997019,0.0465087890625,0.995163083076477,84.43159994482994,32.0,0.0,47.9,47.9,0.0,0.0,274.84,1.0,179.33559020996094,2430976
1188,2433024,943.1070887925614,7027,-0.005875240138266236,0.5894901845604181,0.2602900634519756,0.0021130065579200163,0.02490234375,0.9985762238502502,29.152309134602547,32.0,0.0,48.02,48.02,0.0,0.0,270.96,1.0,179.6940997314453,2433024
1189,2435072,943.1104383690999,7038,-0.0014972618373576552,0.9929856583476067,0.20093526598066092,0.004337494581704959,0.0362548828125,0.9982360601425171,46.33827614784241,32.0,0.0,49.26,49.26,0.0,0.0,261.16,1.0,184.11866561889647,2435072
1190,2437120,943.0801180213379,7044,-0.0015855980745982379,0.9683864545077085,0.2384062148630619,0.00241483272111509,0.029296875,0.9975564479827881,54.4175705909729,32.0,0.0,49.26,49.26,0.0,0.0,259.82,1.0,184.01558486938475,2437120
1191,2439168,943.0785522527142,7053,-0.0039246522064786404,0.7153821587562561,0.2651627128943801,0.004182090793619864,0.0438232421875,0.9984341859817505,52.188904136419296,32.0,0.0,49.3,49.3,0.0,0.0,255.2,1.0,184.34042526245116,2439168
1192,2441216,943.0864826350629,7061,-0.002777389279799536,0.49917886313050985,0.23709282092750072,0.003989690594607964,0.03466796875,0.9989627599716187,27.500562697649002,32.0,0.0,49.3,49.3,0.0,0.0,254.38,1.0,184.61570083618165,2441216
1193,2443264,943.0663661850896,7070,-0.0031665285932831466,0.9365433976054192,0.22596224583685398,0.00370662930799881,0.0364990234375,0.9974671602249146,54.82237383723259,32.0,0.0,49.98,49.98,0.0,0.0,245.04,1.0,187.18087890625,2443264
1194,2445312,943.0716204753091,7081,-0.006008058087900281,0.626044386997819,0.27155079273507,0.004484608973143622,0.050048828125,0.9987043738365173,44.87430518865585,32.0,0.0,50.0,50.0,0.0,0.0,238.02,1.0,187.54038818359376,2445312
1195,2447360,943.0581852556111,7088,-0.0025160586592392065,0.8254281915724277,0.24930981826037169,0.004701662233856041,0.0498046875,0.998174250125885,54.75892323255539,32.0,0.0,50.0,50.0,0.0,0.0,241.86,1.0,187.8415393066406,2447360
1196,2449408,943.0648495376353,7096,-0.0027308233838994056,1.1547227762639523,0.2966890577226877,0.0012278431095182896,0.013916015625,0.9974949359893799,76.3566215634346,32.0,0.0,50.0,50.0,0.0,0.0,244.96,1.0,187.96620025634766,2449408
1197,2451456,943.0793332847556,7102,-0.0028916693408973515,2.074168559163809,0.27931387117132545,0.002105562591168564,0.0252685546875,0.9944953918457031,94.0639117360115,32.0,0.0,50.0,50.0,0.0,0.0,245.36,1.0,187.74208770751954,2451456
1198,2453504,943.0804494558482,7112,-0.003790554212173447,1.8586369827389717,0.2903697853907943,0.004810238009667955,0.0552978515625,0.9955829977989197,45.507517635822296,32.0,0.0,49.98,49.98,0.0,0.0,245.82,1.0,187.71674560546876,2453504
1199,2455552,943.0461465022757,7120,-0.0041271424270235,0.8871191665530205,0.2706860094331205,0.002758195827482268,0.0322265625,0.9980655908584595,28.692382276058197,32.0,0.0,49.9,49.9,0.0,0.0,250.2,1.0,187.38162475585938,2455552
1200,2457600,943.0306024762463,7127,-0.003802700637606904,0.721993574872613,0.2461077426560223,0.0013674233050551265,0.0177001953125,0.998373806476593,39.92138546705246,32.0,0.0,49.9,49.9,0.0,0.0,250.14,1.0,187.13974365234375,2457600
1201,2459648,943.0889838977868,7136,0.0024017310767833677,0.7917520020689283,0.24534803735358374,0.007580771826074592,0.051060267857142856,0.9982844591140747,24.075868402208602,14.0,1.0,49.9,49.9,0.0,0.0,247.44,1.0,186.84272735595704,2459648
1202,2461696,943.1004860330327,7147,-0.0010263596777804196,1.1047194134443998,0.2625616630539298,0.006273875718761701,0.0526123046875,0.9975501894950867,70.22846865653992,32.0,0.0,49.9,49.9,0.0,0.0,245.02,1.0,186.72978729248047,2461696
1203,2463744,943.1081886795554,7153,-0.007255434786202386,0.9637312460690737,0.2706881081685424,0.0024331468230229802,0.0318603515625,0.9973971247673035,46.192920580506325,32.0,0.0,49.9,49.9,0.0,0.0,245.24,1.0,187.06476318359375,2463744
1204,2465792,943.0924558719603,7163,0.0021649351838277653,0.8936114218086004,0.2495479336939752,0.006890522396133747,0.0489501953125,0.9984391927719116,43.70488515496254,32.0,0.0,49.92,49.92,0.0,0.0,249.54,1.0,187.4937127685547,2465792
1205,2467840,943.0508891666657,7168,-0.0029644371097674593,0.8330600522458553,0.24066024692729115,0.002412380672467407,0.0269775390625,0.9978381395339966,41.09575302898884,32.0,0.0,50.0,50.0,0.0,0.0,243.02,1.0,187.60235229492187,2467840
1206,2469888,943.0359750183505,7181,0.00045863100967835635,0.8302102293819189,0.2495116852223873,0.00931901053263573,0.0740966796875,0.9983736872673035,34.157447934150696,32.0,0.0,49.98,49.98,0.0,0.0,243.92,1.0,187.51615264892578,2469888
1207,2471936,943.0435800379496,7187,-0.0020156224782112986,0.8250624127686024,0.2328793052583933,0.0027853214633069,0.037109375,0.9979272484779358,62.22846215963364,32.0,0.0,49.98,49.98,0.0,0.0,243.54,1.0,187.506669921875,2471936
1208,2473984,943.0549235720267,7197,-0.0036828265874646604,0.7104539610445499,0.24295979645103216,0.0012132260089856572,0.0126953125,0.9987009763717651,54.965315729379654,32.0,0.0,49.98,49.98,0.0,0.0,241.4,1.0,187.16782012939453,2473984
1209,2476032,943.0434897109632,7205,-0.0021380307152867317,1.0662333462387323,0.26911510061472654,0.003078843525145203,0.02783203125,0.9976846575737,34.21190273761749,32.0,0.0,49.98,49.98,0.0,0.0,239.54,1.0,186.5323977661133,2476032
1210,2478080,943.00790131891,7212,-0.0012511082750279456,1.203846998512745,0.23955384967848659,0.003986620307841804,0.037841796875,0.9973465204238892,50.711345225572586,32.0,0.0,49.98,49.98,0.0,0.0,237.22,1.0,186.2209671020508,2478080
1211,2480128,943.0236725003227,7223,-0.0031576992332702503,0.8303226307034492,0.2547631054185331,0.002260408189613372,0.026123046875,0.9985809922218323,58.210336565971375,32.0,0.0,49.98,49.98,0.0,0.0,241.42,1.0,186.15878387451173,2480128
1212,2482176,943.0163151550765,7230,-0.0023845573305152357,0.8615398593246937,0.24254789296537638,0.0030093944806139916,0.035888671875,0.99776691198349,32.72770830988884,32.0,0.0,50.0,50.0,0.0,0.0,235.84,1.0,185.9252423095703,2482176
1213,2484224,943.02847749221,7240,-0.0019538032356649637,0.7103090323507786,0.2555000171996653,0.0021616628146148287,0.0228271484375,0.9987202286720276,46.17316661775112,32.0,0.0,50.0,50.0,0.0,0.0,238.26,1.0,186.3036038208008,2484224
1214,2486272,943.0675177422604,7247,-0.0005881480465177447,0.6186596462503076,0.2409631460905075,0.0027386344663682394,0.029052734375,0.998479962348938,36.84746532142162,32.0,0.0,50.0,50.0,0.0,0.0,242.26,1.0,186.74787872314454,2486272
1215,2488320,943.0697745866114,7256,-0.0020135882805334404,0.7074079494923353,0.23312407778576016,0.003729500371264294,0.0389404296875,0.9985965490341187,38.42429694533348,32.0,0.0,50.0,50.0,0.0,0.0,238.86,1.0,186.80708953857422,2488320
1216,2490368,943.064775986691,7264,-0.006534429921885021,1.0366165153682232,0.253823596984148,0.0026294867784599774,0.031005859375,0.997399628162384,41.06924286484718,32.0,0.0,50.0,50.0,0.0,0.0,236.38,1.0,186.99442504882813,2490368
1217,2492416,943.0730781345867,7271,-0.009795692516490817,2.220864787697792,0.2735282042995095,0.006739363227097783,0.0504150390625,0.9958437085151672,95.70991462469101,32.0,0.0,50.0,50.0,0.0,0.0,238.12,1.0,187.1530334472656,2492416
1218,2494464,943.0946441457993,7280,-0.005128326112753712,0.9372410643845797,0.28199552930891514,0.0033742444720701315,0.03515625,0.9983006119728088,43.85824404656887,32.0,0.0,50.0,50.0,0.0,0.0,244.72,1.0,187.6428237915039,2494464
1219,2496512,943.1157453291706,7290,-0.006470210413681343,0.7461800798773766,0.24929231917485595,0.002857138213585131,0.0360107421875,0.998439371585846,30.03928829729557,32.0,0.0,50.0,50.0,0.0,0.0,243.4,1.0,187.58053497314452,2496512
1220,2498560,943.1448343990248,7298,-0.0039717417894280516,0.5810487931594253,0.231980265583843,0.0016579381190240383,0.0181884765625,0.9988639950752258,40.03645072877407,32.0,0.0,50.0,50.0,0.0,0.0,244.78,1.0,187.82441955566406,2498560
1221,2500608,943.1359830360946,7307,-0.0036356012715259567,0.6045587155967951,0.23399470327422023,0.001939541893079877,0.0169677734375,0.9988718628883362,46.875833228230476,32.0,0.0,50.0,50.0,0.0,0.0,248.66,1.0,187.92019989013673,2500608
1222,2502656,943.1071484194977,7315,-0.0015622335922671482,2.0810115933418274,0.2575615276582539,0.004822386690648273,0.0479736328125,0.9950509667396545,42.20090827345848,32.0,0.0,50.0,50.0,0.0,0.0,247.98,1.0,187.74862762451173,2502656
1223,2504704,943.1283052948513,7324,-0.0032429494749521837,0.7487624324858189,0.23507523257285357,0.0035867979895556346,0.0390625,0.9985019564628601,55.02063658833504,32.0,0.0,50.0,50.0,0.0,0.0,244.8,1.0,187.2695782470703,2504704
1224,2506752,943.1184441003933,7332,-0.0034831803786801174,0.7361382879316807,0.24335232097655535,0.0020898127841064706,0.0240478515625,0.9984472393989563,44.300028547644615,32.0,0.0,50.0,50.0,0.0,0.0,238.54,1.0,187.1627520751953,2506752
1225,2508800,943.1348783091428,7342,-0.0046274349733721465,0.8597742412239313,0.25834174640476704,0.00196552045235876,0.0240478515625,0.9981481432914734,39.09255249798298,32.0,0.0,50.0,50.0,0.0,0.0,239.58,1.0,187.0067105102539,2508800
1226,2510848,943.1408010554381,7346,-0.0045989296631887555,0.825702240690589,0.252256799954921,0.002306055263034068,0.027099609375,0.9980975389480591,45.62223865091801,32.0,0.0,50.0,50.0,0.0,0.0,241.38,1.0,187.02642669677735,2510848
1227,2512896,943.1142238687895,7359,-0.004459266201592982,1.0086291190236807,0.2937561022117734,0.003790036804275587,0.04052734375,0.9984188675880432,19.310644313693047,32.0,0.0,49.98,49.98,0.0,0.0,241.4,1.0,187.11573272705078,2512896
1228,2514944,943.1236504770355,7366,-0.004386281128972769,0.7187791615724564,0.24661270761862397,0.003897661248629447,0.0384521484375,0.9982279539108276,39.98857583850622,32.0,0.0,49.98,49.98,0.0,0.0,241.44,1.0,187.00905364990234,2514944
1229,2516992,943.1330414499695,7374,-0.0004272082878742367,4.464020594954491,0.2482230756431818,0.004169426043517888,0.0421142578125,0.9908621907234192,43.76634439826012,32.0,0.0,49.98,49.98,0.0,0.0,241.48,1.0,187.1103030395508,2516992
1230,2519040,943.1270379302637,7381,0.0014138591213850304,6.795123055577278,0.2726612971164286,0.0019123894526273943,0.0255126953125,0.984035074710846,59.566601663827896,32.0,0.0,49.98,49.98,0.0,0.0,244.62,1.0,187.06090881347657,2519040
1231,2521088,943.1564754015743,7391,0.004026597163275532,5.193541412768156,0.23862518240576205,0.00948310889425161,0.062330163043478264,0.9895445704460144,37.600678589033045,23.0,1.0,49.98,49.98,0.0,0.0,244.44,1.0,187.03511291503906,2521088
1232,2523136,943.1384326532642,7400,0.0028934238071087748,2.9085232708603144,0.22626749286428094,0.002993985777720809,0.031005859375,0.9931410551071167,28.696925714612007,32.0,0.0,49.22,49.22,0.0,0.0,240.12,1.0,184.0319115447998,2523136
1233,2525184,943.1634801438447,7408,-0.0030410013860091567,0.5395548734813929,0.24237919738516212,0.0017513476268504746,0.0179443359375,0.9988954663276672,42.475843504071236,32.0,0.0,49.24,49.24,0.0,0.0,234.52,1.0,183.44856864929199,2525184
1234,2527232,943.1789617069359,7420,0.0008245227654697374,0.8159222081303596,0.2640485311858356,0.003552047288394533,0.04150390625,0.9984123110771179,42.41423150897026,32.0,0.0,49.24,49.24,0.0,0.0,235.88,1.0,183.41617332458497,2527232
1235,2529280,943.172588229325,7427,-0.00305155644309707,1.19183168746531,0.235414853785187,0.002717842173296958,0.0301513671875,0.9970836639404297,45.232527792453766,32.0,0.0,49.24,49.24,0.0,0.0,233.56,1.0,183.29389488220215,2529280
1236,2531328,943.181127678291,7436,-0.003245320258429274,0.7412119582295418,0.22570615587756038,0.0038529546291101724,0.0438232421875,0.9984126687049866,34.03920993208885,32.0,0.0,49.24,49.24,0.0,0.0,231.92,1.0,183.2887084197998,2531328
1237,2533376,943.209709915557,7444,-0.0027160851896042004,0.8061597924679518,0.25244643865153193,0.001925262295117136,0.0224609375,0.9983373880386353,48.80663242936134,32.0,0.0,50.0,50.0,0.0,0.0,230.26,1.0,186.14346221923827,2533376
1238,2535424,943.1591460379487,7453,-0.0039721296925563365,0.7205664198845625,0.2230296595953405,0.003606223632232286,0.0369873046875,0.9985305070877075,31.308552026748657,32.0,0.0,50.0,50.0,0.0,0.0,235.6,1.0,186.22377380371094,2535424
1239,2537472,943.1295289194953,7463,-0.004004551417892799,0.83253582008183,0.22750421380624175,0.002796533051878214,0.0394287109375,0.9985033273696899,88.92826586961746,32.0,0.0,50.0,50.0,0.0,0.0,227.88,1.0,185.88731689453124,2537472
1240,2539520,943.1663862060294,7473,-0.0035769480746239424,0.5634668618440628,0.24365443037822843,0.0027976618366665207,0.031005859375,0.9989992380142212,20.817793145775795,32.0,0.0,50.0,50.0,0.0,0.0,226.54,1.0,185.97008178710936,2539520
1241,2541568,943.1264474221095,7479,-0.002032062882790342,0.6684199068695307,0.23938812455162406,0.0016042508505051956,0.0184326171875,0.9984928369522095,60.880745589733124,32.0,0.0,50.0,50.0,0.0,0.0,227.38,1.0,186.11539642333983,2541568
1242,2543616,943.110091488973,7489,-0.006086049688747153,0.763088908046484,0.24656707560643554,0.005127219752466772,0.0472412109375,0.9985644817352295,25.290708869695663,32.0,0.0,50.0,50.0,0.0,0.0,226.2,1.0,185.99817932128906,2543616
1243,2545664,943.0712589128127,7498,-0.005759003950515762,0.7742224540561438,0.24818539759144187,0.0023926247158669867,0.030517578125,0.9983777403831482,37.02771681547165,32.0,0.0,50.0,50.0,0.0,0.0,225.76,1.0,186.0382238769531,2545664
1244,2547712,943.0916889711292,7507,-0.0043405888573033735,1.1728083230555058,0.2657605060376227,0.0019735986716113985,0.0235595703125,0.9975215196609497,38.61585247516632,32.0,0.0,50.0,50.0,0.0,0.0,226.48,1.0,186.14157897949218,2547712
1245,2549760,943.1053028369515,7517,-0.002462035874486901,1.2532121241092682,0.2643706416711211,0.0024029314263316337,0.0262451171875,0.9974826574325562,58.669970244169235,32.0,0.0,50.0,50.0,0.0,0.0,226.46,1.0,186.41260009765625,2549760
1246,2551808,943.1049965509912,7524,-0.0032948540174402297,0.5837581744417548,0.25273789605125785,0.002844598639057949,0.028564453125,0.9987750053405762,47.26674737036228,32.0,0.0,50.0,50.0,0.0,0.0,230.26,1.0,186.49498779296874,2551808
1247,2553856,943.1154234524506,7534,-0.0015085366030689329,1.1663054823875427,0.2388501688838005,0.003139006563287694,0.02783203125,0.9978671073913574,36.612623900175095,32.0,0.0,50.0,50.0,0.0,0.0,233.1,1.0,186.6088345336914,2553856
1248,2555904,943.1612800329588,7544,-0.003360813236213289,0.7237468753010035,0.23691393435001373,0.0016036456217989326,0.01953125,0.9984937310218811,88.10902857780457,32.0,0.0,50.0,50.0,0.0,0.0,225.84,1.0,186.47052429199218,2555904
1249,2557952,943.1915540688036,7553,-0.003587881161365658,1.6821811869740486,0.23908443795517087,0.003645863958809059,0.0321044921875,0.9968023896217346,59.75848636031151,32.0,0.0,50.0,50.0,0.0,0.0,229.1,1.0,186.98364990234376,2557952
1250,2560000,943.2176693897816,7561,-0.0008085552253760397,1.168485663831234,0.23601379385218024,0.0030172696788213216,0.03466796875,0.9974275231361389,87.89028190076351,32.0,0.0,50.0,50.0,0.0,0.0,228.2,1.0,186.4843197631836,2560000
1251,2562048,943.1947671645286,7570,-0.006296130712144077,0.6663532219827175,0.26113024912774563,0.0038140037358971313,0.038818359375,0.9987220168113708,26.33146471530199,32.0,0.0,50.0,50.0,0.0,0.0,230.44,1.0,186.68938354492187,2562048
1252,2564096,943.239028598956,7578,-0.0023013780446490273,1.28551359847188,0.24793768767267466,0.002035006335063372,0.02734375,0.9976649880409241,86.1831414103508,32.0,0.0,50.0,50.0,0.0,0.0,230.44,1.0,186.74039978027344,2564096
1253,2566144,943.2431878193694,7586,-0.0007893360452726483,0.887150289490819,0.25988263776525855,0.0040803448428050615,0.0433349609375,0.9979597926139832,41.14025500416756,32.0,0.0,50.0,50.0,0.0,0.0,229.58,1.0,186.91735260009764,2566144
1254,2568192,943.2749129517397,7597,-0.003390568250324577,0.6521331435069442,0.2525480822660029,0.002384214174526278,0.0281982421875,0.9989097118377686,32.112382769584656,32.0,0.0,50.0,50.0,0.0,0.0,233.34,1.0,186.64335205078126,2568192
1255,2570240,943.2779348226186,7603,-0.000652923816232942,0.7780751716345549,0.2533106738701463,0.002472952277457807,0.0333251953125,0.9980162978172302,49.52752795815468,32.0,0.0,50.0,50.0,0.0,0.0,233.22,1.0,186.36751281738282,2570240
1256,2572288,943.2706309196927,7614,-0.003344799013575539,0.6874193977564573,0.25689544389024377,0.0025344579917145893,0.026123046875,0.9988463521003723,60.23417788743973,32.0,0.0,50.0,50.0,0.0,0.0,234.72,1.0,186.5441586303711,2572288
1257,2574336,943.2944581621936,7619,-0.0036101717851124704,0.6851326245814562,0.2921131895855069,0.0010619554232107475,0.0113525390625,0.9983875751495361,58.21590834856033,32.0,0.0,49.98,49.98,0.0,0.0,237.04,1.0,186.58360443115234,2574336
1258,2576384,943.395756677131,7631,-0.0014077280389351977,4.445468558205499,0.2677542401684655,0.01034888175005714,0.049262152777777776,0.9922139644622803,90.81280999713474,18.0,1.0,49.98,49.98,0.0,0.0,237.8,1.0,186.42978607177736,2576384
1259,2578432,943.4080977408291,7639,0.002446457860060036,8.674075491726398,0.26294196769595146,0.006700453930534422,0.047607421875,0.9803131818771362,47.397632479667664,32.0,0.0,49.98,49.98,0.0,0.0,238.14,1.0,186.35811828613282,2578432
1260,2580480,943.4096741116576,7647,0.0045534371747635305,6.795560255646706,0.26187037164345384,0.005598306372121442,0.0474853515625,0.9872060418128967,37.403753101825714,32.0,0.0,49.98,49.98,0.0,0.0,239.82,1.0,187.05861572265624,2580480
1261,2582528,943.390581954879,7653,0.002111468158545904,4.200584787875414,0.27388671645894647,0.0034303137654205784,0.03564453125,0.9908726215362549,37.98902900516987,32.0,0.0,49.06,49.06,0.0,0.0,245.98,1.0,184.22850330352784,2582528
1262,2584576,943.3904980165458,7662,-0.001386730684316717,0.7145687490701675,0.262025143019855,0.002602983920951374,0.03076171875,0.9986006021499634,42.64914208650589,32.0,0.0,49.06,49.06,0.0,0.0,247.76,1.0,184.25422046661376,2584576
1263,2586624,943.3449253703108,7671,-0.004280865876353346,0.9265037104487419,0.2625569528900087,0.004487681595492177,0.044677734375,0.9983153343200684,22.32523600757122,32.0,0.0,49.08,49.08,0.0,0.0,245.12,1.0,184.6657677078247,2586624
1264,2588672,943.3454341980957,7679,-0.0042964684253092855,0.9534596055746078,0.2773881573230028,0.0033918605986400507,0.0438232421875,0.9979973435401917,41.726061418652534,32.0,0.0,49.06,49.06,0.0,0.0,245.24,1.0,185.09081562042238,2588672
1265,2590720,943.3365935523374,7689,-0.0014090499898884445,2.1588313952088356,0.2567612915299833,0.003044092489290051,0.0299072265625,0.9959779381752014,55.582661375403404,32.0,0.0,49.06,49.06,0.0,0.0,246.9,1.0,184.97466205596925,2590720
1266,2592768,943.3699564928752,7697,-0.0032226684561464936,0.6779731158167124,0.24646923830732703,0.0023814263549866155,0.026611328125,0.9986218810081482,44.9542266279459,32.0,0.0,49.06,49.06,0.0,0.0,243.96,1.0,184.84348529815674,2592768
1267,2594816,943.3473373819571,7706,-0.005817914585350081,1.1432795524597168,0.23365003755316138,0.0034374222886981443,0.040771484375,0.9978587031364441,42.422288581728935,32.0,0.0,49.98,49.98,0.0,0.0,238.1,1.0,187.46808807373046,2594816
1268,2596864,943.330634698218,7716,-0.004012707810034044,0.6565623804926872,0.23401730135083199,0.003495754390314687,0.036376953125,0.9986274242401123,29.22462871670723,32.0,0.0,49.98,49.98,0.0,0.0,234.22,1.0,187.29123413085938,2596864
1269,2598912,943.3280896305231,7723,-0.0033652217825874686,0.7941404860466719,0.21762165427207947,0.003707322794070933,0.0377197265625,0.9982919096946716,48.18457007408142,32.0,0.0,49.98,49.98,0.0,0.0,232.46,1.0,187.04078186035156,2598912
1270,2600960,943.2880256926753,7733,-0.004862530680838972,0.6588529981672764,0.2536973296664655,0.002869506432034541,0.035400390625,0.9986458420753479,28.03644458949566,32.0,0.0,50.0,50.0,0.0,0.0,231.22,1.0,187.03903778076173,2600960
1271,2603008,943.241700082477,7742,-0.0021024889429099858,0.5389020415022969,0.2238181554712355,0.003002923105668742,0.0338134765625,0.9989631175994873,44.65978576987982,32.0,0.0,50.0,50.0,0.0,0.0,231.22,1.0,186.83463653564453,2603008
1272,2605056,943.2157658040885,7753,-0.0031450543319806457,0.6410428397357464,0.20710099395364523,0.0023824900781619363,0.0257568359375,0.9987991452217102,33.25104562938213,32.0,0.0,50.0,50.0,0.0,0.0,229.74,1.0,186.82358459472655,2605056
1273,2607104,943.2302105258075,7760,-0.002890885647502728,0.5017690621316433,0.22627663100138307,0.0011368065970600583,0.01318359375,0.9988735318183899,55.252545803785324,32.0,0.0,50.0,50.0,0.0,0.0,228.78,1.0,186.67533782958984,2607104
1274,2609152,943.2176733840388,7770,-0.0020592251094058156,0.5205040946602821,0.23924683732911944,0.0023995633964659646,0.0260009765625,0.9990043044090271,46.36557376384735,32.0,0.0,50.0,50.0,0.0,0.0,228.3,1.0,186.62170776367188,2609152
1275,2611200,943.1850518692735,7779,-0.0047261368308681995,0.7917634919285774,0.25146425841376185,0.0023552916245535016,0.0283203125,0.998150646686554,37.601669512689114,32.0,0.0,50.0,50.0,0.0,0.0,224.6,1.0,186.53423309326172,2611200
1276,2613248,943.2171593518666,7788,-0.0031713211064925417,0.5813829274848104,0.25060505606234074,0.0022500012346426956,0.0245361328125,0.9987386465072632,44.415405839681625,32.0,0.0,50.0,50.0,0.0,0.0,226.06,1.0,186.81169799804687,2613248
1277,2615296,943.2407618266158,7798,-0.0001207501336466521,0.7406437713652849,0.22345445957034826,0.0027262402145424858,0.02783203125,0.9986019134521484,57.431030720472336,32.0,0.0,50.0,50.0,0.0,0.0,227.2,1.0,186.90983673095704,2615296
1278,2617344,943.2617957640852,7806,-0.0006708136497763917,0.5669436324387789,0.2285473383963108,0.0042118301571463235,0.039306640625,0.9987797141075134,48.93063372373581,32.0,0.0,50.0,50.0,0.0,0.0,227.4,1.0,187.08009704589844,2617344
1279,2619392,943.2565718664084,7815,-0.003906709200236946,0.4660854274407029,0.23759829998016357,0.0025112185248872265,0.0328369140625,0.9991820454597473,40.27680817991495,32.0,0.0,50.0,50.0,0.0,0.0,229.68,1.0,186.97251037597655,2619392
1280,2621440,943.2542770226161,7822,-0.002300817199284211,0.8782392330467701,0.23027982702478766,0.0023911694370326586,0.0264892578125,0.9981200098991394,36.31469555199146,32.0,0.0,50.0,50.0,0.0,0.0,228.46,1.0,186.8690280151367,2621440
1281,2623488,943.2270858498106,7835,-0.002441516684484668,0.7187117375433445,0.23434026539325714,0.0035532298134057783,0.045654296875,0.9987980723381042,38.09554775059223,32.0,0.0,50.0,50.0,0.0,0.0,222.1,1.0,186.03341674804688,2623488
1282,2625536,943.2159204522752,7842,-0.0015679439093219116,0.9157847072929144,0.2424347223713994,0.0017569324627402239,0.0240478515625,0.9976722002029419,54.912021830677986,32.0,0.0,50.0,50.0,0.0,0.0,219.88,1.0,186.08758697509765,2625536
1283,2627584,943.2192277162778,7852,-0.004773737280629575,0.7220156695693731,0.2359457677230239,0.0027502929369802587,0.0333251953125,0.9986270666122437,32.52217185497284,32.0,0.0,50.0,50.0,0.0,0.0,221.44,1.0,185.8604473876953,2627584
1284,2629632,943.2195537377692,7861,-0.002827100150170736,0.7396912854164839,0.2635901286266744,0.001441858839825727,0.0146484375,0.998334527015686,45.76307174563408,32.0,0.0,50.0,50.0,0.0,0.0,221.48,1.0,186.02389739990235,2629632
1285,2631680,943.2128254870867,7869,-0.001974222672288306,0.5795814907178283,0.2523938398808241,0.002793899424432311,0.03271484375,0.998877227306366,36.40570458769798,32.0,0.0,50.0,50.0,0.0,0.0,226.52,1.0,186.09810272216797,2631680
1286,2633728,943.2034350162153,7877,-0.0032972669432638213,0.6313616801053286,0.23646028339862823,0.0021952973838779144,0.0262451171875,0.9987837076187134,50.86573688685894,32.0,0.0,50.0,50.0,0.0,0.0,226.26,1.0,186.23669647216798,2633728
1287,2635776,943.2160695534126,7889,-0.005723517504520714,0.6843458358198404,0.23851156746968627,0.0030498179276037263,0.02978515625,0.9988028407096863,18.062497086822987,32.0,0.0,50.0,50.0,0.0,0.0,229.7,1.0,186.65964324951173,2635776
1288,2637824,943.235284445014,7896,-0.0012097009748686105,0.8398970942944288,0.2235821383073926,0.0034559867199277505,0.0369873046875,0.9979421496391296,51.70979905128479,32.0,0.0,50.0,50.0,0.0,0.0,228.36,1.0,186.33557037353515,2637824
1289,2639872,943.2475187626884,7907,-0.0026767436211230233,0.7312288787215948,0.24506532587110996,0.0016968748459476046,0.0194091796875,0.998572587966919,49.59062288701534,32.0,0.0,50.0,50.0,0.0,0.0,222.44,1.0,186.34279602050782,2639872
1290,2641920,943.2448911514014,7915,-0.003552452486474067,0.7687258068472147,0.22548914374783635,0.002478770984453149,0.0302734375,0.9982185363769531,41.84331372380257,32.0,0.0,50.0,50.0,0.0,0.0,226.16,1.0,186.84893493652345,2641920
1291,2643968,943.2404882752481,7926,-0.001970434532267973,0.5872831549495459,0.2390013919211924,0.0027064754758612253,0.0328369140625,0.9989206790924072,55.739943727850914,32.0,0.0,50.0,50.0,0.0,0.0,225.08,1.0,187.18285125732422,2643968
1292,2646016,943.267288171543,7933,-0.004452491601114161,0.7509996332228184,0.2302508638240397,0.001301704629440792,0.0172119140625,0.9982115030288696,48.280044600367546,32.0,0.0,50.0,50.0,0.0,0.0,220.62,1.0,186.72571044921875,2646016
1293,2648064,943.3107045026441,7943,-0.005043052005930804,0.5537071386352181,0.24509207904338837,0.002020910120336339,0.02783203125,0.9988079071044922,27.15905372798443,32.0,0.0,50.0,50.0,0.0,0.0,223.4,1.0,187.16053100585938,2648064
1294,2650112,943.3414672575764,7951,-0.0030749768775422126,0.5996494758874178,0.2543123150244355,0.00286571096512489,0.0367431640625,0.9986502528190613,40.2474667429924,32.0,0.0,50.0,50.0,0.0,0.0,226.44,1.0,187.2761380004883,2650112
1295,2652160,943.3759317173767,7960,-0.00435269194713328,0.71769143268466,0.25916100526228547,0.0015756171706016175,0.01953125,0.9986076354980469,26.11528591811657,32.0,0.0,50.0,50.0,0.0,0.0,226.14,1.0,187.34878143310547,2652160
1296,2654208,943.3854785307454,7970,-0.0034770552592817694,0.5482289008796215,0.2427326524630189,0.0024687785844434984,0.029296875,0.9989805221557617,35.48049634695053,32.0,0.0,50.0,50.0,0.0,0.0,227.32,1.0,187.42539001464843,2654208
1297,2656256,943.4048371251954,7977,-0.002420508419163525,0.6303584557026625,0.26197491819038987,0.0019167047794326209,0.02392578125,0.9986573457717896,34.86535423994064,32.0,0.0,50.0,50.0,0.0,0.0,229.44,1.0,187.34387298583985,2656256
1298,2658304,943.3975812134086,7988,-0.002780970506137237,0.6184938298538327,0.2382097435183823,0.006150547509605531,0.0496826171875,0.9989194273948669,38.14151257276535,32.0,0.0,50.0,50.0,0.0,0.0,231.38,1.0,187.15300689697267,2658304
1299,2660352,943.4194878212796,7995,0.00023384201631415635,0.9000305403023958,0.26169076515361667,0.001945873700606171,0.0230712890625,0.9977874755859375,63.46266666054726,32.0,0.0,50.0,50.0,0.0,0.0,230.38,1.0,187.21185607910155,2660352
1300,2662400,943.4040244155242,8006,-0.0038593405188294128,0.6143738571554422,0.24302218481898308,0.002129186781530734,0.0264892578125,0.9989405274391174,34.21335405111313,32.0,0.0,50.0,50.0,0.0,0.0,230.62,1.0,186.80154479980467,2662400
1301,2664448,943.3929351127834,8014,-0.003969411278376356,0.7059205360710621,0.24098030012100935,0.002115664436132647,0.0238037109375,0.9984343647956848,40.29129973053932,32.0,0.0,50.0,50.0,0.0,0.0,225.1,1.0,186.2838592529297,2664448
1302,2666496,943.3973312229149,8023,-0.005766835776739754,0.4858123529702425,0.2756207613274455,0.0031412695461767726,0.040771484375,0.9990360140800476,31.94603405892849,32.0,0.0,50.0,50.0,0.0,0.0,225.34,1.0,186.31966430664062,2666496
1303,2668544,943.4031912984366,8034,-0.0022060945484554395,0.9082262460142374,0.26479540672153234,0.0011736806263797916,0.0137939453125,0.9980423450469971,53.291937470436096,32.0,0.0,50.0,50.0,0.0,0.0,223.44,1.0,186.56467193603515,2668544
1304,2670592,943.4053772053231,8042,-0.0025427897926419973,0.6127436514943838,0.257153466809541,0.0007862977654440328,0.0064697265625,0.9987714886665344,60.767403066158295,32.0,0.0,50.0,50.0,0.0,0.0,224.04,1.0,186.26430572509764,2670592
1305,2672640,943.4224436477593,8051,-0.004759367409860715,0.5773581126704812,0.25069623067975044,0.0018736911806627177,0.0225830078125,0.9988313913345337,27.128918416798115,32.0,0.0,50.0,50.0,0.0,0.0,222.66,1.0,185.99308502197266,2672640
1306,2674688,943.4312174285707,8061,-0.0024541343009332195,0.6711940206587315,0.24682425474748015,0.002716994880756829,0.0284423828125,0.9988492727279663,26.481519162654877,32.0,0.0,50.0,50.0,0.0,0.0,221.26,1.0,186.40918975830078,2674688
1307,2676736,943.4102057200478,8070,-0.0049266058194916695,0.7554756961762905,0.23946055164560676,0.002125860206433572,0.0233154296875,0.9984360337257385,27.395279824733734,32.0,0.0,50.0,50.0,0.0,0.0,220.18,1.0,186.4210400390625,2676736
1308,2678784,943.4429990086467,8080,-0.0038083599065430462,0.8084027376025915,0.2529088039882481,0.0026989813850377686,0.0289306640625,0.9986487030982971,23.38542677462101,32.0,0.0,50.0,50.0,0.0,0.0,219.8,1.0,186.35939208984374,2678784
1309,2680832,943.5545198773234,8087,-0.0026007503911387175,0.899874011054635,0.27687541116029024,0.003979675522714388,0.0440673828125,0.997806966304779,40.49716357886791,32.0,0.0,50.0,50.0,0.0,0.0,222.08,1.0,186.73353607177734,2680832
1310,2682880,943.5365635126342,8099,0.0012603283248608932,0.6038884995505214,0.2459604381583631,0.008350256553967483,0.0711669921875,0.9988765120506287,25.722736343741417,32.0,0.0,50.0,50.0,0.0,0.0,219.82,1.0,186.43971801757812,2682880
1311,2684928,943.8098884300683,8108,0.006991200106726451,0.6376354531808333,0.2515284703536467,0.011214599648321217,0.07883522727272728,0.9985747933387756,74.96340162103826,11.0,1.0,50.0,50.0,0.0,0.0,216.24,1.0,185.98551055908203,2684928
1312,2686976,943.8359036808097,8116,-0.0016076055762823671,0.8654183894395828,0.2612344897352159,0.0011597623670240864,0.0123291015625,0.998199999332428,66.42948761582375,32.0,0.0,50.0,50.0,0.0,0.0,218.68,1.0,186.3245327758789,2686976
1313,2689024,943.9732945462036,8127,-0.0015599756588926539,0.7025075871497393,0.2761217919178307,0.0019861430337186903,0.0220947265625,0.9987677335739136,40.77734753489494,32.0,0.0,50.0,50.0,0.0,0.0,218.44,1.0,186.47814849853515,2689024
1314,2691072,944.0053790226525,8135,-0.0025117318728007376,0.8384475018829107,0.2820234205573797,0.0016724598535802215,0.0198974609375,0.9983398914337158,68.51406933367252,32.0,0.0,50.0,50.0,0.0,0.0,222.14,1.0,186.54810485839843,2691072
1315,2693120,944.0242147983236,8144,-0.0035637823457363993,0.5654402757063508,0.260633900295943,0.0029806098755216226,0.035888671875,0.9988464713096619,40.46829654276371,32.0,0.0,50.0,50.0,0.0,0.0,224.84,1.0,187.16151062011718,2693120
1316,2695168,944.0491157094626,8153,-0.001474725446314551,0.8309839814901352,0.2444155658595264,0.0012264962861081585,0.015625,0.9982993602752686,82.18211656808853,32.0,0.0,50.0,50.0,0.0,0.0,224.36,1.0,186.87568908691406,2695168
1317,2697216,944.0736111135618,8162,-0.003919425260392018,0.6298444718122482,0.2253589006140828,0.0014126867608865723,0.017578125,0.9986579418182373,32.805070504546165,32.0,0.0,50.0,50.0,0.0,0.0,223.2,1.0,186.73080078125,2697216
1318,2699264,944.0716715426565,8173,-0.0027558802103158087,0.9161004163324833,0.22245931159704924,0.002874476893339306,0.0283203125,0.9982920289039612,38.15728409588337,32.0,0.0,50.0,50.0,0.0,0.0,220.62,1.0,186.33178283691407,2699264
1319,2701312,944.0895089503877,8181,-0.0034659559169085696,0.6266339346766472,0.252342417370528,0.0021631041599903256,0.025146484375,0.998695969581604,32.366111770272255,32.0,0.0,50.0,50.0,0.0,0.0,220.08,1.0,186.60725494384766,2701312
1320,2703360,944.1035535625975,8191,-0.002797370805637911,0.6439014673233032,0.2194864614866674,0.0018269067077198997,0.0235595703125,0.9986057877540588,38.03869889676571,32.0,0.0,50.0,50.0,0.0,0.0,216.8,1.0,186.08694396972658,2703360
1321,2705408,944.03989894179,8201,-0.0028643494297284633,0.7598657328635454,0.25333184376358986,0.001277742521779146,0.0140380859375,0.9984899163246155,70.08061096072197,32.0,0.0,50.0,50.0,0.0,0.0,214.64,1.0,186.88024017333984,2705408
1322,2707456,944.0360791096812,8207,-0.0031850320956436917,0.8341101836413145,0.27363890409469604,0.0014834872927167453,0.0174560546875,0.9980365633964539,49.492909267544746,32.0,0.0,50.0,50.0,0.0,0.0,219.94,1.0,187.0169241333008,2707456
1323,2709504,944.018887435882,8217,-0.0030370486492756754,0.6712722610682249,0.3043359871953726,0.0019239604953327216,0.0228271484375,0.9988002777099609,52.27739006280899,32.0,0.0,50.0,50.0,0.0,0.0,222.06,1.0,187.07931884765625,2709504
1324,2711552,944.0154239099822,8228,-0.0014858792710583657,1.373675912618637,0.28028370067477226,0.002193499261920806,0.0213623046875,0.9973810911178589,64.89422902464867,32.0,0.0,50.0,50.0,0.0,0.0,225.64,1.0,187.08143646240234,2711552
1325,2713600,944.0092377778691,8235,-0.0008647458162158728,0.7309746984392405,0.26614727498963475,0.0034632788447197527,0.038818359375,0.9983638525009155,37.17249673604965,32.0,0.0,50.0,50.0,0.0,0.0,228.3,1.0,187.08265197753906,2713600
1326,2715648,943.9837497503671,8246,-0.0031088366376934573,1.486625900492072,0.2677612421102822,0.004754891509946901,0.047119140625,0.997177004814148,41.597323179244995,32.0,0.0,50.0,50.0,0.0,0.0,229.24,1.0,186.75993011474608,2715648
1327,2717696,943.9548627640729,8254,-0.0007201819826150313,0.823491957038641,0.2542415438219905,0.003239868878154084,0.0335693359375,0.9981844425201416,56.67178437113762,32.0,0.0,50.0,50.0,0.0,0.0,228.16,1.0,186.56696990966796,2717696
1328,2719744,943.9600224489517,8264,-0.0025507169193588197,0.8854447863996029,0.2398757259361446,0.001874944573501125,0.0211181640625,0.9983698725700378,44.66901156306267,32.0,0.0,50.0,50.0,0.0,0.0,224.8,1.0,186.46730865478514,2719744
1329,2721792,943.9496860346875,8274,-0.0026138544781133533,0.6618066187947989,0.22615362936630845,0.006140214107290376,0.0443115234375,0.9987313151359558,39.10088175535202,32.0,0.0,50.0,50.0,0.0,0.0,220.6,1.0,186.58713928222656,2721792
1330,2723840,943.9630879790157,8283,-0.002537597843911499,0.6752087017521262,0.2569472356699407,0.006121374033682514,0.057373046875,0.9986165165901184,44.05439402163029,32.0,0.0,50.0,50.0,0.0,0.0,214.98,1.0,186.02477661132812,2723840
1331,2725888,943.9557015805458,8293,-0.003308433369966224,0.9547360613942146,0.2885734308511019,0.001472044565161923,0.0169677734375,0.9982876181602478,61.95561408996582,32.0,0.0,49.98,49.98,0.0,0.0,217.96,1.0,185.90520141601561,2725888
1332,2727936,943.9553955206165,8300,-0.0030056383402552456,0.8004755154252052,0.24946945533156395,0.0021431117565953173,0.02734375,0.998216986656189,43.74632188677788,32.0,0.0,49.98,49.98,0.0,0.0,220.48,1.0,185.98776153564452,2727936
1333,2729984,943.9325976739069,8313,0.0009721923124743626,0.7424794174730778,0.24193990882486105,0.008630476309917867,0.065673828125,0.9986907839775085,69.39345502853394,32.0,0.0,49.98,49.98,0.0,0.0,218.44,1.0,185.8412109375,2729984
1334,2732032,943.9005237921176,8318,-0.0005889644235139713,0.8825181052088737,0.2851922223344445,0.002816547261318192,0.0341796875,0.9980385899543762,50.30175541341305,32.0,0.0,49.98,49.98,0.0,0.0,219.18,1.0,185.79635620117188,2732032
1335,2734080,943.8943456524258,8329,-0.003189024020684883,1.01443387940526,0.2397903837263584,0.00375105988496216,0.040283203125,0.998090386390686,27.15423971414566,32.0,0.0,49.98,49.98,0.0,0.0,223.32,1.0,186.19515716552735,2734080
1336,2736128,943.8667039126144,8340,-0.0034342662183917128,0.7027628179639578,0.28045413037762046,0.0038668993729515933,0.046630859375,0.9985793828964233,35.36435963213444,32.0,0.0,50.0,50.0,0.0,0.0,218.64,1.0,186.12722595214845,2736128
1337,2738176,943.8731802684936,8348,-0.002323994762264192,1.0394481178373098,0.2600105251185596,0.002341121136851143,0.02490234375,0.9976149201393127,37.899784088134766,32.0,0.0,50.0,50.0,0.0,0.0,219.28,1.0,186.23095123291014,2738176
1338,2740224,943.864383798657,8360,-0.006159106036648154,1.0313857477158308,0.2558165993541479,0.0035513416296453215,0.0401611328125,0.9982122182846069,42.93437987565994,32.0,0.0,50.0,50.0,0.0,0.0,215.7,1.0,185.56556915283204,2740224
1339,2742272,943.8771100102426,8366,-0.003636790133896284,0.694894976913929,0.24769330769777298,0.0035563926066970453,0.031005859375,0.9980546236038208,38.09354969859123,32.0,0.0,50.0,50.0,0.0,0.0,215.8,1.0,185.6068020629883,2742272
1340,2744320,943.9162298660489,8377,-0.004331666554207914,1.298372071236372,0.2571094143204391,0.0010884623407036997,0.0140380859375,0.9974235892295837,61.39458607137203,32.0,0.0,50.0,50.0,0.0,0.0,216.34,1.0,185.57988433837892,2744320
1341,2746368,943.9477039721155,8389,0.0018457129335729405,5.389145083725452,0.25396716967225075,0.004760798939969391,0.04345703125,0.9890073537826538,37.63965964317322,32.0,0.0,50.0,50.0,0.0,0.0,214.82,1.0,185.92631256103516,2746368
1342,2748416,943.9333572681631,8394,0.0032183480507228523,4.772023916244507,0.2433433122932911,0.0020587793478625827,0.02294921875,0.9877970218658447,29.170337036252022,32.0,0.0,50.0,50.0,0.0,0.0,214.44,1.0,185.84461364746093,2748416
1343,2750464,943.9367774947036,8407,-0.0002581029257271439,2.75257121771574,0.26032247254624963,0.0037685465067625046,0.04736328125,0.9966027140617371,26.983287662267685,32.0,0.0,49.36,49.36,0.0,0.0,217.86,1.0,183.58407119750976,2750464
1344,2752512,943.9407474866804,8411,-0.002245251977001317,1.3255807366222143,0.27555145509541035,0.0006406061875168234,0.0050048828125,0.9962754845619202,61.719815999269485,32.0,0.0,49.36,49.36,0.0,0.0,216.96,1.0,183.57611526489256,2752512
1345,2754560,943.9413938772852,8424,-0.00494891227572225,1.039479497820139,0.27311418298631907,0.0027453934235381894,0.0313720703125,0.9980787634849548,49.894308760762215,32.0,0.0,49.36,49.36,0.0,0.0,217.34,1.0,183.46503005981447,2754560
1346,2756608,943.9395522861898,8432,-0.0015605734952259809,0.7952265199273825,0.2633910356089473,0.002216207591118291,0.0267333984375,0.9981123805046082,38.97291503846645,32.0,0.0,49.36,49.36,0.0,0.0,219.38,1.0,183.7872966003418,2756608
1347,2758656,943.9351603419242,8442,-0.0026784133806359023,1.0046611223369837,0.2284131683409214,0.0016422349217464216,0.0216064453125,0.9978885054588318,64.70446166396141,32.0,0.0,49.36,49.36,0.0,0.0,221.24,1.0,183.6388246154785,2758656
1348,2760704,943.9428808539514,8455,-0.004018221065052785,0.7962554451078176,0.24023024551570415,0.001980964472750202,0.0255126953125,0.9985343217849731,56.40101143717766,32.0,0.0,50.0,50.0,0.0,0.0,214.54,1.0,185.24408111572265,2760704
1349,2762752,943.9470269271278,8464,-0.004376160868559964,0.5083187539130449,0.21807189006358385,0.002428536070510745,0.028564453125,0.9989760518074036,30.285262674093246,32.0,0.0,50.0,50.0,0.0,0.0,211.34,1.0,185.35114318847656,2762752
1350,2764800,943.9240650310442,8473,-0.0012608543911483139,0.6984662609174848,0.23595468373969197,0.002171929460018873,0.0257568359375,0.9984755516052246,33.136830165982246,32.0,0.0,50.0,50.0,0.0,0.0,208.38,1.0,185.25216918945313,2764800
1351,2766848,943.9286701932706,8482,-0.0031512959685642272,0.8778597433120012,0.22224770719185472,0.005726794006477576,0.052001953125,0.998261570930481,43.93597501516342,32.0,0.0,50.0,50.0,0.0,0.0,207.46,1.0,184.91785339355468,2766848
1352,2768896,943.9515659197396,8492,-0.004067469417350367,0.5529219750314951,0.23371917521581054,0.0025910904587362893,0.029541015625,0.998927891254425,32.38385187089443,32.0,0.0,50.0,50.0,0.0,0.0,205.08,1.0,184.92397186279297,2768896
1353,2770944,943.963871235154,8501,-0.0023181191936600953,0.6934098619967699,0.23886083345860243,0.0019712225403054617,0.0262451171875,0.9985508322715759,72.60247403383255,32.0,0.0,50.0,50.0,0.0,0.0,212.18,1.0,185.98886505126953,2770944
1354,2772992,943.960206390239,8511,-0.0008400011283811182,0.8078932873904705,0.24931889912113547,0.0014687839429825544,0.0159912109375,0.9982975125312805,73.09050408005714,32.0,0.0,50.0,50.0,0.0,0.0,214.62,1.0,186.18070556640626,2772992
1355,2775040,943.9513751043221,8522,-0.0013567398564191535,0.7055192701518536,0.22800477454438806,0.003226465283660218,0.0284423828125,0.9986838102340698,55.9665924012661,32.0,0.0,50.0,50.0,0.0,0.0,214.3,1.0,186.13134765625,2775040
1356,2777088,943.9385519460585,8531,-0.001292498505790718,0.7738055363297462,0.22661256091669202,0.0028146346885478124,0.0313720703125,0.9983909726142883,30.00087036192417,32.0,0.0,50.0,50.0,0.0,0.0,213.3,1.0,186.5127114868164,2777088
1357,2779136,943.9160357558,8539,-0.0019610069575719535,0.9238942749798298,0.2439271081238985,0.002319185485248454,0.0277099609375,0.9980686902999878,30.404734283685684,32.0,0.0,50.0,50.0,0.0,0.0,214.28,1.0,186.7665267944336,2779136
1358,2781184,943.934845335829,8550,-0.0045515923993662,0.7801732458174229,0.2409411035478115,0.0011534621880855411,0.01416015625,0.9986397624015808,49.83484822511673,32.0,0.0,50.0,50.0,0.0,0.0,214.32,1.0,186.3812451171875,2781184
1359,2783232,943.9135713022868,8559,-0.0049594022129895166,0.6602523103356361,0.2215694235637784,0.002079490132018691,0.026611328125,0.9985869526863098,18.308148115873337,32.0,0.0,50.0,50.0,0.0,0.0,213.32,1.0,186.35853759765624,2783232
1360,2785280,943.9230825834221,8568,-0.0035049354773946106,1.1560964956879616,0.23719818470999599,0.0021383056446211413,0.0283203125,0.9974779486656189,64.94243824481964,32.0,0.0,50.0,50.0,0.0,0.0,209.34,1.0,186.35045013427734,2785280
1361,2787328,943.9199820390019,8581,-0.0021451987922773696,0.4356465768069029,0.22123531997203827,0.0036982494493713602,0.03466796875,0.9992242455482483,35.18777425587177,32.0,0.0,50.0,50.0,0.0,0.0,212.6,1.0,186.58789886474608,2787328
1362,2789376,943.9232994391936,8589,-0.003638581052655354,0.5874888375401497,0.22059768019244075,0.0024977443245006725,0.0269775390625,0.9988030195236206,32.27847075462341,32.0,0.0,50.0,50.0,0.0,0.0,208.54,1.0,186.26302703857422,2789376
1363,2791424,943.9112752037104,8599,-0.0024873453803593293,0.8939206134527922,0.26026750868186355,0.0022484829896711744,0.024658203125,0.9982722401618958,48.51165330410004,32.0,0.0,50.0,50.0,0.0,0.0,205.2,1.0,186.0322869873047,2791424
1364,2793472,943.9209483058786,8609,-0.0025744354934431612,0.5604167683050036,0.22440874902531505,0.0018744182962109335,0.0194091796875,0.9989150166511536,29.815418675541878,32.0,0.0,50.0,50.0,0.0,0.0,205.0,1.0,186.01348663330077,2793472
1365,2795520,943.9163776134654,8618,-0.0041864684608299285,0.6197872925549746,0.23587702633813024,0.0013585657288786024,0.01611328125,0.9986085295677185,32.6195872426033,32.0,0.0,50.0,50.0,0.0,0.0,208.58,1.0,186.12707977294923,2795520
1366,2797568,943.9105000099556,8627,-0.004566644987789914,0.9585742279887199,0.2698220224119723,0.001360500456939917,0.0159912109375,0.9981985092163086,54.483056128025055,32.0,0.0,50.0,50.0,0.0,0.0,211.6,1.0,185.93419830322264,2797568
1367,2799616,943.8776128338386,8636,-0.004112804803298786,0.4556571878492832,0.22746072430163622,0.0008565522875869647,0.009033203125,0.999156653881073,25.650339603424072,32.0,0.0,50.0,50.0,0.0,0.0,212.26,1.0,185.45288787841798,2799616
1368,2801664,943.8536485470955,8647,-0.004831299476791173,0.6407406777143478,0.2528820876032114,0.001966938638361171,0.0228271484375,0.9989063739776611,45.72021132707596,32.0,0.0,50.0,50.0,0.0,0.0,216.88,1.0,185.75061157226563,2801664
1369,2803712,943.8602187642114,8654,-0.0009649178682593629,0.8126789592206478,0.25610335171222687,0.0011278027304797433,0.01220703125,0.9976696372032166,39.5583810955286,32.0,0.0,50.0,50.0,0.0,0.0,218.1,1.0,185.91751007080077,2803712
1370,2805760,943.8413623451733,8667,-0.0027623372443486005,0.8412786014378071,0.2353054224513471,0.0013403309349087067,0.0167236328125,0.9982990026473999,46.60593323409557,32.0,0.0,50.0,50.0,0.0,0.0,217.0,1.0,185.718037109375,2805760
1371,2807808,943.8630717887668,8677,-0.0016992696328088641,0.9818318895995617,0.2320871762931347,0.0016139432264026254,0.0184326171875,0.9979186058044434,50.36542496085167,32.0,0.0,50.0,50.0,0.0,0.0,213.08,1.0,185.92543609619142,2807808
1372,2809856,943.8651672294806,8685,-0.0032247137860395014,1.265697343274951,0.2605583304539323,0.0010096847545355558,0.01220703125,0.9975131750106812,57.24556237459183,32.0,0.0,50.0,50.0,0.0,0.0,214.76,1.0,186.09676055908204,2809856
1373,2811904,943.8168795469173,8694,-0.005023504665587097,0.6978035140782595,0.23759485315531492,0.0022806306296843104,0.0264892578125,0.9985476136207581,38.901430293917656,32.0,0.0,50.0,50.0,0.0,0.0,215.16,1.0,186.037470703125,2811904
1374,2813952,943.83124107078,8703,-0.003910540646756999,0.7495063468813896,0.2478103106841445,0.001929704078065697,0.0224609375,0.9985083937644958,20.453410729765892,32.0,0.0,50.0,50.0,0.0,0.0,212.88,1.0,186.10090057373046,2813952
1375,2816000,943.8244188986429,8713,-0.0032758539891801775,0.5397564470767975,0.2536023701541126,0.0024096646302496083,0.030517578125,0.9989121556282043,26.87501783668995,32.0,0.0,50.0,50.0,0.0,0.0,214.5,1.0,186.0867807006836,2816000
1376,2818048,943.8244989022047,8721,-0.001838456853874959,0.7264765221625566,0.23636167170479894,0.0014045571442693472,0.0172119140625,0.9983645081520081,36.403801277279854,32.0,0.0,50.0,50.0,0.0,0.0,217.34,1.0,186.01624206542968,2818048
1377,2820096,943.8522940045195,8732,-0.004926244146190584,0.6110591273754835,0.2562008402310312,0.0024702274313312955,0.02783203125,0.9988061785697937,32.37363074719906,32.0,0.0,50.0,50.0,0.0,0.0,216.1,1.0,186.8164974975586,2820096
1378,2822144,943.839576688345,8742,-0.0034044046769849956,0.582787649706006,0.2437243601307273,0.0008999788260553032,0.0096435546875,0.9988394975662231,31.68192382156849,32.0,0.0,50.0,50.0,0.0,0.0,216.38,1.0,186.9731103515625,2822144
1379,2824192,943.830358073953,8751,-0.0019807751232292503,2.413784760981798,0.2743627321906388,0.0007728171258349903,0.0062255859375,0.9951909780502319,73.70400816202164,32.0,0.0,50.0,50.0,0.0,0.0,216.16,1.0,186.8235757446289,2824192
1380,2826240,943.8561346403723,8761,-0.004162941535469145,0.8317196052521467,0.2680127648636699,0.0012826286620111205,0.017822265625,0.9981974363327026,36.88563656806946,32.0,0.0,50.0,50.0,0.0,0.0,216.24,1.0,186.5640625,2826240
1381,2828288,943.8451696973711,8770,-0.002774525753920898,0.7316390872001648,0.2284232610836625,0.0013489198245224543,0.015869140625,0.9983558654785156,32.77108450233936,32.0,0.0,50.0,50.0,0.0,0.0,214.18,1.0,186.59449645996094,2828288
1382,2830336,943.8302494579327,8778,-0.0036809445009566844,1.2723964359611273,0.2702269642613828,0.0013198093074606732,0.013427734375,0.9978538751602173,54.38076250255108,32.0,0.0,50.0,50.0,0.0,0.0,215.76,1.0,186.39311676025392,2830336
1383,2832384,943.8219259228842,8788,-0.0024412857746938244,0.5840452369302511,0.24398398865014315,0.00296728296962101,0.0340576171875,0.998839259147644,48.22639046609402,32.0,0.0,50.0,50.0,0.0,0.0,217.48,1.0,186.2813330078125,2832384
1384,2834432,943.8239257469597,8798,-0.002043078391579911,0.714737294241786,0.24876624811440706,0.001761147825163789,0.02099609375,0.998634934425354,36.95619256794453,32.0,0.0,50.0,50.0,0.0,0.0,217.7,1.0,186.28902618408202,2834432
1385,2836480,943.805498151463,8807,-0.0014990029885666445,0.5572224007919431,0.23614487471058965,0.0011699880415108055,0.0128173828125,0.998864471912384,39.79297310113907,32.0,0.0,50.0,50.0,0.0,0.0,218.02,1.0,186.34452575683594,2836480
1386,2838528,943.8283177731116,8816,-0.0016026567318476737,0.6524088587611914,0.24568684212863445,0.0009726102070999332,0.010986328125,0.9987408518791199,50.557803481817245,32.0,0.0,50.0,50.0,0.0,0.0,217.96,1.0,186.25657135009766,2838528
1387,2840576,943.8245768194902,8826,-0.002527481992729008,0.6735346745699644,0.24845223734155297,0.0007432780112139881,0.00634765625,0.9987915754318237,44.11882904171944,32.0,0.0,50.0,50.0,0.0,0.0,217.56,1.0,186.01142791748046,2840576
1388,2842624,943.8257129293477,8837,-0.0019478934700600803,0.6503990534693003,0.25969144329428673,0.0008667599249747582,0.0072021484375,0.9987413883209229,43.93282313644886,32.0,0.0,50.0,50.0,0.0,0.0,212.26,1.0,185.54196075439452,2842624
1389,2844672,943.8277833166072,8847,-0.0023613027879036963,0.9200253617018461,0.26465762965381145,0.0019547169213183224,0.0216064453125,0.9981409311294556,33.30396834015846,32.0,0.0,50.0,50.0,0.0,0.0,213.28,1.0,185.59004028320314,2844672
1390,2846720,943.826254879414,8857,-0.0027234659646637738,0.7161543983966112,0.24802148202434182,0.0015851579373702407,0.0169677734375,0.9985575079917908,30.047116428613663,32.0,0.0,50.0,50.0,0.0,0.0,213.46,1.0,185.89753509521483,2846720
1391,2848768,943.8406119308465,8865,0.0006415178067982197,1.580477301031351,0.2840173924341798,0.0038920726292417385,0.0445556640625,0.9966347217559814,50.4452750235796,32.0,0.0,50.0,50.0,0.0,0.0,213.66,1.0,186.3470394897461,2848768
1392,2850816,943.8424567247307,8875,-0.00018644584633875638,0.9499723967164755,0.26422705594450235,0.0020566274179145694,0.0257568359375,0.9981483221054077,46.333417266607285,32.0,0.0,50.0,50.0,0.0,0.0,215.52,1.0,186.40792999267578,2850816
1393,2852864,943.846938290891,8883,-0.00467361553455703,0.7223199643194675,0.25256307516247034,0.005642766285745893,0.0416259765625,0.9984772205352783,22.277277916669846,32.0,0.0,50.0,50.0,0.0,0.0,216.2,1.0,186.63069061279296,2852864
1394,2854912,943.8466794740973,8893,-0.0014918873930582777,0.7829130347818136,0.26085856230929494,0.0018157795057049952,0.020751953125,0.998354434967041,56.68264523148537,32.0,0.0,50.0,50.0,0.0,0.0,214.82,1.0,186.3738815307617,2854912
1395,2856960,943.8523487468134,8903,-0.0014960880216676742,0.7356569990515709,0.2561605223454535,0.0009447295087738894,0.010009765625,0.9984670281410217,51.127796828746796,32.0,0.0,50.0,50.0,0.0,0.0,216.26,1.0,186.7275668334961,2856960
1396,2859008,943.8367566059824,8911,-0.0024065739999059588,0.600634191185236,0.2579676038585603,0.0015591359551763162,0.0166015625,0.9988446235656738,19.360647588968277,32.0,0.0,50.0,50.0,0.0,0.0,219.18,1.0,186.38957611083984,2859008
1397,2861056,943.819807213463,8920,-0.0014151479699648917,0.7143725752830505,0.25674217753112316,0.0012059680229867809,0.0145263671875,0.9983440041542053,60.218280017375946,32.0,0.0,50.0,50.0,0.0,0.0,220.14,1.0,186.49476959228517,2861056
1398,2863104,943.818766634478,8931,-0.0037964890361763537,0.4860678408294916,0.25267306435853243,0.002306071372004226,0.0277099609375,0.9991191625595093,34.96277795732021,32.0,0.0,50.0,50.0,0.0,0.0,215.42,1.0,186.2148287963867,2863104
1399,2865152,943.7987990295551,8941,-0.0030464547453448176,0.5930231893435121,0.23137592198327184,0.0021317207865649834,0.0247802734375,0.9986475110054016,34.24323260784149,32.0,0.0,50.0,50.0,0.0,0.0,216.76,1.0,186.110400390625,2865152
1400,2867200,943.8165729246209,8951,-0.0036462492862483487,0.7481425497680902,0.22568135103210807,0.0010873027058551088,0.0137939453125,0.9986154437065125,42.58638349175453,32.0,0.0,50.0,50.0,0.0,0.0,215.54,1.0,185.92495025634764,2867200
1401,2869248,943.7643830189471,8959,-0.0022720489650964737,0.6138514522463083,0.22148965252563357,0.001238012955582235,0.014892578125,0.9985706210136414,27.80485588312149,32.0,0.0,50.0,50.0,0.0,0.0,211.3,1.0,185.87975402832032,2869248
1402,2871296,943.7381971840321,8972,-0.0025801250740187243,0.9778553582727909,0.2344482410699129,0.001984101159905549,0.0244140625,0.9982596039772034,39.118073865771294,32.0,0.0,50.0,50.0,0.0,0.0,208.16,1.0,186.08132141113282,2871296
1403,2873344,943.7275693202257,8981,-0.002753693886916153,0.5969190346077085,0.23004305083304644,0.004451194872672204,0.0430908203125,0.998622477054596,37.757496044039726,32.0,0.0,50.0,50.0,0.0,0.0,209.2,1.0,186.17531463623047,2873344
1404,2875392,943.7448157905903,8990,-0.003225252090487629,0.5798916900530457,0.21567245153710246,0.0019923013824154623,0.0255126953125,0.9985662698745728,35.198845848441124,32.0,0.0,50.0,50.0,0.0,0.0,203.56,1.0,186.07973999023437,2875392
1405,2877440,943.7295132945171,9004,-0.002509337544324808,0.4220122005790472,0.2410996281541884,0.002803507995849941,0.0367431640625,0.9993253350257874,18.226961612701416,32.0,0.0,50.0,50.0,0.0,0.0,200.24,1.0,185.78576690673827,2877440
1406,2879488,943.7273968033774,9011,-0.004311363634769805,0.6247895937412977,0.23405723040923476,0.001631421640922781,0.022216796875,0.998283326625824,25.75483126938343,32.0,0.0,50.0,50.0,0.0,0.0,201.78,1.0,186.15940002441405,2879488
1407,2881536,943.7279938156559,9020,-0.002593403623905033,0.6137387342751026,0.2340936167165637,0.0020545852530631237,0.0242919921875,0.9988598823547363,36.313197247684,32.0,0.0,50.0,50.0,0.0,0.0,202.92,1.0,186.24464599609374,2881536
1408,2883584,943.7220574186098,9032,-0.00444651376164984,0.46067207865417004,0.2612971984781325,0.0016337675115210004,0.020751953125,0.9991337656974792,26.60325638949871,32.0,0.0,50.0,50.0,0.0,0.0,206.68,1.0,186.15109466552735,2883584
1409,2885632,943.7158261321912,9038,-0.002501056413166225,0.8343832362443209,0.2622763733379543,0.0012829790030082222,0.015869140625,0.9984272718429565,26.530395418405533,32.0,0.0,50.0,50.0,0.0,0.0,208.76,1.0,186.14786560058593,2885632
1410,2887680,943.6863498227619,9050,-0.0022465277143055573,1.9564029276371002,0.2520459908992052,0.005136693260283209,0.04443359375,0.9964227080345154,41.25171576440334,32.0,0.0,49.96,49.96,0.0,0.0,214.4,1.0,185.7809439086914,2887680
1411,2889728,943.6872088897578,9058,-0.0021470455831149593,0.5572167132049799,0.23167859902605414,0.0009640667485655285,0.0111083984375,0.9985665082931519,30.22911037504673,32.0,0.0,49.96,49.96,0.0,0.0,213.58,1.0,185.68911407470702,2889728
1412,2891776,943.6754160984723,9068,-0.004300366737879813,0.46695101726800203,0.24692155746743083,0.0011084530342486687,0.0113525390625,0.9992324113845825,20.35783451795578,32.0,0.0,49.96,49.96,0.0,0.0,217.24,1.0,185.27950958251952,2891776
1413,2893824,943.6413332005266,9081,-0.0036137698334641755,0.6561900582164526,0.24148316401988268,0.0012133871496189386,0.0128173828125,0.9986181855201721,27.46702790260315,32.0,0.0,49.96,49.96,0.0,0.0,213.74,1.0,185.03763397216798,2893824
1414,2895872,943.6866595087552,9087,-0.0030948981875553727,0.6210319027304649,0.2452470031566918,0.0017954792856471613,0.0235595703125,0.9985360503196716,50.88441044092178,32.0,0.0,49.96,49.96,0.0,0.0,215.2,1.0,185.27524749755858,2895872
1415,2897920,943.6796865451871,9097,-0.0010879283654503524,0.7999708466231823,0.24377338169142604,0.0004464386584004387,0.001708984375,0.9984898567199707,52.28353349864483,32.0,0.0,50.0,50.0,0.0,0.0,213.58,1.0,185.8676141357422,2897920
1416,2899968,943.6501535380522,9107,-0.003428413940127939,0.6082195537164807,0.2427876079455018,0.0023635881298105232,0.0284423828125,0.998753547668457,30.233348563313484,32.0,0.0,50.0,50.0,0.0,0.0,213.86,1.0,185.9495248413086,2899968
1417,2902016,943.6311084725656,9118,-0.0011175765394000337,0.9412727002054453,0.2118338607251644,0.0009208137817040551,0.0093994140625,0.9979851245880127,48.76259681582451,32.0,0.0,50.0,50.0,0.0,0.0,209.56,1.0,186.31780059814454,2902016
1418,2904064,943.6019800074312,9126,-0.0028168414864921942,0.554788482375443,0.23674080427736044,0.0008191022207029164,0.0091552734375,0.9988426566123962,23.702598959207535,32.0,0.0,50.0,50.0,0.0,0.0,209.0,1.0,186.50693695068358,2904064
1419,2906112,943.5848420444811,9138,-0.004262941889464855,0.6019928362220526,0.22567566810175776,0.001138431929575745,0.01318359375,0.9988563656806946,26.047346860170364,32.0,0.0,50.0,50.0,0.0,0.0,209.04,1.0,186.71907440185547,2906112
1420,2908160,943.5565877122206,9147,-0.0019090155401499942,0.43350666761398315,0.23580242926254869,0.0007145487470552325,0.0078125,0.9991125464439392,23.504795491695404,32.0,0.0,50.0,50.0,0.0,0.0,206.78,1.0,186.50240783691407,2908160
1421,2910208,943.5490299329787,9155,-0.0020749467803398147,0.765635721385479,0.24649172369390726,0.0012359205138636753,0.0162353515625,0.9983132481575012,37.97844035923481,32.0,0.0,50.0,50.0,0.0,0.0,207.76,1.0,186.40294158935546,2910208
1422,2912256,943.500816784244,9166,0.0005013538611819968,1.0394525304436684,0.24643928231671453,0.000726943340850994,0.00732421875,0.9978907704353333,55.45445750653744,32.0,0.0,50.0,50.0,0.0,0.0,209.26,1.0,186.3955825805664,2912256
1423,2914304,943.4782339790391,9175,-0.0018030258506769314,0.626971647143364,0.2343395217321813,0.001082669936295133,0.0123291015625,0.9986486434936523,33.00175487995148,32.0,0.0,50.0,50.0,0.0,0.0,209.56,1.0,186.12290130615236,2914304
1424,2916352,943.4525478369582,9187,-0.002250223857117817,1.3440912310034037,0.25350728211924434,0.0017419801515643485,0.0225830078125,0.9972800016403198,56.05141428112984,32.0,0.0,50.0,50.0,0.0,0.0,207.64,1.0,185.9120230102539,2916352
1425,2918400,943.4602578036827,9195,-0.0019342521845828742,0.5762816518545151,0.2553569213487208,0.0009696174674900249,0.0107421875,0.9987061619758606,46.993261724710464,32.0,0.0,50.0,50.0,0.0,0.0,207.3,1.0,186.0877880859375,2918400
1426,2920448,943.4437838206147,9204,-0.001836116804042831,0.7350074090063572,0.24849357455968857,0.0016457349047414027,0.0186767578125,0.9985654354095459,44.99467621743679,32.0,0.0,50.0,50.0,0.0,0.0,208.38,1.0,186.43632904052734,2920448
1427,2922496,943.4345354898737,9214,-0.0039854659989941865,0.5156080881133676,0.2758178971707821,0.001408019037626218,0.015380859375,0.9989476799964905,23.195508390665054,32.0,0.0,50.0,50.0,0.0,0.0,210.32,1.0,186.26366424560547,2922496
1428,2924544,943.4371975237971,9224,-0.0029031677404418588,0.6894848179072142,0.25206945091485977,0.0017999187693931162,0.0250244140625,0.9985294938087463,42.61638341844082,32.0,0.0,50.0,50.0,0.0,0.0,208.36,1.0,186.12819458007812,2924544
1429,2926592,943.4113709919669,9236,-0.001864110105088912,0.6469625514000654,0.23682658234611154,0.0007641170341230463,0.008544921875,0.9987326860427856,43.53155869245529,32.0,0.0,50.0,50.0,0.0,0.0,207.46,1.0,186.26378662109374,2926592
1430,2928640,943.3879169959127,9245,-0.004906148285954259,0.6870050979778171,0.25200775172561407,0.001095732928661164,0.0147705078125,0.9984210729598999,40.19537642598152,32.0,0.0,50.0,50.0,0.0,0.0,207.54,1.0,186.10995330810547,2928640
1431,2930688,943.3638312217358,9253,-0.001449966264772229,2.952154189348221,0.2806911519728601,0.001010376843623817,0.0089111328125,0.9932370185852051,59.376673102378845,32.0,0.0,50.0,50.0,0.0,0.0,209.4,1.0,186.14517059326172,2930688
1432,2932736,943.3406606431332,9262,-0.0006427239422919229,1.2832577414810658,0.2998653268441558,0.000754046683141496,0.0089111328125,0.9971623420715332,49.00614643096924,32.0,0.0,50.0,50.0,0.0,0.0,209.3,1.0,186.5198504638672,2932736
1433,2934784,943.3400326600247,9271,-0.004272930396837182,0.8058329746127129,0.2685301946476102,0.000983323661785107,0.0123291015625,0.9984456896781921,19.295526057481766,32.0,0.0,49.98,49.98,0.0,0.0,216.34,1.0,186.91982421875,2934784
1434,2936832,943.3399481204116,9283,-0.002887059366912581,0.7800455782562494,0.24259167537093163,0.0014239909141906537,0.0169677734375,0.9985225796699524,32.39325159788132,32.0,0.0,49.98,49.98,0.0,0.0,217.5,1.0,186.42133361816406,2936832
1435,2938880,943.3257008732775,9292,-0.004684855724917725,0.636304291896522,0.2336079035885632,0.0012287822100915946,0.0128173828125,0.9986081123352051,24.64869723469019,32.0,0.0,49.98,49.98,0.0,0.0,214.24,1.0,186.21378051757813,2938880
1436,2940928,943.3432933731398,9302,-0.0015458954294444993,0.6825329996645451,0.23101578885689378,0.0009261787927243859,0.010498046875,0.9985971450805664,30.813835561275482,32.0,0.0,49.98,49.98,0.0,0.0,212.66,1.0,185.7698587036133,2940928
1437,2942976,943.3311194493124,9314,-0.0018755809287540615,0.5919633889570832,0.2308154576458037,0.0011440167072578333,0.0125732421875,0.9989323019981384,22.003567099571228,32.0,0.0,49.98,49.98,0.0,0.0,204.18,1.0,185.32970916748047,2942976
1438,2945024,943.3411469234823,9323,-0.0037257605144986883,0.7629712857306004,0.2599526643753052,0.0011173062739544548,0.010498046875,0.998150110244751,34.66845224797726,32.0,0.0,50.0,50.0,0.0,0.0,198.24,1.0,185.60255279541016,2945024
1439,2947072,943.3252939017771,9331,-0.0026167201867792755,0.8534945696592331,0.24420525785535574,0.0021788868034491315,0.0272216796875,0.9981166124343872,51.2237464338541,32.0,0.0,50.0,50.0,0.0,0.0,199.24,1.0,185.7463232421875,2947072
1440,2949120,943.329855457156,9344,-0.00486525782616809,0.7132388968020678,0.2613117042928934,0.0012817139213439077,0.0150146484375,0.9987295269966125,41.56631025671959,32.0,0.0,50.0,50.0,0.0,0.0,204.16,1.0,185.8436636352539,2949120
1441,2951168,943.3077091089823,9353,-0.0028131573635619134,0.6228420455008745,0.2374549712985754,0.0011124550001113676,0.0128173828125,0.9984734654426575,37.67402130365372,32.0,0.0,50.0,50.0,0.0,0.0,203.76,1.0,185.69565216064453,2951168
1442,2953216,943.3312002994288,9362,-0.002479434187989682,0.6909725796431303,0.24749994603917003,0.0011868814326589927,0.0128173828125,0.998685359954834,23.84707671403885,32.0,0.0,50.0,50.0,0.0,0.0,208.06,1.0,186.17163452148438,2953216
1443,2955264,943.3390685100312,9373,-0.001725386260659434,0.7151324674487114,0.21525127906352282,0.0005066306912340224,0.0035400390625,0.9985042810440063,24.0069769769907,32.0,0.0,50.0,50.0,0.0,0.0,207.4,1.0,186.20460510253906,2955264
1444,2957312,943.350803840761,9382,-0.002591238677268848,0.6423122379928827,0.2610991857945919,0.001122979803767521,0.011474609375,0.9986928701400757,44.72452916204929,32.0,0.0,50.0,50.0,0.0,0.0,208.98,1.0,186.1809405517578,2957312
1445,2959360,943.3660284597029,9391,-0.003600522657507099,0.6164827113971114,0.2524709668941796,0.0012879434507340193,0.015625,0.9986868500709534,27.947304531931877,32.0,0.0,50.0,50.0,0.0,0.0,211.76,1.0,186.61560333251953,2959360
1446,2961408,943.3741372202676,9401,-0.0008091052295640111,0.8495338372886181,0.25082907965406775,0.0002962376966024749,0.00146484375,0.9981995820999146,61.4500632584095,32.0,0.0,50.0,50.0,0.0,0.0,209.52,1.0,187.24956481933594,2961408
1447,2963456,943.3791315606296,9413,-0.002074565942166373,0.5179877514019608,0.22532694693654776,0.0005544648738577962,0.005615234375,0.9990346431732178,21.227509304881096,32.0,0.0,50.0,50.0,0.0,0.0,208.0,1.0,186.36487335205078,2963456
1448,2965504,943.3977958783433,9421,-0.0020940042595611885,0.5571071375161409,0.2291999845765531,0.0004727271370938979,0.004150390625,0.9986435174942017,31.110076874494553,32.0,0.0,50.0,50.0,0.0,0.0,208.68,1.0,186.3092254638672,2965504
1449,2967552,943.4058365519813,9430,-0.0020481545943766832,0.7187181301414967,0.23138516256585717,0.000661278645566199,0.006103515625,0.9985693693161011,26.30907452106476,32.0,0.0,50.0,50.0,0.0,0.0,207.48,1.0,186.22367584228516,2967552
1450,2969600,943.3906816670772,9442,-0.0005669657693943009,0.6824540738016367,0.2395731769502163,0.0016953796293819323,0.0208740234375,0.9986809492111206,26.05660082399845,32.0,0.0,50.0,50.0,0.0,0.0,204.96,1.0,186.06292022705077,2969600
1451,2971648,943.3654980613487,9453,-0.0019740321586141363,0.6629225928336382,0.23987616086378694,0.00023336918093264103,0.001708984375,0.9985349178314209,30.229881793260574,32.0,0.0,50.0,50.0,0.0,0.0,202.74,1.0,185.22878021240234,2971648
1452,2973696,943.3549975541317,9463,-0.0020990452612750232,0.6078269798308611,0.23421916319057345,0.0005660020906361751,0.0048828125,0.998699963092804,29.850472927093506,32.0,0.0,50.0,50.0,0.0,0.0,200.22,1.0,185.3674807739258,2973696
1453,2975744,943.3386393640274,9474,-0.0027820213872473687,0.5976350344717503,0.23337466130033135,0.0007150031087803654,0.0093994140625,0.9988236427307129,22.200095906853676,32.0,0.0,50.0,50.0,0.0,0.0,203.28,1.0,185.77970825195314,2975744
1454,2977792,943.3017859702452,9481,-0.003328145350678824,0.5341825084760785,0.24092660192400217,0.0018137174847652204,0.0233154296875,0.9988439679145813,31.025811165571213,32.0,0.0,50.0,50.0,0.0,0.0,203.96,1.0,185.6033090209961,2977792
1455,2979840,943.3119588770118,9494,-0.0018435740639688447,0.552265977486968,0.2464446178637445,0.0005581696750596166,0.0040283203125,0.9989808797836304,14.769629709422588,32.0,0.0,50.0,50.0,0.0,0.0,201.64,1.0,185.57617919921876,2979840
1456,2981888,943.2907358939303,9502,-0.0024017207470024005,0.6221981951966882,0.23888692166656256,0.0007257199395098723,0.008056640625,0.9985635876655579,17.576773300766945,32.0,0.0,50.0,50.0,0.0,0.0,203.66,1.0,186.20847778320314,2981888
1457,2983936,943.3005247352161,9514,-0.001633934210985899,1.0058086961507797,0.26552345464006066,0.0007608518862980418,0.0079345703125,0.9980060458183289,57.404893070459366,32.0,0.0,50.0,50.0,0.0,0.0,207.1,1.0,186.34987243652344,2983936
1458,2985984,943.2796196395001,9521,-0.0019839412125293165,1.0069147609174252,0.2562844343483448,0.0005464840505737811,0.0048828125,0.9978787302970886,38.13628661632538,32.0,0.0,50.0,50.0,0.0,0.0,206.76,1.0,186.1327963256836,2985984
1459,2988032,943.2525840894249,9530,-0.0014532386703649536,0.9290445037186146,0.28383482061326504,0.00041260979196522385,0.0020751953125,0.997991681098938,38.99811750650406,32.0,0.0,50.0,50.0,0.0,0.0,207.54,1.0,186.28114807128907,2988032
1460,2990080,943.2623551294762,9540,-0.0014119455736363307,0.8230920303612947,0.2777161542326212,0.00041441654320806265,0.003662109375,0.9983687400817871,31.40892694145441,32.0,0.0,50.0,50.0,0.0,0.0,212.62,1.0,186.5731185913086,2990080
1461,2992128,943.2660650315523,9551,-0.0024981283058878034,0.7865934576839209,0.257927717640996,0.0010987826972268522,0.0107421875,0.9983364343643188,48.005051136016846,32.0,0.0,50.0,50.0,0.0,0.0,216.58,1.0,185.98575408935548,2992128
1462,2994176,943.2269283205458,9559,-0.0020058021473232657,0.4729816224426031,0.23700017808005214,0.0006855050087324344,0.006591796875,0.9988827109336853,18.075482413172722,32.0,0.0,50.0,50.0,0.0,0.0,213.06,1.0,185.54989318847657,2994176
1463,2996224,943.2003856499687,9569,-0.002417351191979833,0.5377517184242606,0.27049565501511097,0.0008770855420152657,0.0084228515625,0.9989074468612671,24.582037329673767,32.0,0.0,50.0,50.0,0.0,0.0,215.86,1.0,185.99478515625,2996224
1464,2998272,943.1883308565301,9580,-0.000872565113240853,0.8347547855228186,0.23293161997571588,0.0004380996178952046,0.0048828125,0.9984678626060486,38.33177296817303,32.0,0.0,50.0,50.0,0.0,0.0,215.88,1.0,186.20549224853517,2998272
