round,steps,score,coins,crates,kills,suicides,invalid,survived,total_reward,epsilon,alpha,n_states,max_abs_q,mean_abs_td,coverage
1,9,0,0,1,0,1,0,0,-29.662,0.99833,0.15,489,31.2056,9.70998,0.41411
2,75,1,1,17,0,1,0,0,-16.131,0.99667,0.15,539,31.2056,2.55533,0.39641
3,18,0,0,4,0,1,0,0,-30.49,0.99501,0.15,552,31.2056,6.48532,0.39161
4,29,1,1,5,0,1,0,0,-23.184,0.99336,0.15,569,31.2056,4.42362,0.38547
5,27,1,1,3,0,1,0,0,-25.837,0.9917,0.15,579,31.2056,4.20539,0.38342
6,5,0,0,3,0,1,0,0,-33.008,0.99005,0.15,582,31.2056,16.75965,0.38259
7,6,0,0,2,0,1,0,0,-32.45,0.9884,0.15,587,31.2056,15.41849,0.38103
8,17,0,0,3,0,1,0,0,-25.979,0.98676,0.15,592,31.2056,6.40589,0.37979
9,35,0,0,5,0,1,0,0,-22.371,0.98511,0.15,603,31.2056,3.86955,0.37811
10,8,0,0,6,0,1,0,0,-26.5,0.98347,0.15,608,31.2056,9.55367,0.37692
11,12,0,0,4,0,1,0,0,-31.45,0.98183,0.15,609,31.2056,7.16456,0.37739
12,24,0,0,6,0,1,0,0,-31.54,0.9802,0.15,615,31.2056,5.65638,0.37696
13,5,0,0,3,0,1,0,0,-33.808,0.97857,0.15,616,31.2056,15.73774,0.37689
14,6,0,0,2,0,1,0,0,-30.81,0.97694,0.15,618,31.2056,14.49049,0.37648
15,6,0,0,4,0,1,0,0,-31.956,0.97531,0.15,619,31.2056,15.01788,0.37668
16,5,0,0,3,0,1,0,0,-32.608,0.97369,0.15,619,31.2056,14.39515,0.37695
17,5,0,0,3,0,1,0,0,-29.704,0.97206,0.15,624,31.2056,15.70036,0.37527
18,19,0,0,5,0,1,0,0,-25.766,0.97045,0.15,629,31.2056,5.52607,0.3744
19,7,0,0,3,0,1,0,0,-32.904,0.96883,0.15,630,31.2056,10.05892,0.37434
20,52,1,1,13,0,1,0,0,-16.971,0.96722,0.15,649,31.2056,3.39167,0.37108
21,14,1,1,5,0,1,0,0,-21.522,0.96561,0.15,651,31.2056,8.10072,0.37148
22,5,0,0,3,0,1,0,0,-33.402,0.964,0.15,654,31.2056,17.14711,0.37054
23,5,0,0,2,0,1,0,0,-31.398,0.96239,0.15,658,31.2056,17.48046,0.36955
24,6,0,0,4,0,1,0,0,-32.352,0.96079,0.15,660,31.2056,11.99668,0.36944
25,41,1,1,11,0,1,0,0,-20.038,0.95919,0.15,676,31.2056,4.70255,0.36711
26,22,0,0,8,0,1,0,0,-20.682,0.95759,0.15,686,31.2056,5.54659,0.3654
27,25,1,1,7,0,1,0,0,-18.763,0.956,0.15,691,31.2056,4.16068,0.36541
28,22,0,0,4,0,1,0,0,-25.402,0.95441,0.15,697,31.2056,5.04662,0.36442
29,7,0,0,2,0,1,0,0,-34.004,0.95282,0.15,700,31.2056,11.07076,0.36381
30,8,0,0,2,0,1,0,0,-30.706,0.95123,0.15,701,31.2056,9.40584,0.36377
31,9,0,0,3,0,1,0,0,-31.008,0.94965,0.15,703,31.2056,10.11697,0.36344
32,24,2,2,4,0,1,0,0,-20.822,0.94806,0.15,710,31.2056,5.24059,0.36174
33,7,0,0,3,0,1,0,0,-30.158,0.94649,0.15,710,31.2056,11.01478,0.36174
34,33,1,1,6,0,1,0,0,-22.326,0.94491,0.15,716,31.2056,4.27825,0.36103
35,26,0,0,4,0,1,0,0,-26.141,0.94334,0.15,720,31.2056,4.32682,0.36019
36,10,0,0,4,0,1,0,0,-32.252,0.94176,0.15,721,31.2056,8.44166,0.36015
37,9,0,0,2,0,1,0,0,-32.006,0.9402,0.15,723,31.2056,10.3474,0.35984
38,40,0,0,8,0,1,0,0,-21.764,0.93863,0.15,739,31.2056,2.90826,0.35724
39,39,2,2,11,0,1,0,0,-14.933,0.93707,0.15,752,31.2056,3.74373,0.3555
40,5,0,0,3,0,1,0,0,-33.408,0.93551,0.15,752,31.2056,15.63677,0.35572
41,9,0,0,3,0,1,0,0,-28.9,0.93395,0.15,755,31.2056,9.4064,0.35519
42,14,0,0,3,0,1,0,0,-32.446,0.93239,0.15,757,31.2056,5.28825,0.35535
43,28,1,1,5,0,1,0,0,-19.997,0.93084,0.15,758,31.2056,4.60333,0.35642
44,5,0,0,3,0,1,0,0,-31.354,0.92929,0.15,759,31.2056,15.75824,0.35661
45,5,0,0,3,0,1,0,0,-33.408,0.92774,0.15,759,31.2056,14.16199,0.35661
46,8,0,0,0,0,1,0,0,-36.798,0.9262,0.15,759,31.2056,13.11464,0.35705
47,18,0,0,2,0,1,0,0,-28.398,0.92466,0.15,761,31.2056,5.78173,0.35677
48,17,1,1,4,0,1,0,0,-23.788,0.92312,0.15,764,31.2056,6.08524,0.35668
49,6,0,0,3,0,1,0,0,-30.356,0.92158,0.15,764,31.2056,10.67893,0.35711
50,5,0,0,2,0,1,0,0,-26.454,0.92004,0.15,766,31.2056,15.30438,0.35683
51,5,0,0,4,0,1,0,0,-32.408,0.91851,0.15,766,31.2056,13.65889,0.35683
52,9,0,0,3,0,1,0,0,-32.904,0.91698,0.15,766,31.2056,7.85104,0.35683
53,19,0,0,4,0,1,0,0,-27.197,0.91546,0.15,766,31.2056,4.66634,0.35748
54,14,0,0,3,0,1,0,0,-27.015,0.91393,0.15,770,31.2056,7.66579,0.35714
55,37,2,2,9,0,1,0,0,-16.536,0.91241,0.15,778,31.2056,4.62945,0.35647
56,6,0,0,2,0,1,0,0,-31.21,0.91089,0.15,778,31.2056,13.8433,0.35668
57,70,3,3,4,0,1,0,0,-16.838,0.90937,0.15,783,31.2056,2.76687,0.35696
58,5,0,0,4,0,1,0,0,-32.808,0.90786,0.15,783,31.2056,12.23311,0.35696
59,30,0,0,3,0,1,0,0,-31.555,0.90635,0.15,786,31.2056,3.21703,0.35729
60,30,1,1,8,0,1,0,0,-22.579,0.90484,0.15,790,31.2056,4.9793,0.35738
61,30,0,0,8,0,1,0,0,-25.562,0.90333,0.15,792,31.2056,3.48688,0.35838
62,5,0,0,1,0,1,0,0,-30.012,0.90183,0.15,794,31.2056,16.06841,0.3581
63,9,0,0,3,0,1,0,0,-29.758,0.90032,0.15,794,31.2056,8.56659,0.3581
64,28,0,0,5,0,1,0,0,-26.667,0.89883,0.15,798,31.2056,3.82948,0.35756
65,5,0,0,3,0,1,0,0,-30.504,0.89733,0.15,799,31.2056,14.69707,0.35732
66,7,0,0,4,0,1,0,0,-31.504,0.89583,0.15,799,31.2056,8.08598,0.35732
67,5,0,0,3,0,1,0,0,-33.406,0.89434,0.15,800,31.2056,12.82495,0.35729
68,24,0,0,11,0,1,0,0,-22.728,0.89285,0.15,807,31.2056,4.79506,0.35688
69,11,0,0,4,0,1,0,0,-31.9,0.89137,0.15,807,31.2056,4.66708,0.35688
70,5,0,0,3,0,1,0,0,-33.006,0.88988,0.15,808,31.2056,11.33825,0.35685
71,7,0,0,2,0,1,0,0,-30.654,0.8884,0.15,809,31.2056,11.79515,0.35661
72,31,1,1,5,0,1,0,0,-22.561,0.88692,0.15,814,31.2056,4.20127,0.35606
73,36,1,1,4,0,1,0,0,-26.116,0.88544,0.15,815,31.2056,4.4745,0.35644
74,9,0,0,3,0,1,0,0,-33.0,0.88397,0.15,816,31.2056,8.3936,0.35641
75,24,0,0,2,0,1,0,0,-26.496,0.8825,0.15,818,31.2056,4.18298,0.35636
76,8,0,0,4,0,1,0,0,-31.556,0.88103,0.15,818,31.2056,6.68601,0.35636
77,5,0,0,2,0,1,0,0,-33.608,0.87956,0.15,818,31.2056,12.6208,0.35656
78,58,3,3,17,0,1,0,0,-2.562,0.8781,0.15,827,31.2056,3.04272,0.35611
79,10,0,0,4,0,1,0,0,-31.954,0.87663,0.15,827,31.2056,5.86985,0.35611
80,35,0,0,7,0,1,0,0,-25.314,0.87517,0.15,832,31.2056,4.38452,0.35537
81,20,1,1,4,0,1,0,0,-22.691,0.87372,0.15,833,31.2056,5.36516,0.35594
82,35,0,0,5,0,1,0,0,-29.061,0.87226,0.15,835,31.2056,3.92916,0.35589
83,5,0,0,4,0,1,0,0,-32.808,0.87081,0.15,835,31.2056,10.56671,0.35589
84,5,0,0,3,0,1,0,0,-33.408,0.86936,0.15,835,31.2056,10.21442,0.35589
85,33,0,0,6,0,1,0,0,-24.904,0.86791,0.15,836,31.2056,4.10075,0.35606
86,19,0,0,6,0,1,0,0,-25.109,0.86647,0.15,837,31.2056,3.66819,0.35603
87,32,0,0,6,0,1,0,0,-23.937,0.86502,0.15,841,31.2056,4.11725,0.35632
88,13,0,0,5,0,1,0,0,-28.147,0.86358,0.15,842,31.2056,6.1193,0.35629
89,5,0,0,4,0,1,0,0,-34.452,0.86214,0.15,844,31.2056,17.43349,0.35604
90,6,0,0,4,0,1,0,0,-32.354,0.86071,0.15,845,31.2056,10.43325,0.35602
91,7,0,0,3,0,1,0,0,-33.006,0.85927,0.15,845,31.2056,7.17493,0.35602
92,7,0,0,3,0,1,0,0,-33.004,0.85784,0.15,845,31.2056,9.33514,0.35602
93,37,1,1,12,0,1,0,0,-11.341,0.85642,0.15,857,31.2056,3.40161,0.35492
94,6,0,0,2,0,1,0,0,-33.504,0.85499,0.15,857,31.2056,14.58203,0.3555
95,8,0,0,1,0,1,0,0,-32.454,0.85357,0.15,857,31.2056,11.21224,0.35609
96,11,0,0,3,0,1,0,0,-32.502,0.85214,0.15,857,31.2056,5.69736,0.35609
97,7,0,0,5,0,1,0,0,-28.796,0.85072,0.15,857,31.2056,11.65175,0.35648
98,21,1,1,10,0,1,0,0,-14.311,0.84931,0.15,861,31.2056,5.33327,0.35579
99,16,0,0,7,0,1,0,0,-28.556,0.84789,0.15,862,31.2056,5.15038,0.35615
100,5,0,0,3,0,1,0,0,-33.406,0.84648,0.15,862,31.2056,10.03608,0.35615
101,5,0,0,4,0,1,0,0,-32.808,0.84507,0.15,862,31.2056,7.90843,0.35615
102,81,1,1,16,0,1,0,0,-11.432,0.84366,0.15,878,31.2056,2.16927,0.35421
103,21,0,0,5,0,1,0,0,-26.235,0.84226,0.15,879,31.2056,4.24309,0.35476
104,27,0,0,3,0,1,0,0,-26.44,0.84086,0.15,884,31.2056,4.67362,0.35445
105,5,0,0,4,0,1,0,0,-32.406,0.83946,0.15,884,31.2056,9.59631,0.35464
106,9,0,0,2,0,1,0,0,-30.35,0.83806,0.15,884,31.2056,9.35426,0.35464
107,16,0,0,3,0,1,0,0,-30.021,0.83666,0.15,886,31.2056,5.46753,0.3544
108,58,0,0,9,0,1,0,0,-21.901,0.83527,0.15,890,31.2056,2.86644,0.35431
109,16,0,0,4,0,1,0,0,-27.948,0.83388,0.15,892,31.2056,3.395,0.35389
110,25,0,0,2,0,1,0,0,-27.492,0.83249,0.15,892,31.2056,4.13518,0.35407
111,6,0,0,2,0,1,0,0,-30.806,0.8311,0.15,892,31.2056,14.5374,0.35445
112,5,0,0,3,0,1,0,0,-31.754,0.82972,0.15,893,31.2056,14.92056,0.35442
113,19,0,0,5,0,1,0,0,-27.749,0.82834,0.15,894,31.2056,5.65569,0.35421
114,5,0,0,4,0,1,0,0,-32.406,0.82696,0.15,894,31.2056,10.08121,0.3544
115,10,0,0,2,0,1,0,0,-30.398,0.82558,0.15,894,31.2056,8.11201,0.3544
116,5,0,0,4,0,1,0,0,-32.008,0.82421,0.15,894,31.2056,8.92305,0.3544
117,18,0,0,4,0,1,0,0,-27.35,0.82283,0.15,894,31.2056,4.41685,0.35459
118,6,0,0,3,0,1,0,0,-32.956,0.82146,0.15,894,31.2056,9.46784,0.35459
119,16,0,0,5,0,1,0,0,-29.715,0.8201,0.15,896,31.2056,6.04149,0.35435
120,5,0,0,2,0,1,0,0,-30.662,0.81873,0.15,897,31.2056,16.66855,0.35433
121,6,0,0,4,0,1,0,0,-32.356,0.81737,0.15,897,31.2056,7.13024,0.35433
122,7,0,0,3,0,1,0,0,-32.504,0.81601,0.15,897,31.2056,8.45861,0.35433
123,9,0,0,4,0,1,0,0,-31.102,0.81465,0.15,897,31.2056,6.75691,0.35433
124,18,0,0,5,0,1,0,0,-30.206,0.81329,0.15,897,31.2056,4.61089,0.35433
125,17,0,0,3,0,1,0,0,-30.055,0.81194,0.15,899,31.2056,6.77803,0.35447
126,6,0,0,3,0,1,0,0,-33.356,0.81058,0.15,899,31.2056,8.91081,0.35447
127,25,0,0,3,0,1,0,0,-25.249,0.80923,0.15,900,31.2056,4.00423,0.35481
128,5,0,0,2,0,1,0,0,-28.656,0.80789,0.15,902,31.2056,15.27499,0.3544
129,26,2,2,8,0,1,0,0,-17.153,0.80654,0.15,902,31.2056,4.67974,0.35495
130,20,1,1,4,0,1,0,0,-19.984,0.8052,0.15,904,31.2056,5.39962,0.35472
131,5,0,0,3,0,1,0,0,-29.704,0.80386,0.15,904,31.2056,15.7711,0.3549
132,8,0,0,2,0,1,0,0,-30.26,0.80252,0.15,904,31.2056,10.33325,0.3549
133,9,0,0,3,0,1,0,0,-28.106,0.80118,0.15,905,31.2056,9.01099,0.35506
134,40,0,0,3,0,1,0,0,-25.047,0.79985,0.15,905,31.2056,2.56506,0.35543
135,28,1,1,6,0,1,0,0,-18.135,0.79852,0.15,907,31.2056,4.80535,0.3552
136,7,0,0,4,0,1,0,0,-32.302,0.79719,0.15,907,31.2056,8.70475,0.35538
137,5,0,0,4,0,1,0,0,-32.406,0.79586,0.15,907,31.2056,7.8901,0.35538
138,13,0,0,4,0,1,0,0,-27.65,0.79453,0.15,907,31.2056,6.0369,0.35557
139,11,0,0,4,0,1,0,0,-31.904,0.79321,0.15,907,31.2056,5.66833,0.35557
140,33,1,1,3,0,1,0,0,-22.639,0.79189,0.15,908,31.2056,3.79305,0.35609
141,28,0,0,7,0,1,0,0,-21.895,0.79057,0.15,910,31.2056,3.83806,0.35586
142,26,2,2,5,0,1,0,0,-16.895,0.78925,0.15,911,31.2056,4.22769,0.35584
143,16,0,0,2,0,1,0,0,-26.538,0.78794,0.15,913,31.2056,6.0433,0.35579
144,11,0,0,4,0,1,0,0,-26.848,0.78663,0.15,913,31.2056,6.62411,0.35579
145,39,2,2,11,0,1,0,0,-12.937,0.78532,0.15,924,31.2056,3.93891,0.35516
146,29,1,1,8,0,1,0,0,-18.495,0.78401,0.15,925,31.2056,4.2164,0.35514
147,27,1,1,3,0,1,0,0,-24.387,0.7827,0.15,925,31.2056,4.76468,0.35568
148,5,0,0,3,0,1,0,0,-33.006,0.7814,0.15,925,31.2056,10.22073,0.35568
149,23,1,1,11,0,1,0,0,-15.756,0.7801,0.15,927,31.2056,5.14293,0.35599
150,28,0,0,5,0,1,0,0,-29.157,0.7788,0.15,928,31.2056,4.86212,0.35614
151,63,1,1,7,0,1,0,0,-19.775,0.7775,0.15,932,31.2056,3.1018,0.35658
152,40,2,2,7,0,1,0,0,-19.207,0.77621,0.15,934,31.2056,3.38862,0.35653
153,15,0,0,3,0,1,0,0,-28.411,0.77492,0.15,934,31.2056,5.1144,0.35653
154,35,1,1,10,0,1,0,0,-23.683,0.77363,0.15,940,31.2056,4.73632,0.35585
155,35,1,1,7,0,1,0,0,-25.633,0.77234,0.15,941,31.2056,4.08687,0.35618
156,31,0,0,4,0,1,0,0,-27.323,0.77105,0.15,945,31.2056,4.13928,0.35591
157,17,0,0,3,0,1,0,0,-28.079,0.76977,0.15,945,31.2056,4.06724,0.35591
158,7,0,0,3,0,1,0,0,-30.558,0.76849,0.15,945,31.2056,10.17091,0.35591
159,23,1,1,6,0,1,0,0,-21.253,0.76721,0.15,947,31.2056,5.80214,0.35568
160,21,0,0,5,0,1,0,0,-32.468,0.76593,0.15,947,31.2056,4.98154,0.35568
161,15,0,0,3,0,1,0,0,-27.564,0.76465,0.15,953,31.2056,7.42489,0.35484
162,5,0,0,2,0,1,0,0,-30.664,0.76338,0.15,953,31.2056,15.01305,0.35484
163,7,0,0,4,0,1,0,0,-32.006,0.76211,0.15,953,31.2056,6.54921,0.35484
164,12,0,0,3,0,1,0,0,-32.848,0.76084,0.15,953,31.2056,5.22243,0.35484
165,5,0,0,3,0,1,0,0,-33.408,0.75957,0.15,953,31.2056,8.04452,0.35484
166,5,0,0,3,0,1,0,0,-33.008,0.75831,0.15,953,31.2056,10.58864,0.35502
167,14,0,0,4,0,1,0,0,-24.906,0.75704,0.15,956,31.2056,6.61161,0.35495
168,26,1,1,8,0,1,0,0,-20.975,0.75578,0.15,956,31.2056,3.82925,0.35513
169,27,1,1,4,0,1,0,0,-20.213,0.75453,0.15,958,31.2056,3.9039,0.35491
170,36,3,3,8,0,1,0,0,-15.313,0.75327,0.15,960,31.2056,4.01586,0.35503
171,42,1,1,6,0,1,0,0,-21.88,0.75201,0.15,960,31.2056,3.695,0.35538
172,17,0,0,3,0,1,0,0,-28.263,0.75076,0.15,961,31.2056,5.75098,0.35553
173,14,0,0,3,0,1,0,0,-28.35,0.74951,0.15,961,31.2056,4.63898,0.35571
174,11,0,0,4,0,1,0,0,-32.198,0.74826,0.15,961,31.2056,4.48451,0.35571
175,35,3,3,5,0,1,0,0,-13.365,0.74702,0.15,964,31.2056,3.94823,0.35633
176,5,0,0,4,0,1,0,0,-33.206,0.74577,0.15,964,31.2056,10.54655,0.35633
177,27,1,1,8,0,1,0,0,-19.571,0.74453,0.15,964,31.2056,4.02965,0.35633
178,35,3,3,10,0,1,0,0,-12.416,0.74329,0.15,965,31.2056,3.78636,0.35682
179,15,0,0,4,0,1,0,0,-28.264,0.74205,0.15,966,31.2056,7.17031,0.3568
180,10,0,0,4,0,1,0,0,-31.554,0.74082,0.15,966,31.2056,5.48283,0.3568
181,66,4,4,13,0,1,0,0,-1.207,0.73958,0.15,977,31.2056,3.20121,0.35619
182,28,1,1,6,0,1,0,0,-27.795,0.73835,0.15,979,31.2056,4.9974,0.35598
183,17,0,0,1,0,1,0,0,-27.046,0.73712,0.15,981,31.2056,5.02615,0.35559
184,21,0,0,8,0,1,0,0,-21.069,0.7359,0.15,982,31.2056,4.54151,0.3554
185,14,0,0,4,0,1,0,0,-25.492,0.73467,0.15,982,31.2056,8.19148,0.35574
186,16,0,0,5,0,1,0,0,-29.121,0.73345,0.15,984,31.2056,5.6751,0.35552
187,5,0,0,4,0,1,0,0,-32.806,0.73223,0.15,984,31.2056,9.14348,0.35552
188,39,1,1,9,0,1,0,0,-16.791,0.73101,0.15,992,31.2056,3.52562,0.35467
189,38,2,2,9,0,1,0,0,-13.771,0.72979,0.15,1001,31.2056,4.10498,0.35348
190,5,0,0,3,0,1,0,0,-33.408,0.72857,0.15,1001,31.2056,7.71972,0.35348
191,5,0,0,2,0,1,0,0,-34.006,0.72736,0.15,1002,31.2056,10.94729,0.35346
192,5,0,0,3,0,1,0,0,-30.008,0.72615,0.15,1002,31.2056,10.12539,0.35363
193,28,2,2,6,0,1,0,0,-15.104,0.72494,0.15,1006,31.2056,5.06291,0.35338
194,5,0,0,1,0,1,0,0,-31.306,0.72373,0.15,1007,31.2056,15.88095,0.35336
195,9,0,0,4,0,1,0,0,-31.204,0.72253,0.15,1007,31.2056,6.02759,0.35336
196,23,1,1,7,0,1,0,0,-16.484,0.72132,0.15,1011,31.2056,5.14464,0.35279
197,27,0,0,5,0,1,0,0,-20.411,0.72012,0.15,1011,31.2056,3.78592,0.35312
198,17,0,0,5,0,1,0,0,-26.722,0.71892,0.15,1011,31.2056,4.6131,0.35328
199,46,0,0,7,0,1,0,0,-21.901,0.71773,0.15,1016,31.2056,3.44535,0.35302
200,5,0,0,3,0,1,0,0,-33.408,0.71653,0.15,1016,31.2056,7.25687,0.35302
201,7,0,0,3,0,1,0,0,-29.702,0.71534,0.15,1016,31.2056,11.64521,0.35318
202,40,1,1,11,0,1,0,0,-13.947,0.71415,0.15,1021,31.2056,4.00528,0.3526
203,17,0,0,4,0,1,0,0,-27.994,0.71296,0.15,1021,31.2056,6.24059,0.3526
204,5,0,0,4,0,1,0,0,-32.406,0.71177,0.15,1021,31.2056,10.58525,0.3526
205,27,0,0,5,0,1,0,0,-22.101,0.71059,0.15,1022,31.2056,3.27275,0.35258
206,14,0,0,3,0,1,0,0,-30.486,0.7094,0.15,1023,31.2056,6.51311,0.35256
207,21,0,0,5,0,1,0,0,-25.894,0.70822,0.15,1023,31.2056,3.53247,0.35272
208,18,0,0,5,0,1,0,0,-28.911,0.70704,0.15,1023,31.2056,5.51439,0.35272
209,49,5,5,11,0,1,0,0,-3.684,0.70586,0.15,1030,31.2056,3.84435,0.35291
210,5,0,0,2,0,1,0,0,-31.408,0.70469,0.15,1030,31.2056,10.62879,0.35307
211,46,2,2,7,0,1,0,0,-19.099,0.70351,0.15,1034,31.2056,2.47608,0.35284
212,23,0,0,4,0,1,0,0,-26.305,0.70234,0.15,1035,31.2056,3.98615,0.35266
213,41,1,1,4,0,1,0,0,-26.776,0.70117,0.15,1035,31.2056,3.84372,0.35314
214,26,2,2,6,0,1,0,0,-18.481,0.70001,0.15,1035,31.2056,4.02575,0.35314
215,21,0,0,9,0,1,0,0,-28.1,0.69884,0.15,1039,31.2056,5.46236,0.35274
216,80,4,4,16,0,1,0,0,2.801,0.69768,0.15,1053,31.2056,2.79573,0.35169
217,17,0,0,9,0,1,0,0,-23.298,0.69651,0.15,1056,31.2056,3.93289,0.35148
218,7,0,0,1,0,1,0,0,-31.76,0.69535,0.15,1056,31.2056,9.16575,0.35148
219,63,2,2,11,0,1,0,0,-12.593,0.6942,0.15,1062,31.2056,3.37133,0.35154
220,5,0,0,4,0,1,0,0,-32.408,0.69304,0.15,1062,31.2056,9.11724,0.35154
221,22,0,0,5,0,1,0,0,-27.024,0.69189,0.15,1062,31.2056,4.54161,0.35154
222,46,0,0,3,0,1,0,0,-21.659,0.69073,0.15,1066,31.2056,2.33784,0.35131
223,11,0,0,3,0,1,0,0,-31.308,0.68958,0.15,1066,31.2056,8.52501,0.35131
224,7,0,0,3,0,1,0,0,-31.408,0.68844,0.15,1066,31.2056,9.90526,0.35131
225,33,2,2,7,0,1,0,0,-17.319,0.68729,0.15,1067,31.2056,3.7624,0.35114
226,5,0,0,3,0,1,0,0,-33.008,0.68614,0.15,1067,31.2056,6.5937,0.35114
227,50,2,2,7,0,1,0,0,-13.515,0.685,0.15,1072,31.2056,3.26688,0.35106
228,22,1,1,8,0,1,0,0,-20.57,0.68386,0.15,1072,31.2056,5.41047,0.35121
229,14,0,0,4,0,1,0,0,-32.148,0.68272,0.15,1072,31.2056,7.71142,0.35137
230,30,2,2,9,0,1,0,0,-18.0,0.68159,0.15,1076,31.2056,4.16112,0.35068
231,19,0,0,4,0,1,0,0,-30.582,0.68045,0.15,1076,31.2056,4.51677,0.35084
232,8,0,0,3,0,1,0,0,-32.946,0.67932,0.15,1076,31.2056,9.79946,0.35084
233,31,1,1,5,0,1,0,0,-22.605,0.67819,0.15,1077,31.2056,4.7865,0.35097
234,9,0,0,2,0,1,0,0,-30.358,0.67706,0.15,1077,31.2056,6.17697,0.35097
235,12,0,0,6,0,1,0,0,-27.638,0.67593,0.15,1077,31.2056,6.1988,0.35128
236,18,0,0,4,0,1,0,0,-25.9,0.6748,0.15,1077,31.2056,5.36226,0.35144
237,63,2,2,11,0,1,0,0,-12.191,0.67368,0.15,1082,31.2056,2.18724,0.35151
238,37,1,1,6,0,1,0,0,-14.846,0.67256,0.15,1086,31.2056,3.45968,0.35144
239,34,1,1,4,0,1,0,0,-21.983,0.67144,0.15,1089,31.2056,3.29797,0.35185
240,5,0,0,2,0,1,0,0,-34.406,0.67032,0.15,1089,31.2056,10.43799,0.35185
241,29,0,0,3,0,1,0,0,-26.474,0.6692,0.15,1089,31.2056,2.4975,0.35185
242,5,0,0,3,0,1,0,0,-30.404,0.66809,0.15,1091,31.2056,11.41837,0.35167
243,29,0,0,7,0,1,0,0,-24.221,0.66698,0.15,1091,31.2056,3.72935,0.35182
244,5,0,0,1,0,1,0,0,-27.048,0.66587,0.15,1092,31.2056,15.55702,0.35165
245,5,0,0,3,0,1,0,0,-29.706,0.66476,0.15,1093,31.2056,14.17124,0.35163
246,5,0,0,4,0,1,0,0,-32.408,0.66365,0.15,1093,31.2056,8.31281,0.35163
247,19,0,0,3,0,1,0,0,-29.426,0.66255,0.15,1094,31.2056,5.14632,0.35161
248,8,0,0,2,0,1,0,0,-32.36,0.66144,0.15,1094,31.2056,8.97406,0.35161
249,8,0,0,4,0,1,0,0,-31.552,0.66034,0.15,1094,31.2056,7.52829,0.35161
250,17,0,0,4,0,1,0,0,-24.21,0.65924,0.15,1095,31.2056,5.70396,0.3516
251,34,0,0,4,0,1,0,0,-28.492,0.65814,0.15,1095,31.2056,2.42387,0.3516
252,17,0,0,7,0,1,0,0,-25.041,0.65705,0.15,1096,31.2056,5.14392,0.35173
253,28,1,1,8,0,1,0,0,-19.876,0.65595,0.15,1098,31.2056,5.4669,0.35185
254,18,0,0,1,0,1,0,0,-32.473,0.65486,0.15,1098,31.2056,6.43448,0.35231
255,7,0,0,3,0,1,0,0,-32.206,0.65377,0.15,1098,31.2056,7.12571,0.35231
256,21,0,0,2,0,1,0,0,-28.63,0.65268,0.15,1098,31.2056,5.71067,0.35261
257,6,0,0,3,0,1,0,0,-33.352,0.65159,0.15,1098,31.2056,10.23818,0.35276
258,7,0,0,4,0,1,0,0,-31.902,0.65051,0.15,1098,31.2056,9.04651,0.35276
259,35,0,0,6,0,1,0,0,-23.278,0.64943,0.15,1099,31.2056,3.25823,0.35305
260,8,0,0,4,0,1,0,0,-31.556,0.64834,0.15,1099,31.2056,5.35477,0.35305
261,5,0,0,3,0,1,0,0,-33.408,0.64726,0.15,1099,31.2056,6.49732,0.35305
262,27,0,0,2,0,1,0,0,-28.687,0.64619,0.15,1103,31.2056,5.18007,0.35283
263,26,0,0,5,0,1,0,0,-26.122,0.64511,0.15,1105,31.2056,4.1886,0.35249
264,20,0,0,7,0,1,0,0,-24.569,0.64404,0.15,1105,31.2056,6.22052,0.35294
265,20,0,0,6,0,1,0,0,-21.646,0.64296,0.15,1105,31.2056,4.25703,0.35324
266,19,0,0,4,0,1,0,0,-28.805,0.64189,0.15,1105,31.2056,4.38075,0.35339
267,6,0,0,3,0,1,0,0,-33.752,0.64082,0.15,1105,31.2056,11.36357,0.35354
268,22,1,1,8,0,1,0,0,-23.14,0.63976,0.15,1105,31.2056,4.3907,0.3537
269,7,0,0,2,0,1,0,0,-34.304,0.63869,0.15,1105,31.2056,9.28464,0.3537
270,30,0,0,5,0,1,0,0,-22.882,0.63763,0.15,1105,31.2056,4.19253,0.35385
271,5,0,0,2,0,1,0,0,-31.404,0.63657,0.15,1106,31.2056,12.03215,0.35383
272,22,0,0,5,0,1,0,0,-25.762,0.63551,0.15,1107,31.2056,2.77163,0.35396
273,30,0,0,5,0,1,0,0,-22.147,0.63445,0.15,1107,31.2056,3.5313,0.35441
274,18,0,0,5,0,1,0,0,-25.232,0.63339,0.15,1107,31.2056,6.32698,0.35456
275,10,0,0,6,0,1,0,0,-24.046,0.63234,0.15,1108,31.2056,6.26428,0.35439
276,5,0,0,3,0,1,0,0,-33.408,0.63128,0.15,1108,31.2056,7.36852,0.35439
277,27,0,0,6,0,1,0,0,-25.687,0.63023,0.15,1109,31.2056,3.1645,0.35437
278,27,0,0,10,0,1,0,0,-20.663,0.62918,0.15,1112,31.2056,4.57117,0.35432
279,18,0,0,3,0,1,0,0,-27.724,0.62814,0.15,1112,31.2056,6.30775,0.35447
280,39,0,0,2,0,1,0,0,-27.541,0.62709,0.15,1113,31.2056,2.38781,0.3546
281,14,0,0,2,0,1,0,0,-28.098,0.62604,0.15,1114,31.2056,5.33244,0.35473
282,37,2,2,12,0,1,0,0,-16.288,0.625,0.15,1116,31.2056,2.81409,0.35484
283,16,0,0,1,0,1,0,0,-30.94,0.62396,0.15,1118,31.2056,6.0458,0.35465
284,16,0,0,3,0,1,0,0,-24.948,0.62292,0.15,1118,31.2056,5.71568,0.3548
285,45,0,0,4,0,1,0,0,-20.123,0.62189,0.15,1125,31.2056,3.17516,0.35452
286,30,1,1,9,0,1,0,0,-19.602,0.62085,0.15,1127,31.2056,3.85401,0.35463
287,14,0,0,5,0,1,0,0,-27.0,0.61982,0.15,1127,31.2056,4.80132,0.35463
288,31,2,2,12,0,1,0,0,-13.766,0.61878,0.15,1130,31.2056,4.44633,0.35457
289,7,0,0,3,0,1,0,0,-29.702,0.61775,0.15,1130,31.2056,11.44403,0.35457
290,5,0,0,3,0,1,0,0,-33.408,0.61672,0.15,1130,31.2056,8.39962,0.35457
291,27,0,0,3,0,1,0,0,-31.802,0.6157,0.15,1130,31.2056,1.87131,0.35457
292,5,0,0,3,0,1,0,0,-31.754,0.61467,0.15,1130,31.2056,14.71335,0.35457
293,7,0,0,1,0,1,0,0,-31.754,0.61365,0.15,1130,31.2056,12.81463,0.35487
294,18,0,0,5,0,1,0,0,-28.778,0.61263,0.15,1131,31.2056,5.05418,0.355
295,7,0,0,3,0,1,0,0,-32.6,0.61161,0.15,1131,31.2056,12.25491,0.35529
296,46,4,4,10,0,1,0,0,-4.283,0.61059,0.15,1137,31.2056,3.49413,0.35488
297,5,0,0,3,0,1,0,0,-32.606,0.60957,0.15,1137,31.2056,8.92597,0.35488
298,43,0,0,2,0,1,0,0,-21.281,0.60856,0.15,1138,31.2056,2.7258,0.35486
299,17,1,1,3,0,1,0,0,-25.492,0.60754,0.15,1138,31.2056,5.80978,0.35486
300,37,0,0,11,0,1,0,0,-24.714,0.60653,0.15,1138,31.2056,3.07445,0.35516
301,76,3,3,10,0,1,0,0,-9.609,0.60552,0.15,1143,31.2056,2.67623,0.35506
302,7,0,0,3,0,1,0,0,-30.008,0.60451,0.15,1143,31.2056,7.1567,0.35506
303,23,0,0,4,0,1,0,0,-26.193,0.60351,0.15,1146,31.2056,5.06264,0.35471
304,7,0,0,2,0,1,0,0,-30.702,0.6025,0.15,1147,31.2056,12.85028,0.35469
305,11,0,0,3,0,1,0,0,-32.806,0.6015,0.15,1147,31.2056,5.37931,0.35469
306,28,1,1,3,0,1,0,0,-20.744,0.6005,0.15,1147,31.2056,3.5091,0.35527
307,10,0,0,3,0,1,0,0,-32.154,0.5995,0.15,1147,31.2056,5.42024,0.35527
308,28,1,1,5,0,1,0,0,-23.078,0.5985,0.15,1151,31.2056,4.8376,0.3552
309,6,0,0,3,0,1,0,0,-29.652,0.5975,0.15,1151,31.2056,12.68732,0.3552
310,5,0,0,3,0,1,0,0,-33.008,0.59651,0.15,1151,31.2056,7.38257,0.3552
311,12,0,0,4,0,1,0,0,-31.754,0.59551,0.15,1151,31.2056,6.18423,0.3552
312,26,1,1,5,0,1,0,0,-22.802,0.59452,0.15,1154,31.2056,5.88164,0.355
313,33,1,1,8,0,1,0,0,-21.072,0.59353,0.15,1154,31.2056,3.09229,0.35529
314,20,1,1,8,0,1,0,0,-21.231,0.59254,0.15,1156,31.2056,6.69599,0.3551
315,21,1,1,6,0,1,0,0,-17.322,0.59156,0.15,1156,31.2056,4.807,0.3551
316,12,0,0,2,0,1,0,0,-29.446,0.59057,0.15,1156,31.2056,6.67742,0.3551
317,70,1,1,11,0,1,0,0,-16.801,0.58959,0.15,1158,31.2056,2.93084,0.35521
318,10,0,0,4,0,1,0,0,-32.256,0.5886,0.15,1158,31.2056,5.2876,0.35521
319,20,2,2,3,0,1,0,0,-17.946,0.58762,0.15,1158,31.2056,4.85594,0.35521
320,5,0,0,2,0,1,0,0,-28.656,0.58665,0.15,1158,31.2056,13.73909,0.35535
321,31,0,0,11,0,1,0,0,-22.246,0.58567,0.15,1158,31.2056,3.42318,0.3555
322,13,0,0,4,0,1,0,0,-27.717,0.58469,0.15,1158,31.2056,9.65034,0.3555
323,22,1,1,5,0,1,0,0,-22.136,0.58372,0.15,1160,31.2056,3.40717,0.35517
324,5,0,0,3,0,1,0,0,-33.408,0.58275,0.15,1160,31.2056,8.06916,0.35517
325,54,0,0,5,0,1,0,0,-24.876,0.58178,0.15,1162,31.2056,2.55154,0.35513
326,21,1,1,6,0,1,0,0,-22.598,0.58081,0.15,1162,31.2056,4.54245,0.35542
327,17,0,0,5,0,1,0,0,-27.219,0.57984,0.15,1162,31.2056,5.56155,0.35557
328,27,1,1,10,0,1,0,0,-20.053,0.57888,0.15,1166,31.2056,5.06228,0.3552
329,22,0,0,3,0,1,0,0,-28.632,0.57791,0.15,1168,31.2056,4.41392,0.35502
330,60,2,2,9,0,1,0,0,-14.628,0.57695,0.15,1171,31.2056,2.28392,0.35511
331,28,0,0,6,0,1,0,0,-28.73,0.57599,0.15,1171,31.2056,5.10696,0.35539
332,5,0,0,3,0,1,0,0,-33.008,0.57503,0.15,1171,31.2056,5.5519,0.35539
333,5,0,0,3,0,1,0,0,-33.408,0.57407,0.15,1171,31.2056,6.99368,0.35539
334,20,0,0,5,0,1,0,0,-29.486,0.57312,0.15,1172,31.2056,6.07875,0.35566
335,23,1,1,4,0,1,0,0,-20.456,0.57216,0.15,1172,31.2056,4.76199,0.3558
336,45,2,2,11,0,1,0,0,-16.05,0.57121,0.15,1173,31.2056,3.62019,0.35578
337,44,0,0,5,0,1,0,0,-28.162,0.57026,0.15,1176,31.2056,3.24068,0.35601
338,6,0,0,3,0,1,0,0,-32.556,0.56931,0.15,1176,31.2056,9.51378,0.35601
339,14,0,0,3,0,1,0,0,-25.148,0.56836,0.15,1176,31.2056,6.01565,0.35643
340,11,0,0,2,0,1,0,0,-28.75,0.56741,0.15,1177,31.2056,7.77252,0.35656
341,13,0,0,2,0,1,0,0,-29.804,0.56647,0.15,1177,31.2056,4.68295,0.35656
342,40,1,1,12,0,1,0,0,-20.56,0.56553,0.15,1182,31.2056,4.11511,0.35589
343,25,1,1,6,0,1,0,0,-17.344,0.56458,0.15,1182,31.2056,4.60569,0.35603
344,46,3,3,12,0,1,0,0,-7.633,0.56364,0.15,1185,31.2056,3.09596,0.35584
345,5,0,0,2,0,1,0,0,-32.308,0.5627,0.15,1185,31.2056,14.96712,0.35584
346,65,0,0,4,0,1,0,0,-23.971,0.56177,0.15,1185,31.2056,2.33255,0.35626
347,14,0,0,7,0,1,0,0,-20.998,0.56083,0.15,1186,31.2056,5.71658,0.35638
348,5,0,0,2,0,1,0,0,-32.754,0.5599,0.15,1186,31.2056,17.09867,0.35638
349,8,0,0,4,0,1,0,0,-32.352,0.55897,0.15,1186,31.2056,8.24045,0.35638
350,66,2,2,10,0,1,0,0,-5.226,0.55804,0.15,1186,31.2056,2.32582,0.35638
351,19,2,2,3,0,1,0,0,-17.315,0.55711,0.15,1186,31.2056,6.08737,0.35652
352,91,4,4,9,0,1,0,0,0.9,0.55618,0.15,1189,31.2056,2.45834,0.3573
353,22,1,1,7,0,1,0,0,-17.922,0.55525,0.15,1191,31.2056,4.51375,0.35698
354,39,2,2,8,0,1,0,0,-12.412,0.55433,0.15,1195,31.2056,3.38903,0.35704
355,5,0,0,4,0,1,0,0,-32.008,0.5534,0.15,1195,31.2056,5.31495,0.35704
356,69,3,3,12,0,1,0,0,0.073,0.55248,0.15,1208,31.2056,2.74661,0.35568
357,19,0,0,5,0,1,0,0,-23.396,0.55156,0.15,1208,31.2056,4.28642,0.35568
358,36,0,0,9,0,1,0,0,-20.546,0.55064,0.15,1211,31.2056,3.45129,0.35577
359,60,3,3,11,0,1,0,0,-7.84,0.54973,0.15,1222,31.2056,3.15993,0.35461
360,26,0,0,5,0,1,0,0,-27.321,0.54881,0.15,1222,31.2056,3.44998,0.35475
361,6,0,0,2,0,1,0,0,-31.21,0.5479,0.15,1222,31.2056,8.37082,0.35475
362,22,1,1,6,0,1,0,0,-21.711,0.54699,0.15,1223,31.2056,4.14731,0.35473
363,19,2,2,6,0,1,0,0,-16.585,0.54607,0.15,1223,31.2056,4.9817,0.355
364,22,1,1,4,0,1,0,0,-20.106,0.54517,0.15,1223,31.2056,4.42172,0.355
365,15,0,0,3,0,1,0,0,-27.938,0.54426,0.15,1223,31.2056,4.70251,0.355
366,193,4,4,19,0,1,0,0,22.114,0.54335,0.15,1242,31.2056,1.64714,0.3536
367,40,1,1,4,0,1,0,0,-19.971,0.54245,0.15,1245,31.2056,2.85299,0.35341
368,7,0,0,3,0,1,0,0,-31.81,0.54154,0.15,1245,31.2056,8.09447,0.35341
369,19,2,2,7,0,1,0,0,-18.797,0.54064,0.15,1247,31.2056,6.9921,0.35311
370,13,0,0,3,0,1,0,0,-27.193,0.53974,0.15,1248,31.2056,8.08382,0.3531
371,11,0,0,3,0,1,0,0,-29.356,0.53884,0.15,1248,31.2056,5.87581,0.3531
372,39,2,2,5,0,1,0,0,-12.54,0.53794,0.15,1251,31.2056,3.04313,0.35292
373,5,0,0,4,0,1,0,0,-32.408,0.53705,0.15,1251,31.2056,6.15327,0.35292
374,16,0,0,5,0,1,0,0,-29.859,0.53615,0.15,1251,31.2056,6.95377,0.35305
375,20,2,2,7,0,1,0,0,-14.86,0.53526,0.15,1251,31.2056,4.69407,0.35305
376,16,0,0,3,0,1,0,0,-30.484,0.53437,0.15,1253,31.2056,6.44672,0.35289
377,8,0,0,2,0,1,0,0,-30.408,0.53348,0.15,1253,31.2056,10.69851,0.35289
378,17,0,0,5,0,1,0,0,-30.966,0.53259,0.15,1254,31.2056,7.40222,0.35287
379,35,0,0,7,0,1,0,0,-20.527,0.5317,0.15,1260,31.2056,3.25229,0.35198
380,34,1,1,6,0,1,0,0,-19.263,0.53082,0.15,1261,31.2056,4.53288,0.35197
381,139,4,4,17,0,1,0,0,2.843,0.52994,0.15,1268,31.2056,2.00502,0.35187
382,6,0,0,2,0,1,0,0,-30.252,0.52905,0.15,1268,31.2056,10.90856,0.35187
383,17,0,0,8,0,1,0,0,-24.117,0.52817,0.15,1268,31.2056,5.69428,0.35187
384,32,0,0,6,0,1,0,0,-23.295,0.52729,0.15,1268,31.2056,3.64127,0.35187
385,49,2,2,10,0,1,0,0,-9.819,0.52641,0.15,1270,31.2056,2.87402,0.35171
386,5,0,0,2,0,1,0,0,-34.402,0.52554,0.15,1270,31.2056,14.47574,0.35171
387,70,2,2,11,0,1,0,0,-4.063,0.52466,0.15,1272,31.2056,2.72833,0.35155
388,17,0,0,2,0,1,0,0,-29.084,0.52379,0.15,1272,31.2056,4.5982,0.35155
389,17,0,0,4,0,1,0,0,-27.54,0.52292,0.15,1273,31.2056,6.51482,0.35166
390,5,0,0,2,0,1,0,0,-33.604,0.52205,0.15,1273,31.2056,10.19991,0.35166
391,57,4,4,9,0,1,0,0,-0.832,0.52118,0.15,1275,31.2056,3.16313,0.35176
392,10,0,0,3,0,1,0,0,-32.152,0.52031,0.15,1275,31.2056,3.67311,0.35176
393,19,0,0,8,0,1,0,0,-20.685,0.51944,0.15,1275,31.2056,5.27309,0.35176
394,64,4,4,7,0,1,0,0,-4.936,0.51858,0.15,1277,31.2056,2.90203,0.35174
395,33,1,1,14,0,1,0,0,-16.522,0.51771,0.15,1278,31.2056,3.63172,0.35159
396,15,0,0,5,0,1,0,0,-26.313,0.51685,0.15,1279,31.2056,8.24747,0.35158
397,6,0,0,3,0,1,0,0,-33.354,0.51599,0.15,1279,31.2056,8.48275,0.35158
398,5,0,0,4,0,1,0,0,-32.408,0.51513,0.15,1279,31.2056,6.8938,0.35158
399,22,1,1,4,0,1,0,0,-24.04,0.51427,0.15,1279,31.2056,4.06096,0.35158
400,20,0,0,4,0,1,0,0,-30.236,0.51342,0.15,1280,31.2056,4.62562,0.35156
401,5,0,0,4,0,1,0,0,-32.408,0.51256,0.15,1280,31.2056,7.37035,0.35156
402,48,2,2,8,0,1,0,0,-12.089,0.51171,0.15,1280,31.2056,3.25408,0.35156
403,5,0,0,3,0,1,0,0,-30.106,0.51086,0.15,1280,31.2056,12.42448,0.35156
404,31,1,1,3,0,1,0,0,-21.526,0.51001,0.15,1280,31.2056,3.44837,0.35156
405,28,2,2,13,0,1,0,0,-10.066,0.50916,0.15,1280,31.2056,3.63759,0.35169
406,15,0,0,3,0,1,0,0,-27.652,0.50831,0.15,1280,31.2056,7.90188,0.35182
407,26,1,1,7,0,1,0,0,-18.697,0.50746,0.15,1280,31.2056,5.34438,0.35208
408,5,0,0,4,0,1,0,0,-32.808,0.50662,0.15,1280,31.2056,5.36488,0.35208
409,26,1,1,10,0,1,0,0,-16.226,0.50577,0.15,1281,31.2056,4.24047,0.35194
410,41,2,2,8,0,1,0,0,-15.74,0.50493,0.15,1286,31.2056,4.22002,0.35161
411,18,2,2,5,0,1,0,0,-21.823,0.50409,0.15,1287,31.2056,5.86185,0.35172
412,5,0,0,2,0,1,0,0,-29.454,0.50325,0.15,1287,31.2056,13.62923,0.35172
413,15,0,0,3,0,1,0,0,-25.398,0.50241,0.15,1287,31.2056,6.07755,0.35172
414,5,0,0,3,0,1,0,0,-28.454,0.50158,0.15,1287,31.2056,10.49512,0.35172
415,6,0,0,2,0,1,0,0,-32.304,0.50074,0.15,1287,31.2056,13.65532,0.35198
416,21,3,3,9,0,1,0,0,-12.157,0.49991,0.15,1287,31.2056,4.91082,0.35211
417,44,3,3,9,0,1,0,0,-9.903,0.49907,0.15,1287,31.2056,4.58813,0.3525
418,46,1,1,8,0,1,0,0,-20.69,0.49824,0.15,1287,31.2056,3.47798,0.35276
419,48,2,2,7,0,1,0,0,-17.458,0.49741,0.15,1287,31.2056,3.39614,0.35276
420,108,3,3,13,0,1,0,0,-3.514,0.49659,0.15,1299,31.2056,2.23779,0.35309
421,6,0,0,1,0,1,0,0,-31.806,0.49576,0.15,1299,31.2056,9.4352,0.35309
422,35,0,0,5,0,1,0,0,-22.475,0.49493,0.15,1299,31.2056,3.54003,0.35335
423,13,1,1,4,0,1,0,0,-21.19,0.49411,0.15,1299,31.2056,6.98987,0.35348
424,10,0,0,3,0,1,0,0,-32.45,0.49329,0.15,1299,31.2056,3.88307,0.35348
425,10,0,0,2,0,1,0,0,-29.448,0.49246,0.15,1299,31.2056,7.5423,0.35348
426,13,0,0,4,0,1,0,0,-29.277,0.49164,0.15,1299,31.2056,5.65179,0.35361
427,21,1,1,10,0,1,0,0,-18.78,0.49083,0.15,1300,31.2056,5.36171,0.35359
428,7,0,0,3,0,1,0,0,-30.56,0.49001,0.15,1300,31.2056,5.90441,0.35359
429,62,2,2,13,0,1,0,0,-11.81,0.48919,0.15,1303,31.2056,2.18154,0.3538
430,7,0,0,3,0,1,0,0,-32.604,0.48838,0.15,1303,31.2056,8.31509,0.3538
431,8,0,0,4,0,1,0,0,-31.006,0.48756,0.15,1304,31.2056,10.57113,0.35366
432,7,0,0,3,0,1,0,0,-31.81,0.48675,0.15,1304,31.2056,6.14029,0.35366
433,49,1,1,9,0,1,0,0,-17.389,0.48594,0.15,1305,31.2056,3.08693,0.35364
434,32,1,1,8,0,1,0,0,-18.848,0.48513,0.15,1309,31.2056,2.56247,0.35332
435,30,2,2,10,0,1,0,0,-16.9,0.48432,0.15,1310,31.2056,5.21545,0.35344
436,26,0,0,4,0,1,0,0,-22.923,0.48352,0.15,1311,31.2056,4.94975,0.35329
437,96,3,3,16,0,1,0,0,2.332,0.48271,0.15,1318,31.2056,2.29391,0.35319
438,61,2,2,9,0,1,0,0,-12.642,0.48191,0.15,1318,31.2056,1.86598,0.35344
439,64,4,4,10,0,1,0,0,1.397,0.48111,0.15,1323,31.2056,3.21207,0.35324
440,24,0,0,5,0,1,0,0,-27.396,0.48031,0.15,1325,31.2056,3.91636,0.35308
441,25,1,1,4,0,1,0,0,-22.921,0.47951,0.15,1325,31.2056,3.23425,0.35308
442,19,1,1,5,0,1,0,0,-18.821,0.47871,0.15,1325,31.2056,5.76658,0.35321
443,9,0,0,4,0,1,0,0,-28.594,0.47791,0.15,1326,31.2056,6.08856,0.35319
444,19,0,0,2,0,1,0,0,-28.34,0.47711,0.15,1326,31.2056,3.25486,0.35319
445,63,2,2,13,0,1,0,0,-3.82,0.47632,0.15,1333,31.2056,2.8116,0.35296
446,22,1,1,5,0,1,0,0,-21.472,0.47553,0.15,1333,31.2056,3.35181,0.35296
447,26,0,0,4,0,1,0,0,-23.813,0.47473,0.15,1336,31.2056,4.4146,0.35304
448,19,2,2,5,0,1,0,0,-16.164,0.47394,0.15,1336,31.2056,5.59596,0.35317
449,5,0,0,4,0,1,0,0,-32.006,0.47315,0.15,1336,31.2056,7.80823,0.35317
450,63,4,4,14,0,1,0,0,3.147,0.47237,0.15,1341,31.2056,3.31577,0.35247
451,48,2,2,6,0,1,0,0,-11.49,0.47158,0.15,1342,31.2056,3.01531,0.35271
452,22,0,0,3,0,1,0,0,-29.084,0.47079,0.15,1342,31.2056,3.88948,0.35271
453,5,0,0,4,0,1,0,0,-33.252,0.47001,0.15,1343,31.2056,15.81175,0.35269
454,18,0,0,3,0,1,0,0,-26.296,0.46923,0.15,1343,31.2056,5.62707,0.35269
455,39,2,2,5,0,1,0,0,-16.228,0.46845,0.15,1344,31.2056,3.65645,0.35255
456,90,5,5,13,0,1,0,0,1.523,0.46767,0.15,1356,31.2056,2.78192,0.35189
457,17,0,0,6,0,1,0,0,-23.149,0.46689,0.15,1356,31.2056,5.07751,0.35202
458,19,0,0,1,0,1,0,0,-27.702,0.46611,0.15,1356,31.2056,5.33519,0.35202
459,34,2,2,3,0,1,0,0,-20.622,0.46533,0.15,1356,31.2056,3.66912,0.35214
460,5,0,0,3,0,1,0,0,-33.806,0.46456,0.15,1356,31.2056,8.89857,0.35214
461,26,0,0,5,0,1,0,0,-24.64,0.46379,0.15,1356,31.2056,4.86593,0.35214
462,28,1,1,4,0,1,0,0,-24.634,0.46301,0.15,1359,31.2056,4.53749,0.35185
463,85,3,3,11,0,1,0,0,-4.73,0.46224,0.15,1365,31.2056,2.77886,0.35165
464,5,0,0,4,0,1,0,0,-32.008,0.46147,0.15,1365,31.2056,6.81026,0.35165
465,22,0,0,1,0,1,0,0,-27.136,0.4607,0.15,1365,31.2056,4.943,0.35201
466,27,1,1,8,0,1,0,0,-14.998,0.45994,0.15,1365,31.2056,3.34126,0.35214
467,40,1,1,4,0,1,0,0,-15.604,0.45917,0.15,1365,31.2056,2.97123,0.35226
468,80,2,2,11,0,1,0,0,-10.896,0.45841,0.15,1366,31.2056,2.87592,0.35249
469,30,1,1,7,0,1,0,0,-23.636,0.45764,0.15,1367,31.2056,5.1016,0.35248
470,55,1,1,6,0,1,0,0,-18.241,0.45688,0.15,1367,31.2056,2.79463,0.35248
471,5,0,0,4,0,1,0,0,-33.208,0.45612,0.15,1367,31.2056,5.96436,0.35248
472,5,0,0,2,0,1,0,0,-34.408,0.45536,0.15,1367,31.2056,11.06878,0.3526
473,54,2,2,6,0,1,0,0,-12.517,0.4546,0.15,1367,31.2056,2.74954,0.3526
474,41,0,0,8,0,1,0,0,-21.128,0.45384,0.15,1368,31.2056,3.39149,0.35319
475,49,3,3,8,0,1,0,0,-8.562,0.45309,0.15,1368,31.2056,3.02804,0.35331
476,76,1,1,5,0,1,0,0,-9.365,0.45233,0.15,1368,31.2056,1.76308,0.35331
477,31,3,3,10,0,1,0,0,-8.083,0.45158,0.15,1368,31.2056,3.72218,0.35331
478,85,3,3,11,0,1,0,0,-9.846,0.45083,0.15,1372,31.2056,2.79507,0.35326
479,22,1,1,8,0,1,0,0,-15.05,0.45008,0.15,1372,31.2056,4.25535,0.35326
480,43,1,1,4,0,1,0,0,-19.378,0.44933,0.15,1372,31.2056,2.27784,0.35338
481,12,0,0,2,0,1,0,0,-25.648,0.44858,0.15,1372,31.2056,6.14114,0.3535
482,35,1,1,9,0,1,0,0,-22.008,0.44783,0.15,1372,31.2056,4.27387,0.35362
483,5,0,0,4,0,1,0,0,-32.804,0.44709,0.15,1372,31.2056,11.19182,0.35374
484,33,1,1,5,0,1,0,0,-26.763,0.44634,0.15,1373,31.2056,4.52946,0.35385
485,36,2,2,6,0,1,0,0,-15.87,0.4456,0.15,1374,31.2056,3.06607,0.35395
486,36,2,2,8,0,1,0,0,-18.138,0.44486,0.15,1374,31.2056,2.83576,0.35444
487,8,0,0,2,0,1,0,0,-33.846,0.44412,0.15,1374,31.2056,8.95707,0.35444
488,9,0,0,2,0,1,0,0,-33.6,0.44338,0.15,1374,31.2056,6.596,0.35444
489,19,0,0,5,0,1,0,0,-26.14,0.44264,0.15,1374,31.2056,6.17262,0.35444
490,9,0,0,2,0,1,0,0,-29.91,0.4419,0.15,1374,31.2056,6.72805,0.35444
491,15,2,2,6,0,1,0,0,-14.162,0.44117,0.15,1375,31.2056,5.97679,0.35442
492,46,0,0,4,0,1,0,0,-19.213,0.44043,0.15,1375,31.2056,2.41387,0.35455
493,13,0,0,5,0,1,0,0,-23.215,0.4397,0.15,1375,31.2056,7.26329,0.35467
494,21,0,0,5,0,1,0,0,-28.365,0.43897,0.15,1375,31.2056,3.21451,0.35467
495,46,1,1,7,0,1,0,0,-17.618,0.43823,0.15,1375,31.2056,2.53274,0.35467
496,42,2,2,7,0,1,0,0,-14.722,0.43751,0.15,1377,31.2056,3.87573,0.35476
497,5,0,0,3,0,1,0,0,-32.152,0.43678,0.15,1377,31.2056,15.95842,0.35476
498,13,0,0,4,0,1,0,0,-27.101,0.43605,0.15,1377,31.2056,6.77204,0.35476
499,21,0,0,5,0,1,0,0,-20.98,0.43532,0.15,1377,31.2056,3.71717,0.35488
500,29,2,2,7,0,1,0,0,-12.917,0.4346,0.15,1377,31.2056,4.99025,0.35512
501,20,0,0,3,0,1,0,0,-30.838,0.43387,0.15,1377,31.2056,2.57741,0.35512
502,13,0,0,3,0,1,0,0,-30.277,0.43315,0.15,1377,31.2056,5.12441,0.35512
503,45,1,1,10,0,1,0,0,-19.563,0.43243,0.15,1379,31.2056,4.11056,0.35497
504,39,2,2,13,0,1,0,0,-10.675,0.43171,0.15,1380,31.2056,3.04265,0.35519
505,33,2,2,4,0,1,0,0,-14.866,0.43099,0.15,1380,31.2056,3.36189,0.35519
506,5,0,0,2,0,1,0,0,-34.006,0.43027,0.15,1380,31.2056,9.07892,0.35519
507,9,0,0,4,0,1,0,0,-30.256,0.42956,0.15,1381,31.2056,10.44406,0.3553
508,21,1,1,5,0,1,0,0,-20.928,0.42884,0.15,1381,31.2056,4.94582,0.3553
509,43,1,1,6,0,1,0,0,-18.063,0.42813,0.15,1383,31.2056,3.008,0.35515
510,16,1,1,2,0,1,0,0,-25.791,0.42741,0.15,1383,31.2056,4.68831,0.35515
511,25,1,1,5,0,1,0,0,-20.548,0.4267,0.15,1383,31.2056,4.84774,0.35527
512,64,1,1,10,0,1,0,0,-10.86,0.42599,0.15,1390,31.2056,3.04991,0.35492
513,6,0,0,4,0,1,0,0,-31.954,0.42528,0.15,1390,31.2056,7.99192,0.35492
514,8,0,0,4,0,1,0,0,-29.356,0.42457,0.15,1390,31.2056,6.61747,0.35492
515,29,1,1,7,0,1,0,0,-18.826,0.42387,0.15,1390,31.2056,3.94189,0.35492
516,28,0,0,6,0,1,0,0,-24.317,0.42316,0.15,1396,31.2056,4.39009,0.35423
517,20,0,0,3,0,1,0,0,-24.908,0.42246,0.15,1397,31.2056,5.36709,0.35433
518,66,2,2,16,0,1,0,0,-3.496,0.42175,0.15,1400,31.2056,3.12972,0.35429
519,70,4,4,13,0,1,0,0,7.159,0.42105,0.15,1400,31.2056,2.98839,0.35452
520,5,0,0,2,0,1,0,0,-30.306,0.42035,0.15,1400,31.2056,17.91846,0.35452
521,35,0,0,4,0,1,0,0,-20.07,0.41965,0.15,1401,31.2056,3.25695,0.35451
522,25,1,1,2,0,1,0,0,-26.268,0.41895,0.15,1401,31.2056,4.95451,0.35463
523,19,1,1,5,0,1,0,0,-19.386,0.41825,0.15,1401,31.2056,4.8284,0.35475
524,7,0,0,4,0,1,0,0,-32.806,0.41756,0.15,1401,31.2056,6.40101,0.35475
525,6,0,0,1,0,1,0,0,-31.956,0.41686,0.15,1401,31.2056,9.40459,0.35487
526,13,0,0,4,0,1,0,0,-23.784,0.41617,0.15,1401,31.2056,7.06723,0.35498
527,36,0,0,5,0,1,0,0,-19.275,0.41547,0.15,1402,31.2056,2.74436,0.35497
528,25,2,2,6,0,1,0,0,-16.253,0.41478,0.15,1402,31.2056,5.98575,0.35509
529,5,0,0,1,0,1,0,0,-29.914,0.41409,0.15,1402,31.2056,15.26883,0.35521
530,15,1,1,7,0,1,0,0,-19.466,0.4134,0.15,1402,31.2056,6.27359,0.35521
531,5,0,0,3,0,1,0,0,-33.004,0.41271,0.15,1403,31.2056,11.54263,0.35519
532,17,0,0,3,0,1,0,0,-29.893,0.41203,0.15,1403,31.2056,4.83097,0.35519
533,18,2,2,6,0,1,0,0,-19.871,0.41134,0.15,1403,31.2056,4.16776,0.35519
534,52,4,4,9,0,1,0,0,-0.141,0.41066,0.15,1403,31.2056,3.40171,0.35531
535,5,0,0,3,0,1,0,0,-30.954,0.40997,0.15,1403,31.2056,11.52382,0.35531
536,63,2,2,13,0,1,0,0,-4.88,0.40929,0.15,1404,31.2056,2.7588,0.35518
537,57,3,3,5,0,1,0,0,-11.0,0.40861,0.15,1407,31.2056,2.93628,0.35489
538,99,1,1,8,0,1,0,0,-11.21,0.40793,0.15,1407,31.2056,1.64884,0.35489
539,31,2,2,14,0,1,0,0,-11.775,0.40725,0.15,1407,31.2056,5.25053,0.35489
540,14,0,0,5,0,1,0,0,-25.498,0.40657,0.15,1407,31.2056,5.73826,0.35489
541,95,5,5,14,0,1,0,0,8.58,0.40589,0.15,1410,31.2056,2.31994,0.35485
542,99,3,3,15,0,1,0,0,9.515,0.40522,0.15,1415,31.2056,2.16059,0.35453
543,74,1,1,5,0,1,0,0,-17.82,0.40454,0.15,1416,31.2056,2.74714,0.35499
544,24,2,2,3,0,1,0,0,-20.705,0.40387,0.15,1416,31.2056,5.34329,0.35499
545,52,2,2,9,0,1,0,0,-9.489,0.4032,0.15,1416,31.2056,2.67969,0.35499
546,37,0,0,6,0,1,0,0,-21.116,0.40252,0.15,1416,31.2056,3.05457,0.35511
547,36,2,2,7,0,1,0,0,-12.95,0.40185,0.15,1418,31.2056,3.51844,0.35484
548,32,2,2,9,0,1,0,0,-11.454,0.40118,0.15,1419,31.2056,4.67846,0.35483
549,25,0,0,6,0,1,0,0,-23.265,0.40052,0.15,1419,31.2056,3.13257,0.35483
550,5,0,0,2,0,1,0,0,-34.404,0.39985,0.15,1419,31.2056,10.59143,0.35483
551,5,0,0,3,0,1,0,0,-31.356,0.39918,0.15,1419,31.2056,13.64911,0.35483
552,5,0,0,3,0,1,0,0,-33.808,0.39852,0.15,1419,31.2056,10.92625,0.35494
553,35,3,3,10,0,1,0,0,-12.206,0.39786,0.15,1419,31.2056,3.39593,0.3553
554,18,0,0,5,0,1,0,0,-29.228,0.39719,0.15,1419,31.2056,6.974,0.3553
555,42,4,4,15,0,1,0,0,-0.052,0.39653,0.15,1422,31.2056,3.36083,0.35502
556,24,1,1,5,0,1,0,0,-21.616,0.39587,0.15,1422,31.2056,4.2777,0.35513
557,46,0,0,8,0,1,0,0,-22.741,0.39521,0.15,1422,31.2056,2.7576,0.35537
558,35,1,1,5,0,1,0,0,-20.795,0.39455,0.15,1423,31.2056,3.78817,0.35535
559,44,1,1,4,0,1,0,0,-16.375,0.3939,0.15,1423,31.2056,2.81631,0.35547
560,7,0,0,2,0,1,0,0,-26.048,0.39324,0.15,1424,31.2056,11.15077,0.35534
561,55,0,0,14,0,1,0,0,-11.287,0.39259,0.15,1426,31.2056,2.69897,0.35554
562,36,1,1,10,0,1,0,0,-14.291,0.39193,0.15,1426,31.2056,3.5828,0.35554
563,32,2,2,7,0,1,0,0,-15.111,0.39128,0.15,1430,31.2056,4.27291,0.35501
564,28,2,2,4,0,1,0,0,-19.41,0.39063,0.15,1435,31.2056,4.87775,0.3547
565,103,7,7,24,0,1,0,0,23.759,0.38998,0.15,1441,31.2056,2.56712,0.35473
566,24,0,0,4,0,1,0,0,-23.549,0.38933,0.15,1441,31.2056,5.88478,0.35485
567,6,0,0,1,0,1,0,0,-31.806,0.38868,0.15,1441,31.2056,11.3977,0.35485
568,7,0,0,2,0,1,0,0,-30.606,0.38803,0.15,1441,31.2056,6.69087,0.35485
569,34,4,4,9,0,1,0,0,-1.769,0.38739,0.15,1441,31.2056,3.69507,0.35485
570,21,0,0,10,0,1,0,0,-22.644,0.38674,0.15,1443,31.2056,5.9513,0.35459
571,80,3,3,9,0,1,0,0,-1.401,0.3861,0.15,1445,31.2056,2.05249,0.35444
572,17,1,1,4,0,1,0,0,-22.509,0.38545,0.15,1445,31.2056,5.57376,0.35444
573,37,2,2,11,0,1,0,0,-8.481,0.38481,0.15,1445,31.2056,3.61047,0.35444
574,113,2,2,9,0,1,0,0,4.386,0.38417,0.15,1445,31.2056,2.21454,0.35479
575,6,0,0,1,0,1,0,0,-31.806,0.38353,0.15,1445,31.2056,9.65395,0.35479
576,39,1,1,16,0,1,0,0,-9.008,0.38289,0.15,1448,31.2056,2.97773,0.35451
577,7,0,0,3,0,1,0,0,-29.6,0.38226,0.15,1449,31.2056,11.8214,0.3545
578,26,0,0,6,0,1,0,0,-25.17,0.38162,0.15,1449,31.2056,4.64114,0.35461
579,62,3,3,8,0,1,0,0,-8.049,0.38098,0.15,1450,31.2056,3.25879,0.35483
580,179,5,5,20,0,1,0,0,21.91,0.38035,0.15,1465,31.2056,2.04407,0.35415
581,5,0,0,3,0,1,0,0,-33.808,0.37972,0.15,1465,31.2056,5.92695,0.35415
582,80,5,5,17,0,1,0,0,4.167,0.37908,0.15,1468,31.2056,2.10556,0.35434
583,18,1,1,2,0,1,0,0,-23.46,0.37845,0.15,1468,31.2056,5.51375,0.35434
584,32,0,0,2,0,1,0,0,-24.688,0.37782,0.15,1468,31.2056,3.15553,0.35434
585,33,1,1,5,0,1,0,0,-18.285,0.37719,0.15,1468,31.2056,3.83713,0.35445
586,34,1,1,6,0,1,0,0,-18.506,0.37656,0.15,1468,31.2056,3.08979,0.35445
587,39,2,2,7,0,1,0,0,-13.816,0.37594,0.15,1470,31.2056,3.68684,0.3542
588,101,5,5,16,0,1,0,0,9.861,0.37531,0.15,1475,31.2056,2.05283,0.3539
589,70,2,2,16,0,1,0,0,-0.854,0.37469,0.15,1477,31.2056,2.89184,0.35421
590,32,0,0,4,0,1,0,0,-26.532,0.37406,0.15,1477,31.2056,4.0268,0.35432
591,5,0,0,3,0,1,0,0,-33.406,0.37344,0.15,1477,31.2056,6.11566,0.35432
592,58,0,0,11,0,1,0,0,-15.125,0.37282,0.15,1477,31.2056,3.44375,0.35455
593,36,2,2,4,0,1,0,0,-16.421,0.3722,0.15,1479,31.2056,2.40162,0.35463
594,60,2,2,17,0,1,0,0,-2.808,0.37158,0.15,1482,31.2056,2.79399,0.3547
595,7,0,0,4,0,1,0,0,-32.404,0.37096,0.15,1482,31.2056,10.37963,0.3547
596,39,2,2,4,0,1,0,0,-15.453,0.37034,0.15,1482,31.2056,2.98233,0.3547
597,21,0,0,5,0,1,0,0,-29.334,0.36972,0.15,1483,31.2056,4.48379,0.35469
598,42,2,2,5,0,1,0,0,-15.095,0.36911,0.15,1483,31.2056,3.11318,0.35469
599,54,4,4,13,0,1,0,0,4.81,0.36849,0.15,1485,31.2056,2.47511,0.35443
600,63,3,3,11,0,1,0,0,-5.857,0.36788,0.15,1492,31.2056,3.47563,0.35366
601,83,1,1,14,0,1,0,0,-6.037,0.36727,0.15,1494,31.2056,1.96757,0.35386
602,18,2,2,7,0,1,0,0,-14.167,0.36666,0.15,1496,31.2056,6.01981,0.35383
603,16,1,1,5,0,1,0,0,-22.122,0.36604,0.15,1496,31.2056,4.79957,0.35383
604,126,5,5,18,0,1,0,0,12.94,0.36544,0.15,1499,31.2056,2.2477,0.35401
605,5,0,0,1,0,1,0,0,-34.56,0.36483,0.15,1499,31.2056,11.90852,0.35401
606,59,4,4,8,0,1,0,0,-1.79,0.36422,0.15,1500,31.2056,2.52278,0.35389
607,9,0,0,3,0,1,0,0,-30.548,0.36361,0.15,1500,31.2056,7.93307,0.35389
608,5,0,0,3,0,1,0,0,-33.802,0.36301,0.15,1500,31.2056,15.84977,0.35389
609,16,2,2,5,0,1,0,0,-17.647,0.3624,0.15,1500,31.2056,5.11162,0.354
610,17,0,0,1,0,1,0,0,-27.054,0.3618,0.15,1500,31.2056,4.34735,0.354
611,9,0,0,3,0,1,0,0,-28.048,0.3612,0.15,1500,31.2056,9.27562,0.354
612,49,1,1,8,0,1,0,0,-14.466,0.36059,0.15,1500,31.2056,3.53648,0.354
613,30,1,1,3,0,1,0,0,-18.628,0.35999,0.15,1500,31.2056,3.33814,0.35411
614,21,2,2,8,0,1,0,0,-14.907,0.35939,0.15,1500,31.2056,4.68102,0.35411
615,28,2,2,6,0,1,0,0,-15.637,0.3588,0.15,1500,31.2056,3.89128,0.35411
616,9,0,0,3,0,1,0,0,-25.656,0.3582,0.15,1500,31.2056,8.64529,0.35411
617,106,6,6,18,0,1,0,0,17.735,0.3576,0.15,1504,31.2056,2.48817,0.35406
618,42,2,2,7,0,1,0,0,-15.127,0.35701,0.15,1505,31.2056,3.35577,0.35404
619,35,2,2,7,0,1,0,0,-14.379,0.35641,0.15,1505,31.2056,3.52224,0.35404
620,35,1,1,5,0,1,0,0,-14.939,0.35582,0.15,1505,31.2056,3.78029,0.35415
621,5,0,0,3,0,1,0,0,-33.408,0.35523,0.15,1505,31.2056,6.19169,0.35415
622,20,1,1,5,0,1,0,0,-21.378,0.35463,0.15,1505,31.2056,4.42049,0.35415
623,36,1,1,8,0,1,0,0,-21.72,0.35404,0.15,1505,31.2056,4.27813,0.35437
624,5,0,0,3,0,1,0,0,-33.008,0.35345,0.15,1505,31.2056,5.27277,0.35437
625,57,4,4,17,0,1,0,0,2.785,0.35287,0.15,1506,31.2056,2.90115,0.35436
626,23,0,0,5,0,1,0,0,-25.903,0.35228,0.15,1506,31.2056,5.25628,0.35436
627,46,1,1,6,0,1,0,0,-11.738,0.35169,0.15,1507,31.2056,3.12323,0.35446
628,81,3,3,15,0,1,0,0,2.606,0.35111,0.15,1511,31.2056,2.00387,0.35396
629,57,2,2,7,0,1,0,0,-10.336,0.35052,0.15,1511,31.2056,2.14448,0.35396
630,26,1,1,4,0,1,0,0,-19.536,0.34994,0.15,1511,31.2056,4.07123,0.35396
631,39,0,0,5,0,1,0,0,-20.423,0.34936,0.15,1511,31.2056,3.31946,0.35407
632,17,2,2,6,0,1,0,0,-16.444,0.34877,0.15,1511,31.2056,5.37668,0.35418
633,18,1,1,3,0,1,0,0,-23.805,0.34819,0.15,1511,31.2056,4.32977,0.35418
634,160,11,11,33,0,1,0,0,54.723,0.34761,0.15,1527,31.2056,2.36743,0.3532
635,16,1,1,4,0,1,0,0,-18.372,0.34703,0.15,1527,31.2056,4.74858,0.3532
636,52,1,1,9,0,1,0,0,-16.848,0.34646,0.15,1530,31.2056,2.93868,0.35294
637,33,3,3,8,0,1,0,0,-8.769,0.34588,0.15,1530,31.2056,4.95022,0.35305
638,46,1,1,5,0,1,0,0,-13.894,0.3453,0.15,1530,31.2056,2.66584,0.35305
639,70,2,2,10,0,1,0,0,-10.554,0.34473,0.15,1535,31.2056,3.02015,0.35299
640,5,0,0,3,0,1,0,0,-33.008,0.34415,0.15,1535,31.2056,5.70493,0.35299
641,191,6,6,20,0,1,0,0,19.707,0.34358,0.15,1539,31.2056,2.19758,0.35315
642,57,2,2,5,0,1,0,0,-10.594,0.34301,0.15,1539,31.2056,3.71482,0.35337
643,40,2,2,10,0,1,0,0,-9.679,0.34244,0.15,1539,31.2056,4.00243,0.35358
644,13,1,1,4,0,1,0,0,-20.761,0.34187,0.15,1539,31.2056,6.60223,0.35358
645,124,6,6,16,0,1,0,0,24.581,0.3413,0.15,1540,31.2056,2.36166,0.35346
646,23,0,0,5,0,1,0,0,-27.559,0.34073,0.15,1540,31.2056,3.33176,0.35357
647,36,4,4,10,0,1,0,0,-6.524,0.34016,0.15,1540,31.2056,3.58279,0.35357
648,28,2,2,5,0,1,0,0,-17.708,0.3396,0.15,1540,31.2056,3.05214,0.35357
649,48,3,3,10,0,1,0,0,-8.591,0.33903,0.15,1542,31.2056,3.38479,0.35344
650,119,10,10,21,0,1,0,0,38.73,0.33847,0.15,1547,31.2056,2.75959,0.35326
651,20,0,0,4,0,1,0,0,-23.79,0.3379,0.15,1547,31.2056,5.36476,0.35326
652,5,0,0,4,0,1,0,0,-32.408,0.33734,0.15,1547,31.2056,5.952,0.35326
653,38,4,4,7,0,1,0,0,-5.745,0.33678,0.15,1548,31.2056,3.90763,0.35336
654,30,1,1,4,0,1,0,0,-21.075,0.33622,0.15,1548,31.2056,4.87449,0.35357
655,90,4,4,10,0,1,0,0,7.602,0.33566,0.15,1551,31.2056,2.56913,0.35321
656,111,3,3,20,0,1,0,0,3.609,0.3351,0.15,1557,31.2056,2.91365,0.35324
657,13,1,1,5,0,1,0,0,-18.902,0.33454,0.15,1557,31.2056,6.98388,0.35335
658,58,1,1,6,0,1,0,0,-14.443,0.33398,0.15,1557,31.2056,3.63449,0.35346
659,5,0,0,2,0,1,0,0,-33.956,0.33343,0.15,1557,31.2056,13.08981,0.35346
660,13,1,1,5,0,1,0,0,-19.77,0.33287,0.15,1557,31.2056,7.50431,0.35356
661,40,2,2,12,0,1,0,0,-7.739,0.33232,0.15,1557,31.2056,3.66596,0.35389
662,25,1,1,3,0,1,0,0,-26.87,0.33176,0.15,1557,31.2056,4.67835,0.3541
663,109,2,2,11,0,1,0,0,-0.913,0.33121,0.15,1558,31.2056,1.98874,0.35419
664,20,1,1,6,0,1,0,0,-24.454,0.33066,0.15,1558,31.2056,4.25343,0.35419
665,115,3,3,16,0,1,0,0,1.73,0.33011,0.15,1566,31.2056,2.72756,0.3543
666,58,4,4,9,0,1,0,0,-3.011,0.32956,0.15,1566,31.2056,3.20818,0.35441
667,18,2,2,9,0,1,0,0,-12.862,0.32901,0.15,1566,31.2056,5.92408,0.35441
668,34,0,0,3,0,1,0,0,-33.313,0.32846,0.15,1567,31.2056,4.94145,0.3545
669,74,7,7,14,0,1,0,0,5.77,0.32792,0.15,1568,31.2056,2.42642,0.35449
670,84,3,3,9,0,1,0,0,-8.227,0.32737,0.15,1569,31.2056,2.24234,0.35479
671,28,0,0,3,0,1,0,0,-21.345,0.32682,0.15,1569,31.2056,3.76398,0.35479
672,43,2,2,13,0,1,0,0,-5.324,0.32628,0.15,1570,31.2056,4.04283,0.35478
673,143,6,6,25,0,1,0,0,21.008,0.32574,0.15,1580,31.2056,2.51475,0.35464
674,146,7,7,23,0,1,0,0,33.034,0.32519,0.15,1592,31.2056,2.37559,0.35396
675,39,1,1,12,0,1,0,0,-12.075,0.32465,0.15,1597,31.2056,3.51689,0.35337
676,53,4,4,13,0,1,0,0,1.142,0.32411,0.15,1604,31.2056,3.50429,0.35276
677,20,0,0,7,0,1,0,0,-25.262,0.32357,0.15,1604,31.2056,6.27924,0.35297
678,42,1,1,13,0,1,0,0,-12.644,0.32303,0.15,1605,31.2056,3.17586,0.35286
679,5,0,0,3,0,1,0,0,-29.706,0.3225,0.15,1605,31.2056,10.58221,0.35286
680,20,2,2,4,0,1,0,0,-16.686,0.32196,0.15,1605,31.2056,4.88046,0.35286
681,100,4,4,14,0,1,0,0,3.176,0.32142,0.15,1607,31.2056,2.90285,0.35294
682,164,5,5,13,0,1,0,0,14.141,0.32089,0.15,1613,31.2056,2.03563,0.35297
683,18,0,0,3,0,1,0,0,-24.116,0.32035,0.15,1613,31.2056,5.06082,0.35297
684,118,5,5,19,0,1,0,0,18.297,0.31982,0.15,1619,31.2056,2.3462,0.35289
685,49,0,0,7,0,1,0,0,-18.858,0.31929,0.15,1622,31.2056,2.05388,0.35265
686,6,0,0,4,0,1,0,0,-34.0,0.31875,0.15,1623,31.2056,16.10128,0.35264
687,71,1,1,10,0,1,0,0,-16.207,0.31822,0.15,1623,31.2056,2.16428,0.35274
688,13,0,0,3,0,1,0,0,-25.071,0.31769,0.15,1623,31.2056,7.3318,0.35274
689,28,0,0,11,0,1,0,0,-17.372,0.31716,0.15,1623,31.2056,3.65798,0.35274
690,5,0,0,3,0,1,0,0,-33.808,0.31664,0.15,1623,31.2056,7.10068,0.35274
691,33,2,2,5,0,1,0,0,-15.12,0.31611,0.15,1624,31.2056,4.05902,0.35283
692,44,2,2,8,0,1,0,0,-13.561,0.31558,0.15,1625,31.2056,3.76744,0.35282
693,37,1,1,7,0,1,0,0,-16.141,0.31506,0.15,1625,31.2056,3.56747,0.35282
694,103,7,7,26,0,1,0,0,25.843,0.31453,0.15,1630,31.2056,3.00036,0.35276
695,46,6,6,14,0,1,0,0,8.845,0.31401,0.15,1632,31.2056,3.99304,0.35274
696,18,1,1,8,0,1,0,0,-15.9,0.31349,0.15,1634,31.2056,4.90196,0.35261
697,30,2,2,11,0,1,0,0,-12.552,0.31296,0.15,1634,31.2056,3.24543,0.35271
698,79,4,4,19,0,1,0,0,-0.279,0.31244,0.15,1637,31.2056,3.33325,0.35298
699,5,0,0,3,0,1,0,0,-33.806,0.31192,0.15,1637,31.2056,8.71653,0.35298
700,34,0,0,6,0,1,0,0,-21.564,0.3114,0.15,1637,31.2056,2.74604,0.35298
701,8,0,0,6,0,1,0,0,-27.356,0.31088,0.15,1637,31.2056,10.27886,0.35308
702,81,0,0,10,0,1,0,0,-8.179,0.31037,0.15,1637,31.2056,2.30386,0.35308
703,53,2,2,10,0,1,0,0,-10.507,0.30985,0.15,1638,31.2056,4.01739,0.35307
704,24,1,1,7,0,1,0,0,-15.267,0.30933,0.15,1639,31.2056,4.34131,0.35296
705,20,2,2,5,0,1,0,0,-15.865,0.30882,0.15,1639,31.2056,3.29622,0.35296
706,7,0,0,4,0,1,0,0,-26.098,0.3083,0.15,1639,31.2056,10.01194,0.35296
707,13,0,0,4,0,1,0,0,-23.384,0.30779,0.15,1639,31.2056,7.01409,0.35296
708,192,8,8,20,0,1,0,0,42.096,0.30728,0.15,1646,31.2056,1.6169,0.35298
709,154,5,5,27,0,1,0,0,25.11,0.30677,0.15,1653,31.2056,2.42927,0.35269
710,45,2,2,13,0,1,0,0,-4.602,0.30626,0.15,1654,31.2056,3.29267,0.35278
711,41,2,2,6,0,1,0,0,-15.842,0.30575,0.15,1656,31.2056,3.47211,0.35256
712,17,1,1,3,0,1,0,0,-23.995,0.30524,0.15,1656,31.2056,5.76616,0.35266
713,31,4,4,11,0,1,0,0,-4.836,0.30473,0.15,1656,31.2056,3.05888,0.35266
714,28,1,1,5,0,1,0,0,-20.333,0.30422,0.15,1656,31.2056,2.49432,0.35266
715,67,3,3,21,0,1,0,0,9.307,0.30371,0.15,1657,31.2056,2.76646,0.35275
716,98,1,1,7,0,1,0,0,-7.773,0.30321,0.15,1657,31.2056,1.85378,0.35295
717,103,2,2,5,0,1,0,0,-2.569,0.3027,0.15,1658,31.2056,1.84141,0.35294
718,189,12,12,17,0,1,0,0,52.09,0.3022,0.15,1667,31.2056,2.22121,0.35223
719,23,1,1,5,0,1,0,0,-22.084,0.3017,0.15,1667,31.2056,3.86169,0.35223
720,52,3,3,16,0,1,0,0,2.102,0.30119,0.15,1669,31.2056,3.07387,0.35201
721,112,7,7,25,0,1,0,0,25.519,0.30069,0.15,1672,31.2056,2.24324,0.35197
722,69,3,3,7,0,1,0,0,-7.564,0.30019,0.15,1672,31.2056,2.47035,0.35197
723,8,0,0,6,0,1,0,0,-21.596,0.29969,0.15,1672,31.2056,8.3357,0.35197
724,63,3,3,9,0,1,0,0,-7.73,0.29919,0.15,1674,31.2056,2.98568,0.35175
725,14,0,0,3,0,1,0,0,-29.496,0.29869,0.15,1676,31.2056,4.23025,0.35163
726,15,1,1,4,0,1,0,0,-22.472,0.2982,0.15,1676,31.2056,5.68424,0.35163
727,86,3,3,16,0,1,0,0,5.698,0.2977,0.15,1680,31.2056,2.86287,0.35169
728,16,0,0,4,0,1,0,0,-28.683,0.2972,0.15,1680,31.2056,4.63694,0.35169
729,90,7,7,16,0,1,0,0,25.947,0.29671,0.15,1681,31.2056,2.67645,0.35227
730,72,3,3,22,0,1,0,0,6.587,0.29622,0.15,1682,31.2056,2.92476,0.35246
731,59,3,3,12,0,1,0,0,-6.145,0.29572,0.15,1685,31.2056,3.23536,0.35232
732,82,4,4,9,0,1,0,0,3.408,0.29523,0.15,1685,31.2056,2.11863,0.35242
733,5,0,0,4,0,1,0,0,-32.806,0.29474,0.15,1685,31.2056,8.31849,0.35242
734,15,0,0,7,0,1,0,0,-19.534,0.29425,0.15,1685,31.2056,5.42362,0.35242
735,5,0,0,2,0,1,0,0,-28.104,0.29376,0.15,1685,31.2056,13.40225,0.35242
736,27,1,1,9,0,1,0,0,-14.675,0.29327,0.15,1685,31.2056,4.09426,0.35242
737,40,3,3,13,0,1,0,0,-6.497,0.29278,0.15,1686,31.2056,3.30356,0.35241
738,146,3,3,15,0,1,0,0,2.967,0.29229,0.15,1689,31.2056,2.00639,0.35248
739,400,7,7,26,0,0,0,1,87.621,0.29181,0.15,1696,31.2056,1.2398,0.3525
740,45,0,0,11,0,1,0,0,-12.417,0.29132,0.15,1698,31.2056,3.02134,0.35238
741,14,1,1,3,0,1,0,0,-21.279,0.29083,0.15,1698,31.2056,3.99573,0.35238
742,44,1,1,6,0,1,0,0,-18.493,0.29035,0.15,1698,31.2056,3.6969,0.35238
743,142,9,9,23,0,1,0,0,46.693,0.28987,0.15,1699,31.2056,2.2828,0.35236
744,33,1,1,8,0,1,0,0,-14.401,0.28938,0.15,1699,31.2056,2.5645,0.35236
745,178,8,8,32,0,1,0,0,46.268,0.2889,0.15,1710,31.2056,2.35249,0.35166
746,28,1,1,6,0,1,0,0,-21.54,0.28842,0.15,1710,31.2056,2.76728,0.35166
747,104,3,3,10,0,1,0,0,4.295,0.28794,0.15,1714,31.2056,2.23542,0.35142
748,107,3,3,16,0,1,0,0,2.314,0.28746,0.15,1716,31.2056,2.13379,0.3514
749,31,2,2,8,0,1,0,0,-11.946,0.28698,0.15,1716,31.2056,4.02518,0.3514
750,18,2,2,6,0,1,0,0,-17.175,0.2865,0.15,1716,31.2056,4.84255,0.3514
751,13,0,0,6,0,1,0,0,-26.496,0.28603,0.15,1716,31.2056,5.50426,0.3514
752,30,0,0,10,0,1,0,0,-16.091,0.28555,0.15,1716,31.2056,3.94065,0.3514
753,41,5,5,12,0,1,0,0,5.849,0.28508,0.15,1717,31.2056,3.43192,0.35139
754,29,2,2,10,0,1,0,0,-15.482,0.2846,0.15,1717,31.2056,5.12172,0.35139
755,29,2,2,11,0,1,0,0,-12.583,0.28413,0.15,1717,31.2056,3.55317,0.35139
756,19,1,1,4,0,1,0,0,-22.45,0.28365,0.15,1717,31.2056,4.99193,0.35139
757,5,0,0,2,0,1,0,0,-29.354,0.28318,0.15,1717,31.2056,14.59019,0.35139
758,20,1,1,8,0,1,0,0,-17.439,0.28271,0.15,1717,31.2056,3.59827,0.35139
759,5,0,0,3,0,1,0,0,-33.408,0.28224,0.15,1717,31.2056,4.95193,0.35139
760,65,6,6,17,0,1,0,0,18.697,0.28177,0.15,1719,31.2056,2.55213,0.35127
761,28,2,2,9,0,1,0,0,-15.465,0.2813,0.15,1719,31.2056,3.75966,0.35137
762,7,0,0,5,0,1,0,0,-27.596,0.28083,0.15,1719,31.2056,10.07804,0.35137
763,49,3,3,10,0,1,0,0,-0.112,0.28036,0.15,1719,31.2056,2.87196,0.35137
764,27,3,3,10,0,1,0,0,-9.951,0.2799,0.15,1719,31.2056,5.20455,0.35137
765,40,3,3,11,0,1,0,0,-6.062,0.27943,0.15,1719,31.2056,3.98009,0.35137
766,103,3,3,16,0,1,0,0,1.132,0.27897,0.15,1724,31.2056,2.31473,0.35112
767,44,1,1,7,0,1,0,0,-10.227,0.2785,0.15,1724,31.2056,2.63587,0.35112
768,34,0,0,10,0,1,0,0,-19.43,0.27804,0.15,1724,31.2056,3.22605,0.35112
769,5,0,0,3,0,1,0,0,-33.002,0.27757,0.15,1725,31.2056,17.56946,0.35111
770,69,5,5,14,0,1,0,0,6.199,0.27711,0.15,1725,31.2056,3.00991,0.35111
771,27,2,2,9,0,1,0,0,-13.305,0.27665,0.15,1725,31.2056,4.43076,0.35111
772,34,2,2,7,0,1,0,0,-11.583,0.27619,0.15,1725,31.2056,3.89311,0.35111
773,40,2,2,10,0,1,0,0,-9.529,0.27573,0.15,1725,31.2056,3.27548,0.35111
774,106,1,1,6,0,1,0,0,-8.499,0.27527,0.15,1728,31.2056,2.0672,0.35098
775,26,2,2,8,0,1,0,0,-16.817,0.27481,0.15,1728,31.2056,4.63173,0.35108
776,78,4,4,13,0,1,0,0,1.267,0.27435,0.15,1731,31.2056,2.27379,0.35095
777,39,3,3,13,0,1,0,0,-5.299,0.2739,0.15,1731,31.2056,3.24643,0.35095
778,47,3,3,12,0,1,0,0,-7.425,0.27344,0.15,1732,31.2056,4.43066,0.35085
779,11,0,0,5,0,1,0,0,-25.95,0.27299,0.15,1732,31.2056,5.9569,0.35085
780,31,2,2,9,0,1,0,0,-14.685,0.27253,0.15,1732,31.2056,4.51447,0.35085
781,18,2,2,4,0,1,0,0,-17.464,0.27208,0.15,1732,31.2056,5.5486,0.35085
782,20,1,1,6,0,1,0,0,-22.567,0.27162,0.15,1732,31.2056,5.26752,0.35085
783,27,0,0,9,0,1,0,0,-17.855,0.27117,0.15,1732,31.2056,3.96708,0.35085
784,114,5,5,20,0,1,0,0,22.976,0.27072,0.15,1733,31.2056,2.29503,0.35084
785,49,3,3,11,0,1,0,0,-2.85,0.27027,0.15,1733,31.2056,2.50298,0.35093
786,18,2,2,4,0,1,0,0,-18.78,0.26982,0.15,1733,31.2056,5.68225,0.35093
787,17,0,0,5,0,1,0,0,-24.1,0.26937,0.15,1733,31.2056,4.4521,0.35093
788,400,14,14,27,0,0,0,1,138.341,0.26892,0.15,1743,31.2056,1.68328,0.35217
789,26,2,2,7,0,1,0,0,-12.809,0.26847,0.15,1743,31.2056,4.29439,0.35217
790,26,1,1,9,0,1,0,0,-14.869,0.26803,0.15,1743,31.2056,4.13013,0.35227
791,150,11,11,28,0,1,0,0,51.165,0.26758,0.15,1749,31.2056,2.49426,0.35258
792,14,0,0,3,0,1,0,0,-27.041,0.26714,0.15,1750,31.2056,7.72778,0.35257
793,56,5,5,15,0,1,0,0,7.699,0.26669,0.15,1751,31.2056,3.0442,0.35247
794,75,6,6,17,0,1,0,0,20.729,0.26625,0.15,1752,31.2056,2.64725,0.35236
795,35,2,2,11,0,1,0,0,-11.446,0.2658,0.15,1752,31.2056,3.67895,0.35255
796,5,0,0,4,0,1,0,0,-32.808,0.26536,0.15,1752,31.2056,4.53803,0.35255
797,50,1,1,5,0,1,0,0,-17.086,0.26492,0.15,1752,31.2056,2.5223,0.35274
798,146,12,12,26,0,1,0,0,54.996,0.26448,0.15,1756,31.2056,2.42983,0.35336
799,252,19,19,40,0,1,0,0,96.009,0.26404,0.15,1761,31.2056,2.23575,0.35349
800,30,2,2,9,0,1,0,0,-11.843,0.2636,0.15,1762,31.2056,4.85302,0.35348
801,68,3,3,11,0,1,0,0,-5.029,0.26316,0.15,1763,31.2056,2.91176,0.35347
802,144,6,6,21,0,1,0,0,22.703,0.26272,0.15,1764,31.2056,2.45068,0.35355
803,25,0,0,9,0,1,0,0,-20.697,0.26228,0.15,1764,31.2056,3.34782,0.35355
804,36,2,2,11,0,1,0,0,-10.946,0.26185,0.15,1764,31.2056,4.65447,0.35365
805,400,26,26,59,0,0,0,1,201.467,0.26141,0.15,1781,31.2056,1.98627,0.35317
806,42,2,2,8,0,1,0,0,-9.359,0.26097,0.15,1781,31.2056,2.77883,0.35317
807,58,5,5,16,0,1,0,0,7.871,0.26054,0.15,1783,31.2056,3.05859,0.35296
808,282,13,13,37,0,1,0,0,88.571,0.26011,0.15,1786,31.2056,1.77596,0.35358
809,44,1,1,12,0,1,0,0,-11.223,0.25967,0.15,1787,31.2056,2.80193,0.35348
810,28,3,3,9,0,1,0,0,-10.236,0.25924,0.15,1788,31.2056,4.62294,0.35337
811,22,2,2,7,0,1,0,0,-12.556,0.25881,0.15,1788,31.2056,3.08474,0.35337
812,40,4,4,6,0,1,0,0,-3.017,0.25838,0.15,1788,31.2056,3.29388,0.35337
813,7,0,0,4,0,1,0,0,-24.848,0.25795,0.15,1788,31.2056,7.87488,0.35337
814,93,3,3,12,0,1,0,0,9.06,0.25752,0.15,1789,31.2056,1.96125,0.35327
815,22,2,2,7,0,1,0,0,-15.677,0.25709,0.15,1789,31.2056,4.24854,0.35336
816,52,5,5,14,0,1,0,0,6.534,0.25666,0.15,1791,31.2056,3.40407,0.35343
817,17,1,1,7,0,1,0,0,-19.435,0.25623,0.15,1791,31.2056,5.87348,0.35343
818,138,5,5,22,0,1,0,0,20.66,0.25581,0.15,1796,31.2056,2.28346,0.35319
819,5,0,0,0,0,1,0,0,-35.312,0.25538,0.15,1796,31.2056,13.94573,0.35319
820,19,2,2,8,0,1,0,0,-14.115,0.25496,0.15,1796,31.2056,4.8421,0.35319
821,5,0,0,3,0,1,0,0,-32.608,0.25453,0.15,1796,31.2056,4.19976,0.35319
822,80,6,6,23,0,1,0,0,25.926,0.25411,0.15,1797,31.2056,3.01026,0.35318
823,31,1,1,10,0,1,0,0,-14.786,0.25368,0.15,1798,31.2056,4.25562,0.35308
824,14,1,1,4,0,1,0,0,-20.677,0.25326,0.15,1798,31.2056,5.72102,0.35308
825,176,15,15,37,0,1,0,0,69.178,0.25284,0.15,1800,31.2056,3.03991,0.35306
826,6,0,0,2,0,1,0,0,-30.956,0.25242,0.15,1800,31.2056,9.06937,0.35306
827,125,6,6,13,0,1,0,0,23.343,0.252,0.15,1802,31.2056,2.20063,0.35294
828,18,3,3,9,0,1,0,0,-10.408,0.25158,0.15,1802,31.2056,6.04613,0.35294
829,27,1,1,8,0,1,0,0,-16.062,0.25116,0.15,1802,31.2056,4.29648,0.35303
830,143,7,7,28,0,1,0,0,33.842,0.25074,0.15,1804,31.2056,2.166,0.35292
831,79,6,6,13,0,1,0,0,9.637,0.25032,0.15,1805,31.2056,2.83513,0.353
832,47,1,1,10,0,1,0,0,-15.772,0.24991,0.15,1805,31.2056,3.18193,0.35309
833,101,3,3,11,0,1,0,0,-2.56,0.24949,0.15,1807,31.2056,2.90247,0.35326
834,77,3,3,19,0,1,0,0,3.484,0.24908,0.15,1807,31.2056,2.30669,0.35335
835,65,3,3,18,0,1,0,0,3.257,0.24866,0.15,1809,31.2056,2.25487,0.35333
836,75,4,4,27,0,1,0,0,11.248,0.24825,0.15,1813,31.2056,2.86725,0.35328
837,39,0,0,6,0,1,0,0,-18.048,0.24783,0.15,1813,31.2056,1.59152,0.35328
838,5,0,0,4,0,1,0,0,-32.808,0.24742,0.15,1813,31.2056,5.45453,0.35328
839,65,6,6,9,0,1,0,0,6.962,0.24701,0.15,1813,31.2056,3.0392,0.35337
840,84,7,7,23,0,1,0,0,23.779,0.2466,0.15,1817,31.2056,3.04741,0.35324
841,32,3,3,9,0,1,0,0,-6.529,0.24619,0.15,1818,31.2056,4.08306,0.35314
842,14,0,0,5,0,1,0,0,-27.554,0.24578,0.15,1818,31.2056,4.28614,0.35314
843,120,8,8,24,0,1,0,0,34.257,0.24537,0.15,1823,31.2056,2.59195,0.35272
844,133,9,9,20,0,1,0,0,24.657,0.24496,0.15,1831,31.2056,2.66221,0.35263
845,16,1,1,4,0,1,0,0,-23.328,0.24455,0.15,1831,31.2056,5.59617,0.35263
846,120,12,12,20,0,1,0,0,46.38,0.24414,0.15,1833,31.2056,2.81396,0.35252
847,319,27,27,60,0,1,0,0,158.634,0.24374,0.15,1838,31.2056,2.26875,0.35301
848,47,3,3,15,0,1,0,0,2.735,0.24333,0.15,1838,31.2056,2.96002,0.35319
849,18,0,0,2,0,1,0,0,-29.822,0.24293,0.15,1838,31.2056,6.39969,0.35319
850,8,0,0,4,0,1,0,0,-32.354,0.24252,0.15,1838,31.2056,6.00631,0.35319
851,5,0,0,3,0,1,0,0,-31.354,0.24212,0.15,1838,31.2056,10.50288,0.35319
852,33,3,3,5,0,1,0,0,-9.699,0.24171,0.15,1839,31.2056,4.44954,0.35309
853,107,4,4,13,0,1,0,0,9.864,0.24131,0.15,1843,31.2056,2.20706,0.35296
854,33,2,2,10,0,1,0,0,-15.075,0.24091,0.15,1844,31.2056,3.52392,0.35295
855,41,3,3,10,0,1,0,0,-2.849,0.24051,0.15,1844,31.2056,3.22133,0.35295
856,39,0,0,8,0,1,0,0,-17.585,0.24011,0.15,1844,31.2056,2.67849,0.35295
857,5,0,0,3,0,1,0,0,-33.408,0.23971,0.15,1844,31.2056,4.00645,0.35295
858,76,4,4,13,0,1,0,0,1.042,0.23931,0.15,1847,31.2056,3.02941,0.35273
859,36,2,2,8,0,1,0,0,-8.662,0.23891,0.15,1847,31.2056,4.12301,0.35273
860,297,14,14,34,0,1,0,0,83.044,0.23851,0.15,1850,31.2056,2.06954,0.35306
861,275,14,14,25,0,1,0,0,72.636,0.23812,0.15,1858,31.2056,2.15691,0.35298
862,96,10,10,22,0,1,0,0,39.818,0.23772,0.15,1859,31.2056,3.25772,0.35333
863,27,0,0,8,0,1,0,0,-24.922,0.23732,0.15,1860,31.2056,5.19175,0.35332
864,68,5,5,14,0,1,0,0,5.7,0.23693,0.15,1862,31.2056,3.28173,0.35347
865,104,9,9,29,0,1,0,0,38.249,0.23653,0.15,1862,31.2056,2.72155,0.35365
866,5,0,0,1,0,1,0,0,-30.31,0.23614,0.15,1862,31.2056,15.23345,0.35365
867,400,8,8,26,0,0,0,1,98.022,0.23575,0.15,1869,31.2056,1.83749,0.35402
868,6,0,0,3,0,1,0,0,-32.952,0.23535,0.15,1869,31.2056,10.48857,0.35411
869,7,0,0,5,0,1,0,0,-23.848,0.23496,0.15,1869,31.2056,8.92271,0.35411
870,57,4,4,13,0,1,0,0,2.049,0.23457,0.15,1869,31.2056,3.70352,0.35411
871,40,5,5,15,0,1,0,0,3.616,0.23418,0.15,1869,31.2056,3.6965,0.35429
872,164,11,11,37,0,1,0,0,60.758,0.23379,0.15,1871,31.2056,2.84052,0.35418
873,48,6,6,15,0,1,0,0,9.403,0.2334,0.15,1872,31.2056,3.61409,0.35417
874,172,13,13,36,0,1,0,0,72.326,0.23301,0.15,1879,31.2056,2.66955,0.35356
875,15,0,0,4,0,1,0,0,-24.173,0.23262,0.15,1879,31.2056,6.02321,0.35356
876,13,2,2,4,0,1,0,0,-20.72,0.23224,0.15,1879,31.2056,8.60657,0.35356
877,32,2,2,9,0,1,0,0,-10.264,0.23185,0.15,1879,31.2056,4.46711,0.35356
878,134,11,11,20,0,1,0,0,47.163,0.23146,0.15,1881,31.2056,2.49337,0.35389
879,13,0,0,4,0,1,0,0,-25.352,0.23108,0.15,1881,31.2056,6.80205,0.35398
880,305,20,20,42,0,1,0,0,118.066,0.23069,0.15,1887,31.2056,2.24315,0.35462
881,118,7,7,14,0,1,0,0,24.902,0.23031,0.15,1889,31.2056,2.26944,0.35495
882,182,12,12,31,0,1,0,0,64.093,0.22993,0.15,1889,31.2056,2.38212,0.35521
883,55,6,6,14,0,1,0,0,10.196,0.22954,0.15,1889,31.2056,3.54138,0.35521
884,56,4,4,14,0,1,0,0,6.029,0.22916,0.15,1890,31.2056,3.21524,0.3552
885,18,0,0,2,0,1,0,0,-26.297,0.22878,0.15,1890,31.2056,4.86575,0.3552
886,69,4,4,16,0,1,0,0,8.932,0.2284,0.15,1892,31.2056,2.85076,0.35509
887,39,3,3,9,0,1,0,0,-7.231,0.22802,0.15,1893,31.2056,3.95663,0.35499
888,26,3,3,9,0,1,0,0,-8.289,0.22764,0.15,1893,31.2056,4.32137,0.35499
889,34,3,3,9,0,1,0,0,-8.148,0.22726,0.15,1893,31.2056,3.84054,0.35499
890,20,1,1,7,0,1,0,0,-22.064,0.22688,0.15,1893,31.2056,4.46598,0.35499
891,115,7,7,17,0,1,0,0,22.213,0.2265,0.15,1893,31.2056,2.09834,0.35499
892,18,2,2,4,0,1,0,0,-19.97,0.22613,0.15,1893,31.2056,3.99008,0.35499
893,108,6,6,27,0,1,0,0,31.915,0.22575,0.15,1894,31.2056,2.34664,0.35516
894,8,0,0,2,0,1,0,0,-30.802,0.22537,0.15,1894,31.2056,6.69519,0.35516
895,22,0,0,4,0,1,0,0,-24.428,0.225,0.15,1894,31.2056,3.62579,0.35516
896,84,6,6,13,0,1,0,0,17.483,0.22462,0.15,1894,31.2056,2.70132,0.35542
897,15,1,1,4,0,1,0,0,-23.251,0.22425,0.15,1894,31.2056,5.79402,0.35542
898,32,1,1,7,0,1,0,0,-15.563,0.22388,0.15,1894,31.2056,4.47812,0.35542
899,162,14,14,45,0,1,0,0,76.194,0.2235,0.15,1895,31.2056,3.12104,0.3555
900,49,4,4,9,0,1,0,0,3.457,0.22313,0.15,1895,31.2056,3.31305,0.3555
901,96,12,12,27,0,1,0,0,53.16,0.22276,0.15,1896,31.2056,3.02603,0.3554
902,29,3,3,7,0,1,0,0,-13.766,0.22239,0.15,1896,31.2056,4.24845,0.3554
903,36,0,0,3,0,1,0,0,-26.642,0.22202,0.15,1896,31.2056,3.0714,0.3554
904,37,3,3,9,0,1,0,0,-5.867,0.22165,0.15,1896,31.2056,3.84315,0.3554
905,17,1,1,8,0,1,0,0,-16.568,0.22128,0.15,1896,31.2056,5.15371,0.3554
906,50,3,3,16,0,1,0,0,-0.855,0.22091,0.15,1899,31.2056,3.70158,0.3551
907,5,0,0,3,0,1,0,0,-33.402,0.22054,0.15,1899,31.2056,10.48018,0.3551
908,57,2,2,9,0,1,0,0,-9.722,0.22017,0.15,1899,31.2056,3.14842,0.3551
909,7,0,0,5,0,1,0,0,-25.098,0.21981,0.15,1899,31.2056,9.54271,0.3551
910,128,7,7,15,0,1,0,0,23.054,0.21944,0.15,1900,31.2056,2.34321,0.35509
911,42,6,6,14,0,1,0,0,11.237,0.21908,0.15,1900,31.2056,3.86421,0.35509
912,66,6,6,17,0,1,0,0,13.805,0.21871,0.15,1900,31.2056,3.14094,0.35544
913,5,0,0,2,0,1,0,0,-31.104,0.21835,0.15,1900,31.2056,12.97701,0.35544
914,13,1,1,4,0,1,0,0,-20.13,0.21798,0.15,1900,31.2056,7.14144,0.35544
915,42,2,2,9,0,1,0,0,-6.248,0.21762,0.15,1900,31.2056,2.89375,0.35544
916,75,6,6,22,0,1,0,0,23.838,0.21726,0.15,1902,31.2056,3.02794,0.35533
917,26,1,1,8,0,1,0,0,-18.888,0.2169,0.15,1903,31.2056,4.14183,0.35532
918,73,3,3,15,0,1,0,0,-5.236,0.21654,0.15,1904,31.2056,3.99569,0.3553
919,71,4,4,15,0,1,0,0,-1.026,0.21618,0.15,1904,31.2056,2.62135,0.35539
920,65,1,1,8,0,1,0,0,-8.135,0.21582,0.15,1904,31.2056,2.7164,0.35548
921,87,3,3,13,0,1,0,0,9.29,0.21546,0.15,1905,31.2056,1.75396,0.35538
922,164,12,12,31,0,1,0,0,53.852,0.2151,0.15,1908,31.2056,2.57012,0.35561
923,126,8,8,19,0,1,0,0,34.345,0.21474,0.15,1908,31.2056,2.79801,0.35561
924,158,11,11,36,0,1,0,0,55.449,0.21438,0.15,1909,31.2056,2.65838,0.35568
925,29,1,1,10,0,1,0,0,-16.008,0.21402,0.15,1909,31.2056,2.7839,0.35577
926,40,3,3,7,0,1,0,0,-6.41,0.21367,0.15,1909,31.2056,3.05152,0.35577
927,36,3,3,8,0,1,0,0,-7.392,0.21331,0.15,1909,31.2056,3.74341,0.35577
928,52,1,1,7,0,1,0,0,-13.396,0.21296,0.15,1909,31.2056,1.86967,0.35586
929,5,0,0,3,0,1,0,0,-32.152,0.2126,0.15,1909,31.2056,9.35301,0.35586
930,88,7,7,13,0,1,0,0,15.814,0.21225,0.15,1912,31.2056,3.67565,0.35574
931,265,12,12,37,0,1,0,0,70.791,0.21189,0.15,1914,31.2056,2.04854,0.35597
932,118,6,6,21,0,1,0,0,27.955,0.21154,0.15,1915,31.2056,2.18355,0.35596
933,23,2,2,8,0,1,0,0,-14.886,0.21119,0.15,1915,31.2056,4.33758,0.35596
934,400,26,26,60,0,0,0,1,207.578,0.21084,0.15,1920,31.2056,1.94757,0.35573
935,88,8,8,29,0,1,0,0,40.031,0.21049,0.15,1920,31.2056,2.74177,0.35573
936,25,0,0,5,0,1,0,0,-19.035,0.21014,0.15,1920,31.2056,4.60054,0.35573
937,295,7,7,26,0,1,0,0,53.212,0.20979,0.15,1924,31.2056,1.80172,0.3556
938,91,7,7,21,0,1,0,0,26.647,0.20944,0.15,1924,31.2056,2.84122,0.35577
939,242,15,15,43,0,1,0,0,92.075,0.20909,0.15,1927,31.2056,2.09205,0.35582
940,40,3,3,8,0,1,0,0,-6.471,0.20874,0.15,1927,31.2056,3.58373,0.35582
941,118,10,10,35,0,1,0,0,44.611,0.20839,0.15,1929,31.2056,3.24012,0.35588
942,13,0,0,8,0,1,0,0,-22.457,0.20805,0.15,1929,31.2056,6.17547,0.35597
943,342,17,17,58,0,1,0,0,133.056,0.2077,0.15,1932,31.2056,2.15494,0.35594
944,130,6,6,23,0,1,0,0,28.202,0.20735,0.15,1932,31.2056,2.23499,0.35602
945,55,4,4,14,0,1,0,0,3.077,0.20701,0.15,1932,31.2056,3.37289,0.35619
946,70,3,3,10,0,1,0,0,0.135,0.20666,0.15,1932,31.2056,2.69059,0.35619
947,45,2,2,10,0,1,0,0,-12.591,0.20632,0.15,1932,31.2056,3.51339,0.35628
948,25,2,2,7,0,1,0,0,-17.075,0.20598,0.15,1932,31.2056,3.68167,0.35628
949,5,0,0,4,0,1,0,0,-32.806,0.20563,0.15,1932,31.2056,7.92769,0.35628
950,17,1,1,8,0,1,0,0,-18.618,0.20529,0.15,1932,31.2056,5.01,0.35628
951,65,4,4,17,0,1,0,0,9.147,0.20495,0.15,1934,31.2056,3.32744,0.35617
952,136,8,8,36,0,1,0,0,50.727,0.20461,0.15,1937,31.2056,2.59529,0.35605
953,113,4,4,11,0,1,0,0,11.481,0.20427,0.15,1937,31.2056,2.54616,0.35613
954,7,0,0,3,0,1,0,0,-33.404,0.20393,0.15,1937,31.2056,7.95516,0.35613
955,17,2,2,6,0,1,0,0,-15.536,0.20359,0.15,1937,31.2056,5.39697,0.35622
956,69,9,9,15,0,1,0,0,28.016,0.20325,0.15,1938,31.2056,3.29302,0.35621
957,17,2,2,4,0,1,0,0,-18.363,0.20291,0.15,1938,31.2056,5.63032,0.35621
958,24,0,0,6,0,1,0,0,-24.013,0.20257,0.15,1938,31.2056,3.85617,0.35621
959,254,11,11,29,0,1,0,0,56.932,0.20223,0.15,1941,31.2056,1.73901,0.35635
960,39,4,4,13,0,1,0,0,-1.669,0.2019,0.15,1941,31.2056,3.95828,0.35652
961,94,9,9,16,0,1,0,0,24.435,0.20156,0.15,1941,31.2056,2.38878,0.35703
962,93,6,6,19,0,1,0,0,18.756,0.20122,0.15,1943,31.2056,2.63101,0.35684
963,5,0,0,2,0,1,0,0,-34.408,0.20089,0.15,1943,31.2056,10.19355,0.35684
964,105,9,9,22,0,1,0,0,34.86,0.20056,0.15,1947,31.2056,2.69771,0.35645
965,48,4,4,13,0,1,0,0,0.995,0.20022,0.15,1947,31.2056,3.34284,0.35653
966,6,0,0,2,0,1,0,0,-31.21,0.19989,0.15,1947,31.2056,11.7777,0.35653
967,40,3,3,15,0,1,0,0,0.673,0.19955,0.15,1947,31.2056,4.00014,0.35662
968,41,3,3,12,0,1,0,0,-4.906,0.19922,0.15,1947,31.2056,4.27979,0.35662
969,80,4,4,11,0,1,0,0,8.652,0.19889,0.15,1948,31.2056,2.54938,0.35669
970,244,11,11,29,0,1,0,0,72.717,0.19856,0.15,1949,31.2056,2.02301,0.35694
971,400,23,23,47,0,0,0,1,180.53,0.19823,0.15,1951,31.2056,2.04611,0.35725
972,106,3,3,16,0,1,0,0,10.165,0.1979,0.15,1952,31.2056,1.86027,0.35716
973,13,0,0,6,0,1,0,0,-22.452,0.19757,0.15,1952,31.2056,6.33555,0.35716
974,400,14,14,32,0,0,0,1,139.876,0.19724,0.15,1955,31.2056,1.34202,0.35712
975,6,0,0,1,0,1,0,0,-30.002,0.19691,0.15,1955,31.2056,11.02147,0.35712
976,137,8,8,22,0,1,0,0,37.427,0.19658,0.15,1956,31.2056,1.87417,0.35711
977,156,16,16,44,0,1,0,0,90.748,0.19626,0.15,1957,31.2056,2.87145,0.35718
978,17,1,1,8,0,1,0,0,-16.779,0.19593,0.15,1957,31.2056,4.78715,0.35718
979,5,0,0,3,0,1,0,0,-33.004,0.1956,0.15,1957,31.2056,11.99632,0.35718
980,74,2,2,6,0,1,0,0,0.228,0.19528,0.15,1959,31.2056,1.86011,0.35698
981,66,5,5,14,0,1,0,0,5.141,0.19495,0.15,1960,31.2056,3.43105,0.35706
982,55,4,4,15,0,1,0,0,3.361,0.19463,0.15,1962,31.2056,4.29794,0.35712
983,5,0,0,3,0,1,0,0,-33.008,0.1943,0.15,1962,31.2056,4.36886,0.35712
984,245,15,15,36,0,1,0,0,87.949,0.19398,0.15,1966,31.2056,2.39006,0.35715
985,13,0,0,3,0,1,0,0,-28.488,0.19366,0.15,1966,31.2056,4.89536,0.35715
986,159,11,11,29,0,1,0,0,62.8,0.19333,0.15,1966,31.2056,2.42949,0.35741
987,47,3,3,9,0,1,0,0,-6.281,0.19301,0.15,1966,31.2056,2.93576,0.35741
988,18,1,1,6,0,1,0,0,-20.512,0.19269,0.15,1967,31.2056,5.23937,0.3574
989,5,0,0,3,0,1,0,0,-33.802,0.19237,0.15,1969,31.2056,17.28163,0.35729
990,13,0,0,4,0,1,0,0,-23.769,0.19205,0.15,1969,31.2056,6.61534,0.35729
991,40,5,5,15,0,1,0,0,6.951,0.19173,0.15,1969,31.2056,4.10371,0.35729
992,93,2,2,19,0,1,0,0,1.037,0.19141,0.15,1971,31.2056,3.00722,0.35709
993,143,13,13,36,0,1,0,0,60.72,0.19109,0.15,1971,31.2056,2.49268,0.35718
994,13,1,1,4,0,1,0,0,-22.635,0.19077,0.15,1971,31.2056,6.27942,0.35726
995,21,0,0,7,0,1,0,0,-26.311,0.19046,0.15,1971,31.2056,4.89914,0.35726
996,5,0,0,2,0,1,0,0,-33.602,0.19014,0.15,1971,31.2056,13.81195,0.35735
997,45,3,3,9,0,1,0,0,-4.491,0.18982,0.15,1972,31.2056,3.6199,0.35734
998,28,2,2,7,0,1,0,0,-12.326,0.18951,0.15,1972,31.2056,4.08013,0.35734
999,61,4,4,16,0,1,0,0,5.192,0.18919,0.15,1972,31.2056,3.29196,0.35742
1000,17,2,2,8,0,1,0,0,-14.636,0.18888,0.15,1972,31.2056,5.4648,0.35742
1001,324,11,11,27,0,1,0,0,80.789,0.18856,0.15,1976,31.2056,2.03288,0.35729
1002,373,20,20,53,0,1,0,0,139.504,0.18825,0.15,1986,31.2056,2.12117,0.357
1003,147,10,10,25,0,1,0,0,49.867,0.18793,0.15,1986,31.2056,2.33545,0.35725
1004,5,0,0,3,0,1,0,0,-32.152,0.18762,0.15,1986,31.2056,15.56272,0.35733
1005,17,1,1,7,0,1,0,0,-17.529,0.18731,0.15,1986,31.2056,4.84089,0.35733
1006,400,22,22,58,0,0,0,1,187.279,0.187,0.15,1990,31.2056,1.81893,0.35754
1007,333,14,14,38,0,1,0,0,106.06,0.18668,0.15,1990,31.2056,1.66318,0.35779
1008,61,6,6,17,0,1,0,0,10.427,0.18637,0.15,1992,31.2056,3.3219,0.35768
1009,17,1,1,4,0,1,0,0,-19.97,0.18606,0.15,1992,31.2056,5.77541,0.35768
1010,123,8,8,28,0,1,0,0,40.869,0.18575,0.15,1995,31.2056,2.51409,0.35756
1011,14,0,0,4,0,1,0,0,-26.927,0.18544,0.15,1995,31.2056,8.02453,0.35764
1012,163,9,9,38,0,1,0,0,54.108,0.18514,0.15,1996,31.2056,2.23316,0.3578
1013,400,16,16,36,0,0,0,1,139.637,0.18483,0.15,2001,31.2056,1.82584,0.35807
1014,42,4,4,11,0,1,0,0,-2.475,0.18452,0.15,2001,31.2056,2.86268,0.35807
1015,140,11,11,29,0,1,0,0,57.82,0.18421,0.15,2002,31.2056,2.37891,0.35806
1016,16,0,0,6,0,1,0,0,-27.004,0.18391,0.15,2003,31.2056,5.16325,0.35821
1017,141,8,8,26,0,1,0,0,42.591,0.1836,0.15,2004,31.2056,2.06389,0.3582
1018,17,1,1,6,0,1,0,0,-19.747,0.18329,0.15,2004,31.2056,4.42233,0.3582
1019,400,15,15,48,0,0,0,1,151.476,0.18299,0.15,2008,31.2056,1.78759,0.35798
1020,83,6,6,18,0,1,0,0,19.402,0.18268,0.15,2008,31.2056,2.38039,0.35798
1021,112,6,6,17,0,1,0,0,22.875,0.18238,0.15,2008,31.2056,1.97799,0.35807
1022,7,0,0,6,0,1,0,0,-22.002,0.18208,0.15,2008,31.2056,7.26467,0.35807
1023,16,1,1,5,0,1,0,0,-22.195,0.18177,0.15,2008,31.2056,4.64583,0.35807
1024,242,16,16,47,0,1,0,0,102.937,0.18147,0.15,2010,31.2056,2.07179,0.35829
1025,59,4,4,13,0,1,0,0,4.979,0.18117,0.15,2010,31.2056,3.57683,0.35837
1026,66,5,5,18,0,1,0,0,11.939,0.18087,0.15,2011,31.2056,2.61929,0.35836
1027,287,21,21,48,0,1,0,0,129.369,0.18056,0.15,2013,31.2056,2.19545,0.3585
1028,40,3,3,16,0,1,0,0,-0.429,0.18026,0.15,2013,31.2056,3.11967,0.3585
1029,94,6,6,11,0,1,0,0,10.856,0.17996,0.15,2014,31.2056,2.86725,0.35857
1030,400,12,12,38,0,0,0,1,131.652,0.17966,0.15,2017,31.2056,1.66833,0.35862
1031,43,2,2,8,0,1,0,0,-11.356,0.17936,0.15,2017,31.2056,3.20592,0.3587
1032,28,1,1,12,0,1,0,0,-13.482,0.17907,0.15,2017,31.2056,3.87356,0.3587
1033,56,6,6,14,0,1,0,0,11.78,0.17877,0.15,2018,31.2056,3.07389,0.35869
1034,197,15,15,42,0,1,0,0,82.388,0.17847,0.15,2018,31.2056,2.42575,0.35894
1035,18,2,2,6,0,1,0,0,-15.892,0.17817,0.15,2018,31.2056,4.82665,0.35894
1036,66,6,6,18,0,1,0,0,11.979,0.17788,0.15,2021,31.2056,3.32026,0.35873
1037,291,18,18,47,0,1,0,0,101.951,0.17758,0.15,2024,31.2056,2.36243,0.35903
1038,65,6,6,19,0,1,0,0,14.563,0.17728,0.15,2024,31.2056,3.25196,0.35903
1039,14,1,1,2,0,1,0,0,-22.997,0.17699,0.15,2024,31.2056,6.87018,0.35919
1040,218,18,18,51,0,1,0,0,106.589,0.17669,0.15,2025,31.2056,2.94199,0.35926
1041,90,8,8,22,0,1,0,0,30.98,0.1764,0.15,2025,31.2056,2.86873,0.35926
1042,128,11,11,38,0,1,0,0,61.52,0.17611,0.15,2028,31.2056,2.8355,0.35922
1043,17,2,2,5,0,1,0,0,-15.153,0.17581,0.15,2028,31.2056,4.71562,0.35922
1044,286,15,15,34,0,1,0,0,96.116,0.17552,0.15,2028,31.2056,1.95092,0.3593
1045,154,4,4,28,0,1,0,0,27.371,0.17523,0.15,2031,31.2056,2.38531,0.35918
1046,40,5,5,7,0,1,0,0,-2.901,0.17494,0.15,2031,31.2056,3.78199,0.35943
1047,400,19,19,41,0,0,0,1,167.933,0.17464,0.15,2034,31.2056,1.67623,0.35964
1048,111,12,12,32,0,1,0,0,56.592,0.17435,0.15,2034,31.2056,2.82169,0.35964
1049,400,23,23,63,0,0,0,1,220.175,0.17406,0.15,2037,31.2056,2.02615,0.35968
1050,44,5,5,13,0,1,0,0,6.866,0.17377,0.15,2039,31.2056,3.41406,0.35957
1051,169,9,9,33,0,1,0,0,46.249,0.17348,0.15,2040,31.2056,2.36486,0.35964
1052,20,0,0,6,0,1,0,0,-23.801,0.1732,0.15,2040,31.2056,5.79464,0.35964
1053,186,20,20,48,0,1,0,0,106.927,0.17291,0.15,2042,31.2056,2.90721,0.35953
1054,63,1,1,6,0,1,0,0,-15.71,0.17262,0.15,2042,31.2056,1.98449,0.35961
1055,21,0,0,8,0,1,0,0,-22.227,0.17233,0.15,2042,31.2056,4.75957,0.3597
1056,20,1,1,9,0,1,0,0,-15.433,0.17204,0.15,2042,31.2056,5.08871,0.3597
1057,45,5,5,11,0,1,0,0,3.298,0.17176,0.15,2043,31.2056,3.89758,0.35968
1058,14,0,0,7,0,1,0,0,-23.074,0.17147,0.15,2044,31.2056,8.25239,0.35959
1059,306,21,21,50,0,1,0,0,137.901,0.17119,0.15,2047,31.2056,2.11106,0.35979
1060,27,0,0,3,0,1,0,0,-28.958,0.1709,0.15,2047,31.2056,3.18525,0.35979
1061,163,13,13,38,0,1,0,0,82.699,0.17062,0.15,2047,31.2056,2.45236,0.35996
1062,33,2,2,8,0,1,0,0,-10.028,0.17033,0.15,2047,31.2056,3.72481,0.36004
1063,34,1,1,8,0,1,0,0,-13.185,0.17005,0.15,2047,31.2056,2.94245,0.36004
1064,203,15,15,39,0,1,0,0,83.298,0.16977,0.15,2048,31.2056,2.40555,0.36011
1065,220,19,19,44,0,1,0,0,105.346,0.16948,0.15,2052,31.2056,2.80837,0.35989
1066,79,5,5,18,0,1,0,0,12.615,0.1692,0.15,2053,31.2056,2.88113,0.35988
1067,28,2,2,9,0,1,0,0,-11.98,0.16892,0.15,2053,31.2056,4.3824,0.35988
1068,183,13,13,45,0,1,0,0,73.631,0.16864,0.15,2054,31.2056,2.30929,0.35979
1069,35,3,3,12,0,1,0,0,-6.966,0.16836,0.15,2054,31.2056,3.80177,0.35979
1070,76,5,5,12,0,1,0,0,11.666,0.16808,0.15,2055,31.2056,2.8401,0.35977
1071,19,0,0,3,0,1,0,0,-24.426,0.1678,0.15,2055,31.2056,4.42852,0.35977
1072,128,5,5,21,0,1,0,0,22.955,0.16752,0.15,2057,31.2056,1.94624,0.35959
1073,64,7,7,16,0,1,0,0,22.886,0.16724,0.15,2057,31.2056,3.16535,0.35967
1074,28,1,1,6,0,1,0,0,-16.561,0.16696,0.15,2058,31.2056,3.5663,0.35957
1075,5,0,0,4,0,1,0,0,-32.808,0.16668,0.15,2058,31.2056,5.60379,0.35957
1076,19,1,1,6,0,1,0,0,-19.418,0.1664,0.15,2058,31.2056,4.61672,0.35957
1077,400,17,17,32,0,0,0,1,150.119,0.16613,0.15,2059,31.2056,1.6656,0.35972
1078,54,2,2,11,0,1,0,0,-4.022,0.16585,0.15,2059,31.2056,2.47814,0.35972
1079,335,18,18,52,0,1,0,0,126.884,0.16557,0.15,2062,31.2056,2.25611,0.35984
1080,120,6,6,19,0,1,0,0,20.816,0.1653,0.15,2063,31.2056,2.19468,0.35991
1081,114,12,12,30,0,1,0,0,55.936,0.16502,0.15,2063,31.2056,3.09673,0.35991
1082,46,1,1,7,0,1,0,0,-11.476,0.16475,0.15,2063,31.2056,1.97008,0.35991
1083,160,8,8,37,0,1,0,0,46.489,0.16447,0.15,2063,31.2056,2.35654,0.35999
1084,145,7,7,27,0,1,0,0,34.133,0.1642,0.15,2067,31.2056,2.50999,0.35978
1085,56,7,7,18,0,1,0,0,19.699,0.16393,0.15,2068,31.2056,4.18949,0.35985
1086,17,1,1,6,0,1,0,0,-16.792,0.16365,0.15,2068,31.2056,4.17366,0.35985
1087,104,8,8,32,0,1,0,0,44.358,0.16338,0.15,2069,31.2056,2.80588,0.35992
1088,114,9,9,20,0,1,0,0,38.597,0.16311,0.15,2073,31.2056,2.86078,0.35978
1089,61,5,5,12,0,1,0,0,5.149,0.16284,0.15,2074,31.2056,3.24605,0.35969
1090,41,5,5,16,0,1,0,0,6.103,0.16257,0.15,2075,31.2056,4.33529,0.3596
1091,169,11,11,34,0,1,0,0,67.988,0.1623,0.15,2079,31.2056,2.74258,0.35955
1092,30,2,2,9,0,1,0,0,-11.884,0.16203,0.15,2079,31.2056,4.47301,0.35955
1093,37,2,2,15,0,1,0,0,-2.906,0.16176,0.15,2079,31.2056,3.86544,0.35955
1094,276,20,20,59,0,1,0,0,137.733,0.16149,0.15,2082,31.2056,2.56525,0.35935
1095,108,8,8,24,0,1,0,0,30.91,0.16122,0.15,2083,31.2056,3.35497,0.35942
1096,90,6,6,25,0,1,0,0,26.713,0.16095,0.15,2083,31.2056,2.63816,0.35942
1097,270,19,19,52,0,1,0,0,121.266,0.16068,0.15,2086,31.2056,2.2519,0.35922
1098,5,0,0,4,0,1,0,0,-33.206,0.16041,0.15,2086,31.2056,6.98869,0.35922
1099,127,7,7,19,0,1,0,0,27.479,0.16015,0.15,2086,31.2056,2.33652,0.3593
1100,76,5,5,13,0,1,0,0,11.008,0.15988,0.15,2086,31.2056,2.4025,0.3593
1101,30,2,2,6,0,1,0,0,-14.411,0.15961,0.15,2087,31.2056,3.97018,0.35929
1102,45,2,2,15,0,1,0,0,-6.874,0.15935,0.15,2087,31.2056,3.56302,0.35929
1103,17,0,0,2,0,1,0,0,-25.869,0.15908,0.15,2087,31.2056,6.67622,0.35937
1104,6,0,0,2,0,1,0,0,-31.206,0.15882,0.15,2087,31.2056,9.72955,0.35937
1105,288,17,17,41,0,1,0,0,108.453,0.15855,0.15,2087,31.2056,2.19523,0.35961
1106,92,8,8,20,0,1,0,0,31.411,0.15829,0.15,2088,31.2056,3.39486,0.35967
1107,15,1,1,7,0,1,0,0,-20.075,0.15803,0.15,2088,31.2056,5.76995,0.35967
1108,53,4,4,21,0,1,0,0,7.13,0.15776,0.15,2088,31.2056,3.36407,0.35975
1109,226,15,15,38,0,1,0,0,87.303,0.1575,0.15,2089,31.2056,2.1806,0.35966
1110,221,19,19,48,0,1,0,0,112.652,0.15724,0.15,2090,31.2056,2.55629,0.35973
1111,5,0,0,3,0,1,0,0,-31.754,0.15698,0.15,2090,31.2056,8.36377,0.35973
1112,65,5,5,20,0,1,0,0,14.822,0.15671,0.15,2090,31.2056,2.68809,0.35973
1113,83,7,7,23,0,1,0,0,29.929,0.15645,0.15,2092,31.2056,2.9955,0.35954
1114,181,10,10,27,0,1,0,0,53.498,0.15619,0.15,2092,31.2056,1.76663,0.35954
1115,272,9,9,28,0,1,0,0,75.669,0.15593,0.15,2092,31.2056,1.5475,0.3597
1116,7,0,0,5,0,1,0,0,-28.408,0.15567,0.15,2092,31.2056,7.88203,0.3597
1117,68,5,5,20,0,1,0,0,11.41,0.15541,0.15,2092,31.2056,2.9113,0.35978
1118,84,9,9,18,0,1,0,0,31.196,0.15515,0.15,2092,31.2056,3.04183,0.35978
1119,66,8,8,21,0,1,0,0,26.269,0.1549,0.15,2092,31.2056,3.49169,0.35986
1120,34,3,3,10,0,1,0,0,-6.577,0.15464,0.15,2093,31.2056,2.69657,0.35977
1121,70,4,4,16,0,1,0,0,11.749,0.15438,0.15,2093,31.2056,3.04439,0.35977
1122,51,4,4,14,0,1,0,0,4.999,0.15412,0.15,2093,31.2056,3.37428,0.35977
1123,18,2,2,5,0,1,0,0,-14.144,0.15387,0.15,2093,31.2056,5.20398,0.35977
1124,300,20,20,46,0,1,0,0,117.291,0.15361,0.15,2093,31.2056,2.18113,0.36001
1125,161,9,9,30,0,1,0,0,51.216,0.15335,0.15,2093,31.2056,2.00137,0.36025
1126,108,9,9,22,0,1,0,0,37.173,0.1531,0.15,2093,31.2056,2.64769,0.36033
1127,245,18,18,53,0,1,0,0,101.668,0.15284,0.15,2095,31.2056,2.45115,0.36022
1128,193,8,8,15,0,1,0,0,41.686,0.15259,0.15,2095,31.2056,1.41816,0.3603
1129,13,0,0,5,0,1,0,0,-24.507,0.15234,0.15,2095,31.2056,6.72845,0.3603
1130,40,4,4,12,0,1,0,0,0.035,0.15208,0.15,2095,31.2056,3.44655,0.3603
1131,18,1,1,9,0,1,0,0,-18.689,0.15183,0.15,2095,31.2056,4.56216,0.3603
1132,88,3,3,22,0,1,0,0,16.328,0.15158,0.15,2095,31.2056,2.90544,0.36038
1133,400,20,20,61,0,0,0,1,197.16,0.15132,0.15,2101,31.2056,1.77254,0.36015
1134,146,4,4,18,0,1,0,0,25.668,0.15107,0.15,2101,31.2056,1.48481,0.36023
1135,40,1,1,9,0,1,0,0,-18.744,0.15082,0.15,2102,31.2056,3.88699,0.36021
1136,57,2,2,9,0,1,0,0,-2.341,0.15057,0.15,2103,31.2056,2.56226,0.3602
1137,40,2,2,10,0,1,0,0,-11.702,0.15032,0.15,2103,31.2056,4.26927,0.3602
1138,400,26,26,70,0,0,0,1,220.097,0.15007,0.15,2104,31.2056,1.88034,0.36019
1139,400,24,24,65,0,0,0,1,206.536,0.14982,0.15,2105,31.2056,2.04516,0.36017
1140,400,24,24,55,0,0,0,1,188.984,0.14957,0.15,2109,31.2056,1.95912,0.36004
1141,188,9,9,24,0,1,0,0,55.947,0.14932,0.15,2110,31.2056,2.49428,0.36003
1142,17,2,2,7,0,1,0,0,-13.977,0.14907,0.15,2110,31.2056,5.19597,0.36003
1143,185,13,13,39,0,1,0,0,81.016,0.14882,0.15,2110,31.2056,2.40968,0.36003
1144,50,4,4,16,0,1,0,0,5.417,0.14857,0.15,2110,31.2056,3.3848,0.36011
1145,174,15,15,38,0,1,0,0,87.619,0.14833,0.15,2110,31.2056,2.82877,0.36035
1146,20,0,0,5,0,1,0,0,-26.867,0.14808,0.15,2110,31.2056,6.24817,0.36035
1147,62,7,7,15,0,1,0,0,14.221,0.14783,0.15,2110,31.2056,3.47359,0.36035
1148,21,2,2,4,0,1,0,0,-16.74,0.14759,0.15,2110,31.2056,4.57107,0.36035
1149,37,3,3,11,0,1,0,0,-6.607,0.14734,0.15,2110,31.2056,4.65589,0.36035
1150,22,2,2,4,0,1,0,0,-16.556,0.1471,0.15,2110,31.2056,4.03356,0.36035
1151,49,2,2,12,0,1,0,0,-6.705,0.14685,0.15,2110,31.2056,3.19512,0.36035
1152,247,14,14,37,0,1,0,0,76.864,0.14661,0.15,2111,31.2056,2.86156,0.36073
1153,6,0,0,3,0,1,0,0,-30.452,0.14636,0.15,2111,31.2056,8.81758,0.36073
1154,135,18,18,34,0,1,0,0,76.898,0.14612,0.15,2112,31.2056,3.0446,0.36072
1155,14,2,2,3,0,1,0,0,-21.34,0.14588,0.15,2112,31.2056,7.97511,0.3608
1156,132,3,3,20,0,1,0,0,11.155,0.14563,0.15,2112,31.2056,1.76332,0.3608
1157,5,0,0,4,0,1,0,0,-32.806,0.14539,0.15,2112,31.2056,10.49369,0.3608
1158,400,31,31,64,0,0,0,1,240.077,0.14515,0.15,2112,31.2056,2.03615,0.36095
1159,96,9,9,23,0,1,0,0,35.151,0.14491,0.15,2116,31.2056,3.08982,0.36066
1160,400,23,23,65,0,0,0,1,202.135,0.14467,0.15,2118,31.2056,1.8074,0.3608
1161,71,6,6,21,0,1,0,0,17.493,0.14442,0.15,2119,31.2056,3.13704,0.36094
1162,120,6,6,24,0,1,0,0,31.086,0.14418,0.15,2121,31.2056,2.00323,0.36084
1163,99,5,5,24,0,1,0,0,19.574,0.14394,0.15,2123,31.2056,3.36803,0.36081
1164,400,26,26,60,0,0,0,1,214.187,0.1437,0.15,2125,31.2056,1.82797,0.36071
1165,335,22,22,60,0,1,0,0,142.13,0.14346,0.15,2127,31.2056,2.42787,0.36068
1166,147,18,18,47,0,1,0,0,94.56,0.14323,0.15,2128,31.2056,3.00333,0.36075
1167,177,10,10,24,0,1,0,0,48.498,0.14299,0.15,2130,31.2056,2.53556,0.3608
1168,107,3,3,11,0,1,0,0,5.306,0.14275,0.15,2130,31.2056,2.75884,0.3608
1169,15,2,2,5,0,1,0,0,-17.664,0.14251,0.15,2131,31.2056,5.71061,0.36071
1170,16,2,2,5,0,1,0,0,-15.613,0.14227,0.15,2131,31.2056,4.61493,0.36071
1171,357,27,27,68,0,1,0,0,173.732,0.14204,0.15,2132,31.2056,2.70399,0.36085
1172,182,14,14,29,0,1,0,0,77.057,0.1418,0.15,2133,31.2056,2.71069,0.36092
1173,260,14,14,51,0,1,0,0,103.855,0.14156,0.15,2135,31.2056,2.50048,0.36089
1174,400,24,24,75,0,0,0,1,209.461,0.14133,0.15,2137,31.2056,2.28027,0.36079
1175,131,12,12,24,0,1,0,0,48.682,0.14109,0.15,2138,31.2056,2.66221,0.3607
1176,32,3,3,5,0,1,0,0,-12.045,0.14086,0.15,2138,31.2056,3.23651,0.3607
1177,46,7,7,13,0,1,0,0,10.76,0.14062,0.15,2138,31.2056,3.96709,0.3607
1178,347,9,9,39,0,1,0,0,84.908,0.14039,0.15,2140,31.2056,2.18479,0.36059
1179,76,4,4,13,0,1,0,0,-1.744,0.14016,0.15,2140,31.2056,3.56469,0.36067
1180,268,14,14,43,0,1,0,0,91.234,0.13992,0.15,2140,31.2056,2.28396,0.36067
1181,119,5,5,15,0,1,0,0,17.216,0.13969,0.15,2141,31.2056,2.90903,0.36073
1182,400,21,21,58,0,0,0,1,189.33,0.13946,0.15,2142,31.2056,2.05853,0.36072
1183,95,13,13,32,0,1,0,0,58.6,0.13922,0.15,2142,31.2056,3.06158,0.36096
1184,69,2,2,20,0,1,0,0,6.281,0.13899,0.15,2142,31.2056,2.6289,0.36096
1185,31,2,2,12,0,1,0,0,-12.154,0.13876,0.15,2144,31.2056,3.70748,0.36077
1186,400,13,13,40,0,0,0,1,128.539,0.13853,0.15,2145,31.2056,1.85028,0.36076
1187,95,7,7,25,0,1,0,0,30.463,0.1383,0.15,2145,31.2056,3.07124,0.36092
1188,400,36,36,76,0,0,0,1,250.163,0.13807,0.15,2145,31.2056,2.55878,0.36115
1189,113,6,6,20,0,1,0,0,26.857,0.13784,0.15,2145,31.2056,2.25394,0.36115
1190,44,6,6,13,0,1,0,0,7.677,0.13761,0.15,2145,31.2056,3.39264,0.36115
1191,15,0,0,4,0,1,0,0,-30.058,0.13738,0.15,2145,31.2056,7.16376,0.36123
1192,78,0,0,2,0,1,0,0,-25.982,0.13715,0.15,2145,31.2056,1.38233,0.36123
1193,38,3,3,9,0,1,0,0,-2.646,0.13692,0.15,2145,31.2056,2.73246,0.36123
1194,74,4,4,9,0,1,0,0,-0.241,0.1367,0.15,2145,31.2056,3.12426,0.36123
1195,136,11,11,29,0,1,0,0,49.358,0.13647,0.15,2145,31.2056,2.36275,0.36123
1196,5,0,0,3,0,1,0,0,-33.802,0.13624,0.15,2145,31.2056,16.12205,0.36131
1197,258,15,15,29,0,1,0,0,80.848,0.13601,0.15,2147,31.2056,2.19615,0.36136
1198,341,27,27,65,0,1,0,0,174.356,0.13579,0.15,2147,31.2056,2.4518,0.36182
1199,17,2,2,7,0,1,0,0,-16.332,0.13556,0.15,2147,31.2056,5.38052,0.36182
1200,148,10,10,22,0,1,0,0,45.509,0.13534,0.15,2148,31.2056,2.67364,0.36181
1201,259,17,17,43,0,1,0,0,94.646,0.13511,0.15,2149,31.2056,2.37367,0.36172
1202,74,6,6,20,0,1,0,0,17.814,0.13488,0.15,2149,31.2056,3.49917,0.3618
1203,264,12,12,41,0,1,0,0,85.54,0.13466,0.15,2150,31.2056,2.08629,0.36178
1204,200,15,15,36,0,1,0,0,82.574,0.13444,0.15,2150,31.2056,2.41328,0.36186
1205,18,2,2,6,0,1,0,0,-14.284,0.13421,0.15,2150,31.2056,5.54015,0.36186
1206,126,7,7,26,0,1,0,0,30.636,0.13399,0.15,2151,31.2056,2.66324,0.36185
1207,20,0,0,10,0,1,0,0,-21.807,0.13377,0.15,2151,31.2056,4.45116,0.36185
1208,306,25,25,57,0,1,0,0,169.646,0.13354,0.15,2153,31.2056,2.41709,0.36198
1209,400,32,32,73,0,0,0,1,228.893,0.13332,0.15,2155,31.2056,2.165,0.36195
1210,66,4,4,10,0,1,0,0,3.494,0.1331,0.15,2155,31.2056,3.17575,0.36195
1211,400,32,32,68,0,0,0,1,242.823,0.13288,0.15,2157,31.2056,2.33577,0.36208
1212,15,1,1,6,0,1,0,0,-17.574,0.13266,0.15,2157,31.2056,5.11231,0.36208
1213,12,0,0,2,0,1,0,0,-26.088,0.13243,0.15,2157,31.2056,7.13445,0.36208
1214,30,1,1,5,0,1,0,0,-20.32,0.13221,0.15,2157,31.2056,3.63738,0.36208
1215,34,3,3,9,0,1,0,0,-8.374,0.13199,0.15,2157,31.2056,4.1603,0.36231
1216,400,25,25,61,0,0,0,1,203.871,0.13177,0.15,2159,31.2056,2.11625,0.36236
1217,400,28,28,72,0,0,0,1,221.731,0.13155,0.15,2160,31.2056,2.16113,0.36258
1218,400,25,25,58,0,0,0,1,206.15,0.13134,0.15,2160,31.2056,1.98089,0.36281
1219,56,2,2,13,0,1,0,0,-2.814,0.13112,0.15,2160,31.2056,3.3196,0.36281
1220,87,4,4,16,0,1,0,0,16.106,0.1309,0.15,2160,31.2056,2.7296,0.36281
1221,63,6,6,17,0,1,0,0,12.961,0.13068,0.15,2160,31.2056,2.68421,0.36281
1222,234,28,28,57,0,1,0,0,155.25,0.13046,0.15,2160,31.2056,2.5902,0.36296
1223,29,2,2,5,0,1,0,0,-13.848,0.13025,0.15,2160,31.2056,3.6943,0.36296
1224,5,0,0,2,0,1,0,0,-32.308,0.13003,0.15,2160,31.2056,9.39636,0.36296
1225,15,0,0,4,0,1,0,0,-22.546,0.12981,0.15,2160,31.2056,5.52435,0.36296
1226,17,1,1,6,0,1,0,0,-19.381,0.1296,0.15,2160,31.2056,5.86358,0.36296
1227,400,19,19,48,0,0,0,1,167.88,0.12938,0.15,2160,31.2056,2.04599,0.36312
1228,5,0,0,3,0,1,0,0,-29.306,0.12916,0.15,2160,31.2056,10.84343,0.36312
1229,180,2,2,11,0,1,0,0,3.613,0.12895,0.15,2160,31.2056,1.72071,0.36312
1230,74,8,8,16,0,1,0,0,29.058,0.12873,0.15,2160,31.2056,2.72396,0.36327
1231,203,5,5,18,0,1,0,0,26.169,0.12852,0.15,2160,31.2056,2.13993,0.36335
1232,363,30,30,77,0,1,0,0,202.96,0.12831,0.15,2160,31.2056,2.59595,0.3635
1233,323,25,25,66,0,1,0,0,169.989,0.12809,0.15,2160,31.2056,2.33063,0.3635
1234,400,19,19,53,0,0,0,1,176.631,0.12788,0.15,2162,31.2056,2.01228,0.36332
1235,126,7,7,25,0,1,0,0,37.837,0.12767,0.15,2164,31.2056,2.82334,0.36314
1236,37,2,2,8,0,1,0,0,-10.877,0.12745,0.15,2164,31.2056,3.23849,0.36314
1237,211,14,14,45,0,1,0,0,92.446,0.12724,0.15,2164,31.2056,2.54026,0.36322
1238,20,0,0,6,0,1,0,0,-27.175,0.12703,0.15,2164,31.2056,5.594,0.36329
1239,144,5,5,25,0,1,0,0,32.667,0.12682,0.15,2164,31.2056,2.53681,0.36329
1240,400,19,19,56,0,0,0,1,183.635,0.12661,0.15,2165,31.2056,2.0731,0.36328
1241,43,2,2,11,0,1,0,0,-4.072,0.1264,0.15,2166,31.2056,3.03594,0.36319
1242,46,2,2,11,0,1,0,0,-7.407,0.12619,0.15,2166,31.2056,3.16741,0.36327
1243,84,6,6,12,0,1,0,0,13.044,0.12598,0.15,2166,31.2056,3.21513,0.36327
1244,80,7,7,17,0,1,0,0,20.985,0.12577,0.15,2166,31.2056,2.51823,0.36327
1245,58,3,3,11,0,1,0,0,-2.51,0.12556,0.15,2166,31.2056,3.15354,0.36327
1246,400,11,11,30,0,0,0,1,112.348,0.12535,0.15,2166,31.2056,1.73422,0.36334
1247,25,1,1,6,0,1,0,0,-16.199,0.12514,0.15,2166,31.2056,4.85746,0.36334
1248,61,6,6,15,0,1,0,0,14.203,0.12493,0.15,2166,31.2056,3.10445,0.36334
1249,356,30,30,68,0,1,0,0,185.923,0.12472,0.15,2169,31.2056,2.55933,0.36345
1250,100,4,4,17,0,1,0,0,7.913,0.12451,0.15,2169,31.2056,2.68713,0.36345
1251,61,5,5,15,0,1,0,0,11.098,0.12431,0.15,2170,31.2056,4.11422,0.36352
1252,34,3,3,7,0,1,0,0,-10.044,0.1241,0.15,2170,31.2056,3.96121,0.36352
1253,400,23,23,71,0,0,0,1,192.672,0.12389,0.15,2170,31.2056,2.17824,0.36359
1254,116,7,7,20,0,1,0,0,29.089,0.12369,0.15,2170,31.2056,2.38081,0.36359
1255,27,2,2,8,0,1,0,0,-10.276,0.12348,0.15,2170,31.2056,3.99553,0.36359
1256,78,1,1,10,0,1,0,0,-12.33,0.12328,0.15,2171,31.2056,2.44747,0.36358
1257,18,1,1,6,0,1,0,0,-19.421,0.12307,0.15,2171,31.2056,5.902,0.36358
1258,339,18,18,58,0,1,0,0,118.361,0.12287,0.15,2174,31.2056,2.46824,0.36354
1259,56,3,3,12,0,1,0,0,1.292,0.12266,0.15,2174,31.2056,3.38066,0.36354
1260,39,2,2,11,0,1,0,0,-6.42,0.12246,0.15,2174,31.2056,4.30413,0.36354
1261,400,26,26,78,0,0,0,1,235.357,0.12225,0.15,2179,31.2056,2.05548,0.36316
1262,201,15,15,41,0,1,0,0,98.583,0.12205,0.15,2179,31.2056,2.48689,0.36316
1263,6,0,0,3,0,1,0,0,-32.26,0.12185,0.15,2179,31.2056,11.57551,0.36316
1264,8,0,0,1,0,1,0,0,-31.002,0.12164,0.15,2179,31.2056,7.3088,0.36316
1265,172,13,13,32,0,1,0,0,73.359,0.12144,0.15,2179,31.2056,2.5428,0.36324
1266,236,21,21,50,0,1,0,0,129.278,0.12124,0.15,2184,31.2056,2.70068,0.36302
1267,73,2,2,11,0,1,0,0,-1.482,0.12104,0.15,2184,31.2056,2.34171,0.36302
1268,5,0,0,3,0,1,0,0,-33.404,0.12083,0.15,2184,31.2056,11.93381,0.36302
1269,400,23,23,62,0,0,0,1,195.023,0.12063,0.15,2187,31.2056,2.45884,0.36298
1270,6,0,0,2,0,1,0,0,-31.206,0.12043,0.15,2187,31.2056,8.67346,0.36298
1271,118,7,7,25,0,1,0,0,34.669,0.12023,0.15,2187,31.2056,2.40511,0.36298
1272,87,4,4,26,0,1,0,0,14.591,0.12003,0.15,2187,31.2056,2.55929,0.36298
1273,268,15,15,41,0,1,0,0,98.924,0.11983,0.15,2188,31.2056,2.05945,0.36289
1274,176,6,6,23,0,1,0,0,37.736,0.11963,0.15,2188,31.2056,2.08773,0.36289
1275,87,5,5,12,0,1,0,0,6.422,0.11943,0.15,2188,31.2056,2.38345,0.36304
1276,400,30,30,63,0,0,0,1,230.768,0.11923,0.15,2190,31.2056,2.26633,0.36309
1277,16,1,1,3,0,1,0,0,-22.214,0.11904,0.15,2190,31.2056,4.82974,0.36309
1278,119,12,12,43,0,1,0,0,62.67,0.11884,0.15,2191,31.2056,2.88057,0.36315
1279,7,0,0,4,0,1,0,0,-28.608,0.11864,0.15,2191,31.2056,7.39861,0.36315
1280,400,14,14,48,0,0,0,1,145.81,0.11844,0.15,2191,31.2056,1.81778,0.36315
1281,334,17,17,45,0,1,0,0,127.4,0.11824,0.15,2192,31.2056,2.33716,0.36306
1282,5,0,0,4,0,1,0,0,-32.408,0.11805,0.15,2192,31.2056,6.65838,0.36306
1283,48,3,3,17,0,1,0,0,0.304,0.11785,0.15,2193,31.2056,3.11247,0.36313
1284,40,3,3,10,0,1,0,0,-9.013,0.11765,0.15,2193,31.2056,2.87449,0.36313
1285,400,25,25,62,0,0,0,1,208.545,0.11746,0.15,2194,31.2056,2.10873,0.36319
1286,30,2,2,12,0,1,0,0,-10.862,0.11726,0.15,2194,31.2056,3.82132,0.36319
1287,400,25,25,63,0,0,0,1,213.106,0.11707,0.15,2195,31.2056,1.93448,0.36333
1288,400,23,23,61,0,0,0,1,197.676,0.11687,0.15,2198,31.2056,2.32928,0.36328
1289,31,2,2,8,0,1,0,0,-16.684,0.11668,0.15,2198,31.2056,5.70403,0.36328
1290,250,19,19,46,0,1,0,0,122.335,0.11648,0.15,2199,31.2056,2.45299,0.3632
1291,326,25,25,66,0,1,0,0,166.052,0.11629,0.15,2199,31.2056,2.14338,0.36342
1292,38,5,5,8,0,1,0,0,0.334,0.1161,0.15,2199,31.2056,4.06285,0.36342
1293,40,3,3,10,0,1,0,0,-3.808,0.1159,0.15,2199,31.2056,3.55923,0.36342
1294,30,2,2,6,0,1,0,0,-17.537,0.11571,0.15,2199,31.2056,5.12869,0.36342
1295,154,6,6,23,0,1,0,0,34.244,0.11552,0.15,2199,31.2056,2.12526,0.36342
1296,265,20,20,60,0,1,0,0,143.825,0.11533,0.15,2205,31.2056,2.48922,0.36304
1297,318,5,5,23,0,1,0,0,42.32,0.11513,0.15,2205,31.2056,1.46684,0.36311
1298,76,6,6,17,0,1,0,0,23.728,0.11494,0.15,2205,31.2056,3.03538,0.36319
1299,218,17,17,43,0,1,0,0,100.846,0.11475,0.15,2205,31.2056,2.32112,0.36327
1300,69,4,4,22,0,1,0,0,14.527,0.11456,0.15,2206,31.2056,3.06776,0.36325
1301,183,11,11,27,0,1,0,0,59.75,0.11437,0.15,2206,31.2056,2.22171,0.36333
1302,277,12,12,26,0,1,0,0,76.847,0.11418,0.15,2208,31.2056,2.20053,0.3633
1303,168,7,7,34,0,1,0,0,47.724,0.11399,0.15,2208,31.2056,2.16469,0.3633
1304,5,0,0,3,0,1,0,0,-32.608,0.1138,0.15,2208,31.2056,4.49919,0.3633
1305,169,17,17,39,0,1,0,0,83.615,0.11361,0.15,2212,31.2056,2.81658,0.36302
1306,21,2,2,5,0,1,0,0,-17.031,0.11342,0.15,2212,31.2056,5.41513,0.36302
1307,101,11,11,20,0,1,0,0,43.855,0.11323,0.15,2212,31.2056,2.54643,0.36302
1308,86,6,6,25,0,1,0,0,24.184,0.11304,0.15,2213,31.2056,2.91605,0.36301
1309,400,33,33,75,0,0,0,1,244.624,0.11285,0.15,2213,31.2056,2.05854,0.36301
1310,54,4,4,17,0,1,0,0,12.17,0.11267,0.15,2213,31.2056,2.51504,0.36301
1311,89,6,6,23,0,1,0,0,25.194,0.11248,0.15,2213,31.2056,2.92071,0.36308
1312,38,3,3,12,0,1,0,0,-4.901,0.11229,0.15,2213,31.2056,3.39995,0.36308
1313,278,16,16,30,0,1,0,0,77.379,0.1121,0.15,2215,31.2056,1.89341,0.36298
1314,116,9,9,21,0,1,0,0,30.699,0.11192,0.15,2215,31.2056,2.65564,0.36298
1315,60,7,7,13,0,1,0,0,15.948,0.11173,0.15,2215,31.2056,3.64967,0.36298
1316,40,4,4,9,0,1,0,0,-1.143,0.11154,0.15,2215,31.2056,3.29482,0.36298
1317,327,19,19,60,0,1,0,0,137.958,0.11136,0.15,2215,31.2056,2.38694,0.36305
1318,60,4,4,12,0,1,0,0,7.56,0.11117,0.15,2217,31.2056,3.62594,0.36295
1319,54,3,3,12,0,1,0,0,0.578,0.11099,0.15,2217,31.2056,3.56356,0.36295
1320,92,6,6,21,0,1,0,0,19.359,0.1108,0.15,2217,31.2056,2.50357,0.36303
1321,400,16,16,38,0,0,0,1,152.115,0.11062,0.15,2217,31.2056,1.92486,0.36318
1322,400,20,20,58,0,0,0,1,171.878,0.11043,0.15,2217,31.2056,1.96082,0.36333
1323,323,29,29,66,0,1,0,0,168.826,0.11025,0.15,2217,31.2056,2.47954,0.36348
1324,17,1,1,8,0,1,0,0,-18.354,0.11007,0.15,2217,31.2056,5.36417,0.36348
1325,152,9,9,28,0,1,0,0,52.865,0.10988,0.15,2218,31.2056,2.20836,0.36347
1326,181,19,19,33,0,1,0,0,99.562,0.1097,0.15,2218,31.2056,3.0011,0.36369
1327,20,0,0,6,0,1,0,0,-23.013,0.10952,0.15,2218,31.2056,4.44475,0.36369
1328,383,34,34,79,0,1,0,0,223.152,0.10934,0.15,2219,31.2056,2.36505,0.36375
1329,29,1,1,4,0,1,0,0,-20.614,0.10915,0.15,2219,31.2056,3.71351,0.36375
1330,91,8,8,23,0,1,0,0,29.155,0.10897,0.15,2221,31.2056,2.9121,0.36373
1331,57,5,5,9,0,1,0,0,4.477,0.10879,0.15,2221,31.2056,2.8526,0.36373
1332,132,1,1,9,0,1,0,0,-3.675,0.10861,0.15,2221,31.2056,2.69399,0.36373
1333,46,4,4,12,0,1,0,0,3.709,0.10843,0.15,2221,31.2056,2.88604,0.36373
1334,47,3,3,7,0,1,0,0,-2.632,0.10825,0.15,2222,31.2056,3.02907,0.36364
1335,400,17,17,49,0,0,0,1,161.198,0.10807,0.15,2222,31.2056,1.8997,0.36364
1336,83,14,14,35,0,1,0,0,55.047,0.10789,0.15,2222,31.2056,3.75428,0.36371
1337,5,0,0,3,0,1,0,0,-33.402,0.10771,0.15,2222,31.2056,11.92588,0.36379
1338,175,16,16,49,0,1,0,0,96.457,0.10753,0.15,2222,31.2056,2.64557,0.36379
1339,322,28,28,67,0,1,0,0,169.44,0.10735,0.15,2222,31.2056,2.56985,0.36401
1340,400,20,20,55,0,0,0,1,183.92,0.10717,0.15,2223,31.2056,2.10574,0.36422
1341,52,3,3,12,0,1,0,0,0.357,0.10699,0.15,2223,31.2056,3.47036,0.36422
1342,400,19,19,53,0,0,0,1,177.396,0.10681,0.15,2223,31.2056,1.86022,0.3643
1343,142,15,15,31,0,1,0,0,76.867,0.10664,0.15,2223,31.2056,3.01081,0.3643
1344,51,5,5,11,0,1,0,0,9.742,0.10646,0.15,2223,31.2056,3.39859,0.3643
1345,102,10,10,33,0,1,0,0,45.044,0.10628,0.15,2223,31.2056,3.13445,0.36437
1346,311,11,11,40,0,1,0,0,77.528,0.1061,0.15,2224,31.2056,2.04357,0.36436
1347,60,5,5,15,0,1,0,0,8.644,0.10593,0.15,2224,31.2056,3.29095,0.36436
1348,47,5,5,15,0,1,0,0,6.461,0.10575,0.15,2224,31.2056,3.17602,0.36436
1349,40,5,5,11,0,1,0,0,-0.444,0.10558,0.15,2224,31.2056,3.6327,0.36436
1350,321,32,32,67,0,1,0,0,196.152,0.1054,0.15,2225,31.2056,2.55838,0.36427
1351,261,26,26,59,0,1,0,0,155.952,0.10522,0.15,2225,31.2056,2.85965,0.36434
1352,400,24,24,58,0,0,0,1,194.129,0.10505,0.15,2228,31.2056,2.21468,0.36423
1353,388,31,31,90,0,1,0,0,220.194,0.10487,0.15,2235,31.2056,2.62135,0.36383
1354,39,1,1,6,0,1,0,0,-14.597,0.1047,0.15,2235,31.2056,3.32461,0.36383
1355,149,11,11,36,0,1,0,0,59.506,0.10452,0.15,2235,31.2056,2.57818,0.36391
1356,299,25,25,57,0,1,0,0,149.724,0.10435,0.15,2235,31.2056,2.26546,0.36398
1357,115,7,7,11,0,1,0,0,19.097,0.10418,0.15,2235,31.2056,2.83247,0.36398
1358,35,2,2,9,0,1,0,0,-11.477,0.104,0.15,2235,31.2056,3.27685,0.36398
1359,67,4,4,13,0,1,0,0,9.114,0.10383,0.15,2235,31.2056,2.95964,0.36398
1360,22,0,0,10,0,1,0,0,-19.335,0.10366,0.15,2235,31.2056,5.26871,0.36398
1361,13,0,0,5,0,1,0,0,-25.404,0.10348,0.15,2235,31.2056,7.34849,0.36398
1362,34,2,2,6,0,1,0,0,-9.645,0.10331,0.15,2235,31.2056,3.89159,0.36406
1363,62,2,2,8,0,1,0,0,-8.39,0.10314,0.15,2237,31.2056,3.55432,0.36403
1364,400,23,23,77,0,0,0,1,202.085,0.10297,0.15,2239,31.2056,2.36479,0.36408
1365,45,4,4,11,0,1,0,0,3.429,0.1028,0.15,2239,31.2056,3.43516,0.36408
1366,223,19,19,43,0,1,0,0,111.836,0.10263,0.15,2239,31.2056,2.68005,0.36408
1367,17,1,1,3,0,1,0,0,-20.591,0.10245,0.15,2239,31.2056,5.73733,0.36408
1368,68,7,7,15,0,1,0,0,15.976,0.10228,0.15,2239,31.2056,2.94449,0.36408
1369,45,2,2,6,0,1,0,0,-15.841,0.10211,0.15,2239,31.2056,4.11597,0.36408
1370,30,3,3,8,0,1,0,0,-8.13,0.10194,0.15,2239,31.2056,4.39965,0.36408
1371,39,3,3,10,0,1,0,0,-4.172,0.10177,0.15,2239,31.2056,3.27275,0.36408
1372,69,10,10,17,0,1,0,0,29.736,0.1016,0.15,2240,31.2056,3.49367,0.36406
1373,229,10,10,32,0,1,0,0,70.325,0.10144,0.15,2241,31.2056,2.4255,0.36397
1374,17,2,2,6,0,1,0,0,-18.446,0.10127,0.15,2241,31.2056,4.88518,0.36397
1375,157,1,1,6,0,1,0,0,-4.057,0.1011,0.15,2241,31.2056,2.31192,0.36397
1376,5,0,0,4,0,1,0,0,-32.404,0.10093,0.15,2241,31.2056,10.47007,0.36397
1377,57,4,4,15,0,1,0,0,6.55,0.10076,0.15,2241,31.2056,2.54978,0.36397
1378,400,27,27,71,0,0,0,1,220.106,0.10059,0.15,2241,31.2056,2.25394,0.3642
1379,278,22,22,51,0,1,0,0,142.619,0.10043,0.15,2241,31.2056,2.37005,0.36427
1380,84,5,5,19,0,1,0,0,17.83,0.10026,0.15,2241,31.2056,2.6358,0.36435
1381,16,1,1,3,0,1,0,0,-20.235,0.10009,0.15,2241,31.2056,6.69101,0.36435
1382,161,11,11,44,0,1,0,0,77.56,0.09993,0.15,2241,31.2056,2.57082,0.36457
1383,31,1,1,5,0,1,0,0,-16.626,0.09976,0.15,2241,31.2056,4.00634,0.36457
1384,60,8,8,17,0,1,0,0,20.394,0.09959,0.15,2241,31.2056,3.56051,0.36457
1385,330,28,28,67,0,1,0,0,186.936,0.09943,0.15,2244,31.2056,2.39797,0.36453
1386,71,9,9,19,0,1,0,0,28.247,0.09926,0.15,2244,31.2056,3.35206,0.36453
1387,33,1,1,12,0,1,0,0,-10.744,0.0991,0.15,2244,31.2056,3.86546,0.36453
1388,15,0,0,7,0,1,0,0,-25.356,0.09893,0.15,2244,31.2056,5.94271,0.36453
1389,197,16,16,43,0,1,0,0,93.394,0.09877,0.15,2244,31.2056,2.73789,0.36468
1390,42,4,4,14,0,1,0,0,0.812,0.0986,0.15,2244,31.2056,3.90972,0.36468
1391,107,14,14,31,0,1,0,0,57.337,0.09844,0.15,2244,31.2056,3.05527,0.36468
1392,400,29,29,59,0,0,0,1,215.062,0.09827,0.15,2245,31.2056,2.30666,0.36466
1393,400,23,23,54,0,0,0,1,181.078,0.09811,0.15,2245,31.2056,2.24077,0.36474
1394,23,1,1,8,0,1,0,0,-18.854,0.09795,0.15,2245,31.2056,5.29398,0.36474
1395,65,6,6,16,0,1,0,0,12.597,0.09778,0.15,2245,31.2056,2.85885,0.36474
1396,400,21,21,45,0,0,0,1,179.443,0.09762,0.15,2245,31.2056,1.70862,0.36481
1397,135,14,14,37,0,1,0,0,70.492,0.09746,0.15,2246,31.2056,2.94542,0.36472
1398,121,10,10,33,0,1,0,0,54.754,0.0973,0.15,2246,31.2056,2.89334,0.36487
1399,400,15,15,34,0,0,0,1,141.665,0.09713,0.15,2247,31.2056,1.70105,0.36486
1400,400,33,33,83,0,0,0,1,261.933,0.09697,0.15,2250,31.2056,2.39026,0.36489
1401,183,11,11,31,0,1,0,0,66.488,0.09681,0.15,2251,31.2056,1.97974,0.36487
1402,374,24,24,67,0,1,0,0,178.133,0.09665,0.15,2251,31.2056,2.17454,0.36495
1403,59,7,7,16,0,1,0,0,16.42,0.09649,0.15,2251,31.2056,3.79569,0.36495
1404,400,21,21,54,0,0,0,1,175.421,0.09633,0.15,2251,31.2056,1.97745,0.36495
1405,400,25,25,75,0,0,0,1,229.913,0.09617,0.15,2251,31.2056,2.3505,0.3651
1406,160,10,10,30,0,1,0,0,48.878,0.09601,0.15,2252,31.2056,2.48456,0.36516
1407,400,23,23,68,0,0,0,1,209.689,0.09585,0.15,2252,31.2056,1.96312,0.36538
1408,107,8,8,23,0,1,0,0,35.929,0.09569,0.15,2253,31.2056,3.15916,0.36536
1409,48,4,4,12,0,1,0,0,5.576,0.09553,0.15,2253,31.2056,3.60985,0.36536
1410,90,7,7,16,0,1,0,0,27.766,0.09537,0.15,2253,31.2056,2.69021,0.36536
1411,400,30,30,80,0,0,0,1,240.968,0.09521,0.15,2253,31.2056,2.38179,0.36551
1412,52,3,3,11,0,1,0,0,-2.014,0.09505,0.15,2253,31.2056,3.59114,0.36551
1413,24,3,3,9,0,1,0,0,-8.49,0.09489,0.15,2253,31.2056,4.76453,0.36551
1414,169,12,12,48,0,1,0,0,78.759,0.09474,0.15,2255,31.2056,2.65715,0.36541
1415,210,18,18,43,0,1,0,0,109.469,0.09458,0.15,2256,31.2056,2.57165,0.36547
1416,115,4,4,12,0,1,0,0,8.672,0.09442,0.15,2256,31.2056,2.33873,0.36547
1417,51,3,3,13,0,1,0,0,2.339,0.09426,0.15,2256,31.2056,3.19475,0.36547
1418,59,4,4,14,0,1,0,0,7.199,0.09411,0.15,2256,31.2056,2.77818,0.36547
1419,76,2,2,10,0,1,0,0,-2.666,0.09395,0.15,2257,31.2056,3.02048,0.36538
1420,224,5,5,20,0,1,0,0,28.112,0.09379,0.15,2257,31.2056,1.89047,0.36538
1421,71,1,1,8,0,1,0,0,-11.51,0.09364,0.15,2257,31.2056,2.84095,0.36538
1422,97,4,4,15,0,1,0,0,8.89,0.09348,0.15,2257,31.2056,2.9263,0.36546
1423,400,26,26,57,0,0,0,1,191.344,0.09333,0.15,2257,31.2056,2.18896,0.36546
1424,74,3,3,16,0,1,0,0,5.05,0.09317,0.15,2257,31.2056,2.8827,0.36546
1425,359,18,18,46,0,1,0,0,137.223,0.09301,0.15,2257,31.2056,1.77514,0.36546
1426,400,34,34,82,0,0,0,1,249.396,0.09286,0.15,2258,31.2056,2.28659,0.36544
1427,110,12,12,28,0,1,0,0,58.319,0.0927,0.15,2258,31.2056,2.99052,0.36559
1428,28,0,0,12,0,1,0,0,-15.028,0.09255,0.15,2258,31.2056,3.68759,0.36559
1429,107,8,8,24,0,1,0,0,32.411,0.0924,0.15,2258,31.2056,2.71647,0.36559
1430,43,3,3,10,0,1,0,0,-4.099,0.09224,0.15,2258,31.2056,4.12259,0.36559
1431,400,22,22,55,0,0,0,1,197.25,0.09209,0.15,2258,31.2056,2.28894,0.36566
1432,5,0,0,2,0,1,0,0,-30.96,0.09194,0.15,2258,31.2056,13.18733,0.36566
1433,15,0,0,2,0,1,0,0,-29.263,0.09178,0.15,2258,31.2056,4.28372,0.36574
1434,166,14,14,42,0,1,0,0,82.751,0.09163,0.15,2259,31.2056,2.52621,0.36565
1435,132,10,10,28,0,1,0,0,47.288,0.09148,0.15,2260,31.2056,2.53906,0.36556
1436,17,2,2,6,0,1,0,0,-14.575,0.09132,0.15,2260,31.2056,6.06324,0.36556
1437,34,3,3,7,0,1,0,0,-6.937,0.09117,0.15,2260,31.2056,4.55829,0.36563
1438,31,4,4,8,0,1,0,0,-5.436,0.09102,0.15,2261,31.2056,4.66589,0.36562
1439,400,30,30,72,0,0,0,1,237.384,0.09087,0.15,2261,31.2056,2.38868,0.36569
1440,91,6,6,18,0,1,0,0,26.173,0.09072,0.15,2261,31.2056,2.30489,0.36569
1441,7,0,0,2,0,1,0,0,-31.154,0.09057,0.15,2261,31.2056,9.11299,0.36569
1442,400,19,19,44,0,0,0,1,167.817,0.09042,0.15,2261,31.2056,1.91366,0.36577
1443,293,23,23,55,0,1,0,0,143.24,0.09027,0.15,2261,31.2056,2.52146,0.36584
1444,162,10,10,33,0,1,0,0,58.806,0.09012,0.15,2262,31.2056,2.47733,0.36575
1445,72,2,2,13,0,1,0,0,0.628,0.08997,0.15,2262,31.2056,2.64992,0.36575
1446,99,2,2,11,0,1,0,0,0.051,0.08982,0.15,2262,31.2056,2.41607,0.36575
1447,75,7,7,22,0,1,0,0,27.278,0.08967,0.15,2262,31.2056,3.01784,0.36575
1448,400,27,27,65,0,0,0,1,212.099,0.08952,0.15,2262,31.2056,2.11969,0.36575
1449,400,31,31,70,0,0,0,1,245.752,0.08937,0.15,2264,31.2056,2.18729,0.3658
1450,186,9,9,26,0,1,0,0,56.871,0.08922,0.15,2265,31.2056,2.20521,0.36578
1451,221,19,19,41,0,1,0,0,115.367,0.08907,0.15,2266,31.2056,2.74145,0.3657
1452,320,21,21,66,0,1,0,0,157.661,0.08892,0.15,2266,31.2056,2.35038,0.3657
1453,400,22,22,52,0,0,0,1,189.218,0.08877,0.15,2266,31.2056,2.07926,0.36577
1454,162,11,11,37,0,1,0,0,74.167,0.08863,0.15,2266,31.2056,2.43896,0.36577
1455,273,20,20,47,0,1,0,0,127.152,0.08848,0.15,2267,31.2056,2.35527,0.36568
1456,160,11,11,30,0,1,0,0,55.034,0.08833,0.15,2267,31.2056,2.43945,0.36568
1457,18,1,1,5,0,1,0,0,-22.077,0.08818,0.15,2267,31.2056,5.01784,0.36568
1458,293,21,21,59,0,1,0,0,133.506,0.08804,0.15,2267,31.2056,2.31856,0.36576
1459,76,4,4,15,0,1,0,0,8.964,0.08789,0.15,2267,31.2056,3.0587,0.3659
1460,79,10,10,22,0,1,0,0,42.425,0.08774,0.15,2267,31.2056,3.14291,0.3659
1461,139,11,11,24,0,1,0,0,57.663,0.0876,0.15,2267,31.2056,2.68659,0.3659
1462,337,18,18,45,0,1,0,0,126.806,0.08745,0.15,2270,31.2056,2.4855,0.36571
1463,5,0,0,3,0,1,0,0,-33.406,0.08731,0.15,2270,31.2056,8.31713,0.36571
1464,400,17,17,46,0,0,0,1,162.071,0.08716,0.15,2270,31.2056,1.83178,0.36586
1465,376,29,29,72,0,1,0,0,191.966,0.08702,0.15,2270,31.2056,2.42972,0.36608
1466,400,25,25,63,0,0,0,1,222.071,0.08687,0.15,2270,31.2056,2.11306,0.36615
1467,100,10,10,24,0,1,0,0,41.734,0.08673,0.15,2270,31.2056,2.73235,0.36615
1468,343,31,31,75,0,1,0,0,203.875,0.08658,0.15,2271,31.2056,2.57562,0.36614
1469,35,4,4,20,0,1,0,0,3.351,0.08644,0.15,2271,31.2056,3.93091,0.36614
1470,215,20,20,44,0,1,0,0,123.889,0.08629,0.15,2273,31.2056,2.61591,0.36596
1471,400,13,13,40,0,0,0,1,137.959,0.08615,0.15,2273,31.2056,2.02825,0.36604
1472,20,2,2,6,0,1,0,0,-14.687,0.08601,0.15,2273,31.2056,4.7417,0.36604
1473,400,7,7,30,0,0,0,1,91.602,0.08586,0.15,2274,31.2056,1.65615,0.36595
1474,37,5,5,11,0,1,0,0,4.0,0.08572,0.15,2275,31.2056,3.9087,0.36586
1475,118,10,10,30,0,1,0,0,52.324,0.08558,0.15,2275,31.2056,3.04191,0.36601
1476,33,3,3,10,0,1,0,0,-3.772,0.08543,0.15,2275,31.2056,3.52288,0.36601
1477,204,21,21,51,0,1,0,0,118.097,0.08529,0.15,2275,31.2056,3.13205,0.36601
1478,109,8,8,23,0,1,0,0,41.314,0.08515,0.15,2275,31.2056,2.72318,0.36601
1479,266,16,16,44,0,1,0,0,95.117,0.08501,0.15,2275,31.2056,2.40447,0.36601
1480,400,17,17,58,0,0,0,1,172.006,0.08487,0.15,2275,31.2056,2.00033,0.36601
1481,62,3,3,9,0,1,0,0,-4.314,0.08473,0.15,2275,31.2056,2.52888,0.36601
1482,37,2,2,12,0,1,0,0,-4.428,0.08458,0.15,2275,31.2056,3.04598,0.36601
1483,400,20,20,56,0,0,0,1,196.211,0.08444,0.15,2276,31.2056,1.91109,0.36614
1484,260,20,20,57,0,1,0,0,132.933,0.0843,0.15,2276,31.2056,2.27228,0.36614
1485,170,9,9,29,0,1,0,0,57.587,0.08416,0.15,2276,31.2056,2.23843,0.36629
1486,62,1,1,6,0,1,0,0,-10.988,0.08402,0.15,2276,31.2056,3.19169,0.36643
1487,67,7,7,16,0,1,0,0,16.664,0.08388,0.15,2277,31.2056,3.60589,0.36634
1488,40,4,4,15,0,1,0,0,0.186,0.08374,0.15,2278,31.2056,3.28022,0.36626
1489,65,3,3,10,0,1,0,0,-4.746,0.0836,0.15,2278,31.2056,2.95103,0.36626
1490,400,29,29,68,0,0,0,1,230.016,0.08346,0.15,2278,31.2056,2.05816,0.36633
1491,193,17,17,40,0,1,0,0,98.471,0.08333,0.15,2278,31.2056,2.50521,0.36633
1492,24,1,1,5,0,1,0,0,-19.176,0.08319,0.15,2278,31.2056,4.93044,0.36633
1493,64,6,6,13,0,1,0,0,13.248,0.08305,0.15,2278,31.2056,4.23974,0.36648
1494,112,8,8,14,0,1,0,0,30.42,0.08291,0.15,2278,31.2056,2.60421,0.36648
1495,400,21,21,55,0,0,0,1,187.145,0.08277,0.15,2278,31.2056,2.20311,0.36655
1496,214,16,16,42,0,1,0,0,90.271,0.08263,0.15,2279,31.2056,2.78481,0.36646
1497,15,1,1,2,0,1,0,0,-21.928,0.0825,0.15,2279,31.2056,6.46467,0.36654
1498,88,6,6,21,0,1,0,0,27.003,0.08236,0.15,2279,31.2056,2.80569,0.36654
1499,93,8,8,18,0,1,0,0,21.357,0.08222,0.15,2279,31.2056,3.41096,0.36654
1500,294,28,28,65,0,1,0,0,170.595,0.08208,0.15,2279,31.2056,2.58026,0.36661
1501,91,10,10,16,0,1,0,0,35.253,0.08195,0.15,2279,31.2056,2.37507,0.36661
1502,400,23,23,67,0,0,0,1,198.619,0.08181,0.15,2279,31.2056,2.15324,0.36675
1503,204,17,17,43,0,1,0,0,98.761,0.08168,0.15,2280,31.2056,2.59749,0.36667
1504,152,10,10,32,0,1,0,0,60.625,0.08154,0.15,2280,31.2056,2.73022,0.36674
1505,400,22,22,43,0,0,0,1,186.158,0.0814,0.15,2280,31.2056,2.1283,0.36681
1506,78,8,8,20,0,1,0,0,24.126,0.08127,0.15,2281,31.2056,3.17407,0.36673
1507,209,12,12,36,0,1,0,0,71.302,0.08113,0.15,2281,31.2056,2.27639,0.36673
1508,278,17,17,40,0,1,0,0,104.026,0.081,0.15,2281,31.2056,2.57999,0.3668
1509,214,11,11,33,0,1,0,0,73.864,0.08086,0.15,2281,31.2056,2.19776,0.3668
1510,58,6,6,13,0,1,0,0,13.114,0.08073,0.15,2281,31.2056,3.10404,0.36694
1511,232,15,15,38,0,1,0,0,93.071,0.08059,0.15,2281,31.2056,2.2907,0.36702
1512,400,21,21,48,0,0,0,1,172.095,0.08046,0.15,2282,31.2056,1.86414,0.36715
1513,275,16,16,49,0,1,0,0,116.394,0.08033,0.15,2282,31.2056,2.36337,0.36715
1514,39,2,2,6,0,1,0,0,-16.166,0.08019,0.15,2282,31.2056,3.01596,0.36715
1515,120,5,5,25,0,1,0,0,36.046,0.08006,0.15,2282,31.2056,1.97784,0.36715
1516,400,25,25,64,0,0,0,1,208.404,0.07992,0.15,2282,31.2056,2.20066,0.36715
1517,210,22,22,47,0,1,0,0,116.534,0.07979,0.15,2283,31.2056,2.82597,0.36713
1518,358,21,21,59,0,1,0,0,149.222,0.07966,0.15,2283,31.2056,2.23904,0.36721
1519,51,2,2,7,0,1,0,0,-9.782,0.07953,0.15,2283,31.2056,3.1308,0.36721
1520,400,13,13,46,0,0,0,1,148.849,0.07939,0.15,2283,31.2056,1.85999,0.36728
1521,400,20,20,59,0,0,0,1,171.636,0.07926,0.15,2284,31.2056,2.05092,0.36727
1522,400,26,26,57,0,0,0,1,196.444,0.07913,0.15,2286,31.2056,2.11507,0.36709
1523,400,28,28,62,0,0,0,1,202.628,0.079,0.15,2286,31.2056,2.27579,0.36709
1524,400,32,32,78,0,0,0,1,241.394,0.07887,0.15,2287,31.2056,2.50208,0.367
1525,305,27,27,71,0,1,0,0,172.267,0.07874,0.15,2288,31.2056,2.61198,0.36699
1526,5,0,0,2,0,1,0,0,-26.052,0.0786,0.15,2288,31.2056,17.61217,0.36699
1527,38,4,4,9,0,1,0,0,-8.666,0.07847,0.15,2288,31.2056,4.64049,0.36699
1528,400,24,24,56,0,0,0,1,197.164,0.07834,0.15,2288,31.2056,2.30008,0.36699
1529,400,23,23,63,0,0,0,1,198.742,0.07821,0.15,2290,31.2056,2.34443,0.36689
1530,77,5,5,18,0,1,0,0,16.333,0.07808,0.15,2290,31.2056,2.90147,0.36689
1531,31,1,1,2,0,1,0,0,-21.968,0.07795,0.15,2290,31.2056,2.9089,0.36689
1532,105,9,9,27,0,1,0,0,40.365,0.07782,0.15,2291,31.2056,3.17014,0.36687
1533,400,27,27,61,0,0,0,1,210.501,0.07769,0.15,2292,31.2056,1.96745,0.36678
1534,381,24,24,59,0,1,0,0,163.032,0.07756,0.15,2292,31.2056,2.26914,0.367
1535,400,31,31,82,0,0,0,1,244.162,0.07743,0.15,2292,31.2056,2.34147,0.36715
1536,356,14,14,36,0,1,0,0,104.011,0.0773,0.15,2292,31.2056,1.70137,0.36715
1537,108,11,11,26,0,1,0,0,45.87,0.07718,0.15,2292,31.2056,2.78794,0.36715
1538,400,9,9,34,0,0,0,1,132.318,0.07705,0.15,2293,31.2056,1.5927,0.36713
1539,240,11,11,31,0,1,0,0,71.392,0.07692,0.15,2294,31.2056,2.25671,0.36704
1540,168,11,11,33,0,1,0,0,69.369,0.07679,0.15,2295,31.2056,2.49357,0.36696
1541,86,8,8,22,0,1,0,0,37.259,0.07666,0.15,2295,31.2056,2.84579,0.36696
1542,46,2,2,11,0,1,0,0,-3.021,0.07654,0.15,2295,31.2056,3.29608,0.36696
1543,62,3,3,15,0,1,0,0,5.439,0.07641,0.15,2295,31.2056,3.20444,0.36696
1544,6,0,0,2,0,1,0,0,-30.766,0.07628,0.15,2295,31.2056,8.44346,0.36696
1545,239,7,7,19,0,1,0,0,53.877,0.07615,0.15,2295,31.2056,1.63125,0.36703
1546,38,3,3,11,0,1,0,0,-0.949,0.07603,0.15,2295,31.2056,3.90021,0.36703
1547,37,3,3,10,0,1,0,0,-4.969,0.0759,0.15,2295,31.2056,4.09707,0.36703
1548,98,7,7,24,0,1,0,0,36.212,0.07577,0.15,2295,31.2056,2.5626,0.36703
1549,37,3,3,11,0,1,0,0,-4.339,0.07565,0.15,2295,31.2056,4.29085,0.3671
1550,20,0,0,7,0,1,0,0,-22.692,0.07552,0.15,2295,31.2056,4.61948,0.3671
1551,7,0,0,3,0,1,0,0,-29.604,0.0754,0.15,2295,31.2056,7.32635,0.3671
1552,282,24,24,70,0,1,0,0,164.001,0.07527,0.15,2295,31.2056,2.56866,0.3671
1553,57,4,4,18,0,1,0,0,5.625,0.07515,0.15,2295,31.2056,2.97589,0.3671
1554,239,19,19,49,0,1,0,0,120.91,0.07502,0.15,2295,31.2056,2.5081,0.36718
1555,63,4,4,16,0,1,0,0,13.315,0.0749,0.15,2295,31.2056,3.02411,0.36718
1556,5,0,0,1,0,1,0,0,-34.606,0.07477,0.15,2295,31.2056,12.21425,0.36725
1557,294,25,25,45,0,1,0,0,144.248,0.07465,0.15,2295,31.2056,2.39934,0.36732
1558,154,16,16,50,0,1,0,0,93.785,0.07452,0.15,2296,31.2056,2.94387,0.36723
1559,91,9,9,21,0,1,0,0,35.477,0.0744,0.15,2296,31.2056,2.9312,0.36723
1560,36,4,4,9,0,1,0,0,-0.431,0.07427,0.15,2296,31.2056,3.32834,0.36723
1561,128,12,12,25,0,1,0,0,56.914,0.07415,0.15,2296,31.2056,2.84989,0.36723
1562,160,5,5,19,0,1,0,0,38.094,0.07403,0.15,2296,31.2056,1.60745,0.36723
1563,176,5,5,23,0,1,0,0,33.547,0.0739,0.15,2296,31.2056,2.0125,0.36723
1564,181,15,15,37,0,1,0,0,80.265,0.07378,0.15,2296,31.2056,2.758,0.36723
1565,78,8,8,25,0,1,0,0,33.11,0.07366,0.15,2296,31.2056,3.0667,0.36723
1566,29,1,1,6,0,1,0,0,-14.134,0.07353,0.15,2296,31.2056,3.88391,0.36723
1567,83,7,7,19,0,1,0,0,24.503,0.07341,0.15,2296,31.2056,2.93367,0.36723
1568,344,18,18,57,0,1,0,0,142.542,0.07329,0.15,2297,31.2056,2.32041,0.36722
1569,105,8,8,23,0,1,0,0,38.622,0.07317,0.15,2297,31.2056,2.97818,0.36722
1570,400,34,34,91,0,0,0,1,261.434,0.07305,0.15,2297,31.2056,2.24698,0.36722
1571,17,1,1,6,0,1,0,0,-18.825,0.07292,0.15,2297,31.2056,5.36866,0.36722
1572,125,10,10,31,0,1,0,0,46.492,0.0728,0.15,2297,31.2056,2.81611,0.36729
1573,400,6,6,19,0,0,0,1,87.663,0.07268,0.15,2297,31.2056,1.78397,0.36729
1574,91,5,5,19,0,1,0,0,14.752,0.07256,0.15,2297,31.2056,2.08652,0.36729
1575,165,18,18,39,0,1,0,0,94.074,0.07244,0.15,2297,31.2056,2.89934,0.36729
1576,265,14,14,41,0,1,0,0,96.278,0.07232,0.15,2298,31.2056,2.42522,0.3672
1577,363,22,22,63,0,1,0,0,170.065,0.0722,0.15,2300,31.2056,2.32404,0.36703
1578,282,23,23,54,0,1,0,0,147.595,0.07208,0.15,2301,31.2056,2.39697,0.36694
1579,5,0,0,3,0,1,0,0,-33.406,0.07196,0.15,2301,31.2056,10.17949,0.36694
1580,400,21,21,54,0,0,0,1,194.8,0.07184,0.15,2301,31.2056,2.13435,0.36701
1581,280,15,15,44,0,1,0,0,110.46,0.07172,0.15,2301,31.2056,2.07777,0.36701
1582,324,31,31,73,0,1,0,0,187.333,0.0716,0.15,2301,31.2056,2.53297,0.36723
1583,6,0,0,1,0,1,0,0,-30.156,0.07148,0.15,2301,31.2056,15.85992,0.36723
1584,17,1,1,8,0,1,0,0,-14.654,0.07136,0.15,2301,31.2056,4.38901,0.36723
1585,60,5,5,13,0,1,0,0,6.36,0.07124,0.15,2301,31.2056,2.65828,0.36723
1586,159,3,3,18,0,1,0,0,19.96,0.07112,0.15,2301,31.2056,2.04515,0.36723
1587,114,9,9,27,0,1,0,0,43.827,0.07101,0.15,2302,31.2056,2.8249,0.36714
1588,400,27,27,65,0,0,0,1,223.634,0.07089,0.15,2302,31.2056,1.99521,0.36729
1589,37,3,3,9,0,1,0,0,-3.172,0.07077,0.15,2302,31.2056,3.45985,0.36729
1590,400,35,35,80,0,0,0,1,269.576,0.07065,0.15,2302,31.2056,2.30253,0.36729
1591,400,28,28,75,0,0,0,1,243.574,0.07053,0.15,2302,31.2056,2.20508,0.36743
1592,375,16,16,45,0,1,0,0,116.053,0.07042,0.15,2302,31.2056,2.16062,0.36743
1593,284,6,6,11,0,1,0,0,43.211,0.0703,0.15,2302,31.2056,1.97868,0.36743
1594,55,3,3,8,0,1,0,0,-3.42,0.07018,0.15,2302,31.2056,2.43441,0.36743
1595,400,24,24,55,0,0,0,1,203.347,0.07006,0.15,2302,31.2056,1.89169,0.36765
1596,71,9,9,20,0,1,0,0,33.761,0.06995,0.15,2302,31.2056,2.87787,0.36765
1597,161,11,11,35,0,1,0,0,67.577,0.06983,0.15,2302,31.2056,2.66636,0.36772
1598,64,3,3,11,0,1,0,0,-2.258,0.06972,0.15,2302,31.2056,2.88919,0.36772
1599,102,7,7,23,0,1,0,0,30.871,0.0696,0.15,2302,31.2056,2.63169,0.36772
1600,90,7,7,29,0,1,0,0,32.431,0.06948,0.15,2302,31.2056,2.86272,0.36772
1601,5,0,0,3,0,1,0,0,-33.406,0.06937,0.15,2302,31.2056,6.37476,0.36772
1602,37,2,2,12,0,1,0,0,-6.885,0.06925,0.15,2302,31.2056,3.42763,0.36772
1603,144,17,17,36,0,1,0,0,73.994,0.06914,0.15,2302,31.2056,3.1618,0.36772
1604,276,31,31,67,0,1,0,0,166.889,0.06902,0.15,2302,31.2056,2.67813,0.36772
1605,64,3,3,10,0,1,0,0,-1.773,0.06891,0.15,2302,31.2056,3.59546,0.3678
1606,172,14,14,32,0,1,0,0,71.768,0.06879,0.15,2302,31.2056,2.45905,0.36787
1607,400,23,23,62,0,0,0,1,197.56,0.06868,0.15,2306,31.2056,2.21504,0.36788
1608,75,3,3,19,0,1,0,0,3.928,0.06856,0.15,2306,31.2056,2.31313,0.36788
1609,40,3,3,4,0,1,0,0,-9.572,0.06845,0.15,2306,31.2056,2.9529,0.36788
1610,16,1,1,5,0,1,0,0,-20.028,0.06833,0.15,2306,31.2056,4.97224,0.36788
1611,197,18,18,53,0,1,0,0,113.077,0.06822,0.15,2306,31.2056,2.71428,0.36788
1612,29,2,2,6,0,1,0,0,-10.733,0.06811,0.15,2306,31.2056,3.63618,0.36788
1613,128,11,11,39,0,1,0,0,57.842,0.06799,0.15,2307,31.2056,2.6764,0.36779
1614,140,11,11,27,0,1,0,0,61.844,0.06788,0.15,2307,31.2056,2.69812,0.36779
1615,400,26,26,65,0,0,0,1,219.581,0.06777,0.15,2307,31.2056,2.18726,0.36779
1616,400,25,25,59,0,0,0,1,195.44,0.06766,0.15,2307,31.2056,2.12369,0.36779
1617,326,9,9,29,0,1,0,0,62.358,0.06754,0.15,2307,31.2056,2.15169,0.36779
1618,400,29,29,70,0,0,0,1,230.374,0.06743,0.15,2307,31.2056,2.3572,0.36794
1619,193,6,6,21,0,1,0,0,44.384,0.06732,0.15,2307,31.2056,1.83308,0.36794
1620,400,25,25,62,0,0,0,1,210.493,0.06721,0.15,2307,31.2056,1.93375,0.36794
1621,32,3,3,10,0,1,0,0,-6.644,0.06709,0.15,2307,31.2056,2.80117,0.36794
1622,400,29,29,78,0,0,0,1,234.525,0.06698,0.15,2307,31.2056,2.15518,0.36801
1623,25,1,1,5,0,1,0,0,-15.467,0.06687,0.15,2307,31.2056,3.49718,0.36801
1624,340,15,15,33,0,1,0,0,101.919,0.06676,0.15,2307,31.2056,1.89681,0.36815
1625,68,7,7,16,0,1,0,0,18.523,0.06665,0.15,2307,31.2056,2.75965,0.36815
1626,260,16,16,49,0,1,0,0,113.877,0.06654,0.15,2307,31.2056,2.13416,0.36815
1627,251,13,13,38,0,1,0,0,73.844,0.06643,0.15,2311,31.2056,2.46765,0.36802
1628,275,22,22,48,0,1,0,0,132.579,0.06632,0.15,2312,31.2056,2.62264,0.36794
1629,400,27,27,52,0,0,0,1,211.635,0.0662,0.15,2312,31.2056,2.1597,0.36794
1630,36,3,3,10,0,1,0,0,-5.35,0.06609,0.15,2312,31.2056,3.83503,0.36794
1631,400,31,31,59,0,0,0,1,218.012,0.06598,0.15,2312,31.2056,2.31574,0.36794
1632,100,6,6,23,0,1,0,0,31.677,0.06587,0.15,2312,31.2056,2.57146,0.36794
1633,400,26,26,71,0,0,0,1,220.59,0.06577,0.15,2312,31.2056,1.99245,0.36801
1634,352,23,23,66,0,1,0,0,165.077,0.06566,0.15,2313,31.2056,2.41949,0.36799
1635,400,14,14,39,0,0,0,1,132.828,0.06555,0.15,2313,31.2056,1.73132,0.36806
1636,400,19,19,46,0,0,0,1,169.852,0.06544,0.15,2313,31.2056,1.8674,0.36806
1637,25,1,1,4,0,1,0,0,-17.892,0.06533,0.15,2313,31.2056,4.74264,0.36806
1638,58,1,1,13,0,1,0,0,-12.09,0.06522,0.15,2313,31.2056,3.06512,0.36806
1639,400,18,18,48,0,0,0,1,159.241,0.06511,0.15,2313,31.2056,1.5369,0.36814
1640,72,3,3,20,0,1,0,0,14.142,0.065,0.15,2314,31.2056,2.71346,0.36805
1641,334,28,28,64,0,1,0,0,168.279,0.06489,0.15,2314,31.2056,2.45507,0.36805
1642,400,27,27,55,0,0,0,1,203.895,0.06479,0.15,2314,31.2056,1.88092,0.36805
1643,31,1,1,6,0,1,0,0,-16.142,0.06468,0.15,2314,31.2056,3.93911,0.36805
1644,66,2,2,17,0,1,0,0,-0.458,0.06457,0.15,2314,31.2056,2.86774,0.36805
1645,400,23,23,63,0,0,0,1,197.391,0.06446,0.15,2314,31.2056,1.94423,0.36805
1646,205,5,5,22,0,1,0,0,35.925,0.06436,0.15,2314,31.2056,2.41805,0.36805
1647,400,31,31,71,0,0,0,1,233.855,0.06425,0.15,2314,31.2056,2.29888,0.36805
1648,260,14,14,54,0,1,0,0,115.375,0.06414,0.15,2315,31.2056,2.47971,0.36811
1649,122,14,14,28,0,1,0,0,67.719,0.06403,0.15,2315,31.2056,2.75481,0.36818
1650,51,2,2,16,0,1,0,0,0.641,0.06393,0.15,2315,31.2056,3.75029,0.36818
1651,400,33,33,80,0,0,0,1,251.552,0.06382,0.15,2315,31.2056,2.23548,0.36818
1652,13,0,0,4,0,1,0,0,-25.605,0.06372,0.15,2315,31.2056,9.20056,0.36818
1653,108,8,8,26,0,1,0,0,41.177,0.06361,0.15,2315,31.2056,2.80741,0.36818
1654,400,26,26,73,0,0,0,1,230.405,0.0635,0.15,2316,31.2056,2.1184,0.36809
1655,17,1,1,6,0,1,0,0,-21.604,0.0634,0.15,2316,31.2056,4.31952,0.36809
1656,400,18,18,45,0,0,0,1,158.014,0.06329,0.15,2317,31.2056,1.96315,0.368
1657,36,5,5,10,0,1,0,0,3.534,0.06319,0.15,2317,31.2056,3.68435,0.368
1658,89,9,9,21,0,1,0,0,34.914,0.06308,0.15,2317,31.2056,3.10614,0.368
1659,134,13,13,23,0,1,0,0,59.123,0.06298,0.15,2317,31.2056,2.93266,0.368
1660,307,24,24,54,0,1,0,0,160.233,0.06287,0.15,2317,31.2056,2.2622,0.368
1661,400,27,27,58,0,0,0,1,209.438,0.06277,0.15,2317,31.2056,2.13057,0.368
1662,400,13,13,32,0,0,0,1,132.725,0.06266,0.15,2317,31.2056,1.9134,0.368
1663,319,22,22,59,0,1,0,0,155.034,0.06256,0.15,2317,31.2056,2.25523,0.368
1664,246,11,11,24,0,1,0,0,66.735,0.06245,0.15,2317,31.2056,2.09515,0.368
1665,25,2,2,11,0,1,0,0,-11.072,0.06235,0.15,2317,31.2056,4.30988,0.368
1666,368,24,24,62,0,1,0,0,151.802,0.06225,0.15,2317,31.2056,2.27946,0.368
1667,209,14,14,41,0,1,0,0,83.785,0.06214,0.15,2317,31.2056,2.29358,0.368
1668,175,8,8,31,0,1,0,0,54.998,0.06204,0.15,2317,31.2056,2.23193,0.368
1669,400,11,11,25,0,0,0,1,80.216,0.06194,0.15,2317,31.2056,1.90402,0.368
1670,83,5,5,12,0,1,0,0,5.615,0.06183,0.15,2317,31.2056,3.0966,0.36808
1671,80,6,6,18,0,1,0,0,13.872,0.06173,0.15,2317,31.2056,2.44522,0.36808
1672,90,7,7,22,0,1,0,0,21.979,0.06163,0.15,2317,31.2056,3.39706,0.36815
1673,17,2,2,6,0,1,0,0,-15.302,0.06152,0.15,2317,31.2056,5.86579,0.36815
1674,400,28,28,70,0,0,0,1,229.3,0.06142,0.15,2317,31.2056,2.04636,0.36822
1675,328,25,25,59,0,1,0,0,135.268,0.06132,0.15,2317,31.2056,2.43717,0.36822
1676,252,22,22,56,0,1,0,0,140.671,0.06122,0.15,2319,31.2056,2.50597,0.36812
1677,158,6,6,23,0,1,0,0,38.717,0.06111,0.15,2319,31.2056,2.23156,0.36819
1678,53,7,7,16,0,1,0,0,15.561,0.06101,0.15,2319,31.2056,2.94333,0.36819
1679,141,16,16,37,0,1,0,0,85.516,0.06091,0.15,2319,31.2056,2.53077,0.36819
1680,361,26,26,73,0,1,0,0,187.754,0.06081,0.15,2319,31.2056,2.43145,0.36819
1681,37,3,3,9,0,1,0,0,-3.686,0.06071,0.15,2319,31.2056,3.18318,0.36819
1682,73,10,10,15,0,1,0,0,36.688,0.06061,0.15,2319,31.2056,3.64257,0.36826
1683,400,13,13,41,0,0,0,1,143.703,0.06051,0.15,2320,31.2056,1.88559,0.36832
1684,400,28,28,64,0,0,0,1,227.866,0.06041,0.15,2321,31.2056,2.22114,0.36823
1685,61,2,2,11,0,1,0,0,-2.021,0.06031,0.15,2321,31.2056,2.89196,0.36823
1686,400,25,25,58,0,0,0,1,191.731,0.0602,0.15,2322,31.2056,1.97079,0.36815
1687,400,30,30,68,0,0,0,1,229.431,0.0601,0.15,2322,31.2056,2.26264,0.36815
1688,17,1,1,6,0,1,0,0,-21.158,0.06,0.15,2322,31.2056,4.97027,0.36815
1689,400,21,21,59,0,0,0,1,183.237,0.0599,0.15,2322,31.2056,1.92826,0.36822
1690,79,7,7,17,0,1,0,0,19.838,0.0598,0.15,2322,31.2056,2.70337,0.36829
1691,400,12,12,35,0,0,0,1,137.961,0.05971,0.15,2322,31.2056,1.71771,0.36836
1692,48,5,5,13,0,1,0,0,5.2,0.05961,0.15,2322,31.2056,3.15894,0.36836
1693,16,2,2,5,0,1,0,0,-21.519,0.05951,0.15,2322,31.2056,6.07019,0.36836
1694,400,32,32,77,0,0,0,1,247.242,0.05941,0.15,2324,31.2056,2.35321,0.3684
1695,127,10,10,28,0,1,0,0,52.805,0.05931,0.15,2324,31.2056,2.55899,0.3684
1696,30,1,1,10,0,1,0,0,-12.494,0.05921,0.15,2324,31.2056,3.14021,0.3684
1697,400,29,29,80,0,0,0,1,239.307,0.05911,0.15,2324,31.2056,2.32087,0.36847
1698,400,28,28,71,0,0,0,1,221.808,0.05901,0.15,2324,31.2056,2.24102,0.36855
1699,261,6,6,23,0,1,0,0,37.889,0.05891,0.15,2326,31.2056,1.59733,0.36837
1700,45,5,5,13,0,1,0,0,1.85,0.05882,0.15,2326,31.2056,3.8224,0.36837
1701,194,15,15,43,0,1,0,0,93.216,0.05872,0.15,2326,31.2056,2.39468,0.36837
1702,201,8,8,25,0,1,0,0,40.935,0.05862,0.15,2326,31.2056,2.48419,0.36837
1703,74,5,5,17,0,1,0,0,17.391,0.05852,0.15,2326,31.2056,3.09379,0.36837
1704,400,19,19,51,0,0,0,1,180.761,0.05843,0.15,2326,31.2056,2.03098,0.36837
1705,400,18,18,54,0,0,0,1,171.747,0.05833,0.15,2327,31.2056,1.98853,0.36843
1706,400,33,33,80,0,0,0,1,247.584,0.05823,0.15,2327,31.2056,2.13024,0.36843
1707,182,15,15,43,0,1,0,0,90.775,0.05813,0.15,2327,31.2056,2.53629,0.36843
1708,179,17,17,41,0,1,0,0,98.451,0.05804,0.15,2327,31.2056,2.39373,0.36843
1709,400,16,16,38,0,0,0,1,148.185,0.05794,0.15,2327,31.2056,1.65502,0.36843
1710,160,12,12,31,0,1,0,0,59.772,0.05784,0.15,2327,31.2056,2.44346,0.36843
1711,336,27,27,82,0,1,0,0,178.205,0.05775,0.15,2327,31.2056,2.48653,0.36843
1712,400,20,20,57,0,0,0,1,185.544,0.05765,0.15,2329,31.2056,2.09367,0.36826
1713,400,29,29,68,0,0,0,1,238.675,0.05756,0.15,2329,31.2056,2.18847,0.36826
1714,372,13,13,38,0,1,0,0,98.58,0.05746,0.15,2330,31.2056,2.22374,0.36817
1715,143,9,9,29,0,1,0,0,53.801,0.05736,0.15,2330,31.2056,2.48038,0.36817
1716,400,23,23,66,0,0,0,1,190.819,0.05727,0.15,2330,31.2056,2.18962,0.36831
1717,362,31,31,80,0,1,0,0,198.097,0.05717,0.15,2331,31.2056,2.61885,0.36823
1718,7,0,0,4,0,1,0,0,-32.406,0.05708,0.15,2331,31.2056,5.16176,0.36823
1719,186,19,19,47,0,1,0,0,109.249,0.05698,0.15,2331,31.2056,2.37695,0.3683
1720,376,28,28,70,0,1,0,0,200.899,0.05689,0.15,2332,31.2056,2.2881,0.36821
1721,105,5,5,19,0,1,0,0,21.502,0.05679,0.15,2332,31.2056,2.58195,0.36821
1722,86,11,11,22,0,1,0,0,42.659,0.0567,0.15,2332,31.2056,3.2799,0.36821
1723,400,25,25,58,0,0,0,1,192.915,0.0566,0.15,2332,31.2056,2.17041,0.36828
1724,93,8,8,17,0,1,0,0,28.354,0.05651,0.15,2332,31.2056,2.87438,0.36828
1725,31,3,3,10,0,1,0,0,-3.401,0.05642,0.15,2332,31.2056,3.01323,0.36828
1726,63,4,4,21,0,1,0,0,12.395,0.05632,0.15,2332,31.2056,3.37386,0.36828
1727,113,12,12,26,0,1,0,0,54.536,0.05623,0.15,2332,31.2056,2.74631,0.36828
1728,16,1,1,4,0,1,0,0,-23.67,0.05613,0.15,2332,31.2056,4.92738,0.36828
1729,181,17,17,32,0,1,0,0,80.6,0.05604,0.15,2332,31.2056,2.31754,0.36842
1730,18,1,1,6,0,1,0,0,-19.9,0.05595,0.15,2332,31.2056,5.46347,0.36842
1731,162,16,16,34,0,1,0,0,89.546,0.05585,0.15,2332,31.2056,2.55685,0.36842
1732,400,33,33,82,0,0,0,1,254.291,0.05576,0.15,2333,31.2056,2.21665,0.36841
1733,161,14,14,31,0,1,0,0,77.203,0.05567,0.15,2333,31.2056,2.58231,0.36841
1734,34,3,3,11,0,1,0,0,-3.638,0.05558,0.15,2333,31.2056,3.03986,0.36841
1735,297,19,19,49,0,1,0,0,124.569,0.05548,0.15,2333,31.2056,2.55521,0.36848
1736,25,1,1,8,0,1,0,0,-16.034,0.05539,0.15,2333,31.2056,4.70416,0.36848
1737,29,3,3,8,0,1,0,0,-9.536,0.0553,0.15,2333,31.2056,3.59433,0.36848
1738,16,1,1,3,0,1,0,0,-21.887,0.05521,0.15,2333,31.2056,4.29276,0.36848
1739,38,1,1,10,0,1,0,0,-13.651,0.05512,0.15,2333,31.2056,3.67487,0.36848
1740,197,21,21,50,0,1,0,0,127.075,0.05502,0.15,2334,31.2056,2.66349,0.36847
1741,178,22,22,41,0,1,0,0,112.169,0.05493,0.15,2334,31.2056,2.57714,0.36847
1742,400,35,35,88,0,0,0,1,266.907,0.05484,0.15,2334,31.2056,2.30813,0.36847
1743,58,1,1,12,0,1,0,0,-12.82,0.05475,0.15,2334,31.2056,3.81448,0.36847
1744,400,11,11,42,0,0,0,1,120.712,0.05466,0.15,2334,31.2056,1.97942,0.36847
1745,32,3,3,11,0,1,0,0,-2.922,0.05457,0.15,2334,31.2056,3.60393,0.36847
1746,52,3,3,16,0,1,0,0,2.907,0.05448,0.15,2334,31.2056,3.49526,0.36847
1747,51,6,6,15,0,1,0,0,11.393,0.05439,0.15,2334,31.2056,3.18131,0.36847
1748,187,17,17,48,0,1,0,0,100.971,0.05429,0.15,2334,31.2056,2.63819,0.36847
1749,400,35,35,89,0,0,0,1,258.41,0.0542,0.15,2334,31.2056,2.45404,0.36847
1750,400,31,31,68,0,0,0,1,242.713,0.05411,0.15,2335,31.2056,2.21287,0.36845
1751,229,19,19,46,0,1,0,0,113.713,0.05402,0.15,2335,31.2056,3.30684,0.36852
1752,152,13,13,35,0,1,0,0,71.319,0.05393,0.15,2335,31.2056,2.74685,0.36852
1753,400,28,28,72,0,0,0,1,213.45,0.05384,0.15,2335,31.2056,2.12991,0.36852
1754,64,3,3,18,0,1,0,0,2.505,0.05375,0.15,2335,31.2056,3.34495,0.36852
1755,170,11,11,31,0,1,0,0,64.954,0.05366,0.15,2335,31.2056,2.40405,0.36852
1756,304,31,31,79,0,1,0,0,194.217,0.05358,0.15,2335,31.2056,2.61714,0.36859
1757,311,30,30,66,0,1,0,0,180.274,0.05349,0.15,2335,31.2056,2.56836,0.36859
1758,134,9,9,28,0,1,0,0,48.395,0.0534,0.15,2335,31.2056,2.83339,0.36859
1759,66,3,3,13,0,1,0,0,3.761,0.05331,0.15,2335,31.2056,3.10549,0.36859
1760,400,26,26,63,0,0,0,1,207.319,0.05322,0.15,2336,31.2056,2.2179,0.36865
1761,400,11,11,26,0,0,0,1,94.749,0.05313,0.15,2336,31.2056,1.71131,0.36865
1762,147,9,9,35,0,1,0,0,55.318,0.05304,0.15,2336,31.2056,2.56346,0.36865
1763,251,19,19,48,0,1,0,0,125.031,0.05295,0.15,2336,31.2056,2.50291,0.36865
1764,245,15,15,41,0,1,0,0,98.26,0.05287,0.15,2336,31.2056,2.76838,0.36865
1765,18,1,1,5,0,1,0,0,-18.54,0.05278,0.15,2336,31.2056,4.6592,0.36865
1766,51,5,5,13,0,1,0,0,7.921,0.05269,0.15,2336,31.2056,3.25138,0.36865
1767,5,0,0,2,0,1,0,0,-27.662,0.0526,0.15,2336,31.2056,11.55814,0.36865
1768,16,2,2,4,0,1,0,0,-16.542,0.05251,0.15,2336,31.2056,4.06832,0.36865
1769,400,22,22,55,0,0,0,1,196.097,0.05243,0.15,2336,31.2056,1.85562,0.36865
1770,151,10,10,27,0,1,0,0,43.29,0.05234,0.15,2336,31.2056,2.73244,0.36865
1771,38,3,3,8,0,1,0,0,-9.488,0.05225,0.15,2336,31.2056,3.22079,0.36865
1772,37,3,3,9,0,1,0,0,-6.964,0.05217,0.15,2336,31.2056,3.20553,0.36865
1773,400,20,20,53,0,0,0,1,174.501,0.05208,0.15,2337,31.2056,2.37704,0.36856
1774,121,6,6,23,0,1,0,0,29.016,0.05199,0.15,2337,31.2056,2.26899,0.36856
1775,400,28,28,72,0,0,0,1,240.672,0.05191,0.15,2337,31.2056,2.23629,0.36864
1776,186,16,16,45,0,1,0,0,102.777,0.05182,0.15,2338,31.2056,2.34713,0.36855
1777,400,30,30,66,0,0,0,1,213.373,0.05173,0.15,2338,31.2056,2.00035,0.36862
1778,37,3,3,9,0,1,0,0,-7.092,0.05165,0.15,2338,31.2056,4.31989,0.36862
1779,400,24,24,69,0,0,0,1,208.914,0.05156,0.15,2338,31.2056,2.14774,0.36862
1780,26,2,2,6,0,1,0,0,-16.084,0.05147,0.15,2338,31.2056,3.65998,0.36862
1781,400,19,19,47,0,0,0,1,156.746,0.05139,0.15,2338,31.2056,2.31429,0.36862
1782,178,10,10,40,0,1,0,0,66.504,0.0513,0.15,2338,31.2056,2.35193,0.36862
1783,114,9,9,27,0,1,0,0,45.136,0.05122,0.15,2338,31.2056,2.698,0.36862
1784,400,10,10,33,0,0,0,1,118.904,0.05113,0.15,2338,31.2056,1.92575,0.36862
1785,65,5,5,23,0,1,0,0,16.631,0.05105,0.15,2338,31.2056,3.5975,0.36869
1786,400,28,28,75,0,0,0,1,223.318,0.05096,0.15,2338,31.2056,2.11452,0.36876
1787,295,19,19,47,0,1,0,0,120.555,0.05088,0.15,2338,31.2056,2.13655,0.36898
1788,203,13,13,48,0,1,0,0,93.062,0.05079,0.15,2338,31.2056,2.48843,0.36905
1789,17,1,1,8,0,1,0,0,-16.306,0.05071,0.15,2338,31.2056,5.12279,0.36905
1790,54,5,5,16,0,1,0,0,7.576,0.05062,0.15,2338,31.2056,3.58297,0.36905
1791,39,2,2,15,0,1,0,0,-7.223,0.05054,0.15,2338,31.2056,3.97102,0.36905
1792,312,13,13,23,0,1,0,0,69.144,0.05046,0.15,2338,31.2056,2.04401,0.36905
1793,43,0,0,2,0,1,0,0,-30.778,0.05037,0.15,2338,31.2056,1.63162,0.36905
1794,358,24,24,51,0,1,0,0,150.881,0.05029,0.15,2338,31.2056,2.34336,0.36905
1795,400,24,24,66,0,0,0,1,203.081,0.0502,0.15,2338,31.2056,2.16375,0.36905
1796,335,24,24,52,0,1,0,0,161.949,0.05012,0.15,2338,31.2056,2.44154,0.36905
1797,158,15,15,36,0,1,0,0,83.85,0.05004,0.15,2338,31.2056,2.72863,0.36912
1798,278,20,20,50,0,1,0,0,135.049,0.05,0.15,2338,31.2056,2.24436,0.36912
1799,400,23,23,51,0,0,0,1,182.235,0.05,0.15,2338,31.2056,1.99318,0.36912
1800,17,2,2,8,0,1,0,0,-11.234,0.05,0.15,2338,31.2056,3.81376,0.36912
1801,287,23,23,50,0,1,0,0,140.213,0.05,0.15,2338,31.2056,2.60272,0.36912
1802,400,31,31,84,0,0,0,1,249.038,0.05,0.15,2338,31.2056,2.1438,0.36912
1803,92,7,7,18,0,1,0,0,27.088,0.05,0.15,2338,31.2056,3.01421,0.36919
1804,400,32,32,66,0,0,0,1,239.129,0.05,0.15,2338,31.2056,2.17258,0.36919
1805,400,13,13,46,0,0,0,1,143.89,0.05,0.15,2338,31.2056,1.96062,0.36919
1806,250,17,17,54,0,1,0,0,126.053,0.05,0.15,2339,31.2056,2.54853,0.3691
1807,39,1,1,6,0,1,0,0,-17.658,0.05,0.15,2339,31.2056,4.03803,0.3691
1808,400,20,20,53,0,0,0,1,185.238,0.05,0.15,2339,31.2056,1.7901,0.3691
1809,400,27,27,57,0,0,0,1,195.212,0.05,0.15,2339,31.2056,2.14497,0.3691
1810,400,19,19,39,0,0,0,1,157.309,0.05,0.15,2339,31.2056,1.92832,0.3691
1811,16,1,1,3,0,1,0,0,-23.803,0.05,0.15,2339,31.2056,5.02739,0.3691
1812,400,24,24,61,0,0,0,1,211.836,0.05,0.15,2339,31.2056,2.15209,0.36925
1813,400,27,27,83,0,0,0,1,237.087,0.05,0.15,2339,31.2056,2.23391,0.36925
1814,400,23,23,57,0,0,0,1,196.374,0.05,0.15,2339,31.2056,2.0308,0.36925
1815,221,13,13,35,0,1,0,0,85.122,0.05,0.15,2339,31.2056,2.1599,0.36925
1816,400,24,24,56,0,0,0,1,197.799,0.05,0.15,2339,31.2056,1.84367,0.36925
1817,400,14,14,38,0,0,0,1,139.165,0.05,0.15,2339,31.2056,1.44392,0.36925
1818,99,7,7,24,0,1,0,0,29.205,0.05,0.15,2339,31.2056,2.53453,0.36925
1819,400,17,17,47,0,0,0,1,153.644,0.05,0.15,2340,31.2056,1.99982,0.36923
1820,5,0,0,4,0,1,0,0,-32.008,0.05,0.15,2340,31.2056,6.90352,0.36923
1821,85,4,4,15,0,1,0,0,10.442,0.05,0.15,2341,31.2056,2.8778,0.36914
1822,400,19,19,49,0,0,0,1,170.262,0.05,0.15,2341,31.2056,1.73799,0.36914
1823,294,12,12,47,0,1,0,0,96.519,0.05,0.15,2341,31.2056,1.96548,0.36922
1824,207,20,20,47,0,1,0,0,124.279,0.05,0.15,2342,31.2056,2.73288,0.36913
1825,389,15,15,43,0,1,0,0,123.25,0.05,0.15,2342,31.2056,1.99799,0.36913
1826,400,28,28,67,0,0,0,1,227.468,0.05,0.15,2342,31.2056,2.19705,0.36913
1827,200,16,16,37,0,1,0,0,90.23,0.05,0.15,2343,31.2056,2.43921,0.36904
1828,58,2,2,7,0,1,0,0,-12.647,0.05,0.15,2343,31.2056,2.48706,0.36904
1829,45,6,6,8,0,1,0,0,2.76,0.05,0.15,2343,31.2056,3.1647,0.36904
1830,400,25,25,57,0,0,0,1,197.676,0.05,0.15,2343,31.2056,1.91687,0.36904
1831,400,16,16,43,0,0,0,1,157.541,0.05,0.15,2343,31.2056,1.92047,0.36904
1832,255,22,22,54,0,1,0,0,134.726,0.05,0.15,2343,31.2056,2.53912,0.36904
1833,400,22,22,59,0,0,0,1,193.86,0.05,0.15,2344,31.2056,2.05142,0.36903
1834,400,15,15,36,0,0,0,1,135.545,0.05,0.15,2344,31.2056,1.77569,0.36903
1835,400,4,4,19,0,0,0,1,83.563,0.05,0.15,2344,31.2056,1.55749,0.36903
1836,26,1,1,6,0,1,0,0,-15.721,0.05,0.15,2344,31.2056,3.62152,0.36903
1837,60,7,7,11,0,1,0,0,13.218,0.05,0.15,2344,31.2056,3.36237,0.36903
1838,31,3,3,8,0,1,0,0,-7.142,0.05,0.15,2344,31.2056,4.9988,0.36903
1839,288,18,18,42,0,1,0,0,119.453,0.05,0.15,2345,31.2056,2.14622,0.36894
1840,400,14,14,36,0,0,0,1,140.273,0.05,0.15,2345,31.2056,1.77555,0.36901
1841,400,36,36,83,0,0,0,1,274.738,0.05,0.15,2345,31.2056,2.28629,0.36901
1842,400,16,16,42,0,0,0,1,152.755,0.05,0.15,2345,31.2056,1.86827,0.36908
1843,400,29,29,68,0,0,0,1,218.089,0.05,0.15,2345,31.2056,2.16423,0.36908
1844,69,4,4,15,0,1,0,0,9.278,0.05,0.15,2345,31.2056,2.87642,0.36908
1845,55,1,1,11,0,1,0,0,-8.088,0.05,0.15,2345,31.2056,2.85447,0.36908
1846,273,29,29,66,0,1,0,0,180.721,0.05,0.15,2345,31.2056,2.63803,0.36908
1847,108,3,3,8,0,1,0,0,7.114,0.05,0.15,2345,31.2056,2.2922,0.36908
1848,400,33,33,81,0,0,0,1,250.901,0.05,0.15,2345,31.2056,2.22003,0.36915
1849,400,21,21,58,0,0,0,1,188.06,0.05,0.15,2345,31.2056,2.0711,0.36923
1850,400,15,15,41,0,0,0,1,132.575,0.05,0.15,2345,31.2056,2.08759,0.36923
1851,400,27,27,74,0,0,0,1,228.084,0.05,0.15,2345,31.2056,1.93258,0.36923
1852,400,22,22,54,0,0,0,1,181.848,0.05,0.15,2345,31.2056,1.92541,0.3693
1853,400,28,28,68,0,0,0,1,240.406,0.05,0.15,2345,31.2056,1.94484,0.3693
1854,241,13,13,43,0,1,0,0,86.503,0.05,0.15,2348,31.2056,2.36744,0.36918
1855,100,7,7,23,0,1,0,0,33.058,0.05,0.15,2348,31.2056,2.61119,0.36918
1856,86,3,3,10,0,1,0,0,1.192,0.05,0.15,2348,31.2056,2.53053,0.36918
1857,129,8,8,26,0,1,0,0,42.066,0.05,0.15,2348,31.2056,2.62971,0.36918
1858,400,23,23,56,0,0,0,1,185.855,0.05,0.15,2348,31.2056,2.27962,0.36918
1859,193,13,13,42,0,1,0,0,82.367,0.05,0.15,2348,31.2056,2.72516,0.36918
1860,400,19,19,55,0,0,0,1,178.759,0.05,0.15,2348,31.2056,1.81273,0.36925
1861,47,5,5,18,0,1,0,0,11.312,0.05,0.15,2348,31.2056,3.39909,0.36925
1862,278,24,24,59,0,1,0,0,140.631,0.05,0.15,2348,31.2056,2.43901,0.36939
1863,77,3,3,16,0,1,0,0,6.495,0.05,0.15,2348,31.2056,3.145,0.36939
1864,243,10,10,41,0,1,0,0,71.771,0.05,0.15,2348,31.2056,2.14858,0.36939
1865,287,24,24,72,0,1,0,0,164.695,0.05,0.15,2348,31.2056,2.2904,0.36939
1866,132,11,11,38,0,1,0,0,66.528,0.05,0.15,2348,31.2056,2.57563,0.36939
1867,102,7,7,16,0,1,0,0,24.802,0.05,0.15,2348,31.2056,2.80778,0.36939
1868,143,6,6,26,0,1,0,0,30.057,0.05,0.15,2348,31.2056,2.63083,0.36946
1869,45,1,1,9,0,1,0,0,-12.651,0.05,0.15,2348,31.2056,3.13076,0.36946
1870,84,5,5,13,0,1,0,0,19.413,0.05,0.15,2348,31.2056,2.65066,0.36946
1871,400,34,34,83,0,0,0,1,255.58,0.05,0.15,2348,31.2056,2.18947,0.36946
1872,400,29,29,81,0,0,0,1,247.494,0.05,0.15,2348,31.2056,2.06014,0.36946
1873,321,26,26,73,0,1,0,0,182.362,0.05,0.15,2350,31.2056,2.55812,0.3695
1874,400,30,30,63,0,0,0,1,219.983,0.05,0.15,2351,31.2056,2.22607,0.36942
1875,400,17,17,36,0,0,0,1,151.355,0.05,0.15,2352,31.2056,1.92119,0.36933
1876,58,4,4,11,0,1,0,0,1.444,0.05,0.15,2352,31.2056,3.59256,0.3694
1877,88,6,6,16,0,1,0,0,18.597,0.05,0.15,2352,31.2056,2.7011,0.3694
1878,400,27,27,62,0,0,0,1,211.954,0.05,0.15,2352,31.2056,2.00148,0.3694
1879,31,3,3,8,0,1,0,0,-6.119,0.05,0.15,2352,31.2056,3.29611,0.3694
1880,400,27,27,73,0,0,0,1,211.935,0.05,0.15,2352,31.2056,2.0413,0.36947
1881,363,19,19,46,0,1,0,0,117.111,0.05,0.15,2352,31.2056,2.20087,0.36954
1882,392,21,21,60,0,1,0,0,147.117,0.05,0.15,2352,31.2056,2.14153,0.36969
1883,400,23,23,58,0,0,0,1,190.365,0.05,0.15,2352,31.2056,2.19363,0.36969
1884,138,12,12,29,0,1,0,0,54.172,0.05,0.15,2352,31.2056,2.7643,0.36976
1885,59,5,5,14,0,1,0,0,11.403,0.05,0.15,2352,31.2056,3.07501,0.36976
1886,48,6,6,15,0,1,0,0,9.235,0.05,0.15,2352,31.2056,4.00949,0.36976
1887,400,34,34,83,0,0,0,1,258.776,0.05,0.15,2352,31.2056,2.20038,0.36976
1888,316,19,19,57,0,1,0,0,133.244,0.05,0.15,2352,31.2056,2.42728,0.36976
1889,62,4,4,15,0,1,0,0,4.536,0.05,0.15,2352,31.2056,2.87278,0.36976
1890,79,9,9,20,0,1,0,0,34.653,0.05,0.15,2352,31.2056,3.25471,0.36976
1891,32,1,1,10,0,1,0,0,-13.269,0.05,0.15,2352,31.2056,3.68919,0.36976
1892,400,20,20,51,0,0,0,1,154.168,0.05,0.15,2352,31.2056,2.32763,0.36983
1893,400,33,33,74,0,0,0,1,255.391,0.05,0.15,2352,31.2056,2.2512,0.3699
1894,129,13,13,37,0,1,0,0,71.668,0.05,0.15,2352,31.2056,2.45856,0.36997
1895,194,9,9,42,0,1,0,0,64.042,0.05,0.15,2352,31.2056,2.12938,0.36997
1896,97,1,1,7,0,1,0,0,-5.762,0.05,0.15,2352,31.2056,2.22844,0.36997
1897,45,4,4,12,0,1,0,0,5.573,0.05,0.15,2352,31.2056,3.16551,0.36997
1898,18,1,1,7,0,1,0,0,-14.632,0.05,0.15,2352,31.2056,3.89112,0.36997
1899,206,9,9,25,0,1,0,0,44.346,0.05,0.15,2352,31.2056,2.45247,0.36997
1900,400,33,33,80,0,0,0,1,253.286,0.05,0.15,2353,31.2056,2.48198,0.36995
1901,400,28,28,76,0,0,0,1,238.111,0.05,0.15,2353,31.2056,2.33017,0.36995
1902,400,21,21,55,0,0,0,1,179.933,0.05,0.15,2353,31.2056,2.05288,0.37002
1903,187,22,22,56,0,1,0,0,126.155,0.05,0.15,2353,31.2056,2.62423,0.37002
1904,400,24,24,67,0,0,0,1,210.572,0.05,0.15,2353,31.2056,1.99378,0.37002
1905,38,1,1,7,0,1,0,0,-12.137,0.05,0.15,2353,31.2056,3.29378,0.37002
1906,19,2,2,7,0,1,0,0,-12.09,0.05,0.15,2353,31.2056,3.26022,0.37002
1907,291,17,17,40,0,1,0,0,110.328,0.05,0.15,2353,31.2056,2.38679,0.37002
1908,5,0,0,4,0,1,0,0,-32.408,0.05,0.15,2353,31.2056,5.10122,0.37002
1909,25,2,2,11,0,1,0,0,-9.884,0.05,0.15,2353,31.2056,4.15523,0.37002
1910,29,4,4,8,0,1,0,0,-3.704,0.05,0.15,2353,31.2056,3.34531,0.37002
1911,83,9,9,18,0,1,0,0,37.518,0.05,0.15,2353,31.2056,3.04969,0.37002
1912,400,24,24,64,0,0,0,1,199.092,0.05,0.15,2353,31.2056,2.0726,0.37009
1913,39,2,2,16,0,1,0,0,-2.34,0.05,0.15,2353,31.2056,2.84135,0.37009
1914,400,27,27,69,0,0,0,1,230.904,0.05,0.15,2353,31.2056,2.05986,0.37009
1915,400,22,22,48,0,0,0,1,181.093,0.05,0.15,2353,31.2056,2.13121,0.37017
1916,64,3,3,18,0,1,0,0,6.566,0.05,0.15,2353,31.2056,2.64948,0.37017
1917,400,25,25,67,0,0,0,1,212.855,0.05,0.15,2353,31.2056,2.07896,0.37024
1918,141,14,14,36,0,1,0,0,70.628,0.05,0.15,2353,31.2056,2.5852,0.37024
1919,400,38,38,78,0,0,0,1,270.924,0.05,0.15,2354,31.2056,2.38363,0.37015
1920,64,7,7,27,0,1,0,0,22.326,0.05,0.15,2354,31.2056,3.12338,0.37015
1921,31,3,3,8,0,1,0,0,-7.304,0.05,0.15,2354,31.2056,3.19488,0.37015
1922,400,6,6,23,0,0,0,1,81.81,0.05,0.15,2354,31.2056,1.76169,0.37015
1923,400,32,32,81,0,0,0,1,244.006,0.05,0.15,2354,31.2056,2.54639,0.37015
1924,400,31,31,79,0,0,0,1,249.07,0.05,0.15,2354,31.2056,2.2674,0.37022
1925,400,29,29,88,0,0,0,1,251.127,0.05,0.15,2354,31.2056,2.05237,0.37022
1926,400,38,38,84,0,0,0,1,283.776,0.05,0.15,2354,31.2056,2.20574,0.37029
1927,112,11,11,17,0,1,0,0,45.939,0.05,0.15,2354,31.2056,3.15636,0.37029
1928,400,32,32,75,0,0,0,1,245.922,0.05,0.15,2355,31.2056,2.09415,0.37021
1929,20,2,2,6,0,1,0,0,-17.044,0.05,0.15,2355,31.2056,5.35575,0.37021
1930,400,23,23,68,0,0,0,1,201.107,0.05,0.15,2355,31.2056,2.05891,0.37028
1931,282,16,16,59,0,1,0,0,111.031,0.05,0.15,2356,31.2056,2.5014,0.37026
1932,6,0,0,1,0,1,0,0,-28.506,0.05,0.15,2356,31.2056,12.67127,0.37026
1933,282,26,26,62,0,1,0,0,155.255,0.05,0.15,2356,31.2056,2.43338,0.37026
1934,312,24,24,63,0,1,0,0,159.49,0.05,0.15,2356,31.2056,2.72091,0.37033
1935,364,25,25,65,0,1,0,0,178.776,0.05,0.15,2356,31.2056,2.432,0.37033
1936,400,23,23,65,0,0,0,1,199.146,0.05,0.15,2357,31.2056,2.2047,0.37024
1937,94,7,7,27,0,1,0,0,29.939,0.05,0.15,2357,31.2056,3.13003,0.37024
1938,58,4,4,19,0,1,0,0,11.962,0.05,0.15,2357,31.2056,3.51224,0.37024
1939,400,32,32,77,0,0,0,1,243.422,0.05,0.15,2357,31.2056,2.34641,0.37024
1940,5,0,0,2,0,1,0,0,-30.608,0.05,0.15,2357,31.2056,10.98021,0.37024
1941,193,15,15,41,0,1,0,0,91.832,0.05,0.15,2357,31.2056,2.32119,0.37024
1942,400,28,28,84,0,0,0,1,233.011,0.05,0.15,2357,31.2056,2.28821,0.37024
1943,400,23,23,66,0,0,0,1,218.988,0.05,0.15,2357,31.2056,2.2834,0.37024
1944,150,8,8,21,0,1,0,0,39.976,0.05,0.15,2357,31.2056,2.66046,0.37024
1945,400,26,26,70,0,0,0,1,221.77,0.05,0.15,2357,31.2056,2.35265,0.37039
1946,132,5,5,18,0,1,0,0,22.931,0.05,0.15,2357,31.2056,2.41413,0.37039
1947,400,33,33,64,0,0,0,1,238.294,0.05,0.15,2357,31.2056,2.26385,0.37046
1948,400,23,23,58,0,0,0,1,198.127,0.05,0.15,2357,31.2056,2.16459,0.37046
1949,39,4,4,9,0,1,0,0,-0.434,0.05,0.15,2357,31.2056,3.30526,0.37046
1950,400,33,33,81,0,0,0,1,251.773,0.05,0.15,2357,31.2056,2.33085,0.37053
1951,261,21,21,50,0,1,0,0,124.053,0.05,0.15,2357,31.2056,2.59733,0.37053
1952,327,12,12,40,0,1,0,0,91.748,0.05,0.15,2357,31.2056,2.09572,0.37053
1953,51,6,6,13,0,1,0,0,11.542,0.05,0.15,2357,31.2056,3.26658,0.37053
1954,400,31,31,72,0,0,0,1,257.009,0.05,0.15,2357,31.2056,2.03391,0.37053
1955,83,7,7,20,0,1,0,0,22.871,0.05,0.15,2357,31.2056,2.63846,0.37053
1956,157,15,15,40,0,1,0,0,90.48,0.05,0.15,2357,31.2056,2.50805,0.37053
1957,27,2,2,5,0,1,0,0,-15.272,0.05,0.15,2357,31.2056,4.15073,0.37053
1958,79,6,6,15,0,1,0,0,17.05,0.05,0.15,2357,31.2056,3.15858,0.37053
1959,400,17,17,47,0,0,0,1,154.937,0.05,0.15,2357,31.2056,2.02391,0.37053
1960,36,4,4,11,0,1,0,0,0.682,0.05,0.15,2357,31.2056,3.72943,0.37053
1961,400,13,13,45,0,0,0,1,143.751,0.05,0.15,2357,31.2056,1.92814,0.37053
1962,400,30,30,81,0,0,0,1,244.801,0.05,0.15,2357,31.2056,2.19876,0.37053
1963,89,6,6,20,0,1,0,0,26.156,0.05,0.15,2357,31.2056,2.80889,0.37053
1964,32,2,2,6,0,1,0,0,-12.41,0.05,0.15,2357,31.2056,3.03986,0.37053
1965,29,1,1,10,0,1,0,0,-13.776,0.05,0.15,2357,31.2056,4.30905,0.37053
1966,5,0,0,4,0,1,0,0,-32.406,0.05,0.15,2357,31.2056,8.7816,0.37053
1967,146,13,13,38,0,1,0,0,70.111,0.05,0.15,2357,31.2056,2.84526,0.37053
1968,104,4,4,12,0,1,0,0,8.292,0.05,0.15,2357,31.2056,2.40284,0.37053
1969,205,13,13,33,0,1,0,0,75.228,0.05,0.15,2357,31.2056,2.39214,0.37053
1970,400,18,18,35,0,0,0,1,149.05,0.05,0.15,2357,31.2056,1.92877,0.37053
1971,400,24,24,58,0,0,0,1,199.801,0.05,0.15,2357,31.2056,2.19381,0.37053
1972,205,19,19,43,0,1,0,0,109.014,0.05,0.15,2357,31.2056,2.49374,0.3706
1973,104,10,10,31,0,1,0,0,44.328,0.05,0.15,2357,31.2056,2.56221,0.3706
1974,271,26,26,60,0,1,0,0,160.059,0.05,0.15,2357,31.2056,2.46483,0.3706
1975,400,29,29,68,0,0,0,1,230.42,0.05,0.15,2357,31.2056,2.27519,0.37067
1976,16,1,1,5,0,1,0,0,-21.42,0.05,0.15,2357,31.2056,5.93417,0.37067
1977,208,11,11,32,0,1,0,0,66.431,0.05,0.15,2357,31.2056,2.20649,0.37067
1978,242,21,21,47,0,1,0,0,119.668,0.05,0.15,2357,31.2056,2.43174,0.37067
1979,94,8,8,17,0,1,0,0,30.852,0.05,0.15,2357,31.2056,2.8198,0.37067
1980,400,13,13,29,0,0,0,1,136.499,0.05,0.15,2357,31.2056,1.78657,0.37067
1981,16,2,2,3,0,1,0,0,-19.417,0.05,0.15,2357,31.2056,4.55093,0.37067
1982,326,12,12,40,0,1,0,0,89.474,0.05,0.15,2357,31.2056,2.09507,0.37067
1983,23,1,1,6,0,1,0,0,-18.847,0.05,0.15,2357,31.2056,4.80569,0.37067
1984,400,28,28,70,0,0,0,1,220.688,0.05,0.15,2357,31.2056,2.22239,0.37067
1985,20,0,0,6,0,1,0,0,-22.965,0.05,0.15,2357,31.2056,5.45194,0.37067
1986,104,11,11,22,0,1,0,0,50.418,0.05,0.15,2357,31.2056,2.87002,0.37074
1987,400,28,28,57,0,0,0,1,207.772,0.05,0.15,2357,31.2056,2.21202,0.37074
1988,5,0,0,3,0,1,0,0,-32.152,0.05,0.15,2357,31.2056,9.61433,0.37074
1989,244,25,25,51,0,1,0,0,145.091,0.05,0.15,2357,31.2056,2.65985,0.37074
1990,55,4,4,12,0,1,0,0,0.68,0.05,0.15,2357,31.2056,3.41034,0.37074
1991,20,2,2,8,0,1,0,0,-14.164,0.05,0.15,2357,31.2056,5.38676,0.37074
1992,400,34,34,78,0,0,0,1,253.99,0.05,0.15,2357,31.2056,2.36315,0.37081
1993,342,11,11,36,0,1,0,0,80.061,0.05,0.15,2358,31.2056,2.26227,0.37072
1994,80,1,1,8,0,1,0,0,-10.097,0.05,0.15,2358,31.2056,2.49053,0.37072
1995,400,22,22,53,0,0,0,1,197.638,0.05,0.15,2358,31.2056,1.97702,0.37072
1996,27,2,2,8,0,1,0,0,-12.46,0.05,0.15,2359,31.2056,4.06013,0.37064
1997,286,21,21,52,0,1,0,0,135.167,0.05,0.15,2359,31.2056,2.31957,0.37064
1998,400,24,24,67,0,0,0,1,201.242,0.05,0.15,2359,31.2056,2.03273,0.37064
1999,45,3,3,7,0,1,0,0,-2.236,0.05,0.15,2359,31.2056,2.67853,0.37064
2000,400,30,30,61,0,0,0,1,224.915,0.05,0.15,2359,31.2056,2.05092,0.37064
2001,400,30,30,76,0,0,0,1,248.783,0.05,0.15,2359,31.2056,2.06943,0.37064
2002,16,2,2,3,0,1,0,0,-17.942,0.05,0.15,2359,31.2056,5.96251,0.37064
2003,400,21,21,49,0,0,0,1,178.4,0.05,0.15,2359,31.2056,2.17227,0.37064
2004,6,0,0,1,0,1,0,0,-29.756,0.05,0.15,2359,31.2056,12.34319,0.37064
2005,236,20,20,59,0,1,0,0,132.405,0.05,0.15,2359,31.2056,2.6205,0.37071
2006,400,18,18,57,0,0,0,1,186.809,0.05,0.15,2359,31.2056,2.09012,0.37071
2007,385,31,31,75,0,1,0,0,203.448,0.05,0.15,2359,31.2056,2.41668,0.37071
2008,95,10,10,34,0,1,0,0,50.865,0.05,0.15,2359,31.2056,2.94019,0.37071
2009,47,5,5,10,0,1,0,0,3.806,0.05,0.15,2359,31.2056,2.99558,0.37071
2010,400,28,28,66,0,0,0,1,223.597,0.05,0.15,2359,31.2056,1.99605,0.37078
2011,400,28,28,60,0,0,0,1,219.959,0.05,0.15,2359,31.2056,2.22452,0.37078
2012,400,24,24,68,0,0,0,1,200.296,0.05,0.15,2359,31.2056,2.03509,0.37085
2013,400,15,15,37,0,0,0,1,153.418,0.05,0.15,2359,31.2056,1.94597,0.37085
2014,26,1,1,4,0,1,0,0,-17.352,0.05,0.15,2359,31.2056,4.01418,0.37085
2015,400,29,29,76,0,0,0,1,234.997,0.05,0.15,2359,31.2056,2.23961,0.37085
2016,98,13,13,35,0,1,0,0,59.768,0.05,0.15,2359,31.2056,2.95022,0.37085
2017,400,32,32,73,0,0,0,1,249.7,0.05,0.15,2359,31.2056,2.19031,0.37085
2018,400,20,20,57,0,0,0,1,178.419,0.05,0.15,2359,31.2056,1.84845,0.37085
2019,363,25,25,57,0,1,0,0,150.311,0.05,0.15,2359,31.2056,2.4396,0.37092
2020,400,22,22,52,0,0,0,1,179.595,0.05,0.15,2360,31.2056,2.27693,0.37083
2021,400,21,21,54,0,0,0,1,186.465,0.05,0.15,2360,31.2056,2.31339,0.37083
2022,368,22,22,65,0,1,0,0,153.611,0.05,0.15,2360,31.2056,2.32374,0.37083
2023,16,1,1,4,0,1,0,0,-20.228,0.05,0.15,2360,31.2056,3.22952,0.37083
2024,59,2,2,13,0,1,0,0,-5.789,0.05,0.15,2360,31.2056,3.59733,0.37083
2025,78,6,6,18,0,1,0,0,17.171,0.05,0.15,2360,31.2056,2.92155,0.37083
2026,53,6,6,16,0,1,0,0,16.133,0.05,0.15,2360,31.2056,2.82707,0.37083
2027,31,3,3,8,0,1,0,0,-6.324,0.05,0.15,2360,31.2056,3.44525,0.37083
2028,57,6,6,13,0,1,0,0,11.803,0.05,0.15,2360,31.2056,2.85095,0.37083
2029,400,23,23,65,0,0,0,1,200.346,0.05,0.15,2360,31.2056,1.9562,0.37083
2030,400,30,30,67,0,0,0,1,239.0,0.05,0.15,2360,31.2056,2.00811,0.37083
2031,400,34,34,88,0,0,0,1,270.617,0.05,0.15,2360,31.2056,2.30691,0.37083
2032,400,21,21,56,0,0,0,1,186.171,0.05,0.15,2362,31.2056,2.0174,0.37073
2033,400,10,10,22,0,0,0,1,99.862,0.05,0.15,2362,31.2056,1.7869,0.3708
2034,400,27,27,76,0,0,0,1,230.803,0.05,0.15,2362,31.2056,1.9996,0.3708
2035,162,3,3,18,0,1,0,0,19.365,0.05,0.15,2362,31.2056,2.32302,0.3708
2036,400,30,30,74,0,0,0,1,230.088,0.05,0.15,2362,31.2056,2.14907,0.37087
2037,29,2,2,11,0,1,0,0,-6.464,0.05,0.15,2362,31.2056,3.33396,0.37087
2038,400,30,30,74,0,0,0,1,239.583,0.05,0.15,2363,31.2056,2.36432,0.37086
2039,400,29,29,72,0,0,0,1,231.216,0.05,0.15,2363,31.2056,2.08745,0.37086
2040,29,2,2,8,0,1,0,0,-14.583,0.05,0.15,2363,31.2056,3.88619,0.37086
2041,400,35,35,92,0,0,0,1,273.537,0.05,0.15,2363,31.2056,2.43559,0.37086
2042,400,38,38,82,0,0,0,1,273.12,0.05,0.15,2363,31.2056,2.3281,0.37093
2043,400,8,8,37,0,0,0,1,122.514,0.05,0.15,2364,31.2056,1.85375,0.37084
2044,26,1,1,4,0,1,0,0,-22.444,0.05,0.15,2364,31.2056,4.17281,0.37084
2045,400,22,22,59,0,0,0,1,191.806,0.05,0.15,2365,31.2056,1.89786,0.37089
2046,331,21,21,47,0,1,0,0,140.818,0.05,0.15,2365,31.2056,2.44685,0.37097
2047,308,26,26,66,0,1,0,0,174.912,0.05,0.15,2365,31.2056,2.42407,0.37104
2048,400,7,7,32,0,0,0,1,103.179,0.05,0.15,2365,31.2056,1.62003,0.37104
2049,16,1,1,4,0,1,0,0,-23.528,0.05,0.15,2365,31.2056,5.78603,0.37104
2050,400,31,31,70,0,0,0,1,239.776,0.05,0.15,2365,31.2056,2.14543,0.37111
2051,50,4,4,9,0,1,0,0,3.678,0.05,0.15,2365,31.2056,3.33279,0.37111
2052,211,16,16,45,0,1,0,0,98.781,0.05,0.15,2365,31.2056,2.63067,0.37111
2053,400,13,13,37,0,0,0,1,143.824,0.05,0.15,2365,31.2056,1.64658,0.37111
2054,400,23,23,57,0,0,0,1,195.89,0.05,0.15,2366,31.2056,1.88574,0.37102
2055,68,6,6,11,0,1,0,0,9.765,0.05,0.15,2367,31.2056,3.18444,0.37093
2056,400,25,25,71,0,0,0,1,204.828,0.05,0.15,2367,31.2056,2.0689,0.37093
2057,130,10,10,27,0,1,0,0,45.505,0.05,0.15,2367,31.2056,2.49888,0.37093
2058,400,19,19,51,0,0,0,1,152.29,0.05,0.15,2367,31.2056,1.9202,0.371
2059,400,25,25,67,0,0,0,1,213.665,0.05,0.15,2368,31.2056,1.97826,0.37099
2060,57,5,5,14,0,1,0,0,12.496,0.05,0.15,2368,31.2056,2.30326,0.37099
2061,400,26,26,77,0,0,0,1,232.27,0.05,0.15,2368,31.2056,2.00096,0.37099
2062,400,14,14,45,0,0,0,1,140.924,0.05,0.15,2368,31.2056,1.75734,0.37099
2063,17,2,2,7,0,1,0,0,-18.0,0.05,0.15,2368,31.2056,5.21297,0.37099
2064,21,0,0,4,0,1,0,0,-24.936,0.05,0.15,2368,31.2056,4.29238,0.37099
2065,400,29,29,76,0,0,0,1,239.712,0.05,0.15,2368,31.2056,2.39115,0.37099
2066,66,4,4,9,0,1,0,0,5.072,0.05,0.15,2368,31.2056,2.82564,0.37099
2067,25,2,2,7,0,1,0,0,-15.236,0.05,0.15,2368,31.2056,3.95935,0.37099
2068,400,30,30,80,0,0,0,1,246.202,0.05,0.15,2368,31.2056,2.20295,0.37106
2069,105,7,7,20,0,1,0,0,33.597,0.05,0.15,2368,31.2056,2.6048,0.37106
2070,122,10,10,20,0,1,0,0,49.873,0.05,0.15,2368,31.2056,2.50738,0.37106
2071,122,11,11,30,0,1,0,0,57.651,0.05,0.15,2369,31.2056,2.63525,0.37104
2072,116,13,13,25,0,1,0,0,55.231,0.05,0.15,2369,31.2056,2.54839,0.37111
2073,400,21,21,52,0,0,0,1,184.419,0.05,0.15,2370,31.2056,1.93696,0.3711
2074,99,7,7,23,0,1,0,0,34.216,0.05,0.15,2370,31.2056,2.45888,0.3711
2075,400,25,25,59,0,0,0,1,195.907,0.05,0.15,2370,31.2056,2.18992,0.37117
2076,69,10,10,24,0,1,0,0,37.433,0.05,0.15,2370,31.2056,3.22794,0.37117
2077,17,2,2,4,0,1,0,0,-19.912,0.05,0.15,2370,31.2056,5.13774,0.37117
2078,81,5,5,19,0,1,0,0,19.415,0.05,0.15,2370,31.2056,2.96548,0.37117
2079,400,16,16,42,0,0,0,1,154.412,0.05,0.15,2370,31.2056,1.94053,0.37117
2080,400,29,29,69,0,0,0,1,235.348,0.05,0.15,2370,31.2056,2.05151,0.37117
2081,147,14,14,32,0,1,0,0,73.085,0.05,0.15,2370,31.2056,2.63652,0.37117
2082,400,31,31,73,0,0,0,1,246.461,0.05,0.15,2370,31.2056,2.16353,0.37124
2083,400,25,25,58,0,0,0,1,202.81,0.05,0.15,2370,31.2056,2.00135,0.37124
2084,35,2,2,7,0,1,0,0,-10.305,0.05,0.15,2370,31.2056,3.84466,0.37124
2085,113,8,8,25,0,1,0,0,38.879,0.05,0.15,2370,31.2056,2.79285,0.37124
2086,162,19,19,49,0,1,0,0,102.299,0.05,0.15,2370,31.2056,2.73787,0.37124
2087,49,5,5,13,0,1,0,0,4.592,0.05,0.15,2370,31.2056,3.48674,0.37124
2088,241,18,18,33,0,1,0,0,100.315,0.05,0.15,2370,31.2056,2.49524,0.37124
2089,400,26,26,69,0,0,0,1,211.904,0.05,0.15,2370,31.2056,1.97262,0.37124
2090,400,29,29,68,0,0,0,1,231.452,0.05,0.15,2370,31.2056,2.07905,0.37124
2091,137,11,11,31,0,1,0,0,68.492,0.05,0.15,2371,31.2056,2.64859,0.37115
2092,400,19,19,53,0,0,0,1,177.587,0.05,0.15,2372,31.2056,1.79279,0.37107
2093,397,32,32,71,0,1,0,0,202.729,0.05,0.15,2372,31.2056,2.65829,0.37114
2094,252,17,17,50,0,1,0,0,107.952,0.05,0.15,2372,31.2056,2.49999,0.37114
2095,210,18,18,47,0,1,0,0,110.632,0.05,0.15,2372,31.2056,2.18769,0.37121
2096,400,15,15,46,0,0,0,1,156.881,0.05,0.15,2372,31.2056,1.77516,0.37121
2097,17,1,1,7,0,1,0,0,-18.093,0.05,0.15,2372,31.2056,4.84521,0.37121
2098,90,5,5,22,0,1,0,0,25.331,0.05,0.15,2372,31.2056,2.7182,0.37121
2099,32,1,1,7,0,1,0,0,-20.174,0.05,0.15,2373,31.2056,5.36514,0.37119
2100,400,30,30,70,0,0,0,1,229.728,0.05,0.15,2373,31.2056,2.15562,0.37119
2101,400,21,21,45,0,0,0,1,176.877,0.05,0.15,2373,31.2056,1.8896,0.37119
2102,151,13,13,30,0,1,0,0,67.513,0.05,0.15,2373,31.2056,2.7432,0.37126
2103,400,13,13,47,0,0,0,1,131.146,0.05,0.15,2373,31.2056,1.69867,0.37126
2104,400,30,30,73,0,0,0,1,248.733,0.05,0.15,2373,31.2056,2.31498,0.37126
2105,12,0,0,3,0,1,0,0,-30.14,0.05,0.15,2373,31.2056,3.73834,0.37126
2106,66,5,5,25,0,1,0,0,19.416,0.05,0.15,2373,31.2056,2.96792,0.37126
2107,17,2,2,8,0,1,0,0,-15.736,0.05,0.15,2373,31.2056,5.31621,0.37126
2108,27,1,1,6,0,1,0,0,-13.249,0.05,0.15,2373,31.2056,3.70362,0.37126
2109,400,25,25,48,0,0,0,1,188.256,0.05,0.15,2373,31.2056,1.83466,0.37126
2110,400,21,21,58,0,0,0,1,186.135,0.05,0.15,2373,31.2056,2.09303,0.37126
2111,57,6,6,16,0,1,0,0,14.075,0.05,0.15,2373,31.2056,2.81722,0.37126
2112,36,4,4,13,0,1,0,0,-4.625,0.05,0.15,2373,31.2056,3.12894,0.37133
2113,168,16,16,33,0,1,0,0,78.507,0.05,0.15,2373,31.2056,2.56321,0.37133
2114,400,19,19,49,0,0,0,1,165.081,0.05,0.15,2375,31.2056,2.09127,0.37116
2115,400,25,25,60,0,0,0,1,202.434,0.05,0.15,2375,31.2056,2.01019,0.37116
2116,400,29,29,69,0,0,0,1,252.897,0.05,0.15,2375,31.2056,2.32989,0.37116
2117,400,23,23,54,0,0,0,1,192.815,0.05,0.15,2375,31.2056,1.99776,0.37116
2118,25,2,2,11,0,1,0,0,-8.92,0.05,0.15,2375,31.2056,4.65039,0.37116
2119,231,20,20,50,0,1,0,0,129.039,0.05,0.15,2375,31.2056,2.57923,0.37123
2120,400,27,27,72,0,0,0,1,222.662,0.05,0.15,2375,31.2056,2.09415,0.37123
2121,138,16,16,38,0,1,0,0,88.009,0.05,0.15,2375,31.2056,2.90118,0.37123
2122,348,31,31,76,0,1,0,0,203.511,0.05,0.15,2375,31.2056,2.71485,0.37123
2123,400,36,36,95,0,0,0,1,280.789,0.05,0.15,2375,31.2056,2.22854,0.3713
2124,400,36,36,81,0,0,0,1,265.364,0.05,0.15,2375,31.2056,2.36775,0.3713
2125,381,26,26,72,0,1,0,0,191.358,0.05,0.15,2375,31.2056,2.23323,0.37137
2126,165,9,9,25,0,1,0,0,47.485,0.05,0.15,2375,31.2056,2.46014,0.37137
2127,219,21,21,60,0,1,0,0,135.937,0.05,0.15,2375,31.2056,2.58429,0.37144
2128,314,26,26,57,0,1,0,0,157.569,0.05,0.15,2375,31.2056,1.88096,0.37144
2129,71,4,4,9,0,1,0,0,9.594,0.05,0.15,2375,31.2056,2.83091,0.37144
2130,17,2,2,5,0,1,0,0,-15.904,0.05,0.15,2375,31.2056,6.14937,0.37144
2131,400,31,31,75,0,0,0,1,234.691,0.05,0.15,2375,31.2056,2.23073,0.37144
2132,86,11,11,19,0,1,0,0,43.204,0.05,0.15,2375,31.2056,3.19665,0.37144
2133,400,27,27,69,0,0,0,1,215.512,0.05,0.15,2375,31.2056,2.20574,0.37151
2134,14,0,0,1,0,1,0,0,-25.502,0.05,0.15,2375,31.2056,5.94549,0.37151
2135,400,33,33,83,0,0,0,1,252.932,0.05,0.15,2375,31.2056,2.22788,0.37151
2136,287,24,24,62,0,1,0,0,155.005,0.05,0.15,2375,31.2056,2.57433,0.37151
2137,400,33,33,85,0,0,0,1,259.364,0.05,0.15,2375,31.2056,2.43912,0.37158
2138,400,29,29,77,0,0,0,1,239.682,0.05,0.15,2375,31.2056,2.18803,0.37158
2139,293,26,26,72,0,1,0,0,171.247,0.05,0.15,2376,31.2056,2.67731,0.37149
2140,400,6,6,24,0,0,0,1,98.11,0.05,0.15,2376,31.2056,1.79552,0.37156
2141,24,3,3,10,0,1,0,0,-7.473,0.05,0.15,2376,31.2056,4.59043,0.37156
2142,60,4,4,19,0,1,0,0,6.217,0.05,0.15,2377,31.2056,3.60803,0.37155
2143,400,27,27,73,0,0,0,1,217.618,0.05,0.15,2377,31.2056,2.13747,0.37155
2144,400,33,33,77,0,0,0,1,256.342,0.05,0.15,2377,31.2056,2.24148,0.37155
2145,400,19,19,45,0,0,0,1,169.927,0.05,0.15,2377,31.2056,1.80261,0.37155
2146,359,21,21,51,0,1,0,0,140.421,0.05,0.15,2377,31.2056,2.10726,0.37155
2147,16,1,1,4,0,1,0,0,-22.866,0.05,0.15,2377,31.2056,4.8768,0.37155
2148,140,11,11,32,0,1,0,0,65.326,0.05,0.15,2377,31.2056,2.69228,0.37155
2149,225,18,18,47,0,1,0,0,106.362,0.05,0.15,2377,31.2056,2.63522,0.37155
2150,400,33,33,75,0,0,0,1,252.324,0.05,0.15,2377,31.2056,2.31612,0.37155
2151,299,22,22,64,0,1,0,0,138.732,0.05,0.15,2377,31.2056,2.57592,0.37162
2152,400,34,34,80,0,0,0,1,264.56,0.05,0.15,2377,31.2056,2.14904,0.37162
2153,365,22,22,49,0,1,0,0,145.784,0.05,0.15,2377,31.2056,2.11704,0.37162
2154,400,15,15,40,0,0,0,1,142.087,0.05,0.15,2378,31.2056,1.76479,0.37153
2155,400,16,16,45,0,0,0,1,158.924,0.05,0.15,2378,31.2056,1.64333,0.37153
2156,400,19,19,44,0,0,0,1,157.134,0.05,0.15,2378,31.2056,2.03547,0.37153
2157,64,4,4,14,0,1,0,0,11.285,0.05,0.15,2378,31.2056,2.94995,0.37153
2158,41,7,7,13,0,1,0,0,9.134,0.05,0.15,2378,31.2056,4.26379,0.37153
2159,400,6,6,23,0,0,0,1,92.313,0.05,0.15,2378,31.2056,1.38167,0.37153
2160,400,15,15,44,0,0,0,1,156.305,0.05,0.15,2378,31.2056,1.61933,0.37153
2161,19,0,0,6,0,1,0,0,-20.396,0.05,0.15,2378,31.2056,3.96876,0.37153
2162,17,1,1,6,0,1,0,0,-15.85,0.05,0.15,2378,31.2056,4.28499,0.37153
2163,400,27,27,79,0,0,0,1,226.699,0.05,0.15,2379,31.2056,2.02815,0.37144
2164,400,30,30,78,0,0,0,1,240.018,0.05,0.15,2379,31.2056,2.16315,0.37144
2165,400,34,34,84,0,0,0,1,271.806,0.05,0.15,2380,31.2056,2.15905,0.37143
2166,6,0,0,1,0,1,0,0,-31.806,0.05,0.15,2380,31.2056,10.32978,0.37143
2167,400,37,37,84,0,0,0,1,267.232,0.05,0.15,2380,31.2056,2.38429,0.37143
2168,5,0,0,4,0,1,0,0,-32.802,0.05,0.15,2380,31.2056,13.79404,0.3715
2169,400,36,36,86,0,0,0,1,273.527,0.05,0.15,2380,31.2056,2.34933,0.3715
2170,63,6,6,12,0,1,0,0,15.675,0.05,0.15,2380,31.2056,2.65451,0.3715
2171,400,30,30,74,0,0,0,1,239.735,0.05,0.15,2381,31.2056,2.18842,0.37148
2172,329,25,25,63,0,1,0,0,166.782,0.05,0.15,2381,31.2056,2.45637,0.37148
2173,161,10,10,40,0,1,0,0,63.895,0.05,0.15,2381,31.2056,2.53057,0.37148
2174,102,12,12,27,0,1,0,0,56.467,0.05,0.15,2381,31.2056,3.00896,0.37155
2175,400,20,20,50,0,0,0,1,183.277,0.05,0.15,2381,31.2056,1.86798,0.37155
2176,80,5,5,14,0,1,0,0,13.904,0.05,0.15,2381,31.2056,2.55061,0.37155
2177,20,0,0,6,0,1,0,0,-20.765,0.05,0.15,2381,31.2056,4.85717,0.37155
2178,336,25,25,66,0,1,0,0,170.141,0.05,0.15,2382,31.2056,2.45225,0.37154
2179,400,30,30,82,0,0,0,1,248.445,0.05,0.15,2382,31.2056,2.26171,0.37161
2180,400,30,30,84,0,0,0,1,248.0,0.05,0.15,2382,31.2056,2.16465,0.37161
2181,187,18,18,47,0,1,0,0,107.124,0.05,0.15,2382,31.2056,2.80919,0.37168
2182,400,29,29,60,0,0,0,1,223.921,0.05,0.15,2382,31.2056,2.13298,0.37182
2183,309,12,12,36,0,1,0,0,87.15,0.05,0.15,2382,31.2056,1.93247,0.37182
2184,113,8,8,24,0,1,0,0,41.775,0.05,0.15,2382,31.2056,2.55209,0.37182
2185,99,3,3,26,0,1,0,0,25.362,0.05,0.15,2382,31.2056,2.78675,0.37189
2186,400,29,29,82,0,0,0,1,258.162,0.05,0.15,2383,31.2056,2.21636,0.37187
2187,18,1,1,8,0,1,0,0,-17.05,0.05,0.15,2383,31.2056,4.85004,0.37187
2188,400,28,28,73,0,0,0,1,232.809,0.05,0.15,2383,31.2056,2.27542,0.37194
2189,400,27,27,66,0,0,0,1,220.611,0.05,0.15,2384,31.2056,2.06895,0.37185
2190,400,29,29,77,0,0,0,1,227.589,0.05,0.15,2385,31.2056,2.20941,0.37177
2191,41,3,3,14,0,1,0,0,-1.044,0.05,0.15,2385,31.2056,3.36161,0.37177
2192,16,1,1,2,0,1,0,0,-24.866,0.05,0.15,2385,31.2056,4.53983,0.37177
2193,214,21,21,67,0,1,0,0,143.422,0.05,0.15,2385,31.2056,2.75095,0.37177
2194,400,30,30,53,0,0,0,1,215.77,0.05,0.15,2385,31.2056,2.04339,0.37177
2195,400,30,30,69,0,0,0,1,227.12,0.05,0.15,2385,31.2056,1.92042,0.37177
2196,16,2,2,3,0,1,0,0,-17.613,0.05,0.15,2385,31.2056,4.48841,0.37177
2197,400,30,30,70,0,0,0,1,232.891,0.05,0.15,2385,31.2056,2.06828,0.37184
2198,400,27,27,59,0,0,0,1,206.49,0.05,0.15,2385,31.2056,2.01978,0.37184
2199,24,2,2,11,0,1,0,0,-10.246,0.05,0.15,2385,31.2056,4.39448,0.37184
2200,198,15,15,43,0,1,0,0,90.561,0.05,0.15,2385,31.2056,2.413,0.37184
2201,74,8,8,31,0,1,0,0,36.283,0.05,0.15,2386,31.2056,2.60883,0.37175
2202,400,32,32,85,0,0,0,1,268.147,0.05,0.15,2386,31.2056,2.16525,0.37182
2203,228,23,23,68,0,1,0,0,143.795,0.05,0.15,2386,31.2056,2.68999,0.37182
2204,16,1,1,3,0,1,0,0,-18.914,0.05,0.15,2386,31.2056,5.0747,0.37182
2205,133,17,17,40,0,1,0,0,84.855,0.05,0.15,2386,31.2056,2.89356,0.37182
2206,80,1,1,16,0,1,0,0,-1.917,0.05,0.15,2386,31.2056,2.91606,0.37182
2207,400,34,34,84,0,0,0,1,261.5,0.05,0.15,2386,31.2056,2.22882,0.37189
2208,35,2,2,10,0,1,0,0,-11.337,0.05,0.15,2386,31.2056,3.51319,0.37189
2209,100,6,6,22,0,1,0,0,22.19,0.05,0.15,2386,31.2056,2.7882,0.37196
2210,77,6,6,15,0,1,0,0,16.21,0.05,0.15,2387,31.2056,2.66605,0.37195
2211,400,36,36,75,0,0,0,1,264.752,0.05,0.15,2387,31.2056,2.11114,0.37195
2212,400,25,25,66,0,0,0,1,212.826,0.05,0.15,2387,31.2056,1.9494,0.37195
2213,400,32,32,77,0,0,0,1,252.731,0.05,0.15,2387,31.2056,2.15725,0.37195
2214,400,30,30,76,0,0,0,1,227.282,0.05,0.15,2387,31.2056,2.17226,0.37195
2215,150,12,12,33,0,1,0,0,65.632,0.05,0.15,2387,31.2056,2.98035,0.37195
2216,400,18,18,50,0,0,0,1,172.634,0.05,0.15,2387,31.2056,2.16255,0.37195
2217,400,29,29,69,0,0,0,1,243.333,0.05,0.15,2387,31.2056,2.15947,0.37195
2218,400,23,23,58,0,0,0,1,199.083,0.05,0.15,2387,31.2056,1.99637,0.37195
2219,348,25,25,71,0,1,0,0,180.579,0.05,0.15,2387,31.2056,2.28106,0.37195
2220,400,27,27,64,0,0,0,1,218.884,0.05,0.15,2387,31.2056,2.06375,0.37202
2221,177,23,23,46,0,1,0,0,117.011,0.05,0.15,2387,31.2056,2.81155,0.37202
2222,252,18,18,44,0,1,0,0,112.953,0.05,0.15,2387,31.2056,2.19749,0.37215
2223,400,24,24,77,0,0,0,1,222.287,0.05,0.15,2387,31.2056,2.13897,0.37222
2224,42,3,3,9,0,1,0,0,-4.949,0.05,0.15,2387,31.2056,2.86263,0.37222
2225,68,6,6,17,0,1,0,0,16.661,0.05,0.15,2387,31.2056,3.0005,0.37222
2226,400,25,25,64,0,0,0,1,208.907,0.05,0.15,2387,31.2056,2.01922,0.37229
2227,73,5,5,12,0,1,0,0,13.018,0.05,0.15,2387,31.2056,2.4708,0.37229
2228,400,31,31,70,0,0,0,1,238.594,0.05,0.15,2387,31.2056,1.87171,0.37229
2229,6,0,0,0,0,1,0,0,-30.504,0.05,0.15,2387,31.2056,13.76247,0.37229
2230,5,0,0,2,0,1,0,0,-26.012,0.05,0.15,2387,31.2056,7.45391,0.37229
2231,400,35,35,86,0,0,0,1,265.95,0.05,0.15,2387,31.2056,2.20356,0.37229
2232,21,0,0,5,0,1,0,0,-22.44,0.05,0.15,2387,31.2056,5.9392,0.37229
2233,246,23,23,62,0,1,0,0,148.851,0.05,0.15,2387,31.2056,2.57412,0.37229
2234,17,1,1,7,0,1,0,0,-16.175,0.05,0.15,2387,31.2056,3.91235,0.37229
2235,400,30,30,62,0,0,0,1,213.694,0.05,0.15,2387,31.2056,2.2159,0.37236
2236,196,13,13,45,0,1,0,0,94.608,0.05,0.15,2387,31.2056,2.32227,0.37236
2237,333,31,31,80,0,1,0,0,204.943,0.05,0.15,2387,31.2056,2.28747,0.37236
2238,191,15,15,44,0,1,0,0,99.627,0.05,0.15,2387,31.2056,2.29565,0.37236
2239,400,24,24,70,0,0,0,1,212.365,0.05,0.15,2387,31.2056,2.07265,0.37236
2240,400,22,22,64,0,0,0,1,194.175,0.05,0.15,2388,31.2056,1.99782,0.37228
2241,400,22,22,63,0,0,0,1,194.034,0.05,0.15,2388,31.2056,1.86452,0.37228
2242,400,22,22,69,0,0,0,1,198.162,0.05,0.15,2388,31.2056,1.96497,0.37228
2243,40,2,2,7,0,1,0,0,-10.199,0.05,0.15,2388,31.2056,2.65177,0.37228
2244,239,16,16,43,0,1,0,0,89.214,0.05,0.15,2388,31.2056,2.10994,0.37228
2245,400,28,28,72,0,0,0,1,229.758,0.05,0.15,2388,31.2056,2.11588,0.37228
2246,400,18,18,47,0,0,0,1,160.887,0.05,0.15,2388,31.2056,1.82042,0.37228
2247,153,12,12,34,0,1,0,0,74.882,0.05,0.15,2388,31.2056,2.42954,0.37228
2248,17,2,2,9,0,1,0,0,-14.334,0.05,0.15,2388,31.2056,4.14583,0.37228
2249,156,8,8,30,0,1,0,0,43.804,0.05,0.15,2388,31.2056,2.63022,0.37228
2250,400,15,15,50,0,0,0,1,138.167,0.05,0.15,2388,31.2056,1.8757,0.37228
2251,38,4,4,17,0,1,0,0,-0.522,0.05,0.15,2388,31.2056,3.4407,0.37228
2252,400,24,24,60,0,0,0,1,189.084,0.05,0.15,2388,31.2056,2.01138,0.37235
2253,330,18,18,40,0,1,0,0,113.472,0.05,0.15,2388,31.2056,1.85971,0.37235
2254,152,16,16,48,0,1,0,0,83.941,0.05,0.15,2388,31.2056,2.72716,0.37235
2255,73,5,5,22,0,1,0,0,21.043,0.05,0.15,2388,31.2056,2.26446,0.37235
2256,400,24,24,65,0,0,0,1,207.892,0.05,0.15,2388,31.2056,1.78282,0.37235
2257,400,12,12,44,0,0,0,1,134.94,0.05,0.15,2388,31.2056,1.73713,0.37242
2258,153,13,13,36,0,1,0,0,77.521,0.05,0.15,2388,31.2056,2.4974,0.37249
2259,50,5,5,14,0,1,0,0,4.915,0.05,0.15,2388,31.2056,2.99825,0.37249
2260,158,16,16,36,0,1,0,0,89.062,0.05,0.15,2388,31.2056,2.69963,0.37249
2261,400,33,33,81,0,0,0,1,250.991,0.05,0.15,2388,31.2056,2.27261,0.37256
2262,63,5,5,9,0,1,0,0,6.148,0.05,0.15,2388,31.2056,3.22776,0.37256
2263,252,13,13,44,0,1,0,0,95.849,0.05,0.15,2388,31.2056,2.16629,0.37263
2264,5,0,0,3,0,1,0,0,-33.802,0.05,0.15,2388,31.2056,13.4058,0.37263
2265,400,24,24,71,0,0,0,1,221.485,0.05,0.15,2388,31.2056,2.03648,0.37263
2266,400,20,20,54,0,0,0,1,179.421,0.05,0.15,2388,31.2056,1.85262,0.37263
2267,17,1,1,9,0,1,0,0,-16.179,0.05,0.15,2388,31.2056,5.32681,0.37263
2268,400,27,27,67,0,0,0,1,221.093,0.05,0.15,2388,31.2056,1.8696,0.37263
2269,5,0,0,1,0,1,0,0,-28.262,0.05,0.15,2388,31.2056,17.75227,0.37263
2270,48,4,4,11,0,1,0,0,4.043,0.05,0.15,2388,31.2056,2.71051,0.37263
2271,400,30,30,82,0,0,0,1,235.351,0.05,0.15,2388,31.2056,1.95892,0.3727
2272,84,11,11,25,0,1,0,0,40.297,0.05,0.15,2388,31.2056,3.11738,0.37277
2273,400,39,39,86,0,0,0,1,277.111,0.05,0.15,2388,31.2056,2.30247,0.37277
2274,400,21,21,46,0,0,0,1,174.744,0.05,0.15,2388,31.2056,1.9202,0.37277
2275,400,24,24,66,0,0,0,1,213.085,0.05,0.15,2388,31.2056,1.98709,0.37277
2276,400,24,24,73,0,0,0,1,217.189,0.05,0.15,2388,31.2056,2.09159,0.37277
2277,400,35,35,91,0,0,0,1,281.202,0.05,0.15,2389,31.2056,2.3862,0.37275
2278,400,25,25,75,0,0,0,1,218.622,0.05,0.15,2389,31.2056,1.9972,0.37275
2279,400,30,30,70,0,0,0,1,232.553,0.05,0.15,2389,31.2056,2.02184,0.37275
2280,51,5,5,18,0,1,0,0,11.378,0.05,0.15,2389,31.2056,3.08278,0.37275
2281,400,31,31,78,0,0,0,1,262.784,0.05,0.15,2389,31.2056,2.04878,0.37282
2282,400,29,29,79,0,0,0,1,246.907,0.05,0.15,2389,31.2056,2.01635,0.37296
2283,400,31,31,74,0,0,0,1,247.099,0.05,0.15,2389,31.2056,2.20514,0.37296
2284,400,27,27,64,0,0,0,1,220.192,0.05,0.15,2389,31.2056,2.10223,0.37296
2285,400,36,36,79,0,0,0,1,273.546,0.05,0.15,2390,31.2056,2.1707,0.37287
2286,355,26,26,67,0,1,0,0,190.222,0.05,0.15,2390,31.2056,2.2197,0.37287
2287,18,3,3,5,0,1,0,0,-11.26,0.05,0.15,2390,31.2056,4.87921,0.37287
2288,102,12,12,31,0,1,0,0,52.785,0.05,0.15,2390,31.2056,3.4395,0.37287
2289,17,1,1,6,0,1,0,0,-17.5,0.05,0.15,2390,31.2056,5.55726,0.37287
2290,400,33,33,73,0,0,0,1,237.086,0.05,0.15,2390,31.2056,2.2188,0.37294
2291,400,33,33,86,0,0,0,1,263.484,0.05,0.15,2390,31.2056,2.21281,0.37294
2292,77,8,8,28,0,1,0,0,35.315,0.05,0.15,2390,31.2056,2.96854,0.37294
2293,328,38,38,89,0,1,0,0,236.711,0.05,0.15,2391,31.2056,2.38663,0.37314
2294,400,28,28,81,0,0,0,1,242.844,0.05,0.15,2391,31.2056,2.28536,0.37314
2295,400,37,37,84,0,0,0,1,273.725,0.05,0.15,2391,31.2056,2.2121,0.37314
2296,295,28,28,63,0,1,0,0,173.954,0.05,0.15,2391,31.2056,2.47912,0.37314
2297,400,25,25,66,0,0,0,1,216.267,0.05,0.15,2391,31.2056,2.14219,0.37314
2298,400,23,23,66,0,0,0,1,211.113,0.05,0.15,2391,31.2056,2.13787,0.37314
2299,108,13,13,23,0,1,0,0,51.213,0.05,0.15,2391,31.2056,2.78816,0.37314
2300,15,1,1,3,0,1,0,0,-24.706,0.05,0.15,2392,31.2056,6.49157,0.37312
2301,100,9,9,19,0,1,0,0,41.781,0.05,0.15,2392,31.2056,2.58994,0.37312
2302,400,30,30,71,0,0,0,1,236.834,0.05,0.15,2392,31.2056,2.15192,0.37312
2303,400,26,26,52,0,0,0,1,200.053,0.05,0.15,2392,31.2056,1.97845,0.37312
2304,400,35,35,81,0,0,0,1,268.022,0.05,0.15,2393,31.2056,2.30618,0.3731
2305,41,3,3,12,0,1,0,0,-2.933,0.05,0.15,2393,31.2056,3.56961,0.3731
2306,108,13,13,41,0,1,0,0,68.757,0.05,0.15,2394,31.2056,2.97347,0.37302
2307,82,7,7,30,0,1,0,0,30.189,0.05,0.15,2394,31.2056,3.18605,0.37302
2308,19,1,1,8,0,1,0,0,-16.978,0.05,0.15,2394,31.2056,5.16598,0.37302
2309,74,7,7,20,0,1,0,0,24.604,0.05,0.15,2395,31.2056,2.92635,0.373
2310,400,26,26,62,0,0,0,1,214.695,0.05,0.15,2395,31.2056,1.90608,0.37307
2311,103,10,10,22,0,1,0,0,39.54,0.05,0.15,2395,31.2056,2.76775,0.37307
2312,205,18,18,54,0,1,0,0,112.046,0.05,0.15,2395,31.2056,2.65522,0.37307
2313,169,13,13,37,0,1,0,0,65.872,0.05,0.15,2395,31.2056,2.73106,0.37307
2314,400,34,34,84,0,0,0,1,259.833,0.05,0.15,2395,31.2056,2.33585,0.37307
2315,170,21,21,46,0,1,0,0,109.174,0.05,0.15,2395,31.2056,2.92401,0.37307
2316,400,30,30,71,0,0,0,1,227.65,0.05,0.15,2397,31.2056,2.41466,0.37304
2317,400,31,31,69,0,0,0,1,234.583,0.05,0.15,2397,31.2056,2.45027,0.37304
2318,400,33,33,85,0,0,0,1,263.156,0.05,0.15,2397,31.2056,2.13934,0.37304
2319,149,7,7,26,0,1,0,0,40.786,0.05,0.15,2397,31.2056,2.40006,0.37304
2320,114,8,8,29,0,1,0,0,47.942,0.05,0.15,2397,31.2056,2.81706,0.37304
2321,27,3,3,6,0,1,0,0,-11.896,0.05,0.15,2397,31.2056,4.39144,0.37311
2322,400,20,20,67,0,0,0,1,186.573,0.05,0.15,2397,31.2056,1.92919,0.37317
2323,400,30,30,68,0,0,0,1,245.246,0.05,0.15,2399,31.2056,2.2768,0.37321
2324,103,12,12,31,0,1,0,0,56.517,0.05,0.15,2399,31.2056,2.69735,0.37321
2325,119,9,9,29,0,1,0,0,44.312,0.05,0.15,2400,31.2056,2.46586,0.37312
2326,400,24,24,61,0,0,0,1,194.276,0.05,0.15,2400,31.2056,2.00554,0.37312
2327,18,1,1,5,0,1,0,0,-18.238,0.05,0.15,2400,31.2056,4.29196,0.37312
2328,400,33,33,67,0,0,0,1,239.076,0.05,0.15,2400,31.2056,2.12455,0.37312
2329,38,4,4,10,0,1,0,0,-2.362,0.05,0.15,2400,31.2056,3.30149,0.37312
2330,400,33,33,76,0,0,0,1,261.467,0.05,0.15,2400,31.2056,2.15412,0.37312
2331,400,19,19,62,0,0,0,1,191.159,0.05,0.15,2400,31.2056,1.85953,0.37319
2332,92,11,11,33,0,1,0,0,53.421,0.05,0.15,2400,31.2056,2.80752,0.37319
2333,61,7,7,15,0,1,0,0,14.194,0.05,0.15,2400,31.2056,3.25879,0.37319
2334,70,6,6,25,0,1,0,0,26.201,0.05,0.15,2400,31.2056,2.77766,0.37319
2335,350,26,26,67,0,1,0,0,170.07,0.05,0.15,2400,31.2056,2.22047,0.37319
2336,400,37,37,78,0,0,0,1,276.275,0.05,0.15,2400,31.2056,2.34258,0.37319
2337,86,7,7,16,0,1,0,0,18.567,0.05,0.15,2400,31.2056,2.63728,0.37319
2338,28,2,2,12,0,1,0,0,-7.089,0.05,0.15,2400,31.2056,4.63436,0.37326
2339,400,30,30,75,0,0,0,1,233.12,0.05,0.15,2400,31.2056,2.34006,0.37326
2340,5,0,0,1,0,1,0,0,-28.662,0.05,0.15,2400,31.2056,12.16464,0.37326
2341,349,22,22,57,0,1,0,0,156.454,0.05,0.15,2400,31.2056,2.29597,0.37333
2342,36,2,2,8,0,1,0,0,-11.722,0.05,0.15,2400,31.2056,4.32899,0.37333
2343,94,9,9,28,0,1,0,0,44.268,0.05,0.15,2402,31.2056,3.03333,0.37323
2344,400,34,34,79,0,0,0,1,257.756,0.05,0.15,2403,31.2056,2.16146,0.37321
2345,400,33,33,83,0,0,0,1,263.409,0.05,0.15,2403,31.2056,2.25753,0.37321
2346,390,34,34,88,0,1,0,0,224.277,0.05,0.15,2403,31.2056,2.42624,0.37321
2347,400,20,20,56,0,0,0,1,184.99,0.05,0.15,2403,31.2056,1.86543,0.37328
2348,75,6,6,19,0,1,0,0,24.138,0.05,0.15,2403,31.2056,2.88802,0.37328
2349,76,3,3,17,0,1,0,0,11.906,0.05,0.15,2403,31.2056,2.82937,0.37328
2350,121,12,12,36,0,1,0,0,61.17,0.05,0.15,2403,31.2056,2.58411,0.37328
2351,259,16,16,45,0,1,0,0,106.647,0.05,0.15,2403,31.2056,2.26551,0.37328
2352,327,32,32,75,0,1,0,0,201.947,0.05,0.15,2403,31.2056,2.28301,0.37328
2353,400,20,20,58,0,0,0,1,181.885,0.05,0.15,2403,31.2056,2.06841,0.37328
2354,184,21,21,49,0,1,0,0,113.686,0.05,0.15,2403,31.2056,2.69835,0.37328
2355,168,14,14,42,0,1,0,0,85.961,0.05,0.15,2403,31.2056,2.86237,0.37328
2356,400,34,34,85,0,0,0,1,260.603,0.05,0.15,2403,31.2056,2.22259,0.37335
2357,400,33,33,77,0,0,0,1,260.411,0.05,0.15,2403,31.2056,2.10754,0.37335
2358,97,11,11,31,0,1,0,0,45.326,0.05,0.15,2403,31.2056,2.8452,0.37335
2359,400,29,29,73,0,0,0,1,238.646,0.05,0.15,2403,31.2056,1.89007,0.37335
2360,400,36,36,84,0,0,0,1,264.0,0.05,0.15,2403,31.2056,2.17038,0.37342
2361,400,29,29,75,0,0,0,1,221.522,0.05,0.15,2403,31.2056,2.02408,0.37342
2362,400,25,25,67,0,0,0,1,210.986,0.05,0.15,2403,31.2056,2.30908,0.37342
2363,400,32,32,80,0,0,0,1,251.206,0.05,0.15,2404,31.2056,2.16764,0.37334
2364,400,18,18,43,0,0,0,1,127.102,0.05,0.15,2404,31.2056,1.90655,0.37334
2365,400,33,33,76,0,0,0,1,244.19,0.05,0.15,2404,31.2056,2.07172,0.37347
2366,400,30,30,81,0,0,0,1,238.983,0.05,0.15,2405,31.2056,2.22,0.37353
2367,5,0,0,1,0,1,0,0,-28.664,0.05,0.15,2405,31.2056,11.05548,0.37353
2368,400,25,25,62,0,0,0,1,207.45,0.05,0.15,2405,31.2056,1.90448,0.37353
2369,400,29,29,58,0,0,0,1,214.004,0.05,0.15,2405,31.2056,1.99972,0.37353
2370,400,29,29,78,0,0,0,1,241.72,0.05,0.15,2405,31.2056,2.1162,0.37353
2371,33,2,2,10,0,1,0,0,-8.769,0.05,0.15,2405,31.2056,3.68124,0.37353
2372,292,27,27,68,0,1,0,0,171.416,0.05,0.15,2405,31.2056,2.48203,0.37353
2373,167,12,12,36,0,1,0,0,80.342,0.05,0.15,2405,31.2056,2.5953,0.37367
2374,133,11,11,32,0,1,0,0,56.759,0.05,0.15,2405,31.2056,2.98715,0.37367
2375,16,2,2,3,0,1,0,0,-16.294,0.05,0.15,2405,31.2056,6.01804,0.37367
2376,400,16,16,52,0,0,0,1,144.112,0.05,0.15,2405,31.2056,1.85307,0.37367
2377,13,0,0,5,0,1,0,0,-25.546,0.05,0.15,2405,31.2056,6.45941,0.37367
2378,400,24,24,57,0,0,0,1,189.341,0.05,0.15,2405,31.2056,1.83839,0.37367
2379,103,6,6,30,0,1,0,0,29.97,0.05,0.15,2405,31.2056,2.91648,0.37367
2380,400,26,26,69,0,0,0,1,217.968,0.05,0.15,2405,31.2056,2.0786,0.37367
2381,400,32,32,81,0,0,0,1,236.898,0.05,0.15,2405,31.2056,2.32205,0.37367
2382,400,26,26,70,0,0,0,1,218.778,0.05,0.15,2405,31.2056,2.24926,0.37367
2383,400,25,25,63,0,0,0,1,209.03,0.05,0.15,2405,31.2056,1.96076,0.37367
2384,148,8,8,47,0,1,0,0,61.307,0.05,0.15,2405,31.2056,2.54648,0.37367
2385,154,14,14,39,0,1,0,0,80.213,0.05,0.15,2405,31.2056,2.44661,0.37367
2386,400,27,27,72,0,0,0,1,223.657,0.05,0.15,2405,31.2056,2.21696,0.37367
2387,400,33,33,93,0,0,0,1,267.769,0.05,0.15,2406,31.2056,2.11583,0.37372
2388,51,3,3,11,0,1,0,0,2.49,0.05,0.15,2406,31.2056,2.59046,0.37372
2389,35,4,4,8,0,1,0,0,-1.916,0.05,0.15,2406,31.2056,3.40835,0.37372
2390,400,28,28,74,0,0,0,1,218.279,0.05,0.15,2406,31.2056,2.25061,0.37379
2391,400,35,35,95,0,0,0,1,265.366,0.05,0.15,2406,31.2056,2.27334,0.37386
2392,400,32,32,93,0,0,0,1,249.98,0.05,0.15,2406,31.2056,2.32954,0.37393
2393,219,19,19,54,0,1,0,0,113.985,0.05,0.15,2406,31.2056,2.55889,0.374
2394,400,32,32,83,0,0,0,1,244.251,0.05,0.15,2406,31.2056,2.10696,0.374
2395,400,35,35,87,0,0,0,1,257.437,0.05,0.15,2406,31.2056,2.45667,0.37406
2396,268,26,26,66,0,1,0,0,167.168,0.05,0.15,2406,31.2056,2.52831,0.37406
2397,216,18,18,48,0,1,0,0,113.076,0.05,0.15,2406,31.2056,2.47311,0.37406
2398,400,31,31,68,0,0,0,1,246.61,0.05,0.15,2406,31.2056,1.96523,0.37406
2399,228,25,25,52,0,1,0,0,138.438,0.05,0.15,2406,31.2056,2.35647,0.37406
2400,400,21,21,65,0,0,0,1,194.749,0.05,0.15,2407,31.2056,2.03112,0.37398
2401,400,29,29,75,0,0,0,1,242.3,0.05,0.15,2409,31.2056,2.15476,0.37381
2402,202,15,15,48,0,1,0,0,95.366,0.05,0.15,2409,31.2056,2.39947,0.37381
2403,89,8,8,23,0,1,0,0,40.527,0.05,0.15,2409,31.2056,3.01463,0.37381
2404,126,12,12,24,0,1,0,0,52.886,0.05,0.15,2409,31.2056,2.59718,0.37381
2405,172,16,16,41,0,1,0,0,92.084,0.05,0.15,2409,31.2056,2.7584,0.37381
2406,400,38,38,97,0,0,0,1,282.387,0.05,0.15,2409,31.2056,2.37989,0.37381
2407,400,34,34,82,0,0,0,1,260.177,0.05,0.15,2409,31.2056,2.15615,0.37381
2408,400,27,27,55,0,0,0,1,198.492,0.05,0.15,2409,31.2056,2.015,0.37381
2409,400,28,28,73,0,0,0,1,241.811,0.05,0.15,2410,31.2056,2.24987,0.37372
2410,400,24,24,68,0,0,0,1,211.426,0.05,0.15,2410,31.2056,1.9312,0.37379
2411,41,3,3,6,0,1,0,0,-5.61,0.05,0.15,2410,31.2056,2.96435,0.37379
2412,400,18,18,49,0,0,0,1,151.183,0.05,0.15,2410,31.2056,1.73037,0.37379
2413,400,32,32,78,0,0,0,1,252.591,0.05,0.15,2410,31.2056,2.04709,0.37379
2414,27,0,0,7,0,1,0,0,-19.772,0.05,0.15,2410,31.2056,4.07867,0.37379
2415,400,26,26,70,0,0,0,1,216.877,0.05,0.15,2410,31.2056,2.01667,0.37379
2416,365,31,31,73,0,1,0,0,202.037,0.05,0.15,2411,31.2056,2.18821,0.37384
2417,172,20,20,47,0,1,0,0,111.692,0.05,0.15,2411,31.2056,2.64914,0.37384
2418,400,33,33,85,0,0,0,1,251.574,0.05,0.15,2412,31.2056,2.05246,0.37376
2419,255,20,20,45,0,1,0,0,125.715,0.05,0.15,2412,31.2056,2.19605,0.37376
2420,400,29,29,80,0,0,0,1,244.301,0.05,0.15,2412,31.2056,2.2215,0.37383
2421,42,3,3,13,0,1,0,0,-0.164,0.05,0.15,2412,31.2056,3.01907,0.37383
2422,400,30,30,66,0,0,0,1,231.541,0.05,0.15,2412,31.2056,1.98537,0.37389
2423,400,21,21,49,0,0,0,1,167.597,0.05,0.15,2412,31.2056,1.87015,0.37403
2424,400,31,31,77,0,0,0,1,249.474,0.05,0.15,2412,31.2056,2.12337,0.37403
2425,84,9,9,27,0,1,0,0,38.803,0.05,0.15,2412,31.2056,2.92069,0.37403
2426,400,26,26,66,0,0,0,1,216.012,0.05,0.15,2412,31.2056,2.29979,0.37403
2427,79,6,6,21,0,1,0,0,19.373,0.05,0.15,2412,31.2056,3.45384,0.37403
2428,400,42,42,86,0,0,0,1,289.769,0.05,0.15,2413,31.2056,2.39825,0.37395
2429,400,29,29,68,0,0,0,1,223.02,0.05,0.15,2413,31.2056,2.0017,0.37402
2430,400,14,14,34,0,0,0,1,132.092,0.05,0.15,2413,31.2056,1.59638,0.37402
2431,156,13,13,39,0,1,0,0,78.934,0.05,0.15,2413,31.2056,2.682,0.37402
2432,198,19,19,44,0,1,0,0,105.29,0.05,0.15,2413,31.2056,2.50562,0.37402
2433,349,32,32,68,0,1,0,0,199.483,0.05,0.15,2413,31.2056,2.39078,0.37402
2434,35,6,6,10,0,1,0,0,3.21,0.05,0.15,2413,31.2056,3.56195,0.37402
2435,400,29,29,65,0,0,0,1,235.643,0.05,0.15,2413,31.2056,2.16229,0.37402
2436,400,31,31,76,0,0,0,1,238.382,0.05,0.15,2413,31.2056,2.1042,0.37408
2437,400,25,25,60,0,0,0,1,195.671,0.05,0.15,2413,31.2056,2.1993,0.37415
2438,19,1,1,2,0,1,0,0,-20.758,0.05,0.15,2413,31.2056,5.17382,0.37415
2439,400,32,32,85,0,0,0,1,260.726,0.05,0.15,2413,31.2056,2.09752,0.37415
2440,51,5,5,13,0,1,0,0,6.972,0.05,0.15,2413,31.2056,3.16331,0.37415
2441,400,36,36,94,0,0,0,1,285.665,0.05,0.15,2414,31.2056,2.08814,0.37407
2442,400,32,32,73,0,0,0,1,248.67,0.05,0.15,2415,31.2056,2.30796,0.37398
2443,17,1,1,7,0,1,0,0,-17.3,0.05,0.15,2415,31.2056,4.91799,0.37398
2444,63,3,3,20,0,1,0,0,11.578,0.05,0.15,2415,31.2056,2.88494,0.37398
2445,52,4,4,9,0,1,0,0,2.658,0.05,0.15,2415,31.2056,2.5825,0.37398
2446,400,25,25,60,0,0,0,1,204.635,0.05,0.15,2415,31.2056,1.9245,0.37398
2447,400,37,37,89,0,0,0,1,279.236,0.05,0.15,2415,31.2056,2.22616,0.37398
2448,117,15,15,38,0,1,0,0,67.326,0.05,0.15,2415,31.2056,3.01458,0.37398
2449,193,13,13,39,0,1,0,0,82.026,0.05,0.15,2415,31.2056,2.70775,0.37398
2450,400,34,34,83,0,0,0,1,266.567,0.05,0.15,2415,31.2056,2.15977,0.37398
2451,400,31,31,89,0,0,0,1,250.588,0.05,0.15,2415,31.2056,2.30589,0.37398
2452,50,3,3,13,0,1,0,0,1.464,0.05,0.15,2415,31.2056,2.93114,0.37398
2453,289,27,27,59,0,1,0,0,167.896,0.05,0.15,2415,31.2056,2.55433,0.37405
2454,338,32,32,83,0,1,0,0,211.064,0.05,0.15,2415,31.2056,2.43337,0.37405
2455,400,32,32,81,0,0,0,1,256.741,0.05,0.15,2415,31.2056,2.32453,0.37405
2456,327,18,18,58,0,1,0,0,127.228,0.05,0.15,2415,31.2056,2.19989,0.37405
2457,128,12,12,37,0,1,0,0,63.978,0.05,0.15,2415,31.2056,2.67707,0.37405
2458,244,19,19,46,0,1,0,0,120.282,0.05,0.15,2415,31.2056,2.42878,0.37419
2459,18,1,1,5,0,1,0,0,-18.05,0.05,0.15,2415,31.2056,3.68966,0.37419
2460,367,25,25,66,0,1,0,0,177.122,0.05,0.15,2415,31.2056,2.16405,0.37419
2461,400,31,31,79,0,0,0,1,249.954,0.05,0.15,2415,31.2056,2.07669,0.37419
2462,186,9,9,23,0,1,0,0,48.458,0.05,0.15,2415,31.2056,1.67564,0.37419
2463,400,34,34,80,0,0,0,1,264.579,0.05,0.15,2415,31.2056,2.135,0.37419
2464,400,30,30,76,0,0,0,1,233.348,0.05,0.15,2415,31.2056,2.07153,0.37419
2465,400,32,32,87,0,0,0,1,264.858,0.05,0.15,2415,31.2056,2.09917,0.37419
2466,400,31,31,80,0,0,0,1,254.986,0.05,0.15,2415,31.2056,2.13388,0.37419
2467,315,22,22,64,0,1,0,0,156.408,0.05,0.15,2415,31.2056,2.11024,0.37419
2468,358,28,28,76,0,1,0,0,200.692,0.05,0.15,2415,31.2056,2.33974,0.37419
2469,400,13,13,35,0,0,0,1,138.506,0.05,0.15,2415,31.2056,1.78169,0.37426
2470,400,37,37,87,0,0,0,1,281.819,0.05,0.15,2415,31.2056,2.37264,0.37433
2471,177,10,10,33,0,1,0,0,54.845,0.05,0.15,2416,31.2056,2.26147,0.37431
2472,400,28,28,55,0,0,0,1,207.652,0.05,0.15,2416,31.2056,2.24173,0.37431
2473,70,7,7,21,0,1,0,0,28.199,0.05,0.15,2416,31.2056,3.71942,0.37431
2474,280,24,24,60,0,1,0,0,154.328,0.05,0.15,2416,31.2056,2.44294,0.37431
2475,400,33,33,86,0,0,0,1,264.7,0.05,0.15,2416,31.2056,2.10761,0.37431
2476,34,5,5,11,0,1,0,0,2.116,0.05,0.15,2416,31.2056,2.9406,0.37431
2477,400,23,23,67,0,0,0,1,202.149,0.05,0.15,2416,31.2056,2.06963,0.37431
2478,400,34,34,80,0,0,0,1,244.425,0.05,0.15,2417,31.2056,2.32799,0.37422
2479,400,22,22,48,0,0,0,1,187.19,0.05,0.15,2418,31.2056,1.8192,0.37414
2480,83,10,10,22,0,1,0,0,37.298,0.05,0.15,2418,31.2056,3.32706,0.37414
2481,14,2,2,5,0,1,0,0,-21.09,0.05,0.15,2418,31.2056,6.26353,0.37414
2482,400,31,31,66,0,0,0,1,234.663,0.05,0.15,2418,31.2056,2.13319,0.37414
2483,400,31,31,78,0,0,0,1,235.102,0.05,0.15,2418,31.2056,2.26617,0.37414
2484,295,23,23,58,0,1,0,0,152.416,0.05,0.15,2418,31.2056,2.57295,0.37414
2485,34,1,1,8,0,1,0,0,-15.317,0.05,0.15,2418,31.2056,3.30605,0.37414
2486,400,32,32,77,0,0,0,1,254.705,0.05,0.15,2418,31.2056,2.21512,0.37414
2487,5,0,0,4,0,1,0,0,-32.404,0.05,0.15,2418,31.2056,10.4305,0.37414
2488,104,9,9,18,0,1,0,0,42.03,0.05,0.15,2418,31.2056,2.71154,0.37414
2489,16,1,1,4,0,1,0,0,-22.014,0.05,0.15,2418,31.2056,3.97194,0.37414
2490,400,31,31,72,0,0,0,1,254.013,0.05,0.15,2418,31.2056,2.35758,0.37421
2491,400,34,34,75,0,0,0,1,250.206,0.05,0.15,2418,31.2056,2.25395,0.37421
2492,400,19,19,54,0,0,0,1,172.058,0.05,0.15,2418,31.2056,2.22189,0.37421
2493,400,26,26,71,0,0,0,1,221.891,0.05,0.15,2419,31.2056,2.26375,0.37412
2494,360,31,31,66,0,1,0,0,204.146,0.05,0.15,2419,31.2056,2.48285,0.37412
2495,400,35,35,74,0,0,0,1,250.356,0.05,0.15,2419,31.2056,2.201,0.37412
2496,25,1,1,4,0,1,0,0,-19.234,0.05,0.15,2419,31.2056,3.79527,0.37412
2497,389,21,21,65,0,1,0,0,165.04,0.05,0.15,2419,31.2056,2.16236,0.37412
2498,400,36,36,91,0,0,0,1,274.581,0.05,0.15,2419,31.2056,2.12258,0.37419
2499,87,8,8,23,0,1,0,0,35.38,0.05,0.15,2419,31.2056,2.60503,0.37419
2500,86,8,8,20,0,1,0,0,30.504,0.05,0.15,2419,31.2056,2.7739,0.37419
2501,272,24,24,64,0,1,0,0,149.774,0.05,0.15,2419,31.2056,2.55517,0.37419
2502,400,24,24,79,0,0,0,1,224.382,0.05,0.15,2420,31.2056,2.23593,0.37417
2503,400,38,38,88,0,0,0,1,280.693,0.05,0.15,2420,31.2056,2.1191,0.37417
2504,384,24,24,76,0,1,0,0,175.734,0.05,0.15,2420,31.2056,2.14893,0.37417
2505,400,23,23,70,0,0,0,1,205.023,0.05,0.15,2420,31.2056,2.09645,0.37417
2506,142,9,9,30,0,1,0,0,53.709,0.05,0.15,2420,31.2056,2.40951,0.37424
2507,400,32,32,75,0,0,0,1,244.624,0.05,0.15,2420,31.2056,2.22017,0.37424
2508,247,27,27,53,0,1,0,0,151.523,0.05,0.15,2420,31.2056,2.27364,0.37424
2509,400,24,24,52,0,0,0,1,182.396,0.05,0.15,2420,31.2056,1.98611,0.37424
2510,400,23,23,61,0,0,0,1,197.24,0.05,0.15,2420,31.2056,1.93591,0.37431
2511,124,12,12,36,0,1,0,0,63.893,0.05,0.15,2420,31.2056,2.49621,0.37431
2512,400,27,27,69,0,0,0,1,220.243,0.05,0.15,2420,31.2056,2.19531,0.37431
2513,193,18,18,43,0,1,0,0,110.301,0.05,0.15,2420,31.2056,2.69875,0.37438
2514,88,7,7,25,0,1,0,0,29.513,0.05,0.15,2420,31.2056,3.21305,0.37438
2515,400,24,24,51,0,0,0,1,192.301,0.05,0.15,2420,31.2056,1.94663,0.37438
2516,400,27,27,66,0,0,0,1,208.689,0.05,0.15,2420,31.2056,1.8658,0.37438
2517,163,15,15,36,0,1,0,0,86.365,0.05,0.15,2420,31.2056,2.29279,0.37438
2518,98,8,8,28,0,1,0,0,42.548,0.05,0.15,2420,31.2056,2.5716,0.37438
2519,42,1,1,9,0,1,0,0,-9.238,0.05,0.15,2420,31.2056,2.92104,0.37438
2520,400,22,22,56,0,0,0,1,173.139,0.05,0.15,2420,31.2056,2.25918,0.37438
2521,55,4,4,12,0,1,0,0,3.983,0.05,0.15,2420,31.2056,2.95216,0.37445
2522,160,15,15,47,0,1,0,0,88.805,0.05,0.15,2420,31.2056,2.61463,0.37452
2523,400,34,34,88,0,0,0,1,270.31,0.05,0.15,2420,31.2056,2.51873,0.37452
2524,400,29,29,76,0,0,0,1,233.761,0.05,0.15,2420,31.2056,2.22202,0.37452
2525,237,16,16,44,0,1,0,0,100.867,0.05,0.15,2420,31.2056,2.53717,0.37459
2526,5,0,0,2,0,1,0,0,-30.306,0.05,0.15,2420,31.2056,6.74128,0.37459
2527,400,26,26,76,0,0,0,1,234.048,0.05,0.15,2420,31.2056,2.09754,0.37459
2528,70,9,9,20,0,1,0,0,31.972,0.05,0.15,2420,31.2056,3.18748,0.37459
2529,235,20,20,43,0,1,0,0,123.703,0.05,0.15,2420,31.2056,2.44924,0.37459
2530,24,2,2,5,0,1,0,0,-15.659,0.05,0.15,2420,31.2056,5.46338,0.37459
2531,400,43,43,90,0,0,0,1,294.125,0.05,0.15,2420,31.2056,2.23771,0.37459
2532,400,35,35,87,0,0,0,1,284.139,0.05,0.15,2421,31.2056,2.1424,0.3745
2533,368,32,32,80,0,1,0,0,213.661,0.05,0.15,2421,31.2056,2.27305,0.3745
2534,34,4,4,9,0,1,0,0,0.234,0.05,0.15,2421,31.2056,3.14988,0.3745
2535,400,28,28,71,0,0,0,1,237.867,0.05,0.15,2421,31.2056,2.23396,0.3745
2536,400,37,37,95,0,0,0,1,274.844,0.05,0.15,2421,31.2056,2.36998,0.3745
2537,32,1,1,7,0,1,0,0,-15.3,0.05,0.15,2421,31.2056,3.96354,0.3745
2538,13,0,0,4,0,1,0,0,-27.404,0.05,0.15,2421,31.2056,5.54573,0.3745
2539,375,33,33,84,0,1,0,0,219.338,0.05,0.15,2421,31.2056,2.21215,0.3745
2540,49,3,3,19,0,1,0,0,8.132,0.05,0.15,2421,31.2056,3.12953,0.3745
2541,35,4,4,10,0,1,0,0,0.421,0.05,0.15,2421,31.2056,3.534,0.3745
2542,400,26,26,67,0,0,0,1,213.183,0.05,0.15,2421,31.2056,2.37638,0.3745
2543,173,16,16,39,0,1,0,0,83.525,0.05,0.15,2421,31.2056,2.61379,0.3745
2544,400,31,31,76,0,0,0,1,252.568,0.05,0.15,2421,31.2056,2.2469,0.3745
2545,400,35,35,78,0,0,0,1,264.755,0.05,0.15,2421,31.2056,2.20548,0.3745
2546,400,36,36,98,0,0,0,1,281.857,0.05,0.15,2421,31.2056,2.34035,0.3745
2547,332,29,29,80,0,1,0,0,202.919,0.05,0.15,2421,31.2056,2.19235,0.3745
2548,52,4,4,12,0,1,0,0,0.437,0.05,0.15,2421,31.2056,3.15469,0.3745
2549,15,1,1,6,0,1,0,0,-20.697,0.05,0.15,2421,31.2056,5.83927,0.3745
2550,344,19,19,49,0,1,0,0,117.894,0.05,0.15,2421,31.2056,2.28194,0.37464
2551,176,13,13,29,0,1,0,0,66.075,0.05,0.15,2421,31.2056,2.65782,0.37478
2552,389,31,31,76,0,1,0,0,210.52,0.05,0.15,2421,31.2056,2.09754,0.37478
2553,400,26,26,70,0,0,0,1,226.151,0.05,0.15,2421,31.2056,2.13496,0.37478
2554,400,23,23,54,0,0,0,1,196.411,0.05,0.15,2421,31.2056,1.87649,0.37478
2555,123,3,3,19,0,1,0,0,18.18,0.05,0.15,2421,31.2056,2.38301,0.37478
2556,400,23,23,64,0,0,0,1,209.536,0.05,0.15,2422,31.2056,2.08668,0.37469
2557,400,26,26,64,0,0,0,1,209.864,0.05,0.15,2422,31.2056,2.0274,0.37469
2558,400,22,22,61,0,0,0,1,194.07,0.05,0.15,2422,31.2056,1.7982,0.37469
2559,203,17,17,47,0,1,0,0,96.529,0.05,0.15,2424,31.2056,2.52795,0.37452
2560,400,35,35,91,0,0,0,1,276.563,0.05,0.15,2427,31.2056,2.21382,0.3744
2561,5,0,0,1,0,1,0,0,-27.01,0.05,0.15,2427,31.2056,16.32032,0.3744
2562,16,2,2,5,0,1,0,0,-16.34,0.05,0.15,2427,31.2056,3.94285,0.3744
2563,60,4,4,10,0,1,0,0,4.181,0.05,0.15,2427,31.2056,3.18941,0.37447
2564,400,30,30,83,0,0,0,1,256.387,0.05,0.15,2427,31.2056,2.23322,0.37454
2565,400,19,19,35,0,0,0,1,155.398,0.05,0.15,2427,31.2056,1.66602,0.37454
2566,255,20,20,47,0,1,0,0,126.831,0.05,0.15,2427,31.2056,2.25039,0.37454
2567,86,9,9,27,0,1,0,0,38.069,0.05,0.15,2427,31.2056,2.5574,0.37454
2568,25,1,1,7,0,1,0,0,-16.19,0.05,0.15,2427,31.2056,4.12455,0.37454
2569,400,33,33,71,0,0,0,1,252.325,0.05,0.15,2427,31.2056,2.07196,0.37454
2570,400,15,15,34,0,0,0,1,143.312,0.05,0.15,2427,31.2056,1.65265,0.37454
2571,400,35,35,78,0,0,0,1,265.338,0.05,0.15,2427,31.2056,2.09794,0.37454
2572,228,23,23,63,0,1,0,0,137.159,0.05,0.15,2427,31.2056,2.45049,0.37461
2573,400,34,34,73,0,0,0,1,251.364,0.05,0.15,2427,31.2056,2.3055,0.37467
2574,52,3,3,15,0,1,0,0,5.076,0.05,0.15,2427,31.2056,2.93616,0.37467
2575,158,9,9,26,0,1,0,0,44.889,0.05,0.15,2427,31.2056,2.08593,0.37467
2576,162,8,8,36,0,1,0,0,56.629,0.05,0.15,2428,31.2056,2.38607,0.37459
2577,400,31,31,78,0,0,0,1,247.598,0.05,0.15,2429,31.2056,2.0915,0.3745
2578,43,4,4,15,0,1,0,0,5.657,0.05,0.15,2429,31.2056,2.95608,0.3745
2579,400,31,31,65,0,0,0,1,239.731,0.05,0.15,2429,31.2056,1.98951,0.3745
2580,20,0,0,3,0,1,0,0,-24.765,0.05,0.15,2429,31.2056,3.30325,0.3745
2581,149,14,14,34,0,1,0,0,80.031,0.05,0.15,2429,31.2056,2.59623,0.3745
2582,400,36,36,80,0,0,0,1,268.932,0.05,0.15,2429,31.2056,2.42235,0.3745
2583,200,19,19,54,0,1,0,0,106.505,0.05,0.15,2429,31.2056,2.50135,0.3745
2584,400,25,25,62,0,0,0,1,189.082,0.05,0.15,2429,31.2056,2.28079,0.37457
2585,5,0,0,0,0,1,0,0,-30.66,0.05,0.15,2429,31.2056,14.64187,0.37457
2586,400,20,20,63,0,0,0,1,189.636,0.05,0.15,2429,31.2056,2.09843,0.37464
2587,16,1,1,4,0,1,0,0,-20.362,0.05,0.15,2429,31.2056,5.28449,0.37464
2588,400,40,40,102,0,0,0,1,302.215,0.05,0.15,2429,31.2056,2.4156,0.37464
2589,118,11,11,32,0,1,0,0,57.603,0.05,0.15,2429,31.2056,2.94735,0.37464
2590,16,2,2,5,0,1,0,0,-16.74,0.05,0.15,2429,31.2056,4.95521,0.37464
2591,400,26,26,80,0,0,0,1,216.777,0.05,0.15,2429,31.2056,2.30345,0.37464
2592,22,1,1,7,0,1,0,0,-15.912,0.05,0.15,2429,31.2056,4.46012,0.37464
2593,299,18,18,54,0,1,0,0,128.245,0.05,0.15,2429,31.2056,2.39948,0.37471
2594,131,10,10,29,0,1,0,0,54.427,0.05,0.15,2429,31.2056,2.39568,0.37471
2595,56,5,5,12,0,1,0,0,7.648,0.05,0.15,2429,31.2056,3.70972,0.37471
2596,20,0,0,4,0,1,0,0,-24.061,0.05,0.15,2429,31.2056,5.48276,0.37471
2597,103,11,11,26,0,1,0,0,44.704,0.05,0.15,2429,31.2056,2.63472,0.37471
2598,400,27,27,72,0,0,0,1,220.878,0.05,0.15,2429,31.2056,2.22296,0.37471
2599,16,1,1,5,0,1,0,0,-21.416,0.05,0.15,2429,31.2056,4.24217,0.37471
2600,400,32,32,71,0,0,0,1,219.144,0.05,0.15,2429,31.2056,2.27804,0.37471
2601,400,34,34,88,0,0,0,1,268.102,0.05,0.15,2429,31.2056,2.2165,0.37471
2602,266,25,25,61,0,1,0,0,160.818,0.05,0.15,2429,31.2056,2.47483,0.37471
2603,400,23,23,55,0,0,0,1,185.073,0.05,0.15,2429,31.2056,1.91635,0.37471
2604,400,26,26,57,0,0,0,1,200.086,0.05,0.15,2429,31.2056,2.18139,0.37471
2605,400,29,29,74,0,0,0,1,223.466,0.05,0.15,2429,31.2056,2.28648,0.37471
2606,236,21,21,53,0,1,0,0,128.897,0.05,0.15,2429,31.2056,2.30627,0.37471
2607,163,14,14,38,0,1,0,0,80.152,0.05,0.15,2429,31.2056,2.43908,0.37471
2608,400,37,37,89,0,0,0,1,267.459,0.05,0.15,2431,31.2056,2.29757,0.37461
2609,24,2,2,6,0,1,0,0,-16.116,0.05,0.15,2431,31.2056,3.91453,0.37461
2610,212,19,19,50,0,1,0,0,103.432,0.05,0.15,2431,31.2056,2.59554,0.37461
2611,61,6,6,23,0,1,0,0,16.788,0.05,0.15,2431,31.2056,3.09593,0.37461
2612,400,26,26,76,0,0,0,1,217.227,0.05,0.15,2431,31.2056,2.18919,0.37467
2613,118,15,15,25,0,1,0,0,69.108,0.05,0.15,2431,31.2056,2.54941,0.37467
2614,74,8,8,21,0,1,0,0,21.497,0.05,0.15,2431,31.2056,3.17484,0.37467
2615,110,10,10,29,0,1,0,0,44.534,0.05,0.15,2431,31.2056,2.91959,0.37467
2616,17,2,2,6,0,1,0,0,-16.934,0.05,0.15,2431,31.2056,6.02417,0.37467
2617,400,22,22,61,0,0,0,1,185.453,0.05,0.15,2432,31.2056,2.2478,0.37459
2618,400,29,29,79,0,0,0,1,246.743,0.05,0.15,2432,31.2056,2.30438,0.37459
2619,400,23,23,51,0,0,0,1,200.79,0.05,0.15,2432,31.2056,1.91865,0.37466
2620,177,15,15,36,0,1,0,0,87.234,0.05,0.15,2432,31.2056,2.5443,0.37466
2621,279,17,17,55,0,1,0,0,107.998,0.05,0.15,2432,31.2056,2.50987,0.37466
2622,205,16,16,45,0,1,0,0,95.869,0.05,0.15,2432,31.2056,2.86853,0.37473
2623,347,27,27,80,0,1,0,0,179.918,0.05,0.15,2432,31.2056,2.65357,0.37473
2624,400,23,23,53,0,0,0,1,178.857,0.05,0.15,2432,31.2056,2.35955,0.37473
2625,400,31,31,81,0,0,0,1,236.293,0.05,0.15,2432,31.2056,2.31439,0.37473
2626,7,0,0,4,0,1,0,0,-32.004,0.05,0.15,2432,31.2056,8.91537,0.37473
2627,156,14,14,40,0,1,0,0,78.92,0.05,0.15,2432,31.2056,2.54953,0.37479
2628,400,26,26,80,0,0,0,1,236.354,0.05,0.15,2432,31.2056,1.98261,0.37479
2629,24,1,1,5,0,1,0,0,-18.898,0.05,0.15,2432,31.2056,4.31187,0.37479
2630,400,32,32,76,0,0,0,1,255.005,0.05,0.15,2433,31.2056,2.11913,0.37478
2631,16,2,2,4,0,1,0,0,-18.59,0.05,0.15,2433,31.2056,6.42213,0.37478
2632,141,15,15,46,0,1,0,0,86.65,0.05,0.15,2433,31.2056,2.73312,0.37485
2633,24,1,1,5,0,1,0,0,-17.171,0.05,0.15,2433,31.2056,3.09193,0.37485
2634,176,16,16,46,0,1,0,0,88.708,0.05,0.15,2433,31.2056,2.26114,0.37485
2635,102,7,7,23,0,1,0,0,38.11,0.05,0.15,2433,31.2056,2.74727,0.37485
2636,400,38,38,96,0,0,0,1,290.071,0.05,0.15,2433,31.2056,2.36152,0.37485
2637,241,17,17,46,0,1,0,0,101.46,0.05,0.15,2433,31.2056,2.68673,0.37491
2638,197,17,17,47,0,1,0,0,101.518,0.05,0.15,2433,31.2056,2.65962,0.37498
2639,400,36,36,90,0,0,0,1,275.078,0.05,0.15,2433,31.2056,2.55312,0.37498
2640,24,1,1,9,0,1,0,0,-16.598,0.05,0.15,2433,31.2056,3.79388,0.37498
2641,296,27,27,76,0,1,0,0,180.2,0.05,0.15,2433,31.2056,2.46515,0.37498
2642,89,7,7,21,0,1,0,0,29.495,0.05,0.15,2433,31.2056,2.68568,0.37498
2643,313,28,28,83,0,1,0,0,196.442,0.05,0.15,2433,31.2056,2.18929,0.37498
2644,368,35,35,85,0,1,0,0,240.067,0.05,0.15,2433,31.2056,2.54511,0.37505
2645,400,32,32,73,0,0,0,1,243.796,0.05,0.15,2434,31.2056,2.23259,0.37503
2646,178,17,17,47,0,1,0,0,100.897,0.05,0.15,2434,31.2056,2.4772,0.37503
2647,235,22,22,59,0,1,0,0,139.656,0.05,0.15,2435,31.2056,2.39674,0.37502
2648,40,2,2,14,0,1,0,0,-3.886,0.05,0.15,2435,31.2056,3.42687,0.37502
2649,329,20,20,56,0,1,0,0,139.079,0.05,0.15,2435,31.2056,2.36029,0.37502
2650,400,35,35,86,0,0,0,1,269.224,0.05,0.15,2435,31.2056,2.22778,0.37509
2651,400,37,37,87,0,0,0,1,277.167,0.05,0.15,2435,31.2056,2.27914,0.37509
2652,71,6,6,18,0,1,0,0,18.743,0.05,0.15,2435,31.2056,3.08095,0.37509
2653,142,14,14,34,0,1,0,0,73.241,0.05,0.15,2435,31.2056,2.92335,0.37509
2654,400,22,22,55,0,0,0,1,188.199,0.05,0.15,2435,31.2056,2.02655,0.37515
2655,400,28,28,62,0,0,0,1,220.185,0.05,0.15,2436,31.2056,2.13626,0.37514
2656,400,35,35,91,0,0,0,1,272.647,0.05,0.15,2436,31.2056,2.24863,0.37514
2657,400,32,32,72,0,0,0,1,242.337,0.05,0.15,2436,31.2056,2.1354,0.37514
2658,113,11,11,25,0,1,0,0,49.824,0.05,0.15,2436,31.2056,2.5921,0.37514
2659,400,24,24,64,0,0,0,1,200.759,0.05,0.15,2436,31.2056,2.18661,0.37514
2660,400,26,26,60,0,0,0,1,207.897,0.05,0.15,2436,31.2056,1.89096,0.37514
2661,400,24,24,66,0,0,0,1,209.767,0.05,0.15,2436,31.2056,2.2216,0.37514
2662,44,2,2,12,0,1,0,0,-4.455,0.05,0.15,2436,31.2056,2.72333,0.37514
2663,149,14,14,46,0,1,0,0,81.283,0.05,0.15,2436,31.2056,2.56719,0.37514
2664,400,18,18,53,0,0,0,1,184.949,0.05,0.15,2436,31.2056,1.90485,0.37514
2665,56,5,5,12,0,1,0,0,8.663,0.05,0.15,2436,31.2056,3.69575,0.37521
2666,400,26,26,68,0,0,0,1,218.164,0.05,0.15,2436,31.2056,2.01785,0.37527
2667,400,26,26,73,0,0,0,1,212.623,0.05,0.15,2436,31.2056,2.08083,0.37527
2668,186,18,18,58,0,1,0,0,112.668,0.05,0.15,2436,31.2056,2.49023,0.37527
2669,224,21,21,52,0,1,0,0,128.044,0.05,0.15,2436,31.2056,2.1297,0.37527
2670,400,30,30,69,0,0,0,1,235.305,0.05,0.15,2436,31.2056,1.97901,0.37527
2671,186,20,20,51,0,1,0,0,117.427,0.05,0.15,2436,31.2056,2.71744,0.37527
2672,400,14,14,42,0,0,0,1,148.523,0.05,0.15,2436,31.2056,1.87505,0.37527
2673,99,10,10,26,0,1,0,0,45.394,0.05,0.15,2436,31.2056,3.05754,0.37527
2674,400,24,24,59,0,0,0,1,210.58,0.05,0.15,2436,31.2056,2.00947,0.37527
2675,6,0,0,2,0,1,0,0,-31.206,0.05,0.15,2436,31.2056,9.80901,0.37527
2676,186,15,15,46,0,1,0,0,90.682,0.05,0.15,2436,31.2056,2.6838,0.37527
2677,72,6,6,19,0,1,0,0,24.038,0.05,0.15,2436,31.2056,2.82877,0.37527
2678,224,20,20,46,0,1,0,0,114.339,0.05,0.15,2436,31.2056,2.47542,0.37527
2679,24,2,2,6,0,1,0,0,-12.603,0.05,0.15,2436,31.2056,3.05035,0.37527
2680,17,2,2,7,0,1,0,0,-12.703,0.05,0.15,2436,31.2056,4.50862,0.37527
2681,400,11,11,28,0,0,0,1,114.236,0.05,0.15,2436,31.2056,1.69467,0.37527
2682,400,32,32,75,0,0,0,1,253.86,0.05,0.15,2436,31.2056,2.26079,0.37527
2683,400,22,22,45,0,0,0,1,178.374,0.05,0.15,2436,31.2056,1.87423,0.37527
2684,400,28,28,69,0,0,0,1,230.173,0.05,0.15,2436,31.2056,1.88767,0.37527
2685,400,30,30,77,0,0,0,1,252.061,0.05,0.15,2436,31.2056,2.27822,0.37527
2686,400,24,24,59,0,0,0,1,188.358,0.05,0.15,2437,31.2056,2.09529,0.37526
2687,400,34,34,86,0,0,0,1,263.637,0.05,0.15,2437,31.2056,2.32653,0.37526
2688,400,40,40,85,0,0,0,1,282.283,0.05,0.15,2437,31.2056,2.25642,0.37526
2689,210,25,25,56,0,1,0,0,138.216,0.05,0.15,2437,31.2056,2.84183,0.37526
2690,121,9,9,26,0,1,0,0,50.358,0.05,0.15,2437,31.2056,2.66443,0.37526
2691,122,12,12,28,0,1,0,0,61.911,0.05,0.15,2437,31.2056,2.37593,0.37526
2692,400,32,32,74,0,0,0,1,240.936,0.05,0.15,2437,31.2056,2.2062,0.37526
2693,102,13,13,28,0,1,0,0,62.997,0.05,0.15,2437,31.2056,3.07701,0.37526
2694,400,30,30,81,0,0,0,1,257.475,0.05,0.15,2437,31.2056,2.43146,0.37539
2695,400,35,35,77,0,0,0,1,255.341,0.05,0.15,2437,31.2056,2.30657,0.37539
2696,5,0,0,4,0,1,0,0,-33.652,0.05,0.15,2437,31.2056,13.93331,0.37546
2697,400,38,38,96,0,0,0,1,280.018,0.05,0.15,2437,31.2056,2.26135,0.37546
2698,400,29,29,80,0,0,0,1,245.01,0.05,0.15,2437,31.2056,1.96315,0.37546
2699,400,21,21,50,0,0,0,1,175.74,0.05,0.15,2437,31.2056,1.7046,0.37546
2700,400,26,26,67,0,0,0,1,211.795,0.05,0.15,2437,31.2056,2.1255,0.37546
2701,400,36,36,92,0,0,0,1,280.624,0.05,0.15,2438,31.2056,2.33878,0.37538
2702,400,33,33,81,0,0,0,1,262.89,0.05,0.15,2438,31.2056,2.14263,0.37538
2703,18,2,2,3,0,1,0,0,-18.355,0.05,0.15,2438,31.2056,3.95056,0.37538
2704,301,15,15,47,0,1,0,0,112.972,0.05,0.15,2438,31.2056,2.5446,0.37538
2705,400,28,28,75,0,0,0,1,235.046,0.05,0.15,2438,31.2056,2.11594,0.37538
2706,400,27,27,70,0,0,0,1,223.487,0.05,0.15,2438,31.2056,2.05007,0.37538
2707,400,23,23,61,0,0,0,1,203.44,0.05,0.15,2438,31.2056,2.27227,0.37538
2708,30,2,2,11,0,1,0,0,-4.793,0.05,0.15,2438,31.2056,3.85564,0.37544
2709,400,27,27,69,0,0,0,1,236.062,0.05,0.15,2438,31.2056,2.11494,0.37558
2710,400,36,36,88,0,0,0,1,266.068,0.05,0.15,2438,31.2056,2.53365,0.37565
2711,114,10,10,32,0,1,0,0,50.688,0.05,0.15,2438,31.2056,2.72266,0.37565
2712,228,20,20,56,0,1,0,0,128.568,0.05,0.15,2438,31.2056,2.44015,0.37565
2713,400,25,25,66,0,0,0,1,202.399,0.05,0.15,2438,31.2056,1.98966,0.37565
2714,400,32,32,77,0,0,0,1,257.568,0.05,0.15,2438,31.2056,2.15007,0.37565
2715,48,3,3,9,0,1,0,0,-4.025,0.05,0.15,2438,31.2056,3.74485,0.37565
2716,93,5,5,22,0,1,0,0,17.585,0.05,0.15,2438,31.2056,3.20013,0.37565
2717,147,7,7,31,0,1,0,0,45.661,0.05,0.15,2438,31.2056,2.5109,0.37565
2718,249,14,14,43,0,1,0,0,95.732,0.05,0.15,2438,31.2056,2.11262,0.37565
2719,5,0,0,2,0,1,0,0,-34.406,0.05,0.15,2438,31.2056,6.09191,0.37565
2720,384,38,38,93,0,1,0,0,258.349,0.05,0.15,2438,31.2056,2.30202,0.37572
2721,52,4,4,16,0,1,0,0,7.957,0.05,0.15,2438,31.2056,2.5338,0.37572
2722,174,11,11,38,0,1,0,0,66.802,0.05,0.15,2438,31.2056,2.31731,0.37572
2723,400,26,26,69,0,0,0,1,236.215,0.05,0.15,2438,31.2056,2.07349,0.37572
2724,400,31,31,71,0,0,0,1,236.626,0.05,0.15,2438,31.2056,1.97214,0.37572
2725,400,32,32,77,0,0,0,1,267.016,0.05,0.15,2438,31.2056,2.41119,0.37572
2726,400,19,19,57,0,0,0,1,180.631,0.05,0.15,2438,31.2056,2.11735,0.37585
2727,364,16,16,45,0,1,0,0,114.444,0.05,0.15,2438,31.2056,2.18014,0.37585
2728,400,32,32,82,0,0,0,1,262.005,0.05,0.15,2438,31.2056,2.12465,0.37585
2729,24,1,1,7,0,1,0,0,-14.096,0.05,0.15,2438,31.2056,2.95761,0.37585
2730,400,25,25,56,0,0,0,1,207.007,0.05,0.15,2438,31.2056,1.94876,0.37585
2731,39,2,2,5,0,1,0,0,-10.489,0.05,0.15,2438,31.2056,3.51403,0.37585
2732,400,27,27,73,0,0,0,1,236.074,0.05,0.15,2438,31.2056,2.12821,0.37592
2733,154,17,17,36,0,1,0,0,84.127,0.05,0.15,2438,31.2056,2.57325,0.37592
2734,133,8,8,24,0,1,0,0,40.247,0.05,0.15,2438,31.2056,2.28168,0.37592
2735,400,25,25,65,0,0,0,1,204.557,0.05,0.15,2438,31.2056,2.1671,0.37592
2736,400,20,20,51,0,0,0,1,173.212,0.05,0.15,2439,31.2056,2.00586,0.37584
2737,400,26,26,64,0,0,0,1,216.969,0.05,0.15,2439,31.2056,2.06747,0.37584
2738,5,0,0,3,0,1,0,0,-33.802,0.05,0.15,2439,31.2056,12.00523,0.37584
2739,109,15,15,29,0,1,0,0,71.881,0.05,0.15,2439,31.2056,2.755,0.37584
2740,400,38,38,89,0,0,0,1,279.328,0.05,0.15,2440,31.2056,2.33039,0.37575
2741,400,35,35,90,0,0,0,1,261.112,0.05,0.15,2441,31.2056,2.24526,0.37573
2742,400,34,34,76,0,0,0,1,274.358,0.05,0.15,2441,31.2056,2.07619,0.37573
2743,213,21,21,53,0,1,0,0,133.461,0.05,0.15,2441,31.2056,2.52135,0.37573
2744,264,25,25,58,0,1,0,0,156.81,0.05,0.15,2441,31.2056,2.46006,0.37573
2745,400,21,21,56,0,0,0,1,192.456,0.05,0.15,2441,31.2056,1.81188,0.37573
2746,45,4,4,12,0,1,0,0,1.508,0.05,0.15,2441,31.2056,3.2504,0.37573
2747,376,31,31,76,0,1,0,0,215.363,0.05,0.15,2441,31.2056,2.22337,0.37573
2748,25,1,1,9,0,1,0,0,-16.236,0.05,0.15,2441,31.2056,4.70117,0.37573
2749,30,2,2,10,0,1,0,0,-9.935,0.05,0.15,2441,31.2056,3.99332,0.37573
2750,400,37,37,88,0,0,0,1,290.993,0.05,0.15,2441,31.2056,2.09022,0.37573
2751,255,14,14,27,0,1,0,0,80.755,0.05,0.15,2441,31.2056,2.06313,0.37587
2752,400,29,29,78,0,0,0,1,236.098,0.05,0.15,2441,31.2056,2.23478,0.37594
2753,400,16,16,41,0,0,0,1,151.195,0.05,0.15,2441,31.2056,2.11601,0.37594
2754,251,26,26,59,0,1,0,0,156.007,0.05,0.15,2441,31.2056,2.29398,0.37594
2755,393,24,24,74,0,1,0,0,195.564,0.05,0.15,2442,31.2056,2.34217,0.37592
2756,400,25,25,66,0,0,0,1,212.134,0.05,0.15,2443,31.2056,2.23322,0.37584
2757,22,2,2,4,0,1,0,0,-15.494,0.05,0.15,2443,31.2056,3.74332,0.37584
2758,400,30,30,72,0,0,0,1,236.679,0.05,0.15,2443,31.2056,1.95707,0.37584
2759,109,10,10,26,0,1,0,0,42.07,0.05,0.15,2443,31.2056,3.45801,0.3759
2760,400,21,21,59,0,0,0,1,203.13,0.05,0.15,2443,31.2056,2.0506,0.3759
2761,85,3,3,11,0,1,0,0,2.058,0.05,0.15,2443,31.2056,3.33624,0.3759
2762,400,13,13,34,0,0,0,1,133.596,0.05,0.15,2443,31.2056,1.70644,0.3759
2763,400,20,20,39,0,0,0,1,163.564,0.05,0.15,2443,31.2056,1.85736,0.37597
2764,260,15,15,42,0,1,0,0,95.443,0.05,0.15,2443,31.2056,2.33802,0.37597
2765,400,22,22,56,0,0,0,1,176.89,0.05,0.15,2443,31.2056,2.08588,0.37597
2766,400,28,28,71,0,0,0,1,217.298,0.05,0.15,2443,31.2056,2.16295,0.37611
2767,21,1,1,2,0,1,0,0,-19.154,0.05,0.15,2443,31.2056,4.03785,0.37611
2768,26,1,1,10,0,1,0,0,-12.482,0.05,0.15,2443,31.2056,4.20226,0.37611
2769,109,10,10,25,0,1,0,0,42.662,0.05,0.15,2443,31.2056,2.87852,0.37611
2770,400,27,27,73,0,0,0,1,225.201,0.05,0.15,2444,31.2056,2.16885,0.37616
2771,400,33,33,78,0,0,0,1,260.107,0.05,0.15,2444,31.2056,2.33054,0.37616
2772,400,34,34,88,0,0,0,1,258.496,0.05,0.15,2444,31.2056,2.44071,0.37616
2773,400,31,31,70,0,0,0,1,241.46,0.05,0.15,2444,31.2056,2.1209,0.37623
2774,400,18,18,41,0,0,0,1,161.266,0.05,0.15,2444,31.2056,1.77666,0.37623
2775,400,36,36,78,0,0,0,1,269.346,0.05,0.15,2444,31.2056,2.17475,0.37623
2776,20,0,0,5,0,1,0,0,-24.719,0.05,0.15,2444,31.2056,5.50558,0.37623
2777,400,29,29,73,0,0,0,1,228.606,0.05,0.15,2444,31.2056,2.31237,0.37623
2778,400,11,11,34,0,0,0,1,127.143,0.05,0.15,2444,31.2056,1.88866,0.3763
2779,400,34,34,86,0,0,0,1,275.245,0.05,0.15,2445,31.2056,2.26513,0.37628
2780,400,32,32,78,0,0,0,1,259.571,0.05,0.15,2446,31.2056,2.16996,0.37626
2781,395,37,37,89,0,1,0,0,241.463,0.05,0.15,2446,31.2056,2.48417,0.37633
2782,223,20,20,48,0,1,0,0,127.567,0.05,0.15,2446,31.2056,2.53645,0.37633
2783,38,2,2,12,0,1,0,0,-5.838,0.05,0.15,2446,31.2056,3.23846,0.37633
2784,400,23,23,66,0,0,0,1,199.173,0.05,0.15,2446,31.2056,2.20814,0.37633
2785,13,0,0,4,0,1,0,0,-25.823,0.05,0.15,2446,31.2056,8.73914,0.37633
2786,400,31,31,80,0,0,0,1,244.801,0.05,0.15,2446,31.2056,2.28727,0.3764
2787,400,28,28,70,0,0,0,1,234.565,0.05,0.15,2446,31.2056,2.19883,0.3764
2788,400,27,27,63,0,0,0,1,214.667,0.05,0.15,2446,31.2056,2.1469,0.37646
2789,225,16,16,56,0,1,0,0,109.732,0.05,0.15,2447,31.2056,2.46457,0.37638
2790,27,0,0,9,0,1,0,0,-17.216,0.05,0.15,2447,31.2056,3.39597,0.37638
2791,188,5,5,23,0,1,0,0,28.379,0.05,0.15,2447,31.2056,2.28883,0.37638
2792,24,2,2,7,0,1,0,0,-12.614,0.05,0.15,2447,31.2056,4.20829,0.37638
2793,400,30,30,79,0,0,0,1,238.098,0.05,0.15,2447,31.2056,2.23501,0.37638
2794,17,2,2,8,0,1,0,0,-16.661,0.05,0.15,2447,31.2056,4.86243,0.37638
2795,195,20,20,63,0,1,0,0,117.936,0.05,0.15,2447,31.2056,2.56917,0.37638
2796,400,29,29,68,0,0,0,1,213.282,0.05,0.15,2447,31.2056,2.3097,0.37638
2797,400,34,34,82,0,0,0,1,259.839,0.05,0.15,2447,31.2056,2.13332,0.37638
2798,400,24,24,57,0,0,0,1,195.403,0.05,0.15,2447,31.2056,2.24819,0.37638
2799,215,24,24,53,0,1,0,0,137.327,0.05,0.15,2447,31.2056,2.77493,0.37645
2800,400,25,25,62,0,0,0,1,208.838,0.05,0.15,2447,31.2056,2.18218,0.37645
2801,198,13,13,29,0,1,0,0,69.238,0.05,0.15,2447,31.2056,2.18283,0.37652
2802,119,8,8,27,0,1,0,0,47.081,0.05,0.15,2447,31.2056,2.28973,0.37652
2803,72,6,6,20,0,1,0,0,24.391,0.05,0.15,2447,31.2056,2.54475,0.37652
2804,185,18,18,43,0,1,0,0,93.361,0.05,0.15,2447,31.2056,2.80424,0.37652
2805,27,2,2,6,0,1,0,0,-13.287,0.05,0.15,2447,31.2056,4.39575,0.37652
2806,155,11,11,34,0,1,0,0,68.214,0.05,0.15,2447,31.2056,2.61621,0.37652
2807,400,31,31,73,0,0,0,1,260.405,0.05,0.15,2447,31.2056,2.40995,0.37652
2808,39,2,2,11,0,1,0,0,-7.647,0.05,0.15,2447,31.2056,3.46941,0.37652
2809,18,1,1,7,0,1,0,0,-15.296,0.05,0.15,2447,31.2056,3.62975,0.37652
2810,62,8,8,18,0,1,0,0,24.3,0.05,0.15,2447,31.2056,2.98327,0.37652
2811,341,20,20,51,0,1,0,0,146.852,0.05,0.15,2447,31.2056,2.15803,0.37652
2812,400,33,33,69,0,0,0,1,253.832,0.05,0.15,2447,31.2056,2.31918,0.37652
2813,400,27,27,72,0,0,0,1,231.932,0.05,0.15,2447,31.2056,2.21434,0.37658
2814,400,29,29,83,0,0,0,1,232.789,0.05,0.15,2447,31.2056,2.23106,0.37658
2815,400,27,27,69,0,0,0,1,234.321,0.05,0.15,2447,31.2056,2.09048,0.37658
2816,106,10,10,27,0,1,0,0,49.319,0.05,0.15,2447,31.2056,2.619,0.37658
2817,400,18,18,47,0,0,0,1,159.441,0.05,0.15,2447,31.2056,1.8944,0.37658
2818,219,16,16,28,0,1,0,0,80.277,0.05,0.15,2447,31.2056,2.36878,0.37658
2819,139,15,15,32,0,1,0,0,77.758,0.05,0.15,2447,31.2056,2.59589,0.37658
2820,400,33,33,73,0,0,0,1,248.78,0.05,0.15,2447,31.2056,2.4428,0.37658
2821,13,0,0,4,0,1,0,0,-25.977,0.05,0.15,2447,31.2056,6.51053,0.37658
2822,400,26,26,63,0,0,0,1,214.474,0.05,0.15,2447,31.2056,2.27865,0.37658
2823,100,7,7,27,0,1,0,0,32.86,0.05,0.15,2447,31.2056,2.98339,0.37658
2824,361,23,23,67,0,1,0,0,173.942,0.05,0.15,2447,31.2056,2.30443,0.37658
2825,38,3,3,8,0,1,0,0,-3.818,0.05,0.15,2447,31.2056,3.64258,0.37658
2826,230,22,22,54,0,1,0,0,135.603,0.05,0.15,2447,31.2056,2.59483,0.37658
2827,400,30,30,77,0,0,0,1,246.6,0.05,0.15,2447,31.2056,2.25023,0.37665
2828,400,28,28,62,0,0,0,1,201.247,0.05,0.15,2447,31.2056,2.12515,0.37665
2829,322,12,12,49,0,1,0,0,92.985,0.05,0.15,2447,31.2056,2.01979,0.37665
2830,5,0,0,3,0,1,0,0,-33.408,0.05,0.15,2447,31.2056,6.07957,0.37665
2831,15,1,1,4,0,1,0,0,-21.755,0.05,0.15,2447,31.2056,5.79676,0.37665
2832,35,3,3,11,0,1,0,0,-5.127,0.05,0.15,2447,31.2056,3.67852,0.37665
2833,263,20,20,54,0,1,0,0,122.312,0.05,0.15,2448,31.2056,2.81445,0.37663
2834,328,14,14,41,0,1,0,0,89.725,0.05,0.15,2448,31.2056,2.00862,0.37663
2835,400,21,21,58,0,0,0,1,178.843,0.05,0.15,2448,31.2056,2.11944,0.37663
2836,63,4,4,8,0,1,0,0,3.042,0.05,0.15,2448,31.2056,2.26937,0.37663
2837,400,28,28,82,0,0,0,1,240.634,0.05,0.15,2448,31.2056,2.27912,0.37663
2838,17,2,2,6,0,1,0,0,-15.371,0.05,0.15,2448,31.2056,6.20155,0.37663
2839,400,34,34,79,0,0,0,1,242.924,0.05,0.15,2448,31.2056,2.27405,0.37663
2840,145,17,17,37,0,1,0,0,85.935,0.05,0.15,2448,31.2056,2.96658,0.37663
2841,244,27,27,64,0,1,0,0,165.081,0.05,0.15,2448,31.2056,2.61212,0.37663
2842,400,36,36,84,0,0,0,1,275.818,0.05,0.15,2448,31.2056,2.23423,0.37663
2843,400,27,27,62,0,0,0,1,209.591,0.05,0.15,2448,31.2056,2.18099,0.37663
2844,81,10,10,31,0,1,0,0,48.491,0.05,0.15,2448,31.2056,3.12823,0.37663
2845,400,40,40,97,0,0,0,1,298.421,0.05,0.15,2448,31.2056,2.4644,0.37677
2846,400,35,35,78,0,0,0,1,260.269,0.05,0.15,2448,31.2056,2.22562,0.37677
2847,400,18,18,44,0,0,0,1,164.83,0.05,0.15,2448,31.2056,1.87987,0.37677
2848,50,1,1,14,0,1,0,0,-5.194,0.05,0.15,2448,31.2056,3.11852,0.37677
2849,400,31,31,72,0,0,0,1,231.238,0.05,0.15,2448,31.2056,2.18321,0.37684
2850,296,32,32,59,0,1,0,0,197.178,0.05,0.15,2448,31.2056,2.60222,0.37684
2851,297,21,21,46,0,1,0,0,129.765,0.05,0.15,2448,31.2056,2.02479,0.37684
2852,15,1,1,5,0,1,0,0,-17.464,0.05,0.15,2448,31.2056,5.00102,0.37684
2853,138,12,12,22,0,1,0,0,56.375,0.05,0.15,2448,31.2056,2.61486,0.37684
2854,88,10,10,24,0,1,0,0,45.043,0.05,0.15,2448,31.2056,2.56453,0.37684
2855,400,33,33,76,0,0,0,1,254.63,0.05,0.15,2448,31.2056,2.25624,0.37691
2856,400,26,26,75,0,0,0,1,220.174,0.05,0.15,2448,31.2056,2.13043,0.37697
2857,192,18,18,44,0,1,0,0,102.86,0.05,0.15,2448,31.2056,2.64075,0.37697
2858,40,5,5,10,0,1,0,0,-1.909,0.05,0.15,2448,31.2056,3.84165,0.37697
2859,400,23,23,56,0,0,0,1,176.623,0.05,0.15,2448,31.2056,2.14937,0.37704
2860,276,28,28,68,0,1,0,0,177.364,0.05,0.15,2448,31.2056,2.59866,0.37711
2861,400,30,30,65,0,0,0,1,240.196,0.05,0.15,2448,31.2056,1.92945,0.37711
2862,400,28,28,61,0,0,0,1,223.869,0.05,0.15,2448,31.2056,2.3293,0.37718
2863,341,20,20,58,0,1,0,0,149.587,0.05,0.15,2448,31.2056,2.40552,0.37718
2864,400,35,35,78,0,0,0,1,262.616,0.05,0.15,2448,31.2056,2.36612,0.37718
2865,149,14,14,36,0,1,0,0,72.74,0.05,0.15,2448,31.2056,2.96913,0.37725
2866,16,2,2,4,0,1,0,0,-17.013,0.05,0.15,2448,31.2056,4.34749,0.37725
2867,30,3,3,9,0,1,0,0,-3.659,0.05,0.15,2448,31.2056,4.00867,0.37725
2868,15,1,1,6,0,1,0,0,-20.549,0.05,0.15,2448,31.2056,5.41315,0.37725
2869,400,22,22,59,0,0,0,1,189.305,0.05,0.15,2448,31.2056,2.08931,0.37725
2870,24,2,2,7,0,1,0,0,-13.521,0.05,0.15,2448,31.2056,4.75819,0.37731
2871,120,12,12,32,0,1,0,0,63.418,0.05,0.15,2448,31.2056,2.38762,0.37731
2872,21,0,0,7,0,1,0,0,-18.533,0.05,0.15,2449,31.2056,4.55052,0.37723
2873,400,30,30,66,0,0,0,1,244.134,0.05,0.15,2449,31.2056,2.09706,0.37723
2874,120,8,8,22,0,1,0,0,31.521,0.05,0.15,2449,31.2056,2.66335,0.3773
2875,76,7,7,19,0,1,0,0,24.854,0.05,0.15,2449,31.2056,3.08734,0.3773
2876,400,33,33,78,0,0,0,1,253.417,0.05,0.15,2449,31.2056,2.31428,0.3773
2877,400,23,23,66,0,0,0,1,210.11,0.05,0.15,2449,31.2056,2.12978,0.3773
2878,400,30,30,71,0,0,0,1,227.064,0.05,0.15,2449,31.2056,2.24673,0.37736
2879,400,32,32,77,0,0,0,1,248.102,0.05,0.15,2449,31.2056,2.38034,0.37736
2880,5,0,0,1,0,1,0,0,-31.56,0.05,0.15,2449,31.2056,15.96769,0.37736
2881,400,28,28,71,0,0,0,1,224.421,0.05,0.15,2449,31.2056,2.10637,0.37736
2882,400,30,30,62,0,0,0,1,241.788,0.05,0.15,2449,31.2056,2.12048,0.37743
2883,400,22,22,48,0,0,0,1,182.257,0.05,0.15,2449,31.2056,1.91276,0.37743
2884,400,9,9,23,0,0,0,1,113.918,0.05,0.15,2449,31.2056,1.39824,0.37743
2885,239,18,18,50,0,1,0,0,116.664,0.05,0.15,2449,31.2056,2.01299,0.3775
2886,400,34,34,92,0,0,0,1,275.422,0.05,0.15,2449,31.2056,2.3056,0.3775
2887,400,34,34,74,0,0,0,1,257.523,0.05,0.15,2449,31.2056,2.29998,0.3775
2888,24,3,3,10,0,1,0,0,-9.259,0.05,0.15,2449,31.2056,4.40447,0.3775
2889,61,6,6,15,0,1,0,0,11.203,0.05,0.15,2449,31.2056,3.23415,0.3775
2890,123,15,15,33,0,1,0,0,66.012,0.05,0.15,2450,31.2056,2.94551,0.37748
2891,400,37,37,99,0,0,0,1,290.446,0.05,0.15,2452,31.2056,2.4237,0.37738
2892,400,10,10,28,0,0,0,1,117.946,0.05,0.15,2452,31.2056,1.28381,0.37738
2893,400,39,39,89,0,0,0,1,278.366,0.05,0.15,2452,31.2056,2.37495,0.37745
2894,5,0,0,1,0,1,0,0,-26.612,0.05,0.15,2452,31.2056,5.58985,0.37745
2895,400,23,23,46,0,0,0,1,186.149,0.05,0.15,2452,31.2056,1.68614,0.37745
2896,400,25,25,52,0,0,0,1,199.256,0.05,0.15,2452,31.2056,1.70366,0.37751
2897,84,7,7,22,0,1,0,0,29.332,0.05,0.15,2454,31.2056,2.92314,0.37741
2898,400,35,35,89,0,0,0,1,274.511,0.05,0.15,2454,31.2056,2.39405,0.37741
2899,400,22,22,66,0,0,0,1,198.919,0.05,0.15,2454,31.2056,1.92515,0.37748
2900,240,19,19,41,0,1,0,0,111.207,0.05,0.15,2454,31.2056,2.02147,0.37755
2901,400,13,13,30,0,0,0,1,129.853,0.05,0.15,2454,31.2056,1.42516,0.37755
2902,59,5,5,14,0,1,0,0,13.249,0.05,0.15,2454,31.2056,3.03722,0.37755
2903,400,37,37,99,0,0,0,1,287.054,0.05,0.15,2455,31.2056,2.30506,0.37746
2904,31,2,2,9,0,1,0,0,-9.883,0.05,0.15,2455,31.2056,3.53513,0.37746
2905,400,30,30,70,0,0,0,1,237.932,0.05,0.15,2455,31.2056,1.77438,0.37746
2906,6,0,0,1,0,1,0,0,-31.806,0.05,0.15,2455,31.2056,10.08192,0.37746
2907,400,21,21,57,0,0,0,1,174.423,0.05,0.15,2455,31.2056,1.9263,0.37746
2908,105,0,0,5,0,1,0,0,-9.606,0.05,0.15,2455,31.2056,1.13353,0.37746
2909,400,26,26,58,0,0,0,1,213.734,0.05,0.15,2455,31.2056,1.94342,0.37753
2910,285,29,29,77,0,1,0,0,193.417,0.05,0.15,2455,31.2056,2.67592,0.37753
2911,400,31,31,72,0,0,0,1,240.395,0.05,0.15,2455,31.2056,1.87675,0.37753
2912,122,16,16,36,0,1,0,0,78.635,0.05,0.15,2455,31.2056,3.02634,0.37753
2913,400,32,32,83,0,0,0,1,260.786,0.05,0.15,2455,31.2056,2.25416,0.3776
2914,400,38,38,91,0,0,0,1,291.941,0.05,0.15,2455,31.2056,2.27666,0.3776
2915,400,23,23,60,0,0,0,1,211.451,0.05,0.15,2455,31.2056,1.57637,0.3776
2916,400,34,34,79,0,0,0,1,259.193,0.05,0.15,2455,31.2056,2.41848,0.3776
2917,122,9,9,25,0,1,0,0,40.009,0.05,0.15,2455,31.2056,3.08865,0.3776
2918,400,38,38,89,0,0,0,1,283.194,0.05,0.15,2455,31.2056,2.39252,0.3776
2919,400,36,36,72,0,0,0,1,265.575,0.05,0.15,2455,31.2056,2.22737,0.3776
2920,400,20,20,55,0,0,0,1,174.702,0.05,0.15,2456,31.2056,2.04338,0.37751
2921,84,6,6,18,0,1,0,0,20.943,0.05,0.15,2456,31.2056,2.93023,0.37751
2922,400,37,37,81,0,0,0,1,275.809,0.05,0.15,2456,31.2056,2.36605,0.37758
2923,400,36,36,86,0,0,0,1,265.89,0.05,0.15,2456,31.2056,2.29428,0.37758
2924,221,22,22,58,0,1,0,0,129.292,0.05,0.15,2456,31.2056,2.70764,0.37758
2925,268,26,26,70,0,1,0,0,160.734,0.05,0.15,2456,31.2056,2.60397,0.37758
2926,65,4,4,14,0,1,0,0,10.522,0.05,0.15,2456,31.2056,2.69121,0.37758
2927,400,35,35,79,0,0,0,1,265.597,0.05,0.15,2456,31.2056,2.12391,0.37758
2928,72,7,7,16,0,1,0,0,20.8,0.05,0.15,2456,31.2056,2.56593,0.37758
2929,400,37,37,91,0,0,0,1,278.744,0.05,0.15,2456,31.2056,2.40262,0.37758
2930,76,7,7,23,0,1,0,0,29.91,0.05,0.15,2456,31.2056,3.04367,0.37758
2931,400,33,33,82,0,0,0,1,257.821,0.05,0.15,2456,31.2056,2.0985,0.37758
2932,400,37,37,94,0,0,0,1,289.31,0.05,0.15,2456,31.2056,2.22573,0.37758
2933,400,33,33,74,0,0,0,1,246.042,0.05,0.15,2456,31.2056,2.21254,0.37758
2934,400,39,39,94,0,0,0,1,282.889,0.05,0.15,2456,31.2056,2.23484,0.37758
2935,228,21,21,58,0,1,0,0,133.236,0.05,0.15,2456,31.2056,2.41214,0.37758
2936,80,6,6,20,0,1,0,0,20.871,0.05,0.15,2456,31.2056,2.54556,0.37758
2937,400,26,26,66,0,0,0,1,213.597,0.05,0.15,2456,31.2056,2.20619,0.37765
2938,400,32,32,78,0,0,0,1,254.036,0.05,0.15,2456,31.2056,2.1187,0.37765
2939,400,36,36,85,0,0,0,1,268.114,0.05,0.15,2456,31.2056,2.28981,0.37765
2940,336,29,29,80,0,1,0,0,205.889,0.05,0.15,2456,31.2056,2.20426,0.37771
2941,400,22,22,57,0,0,0,1,184.827,0.05,0.15,2456,31.2056,1.86046,0.37771
2942,217,18,18,44,0,1,0,0,109.983,0.05,0.15,2456,31.2056,2.38446,0.37771
2943,233,21,21,59,0,1,0,0,143.746,0.05,0.15,2456,31.2056,2.60257,0.37778
2944,27,0,0,8,0,1,0,0,-17.964,0.05,0.15,2456,31.2056,3.75335,0.37778
2945,400,25,25,61,0,0,0,1,203.835,0.05,0.15,2456,31.2056,2.24717,0.37778
2946,400,31,31,73,0,0,0,1,247.462,0.05,0.15,2456,31.2056,2.12829,0.37778
2947,400,22,22,68,0,0,0,1,204.168,0.05,0.15,2456,31.2056,2.33988,0.37778
2948,195,20,20,55,0,1,0,0,120.627,0.05,0.15,2456,31.2056,2.35275,0.37778
2949,400,16,16,42,0,0,0,1,144.53,0.05,0.15,2456,31.2056,1.85844,0.37778
2950,16,1,1,3,0,1,0,0,-22.366,0.05,0.15,2456,31.2056,6.4317,0.37778
2951,400,42,42,92,0,0,0,1,289.784,0.05,0.15,2456,31.2056,2.23577,0.37778
2952,245,20,20,60,0,1,0,0,135.562,0.05,0.15,2456,31.2056,2.26192,0.37778
2953,400,31,31,63,0,0,0,1,231.795,0.05,0.15,2456,31.2056,2.21679,0.37785
2954,400,10,10,33,0,0,0,1,125.863,0.05,0.15,2457,31.2056,1.63772,0.37783
2955,400,22,22,66,0,0,0,1,202.276,0.05,0.15,2457,31.2056,2.11522,0.3779
2956,400,24,24,73,0,0,0,1,203.461,0.05,0.15,2457,31.2056,1.71206,0.3779
2957,30,3,3,10,0,1,0,0,-5.137,0.05,0.15,2457,31.2056,3.23188,0.3779
2958,400,37,37,91,0,0,0,1,283.361,0.05,0.15,2457,31.2056,2.27975,0.37797
2959,400,24,24,68,0,0,0,1,211.928,0.05,0.15,2457,31.2056,1.89583,0.37797
2960,400,27,27,64,0,0,0,1,210.213,0.05,0.15,2457,31.2056,1.95214,0.37797
2961,400,28,28,73,0,0,0,1,228.504,0.05,0.15,2457,31.2056,2.01377,0.37797
2962,47,3,3,12,0,1,0,0,-0.5,0.05,0.15,2457,31.2056,2.7465,0.37797
2963,6,0,0,2,0,1,0,0,-31.206,0.05,0.15,2457,31.2056,9.26767,0.37797
2964,400,31,31,79,0,0,0,1,240.335,0.05,0.15,2457,31.2056,2.30182,0.37804
2965,375,35,35,90,0,1,0,0,233.78,0.05,0.15,2458,31.2056,2.38726,0.37802
2966,400,31,31,71,0,0,0,1,242.751,0.05,0.15,2458,31.2056,2.20247,0.37802
2967,148,11,11,30,0,1,0,0,58.86,0.05,0.15,2458,31.2056,2.61305,0.37802
2968,123,12,12,34,0,1,0,0,61.626,0.05,0.15,2458,31.2056,2.7659,0.37809
2969,400,21,21,58,0,0,0,1,195.85,0.05,0.15,2458,31.2056,1.78485,0.37809
2970,400,33,33,90,0,0,0,1,273.792,0.05,0.15,2459,31.2056,2.19879,0.37807
2971,122,10,10,32,0,1,0,0,56.147,0.05,0.15,2459,31.2056,2.77667,0.37807
2972,400,23,23,72,0,0,0,1,214.402,0.05,0.15,2459,31.2056,2.02986,0.37807
2973,400,33,33,92,0,0,0,1,272.133,0.05,0.15,2459,31.2056,2.12571,0.37807
2974,88,10,10,26,0,1,0,0,42.96,0.05,0.15,2459,31.2056,2.51897,0.37807
2975,37,3,3,10,0,1,0,0,-5.537,0.05,0.15,2459,31.2056,3.3718,0.37807
2976,166,16,16,45,0,1,0,0,91.782,0.05,0.15,2459,31.2056,3.00261,0.37807
2977,400,36,36,84,0,0,0,1,277.127,0.05,0.15,2459,31.2056,2.41735,0.37807
2978,400,27,27,83,0,0,0,1,227.522,0.05,0.15,2459,31.2056,2.10977,0.37807
2979,150,12,12,29,0,1,0,0,63.461,0.05,0.15,2459,31.2056,2.24041,0.37807
2980,38,3,3,14,0,1,0,0,-1.789,0.05,0.15,2459,31.2056,3.79429,0.37807
2981,60,9,9,19,0,1,0,0,25.041,0.05,0.15,2459,31.2056,2.93998,0.37807
2982,279,25,25,72,0,1,0,0,157.267,0.05,0.15,2459,31.2056,2.42797,0.37807
2983,222,20,20,60,0,1,0,0,126.436,0.05,0.15,2460,31.2056,2.57638,0.37805
2984,400,33,33,74,0,0,0,1,249.597,0.05,0.15,2460,31.2056,2.20517,0.37812
2985,400,25,25,69,0,0,0,1,235.446,0.05,0.15,2460,31.2056,2.08985,0.37812
2986,43,4,4,8,0,1,0,0,-3.833,0.05,0.15,2460,31.2056,4.29465,0.37812
2987,126,13,13,31,0,1,0,0,63.655,0.05,0.15,2460,31.2056,2.57346,0.37812
2988,24,1,1,5,0,1,0,0,-19.104,0.05,0.15,2460,31.2056,4.27948,0.37812
2989,114,19,19,34,0,1,0,0,86.208,0.05,0.15,2460,31.2056,3.01986,0.37812
2990,194,19,19,45,0,1,0,0,111.521,0.05,0.15,2460,31.2056,2.82215,0.37812
2991,400,36,36,76,0,0,0,1,264.023,0.05,0.15,2460,31.2056,2.3258,0.37812
2992,400,29,29,68,0,0,0,1,222.204,0.05,0.15,2460,31.2056,1.86416,0.37812
2993,400,35,35,74,0,0,0,1,250.111,0.05,0.15,2460,31.2056,2.09021,0.37812
2994,400,23,23,76,0,0,0,1,218.098,0.05,0.15,2460,31.2056,2.36866,0.37812
2995,400,30,30,85,0,0,0,1,249.971,0.05,0.15,2460,31.2056,1.98837,0.37812
2996,249,24,24,61,0,1,0,0,144.283,0.05,0.15,2460,31.2056,2.60343,0.37812
2997,400,22,22,49,0,0,0,1,164.539,0.05,0.15,2460,31.2056,2.06595,0.37812
2998,241,16,16,45,0,1,0,0,103.147,0.05,0.15,2460,31.2056,2.21217,0.37812
2999,288,25,25,75,0,1,0,0,165.156,0.05,0.15,2460,31.2056,2.44951,0.37818
3000,120,8,8,29,0,1,0,0,42.675,0.05,0.15,2460,31.2056,3.42431,0.37818
