round,steps,score,coins,crates,kills,suicides,invalid,survived,total_reward,epsilon,alpha,n_states,max_abs_q,mean_abs_td,coverage
1,29,1,1,2,0,1,0,0,-26.58,0.99833,0.15,145,31.3896,4.73391,0.41954
2,91,0,0,8,0,1,0,0,-23.601,0.99667,0.15,189,31.3896,2.30511,0.37478
3,22,1,1,3,0,1,0,0,-25.621,0.99501,0.15,194,31.3896,4.92597,0.37285
4,5,0,0,4,0,1,0,0,-32.008,0.99336,0.15,198,31.3896,17.02165,0.36953
5,14,0,0,3,0,1,0,0,-31.25,0.9917,0.15,198,31.3896,6.46353,0.36953
6,27,0,0,9,0,1,0,0,-21.097,0.99005,0.15,203,31.3896,3.37419,0.36864
7,14,1,1,3,0,1,0,0,-26.202,0.9884,0.15,205,31.3896,7.08238,0.36748
8,5,0,0,3,0,1,0,0,-33.006,0.98676,0.15,206,31.3896,15.268,0.36731
9,6,0,0,3,0,1,0,0,-33.356,0.98511,0.15,206,31.3896,13.08924,0.36812
10,6,0,0,1,0,1,0,0,-31.364,0.98347,0.15,209,31.3896,14.90027,0.36603
11,34,0,0,5,0,1,0,0,-26.457,0.98183,0.15,213,31.3896,3.51802,0.36541
12,5,0,0,3,0,1,0,0,-30.008,0.9802,0.15,214,31.3896,13.76864,0.36526
13,7,0,0,4,0,1,0,0,-32.002,0.97857,0.15,215,31.3896,10.44652,0.36512
14,5,0,0,2,0,1,0,0,-30.662,0.97694,0.15,216,31.3896,15.67737,0.36497
15,6,0,0,3,0,1,0,0,-30.21,0.97531,0.15,216,31.3896,11.88205,0.36497
16,5,0,0,3,0,1,0,0,-33.008,0.97369,0.15,216,31.3896,12.4575,0.36497
17,22,1,1,9,0,1,0,0,-18.169,0.97206,0.15,220,31.3896,3.97504,0.36212
18,5,0,0,3,0,1,0,0,-33.004,0.97045,0.15,220,31.3896,10.55875,0.36212
19,27,1,1,9,0,1,0,0,-21.543,0.96883,0.15,225,31.3896,4.50017,0.36222
20,5,0,0,3,0,1,0,0,-33.408,0.96722,0.15,225,31.3896,10.96657,0.36222
21,44,0,0,9,0,1,0,0,-20.787,0.96561,0.15,228,31.3896,3.0312,0.36257
22,16,0,0,4,0,1,0,0,-29.227,0.964,0.15,228,31.3896,4.46717,0.36257
23,9,0,0,1,0,1,0,0,-30.952,0.96239,0.15,229,31.3896,9.48629,0.36172
24,53,1,1,8,0,1,0,0,-16.325,0.96079,0.15,244,31.3896,3.00035,0.35656
25,21,0,0,5,0,1,0,0,-26.372,0.95919,0.15,245,31.3896,5.52405,0.35782
26,7,0,0,3,0,1,0,0,-30.558,0.95759,0.15,245,31.3896,8.72014,0.35782
27,20,0,0,7,0,1,0,0,-19.103,0.956,0.15,247,31.3896,5.41832,0.35897
28,8,0,0,4,0,1,0,0,-32.756,0.95441,0.15,247,31.3896,6.93142,0.35897
29,13,0,0,5,0,1,0,0,-30.306,0.95282,0.15,247,31.3896,5.30108,0.35897
30,16,1,1,3,0,1,0,0,-21.285,0.95123,0.15,247,31.3896,5.76895,0.35897
31,59,1,1,10,0,1,0,0,-19.267,0.94965,0.15,255,31.3896,3.23725,0.35882
32,70,3,3,7,0,1,0,0,-16.479,0.94806,0.15,259,31.3896,2.57289,0.35972
33,19,0,0,3,0,1,0,0,-31.5,0.94649,0.15,259,31.3896,4.40434,0.361
34,8,0,0,1,0,1,0,0,-33.058,0.94491,0.15,259,31.3896,8.34739,0.36165
35,12,0,0,6,0,1,0,0,-27.916,0.94334,0.15,261,31.3896,6.2458,0.36143
36,21,1,1,6,0,1,0,0,-22.668,0.94176,0.15,261,31.3896,5.49502,0.36271
37,5,0,0,3,0,1,0,0,-33.008,0.9402,0.15,261,31.3896,8.00332,0.36271
38,16,0,0,6,0,1,0,0,-29.558,0.93863,0.15,261,31.3896,4.2081,0.36271
39,53,3,3,11,0,1,0,0,-10.414,0.93707,0.15,264,31.3896,3.15827,0.36237
40,6,0,0,1,0,1,0,0,-31.55,0.93551,0.15,267,31.3896,14.44952,0.3608
41,7,0,0,3,0,1,0,0,-32.348,0.93395,0.15,267,31.3896,11.48717,0.36142
42,52,2,2,7,0,1,0,0,-16.006,0.93239,0.15,269,31.3896,3.43467,0.36369
43,17,0,0,5,0,1,0,0,-26.638,0.93084,0.15,269,31.3896,5.38262,0.36369
44,15,0,0,4,0,1,0,0,-27.373,0.92929,0.15,269,31.3896,4.80267,0.36431
45,32,1,1,5,0,1,0,0,-19.113,0.92774,0.15,270,31.3896,3.55177,0.3642
46,15,0,0,4,0,1,0,0,-27.448,0.9262,0.15,270,31.3896,6.83863,0.36481
47,7,0,0,3,0,1,0,0,-33.006,0.92466,0.15,270,31.3896,7.26918,0.36481
48,8,0,0,3,0,1,0,0,-31.596,0.92312,0.15,270,31.3896,10.45427,0.36605
49,5,0,0,3,0,1,0,0,-33.406,0.92158,0.15,270,31.3896,10.94883,0.36667
50,7,0,0,2,0,1,0,0,-34.006,0.92004,0.15,270,31.3896,6.48752,0.36667
51,23,0,0,7,0,1,0,0,-25.563,0.91851,0.15,270,31.3896,5.57151,0.3679
52,23,0,0,7,0,1,0,0,-27.496,0.91698,0.15,271,31.3896,6.44795,0.36839
53,28,0,0,8,0,1,0,0,-24.418,0.91546,0.15,272,31.3896,4.74749,0.36887
54,23,0,0,6,0,1,0,0,-24.288,0.91393,0.15,274,31.3896,3.853,0.368
55,16,0,0,5,0,1,0,0,-30.084,0.91241,0.15,274,31.3896,6.41259,0.368
56,6,0,0,3,0,1,0,0,-33.354,0.91089,0.15,274,31.3896,9.2927,0.368
57,5,0,0,4,0,1,0,0,-32.408,0.90937,0.15,274,31.3896,6.97457,0.368
58,10,0,0,4,0,1,0,0,-32.252,0.90786,0.15,274,31.3896,4.38712,0.368
59,9,0,0,3,0,1,0,0,-33.004,0.90635,0.15,274,31.3896,4.60066,0.368
60,21,0,0,9,0,1,0,0,-22.594,0.90484,0.15,276,31.3896,4.65896,0.36775
61,5,0,0,4,0,1,0,0,-33.208,0.90333,0.15,276,31.3896,5.2921,0.36775
62,13,0,0,5,0,1,0,0,-29.061,0.90183,0.15,277,31.3896,8.04892,0.36763
63,18,0,0,5,0,1,0,0,-27.165,0.90032,0.15,277,31.3896,5.2601,0.36823
64,47,1,1,5,0,1,0,0,-30.408,0.89883,0.15,277,31.3896,3.70772,0.37004
65,5,0,0,3,0,1,0,0,-33.408,0.89733,0.15,277,31.3896,4.32084,0.37004
66,20,1,1,5,0,1,0,0,-20.938,0.89583,0.15,277,31.3896,5.04468,0.37064
67,14,0,0,5,0,1,0,0,-31.676,0.89434,0.15,277,31.3896,5.8657,0.37064
68,33,1,1,6,0,1,0,0,-22.207,0.89285,0.15,278,31.3896,3.35428,0.3699
69,14,0,0,5,0,1,0,0,-26.955,0.89137,0.15,278,31.3896,5.242,0.3699
70,6,0,0,3,0,1,0,0,-31.702,0.88988,0.15,278,31.3896,14.39198,0.3699
71,58,1,1,5,0,1,0,0,-21.408,0.8884,0.15,278,31.3896,2.40509,0.3699
72,25,1,1,6,0,1,0,0,-22.211,0.88692,0.15,280,31.3896,4.24897,0.36964
73,7,0,0,3,0,1,0,0,-33.406,0.88544,0.15,280,31.3896,4.55852,0.36964
74,51,1,1,10,0,1,0,0,-12.891,0.88397,0.15,280,31.3896,2.38138,0.37143
75,5,0,0,2,0,1,0,0,-31.064,0.8825,0.15,280,31.3896,18.12012,0.37143
76,92,4,4,13,0,1,0,0,-7.446,0.88103,0.15,293,31.3896,2.81121,0.36633
77,69,1,1,17,0,1,0,0,-19.379,0.87956,0.15,300,31.3896,2.85242,0.36611
78,5,0,0,3,0,1,0,0,-33.408,0.8781,0.15,300,31.3896,4.50263,0.36611
79,51,0,0,9,0,1,0,0,-18.085,0.87663,0.15,301,31.3896,3.27697,0.36822
80,6,0,0,2,0,1,0,0,-30.81,0.87517,0.15,301,31.3896,7.61889,0.36822
81,14,0,0,7,0,1,0,0,-25.652,0.87372,0.15,301,31.3896,6.3859,0.36877
82,5,0,0,4,0,1,0,0,-33.208,0.87226,0.15,301,31.3896,4.67653,0.36877
83,16,0,0,4,0,1,0,0,-24.046,0.87081,0.15,301,31.3896,5.89999,0.36932
84,26,2,2,9,0,1,0,0,-19.943,0.86936,0.15,302,31.3896,4.50842,0.36921
85,5,0,0,3,0,1,0,0,-33.006,0.86791,0.15,302,31.3896,9.32152,0.36921
86,20,0,0,5,0,1,0,0,-29.8,0.86647,0.15,302,31.3896,4.90578,0.36921
87,13,0,0,3,0,1,0,0,-26.577,0.86502,0.15,302,31.3896,6.64599,0.36921
88,10,0,0,5,0,1,0,0,-26.292,0.86358,0.15,302,31.3896,7.68989,0.36921
89,26,0,0,6,0,1,0,0,-27.274,0.86214,0.15,303,31.3896,3.91237,0.36854
90,6,0,0,4,0,1,0,0,-32.356,0.86071,0.15,303,31.3896,4.59836,0.36854
91,18,0,0,3,0,1,0,0,-30.04,0.85927,0.15,303,31.3896,3.5396,0.36854
92,17,0,0,5,0,1,0,0,-26.148,0.85784,0.15,303,31.3896,2.65723,0.36854
93,5,0,0,4,0,1,0,0,-32.806,0.85642,0.15,303,31.3896,8.69155,0.36854
94,5,0,0,4,0,1,0,0,-32.008,0.85499,0.15,303,31.3896,3.61143,0.36854
95,9,0,0,1,0,1,0,0,-32.906,0.85357,0.15,303,31.3896,5.55586,0.36854
96,14,0,0,2,0,1,0,0,-28.624,0.85214,0.15,303,31.3896,5.81093,0.36854
97,8,0,0,3,0,1,0,0,-26.104,0.85072,0.15,303,31.3896,8.88161,0.36854
98,12,0,0,5,0,1,0,0,-27.498,0.84931,0.15,304,31.3896,5.669,0.36842
99,15,0,0,5,0,1,0,0,-28.045,0.84789,0.15,304,31.3896,5.57926,0.36842
100,18,0,0,5,0,1,0,0,-27.326,0.84648,0.15,304,31.3896,3.68432,0.36842
101,15,0,0,9,0,1,0,0,-25.067,0.84507,0.15,304,31.3896,4.38429,0.36842
102,30,2,2,8,0,1,0,0,-20.327,0.84366,0.15,304,31.3896,4.51432,0.36842
103,22,1,1,9,0,1,0,0,-22.258,0.84226,0.15,304,31.3896,3.88082,0.36842
104,8,0,0,3,0,1,0,0,-32.948,0.84086,0.15,305,31.3896,12.75118,0.36831
105,9,0,0,6,0,1,0,0,-25.75,0.83946,0.15,305,31.3896,6.64821,0.36831
106,17,0,0,3,0,1,0,0,-27.246,0.83806,0.15,305,31.3896,6.09437,0.36995
107,22,1,1,6,0,1,0,0,-23.072,0.83666,0.15,305,31.3896,4.8535,0.36995
108,18,0,0,5,0,1,0,0,-27.721,0.83527,0.15,305,31.3896,3.89274,0.36995
109,17,0,0,4,0,1,0,0,-27.482,0.83388,0.15,305,31.3896,4.2679,0.36995
110,17,0,0,4,0,1,0,0,-28.219,0.83249,0.15,305,31.3896,4.66351,0.36995
111,5,0,0,3,0,1,0,0,-33.002,0.8311,0.15,305,31.3896,15.23771,0.37049
112,7,0,0,3,0,1,0,0,-33.006,0.82972,0.15,305,31.3896,4.36062,0.37049
113,6,0,0,1,0,1,0,0,-33.05,0.82834,0.15,305,31.3896,12.38601,0.37104
114,61,0,0,6,0,1,0,0,-22.181,0.82696,0.15,309,31.3896,2.45973,0.37217
115,38,2,2,12,0,1,0,0,-15.207,0.82558,0.15,313,31.3896,3.71259,0.37007
116,7,0,0,1,0,1,0,0,-31.754,0.82421,0.15,313,31.3896,8.96696,0.37007
117,28,0,0,5,0,1,0,0,-29.87,0.82283,0.15,313,31.3896,3.744,0.37007
118,14,0,0,5,0,1,0,0,-30.104,0.82146,0.15,313,31.3896,5.32811,0.37007
119,18,0,0,5,0,1,0,0,-27.253,0.8201,0.15,313,31.3896,4.59116,0.37061
120,23,1,1,4,0,1,0,0,-21.864,0.81873,0.15,313,31.3896,5.82924,0.37061
121,5,0,0,4,0,1,0,0,-32.806,0.81737,0.15,313,31.3896,7.28126,0.37061
122,18,0,0,5,0,1,0,0,-29.534,0.81601,0.15,313,31.3896,4.37103,0.37061
123,10,0,0,2,0,1,0,0,-30.4,0.81465,0.15,313,31.3896,5.36126,0.37061
124,8,0,0,3,0,1,0,0,-33.356,0.81329,0.15,313,31.3896,4.68462,0.37061
125,23,0,0,3,0,1,0,0,-24.022,0.81194,0.15,314,31.3896,5.63114,0.37155
126,8,0,0,2,0,1,0,0,-30.648,0.81058,0.15,314,31.3896,9.82967,0.37155
127,8,0,0,3,0,1,0,0,-31.3,0.80923,0.15,314,31.3896,8.92213,0.37155
128,28,2,2,12,0,1,0,0,-16.013,0.80789,0.15,316,31.3896,5.37718,0.37131
129,5,0,0,2,0,1,0,0,-34.402,0.80654,0.15,316,31.3896,13.56509,0.37131
130,6,0,0,3,0,1,0,0,-29.81,0.8052,0.15,316,31.3896,4.53384,0.37131
131,5,0,0,4,0,1,0,0,-32.408,0.80386,0.15,316,31.3896,4.30191,0.37131
132,14,0,0,3,0,1,0,0,-30.071,0.80252,0.15,316,31.3896,4.99693,0.37131
133,9,0,0,3,0,1,0,0,-30.158,0.80118,0.15,316,31.3896,3.56082,0.37131
134,19,1,1,7,0,1,0,0,-22.334,0.79985,0.15,318,31.3896,5.15595,0.37055
135,8,0,0,3,0,1,0,0,-32.956,0.79852,0.15,318,31.3896,3.0637,0.37055
136,5,0,0,1,0,1,0,0,-33.308,0.79719,0.15,318,31.3896,10.6245,0.37055
137,6,0,0,4,0,1,0,0,-31.956,0.79586,0.15,318,31.3896,4.2869,0.37055
138,51,1,1,9,0,1,0,0,-21.319,0.79453,0.15,318,31.3896,2.36385,0.37212
139,23,0,0,5,0,1,0,0,-24.595,0.79321,0.15,319,31.3896,4.10528,0.37252
140,5,0,0,3,0,1,0,0,-33.804,0.79189,0.15,319,31.3896,8.02842,0.37252
141,29,0,0,5,0,1,0,0,-26.166,0.79057,0.15,319,31.3896,3.70419,0.37304
142,16,0,0,3,0,1,0,0,-25.99,0.78925,0.15,319,31.3896,7.10335,0.37304
143,19,0,0,3,0,1,0,0,-31.086,0.78794,0.15,319,31.3896,2.79815,0.37304
144,99,6,6,21,0,1,0,0,11.505,0.78663,0.15,328,31.3896,3.04276,0.37093
145,5,0,0,4,0,1,0,0,-32.808,0.78532,0.15,328,31.3896,2.95571,0.37093
146,7,0,0,3,0,1,0,0,-32.21,0.78401,0.15,328,31.3896,4.58992,0.37093
147,6,0,0,1,0,1,0,0,-33.46,0.7827,0.15,328,31.3896,5.0888,0.37093
148,5,0,0,4,0,1,0,0,-32.406,0.7814,0.15,328,31.3896,5.86784,0.37093
149,7,0,0,3,0,1,0,0,-31.808,0.7801,0.15,328,31.3896,3.80832,0.37093
150,15,0,0,5,0,1,0,0,-26.296,0.7788,0.15,328,31.3896,4.25414,0.37093
151,24,0,0,6,0,1,0,0,-23.199,0.7775,0.15,328,31.3896,5.72973,0.37093
152,10,0,0,2,0,1,0,0,-29.908,0.77621,0.15,328,31.3896,2.49513,0.37093
153,22,3,3,5,0,1,0,0,-17.037,0.77492,0.15,328,31.3896,4.4055,0.37093
154,110,2,2,22,0,1,0,0,-1.19,0.77363,0.15,335,31.3896,2.86322,0.36965
155,5,0,0,3,0,1,0,0,-33.008,0.77234,0.15,335,31.3896,2.61008,0.36965
156,104,5,5,15,0,1,0,0,1.471,0.77105,0.15,338,31.3896,2.73697,0.36982
157,29,3,3,15,0,1,0,0,-8.252,0.76977,0.15,338,31.3896,5.54381,0.37032
158,5,0,0,3,0,1,0,0,-33.006,0.76849,0.15,338,31.3896,5.15604,0.37032
159,5,0,0,3,0,1,0,0,-33.408,0.76721,0.15,338,31.3896,2.47958,0.37032
160,26,0,0,4,0,1,0,0,-24.688,0.76593,0.15,338,31.3896,4.98876,0.37081
161,19,0,0,3,0,1,0,0,-29.553,0.76465,0.15,338,31.3896,3.38696,0.37081
162,6,0,0,3,0,1,0,0,-33.756,0.76338,0.15,338,31.3896,3.86138,0.37081
163,7,0,0,2,0,1,0,0,-30.36,0.76211,0.15,338,31.3896,2.89008,0.37081
164,5,0,0,3,0,1,0,0,-35.452,0.76084,0.15,338,31.3896,14.94243,0.3713
165,144,7,7,27,0,1,0,0,25.598,0.75957,0.15,346,31.3896,2.88253,0.37187
166,33,1,1,5,0,1,0,0,-18.724,0.75831,0.15,346,31.3896,4.21561,0.37283
167,16,0,0,4,0,1,0,0,-29.225,0.75704,0.15,346,31.3896,3.793,0.37283
168,6,0,0,2,0,1,0,0,-33.956,0.75578,0.15,346,31.3896,3.50986,0.37283
169,10,0,0,3,0,1,0,0,-33.244,0.75453,0.15,346,31.3896,5.40625,0.37283
170,14,0,0,3,0,1,0,0,-28.173,0.75327,0.15,346,31.3896,6.70964,0.37331
171,5,0,0,2,0,1,0,0,-34.406,0.75201,0.15,346,31.3896,5.50031,0.37331
172,16,0,0,3,0,1,0,0,-29.679,0.75076,0.15,346,31.3896,3.98403,0.37331
173,21,0,0,5,0,1,0,0,-25.197,0.74951,0.15,347,31.3896,4.40655,0.3732
174,30,1,1,11,0,1,0,0,-17.18,0.74826,0.15,348,31.3896,4.31902,0.37356
175,52,0,0,7,0,1,0,0,-18.681,0.74702,0.15,348,31.3896,2.32545,0.37356
176,15,0,0,5,0,1,0,0,-25.045,0.74577,0.15,348,31.3896,5.48207,0.37356
177,27,0,0,3,0,1,0,0,-30.104,0.74453,0.15,348,31.3896,3.26135,0.37356
178,16,0,0,4,0,1,0,0,-27.522,0.74329,0.15,348,31.3896,3.87683,0.37356
179,22,1,1,9,0,1,0,0,-17.676,0.74205,0.15,348,31.3896,4.01738,0.37404
180,7,0,0,3,0,1,0,0,-30.158,0.74082,0.15,348,31.3896,4.56542,0.37404
181,16,0,0,3,0,1,0,0,-29.002,0.73958,0.15,350,31.3896,4.32611,0.37333
182,13,0,0,4,0,1,0,0,-31.083,0.73835,0.15,350,31.3896,3.75689,0.37333
183,6,0,0,3,0,1,0,0,-33.354,0.73712,0.15,350,31.3896,5.80776,0.37333
184,6,0,0,3,0,1,0,0,-32.952,0.7359,0.15,350,31.3896,7.89778,0.37333
185,34,0,0,5,0,1,0,0,-23.223,0.73467,0.15,351,31.3896,2.83532,0.37322
186,39,0,0,3,0,1,0,0,-32.112,0.73345,0.15,351,31.3896,3.28616,0.37322
187,7,0,0,2,0,1,0,0,-33.598,0.73223,0.15,351,31.3896,10.99681,0.37369
188,17,0,0,4,0,1,0,0,-27.966,0.73101,0.15,351,31.3896,4.22514,0.37369
189,7,0,0,2,0,1,0,0,-32.01,0.72979,0.15,351,31.3896,3.70629,0.37369
190,28,0,0,3,0,1,0,0,-28.786,0.72857,0.15,352,31.3896,4.86259,0.37405
191,5,0,0,4,0,1,0,0,-32.004,0.72736,0.15,352,31.3896,4.82794,0.37405
192,5,0,0,3,0,1,0,0,-30.956,0.72615,0.15,352,31.3896,16.5753,0.37405
193,24,0,0,4,0,1,0,0,-27.242,0.72494,0.15,352,31.3896,4.37608,0.37453
194,24,2,2,7,0,1,0,0,-19.672,0.72373,0.15,352,31.3896,4.10172,0.37453
195,14,0,0,4,0,1,0,0,-23.721,0.72253,0.15,352,31.3896,7.44264,0.375
196,60,2,2,16,0,1,0,0,-6.256,0.72132,0.15,355,31.3896,2.74159,0.37465
197,10,0,0,2,0,1,0,0,-30.608,0.72012,0.15,355,31.3896,2.55208,0.37465
198,15,0,0,4,0,1,0,0,-29.363,0.71892,0.15,355,31.3896,4.91464,0.37465
199,8,0,0,3,0,1,0,0,-31.358,0.71773,0.15,355,31.3896,2.77384,0.37465
200,15,1,1,3,0,1,0,0,-23.21,0.71653,0.15,355,31.3896,6.02017,0.37512
201,10,0,0,3,0,1,0,0,-31.752,0.71534,0.15,355,31.3896,3.24204,0.37512
202,17,2,2,8,0,1,0,0,-17.681,0.71415,0.15,356,31.3896,6.27676,0.375
203,15,0,0,4,0,1,0,0,-28.604,0.71296,0.15,356,31.3896,2.36632,0.375
204,61,3,3,9,0,1,0,0,-9.566,0.71177,0.15,357,31.3896,3.13062,0.37582
205,28,0,0,6,0,1,0,0,-25.353,0.71059,0.15,357,31.3896,2.67084,0.37582
206,8,0,0,3,0,1,0,0,-32.952,0.7094,0.15,357,31.3896,6.01375,0.37582
207,9,0,0,4,0,1,0,0,-32.306,0.70822,0.15,357,31.3896,3.46683,0.37582
208,22,1,1,5,0,1,0,0,-21.873,0.70704,0.15,357,31.3896,3.3762,0.37628
209,15,0,0,5,0,1,0,0,-28.588,0.70586,0.15,357,31.3896,2.81485,0.37675
210,23,1,1,6,0,1,0,0,-23.194,0.70469,0.15,357,31.3896,4.715,0.37675
211,16,0,0,2,0,1,0,0,-29.794,0.70351,0.15,357,31.3896,2.7687,0.37675
212,48,2,2,9,0,1,0,0,-13.929,0.70234,0.15,359,31.3896,3.44848,0.37604
213,16,0,0,4,0,1,0,0,-29.219,0.70117,0.15,359,31.3896,5.50299,0.37604
214,5,0,0,3,0,1,0,0,-33.408,0.70001,0.15,359,31.3896,1.80503,0.37604
215,43,1,1,10,0,1,0,0,-11.927,0.69884,0.15,362,31.3896,2.60083,0.37523
216,20,0,0,5,0,1,0,0,-24.4,0.69768,0.15,362,31.3896,4.53287,0.37569
217,15,0,0,4,0,1,0,0,-27.466,0.69651,0.15,362,31.3896,7.04597,0.37569
218,30,0,0,2,0,1,0,0,-26.701,0.69535,0.15,365,31.3896,3.98748,0.37443
219,38,2,2,6,0,1,0,0,-14.572,0.6942,0.15,365,31.3896,2.81658,0.37489
220,22,1,1,2,0,1,0,0,-25.971,0.69304,0.15,365,31.3896,4.30055,0.37489
221,56,2,2,12,0,1,0,0,-12.972,0.69189,0.15,365,31.3896,3.9251,0.37671
222,26,0,0,6,0,1,0,0,-28.245,0.69073,0.15,365,31.3896,4.02296,0.37717
223,22,2,2,5,0,1,0,0,-20.483,0.68958,0.15,365,31.3896,3.57326,0.37717
224,13,0,0,3,0,1,0,0,-28.05,0.68844,0.15,365,31.3896,8.55606,0.37717
225,5,0,0,3,0,1,0,0,-33.806,0.68729,0.15,365,31.3896,3.80153,0.37717
226,74,5,5,13,0,1,0,0,2.109,0.68614,0.15,367,31.3896,2.73808,0.37875
227,49,2,2,6,0,1,0,0,-12.551,0.685,0.15,367,31.3896,2.8823,0.37875
228,27,2,2,7,0,1,0,0,-16.84,0.68386,0.15,367,31.3896,4.47038,0.37875
229,19,1,1,4,0,1,0,0,-23.273,0.68272,0.15,367,31.3896,4.15766,0.37875
230,26,0,0,6,0,1,0,0,-19.907,0.68159,0.15,368,31.3896,3.98096,0.37817
231,39,0,0,4,0,1,0,0,-31.496,0.68045,0.15,368,31.3896,3.43275,0.37862
232,5,0,0,4,0,1,0,0,-32.808,0.67932,0.15,368,31.3896,2.834,0.37862
233,7,0,0,2,0,1,0,0,-33.604,0.67819,0.15,368,31.3896,3.9861,0.37862
234,15,0,0,1,0,1,0,0,-29.163,0.67706,0.15,368,31.3896,5.86372,0.37862
235,11,0,0,4,0,1,0,0,-32.198,0.67593,0.15,368,31.3896,3.31422,0.37862
236,5,0,0,2,0,1,0,0,-28.952,0.6748,0.15,368,31.3896,12.84459,0.37862
237,7,0,0,4,0,1,0,0,-32.406,0.67368,0.15,368,31.3896,4.2869,0.37862
238,27,0,0,6,0,1,0,0,-24.582,0.67256,0.15,368,31.3896,3.78251,0.37953
239,16,0,0,3,0,1,0,0,-27.243,0.67144,0.15,368,31.3896,6.00293,0.37998
240,49,2,2,10,0,1,0,0,-14.222,0.67032,0.15,371,31.3896,3.09345,0.37871
241,5,0,0,3,0,1,0,0,-33.806,0.6692,0.15,371,31.3896,3.85164,0.37871
242,43,0,0,10,0,1,0,0,-23.838,0.66809,0.15,373,31.3896,5.19762,0.37846
243,32,1,1,4,0,1,0,0,-19.872,0.66698,0.15,373,31.3896,3.23464,0.37846
244,5,0,0,4,0,1,0,0,-32.406,0.66587,0.15,373,31.3896,3.20387,0.37846
245,10,0,0,1,0,1,0,0,-30.958,0.66476,0.15,373,31.3896,5.10606,0.37846
246,5,0,0,3,0,1,0,0,-33.006,0.66365,0.15,373,31.3896,2.70493,0.37846
247,10,0,0,1,0,1,0,0,-29.25,0.66255,0.15,373,31.3896,9.20691,0.37846
248,11,0,0,4,0,1,0,0,-24.04,0.66144,0.15,373,31.3896,5.0567,0.37846
249,66,4,4,14,0,1,0,0,0.109,0.66034,0.15,374,31.3896,3.02138,0.3779
250,15,0,0,6,0,1,0,0,-26.394,0.65924,0.15,374,31.3896,3.17614,0.3779
251,28,1,1,7,0,1,0,0,-22.204,0.65814,0.15,374,31.3896,3.52754,0.3779
252,7,0,0,3,0,1,0,0,-28.35,0.65705,0.15,374,31.3896,8.23286,0.3779
253,5,0,0,4,0,1,0,0,-32.804,0.65595,0.15,374,31.3896,5.42354,0.3779
254,8,0,0,2,0,1,0,0,-30.154,0.65486,0.15,374,31.3896,5.30655,0.3779
255,50,1,1,6,0,1,0,0,-17.371,0.65377,0.15,374,31.3896,2.70049,0.3779
256,8,0,0,2,0,1,0,0,-33.554,0.65268,0.15,374,31.3896,5.03915,0.3779
257,16,0,0,3,0,1,0,0,-31.64,0.65159,0.15,374,31.3896,4.26213,0.3779
258,18,0,0,6,0,1,0,0,-28.75,0.65051,0.15,374,31.3896,3.18522,0.3779
259,18,0,0,5,0,1,0,0,-25.664,0.64943,0.15,375,31.3896,5.06052,0.37778
260,5,0,0,3,0,1,0,0,-33.806,0.64834,0.15,375,31.3896,2.71135,0.37778
261,12,0,0,3,0,1,0,0,-32.454,0.64726,0.15,375,31.3896,2.62315,0.37778
262,5,0,0,4,0,1,0,0,-32.808,0.64619,0.15,375,31.3896,1.26891,0.37778
263,40,1,1,8,0,1,0,0,-11.08,0.64511,0.15,375,31.3896,2.32864,0.37778
264,60,2,2,14,0,1,0,0,-9.47,0.64404,0.15,376,31.3896,3.34314,0.37899
265,116,5,5,14,0,1,0,0,3.821,0.64296,0.15,379,31.3896,2.69308,0.37907
266,7,0,0,3,0,1,0,0,-33.004,0.64189,0.15,379,31.3896,4.68279,0.37907
267,40,3,3,10,0,1,0,0,-12.893,0.64082,0.15,379,31.3896,3.67253,0.37907
268,5,0,0,4,0,1,0,0,-33.208,0.63976,0.15,379,31.3896,0.83279,0.37907
269,26,2,2,7,0,1,0,0,-16.563,0.63869,0.15,379,31.3896,3.59807,0.37907
270,132,4,4,17,0,1,0,0,5.88,0.63763,0.15,379,31.3896,2.38551,0.37995
271,23,0,0,4,0,1,0,0,-30.204,0.63657,0.15,379,31.3896,3.21931,0.37995
272,65,4,4,17,0,1,0,0,-0.541,0.63551,0.15,380,31.3896,3.25916,0.38026
273,6,0,0,2,0,1,0,0,-33.554,0.63445,0.15,380,31.3896,5.61207,0.38026
274,24,1,1,5,0,1,0,0,-22.631,0.63339,0.15,380,31.3896,3.71646,0.38026
275,12,0,0,4,0,1,0,0,-31.15,0.63234,0.15,380,31.3896,3.54267,0.38026
276,5,0,0,3,0,1,0,0,-30.104,0.63128,0.15,380,31.3896,16.88446,0.38026
277,77,6,6,13,0,1,0,0,7.826,0.63023,0.15,384,31.3896,3.18621,0.37847
278,23,1,1,6,0,1,0,0,-23.896,0.62918,0.15,384,31.3896,6.01866,0.37891
279,46,2,2,8,0,1,0,0,-15.586,0.62814,0.15,385,31.3896,3.46981,0.37879
280,29,1,1,8,0,1,0,0,-21.192,0.62709,0.15,388,31.3896,3.29465,0.37715
281,5,0,0,4,0,1,0,0,-32.806,0.62604,0.15,388,31.3896,1.88787,0.37715
282,13,0,0,3,0,1,0,0,-25.736,0.625,0.15,388,31.3896,4.14074,0.37715
283,24,1,1,9,0,1,0,0,-15.087,0.62396,0.15,388,31.3896,4.31378,0.37758
284,45,2,2,13,0,1,0,0,-14.228,0.62292,0.15,389,31.3896,3.32579,0.37789
285,9,0,0,3,0,1,0,0,-32.504,0.62189,0.15,389,31.3896,3.84653,0.37789
286,43,1,1,15,0,1,0,0,-9.7,0.62085,0.15,390,31.3896,3.45737,0.37778
287,5,0,0,3,0,1,0,0,-33.808,0.61982,0.15,390,31.3896,2.65875,0.37778
288,7,0,0,3,0,1,0,0,-30.158,0.61878,0.15,390,31.3896,4.3835,0.37778
289,141,11,11,20,0,1,0,0,31.746,0.61775,0.15,398,31.3896,2.81155,0.37647
290,22,3,3,6,0,1,0,0,-8.194,0.61672,0.15,398,31.3896,4.4004,0.37688
291,25,1,1,5,0,1,0,0,-24.551,0.6157,0.15,398,31.3896,2.55836,0.37688
292,17,1,1,2,0,1,0,0,-24.293,0.61467,0.15,398,31.3896,6.09903,0.37688
293,25,0,0,6,0,1,0,0,-23.638,0.61365,0.15,398,31.3896,4.60256,0.37688
294,21,2,2,8,0,1,0,0,-16.993,0.61263,0.15,398,31.3896,6.37957,0.3773
295,14,1,1,5,0,1,0,0,-22.279,0.61161,0.15,398,31.3896,7.82817,0.3773
296,57,3,3,10,0,1,0,0,-8.685,0.61059,0.15,398,31.3896,3.47254,0.3773
297,53,2,2,10,0,1,0,0,-10.123,0.60957,0.15,400,31.3896,3.67027,0.37667
298,42,0,0,9,0,1,0,0,-20.609,0.60856,0.15,400,31.3896,3.16907,0.3775
299,25,0,0,6,0,1,0,0,-25.159,0.60754,0.15,400,31.3896,3.08021,0.3775
300,68,1,1,6,0,1,0,0,-15.302,0.60653,0.15,400,31.3896,1.738,0.3775
301,7,0,0,3,0,1,0,0,-26.658,0.60552,0.15,400,31.3896,4.61059,0.3775
302,21,0,0,2,0,1,0,0,-28.636,0.60451,0.15,400,31.3896,2.63415,0.3775
303,5,0,0,2,0,1,0,0,-34.006,0.60351,0.15,400,31.3896,1.96722,0.3775
304,5,0,0,4,0,1,0,0,-32.408,0.6025,0.15,400,31.3896,2.23355,0.3775
305,18,2,2,5,0,1,0,0,-21.401,0.6015,0.15,400,31.3896,4.83297,0.3775
306,38,0,0,9,0,1,0,0,-20.632,0.6005,0.15,400,31.3896,2.4816,0.3775
307,14,0,0,3,0,1,0,0,-26.604,0.5995,0.15,400,31.3896,4.85787,0.3775
308,58,3,3,11,0,1,0,0,-6.868,0.5985,0.15,400,31.3896,2.86335,0.37792
309,5,0,0,4,0,1,0,0,-33.208,0.5975,0.15,400,31.3896,1.66654,0.37792
310,5,0,0,4,0,1,0,0,-32.808,0.59651,0.15,400,31.3896,1.43514,0.37792
311,22,0,0,7,0,1,0,0,-23.263,0.59551,0.15,400,31.3896,5.03583,0.37875
312,22,1,1,5,0,1,0,0,-23.253,0.59452,0.15,400,31.3896,3.57568,0.37875
313,5,0,0,4,0,1,0,0,-32.408,0.59353,0.15,400,31.3896,0.85705,0.37875
314,18,0,0,6,0,1,0,0,-25.153,0.59254,0.15,400,31.3896,3.66091,0.37875
315,8,0,0,4,0,1,0,0,-31.556,0.59156,0.15,400,31.3896,4.01909,0.37875
316,27,1,1,4,0,1,0,0,-22.907,0.59057,0.15,400,31.3896,4.06333,0.37875
317,45,1,1,7,0,1,0,0,-16.382,0.58959,0.15,400,31.3896,2.19371,0.37875
318,47,3,3,9,0,1,0,0,-16.183,0.5886,0.15,400,31.3896,3.36475,0.37875
319,18,2,2,3,0,1,0,0,-24.56,0.58762,0.15,400,31.3896,6.4832,0.37958
320,18,1,1,4,0,1,0,0,-22.587,0.58665,0.15,400,31.3896,4.41974,0.38
321,69,1,1,13,0,1,0,0,-12.756,0.58567,0.15,400,31.3896,2.41833,0.38
322,28,1,1,5,0,1,0,0,-21.515,0.58469,0.15,400,31.3896,3.21414,0.38
323,31,2,2,9,0,1,0,0,-19.345,0.58372,0.15,400,31.3896,3.84267,0.38
324,5,0,0,4,0,1,0,0,-32.408,0.58275,0.15,400,31.3896,0.86042,0.38
325,27,1,1,3,0,1,0,0,-25.114,0.58178,0.15,400,31.3896,4.61151,0.38
326,24,0,0,0,0,1,0,0,-30.328,0.58081,0.15,400,31.3896,3.19605,0.38042
327,17,0,0,2,0,1,0,0,-29.342,0.57984,0.15,400,31.3896,3.32761,0.38042
328,7,0,0,3,0,1,0,0,-29.76,0.57888,0.15,400,31.3896,4.16639,0.38042
329,28,1,1,5,0,1,0,0,-22.468,0.57791,0.15,400,31.3896,4.03986,0.38042
330,14,0,0,3,0,1,0,0,-32.05,0.57695,0.15,400,31.3896,2.24826,0.38042
331,5,0,0,3,0,1,0,0,-30.008,0.57599,0.15,400,31.3896,6.7629,0.38042
332,75,6,6,15,0,1,0,0,5.101,0.57503,0.15,402,31.3896,3.49995,0.37935
333,12,0,0,1,0,1,0,0,-33.35,0.57407,0.15,402,31.3896,3.06224,0.37935
334,9,0,0,5,0,1,0,0,-27.446,0.57312,0.15,402,31.3896,5.94685,0.37935
335,25,0,0,10,0,1,0,0,-19.237,0.57216,0.15,402,31.3896,4.03214,0.37935
336,32,1,1,7,0,1,0,0,-21.252,0.57121,0.15,402,31.3896,3.10358,0.37935
337,8,0,0,4,0,1,0,0,-31.952,0.57026,0.15,402,31.3896,4.92636,0.37935
338,7,0,0,3,0,1,0,0,-29.604,0.56931,0.15,402,31.3896,7.01598,0.37935
339,14,0,0,5,0,1,0,0,-23.405,0.56836,0.15,402,31.3896,5.67203,0.37935
340,17,0,0,2,0,1,0,0,-28.876,0.56741,0.15,402,31.3896,4.67263,0.37977
341,106,4,4,12,0,1,0,0,-9.954,0.56647,0.15,404,31.3896,3.02232,0.38078
342,38,0,0,10,0,1,0,0,-21.982,0.56553,0.15,404,31.3896,2.52558,0.38078
343,63,5,5,6,0,1,0,0,-3.539,0.56458,0.15,405,31.3896,2.78149,0.38107
344,93,4,4,12,0,1,0,0,5.891,0.56364,0.15,407,31.3896,2.85231,0.38206
345,50,1,1,9,0,1,0,0,-15.078,0.5627,0.15,407,31.3896,3.37252,0.38247
346,38,2,2,7,0,1,0,0,-21.233,0.56177,0.15,407,31.3896,4.3782,0.38247
347,41,1,1,8,0,1,0,0,-16.684,0.56083,0.15,407,31.3896,1.89233,0.38247
348,24,0,0,4,0,1,0,0,-29.08,0.5599,0.15,407,31.3896,3.42095,0.38247
349,36,1,1,4,0,1,0,0,-19.81,0.55897,0.15,407,31.3896,3.14611,0.38288
350,14,0,0,6,0,1,0,0,-24.696,0.55804,0.15,407,31.3896,3.24878,0.38288
351,31,2,2,6,0,1,0,0,-15.154,0.55711,0.15,407,31.3896,4.13336,0.38288
352,35,2,2,5,0,1,0,0,-16.165,0.55618,0.15,407,31.3896,3.81263,0.38288
353,5,0,0,2,0,1,0,0,-34.004,0.55525,0.15,407,31.3896,5.58907,0.38288
354,5,0,0,3,0,1,0,0,-33.406,0.55433,0.15,407,31.3896,1.96434,0.38288
355,72,2,2,16,0,1,0,0,-2.368,0.5534,0.15,415,31.3896,3.60558,0.37992
356,51,1,1,5,0,1,0,0,-15.954,0.55248,0.15,416,31.3896,2.25137,0.37941
357,16,0,0,4,0,1,0,0,-27.392,0.55156,0.15,417,31.3896,4.96187,0.3793
358,38,1,1,8,0,1,0,0,-24.372,0.55064,0.15,418,31.3896,3.31229,0.37919
359,87,4,4,8,0,1,0,0,-5.514,0.54973,0.15,418,31.3896,1.82369,0.37919
360,19,1,1,5,0,1,0,0,-21.914,0.54881,0.15,418,31.3896,3.32283,0.37919
361,115,5,5,16,0,1,0,0,10.675,0.5479,0.15,422,31.3896,2.42065,0.37836
362,70,2,2,17,0,1,0,0,-4.545,0.54699,0.15,423,31.3896,2.83257,0.37904
363,56,3,3,18,0,1,0,0,-7.319,0.54607,0.15,424,31.3896,3.65532,0.37854
364,14,0,0,3,0,1,0,0,-31.298,0.54517,0.15,424,31.3896,5.0586,0.37854
365,5,0,0,1,0,1,0,0,-35.006,0.54426,0.15,424,31.3896,2.57534,0.37854
366,9,0,0,3,0,1,0,0,-26.056,0.54335,0.15,424,31.3896,8.36789,0.37854
367,28,1,1,9,0,1,0,0,-18.563,0.54245,0.15,424,31.3896,4.88182,0.37854
368,26,0,0,3,0,1,0,0,-26.964,0.54154,0.15,424,31.3896,3.2157,0.37854
369,7,0,0,2,0,1,0,0,-30.358,0.54064,0.15,424,31.3896,5.26788,0.37854
370,26,1,1,7,0,1,0,0,-16.023,0.53974,0.15,424,31.3896,3.65768,0.37854
371,5,0,0,3,0,1,0,0,-33.008,0.53884,0.15,424,31.3896,1.05279,0.37854
372,7,0,0,5,0,1,0,0,-26.754,0.53794,0.15,424,31.3896,5.20136,0.37854
373,81,4,4,13,0,1,0,0,-5.683,0.53705,0.15,425,31.3896,2.8264,0.37843
374,13,1,1,4,0,1,0,0,-20.729,0.53615,0.15,425,31.3896,5.90168,0.37843
375,22,1,1,9,0,1,0,0,-21.097,0.53526,0.15,426,31.3896,6.23552,0.37833
376,76,1,1,9,0,1,0,0,-16.518,0.53437,0.15,427,31.3896,2.2816,0.37861
377,14,1,1,4,0,1,0,0,-22.479,0.53348,0.15,427,31.3896,5.38551,0.37861
378,9,0,0,4,0,1,0,0,-28.966,0.53259,0.15,427,31.3896,5.55432,0.37861
379,81,3,3,12,0,1,0,0,-0.02,0.5317,0.15,427,31.3896,2.33943,0.37861
380,16,1,1,3,0,1,0,0,-23.015,0.53082,0.15,427,31.3896,6.01539,0.37861
381,25,0,0,5,0,1,0,0,-26.164,0.52994,0.15,427,31.3896,3.2732,0.37861
382,42,0,0,8,0,1,0,0,-16.845,0.52905,0.15,427,31.3896,2.23097,0.37861
383,7,0,0,2,0,1,0,0,-35.598,0.52817,0.15,427,31.3896,11.97275,0.37861
384,5,0,0,3,0,1,0,0,-31.352,0.52729,0.15,427,31.3896,4.57009,0.37861
385,7,0,0,5,0,1,0,0,-30.018,0.52641,0.15,427,31.3896,8.26161,0.37861
386,32,0,0,4,0,1,0,0,-22.605,0.52554,0.15,427,31.3896,2.52403,0.37861
387,5,0,0,2,0,1,0,0,-32.754,0.52466,0.15,427,31.3896,7.25507,0.37861
388,19,1,1,9,0,1,0,0,-20.409,0.52379,0.15,427,31.3896,5.51804,0.37939
389,36,0,0,11,0,1,0,0,-15.5,0.52292,0.15,427,31.3896,2.27653,0.37978
390,43,1,1,3,0,1,0,0,-22.758,0.52205,0.15,427,31.3896,2.45049,0.37978
391,66,2,2,10,0,1,0,0,-7.485,0.52118,0.15,427,31.3896,2.92176,0.38056
392,55,2,2,11,0,1,0,0,-10.948,0.52031,0.15,427,31.3896,2.54155,0.38056
393,21,1,1,6,0,1,0,0,-20.875,0.51944,0.15,427,31.3896,3.59377,0.38056
394,16,2,2,4,0,1,0,0,-21.12,0.51858,0.15,427,31.3896,5.40586,0.38056
395,183,7,7,32,0,1,0,0,37.127,0.51771,0.15,432,31.3896,2.71163,0.37963
396,94,3,3,10,0,1,0,0,-1.027,0.51685,0.15,433,31.3896,2.49153,0.37914
397,5,0,0,4,0,1,0,0,-32.806,0.51599,0.15,433,31.3896,1.95875,0.37914
398,26,2,2,12,0,1,0,0,-16.651,0.51513,0.15,433,31.3896,4.17625,0.37914
399,5,0,0,3,0,1,0,0,-33.408,0.51427,0.15,433,31.3896,0.88318,0.37914
400,40,2,2,4,0,1,0,0,-14.541,0.51342,0.15,433,31.3896,1.79782,0.37914
401,26,0,0,8,0,1,0,0,-21.009,0.51256,0.15,433,31.3896,2.25943,0.37914
402,49,1,1,6,0,1,0,0,-14.848,0.51171,0.15,433,31.3896,1.2291,0.37914
403,22,0,0,7,0,1,0,0,-24.915,0.51086,0.15,433,31.3896,4.7423,0.37914
404,100,7,7,17,0,1,0,0,21.363,0.51001,0.15,435,31.3896,2.8976,0.37893
405,13,0,0,6,0,1,0,0,-30.104,0.50916,0.15,435,31.3896,3.92573,0.37893
406,16,2,2,4,0,1,0,0,-20.193,0.50831,0.15,435,31.3896,4.57217,0.37893
407,49,6,6,13,0,1,0,0,12.945,0.50746,0.15,435,31.3896,2.95399,0.37893
408,5,0,0,4,0,1,0,0,-32.408,0.50662,0.15,435,31.3896,1.25102,0.37893
409,34,0,0,10,0,1,0,0,-17.473,0.50577,0.15,435,31.3896,1.7174,0.37931
410,29,2,2,8,0,1,0,0,-16.249,0.50493,0.15,436,31.3896,3.17255,0.3792
411,32,2,2,14,0,1,0,0,-10.012,0.50409,0.15,436,31.3896,3.86389,0.3792
412,19,1,1,7,0,1,0,0,-23.485,0.50325,0.15,436,31.3896,4.27476,0.3792
413,18,0,0,2,0,1,0,0,-28.292,0.50241,0.15,436,31.3896,2.78675,0.3792
414,5,0,0,3,0,1,0,0,-33.006,0.50158,0.15,436,31.3896,1.92419,0.3792
415,35,1,1,8,0,1,0,0,-19.603,0.50074,0.15,436,31.3896,2.99488,0.3792
416,37,2,2,7,0,1,0,0,-12.096,0.49991,0.15,436,31.3896,3.29448,0.3792
417,76,4,4,8,0,1,0,0,-6.263,0.49907,0.15,436,31.3896,2.59282,0.3792
418,22,0,0,5,0,1,0,0,-25.214,0.49824,0.15,436,31.3896,6.46411,0.3792
419,34,3,3,6,0,1,0,0,-12.878,0.49741,0.15,437,31.3896,3.78613,0.37872
420,109,9,9,29,0,1,0,0,37.955,0.49659,0.15,439,31.3896,3.41663,0.37813
421,5,0,0,3,0,1,0,0,-33.408,0.49576,0.15,439,31.3896,1.22768,0.37813
422,13,0,0,4,0,1,0,0,-29.273,0.49493,0.15,439,31.3896,5.55834,0.37813
423,104,5,5,14,0,1,0,0,3.219,0.49411,0.15,441,31.3896,2.92794,0.37717
424,5,0,0,4,0,1,0,0,-33.206,0.49329,0.15,441,31.3896,1.77053,0.37717
425,9,0,0,4,0,1,0,0,-32.302,0.49246,0.15,441,31.3896,2.8849,0.37717
426,66,3,3,11,0,1,0,0,-6.867,0.49164,0.15,441,31.3896,3.17055,0.37717
427,7,0,0,3,0,1,0,0,-28.74,0.49083,0.15,441,31.3896,7.58219,0.37717
428,363,22,22,41,0,1,0,0,111.286,0.49001,0.15,453,31.3896,2.27884,0.37675
429,55,4,4,5,0,1,0,0,-5.368,0.48919,0.15,453,31.3896,3.27607,0.37675
430,42,2,2,7,0,1,0,0,-7.455,0.48838,0.15,453,31.3896,3.07363,0.37712
431,113,8,8,18,0,1,0,0,27.504,0.48756,0.15,453,31.3896,3.14469,0.37859
432,54,3,3,15,0,1,0,0,1.294,0.48675,0.15,453,31.3896,2.54935,0.37859
433,5,0,0,4,0,1,0,0,-33.208,0.48594,0.15,453,31.3896,0.59393,0.37859
434,48,1,1,13,0,1,0,0,-10.718,0.48513,0.15,456,31.3896,2.48821,0.37756
435,36,2,2,7,0,1,0,0,-15.528,0.48432,0.15,456,31.3896,3.80181,0.37756
436,33,2,2,9,0,1,0,0,-13.173,0.48352,0.15,456,31.3896,1.97362,0.37756
437,15,0,0,6,0,1,0,0,-27.644,0.48271,0.15,456,31.3896,3.18132,0.37756
438,5,0,0,4,0,1,0,0,-32.404,0.48191,0.15,456,31.3896,4.39964,0.37756
439,5,0,0,4,0,1,0,0,-33.206,0.48111,0.15,456,31.3896,1.83393,0.37756
440,26,1,1,7,0,1,0,0,-16.996,0.48031,0.15,456,31.3896,4.47705,0.37756
441,5,0,0,3,0,1,0,0,-29.704,0.47951,0.15,456,31.3896,12.78211,0.37756
442,41,1,1,10,0,1,0,0,-17.863,0.47871,0.15,456,31.3896,3.25907,0.37756
443,24,0,0,4,0,1,0,0,-30.484,0.47791,0.15,456,31.3896,5.91228,0.37756
444,7,0,0,3,0,1,0,0,-32.606,0.47711,0.15,456,31.3896,5.00207,0.37756
445,58,4,4,9,0,1,0,0,-3.795,0.47632,0.15,458,31.3896,3.17024,0.37773
446,32,2,2,5,0,1,0,0,-18.554,0.47553,0.15,458,31.3896,3.97031,0.37773
447,21,0,0,1,0,1,0,0,-30.293,0.47473,0.15,458,31.3896,4.76661,0.37809
448,72,3,3,8,0,1,0,0,-9.629,0.47394,0.15,458,31.3896,2.33138,0.37809
449,72,2,2,12,0,1,0,0,-14.89,0.47315,0.15,459,31.3896,2.80828,0.378
450,29,1,1,5,0,1,0,0,-20.912,0.47237,0.15,459,31.3896,2.59591,0.378
451,26,1,1,6,0,1,0,0,-15.299,0.47158,0.15,460,31.3896,3.75078,0.3779
452,32,2,2,6,0,1,0,0,-17.762,0.47079,0.15,461,31.3896,4.54777,0.37816
453,5,0,0,4,0,1,0,0,-32.806,0.47001,0.15,461,31.3896,1.75997,0.37816
454,5,0,0,3,0,1,0,0,-28.454,0.46923,0.15,461,31.3896,10.80018,0.37816
455,16,0,0,1,0,1,0,0,-27.94,0.46845,0.15,461,31.3896,6.08087,0.37816
456,7,0,0,4,0,1,0,0,-27.316,0.46767,0.15,461,31.3896,4.66549,0.37816
457,72,1,1,4,0,1,0,0,-13.901,0.46689,0.15,461,31.3896,0.88004,0.37816
458,6,0,0,3,0,1,0,0,-28.402,0.46611,0.15,461,31.3896,10.44916,0.37816
459,44,1,1,5,0,1,0,0,-18.969,0.46533,0.15,461,31.3896,2.94551,0.37816
460,86,0,0,14,0,1,0,0,-10.207,0.46456,0.15,461,31.3896,2.15823,0.37889
461,21,2,2,7,0,1,0,0,-15.968,0.46379,0.15,461,31.3896,4.294,0.37925
462,6,0,0,2,0,1,0,0,-32.86,0.46301,0.15,461,31.3896,6.05802,0.37925
463,5,0,0,3,0,1,0,0,-33.008,0.46224,0.15,461,31.3896,4.35337,0.37925
464,51,2,2,9,0,1,0,0,-5.335,0.46147,0.15,461,31.3896,3.3732,0.37925
465,10,0,0,3,0,1,0,0,-32.154,0.4607,0.15,461,31.3896,4.59863,0.37925
466,5,0,0,2,0,1,0,0,-30.608,0.45994,0.15,461,31.3896,4.66709,0.37925
467,31,0,0,3,0,1,0,0,-24.306,0.45917,0.15,461,31.3896,3.20228,0.37925
468,48,2,2,6,0,1,0,0,-13.151,0.45841,0.15,461,31.3896,2.96498,0.37925
469,32,0,0,7,0,1,0,0,-22.851,0.45764,0.15,461,31.3896,3.95339,0.37925
470,98,4,4,11,0,1,0,0,-7.659,0.45688,0.15,463,31.3896,3.00299,0.37869
471,70,5,5,16,0,1,0,0,7.991,0.45612,0.15,464,31.3896,3.23228,0.37895
472,5,0,0,4,0,1,0,0,-32.808,0.45536,0.15,464,31.3896,3.22287,0.37895
473,23,2,2,10,0,1,0,0,-15.36,0.4546,0.15,464,31.3896,4.54785,0.37895
474,24,2,2,11,0,1,0,0,-17.238,0.45384,0.15,464,31.3896,5.29634,0.37895
475,51,4,4,9,0,1,0,0,-3.773,0.45309,0.15,464,31.3896,3.68421,0.37895
476,14,0,0,5,0,1,0,0,-30.64,0.45233,0.15,464,31.3896,6.52861,0.37895
477,5,0,0,4,0,1,0,0,-32.406,0.45158,0.15,464,31.3896,1.78287,0.37895
478,21,1,1,6,0,1,0,0,-21.298,0.45083,0.15,465,31.3896,5.15284,0.37849
479,5,0,0,4,0,1,0,0,-32.808,0.45008,0.15,465,31.3896,2.33746,0.37849
480,18,1,1,8,0,1,0,0,-18.091,0.44933,0.15,465,31.3896,3.34729,0.37849
481,38,0,0,8,0,1,0,0,-26.44,0.44858,0.15,465,31.3896,3.19794,0.37849
482,21,2,2,8,0,1,0,0,-16.623,0.44783,0.15,465,31.3896,3.69181,0.37849
483,30,0,0,10,0,1,0,0,-23.509,0.44709,0.15,465,31.3896,3.75771,0.37849
484,42,2,2,9,0,1,0,0,-13.494,0.44634,0.15,465,31.3896,3.23426,0.37849
485,139,10,10,20,0,1,0,0,35.535,0.4456,0.15,465,31.3896,2.8633,0.37885
486,13,0,0,4,0,1,0,0,-27.651,0.44486,0.15,465,31.3896,5.71236,0.37885
487,60,2,2,10,0,1,0,0,-9.434,0.44412,0.15,465,31.3896,2.62888,0.37885
488,151,7,7,23,0,1,0,0,19.366,0.44338,0.15,467,31.3896,2.71447,0.3783
489,48,4,4,10,0,1,0,0,-6.462,0.44264,0.15,470,31.3896,3.86838,0.37695
490,5,0,0,3,0,1,0,0,-33.408,0.4419,0.15,470,31.3896,1.30466,0.37695
491,89,4,4,12,0,1,0,0,3.271,0.44117,0.15,470,31.3896,2.68884,0.3773
492,60,3,3,9,0,1,0,0,-7.649,0.44043,0.15,470,31.3896,2.79588,0.3773
493,5,0,0,4,0,1,0,0,-32.008,0.4397,0.15,470,31.3896,2.31945,0.3773
494,20,0,0,6,0,1,0,0,-26.6,0.43897,0.15,470,31.3896,4.40268,0.37766
495,5,0,0,4,0,1,0,0,-32.402,0.43823,0.15,470,31.3896,8.5746,0.37766
496,54,2,2,10,0,1,0,0,-10.546,0.43751,0.15,470,31.3896,3.46661,0.37837
497,53,4,4,8,0,1,0,0,-11.267,0.43678,0.15,472,31.3896,4.74879,0.37747
498,35,0,0,2,0,1,0,0,-26.758,0.43605,0.15,472,31.3896,2.16728,0.37747
499,105,4,4,12,0,1,0,0,4.889,0.43532,0.15,473,31.3896,2.32268,0.37703
500,25,0,0,10,0,1,0,0,-21.021,0.4346,0.15,473,31.3896,2.93617,0.37703
501,7,0,0,4,0,1,0,0,-29.008,0.43387,0.15,473,31.3896,7.20655,0.37703
502,42,2,2,6,0,1,0,0,-16.902,0.43315,0.15,473,31.3896,2.99682,0.37703
503,85,4,4,12,0,1,0,0,-0.041,0.43243,0.15,473,31.3896,2.49704,0.37703
504,31,2,2,3,0,1,0,0,-17.951,0.43171,0.15,473,31.3896,3.47128,0.37703
505,11,0,0,2,0,1,0,0,-31.54,0.43099,0.15,473,31.3896,3.52029,0.37703
506,146,8,8,25,0,1,0,0,37.664,0.43027,0.15,473,31.3896,2.07222,0.37773
507,62,3,3,14,0,1,0,0,-5.43,0.42956,0.15,473,31.3896,2.63873,0.37808
508,21,0,0,9,0,1,0,0,-23.0,0.42884,0.15,473,31.3896,2.98216,0.37808
509,22,1,1,3,0,1,0,0,-21.844,0.42813,0.15,473,31.3896,3.82099,0.37808
510,5,0,0,2,0,1,0,0,-34.404,0.42741,0.15,473,31.3896,4.99732,0.37808
511,25,2,2,8,0,1,0,0,-13.604,0.4267,0.15,473,31.3896,3.5448,0.37808
512,78,2,2,15,0,1,0,0,-6.897,0.42599,0.15,476,31.3896,2.74016,0.37745
513,5,0,0,4,0,1,0,0,-32.808,0.42528,0.15,476,31.3896,0.77851,0.37745
514,26,2,2,8,0,1,0,0,-15.22,0.42457,0.15,476,31.3896,4.3119,0.37745
515,100,4,4,18,0,1,0,0,10.633,0.42387,0.15,479,31.3896,2.66156,0.37717
516,16,0,0,5,0,1,0,0,-28.18,0.42316,0.15,479,31.3896,5.13774,0.37717
517,101,8,8,19,0,1,0,0,30.51,0.42246,0.15,479,31.3896,2.51582,0.37717
518,50,2,2,13,0,1,0,0,-10.436,0.42175,0.15,480,31.3896,2.4885,0.37708
519,45,1,1,15,0,1,0,0,-8.815,0.42105,0.15,481,31.3896,4.06161,0.37699
520,27,3,3,5,0,1,0,0,-11.276,0.42035,0.15,481,31.3896,3.73979,0.37699
521,8,0,0,5,0,1,0,0,-25.398,0.41965,0.15,481,31.3896,5.60928,0.37699
522,24,0,0,6,0,1,0,0,-20.519,0.41895,0.15,481,31.3896,4.25355,0.37699
523,13,0,0,4,0,1,0,0,-27.126,0.41825,0.15,481,31.3896,6.01819,0.37699
524,13,1,1,5,0,1,0,0,-21.414,0.41756,0.15,481,31.3896,7.45922,0.37699
525,5,0,0,4,0,1,0,0,-32.808,0.41686,0.15,481,31.3896,1.49778,0.37699
526,16,0,0,4,0,1,0,0,-22.19,0.41617,0.15,481,31.3896,3.93572,0.37699
527,18,0,0,5,0,1,0,0,-24.336,0.41547,0.15,481,31.3896,4.09876,0.37699
528,13,1,1,3,0,1,0,0,-19.163,0.41478,0.15,481,31.3896,3.18195,0.37699
529,16,0,0,3,0,1,0,0,-27.919,0.41409,0.15,481,31.3896,3.21898,0.37699
530,58,5,5,17,0,1,0,0,8.163,0.4134,0.15,481,31.3896,3.14202,0.37769
531,25,0,0,8,0,1,0,0,-20.106,0.41271,0.15,481,31.3896,4.10426,0.37769
532,14,0,0,2,0,1,0,0,-30.088,0.41203,0.15,481,31.3896,2.87929,0.37769
533,13,0,0,4,0,1,0,0,-27.698,0.41134,0.15,481,31.3896,4.58984,0.37769
534,58,4,4,16,0,1,0,0,2.34,0.41066,0.15,481,31.3896,3.03249,0.37838
535,69,8,8,18,0,1,0,0,17.713,0.40997,0.15,481,31.3896,3.49032,0.37872
536,7,0,0,4,0,1,0,0,-30.658,0.40929,0.15,481,31.3896,4.79219,0.37872
537,37,2,2,10,0,1,0,0,-8.616,0.40861,0.15,481,31.3896,2.02578,0.37872
538,36,1,1,12,0,1,0,0,-13.136,0.40793,0.15,481,31.3896,2.89998,0.37872
539,61,3,3,11,0,1,0,0,-7.956,0.40725,0.15,481,31.3896,2.89777,0.37907
540,69,3,3,11,0,1,0,0,-3.424,0.40657,0.15,481,31.3896,2.20386,0.37976
541,28,0,0,7,0,1,0,0,-23.082,0.40589,0.15,481,31.3896,2.17101,0.37976
542,85,3,3,11,0,1,0,0,-6.268,0.40522,0.15,481,31.3896,2.59608,0.38011
543,45,0,0,10,0,1,0,0,-16.129,0.40454,0.15,481,31.3896,1.76927,0.38011
544,35,1,1,8,0,1,0,0,-17.095,0.40387,0.15,482,31.3896,2.23244,0.37967
545,16,1,1,4,0,1,0,0,-19.352,0.4032,0.15,482,31.3896,4.78652,0.37967
546,38,2,2,3,0,1,0,0,-19.807,0.40252,0.15,482,31.3896,3.12073,0.37967
547,12,0,0,3,0,1,0,0,-25.96,0.40185,0.15,482,31.3896,4.63872,0.37967
548,107,3,3,12,0,1,0,0,-2.184,0.40118,0.15,482,31.3896,1.94195,0.37967
549,30,0,0,3,0,1,0,0,-30.839,0.40052,0.15,482,31.3896,3.08306,0.37967
550,30,1,1,5,0,1,0,0,-21.518,0.39985,0.15,483,31.3896,2.75444,0.37992
551,11,0,0,3,0,1,0,0,-32.098,0.39918,0.15,483,31.3896,3.03075,0.37992
552,17,0,0,6,0,1,0,0,-29.508,0.39852,0.15,483,31.3896,4.23202,0.37992
553,42,0,0,3,0,1,0,0,-24.78,0.39786,0.15,483,31.3896,1.27133,0.37992
554,54,2,2,5,0,1,0,0,-9.729,0.39719,0.15,483,31.3896,2.28933,0.37992
555,13,0,0,4,0,1,0,0,-31.402,0.39653,0.15,483,31.3896,2.22864,0.37992
556,27,1,1,5,0,1,0,0,-19.357,0.39587,0.15,483,31.3896,2.81569,0.37992
557,27,3,3,8,0,1,0,0,-10.998,0.39521,0.15,483,31.3896,4.07863,0.37992
558,50,5,5,17,0,1,0,0,9.819,0.39455,0.15,483,31.3896,3.96332,0.38061
559,46,1,1,5,0,1,0,0,-18.886,0.3939,0.15,483,31.3896,1.64948,0.38061
560,44,3,3,9,0,1,0,0,-6.855,0.39324,0.15,483,31.3896,3.14916,0.38061
561,400,9,9,38,0,0,0,1,127.821,0.39259,0.15,489,31.3896,1.82396,0.38071
562,24,1,1,6,0,1,0,0,-22.049,0.39193,0.15,490,31.3896,5.32382,0.38061
563,56,4,4,8,0,1,0,0,-4.082,0.39128,0.15,490,31.3896,3.09689,0.38061
564,18,0,0,5,0,1,0,0,-29.644,0.39063,0.15,490,31.3896,4.88827,0.38061
565,25,0,0,4,0,1,0,0,-29.392,0.38998,0.15,490,31.3896,1.32441,0.38061
566,79,7,7,11,0,1,0,0,8.597,0.38933,0.15,490,31.3896,3.07313,0.38061
567,6,0,0,4,0,1,0,0,-32.356,0.38868,0.15,490,31.3896,3.62044,0.38061
568,5,0,0,4,0,1,0,0,-32.808,0.38803,0.15,490,31.3896,0.27068,0.38061
569,9,0,0,1,0,1,0,0,-32.102,0.38739,0.15,490,31.3896,6.51204,0.38061
570,5,0,0,3,0,1,0,0,-33.406,0.38674,0.15,490,31.3896,2.15915,0.38061
571,53,4,4,7,0,1,0,0,-0.14,0.3861,0.15,491,31.3896,3.33673,0.38052
572,9,0,0,5,0,1,0,0,-28.306,0.38545,0.15,491,31.3896,5.43471,0.38052
573,5,0,0,1,0,1,0,0,-31.26,0.38481,0.15,491,31.3896,4.9209,0.38052
574,63,4,4,10,0,1,0,0,-2.664,0.38417,0.15,491,31.3896,3.36905,0.38052
575,39,1,1,5,0,1,0,0,-19.092,0.38353,0.15,491,31.3896,2.76064,0.38052
576,26,0,0,2,0,1,0,0,-28.39,0.38289,0.15,491,31.3896,2.18528,0.38052
577,6,0,0,2,0,1,0,0,-33.95,0.38226,0.15,491,31.3896,4.19905,0.38052
578,27,1,1,4,0,1,0,0,-18.698,0.38162,0.15,491,31.3896,3.02725,0.38052
579,52,4,4,15,0,1,0,0,2.214,0.38098,0.15,491,31.3896,3.85534,0.38052
580,17,2,2,3,0,1,0,0,-22.245,0.38035,0.15,491,31.3896,5.96995,0.38052
581,112,6,6,18,0,1,0,0,20.884,0.37972,0.15,491,31.3896,2.27106,0.38119
582,15,1,1,6,0,1,0,0,-20.524,0.37908,0.15,491,31.3896,5.94685,0.38119
583,39,2,2,11,0,1,0,0,-9.496,0.37845,0.15,492,31.3896,3.74079,0.38076
584,38,2,2,7,0,1,0,0,-15.639,0.37782,0.15,492,31.3896,2.24902,0.38076
585,18,0,0,5,0,1,0,0,-27.142,0.37719,0.15,492,31.3896,2.50503,0.38076
586,37,3,3,11,0,1,0,0,-10.807,0.37656,0.15,492,31.3896,4.75959,0.38076
587,95,5,5,16,0,1,0,0,8.839,0.37594,0.15,492,31.3896,2.84919,0.38245
588,70,3,3,13,0,1,0,0,-4.923,0.37531,0.15,492,31.3896,3.33472,0.38245
589,268,13,13,37,0,1,0,0,78.14,0.37469,0.15,497,31.3896,1.85453,0.38095
590,47,2,2,8,0,1,0,0,-14.95,0.37406,0.15,497,31.3896,2.7146,0.38095
591,39,1,1,6,0,1,0,0,-15.281,0.37344,0.15,497,31.3896,1.49367,0.38095
592,117,5,5,22,0,1,0,0,10.673,0.37282,0.15,498,31.3896,2.69133,0.38086
593,71,4,4,14,0,1,0,0,3.641,0.3722,0.15,499,31.3896,2.11448,0.38043
594,72,3,3,12,0,1,0,0,0.398,0.37158,0.15,499,31.3896,2.28102,0.38043
595,19,0,0,4,0,1,0,0,-32.206,0.37096,0.15,499,31.3896,1.42917,0.38043
596,25,1,1,8,0,1,0,0,-17.439,0.37034,0.15,499,31.3896,3.88711,0.38043
597,89,2,2,8,0,1,0,0,-10.043,0.36972,0.15,499,31.3896,2.09145,0.38043
598,18,1,1,6,0,1,0,0,-19.524,0.36911,0.15,499,31.3896,4.44518,0.38043
599,218,6,6,18,0,1,0,0,38.483,0.36849,0.15,499,31.3896,1.73193,0.38143
600,32,2,2,2,0,1,0,0,-20.281,0.36788,0.15,499,31.3896,3.73622,0.38143
601,31,1,1,4,0,1,0,0,-15.896,0.36727,0.15,499,31.3896,2.61402,0.38143
602,14,0,0,3,0,1,0,0,-31.748,0.36666,0.15,499,31.3896,1.39933,0.38143
603,68,3,3,10,0,1,0,0,-0.361,0.36604,0.15,499,31.3896,1.8461,0.38143
604,21,1,1,10,0,1,0,0,-15.708,0.36544,0.15,499,31.3896,4.40565,0.38143
605,105,5,5,17,0,1,0,0,15.402,0.36483,0.15,500,31.3896,2.04794,0.38133
606,5,0,0,4,0,1,0,0,-32.006,0.36422,0.15,500,31.3896,1.99491,0.38133
607,14,0,0,1,0,1,0,0,-30.35,0.36361,0.15,500,31.3896,2.5509,0.38133
608,5,0,0,3,0,1,0,0,-33.404,0.36301,0.15,500,31.3896,2.68889,0.38133
609,78,0,0,5,0,1,0,0,-14.496,0.3624,0.15,500,31.3896,1.3395,0.38133
610,88,0,0,13,0,1,0,0,-13.583,0.3618,0.15,500,31.3896,1.98469,0.38167
611,42,2,2,9,0,1,0,0,-16.384,0.3612,0.15,500,31.3896,2.5211,0.38167
612,73,4,4,14,0,1,0,0,0.544,0.36059,0.15,500,31.3896,3.0413,0.38267
613,27,3,3,4,0,1,0,0,-11.865,0.35999,0.15,500,31.3896,2.90584,0.38267
614,220,9,9,22,0,1,0,0,50.157,0.35939,0.15,500,31.3896,2.12904,0.38367
615,16,0,0,7,0,1,0,0,-26.275,0.3588,0.15,500,31.3896,7.53763,0.38367
616,6,0,0,1,0,1,0,0,-31.806,0.3582,0.15,500,31.3896,7.13236,0.38367
617,26,1,1,7,0,1,0,0,-24.607,0.3576,0.15,500,31.3896,5.38368,0.38367
618,51,4,4,11,0,1,0,0,0.1,0.35701,0.15,500,31.3896,3.5096,0.38367
619,13,0,0,4,0,1,0,0,-29.571,0.35641,0.15,500,31.3896,5.64047,0.38367
620,84,3,3,17,0,1,0,0,7.979,0.35582,0.15,500,31.3896,2.32532,0.384
621,39,3,3,11,0,1,0,0,-5.35,0.35523,0.15,500,31.3896,2.78886,0.384
622,56,2,2,7,0,1,0,0,-13.73,0.35463,0.15,500,31.3896,3.53256,0.38433
623,76,2,2,16,0,1,0,0,-0.084,0.35404,0.15,502,31.3896,2.99018,0.38413
624,122,4,4,19,0,1,0,0,14.777,0.35345,0.15,503,31.3896,2.46882,0.38436
625,6,0,0,2,0,1,0,0,-28.054,0.35287,0.15,503,31.3896,9.54841,0.38436
626,24,0,0,4,0,1,0,0,-28.091,0.35228,0.15,503,31.3896,5.90626,0.38469
627,31,0,0,4,0,1,0,0,-28.182,0.35169,0.15,503,31.3896,1.372,0.38469
628,36,1,1,8,0,1,0,0,-14.279,0.35111,0.15,503,31.3896,4.35017,0.38502
629,71,3,3,11,0,1,0,0,-6.16,0.35052,0.15,504,31.3896,2.48066,0.38525
630,76,1,1,6,0,1,0,0,-9.103,0.34994,0.15,504,31.3896,1.73605,0.38525
631,136,3,3,17,0,1,0,0,15.13,0.34936,0.15,504,31.3896,2.19875,0.38591
632,14,0,0,2,0,1,0,0,-29.686,0.34877,0.15,504,31.3896,3.45969,0.38591
633,30,0,0,2,0,1,0,0,-24.303,0.34819,0.15,504,31.3896,2.45844,0.38591
634,205,12,12,27,0,1,0,0,56.851,0.34761,0.15,506,31.3896,1.99899,0.38603
635,40,1,1,7,0,1,0,0,-18.923,0.34703,0.15,506,31.3896,2.58556,0.38603
636,28,1,1,7,0,1,0,0,-19.158,0.34646,0.15,506,31.3896,3.19833,0.38636
637,210,13,13,31,0,1,0,0,57.447,0.34588,0.15,507,31.3896,1.97755,0.38626
638,99,4,4,15,0,1,0,0,4.238,0.3453,0.15,507,31.3896,2.4524,0.38626
639,23,0,0,5,0,1,0,0,-24.385,0.34473,0.15,507,31.3896,4.88589,0.38626
640,31,3,3,10,0,1,0,0,-5.62,0.34415,0.15,507,31.3896,3.56492,0.38626
641,37,1,1,8,0,1,0,0,-15.86,0.34358,0.15,507,31.3896,3.37804,0.38626
642,7,0,0,3,0,1,0,0,-30.158,0.34301,0.15,507,31.3896,6.32086,0.38626
643,56,2,2,14,0,1,0,0,-6.584,0.34244,0.15,507,31.3896,2.40529,0.38626
644,49,6,6,10,0,1,0,0,-0.954,0.34187,0.15,507,31.3896,3.31766,0.38659
645,47,1,1,10,0,1,0,0,-14.803,0.3413,0.15,507,31.3896,3.16114,0.38692
646,141,4,4,24,0,1,0,0,15.312,0.34073,0.15,510,31.3896,1.74549,0.38627
647,146,13,13,33,0,1,0,0,62.075,0.34016,0.15,511,31.3896,2.74904,0.38682
648,5,0,0,2,0,1,0,0,-34.006,0.3396,0.15,511,31.3896,3.0918,0.38682
649,128,9,9,28,0,1,0,0,39.425,0.33903,0.15,512,31.3896,2.54714,0.38639
650,16,1,1,5,0,1,0,0,-22.335,0.33847,0.15,512,31.3896,5.25572,0.38639
651,106,5,5,10,0,1,0,0,7.125,0.3379,0.15,512,31.3896,2.38894,0.38639
652,85,3,3,11,0,1,0,0,-0.448,0.33734,0.15,514,31.3896,2.41641,0.38554
653,36,1,1,11,0,1,0,0,-17.409,0.33678,0.15,514,31.3896,3.74626,0.38554
654,13,0,0,7,0,1,0,0,-26.165,0.33622,0.15,514,31.3896,3.42696,0.38554
655,39,3,3,9,0,1,0,0,-9.146,0.33566,0.15,514,31.3896,3.90912,0.38554
656,295,15,15,35,0,1,0,0,92.518,0.3351,0.15,514,31.3896,1.96963,0.38716
657,43,2,2,10,0,1,0,0,-10.106,0.33454,0.15,514,31.3896,2.75067,0.38716
658,229,24,24,42,0,1,0,0,117.563,0.33398,0.15,517,31.3896,2.803,0.3862
659,50,2,2,11,0,1,0,0,-7.491,0.33343,0.15,517,31.3896,2.64497,0.38652
660,33,1,1,4,0,1,0,0,-18.64,0.33287,0.15,517,31.3896,2.73438,0.38652
661,25,2,2,6,0,1,0,0,-13.759,0.33232,0.15,517,31.3896,3.1179,0.38652
662,8,0,0,3,0,1,0,0,-28.518,0.33176,0.15,517,31.3896,6.4637,0.38652
663,17,1,1,7,0,1,0,0,-16.203,0.33121,0.15,517,31.3896,3.75145,0.38652
664,29,1,1,6,0,1,0,0,-19.742,0.33066,0.15,517,31.3896,3.58783,0.38652
665,92,8,8,26,0,1,0,0,23.711,0.33011,0.15,517,31.3896,2.63149,0.38652
666,5,0,0,3,0,1,0,0,-33.006,0.32956,0.15,517,31.3896,2.15712,0.38652
667,16,0,0,6,0,1,0,0,-20.467,0.32901,0.15,517,31.3896,3.17469,0.38652
668,144,8,8,32,0,1,0,0,41.974,0.32846,0.15,517,31.3896,2.55528,0.38652
669,13,1,1,4,0,1,0,0,-22.923,0.32792,0.15,517,31.3896,6.44799,0.38652
670,37,2,2,6,0,1,0,0,-18.992,0.32737,0.15,517,31.3896,2.85061,0.38652
671,5,0,0,3,0,1,0,0,-33.002,0.32682,0.15,517,31.3896,6.9614,0.38652
672,19,2,2,5,0,1,0,0,-22.262,0.32628,0.15,517,31.3896,4.55243,0.38652
673,10,0,0,3,0,1,0,0,-30.898,0.32574,0.15,517,31.3896,3.78138,0.38652
674,149,12,12,26,0,1,0,0,52.308,0.32519,0.15,517,31.3896,2.63177,0.38685
675,19,2,2,9,0,1,0,0,-12.658,0.32465,0.15,517,31.3896,5.31899,0.38685
676,9,0,0,3,0,1,0,0,-24.95,0.32411,0.15,517,31.3896,6.61331,0.38685
677,171,12,12,22,0,1,0,0,58.85,0.32357,0.15,518,31.3896,2.40595,0.38674
678,33,1,1,3,0,1,0,0,-20.634,0.32303,0.15,518,31.3896,2.55646,0.38674
679,7,0,0,3,0,1,0,0,-33.406,0.3225,0.15,518,31.3896,3.53481,0.38674
680,269,13,13,34,0,1,0,0,87.659,0.32196,0.15,520,31.3896,2.30266,0.38686
681,44,2,2,4,0,1,0,0,-11.711,0.32142,0.15,520,31.3896,2.14585,0.38686
682,33,2,2,5,0,1,0,0,-14.224,0.32089,0.15,520,31.3896,3.86698,0.38686
683,12,0,0,2,0,1,0,0,-26.254,0.32035,0.15,520,31.3896,2.90267,0.38686
684,78,3,3,11,0,1,0,0,-2.345,0.31982,0.15,520,31.3896,3.82276,0.38686
685,40,2,2,11,0,1,0,0,-13.595,0.31929,0.15,520,31.3896,4.56473,0.38686
686,17,0,0,5,0,1,0,0,-27.141,0.31875,0.15,520,31.3896,6.01704,0.38686
687,5,0,0,4,0,1,0,0,-32.806,0.31822,0.15,520,31.3896,1.95766,0.38686
688,191,7,7,21,0,1,0,0,32.128,0.31769,0.15,520,31.3896,1.91802,0.38846
689,11,0,0,1,0,1,0,0,-34.098,0.31716,0.15,520,31.3896,3.9249,0.38846
690,101,3,3,18,0,1,0,0,5.367,0.31664,0.15,522,31.3896,2.77244,0.38793
691,38,4,4,7,0,1,0,0,-9.461,0.31611,0.15,522,31.3896,3.54466,0.38793
692,225,16,16,38,0,1,0,0,94.642,0.31558,0.15,524,31.3896,2.45803,0.38709
693,43,3,3,11,0,1,0,0,-6.009,0.31506,0.15,524,31.3896,2.24352,0.38709
694,28,1,1,7,0,1,0,0,-19.17,0.31453,0.15,524,31.3896,2.31174,0.38709
695,61,3,3,12,0,1,0,0,-0.415,0.31401,0.15,524,31.3896,2.72313,0.3874
696,130,10,10,31,0,1,0,0,45.502,0.31349,0.15,524,31.3896,2.69649,0.38804
697,5,0,0,3,0,1,0,0,-31.754,0.31296,0.15,524,31.3896,4.61357,0.38804
698,182,13,13,31,0,1,0,0,61.229,0.31244,0.15,524,31.3896,2.85466,0.38836
699,61,1,1,9,0,1,0,0,-5.731,0.31192,0.15,524,31.3896,3.42171,0.38836
700,61,5,5,15,0,1,0,0,10.369,0.3114,0.15,524,31.3896,2.68904,0.38836
701,19,1,1,6,0,1,0,0,-25.446,0.31088,0.15,524,31.3896,5.55794,0.38836
702,21,2,2,6,0,1,0,0,-15.447,0.31037,0.15,524,31.3896,5.45924,0.38836
703,14,0,0,4,0,1,0,0,-24.121,0.30985,0.15,524,31.3896,6.2577,0.38836
704,20,1,1,8,0,1,0,0,-20.046,0.30933,0.15,524,31.3896,3.63925,0.38836
705,44,4,4,10,0,1,0,0,-0.239,0.30882,0.15,524,31.3896,2.98877,0.38836
706,38,1,1,6,0,1,0,0,-22.514,0.3083,0.15,524,31.3896,2.39633,0.38836
707,90,9,9,15,0,1,0,0,26.632,0.30779,0.15,524,31.3896,2.85342,0.38868
708,128,3,3,15,0,1,0,0,8.726,0.30728,0.15,525,31.3896,2.04909,0.38857
709,179,14,14,36,0,1,0,0,67.848,0.30677,0.15,525,31.3896,2.87478,0.38889
710,18,0,0,5,0,1,0,0,-25.734,0.30626,0.15,525,31.3896,4.97565,0.38889
711,174,14,14,38,0,1,0,0,69.293,0.30575,0.15,526,31.3896,2.71965,0.3891
712,28,1,1,4,0,1,0,0,-26.551,0.30524,0.15,526,31.3896,3.85154,0.3891
713,77,5,5,17,0,1,0,0,11.561,0.30473,0.15,527,31.3896,2.34999,0.38931
714,14,0,0,6,0,1,0,0,-27.694,0.30422,0.15,527,31.3896,4.15759,0.38931
715,39,3,3,7,0,1,0,0,-8.737,0.30371,0.15,527,31.3896,2.67137,0.38931
716,193,13,13,32,0,1,0,0,73.088,0.30321,0.15,527,31.3896,2.5324,0.38931
717,96,1,1,7,0,1,0,0,-12.751,0.3027,0.15,527,31.3896,1.36618,0.38931
718,66,3,3,4,0,1,0,0,-11.186,0.3022,0.15,527,31.3896,2.12671,0.38931
719,32,2,2,9,0,1,0,0,-16.622,0.3017,0.15,527,31.3896,2.83931,0.38931
720,28,1,1,8,0,1,0,0,-18.218,0.30119,0.15,527,31.3896,4.28334,0.38931
721,17,0,0,5,0,1,0,0,-25.565,0.30069,0.15,527,31.3896,5.38283,0.38931
722,51,2,2,11,0,1,0,0,-3.577,0.30019,0.15,527,31.3896,2.93369,0.38931
723,153,1,1,6,0,1,0,0,-20.181,0.29969,0.15,527,31.3896,1.79329,0.38963
724,121,4,4,17,0,1,0,0,9.7,0.29919,0.15,527,31.3896,2.14803,0.38994
725,29,1,1,5,0,1,0,0,-17.066,0.29869,0.15,527,31.3896,3.48709,0.38994
726,20,0,0,3,0,1,0,0,-22.582,0.2982,0.15,527,31.3896,2.9042,0.38994
727,29,0,0,3,0,1,0,0,-22.411,0.2977,0.15,527,31.3896,3.36992,0.38994
728,216,10,10,30,0,1,0,0,39.557,0.2972,0.15,530,31.3896,2.45992,0.38899
729,107,2,2,10,0,1,0,0,-2.409,0.29671,0.15,530,31.3896,2.58105,0.38899
730,85,3,3,10,0,1,0,0,1.884,0.29622,0.15,530,31.3896,2.37327,0.38931
731,23,0,0,6,0,1,0,0,-22.604,0.29572,0.15,530,31.3896,3.84138,0.38931
732,77,3,3,10,0,1,0,0,1.54,0.29523,0.15,530,31.3896,2.29055,0.38931
733,103,7,7,20,0,1,0,0,25.264,0.29474,0.15,530,31.3896,2.38803,0.38931
734,53,0,0,13,0,1,0,0,-11.202,0.29425,0.15,530,31.3896,3.3042,0.38962
735,13,0,0,5,0,1,0,0,-28.498,0.29376,0.15,530,31.3896,7.32957,0.38962
736,55,3,3,11,0,1,0,0,-1.246,0.29327,0.15,530,31.3896,1.89198,0.38962
737,12,0,0,1,0,1,0,0,-27.984,0.29278,0.15,530,31.3896,3.36354,0.38962
738,5,0,0,2,0,1,0,0,-34.408,0.29229,0.15,530,31.3896,1.19523,0.38962
739,28,1,1,7,0,1,0,0,-13.363,0.29181,0.15,530,31.3896,1.75172,0.38962
740,102,3,3,9,0,1,0,0,0.274,0.29132,0.15,530,31.3896,2.03781,0.38962
741,41,1,1,4,0,1,0,0,-25.054,0.29083,0.15,530,31.3896,3.27916,0.38962
742,125,2,2,10,0,1,0,0,-2.032,0.29035,0.15,530,31.3896,1.86729,0.38962
743,8,0,0,4,0,1,0,0,-32.652,0.28987,0.15,530,31.3896,2.90995,0.38962
744,93,2,2,11,0,1,0,0,1.157,0.28938,0.15,530,31.3896,2.36343,0.39025
745,29,3,3,9,0,1,0,0,-13.3,0.2889,0.15,530,31.3896,3.20799,0.39057
746,185,10,10,30,0,1,0,0,56.947,0.28842,0.15,531,31.3896,2.24918,0.3914
747,13,0,0,2,0,1,0,0,-27.423,0.28794,0.15,531,31.3896,6.26131,0.3914
748,5,0,0,3,0,1,0,0,-30.408,0.28746,0.15,531,31.3896,6.90481,0.3914
749,22,2,2,7,0,1,0,0,-19.488,0.28698,0.15,531,31.3896,4.74686,0.3914
750,61,1,1,13,0,1,0,0,-8.185,0.2865,0.15,531,31.3896,2.65562,0.3914
751,13,0,0,4,0,1,0,0,-22.159,0.28603,0.15,531,31.3896,4.53411,0.3914
752,308,22,22,52,0,1,0,0,130.206,0.28555,0.15,534,31.3896,2.31881,0.39232
753,62,3,3,14,0,1,0,0,1.843,0.28508,0.15,535,31.3896,2.75715,0.39252
754,42,1,1,7,0,1,0,0,-14.998,0.2846,0.15,535,31.3896,1.79153,0.39252
755,162,9,9,22,0,1,0,0,39.685,0.28413,0.15,535,31.3896,2.21131,0.39283
756,173,17,17,40,0,1,0,0,87.803,0.28365,0.15,536,31.3896,2.79955,0.39241
757,29,0,0,8,0,1,0,0,-19.332,0.28318,0.15,536,31.3896,4.17306,0.39241
758,17,0,0,5,0,1,0,0,-28.758,0.28271,0.15,536,31.3896,5.65439,0.39241
759,28,1,1,9,0,1,0,0,-21.085,0.28224,0.15,536,31.3896,4.21285,0.39241
760,67,4,4,9,0,1,0,0,1.7,0.28177,0.15,536,31.3896,2.77289,0.39241
761,68,5,5,13,0,1,0,0,5.443,0.2813,0.15,537,31.3896,3.75309,0.39199
762,38,3,3,9,0,1,0,0,-7.726,0.28083,0.15,537,31.3896,3.34463,0.39199
763,31,1,1,7,0,1,0,0,-20.238,0.28036,0.15,537,31.3896,2.88127,0.39199
764,134,4,4,17,0,1,0,0,14.091,0.2799,0.15,537,31.3896,1.43601,0.39199
765,57,2,2,11,0,1,0,0,-9.14,0.27943,0.15,537,31.3896,2.21921,0.39199
766,33,3,3,10,0,1,0,0,-2.705,0.27897,0.15,537,31.3896,2.45516,0.39199
767,21,1,1,8,0,1,0,0,-16.867,0.2785,0.15,537,31.3896,3.62829,0.39199
768,175,12,12,30,0,1,0,0,59.61,0.27804,0.15,537,31.3896,2.46437,0.39199
769,28,1,1,7,0,1,0,0,-13.018,0.27757,0.15,537,31.3896,2.56308,0.39199
770,27,2,2,7,0,1,0,0,-14.396,0.27711,0.15,537,31.3896,3.20632,0.39199
771,38,1,1,6,0,1,0,0,-15.564,0.27665,0.15,537,31.3896,2.60414,0.39199
772,25,0,0,3,0,1,0,0,-30.062,0.27619,0.15,537,31.3896,2.77509,0.39199
773,50,3,3,13,0,1,0,0,-1.253,0.27573,0.15,537,31.3896,3.40091,0.39199
774,103,9,9,34,0,1,0,0,44.645,0.27527,0.15,539,31.3896,2.51483,0.39177
775,5,0,0,4,0,1,0,0,-33.206,0.27481,0.15,539,31.3896,2.13184,0.39177
776,159,9,9,20,0,1,0,0,42.002,0.27435,0.15,539,31.3896,1.65379,0.39177
777,5,0,0,3,0,1,0,0,-33.006,0.2739,0.15,539,31.3896,1.71775,0.39177
778,59,6,6,13,0,1,0,0,11.602,0.27344,0.15,539,31.3896,2.59272,0.39177
779,41,2,2,5,0,1,0,0,-13.564,0.27299,0.15,539,31.3896,2.33713,0.39177
780,79,6,6,20,0,1,0,0,20.166,0.27253,0.15,539,31.3896,2.75189,0.39177
781,55,4,4,10,0,1,0,0,2.469,0.27208,0.15,539,31.3896,2.93893,0.39177
782,70,5,5,20,0,1,0,0,8.363,0.27162,0.15,539,31.3896,4.04688,0.39208
783,62,2,2,10,0,1,0,0,-7.653,0.27117,0.15,539,31.3896,2.21253,0.39208
784,28,2,2,5,0,1,0,0,-13.771,0.27072,0.15,539,31.3896,4.00026,0.39208
785,170,11,11,30,0,1,0,0,60.01,0.27027,0.15,539,31.3896,2.10239,0.3927
786,63,6,6,15,0,1,0,0,13.609,0.26982,0.15,539,31.3896,2.68619,0.3927
787,49,3,3,12,0,1,0,0,-7.616,0.26937,0.15,539,31.3896,3.91208,0.3927
788,47,2,2,12,0,1,0,0,-4.66,0.26892,0.15,539,31.3896,2.95655,0.3927
789,29,1,1,6,0,1,0,0,-23.817,0.26847,0.15,539,31.3896,5.80376,0.3927
790,13,0,0,3,0,1,0,0,-28.623,0.26803,0.15,539,31.3896,6.28019,0.3927
791,96,4,4,10,0,1,0,0,6.397,0.26758,0.15,539,31.3896,1.70543,0.3927
792,28,0,0,3,0,1,0,0,-30.948,0.26714,0.15,539,31.3896,1.28423,0.3927
793,400,17,17,30,0,0,0,1,147.335,0.26669,0.15,539,31.3896,1.47461,0.39301
794,7,0,0,6,0,1,0,0,-25.706,0.26625,0.15,539,31.3896,6.48174,0.39301
795,99,8,8,20,0,1,0,0,27.074,0.2658,0.15,539,31.3896,3.30913,0.39363
796,158,11,11,21,0,1,0,0,45.011,0.26536,0.15,539,31.3896,2.34433,0.39394
797,10,0,0,3,0,1,0,0,-26.106,0.26492,0.15,539,31.3896,4.58637,0.39394
798,60,3,3,22,0,1,0,0,4.811,0.26448,0.15,539,31.3896,3.80833,0.39394
799,400,25,25,69,0,0,0,1,211.464,0.26404,0.15,540,31.3896,1.93737,0.39352
800,122,6,6,22,0,1,0,0,20.096,0.2636,0.15,540,31.3896,1.73238,0.39414
801,28,1,1,10,0,1,0,0,-12.205,0.26316,0.15,540,31.3896,4.30016,0.39414
802,21,3,3,4,0,1,0,0,-17.107,0.26272,0.15,540,31.3896,5.26101,0.39414
803,5,0,0,3,0,1,0,0,-33.406,0.26228,0.15,540,31.3896,1.47548,0.39414
804,15,1,1,4,0,1,0,0,-21.328,0.26185,0.15,540,31.3896,5.04352,0.39414
805,231,23,23,57,0,1,0,0,132.598,0.26141,0.15,540,31.3896,2.81795,0.39414
806,5,0,0,3,0,1,0,0,-33.404,0.26097,0.15,540,31.3896,2.84977,0.39414
807,83,7,7,25,0,1,0,0,27.483,0.26054,0.15,543,31.3896,3.08229,0.39319
808,121,12,12,30,0,1,0,0,58.6,0.26011,0.15,545,31.3896,3.51786,0.39266
809,112,6,6,27,0,1,0,0,25.025,0.25967,0.15,545,31.3896,3.1182,0.39297
810,246,16,16,47,0,1,0,0,97.69,0.25924,0.15,545,31.3896,2.15284,0.39327
811,15,0,0,3,0,1,0,0,-28.232,0.25881,0.15,545,31.3896,3.658,0.39327
812,38,1,1,9,0,1,0,0,-15.353,0.25838,0.15,545,31.3896,4.35658,0.39327
813,60,3,3,19,0,1,0,0,3.44,0.25795,0.15,545,31.3896,2.90206,0.39327
814,27,2,2,6,0,1,0,0,-12.579,0.25752,0.15,545,31.3896,2.38736,0.39327
815,38,1,1,5,0,1,0,0,-19.88,0.25709,0.15,545,31.3896,3.15836,0.39327
816,10,0,0,5,0,1,0,0,-22.992,0.25666,0.15,545,31.3896,4.38942,0.39327
817,45,1,1,8,0,1,0,0,-18.073,0.25623,0.15,545,31.3896,2.50567,0.39327
818,5,0,0,2,0,1,0,0,-31.104,0.25581,0.15,545,31.3896,4.88983,0.39327
819,109,10,10,35,0,1,0,0,55.771,0.25538,0.15,545,31.3896,3.2171,0.39327
820,68,5,5,13,0,1,0,0,11.106,0.25496,0.15,545,31.3896,2.50589,0.39327
821,160,15,15,40,0,1,0,0,72.819,0.25453,0.15,545,31.3896,3.19562,0.39327
822,5,0,0,4,0,1,0,0,-32.406,0.25411,0.15,545,31.3896,1.96882,0.39327
823,175,10,10,33,0,1,0,0,59.521,0.25368,0.15,545,31.3896,2.08123,0.39327
824,44,0,0,8,0,1,0,0,-20.109,0.25326,0.15,545,31.3896,3.57727,0.39327
825,74,2,2,11,0,1,0,0,-14.478,0.25284,0.15,546,31.3896,3.41599,0.39347
826,191,13,13,31,0,1,0,0,79.718,0.25242,0.15,546,31.3896,2.62186,0.39377
827,50,1,1,17,0,1,0,0,-6.739,0.252,0.15,546,31.3896,3.19882,0.39377
828,5,0,0,4,0,1,0,0,-32.808,0.25158,0.15,546,31.3896,0.68783,0.39377
829,55,3,3,12,0,1,0,0,4.259,0.25116,0.15,546,31.3896,2.20964,0.39377
830,15,1,1,7,0,1,0,0,-22.009,0.25074,0.15,546,31.3896,5.17444,0.39377
831,18,3,3,9,0,1,0,0,-7.739,0.25032,0.15,546,31.3896,4.62198,0.39377
832,71,6,6,16,0,1,0,0,9.193,0.24991,0.15,546,31.3896,2.87776,0.39377
833,260,18,18,39,0,1,0,0,92.898,0.24949,0.15,547,31.3896,2.47214,0.39397
834,13,1,1,2,0,1,0,0,-22.329,0.24908,0.15,547,31.3896,5.35611,0.39397
835,130,7,7,18,0,1,0,0,20.74,0.24866,0.15,547,31.3896,2.45995,0.39397
836,5,0,0,4,0,1,0,0,-32.806,0.24825,0.15,547,31.3896,1.57768,0.39397
837,54,6,6,11,0,1,0,0,9.167,0.24783,0.15,547,31.3896,3.2972,0.39397
838,86,3,3,19,0,1,0,0,5.654,0.24742,0.15,547,31.3896,2.86429,0.39397
839,46,5,5,14,0,1,0,0,1.658,0.24701,0.15,547,31.3896,3.15949,0.39397
840,100,11,11,25,0,1,0,0,44.055,0.2466,0.15,547,31.3896,2.54796,0.39397
841,37,4,4,10,0,1,0,0,-5.256,0.24619,0.15,548,31.3896,4.6082,0.39386
842,36,2,2,6,0,1,0,0,-13.128,0.24578,0.15,548,31.3896,2.91661,0.39386
843,25,2,2,6,0,1,0,0,-12.389,0.24537,0.15,548,31.3896,2.76348,0.39386
844,18,1,1,7,0,1,0,0,-16.937,0.24496,0.15,548,31.3896,3.70574,0.39386
845,43,3,3,13,0,1,0,0,-8.126,0.24455,0.15,548,31.3896,3.40345,0.39386
846,65,5,5,12,0,1,0,0,8.691,0.24414,0.15,548,31.3896,2.70169,0.39386
847,113,6,6,26,0,1,0,0,28.601,0.24374,0.15,549,31.3896,2.72943,0.39344
848,41,1,1,7,0,1,0,0,-13.591,0.24333,0.15,549,31.3896,3.91493,0.39375
849,13,0,0,4,0,1,0,0,-25.973,0.24293,0.15,549,31.3896,7.35128,0.39375
850,110,6,6,22,0,1,0,0,16.008,0.24252,0.15,549,31.3896,2.08375,0.39375
851,55,7,7,15,0,1,0,0,14.656,0.24212,0.15,549,31.3896,3.06532,0.39375
852,400,18,18,46,0,0,0,1,160.797,0.24171,0.15,550,31.3896,2.0033,0.39485
853,220,11,11,34,0,1,0,0,63.856,0.24131,0.15,550,31.3896,2.0204,0.39515
854,48,4,4,15,0,1,0,0,2.817,0.24091,0.15,550,31.3896,3.02805,0.39515
855,400,23,23,52,0,0,0,1,175.183,0.24051,0.15,551,31.3896,2.02702,0.39534
856,15,0,0,5,0,1,0,0,-27.02,0.24011,0.15,552,31.3896,7.34581,0.39493
857,27,0,0,10,0,1,0,0,-17.791,0.23971,0.15,552,31.3896,3.28631,0.39493
858,16,1,1,7,0,1,0,0,-19.828,0.23931,0.15,552,31.3896,3.44894,0.39493
859,70,5,5,17,0,1,0,0,10.397,0.23891,0.15,552,31.3896,2.60039,0.39493
860,21,1,1,7,0,1,0,0,-20.466,0.23851,0.15,552,31.3896,2.97527,0.39493
861,111,4,4,14,0,1,0,0,18.036,0.23812,0.15,552,31.3896,1.80393,0.39493
862,37,1,1,5,0,1,0,0,-19.321,0.23772,0.15,552,31.3896,3.21656,0.39493
863,8,0,0,3,0,1,0,0,-26.106,0.23732,0.15,552,31.3896,6.04017,0.39493
864,127,4,4,17,0,1,0,0,19.538,0.23693,0.15,552,31.3896,1.78738,0.39493
865,104,2,2,10,0,1,0,0,-3.474,0.23653,0.15,553,31.3896,1.91255,0.39451
866,312,6,6,27,0,1,0,0,56.981,0.23614,0.15,553,31.3896,1.17782,0.39482
867,13,0,0,4,0,1,0,0,-27.425,0.23575,0.15,553,31.3896,6.36257,0.39512
868,21,0,0,3,0,1,0,0,-30.49,0.23535,0.15,553,31.3896,1.81042,0.39512
869,64,4,4,12,0,1,0,0,2.034,0.23496,0.15,553,31.3896,2.32188,0.39542
870,41,2,2,3,0,1,0,0,-12.751,0.23457,0.15,553,31.3896,1.74486,0.39542
871,112,2,2,15,0,1,0,0,1.369,0.23418,0.15,553,31.3896,2.02798,0.39542
872,100,4,4,10,0,1,0,0,4.898,0.23379,0.15,553,31.3896,2.07854,0.39542
873,18,0,0,3,0,1,0,0,-25.364,0.2334,0.15,553,31.3896,2.96122,0.39542
874,23,0,0,4,0,1,0,0,-27.302,0.23301,0.15,553,31.3896,2.4151,0.39542
875,400,15,15,50,0,0,0,1,158.82,0.23262,0.15,553,31.3896,1.53067,0.39572
876,58,5,5,12,0,1,0,0,8.726,0.23224,0.15,553,31.3896,2.12755,0.39572
877,7,0,0,0,0,1,0,0,-28.904,0.23185,0.15,553,31.3896,10.35477,0.39572
878,255,21,21,48,0,1,0,0,121.919,0.23146,0.15,555,31.3896,2.15731,0.3952
879,102,3,3,12,0,1,0,0,8.486,0.23108,0.15,555,31.3896,1.31562,0.3955
880,23,2,2,10,0,1,0,0,-12.765,0.23069,0.15,555,31.3896,5.35093,0.3955
881,400,21,21,46,0,0,0,1,183.347,0.23031,0.15,556,31.3896,1.47088,0.39538
882,109,2,2,10,0,1,0,0,4.829,0.22993,0.15,556,31.3896,1.25667,0.39538
883,327,6,6,22,0,1,0,0,52.863,0.22954,0.15,557,31.3896,1.74737,0.39497
884,50,4,4,9,0,1,0,0,-0.623,0.22916,0.15,557,31.3896,1.7926,0.39497
885,35,1,1,7,0,1,0,0,-12.815,0.22878,0.15,557,31.3896,2.99812,0.39497
886,218,12,12,26,0,1,0,0,52.594,0.2284,0.15,557,31.3896,2.18858,0.39527
887,82,3,3,13,0,1,0,0,1.284,0.22802,0.15,557,31.3896,1.72035,0.39527
888,14,0,0,5,0,1,0,0,-28.627,0.22764,0.15,557,31.3896,5.77568,0.39527
889,32,2,2,10,0,1,0,0,-15.422,0.22726,0.15,557,31.3896,3.53781,0.39527
890,20,1,1,6,0,1,0,0,-19.901,0.22688,0.15,557,31.3896,3.5859,0.39527
891,28,0,0,4,0,1,0,0,-28.63,0.2265,0.15,557,31.3896,1.29817,0.39527
892,20,1,1,5,0,1,0,0,-22.535,0.22613,0.15,557,31.3896,3.9521,0.39527
893,19,0,0,2,0,1,0,0,-33.28,0.22575,0.15,557,31.3896,1.60574,0.39527
894,19,2,2,6,0,1,0,0,-16.277,0.22537,0.15,557,31.3896,5.7824,0.39527
895,38,0,0,2,0,1,0,0,-27.061,0.225,0.15,557,31.3896,2.71359,0.39527
896,27,1,1,4,0,1,0,0,-19.433,0.22462,0.15,557,31.3896,3.08842,0.39527
897,397,21,21,49,0,1,0,0,132.173,0.22425,0.15,557,31.3896,1.95048,0.39587
898,55,2,2,10,0,1,0,0,-13.097,0.22388,0.15,557,31.3896,2.95333,0.39587
899,52,1,1,3,0,1,0,0,-14.423,0.2235,0.15,557,31.3896,1.46613,0.39587
900,39,1,1,9,0,1,0,0,-14.545,0.22313,0.15,557,31.3896,3.23599,0.39587
901,30,3,3,13,0,1,0,0,-4.476,0.22276,0.15,557,31.3896,4.21722,0.39587
902,80,0,0,2,0,1,0,0,-15.174,0.22239,0.15,557,31.3896,1.41383,0.39587
903,25,0,0,4,0,1,0,0,-28.69,0.22202,0.15,557,31.3896,1.35148,0.39587
904,64,2,2,9,0,1,0,0,-8.753,0.22165,0.15,557,31.3896,1.91043,0.39587
905,31,1,1,8,0,1,0,0,-16.039,0.22128,0.15,557,31.3896,2.74083,0.39587
906,70,3,3,12,0,1,0,0,-4.415,0.22091,0.15,557,31.3896,2.20348,0.39587
907,15,1,1,4,0,1,0,0,-20.097,0.22054,0.15,557,31.3896,3.42572,0.39587
908,76,2,2,10,0,1,0,0,-2.043,0.22017,0.15,557,31.3896,2.65833,0.39587
909,67,2,2,12,0,1,0,0,-5.099,0.21981,0.15,557,31.3896,2.03317,0.39587
910,84,4,4,11,0,1,0,0,3.8,0.21944,0.15,557,31.3896,2.34369,0.39587
911,207,10,10,38,0,1,0,0,52.915,0.21908,0.15,557,31.3896,2.58242,0.39707
912,141,4,4,15,0,1,0,0,16.975,0.21871,0.15,557,31.3896,1.53739,0.39707
913,128,9,9,16,0,1,0,0,28.945,0.21835,0.15,557,31.3896,2.41101,0.39707
914,184,4,4,9,0,1,0,0,16.277,0.21798,0.15,557,31.3896,1.32755,0.39707
915,36,0,0,4,0,1,0,0,-21.766,0.21762,0.15,557,31.3896,2.8468,0.39707
916,351,8,8,25,0,1,0,0,73.35,0.21726,0.15,557,31.3896,1.22,0.39707
917,7,0,0,1,0,1,0,0,-27.9,0.2169,0.15,557,31.3896,8.43391,0.39707
918,73,0,0,2,0,1,0,0,-13.82,0.21654,0.15,557,31.3896,1.04648,0.39707
919,400,10,10,20,0,0,0,1,120.563,0.21618,0.15,557,31.3896,1.15622,0.39707
920,227,4,4,15,0,1,0,0,30.738,0.21582,0.15,557,31.3896,1.42245,0.39707
921,251,18,18,31,0,1,0,0,105.197,0.21546,0.15,557,31.3896,1.90354,0.39737
922,247,3,3,13,0,1,0,0,25.895,0.2151,0.15,557,31.3896,1.52269,0.39737
923,184,8,8,20,0,1,0,0,43.941,0.21474,0.15,557,31.3896,2.1779,0.39767
924,94,7,7,16,0,1,0,0,25.779,0.21438,0.15,557,31.3896,2.63228,0.39767
925,71,4,4,11,0,1,0,0,8.659,0.21402,0.15,557,31.3896,2.15954,0.39767
926,16,0,0,7,0,1,0,0,-23.384,0.21367,0.15,557,31.3896,2.97114,0.39767
927,64,3,3,15,0,1,0,0,4.064,0.21331,0.15,557,31.3896,2.51158,0.39767
928,70,3,3,13,0,1,0,0,-7.386,0.21296,0.15,557,31.3896,2.74022,0.39767
929,14,0,0,3,0,1,0,0,-27.952,0.2126,0.15,557,31.3896,3.6241,0.39767
930,58,3,3,11,0,1,0,0,-3.133,0.21225,0.15,557,31.3896,2.66804,0.39767
931,256,17,17,35,0,1,0,0,106.858,0.21189,0.15,558,31.3896,2.23161,0.39755
932,99,1,1,16,0,1,0,0,1.037,0.21154,0.15,558,31.3896,2.70095,0.39755
933,48,1,1,7,0,1,0,0,-12.085,0.21119,0.15,558,31.3896,2.67999,0.39755
934,49,3,3,13,0,1,0,0,0.274,0.21084,0.15,558,31.3896,2.80044,0.39755
935,28,2,2,6,0,1,0,0,-12.765,0.21049,0.15,558,31.3896,3.31349,0.39755
936,5,0,0,2,0,1,0,0,-30.66,0.21014,0.15,558,31.3896,4.83233,0.39755
937,42,4,4,12,0,1,0,0,2.691,0.20979,0.15,558,31.3896,2.53847,0.39755
938,41,1,1,8,0,1,0,0,-12.983,0.20944,0.15,558,31.3896,2.30638,0.39755
939,117,3,3,17,0,1,0,0,1.573,0.20909,0.15,558,31.3896,1.85314,0.39755
940,120,5,5,11,0,1,0,0,4.757,0.20874,0.15,558,31.3896,1.94246,0.39755
941,74,2,2,10,0,1,0,0,-7.446,0.20839,0.15,558,31.3896,2.42088,0.39755
942,207,4,4,19,0,1,0,0,19.077,0.20805,0.15,558,31.3896,2.32298,0.39845
943,50,1,1,10,0,1,0,0,-12.906,0.2077,0.15,558,31.3896,2.19051,0.39845
944,400,20,20,53,0,0,0,1,162.872,0.20735,0.15,558,31.3896,2.0236,0.39845
945,113,6,6,14,0,1,0,0,13.377,0.20701,0.15,558,31.3896,2.6258,0.39845
946,273,17,17,44,0,1,0,0,101.134,0.20666,0.15,558,31.3896,2.85401,0.39875
947,39,3,3,5,0,1,0,0,-8.837,0.20632,0.15,558,31.3896,2.89053,0.39875
948,86,3,3,13,0,1,0,0,-1.684,0.20598,0.15,558,31.3896,3.32381,0.39875
949,24,2,2,10,0,1,0,0,-10.723,0.20563,0.15,558,31.3896,5.43505,0.39875
950,114,8,8,19,0,1,0,0,25.515,0.20529,0.15,559,31.3896,2.6167,0.39833
951,33,3,3,10,0,1,0,0,-8.01,0.20495,0.15,559,31.3896,4.93346,0.39833
952,14,1,1,2,0,1,0,0,-22.375,0.20461,0.15,559,31.3896,5.15709,0.39833
953,85,4,4,13,0,1,0,0,4.935,0.20427,0.15,559,31.3896,2.72398,0.39833
954,61,1,1,3,0,1,0,0,-18.095,0.20393,0.15,559,31.3896,2.17942,0.39833
955,17,1,1,3,0,1,0,0,-23.618,0.20359,0.15,559,31.3896,4.79662,0.39833
956,165,11,11,22,0,1,0,0,52.24,0.20325,0.15,559,31.3896,1.70636,0.39833
957,23,1,1,4,0,1,0,0,-20.237,0.20291,0.15,559,31.3896,3.64225,0.39833
958,138,4,4,18,0,1,0,0,10.28,0.20257,0.15,559,31.3896,1.43498,0.39833
959,198,6,6,27,0,1,0,0,47.717,0.20223,0.15,559,31.3896,1.7677,0.39833
960,344,15,15,42,0,1,0,0,104.485,0.2019,0.15,559,31.3896,2.2528,0.39863
961,82,3,3,11,0,1,0,0,-4.165,0.20156,0.15,559,31.3896,1.80265,0.39863
962,142,8,8,28,0,1,0,0,41.252,0.20122,0.15,559,31.3896,1.89394,0.39863
963,18,2,2,7,0,1,0,0,-17.457,0.20089,0.15,559,31.3896,6.54354,0.39863
964,5,0,0,1,0,1,0,0,-31.704,0.20056,0.15,559,31.3896,8.60174,0.39863
965,46,5,5,13,0,1,0,0,6.441,0.20022,0.15,559,31.3896,3.14651,0.39863
966,25,2,2,4,0,1,0,0,-16.277,0.19989,0.15,559,31.3896,3.11785,0.39863
967,44,2,2,10,0,1,0,0,-6.438,0.19955,0.15,559,31.3896,2.87605,0.39863
968,7,0,0,2,0,1,0,0,-31.948,0.19922,0.15,559,31.3896,4.88466,0.39863
969,23,0,0,4,0,1,0,0,-24.191,0.19889,0.15,559,31.3896,3.53816,0.39863
970,19,1,1,4,0,1,0,0,-19.311,0.19856,0.15,559,31.3896,2.44899,0.39863
971,19,1,1,6,0,1,0,0,-17.747,0.19823,0.15,559,31.3896,4.06633,0.39863
972,211,13,13,30,0,1,0,0,70.357,0.1979,0.15,559,31.3896,2.34796,0.39863
973,158,10,10,27,0,1,0,0,51.746,0.19757,0.15,559,31.3896,2.18281,0.39863
974,57,2,2,6,0,1,0,0,-7.235,0.19724,0.15,559,31.3896,1.53981,0.39863
975,400,19,19,50,0,0,0,1,175.282,0.19691,0.15,560,31.3896,1.47875,0.39821
976,67,1,1,12,0,1,0,0,-8.272,0.19658,0.15,560,31.3896,1.52302,0.39821
977,64,6,6,12,0,1,0,0,10.62,0.19626,0.15,560,31.3896,2.774,0.39821
978,24,0,0,1,0,1,0,0,-25.324,0.19593,0.15,560,31.3896,1.64385,0.39821
979,158,8,8,22,0,1,0,0,32.755,0.1956,0.15,560,31.3896,1.78729,0.39851
980,10,0,0,4,0,1,0,0,-32.546,0.19528,0.15,560,31.3896,3.25607,0.39851
981,258,16,16,39,0,1,0,0,102.012,0.19495,0.15,560,31.3896,1.7426,0.39851
982,38,5,5,10,0,1,0,0,3.724,0.19463,0.15,560,31.3896,3.34485,0.39851
983,48,3,3,10,0,1,0,0,-6.557,0.1943,0.15,560,31.3896,2.60027,0.39851
984,63,4,4,13,0,1,0,0,4.23,0.19398,0.15,560,31.3896,2.00604,0.39851
985,200,12,12,49,0,1,0,0,90.014,0.19366,0.15,561,31.3896,1.96676,0.39899
986,142,11,11,33,0,1,0,0,53.582,0.19333,0.15,561,31.3896,2.32146,0.39899
987,110,9,9,21,0,1,0,0,34.681,0.19301,0.15,561,31.3896,1.84271,0.39899
988,5,0,0,4,0,1,0,0,-32.406,0.19269,0.15,561,31.3896,1.62453,0.39899
989,193,19,19,48,0,1,0,0,106.994,0.19237,0.15,561,31.3896,2.91443,0.39958
990,43,2,2,9,0,1,0,0,-10.944,0.19205,0.15,561,31.3896,2.70487,0.39958
991,38,3,3,7,0,1,0,0,-9.363,0.19173,0.15,562,31.3896,3.08456,0.39947
992,400,21,21,48,0,0,0,1,176.139,0.19141,0.15,562,31.3896,1.75976,0.40036
993,14,0,0,3,0,1,0,0,-28.027,0.19109,0.15,562,31.3896,4.69874,0.40036
994,27,1,1,10,0,1,0,0,-12.933,0.19077,0.15,562,31.3896,4.19784,0.40036
995,44,3,3,10,0,1,0,0,-6.367,0.19046,0.15,562,31.3896,3.87754,0.40036
996,26,2,2,8,0,1,0,0,-15.77,0.19014,0.15,562,31.3896,5.63911,0.40036
997,75,6,6,15,0,1,0,0,13.625,0.18982,0.15,562,31.3896,2.74213,0.40036
998,52,5,5,12,0,1,0,0,8.694,0.18951,0.15,562,31.3896,2.81317,0.40036
999,26,2,2,8,0,1,0,0,-12.529,0.18919,0.15,562,31.3896,2.84246,0.40036
1000,56,5,5,22,0,1,0,0,12.708,0.18888,0.15,562,31.3896,3.50722,0.40036
1001,30,3,3,13,0,1,0,0,-5.646,0.18856,0.15,562,31.3896,4.51133,0.40036
1002,65,5,5,16,0,1,0,0,12.522,0.18825,0.15,562,31.3896,2.90765,0.40036
1003,67,5,5,24,0,1,0,0,22.431,0.18793,0.15,562,31.3896,2.73997,0.40065
1004,54,5,5,15,0,1,0,0,10.626,0.18762,0.15,562,31.3896,3.36874,0.40065
1005,122,9,9,27,0,1,0,0,42.295,0.18731,0.15,562,31.3896,2.46403,0.40065
1006,85,5,5,20,0,1,0,0,14.86,0.187,0.15,562,31.3896,2.48732,0.40095
1007,17,2,2,7,0,1,0,0,-13.046,0.18668,0.15,562,31.3896,4.49227,0.40095
1008,134,5,5,21,0,1,0,0,28.394,0.18637,0.15,562,31.3896,1.96583,0.40095
1009,163,12,12,40,0,1,0,0,75.936,0.18606,0.15,562,31.3896,2.40875,0.40125
1010,87,8,8,22,0,1,0,0,27.087,0.18575,0.15,562,31.3896,2.9922,0.40125
1011,30,4,4,10,0,1,0,0,-5.978,0.18544,0.15,562,31.3896,3.56061,0.40125
1012,30,4,4,6,0,1,0,0,-4.311,0.18514,0.15,562,31.3896,3.58889,0.40125
1013,63,6,6,16,0,1,0,0,15.062,0.18483,0.15,562,31.3896,3.32963,0.40154
1014,7,0,0,4,0,1,0,0,-24.048,0.18452,0.15,562,31.3896,4.93993,0.40154
1015,92,3,3,19,0,1,0,0,9.946,0.18421,0.15,562,31.3896,2.4923,0.40154
1016,136,9,9,23,0,1,0,0,36.919,0.18391,0.15,562,31.3896,2.24989,0.40184
1017,5,0,0,3,0,1,0,0,-33.406,0.1836,0.15,562,31.3896,1.757,0.40184
1018,40,2,2,10,0,1,0,0,-9.693,0.18329,0.15,562,31.3896,3.22331,0.40184
1019,130,7,7,20,0,1,0,0,34.655,0.18299,0.15,562,31.3896,2.1746,0.40184
1020,13,0,0,4,0,1,0,0,-24.184,0.18268,0.15,562,31.3896,7.34625,0.40184
1021,20,1,1,5,0,1,0,0,-18.433,0.18238,0.15,562,31.3896,3.53233,0.40184
1022,108,2,2,22,0,1,0,0,1.971,0.18208,0.15,563,31.3896,2.48552,0.40172
1023,7,0,0,4,0,1,0,0,-32.404,0.18177,0.15,563,31.3896,4.36383,0.40172
1024,20,0,0,6,0,1,0,0,-27.18,0.18147,0.15,563,31.3896,4.06369,0.40172
1025,45,3,3,10,0,1,0,0,-5.348,0.18117,0.15,563,31.3896,3.28764,0.40172
1026,116,9,9,26,0,1,0,0,38.309,0.18087,0.15,563,31.3896,2.56036,0.40172
1027,157,5,5,13,0,1,0,0,18.0,0.18056,0.15,563,31.3896,1.53904,0.40172
1028,122,9,9,25,0,1,0,0,43.022,0.18026,0.15,563,31.3896,2.34251,0.40172
1029,129,6,6,12,0,1,0,0,24.12,0.17996,0.15,563,31.3896,1.53253,0.40172
1030,5,0,0,3,0,1,0,0,-29.704,0.17966,0.15,563,31.3896,4.90865,0.40172
1031,22,1,1,6,0,1,0,0,-16.983,0.17936,0.15,563,31.3896,3.76668,0.40172
1032,326,10,10,33,0,1,0,0,87.424,0.17907,0.15,563,31.3896,1.78871,0.40172
1033,192,14,14,44,0,1,0,0,80.477,0.17877,0.15,563,31.3896,2.31713,0.40172
1034,45,3,3,9,0,1,0,0,-3.58,0.17847,0.15,563,31.3896,3.11376,0.40172
1035,18,2,2,6,0,1,0,0,-16.275,0.17817,0.15,563,31.3896,3.81747,0.40172
1036,247,21,21,43,0,1,0,0,116.617,0.17788,0.15,563,31.3896,2.12837,0.40172
1037,17,2,2,9,0,1,0,0,-15.223,0.17758,0.15,563,31.3896,3.65669,0.40172
1038,43,2,2,12,0,1,0,0,-6.198,0.17728,0.15,563,31.3896,2.94395,0.40172
1039,74,5,5,21,0,1,0,0,15.582,0.17699,0.15,563,31.3896,2.52098,0.40172
1040,65,4,4,13,0,1,0,0,4.575,0.17669,0.15,563,31.3896,3.03702,0.40172
1041,362,11,11,34,0,1,0,0,96.434,0.1764,0.15,564,31.3896,1.87272,0.4013
1042,113,1,1,5,0,1,0,0,-3.221,0.17611,0.15,564,31.3896,1.56273,0.4013
1043,104,1,1,11,0,1,0,0,0.93,0.17581,0.15,564,31.3896,1.36216,0.4013
1044,9,0,0,2,0,1,0,0,-28.6,0.17552,0.15,564,31.3896,8.54633,0.4013
1045,59,4,4,18,0,1,0,0,6.965,0.17523,0.15,564,31.3896,2.54593,0.4013
1046,11,0,0,3,0,1,0,0,-24.848,0.17494,0.15,564,31.3896,3.52456,0.4013
1047,215,18,18,36,0,1,0,0,99.884,0.17464,0.15,564,31.3896,2.486,0.4013
1048,210,10,10,30,0,1,0,0,59.893,0.17435,0.15,565,31.3896,1.91749,0.40088
1049,5,0,0,4,0,1,0,0,-32.406,0.17406,0.15,565,31.3896,2.373,0.40088
1050,5,0,0,4,0,1,0,0,-33.206,0.17377,0.15,565,31.3896,2.25298,0.40088
1051,203,10,10,33,0,1,0,0,63.903,0.17348,0.15,565,31.3896,1.85367,0.40088
1052,50,3,3,7,0,1,0,0,-4.135,0.1732,0.15,565,31.3896,2.23187,0.40088
1053,27,1,1,5,0,1,0,0,-20.656,0.17291,0.15,565,31.3896,3.24174,0.40088
1054,152,4,4,17,0,1,0,0,21.75,0.17262,0.15,565,31.3896,1.88142,0.40088
1055,46,1,1,8,0,1,0,0,-11.77,0.17233,0.15,565,31.3896,1.68781,0.40088
1056,400,25,25,55,0,0,0,1,202.957,0.17204,0.15,565,31.3896,1.82061,0.40118
1057,27,2,2,8,0,1,0,0,-15.312,0.17176,0.15,565,31.3896,4.51026,0.40118
1058,30,3,3,13,0,1,0,0,-4.553,0.17147,0.15,565,31.3896,2.49169,0.40118
1059,5,0,0,3,0,1,0,0,-29.704,0.17119,0.15,565,31.3896,4.9959,0.40118
1060,59,3,3,8,0,1,0,0,-6.566,0.1709,0.15,565,31.3896,3.23803,0.40118
1061,38,1,1,6,0,1,0,0,-17.199,0.17062,0.15,565,31.3896,3.20354,0.40118
1062,400,27,27,70,0,0,0,1,224.924,0.17033,0.15,565,31.3896,2.01952,0.40147
1063,102,13,13,30,0,1,0,0,55.02,0.17005,0.15,565,31.3896,2.87617,0.40147
1064,223,23,23,57,0,1,0,0,136.963,0.16977,0.15,567,31.3896,2.95354,0.40065
1065,208,12,12,38,0,1,0,0,70.12,0.16948,0.15,567,31.3896,2.30581,0.40094
1066,55,4,4,12,0,1,0,0,3.458,0.1692,0.15,567,31.3896,2.75221,0.40094
1067,212,24,24,53,0,1,0,0,125.254,0.16892,0.15,568,31.3896,3.16293,0.40053
1068,19,1,1,9,0,1,0,0,-15.903,0.16864,0.15,568,31.3896,4.09319,0.40053
1069,50,5,5,17,0,1,0,0,12.911,0.16836,0.15,568,31.3896,2.5278,0.40053
1070,65,2,2,15,0,1,0,0,-7.332,0.16808,0.15,568,31.3896,2.35115,0.40053
1071,169,14,14,30,0,1,0,0,58.62,0.1678,0.15,569,31.3896,2.62976,0.4007
1072,43,4,4,13,0,1,0,0,2.113,0.16752,0.15,569,31.3896,3.18207,0.4007
1073,48,1,1,6,0,1,0,0,-14.656,0.16724,0.15,569,31.3896,2.01254,0.4007
1074,66,3,3,9,0,1,0,0,0.722,0.16696,0.15,569,31.3896,2.40076,0.4007
1075,75,6,6,13,0,1,0,0,12.935,0.16668,0.15,569,31.3896,2.18034,0.4007
1076,40,2,2,8,0,1,0,0,-11.594,0.1664,0.15,569,31.3896,2.16619,0.4007
1077,82,4,4,22,0,1,0,0,9.237,0.16613,0.15,569,31.3896,2.87668,0.4007
1078,315,11,11,41,0,1,0,0,93.598,0.16585,0.15,569,31.3896,1.41277,0.401
1079,322,13,13,56,0,1,0,0,95.804,0.16557,0.15,570,31.3896,1.95179,0.40088
1080,64,0,0,7,0,1,0,0,-19.05,0.1653,0.15,570,31.3896,1.15738,0.40088
1081,41,3,3,9,0,1,0,0,-3.583,0.16502,0.15,570,31.3896,3.75608,0.40117
1082,18,1,1,7,0,1,0,0,-20.733,0.16475,0.15,570,31.3896,3.96788,0.40117
1083,97,7,7,27,0,1,0,0,30.252,0.16447,0.15,570,31.3896,2.50587,0.40146
1084,13,0,0,5,0,1,0,0,-23.573,0.1642,0.15,570,31.3896,6.36145,0.40146
1085,84,4,4,14,0,1,0,0,10.216,0.16393,0.15,570,31.3896,1.9149,0.40146
1086,110,6,6,16,0,1,0,0,10.048,0.16365,0.15,570,31.3896,1.70069,0.40146
1087,400,26,26,78,0,0,0,1,207.328,0.16338,0.15,570,31.3896,2.25805,0.40146
1088,17,2,2,5,0,1,0,0,-17.861,0.16311,0.15,570,31.3896,4.14192,0.40146
1089,257,12,12,37,0,1,0,0,81.555,0.16284,0.15,570,31.3896,1.66117,0.40175
1090,22,2,2,7,0,1,0,0,-12.922,0.16257,0.15,570,31.3896,4.29438,0.40175
1091,147,7,7,29,0,1,0,0,33.692,0.1623,0.15,570,31.3896,2.312,0.40175
1092,100,8,8,29,0,1,0,0,39.049,0.16203,0.15,570,31.3896,2.52066,0.40175
1093,56,4,4,13,0,1,0,0,4.898,0.16176,0.15,570,31.3896,2.72238,0.40175
1094,19,1,1,9,0,1,0,0,-13.977,0.16149,0.15,570,31.3896,3.3712,0.40175
1095,81,4,4,19,0,1,0,0,12.116,0.16122,0.15,570,31.3896,1.46092,0.40175
1096,97,5,5,17,0,1,0,0,11.366,0.16095,0.15,570,31.3896,1.97506,0.40175
1097,234,20,20,52,0,1,0,0,122.573,0.16068,0.15,570,31.3896,2.24019,0.40175
1098,7,0,0,3,0,1,0,0,-25.048,0.16041,0.15,570,31.3896,6.11825,0.40175
1099,400,29,29,73,0,0,0,1,234.13,0.16015,0.15,570,31.3896,1.9266,0.40234
1100,49,3,3,12,0,1,0,0,-4.877,0.15988,0.15,570,31.3896,3.14513,0.40234
1101,75,5,5,18,0,1,0,0,18.331,0.15961,0.15,570,31.3896,3.39586,0.40234
1102,33,1,1,6,0,1,0,0,-18.65,0.15935,0.15,570,31.3896,3.08799,0.40234
1103,5,0,0,3,0,1,0,0,-33.806,0.15908,0.15,570,31.3896,2.89966,0.40234
1104,69,4,4,12,0,1,0,0,3.454,0.15882,0.15,570,31.3896,1.7745,0.40234
1105,48,0,0,9,0,1,0,0,-11.393,0.15855,0.15,570,31.3896,1.42326,0.40234
1106,35,2,2,11,0,1,0,0,-7.683,0.15829,0.15,570,31.3896,2.31589,0.40234
1107,13,0,0,2,0,1,0,0,-29.488,0.15803,0.15,570,31.3896,3.75761,0.40234
1108,116,6,6,15,0,1,0,0,18.166,0.15776,0.15,570,31.3896,1.18513,0.40234
1109,10,0,0,5,0,1,0,0,-26.598,0.1575,0.15,570,31.3896,2.58043,0.40234
1110,81,1,1,16,0,1,0,0,-8.139,0.15724,0.15,570,31.3896,2.34007,0.40234
1111,127,2,2,17,0,1,0,0,14.059,0.15698,0.15,570,31.3896,1.36353,0.40292
1112,23,0,0,3,0,1,0,0,-29.788,0.15671,0.15,570,31.3896,1.83601,0.40292
1113,236,15,15,39,0,1,0,0,92.009,0.15645,0.15,570,31.3896,1.7525,0.40292
1114,213,13,13,24,0,1,0,0,69.888,0.15619,0.15,570,31.3896,1.68395,0.40322
1115,216,8,8,29,0,1,0,0,50.193,0.15593,0.15,570,31.3896,1.89261,0.40322
1116,87,1,1,6,0,1,0,0,-16.451,0.15567,0.15,570,31.3896,1.36954,0.40322
1117,11,0,0,1,0,1,0,0,-30.992,0.15541,0.15,570,31.3896,5.56064,0.40322
1118,60,2,2,16,0,1,0,0,-4.42,0.15515,0.15,570,31.3896,2.62837,0.40322
1119,17,3,3,8,0,1,0,0,-9.081,0.1549,0.15,570,31.3896,3.30891,0.40322
1120,18,2,2,5,0,1,0,0,-20.079,0.15464,0.15,570,31.3896,4.30882,0.40322
1121,6,0,0,2,0,1,0,0,-31.206,0.15438,0.15,570,31.3896,8.15404,0.40322
1122,181,9,9,23,0,1,0,0,51.991,0.15412,0.15,570,31.3896,1.95979,0.40322
1123,36,1,1,7,0,1,0,0,-19.221,0.15387,0.15,570,31.3896,3.06862,0.40322
1124,5,0,0,3,0,1,0,0,-33.406,0.15361,0.15,570,31.3896,2.91002,0.40322
1125,93,4,4,11,0,1,0,0,6.099,0.15335,0.15,570,31.3896,2.11727,0.40322
1126,116,12,12,24,0,1,0,0,54.382,0.1531,0.15,570,31.3896,2.40725,0.40322
1127,90,10,10,16,0,1,0,0,35.719,0.15284,0.15,570,31.3896,2.53736,0.40322
1128,143,10,10,33,0,1,0,0,55.818,0.15259,0.15,570,31.3896,2.326,0.40322
1129,63,2,2,7,0,1,0,0,-8.099,0.15234,0.15,570,31.3896,1.64351,0.40322
1130,400,15,15,35,0,0,0,1,142.962,0.15208,0.15,570,31.3896,1.44815,0.40322
1131,400,26,26,58,0,0,0,1,218.533,0.15183,0.15,570,31.3896,1.82022,0.40351
1132,33,2,2,6,0,1,0,0,-11.468,0.15158,0.15,570,31.3896,3.79248,0.40351
1133,32,1,1,6,0,1,0,0,-18.655,0.15132,0.15,570,31.3896,4.72083,0.40351
1134,27,1,1,7,0,1,0,0,-15.453,0.15107,0.15,570,31.3896,3.2939,0.40351
1135,60,7,7,15,0,1,0,0,17.568,0.15082,0.15,570,31.3896,2.68608,0.40351
1136,65,0,0,5,0,1,0,0,-18.552,0.15057,0.15,570,31.3896,1.99699,0.40351
1137,14,1,1,2,0,1,0,0,-24.73,0.15032,0.15,570,31.3896,5.73388,0.4038
1138,226,12,12,33,0,1,0,0,72.172,0.15007,0.15,570,31.3896,1.87853,0.40409
1139,12,0,0,8,0,1,0,0,-19.669,0.14982,0.15,570,31.3896,5.27137,0.40409
1140,5,0,0,1,0,1,0,0,-27.014,0.14957,0.15,570,31.3896,6.7071,0.40409
1141,77,3,3,14,0,1,0,0,3.743,0.14932,0.15,570,31.3896,2.35366,0.40409
1142,400,19,19,48,0,0,0,1,165.441,0.14907,0.15,570,31.3896,1.494,0.40409
1143,103,4,4,18,0,1,0,0,9.541,0.14882,0.15,570,31.3896,2.00352,0.40409
1144,32,2,2,11,0,1,0,0,-12.408,0.14857,0.15,570,31.3896,1.79008,0.40409
1145,46,2,2,12,0,1,0,0,-9.457,0.14833,0.15,570,31.3896,3.51937,0.40409
1146,111,13,13,25,0,1,0,0,55.692,0.14808,0.15,570,31.3896,2.15619,0.40409
1147,8,0,0,3,0,1,0,0,-26.106,0.14783,0.15,570,31.3896,5.32205,0.40409
1148,20,1,1,5,0,1,0,0,-18.765,0.14759,0.15,570,31.3896,3.40031,0.40409
1149,122,1,1,12,0,1,0,0,1.394,0.14734,0.15,570,31.3896,1.61475,0.40409
1150,19,2,2,4,0,1,0,0,-13.461,0.1471,0.15,570,31.3896,2.7843,0.40409
1151,400,30,30,60,0,0,0,1,227.269,0.14685,0.15,570,31.3896,1.90545,0.40439
1152,33,5,5,8,0,1,0,0,-0.618,0.14661,0.15,570,31.3896,4.07648,0.40439
1153,39,4,4,12,0,1,0,0,1.204,0.14636,0.15,570,31.3896,3.50595,0.40439
1154,400,21,21,40,0,0,0,1,167.57,0.14612,0.15,570,31.3896,1.4813,0.40439
1155,86,2,2,11,0,1,0,0,5.584,0.14588,0.15,570,31.3896,0.83931,0.40439
1156,70,5,5,13,0,1,0,0,7.629,0.14563,0.15,570,31.3896,3.0705,0.40439
1157,27,2,2,10,0,1,0,0,-13.816,0.14539,0.15,570,31.3896,3.29244,0.40439
1158,400,18,18,59,0,0,0,1,183.742,0.14515,0.15,570,31.3896,1.38232,0.40439
1159,400,21,21,48,0,0,0,1,178.721,0.14491,0.15,571,31.3896,1.88303,0.40397
1160,7,0,0,2,0,1,0,0,-31.948,0.14467,0.15,571,31.3896,4.98415,0.40397
1161,34,4,4,13,0,1,0,0,-0.422,0.14442,0.15,571,31.3896,3.901,0.40397
1162,42,3,3,13,0,1,0,0,0.955,0.14418,0.15,571,31.3896,3.55916,0.40397
1163,17,1,1,7,0,1,0,0,-16.977,0.14394,0.15,571,31.3896,3.93626,0.40397
1164,400,22,22,66,0,0,0,1,201.675,0.1437,0.15,571,31.3896,1.80654,0.40397
1165,236,11,11,38,0,1,0,0,68.585,0.14346,0.15,571,31.3896,2.47579,0.40397
1166,162,11,11,30,0,1,0,0,52.622,0.14323,0.15,571,31.3896,1.91839,0.40397
1167,400,27,27,61,0,0,0,1,215.722,0.14299,0.15,571,31.3896,1.76583,0.40397
1168,94,4,4,13,0,1,0,0,17.684,0.14275,0.15,571,31.3896,2.18851,0.40397
1169,113,13,13,34,0,1,0,0,62.263,0.14251,0.15,571,31.3896,2.34063,0.40397
1170,13,0,0,3,0,1,0,0,-24.373,0.14227,0.15,571,31.3896,5.59832,0.40397
1171,100,2,2,9,0,1,0,0,0.511,0.14204,0.15,571,31.3896,2.48757,0.40397
1172,126,10,10,25,0,1,0,0,47.163,0.1418,0.15,571,31.3896,2.11106,0.40397
1173,60,2,2,10,0,1,0,0,-5.705,0.14156,0.15,571,31.3896,3.50522,0.40397
1174,130,13,13,34,0,1,0,0,71.163,0.14133,0.15,571,31.3896,2.57241,0.40426
1175,58,4,4,14,0,1,0,0,1.87,0.14109,0.15,571,31.3896,3.11646,0.40426
1176,21,3,3,11,0,1,0,0,-6.257,0.14086,0.15,571,31.3896,4.15578,0.40426
1177,291,22,22,58,0,1,0,0,140.104,0.14062,0.15,571,31.3896,2.43485,0.40455
1178,400,25,25,58,0,0,0,1,205.19,0.14039,0.15,571,31.3896,1.89132,0.40455
1179,268,16,16,51,0,1,0,0,101.368,0.14016,0.15,571,31.3896,2.12736,0.40455
1180,20,2,2,7,0,1,0,0,-13.934,0.13992,0.15,571,31.3896,4.28595,0.40455
1181,218,19,19,54,0,1,0,0,122.517,0.13969,0.15,571,31.3896,2.35295,0.40485
1182,303,24,24,53,0,1,0,0,141.474,0.13946,0.15,571,31.3896,2.15325,0.40514
1183,400,21,21,67,0,0,0,1,192.113,0.13922,0.15,571,31.3896,1.80636,0.40543
1184,5,0,0,3,0,1,0,0,-33.006,0.13899,0.15,571,31.3896,1.9944,0.40543
1185,73,8,8,24,0,1,0,0,27.856,0.13876,0.15,571,31.3896,2.90892,0.40543
1186,5,0,0,3,0,1,0,0,-30.104,0.13853,0.15,571,31.3896,4.09136,0.40543
1187,59,4,4,12,0,1,0,0,5.81,0.1383,0.15,571,31.3896,2.19637,0.40543
1188,152,11,11,25,0,1,0,0,53.355,0.13807,0.15,571,31.3896,1.86106,0.40543
1189,7,0,0,5,0,1,0,0,-23.848,0.13784,0.15,571,31.3896,5.97571,0.40543
1190,74,6,6,17,0,1,0,0,15.997,0.13761,0.15,571,31.3896,2.6147,0.40543
1191,124,7,7,25,0,1,0,0,32.745,0.13738,0.15,571,31.3896,2.14827,0.40543
1192,30,0,0,2,0,1,0,0,-27.854,0.13715,0.15,571,31.3896,2.28814,0.40543
1193,23,3,3,7,0,1,0,0,-11.248,0.13692,0.15,571,31.3896,2.55142,0.40543
1194,400,19,19,45,0,0,0,1,168.095,0.1367,0.15,571,31.3896,1.28835,0.40572
1195,5,0,0,4,0,1,0,0,-32.806,0.13647,0.15,571,31.3896,2.68891,0.40572
1196,18,1,1,7,0,1,0,0,-16.905,0.13624,0.15,571,31.3896,4.39543,0.40572
1197,54,5,5,14,0,1,0,0,10.692,0.13601,0.15,571,31.3896,2.22072,0.40572
1198,5,0,0,4,0,1,0,0,-32.806,0.13579,0.15,571,31.3896,2.29165,0.40572
1199,400,31,31,70,0,0,0,1,244.39,0.13556,0.15,571,31.3896,1.772,0.40572
1200,65,6,6,12,0,1,0,0,11.738,0.13534,0.15,571,31.3896,2.57368,0.40572
1201,39,3,3,17,0,1,0,0,2.626,0.13511,0.15,571,31.3896,2.9782,0.40572
1202,61,3,3,20,0,1,0,0,8.781,0.13488,0.15,571,31.3896,2.98003,0.40572
1203,13,0,0,4,0,1,0,0,-22.523,0.13466,0.15,571,31.3896,4.39244,0.40572
1204,27,1,1,4,0,1,0,0,-16.438,0.13444,0.15,571,31.3896,4.13079,0.40572
1205,126,10,10,30,0,1,0,0,44.828,0.13421,0.15,571,31.3896,2.79573,0.40572
1206,400,28,28,73,0,0,0,1,210.184,0.13399,0.15,571,31.3896,1.95198,0.40572
1207,138,2,2,11,0,1,0,0,7.279,0.13377,0.15,571,31.3896,1.42395,0.40572
1208,134,5,5,16,0,1,0,0,15.025,0.13354,0.15,571,31.3896,2.51778,0.40572
1209,220,11,11,38,0,1,0,0,64.762,0.13332,0.15,571,31.3896,1.59765,0.40572
1210,30,1,1,11,0,1,0,0,-15.894,0.1331,0.15,571,31.3896,3.85282,0.40572
1211,5,0,0,3,0,1,0,0,-25.854,0.13288,0.15,571,31.3896,8.55471,0.40572
1212,239,15,15,37,0,1,0,0,86.792,0.13266,0.15,571,31.3896,1.68391,0.40572
1213,251,14,14,29,0,1,0,0,76.3,0.13243,0.15,571,31.3896,1.64535,0.40572
1214,247,12,12,21,0,1,0,0,70.074,0.13221,0.15,571,31.3896,1.54966,0.40572
1215,42,0,0,4,0,1,0,0,-25.12,0.13199,0.15,571,31.3896,1.08141,0.40572
1216,35,2,2,7,0,1,0,0,-15.141,0.13177,0.15,571,31.3896,3.14508,0.40572
1217,25,0,0,3,0,1,0,0,-31.002,0.13155,0.15,571,31.3896,1.55537,0.40572
1218,36,4,4,13,0,1,0,0,0.223,0.13134,0.15,571,31.3896,2.3663,0.40572
1219,274,11,11,31,0,1,0,0,82.074,0.13112,0.15,571,31.3896,1.4298,0.40572
1220,47,2,2,9,0,1,0,0,-9.272,0.1309,0.15,571,31.3896,2.64435,0.40572
1221,5,0,0,2,0,1,0,0,-32.352,0.13068,0.15,571,31.3896,1.33796,0.40572
1222,395,18,18,52,0,1,0,0,113.792,0.13046,0.15,571,31.3896,1.95553,0.40572
1223,116,11,11,18,0,1,0,0,40.302,0.13025,0.15,571,31.3896,2.36557,0.40601
1224,159,13,13,29,0,1,0,0,58.34,0.13003,0.15,571,31.3896,3.14586,0.40601
1225,177,14,14,43,0,1,0,0,93.815,0.12981,0.15,571,31.3896,2.37635,0.40601
1226,362,24,24,61,0,1,0,0,152.803,0.1296,0.15,571,31.3896,2.40228,0.4066
1227,18,1,1,3,0,1,0,0,-19.971,0.12938,0.15,571,31.3896,2.90861,0.4066
1228,400,17,17,47,0,0,0,1,179.296,0.12916,0.15,571,31.3896,1.53564,0.4066
1229,84,11,11,24,0,1,0,0,42.304,0.12895,0.15,571,31.3896,2.77524,0.4066
1230,57,4,4,12,0,1,0,0,8.509,0.12873,0.15,571,31.3896,2.39962,0.4066
1231,49,2,2,8,0,1,0,0,-7.952,0.12852,0.15,571,31.3896,2.14471,0.4066
1232,400,15,15,32,0,0,0,1,132.526,0.12831,0.15,571,31.3896,2.23108,0.4066
1233,25,1,1,5,0,1,0,0,-16.755,0.12809,0.15,571,31.3896,3.40009,0.4066
1234,17,3,3,8,0,1,0,0,-11.133,0.12788,0.15,571,31.3896,5.50891,0.4066
1235,339,17,17,38,0,1,0,0,114.669,0.12767,0.15,572,31.3896,2.09168,0.40647
1236,29,0,0,8,0,1,0,0,-18.985,0.12745,0.15,572,31.3896,3.48448,0.40647
1237,241,16,16,47,0,1,0,0,108.171,0.12724,0.15,572,31.3896,2.32956,0.40647
1238,247,19,19,33,0,1,0,0,92.031,0.12703,0.15,573,31.3896,2.34915,0.40634
1239,207,7,7,16,0,1,0,0,44.113,0.12682,0.15,573,31.3896,1.6671,0.40634
1240,46,1,1,6,0,1,0,0,-12.594,0.12661,0.15,573,31.3896,2.12758,0.40634
1241,143,12,12,35,0,1,0,0,75.697,0.1264,0.15,573,31.3896,2.81045,0.40634
1242,97,1,1,4,0,1,0,0,-10.114,0.12619,0.15,573,31.3896,1.84527,0.40634
1243,18,2,2,8,0,1,0,0,-14.036,0.12598,0.15,573,31.3896,5.10783,0.40634
1244,400,10,10,23,0,0,0,1,121.554,0.12577,0.15,573,31.3896,0.87764,0.40663
1245,17,2,2,5,0,1,0,0,-17.792,0.12556,0.15,573,31.3896,5.14653,0.40663
1246,107,8,8,30,0,1,0,0,43.287,0.12535,0.15,573,31.3896,2.6864,0.40692
1247,69,1,1,16,0,1,0,0,-6.487,0.12514,0.15,573,31.3896,2.2039,0.40721
1248,17,2,2,7,0,1,0,0,-11.692,0.12493,0.15,573,31.3896,4.28311,0.40721
1249,233,14,14,35,0,1,0,0,85.105,0.12472,0.15,573,31.3896,2.09763,0.40721
1250,49,2,2,8,0,1,0,0,-12.468,0.12451,0.15,573,31.3896,2.09201,0.40721
1251,121,12,12,30,0,1,0,0,57.099,0.12431,0.15,573,31.3896,2.50304,0.4075
1252,77,5,5,18,0,1,0,0,11.249,0.1241,0.15,573,31.3896,2.92047,0.4075
1253,400,27,27,62,0,0,0,1,203.649,0.12389,0.15,573,31.3896,1.78924,0.4075
1254,258,13,13,35,0,1,0,0,89.918,0.12369,0.15,573,31.3896,1.56083,0.4075
1255,51,3,3,18,0,1,0,0,-1.059,0.12348,0.15,573,31.3896,3.48439,0.4075
1256,25,3,3,7,0,1,0,0,-10.282,0.12328,0.15,573,31.3896,3.57173,0.4075
1257,52,3,3,13,0,1,0,0,-2.095,0.12307,0.15,573,31.3896,2.27964,0.4075
1258,109,10,10,27,0,1,0,0,48.048,0.12287,0.15,573,31.3896,2.1727,0.4075
1259,185,12,12,24,0,1,0,0,71.553,0.12266,0.15,573,31.3896,1.65483,0.4075
1260,400,23,23,53,0,0,0,1,207.87,0.12246,0.15,573,31.3896,1.66257,0.4075
1261,85,10,10,22,0,1,0,0,37.961,0.12225,0.15,573,31.3896,3.09277,0.4075
1262,28,2,2,9,0,1,0,0,-11.455,0.12205,0.15,573,31.3896,3.91,0.4075
1263,400,22,22,49,0,0,0,1,196.826,0.12185,0.15,573,31.3896,1.57931,0.4075
1264,400,22,22,49,0,0,0,1,196.855,0.12164,0.15,573,31.3896,1.69593,0.4075
1265,175,11,11,32,0,1,0,0,60.417,0.12144,0.15,573,31.3896,1.78471,0.4075
1266,36,2,2,9,0,1,0,0,-10.743,0.12124,0.15,573,31.3896,3.08882,0.4075
1267,50,6,6,15,0,1,0,0,10.312,0.12104,0.15,573,31.3896,3.1256,0.4075
1268,280,13,13,46,0,1,0,0,100.372,0.12083,0.15,573,31.3896,1.9766,0.4075
1269,64,4,4,13,0,1,0,0,3.103,0.12063,0.15,573,31.3896,2.77506,0.4075
1270,400,32,32,77,0,0,0,1,242.704,0.12043,0.15,573,31.3896,2.3439,0.4075
1271,29,1,1,9,0,1,0,0,-14.289,0.12023,0.15,573,31.3896,3.69659,0.4075
1272,29,2,2,7,0,1,0,0,-11.1,0.12003,0.15,573,31.3896,3.25687,0.4075
1273,178,17,17,48,0,1,0,0,110.471,0.11983,0.15,573,31.3896,2.59855,0.4075
1274,28,3,3,7,0,1,0,0,-8.501,0.11963,0.15,573,31.3896,3.44499,0.4075
1275,135,7,7,27,0,1,0,0,46.227,0.11943,0.15,573,31.3896,2.83641,0.4075
1276,69,6,6,16,0,1,0,0,17.183,0.11923,0.15,573,31.3896,2.23172,0.4075
1277,54,2,2,8,0,1,0,0,-7.862,0.11904,0.15,573,31.3896,2.77501,0.4075
1278,45,2,2,15,0,1,0,0,-5.281,0.11884,0.15,573,31.3896,2.57784,0.4075
1279,24,3,3,10,0,1,0,0,-5.831,0.11864,0.15,573,31.3896,4.62938,0.4075
1280,360,27,27,72,0,1,0,0,187.201,0.11844,0.15,573,31.3896,2.19268,0.4075
1281,17,1,1,5,0,1,0,0,-19.861,0.11824,0.15,573,31.3896,4.76514,0.4075
1282,294,21,21,57,0,1,0,0,131.488,0.11805,0.15,573,31.3896,2.1354,0.4075
1283,242,24,24,67,0,1,0,0,141.853,0.11785,0.15,573,31.3896,2.3975,0.4075
1284,287,23,23,60,0,1,0,0,144.26,0.11765,0.15,574,31.3896,2.24836,0.40708
1285,221,16,16,41,0,1,0,0,96.313,0.11746,0.15,574,31.3896,2.2075,0.40708
1286,307,24,24,72,0,1,0,0,176.315,0.11726,0.15,574,31.3896,2.22474,0.40738
1287,5,0,0,4,0,1,0,0,-32.806,0.11707,0.15,574,31.3896,1.37339,0.40738
1288,5,0,0,2,0,1,0,0,-28.104,0.11687,0.15,574,31.3896,13.19721,0.40738
1289,15,0,0,3,0,1,0,0,-28.084,0.11668,0.15,574,31.3896,3.71168,0.40738
1290,400,40,40,94,0,0,0,1,301.134,0.11648,0.15,575,31.3896,2.31585,0.40725
1291,16,0,0,6,0,1,0,0,-23.516,0.11629,0.15,575,31.3896,4.10953,0.40725
1292,400,29,29,71,0,0,0,1,237.474,0.1161,0.15,575,31.3896,2.01646,0.40725
1293,400,38,38,98,0,0,0,1,287.217,0.1159,0.15,575,31.3896,2.37294,0.40725
1294,356,33,33,76,0,1,0,0,200.691,0.11571,0.15,575,31.3896,2.70329,0.40783
1295,54,3,3,19,0,1,0,0,6.155,0.11552,0.15,575,31.3896,2.82965,0.40783
1296,67,7,7,19,0,1,0,0,24.026,0.11533,0.15,575,31.3896,2.73279,0.40783
1297,43,4,4,15,0,1,0,0,2.795,0.11513,0.15,575,31.3896,3.67049,0.40783
1298,173,19,19,49,0,1,0,0,112.259,0.11494,0.15,575,31.3896,2.80822,0.40783
1299,370,32,32,86,0,1,0,0,223.686,0.11475,0.15,575,31.3896,2.41013,0.40783
1300,113,12,12,32,0,1,0,0,55.831,0.11456,0.15,575,31.3896,2.48662,0.40783
1301,13,0,0,5,0,1,0,0,-23.573,0.11437,0.15,575,31.3896,7.71131,0.40783
1302,13,0,0,5,0,1,0,0,-23.975,0.11418,0.15,575,31.3896,5.7452,0.40783
1303,86,11,11,31,0,1,0,0,51.075,0.11399,0.15,575,31.3896,2.9161,0.40783
1304,45,4,4,13,0,1,0,0,2.381,0.1138,0.15,575,31.3896,3.0992,0.40783
1305,51,5,5,14,0,1,0,0,9.285,0.11361,0.15,575,31.3896,2.91018,0.40783
1306,166,15,15,37,0,1,0,0,82.254,0.11342,0.15,575,31.3896,2.61886,0.40783
1307,59,5,5,14,0,1,0,0,8.192,0.11323,0.15,575,31.3896,2.66705,0.40783
1308,93,6,6,17,0,1,0,0,23.48,0.11304,0.15,575,31.3896,2.37891,0.40783
1309,6,0,0,4,0,1,0,0,-32.354,0.11285,0.15,575,31.3896,4.6248,0.40783
1310,50,4,4,10,0,1,0,0,3.651,0.11267,0.15,575,31.3896,2.78632,0.40783
1311,45,3,3,14,0,1,0,0,1.765,0.11248,0.15,575,31.3896,2.61068,0.40783
1312,400,28,28,79,0,0,0,1,235.098,0.11229,0.15,575,31.3896,2.23784,0.40783
1313,128,8,8,23,0,1,0,0,41.468,0.1121,0.15,575,31.3896,2.4359,0.40783
1314,239,28,28,71,0,1,0,0,162.04,0.11192,0.15,575,31.3896,2.44068,0.40841
1315,8,0,0,3,0,1,0,0,-26.906,0.11173,0.15,575,31.3896,2.85593,0.40841
1316,19,1,1,9,0,1,0,0,-14.041,0.11154,0.15,575,31.3896,4.95943,0.40841
1317,88,3,3,13,0,1,0,0,8.198,0.11136,0.15,575,31.3896,2.30691,0.40841
1318,400,21,21,54,0,0,0,1,187.219,0.11117,0.15,576,31.3896,1.90079,0.40799
1319,24,3,3,7,0,1,0,0,-12.977,0.11099,0.15,576,31.3896,4.34038,0.40799
1320,5,0,0,1,0,1,0,0,-28.304,0.1108,0.15,576,31.3896,13.78698,0.40799
1321,296,19,19,51,0,1,0,0,124.673,0.11062,0.15,576,31.3896,2.15146,0.40799
1322,199,15,15,53,0,1,0,0,103.801,0.11043,0.15,576,31.3896,2.40293,0.40828
1323,400,27,27,56,0,0,0,1,208.487,0.11025,0.15,576,31.3896,2.16186,0.40856
1324,29,3,3,8,0,1,0,0,-4.473,0.11007,0.15,576,31.3896,3.29038,0.40856
1325,400,13,13,41,0,0,0,1,157.849,0.10988,0.15,576,31.3896,1.49561,0.40856
1326,116,12,12,23,0,1,0,0,54.664,0.1097,0.15,576,31.3896,2.49554,0.40856
1327,265,22,22,67,0,1,0,0,150.52,0.10952,0.15,576,31.3896,2.39461,0.40885
1328,359,31,31,90,0,1,0,0,213.147,0.10934,0.15,576,31.3896,2.51413,0.40885
1329,21,0,0,7,0,1,0,0,-23.633,0.10915,0.15,576,31.3896,5.442,0.40885
1330,74,6,6,26,0,1,0,0,31.097,0.10897,0.15,576,31.3896,2.63089,0.40885
1331,45,4,4,17,0,1,0,0,-0.734,0.10879,0.15,576,31.3896,3.59655,0.40885
1332,5,0,0,4,0,1,0,0,-32.806,0.10861,0.15,576,31.3896,1.6047,0.40885
1333,66,4,4,15,0,1,0,0,11.028,0.10843,0.15,576,31.3896,1.97836,0.40885
1334,352,26,26,73,0,1,0,0,169.828,0.10825,0.15,576,31.3896,2.24754,0.40914
1335,368,34,34,94,0,1,0,0,227.852,0.10807,0.15,576,31.3896,2.33256,0.40914
1336,193,15,15,53,0,1,0,0,104.311,0.10789,0.15,576,31.3896,2.59172,0.40914
1337,120,11,11,26,0,1,0,0,55.621,0.10771,0.15,576,31.3896,2.84741,0.40914
1338,13,0,0,4,0,1,0,0,-26.221,0.10753,0.15,576,31.3896,7.50233,0.40914
1339,19,1,1,6,0,1,0,0,-17.587,0.10735,0.15,576,31.3896,3.36492,0.40914
1340,17,1,1,8,0,1,0,0,-19.241,0.10717,0.15,576,31.3896,5.93993,0.40914
1341,26,2,2,7,0,1,0,0,-14.389,0.10699,0.15,576,31.3896,3.83877,0.40914
1342,400,41,41,98,0,0,0,1,310.573,0.10681,0.15,576,31.3896,2.51208,0.40943
1343,77,11,11,21,0,1,0,0,41.614,0.10664,0.15,576,31.3896,3.28274,0.40943
1344,88,9,9,18,0,1,0,0,28.218,0.10646,0.15,576,31.3896,2.43647,0.40943
1345,48,3,3,11,0,1,0,0,-2.483,0.10628,0.15,576,31.3896,2.76764,0.40943
1346,290,27,27,69,0,1,0,0,173.026,0.1061,0.15,576,31.3896,2.69752,0.40943
1347,82,10,10,27,0,1,0,0,42.493,0.10593,0.15,576,31.3896,2.65038,0.40943
1348,400,27,27,62,0,0,0,1,210.745,0.10575,0.15,576,31.3896,2.14413,0.40943
1349,88,6,6,19,0,1,0,0,23.056,0.10558,0.15,576,31.3896,2.97416,0.40943
1350,186,25,25,51,0,1,0,0,130.904,0.1054,0.15,576,31.3896,2.84486,0.40943
1351,121,12,12,27,0,1,0,0,54.96,0.10522,0.15,577,31.3896,2.96391,0.4093
1352,259,25,25,69,0,1,0,0,154.845,0.10505,0.15,577,31.3896,2.47781,0.4093
1353,400,21,21,44,0,0,0,1,174.442,0.10487,0.15,577,31.3896,1.96753,0.4093
1354,57,8,8,22,0,1,0,0,24.014,0.1047,0.15,577,31.3896,2.9199,0.4093
1355,400,21,21,44,0,0,0,1,191.393,0.10452,0.15,578,31.3896,1.75914,0.40917
1356,135,8,8,25,0,1,0,0,46.415,0.10435,0.15,578,31.3896,2.03998,0.40917
1357,59,6,6,14,0,1,0,0,16.475,0.10418,0.15,578,31.3896,2.36482,0.40917
1358,218,18,18,44,0,1,0,0,115.139,0.104,0.15,579,31.3896,2.22948,0.40875
1359,160,18,18,42,0,1,0,0,79.152,0.10383,0.15,579,31.3896,2.73124,0.40875
1360,33,2,2,12,0,1,0,0,-12.468,0.10366,0.15,579,31.3896,3.47321,0.40875
1361,19,2,2,5,0,1,0,0,-17.231,0.10348,0.15,579,31.3896,5.51571,0.40875
1362,272,20,20,52,0,1,0,0,122.985,0.10331,0.15,579,31.3896,1.90774,0.40875
1363,306,18,18,61,0,1,0,0,129.94,0.10314,0.15,579,31.3896,1.69259,0.40904
1364,107,6,6,18,0,1,0,0,20.145,0.10297,0.15,579,31.3896,2.51018,0.40904
1365,400,35,35,76,0,0,0,1,270.698,0.1028,0.15,579,31.3896,2.19994,0.40933
1366,400,31,31,70,0,0,0,1,234.771,0.10263,0.15,579,31.3896,2.48072,0.40933
1367,16,1,1,8,0,1,0,0,-22.306,0.10245,0.15,579,31.3896,5.26722,0.40933
1368,140,9,9,25,0,1,0,0,42.598,0.10228,0.15,579,31.3896,2.30071,0.40933
1369,146,3,3,15,0,1,0,0,17.725,0.10211,0.15,579,31.3896,2.89799,0.40933
1370,375,18,18,52,0,1,0,0,131.52,0.10194,0.15,579,31.3896,1.7899,0.40933
1371,95,0,0,2,0,1,0,0,-14.352,0.10177,0.15,579,31.3896,0.97448,0.40933
1372,79,3,3,5,0,1,0,0,-3.533,0.1016,0.15,579,31.3896,1.53425,0.40933
1373,150,7,7,19,0,1,0,0,33.216,0.10144,0.15,579,31.3896,1.50825,0.40933
1374,253,10,10,33,0,1,0,0,80.757,0.10127,0.15,579,31.3896,1.48692,0.40933
1375,33,2,2,14,0,1,0,0,-5.844,0.1011,0.15,579,31.3896,3.16826,0.40933
1376,400,20,20,39,0,0,0,1,175.288,0.10093,0.15,579,31.3896,1.1425,0.40933
1377,27,3,3,7,0,1,0,0,-11.057,0.10076,0.15,579,31.3896,3.82792,0.40933
1378,13,1,1,4,0,1,0,0,-20.615,0.10059,0.15,579,31.3896,5.10471,0.40933
1379,16,0,0,7,0,1,0,0,-20.445,0.10043,0.15,579,31.3896,5.27552,0.40933
1380,24,1,1,3,0,1,0,0,-20.967,0.10026,0.15,579,31.3896,5.21643,0.40933
1381,5,0,0,2,0,1,0,0,-28.102,0.10009,0.15,579,31.3896,12.36278,0.40933
1382,258,11,11,33,0,1,0,0,77.6,0.09993,0.15,579,31.3896,1.64865,0.40933
1383,400,25,25,58,0,0,0,1,200.414,0.09976,0.15,579,31.3896,1.937,0.40933
1384,400,29,29,65,0,0,0,1,209.29,0.09959,0.15,579,31.3896,2.20616,0.40933
1385,67,3,3,12,0,1,0,0,3.541,0.09943,0.15,579,31.3896,2.76037,0.40933
1386,246,16,16,36,0,1,0,0,95.508,0.09926,0.15,579,31.3896,1.94369,0.40933
1387,400,22,22,45,0,0,0,1,172.39,0.0991,0.15,579,31.3896,1.94789,0.40933
1388,400,11,11,32,0,0,0,1,127.133,0.09893,0.15,580,31.3896,1.3492,0.40891
1389,28,2,2,9,0,1,0,0,-9.704,0.09877,0.15,580,31.3896,3.48826,0.40891
1390,83,4,4,24,0,1,0,0,16.166,0.0986,0.15,580,31.3896,2.20595,0.40891
1391,290,21,21,53,0,1,0,0,133.059,0.09844,0.15,580,31.3896,2.05623,0.40891
1392,400,25,25,57,0,0,0,1,209.261,0.09827,0.15,580,31.3896,1.76188,0.40891
1393,19,1,1,5,0,1,0,0,-19.595,0.09811,0.15,580,31.3896,4.20867,0.40891
1394,128,9,9,26,0,1,0,0,45.621,0.09795,0.15,580,31.3896,2.44891,0.40891
1395,73,6,6,15,0,1,0,0,17.842,0.09778,0.15,580,31.3896,2.54536,0.40891
1396,110,9,9,16,0,1,0,0,33.732,0.09762,0.15,580,31.3896,2.67388,0.40891
1397,42,5,5,16,0,1,0,0,10.008,0.09746,0.15,580,31.3896,2.66575,0.40891
1398,259,13,13,28,0,1,0,0,87.253,0.0973,0.15,580,31.3896,1.44202,0.40891
1399,75,5,5,16,0,1,0,0,16.251,0.09713,0.15,581,31.3896,2.2353,0.40849
1400,360,25,25,61,0,1,0,0,169.846,0.09697,0.15,581,31.3896,2.23393,0.40849
1401,17,1,1,6,0,1,0,0,-17.179,0.09681,0.15,581,31.3896,5.47347,0.40849
1402,241,12,12,42,0,1,0,0,82.697,0.09665,0.15,581,31.3896,1.79319,0.40849
1403,95,1,1,10,0,1,0,0,-6.649,0.09649,0.15,581,31.3896,1.39099,0.40849
1404,240,18,18,50,0,1,0,0,112.747,0.09633,0.15,581,31.3896,2.22206,0.40849
1405,63,4,4,17,0,1,0,0,11.818,0.09617,0.15,581,31.3896,2.95142,0.40849
1406,53,3,3,13,0,1,0,0,-2.661,0.09601,0.15,581,31.3896,1.97366,0.40849
1407,400,29,29,77,0,0,0,1,233.184,0.09585,0.15,581,31.3896,1.78996,0.40878
1408,369,21,21,54,0,1,0,0,152.003,0.09569,0.15,581,31.3896,1.55556,0.40878
1409,400,25,25,59,0,0,0,1,223.637,0.09553,0.15,581,31.3896,1.57427,0.40906
1410,226,18,18,49,0,1,0,0,119.573,0.09537,0.15,581,31.3896,2.22071,0.40906
1411,400,29,29,79,0,0,0,1,243.487,0.09521,0.15,581,31.3896,1.95095,0.40906
1412,248,17,17,49,0,1,0,0,96.264,0.09505,0.15,581,31.3896,2.28571,0.40906
1413,17,1,1,5,0,1,0,0,-18.577,0.09489,0.15,581,31.3896,5.20742,0.40906
1414,400,37,37,81,0,0,0,1,262.1,0.09474,0.15,581,31.3896,1.91871,0.40935
1415,400,39,39,98,0,0,0,1,294.001,0.09458,0.15,581,31.3896,2.21139,0.40935
1416,40,4,4,10,0,1,0,0,1.347,0.09442,0.15,581,31.3896,2.91521,0.40935
1417,18,2,2,7,0,1,0,0,-12.657,0.09426,0.15,581,31.3896,4.24512,0.40935
1418,319,30,30,87,0,1,0,0,207.83,0.09411,0.15,581,31.3896,2.35443,0.40935
1419,94,10,10,28,0,1,0,0,50.469,0.09395,0.15,581,31.3896,2.62223,0.40964
1420,88,8,8,17,0,1,0,0,25.069,0.09379,0.15,581,31.3896,3.27367,0.40993
1421,214,13,13,52,0,1,0,0,92.066,0.09364,0.15,581,31.3896,2.14192,0.40993
1422,211,19,19,64,0,1,0,0,131.501,0.09348,0.15,581,31.3896,2.68797,0.40993
1423,113,12,12,36,0,1,0,0,65.887,0.09333,0.15,581,31.3896,2.73782,0.41021
1424,400,34,34,89,0,0,0,1,268.875,0.09317,0.15,581,31.3896,2.33477,0.41021
1425,400,39,39,95,0,0,0,1,287.166,0.09301,0.15,581,31.3896,2.15472,0.4105
1426,31,0,0,9,0,1,0,0,-19.893,0.09286,0.15,581,31.3896,3.71105,0.4105
1427,5,0,0,2,0,1,0,0,-31.008,0.0927,0.15,581,31.3896,9.08643,0.4105
1428,400,38,38,91,0,0,0,1,275.712,0.09255,0.15,581,31.3896,1.99487,0.4105
1429,400,42,42,107,0,0,0,1,307.528,0.0924,0.15,581,31.3896,2.31395,0.4105
1430,60,5,5,19,0,1,0,0,18.319,0.09224,0.15,581,31.3896,2.82885,0.4105
1431,137,16,16,44,0,1,0,0,91.003,0.09209,0.15,581,31.3896,2.36932,0.4105
1432,58,3,3,22,0,1,0,0,9.792,0.09194,0.15,581,31.3896,3.34694,0.4105
1433,53,5,5,17,0,1,0,0,4.071,0.09178,0.15,581,31.3896,2.68192,0.4105
1434,242,25,25,59,0,1,0,0,145.678,0.09163,0.15,581,31.3896,2.86926,0.4105
1435,241,23,23,48,0,1,0,0,129.09,0.09148,0.15,581,31.3896,2.51326,0.4105
1436,198,19,19,61,0,1,0,0,124.544,0.09132,0.15,582,31.3896,2.2788,0.41008
1437,180,15,15,49,0,1,0,0,83.469,0.09117,0.15,582,31.3896,2.58082,0.41037
1438,246,24,24,54,0,1,0,0,139.077,0.09102,0.15,582,31.3896,2.29912,0.41037
1439,128,19,19,40,0,1,0,0,93.149,0.09087,0.15,582,31.3896,2.52132,0.41037
1440,336,34,34,92,0,1,0,0,226.517,0.09072,0.15,582,31.3896,2.31298,0.41037
1441,400,42,42,98,0,0,0,1,292.208,0.09057,0.15,582,31.3896,2.38089,0.41065
1442,232,18,18,51,0,1,0,0,108.891,0.09042,0.15,582,31.3896,2.19689,0.41065
1443,82,5,5,17,0,1,0,0,15.092,0.09027,0.15,582,31.3896,2.76517,0.41065
1444,42,2,2,8,0,1,0,0,-14.897,0.09012,0.15,582,31.3896,3.66389,0.41065
1445,400,25,25,65,0,0,0,1,206.608,0.08997,0.15,582,31.3896,1.96817,0.41065
1446,110,14,14,30,0,1,0,0,63.206,0.08982,0.15,583,31.3896,2.42528,0.41023
1447,50,4,4,15,0,1,0,0,0.416,0.08967,0.15,583,31.3896,3.05634,0.41023
1448,36,1,1,9,0,1,0,0,-12.539,0.08952,0.15,583,31.3896,3.25676,0.41023
1449,88,9,9,25,0,1,0,0,36.41,0.08937,0.15,583,31.3896,3.13832,0.41023
1450,228,20,20,51,0,1,0,0,122.963,0.08922,0.15,583,31.3896,1.98383,0.41023
1451,23,1,1,7,0,1,0,0,-20.81,0.08907,0.15,583,31.3896,5.06482,0.41023
1452,103,6,6,22,0,1,0,0,32.348,0.08892,0.15,583,31.3896,2.90898,0.41023
1453,13,1,1,4,0,1,0,0,-21.015,0.08877,0.15,583,31.3896,4.09699,0.41023
1454,212,20,20,60,0,1,0,0,136.822,0.08863,0.15,583,31.3896,2.64847,0.41023
1455,400,26,26,68,0,0,0,1,224.643,0.08848,0.15,583,31.3896,2.13759,0.41052
1456,72,5,5,10,0,1,0,0,8.912,0.08833,0.15,583,31.3896,1.97266,0.41052
1457,144,18,18,37,0,1,0,0,90.318,0.08818,0.15,583,31.3896,2.76795,0.41081
1458,400,40,40,99,0,0,0,1,301.654,0.08804,0.15,583,31.3896,2.52171,0.41109
1459,400,40,40,93,0,0,0,1,287.085,0.08789,0.15,583,31.3896,2.06204,0.41109
1460,400,37,37,85,0,0,0,1,267.792,0.08774,0.15,583,31.3896,2.17126,0.41138
1461,110,9,9,26,0,1,0,0,43.332,0.0876,0.15,583,31.3896,2.38699,0.41138
1462,24,1,1,8,0,1,0,0,-19.098,0.08745,0.15,583,31.3896,4.96213,0.41138
1463,52,5,5,14,0,1,0,0,4.898,0.08731,0.15,583,31.3896,2.87441,0.41138
1464,86,5,5,17,0,1,0,0,17.284,0.08716,0.15,583,31.3896,2.32313,0.41138
1465,131,11,11,36,0,1,0,0,53.145,0.08702,0.15,583,31.3896,2.16123,0.41138
1466,242,20,20,49,0,1,0,0,128.113,0.08687,0.15,583,31.3896,1.93097,0.41138
1467,114,5,5,21,0,1,0,0,21.659,0.08673,0.15,583,31.3896,1.85424,0.41138
1468,96,11,11,35,0,1,0,0,58.046,0.08658,0.15,583,31.3896,2.39589,0.41138
1469,5,0,0,2,0,1,0,0,-26.012,0.08644,0.15,583,31.3896,11.80378,0.41138
1470,33,1,1,11,0,1,0,0,-7.661,0.08629,0.15,583,31.3896,3.10809,0.41138
1471,17,2,2,7,0,1,0,0,-15.775,0.08615,0.15,583,31.3896,6.69225,0.41138
1472,101,10,10,34,0,1,0,0,55.188,0.08601,0.15,584,31.3896,2.75315,0.41096
1473,400,24,24,76,0,0,0,1,222.816,0.08586,0.15,584,31.3896,1.92953,0.41096
1474,276,23,23,62,0,1,0,0,151.7,0.08572,0.15,585,31.3896,2.12637,0.41083
1475,68,6,6,17,0,1,0,0,17.762,0.08558,0.15,585,31.3896,2.56896,0.41083
1476,73,6,6,26,0,1,0,0,22.286,0.08543,0.15,585,31.3896,2.68177,0.41083
1477,400,38,38,90,0,0,0,1,286.768,0.08529,0.15,585,31.3896,2.35548,0.41083
1478,143,15,15,46,0,1,0,0,82.489,0.08515,0.15,585,31.3896,2.54701,0.41083
1479,400,38,38,107,0,0,0,1,295.955,0.08501,0.15,585,31.3896,2.53584,0.41111
1480,184,21,21,47,0,1,0,0,118.286,0.08487,0.15,585,31.3896,2.30849,0.41111
1481,43,5,5,13,0,1,0,0,9.93,0.08473,0.15,585,31.3896,2.6859,0.41111
1482,45,2,2,18,0,1,0,0,-2.867,0.08458,0.15,585,31.3896,3.41426,0.41111
1483,400,26,26,61,0,0,0,1,207.626,0.08444,0.15,585,31.3896,2.42246,0.41111
1484,308,18,18,57,0,1,0,0,131.768,0.0843,0.15,585,31.3896,2.29091,0.41111
1485,124,10,10,33,0,1,0,0,56.306,0.08416,0.15,585,31.3896,2.11063,0.41111
1486,396,22,22,60,0,1,0,0,170.115,0.08402,0.15,585,31.3896,2.07463,0.41111
1487,400,26,26,67,0,0,0,1,215.174,0.08388,0.15,586,31.3896,2.25957,0.41098
1488,60,6,6,17,0,1,0,0,10.604,0.08374,0.15,586,31.3896,2.65545,0.41098
1489,12,0,0,1,0,1,0,0,-26.144,0.0836,0.15,586,31.3896,1.79586,0.41098
1490,76,4,4,16,0,1,0,0,10.721,0.08346,0.15,586,31.3896,2.47791,0.41098
1491,400,22,22,71,0,0,0,1,210.318,0.08333,0.15,586,31.3896,1.98364,0.41098
1492,9,0,0,4,0,1,0,0,-32.198,0.08319,0.15,586,31.3896,3.68224,0.41098
1493,301,22,22,58,0,1,0,0,151.871,0.08305,0.15,586,31.3896,2.18176,0.41098
1494,15,0,0,5,0,1,0,0,-22.177,0.08291,0.15,586,31.3896,4.54637,0.41098
1495,5,0,0,2,0,1,0,0,-31.104,0.08277,0.15,586,31.3896,3.92753,0.41098
1496,131,3,3,22,0,1,0,0,14.427,0.08263,0.15,586,31.3896,2.41082,0.41098
1497,202,16,16,43,0,1,0,0,102.51,0.0825,0.15,586,31.3896,2.31111,0.41098
1498,400,16,16,35,0,0,0,1,160.15,0.08236,0.15,586,31.3896,1.35235,0.41098
1499,200,9,9,22,0,1,0,0,55.774,0.08222,0.15,586,31.3896,1.37055,0.41098
1500,13,0,0,1,0,1,0,0,-29.688,0.08208,0.15,586,31.3896,4.34074,0.41098
1501,169,16,16,35,0,1,0,0,93.522,0.08195,0.15,586,31.3896,2.32766,0.41098
1502,400,16,16,57,0,0,0,1,171.672,0.08181,0.15,586,31.3896,2.05184,0.41098
1503,252,20,20,56,0,1,0,0,135.833,0.08168,0.15,586,31.3896,2.11007,0.41098
1504,80,4,4,16,0,1,0,0,11.103,0.08154,0.15,586,31.3896,2.38193,0.41098
1505,166,5,5,23,0,1,0,0,34.395,0.0814,0.15,586,31.3896,2.22979,0.41098
1506,5,0,0,2,0,1,0,0,-27.706,0.08127,0.15,586,31.3896,7.12009,0.41098
1507,107,5,5,18,0,1,0,0,23.559,0.08113,0.15,586,31.3896,2.67904,0.41098
1508,39,2,2,5,0,1,0,0,-11.283,0.081,0.15,586,31.3896,2.516,0.41098
1509,400,12,12,35,0,0,0,1,129.594,0.08086,0.15,586,31.3896,1.76555,0.41098
1510,230,12,12,28,0,1,0,0,69.532,0.08073,0.15,586,31.3896,2.16329,0.41098
1511,346,10,10,42,0,1,0,0,100.235,0.08059,0.15,586,31.3896,1.26117,0.41098
1512,203,11,11,33,0,1,0,0,55.109,0.08046,0.15,586,31.3896,1.89247,0.41098
1513,400,26,26,82,0,0,0,1,229.23,0.08033,0.15,586,31.3896,1.75741,0.41098
1514,13,0,0,3,0,1,0,0,-23.519,0.08019,0.15,586,31.3896,5.3401,0.41098
1515,13,1,1,3,0,1,0,0,-23.081,0.08006,0.15,586,31.3896,6.45452,0.41098
1516,21,1,1,8,0,1,0,0,-19.753,0.07992,0.15,586,31.3896,3.94784,0.41098
1517,60,3,3,14,0,1,0,0,8.755,0.07979,0.15,586,31.3896,2.52197,0.41098
1518,145,7,7,12,0,1,0,0,32.878,0.07966,0.15,586,31.3896,2.03449,0.41098
1519,400,11,11,33,0,0,0,1,117.108,0.07953,0.15,586,31.3896,1.78492,0.41098
1520,218,13,13,30,0,1,0,0,78.961,0.07939,0.15,586,31.3896,1.48846,0.41098
1521,400,14,14,32,0,0,0,1,142.455,0.07926,0.15,586,31.3896,1.45101,0.41098
1522,48,4,4,7,0,1,0,0,0.541,0.07913,0.15,586,31.3896,3.24392,0.41098
1523,159,10,10,27,0,1,0,0,59.117,0.079,0.15,586,31.3896,2.03792,0.41098
1524,364,24,24,61,0,1,0,0,167.483,0.07887,0.15,586,31.3896,1.85912,0.41098
1525,57,2,2,8,0,1,0,0,-5.531,0.07874,0.15,586,31.3896,3.02874,0.41098
1526,72,9,9,17,0,1,0,0,29.977,0.0786,0.15,586,31.3896,2.57102,0.41098
1527,37,1,1,5,0,1,0,0,-18.702,0.07847,0.15,586,31.3896,3.99933,0.41098
1528,77,3,3,11,0,1,0,0,5.235,0.07834,0.15,586,31.3896,2.16189,0.41098
1529,5,0,0,3,0,1,0,0,-33.406,0.07821,0.15,586,31.3896,3.14888,0.41098
1530,20,2,2,4,0,1,0,0,-16.844,0.07808,0.15,586,31.3896,2.95229,0.41098
1531,6,0,0,1,0,1,0,0,-28.506,0.07795,0.15,586,31.3896,5.95482,0.41098
1532,400,6,6,19,0,0,0,1,98.083,0.07782,0.15,586,31.3896,1.01478,0.41098
1533,140,1,1,5,0,1,0,0,3.282,0.07769,0.15,586,31.3896,0.77715,0.41098
1534,5,0,0,3,0,1,0,0,-30.408,0.07756,0.15,586,31.3896,7.99495,0.41098
1535,33,1,1,7,0,1,0,0,-16.727,0.07743,0.15,586,31.3896,2.25786,0.41098
1536,82,4,4,17,0,1,0,0,13.177,0.0773,0.15,586,31.3896,2.88795,0.41098
1537,400,17,17,44,0,0,0,1,159.241,0.07718,0.15,586,31.3896,1.72066,0.41098
1538,177,4,4,11,0,1,0,0,20.079,0.07705,0.15,586,31.3896,1.29403,0.41098
1539,400,2,2,10,0,0,0,1,87.308,0.07692,0.15,586,31.3896,0.40874,0.41098
1540,30,4,4,13,0,1,0,0,-3.647,0.07679,0.15,586,31.3896,4.15755,0.41098
1541,177,15,15,39,0,1,0,0,85.472,0.07666,0.15,586,31.3896,2.24438,0.41098
1542,23,2,2,9,0,1,0,0,-13.632,0.07654,0.15,586,31.3896,3.30331,0.41098
1543,249,15,15,34,0,1,0,0,89.853,0.07641,0.15,586,31.3896,1.82478,0.41098
1544,289,15,15,31,0,1,0,0,96.938,0.07628,0.15,587,31.3896,1.42034,0.41085
1545,25,3,3,10,0,1,0,0,-10.127,0.07615,0.15,587,31.3896,3.85259,0.41085
1546,400,20,20,52,0,0,0,1,193.36,0.07603,0.15,587,31.3896,1.3696,0.41085
1547,42,0,0,3,0,1,0,0,-24.518,0.0759,0.15,587,31.3896,1.41177,0.41085
1548,387,6,6,18,0,1,0,0,80.833,0.07577,0.15,587,31.3896,0.71438,0.41085
1549,400,3,3,5,0,0,0,1,95.302,0.07565,0.15,587,31.3896,0.27302,0.41085
1550,400,6,6,20,0,0,0,1,119.734,0.07552,0.15,587,31.3896,0.74106,0.41085
1551,400,2,2,6,0,0,0,1,80.388,0.0754,0.15,587,31.3896,0.4484,0.41085
1552,400,17,17,33,0,0,0,1,163.465,0.07527,0.15,587,31.3896,1.1051,0.41085
1553,400,14,14,34,0,0,0,1,153.049,0.07515,0.15,587,31.3896,1.35887,0.41085
1554,400,16,16,37,0,0,0,1,164.755,0.07502,0.15,587,31.3896,1.24115,0.41085
1555,400,17,17,33,0,0,0,1,165.845,0.0749,0.15,587,31.3896,1.22542,0.41085
1556,14,0,0,5,0,1,0,0,-21.83,0.07477,0.15,587,31.3896,3.75862,0.41085
1557,14,0,0,3,0,1,0,0,-31.748,0.07465,0.15,587,31.3896,3.05969,0.41085
1558,99,7,7,18,0,1,0,0,22.741,0.07452,0.15,587,31.3896,2.24105,0.41085
1559,99,7,7,20,0,1,0,0,28.825,0.0744,0.15,587,31.3896,2.34849,0.41085
1560,108,6,6,19,0,1,0,0,25.675,0.07427,0.15,587,31.3896,2.6739,0.41085
1561,400,27,27,68,0,0,0,1,231.285,0.07415,0.15,587,31.3896,1.95486,0.41085
1562,400,28,28,78,0,0,0,1,234.917,0.07403,0.15,587,31.3896,1.78072,0.41085
1563,159,7,7,29,0,1,0,0,39.202,0.0739,0.15,587,31.3896,1.76539,0.41085
1564,341,33,33,85,0,1,0,0,214.759,0.07378,0.15,587,31.3896,2.41963,0.41085
1565,240,23,23,64,0,1,0,0,154.439,0.07366,0.15,587,31.3896,2.68461,0.41085
1566,33,4,4,11,0,1,0,0,-4.978,0.07353,0.15,587,31.3896,3.45256,0.41085
1567,15,1,1,6,0,1,0,0,-16.853,0.07341,0.15,587,31.3896,2.86785,0.41085
1568,341,26,26,79,0,1,0,0,185.407,0.07329,0.15,587,31.3896,2.26649,0.41085
1569,54,6,6,17,0,1,0,0,10.673,0.07317,0.15,587,31.3896,3.47992,0.41085
1570,51,2,2,7,0,1,0,0,-7.199,0.07305,0.15,587,31.3896,2.00923,0.41085
1571,400,18,18,57,0,0,0,1,194.861,0.07292,0.15,587,31.3896,1.81925,0.41113
1572,136,12,12,29,0,1,0,0,60.514,0.0728,0.15,587,31.3896,2.67528,0.41141
1573,17,1,1,4,0,1,0,0,-20.52,0.07268,0.15,587,31.3896,4.29,0.41141
1574,241,18,18,52,0,1,0,0,112.025,0.07256,0.15,587,31.3896,2.53879,0.41141
1575,55,3,3,12,0,1,0,0,-3.996,0.07244,0.15,587,31.3896,3.40766,0.41141
1576,400,23,23,66,0,0,0,1,214.4,0.07232,0.15,587,31.3896,1.82783,0.41141
1577,291,31,31,65,0,1,0,0,183.416,0.0722,0.15,587,31.3896,2.53698,0.41141
1578,19,3,3,5,0,1,0,0,-16.306,0.07208,0.15,587,31.3896,4.72478,0.41141
1579,97,6,6,25,0,1,0,0,31.076,0.07196,0.15,587,31.3896,2.96746,0.41141
1580,284,26,26,65,0,1,0,0,164.851,0.07184,0.15,587,31.3896,2.36388,0.41141
1581,50,5,5,13,0,1,0,0,10.257,0.07172,0.15,587,31.3896,2.62455,0.41141
1582,400,33,33,96,0,0,0,1,266.01,0.0716,0.15,587,31.3896,2.29897,0.41141
1583,391,33,33,86,0,1,0,0,230.118,0.07148,0.15,587,31.3896,2.23146,0.41141
1584,400,45,45,100,0,0,0,1,317.168,0.07136,0.15,587,31.3896,2.27333,0.41141
1585,400,39,39,103,0,0,0,1,308.353,0.07124,0.15,587,31.3896,2.27368,0.41141
1586,12,0,0,3,0,1,0,0,-28.462,0.07112,0.15,587,31.3896,6.06353,0.41141
1587,142,13,13,47,0,1,0,0,77.083,0.07101,0.15,587,31.3896,2.75548,0.41141
1588,400,40,40,101,0,0,0,1,306.255,0.07089,0.15,587,31.3896,2.23944,0.4117
1589,27,1,1,6,0,1,0,0,-15.299,0.07077,0.15,587,31.3896,4.01588,0.4117
1590,34,3,3,13,0,1,0,0,-6.451,0.07065,0.15,587,31.3896,3.61663,0.4117
1591,400,43,43,110,0,0,0,1,314.416,0.07053,0.15,587,31.3896,2.4303,0.4117
1592,55,4,4,13,0,1,0,0,7.877,0.07042,0.15,587,31.3896,3.56084,0.4117
1593,70,4,4,22,0,1,0,0,11.857,0.0703,0.15,587,31.3896,3.39766,0.4117
1594,400,42,42,103,0,0,0,1,298.478,0.07018,0.15,587,31.3896,2.28289,0.4117
1595,17,3,3,7,0,1,0,0,-10.075,0.07006,0.15,587,31.3896,4.95438,0.4117
1596,400,38,38,105,0,0,0,1,306.607,0.06995,0.15,587,31.3896,2.26479,0.4117
1597,255,30,30,71,0,1,0,0,187.171,0.06983,0.15,587,31.3896,2.47236,0.41198
1598,338,36,36,91,0,1,0,0,248.312,0.06972,0.15,587,31.3896,2.29639,0.41198
1599,7,0,0,5,0,1,0,0,-22.648,0.0696,0.15,587,31.3896,7.41665,0.41198
1600,257,34,34,79,0,1,0,0,200.833,0.06948,0.15,587,31.3896,2.40514,0.41198
1601,55,4,4,16,0,1,0,0,1.795,0.06937,0.15,587,31.3896,2.47707,0.41198
1602,232,21,21,57,0,1,0,0,134.981,0.06925,0.15,587,31.3896,2.1558,0.41198
1603,382,38,38,87,0,1,0,0,244.264,0.06914,0.15,587,31.3896,2.33412,0.41198
1604,400,39,39,94,0,0,0,1,283.561,0.06902,0.15,587,31.3896,2.04404,0.41198
1605,394,39,39,103,0,1,0,0,268.986,0.06891,0.15,587,31.3896,2.1793,0.41198
1606,47,5,5,12,0,1,0,0,5.145,0.06879,0.15,587,31.3896,4.04186,0.41198
1607,400,37,37,92,0,0,0,1,277.718,0.06868,0.15,587,31.3896,2.10753,0.41198
1608,111,10,10,34,0,1,0,0,46.589,0.06856,0.15,587,31.3896,2.45403,0.41198
1609,260,26,26,70,0,1,0,0,162.195,0.06845,0.15,587,31.3896,2.28306,0.41227
1610,400,42,42,97,0,0,0,1,303.59,0.06833,0.15,587,31.3896,2.16,0.41255
1611,365,32,32,88,0,1,0,0,218.137,0.06822,0.15,587,31.3896,2.16866,0.41283
1612,53,5,5,16,0,1,0,0,9.646,0.06811,0.15,587,31.3896,2.84629,0.41283
1613,116,7,7,31,0,1,0,0,35.405,0.06799,0.15,587,31.3896,2.71751,0.41283
1614,16,1,1,5,0,1,0,0,-19.039,0.06788,0.15,587,31.3896,3.78845,0.41283
1615,285,28,28,63,0,1,0,0,179.98,0.06777,0.15,587,31.3896,2.03201,0.41283
1616,100,9,9,27,0,1,0,0,42.422,0.06766,0.15,587,31.3896,2.77774,0.41283
1617,400,39,39,97,0,0,0,1,288.331,0.06754,0.15,587,31.3896,2.23989,0.41283
1618,13,0,0,4,0,1,0,0,-22.919,0.06743,0.15,587,31.3896,5.70792,0.41283
1619,17,1,1,9,0,1,0,0,-17.041,0.06732,0.15,587,31.3896,6.37079,0.41283
1620,114,10,10,31,0,1,0,0,53.378,0.06721,0.15,587,31.3896,2.56947,0.41283
1621,152,16,16,42,0,1,0,0,85.668,0.06709,0.15,587,31.3896,2.55866,0.41283
1622,400,41,41,103,0,0,0,1,302.618,0.06698,0.15,588,31.3896,2.31877,0.41241
1623,314,36,36,78,0,1,0,0,216.582,0.06687,0.15,588,31.3896,2.18541,0.41241
1624,32,4,4,12,0,1,0,0,0.765,0.06676,0.15,588,31.3896,3.00545,0.41241
1625,352,34,34,77,0,1,0,0,216.052,0.06665,0.15,590,31.3896,2.27542,0.41186
1626,57,4,4,21,0,1,0,0,11.537,0.06654,0.15,590,31.3896,3.19595,0.41186
1627,400,38,38,104,0,0,0,1,284.96,0.06643,0.15,590,31.3896,2.24403,0.41186
1628,365,29,29,81,0,1,0,0,202.577,0.06632,0.15,590,31.3896,2.61503,0.41215
1629,13,0,0,3,0,1,0,0,-25.173,0.0662,0.15,590,31.3896,8.09153,0.41215
1630,286,29,29,64,0,1,0,0,176.921,0.06609,0.15,590,31.3896,2.57393,0.41215
1631,70,4,4,17,0,1,0,0,5.812,0.06598,0.15,591,31.3896,3.41101,0.41201
1632,6,0,0,1,0,1,0,0,-31.806,0.06587,0.15,591,31.3896,9.72406,0.41201
1633,86,8,8,23,0,1,0,0,36.948,0.06577,0.15,591,31.3896,2.30887,0.41201
1634,17,2,2,5,0,1,0,0,-15.575,0.06566,0.15,591,31.3896,5.64904,0.41201
1635,25,4,4,11,0,1,0,0,-5.997,0.06555,0.15,591,31.3896,4.26848,0.41201
1636,400,12,12,54,0,0,0,1,137.418,0.06544,0.15,591,31.3896,1.84685,0.41201
1637,400,15,15,47,0,0,0,1,140.117,0.06533,0.15,591,31.3896,1.80684,0.41201
1638,400,29,29,64,0,0,0,1,219.788,0.06522,0.15,591,31.3896,2.2438,0.41201
1639,141,13,13,43,0,1,0,0,76.212,0.06511,0.15,591,31.3896,2.78213,0.41201
1640,186,12,12,35,0,1,0,0,76.145,0.065,0.15,592,31.3896,2.4382,0.4116
1641,400,31,31,78,0,0,0,1,244.7,0.06489,0.15,592,31.3896,2.24625,0.4116
1642,400,39,39,89,0,0,0,1,289.144,0.06479,0.15,592,31.3896,2.49243,0.4116
1643,400,36,36,94,0,0,0,1,273.304,0.06468,0.15,592,31.3896,2.39527,0.4116
1644,228,24,24,68,0,1,0,0,148.508,0.06457,0.15,592,31.3896,2.05247,0.4116
1645,81,10,10,21,0,1,0,0,42.065,0.06446,0.15,592,31.3896,2.76003,0.4116
1646,53,3,3,19,0,1,0,0,2.339,0.06436,0.15,592,31.3896,3.21774,0.4116
1647,5,0,0,2,0,1,0,0,-26.052,0.06425,0.15,592,31.3896,10.43395,0.4116
1648,400,42,42,98,0,0,0,1,303.054,0.06414,0.15,592,31.3896,2.42851,0.4116
1649,400,32,32,88,0,0,0,1,259.933,0.06403,0.15,592,31.3896,2.13226,0.41188
1650,231,21,21,57,0,1,0,0,134.568,0.06393,0.15,592,31.3896,2.18882,0.41188
1651,17,2,2,8,0,1,0,0,-13.377,0.06382,0.15,592,31.3896,3.50746,0.41188
1652,13,0,0,5,0,1,0,0,-25.373,0.06372,0.15,592,31.3896,8.86888,0.41188
1653,400,42,42,105,0,0,0,1,311.839,0.06361,0.15,592,31.3896,2.12391,0.41188
1654,60,5,5,23,0,1,0,0,17.179,0.0635,0.15,592,31.3896,3.03194,0.41188
1655,93,13,13,30,0,1,0,0,51.196,0.0634,0.15,592,31.3896,3.30255,0.41188
1656,400,26,26,67,0,0,0,1,221.571,0.06329,0.15,592,31.3896,1.82413,0.41188
1657,400,18,18,54,0,0,0,1,175.334,0.06319,0.15,592,31.3896,1.74302,0.41188
1658,115,7,7,24,0,1,0,0,38.699,0.06308,0.15,592,31.3896,2.71025,0.41188
1659,400,31,31,69,0,0,0,1,229.957,0.06298,0.15,592,31.3896,2.41056,0.41188
1660,6,0,0,2,0,1,0,0,-30.806,0.06287,0.15,592,31.3896,8.97179,0.41188
1661,41,5,5,13,0,1,0,0,5.829,0.06277,0.15,592,31.3896,3.63065,0.41188
1662,360,40,40,94,0,1,0,0,250.908,0.06266,0.15,592,31.3896,2.38207,0.41188
1663,313,26,26,60,0,1,0,0,168.279,0.06256,0.15,592,31.3896,2.21274,0.41188
1664,400,40,40,98,0,0,0,1,294.633,0.06245,0.15,592,31.3896,2.17565,0.41188
1665,400,41,41,101,0,0,0,1,303.476,0.06235,0.15,592,31.3896,2.1386,0.41188
1666,5,0,0,1,0,1,0,0,-27.012,0.06225,0.15,592,31.3896,2.69655,0.41188
1667,400,38,38,101,0,0,0,1,279.04,0.06214,0.15,592,31.3896,2.43187,0.41188
1668,400,27,27,70,0,0,0,1,206.95,0.06204,0.15,592,31.3896,2.01509,0.41188
1669,400,31,31,78,0,0,0,1,243.391,0.06194,0.15,592,31.3896,1.77304,0.41188
1670,400,40,40,95,0,0,0,1,305.443,0.06183,0.15,592,31.3896,2.07205,0.41188
1671,400,36,36,103,0,0,0,1,292.174,0.06173,0.15,593,31.3896,2.00332,0.41147
1672,209,20,20,52,0,1,0,0,120.511,0.06163,0.15,593,31.3896,2.22076,0.41147
1673,143,10,10,42,0,1,0,0,69.436,0.06152,0.15,593,31.3896,2.47138,0.41147
1674,309,31,31,88,0,1,0,0,205.155,0.06142,0.15,593,31.3896,2.41849,0.41175
1675,17,3,3,9,0,1,0,0,-9.333,0.06132,0.15,593,31.3896,6.06333,0.41175
1676,242,20,20,62,0,1,0,0,135.553,0.06122,0.15,593,31.3896,2.2292,0.41175
1677,5,0,0,3,0,1,0,0,-29.704,0.06111,0.15,593,31.3896,3.98679,0.41175
1678,54,5,5,11,0,1,0,0,14.068,0.06101,0.15,593,31.3896,2.17731,0.41175
1679,400,36,36,104,0,0,0,1,301.703,0.06091,0.15,593,31.3896,2.13506,0.41175
1680,44,4,4,15,0,1,0,0,8.764,0.06081,0.15,593,31.3896,2.35393,0.41175
1681,400,44,44,99,0,0,0,1,317.894,0.06071,0.15,593,31.3896,2.35863,0.41175
1682,26,2,2,10,0,1,0,0,-7.724,0.06061,0.15,593,31.3896,3.36582,0.41175
1683,43,2,2,13,0,1,0,0,-9.795,0.06051,0.15,593,31.3896,3.65094,0.41175
1684,76,9,9,30,0,1,0,0,33.814,0.06041,0.15,593,31.3896,3.13462,0.41175
1685,400,45,45,107,0,0,0,1,328.134,0.06031,0.15,593,31.3896,2.36379,0.41175
1686,122,15,15,41,0,1,0,0,79.829,0.0602,0.15,593,31.3896,2.18676,0.41175
1687,387,24,24,74,0,1,0,0,167.542,0.0601,0.15,593,31.3896,2.31638,0.41175
1688,98,14,14,34,0,1,0,0,67.356,0.06,0.15,593,31.3896,2.7161,0.41175
1689,55,7,7,13,0,1,0,0,17.033,0.0599,0.15,593,31.3896,2.22545,0.41175
1690,150,13,13,36,0,1,0,0,69.811,0.0598,0.15,593,31.3896,3.15353,0.41203
1691,400,39,39,102,0,0,0,1,300.022,0.05971,0.15,593,31.3896,2.36501,0.41203
1692,400,44,44,103,0,0,0,1,318.719,0.05961,0.15,593,31.3896,2.35754,0.41231
1693,400,42,42,93,0,0,0,1,303.056,0.05951,0.15,594,31.3896,2.1204,0.4119
1694,40,3,3,17,0,1,0,0,-2.211,0.05941,0.15,594,31.3896,3.68062,0.4119
1695,400,40,40,99,0,0,0,1,295.685,0.05931,0.15,594,31.3896,2.25688,0.4119
1696,5,0,0,3,0,1,0,0,-33.806,0.05921,0.15,594,31.3896,3.03128,0.4119
1697,137,12,12,37,0,1,0,0,61.64,0.05911,0.15,594,31.3896,2.43344,0.4119
1698,400,41,41,101,0,0,0,1,304.579,0.05901,0.15,594,31.3896,2.34186,0.4119
1699,400,39,39,104,0,0,0,1,303.906,0.05891,0.15,594,31.3896,2.28221,0.4119
1700,159,13,13,40,0,1,0,0,68.716,0.05882,0.15,594,31.3896,2.51549,0.4119
1701,400,38,38,102,0,0,0,1,291.061,0.05872,0.15,594,31.3896,2.20101,0.41218
1702,400,34,34,94,0,0,0,1,271.935,0.05862,0.15,594,31.3896,2.13104,0.41218
1703,400,38,38,97,0,0,0,1,293.154,0.05852,0.15,594,31.3896,2.13418,0.41218
1704,400,36,36,88,0,0,0,1,265.199,0.05843,0.15,594,31.3896,1.91489,0.41218
1705,19,2,2,7,0,1,0,0,-12.936,0.05833,0.15,594,31.3896,3.35659,0.41218
1706,5,0,0,1,0,1,0,0,-26.612,0.05823,0.15,594,31.3896,9.09647,0.41218
1707,186,17,17,45,0,1,0,0,93.577,0.05813,0.15,594,31.3896,2.38925,0.41218
1708,40,0,0,4,0,1,0,0,-30.986,0.05804,0.15,594,31.3896,0.89112,0.41218
1709,400,34,34,79,0,0,0,1,234.297,0.05794,0.15,594,31.3896,2.45413,0.41218
1710,286,26,26,69,0,1,0,0,167.108,0.05784,0.15,594,31.3896,2.04105,0.41218
1711,400,40,40,93,0,0,0,1,302.061,0.05775,0.15,594,31.3896,1.99492,0.41218
1712,81,11,11,26,0,1,0,0,41.814,0.05765,0.15,594,31.3896,2.65485,0.41218
1713,21,1,1,6,0,1,0,0,-17.029,0.05756,0.15,594,31.3896,4.61339,0.41218
1714,327,21,21,79,0,1,0,0,168.377,0.05746,0.15,594,31.3896,2.16557,0.41218
1715,263,24,24,75,0,1,0,0,163.433,0.05736,0.15,594,31.3896,2.26671,0.41218
1716,265,22,22,46,0,1,0,0,134.65,0.05727,0.15,594,31.3896,2.15993,0.41218
1717,37,6,6,11,0,1,0,0,7.751,0.05717,0.15,594,31.3896,3.09277,0.41218
1718,125,15,15,41,0,1,0,0,77.827,0.05708,0.15,594,31.3896,2.74415,0.41218
1719,336,28,28,72,0,1,0,0,189.091,0.05698,0.15,594,31.3896,2.02437,0.41218
1720,48,4,4,23,0,1,0,0,2.084,0.05689,0.15,594,31.3896,4.12739,0.41218
1721,32,1,1,7,0,1,0,0,-16.575,0.05679,0.15,594,31.3896,4.69311,0.41218
1722,46,2,2,10,0,1,0,0,-7.229,0.0567,0.15,594,31.3896,3.59869,0.41218
1723,79,0,0,2,0,1,0,0,-19.132,0.0566,0.15,594,31.3896,0.55438,0.41218
1724,29,3,3,9,0,1,0,0,-6.001,0.05651,0.15,594,31.3896,4.4739,0.41218
1725,5,0,0,4,0,1,0,0,-32.406,0.05642,0.15,594,31.3896,1.40721,0.41218
1726,13,0,0,5,0,1,0,0,-25.375,0.05632,0.15,594,31.3896,7.72438,0.41218
1727,400,21,21,61,0,0,0,1,197.546,0.05623,0.15,594,31.3896,2.21418,0.41218
1728,47,2,2,10,0,1,0,0,-8.891,0.05613,0.15,594,31.3896,3.22109,0.41218
1729,197,14,14,35,0,1,0,0,71.002,0.05604,0.15,594,31.3896,2.3326,0.41218
1730,210,9,9,29,0,1,0,0,61.926,0.05595,0.15,594,31.3896,1.7601,0.41218
1731,267,23,23,53,0,1,0,0,134.43,0.05585,0.15,594,31.3896,2.27421,0.41218
1732,400,33,33,83,0,0,0,1,258.612,0.05576,0.15,594,31.3896,2.08442,0.41218
1733,36,2,2,10,0,1,0,0,-8.165,0.05567,0.15,594,31.3896,2.72582,0.41218
1734,400,35,35,85,0,0,0,1,266.058,0.05558,0.15,594,31.3896,1.93396,0.41246
1735,35,2,2,11,0,1,0,0,-5.413,0.05548,0.15,594,31.3896,2.97722,0.41246
1736,142,14,14,37,0,1,0,0,75.974,0.05539,0.15,594,31.3896,2.64431,0.41246
1737,400,18,18,44,0,0,0,1,174.899,0.0553,0.15,594,31.3896,1.03826,0.41246
1738,400,41,41,102,0,0,0,1,306.697,0.05521,0.15,594,31.3896,2.11136,0.41246
1739,375,38,38,98,0,1,0,0,258.285,0.05512,0.15,594,31.3896,2.14527,0.41246
1740,31,2,2,8,0,1,0,0,-12.856,0.05502,0.15,594,31.3896,2.8413,0.41246
1741,80,6,6,22,0,1,0,0,19.254,0.05493,0.15,594,31.3896,2.77313,0.41246
1742,159,19,19,41,0,1,0,0,103.646,0.05484,0.15,594,31.3896,2.39923,0.41246
1743,132,15,15,41,0,1,0,0,73.434,0.05475,0.15,594,31.3896,2.75926,0.41246
1744,400,39,39,105,0,0,0,1,304.041,0.05466,0.15,594,31.3896,2.27163,0.41246
1745,80,10,10,29,0,1,0,0,38.828,0.05457,0.15,594,31.3896,2.76413,0.41246
1746,13,0,0,4,0,1,0,0,-27.347,0.05448,0.15,594,31.3896,6.14128,0.41246
1747,47,5,5,13,0,1,0,0,9.136,0.05439,0.15,594,31.3896,2.94965,0.41246
1748,400,36,36,99,0,0,0,1,289.129,0.05429,0.15,594,31.3896,2.06186,0.41274
1749,93,8,8,32,0,1,0,0,41.984,0.0542,0.15,594,31.3896,2.46428,0.41274
1750,400,33,33,88,0,0,0,1,259.881,0.05411,0.15,594,31.3896,1.82005,0.41274
1751,56,3,3,13,0,1,0,0,-3.502,0.05402,0.15,594,31.3896,2.59352,0.41274
1752,400,26,26,64,0,0,0,1,212.085,0.05393,0.15,594,31.3896,1.79069,0.41274
1753,13,0,0,4,0,1,0,0,-27.877,0.05384,0.15,594,31.3896,6.44863,0.41274
1754,122,13,13,43,0,1,0,0,75.01,0.05375,0.15,594,31.3896,2.39758,0.41274
1755,32,0,0,9,0,1,0,0,-17.347,0.05366,0.15,594,31.3896,4.01037,0.41274
1756,400,36,36,102,0,0,0,1,295.012,0.05358,0.15,594,31.3896,2.22694,0.41274
1757,110,13,13,35,0,1,0,0,62.318,0.05349,0.15,594,31.3896,2.40804,0.41274
1758,66,6,6,20,0,1,0,0,24.628,0.0534,0.15,594,31.3896,2.74279,0.41274
1759,145,11,11,43,0,1,0,0,73.44,0.05331,0.15,594,31.3896,2.19698,0.41274
1760,400,40,40,107,0,0,0,1,301.905,0.05322,0.15,594,31.3896,2.36218,0.41302
1761,400,24,24,67,0,0,0,1,215.561,0.05313,0.15,594,31.3896,1.51705,0.41302
1762,400,36,36,89,0,0,0,1,277.938,0.05304,0.15,594,31.3896,1.89404,0.41302
1763,289,32,32,72,0,1,0,0,192.49,0.05295,0.15,594,31.3896,2.18929,0.41302
1764,400,42,42,94,0,0,0,1,303.396,0.05287,0.15,594,31.3896,2.00661,0.41302
1765,123,14,14,39,0,1,0,0,72.725,0.05278,0.15,594,31.3896,2.41556,0.41302
1766,400,38,38,91,0,0,0,1,283.756,0.05269,0.15,594,31.3896,2.1945,0.4133
1767,400,29,29,65,0,0,0,1,227.295,0.0526,0.15,594,31.3896,2.01575,0.4133
1768,400,38,38,88,0,0,0,1,294.163,0.05251,0.15,594,31.3896,1.89543,0.4133
1769,18,3,3,8,0,1,0,0,-9.133,0.05243,0.15,594,31.3896,3.71203,0.4133
1770,30,3,3,9,0,1,0,0,-6.801,0.05234,0.15,594,31.3896,4.82242,0.4133
1771,48,3,3,16,0,1,0,0,3.112,0.05225,0.15,594,31.3896,3.43547,0.4133
1772,57,5,5,21,0,1,0,0,17.918,0.05217,0.15,594,31.3896,2.17497,0.4133
1773,18,1,1,7,0,1,0,0,-19.065,0.05208,0.15,594,31.3896,4.24242,0.4133
1774,400,24,24,67,0,0,0,1,206.952,0.05199,0.15,594,31.3896,1.87895,0.4133
1775,58,3,3,10,0,1,0,0,-4.935,0.05191,0.15,595,31.3896,4.34729,0.41317
1776,61,3,3,14,0,1,0,0,7.213,0.05182,0.15,595,31.3896,3.1564,0.41317
1777,17,1,1,6,0,1,0,0,-16.402,0.05173,0.15,595,31.3896,4.39497,0.41317
1778,61,6,6,13,0,1,0,0,10.948,0.05165,0.15,595,31.3896,2.76162,0.41317
1779,400,28,28,82,0,0,0,1,241.436,0.05156,0.15,596,31.3896,2.3412,0.41275
1780,400,36,36,92,0,0,0,1,277.93,0.05147,0.15,596,31.3896,2.4691,0.41275
1781,202,20,20,53,0,1,0,0,125.58,0.05139,0.15,596,31.3896,2.34675,0.41275
1782,400,39,39,92,0,0,0,1,298.074,0.0513,0.15,596,31.3896,2.50388,0.41275
1783,400,36,36,92,0,0,0,1,294.795,0.05122,0.15,596,31.3896,2.32885,0.41275
1784,212,14,14,45,0,1,0,0,91.767,0.05113,0.15,596,31.3896,2.05283,0.41275
1785,400,31,31,79,0,0,0,1,260.424,0.05105,0.15,596,31.3896,2.04744,0.41275
1786,395,32,32,71,0,1,0,0,218.842,0.05096,0.15,596,31.3896,2.08206,0.41275
1787,295,28,28,72,0,1,0,0,187.411,0.05088,0.15,596,31.3896,2.42132,0.41303
1788,223,21,21,54,0,1,0,0,132.186,0.05079,0.15,596,31.3896,2.20427,0.41303
1789,13,0,0,4,0,1,0,0,-22.123,0.05071,0.15,596,31.3896,4.96845,0.41303
1790,183,22,22,60,0,1,0,0,132.207,0.05062,0.15,596,31.3896,2.72473,0.41303
1791,53,5,5,15,0,1,0,0,15.136,0.05054,0.15,596,31.3896,2.94467,0.41303
1792,400,34,34,81,0,0,0,1,275.888,0.05046,0.15,596,31.3896,2.27433,0.41303
1793,400,39,39,101,0,0,0,1,299.322,0.05037,0.15,596,31.3896,2.17237,0.41303
1794,68,5,5,18,0,1,0,0,18.629,0.05029,0.15,596,31.3896,2.988,0.41303
1795,348,34,34,90,0,1,0,0,231.683,0.0502,0.15,596,31.3896,2.41531,0.41303
1796,400,35,35,86,0,0,0,1,272.471,0.05012,0.15,596,31.3896,1.98123,0.41331
1797,400,34,34,83,0,0,0,1,275.614,0.05004,0.15,596,31.3896,2.22533,0.41331
1798,60,6,6,15,0,1,0,0,14.973,0.05,0.15,596,31.3896,2.38809,0.41331
1799,400,35,35,87,0,0,0,1,270.001,0.05,0.15,596,31.3896,2.21062,0.41331
1800,400,42,42,95,0,0,0,1,307.899,0.05,0.15,596,31.3896,2.31891,0.41331
1801,400,27,27,73,0,0,0,1,230.765,0.05,0.15,596,31.3896,1.95641,0.41331
1802,95,10,10,32,0,1,0,0,54.242,0.05,0.15,596,31.3896,2.53009,0.41331
1803,28,2,2,8,0,1,0,0,-17.104,0.05,0.15,596,31.3896,5.51044,0.41331
1804,342,24,24,64,0,1,0,0,170.233,0.05,0.15,596,31.3896,2.24211,0.41331
1805,24,1,1,6,0,1,0,0,-17.51,0.05,0.15,596,31.3896,1.84521,0.41331
1806,358,34,34,83,0,1,0,0,216.184,0.05,0.15,596,31.3896,2.52109,0.41331
1807,206,19,19,51,0,1,0,0,117.967,0.05,0.15,596,31.3896,2.4192,0.41331
1808,21,0,0,7,0,1,0,0,-18.715,0.05,0.15,596,31.3896,3.12083,0.41331
1809,38,3,3,11,0,1,0,0,-5.709,0.05,0.15,596,31.3896,3.50565,0.41331
1810,400,37,37,84,0,0,0,1,270.799,0.05,0.15,596,31.3896,2.4738,0.41331
1811,400,35,35,90,0,0,0,1,283.762,0.05,0.15,596,31.3896,2.35187,0.41331
1812,17,1,1,6,0,1,0,0,-18.304,0.05,0.15,596,31.3896,4.76983,0.41331
1813,400,37,37,95,0,0,0,1,292.044,0.05,0.15,596,31.3896,2.032,0.41359
1814,400,39,39,94,0,0,0,1,284.332,0.05,0.15,596,31.3896,2.22577,0.41359
1815,70,10,10,19,0,1,0,0,36.66,0.05,0.15,596,31.3896,3.14837,0.41359
1816,400,40,40,98,0,0,0,1,298.193,0.05,0.15,596,31.3896,2.44096,0.41359
1817,400,37,37,88,0,0,0,1,287.318,0.05,0.15,596,31.3896,2.37807,0.41359
1818,62,5,5,18,0,1,0,0,15.551,0.05,0.15,596,31.3896,2.40447,0.41359
1819,400,30,30,84,0,0,0,1,241.459,0.05,0.15,596,31.3896,2.31711,0.41359
1820,400,30,30,74,0,0,0,1,253.875,0.05,0.15,596,31.3896,2.13699,0.41359
1821,116,9,9,29,0,1,0,0,57.301,0.05,0.15,596,31.3896,1.97843,0.41359
1822,40,2,2,13,0,1,0,0,-4.227,0.05,0.15,596,31.3896,3.89624,0.41359
1823,78,6,6,18,0,1,0,0,22.538,0.05,0.15,596,31.3896,1.84556,0.41359
1824,168,16,16,42,0,1,0,0,92.517,0.05,0.15,596,31.3896,2.12884,0.41359
1825,400,27,27,68,0,0,0,1,235.963,0.05,0.15,596,31.3896,1.56708,0.41359
1826,400,31,31,75,0,0,0,1,243.617,0.05,0.15,596,31.3896,2.01487,0.41359
1827,400,29,29,66,0,0,0,1,220.161,0.05,0.15,596,31.3896,2.11243,0.41359
1828,87,7,7,24,0,1,0,0,35.147,0.05,0.15,596,31.3896,2.17699,0.41359
1829,400,26,26,60,0,0,0,1,219.388,0.05,0.15,596,31.3896,1.84153,0.41359
1830,102,11,11,32,0,1,0,0,53.073,0.05,0.15,596,31.3896,2.42035,0.41359
1831,292,27,27,78,0,1,0,0,187.37,0.05,0.15,596,31.3896,2.26546,0.41359
1832,400,41,41,101,0,0,0,1,312.538,0.05,0.15,596,31.3896,2.07711,0.41359
1833,400,44,44,106,0,0,0,1,318.792,0.05,0.15,596,31.3896,2.32045,0.41359
1834,94,8,8,25,0,1,0,0,36.083,0.05,0.15,596,31.3896,2.46024,0.41359
1835,224,26,26,67,0,1,0,0,161.906,0.05,0.15,596,31.3896,2.51915,0.41359
1836,400,36,36,99,0,0,0,1,289.671,0.05,0.15,596,31.3896,2.30449,0.41387
1837,72,5,5,18,0,1,0,0,12.111,0.05,0.15,596,31.3896,3.24464,0.41387
1838,128,12,12,40,0,1,0,0,61.208,0.05,0.15,596,31.3896,2.67716,0.41387
1839,400,21,21,63,0,0,0,1,175.926,0.05,0.15,596,31.3896,1.80551,0.41387
1840,18,1,1,8,0,1,0,0,-15.061,0.05,0.15,596,31.3896,5.18474,0.41387
1841,400,25,25,62,0,0,0,1,202.794,0.05,0.15,596,31.3896,1.96955,0.41387
1842,47,1,1,8,0,1,0,0,-13.428,0.05,0.15,596,31.3896,4.48193,0.41387
1843,400,25,25,59,0,0,0,1,204.038,0.05,0.15,596,31.3896,2.20707,0.41415
1844,400,38,38,84,0,0,0,1,277.086,0.05,0.15,596,31.3896,2.27112,0.41415
1845,199,21,21,61,0,1,0,0,135.457,0.05,0.15,596,31.3896,2.27159,0.41415
1846,13,0,0,3,0,1,0,0,-23.117,0.05,0.15,596,31.3896,7.27401,0.41415
1847,400,34,34,80,0,0,0,1,258.784,0.05,0.15,596,31.3896,2.45695,0.41415
1848,348,31,31,66,0,1,0,0,205.282,0.05,0.15,596,31.3896,2.36699,0.41415
1849,400,33,33,81,0,0,0,1,251.779,0.05,0.15,596,31.3896,2.31675,0.41415
1850,17,1,1,6,0,1,0,0,-17.975,0.05,0.15,596,31.3896,3.66015,0.41415
1851,24,1,1,8,0,1,0,0,-14.467,0.05,0.15,596,31.3896,4.6301,0.41415
1852,400,34,34,84,0,0,0,1,262.966,0.05,0.15,596,31.3896,2.26797,0.41415
1853,400,38,38,89,0,0,0,1,282.762,0.05,0.15,596,31.3896,2.31631,0.41415
1854,72,4,4,18,0,1,0,0,14.26,0.05,0.15,596,31.3896,2.83461,0.41415
1855,28,2,2,4,0,1,0,0,-13.923,0.05,0.15,596,31.3896,2.49471,0.41415
1856,53,6,6,14,0,1,0,0,15.301,0.05,0.15,596,31.3896,2.7909,0.41415
1857,400,33,33,90,0,0,0,1,266.103,0.05,0.15,596,31.3896,2.04322,0.41415
1858,131,13,13,28,0,1,0,0,61.447,0.05,0.15,596,31.3896,2.50702,0.41415
1859,197,23,23,56,0,1,0,0,127.32,0.05,0.15,596,31.3896,2.26655,0.41415
1860,400,32,32,69,0,0,0,1,235.522,0.05,0.15,596,31.3896,2.16393,0.41415
1861,45,3,3,6,0,1,0,0,-3.859,0.05,0.15,596,31.3896,3.84408,0.41415
1862,95,14,14,19,0,1,0,0,58.688,0.05,0.15,596,31.3896,2.42175,0.41415
1863,13,0,0,3,0,1,0,0,-24.775,0.05,0.15,596,31.3896,6.30253,0.41415
1864,380,18,18,56,0,1,0,0,137.609,0.05,0.15,596,31.3896,1.87217,0.41415
1865,400,30,30,65,0,0,0,1,233.459,0.05,0.15,596,31.3896,1.81054,0.41415
1866,56,3,3,15,0,1,0,0,1.973,0.05,0.15,596,31.3896,3.70166,0.41415
1867,202,8,8,41,0,1,0,0,68.512,0.05,0.15,596,31.3896,1.88361,0.41415
1868,20,1,1,8,0,1,0,0,-19.247,0.05,0.15,596,31.3896,5.30835,0.41415
1869,400,13,13,46,0,0,0,1,150.473,0.05,0.15,596,31.3896,2.00008,0.41415
1870,29,1,1,3,0,1,0,0,-21.367,0.05,0.15,596,31.3896,4.26956,0.41415
1871,78,7,7,17,0,1,0,0,24.793,0.05,0.15,596,31.3896,2.20718,0.41415
1872,267,13,13,43,0,1,0,0,96.017,0.05,0.15,596,31.3896,2.31353,0.41415
1873,5,0,0,2,0,1,0,0,-34.406,0.05,0.15,596,31.3896,2.29107,0.41415
1874,400,26,26,78,0,0,0,1,222.893,0.05,0.15,596,31.3896,2.08594,0.41415
1875,400,30,30,78,0,0,0,1,242.498,0.05,0.15,596,31.3896,2.08412,0.41415
1876,25,1,1,10,0,1,0,0,-16.517,0.05,0.15,596,31.3896,3.70821,0.41415
1877,47,2,2,7,0,1,0,0,-9.843,0.05,0.15,596,31.3896,2.77227,0.41415
1878,300,26,26,53,0,1,0,0,152.774,0.05,0.15,597,31.3896,2.22132,0.41374
1879,58,2,2,8,0,1,0,0,-7.614,0.05,0.15,597,31.3896,2.04697,0.41374
1880,334,13,13,35,0,1,0,0,95.927,0.05,0.15,598,31.3896,1.41423,0.41332
1881,45,4,4,15,0,1,0,0,-2.387,0.05,0.15,598,31.3896,3.07173,0.41332
1882,44,2,2,7,0,1,0,0,-10.246,0.05,0.15,599,31.3896,2.84898,0.41291
1883,400,20,20,66,0,0,0,1,196.474,0.05,0.15,599,31.3896,1.35793,0.41291
1884,400,26,26,51,0,0,0,1,218.457,0.05,0.15,599,31.3896,1.4144,0.41291
1885,400,39,39,102,0,0,0,1,303.903,0.05,0.15,599,31.3896,2.15213,0.41291
1886,77,11,11,28,0,1,0,0,45.134,0.05,0.15,599,31.3896,3.08919,0.41291
1887,116,11,11,38,0,1,0,0,59.576,0.05,0.15,599,31.3896,3.03409,0.41291
1888,400,22,22,65,0,0,0,1,217.926,0.05,0.15,599,31.3896,1.46221,0.41291
1889,286,27,27,63,0,1,0,0,158.117,0.05,0.15,599,31.3896,2.77703,0.41291
1890,400,17,17,41,0,0,0,1,161.302,0.05,0.15,599,31.3896,1.0495,0.41291
1891,81,10,10,25,0,1,0,0,42.91,0.05,0.15,599,31.3896,3.37169,0.41291
1892,400,20,20,62,0,0,0,1,201.817,0.05,0.15,599,31.3896,1.26087,0.41291
1893,345,25,25,54,0,1,0,0,168.676,0.05,0.15,599,31.3896,1.83131,0.41291
1894,400,25,25,62,0,0,0,1,208.017,0.05,0.15,599,31.3896,2.09539,0.41291
1895,39,3,3,10,0,1,0,0,-3.428,0.05,0.15,599,31.3896,3.27423,0.41291
1896,400,27,27,56,0,0,0,1,203.777,0.05,0.15,599,31.3896,2.09133,0.41291
1897,115,12,12,23,0,1,0,0,54.471,0.05,0.15,599,31.3896,2.45693,0.41291
1898,400,17,17,55,0,0,0,1,165.127,0.05,0.15,599,31.3896,1.77999,0.41291
1899,56,4,4,17,0,1,0,0,6.593,0.05,0.15,599,31.3896,3.2483,0.41291
1900,360,20,20,50,0,1,0,0,137.422,0.05,0.15,599,31.3896,1.99111,0.41291
1901,22,0,0,5,0,1,0,0,-24.613,0.05,0.15,599,31.3896,5.0422,0.41291
1902,83,6,6,17,0,1,0,0,17.897,0.05,0.15,599,31.3896,2.18975,0.41291
1903,400,19,19,52,0,0,0,1,181.568,0.05,0.15,599,31.3896,1.27151,0.41291
1904,216,8,8,27,0,1,0,0,60.375,0.05,0.15,599,31.3896,1.24783,0.41291
1905,62,7,7,20,0,1,0,0,19.218,0.05,0.15,599,31.3896,3.1805,0.41319
1906,103,11,11,29,0,1,0,0,53.554,0.05,0.15,599,31.3896,2.65499,0.41319
1907,376,31,31,91,0,1,0,0,225.064,0.05,0.15,599,31.3896,2.23662,0.41319
1908,5,0,0,4,0,1,0,0,-32.806,0.05,0.15,599,31.3896,1.18413,0.41319
1909,20,1,1,7,0,1,0,0,-16.353,0.05,0.15,599,31.3896,3.4262,0.41319
1910,36,3,3,6,0,1,0,0,-8.776,0.05,0.15,599,31.3896,3.5848,0.41319
1911,400,39,39,92,0,0,0,1,288.871,0.05,0.15,599,31.3896,2.3254,0.41319
1912,400,40,40,98,0,0,0,1,304.796,0.05,0.15,599,31.3896,2.10125,0.41319
1913,35,3,3,12,0,1,0,0,-2.171,0.05,0.15,599,31.3896,3.46574,0.41319
1914,400,27,27,82,0,0,0,1,246.826,0.05,0.15,599,31.3896,1.75941,0.41347
1915,400,34,34,82,0,0,0,1,267.543,0.05,0.15,599,31.3896,2.25649,0.41347
1916,288,28,28,82,0,1,0,0,182.295,0.05,0.15,600,31.3896,2.26435,0.41306
1917,5,0,0,3,0,1,0,0,-30.008,0.05,0.15,600,31.3896,7.3663,0.41306
1918,132,20,20,42,0,1,0,0,105.942,0.05,0.15,600,31.3896,3.28061,0.41306
1919,76,9,9,19,0,1,0,0,31.993,0.05,0.15,600,31.3896,3.08001,0.41306
1920,400,37,37,97,0,0,0,1,294.099,0.05,0.15,600,31.3896,1.91322,0.41306
1921,319,34,34,79,0,1,0,0,222.23,0.05,0.15,600,31.3896,2.03853,0.41306
1922,222,18,18,52,0,1,0,0,126.556,0.05,0.15,600,31.3896,2.31226,0.41333
1923,262,26,26,75,0,1,0,0,167.744,0.05,0.15,600,31.3896,2.32029,0.41333
1924,302,35,35,82,0,1,0,0,220.057,0.05,0.15,600,31.3896,2.38586,0.41333
1925,36,6,6,12,0,1,0,0,8.026,0.05,0.15,600,31.3896,4.40828,0.41333
1926,400,42,42,109,0,0,0,1,320.261,0.05,0.15,600,31.3896,2.15366,0.41333
1927,300,28,28,88,0,1,0,0,196.318,0.05,0.15,600,31.3896,2.38382,0.41333
1928,400,39,39,99,0,0,0,1,303.643,0.05,0.15,601,31.3896,2.02971,0.41292
1929,400,19,19,56,0,0,0,1,188.187,0.05,0.15,601,31.3896,1.66712,0.41292
1930,86,10,10,21,0,1,0,0,42.209,0.05,0.15,601,31.3896,2.18313,0.41292
1931,400,38,38,102,0,0,0,1,300.135,0.05,0.15,601,31.3896,2.0217,0.41292
1932,17,1,1,8,0,1,0,0,-17.043,0.05,0.15,601,31.3896,6.38163,0.41292
1933,400,40,40,105,0,0,0,1,306.485,0.05,0.15,601,31.3896,1.77141,0.41292
1934,400,43,43,102,0,0,0,1,312.096,0.05,0.15,601,31.3896,1.94827,0.41292
1935,400,44,44,98,0,0,0,1,323.076,0.05,0.15,601,31.3896,1.76692,0.41292
1936,400,27,27,70,0,0,0,1,224.951,0.05,0.15,601,31.3896,2.21572,0.41292
1937,97,6,6,24,0,1,0,0,28.519,0.05,0.15,601,31.3896,3.03474,0.41292
1938,400,25,25,70,0,0,0,1,215.896,0.05,0.15,601,31.3896,2.14618,0.41292
1939,58,5,5,12,0,1,0,0,12.171,0.05,0.15,601,31.3896,2.66622,0.41292
1940,13,0,0,2,0,1,0,0,-27.017,0.05,0.15,601,31.3896,6.04256,0.41292
1941,358,26,26,62,0,1,0,0,179.242,0.05,0.15,601,31.3896,2.30975,0.41292
1942,22,1,1,5,0,1,0,0,-16.592,0.05,0.15,601,31.3896,3.5856,0.41292
1943,287,19,19,63,0,1,0,0,132.931,0.05,0.15,601,31.3896,2.18696,0.41292
1944,400,36,36,94,0,0,0,1,272.698,0.05,0.15,601,31.3896,1.78765,0.41292
1945,400,38,38,93,0,0,0,1,286.295,0.05,0.15,601,31.3896,1.90853,0.41292
1946,400,43,43,100,0,0,0,1,322.79,0.05,0.15,601,31.3896,1.97155,0.41292
1947,26,1,1,8,0,1,0,0,-13.671,0.05,0.15,601,31.3896,4.32368,0.41292
1948,58,6,6,19,0,1,0,0,13.941,0.05,0.15,601,31.3896,2.90392,0.41292
1949,400,39,39,99,0,0,0,1,294.748,0.05,0.15,601,31.3896,2.0504,0.41292
1950,157,17,17,42,0,1,0,0,92.778,0.05,0.15,601,31.3896,2.08735,0.41292
1951,15,1,1,5,0,1,0,0,-19.505,0.05,0.15,601,31.3896,3.9988,0.41292
1952,17,1,1,8,0,1,0,0,-16.779,0.05,0.15,601,31.3896,5.63782,0.41292
1953,5,0,0,3,0,1,0,0,-29.704,0.05,0.15,601,31.3896,4.96191,0.41292
1954,400,29,29,80,0,0,0,1,239.658,0.05,0.15,601,31.3896,1.5957,0.41292
1955,400,40,40,100,0,0,0,1,306.653,0.05,0.15,601,31.3896,1.97174,0.41292
1956,400,39,39,104,0,0,0,1,308.631,0.05,0.15,601,31.3896,2.02415,0.41292
1957,400,36,36,97,0,0,0,1,293.629,0.05,0.15,601,31.3896,2.06224,0.41292
1958,312,29,29,75,0,1,0,0,195.203,0.05,0.15,601,31.3896,2.03085,0.41292
1959,400,41,41,100,0,0,0,1,301.425,0.05,0.15,601,31.3896,2.07845,0.41292
1960,133,12,12,34,0,1,0,0,66.551,0.05,0.15,601,31.3896,2.27106,0.41292
1961,200,17,17,41,0,1,0,0,102.217,0.05,0.15,601,31.3896,1.84507,0.41292
1962,400,40,40,105,0,0,0,1,308.227,0.05,0.15,601,31.3896,2.00873,0.41292
1963,159,24,24,48,0,1,0,0,118.256,0.05,0.15,601,31.3896,2.39707,0.41292
1964,400,34,34,83,0,0,0,1,263.178,0.05,0.15,601,31.3896,1.94647,0.41292
1965,23,2,2,6,0,1,0,0,-12.635,0.05,0.15,601,31.3896,3.98687,0.41292
1966,26,1,1,7,0,1,0,0,-13.871,0.05,0.15,601,31.3896,4.03537,0.41292
1967,400,37,37,95,0,0,0,1,281.462,0.05,0.15,601,31.3896,2.06028,0.41292
1968,215,19,19,55,0,1,0,0,119.816,0.05,0.15,601,31.3896,2.23604,0.41292
1969,400,37,37,96,0,0,0,1,292.086,0.05,0.15,601,31.3896,2.05584,0.41292
1970,400,37,37,87,0,0,0,1,280.771,0.05,0.15,601,31.3896,1.76661,0.41292
1971,400,45,45,104,0,0,0,1,321.999,0.05,0.15,601,31.3896,2.16841,0.41292
1972,37,2,2,11,0,1,0,0,-5.14,0.05,0.15,601,31.3896,4.44291,0.41292
1973,107,13,13,36,0,1,0,0,61.806,0.05,0.15,601,31.3896,2.46934,0.41292
1974,76,7,7,21,0,1,0,0,27.456,0.05,0.15,601,31.3896,2.63373,0.41292
1975,400,35,35,84,0,0,0,1,271.892,0.05,0.15,601,31.3896,2.31927,0.41292
1976,202,20,20,68,0,1,0,0,131.281,0.05,0.15,601,31.3896,2.40726,0.41292
1977,400,38,38,100,0,0,0,1,298.067,0.05,0.15,601,31.3896,2.12131,0.41292
1978,400,38,38,93,0,0,0,1,299.159,0.05,0.15,601,31.3896,1.77221,0.41292
1979,400,41,41,99,0,0,0,1,306.283,0.05,0.15,601,31.3896,1.77656,0.41292
1980,400,41,41,86,0,0,0,1,294.985,0.05,0.15,601,31.3896,2.16336,0.41292
1981,202,19,19,46,0,1,0,0,115.232,0.05,0.15,601,31.3896,2.18711,0.41292
1982,400,44,44,97,0,0,0,1,300.981,0.05,0.15,601,31.3896,1.8327,0.4132
1983,400,18,18,58,0,0,0,1,179.28,0.05,0.15,601,31.3896,1.83834,0.4132
1984,400,21,21,52,0,0,0,1,188.041,0.05,0.15,601,31.3896,2.13321,0.4132
1985,400,26,26,63,0,0,0,1,209.275,0.05,0.15,601,31.3896,2.29639,0.4132
1986,64,2,2,13,0,1,0,0,-2.666,0.05,0.15,601,31.3896,3.70672,0.4132
1987,373,27,27,70,0,1,0,0,182.01,0.05,0.15,601,31.3896,2.0329,0.4132
1988,123,8,8,29,0,1,0,0,47.594,0.05,0.15,601,31.3896,2.25153,0.4132
1989,400,36,36,94,0,0,0,1,284.997,0.05,0.15,601,31.3896,2.22199,0.4132
1990,331,29,29,68,0,1,0,0,185.399,0.05,0.15,601,31.3896,2.22676,0.4132
1991,24,1,1,6,0,1,0,0,-14.396,0.05,0.15,601,31.3896,3.53073,0.4132
1992,400,28,28,61,0,0,0,1,222.611,0.05,0.15,601,31.3896,2.0592,0.4132
1993,41,2,2,11,0,1,0,0,-3.455,0.05,0.15,601,31.3896,2.66817,0.4132
1994,5,0,0,3,0,1,0,0,-29.304,0.05,0.15,601,31.3896,4.51039,0.4132
1995,301,19,19,60,0,1,0,0,147.858,0.05,0.15,601,31.3896,2.11104,0.4132
1996,56,7,7,14,0,1,0,0,16.063,0.05,0.15,601,31.3896,3.22545,0.4132
1997,400,35,35,74,0,0,0,1,275.495,0.05,0.15,601,31.3896,2.1784,0.4132
1998,94,9,9,19,0,1,0,0,34.861,0.05,0.15,601,31.3896,2.39397,0.4132
1999,400,41,41,100,0,0,0,1,310.561,0.05,0.15,601,31.3896,2.17804,0.4132
2000,162,18,18,39,0,1,0,0,100.657,0.05,0.15,601,31.3896,2.33224,0.4132
2001,29,3,3,9,0,1,0,0,-5.562,0.05,0.15,601,31.3896,3.47981,0.4132
2002,400,36,36,93,0,0,0,1,273.088,0.05,0.15,601,31.3896,2.29323,0.4132
2003,334,35,35,88,0,1,0,0,222.77,0.05,0.15,601,31.3896,2.37199,0.4132
2004,95,8,8,27,0,1,0,0,35.916,0.05,0.15,601,31.3896,2.49301,0.4132
2005,49,4,4,15,0,1,0,0,6.976,0.05,0.15,601,31.3896,3.25307,0.4132
2006,145,15,15,40,0,1,0,0,84.525,0.05,0.15,601,31.3896,2.67212,0.4132
2007,400,34,34,76,0,0,0,1,265.122,0.05,0.15,601,31.3896,2.01747,0.4132
2008,400,32,32,76,0,0,0,1,259.552,0.05,0.15,601,31.3896,1.90968,0.4132
2009,400,37,37,88,0,0,0,1,290.106,0.05,0.15,601,31.3896,2.07673,0.4132
2010,78,8,8,16,0,1,0,0,28.887,0.05,0.15,601,31.3896,2.43563,0.4132
2011,271,28,28,76,0,1,0,0,188.332,0.05,0.15,601,31.3896,2.28912,0.4132
2012,400,41,41,106,0,0,0,1,312.215,0.05,0.15,601,31.3896,2.12026,0.4132
2013,174,16,16,46,0,1,0,0,96.451,0.05,0.15,601,31.3896,2.55302,0.4132
2014,64,4,4,13,0,1,0,0,10.277,0.05,0.15,601,31.3896,2.35992,0.4132
2015,400,31,31,89,0,0,0,1,270.126,0.05,0.15,601,31.3896,1.87374,0.4132
2016,5,0,0,2,0,1,0,0,-30.704,0.05,0.15,601,31.3896,3.33831,0.4132
2017,400,29,29,75,0,0,0,1,233.184,0.05,0.15,601,31.3896,2.09467,0.4132
2018,100,11,11,26,0,1,0,0,51.108,0.05,0.15,601,31.3896,2.12486,0.4132
2019,62,7,7,27,0,1,0,0,28.292,0.05,0.15,601,31.3896,2.95682,0.4132
2020,38,3,3,11,0,1,0,0,-6.822,0.05,0.15,601,31.3896,5.35486,0.4132
2021,310,35,35,81,0,1,0,0,215.497,0.05,0.15,601,31.3896,2.3286,0.4132
2022,400,35,35,91,0,0,0,1,267.35,0.05,0.15,601,31.3896,2.18536,0.4132
2023,400,37,37,98,0,0,0,1,274.842,0.05,0.15,601,31.3896,2.08334,0.4132
2024,144,18,18,45,0,1,0,0,97.517,0.05,0.15,601,31.3896,2.33583,0.4132
2025,400,35,35,85,0,0,0,1,263.212,0.05,0.15,601,31.3896,2.33225,0.4132
2026,400,32,32,91,0,0,0,1,254.798,0.05,0.15,601,31.3896,2.03771,0.4132
2027,5,0,0,3,0,1,0,0,-30.104,0.05,0.15,601,31.3896,3.00707,0.4132
2028,307,34,34,88,0,1,0,0,222.426,0.05,0.15,601,31.3896,2.25462,0.4132
2029,298,29,29,77,0,1,0,0,188.639,0.05,0.15,601,31.3896,2.0616,0.4132
2030,244,28,28,64,0,1,0,0,155.023,0.05,0.15,601,31.3896,2.76673,0.4132
2031,83,9,9,16,0,1,0,0,29.586,0.05,0.15,601,31.3896,2.35184,0.4132
2032,400,41,41,103,0,0,0,1,296.328,0.05,0.15,601,31.3896,2.02582,0.4132
2033,400,38,38,99,0,0,0,1,298.534,0.05,0.15,601,31.3896,1.90069,0.4132
2034,57,6,6,20,0,1,0,0,12.795,0.05,0.15,601,31.3896,3.2482,0.4132
2035,267,22,22,71,0,1,0,0,151.163,0.05,0.15,601,31.3896,2.42782,0.4132
2036,400,40,40,95,0,0,0,1,297.768,0.05,0.15,601,31.3896,2.1291,0.4132
2037,13,0,0,5,0,1,0,0,-26.877,0.05,0.15,601,31.3896,5.80672,0.4132
2038,307,31,31,81,0,1,0,0,211.765,0.05,0.15,601,31.3896,2.00418,0.4132
2039,93,9,9,28,0,1,0,0,39.366,0.05,0.15,601,31.3896,2.84881,0.4132
2040,26,2,2,10,0,1,0,0,-11.868,0.05,0.15,601,31.3896,3.94823,0.4132
2041,400,29,29,73,0,0,0,1,246.205,0.05,0.15,601,31.3896,1.65576,0.4132
2042,400,42,42,110,0,0,0,1,327.861,0.05,0.15,601,31.3896,2.13965,0.4132
2043,400,29,29,71,0,0,0,1,235.108,0.05,0.15,601,31.3896,2.00786,0.4132
2044,400,35,35,77,0,0,0,1,257.908,0.05,0.15,601,31.3896,2.17353,0.4132
2045,400,36,36,91,0,0,0,1,273.763,0.05,0.15,602,31.3896,2.12106,0.41307
2046,50,5,5,11,0,1,0,0,10.083,0.05,0.15,603,31.3896,3.21856,0.41266
2047,400,35,35,82,0,0,0,1,261.035,0.05,0.15,603,31.3896,1.90917,0.41266
2048,400,39,39,92,0,0,0,1,298.174,0.05,0.15,603,31.3896,2.0756,0.41266
2049,400,40,40,103,0,0,0,1,303.51,0.05,0.15,603,31.3896,2.1831,0.41266
2050,400,40,40,87,0,0,0,1,298.282,0.05,0.15,603,31.3896,2.16518,0.41266
2051,297,33,33,77,0,1,0,0,202.567,0.05,0.15,603,31.3896,2.08063,0.41266
2052,400,32,32,71,0,0,0,1,225.364,0.05,0.15,603,31.3896,2.06216,0.41266
2053,188,23,23,54,0,1,0,0,137.017,0.05,0.15,603,31.3896,2.4933,0.41266
2054,400,25,25,54,0,0,0,1,200.595,0.05,0.15,603,31.3896,1.99207,0.41266
2055,400,38,38,87,0,0,0,1,278.813,0.05,0.15,603,31.3896,2.22797,0.41266
2056,193,17,17,47,0,1,0,0,107.513,0.05,0.15,603,31.3896,1.99651,0.41266
2057,400,34,34,77,0,0,0,1,261.23,0.05,0.15,603,31.3896,2.13434,0.41266
2058,400,32,32,76,0,0,0,1,254.496,0.05,0.15,603,31.3896,2.16561,0.41266
2059,400,43,43,96,0,0,0,1,300.898,0.05,0.15,603,31.3896,2.29066,0.41266
2060,13,0,0,5,0,1,0,0,-25.623,0.05,0.15,603,31.3896,7.83477,0.41266
2061,400,37,37,94,0,0,0,1,286.586,0.05,0.15,603,31.3896,2.05515,0.41266
2062,400,38,38,98,0,0,0,1,301.624,0.05,0.15,603,31.3896,2.30107,0.41266
2063,400,31,31,80,0,0,0,1,248.322,0.05,0.15,603,31.3896,2.27225,0.41266
2064,9,0,0,3,0,1,0,0,-33.198,0.05,0.15,603,31.3896,4.13202,0.41266
2065,343,31,31,95,0,1,0,0,222.753,0.05,0.15,603,31.3896,2.44903,0.41266
2066,48,5,5,12,0,1,0,0,8.922,0.05,0.15,603,31.3896,2.50874,0.41266
2067,400,34,34,79,0,0,0,1,260.014,0.05,0.15,603,31.3896,1.70237,0.41266
2068,400,43,43,111,0,0,0,1,335.529,0.05,0.15,603,31.3896,2.21423,0.41266
2069,400,42,42,99,0,0,0,1,298.413,0.05,0.15,603,31.3896,2.44935,0.41266
2070,400,35,35,100,0,0,0,1,285.897,0.05,0.15,603,31.3896,2.22078,0.41266
2071,400,43,43,88,0,0,0,1,300.242,0.05,0.15,603,31.3896,2.30615,0.41266
2072,373,42,42,100,0,1,0,0,252.961,0.05,0.15,603,31.3896,2.59986,0.41266
2073,400,39,39,112,0,0,0,1,298.235,0.05,0.15,603,31.3896,2.33572,0.41266
2074,400,34,34,83,0,0,0,1,238.122,0.05,0.15,603,31.3896,2.64284,0.41266
2075,146,16,16,50,0,1,0,0,83.674,0.05,0.15,603,31.3896,2.90613,0.41266
2076,400,26,26,72,0,0,0,1,204.049,0.05,0.15,603,31.3896,2.46062,0.41266
2077,174,23,23,49,0,1,0,0,112.141,0.05,0.15,603,31.3896,2.77123,0.41266
2078,324,41,41,106,0,1,0,0,262.281,0.05,0.15,603,31.3896,2.55507,0.41266
2079,13,0,0,3,0,1,0,0,-26.973,0.05,0.15,603,31.3896,9.8943,0.41266
2080,30,4,4,11,0,1,0,0,-1.458,0.05,0.15,603,31.3896,3.73483,0.41266
2081,32,2,2,11,0,1,0,0,-11.327,0.05,0.15,603,31.3896,4.2913,0.41266
2082,169,16,16,41,0,1,0,0,86.322,0.05,0.15,603,31.3896,2.6301,0.41266
2083,215,33,33,73,0,1,0,0,183.999,0.05,0.15,603,31.3896,3.02139,0.41266
2084,180,19,19,48,0,1,0,0,107.168,0.05,0.15,603,31.3896,2.80485,0.41266
2085,169,14,14,41,0,1,0,0,90.521,0.05,0.15,603,31.3896,2.44257,0.41266
2086,391,36,36,102,0,1,0,0,260.743,0.05,0.15,603,31.3896,2.4219,0.41266
2087,5,0,0,1,0,1,0,0,-28.704,0.05,0.15,603,31.3896,12.83701,0.41266
2088,400,43,43,110,0,0,0,1,320.14,0.05,0.15,603,31.3896,2.33961,0.41266
2089,231,26,26,62,0,1,0,0,158.837,0.05,0.15,603,31.3896,2.45582,0.41266
2090,400,43,43,102,0,0,0,1,307.518,0.05,0.15,603,31.3896,2.12834,0.41266
2091,400,42,42,95,0,0,0,1,310.135,0.05,0.15,603,31.3896,2.30049,0.41266
2092,400,42,42,105,0,0,0,1,334.119,0.05,0.15,603,31.3896,2.3002,0.41266
2093,400,38,38,105,0,0,0,1,297.689,0.05,0.15,603,31.3896,2.0751,0.41266
2094,400,45,45,102,0,0,0,1,324.616,0.05,0.15,603,31.3896,2.30705,0.41266
2095,126,11,11,27,0,1,0,0,63.743,0.05,0.15,603,31.3896,2.46162,0.41266
2096,256,22,22,57,0,1,0,0,135.728,0.05,0.15,603,31.3896,2.64087,0.41266
2097,5,0,0,2,0,1,0,0,-26.012,0.05,0.15,603,31.3896,2.56644,0.41266
2098,235,27,27,75,0,1,0,0,169.598,0.05,0.15,603,31.3896,2.44521,0.41266
2099,400,33,33,99,0,0,0,1,290.146,0.05,0.15,603,31.3896,2.23898,0.41266
2100,356,36,36,76,0,1,0,0,239.426,0.05,0.15,603,31.3896,2.32266,0.41266
2101,400,39,39,100,0,0,0,1,300.694,0.05,0.15,603,31.3896,2.07802,0.41266
2102,400,42,42,98,0,0,0,1,316.634,0.05,0.15,603,31.3896,2.06462,0.41266
2103,400,38,38,77,0,0,0,1,269.956,0.05,0.15,603,31.3896,2.2093,0.41266
2104,105,13,13,32,0,1,0,0,60.863,0.05,0.15,603,31.3896,2.55368,0.41266
2105,400,38,38,87,0,0,0,1,280.836,0.05,0.15,603,31.3896,1.90127,0.41266
2106,27,2,2,8,0,1,0,0,-14.071,0.05,0.15,603,31.3896,4.56224,0.41294
2107,400,13,13,35,0,0,0,1,133.244,0.05,0.15,603,31.3896,1.56073,0.41294
2108,244,22,22,61,0,1,0,0,146.66,0.05,0.15,603,31.3896,2.0613,0.41294
2109,362,34,34,91,0,1,0,0,233.593,0.05,0.15,603,31.3896,1.98787,0.41294
2110,400,46,46,107,0,0,0,1,323.865,0.05,0.15,603,31.3896,2.22123,0.41294
2111,400,42,42,102,0,0,0,1,321.701,0.05,0.15,603,31.3896,1.95079,0.41294
2112,98,15,15,35,0,1,0,0,72.111,0.05,0.15,603,31.3896,2.27414,0.41294
2113,400,41,41,105,0,0,0,1,307.691,0.05,0.15,603,31.3896,2.00151,0.41294
2114,400,40,40,103,0,0,0,1,306.127,0.05,0.15,603,31.3896,1.99396,0.41294
2115,70,6,6,18,0,1,0,0,22.275,0.05,0.15,603,31.3896,2.75254,0.41294
2116,400,44,44,101,0,0,0,1,325.691,0.05,0.15,603,31.3896,2.175,0.41294
2117,400,39,39,95,0,0,0,1,300.01,0.05,0.15,603,31.3896,2.05538,0.41294
2118,17,2,2,6,0,1,0,0,-13.777,0.05,0.15,603,31.3896,6.80066,0.41294
2119,327,37,37,84,0,1,0,0,222.558,0.05,0.15,603,31.3896,2.40579,0.41294
2120,400,37,37,88,0,0,0,1,296.968,0.05,0.15,603,31.3896,2.18358,0.41294
2121,400,39,39,102,0,0,0,1,299.797,0.05,0.15,603,31.3896,2.06277,0.41294
2122,308,27,27,71,0,1,0,0,185.581,0.05,0.15,603,31.3896,2.40667,0.41294
2123,40,4,4,11,0,1,0,0,-1.707,0.05,0.15,603,31.3896,3.70291,0.41294
2124,156,14,14,40,0,1,0,0,91.378,0.05,0.15,603,31.3896,2.71554,0.41294
2125,400,43,43,104,0,0,0,1,316.761,0.05,0.15,603,31.3896,2.14046,0.41294
2126,400,43,43,106,0,0,0,1,308.891,0.05,0.15,603,31.3896,2.26651,0.41321
2127,249,23,23,68,0,1,0,0,151.973,0.05,0.15,603,31.3896,2.22213,0.41321
2128,71,7,7,22,0,1,0,0,22.807,0.05,0.15,603,31.3896,2.94503,0.41321
2129,400,40,40,84,0,0,0,1,292.651,0.05,0.15,603,31.3896,2.4056,0.41321
2130,85,10,10,25,0,1,0,0,46.244,0.05,0.15,603,31.3896,2.72925,0.41321
2131,400,40,40,99,0,0,0,1,293.662,0.05,0.15,603,31.3896,2.03537,0.41321
2132,333,36,36,86,0,1,0,0,217.955,0.05,0.15,603,31.3896,1.94796,0.41321
2133,216,16,16,34,0,1,0,0,92.356,0.05,0.15,603,31.3896,2.02639,0.41321
2134,400,29,29,64,0,0,0,1,231.767,0.05,0.15,603,31.3896,1.75977,0.41349
2135,154,17,17,46,0,1,0,0,100.482,0.05,0.15,603,31.3896,2.21706,0.41349
2136,77,1,1,6,0,1,0,0,-12.578,0.05,0.15,603,31.3896,2.06911,0.41349
2137,400,30,30,79,0,0,0,1,243.832,0.05,0.15,603,31.3896,2.00975,0.41349
2138,166,8,8,30,0,1,0,0,52.178,0.05,0.15,603,31.3896,1.38413,0.41349
2139,400,12,12,30,0,0,0,1,127.178,0.05,0.15,603,31.3896,1.55735,0.41349
2140,400,36,36,92,0,0,0,1,292.018,0.05,0.15,603,31.3896,2.09354,0.41349
2141,400,27,27,69,0,0,0,1,217.702,0.05,0.15,603,31.3896,2.02506,0.41349
2142,400,30,30,68,0,0,0,1,247.608,0.05,0.15,603,31.3896,1.77991,0.41349
2143,370,22,22,60,0,1,0,0,157.644,0.05,0.15,603,31.3896,1.99393,0.41349
2144,158,21,21,48,0,1,0,0,110.122,0.05,0.15,603,31.3896,2.78708,0.41376
2145,400,38,38,88,0,0,0,1,290.53,0.05,0.15,603,31.3896,2.31073,0.41376
2146,400,42,42,93,0,0,0,1,323.363,0.05,0.15,603,31.3896,2.04193,0.41376
2147,132,14,14,45,0,1,0,0,83.017,0.05,0.15,603,31.3896,2.50592,0.41376
2148,400,33,33,78,0,0,0,1,248.381,0.05,0.15,603,31.3896,2.02002,0.41376
2149,400,36,36,86,0,0,0,1,285.46,0.05,0.15,603,31.3896,1.90641,0.41376
2150,13,0,0,4,0,1,0,0,-26.215,0.05,0.15,603,31.3896,5.92356,0.41376
2151,34,3,3,12,0,1,0,0,-1.402,0.05,0.15,603,31.3896,3.53849,0.41376
2152,70,8,8,24,0,1,0,0,35.227,0.05,0.15,603,31.3896,2.483,0.41376
2153,311,25,25,68,0,1,0,0,163.804,0.05,0.15,603,31.3896,2.15038,0.41404
2154,373,29,29,69,0,1,0,0,200.301,0.05,0.15,603,31.3896,2.01475,0.41432
2155,200,21,21,48,0,1,0,0,125.302,0.05,0.15,603,31.3896,2.18692,0.41432
2156,235,10,10,39,0,1,0,0,82.678,0.05,0.15,603,31.3896,1.66188,0.41432
2157,400,33,33,95,0,0,0,1,276.714,0.05,0.15,603,31.3896,2.05818,0.41432
2158,26,1,1,8,0,1,0,0,-12.871,0.05,0.15,603,31.3896,3.74804,0.41432
2159,400,39,39,101,0,0,0,1,289.987,0.05,0.15,603,31.3896,2.13379,0.41432
2160,400,41,41,101,0,0,0,1,321.669,0.05,0.15,603,31.3896,2.20862,0.41432
2161,400,41,41,101,0,0,0,1,324.494,0.05,0.15,603,31.3896,2.08431,0.41432
2162,400,29,29,73,0,0,0,1,241.245,0.05,0.15,603,31.3896,1.71515,0.41432
2163,202,19,19,58,0,1,0,0,125.185,0.05,0.15,603,31.3896,2.34517,0.41432
2164,106,11,11,32,0,1,0,0,53.724,0.05,0.15,603,31.3896,2.78843,0.41432
2165,400,41,41,93,0,0,0,1,314.583,0.05,0.15,603,31.3896,2.08449,0.41432
2166,122,13,13,40,0,1,0,0,71.205,0.05,0.15,603,31.3896,2.44086,0.41432
2167,102,9,9,24,0,1,0,0,47.483,0.05,0.15,603,31.3896,2.39136,0.41432
2168,88,7,7,27,0,1,0,0,31.958,0.05,0.15,603,31.3896,2.30094,0.41432
2169,400,45,45,96,0,0,0,1,309.63,0.05,0.15,603,31.3896,2.15295,0.41432
2170,400,45,45,101,0,0,0,1,328.698,0.05,0.15,603,31.3896,2.26387,0.41432
2171,115,11,11,36,0,1,0,0,61.553,0.05,0.15,603,31.3896,2.47104,0.41432
2172,400,27,27,63,0,0,0,1,210.875,0.05,0.15,603,31.3896,1.86446,0.41432
2173,400,4,4,12,0,0,0,1,89.194,0.05,0.15,603,31.3896,1.03877,0.41432
2174,277,24,24,69,0,1,0,0,166.412,0.05,0.15,603,31.3896,1.80061,0.41432
2175,5,0,0,3,0,1,0,0,-25.454,0.05,0.15,603,31.3896,9.1284,0.41432
2176,102,12,12,33,0,1,0,0,62.259,0.05,0.15,603,31.3896,2.99752,0.41432
2177,193,21,21,46,0,1,0,0,120.646,0.05,0.15,603,31.3896,2.30049,0.41432
2178,400,39,39,95,0,0,0,1,306.421,0.05,0.15,603,31.3896,2.22927,0.41432
2179,74,8,8,18,0,1,0,0,31.345,0.05,0.15,603,31.3896,2.34085,0.41432
2180,392,36,36,89,0,1,0,0,259.908,0.05,0.15,603,31.3896,2.29469,0.41432
2181,400,33,33,89,0,0,0,1,271.774,0.05,0.15,603,31.3896,2.32893,0.41432
2182,132,12,12,32,0,1,0,0,66.073,0.05,0.15,603,31.3896,2.68737,0.41432
2183,15,1,1,6,0,1,0,0,-17.253,0.05,0.15,603,31.3896,3.06338,0.41432
2184,51,7,7,15,0,1,0,0,11.29,0.05,0.15,603,31.3896,2.74774,0.41432
2185,190,23,23,45,0,1,0,0,127.047,0.05,0.15,603,31.3896,2.65856,0.41432
2186,321,25,25,78,0,1,0,0,178.721,0.05,0.15,603,31.3896,2.12928,0.41432
2187,400,42,42,97,0,0,0,1,317.966,0.05,0.15,603,31.3896,2.23223,0.41432
2188,400,42,42,105,0,0,0,1,318.887,0.05,0.15,603,31.3896,2.29338,0.41432
2189,400,38,38,91,0,0,0,1,281.355,0.05,0.15,603,31.3896,2.18358,0.41432
2190,359,39,39,97,0,1,0,0,258.525,0.05,0.15,603,31.3896,2.14043,0.41432
2191,118,13,13,34,0,1,0,0,70.617,0.05,0.15,603,31.3896,2.33275,0.41432
2192,19,2,2,8,0,1,0,0,-14.296,0.05,0.15,603,31.3896,5.743,0.41432
2193,400,41,41,94,0,0,0,1,304.522,0.05,0.15,603,31.3896,2.22666,0.41432
2194,400,45,45,111,0,0,0,1,345.407,0.05,0.15,603,31.3896,2.07903,0.41432
2195,226,25,25,57,0,1,0,0,146.425,0.05,0.15,603,31.3896,2.46711,0.41432
2196,400,35,35,90,0,0,0,1,272.527,0.05,0.15,603,31.3896,2.19756,0.41432
2197,7,0,0,5,0,1,0,0,-23.448,0.05,0.15,603,31.3896,7.18598,0.41432
2198,400,36,36,85,0,0,0,1,265.581,0.05,0.15,603,31.3896,2.20781,0.41432
2199,400,41,41,95,0,0,0,1,299.616,0.05,0.15,603,31.3896,2.1823,0.41432
2200,50,6,6,18,0,1,0,0,13.405,0.05,0.15,603,31.3896,3.55151,0.41432
2201,400,44,44,118,0,0,0,1,340.991,0.05,0.15,603,31.3896,2.29896,0.41432
2202,400,43,43,108,0,0,0,1,327.045,0.05,0.15,603,31.3896,2.26769,0.41432
2203,319,34,34,85,0,1,0,0,217.095,0.05,0.15,603,31.3896,2.69437,0.41432
2204,339,7,7,26,0,1,0,0,50.395,0.05,0.15,603,31.3896,2.03547,0.41432
2205,400,35,35,78,0,0,0,1,263.995,0.05,0.15,603,31.3896,1.94956,0.41432
2206,400,39,39,115,0,0,0,1,310.407,0.05,0.15,603,31.3896,2.1894,0.41432
2207,331,30,30,87,0,1,0,0,206.038,0.05,0.15,603,31.3896,2.29702,0.41432
2208,103,12,12,41,0,1,0,0,66.601,0.05,0.15,603,31.3896,2.69482,0.41432
2209,145,17,17,42,0,1,0,0,91.788,0.05,0.15,603,31.3896,2.46743,0.41432
2210,187,26,26,52,0,1,0,0,145.92,0.05,0.15,603,31.3896,2.25035,0.41432
2211,400,34,34,96,0,0,0,1,266.2,0.05,0.15,603,31.3896,2.29735,0.41432
2212,146,15,15,37,0,1,0,0,79.256,0.05,0.15,603,31.3896,2.05199,0.41432
2213,400,37,37,100,0,0,0,1,291.361,0.05,0.15,603,31.3896,2.27804,0.41432
2214,105,7,7,23,0,1,0,0,34.408,0.05,0.15,603,31.3896,2.37083,0.41459
2215,19,2,2,6,0,1,0,0,-15.826,0.05,0.15,603,31.3896,3.31174,0.41459
2216,137,7,7,26,0,1,0,0,24.084,0.05,0.15,603,31.3896,3.01243,0.41459
2217,215,27,27,59,0,1,0,0,155.518,0.05,0.15,603,31.3896,2.50493,0.41459
2218,19,2,2,5,0,1,0,0,-16.428,0.05,0.15,603,31.3896,2.47557,0.41459
2219,5,0,0,3,0,1,0,0,-30.008,0.05,0.15,603,31.3896,6.9705,0.41459
2220,400,30,30,69,0,0,0,1,229.084,0.05,0.15,603,31.3896,1.80158,0.41459
2221,192,12,12,39,0,1,0,0,70.226,0.05,0.15,603,31.3896,1.96594,0.41459
2222,17,1,1,9,0,1,0,0,-14.979,0.05,0.15,603,31.3896,5.37952,0.41459
2223,44,5,5,14,0,1,0,0,6.353,0.05,0.15,603,31.3896,3.49617,0.41459
2224,400,29,29,63,0,0,0,1,222.062,0.05,0.15,603,31.3896,2.25383,0.41459
2225,400,45,45,117,0,0,0,1,322.8,0.05,0.15,603,31.3896,2.26493,0.41459
2226,55,4,4,21,0,1,0,0,9.375,0.05,0.15,603,31.3896,3.0114,0.41459
2227,400,40,40,100,0,0,0,1,292.872,0.05,0.15,603,31.3896,2.53829,0.41459
2228,131,11,11,26,0,1,0,0,49.847,0.05,0.15,603,31.3896,1.60808,0.41459
2229,400,41,41,99,0,0,0,1,306.514,0.05,0.15,603,31.3896,2.25055,0.41459
2230,186,9,9,38,0,1,0,0,58.874,0.05,0.15,603,31.3896,2.54131,0.41459
2231,305,37,37,78,0,1,0,0,217.774,0.05,0.15,603,31.3896,2.43143,0.41459
2232,400,41,41,104,0,0,0,1,306.088,0.05,0.15,603,31.3896,2.17482,0.41459
2233,400,40,40,110,0,0,0,1,314.856,0.05,0.15,603,31.3896,2.19041,0.41459
2234,207,22,22,69,0,1,0,0,145.239,0.05,0.15,603,31.3896,2.04165,0.41459
2235,400,44,44,105,0,0,0,1,324.543,0.05,0.15,603,31.3896,2.142,0.41459
2236,84,10,10,27,0,1,0,0,40.96,0.05,0.15,603,31.3896,3.09283,0.41459
2237,23,0,0,6,0,1,0,0,-20.107,0.05,0.15,603,31.3896,2.94421,0.41459
2238,74,1,1,12,0,1,0,0,-10.926,0.05,0.15,603,31.3896,2.69019,0.41459
2239,400,43,43,114,0,0,0,1,322.201,0.05,0.15,603,31.3896,2.08973,0.41459
2240,326,28,28,78,0,1,0,0,189.5,0.05,0.15,603,31.3896,2.20011,0.41459
2241,400,42,42,102,0,0,0,1,321.405,0.05,0.15,603,31.3896,2.00405,0.41459
2242,109,15,15,32,0,1,0,0,69.729,0.05,0.15,603,31.3896,2.41268,0.41459
2243,17,1,1,7,0,1,0,0,-16.977,0.05,0.15,603,31.3896,5.81868,0.41459
2244,400,24,24,72,0,0,0,1,218.187,0.05,0.15,603,31.3896,2.06761,0.41459
2245,20,2,2,8,0,1,0,0,-14.483,0.05,0.15,603,31.3896,6.14194,0.41459
2246,91,3,3,10,0,1,0,0,-2.162,0.05,0.15,603,31.3896,2.84805,0.41459
2247,400,31,31,74,0,0,0,1,234.467,0.05,0.15,603,31.3896,2.30635,0.41459
2248,400,35,35,93,0,0,0,1,282.239,0.05,0.15,603,31.3896,2.03377,0.41459
2249,326,32,32,85,0,1,0,0,213.503,0.05,0.15,603,31.3896,2.18834,0.41459
2250,400,37,37,93,0,0,0,1,289.007,0.05,0.15,604,31.3896,2.10529,0.41446
2251,66,5,5,12,0,1,0,0,14.79,0.05,0.15,604,31.3896,3.01923,0.41446
2252,142,14,14,45,0,1,0,0,83.281,0.05,0.15,604,31.3896,2.27593,0.41446
2253,107,12,12,32,0,1,0,0,60.633,0.05,0.15,604,31.3896,1.94659,0.41446
2254,400,34,34,78,0,0,0,1,256.797,0.05,0.15,604,31.3896,2.00972,0.41446
2255,15,1,1,4,0,1,0,0,-18.447,0.05,0.15,604,31.3896,4.97993,0.41446
2256,400,34,34,94,0,0,0,1,273.194,0.05,0.15,604,31.3896,2.24873,0.41446
2257,276,28,28,76,0,1,0,0,198.101,0.05,0.15,604,31.3896,2.04941,0.41446
2258,181,21,21,56,0,1,0,0,123.684,0.05,0.15,604,31.3896,2.30959,0.41446
2259,400,26,26,68,0,0,0,1,207.872,0.05,0.15,604,31.3896,2.31648,0.41446
2260,294,20,20,58,0,1,0,0,143.799,0.05,0.15,604,31.3896,2.36658,0.41446
2261,17,2,2,5,0,1,0,0,-18.457,0.05,0.15,604,31.3896,5.00453,0.41446
2262,13,0,0,3,0,1,0,0,-24.769,0.05,0.15,604,31.3896,7.19328,0.41446
2263,57,5,5,17,0,1,0,0,14.074,0.05,0.15,604,31.3896,2.01726,0.41446
2264,285,8,8,24,0,1,0,0,52.445,0.05,0.15,604,31.3896,1.89719,0.41446
2265,400,32,32,79,0,0,0,1,260.243,0.05,0.15,604,31.3896,2.05474,0.41446
2266,400,19,19,48,0,0,0,1,176.789,0.05,0.15,604,31.3896,2.04897,0.41446
2267,34,3,3,8,0,1,0,0,-7.055,0.05,0.15,604,31.3896,3.05936,0.41446
2268,5,0,0,2,0,1,0,0,-34.406,0.05,0.15,604,31.3896,3.69475,0.41446
2269,245,19,19,46,0,1,0,0,121.69,0.05,0.15,604,31.3896,2.08347,0.41446
2270,400,29,29,66,0,0,0,1,213.114,0.05,0.15,604,31.3896,2.17252,0.41446
2271,248,23,23,41,0,1,0,0,128.559,0.05,0.15,604,31.3896,2.48426,0.41446
2272,383,30,30,81,0,1,0,0,227.884,0.05,0.15,604,31.3896,2.37713,0.41446
2273,400,43,43,103,0,0,0,1,317.11,0.05,0.15,604,31.3896,2.29601,0.41446
2274,291,30,30,86,0,1,0,0,206.603,0.05,0.15,604,31.3896,2.2414,0.41446
2275,400,43,43,107,0,0,0,1,324.462,0.05,0.15,604,31.3896,2.4016,0.41446
2276,228,24,24,71,0,1,0,0,160.846,0.05,0.15,604,31.3896,2.36667,0.41446
2277,95,12,12,28,0,1,0,0,55.607,0.05,0.15,604,31.3896,2.7174,0.41446
2278,346,37,37,89,0,1,0,0,248.215,0.05,0.15,604,31.3896,2.33272,0.41446
2279,400,43,43,110,0,0,0,1,332.422,0.05,0.15,604,31.3896,2.14486,0.41446
2280,400,44,44,114,0,0,0,1,330.662,0.05,0.15,604,31.3896,2.1525,0.41446
2281,247,30,30,81,0,1,0,0,186.221,0.05,0.15,604,31.3896,2.42226,0.41446
2282,151,24,24,51,0,1,0,0,127.156,0.05,0.15,604,31.3896,2.4972,0.41446
2283,280,27,27,74,0,1,0,0,181.405,0.05,0.15,604,31.3896,2.33843,0.41446
2284,216,29,29,60,0,1,0,0,165.703,0.05,0.15,604,31.3896,2.30791,0.41446
2285,141,12,12,37,0,1,0,0,69.956,0.05,0.15,604,31.3896,2.95656,0.41446
2286,76,6,6,12,0,1,0,0,6.997,0.05,0.15,604,31.3896,3.01889,0.41446
2287,58,4,4,21,0,1,0,0,5.024,0.05,0.15,604,31.3896,3.782,0.41446
2288,86,3,3,15,0,1,0,0,-2.518,0.05,0.15,604,31.3896,2.94563,0.41446
2289,86,3,3,9,0,1,0,0,2.403,0.05,0.15,604,31.3896,2.06133,0.41446
2290,130,11,11,23,0,1,0,0,45.425,0.05,0.15,604,31.3896,2.28996,0.41446
2291,52,6,6,16,0,1,0,0,13.23,0.05,0.15,604,31.3896,3.37328,0.41446
2292,109,5,5,11,0,1,0,0,13.691,0.05,0.15,604,31.3896,1.80785,0.41446
2293,400,23,23,53,0,0,0,1,200.101,0.05,0.15,604,31.3896,1.72862,0.41446
2294,77,4,4,20,0,1,0,0,16.963,0.05,0.15,604,31.3896,2.89076,0.41446
2295,6,0,0,2,0,1,0,0,-31.206,0.05,0.15,604,31.3896,9.91512,0.41446
2296,400,22,22,54,0,0,0,1,194.421,0.05,0.15,604,31.3896,1.35096,0.41446
2297,400,36,36,77,0,0,0,1,264.262,0.05,0.15,604,31.3896,2.05108,0.41446
2298,400,32,32,85,0,0,0,1,244.369,0.05,0.15,604,31.3896,2.58801,0.41446
2299,400,41,41,99,0,0,0,1,310.743,0.05,0.15,604,31.3896,2.13398,0.41446
2300,400,43,43,102,0,0,0,1,303.299,0.05,0.15,604,31.3896,2.64186,0.41446
2301,39,7,7,18,0,1,0,0,13.173,0.05,0.15,604,31.3896,4.05528,0.41446
2302,185,27,27,65,0,1,0,0,152.563,0.05,0.15,604,31.3896,2.98606,0.41474
2303,338,20,20,54,0,1,0,0,120.711,0.05,0.15,604,31.3896,2.78128,0.41474
2304,260,24,24,56,0,1,0,0,160.013,0.05,0.15,604,31.3896,2.40855,0.41474
2305,21,1,1,6,0,1,0,0,-20.177,0.05,0.15,604,31.3896,3.89122,0.41474
2306,27,1,1,9,0,1,0,0,-15.771,0.05,0.15,604,31.3896,4.1818,0.41474
2307,180,11,11,43,0,1,0,0,72.315,0.05,0.15,604,31.3896,2.34784,0.41474
2308,135,13,13,27,0,1,0,0,55.832,0.05,0.15,604,31.3896,3.21967,0.41474
2309,400,35,35,82,0,0,0,1,228.625,0.05,0.15,604,31.3896,2.57388,0.41474
2310,199,12,12,33,0,1,0,0,43.249,0.05,0.15,604,31.3896,3.09839,0.41474
2311,136,10,10,33,0,1,0,0,48.763,0.05,0.15,604,31.3896,2.82637,0.41474
2312,50,4,4,14,0,1,0,0,2.917,0.05,0.15,604,31.3896,3.65814,0.41474
2313,400,22,22,51,0,0,0,1,196.244,0.05,0.15,604,31.3896,1.85581,0.41474
2314,400,28,28,69,0,0,0,1,222.849,0.05,0.15,605,31.3896,2.08585,0.41433
2315,400,25,25,73,0,0,0,1,213.294,0.05,0.15,605,31.3896,2.2688,0.41433
2316,124,8,8,23,0,1,0,0,35.117,0.05,0.15,605,31.3896,2.92375,0.41433
2317,13,0,0,2,0,1,0,0,-28.673,0.05,0.15,605,31.3896,6.16963,0.41433
2318,400,23,23,64,0,0,0,1,183.295,0.05,0.15,605,31.3896,2.33115,0.41433
2319,43,2,2,13,0,1,0,0,-4.379,0.05,0.15,605,31.3896,3.6898,0.41433
2320,40,3,3,8,0,1,0,0,-7.226,0.05,0.15,605,31.3896,1.75758,0.41433
2321,400,26,26,55,0,0,0,1,213.188,0.05,0.15,605,31.3896,1.85601,0.41433
2322,120,9,9,22,0,1,0,0,36.87,0.05,0.15,605,31.3896,1.72081,0.41433
2323,400,19,19,47,0,0,0,1,167.864,0.05,0.15,605,31.3896,1.53312,0.41433
2324,145,11,11,22,0,1,0,0,56.358,0.05,0.15,605,31.3896,2.1075,0.41433
2325,289,16,16,41,0,1,0,0,99.412,0.05,0.15,605,31.3896,1.82303,0.41433
2326,260,19,19,48,0,1,0,0,127.392,0.05,0.15,605,31.3896,2.02693,0.41433
2327,39,2,2,9,0,1,0,0,-5.27,0.05,0.15,605,31.3896,2.17683,0.41433
2328,400,29,29,64,0,0,0,1,228.154,0.05,0.15,605,31.3896,1.62718,0.41433
2329,335,18,18,53,0,1,0,0,119.127,0.05,0.15,605,31.3896,2.51785,0.41433
2330,13,0,0,4,0,1,0,0,-24.569,0.05,0.15,605,31.3896,6.88772,0.41433
2331,129,13,13,29,0,1,0,0,66.213,0.05,0.15,605,31.3896,2.65427,0.41433
2332,101,10,10,35,0,1,0,0,57.79,0.05,0.15,605,31.3896,2.87233,0.41433
2333,5,0,0,2,0,1,0,0,-32.354,0.05,0.15,605,31.3896,5.65579,0.41433
2334,38,1,1,12,0,1,0,0,-8.749,0.05,0.15,605,31.3896,2.37958,0.41433
2335,400,17,17,45,0,0,0,1,150.439,0.05,0.15,605,31.3896,2.18466,0.41433
2336,13,0,0,3,0,1,0,0,-25.169,0.05,0.15,605,31.3896,6.38599,0.41433
2337,400,39,39,90,0,0,0,1,297.769,0.05,0.15,605,31.3896,2.33258,0.41433
2338,400,40,40,88,0,0,0,1,290.51,0.05,0.15,605,31.3896,2.33078,0.4146
2339,25,1,1,4,0,1,0,0,-15.685,0.05,0.15,605,31.3896,2.92208,0.4146
2340,400,39,39,87,0,0,0,1,287.029,0.05,0.15,605,31.3896,2.35659,0.4146
2341,400,29,29,67,0,0,0,1,231.501,0.05,0.15,605,31.3896,2.38031,0.4146
2342,400,36,36,94,0,0,0,1,283.942,0.05,0.15,605,31.3896,2.25904,0.4146
2343,19,2,2,5,0,1,0,0,-16.428,0.05,0.15,605,31.3896,3.75382,0.4146
2344,258,24,24,72,0,1,0,0,163.136,0.05,0.15,605,31.3896,2.58667,0.4146
2345,207,8,8,25,0,1,0,0,45.028,0.05,0.15,605,31.3896,2.08964,0.4146
2346,51,2,2,18,0,1,0,0,3.966,0.05,0.15,605,31.3896,2.53899,0.4146
2347,400,19,19,51,0,0,0,1,180.944,0.05,0.15,605,31.3896,1.53586,0.4146
2348,400,21,21,63,0,0,0,1,203.446,0.05,0.15,605,31.3896,1.43628,0.4146
2349,189,13,13,40,0,1,0,0,76.873,0.05,0.15,605,31.3896,2.17753,0.4146
2350,167,11,11,33,0,1,0,0,68.314,0.05,0.15,605,31.3896,2.33989,0.4146
2351,400,31,31,76,0,0,0,1,235.334,0.05,0.15,605,31.3896,2.38067,0.4146
2352,46,2,2,13,0,1,0,0,-3.545,0.05,0.15,605,31.3896,3.79811,0.4146
2353,400,43,43,93,0,0,0,1,306.426,0.05,0.15,605,31.3896,2.47135,0.4146
2354,280,12,12,21,0,1,0,0,72.23,0.05,0.15,605,31.3896,2.19966,0.4146
2355,5,0,0,3,0,1,0,0,-25.054,0.05,0.15,605,31.3896,8.23776,0.4146
2356,400,10,10,36,0,0,0,1,120.828,0.05,0.15,605,31.3896,2.26735,0.41515
2357,400,23,23,50,0,0,0,1,175.924,0.05,0.15,605,31.3896,2.03399,0.41515
2358,30,0,0,3,0,1,0,0,-28.804,0.05,0.15,605,31.3896,1.16187,0.41515
2359,400,18,18,50,0,0,0,1,144.038,0.05,0.15,605,31.3896,2.09912,0.41543
2360,400,21,21,57,0,0,0,1,179.024,0.05,0.15,605,31.3896,2.10351,0.41543
2361,122,5,5,23,0,1,0,0,23.231,0.05,0.15,605,31.3896,2.84798,0.41598
2362,13,0,0,3,0,1,0,0,-24.769,0.05,0.15,605,31.3896,7.27655,0.41598
2363,400,15,15,46,0,0,0,1,120.233,0.05,0.15,605,31.3896,2.2533,0.41598
2364,243,10,10,37,0,1,0,0,44.956,0.05,0.15,605,31.3896,2.57174,0.41598
2365,400,12,12,45,0,0,0,1,112.385,0.05,0.15,605,31.3896,2.11349,0.41598
2366,212,4,4,20,0,1,0,0,15.501,0.05,0.15,606,31.3896,2.01986,0.41557
2367,400,5,5,29,0,0,0,1,72.162,0.05,0.15,606,31.3896,1.67166,0.41557
2368,400,8,8,34,0,0,0,1,100.073,0.05,0.15,607,31.3896,2.13491,0.41516
2369,400,10,10,38,0,0,0,1,114.818,0.05,0.15,608,31.3896,2.08358,0.41502
2370,43,2,2,8,0,1,0,0,-3.137,0.05,0.15,608,31.3896,2.98648,0.41502
2371,184,3,3,18,0,1,0,0,7.974,0.05,0.15,608,31.3896,2.04566,0.41502
2372,27,0,0,6,0,1,0,0,-22.069,0.05,0.15,608,31.3896,6.45459,0.41502
2373,400,11,11,37,0,0,0,1,98.705,0.05,0.15,608,31.3896,1.53599,0.41502
2374,23,0,0,4,0,1,0,0,-28.388,0.05,0.15,608,31.3896,1.55774,0.41502
2375,400,12,12,26,0,0,0,1,95.777,0.05,0.15,609,31.3896,1.53933,0.41461
2376,400,16,16,40,0,0,0,1,127.197,0.05,0.15,609,31.3896,1.34802,0.41516
2377,400,18,18,42,0,0,0,1,136.415,0.05,0.15,609,31.3896,1.9449,0.41544
2378,400,11,11,56,0,0,0,1,118.195,0.05,0.15,609,31.3896,1.97127,0.41544
2379,44,2,2,19,0,1,0,0,0.263,0.05,0.15,609,31.3896,2.3934,0.41544
2380,44,1,1,15,0,1,0,0,-9.524,0.05,0.15,609,31.3896,2.4716,0.41544
2381,243,13,13,46,0,1,0,0,76.332,0.05,0.15,609,31.3896,2.4695,0.41598
2382,400,16,16,54,0,0,0,1,137.896,0.05,0.15,609,31.3896,1.78032,0.41598
2383,400,23,23,79,0,0,0,1,191.533,0.05,0.15,609,31.3896,1.97606,0.41626
2384,31,2,2,11,0,1,0,0,-8.508,0.05,0.15,609,31.3896,2.04772,0.41626
2385,76,3,3,30,0,1,0,0,15.332,0.05,0.15,609,31.3896,3.17246,0.41626
2386,307,12,12,47,0,1,0,0,75.506,0.05,0.15,609,31.3896,2.39442,0.41626
2387,374,16,16,57,0,1,0,0,89.841,0.05,0.15,609,31.3896,2.23966,0.4168
2388,233,12,12,37,0,1,0,0,42.098,0.05,0.15,609,31.3896,2.26365,0.4168
2389,185,18,18,67,0,1,0,0,115.924,0.05,0.15,609,31.3896,2.83239,0.41708
2390,193,6,6,40,0,1,0,0,38.109,0.05,0.15,609,31.3896,1.98146,0.41735
2391,42,3,3,12,0,1,0,0,-6.539,0.05,0.15,609,31.3896,2.50389,0.41735
2392,193,13,13,51,0,1,0,0,66.685,0.05,0.15,609,31.3896,2.45866,0.41735
2393,360,28,28,102,0,1,0,0,179.279,0.05,0.15,610,31.3896,2.40368,0.41721
2394,400,27,27,71,0,0,0,1,202.679,0.05,0.15,610,31.3896,1.68692,0.41721
2395,214,24,24,63,0,1,0,0,134.13,0.05,0.15,610,31.3896,2.4562,0.41721
2396,400,37,37,90,0,0,0,1,277.341,0.05,0.15,611,31.3896,1.98313,0.4168
2397,135,14,14,39,0,1,0,0,67.473,0.05,0.15,611,31.3896,2.80996,0.41708
2398,28,2,2,9,0,1,0,0,-10.03,0.05,0.15,611,31.3896,2.87602,0.41708
2399,40,4,4,9,0,1,0,0,-4.039,0.05,0.15,611,31.3896,4.34923,0.41735
2400,161,3,3,17,0,1,0,0,25.282,0.05,0.15,611,31.3896,1.29207,0.41735
2401,8,0,0,4,0,1,0,0,-23.196,0.05,0.15,611,31.3896,6.59119,0.41735
2402,113,8,8,21,0,1,0,0,36.181,0.05,0.15,611,31.3896,2.052,0.41735
2403,16,2,2,3,0,1,0,0,-18.352,0.05,0.15,611,31.3896,4.08293,0.41735
2404,187,9,9,23,0,1,0,0,50.628,0.05,0.15,611,31.3896,1.59259,0.41735
2405,21,0,0,5,0,1,0,0,-19.132,0.05,0.15,611,31.3896,2.91661,0.41735
2406,93,1,1,8,0,1,0,0,-5.499,0.05,0.15,611,31.3896,1.79129,0.41735
2407,13,0,0,4,0,1,0,0,-24.175,0.05,0.15,611,31.3896,4.60872,0.41735
2408,400,21,21,49,0,0,0,1,192.075,0.05,0.15,611,31.3896,1.50118,0.41762
2409,147,8,8,18,0,1,0,0,32.041,0.05,0.15,611,31.3896,2.19867,0.41762
2410,400,28,28,62,0,0,0,1,227.496,0.05,0.15,611,31.3896,1.82848,0.41762
2411,400,18,18,50,0,0,0,1,193.183,0.05,0.15,612,31.3896,1.21471,0.41748
2412,23,1,1,3,0,1,0,0,-17.521,0.05,0.15,612,31.3896,3.59777,0.41748
2413,400,34,34,80,0,0,0,1,271.062,0.05,0.15,612,31.3896,1.71748,0.41748
2414,400,24,24,63,0,0,0,1,225.656,0.05,0.15,612,31.3896,1.55293,0.41776
2415,149,14,14,49,0,1,0,0,84.663,0.05,0.15,612,31.3896,2.69707,0.41803
2416,199,6,6,17,0,1,0,0,47.332,0.05,0.15,612,31.3896,1.47139,0.41803
2417,258,16,16,33,0,1,0,0,104.612,0.05,0.15,612,31.3896,1.90451,0.41803
2418,36,1,1,9,0,1,0,0,-11.78,0.05,0.15,612,31.3896,2.67325,0.41803
2419,20,1,1,9,0,1,0,0,-19.24,0.05,0.15,612,31.3896,4.895,0.41803
2420,400,30,30,78,0,0,0,1,266.66,0.05,0.15,612,31.3896,1.87428,0.41803
2421,400,27,27,76,0,0,0,1,228.864,0.05,0.15,612,31.3896,2.0558,0.41803
2422,160,12,12,37,0,1,0,0,73.438,0.05,0.15,612,31.3896,2.60341,0.41803
2423,34,1,1,6,0,1,0,0,-14.623,0.05,0.15,612,31.3896,3.1917,0.41803
2424,44,2,2,8,0,1,0,0,-7.147,0.05,0.15,612,31.3896,3.60868,0.41803
2425,44,4,4,15,0,1,0,0,7.842,0.05,0.15,612,31.3896,3.00548,0.41803
2426,400,11,11,38,0,0,0,1,155.42,0.05,0.15,612,31.3896,0.88887,0.41803
2427,400,8,8,34,0,0,0,1,118.453,0.05,0.15,612,31.3896,1.22386,0.41803
2428,400,25,25,57,0,0,0,1,219.338,0.05,0.15,612,31.3896,1.48693,0.41803
2429,400,8,8,23,0,0,0,1,133.998,0.05,0.15,612,31.3896,0.68061,0.41803
2430,318,6,6,16,0,1,0,0,67.42,0.05,0.15,612,31.3896,1.11773,0.41803
2431,131,14,14,34,0,1,0,0,70.259,0.05,0.15,612,31.3896,2.70934,0.41803
2432,400,36,36,82,0,0,0,1,272.525,0.05,0.15,612,31.3896,2.14117,0.41803
2433,400,22,22,60,0,0,0,1,201.154,0.05,0.15,612,31.3896,1.98093,0.41803
2434,84,5,5,11,0,1,0,0,13.489,0.05,0.15,612,31.3896,2.28479,0.41803
2435,400,28,28,72,0,0,0,1,232.806,0.05,0.15,612,31.3896,2.04386,0.41803
2436,13,0,0,5,0,1,0,0,-26.771,0.05,0.15,612,31.3896,5.99086,0.41803
2437,74,3,3,10,0,1,0,0,2.602,0.05,0.15,612,31.3896,2.77402,0.41803
2438,400,30,30,79,0,0,0,1,248.792,0.05,0.15,612,31.3896,1.64565,0.41803
2439,400,41,41,92,0,0,0,1,310.94,0.05,0.15,612,31.3896,2.21567,0.41803
2440,400,40,40,103,0,0,0,1,313.039,0.05,0.15,612,31.3896,2.03463,0.41803
2441,400,43,43,108,0,0,0,1,328.609,0.05,0.15,612,31.3896,2.15218,0.4183
2442,400,41,41,100,0,0,0,1,314.455,0.05,0.15,612,31.3896,2.01345,0.4183
2443,169,19,19,48,0,1,0,0,107.105,0.05,0.15,612,31.3896,2.70823,0.4183
2444,400,37,37,105,0,0,0,1,297.1,0.05,0.15,612,31.3896,2.24343,0.4183
2445,400,41,41,105,0,0,0,1,321.637,0.05,0.15,612,31.3896,2.00603,0.4183
2446,57,7,7,15,0,1,0,0,18.644,0.05,0.15,612,31.3896,2.07861,0.4183
2447,104,10,10,28,0,1,0,0,42.358,0.05,0.15,612,31.3896,2.55877,0.4183
2448,13,0,0,5,0,1,0,0,-27.277,0.05,0.15,612,31.3896,5.46273,0.4183
2449,286,31,31,72,0,1,0,0,201.814,0.05,0.15,612,31.3896,2.3451,0.4183
2450,170,19,19,49,0,1,0,0,112.568,0.05,0.15,612,31.3896,2.25756,0.4183
2451,400,44,44,96,0,0,0,1,319.132,0.05,0.15,612,31.3896,2.3314,0.4183
2452,400,42,42,103,0,0,0,1,322.143,0.05,0.15,612,31.3896,2.19996,0.4183
2453,210,27,27,63,0,1,0,0,161.82,0.05,0.15,612,31.3896,2.38683,0.4183
2454,181,17,17,46,0,1,0,0,107.943,0.05,0.15,612,31.3896,2.44336,0.4183
2455,62,6,6,19,0,1,0,0,20.952,0.05,0.15,612,31.3896,2.75341,0.4183
2456,30,2,2,6,0,1,0,0,-11.776,0.05,0.15,612,31.3896,3.77971,0.4183
2457,87,7,7,26,0,1,0,0,38.014,0.05,0.15,612,31.3896,2.42596,0.4183
2458,14,0,0,5,0,1,0,0,-25.721,0.05,0.15,612,31.3896,7.68884,0.4183
2459,65,0,0,3,0,1,0,0,-30.286,0.05,0.15,612,31.3896,0.5447,0.4183
2460,218,27,27,64,0,1,0,0,157.928,0.05,0.15,612,31.3896,2.43579,0.4183
2461,400,36,36,85,0,0,0,1,270.058,0.05,0.15,612,31.3896,1.96626,0.41857
2462,150,18,18,52,0,1,0,0,109.52,0.05,0.15,612,31.3896,2.44825,0.41857
2463,63,1,1,7,0,1,0,0,-12.867,0.05,0.15,612,31.3896,2.47016,0.41857
2464,111,6,6,25,0,1,0,0,35.638,0.05,0.15,612,31.3896,2.23421,0.41857
2465,400,27,27,71,0,0,0,1,237.803,0.05,0.15,612,31.3896,1.82068,0.41857
2466,51,1,1,6,0,1,0,0,-14.655,0.05,0.15,612,31.3896,1.65507,0.41857
2467,109,10,10,26,0,1,0,0,49.66,0.05,0.15,612,31.3896,2.52995,0.41857
2468,45,1,1,7,0,1,0,0,-11.719,0.05,0.15,612,31.3896,1.46033,0.41857
2469,118,11,11,32,0,1,0,0,47.909,0.05,0.15,612,31.3896,3.3283,0.41857
2470,25,2,2,7,0,1,0,0,-14.674,0.05,0.15,612,31.3896,4.19184,0.41857
2471,280,24,24,71,0,1,0,0,164.016,0.05,0.15,612,31.3896,2.37229,0.41857
2472,400,17,17,36,0,0,0,1,158.353,0.05,0.15,612,31.3896,1.62243,0.41857
2473,28,4,4,10,0,1,0,0,-3.405,0.05,0.15,612,31.3896,2.91701,0.41857
2474,400,24,24,57,0,0,0,1,193.607,0.05,0.15,612,31.3896,2.1716,0.41857
2475,257,14,14,36,0,1,0,0,81.857,0.05,0.15,612,31.3896,2.2644,0.41857
2476,400,24,24,53,0,0,0,1,196.766,0.05,0.15,612,31.3896,2.15939,0.41857
2477,190,16,16,42,0,1,0,0,97.503,0.05,0.15,612,31.3896,2.46276,0.41857
2478,12,0,0,9,0,1,0,0,-22.594,0.05,0.15,612,31.3896,4.74899,0.41857
2479,360,24,24,58,0,1,0,0,170.191,0.05,0.15,612,31.3896,2.11324,0.41857
2480,280,19,19,43,0,1,0,0,127.199,0.05,0.15,612,31.3896,2.10242,0.41857
2481,258,21,21,51,0,1,0,0,122.779,0.05,0.15,612,31.3896,2.27292,0.41857
2482,400,30,30,58,0,0,0,1,228.401,0.05,0.15,612,31.3896,1.85214,0.41857
2483,400,16,16,47,0,0,0,1,170.75,0.05,0.15,612,31.3896,1.48149,0.41857
2484,297,23,23,47,0,1,0,0,139.845,0.05,0.15,612,31.3896,1.59032,0.41857
2485,39,1,1,11,0,1,0,0,-8.762,0.05,0.15,612,31.3896,3.18198,0.41857
2486,21,1,1,8,0,1,0,0,-16.489,0.05,0.15,612,31.3896,3.49332,0.41857
2487,32,3,3,9,0,1,0,0,-7.744,0.05,0.15,612,31.3896,3.85253,0.41857
2488,46,4,4,12,0,1,0,0,2.895,0.05,0.15,612,31.3896,3.04497,0.41857
2489,400,15,15,38,0,0,0,1,168.943,0.05,0.15,612,31.3896,0.97495,0.41857
2490,400,17,17,28,0,0,0,1,168.598,0.05,0.15,612,31.3896,0.7801,0.41857
2491,400,35,35,86,0,0,0,1,279.752,0.05,0.15,612,31.3896,2.05249,0.41857
2492,400,43,43,109,0,0,0,1,334.08,0.05,0.15,612,31.3896,2.19161,0.41857
2493,129,10,10,42,0,1,0,0,68.126,0.05,0.15,612,31.3896,2.36642,0.41857
2494,400,36,36,87,0,0,0,1,296.784,0.05,0.15,612,31.3896,2.10029,0.41857
2495,230,24,24,67,0,1,0,0,163.064,0.05,0.15,612,31.3896,2.21109,0.41857
2496,400,40,40,100,0,0,0,1,307.424,0.05,0.15,612,31.3896,2.13021,0.41857
2497,400,41,41,105,0,0,0,1,318.653,0.05,0.15,612,31.3896,2.13217,0.41857
2498,400,40,40,104,0,0,0,1,306.546,0.05,0.15,612,31.3896,2.25859,0.41857
2499,400,42,42,104,0,0,0,1,308.912,0.05,0.15,612,31.3896,2.26325,0.41857
2500,31,5,5,12,0,1,0,0,1.077,0.05,0.15,612,31.3896,4.3167,0.41857
2501,400,44,44,109,0,0,0,1,338.895,0.05,0.15,612,31.3896,2.15822,0.41857
2502,400,40,40,100,0,0,0,1,322.456,0.05,0.15,612,31.3896,2.02178,0.41885
2503,400,45,45,108,0,0,0,1,333.247,0.05,0.15,612,31.3896,2.08252,0.41885
2504,400,38,38,108,0,0,0,1,314.105,0.05,0.15,612,31.3896,2.06761,0.41912
2505,400,43,43,94,0,0,0,1,311.849,0.05,0.15,612,31.3896,2.33293,0.41912
2506,75,7,7,21,0,1,0,0,30.696,0.05,0.15,612,31.3896,2.67482,0.41912
2507,400,41,41,96,0,0,0,1,310.873,0.05,0.15,612,31.3896,2.22761,0.41912
2508,293,30,30,79,0,1,0,0,203.813,0.05,0.15,612,31.3896,2.36138,0.41912
2509,400,23,23,69,0,0,0,1,180.656,0.05,0.15,612,31.3896,2.49682,0.41912
2510,400,37,37,98,0,0,0,1,306.207,0.05,0.15,612,31.3896,2.24292,0.41912
2511,119,11,11,29,0,1,0,0,53.407,0.05,0.15,612,31.3896,2.52993,0.41912
2512,13,0,0,5,0,1,0,0,-23.973,0.05,0.15,612,31.3896,7.26987,0.41912
2513,218,28,28,66,0,1,0,0,171.707,0.05,0.15,612,31.3896,2.44821,0.41912
2514,400,38,38,105,0,0,0,1,308.483,0.05,0.15,612,31.3896,2.26157,0.41912
2515,234,25,25,69,0,1,0,0,163.327,0.05,0.15,612,31.3896,2.22996,0.41939
2516,188,17,17,43,0,1,0,0,106.107,0.05,0.15,612,31.3896,2.2605,0.41939
2517,286,26,26,70,0,1,0,0,178.512,0.05,0.15,612,31.3896,2.38065,0.41939
2518,227,24,24,53,0,1,0,0,150.755,0.05,0.15,612,31.3896,2.41282,0.41939
2519,400,41,41,90,0,0,0,1,313.182,0.05,0.15,612,31.3896,2.23037,0.41939
2520,400,42,42,90,0,0,0,1,297.013,0.05,0.15,612,31.3896,2.23698,0.41939
2521,400,40,40,94,0,0,0,1,313.736,0.05,0.15,612,31.3896,2.02295,0.41939
2522,127,13,13,36,0,1,0,0,73.12,0.05,0.15,612,31.3896,1.81771,0.41939
2523,52,3,3,15,0,1,0,0,5.333,0.05,0.15,612,31.3896,3.07794,0.41939
2524,103,9,9,22,0,1,0,0,35.379,0.05,0.15,612,31.3896,2.85563,0.41939
2525,19,2,2,5,0,1,0,0,-17.491,0.05,0.15,612,31.3896,5.95854,0.41939
2526,158,21,21,51,0,1,0,0,106.79,0.05,0.15,612,31.3896,2.6647,0.41939
2527,189,17,17,52,0,1,0,0,99.806,0.05,0.15,612,31.3896,2.17458,0.41939
2528,400,24,24,68,0,0,0,1,205.043,0.05,0.15,612,31.3896,1.85876,0.41939
2529,400,28,28,74,0,0,0,1,222.677,0.05,0.15,612,31.3896,1.7972,0.41939
2530,117,11,11,31,0,1,0,0,55.853,0.05,0.15,612,31.3896,2.65479,0.41939
2531,400,27,27,73,0,0,0,1,228.531,0.05,0.15,612,31.3896,1.48363,0.41939
2532,400,21,21,50,0,0,0,1,202.124,0.05,0.15,612,31.3896,1.03676,0.41939
2533,168,9,9,22,0,1,0,0,50.955,0.05,0.15,612,31.3896,1.25767,0.41966
2534,256,25,25,75,0,1,0,0,168.84,0.05,0.15,612,31.3896,2.20537,0.41966
2535,400,20,20,47,0,0,0,1,176.301,0.05,0.15,612,31.3896,1.70672,0.41966
2536,400,26,26,64,0,0,0,1,201.868,0.05,0.15,612,31.3896,2.05957,0.41966
2537,22,0,0,3,0,1,0,0,-26.42,0.05,0.15,612,31.3896,2.82131,0.41966
2538,400,30,30,80,0,0,0,1,237.466,0.05,0.15,612,31.3896,2.14616,0.41966
2539,5,0,0,3,0,1,0,0,-33.406,0.05,0.15,612,31.3896,3.03338,0.41966
2540,400,35,35,107,0,0,0,1,300.324,0.05,0.15,612,31.3896,2.16406,0.41966
2541,400,32,32,89,0,0,0,1,260.477,0.05,0.15,612,31.3896,2.19274,0.41966
2542,13,0,0,4,0,1,0,0,-26.373,0.05,0.15,612,31.3896,8.70656,0.41966
2543,80,11,11,28,0,1,0,0,44.683,0.05,0.15,612,31.3896,3.08459,0.41966
2544,54,4,4,10,0,1,0,0,-2.181,0.05,0.15,612,31.3896,3.05291,0.41966
2545,364,36,36,91,0,1,0,0,240.737,0.05,0.15,612,31.3896,2.28721,0.41993
2546,114,7,7,24,0,1,0,0,33.23,0.05,0.15,612,31.3896,2.23057,0.42021
2547,5,0,0,2,0,1,0,0,-28.104,0.05,0.15,612,31.3896,14.132,0.42021
2548,296,24,24,72,0,1,0,0,166.283,0.05,0.15,612,31.3896,2.38987,0.42021
2549,289,29,29,71,0,1,0,0,177.106,0.05,0.15,613,31.3896,2.78345,0.41979
2550,400,40,40,102,0,0,0,1,306.268,0.05,0.15,613,31.3896,2.32237,0.41979
2551,400,42,42,106,0,0,0,1,317.828,0.05,0.15,613,31.3896,2.28402,0.41979
2552,27,1,1,7,0,1,0,0,-14.069,0.05,0.15,613,31.3896,4.73585,0.41979
2553,400,49,49,107,0,0,0,1,342.03,0.05,0.15,613,31.3896,2.32296,0.41979
2554,84,10,10,23,0,1,0,0,45.302,0.05,0.15,613,31.3896,2.63762,0.41979
2555,45,3,3,14,0,1,0,0,-1.194,0.05,0.15,613,31.3896,2.97234,0.41979
2556,201,16,16,45,0,1,0,0,102.313,0.05,0.15,613,31.3896,2.43464,0.41979
2557,229,23,23,55,0,1,0,0,144.67,0.05,0.15,613,31.3896,1.93768,0.41979
2558,343,36,36,91,0,1,0,0,243.232,0.05,0.15,613,31.3896,2.38271,0.41979
2559,400,37,37,92,0,0,0,1,283.045,0.05,0.15,613,31.3896,2.09777,0.41979
2560,400,39,39,102,0,0,0,1,308.802,0.05,0.15,613,31.3896,1.98434,0.41979
2561,400,40,40,92,0,0,0,1,309.1,0.05,0.15,613,31.3896,1.90715,0.41979
2562,48,3,3,12,0,1,0,0,-2.797,0.05,0.15,613,31.3896,3.40106,0.41979
2563,113,13,13,33,0,1,0,0,63.051,0.05,0.15,613,31.3896,2.31514,0.41979
2564,178,18,18,43,0,1,0,0,100.942,0.05,0.15,613,31.3896,2.26429,0.41979
2565,400,38,38,90,0,0,0,1,279.783,0.05,0.15,613,31.3896,2.4335,0.41979
2566,400,39,39,98,0,0,0,1,298.189,0.05,0.15,613,31.3896,2.08628,0.41979
2567,400,45,45,107,0,0,0,1,330.417,0.05,0.15,613,31.3896,2.24772,0.41979
2568,222,22,22,58,0,1,0,0,143.735,0.05,0.15,613,31.3896,2.39857,0.41979
2569,400,35,35,98,0,0,0,1,289.392,0.05,0.15,613,31.3896,2.35843,0.41979
2570,101,12,12,29,0,1,0,0,58.487,0.05,0.15,613,31.3896,2.49247,0.41979
2571,400,40,40,101,0,0,0,1,301.907,0.05,0.15,613,31.3896,2.15515,0.41979
2572,400,40,40,91,0,0,0,1,308.603,0.05,0.15,613,31.3896,2.0308,0.41979
2573,63,4,4,23,0,1,0,0,9.372,0.05,0.15,613,31.3896,3.61339,0.41979
2574,400,40,40,101,0,0,0,1,316.834,0.05,0.15,613,31.3896,2.02841,0.41979
2575,32,3,3,12,0,1,0,0,-4.773,0.05,0.15,613,31.3896,2.81245,0.41979
2576,400,35,35,99,0,0,0,1,288.29,0.05,0.15,613,31.3896,2.30744,0.41979
2577,20,2,2,12,0,1,0,0,-14.39,0.05,0.15,613,31.3896,5.17895,0.41979
2578,286,20,20,55,0,1,0,0,136.262,0.05,0.15,613,31.3896,2.27105,0.41979
2579,394,35,35,93,0,1,0,0,255.518,0.05,0.15,614,31.3896,2.22258,0.41938
2580,400,43,43,106,0,0,0,1,322.267,0.05,0.15,614,31.3896,2.24767,0.41938
2581,400,26,26,65,0,0,0,1,200.304,0.05,0.15,614,31.3896,2.33354,0.41938
2582,400,38,38,105,0,0,0,1,315.29,0.05,0.15,614,31.3896,2.18968,0.41938
2583,76,6,6,30,0,1,0,0,35.284,0.05,0.15,614,31.3896,2.59908,0.41938
2584,21,1,1,8,0,1,0,0,-17.647,0.05,0.15,614,31.3896,5.31483,0.41938
2585,126,11,11,35,0,1,0,0,65.63,0.05,0.15,614,31.3896,2.49738,0.41938
2586,54,4,4,16,0,1,0,0,2.752,0.05,0.15,614,31.3896,3.86325,0.41938
2587,169,19,19,46,0,1,0,0,107.626,0.05,0.15,614,31.3896,2.95327,0.41938
2588,400,38,38,94,0,0,0,1,299.66,0.05,0.15,614,31.3896,2.09709,0.41938
2589,400,41,41,98,0,0,0,1,304.844,0.05,0.15,614,31.3896,2.30201,0.41938
2590,32,3,3,7,0,1,0,0,-4.9,0.05,0.15,614,31.3896,3.52556,0.41938
2591,153,17,17,44,0,1,0,0,100.441,0.05,0.15,614,31.3896,2.52584,0.41938
2592,46,4,4,18,0,1,0,0,2.98,0.05,0.15,614,31.3896,3.27632,0.41938
2593,259,25,25,64,0,1,0,0,156.012,0.05,0.15,614,31.3896,2.35836,0.41938
2594,400,37,37,92,0,0,0,1,281.137,0.05,0.15,614,31.3896,1.97269,0.41938
2595,400,40,40,95,0,0,0,1,304.986,0.05,0.15,614,31.3896,2.20861,0.41938
2596,31,2,2,7,0,1,0,0,-10.197,0.05,0.15,614,31.3896,4.05967,0.41938
2597,400,35,35,98,0,0,0,1,300.118,0.05,0.15,614,31.3896,2.03652,0.41938
2598,249,28,28,65,0,1,0,0,178.724,0.05,0.15,614,31.3896,2.36027,0.41938
2599,400,41,41,96,0,0,0,1,307.666,0.05,0.15,614,31.3896,2.18686,0.41938
2600,157,18,18,43,0,1,0,0,101.004,0.05,0.15,614,31.3896,2.18012,0.41938
2601,198,19,19,41,0,1,0,0,104.85,0.05,0.15,614,31.3896,2.73996,0.41938
2602,400,46,46,114,0,0,0,1,343.343,0.05,0.15,614,31.3896,2.32824,0.41938
2603,400,45,45,106,0,0,0,1,334.708,0.05,0.15,614,31.3896,2.22147,0.41938
2604,400,44,44,115,0,0,0,1,334.468,0.05,0.15,614,31.3896,2.27411,0.41938
2605,400,41,41,111,0,0,0,1,324.464,0.05,0.15,615,31.3896,1.99403,0.41924
2606,400,41,41,106,0,0,0,1,318.898,0.05,0.15,615,31.3896,2.38529,0.41924
2607,400,42,42,105,0,0,0,1,315.91,0.05,0.15,615,31.3896,1.91647,0.41924
2608,159,19,19,47,0,1,0,0,110.404,0.05,0.15,615,31.3896,2.11151,0.41924
2609,400,43,43,111,0,0,0,1,325.546,0.05,0.15,615,31.3896,2.18919,0.41924
2610,284,32,32,76,0,1,0,0,206.062,0.05,0.15,615,31.3896,2.5216,0.41924
2611,45,7,7,16,0,1,0,0,18.915,0.05,0.15,615,31.3896,2.66797,0.41924
2612,19,2,2,8,0,1,0,0,-14.013,0.05,0.15,615,31.3896,5.1087,0.41924
2613,125,14,14,36,0,1,0,0,76.103,0.05,0.15,615,31.3896,2.60186,0.41924
2614,221,25,25,66,0,1,0,0,153.081,0.05,0.15,615,31.3896,2.61384,0.41924
2615,400,42,42,102,0,0,0,1,318.322,0.05,0.15,615,31.3896,2.29145,0.41924
2616,368,41,41,83,0,1,0,0,261.525,0.05,0.15,615,31.3896,2.55102,0.41924
2617,400,38,38,100,0,0,0,1,310.464,0.05,0.15,615,31.3896,2.13013,0.41924
2618,259,27,27,74,0,1,0,0,179.541,0.05,0.15,615,31.3896,2.287,0.41924
2619,104,15,15,29,0,1,0,0,64.933,0.05,0.15,615,31.3896,2.79203,0.41924
2620,400,28,28,68,0,0,0,1,231.072,0.05,0.15,615,31.3896,2.2993,0.41924
2621,333,28,28,60,0,1,0,0,178.623,0.05,0.15,615,31.3896,2.50681,0.41951
2622,278,28,28,83,0,1,0,0,187.038,0.05,0.15,615,31.3896,2.22628,0.41951
2623,297,24,24,60,0,1,0,0,162.095,0.05,0.15,615,31.3896,2.27732,0.41951
2624,400,28,28,74,0,0,0,1,244.039,0.05,0.15,615,31.3896,2.21464,0.41951
2625,65,4,4,12,0,1,0,0,7.196,0.05,0.15,615,31.3896,2.74909,0.41951
2626,13,0,0,5,0,1,0,0,-23.173,0.05,0.15,615,31.3896,6.8309,0.41951
2627,120,8,8,22,0,1,0,0,31.404,0.05,0.15,615,31.3896,2.96817,0.41951
2628,24,3,3,12,0,1,0,0,-6.235,0.05,0.15,615,31.3896,4.80346,0.41951
2629,400,33,33,76,0,0,0,1,256.142,0.05,0.15,615,31.3896,2.07155,0.41951
2630,400,43,43,100,0,0,0,1,316.031,0.05,0.15,615,31.3896,2.47145,0.41951
2631,400,35,35,81,0,0,0,1,273.762,0.05,0.15,615,31.3896,2.03327,0.41951
2632,400,34,34,77,0,0,0,1,261.077,0.05,0.15,615,31.3896,2.31005,0.41951
2633,144,11,11,31,0,1,0,0,58.667,0.05,0.15,615,31.3896,2.62304,0.41951
2634,250,15,15,46,0,1,0,0,107.335,0.05,0.15,615,31.3896,2.14753,0.41951
2635,109,13,13,36,0,1,0,0,72.306,0.05,0.15,615,31.3896,2.86021,0.41951
2636,5,0,0,3,0,1,0,0,-29.704,0.05,0.15,615,31.3896,3.54062,0.41951
2637,400,26,26,66,0,0,0,1,216.038,0.05,0.15,615,31.3896,2.20014,0.41951
2638,400,23,23,53,0,0,0,1,183.244,0.05,0.15,615,31.3896,1.95324,0.41978
2639,400,22,22,50,0,0,0,1,196.773,0.05,0.15,615,31.3896,1.93897,0.41978
2640,222,26,26,55,0,1,0,0,149.492,0.05,0.15,615,31.3896,2.21619,0.41978
2641,400,42,42,104,0,0,0,1,330.925,0.05,0.15,615,31.3896,2.27714,0.41978
2642,6,0,0,2,0,1,0,0,-31.052,0.05,0.15,615,31.3896,6.66351,0.41978
2643,200,20,20,50,0,1,0,0,130.025,0.05,0.15,615,31.3896,2.24252,0.41978
2644,272,34,34,74,0,1,0,0,206.06,0.05,0.15,615,31.3896,2.43061,0.41978
2645,400,43,43,101,0,0,0,1,320.646,0.05,0.15,615,31.3896,2.40541,0.41978
2646,51,7,7,17,0,1,0,0,20.062,0.05,0.15,615,31.3896,2.77609,0.41978
2647,298,27,27,68,0,1,0,0,159.559,0.05,0.15,615,31.3896,2.77768,0.41978
2648,400,39,39,95,0,0,0,1,302.93,0.05,0.15,615,31.3896,2.2049,0.41978
2649,304,36,36,92,0,1,0,0,227.699,0.05,0.15,615,31.3896,2.35012,0.41978
2650,400,39,39,99,0,0,0,1,301.713,0.05,0.15,615,31.3896,2.19409,0.41978
2651,323,32,32,68,0,1,0,0,205.54,0.05,0.15,615,31.3896,2.3851,0.41978
2652,400,39,39,107,0,0,0,1,306.274,0.05,0.15,615,31.3896,2.28395,0.41978
2653,17,1,1,6,0,1,0,0,-17.843,0.05,0.15,615,31.3896,5.7183,0.41978
2654,400,27,27,70,0,0,0,1,216.766,0.05,0.15,615,31.3896,1.949,0.41978
2655,400,39,39,81,0,0,0,1,292.657,0.05,0.15,615,31.3896,2.19951,0.41978
2656,400,39,39,102,0,0,0,1,314.569,0.05,0.15,615,31.3896,2.10105,0.41978
2657,203,21,21,49,0,1,0,0,125.442,0.05,0.15,615,31.3896,2.63284,0.41978
2658,17,2,2,6,0,1,0,0,-13.559,0.05,0.15,615,31.3896,4.00298,0.41978
2659,37,1,1,11,0,1,0,0,-16.432,0.05,0.15,615,31.3896,4.3142,0.41978
2660,400,31,31,78,0,0,0,1,245.36,0.05,0.15,615,31.3896,1.94928,0.41978
2661,400,40,40,88,0,0,0,1,289.522,0.05,0.15,615,31.3896,2.35307,0.41978
2662,23,2,2,4,0,1,0,0,-13.335,0.05,0.15,615,31.3896,5.11464,0.41978
2663,184,13,13,41,0,1,0,0,86.985,0.05,0.15,615,31.3896,1.84561,0.41978
2664,49,3,3,13,0,1,0,0,3.053,0.05,0.15,615,31.3896,3.61232,0.41978
2665,380,31,31,85,0,1,0,0,236.586,0.05,0.15,615,31.3896,2.19747,0.41978
2666,22,1,1,7,0,1,0,0,-14.06,0.05,0.15,615,31.3896,3.91374,0.41978
2667,400,22,22,53,0,0,0,1,197.48,0.05,0.15,615,31.3896,1.45443,0.41978
2668,400,39,39,91,0,0,0,1,300.268,0.05,0.15,615,31.3896,2.08981,0.41978
2669,13,0,0,5,0,1,0,0,-27.098,0.05,0.15,615,31.3896,5.70691,0.41978
2670,5,0,0,4,0,1,0,0,-32.406,0.05,0.15,615,31.3896,3.14971,0.41978
2671,25,1,1,9,0,1,0,0,-13.497,0.05,0.15,615,31.3896,4.39552,0.41978
2672,400,35,35,79,0,0,0,1,272.35,0.05,0.15,615,31.3896,1.91752,0.41978
2673,248,10,10,34,0,1,0,0,78.507,0.05,0.15,615,31.3896,2.07709,0.41978
2674,29,1,1,5,0,1,0,0,-18.168,0.05,0.15,615,31.3896,5.63619,0.41978
2675,400,28,28,64,0,0,0,1,219.932,0.05,0.15,615,31.3896,2.37764,0.41978
2676,57,5,5,12,0,1,0,0,11.221,0.05,0.15,615,31.3896,2.32547,0.41978
2677,65,7,7,22,0,1,0,0,25.381,0.05,0.15,615,31.3896,2.92281,0.41978
2678,394,39,39,84,0,1,0,0,255.399,0.05,0.15,615,31.3896,2.47229,0.41978
2679,230,19,19,55,0,1,0,0,120.338,0.05,0.15,615,31.3896,2.74121,0.41978
2680,17,1,1,4,0,1,0,0,-19.851,0.05,0.15,615,31.3896,3.12643,0.41978
2681,313,20,20,63,0,1,0,0,144.151,0.05,0.15,615,31.3896,2.23304,0.41978
2682,400,11,11,33,0,0,0,1,112.602,0.05,0.15,615,31.3896,1.58143,0.41978
2683,400,32,32,92,0,0,0,1,273.949,0.05,0.15,615,31.3896,2.34467,0.41978
2684,43,2,2,7,0,1,0,0,-9.835,0.05,0.15,615,31.3896,3.42035,0.41978
2685,5,0,0,3,0,1,0,0,-33.406,0.05,0.15,615,31.3896,3.26569,0.41978
2686,400,8,8,25,0,0,0,1,120.434,0.05,0.15,615,31.3896,0.9874,0.41978
2687,400,34,34,68,0,0,0,1,261.349,0.05,0.15,615,31.3896,1.69142,0.41978
2688,97,4,4,23,0,1,0,0,24.832,0.05,0.15,615,31.3896,2.67956,0.41978
2689,350,28,28,66,0,1,0,0,191.765,0.05,0.15,615,31.3896,2.19958,0.41978
2690,400,17,17,53,0,0,0,1,181.358,0.05,0.15,615,31.3896,1.77639,0.41978
2691,162,12,12,34,0,1,0,0,70.16,0.05,0.15,615,31.3896,2.26753,0.41978
2692,400,23,23,48,0,0,0,1,196.413,0.05,0.15,615,31.3896,1.40219,0.41978
2693,123,3,3,14,0,1,0,0,2.911,0.05,0.15,615,31.3896,3.05904,0.41978
2694,400,36,36,86,0,0,0,1,289.206,0.05,0.15,615,31.3896,1.78632,0.41978
2695,400,39,39,97,0,0,0,1,299.56,0.05,0.15,615,31.3896,2.39061,0.41978
2696,395,30,30,65,0,1,0,0,216.345,0.05,0.15,615,31.3896,1.8983,0.41978
2697,400,33,33,92,0,0,0,1,287.533,0.05,0.15,615,31.3896,1.92521,0.41978
2698,16,1,1,5,0,1,0,0,-16.873,0.05,0.15,615,31.3896,2.94303,0.41978
2699,131,16,16,33,0,1,0,0,77.784,0.05,0.15,615,31.3896,2.22438,0.41978
2700,68,8,8,25,0,1,0,0,34.119,0.05,0.15,615,31.3896,3.00439,0.41978
2701,217,23,23,63,0,1,0,0,152.803,0.05,0.15,615,31.3896,2.11371,0.41978
2702,83,9,9,20,0,1,0,0,38.932,0.05,0.15,615,31.3896,2.44116,0.41978
2703,17,2,2,7,0,1,0,0,-13.417,0.05,0.15,615,31.3896,4.15726,0.41978
2704,386,41,41,93,0,1,0,0,268.882,0.05,0.15,615,31.3896,2.25953,0.41978
2705,72,7,7,15,0,1,0,0,22.06,0.05,0.15,615,31.3896,2.30418,0.41978
2706,41,4,4,14,0,1,0,0,2.384,0.05,0.15,615,31.3896,3.48882,0.41978
2707,389,41,41,109,0,1,0,0,286.735,0.05,0.15,615,31.3896,2.17667,0.41978
2708,36,2,2,9,0,1,0,0,-12.979,0.05,0.15,615,31.3896,3.90151,0.41978
2709,400,23,23,60,0,0,0,1,177.753,0.05,0.15,615,31.3896,2.34813,0.41978
2710,400,41,41,96,0,0,0,1,302.156,0.05,0.15,615,31.3896,2.10619,0.41978
2711,201,22,22,55,0,1,0,0,138.304,0.05,0.15,615,31.3896,2.13528,0.41978
2712,400,40,40,101,0,0,0,1,311.862,0.05,0.15,615,31.3896,2.09787,0.41978
2713,400,35,35,95,0,0,0,1,266.174,0.05,0.15,615,31.3896,2.29075,0.41978
2714,36,4,4,15,0,1,0,0,3.649,0.05,0.15,615,31.3896,2.64592,0.41978
2715,13,0,0,4,0,1,0,0,-24.173,0.05,0.15,615,31.3896,7.6816,0.41978
2716,77,4,4,15,0,1,0,0,8.416,0.05,0.15,615,31.3896,3.08619,0.41978
2717,24,2,2,12,0,1,0,0,-8.706,0.05,0.15,615,31.3896,4.49538,0.41978
2718,400,35,35,83,0,0,0,1,254.255,0.05,0.15,615,31.3896,2.33973,0.41978
2719,400,39,39,87,0,0,0,1,304.495,0.05,0.15,615,31.3896,1.90151,0.41978
2720,265,27,27,68,0,1,0,0,174.526,0.05,0.15,615,31.3896,2.21007,0.41978
2721,368,36,36,94,0,1,0,0,248.349,0.05,0.15,615,31.3896,2.22382,0.41978
2722,400,38,38,105,0,0,0,1,310.11,0.05,0.15,615,31.3896,1.97187,0.41978
2723,280,33,33,69,0,1,0,0,203.134,0.05,0.15,615,31.3896,2.44804,0.41978
2724,190,19,19,47,0,1,0,0,120.152,0.05,0.15,615,31.3896,2.6101,0.41978
2725,400,19,19,48,0,0,0,1,165.989,0.05,0.15,615,31.3896,1.81317,0.41978
2726,137,12,12,38,0,1,0,0,71.538,0.05,0.15,615,31.3896,2.0906,0.41978
2727,52,3,3,18,0,1,0,0,8.14,0.05,0.15,615,31.3896,2.74183,0.41978
2728,400,17,17,40,0,0,0,1,153.401,0.05,0.15,615,31.3896,1.76486,0.41978
2729,20,0,0,7,0,1,0,0,-20.367,0.05,0.15,615,31.3896,5.84632,0.41978
2730,288,18,18,48,0,1,0,0,125.595,0.05,0.15,615,31.3896,2.25288,0.41978
2731,400,27,27,72,0,0,0,1,234.219,0.05,0.15,616,31.3896,2.29807,0.41937
2732,400,28,28,72,0,0,0,1,229.165,0.05,0.15,616,31.3896,2.23676,0.41937
2733,340,21,21,70,0,1,0,0,162.863,0.05,0.15,616,31.3896,2.53286,0.41937
2734,400,26,26,65,0,0,0,1,207.172,0.05,0.15,616,31.3896,2.20803,0.41937
2735,400,20,20,55,0,0,0,1,171.575,0.05,0.15,616,31.3896,1.97838,0.41937
2736,125,9,9,37,0,1,0,0,60.174,0.05,0.15,616,31.3896,2.40375,0.41937
2737,258,29,29,69,0,1,0,0,185.079,0.05,0.15,616,31.3896,2.45485,0.41937
2738,203,27,27,63,0,1,0,0,159.964,0.05,0.15,616,31.3896,2.40988,0.41937
2739,7,0,0,5,0,1,0,0,-27.208,0.05,0.15,616,31.3896,8.49572,0.41937
2740,298,21,21,52,0,1,0,0,149.263,0.05,0.15,616,31.3896,2.2529,0.41937
2741,128,8,8,21,0,1,0,0,33.069,0.05,0.15,616,31.3896,1.89777,0.41937
2742,400,26,26,67,0,0,0,1,221.489,0.05,0.15,616,31.3896,1.70959,0.41937
2743,94,10,10,28,0,1,0,0,49.317,0.05,0.15,616,31.3896,2.41124,0.41937
2744,128,13,13,34,0,1,0,0,69.191,0.05,0.15,616,31.3896,2.60594,0.41937
2745,48,7,7,16,0,1,0,0,18.153,0.05,0.15,616,31.3896,3.33386,0.41937
2746,90,8,8,16,0,1,0,0,32.584,0.05,0.15,616,31.3896,2.54662,0.41937
2747,311,16,16,40,0,1,0,0,107.683,0.05,0.15,616,31.3896,2.03793,0.41937
2748,218,11,11,23,0,1,0,0,62.754,0.05,0.15,616,31.3896,1.79781,0.41937
2749,400,27,27,71,0,0,0,1,228.127,0.05,0.15,616,31.3896,1.74654,0.41937
2750,105,12,12,33,0,1,0,0,55.839,0.05,0.15,616,31.3896,2.75711,0.41964
2751,400,13,13,47,0,0,0,1,162.741,0.05,0.15,616,31.3896,1.38441,0.41964
2752,36,3,3,13,0,1,0,0,-0.832,0.05,0.15,616,31.3896,2.99683,0.41964
2753,13,0,0,5,0,1,0,0,-21.923,0.05,0.15,616,31.3896,5.34154,0.41964
2754,373,26,26,65,0,1,0,0,187.947,0.05,0.15,616,31.3896,1.79303,0.41964
2755,400,12,12,37,0,0,0,1,148.484,0.05,0.15,616,31.3896,1.08726,0.41964
2756,256,11,11,31,0,1,0,0,81.656,0.05,0.15,616,31.3896,1.41767,0.41964
2757,400,28,28,63,0,0,0,1,233.576,0.05,0.15,616,31.3896,1.64265,0.41964
2758,342,20,20,59,0,1,0,0,147.919,0.05,0.15,616,31.3896,1.91547,0.41964
2759,35,2,2,10,0,1,0,0,-7.904,0.05,0.15,616,31.3896,3.05569,0.41964
2760,400,32,32,90,0,0,0,1,263.002,0.05,0.15,616,31.3896,2.14837,0.41964
2761,102,13,13,27,0,1,0,0,57.951,0.05,0.15,616,31.3896,2.23463,0.41964
2762,400,35,35,94,0,0,0,1,289.998,0.05,0.15,616,31.3896,2.03604,0.41991
2763,30,2,2,11,0,1,0,0,-9.698,0.05,0.15,616,31.3896,3.79387,0.41991
2764,400,33,33,93,0,0,0,1,285.091,0.05,0.15,616,31.3896,1.88838,0.41991
2765,192,15,15,39,0,1,0,0,94.885,0.05,0.15,616,31.3896,1.86243,0.41991
2766,400,40,40,93,0,0,0,1,313.881,0.05,0.15,616,31.3896,1.88295,0.41991
2767,42,4,4,12,0,1,0,0,4.303,0.05,0.15,616,31.3896,3.04043,0.41991
2768,355,39,39,100,0,1,0,0,259.454,0.05,0.15,616,31.3896,2.08638,0.41991
2769,400,35,35,94,0,0,0,1,287.0,0.05,0.15,616,31.3896,2.09651,0.41991
2770,400,38,38,101,0,0,0,1,300.847,0.05,0.15,616,31.3896,2.09775,0.41991
2771,400,43,43,94,0,0,0,1,321.048,0.05,0.15,616,31.3896,2.04363,0.41991
2772,201,20,20,43,0,1,0,0,119.368,0.05,0.15,616,31.3896,2.17452,0.41991
2773,41,4,4,11,0,1,0,0,3.662,0.05,0.15,616,31.3896,3.11168,0.41991
2774,400,45,45,109,0,0,0,1,335.81,0.05,0.15,616,31.3896,2.12251,0.41991
2775,263,27,27,74,0,1,0,0,180.409,0.05,0.15,616,31.3896,2.30584,0.41991
2776,400,33,33,80,0,0,0,1,273.136,0.05,0.15,616,31.3896,1.85964,0.41991
2777,203,26,26,60,0,1,0,0,149.787,0.05,0.15,616,31.3896,2.25946,0.41991
2778,400,41,41,106,0,0,0,1,328.28,0.05,0.15,616,31.3896,2.08544,0.41991
2779,400,41,41,105,0,0,0,1,321.154,0.05,0.15,616,31.3896,2.03096,0.41991
2780,185,23,23,53,0,1,0,0,134.195,0.05,0.15,616,31.3896,2.30939,0.41991
2781,68,1,1,11,0,1,0,0,-5.657,0.05,0.15,616,31.3896,1.50679,0.41991
2782,400,33,33,70,0,0,0,1,250.327,0.05,0.15,616,31.3896,1.88591,0.41991
2783,27,0,0,3,0,1,0,0,-32.262,0.05,0.15,616,31.3896,1.34391,0.41991
2784,95,9,9,33,0,1,0,0,51.01,0.05,0.15,616,31.3896,2.19564,0.41991
2785,400,38,38,97,0,0,0,1,300.104,0.05,0.15,616,31.3896,1.9499,0.41991
2786,70,7,7,20,0,1,0,0,22.344,0.05,0.15,616,31.3896,2.50432,0.41991
2787,400,30,30,82,0,0,0,1,254.657,0.05,0.15,616,31.3896,1.7842,0.41991
2788,180,23,23,50,0,1,0,0,126.982,0.05,0.15,616,31.3896,2.31369,0.41991
2789,46,4,4,13,0,1,0,0,6.414,0.05,0.15,616,31.3896,2.69543,0.41991
2790,400,34,34,91,0,0,0,1,282.489,0.05,0.15,616,31.3896,2.0397,0.41991
2791,28,1,1,6,0,1,0,0,-14.307,0.05,0.15,616,31.3896,3.15494,0.41991
2792,25,2,2,9,0,1,0,0,-11.112,0.05,0.15,616,31.3896,5.1485,0.41991
2793,400,40,40,94,0,0,0,1,307.936,0.05,0.15,616,31.3896,1.87717,0.41991
2794,132,4,4,15,0,1,0,0,19.232,0.05,0.15,616,31.3896,2.16918,0.41991
2795,400,37,37,93,0,0,0,1,298.018,0.05,0.15,616,31.3896,2.18427,0.41991
2796,400,44,44,97,0,0,0,1,312.023,0.05,0.15,616,31.3896,2.1475,0.41991
2797,400,35,35,89,0,0,0,1,282.692,0.05,0.15,616,31.3896,2.18019,0.41991
2798,105,7,7,16,0,1,0,0,22.119,0.05,0.15,616,31.3896,2.92744,0.41991
2799,17,2,2,8,0,1,0,0,-15.575,0.05,0.15,616,31.3896,7.25179,0.41991
2800,400,29,29,69,0,0,0,1,237.357,0.05,0.15,616,31.3896,2.20349,0.41991
2801,116,11,11,34,0,1,0,0,65.037,0.05,0.15,616,31.3896,2.63141,0.41991
2802,36,3,3,15,0,1,0,0,-5.127,0.05,0.15,616,31.3896,3.99204,0.41991
2803,400,27,27,74,0,0,0,1,241.061,0.05,0.15,616,31.3896,2.00073,0.41991
2804,67,5,5,20,0,1,0,0,18.627,0.05,0.15,616,31.3896,2.73461,0.41991
2805,400,41,41,96,0,0,0,1,307.706,0.05,0.15,616,31.3896,2.25606,0.41991
2806,400,30,30,79,0,0,0,1,248.903,0.05,0.15,616,31.3896,1.9276,0.41991
2807,400,36,36,97,0,0,0,1,280.938,0.05,0.15,616,31.3896,2.28605,0.41991
2808,53,7,7,18,0,1,0,0,19.52,0.05,0.15,616,31.3896,2.98354,0.41991
2809,323,9,9,30,0,1,0,0,67.814,0.05,0.15,616,31.3896,1.73902,0.41991
2810,400,32,32,82,0,0,0,1,251.011,0.05,0.15,616,31.3896,1.81993,0.41991
2811,348,40,40,94,0,1,0,0,256.175,0.05,0.15,616,31.3896,2.33285,0.41991
2812,400,40,40,95,0,0,0,1,308.895,0.05,0.15,616,31.3896,2.24423,0.42018
2813,400,33,33,97,0,0,0,1,285.23,0.05,0.15,616,31.3896,1.98636,0.42018
2814,152,21,21,50,0,1,0,0,121.121,0.05,0.15,616,31.3896,2.74073,0.42018
2815,72,2,2,14,0,1,0,0,-0.512,0.05,0.15,616,31.3896,2.13103,0.42018
2816,280,23,23,70,0,1,0,0,162.867,0.05,0.15,616,31.3896,2.11486,0.42018
2817,400,41,41,112,0,0,0,1,330.009,0.05,0.15,616,31.3896,2.10684,0.42018
2818,21,2,2,8,0,1,0,0,-12.361,0.05,0.15,616,31.3896,2.60251,0.42018
2819,113,12,12,33,0,1,0,0,64.449,0.05,0.15,616,31.3896,2.85138,0.42018
2820,400,44,44,105,0,0,0,1,324.496,0.05,0.15,616,31.3896,2.38132,0.42018
2821,400,38,38,95,0,0,0,1,285.061,0.05,0.15,616,31.3896,2.24432,0.42018
2822,327,40,40,95,0,1,0,0,252.553,0.05,0.15,616,31.3896,2.45813,0.42018
2823,400,45,45,115,0,0,0,1,343.253,0.05,0.15,616,31.3896,2.48972,0.42045
2824,61,4,4,11,0,1,0,0,6.366,0.05,0.15,616,31.3896,3.05189,0.42045
2825,7,0,0,5,0,1,0,0,-28.408,0.05,0.15,616,31.3896,8.33019,0.42045
2826,29,3,3,11,0,1,0,0,-4.39,0.05,0.15,616,31.3896,2.47823,0.42045
2827,400,28,28,69,0,0,0,1,218.049,0.05,0.15,616,31.3896,2.26059,0.42045
2828,63,8,8,17,0,1,0,0,26.063,0.05,0.15,616,31.3896,2.82996,0.42045
2829,161,17,17,48,0,1,0,0,109.22,0.05,0.15,616,31.3896,2.48714,0.42045
2830,400,41,41,95,0,0,0,1,305.384,0.05,0.15,616,31.3896,2.26456,0.42045
2831,400,40,40,101,0,0,0,1,290.106,0.05,0.15,616,31.3896,2.70986,0.42073
2832,400,28,28,62,0,0,0,1,196.01,0.05,0.15,616,31.3896,2.47951,0.42073
2833,400,39,39,98,0,0,0,1,299.676,0.05,0.15,616,31.3896,2.45414,0.42073
2834,44,4,4,14,0,1,0,0,3.333,0.05,0.15,616,31.3896,3.29159,0.42073
2835,293,31,31,76,0,1,0,0,197.818,0.05,0.15,616,31.3896,2.47224,0.42073
2836,93,9,9,23,0,1,0,0,36.069,0.05,0.15,616,31.3896,3.18638,0.42073
2837,400,35,35,83,0,0,0,1,266.563,0.05,0.15,616,31.3896,2.46378,0.42073
2838,27,0,0,8,0,1,0,0,-19.349,0.05,0.15,616,31.3896,3.37915,0.42073
2839,400,42,42,100,0,0,0,1,316.685,0.05,0.15,616,31.3896,2.12015,0.42073
2840,51,3,3,15,0,1,0,0,2.434,0.05,0.15,616,31.3896,3.16175,0.42073
2841,235,26,26,70,0,1,0,0,169.357,0.05,0.15,616,31.3896,2.41736,0.42073
2842,400,35,35,83,0,0,0,1,277.13,0.05,0.15,616,31.3896,2.12327,0.42073
2843,13,1,1,5,0,1,0,0,-21.893,0.05,0.15,616,31.3896,8.66663,0.42073
2844,400,37,37,85,0,0,0,1,289.123,0.05,0.15,616,31.3896,2.07768,0.42073
2845,262,28,28,70,0,1,0,0,187.28,0.05,0.15,616,31.3896,2.38987,0.42073
2846,319,37,37,84,0,1,0,0,222.62,0.05,0.15,616,31.3896,2.5343,0.42073
2847,400,29,29,83,0,0,0,1,247.699,0.05,0.15,616,31.3896,2.13971,0.42073
2848,20,0,0,5,0,1,0,0,-24.937,0.05,0.15,616,31.3896,5.57827,0.42073
2849,15,1,1,4,0,1,0,0,-22.507,0.05,0.15,616,31.3896,7.57691,0.42073
2850,391,36,36,89,0,1,0,0,248.492,0.05,0.15,617,31.3896,2.63218,0.42031
2851,37,0,0,3,0,1,0,0,-21.721,0.05,0.15,617,31.3896,3.37011,0.42031
2852,400,40,40,91,0,0,0,1,288.663,0.05,0.15,617,31.3896,2.52653,0.42031
2853,44,5,5,15,0,1,0,0,9.022,0.05,0.15,617,31.3896,3.06848,0.42031
2854,14,0,0,4,0,1,0,0,-27.799,0.05,0.15,617,31.3896,6.42177,0.42031
2855,227,25,25,64,0,1,0,0,164.376,0.05,0.15,617,31.3896,2.47657,0.42031
2856,40,5,5,13,0,1,0,0,5.19,0.05,0.15,617,31.3896,3.56136,0.42031
2857,400,33,33,89,0,0,0,1,276.513,0.05,0.15,617,31.3896,2.02925,0.42031
2858,400,27,27,59,0,0,0,1,213.948,0.05,0.15,617,31.3896,2.18618,0.42031
2859,400,28,28,69,0,0,0,1,237.378,0.05,0.15,617,31.3896,1.82715,0.42031
2860,106,13,13,25,0,1,0,0,62.264,0.05,0.15,617,31.3896,2.55185,0.42031
2861,123,13,13,31,0,1,0,0,66.221,0.05,0.15,617,31.3896,2.66258,0.42031
2862,64,6,6,17,0,1,0,0,20.039,0.05,0.15,617,31.3896,2.3547,0.42031
2863,400,18,18,47,0,0,0,1,165.489,0.05,0.15,617,31.3896,1.44172,0.42031
2864,400,41,41,101,0,0,0,1,309.027,0.05,0.15,617,31.3896,2.27227,0.42031
2865,400,39,39,91,0,0,0,1,283.949,0.05,0.15,617,31.3896,2.45637,0.42031
2866,25,1,1,9,0,1,0,0,-13.263,0.05,0.15,617,31.3896,2.21191,0.42031
2867,400,46,46,97,0,0,0,1,319.605,0.05,0.15,617,31.3896,2.71865,0.42031
2868,297,37,37,79,0,1,0,0,226.488,0.05,0.15,617,31.3896,2.7392,0.42031
2869,137,20,20,52,0,1,0,0,91.924,0.05,0.15,617,31.3896,3.17349,0.42031
2870,13,0,0,5,0,1,0,0,-24.621,0.05,0.15,617,31.3896,9.18274,0.42031
2871,238,22,22,61,0,1,0,0,110.554,0.05,0.15,617,31.3896,3.31878,0.42031
2872,12,0,0,4,0,1,0,0,-31.95,0.05,0.15,617,31.3896,4.12369,0.42031
2873,362,37,37,91,0,1,0,0,230.385,0.05,0.15,617,31.3896,2.90283,0.42031
2874,48,3,3,9,0,1,0,0,-8.704,0.05,0.15,617,31.3896,3.96818,0.42031
2875,400,35,35,90,0,0,0,1,235.357,0.05,0.15,617,31.3896,2.77239,0.42031
2876,21,2,2,9,0,1,0,0,-14.395,0.05,0.15,617,31.3896,6.35706,0.42031
2877,177,17,17,49,0,1,0,0,94.612,0.05,0.15,617,31.3896,2.67906,0.42031
2878,400,41,41,93,0,0,0,1,270.742,0.05,0.15,617,31.3896,2.72804,0.42031
2879,122,12,12,40,0,1,0,0,52.483,0.05,0.15,617,31.3896,3.75845,0.42031
2880,374,37,37,96,0,1,0,0,231.052,0.05,0.15,617,31.3896,2.68042,0.42058
2881,400,24,24,68,0,0,0,1,173.225,0.05,0.15,617,31.3896,2.46372,0.42058
2882,400,22,22,60,0,0,0,1,174.194,0.05,0.15,617,31.3896,2.08805,0.42058
2883,144,6,6,17,0,1,0,0,7.647,0.05,0.15,617,31.3896,2.26367,0.42058
2884,21,0,0,4,0,1,0,0,-29.18,0.05,0.15,617,31.3896,7.20688,0.42058
2885,400,8,8,25,0,0,0,1,85.407,0.05,0.15,617,31.3896,1.73789,0.42058
2886,400,16,16,42,0,0,0,1,149.562,0.05,0.15,617,31.3896,2.34193,0.42058
2887,218,17,17,52,0,1,0,0,94.892,0.05,0.15,617,31.3896,2.55781,0.42058
2888,264,21,21,57,0,1,0,0,143.218,0.05,0.15,617,31.3896,2.68298,0.42058
2889,315,28,28,68,0,1,0,0,162.611,0.05,0.15,617,31.3896,2.82625,0.42058
2890,5,0,0,2,0,1,0,0,-27.66,0.05,0.15,617,31.3896,7.73155,0.42058
2891,400,27,27,67,0,0,0,1,192.912,0.05,0.15,617,31.3896,2.28996,0.42058
2892,400,27,27,67,0,0,0,1,181.827,0.05,0.15,617,31.3896,2.15214,0.42058
2893,38,1,1,14,0,1,0,0,-12.803,0.05,0.15,617,31.3896,4.27696,0.42058
2894,22,1,1,9,0,1,0,0,-14.161,0.05,0.15,617,31.3896,4.55021,0.42058
2895,13,0,0,4,0,1,0,0,-24.573,0.05,0.15,617,31.3896,6.86916,0.42058
2896,215,12,12,31,0,1,0,0,57.177,0.05,0.15,617,31.3896,2.67873,0.42058
2897,165,6,6,22,0,1,0,0,25.97,0.05,0.15,617,31.3896,2.7921,0.42058
2898,84,4,4,6,0,1,0,0,-0.978,0.05,0.15,617,31.3896,2.54834,0.42058
2899,400,10,10,28,0,0,0,1,82.279,0.05,0.15,618,31.3896,2.00203,0.42017
2900,20,1,1,8,0,1,0,0,-18.713,0.05,0.15,618,31.3896,5.32662,0.42017
2901,400,4,4,22,0,0,0,1,57.03,0.05,0.15,618,31.3896,1.98109,0.42017
2902,13,1,1,5,0,1,0,0,-20.129,0.05,0.15,618,31.3896,5.63676,0.42017
2903,85,3,3,20,0,1,0,0,8.425,0.05,0.15,618,31.3896,2.88131,0.42017
2904,230,9,9,24,0,1,0,0,58.241,0.05,0.15,618,31.3896,2.489,0.42017
2905,7,0,0,5,0,1,0,0,-26.346,0.05,0.15,618,31.3896,4.94176,0.42017
2906,44,4,4,8,0,1,0,0,-2.312,0.05,0.15,618,31.3896,4.14627,0.42017
2907,5,0,0,1,0,1,0,0,-28.304,0.05,0.15,618,31.3896,11.6433,0.42017
2908,13,0,0,4,0,1,0,0,-25.059,0.05,0.15,618,31.3896,6.63256,0.42017
2909,400,12,12,53,0,0,0,1,120.213,0.05,0.15,618,31.3896,2.13827,0.42044
2910,274,7,7,32,0,1,0,0,35.379,0.05,0.15,618,31.3896,2.48234,0.42044
2911,400,14,14,46,0,0,0,1,142.721,0.05,0.15,618,31.3896,1.99704,0.42044
2912,400,9,9,26,0,0,0,1,123.06,0.05,0.15,618,31.3896,1.02404,0.42044
2913,255,19,19,44,0,1,0,0,100.092,0.05,0.15,618,31.3896,2.11132,0.42044
2914,400,16,16,47,0,0,0,1,141.689,0.05,0.15,618,31.3896,2.1097,0.42044
2915,5,0,0,3,0,1,0,0,-25.454,0.05,0.15,618,31.3896,9.16579,0.42044
2916,34,0,0,3,0,1,0,0,-23.996,0.05,0.15,618,31.3896,1.7579,0.42044
2917,400,14,14,28,0,0,0,1,100.672,0.05,0.15,618,31.3896,2.05234,0.42071
2918,13,1,1,4,0,1,0,0,-20.831,0.05,0.15,618,31.3896,5.27381,0.42071
2919,13,0,0,3,0,1,0,0,-24.773,0.05,0.15,618,31.3896,5.7199,0.42071
2920,400,16,16,44,0,0,0,1,129.024,0.05,0.15,618,31.3896,1.79791,0.42098
2921,400,16,16,42,0,0,0,1,124.695,0.05,0.15,618,31.3896,1.89313,0.42098
2922,400,12,12,31,0,0,0,1,114.299,0.05,0.15,618,31.3896,1.44923,0.42098
2923,40,0,0,3,0,1,0,0,-26.522,0.05,0.15,618,31.3896,1.12579,0.42098
2924,52,2,2,10,0,1,0,0,-10.334,0.05,0.15,618,31.3896,2.97464,0.42098
2925,96,3,3,11,0,1,0,0,-4.185,0.05,0.15,618,31.3896,2.47712,0.42098
2926,400,9,9,30,0,0,0,1,81.962,0.05,0.15,618,31.3896,1.47057,0.42098
2927,172,3,3,17,0,1,0,0,8.662,0.05,0.15,618,31.3896,2.02004,0.42098
2928,400,4,4,24,0,0,0,1,87.779,0.05,0.15,618,31.3896,1.54656,0.42098
2929,400,14,14,45,0,0,0,1,127.441,0.05,0.15,618,31.3896,1.8869,0.42098
2930,400,18,18,46,0,0,0,1,172.519,0.05,0.15,619,31.3896,2.31838,0.42057
2931,227,11,11,46,0,1,0,0,85.788,0.05,0.15,620,31.3896,1.95637,0.42016
2932,56,5,5,14,0,1,0,0,2.521,0.05,0.15,620,31.3896,3.55195,0.42016
2933,397,20,20,45,0,1,0,0,103.877,0.05,0.15,620,31.3896,2.14915,0.42043
2934,184,3,3,18,0,1,0,0,29.232,0.05,0.15,620,31.3896,1.4488,0.42043
2935,36,1,1,10,0,1,0,0,-18.22,0.05,0.15,620,31.3896,3.56847,0.42043
2936,211,4,4,24,0,1,0,0,11.139,0.05,0.15,620,31.3896,1.95258,0.42043
2937,83,4,4,22,0,1,0,0,7.68,0.05,0.15,620,31.3896,2.50031,0.42043
2938,194,15,15,39,0,1,0,0,72.589,0.05,0.15,621,31.3896,2.22656,0.42029
2939,400,11,11,28,0,0,0,1,102.796,0.05,0.15,621,31.3896,1.59601,0.42056
2940,271,18,18,53,0,1,0,0,120.537,0.05,0.15,622,31.3896,1.89082,0.42015
2941,71,2,2,13,0,1,0,0,2.014,0.05,0.15,622,31.3896,2.30025,0.42015
2942,112,0,0,5,0,1,0,0,-2.696,0.05,0.15,622,31.3896,0.51356,0.42015
2943,400,7,7,32,0,0,0,1,120.57,0.05,0.15,622,31.3896,0.67825,0.42015
2944,106,6,6,14,0,1,0,0,17.555,0.05,0.15,622,31.3896,1.71592,0.42015
2945,400,15,15,44,0,0,0,1,162.151,0.05,0.15,622,31.3896,1.01935,0.42015
2946,400,14,14,37,0,0,0,1,133.777,0.05,0.15,622,31.3896,1.80856,0.42015
2947,400,12,12,32,0,0,0,1,144.993,0.05,0.15,622,31.3896,0.70237,0.42015
2948,400,10,10,39,0,0,0,1,137.138,0.05,0.15,622,31.3896,1.45956,0.42042
2949,5,0,0,1,0,1,0,0,-26.654,0.05,0.15,622,31.3896,8.59366,0.42042
2950,190,4,4,28,0,1,0,0,33.867,0.05,0.15,622,31.3896,1.65083,0.42042
2951,400,17,17,61,0,0,0,1,147.838,0.05,0.15,622,31.3896,1.74521,0.42042
2952,13,0,0,4,0,1,0,0,-22.203,0.05,0.15,622,31.3896,4.13807,0.42042
2953,28,2,2,13,0,1,0,0,-4.825,0.05,0.15,622,31.3896,1.70528,0.42042
2954,159,10,10,35,0,1,0,0,53.293,0.05,0.15,622,31.3896,2.37823,0.42042
2955,400,9,9,32,0,0,0,1,92.815,0.05,0.15,622,31.3896,1.76341,0.42042
2956,149,12,12,21,0,1,0,0,52.436,0.05,0.15,622,31.3896,1.86,0.42042
2957,226,8,8,26,0,1,0,0,50.006,0.05,0.15,622,31.3896,1.96165,0.42042
2958,400,19,19,62,0,0,0,1,187.744,0.05,0.15,622,31.3896,1.65114,0.42042
2959,176,15,15,44,0,1,0,0,80.582,0.05,0.15,622,31.3896,2.37888,0.42042
2960,22,3,3,10,0,1,0,0,-11.856,0.05,0.15,622,31.3896,3.7988,0.42042
2961,43,3,3,11,0,1,0,0,-2.559,0.05,0.15,622,31.3896,2.45104,0.42069
2962,400,12,12,28,0,0,0,1,134.977,0.05,0.15,622,31.3896,1.55652,0.42069
2963,53,2,2,15,0,1,0,0,1.355,0.05,0.15,622,31.3896,2.84544,0.42069
2964,97,8,8,33,0,1,0,0,42.662,0.05,0.15,622,31.3896,3.01646,0.42069
2965,400,30,30,70,0,0,0,1,242.89,0.05,0.15,622,31.3896,2.0485,0.42095
2966,400,17,17,54,0,0,0,1,161.57,0.05,0.15,622,31.3896,1.87127,0.42095
2967,400,27,27,76,0,0,0,1,228.452,0.05,0.15,622,31.3896,1.9068,0.42095
2968,400,35,35,110,0,0,0,1,292.096,0.05,0.15,622,31.3896,2.40161,0.42095
2969,237,17,17,56,0,1,0,0,127.653,0.05,0.15,622,31.3896,2.31246,0.42095
2970,100,13,13,24,0,1,0,0,53.887,0.05,0.15,622,31.3896,2.75036,0.42095
2971,281,11,11,34,0,1,0,0,67.95,0.05,0.15,622,31.3896,1.81674,0.42095
2972,177,15,15,31,0,1,0,0,80.627,0.05,0.15,622,31.3896,2.30601,0.42095
2973,249,4,4,19,0,1,0,0,25.479,0.05,0.15,622,31.3896,2.04106,0.42122
2974,400,32,32,81,0,0,0,1,261.473,0.05,0.15,622,31.3896,2.265,0.42122
2975,110,11,11,32,0,1,0,0,54.324,0.05,0.15,622,31.3896,2.72293,0.42122
2976,31,1,1,10,0,1,0,0,-11.885,0.05,0.15,622,31.3896,4.11474,0.42122
2977,197,20,20,57,0,1,0,0,111.925,0.05,0.15,622,31.3896,2.86487,0.42122
2978,400,27,27,73,0,0,0,1,222.895,0.05,0.15,622,31.3896,2.32651,0.42122
2979,262,28,28,66,0,1,0,0,175.074,0.05,0.15,622,31.3896,2.47415,0.42149
2980,13,0,0,3,0,1,0,0,-26.969,0.05,0.15,622,31.3896,8.06798,0.42149
2981,309,21,21,64,0,1,0,0,150.11,0.05,0.15,622,31.3896,2.43261,0.42149
2982,52,1,1,10,0,1,0,0,-11.658,0.05,0.15,622,31.3896,2.90171,0.42149
2983,33,1,1,6,0,1,0,0,-16.041,0.05,0.15,622,31.3896,2.80157,0.42149
2984,65,3,3,16,0,1,0,0,5.769,0.05,0.15,622,31.3896,3.09933,0.42149
2985,64,7,7,11,0,1,0,0,18.059,0.05,0.15,622,31.3896,2.58459,0.42149
2986,367,31,31,80,0,1,0,0,217.032,0.05,0.15,622,31.3896,2.39706,0.42149
2987,345,21,21,46,0,1,0,0,135.752,0.05,0.15,622,31.3896,2.10704,0.42149
2988,46,5,5,16,0,1,0,0,9.816,0.05,0.15,622,31.3896,2.88625,0.42149
2989,400,29,29,73,0,0,0,1,233.499,0.05,0.15,622,31.3896,1.94687,0.42149
2990,372,37,37,87,0,1,0,0,233.781,0.05,0.15,622,31.3896,2.34169,0.42176
2991,400,39,39,93,0,0,0,1,302.285,0.05,0.15,622,31.3896,2.28803,0.42176
2992,191,17,17,51,0,1,0,0,111.461,0.05,0.15,622,31.3896,2.39571,0.42176
2993,189,17,17,46,0,1,0,0,101.404,0.05,0.15,622,31.3896,2.58296,0.42176
2994,347,32,32,82,0,1,0,0,216.343,0.05,0.15,622,31.3896,2.11887,0.42176
2995,400,39,39,91,0,0,0,1,292.157,0.05,0.15,622,31.3896,2.21414,0.42176
2996,102,10,10,27,0,1,0,0,41.57,0.05,0.15,622,31.3896,2.37459,0.42176
2997,400,30,30,71,0,0,0,1,252.531,0.05,0.15,622,31.3896,1.60577,0.42176
2998,400,38,38,79,0,0,0,1,271.664,0.05,0.15,622,31.3896,1.69639,0.42176
2999,400,34,34,81,0,0,0,1,269.283,0.05,0.15,623,31.3896,1.84486,0.42135
3000,257,23,23,50,0,1,0,0,144.306,0.05,0.15,623,31.3896,2.53577,0.42135
