round,steps,score,coins,crates,kills,suicides,invalid,survived,total_reward,epsilon,alpha,n_states,max_abs_q,mean_abs_td,coverage
1,5,0,0,4,0,1,0,0,-32.804,0.99833,0.15,138,31.2947,17.17108,0.43237
2,9,0,0,4,0,1,0,0,-31.904,0.99667,0.15,140,31.2947,10.06539,0.43214
3,16,0,0,2,0,1,0,0,-29.698,0.99501,0.15,144,31.2947,5.79113,0.42708
4,18,0,0,6,0,1,0,0,-25.806,0.99336,0.15,154,31.2947,5.7939,0.41234
5,5,0,0,3,0,1,0,0,-33.406,0.9917,0.15,154,31.2947,14.65916,0.41234
6,5,0,0,3,0,1,0,0,-33.008,0.99005,0.15,154,31.2947,14.07964,0.41342
7,29,0,0,7,0,1,0,0,-27.295,0.9884,0.15,167,31.2947,4.37494,0.4002
8,14,1,1,5,0,1,0,0,-22.383,0.98676,0.15,173,31.2947,6.9726,0.39499
9,5,0,0,3,0,1,0,0,-33.408,0.98511,0.15,173,31.2947,13.22402,0.39499
10,5,0,0,4,0,1,0,0,-32.408,0.98347,0.15,173,31.2947,12.2481,0.39595
11,60,2,2,14,0,1,0,0,-19.628,0.98183,0.15,188,31.2947,2.91152,0.39007
12,16,1,1,3,0,1,0,0,-19.921,0.9802,0.15,191,31.2947,6.05309,0.38743
13,5,0,0,3,0,1,0,0,-33.006,0.97857,0.15,191,31.2947,10.62081,0.38743
14,48,0,0,10,0,1,0,0,-23.712,0.97694,0.15,200,31.2947,2.83174,0.38583
15,7,0,0,4,0,1,0,0,-32.004,0.97531,0.15,200,31.2947,7.61848,0.38583
16,15,0,0,5,0,1,0,0,-30.286,0.97369,0.15,201,31.2947,5.54178,0.38557
17,10,0,0,4,0,1,0,0,-23.196,0.97206,0.15,204,31.2947,6.49427,0.38399
18,24,2,2,4,0,1,0,0,-18.542,0.97045,0.15,209,31.2947,5.04268,0.38198
19,42,0,0,5,0,1,0,0,-26.687,0.96883,0.15,211,31.2947,4.18078,0.38468
20,6,0,0,3,0,1,0,0,-33.354,0.96722,0.15,211,31.2947,7.89198,0.38468
21,17,0,0,4,0,1,0,0,-29.079,0.96561,0.15,215,31.2947,6.40435,0.3814
22,40,1,1,8,0,1,0,0,-14.701,0.964,0.15,220,31.2947,2.97175,0.37803
23,17,0,0,2,0,1,0,0,-23.401,0.96239,0.15,221,31.2947,5.73852,0.37707
24,6,0,0,2,0,1,0,0,-31.204,0.96079,0.15,222,31.2947,14.05289,0.37688
25,30,0,0,4,0,1,0,0,-26.636,0.95919,0.15,224,31.2947,4.27607,0.37649
26,5,0,0,3,0,1,0,0,-33.002,0.95759,0.15,225,31.2947,16.6488,0.37704
27,13,0,0,4,0,1,0,0,-31.5,0.956,0.15,225,31.2947,5.17314,0.37704
28,27,0,0,8,0,1,0,0,-21.773,0.95441,0.15,228,31.2947,5.47063,0.37646
29,7,0,0,4,0,1,0,0,-32.006,0.95282,0.15,228,31.2947,7.9642,0.37646
30,5,0,0,4,0,1,0,0,-32.408,0.95123,0.15,228,31.2947,7.84237,0.37646
31,5,0,0,4,0,1,0,0,-32.408,0.94965,0.15,228,31.2947,8.26223,0.37646
32,23,1,1,8,0,1,0,0,-25.539,0.94806,0.15,228,31.2947,5.22548,0.37792
33,14,0,0,4,0,1,0,0,-31.55,0.94649,0.15,228,31.2947,4.32107,0.37792
34,5,0,0,3,0,1,0,0,-32.604,0.94491,0.15,228,31.2947,11.62282,0.37792
35,12,0,0,6,0,1,0,0,-27.252,0.94334,0.15,231,31.2947,6.94078,0.3759
36,30,1,1,6,0,1,0,0,-25.631,0.94176,0.15,240,31.2947,4.34618,0.37014
37,27,0,0,6,0,1,0,0,-24.393,0.9402,0.15,242,31.2947,3.21103,0.36983
38,6,0,0,4,0,1,0,0,-32.356,0.93863,0.15,242,31.2947,6.85935,0.36983
39,8,0,0,2,0,1,0,0,-32.758,0.93707,0.15,242,31.2947,10.61074,0.37052
40,21,0,0,7,0,1,0,0,-29.784,0.93551,0.15,244,31.2947,5.45093,0.36885
41,5,0,0,4,0,1,0,0,-32.808,0.93395,0.15,244,31.2947,5.76062,0.36885
42,5,0,0,2,0,1,0,0,-34.008,0.93239,0.15,244,31.2947,6.73031,0.36885
43,9,0,0,3,0,1,0,0,-31.806,0.93084,0.15,244,31.2947,8.08003,0.36885
44,23,0,0,9,0,1,0,0,-27.106,0.92929,0.15,246,31.2947,5.69926,0.36924
45,7,0,0,4,0,1,0,0,-31.606,0.92774,0.15,246,31.2947,4.55367,0.36924
46,18,1,1,5,0,1,0,0,-24.59,0.9262,0.15,246,31.2947,5.18433,0.37127
47,7,0,0,4,0,1,0,0,-32.006,0.92466,0.15,246,31.2947,4.76545,0.37127
48,22,3,3,4,0,1,0,0,-16.642,0.92312,0.15,248,31.2947,5.22061,0.37298
49,26,0,0,12,0,1,0,0,-21.635,0.92158,0.15,249,31.2947,4.59333,0.37349
50,7,0,0,4,0,1,0,0,-31.604,0.92004,0.15,249,31.2947,8.65532,0.37416
51,6,0,0,3,0,1,0,0,-33.756,0.91851,0.15,249,31.2947,6.11927,0.37416
52,30,1,1,5,0,1,0,0,-25.778,0.91698,0.15,252,31.2947,3.56976,0.37302
53,39,0,0,7,0,1,0,0,-22.318,0.91546,0.15,254,31.2947,2.64484,0.37336
54,25,2,2,7,0,1,0,0,-20.242,0.91393,0.15,254,31.2947,4.4266,0.37336
55,7,0,0,3,0,1,0,0,-33.304,0.91241,0.15,254,31.2947,4.73852,0.37336
56,7,0,0,4,0,1,0,0,-33.104,0.91089,0.15,254,31.2947,3.80075,0.37336
57,5,0,0,4,0,1,0,0,-32.004,0.90937,0.15,254,31.2947,11.02657,0.37336
58,5,0,0,3,0,1,0,0,-30.408,0.90786,0.15,254,31.2947,10.53538,0.37402
59,7,0,0,2,0,1,0,0,-31.154,0.90635,0.15,254,31.2947,9.78303,0.37402
60,34,0,0,5,0,1,0,0,-27.241,0.90484,0.15,255,31.2947,4.00482,0.37451
61,14,0,0,3,0,1,0,0,-30.223,0.90333,0.15,255,31.2947,4.2688,0.37451
62,5,0,0,3,0,1,0,0,-33.808,0.90183,0.15,255,31.2947,4.2224,0.37451
63,6,0,0,2,0,1,0,0,-29.002,0.90032,0.15,256,31.2947,18.09009,0.3737
64,5,0,0,3,0,1,0,0,-31.352,0.89883,0.15,256,31.2947,16.55032,0.3737
65,17,0,0,2,0,1,0,0,-26.351,0.89733,0.15,257,31.2947,5.73696,0.37354
66,20,0,0,5,0,1,0,0,-26.382,0.89583,0.15,257,31.2947,4.87275,0.37354
67,23,0,0,8,0,1,0,0,-23.773,0.89434,0.15,260,31.2947,4.74575,0.37372
68,30,2,2,8,0,1,0,0,-20.844,0.89285,0.15,263,31.2947,3.8077,0.37199
69,5,0,0,4,0,1,0,0,-32.008,0.89137,0.15,263,31.2947,5.28958,0.37199
70,6,0,0,3,0,1,0,0,-35.0,0.88988,0.15,264,31.2947,15.49826,0.37184
71,5,0,0,1,0,1,0,0,-31.706,0.8884,0.15,265,31.2947,20.14663,0.37107
72,10,0,0,4,0,1,0,0,-32.352,0.88692,0.15,265,31.2947,4.29916,0.37107
73,13,0,0,3,0,1,0,0,-29.875,0.88544,0.15,266,31.2947,5.84319,0.37155
74,5,0,0,3,0,1,0,0,-33.808,0.88397,0.15,266,31.2947,4.01495,0.37155
75,5,0,0,3,0,1,0,0,-33.408,0.8825,0.15,266,31.2947,3.23625,0.37155
76,25,0,0,9,0,1,0,0,-23.866,0.88103,0.15,267,31.2947,4.78814,0.37328
77,26,0,0,11,0,1,0,0,-14.623,0.87956,0.15,269,31.2947,3.0194,0.37237
78,10,0,0,3,0,1,0,0,-32.152,0.8781,0.15,269,31.2947,2.41888,0.37237
79,6,0,0,4,0,1,0,0,-32.352,0.87663,0.15,269,31.2947,9.58516,0.37299
80,5,0,0,4,0,1,0,0,-32.806,0.87517,0.15,269,31.2947,8.42819,0.37299
81,17,2,2,2,0,1,0,0,-23.324,0.87372,0.15,270,31.2947,5.98075,0.37284
82,18,2,2,5,0,1,0,0,-19.249,0.87226,0.15,271,31.2947,5.677,0.37269
83,31,0,0,6,0,1,0,0,-23.124,0.87081,0.15,271,31.2947,3.37801,0.37331
84,37,1,1,4,0,1,0,0,-19.516,0.86936,0.15,271,31.2947,3.73811,0.37392
85,26,0,0,8,0,1,0,0,-19.394,0.86791,0.15,276,31.2947,5.20994,0.37138
86,10,0,0,3,0,1,0,0,-31.654,0.86647,0.15,276,31.2947,7.66654,0.37138
87,52,0,0,9,0,1,0,0,-28.008,0.86502,0.15,280,31.2947,3.45592,0.37083
88,91,2,2,14,0,1,0,0,-12.471,0.86358,0.15,282,31.2947,2.40822,0.37116
89,17,0,0,3,0,1,0,0,-32.71,0.86214,0.15,282,31.2947,5.18277,0.37175
90,9,0,0,3,0,1,0,0,-28.958,0.86071,0.15,282,31.2947,6.02662,0.37175
91,5,0,0,4,0,1,0,0,-32.008,0.85927,0.15,282,31.2947,5.02629,0.37175
92,12,0,0,4,0,1,0,0,-32.15,0.85784,0.15,282,31.2947,2.90406,0.37175
93,19,0,0,4,0,1,0,0,-27.481,0.85642,0.15,282,31.2947,4.17285,0.37175
94,7,0,0,4,0,1,0,0,-26.95,0.85499,0.15,284,31.2947,9.13461,0.37089
95,26,0,0,4,0,1,0,0,-29.545,0.85357,0.15,286,31.2947,4.73456,0.37063
96,47,2,2,8,0,1,0,0,-16.295,0.85214,0.15,287,31.2947,3.25598,0.37108
97,28,0,0,3,0,1,0,0,-30.233,0.85072,0.15,287,31.2947,3.73528,0.37166
98,5,0,0,3,0,1,0,0,-33.408,0.84931,0.15,287,31.2947,3.47544,0.37166
99,32,0,0,8,0,1,0,0,-21.822,0.84789,0.15,293,31.2947,4.04936,0.3686
100,63,2,2,10,0,1,0,0,-21.338,0.84648,0.15,298,31.2947,2.98747,0.36745
101,22,0,0,8,0,1,0,0,-22.787,0.84507,0.15,299,31.2947,3.74299,0.36734
102,23,0,0,6,0,1,0,0,-28.383,0.84366,0.15,302,31.2947,5.35868,0.36534
103,26,0,0,3,0,1,0,0,-24.867,0.84226,0.15,306,31.2947,4.68337,0.36329
104,14,1,1,2,0,1,0,0,-30.34,0.84086,0.15,307,31.2947,8.14867,0.36319
105,16,0,0,4,0,1,0,0,-28.087,0.83946,0.15,308,31.2947,5.31278,0.3631
106,5,0,0,2,0,1,0,0,-30.662,0.83806,0.15,308,31.2947,19.30147,0.36418
107,22,1,1,4,0,1,0,0,-22.072,0.83666,0.15,308,31.2947,4.24491,0.36472
108,17,1,1,5,0,1,0,0,-25.578,0.83527,0.15,308,31.2947,3.8076,0.36526
109,13,0,0,5,0,1,0,0,-27.901,0.83388,0.15,308,31.2947,5.0348,0.36526
110,5,0,0,3,0,1,0,0,-33.804,0.83249,0.15,308,31.2947,9.62091,0.36526
111,17,0,0,4,0,1,0,0,-27.609,0.8311,0.15,309,31.2947,6.19913,0.3657
112,16,0,0,2,0,1,0,0,-30.403,0.82972,0.15,309,31.2947,6.17656,0.3657
113,7,0,0,4,0,1,0,0,-32.006,0.82834,0.15,309,31.2947,4.9872,0.3657
114,5,0,0,3,0,1,0,0,-33.006,0.82696,0.15,309,31.2947,7.27426,0.3657
115,26,1,1,2,0,1,0,0,-27.362,0.82558,0.15,309,31.2947,4.27341,0.36624
116,12,0,0,3,0,1,0,0,-33.152,0.82421,0.15,309,31.2947,4.31865,0.36624
117,63,3,3,10,0,1,0,0,-12.324,0.82283,0.15,313,31.2947,3.07507,0.36581
118,58,0,0,7,0,1,0,0,-22.973,0.82146,0.15,313,31.2947,2.59101,0.36581
119,5,0,0,3,0,1,0,0,-33.408,0.8201,0.15,313,31.2947,2.59325,0.36581
120,16,0,0,2,0,1,0,0,-32.948,0.81873,0.15,313,31.2947,2.52916,0.36581
121,37,1,1,5,0,1,0,0,-25.233,0.81737,0.15,313,31.2947,4.29272,0.36741
122,27,0,0,5,0,1,0,0,-27.586,0.81601,0.15,314,31.2947,3.79874,0.36677
123,24,0,0,9,0,1,0,0,-25.178,0.81465,0.15,315,31.2947,5.11296,0.36772
124,26,0,0,6,0,1,0,0,-25.8,0.81329,0.15,316,31.2947,4.63831,0.36709
125,44,1,1,9,0,1,0,0,-19.783,0.81194,0.15,320,31.2947,3.70041,0.36615
126,18,0,0,4,0,1,0,0,-31.82,0.81058,0.15,321,31.2947,6.87698,0.36604
127,8,0,0,3,0,1,0,0,-32.852,0.80923,0.15,321,31.2947,4.25308,0.36604
128,24,1,1,7,0,1,0,0,-21.625,0.80789,0.15,322,31.2947,4.68115,0.36594
129,32,0,0,8,0,1,0,0,-26.526,0.80654,0.15,322,31.2947,4.16316,0.36594
130,38,3,3,9,0,1,0,0,-16.799,0.8052,0.15,324,31.2947,3.61224,0.36523
131,7,0,0,4,0,1,0,0,-32.806,0.80386,0.15,324,31.2947,4.26365,0.36523
132,6,0,0,4,0,1,0,0,-32.756,0.80252,0.15,324,31.2947,3.95795,0.36523
133,7,0,0,3,0,1,0,0,-32.604,0.80118,0.15,324,31.2947,6.37959,0.36523
134,11,0,0,3,0,1,0,0,-29.2,0.79985,0.15,324,31.2947,10.57133,0.36523
135,56,2,2,7,0,1,0,0,-13.521,0.79852,0.15,326,31.2947,2.88029,0.36708
136,6,0,0,4,0,1,0,0,-32.756,0.79719,0.15,326,31.2947,4.78104,0.36708
137,14,0,0,3,0,1,0,0,-26.523,0.79586,0.15,326,31.2947,7.04029,0.36759
138,5,0,0,2,0,1,0,0,-33.606,0.79453,0.15,326,31.2947,5.56308,0.36759
139,53,1,1,14,0,1,0,0,-15.689,0.79321,0.15,326,31.2947,2.7623,0.36963
140,5,0,0,3,0,1,0,0,-30.002,0.79189,0.15,326,31.2947,13.74845,0.36963
141,5,0,0,4,0,1,0,0,-32.404,0.79057,0.15,326,31.2947,7.74639,0.36963
142,38,2,2,9,0,1,0,0,-15.51,0.78925,0.15,327,31.2947,4.08975,0.37003
143,5,0,0,1,0,1,0,0,-35.006,0.78794,0.15,327,31.2947,5.59529,0.37003
144,32,1,1,7,0,1,0,0,-18.661,0.78663,0.15,328,31.2947,4.48482,0.37043
145,17,0,0,5,0,1,0,0,-30.038,0.78532,0.15,328,31.2947,4.29534,0.37093
146,6,0,0,1,0,1,0,0,-31.406,0.78401,0.15,328,31.2947,9.48714,0.37093
147,30,3,3,8,0,1,0,0,-11.837,0.7827,0.15,328,31.2947,3.85072,0.37093
148,16,1,1,2,0,1,0,0,-23.547,0.7814,0.15,328,31.2947,5.65984,0.37144
149,10,0,0,3,0,1,0,0,-30.656,0.7801,0.15,328,31.2947,6.00416,0.37144
150,21,2,2,8,0,1,0,0,-22.022,0.7788,0.15,328,31.2947,5.41388,0.37195
151,18,1,1,5,0,1,0,0,-22.918,0.7775,0.15,328,31.2947,3.91329,0.37195
152,26,1,1,9,0,1,0,0,-25.296,0.77621,0.15,328,31.2947,4.95693,0.37195
153,5,0,0,3,0,1,0,0,-33.008,0.77492,0.15,328,31.2947,2.25343,0.37195
154,33,2,2,8,0,1,0,0,-13.052,0.77363,0.15,328,31.2947,3.39593,0.37246
155,17,0,0,4,0,1,0,0,-30.252,0.77234,0.15,328,31.2947,3.68564,0.37246
156,20,0,0,5,0,1,0,0,-26.832,0.77105,0.15,328,31.2947,5.30874,0.37246
157,6,0,0,2,0,1,0,0,-34.356,0.76977,0.15,328,31.2947,5.28693,0.37246
158,78,2,2,16,0,1,0,0,-11.74,0.76849,0.15,332,31.2947,3.2921,0.37249
159,35,1,1,10,0,1,0,0,-21.743,0.76721,0.15,332,31.2947,2.89481,0.37249
160,44,0,0,6,0,1,0,0,-23.731,0.76593,0.15,332,31.2947,2.96379,0.37249
161,7,0,0,2,0,1,0,0,-35.25,0.76465,0.15,332,31.2947,13.02869,0.37249
162,16,0,0,2,0,1,0,0,-28.528,0.76338,0.15,332,31.2947,4.65398,0.37249
163,58,1,1,10,0,1,0,0,-15.094,0.76211,0.15,332,31.2947,2.60304,0.374
164,5,0,0,3,0,1,0,0,-33.806,0.76084,0.15,332,31.2947,4.39325,0.374
165,5,0,0,3,0,1,0,0,-30.104,0.75957,0.15,332,31.2947,15.2302,0.374
166,5,0,0,3,0,1,0,0,-33.008,0.75831,0.15,332,31.2947,3.59388,0.374
167,47,1,1,10,0,1,0,0,-14.522,0.75704,0.15,332,31.2947,3.1252,0.3755
168,15,0,0,5,0,1,0,0,-26.296,0.75578,0.15,334,31.2947,4.36758,0.37475
169,26,0,0,8,0,1,0,0,-20.37,0.75453,0.15,334,31.2947,4.14628,0.37625
170,106,4,4,16,0,1,0,0,-9.551,0.75327,0.15,346,31.2947,2.17705,0.37476
171,8,0,0,3,0,1,0,0,-33.356,0.75201,0.15,346,31.2947,3.89373,0.37476
172,7,0,0,3,0,1,0,0,-33.004,0.75076,0.15,346,31.2947,4.1063,0.37476
173,5,0,0,4,0,1,0,0,-32.806,0.74951,0.15,346,31.2947,3.75868,0.37476
174,5,0,0,3,0,1,0,0,-33.008,0.74826,0.15,346,31.2947,1.32259,0.37476
175,15,0,0,4,0,1,0,0,-26.917,0.74702,0.15,346,31.2947,4.24982,0.37476
176,5,0,0,3,0,1,0,0,-29.704,0.74577,0.15,346,31.2947,12.7364,0.37476
177,32,0,0,2,0,1,0,0,-27.351,0.74453,0.15,346,31.2947,4.1856,0.37524
178,19,0,0,3,0,1,0,0,-28.124,0.74329,0.15,346,31.2947,6.20132,0.37524
179,8,0,0,0,0,1,0,0,-30.102,0.74205,0.15,346,31.2947,11.68268,0.37572
180,25,1,1,3,0,1,0,0,-24.49,0.74082,0.15,346,31.2947,4.35578,0.37572
181,25,2,2,6,0,1,0,0,-13.653,0.73958,0.15,348,31.2947,5.62171,0.375
182,6,0,0,3,0,1,0,0,-30.61,0.73835,0.15,348,31.2947,10.18264,0.375
183,23,0,0,7,0,1,0,0,-22.017,0.73712,0.15,348,31.2947,3.8172,0.375
184,28,0,0,5,0,1,0,0,-22.388,0.7359,0.15,350,31.2947,3.62655,0.37429
185,7,0,0,2,0,1,0,0,-31.154,0.73467,0.15,350,31.2947,7.8211,0.37429
186,11,0,0,4,0,1,0,0,-31.902,0.73345,0.15,350,31.2947,3.85331,0.37429
187,19,1,1,5,0,1,0,0,-19.731,0.73223,0.15,350,31.2947,5.77043,0.37476
188,22,1,1,8,0,1,0,0,-16.281,0.73101,0.15,350,31.2947,3.87637,0.37476
189,21,0,0,3,0,1,0,0,-28.947,0.72979,0.15,350,31.2947,5.81995,0.37476
190,21,1,1,5,0,1,0,0,-23.69,0.72857,0.15,350,31.2947,4.33413,0.37476
191,23,1,1,6,0,1,0,0,-22.282,0.72736,0.15,350,31.2947,5.18661,0.37524
192,28,0,0,1,0,1,0,0,-31.173,0.72615,0.15,350,31.2947,4.58131,0.37619
193,7,0,0,4,0,1,0,0,-32.406,0.72494,0.15,350,31.2947,4.28834,0.37619
194,6,0,0,3,0,1,0,0,-33.35,0.72373,0.15,350,31.2947,13.73139,0.37667
195,7,0,0,3,0,1,0,0,-33.002,0.72253,0.15,350,31.2947,7.17006,0.37667
196,15,0,0,3,0,1,0,0,-29.135,0.72132,0.15,351,31.2947,7.37311,0.37654
197,39,0,0,13,0,1,0,0,-19.321,0.72012,0.15,356,31.2947,3.17642,0.37453
198,18,2,2,3,0,1,0,0,-21.911,0.71892,0.15,356,31.2947,5.28816,0.37453
199,17,2,2,3,0,1,0,0,-19.833,0.71773,0.15,357,31.2947,6.9834,0.37395
200,54,1,1,8,0,1,0,0,-14.771,0.71653,0.15,357,31.2947,2.57579,0.37488
201,21,1,1,3,0,1,0,0,-22.051,0.71534,0.15,357,31.2947,4.40789,0.37488
202,26,0,0,5,0,1,0,0,-26.58,0.71415,0.15,357,31.2947,4.09712,0.37488
203,6,0,0,3,0,1,0,0,-33.356,0.71296,0.15,357,31.2947,4.63847,0.37488
204,20,0,0,7,0,1,0,0,-25.74,0.71177,0.15,357,31.2947,3.42653,0.37488
205,7,0,0,3,0,1,0,0,-32.606,0.71059,0.15,357,31.2947,2.7676,0.37488
206,17,0,0,5,0,1,0,0,-24.438,0.7094,0.15,357,31.2947,4.9035,0.37488
207,24,1,1,6,0,1,0,0,-17.543,0.70822,0.15,357,31.2947,3.74308,0.37488
208,7,0,0,4,0,1,0,0,-32.006,0.70704,0.15,357,31.2947,3.33109,0.37488
209,29,2,2,10,0,1,0,0,-15.123,0.70586,0.15,357,31.2947,3.96695,0.37628
210,40,0,0,7,0,1,0,0,-18.348,0.70469,0.15,357,31.2947,3.5361,0.37768
211,5,0,0,3,0,1,0,0,-32.608,0.70351,0.15,357,31.2947,0.99487,0.37768
212,14,0,0,5,0,1,0,0,-27.831,0.70234,0.15,357,31.2947,5.89766,0.37768
213,5,0,0,4,0,1,0,0,-32.806,0.70117,0.15,357,31.2947,4.22758,0.37768
214,31,2,2,6,0,1,0,0,-15.722,0.70001,0.15,357,31.2947,5.97708,0.37908
215,5,0,0,4,0,1,0,0,-32.806,0.69884,0.15,357,31.2947,3.27832,0.37908
216,16,0,0,3,0,1,0,0,-26.108,0.69768,0.15,357,31.2947,5.87933,0.37908
217,22,0,0,8,0,1,0,0,-23.778,0.69651,0.15,360,31.2947,5.34783,0.37778
218,52,2,2,8,0,1,0,0,-13.689,0.69535,0.15,361,31.2947,3.37112,0.37765
219,11,0,0,2,0,1,0,0,-30.746,0.6942,0.15,361,31.2947,7.64832,0.37765
220,9,0,0,5,0,1,0,0,-28.3,0.69304,0.15,361,31.2947,5.82678,0.37812
221,34,2,2,10,0,1,0,0,-12.15,0.69189,0.15,362,31.2947,4.25851,0.37753
222,55,1,1,6,0,1,0,0,-18.217,0.69073,0.15,363,31.2947,3.63103,0.37787
223,39,1,1,8,0,1,0,0,-16.906,0.68958,0.15,364,31.2947,4.16744,0.37775
224,7,0,0,4,0,1,0,0,-32.802,0.68844,0.15,364,31.2947,6.62145,0.37775
225,31,0,0,9,0,1,0,0,-19.343,0.68729,0.15,364,31.2947,2.71934,0.37775
226,77,1,1,10,0,1,0,0,-13.816,0.68614,0.15,369,31.2947,2.84399,0.37715
227,17,1,1,4,0,1,0,0,-21.167,0.685,0.15,369,31.2947,4.52183,0.37805
228,10,0,0,3,0,1,0,0,-32.446,0.68386,0.15,369,31.2947,4.3068,0.37805
229,31,1,1,7,0,1,0,0,-19.244,0.68272,0.15,369,31.2947,4.01137,0.3785
230,14,0,0,4,0,1,0,0,-27.454,0.68159,0.15,369,31.2947,4.85469,0.37895
231,18,0,0,3,0,1,0,0,-28.873,0.68045,0.15,369,31.2947,4.27795,0.37895
232,17,1,1,7,0,1,0,0,-15.532,0.67932,0.15,369,31.2947,4.16404,0.37895
233,31,0,0,11,0,1,0,0,-25.402,0.67819,0.15,369,31.2947,3.89071,0.37986
234,32,1,1,3,0,1,0,0,-25.023,0.67706,0.15,369,31.2947,3.67316,0.37986
235,6,0,0,2,0,1,0,0,-30.81,0.67593,0.15,369,31.2947,7.86358,0.37986
236,15,0,0,4,0,1,0,0,-27.815,0.6748,0.15,369,31.2947,3.59425,0.37986
237,6,0,0,2,0,1,0,0,-31.21,0.67368,0.15,369,31.2947,6.88382,0.37986
238,7,0,0,3,0,1,0,0,-34.65,0.67256,0.15,369,31.2947,9.69238,0.37986
239,38,2,2,5,0,1,0,0,-14.441,0.67144,0.15,369,31.2947,3.78544,0.38031
240,31,0,0,6,0,1,0,0,-21.727,0.67032,0.15,369,31.2947,3.0488,0.38076
241,16,0,0,4,0,1,0,0,-27.132,0.6692,0.15,369,31.2947,4.35468,0.38076
242,24,1,1,4,0,1,0,0,-23.135,0.66809,0.15,369,31.2947,5.36044,0.38166
243,27,1,1,6,0,1,0,0,-24.12,0.66698,0.15,369,31.2947,5.68803,0.38166
244,23,0,0,4,0,1,0,0,-28.177,0.66587,0.15,369,31.2947,2.96882,0.38166
245,19,1,1,5,0,1,0,0,-20.984,0.66476,0.15,369,31.2947,3.70133,0.38166
246,5,0,0,3,0,1,0,0,-33.406,0.66365,0.15,369,31.2947,3.01756,0.38166
247,19,0,0,4,0,1,0,0,-27.172,0.66255,0.15,369,31.2947,4.26936,0.38166
248,53,3,3,6,0,1,0,0,-12.755,0.66144,0.15,373,31.2947,2.55532,0.3798
249,47,0,0,7,0,1,0,0,-23.451,0.66034,0.15,373,31.2947,2.49905,0.38025
250,5,0,0,2,0,1,0,0,-33.606,0.65924,0.15,373,31.2947,3.31106,0.38025
251,104,9,9,17,0,1,0,0,20.935,0.65814,0.15,378,31.2947,3.22201,0.37875
252,18,1,1,5,0,1,0,0,-22.842,0.65705,0.15,381,31.2947,6.3063,0.37752
253,14,0,0,4,0,1,0,0,-27.964,0.65595,0.15,381,31.2947,4.29162,0.37752
254,72,5,5,13,0,1,0,0,6.637,0.65486,0.15,383,31.2947,3.17138,0.37903
255,38,1,1,6,0,1,0,0,-14.243,0.65377,0.15,386,31.2947,2.62599,0.37781
256,14,0,0,2,0,1,0,0,-28.571,0.65268,0.15,386,31.2947,6.35396,0.37781
257,12,0,0,3,0,1,0,0,-29.844,0.65159,0.15,386,31.2947,4.28908,0.37781
258,21,0,0,4,0,1,0,0,-25.04,0.65051,0.15,386,31.2947,5.04306,0.37781
259,31,1,1,4,0,1,0,0,-25.346,0.64943,0.15,386,31.2947,3.40389,0.37781
260,13,0,0,5,0,1,0,0,-30.711,0.64834,0.15,386,31.2947,7.20369,0.37781
261,7,0,0,5,0,1,0,0,-28.762,0.64726,0.15,386,31.2947,8.08162,0.37781
262,19,0,0,3,0,1,0,0,-29.438,0.64619,0.15,386,31.2947,5.79715,0.37824
263,7,0,0,2,0,1,0,0,-31.154,0.64511,0.15,386,31.2947,7.06617,0.37824
264,20,0,0,7,0,1,0,0,-29.363,0.64404,0.15,386,31.2947,4.33283,0.37824
265,15,0,0,5,0,1,0,0,-28.533,0.64296,0.15,386,31.2947,6.60483,0.37824
266,22,1,1,3,0,1,0,0,-27.174,0.64189,0.15,386,31.2947,3.21292,0.37824
267,79,4,4,14,0,1,0,0,-11.306,0.64082,0.15,391,31.2947,3.26681,0.37809
268,13,0,0,4,0,1,0,0,-28.771,0.63976,0.15,391,31.2947,4.28316,0.37809
269,22,0,0,9,0,1,0,0,-23.289,0.63869,0.15,391,31.2947,3.84676,0.37809
270,32,0,0,9,0,1,0,0,-22.137,0.63763,0.15,391,31.2947,3.11233,0.37809
271,16,0,0,4,0,1,0,0,-23.976,0.63657,0.15,391,31.2947,5.85288,0.37809
272,25,0,0,8,0,1,0,0,-23.433,0.63551,0.15,393,31.2947,5.17014,0.37701
273,10,0,0,2,0,1,0,0,-31.494,0.63445,0.15,393,31.2947,5.96527,0.37701
274,26,2,2,5,0,1,0,0,-15.514,0.63339,0.15,393,31.2947,4.00512,0.37701
275,34,0,0,7,0,1,0,0,-24.572,0.63234,0.15,393,31.2947,3.82362,0.37701
276,13,0,0,5,0,1,0,0,-26.07,0.63128,0.15,393,31.2947,5.47452,0.37701
277,31,0,0,5,0,1,0,0,-28.67,0.63023,0.15,394,31.2947,4.48435,0.37648
278,82,2,2,8,0,1,0,0,-28.577,0.62918,0.15,397,31.2947,3.03718,0.37615
279,5,0,0,4,0,1,0,0,-32.808,0.62814,0.15,397,31.2947,2.26698,0.37615
280,8,0,0,4,0,1,0,0,-31.952,0.62709,0.15,397,31.2947,4.45938,0.37615
281,9,0,0,2,0,1,0,0,-33.498,0.62604,0.15,397,31.2947,3.74706,0.37615
282,16,0,0,7,0,1,0,0,-23.494,0.625,0.15,397,31.2947,4.19768,0.37615
283,27,0,0,9,0,1,0,0,-22.351,0.62396,0.15,397,31.2947,4.16485,0.37657
284,62,3,3,10,0,1,0,0,-6.629,0.62292,0.15,398,31.2947,2.51411,0.37605
285,32,3,3,9,0,1,0,0,-14.948,0.62189,0.15,398,31.2947,4.35821,0.37605
286,13,0,0,3,0,1,0,0,-32.406,0.62085,0.15,398,31.2947,7.93961,0.37647
287,12,0,0,3,0,1,0,0,-31.344,0.61982,0.15,398,31.2947,4.57717,0.37647
288,33,1,1,7,0,1,0,0,-14.962,0.61878,0.15,398,31.2947,2.92525,0.37688
289,23,1,1,4,0,1,0,0,-23.484,0.61775,0.15,398,31.2947,3.19763,0.3773
290,8,0,0,2,0,1,0,0,-30.002,0.61672,0.15,398,31.2947,5.82878,0.3773
291,8,0,0,3,0,1,0,0,-32.946,0.6157,0.15,398,31.2947,6.72779,0.3773
292,32,1,1,9,0,1,0,0,-12.946,0.61467,0.15,398,31.2947,3.82323,0.37772
293,27,2,2,4,0,1,0,0,-19.717,0.61365,0.15,398,31.2947,3.76371,0.37772
294,50,1,1,9,0,1,0,0,-24.239,0.61263,0.15,398,31.2947,2.84439,0.37772
295,37,1,1,7,0,1,0,0,-21.723,0.61161,0.15,398,31.2947,2.30727,0.37772
296,14,0,0,4,0,1,0,0,-25.74,0.61059,0.15,398,31.2947,4.72526,0.37772
297,54,1,1,16,0,1,0,0,-13.655,0.60957,0.15,399,31.2947,3.08892,0.37803
298,17,1,1,5,0,1,0,0,-19.565,0.60856,0.15,399,31.2947,6.36408,0.37803
299,20,2,2,3,0,1,0,0,-20.582,0.60754,0.15,399,31.2947,3.49825,0.37803
300,19,0,0,8,0,1,0,0,-21.222,0.60653,0.15,399,31.2947,3.92087,0.37803
301,20,0,0,5,0,1,0,0,-21.79,0.60552,0.15,399,31.2947,4.19567,0.37803
302,9,0,0,2,0,1,0,0,-31.846,0.60451,0.15,399,31.2947,7.96171,0.37803
303,5,0,0,3,0,1,0,0,-33.408,0.60351,0.15,399,31.2947,2.24302,0.37803
304,22,0,0,1,0,1,0,0,-28.486,0.6025,0.15,399,31.2947,2.69411,0.37803
305,6,0,0,4,0,1,0,0,-34.0,0.6015,0.15,399,31.2947,8.77404,0.37803
306,12,0,0,4,0,1,0,0,-26.494,0.6005,0.15,399,31.2947,4.97555,0.37803
307,56,1,1,7,0,1,0,0,-18.764,0.5995,0.15,399,31.2947,2.94278,0.37803
308,59,2,2,12,0,1,0,0,-15.198,0.5985,0.15,402,31.2947,2.04987,0.37769
309,28,0,0,6,0,1,0,0,-30.21,0.5975,0.15,402,31.2947,4.2858,0.37769
310,6,0,0,4,0,1,0,0,-32.756,0.59651,0.15,402,31.2947,3.04326,0.37769
311,54,3,3,9,0,1,0,0,-12.043,0.59551,0.15,403,31.2947,3.98456,0.37717
312,11,0,0,4,0,1,0,0,-31.498,0.59452,0.15,403,31.2947,2.85568,0.37717
313,15,0,0,3,0,1,0,0,-31.696,0.59353,0.15,403,31.2947,3.03682,0.37717
314,48,3,3,7,0,1,0,0,-9.329,0.59254,0.15,403,31.2947,3.02432,0.37717
315,30,0,0,3,0,1,0,0,-30.124,0.59156,0.15,403,31.2947,3.49861,0.37717
316,10,0,0,4,0,1,0,0,-28.552,0.59057,0.15,403,31.2947,5.59586,0.37717
317,25,1,1,8,0,1,0,0,-16.165,0.58959,0.15,405,31.2947,4.35862,0.37613
318,5,0,0,2,0,1,0,0,-29.712,0.5886,0.15,405,31.2947,8.44624,0.37613
319,56,2,2,13,0,1,0,0,-14.445,0.58762,0.15,405,31.2947,3.54111,0.37613
320,51,0,0,7,0,1,0,0,-16.971,0.58665,0.15,405,31.2947,2.64829,0.37613
321,8,0,0,2,0,1,0,0,-30.702,0.58567,0.15,405,31.2947,3.82188,0.37613
322,12,0,0,3,0,1,0,0,-32.15,0.58469,0.15,405,31.2947,3.46676,0.37613
323,5,0,0,3,0,1,0,0,-33.408,0.58372,0.15,405,31.2947,1.78926,0.37613
324,18,1,1,2,0,1,0,0,-25.187,0.58275,0.15,405,31.2947,5.31733,0.37654
325,51,2,2,10,0,1,0,0,-8.677,0.58178,0.15,405,31.2947,2.98711,0.37654
326,35,1,1,5,0,1,0,0,-25.492,0.58081,0.15,405,31.2947,1.58406,0.37654
327,5,0,0,3,0,1,0,0,-33.406,0.57984,0.15,405,31.2947,1.98776,0.37654
328,5,0,0,3,0,1,0,0,-32.606,0.57888,0.15,405,31.2947,1.59734,0.37654
329,50,3,3,11,0,1,0,0,-7.594,0.57791,0.15,405,31.2947,3.86646,0.37654
330,27,0,0,2,0,1,0,0,-29.284,0.57695,0.15,405,31.2947,4.48356,0.37654
331,46,2,2,4,0,1,0,0,-24.584,0.57599,0.15,405,31.2947,2.28112,0.37654
332,29,1,1,3,0,1,0,0,-22.211,0.57503,0.15,405,31.2947,3.83081,0.37654
333,21,1,1,5,0,1,0,0,-20.602,0.57407,0.15,405,31.2947,2.35189,0.37654
334,38,1,1,6,0,1,0,0,-18.559,0.57312,0.15,405,31.2947,3.83586,0.37695
335,16,0,0,3,0,1,0,0,-30.98,0.57216,0.15,405,31.2947,4.49348,0.37695
336,22,0,0,5,0,1,0,0,-22.19,0.57121,0.15,405,31.2947,2.1442,0.37695
337,23,1,1,3,0,1,0,0,-21.115,0.57026,0.15,405,31.2947,4.31291,0.37737
338,21,0,0,4,0,1,0,0,-25.915,0.56931,0.15,405,31.2947,4.71407,0.37737
339,33,1,1,4,0,1,0,0,-21.728,0.56836,0.15,405,31.2947,2.77964,0.37737
340,150,7,7,19,0,1,0,0,26.118,0.56741,0.15,408,31.2947,2.55272,0.37663
341,33,2,2,7,0,1,0,0,-17.374,0.56647,0.15,408,31.2947,3.70735,0.37745
342,5,0,0,3,0,1,0,0,-33.008,0.56553,0.15,408,31.2947,0.78158,0.37745
343,5,0,0,4,0,1,0,0,-33.206,0.56458,0.15,408,31.2947,1.78593,0.37745
344,23,1,1,3,0,1,0,0,-21.01,0.56364,0.15,408,31.2947,4.38193,0.37745
345,45,3,3,7,0,1,0,0,-5.084,0.5627,0.15,408,31.2947,3.66685,0.37827
346,5,0,0,3,0,1,0,0,-33.402,0.56177,0.15,408,31.2947,9.31055,0.37868
347,17,1,1,5,0,1,0,0,-21.854,0.56083,0.15,408,31.2947,5.14366,0.37868
348,34,0,0,5,0,1,0,0,-21.139,0.5599,0.15,408,31.2947,2.02791,0.37868
349,5,0,0,2,0,1,0,0,-30.704,0.55897,0.15,408,31.2947,9.32171,0.37868
350,20,2,2,7,0,1,0,0,-17.248,0.55804,0.15,408,31.2947,4.52191,0.37908
351,37,2,2,8,0,1,0,0,-11.386,0.55711,0.15,410,31.2947,4.60446,0.37886
352,5,0,0,3,0,1,0,0,-33.406,0.55618,0.15,410,31.2947,2.38032,0.37886
353,16,0,0,2,0,1,0,0,-32.284,0.55525,0.15,410,31.2947,4.19298,0.37886
354,9,0,0,4,0,1,0,0,-31.202,0.55433,0.15,410,31.2947,4.08363,0.37886
355,5,0,0,4,0,1,0,0,-32.406,0.5534,0.15,410,31.2947,1.66004,0.37886
356,24,1,1,8,0,1,0,0,-18.334,0.55248,0.15,410,31.2947,2.83906,0.37886
357,5,0,0,3,0,1,0,0,-33.404,0.55156,0.15,410,31.2947,4.33498,0.37886
358,95,5,5,9,0,1,0,0,5.272,0.55064,0.15,412,31.2947,2.7862,0.37905
359,22,0,0,6,0,1,0,0,-22.392,0.54973,0.15,412,31.2947,3.86645,0.37905
360,32,1,1,10,0,1,0,0,-14.718,0.54881,0.15,412,31.2947,3.41132,0.37905
361,33,0,0,8,0,1,0,0,-20.599,0.5479,0.15,412,31.2947,3.18574,0.37905
362,13,0,0,4,0,1,0,0,-31.0,0.54699,0.15,412,31.2947,6.44539,0.37905
363,16,0,0,3,0,1,0,0,-28.604,0.54607,0.15,412,31.2947,4.20159,0.37905
364,40,2,2,10,0,1,0,0,-13.278,0.54517,0.15,412,31.2947,2.7383,0.37905
365,50,2,2,7,0,1,0,0,-8.999,0.54426,0.15,412,31.2947,2.78696,0.38026
366,55,4,4,12,0,1,0,0,1.044,0.54335,0.15,412,31.2947,2.75011,0.38066
367,5,0,0,4,0,1,0,0,-32.006,0.54245,0.15,412,31.2947,1.66029,0.38066
368,17,0,0,4,0,1,0,0,-27.3,0.54154,0.15,412,31.2947,4.02822,0.38066
369,37,2,2,12,0,1,0,0,-8.256,0.54064,0.15,412,31.2947,2.99946,0.38066
370,5,0,0,4,0,1,0,0,-32.808,0.53974,0.15,412,31.2947,1.29474,0.38066
371,7,0,0,3,0,1,0,0,-33.304,0.53884,0.15,412,31.2947,3.8496,0.38066
372,5,0,0,4,0,1,0,0,-32.008,0.53794,0.15,412,31.2947,1.55664,0.38066
373,17,0,0,4,0,1,0,0,-28.647,0.53705,0.15,412,31.2947,3.76987,0.38066
374,11,0,0,4,0,1,0,0,-31.902,0.53615,0.15,412,31.2947,3.10355,0.38066
375,6,0,0,2,0,1,0,0,-31.204,0.53526,0.15,412,31.2947,8.93687,0.38066
376,5,0,0,4,0,1,0,0,-32.006,0.53437,0.15,412,31.2947,1.47525,0.38066
377,5,0,0,3,0,1,0,0,-32.154,0.53348,0.15,412,31.2947,7.31225,0.38066
378,77,3,3,8,0,1,0,0,-7.163,0.53259,0.15,412,31.2947,2.64971,0.38066
379,7,0,0,4,0,1,0,0,-32.406,0.5317,0.15,412,31.2947,3.14805,0.38066
380,41,1,1,9,0,1,0,0,-12.595,0.53082,0.15,412,31.2947,2.30327,0.38066
381,6,0,0,2,0,1,0,0,-30.406,0.52994,0.15,412,31.2947,6.05488,0.38066
382,7,0,0,2,0,1,0,0,-27.256,0.52905,0.15,412,31.2947,4.62199,0.38066
383,47,4,4,12,0,1,0,0,-0.394,0.52817,0.15,412,31.2947,4.55196,0.38188
384,23,1,1,13,0,1,0,0,-15.33,0.52729,0.15,412,31.2947,5.59916,0.38188
385,7,0,0,2,0,1,0,0,-31.16,0.52641,0.15,412,31.2947,6.51988,0.38188
386,16,0,0,3,0,1,0,0,-28.237,0.52554,0.15,412,31.2947,4.28657,0.38188
387,24,2,2,6,0,1,0,0,-16.226,0.52466,0.15,412,31.2947,5.90324,0.38188
388,67,4,4,13,0,1,0,0,0.867,0.52379,0.15,417,31.2947,3.04431,0.3797
389,15,1,1,4,0,1,0,0,-21.755,0.52292,0.15,417,31.2947,3.41781,0.3797
390,5,0,0,4,0,1,0,0,-32.408,0.52205,0.15,417,31.2947,1.08193,0.3797
391,13,2,2,4,0,1,0,0,-17.843,0.52118,0.15,417,31.2947,4.40189,0.3797
392,8,0,0,4,0,1,0,0,-32.754,0.52031,0.15,417,31.2947,3.62628,0.3797
393,115,6,6,20,0,1,0,0,12.37,0.51944,0.15,418,31.2947,3.06393,0.37959
394,5,0,0,4,0,1,0,0,-32.806,0.51858,0.15,418,31.2947,1.53541,0.37959
395,29,0,0,5,0,1,0,0,-22.186,0.51771,0.15,419,31.2947,3.6689,0.37987
396,47,1,1,11,0,1,0,0,-9.759,0.51685,0.15,419,31.2947,3.22996,0.38027
397,22,2,2,8,0,1,0,0,-19.442,0.51599,0.15,419,31.2947,5.46596,0.38027
398,49,1,1,8,0,1,0,0,-15.927,0.51513,0.15,419,31.2947,2.049,0.38027
399,64,3,3,9,0,1,0,0,-8.045,0.51427,0.15,419,31.2947,1.97566,0.38027
400,65,3,3,12,0,1,0,0,-9.511,0.51342,0.15,425,31.2947,3.936,0.37882
401,5,0,0,3,0,1,0,0,-33.408,0.51256,0.15,425,31.2947,0.88879,0.37882
402,26,1,1,3,0,1,0,0,-19.494,0.51171,0.15,425,31.2947,3.61029,0.37882
403,5,0,0,3,0,1,0,0,-33.004,0.51086,0.15,425,31.2947,3.4251,0.37882
404,25,0,0,4,0,1,0,0,-28.783,0.51001,0.15,425,31.2947,4.42406,0.37882
405,50,3,3,11,0,1,0,0,-11.035,0.50916,0.15,425,31.2947,3.40406,0.37922
406,5,0,0,3,0,1,0,0,-33.806,0.50831,0.15,425,31.2947,1.99271,0.37922
407,8,0,0,3,0,1,0,0,-24.456,0.50746,0.15,425,31.2947,5.38051,0.37922
408,12,0,0,2,0,1,0,0,-32.75,0.50662,0.15,425,31.2947,2.69038,0.37922
409,36,1,1,3,0,1,0,0,-18.206,0.50577,0.15,425,31.2947,3.1476,0.38
410,25,1,1,3,0,1,0,0,-22.322,0.50493,0.15,425,31.2947,3.80626,0.38
411,25,0,0,6,0,1,0,0,-28.454,0.50409,0.15,425,31.2947,4.97648,0.38
412,31,0,0,11,0,1,0,0,-16.691,0.50325,0.15,426,31.2947,2.94869,0.38067
413,5,0,0,2,0,1,0,0,-34.002,0.50241,0.15,426,31.2947,3.09337,0.38067
414,225,10,10,25,0,1,0,0,45.91,0.50158,0.15,426,31.2947,1.91257,0.38146
415,31,2,2,7,0,1,0,0,-16.012,0.50074,0.15,426,31.2947,3.21535,0.38146
416,140,7,7,16,0,1,0,0,23.318,0.49991,0.15,427,31.2947,2.62687,0.38134
417,25,1,1,4,0,1,0,0,-23.761,0.49907,0.15,427,31.2947,2.74593,0.38134
418,28,2,2,9,0,1,0,0,-14.105,0.49824,0.15,427,31.2947,3.12434,0.38134
419,8,0,0,4,0,1,0,0,-31.552,0.49741,0.15,427,31.2947,4.9727,0.38134
420,5,0,0,3,0,1,0,0,-33.006,0.49659,0.15,427,31.2947,1.46444,0.38134
421,5,0,0,3,0,1,0,0,-33.004,0.49576,0.15,427,31.2947,3.15456,0.38134
422,43,1,1,7,0,1,0,0,-19.512,0.49493,0.15,427,31.2947,3.30626,0.38134
423,57,4,4,10,0,1,0,0,-10.916,0.49411,0.15,427,31.2947,3.71366,0.38251
424,6,0,0,1,0,1,0,0,-31.764,0.49329,0.15,427,31.2947,8.08604,0.38251
425,5,0,0,4,0,1,0,0,-32.808,0.49246,0.15,427,31.2947,0.71042,0.38251
426,13,0,0,4,0,1,0,0,-26.552,0.49164,0.15,427,31.2947,6.37066,0.38251
427,19,0,0,4,0,1,0,0,-22.34,0.49083,0.15,427,31.2947,4.39096,0.38251
428,173,7,7,20,0,1,0,0,26.727,0.49001,0.15,427,31.2947,2.07367,0.38447
429,63,5,5,12,0,1,0,0,7.675,0.48919,0.15,430,31.2947,3.47058,0.38372
430,21,1,1,8,0,1,0,0,-19.362,0.48838,0.15,430,31.2947,4.58517,0.38372
431,60,2,2,9,0,1,0,0,-10.343,0.48756,0.15,430,31.2947,3.13979,0.38488
432,5,0,0,4,0,1,0,0,-32.808,0.48675,0.15,430,31.2947,0.39795,0.38488
433,25,1,1,7,0,1,0,0,-17.944,0.48594,0.15,430,31.2947,3.26023,0.38488
434,124,6,6,20,0,1,0,0,17.491,0.48513,0.15,434,31.2947,2.61768,0.38479
435,7,0,0,4,0,1,0,0,-31.604,0.48432,0.15,434,31.2947,4.34475,0.38479
436,6,0,0,4,0,1,0,0,-32.354,0.48352,0.15,434,31.2947,4.55978,0.38479
437,67,3,3,11,0,1,0,0,-4.244,0.48271,0.15,438,31.2947,2.74948,0.3828
438,17,0,0,4,0,1,0,0,-27.382,0.48191,0.15,438,31.2947,3.81148,0.3828
439,18,2,2,7,0,1,0,0,-13.332,0.48111,0.15,438,31.2947,2.64703,0.3828
440,5,0,0,4,0,1,0,0,-32.408,0.48031,0.15,438,31.2947,0.82821,0.3828
441,15,0,0,3,0,1,0,0,-29.619,0.47951,0.15,438,31.2947,6.84432,0.3828
442,18,1,1,3,0,1,0,0,-23.472,0.47871,0.15,438,31.2947,3.48242,0.3828
443,28,0,0,6,0,1,0,0,-22.528,0.47791,0.15,438,31.2947,3.05715,0.3828
444,40,3,3,7,0,1,0,0,-10.617,0.47711,0.15,438,31.2947,3.47583,0.38318
445,5,0,0,3,0,1,0,0,-33.408,0.47632,0.15,438,31.2947,0.67407,0.38318
446,5,0,0,4,0,1,0,0,-32.402,0.47553,0.15,438,31.2947,6.92685,0.38318
447,20,0,0,5,0,1,0,0,-30.21,0.47473,0.15,439,31.2947,6.99137,0.38269
448,55,2,2,8,0,1,0,0,-14.325,0.47394,0.15,439,31.2947,2.38387,0.38269
449,5,0,0,3,0,1,0,0,-33.408,0.47315,0.15,439,31.2947,0.58646,0.38269
450,51,2,2,9,0,1,0,0,-11.762,0.47237,0.15,439,31.2947,3.28411,0.38307
451,52,2,2,2,0,1,0,0,-17.546,0.47158,0.15,439,31.2947,2.67502,0.38307
452,49,3,3,10,0,1,0,0,-1.572,0.47079,0.15,439,31.2947,2.91207,0.38307
453,24,1,1,7,0,1,0,0,-20.099,0.47001,0.15,439,31.2947,4.15726,0.38307
454,14,0,0,4,0,1,0,0,-23.919,0.46923,0.15,439,31.2947,7.88083,0.38307
455,68,2,2,7,0,1,0,0,-6.98,0.46845,0.15,439,31.2947,1.89573,0.38307
456,107,4,4,15,0,1,0,0,1.421,0.46767,0.15,442,31.2947,2.5366,0.38273
457,29,0,0,7,0,1,0,0,-19.784,0.46689,0.15,442,31.2947,2.65449,0.38273
458,5,0,0,3,0,1,0,0,-33.406,0.46611,0.15,442,31.2947,1.58891,0.38273
459,7,0,0,3,0,1,0,0,-33.002,0.46533,0.15,442,31.2947,6.00835,0.38273
460,34,2,2,5,0,1,0,0,-18.195,0.46456,0.15,442,31.2947,2.28913,0.38273
461,89,3,3,11,0,1,0,0,-1.57,0.46379,0.15,442,31.2947,2.28705,0.38273
462,104,3,3,18,0,1,0,0,8.037,0.46301,0.15,443,31.2947,2.06173,0.38337
463,8,0,0,3,0,1,0,0,-31.458,0.46224,0.15,443,31.2947,6.68927,0.38337
464,12,0,0,2,0,1,0,0,-33.05,0.46147,0.15,443,31.2947,2.79736,0.38337
465,83,5,5,12,0,1,0,0,0.964,0.4607,0.15,446,31.2947,3.01931,0.38266
466,36,2,2,5,0,1,0,0,-22.207,0.45994,0.15,446,31.2947,3.50957,0.38266
467,68,4,4,8,0,1,0,0,1.452,0.45917,0.15,447,31.2947,3.00261,0.38255
468,7,0,0,3,0,1,0,0,-33.006,0.45841,0.15,447,31.2947,3.83304,0.38255
469,17,1,1,3,0,1,0,0,-21.149,0.45764,0.15,447,31.2947,4.21741,0.38255
470,19,2,2,4,0,1,0,0,-18.467,0.45688,0.15,447,31.2947,5.2523,0.38255
471,28,2,2,5,0,1,0,0,-18.015,0.45612,0.15,447,31.2947,3.35322,0.38255
472,13,1,1,3,0,1,0,0,-24.996,0.45536,0.15,447,31.2947,5.0133,0.38255
473,5,0,0,3,0,1,0,0,-30.402,0.4546,0.15,447,31.2947,12.88488,0.38255
474,6,0,0,2,0,1,0,0,-31.206,0.45384,0.15,447,31.2947,7.53887,0.38255
475,50,2,2,10,0,1,0,0,-11.103,0.45309,0.15,449,31.2947,3.15325,0.38159
476,171,8,8,20,0,1,0,0,31.524,0.45233,0.15,450,31.2947,1.97619,0.38148
477,18,1,1,9,0,1,0,0,-14.642,0.45158,0.15,450,31.2947,3.6932,0.38148
478,5,0,0,2,0,1,0,0,-31.104,0.45083,0.15,450,31.2947,5.981,0.38148
479,38,0,0,8,0,1,0,0,-15.669,0.45008,0.15,450,31.2947,3.03973,0.38148
480,23,2,2,5,0,1,0,0,-18.1,0.44933,0.15,450,31.2947,3.32686,0.38148
481,115,3,3,15,0,1,0,0,3.038,0.44858,0.15,455,31.2947,1.96937,0.38095
482,35,1,1,4,0,1,0,0,-20.427,0.44783,0.15,455,31.2947,3.30793,0.38132
483,127,7,7,17,0,1,0,0,25.374,0.44709,0.15,456,31.2947,2.75162,0.38341
484,51,1,1,7,0,1,0,0,-13.691,0.44634,0.15,457,31.2947,3.77974,0.3833
485,7,0,0,5,0,1,0,0,-25.55,0.4456,0.15,457,31.2947,6.84059,0.3833
486,6,0,0,3,0,1,0,0,-32.26,0.44486,0.15,457,31.2947,7.96507,0.3833
487,101,8,8,24,0,1,0,0,29.275,0.44412,0.15,458,31.2947,3.25686,0.38319
488,22,0,0,3,0,1,0,0,-23.845,0.44338,0.15,458,31.2947,4.2634,0.38319
489,34,3,3,10,0,1,0,0,-6.457,0.44264,0.15,458,31.2947,3.86566,0.38319
490,7,0,0,4,0,1,0,0,-29.408,0.4419,0.15,458,31.2947,7.98694,0.38319
491,33,2,2,13,0,1,0,0,-10.363,0.44117,0.15,458,31.2947,3.32236,0.38319
492,44,3,3,9,0,1,0,0,-5.443,0.44043,0.15,461,31.2947,4.71977,0.38214
493,5,0,0,4,0,1,0,0,-32.006,0.4397,0.15,461,31.2947,1.75167,0.38214
494,45,2,2,8,0,1,0,0,-12.64,0.43897,0.15,461,31.2947,3.22995,0.3825
495,25,2,2,4,0,1,0,0,-19.253,0.43823,0.15,461,31.2947,4.41349,0.3825
496,31,1,1,10,0,1,0,0,-14.918,0.43751,0.15,461,31.2947,4.63153,0.3825
497,16,0,0,1,0,1,0,0,-29.211,0.43678,0.15,461,31.2947,4.96598,0.3825
498,15,1,1,3,0,1,0,0,-24.592,0.43605,0.15,461,31.2947,5.51476,0.3825
499,5,0,0,4,0,1,0,0,-32.806,0.43532,0.15,461,31.2947,1.40671,0.3825
500,28,2,2,8,0,1,0,0,-18.602,0.4346,0.15,461,31.2947,3.17163,0.3825
501,55,4,4,9,0,1,0,0,-2.601,0.43387,0.15,461,31.2947,3.17906,0.38286
502,6,0,0,3,0,1,0,0,-30.902,0.43315,0.15,461,31.2947,8.61031,0.38286
503,36,1,1,4,0,1,0,0,-22.077,0.43243,0.15,461,31.2947,3.19966,0.38322
504,31,0,0,4,0,1,0,0,-25.66,0.43171,0.15,461,31.2947,4.11797,0.38322
505,31,2,2,6,0,1,0,0,-14.741,0.43099,0.15,461,31.2947,4.29307,0.38322
506,59,6,6,19,0,1,0,0,14.558,0.43027,0.15,461,31.2947,2.53525,0.38322
507,81,4,4,19,0,1,0,0,5.192,0.42956,0.15,461,31.2947,2.67485,0.38359
508,21,1,1,12,0,1,0,0,-13.47,0.42884,0.15,461,31.2947,4.52118,0.38359
509,26,0,0,6,0,1,0,0,-23.144,0.42813,0.15,461,31.2947,3.92368,0.38359
510,87,8,8,26,0,1,0,0,28.592,0.42741,0.15,463,31.2947,2.90562,0.38265
511,5,0,0,4,0,1,0,0,-32.006,0.4267,0.15,463,31.2947,1.02329,0.38265
512,19,2,2,4,0,1,0,0,-16.147,0.42599,0.15,464,31.2947,4.35659,0.3829
513,68,1,1,14,0,1,0,0,-4.068,0.42528,0.15,466,31.2947,3.39629,0.38269
514,93,6,6,17,0,1,0,0,14.493,0.42457,0.15,466,31.2947,3.21098,0.38376
515,41,4,4,9,0,1,0,0,-2.662,0.42387,0.15,466,31.2947,3.47437,0.38376
516,107,6,6,19,0,1,0,0,19.491,0.42316,0.15,467,31.2947,2.47141,0.38401
517,158,8,8,24,0,1,0,0,32.946,0.42246,0.15,468,31.2947,2.29021,0.3839
518,22,1,1,7,0,1,0,0,-19.625,0.42175,0.15,468,31.2947,3.34265,0.3839
519,19,1,1,5,0,1,0,0,-18.683,0.42105,0.15,468,31.2947,4.72335,0.3839
520,50,4,4,13,0,1,0,0,2.185,0.42035,0.15,468,31.2947,2.30835,0.3839
521,16,0,0,6,0,1,0,0,-20.473,0.41965,0.15,468,31.2947,2.75199,0.3839
522,231,10,10,27,0,1,0,0,48.014,0.41895,0.15,475,31.2947,2.33162,0.38316
523,5,0,0,3,0,1,0,0,-33.808,0.41825,0.15,475,31.2947,1.98663,0.38316
524,116,6,6,15,0,1,0,0,17.594,0.41756,0.15,475,31.2947,2.73019,0.38386
525,46,5,5,14,0,1,0,0,2.421,0.41686,0.15,476,31.2947,4.18569,0.3834
526,5,0,0,4,0,1,0,0,-33.206,0.41617,0.15,476,31.2947,1.38542,0.3834
527,90,7,7,22,0,1,0,0,22.611,0.41547,0.15,477,31.2947,2.6507,0.38365
528,21,0,0,2,0,1,0,0,-28.761,0.41478,0.15,477,31.2947,4.30859,0.38365
529,5,0,0,3,0,1,0,0,-33.808,0.41409,0.15,477,31.2947,1.75235,0.38365
530,18,0,0,4,0,1,0,0,-26.613,0.4134,0.15,477,31.2947,3.60649,0.38365
531,24,1,1,5,0,1,0,0,-15.609,0.41271,0.15,477,31.2947,2.2574,0.38365
532,7,0,0,6,0,1,0,0,-24.95,0.41203,0.15,477,31.2947,5.97511,0.38365
533,42,2,2,8,0,1,0,0,-9.019,0.41134,0.15,477,31.2947,2.98791,0.38365
534,5,0,0,4,0,1,0,0,-33.206,0.41066,0.15,477,31.2947,1.14447,0.38365
535,5,0,0,4,0,1,0,0,-32.408,0.40997,0.15,477,31.2947,1.29481,0.38365
536,11,0,0,2,0,1,0,0,-26.494,0.40929,0.15,477,31.2947,5.24258,0.38365
537,34,0,0,5,0,1,0,0,-25.166,0.40861,0.15,477,31.2947,3.05259,0.384
538,92,4,4,15,0,1,0,0,7.934,0.40793,0.15,477,31.2947,3.0783,0.3847
539,29,1,1,5,0,1,0,0,-20.364,0.40725,0.15,477,31.2947,3.94067,0.3847
540,24,0,0,5,0,1,0,0,-21.305,0.40657,0.15,477,31.2947,2.76088,0.3847
541,13,0,0,4,0,1,0,0,-29.547,0.40589,0.15,477,31.2947,4.85343,0.3847
542,85,5,5,12,0,1,0,0,3.338,0.40522,0.15,478,31.2947,2.60396,0.38459
543,29,0,0,8,0,1,0,0,-22.629,0.40454,0.15,478,31.2947,3.09637,0.38459
544,49,2,2,8,0,1,0,0,-13.439,0.40387,0.15,478,31.2947,3.94083,0.38494
545,55,2,2,7,0,1,0,0,-15.932,0.4032,0.15,478,31.2947,2.3878,0.38494
546,38,1,1,13,0,1,0,0,-9.2,0.40252,0.15,478,31.2947,3.43648,0.38529
547,70,4,4,14,0,1,0,0,5.173,0.40185,0.15,479,31.2947,3.0487,0.38553
548,36,2,2,8,0,1,0,0,-15.879,0.40118,0.15,479,31.2947,3.10649,0.38553
549,42,1,1,10,0,1,0,0,-17.682,0.40052,0.15,479,31.2947,4.50043,0.38553
550,10,0,0,2,0,1,0,0,-29.9,0.39985,0.15,479,31.2947,4.32982,0.38553
551,39,0,0,7,0,1,0,0,-18.664,0.39918,0.15,479,31.2947,2.67481,0.38553
552,44,0,0,10,0,1,0,0,-22.222,0.39852,0.15,479,31.2947,4.09156,0.38553
553,18,0,0,2,0,1,0,0,-28.338,0.39786,0.15,479,31.2947,2.23973,0.38553
554,5,0,0,2,0,1,0,0,-34.002,0.39719,0.15,479,31.2947,7.47392,0.38553
555,38,0,0,8,0,1,0,0,-20.985,0.39653,0.15,480,31.2947,3.00884,0.38507
556,76,2,2,9,0,1,0,0,-8.689,0.39587,0.15,481,31.2947,2.18889,0.38496
557,5,0,0,4,0,1,0,0,-32.408,0.39521,0.15,481,31.2947,0.63893,0.38496
558,27,1,1,6,0,1,0,0,-20.418,0.39455,0.15,481,31.2947,3.72111,0.38496
559,46,2,2,9,0,1,0,0,-12.726,0.3939,0.15,481,31.2947,1.89948,0.38496
560,60,2,2,6,0,1,0,0,-12.064,0.39324,0.15,481,31.2947,2.62794,0.38496
561,5,0,0,3,0,1,0,0,-33.402,0.39259,0.15,481,31.2947,6.0397,0.38496
562,78,2,2,10,0,1,0,0,-4.332,0.39193,0.15,481,31.2947,1.74551,0.38496
563,22,0,0,4,0,1,0,0,-24.336,0.39128,0.15,481,31.2947,4.13997,0.38496
564,65,2,2,7,0,1,0,0,-5.985,0.39063,0.15,481,31.2947,2.37861,0.38531
565,14,0,0,5,0,1,0,0,-26.423,0.38998,0.15,481,31.2947,3.44403,0.38531
566,41,2,2,5,0,1,0,0,-14.912,0.38933,0.15,481,31.2947,2.33585,0.38531
567,7,0,0,5,0,1,0,0,-22.248,0.38868,0.15,481,31.2947,5.64483,0.38531
568,5,0,0,3,0,1,0,0,-33.404,0.38803,0.15,481,31.2947,2.31705,0.38531
569,30,1,1,8,0,1,0,0,-14.181,0.38739,0.15,481,31.2947,2.46285,0.38531
570,19,1,1,5,0,1,0,0,-17.045,0.38674,0.15,481,31.2947,2.94816,0.38531
571,57,2,2,6,0,1,0,0,-12.406,0.3861,0.15,481,31.2947,3.01579,0.38531
572,13,2,2,3,0,1,0,0,-19.575,0.38545,0.15,481,31.2947,6.6595,0.38531
573,5,0,0,3,0,1,0,0,-29.704,0.38481,0.15,481,31.2947,5.29758,0.38531
574,13,0,0,4,0,1,0,0,-26.148,0.38417,0.15,481,31.2947,4.73238,0.38531
575,24,3,3,9,0,1,0,0,-12.731,0.38353,0.15,481,31.2947,4.76687,0.38531
576,67,3,3,16,0,1,0,0,1.481,0.38289,0.15,482,31.2947,3.21806,0.38485
577,29,4,4,8,0,1,0,0,-5.738,0.38226,0.15,482,31.2947,4.28089,0.38485
578,28,0,0,6,0,1,0,0,-23.368,0.38162,0.15,482,31.2947,2.98583,0.38485
579,76,4,4,10,0,1,0,0,-1.508,0.38098,0.15,482,31.2947,2.90733,0.3852
580,47,4,4,15,0,1,0,0,1.476,0.38035,0.15,482,31.2947,3.53218,0.38555
581,48,3,3,12,0,1,0,0,-1.055,0.37972,0.15,482,31.2947,2.67048,0.38555
582,23,2,2,9,0,1,0,0,-13.493,0.37908,0.15,482,31.2947,4.41399,0.38555
583,62,1,1,13,0,1,0,0,-9.944,0.37845,0.15,482,31.2947,3.16297,0.38555
584,128,7,7,20,0,1,0,0,24.683,0.37782,0.15,482,31.2947,2.46487,0.38658
585,50,2,2,12,0,1,0,0,-13.196,0.37719,0.15,482,31.2947,3.4989,0.38658
586,83,4,4,10,0,1,0,0,3.176,0.37656,0.15,482,31.2947,2.24313,0.38658
587,26,1,1,6,0,1,0,0,-21.25,0.37594,0.15,482,31.2947,5.46794,0.38658
588,24,0,0,2,0,1,0,0,-30.63,0.37531,0.15,482,31.2947,2.11746,0.38658
589,38,1,1,8,0,1,0,0,-14.015,0.37469,0.15,482,31.2947,2.44362,0.38658
590,45,2,2,10,0,1,0,0,-8.868,0.37406,0.15,482,31.2947,4.07568,0.38658
591,22,0,0,5,0,1,0,0,-25.09,0.37344,0.15,482,31.2947,2.12466,0.38658
592,13,0,0,6,0,1,0,0,-21.7,0.37282,0.15,482,31.2947,2.51306,0.38658
593,33,1,1,11,0,1,0,0,-11.548,0.3722,0.15,483,31.2947,2.75569,0.38613
594,16,0,0,5,0,1,0,0,-21.99,0.37158,0.15,483,31.2947,1.96686,0.38613
595,139,4,4,17,0,1,0,0,26.007,0.37096,0.15,484,31.2947,1.57074,0.38636
596,49,1,1,13,0,1,0,0,-10.336,0.37034,0.15,486,31.2947,2.45972,0.3858
597,16,0,0,4,0,1,0,0,-24.866,0.36972,0.15,486,31.2947,4.48145,0.3858
598,24,1,1,5,0,1,0,0,-22.683,0.36911,0.15,486,31.2947,3.79393,0.3858
599,41,3,3,15,0,1,0,0,-5.455,0.36849,0.15,486,31.2947,3.7233,0.38615
600,17,0,0,4,0,1,0,0,-29.898,0.36788,0.15,486,31.2947,1.58073,0.38615
601,46,3,3,12,0,1,0,0,-2.386,0.36727,0.15,487,31.2947,3.63575,0.38604
602,250,9,9,36,0,1,0,0,59.837,0.36666,0.15,489,31.2947,2.18362,0.38582
603,23,1,1,12,0,1,0,0,-15.53,0.36604,0.15,490,31.2947,3.25314,0.38571
604,103,4,4,14,0,1,0,0,3.996,0.36544,0.15,490,31.2947,2.16223,0.38571
605,78,5,5,9,0,1,0,0,5.598,0.36483,0.15,490,31.2947,2.53204,0.38605
606,83,2,2,7,0,1,0,0,-8.678,0.36422,0.15,490,31.2947,2.07573,0.38605
607,63,2,2,9,0,1,0,0,-2.448,0.36361,0.15,490,31.2947,2.11725,0.38605
608,29,1,1,7,0,1,0,0,-19.217,0.36301,0.15,490,31.2947,2.04585,0.38605
609,55,3,3,7,0,1,0,0,-4.371,0.3624,0.15,490,31.2947,2.7771,0.38605
610,55,4,4,8,0,1,0,0,-2.787,0.3618,0.15,491,31.2947,2.35726,0.38595
611,5,0,0,3,0,1,0,0,-33.808,0.3612,0.15,491,31.2947,0.95955,0.38595
612,78,3,3,8,0,1,0,0,-4.578,0.36059,0.15,491,31.2947,1.8154,0.38595
613,130,6,6,12,0,1,0,0,11.802,0.35999,0.15,492,31.2947,2.7819,0.38753
614,77,4,4,6,0,1,0,0,-4.479,0.35939,0.15,492,31.2947,2.69483,0.38753
615,96,2,2,10,0,1,0,0,-5.802,0.3588,0.15,492,31.2947,1.91948,0.38753
616,60,2,2,10,0,1,0,0,-8.468,0.3582,0.15,492,31.2947,2.03392,0.38753
617,7,0,0,6,0,1,0,0,-23.248,0.3576,0.15,492,31.2947,4.8117,0.38753
618,104,3,3,8,0,1,0,0,-3.063,0.35701,0.15,492,31.2947,2.05253,0.38753
619,64,5,5,13,0,1,0,0,0.202,0.35641,0.15,493,31.2947,2.95288,0.38709
620,103,5,5,12,0,1,0,0,12.88,0.35582,0.15,493,31.2947,1.98826,0.38776
621,90,5,5,15,0,1,0,0,11.164,0.35523,0.15,493,31.2947,3.12943,0.3881
622,5,0,0,3,0,1,0,0,-32.154,0.35463,0.15,493,31.2947,5.12036,0.3881
623,55,1,1,10,0,1,0,0,-17.942,0.35404,0.15,493,31.2947,2.16857,0.3881
624,62,3,3,7,0,1,0,0,-12.75,0.35345,0.15,493,31.2947,2.39273,0.3881
625,6,0,0,4,0,1,0,0,-32.754,0.35287,0.15,493,31.2947,4.78397,0.3881
626,16,1,1,4,0,1,0,0,-19.891,0.35228,0.15,493,31.2947,3.1126,0.3881
627,41,1,1,8,0,1,0,0,-16.147,0.35169,0.15,493,31.2947,1.69002,0.3881
628,32,2,2,7,0,1,0,0,-10.401,0.35111,0.15,493,31.2947,3.07541,0.3881
629,55,1,1,16,0,1,0,0,-11.607,0.35052,0.15,494,31.2947,3.08595,0.38799
630,48,2,2,11,0,1,0,0,-7.567,0.34994,0.15,494,31.2947,3.77928,0.38833
631,42,2,2,3,0,1,0,0,-14.671,0.34936,0.15,494,31.2947,2.54402,0.38833
632,51,5,5,14,0,1,0,0,0.385,0.34877,0.15,494,31.2947,2.9106,0.38833
633,29,1,1,3,0,1,0,0,-21.976,0.34819,0.15,494,31.2947,2.34676,0.38833
634,7,0,0,2,0,1,0,0,-33.598,0.34761,0.15,494,31.2947,5.56453,0.38833
635,33,2,2,5,0,1,0,0,-11.321,0.34703,0.15,494,31.2947,2.71955,0.38833
636,135,11,11,28,0,1,0,0,45.451,0.34646,0.15,495,31.2947,2.7628,0.38855
637,139,6,6,19,0,1,0,0,29.66,0.34588,0.15,495,31.2947,1.67523,0.38923
638,60,2,2,9,0,1,0,0,-11.553,0.3453,0.15,495,31.2947,1.92812,0.38956
639,64,5,5,19,0,1,0,0,12.044,0.34473,0.15,495,31.2947,2.663,0.39057
640,42,0,0,10,0,1,0,0,-18.199,0.34415,0.15,495,31.2947,2.43588,0.39057
641,8,0,0,2,0,1,0,0,-30.248,0.34358,0.15,495,31.2947,5.82735,0.39057
642,42,1,1,6,0,1,0,0,-14.355,0.34301,0.15,495,31.2947,3.03257,0.39091
643,42,0,0,8,0,1,0,0,-20.916,0.34244,0.15,495,31.2947,2.25058,0.39091
644,16,0,0,3,0,1,0,0,-22.59,0.34187,0.15,495,31.2947,3.49539,0.39091
645,230,8,8,21,0,1,0,0,30.299,0.3413,0.15,500,31.2947,2.74505,0.38967
646,22,1,1,4,0,1,0,0,-19.309,0.34073,0.15,500,31.2947,3.57631,0.38967
647,28,2,2,9,0,1,0,0,-10.065,0.34016,0.15,500,31.2947,3.6968,0.38967
648,21,0,0,5,0,1,0,0,-25.815,0.3396,0.15,500,31.2947,3.43193,0.38967
649,42,2,2,6,0,1,0,0,-11.095,0.33903,0.15,500,31.2947,2.78425,0.38967
650,51,0,0,10,0,1,0,0,-20.748,0.33847,0.15,500,31.2947,2.85554,0.38967
651,16,0,0,2,0,1,0,0,-27.786,0.3379,0.15,500,31.2947,4.33808,0.38967
652,5,0,0,4,0,1,0,0,-32.808,0.33734,0.15,500,31.2947,0.32204,0.38967
653,115,3,3,13,0,1,0,0,7.044,0.33678,0.15,501,31.2947,2.50842,0.38922
654,182,8,8,19,0,1,0,0,36.109,0.33622,0.15,502,31.2947,2.24477,0.38977
655,32,2,2,4,0,1,0,0,-17.852,0.33566,0.15,502,31.2947,3.21077,0.38977
656,52,1,1,9,0,1,0,0,-11.185,0.3351,0.15,502,31.2947,2.3127,0.38977
657,103,2,2,7,0,1,0,0,-3.529,0.33454,0.15,502,31.2947,2.28269,0.38977
658,20,0,0,1,0,1,0,0,-31.603,0.33398,0.15,502,31.2947,3.17113,0.38977
659,28,0,0,7,0,1,0,0,-24.726,0.33343,0.15,502,31.2947,3.34695,0.38977
660,17,0,0,2,0,1,0,0,-28.418,0.33287,0.15,502,31.2947,3.05565,0.38977
661,76,4,4,20,0,1,0,0,8.659,0.33232,0.15,502,31.2947,2.19139,0.39011
662,158,14,14,34,0,1,0,0,71.078,0.33176,0.15,504,31.2947,2.89269,0.38955
663,19,0,0,3,0,1,0,0,-25.863,0.33121,0.15,504,31.2947,4.64161,0.38955
664,56,4,4,10,0,1,0,0,-1.574,0.33066,0.15,504,31.2947,2.19843,0.38955
665,400,16,16,43,0,0,0,1,154.058,0.33011,0.15,504,31.2947,1.99996,0.39253
666,55,4,4,13,0,1,0,0,-0.942,0.32956,0.15,504,31.2947,2.97441,0.39253
667,264,12,12,34,0,1,0,0,74.666,0.32901,0.15,504,31.2947,2.39571,0.39286
668,66,5,5,20,0,1,0,0,9.407,0.32846,0.15,504,31.2947,2.8798,0.39352
669,144,4,4,23,0,1,0,0,30.325,0.32792,0.15,505,31.2947,1.76093,0.39307
670,95,6,6,13,0,1,0,0,14.022,0.32737,0.15,506,31.2947,3.09673,0.39262
671,16,1,1,7,0,1,0,0,-21.079,0.32682,0.15,506,31.2947,5.79041,0.39262
672,157,5,5,23,0,1,0,0,32.597,0.32628,0.15,507,31.2947,1.72855,0.39283
673,113,5,5,14,0,1,0,0,18.035,0.32574,0.15,508,31.2947,2.09903,0.39272
674,36,1,1,10,0,1,0,0,-12.268,0.32519,0.15,508,31.2947,3.58273,0.39272
675,86,1,1,6,0,1,0,0,-8.838,0.32465,0.15,508,31.2947,2.21987,0.39272
676,7,0,0,4,0,1,0,0,-28.154,0.32411,0.15,508,31.2947,5.38615,0.39272
677,7,0,0,6,0,1,0,0,-22.848,0.32357,0.15,508,31.2947,4.82563,0.39272
678,46,0,0,11,0,1,0,0,-16.103,0.32303,0.15,508,31.2947,3.4115,0.39272
679,226,9,9,34,0,1,0,0,63.48,0.3225,0.15,508,31.2947,1.74834,0.39272
680,91,7,7,17,0,1,0,0,20.177,0.32196,0.15,508,31.2947,1.98833,0.39272
681,17,0,0,2,0,1,0,0,-24.869,0.32142,0.15,508,31.2947,5.46682,0.39272
682,79,5,5,20,0,1,0,0,13.934,0.32089,0.15,510,31.2947,3.03727,0.39281
683,105,10,10,18,0,1,0,0,35.809,0.32035,0.15,511,31.2947,2.60104,0.39237
684,5,0,0,3,0,1,0,0,-33.408,0.31982,0.15,511,31.2947,1.27215,0.39237
685,24,1,1,10,0,1,0,0,-12.187,0.31929,0.15,511,31.2947,3.32966,0.39237
686,14,0,0,5,0,1,0,0,-21.471,0.31875,0.15,511,31.2947,4.70671,0.39237
687,15,1,1,6,0,1,0,0,-23.928,0.31822,0.15,511,31.2947,4.69405,0.39237
688,159,8,8,18,0,1,0,0,36.558,0.31769,0.15,511,31.2947,1.77708,0.39269
689,42,4,4,9,0,1,0,0,-4.286,0.31716,0.15,512,31.2947,3.68262,0.39225
690,400,18,18,47,0,0,0,1,163.048,0.31664,0.15,518,31.2947,2.00932,0.39221
691,45,6,6,15,0,1,0,0,4.703,0.31611,0.15,519,31.2947,4.07845,0.3921
692,6,0,0,2,0,1,0,0,-31.206,0.31558,0.15,519,31.2947,7.08284,0.3921
693,38,1,1,4,0,1,0,0,-16.406,0.31506,0.15,519,31.2947,2.55258,0.3921
694,38,2,2,7,0,1,0,0,-12.563,0.31453,0.15,520,31.2947,3.46131,0.39167
695,127,15,15,34,0,1,0,0,61.853,0.31401,0.15,522,31.2947,3.0088,0.39176
696,19,3,3,9,0,1,0,0,-11.891,0.31349,0.15,522,31.2947,4.78477,0.39176
697,61,6,6,14,0,1,0,0,9.06,0.31296,0.15,523,31.2947,3.28091,0.39165
698,20,0,0,10,0,1,0,0,-18.269,0.31244,0.15,523,31.2947,4.05334,0.39165
699,159,8,8,26,0,1,0,0,48.555,0.31192,0.15,524,31.2947,2.78431,0.39186
700,34,0,0,4,0,1,0,0,-26.55,0.3114,0.15,524,31.2947,1.53783,0.39186
701,23,0,0,9,0,1,0,0,-19.659,0.31088,0.15,524,31.2947,3.96919,0.39186
702,80,4,4,13,0,1,0,0,5.203,0.31037,0.15,524,31.2947,3.14077,0.39186
703,56,0,0,6,0,1,0,0,-17.442,0.30985,0.15,524,31.2947,2.40559,0.39186
704,25,0,0,5,0,1,0,0,-25.288,0.30933,0.15,524,31.2947,3.38473,0.39186
705,14,0,0,5,0,1,0,0,-26.825,0.30882,0.15,524,31.2947,4.33261,0.39186
706,265,16,16,40,0,1,0,0,101.149,0.3083,0.15,526,31.2947,2.09055,0.39163
707,116,4,4,16,0,1,0,0,15.767,0.30779,0.15,526,31.2947,2.07519,0.39163
708,97,6,6,11,0,1,0,0,11.472,0.30728,0.15,527,31.2947,3.05761,0.39184
709,30,1,1,4,0,1,0,0,-19.053,0.30677,0.15,527,31.2947,2.4487,0.39184
710,46,3,3,8,0,1,0,0,-8.749,0.30626,0.15,527,31.2947,3.05106,0.39184
711,71,2,2,16,0,1,0,0,-4.072,0.30575,0.15,527,31.2947,2.60582,0.39216
712,400,20,20,57,0,0,0,1,173.558,0.30524,0.15,528,31.2947,1.99185,0.39299
713,265,12,12,36,0,1,0,0,84.87,0.30473,0.15,530,31.2947,1.89242,0.39277
714,30,0,0,4,0,1,0,0,-22.522,0.30422,0.15,530,31.2947,2.54992,0.39277
715,17,1,1,7,0,1,0,0,-16.977,0.30371,0.15,530,31.2947,4.5588,0.39277
716,20,2,2,6,0,1,0,0,-16.123,0.30321,0.15,530,31.2947,2.46836,0.39277
717,5,0,0,3,0,1,0,0,-30.952,0.3027,0.15,530,31.2947,2.15372,0.39277
718,170,12,12,25,0,1,0,0,58.848,0.3022,0.15,530,31.2947,2.37273,0.3934
719,11,0,0,3,0,1,0,0,-30.544,0.3017,0.15,530,31.2947,6.04267,0.3934
720,5,0,0,4,0,1,0,0,-32.808,0.30119,0.15,530,31.2947,1.66594,0.3934
721,31,3,3,8,0,1,0,0,-10.186,0.30069,0.15,530,31.2947,3.68202,0.3934
722,67,3,3,18,0,1,0,0,7.584,0.30019,0.15,530,31.2947,2.76672,0.39371
723,7,0,0,4,0,1,0,0,-29.408,0.29969,0.15,530,31.2947,6.32623,0.39371
724,191,12,12,30,0,1,0,0,65.175,0.29919,0.15,532,31.2947,2.21398,0.39317
725,34,3,3,12,0,1,0,0,-8.703,0.29869,0.15,532,31.2947,4.02272,0.39317
726,78,2,2,11,0,1,0,0,-2.648,0.2982,0.15,532,31.2947,1.99709,0.39317
727,8,0,0,2,0,1,0,0,-33.954,0.2977,0.15,532,31.2947,5.07761,0.39317
728,243,14,14,51,0,1,0,0,95.268,0.2972,0.15,536,31.2947,2.51443,0.39179
729,5,0,0,4,0,1,0,0,-32.806,0.29671,0.15,536,31.2947,2.1436,0.39179
730,80,0,0,11,0,1,0,0,-12.631,0.29622,0.15,536,31.2947,3.55761,0.39241
731,276,9,9,29,0,1,0,0,59.973,0.29572,0.15,536,31.2947,1.98741,0.39272
732,130,3,3,23,0,1,0,0,19.7,0.29523,0.15,537,31.2947,2.94941,0.39323
733,99,5,5,18,0,1,0,0,15.579,0.29474,0.15,537,31.2947,2.52177,0.39323
734,276,11,11,33,0,1,0,0,67.952,0.29425,0.15,538,31.2947,2.47871,0.39343
735,5,0,0,3,0,1,0,0,-33.006,0.29376,0.15,538,31.2947,1.9475,0.39343
736,49,2,2,9,0,1,0,0,-10.676,0.29327,0.15,538,31.2947,3.22801,0.39343
737,17,1,1,6,0,1,0,0,-21.659,0.29278,0.15,538,31.2947,4.65093,0.39343
738,32,0,0,7,0,1,0,0,-19.272,0.29229,0.15,538,31.2947,2.85188,0.39343
739,23,1,1,6,0,1,0,0,-19.764,0.29181,0.15,539,31.2947,5.00144,0.39301
740,11,0,0,5,0,1,0,0,-28.568,0.29132,0.15,539,31.2947,4.48286,0.39301
741,55,4,4,12,0,1,0,0,0.279,0.29083,0.15,539,31.2947,2.75374,0.39301
742,26,2,2,10,0,1,0,0,-8.253,0.29035,0.15,539,31.2947,3.54698,0.39301
743,43,2,2,12,0,1,0,0,-8.57,0.28987,0.15,539,31.2947,3.52555,0.39301
744,67,4,4,22,0,1,0,0,16.138,0.28938,0.15,539,31.2947,2.35421,0.39301
745,85,6,6,12,0,1,0,0,16.442,0.2889,0.15,539,31.2947,1.96707,0.39301
746,58,2,2,13,0,1,0,0,-1.154,0.28842,0.15,539,31.2947,2.36053,0.39301
747,90,2,2,16,0,1,0,0,5.679,0.28794,0.15,539,31.2947,2.89399,0.39301
748,47,2,2,4,0,1,0,0,-13.234,0.28746,0.15,539,31.2947,2.15481,0.39301
749,25,0,0,5,0,1,0,0,-25.228,0.28698,0.15,539,31.2947,3.91013,0.39301
750,57,6,6,21,0,1,0,0,11.428,0.2865,0.15,539,31.2947,2.97658,0.39301
751,51,4,4,11,0,1,0,0,-0.613,0.28603,0.15,539,31.2947,2.20733,0.39301
752,43,2,2,10,0,1,0,0,-12.111,0.28555,0.15,539,31.2947,3.57117,0.39301
753,62,2,2,13,0,1,0,0,-6.186,0.28508,0.15,539,31.2947,2.58076,0.39301
754,101,6,6,14,0,1,0,0,14.138,0.2846,0.15,539,31.2947,2.09575,0.39301
755,7,0,0,6,0,1,0,0,-25.306,0.28413,0.15,539,31.2947,7.6697,0.39301
756,19,2,2,12,0,1,0,0,-12.481,0.28365,0.15,539,31.2947,3.76995,0.39301
757,35,3,3,9,0,1,0,0,-10.776,0.28318,0.15,539,31.2947,3.21873,0.39301
758,47,3,3,14,0,1,0,0,-6.131,0.28271,0.15,539,31.2947,3.31216,0.39301
759,17,0,0,7,0,1,0,0,-25.066,0.28224,0.15,539,31.2947,6.04355,0.39301
760,52,3,3,19,0,1,0,0,3.841,0.28177,0.15,539,31.2947,3.30545,0.39301
761,172,16,16,44,0,1,0,0,86.22,0.2813,0.15,541,31.2947,2.93414,0.39279
762,94,8,8,17,0,1,0,0,25.109,0.28083,0.15,542,31.2947,3.0478,0.39268
763,97,4,4,16,0,1,0,0,12.501,0.28036,0.15,542,31.2947,2.0163,0.39268
764,64,3,3,16,0,1,0,0,4.104,0.2799,0.15,542,31.2947,2.83945,0.39268
765,122,7,7,25,0,1,0,0,29.607,0.27943,0.15,542,31.2947,1.97919,0.39299
766,100,6,6,22,0,1,0,0,27.022,0.27897,0.15,543,31.2947,2.34417,0.39257
767,20,3,3,8,0,1,0,0,-8.193,0.2785,0.15,543,31.2947,3.914,0.39257
768,178,10,10,32,0,1,0,0,51.715,0.27804,0.15,543,31.2947,2.14264,0.39319
769,6,0,0,4,0,1,0,0,-31.556,0.27757,0.15,543,31.2947,4.81692,0.39319
770,396,19,19,47,0,1,0,0,130.626,0.27711,0.15,544,31.2947,2.22288,0.39277
771,71,3,3,13,0,1,0,0,5.021,0.27665,0.15,544,31.2947,2.36827,0.39277
772,21,0,0,7,0,1,0,0,-23.767,0.27619,0.15,544,31.2947,6.54541,0.39277
773,45,5,5,10,0,1,0,0,0.969,0.27573,0.15,545,31.2947,3.43409,0.39235
774,5,0,0,3,0,1,0,0,-29.152,0.27527,0.15,545,31.2947,12.0639,0.39235
775,30,1,1,9,0,1,0,0,-14.064,0.27481,0.15,545,31.2947,3.64268,0.39235
776,69,4,4,14,0,1,0,0,0.858,0.27435,0.15,545,31.2947,2.87402,0.39266
777,400,18,18,44,0,0,0,1,153.84,0.2739,0.15,547,31.2947,1.93363,0.39214
778,26,1,1,7,0,1,0,0,-13.794,0.27344,0.15,547,31.2947,2.87679,0.39214
779,156,5,5,17,0,1,0,0,27.464,0.27299,0.15,547,31.2947,2.02462,0.39244
780,22,3,3,8,0,1,0,0,-14.065,0.27253,0.15,547,31.2947,5.53696,0.39244
781,315,9,9,22,0,1,0,0,54.539,0.27208,0.15,547,31.2947,1.63104,0.39305
782,45,5,5,13,0,1,0,0,6.613,0.27162,0.15,547,31.2947,2.60699,0.39305
783,5,0,0,4,0,1,0,0,-33.206,0.27117,0.15,547,31.2947,1.75341,0.39305
784,58,2,2,11,0,1,0,0,-9.006,0.27072,0.15,547,31.2947,2.56775,0.39305
785,31,1,1,5,0,1,0,0,-18.109,0.27027,0.15,547,31.2947,2.53874,0.39305
786,66,2,2,10,0,1,0,0,-13.165,0.26982,0.15,547,31.2947,3.00723,0.39336
787,19,1,1,9,0,1,0,0,-21.402,0.26937,0.15,547,31.2947,6.11855,0.39336
788,37,3,3,10,0,1,0,0,-8.48,0.26892,0.15,547,31.2947,3.32908,0.39336
789,25,0,0,4,0,1,0,0,-23.959,0.26847,0.15,547,31.2947,4.16998,0.39336
790,30,1,1,6,0,1,0,0,-22.256,0.26803,0.15,547,31.2947,2.2324,0.39336
791,47,0,0,9,0,1,0,0,-20.22,0.26758,0.15,548,31.2947,3.94717,0.39294
792,67,3,3,14,0,1,0,0,-2.793,0.26714,0.15,549,31.2947,2.36105,0.39253
793,71,4,4,10,0,1,0,0,5.962,0.26669,0.15,549,31.2947,1.94077,0.39253
794,16,0,0,3,0,1,0,0,-31.746,0.26625,0.15,549,31.2947,2.43326,0.39253
795,141,2,2,5,0,1,0,0,-4.873,0.2658,0.15,549,31.2947,1.74808,0.39253
796,37,2,2,4,0,1,0,0,-15.588,0.26536,0.15,549,31.2947,3.27432,0.39253
797,151,8,8,23,0,1,0,0,28.397,0.26492,0.15,550,31.2947,2.91216,0.39303
798,355,22,22,47,0,1,0,0,133.669,0.26448,0.15,551,31.2947,1.78634,0.39322
799,9,0,0,2,0,1,0,0,-32.798,0.26404,0.15,551,31.2947,4.00247,0.39322
800,57,2,2,7,0,1,0,0,-10.975,0.2636,0.15,551,31.2947,1.6231,0.39322
801,23,0,0,5,0,1,0,0,-27.018,0.26316,0.15,551,31.2947,5.78253,0.39322
802,27,0,0,3,0,1,0,0,-20.301,0.26272,0.15,551,31.2947,3.00269,0.39322
803,31,1,1,9,0,1,0,0,-15.103,0.26228,0.15,551,31.2947,2.90586,0.39322
804,13,0,0,4,0,1,0,0,-31.198,0.26185,0.15,551,31.2947,2.5269,0.39322
805,5,0,0,4,0,1,0,0,-32.406,0.26141,0.15,551,31.2947,0.93847,0.39322
806,5,0,0,3,0,1,0,0,-33.006,0.26097,0.15,551,31.2947,0.78588,0.39322
807,34,2,2,7,0,1,0,0,-10.811,0.26054,0.15,551,31.2947,3.84082,0.39322
808,59,1,1,4,0,1,0,0,-14.767,0.26011,0.15,551,31.2947,1.54738,0.39322
809,40,0,0,3,0,1,0,0,-23.052,0.25967,0.15,551,31.2947,1.90928,0.39322
810,63,5,5,11,0,1,0,0,6.701,0.25924,0.15,551,31.2947,2.98718,0.39322
811,183,7,7,29,0,1,0,0,43.833,0.25881,0.15,553,31.2947,2.49812,0.39271
812,60,3,3,17,0,1,0,0,6.111,0.25838,0.15,553,31.2947,3.38598,0.39301
813,21,1,1,5,0,1,0,0,-20.199,0.25795,0.15,553,31.2947,4.60224,0.39301
814,400,24,24,62,0,0,0,1,183.094,0.25752,0.15,555,31.2947,2.59826,0.39369
815,6,0,0,1,0,1,0,0,-31.806,0.25709,0.15,555,31.2947,8.60025,0.39369
816,42,2,2,10,0,1,0,0,-12.687,0.25666,0.15,555,31.2947,3.89143,0.39399
817,107,5,5,20,0,1,0,0,15.338,0.25623,0.15,555,31.2947,2.41542,0.39399
818,5,0,0,4,0,1,0,0,-32.408,0.25581,0.15,555,31.2947,0.733,0.39399
819,72,1,1,6,0,1,0,0,-9.668,0.25538,0.15,555,31.2947,1.73249,0.39399
820,61,2,2,15,0,1,0,0,-7.268,0.25496,0.15,555,31.2947,2.06756,0.39399
821,38,1,1,7,0,1,0,0,-14.982,0.25453,0.15,555,31.2947,2.88087,0.39399
822,165,21,21,46,0,1,0,0,106.285,0.25411,0.15,555,31.2947,3.09131,0.39429
823,54,4,4,15,0,1,0,0,9.373,0.25368,0.15,555,31.2947,2.67045,0.39429
824,36,3,3,9,0,1,0,0,-5.813,0.25326,0.15,555,31.2947,3.44585,0.39429
825,62,4,4,16,0,1,0,0,1.982,0.25284,0.15,555,31.2947,3.32525,0.39429
826,35,0,0,4,0,1,0,0,-23.138,0.25242,0.15,555,31.2947,3.56848,0.39429
827,263,11,11,43,0,1,0,0,73.32,0.252,0.15,555,31.2947,2.22089,0.39489
828,36,1,1,9,0,1,0,0,-20.849,0.25158,0.15,555,31.2947,4.53689,0.39489
829,60,4,4,11,0,1,0,0,2.617,0.25116,0.15,555,31.2947,2.6242,0.39489
830,71,2,2,11,0,1,0,0,-9.761,0.25074,0.15,555,31.2947,2.54589,0.3952
831,154,4,4,21,0,1,0,0,18.804,0.25032,0.15,555,31.2947,1.95635,0.3958
832,52,3,3,11,0,1,0,0,-0.757,0.24991,0.15,555,31.2947,2.64723,0.3958
833,19,2,2,6,0,1,0,0,-16.085,0.24949,0.15,555,31.2947,4.29068,0.3958
834,7,0,0,6,0,1,0,0,-26.15,0.24908,0.15,555,31.2947,6.00691,0.3958
835,21,1,1,3,0,1,0,0,-21.609,0.24866,0.15,555,31.2947,3.32392,0.3958
836,18,1,1,8,0,1,0,0,-14.671,0.24825,0.15,555,31.2947,3.60862,0.3958
837,26,2,2,9,0,1,0,0,-11.092,0.24783,0.15,555,31.2947,4.17679,0.3958
838,35,6,6,10,0,1,0,0,4.016,0.24742,0.15,555,31.2947,4.15866,0.3958
839,76,2,2,14,0,1,0,0,0.524,0.24701,0.15,555,31.2947,1.87224,0.3958
840,79,6,6,14,0,1,0,0,16.363,0.2466,0.15,555,31.2947,2.77485,0.3961
841,167,11,11,36,0,1,0,0,62.124,0.24619,0.15,555,31.2947,2.32271,0.3964
842,79,4,4,19,0,1,0,0,10.46,0.24578,0.15,555,31.2947,2.84085,0.3964
843,41,2,2,14,0,1,0,0,-10.552,0.24537,0.15,555,31.2947,4.30518,0.3964
844,167,8,8,30,0,1,0,0,45.032,0.24496,0.15,555,31.2947,1.95747,0.3967
845,209,11,11,31,0,1,0,0,65.455,0.24455,0.15,555,31.2947,2.14616,0.397
846,21,1,1,8,0,1,0,0,-18.721,0.24414,0.15,555,31.2947,5.44329,0.397
847,20,2,2,7,0,1,0,0,-13.373,0.24374,0.15,555,31.2947,4.62932,0.397
848,47,4,4,13,0,1,0,0,3.026,0.24333,0.15,555,31.2947,2.69464,0.397
849,7,0,0,2,0,1,0,0,-33.202,0.24293,0.15,555,31.2947,4.99478,0.397
850,36,1,1,8,0,1,0,0,-15.237,0.24252,0.15,555,31.2947,2.17919,0.397
851,13,0,0,3,0,1,0,0,-24.775,0.24212,0.15,555,31.2947,4.61399,0.397
852,255,16,16,40,0,1,0,0,98.264,0.24171,0.15,556,31.2947,1.97545,0.39718
853,56,2,2,14,0,1,0,0,-8.213,0.24131,0.15,556,31.2947,3.39284,0.39718
854,31,1,1,8,0,1,0,0,-17.977,0.24091,0.15,556,31.2947,3.46683,0.39718
855,127,5,5,21,0,1,0,0,15.496,0.24051,0.15,556,31.2947,2.11044,0.39748
856,5,0,0,3,0,1,0,0,-33.808,0.24011,0.15,556,31.2947,0.91663,0.39748
857,89,7,7,12,0,1,0,0,19.195,0.23971,0.15,556,31.2947,2.73215,0.39778
858,14,0,0,4,0,1,0,0,-22.471,0.23931,0.15,556,31.2947,4.78853,0.39778
859,108,8,8,22,0,1,0,0,39.241,0.23891,0.15,557,31.2947,2.64768,0.39737
860,5,0,0,3,0,1,0,0,-33.006,0.23851,0.15,557,31.2947,0.47338,0.39737
861,214,5,5,28,0,1,0,0,40.925,0.23812,0.15,558,31.2947,1.83671,0.39755
862,277,24,24,55,0,1,0,0,127.396,0.23772,0.15,559,31.2947,2.41447,0.39833
863,26,2,2,7,0,1,0,0,-13.699,0.23732,0.15,559,31.2947,4.20307,0.39833
864,123,5,5,22,0,1,0,0,33.169,0.23693,0.15,559,31.2947,2.31391,0.39833
865,39,2,2,11,0,1,0,0,-10.94,0.23653,0.15,559,31.2947,4.17538,0.39833
866,97,5,5,19,0,1,0,0,13.233,0.23614,0.15,559,31.2947,2.53514,0.39833
867,5,0,0,2,0,1,0,0,-29.308,0.23575,0.15,559,31.2947,9.49984,0.39833
868,83,3,3,12,0,1,0,0,0.209,0.23535,0.15,559,31.2947,2.00405,0.39833
869,46,3,3,7,0,1,0,0,-6.817,0.23496,0.15,559,31.2947,2.41832,0.39833
870,25,2,2,5,0,1,0,0,-16.221,0.23457,0.15,559,31.2947,2.53049,0.39833
871,159,13,13,21,0,1,0,0,59.525,0.23418,0.15,559,31.2947,2.2586,0.39833
872,5,0,0,4,0,1,0,0,-32.808,0.23379,0.15,559,31.2947,1.09584,0.39833
873,65,3,3,13,0,1,0,0,0.936,0.2334,0.15,559,31.2947,1.54297,0.39863
874,24,0,0,8,0,1,0,0,-17.111,0.23301,0.15,559,31.2947,2.0339,0.39863
875,122,0,0,15,0,1,0,0,-3.349,0.23262,0.15,559,31.2947,1.63632,0.39863
876,39,2,2,7,0,1,0,0,-12.133,0.23224,0.15,559,31.2947,2.77132,0.39863
877,17,0,0,3,0,1,0,0,-25.738,0.23185,0.15,559,31.2947,3.0152,0.39863
878,19,1,1,5,0,1,0,0,-19.794,0.23146,0.15,559,31.2947,3.5626,0.39863
879,14,0,0,5,0,1,0,0,-26.825,0.23108,0.15,559,31.2947,4.48751,0.39863
880,40,1,1,6,0,1,0,0,-20.227,0.23069,0.15,559,31.2947,3.1646,0.39863
881,400,22,22,56,0,0,0,1,198.188,0.23031,0.15,559,31.2947,2.01101,0.39893
882,22,0,0,3,0,1,0,0,-26.334,0.22993,0.15,559,31.2947,1.9505,0.39893
883,66,6,6,14,0,1,0,0,18.618,0.22954,0.15,559,31.2947,2.30827,0.39893
884,264,10,10,25,0,1,0,0,56.01,0.22916,0.15,560,31.2947,2.05321,0.39851
885,400,18,18,39,0,0,0,1,174.791,0.22878,0.15,561,31.2947,1.54669,0.39869
886,5,0,0,4,0,1,0,0,-32.008,0.2284,0.15,561,31.2947,1.04269,0.39869
887,400,18,18,55,0,0,0,1,181.132,0.22802,0.15,561,31.2947,1.52614,0.39869
888,10,0,0,2,0,1,0,0,-32.492,0.22764,0.15,561,31.2947,3.39458,0.39869
889,53,4,4,15,0,1,0,0,1.915,0.22726,0.15,561,31.2947,3.88417,0.39869
890,7,0,0,5,0,1,0,0,-24.298,0.22688,0.15,561,31.2947,5.74655,0.39869
891,96,6,6,21,0,1,0,0,22.524,0.2265,0.15,561,31.2947,2.61209,0.39899
892,359,18,18,44,0,1,0,0,115.507,0.22613,0.15,561,31.2947,1.92414,0.39899
893,21,1,1,8,0,1,0,0,-13.973,0.22575,0.15,561,31.2947,3.7218,0.39899
894,16,0,0,4,0,1,0,0,-27.2,0.22537,0.15,561,31.2947,5.16784,0.39899
895,221,15,15,48,0,1,0,0,84.848,0.225,0.15,561,31.2947,2.43828,0.39929
896,43,2,2,5,0,1,0,0,-14.284,0.22462,0.15,561,31.2947,2.37802,0.39958
897,17,2,2,7,0,1,0,0,-13.959,0.22425,0.15,561,31.2947,3.42148,0.39958
898,80,5,5,15,0,1,0,0,1.68,0.22388,0.15,561,31.2947,3.139,0.39958
899,25,0,0,8,0,1,0,0,-20.188,0.2235,0.15,561,31.2947,3.44181,0.39988
900,400,19,19,45,0,0,0,1,164.956,0.22313,0.15,561,31.2947,1.75372,0.40048
901,140,5,5,24,0,1,0,0,14.849,0.22276,0.15,561,31.2947,1.89422,0.40048
902,25,1,1,7,0,1,0,0,-18.042,0.22239,0.15,561,31.2947,2.26321,0.40048
903,98,2,2,16,0,1,0,0,2.832,0.22202,0.15,561,31.2947,1.71903,0.40048
904,45,3,3,10,0,1,0,0,-5.521,0.22165,0.15,561,31.2947,3.33045,0.40048
905,86,7,7,15,0,1,0,0,11.115,0.22128,0.15,561,31.2947,2.71651,0.40048
906,389,25,25,53,0,1,0,0,146.372,0.22091,0.15,564,31.2947,2.3504,0.40041
907,234,16,16,41,0,1,0,0,91.975,0.22054,0.15,566,31.2947,2.27512,0.39988
908,54,5,5,19,0,1,0,0,12.72,0.22017,0.15,566,31.2947,3.40543,0.39988
909,346,22,22,58,0,1,0,0,151.522,0.21981,0.15,567,31.2947,2.26627,0.40006
910,7,0,0,2,0,1,0,0,-31.154,0.21944,0.15,567,31.2947,8.11207,0.40006
911,11,0,0,6,0,1,0,0,-22.044,0.21908,0.15,567,31.2947,4.11403,0.40006
912,29,1,1,7,0,1,0,0,-17.95,0.21871,0.15,567,31.2947,3.75023,0.40006
913,34,2,2,6,0,1,0,0,-11.801,0.21835,0.15,567,31.2947,2.38455,0.40006
914,14,1,1,2,0,1,0,0,-24.953,0.21798,0.15,567,31.2947,6.64667,0.40006
915,32,1,1,9,0,1,0,0,-18.562,0.21762,0.15,567,31.2947,3.02324,0.40006
916,33,2,2,8,0,1,0,0,-10.727,0.21726,0.15,567,31.2947,3.90331,0.40006
917,20,1,1,8,0,1,0,0,-20.913,0.2169,0.15,567,31.2947,4.90083,0.40006
918,74,5,5,18,0,1,0,0,7.406,0.21654,0.15,567,31.2947,2.72779,0.40006
919,14,0,0,7,0,1,0,0,-19.153,0.21618,0.15,567,31.2947,6.50713,0.40006
920,65,4,4,17,0,1,0,0,5.359,0.21582,0.15,567,31.2947,2.9296,0.40006
921,5,0,0,1,0,1,0,0,-26.612,0.21546,0.15,567,31.2947,2.01139,0.40006
922,48,3,3,9,0,1,0,0,-6.029,0.2151,0.15,567,31.2947,3.16185,0.40006
923,59,2,2,10,0,1,0,0,-9.687,0.21474,0.15,567,31.2947,1.82291,0.40006
924,254,4,4,19,0,1,0,0,41.59,0.21438,0.15,567,31.2947,1.58417,0.40006
925,57,4,4,8,0,1,0,0,-1.48,0.21402,0.15,567,31.2947,2.39591,0.40006
926,136,12,12,32,0,1,0,0,57.763,0.21367,0.15,567,31.2947,2.27849,0.40006
927,398,14,14,33,0,1,0,0,107.523,0.21331,0.15,567,31.2947,1.54064,0.40035
928,28,1,1,6,0,1,0,0,-18.724,0.21296,0.15,567,31.2947,2.87249,0.40035
929,59,4,4,13,0,1,0,0,2.388,0.2126,0.15,567,31.2947,2.27508,0.40035
930,43,1,1,9,0,1,0,0,-16.794,0.21225,0.15,567,31.2947,1.83626,0.40035
931,26,2,2,7,0,1,0,0,-18.399,0.21189,0.15,567,31.2947,4.39763,0.40035
932,12,0,0,2,0,1,0,0,-32.746,0.21154,0.15,567,31.2947,3.12766,0.40035
933,68,3,3,14,0,1,0,0,-2.133,0.21119,0.15,567,31.2947,4.4875,0.40035
934,278,10,10,31,0,1,0,0,70.339,0.21084,0.15,567,31.2947,2.13748,0.40035
935,40,3,3,6,0,1,0,0,-14.744,0.21049,0.15,567,31.2947,4.26042,0.40065
936,14,1,1,5,0,1,0,0,-20.587,0.21014,0.15,567,31.2947,5.23256,0.40065
937,207,10,10,28,0,1,0,0,55.136,0.20979,0.15,567,31.2947,2.42435,0.40094
938,382,9,9,24,0,1,0,0,51.158,0.20944,0.15,567,31.2947,2.11858,0.40123
939,29,0,0,5,0,1,0,0,-20.41,0.20909,0.15,567,31.2947,1.67464,0.40123
940,5,0,0,3,0,1,0,0,-28.454,0.20874,0.15,567,31.2947,10.19314,0.40123
941,105,6,6,19,0,1,0,0,26.198,0.20839,0.15,567,31.2947,2.56742,0.40123
942,32,3,3,4,0,1,0,0,-14.462,0.20805,0.15,567,31.2947,2.62145,0.40123
943,35,1,1,3,0,1,0,0,-19.813,0.2077,0.15,567,31.2947,2.13609,0.40123
944,7,0,0,2,0,1,0,0,-30.904,0.20735,0.15,567,31.2947,7.05616,0.40123
945,400,11,11,39,0,0,0,1,151.901,0.20701,0.15,567,31.2947,1.30996,0.40153
946,20,3,3,6,0,1,0,0,-15.045,0.20666,0.15,567,31.2947,4.40665,0.40153
947,85,4,4,15,0,1,0,0,7.082,0.20632,0.15,567,31.2947,2.13042,0.40153
948,137,4,4,15,0,1,0,0,13.596,0.20598,0.15,567,31.2947,1.44205,0.40153
949,69,2,2,7,0,1,0,0,-8.149,0.20563,0.15,567,31.2947,2.16547,0.40153
950,34,2,2,9,0,1,0,0,-9.389,0.20529,0.15,567,31.2947,2.59647,0.40153
951,400,17,17,42,0,0,0,1,154.806,0.20495,0.15,571,31.2947,1.7345,0.40047
952,24,2,2,6,0,1,0,0,-12.975,0.20461,0.15,571,31.2947,3.22508,0.40047
953,190,5,5,18,0,1,0,0,29.332,0.20427,0.15,571,31.2947,2.19682,0.40047
954,59,4,4,13,0,1,0,0,-0.167,0.20393,0.15,571,31.2947,2.98514,0.40047
955,261,15,15,41,0,1,0,0,91.913,0.20359,0.15,571,31.2947,2.24364,0.40047
956,117,10,10,25,0,1,0,0,45.853,0.20325,0.15,572,31.2947,2.93372,0.40006
957,400,26,26,61,0,0,0,1,210.768,0.20291,0.15,572,31.2947,1.68785,0.40064
958,252,14,14,39,0,1,0,0,96.289,0.20257,0.15,572,31.2947,1.6552,0.40064
959,180,12,12,27,0,1,0,0,63.441,0.20223,0.15,572,31.2947,1.74506,0.40064
960,85,7,7,18,0,1,0,0,17.981,0.2019,0.15,572,31.2947,3.055,0.40064
961,117,10,10,21,0,1,0,0,44.12,0.20156,0.15,573,31.2947,2.74005,0.40023
962,13,0,0,3,0,1,0,0,-28.49,0.20122,0.15,573,31.2947,4.02919,0.40023
963,5,0,0,4,0,1,0,0,-32.808,0.20089,0.15,573,31.2947,2.63189,0.40023
964,24,1,1,6,0,1,0,0,-14.235,0.20056,0.15,573,31.2947,2.65457,0.40023
965,102,3,3,12,0,1,0,0,-4.441,0.20022,0.15,573,31.2947,2.42552,0.40023
966,298,16,16,38,0,1,0,0,82.06,0.19989,0.15,573,31.2947,2.28802,0.40023
967,13,0,0,5,0,1,0,0,-24.101,0.19955,0.15,573,31.2947,7.253,0.40023
968,150,10,10,29,0,1,0,0,49.094,0.19922,0.15,573,31.2947,2.02438,0.40023
969,362,27,27,80,0,1,0,0,177.524,0.19889,0.15,574,31.2947,2.24324,0.40041
970,47,2,2,10,0,1,0,0,-9.973,0.19856,0.15,574,31.2947,3.45131,0.40041
971,155,11,11,25,0,1,0,0,42.424,0.19823,0.15,575,31.2947,2.78063,0.40029
972,101,4,4,7,0,1,0,0,10.89,0.1979,0.15,575,31.2947,1.85832,0.40029
973,20,1,1,4,0,1,0,0,-21.653,0.19757,0.15,575,31.2947,4.01474,0.40029
974,98,8,8,20,0,1,0,0,23.311,0.19724,0.15,575,31.2947,2.2514,0.40029
975,51,5,5,12,0,1,0,0,2.929,0.19691,0.15,575,31.2947,3.70198,0.40029
976,24,2,2,9,0,1,0,0,-12.653,0.19658,0.15,575,31.2947,2.53597,0.40029
977,84,5,5,15,0,1,0,0,6.914,0.19626,0.15,575,31.2947,3.27332,0.40029
978,5,0,0,3,0,1,0,0,-28.054,0.19593,0.15,575,31.2947,8.37314,0.40029
979,26,0,0,5,0,1,0,0,-27.851,0.1956,0.15,575,31.2947,5.67987,0.40029
980,20,1,1,2,0,1,0,0,-20.225,0.19528,0.15,575,31.2947,3.01035,0.40029
981,184,11,11,35,0,1,0,0,64.892,0.19495,0.15,575,31.2947,2.02875,0.40029
982,57,3,3,16,0,1,0,0,3.664,0.19463,0.15,575,31.2947,2.83508,0.40029
983,26,1,1,6,0,1,0,0,-15.182,0.1943,0.15,575,31.2947,3.35635,0.40029
984,252,19,19,55,0,1,0,0,121.258,0.19398,0.15,575,31.2947,2.42062,0.40058
985,211,8,8,26,0,1,0,0,55.959,0.19366,0.15,575,31.2947,2.0917,0.40058
986,13,0,0,3,0,1,0,0,-31.8,0.19333,0.15,575,31.2947,3.71388,0.40058
987,93,10,10,16,0,1,0,0,32.843,0.19301,0.15,575,31.2947,2.62531,0.40058
988,39,4,4,14,0,1,0,0,3.005,0.19269,0.15,575,31.2947,3.03175,0.40058
989,100,9,9,22,0,1,0,0,33.837,0.19237,0.15,575,31.2947,3.01276,0.40058
990,13,1,1,5,0,1,0,0,-19.843,0.19205,0.15,575,31.2947,5.59767,0.40058
991,101,4,4,9,0,1,0,0,7.614,0.19173,0.15,575,31.2947,1.83803,0.40058
992,18,1,1,4,0,1,0,0,-19.955,0.19141,0.15,575,31.2947,2.45887,0.40058
993,41,2,2,9,0,1,0,0,-8.818,0.19109,0.15,575,31.2947,1.83313,0.40058
994,25,1,1,2,0,1,0,0,-22.326,0.19077,0.15,575,31.2947,4.09404,0.40058
995,242,9,9,29,0,1,0,0,58.156,0.19046,0.15,577,31.2947,1.9181,0.40035
996,119,5,5,13,0,1,0,0,15.196,0.19014,0.15,577,31.2947,1.80381,0.40035
997,400,31,31,71,0,0,0,1,228.854,0.18982,0.15,577,31.2947,2.21125,0.40092
998,9,0,0,6,0,1,0,0,-22.044,0.18951,0.15,577,31.2947,4.7771,0.40092
999,24,2,2,8,0,1,0,0,-9.901,0.18919,0.15,577,31.2947,3.99227,0.40092
1000,96,10,10,25,0,1,0,0,35.036,0.18888,0.15,577,31.2947,3.0643,0.40092
1001,72,11,11,22,0,1,0,0,35.339,0.18856,0.15,577,31.2947,3.34012,0.40092
1002,7,0,0,2,0,1,0,0,-28.0,0.18825,0.15,577,31.2947,9.78958,0.40092
1003,15,0,0,4,0,1,0,0,-23.232,0.18793,0.15,577,31.2947,2.31956,0.40092
1004,15,0,0,5,0,1,0,0,-25.269,0.18762,0.15,577,31.2947,6.66922,0.40092
1005,136,17,17,39,0,1,0,0,79.277,0.18731,0.15,577,31.2947,3.35042,0.4015
1006,57,7,7,16,0,1,0,0,13.497,0.187,0.15,577,31.2947,2.98105,0.4015
1007,85,5,5,22,0,1,0,0,20.168,0.18668,0.15,577,31.2947,3.42514,0.4015
1008,88,6,6,15,0,1,0,0,6.124,0.18637,0.15,577,31.2947,3.36217,0.4015
1009,5,0,0,4,0,1,0,0,-32.408,0.18606,0.15,577,31.2947,3.0585,0.4015
1010,8,0,0,5,0,1,0,0,-27.958,0.18575,0.15,577,31.2947,6.82923,0.4015
1011,304,20,20,52,0,1,0,0,138.239,0.18544,0.15,577,31.2947,2.33863,0.4015
1012,43,2,2,7,0,1,0,0,-12.093,0.18514,0.15,577,31.2947,3.53525,0.4015
1013,103,7,7,13,0,1,0,0,14.433,0.18483,0.15,577,31.2947,2.17794,0.4015
1014,5,0,0,4,0,1,0,0,-33.208,0.18452,0.15,577,31.2947,2.78076,0.4015
1015,224,15,15,34,0,1,0,0,94.011,0.18421,0.15,579,31.2947,2.14607,0.40069
1016,371,20,20,46,0,1,0,0,142.037,0.18391,0.15,579,31.2947,2.16618,0.40098
1017,72,7,7,15,0,1,0,0,21.623,0.1836,0.15,579,31.2947,2.57871,0.40098
1018,234,2,2,14,0,1,0,0,22.635,0.18329,0.15,579,31.2947,1.32633,0.40098
1019,24,0,0,4,0,1,0,0,-27.053,0.18299,0.15,579,31.2947,3.53689,0.40098
1020,35,1,1,10,0,1,0,0,-8.593,0.18268,0.15,579,31.2947,2.6223,0.40098
1021,41,4,4,6,0,1,0,0,-9.989,0.18238,0.15,579,31.2947,3.79913,0.40098
1022,65,3,3,17,0,1,0,0,-0.574,0.18208,0.15,579,31.2947,3.43893,0.40127
1023,49,2,2,9,0,1,0,0,-10.274,0.18177,0.15,579,31.2947,2.84447,0.40127
1024,23,3,3,3,0,1,0,0,-13.981,0.18147,0.15,580,31.2947,4.87102,0.40086
1025,51,2,2,8,0,1,0,0,-13.117,0.18117,0.15,580,31.2947,2.54086,0.40086
1026,400,12,12,31,0,0,0,1,120.88,0.18087,0.15,580,31.2947,1.55084,0.40086
1027,390,8,8,37,0,1,0,0,76.152,0.18056,0.15,580,31.2947,1.27258,0.40086
1028,13,0,0,5,0,1,0,0,-25.773,0.18026,0.15,580,31.2947,6.94346,0.40086
1029,5,0,0,4,0,1,0,0,-31.608,0.17996,0.15,580,31.2947,2.61251,0.40086
1030,14,0,0,5,0,1,0,0,-26.361,0.17966,0.15,580,31.2947,5.53565,0.40086
1031,46,3,3,6,0,1,0,0,-7.965,0.17936,0.15,580,31.2947,2.77482,0.40086
1032,154,6,6,28,0,1,0,0,32.458,0.17907,0.15,580,31.2947,2.05127,0.40086
1033,153,14,14,44,0,1,0,0,78.305,0.17877,0.15,580,31.2947,2.49822,0.40086
1034,21,1,1,6,0,1,0,0,-19.466,0.17847,0.15,580,31.2947,5.27386,0.40086
1035,221,18,18,34,0,1,0,0,86.674,0.17817,0.15,580,31.2947,2.48484,0.40115
1036,13,0,0,5,0,1,0,0,-27.25,0.17788,0.15,580,31.2947,9.17433,0.40115
1037,13,0,0,5,0,1,0,0,-25.623,0.17758,0.15,580,31.2947,6.14704,0.40115
1038,26,2,2,4,0,1,0,0,-16.167,0.17728,0.15,580,31.2947,5.06128,0.40172
1039,5,0,0,3,0,1,0,0,-33.406,0.17699,0.15,580,31.2947,1.48278,0.40172
1040,30,1,1,4,0,1,0,0,-22.162,0.17669,0.15,580,31.2947,4.12181,0.40172
1041,37,3,3,6,0,1,0,0,-8.303,0.1764,0.15,580,31.2947,2.51521,0.40172
1042,34,2,2,3,0,1,0,0,-14.003,0.17611,0.15,580,31.2947,2.64083,0.40172
1043,400,22,22,58,0,0,0,1,194.096,0.17581,0.15,580,31.2947,1.68894,0.40172
1044,30,1,1,4,0,1,0,0,-20.061,0.17552,0.15,580,31.2947,2.35929,0.40172
1045,80,1,1,8,0,1,0,0,-9.868,0.17523,0.15,580,31.2947,2.02984,0.40172
1046,22,0,0,3,0,1,0,0,-29.62,0.17494,0.15,580,31.2947,3.31176,0.40172
1047,140,5,5,21,0,1,0,0,26.911,0.17464,0.15,580,31.2947,2.52122,0.40172
1048,42,3,3,11,0,1,0,0,-0.775,0.17435,0.15,580,31.2947,2.67336,0.40172
1049,27,4,4,4,0,1,0,0,-8.719,0.17406,0.15,580,31.2947,3.34473,0.40172
1050,162,10,10,30,0,1,0,0,49.348,0.17377,0.15,580,31.2947,2.44157,0.40172
1051,89,8,8,16,0,1,0,0,23.903,0.17348,0.15,580,31.2947,2.19609,0.40172
1052,77,6,6,21,0,1,0,0,22.722,0.1732,0.15,580,31.2947,3.07386,0.4023
1053,40,1,1,10,0,1,0,0,-9.496,0.17291,0.15,580,31.2947,3.41755,0.4023
1054,55,6,6,16,0,1,0,0,12.503,0.17262,0.15,580,31.2947,3.02793,0.4023
1055,5,0,0,2,0,1,0,0,-27.704,0.17233,0.15,580,31.2947,11.91776,0.4023
1056,183,15,15,34,0,1,0,0,79.815,0.17204,0.15,580,31.2947,2.42313,0.4023
1057,93,8,8,20,0,1,0,0,35.747,0.17176,0.15,580,31.2947,2.69128,0.4023
1058,136,5,5,10,0,1,0,0,9.489,0.17147,0.15,580,31.2947,2.50722,0.40259
1059,207,22,22,50,0,1,0,0,129.28,0.17119,0.15,580,31.2947,2.5686,0.40259
1060,31,1,1,10,0,1,0,0,-12.779,0.1709,0.15,580,31.2947,3.28945,0.40259
1061,400,26,26,62,0,0,0,1,205.069,0.17062,0.15,583,31.2947,2.6085,0.40137
1062,315,14,14,40,0,1,0,0,97.728,0.17033,0.15,584,31.2947,2.35685,0.40097
1063,5,0,0,3,0,1,0,0,-31.356,0.17005,0.15,584,31.2947,5.3544,0.40097
1064,86,10,10,28,0,1,0,0,45.286,0.16977,0.15,584,31.2947,2.44694,0.40097
1065,21,2,2,7,0,1,0,0,-13.047,0.16948,0.15,584,31.2947,2.79607,0.40097
1066,6,0,0,1,0,1,0,0,-28.506,0.1692,0.15,584,31.2947,7.25668,0.40097
1067,37,4,4,13,0,1,0,0,-0.014,0.16892,0.15,584,31.2947,2.95285,0.40097
1068,400,23,23,56,0,0,0,1,195.4,0.16864,0.15,584,31.2947,1.5499,0.40097
1069,216,16,16,56,0,1,0,0,102.789,0.16836,0.15,585,31.2947,2.49995,0.40085
1070,35,4,4,12,0,1,0,0,0.137,0.16808,0.15,585,31.2947,3.28971,0.40085
1071,30,3,3,8,0,1,0,0,-7.671,0.1678,0.15,585,31.2947,3.14662,0.40085
1072,20,2,2,9,0,1,0,0,-17.728,0.16752,0.15,585,31.2947,4.45893,0.40085
1073,328,5,5,23,0,1,0,0,31.526,0.16724,0.15,585,31.2947,2.32349,0.40085
1074,46,1,1,8,0,1,0,0,-9.655,0.16696,0.15,585,31.2947,2.98276,0.40085
1075,228,14,14,40,0,1,0,0,89.605,0.16668,0.15,585,31.2947,2.36656,0.40085
1076,94,6,6,16,0,1,0,0,24.641,0.1664,0.15,585,31.2947,2.49222,0.40085
1077,16,1,1,3,0,1,0,0,-20.641,0.16613,0.15,585,31.2947,3.36891,0.40085
1078,16,1,1,5,0,1,0,0,-19.041,0.16585,0.15,585,31.2947,2.87344,0.40085
1079,29,1,1,5,0,1,0,0,-16.751,0.16557,0.15,585,31.2947,2.47722,0.40085
1080,12,0,0,4,0,1,0,0,-27.823,0.1653,0.15,585,31.2947,6.15973,0.40085
1081,116,10,10,34,0,1,0,0,47.361,0.16502,0.15,585,31.2947,2.47078,0.40085
1082,400,21,21,56,0,0,0,1,170.132,0.16475,0.15,585,31.2947,1.78271,0.40114
1083,15,1,1,4,0,1,0,0,-23.953,0.16447,0.15,585,31.2947,6.50226,0.40114
1084,268,11,11,37,0,1,0,0,76.354,0.1642,0.15,585,31.2947,1.64944,0.40114
1085,261,17,17,43,0,1,0,0,100.669,0.16393,0.15,585,31.2947,1.96169,0.40114
1086,161,14,14,34,0,1,0,0,75.835,0.16365,0.15,585,31.2947,2.42532,0.40114
1087,48,1,1,13,0,1,0,0,-9.776,0.16338,0.15,585,31.2947,2.96367,0.40114
1088,86,5,5,16,0,1,0,0,10.825,0.16311,0.15,585,31.2947,1.82882,0.40114
1089,15,1,1,5,0,1,0,0,-23.201,0.16284,0.15,585,31.2947,5.58522,0.40114
1090,294,21,21,58,0,1,0,0,134.194,0.16257,0.15,585,31.2947,2.40446,0.40114
1091,400,15,15,38,0,0,0,1,129.383,0.1623,0.15,585,31.2947,1.71557,0.40199
1092,77,5,5,15,0,1,0,0,9.275,0.16203,0.15,585,31.2947,2.97267,0.40199
1093,117,3,3,12,0,1,0,0,8.98,0.16176,0.15,585,31.2947,1.2073,0.40199
1094,151,6,6,20,0,1,0,0,26.196,0.16149,0.15,585,31.2947,2.13173,0.40199
1095,14,0,0,4,0,1,0,0,-29.229,0.16122,0.15,585,31.2947,6.23114,0.40199
1096,76,1,1,12,0,1,0,0,-5.185,0.16095,0.15,585,31.2947,0.96522,0.40199
1097,400,23,23,48,0,0,0,1,192.812,0.16068,0.15,585,31.2947,1.42353,0.40199
1098,33,1,1,11,0,1,0,0,-11.289,0.16041,0.15,585,31.2947,3.67483,0.40199
1099,400,21,21,61,0,0,0,1,193.147,0.16015,0.15,585,31.2947,1.76877,0.40199
1100,155,9,9,29,0,1,0,0,53.006,0.15988,0.15,585,31.2947,1.93452,0.40199
1101,196,10,10,32,0,1,0,0,51.382,0.15961,0.15,585,31.2947,2.15275,0.40199
1102,400,27,27,53,0,0,0,1,204.229,0.15935,0.15,585,31.2947,1.72943,0.40199
1103,29,4,4,9,0,1,0,0,-4.48,0.15908,0.15,585,31.2947,3.93446,0.40199
1104,80,3,3,10,0,1,0,0,4.61,0.15882,0.15,585,31.2947,2.30055,0.40199
1105,5,0,0,3,0,1,0,0,-33.408,0.15855,0.15,585,31.2947,3.84788,0.40199
1106,150,11,11,33,0,1,0,0,56.428,0.15829,0.15,585,31.2947,2.85169,0.40199
1107,42,2,2,14,0,1,0,0,-0.712,0.15803,0.15,585,31.2947,3.23594,0.40199
1108,127,10,10,22,0,1,0,0,43.885,0.15776,0.15,585,31.2947,2.58199,0.40228
1109,108,7,7,23,0,1,0,0,23.562,0.1575,0.15,585,31.2947,3.66785,0.40228
1110,400,16,16,38,0,0,0,1,153.585,0.15724,0.15,585,31.2947,1.53913,0.40256
1111,64,6,6,17,0,1,0,0,12.388,0.15698,0.15,585,31.2947,2.84112,0.40256
1112,29,4,4,9,0,1,0,0,-4.659,0.15671,0.15,585,31.2947,3.43198,0.40256
1113,46,6,6,11,0,1,0,0,9.138,0.15645,0.15,585,31.2947,3.22507,0.40256
1114,65,7,7,21,0,1,0,0,17.926,0.15619,0.15,585,31.2947,2.38132,0.40256
1115,52,2,2,13,0,1,0,0,-6.345,0.15593,0.15,585,31.2947,3.25367,0.40256
1116,400,24,24,59,0,0,0,1,194.712,0.15567,0.15,585,31.2947,1.70135,0.40256
1117,32,5,5,13,0,1,0,0,4.667,0.15541,0.15,585,31.2947,4.23759,0.40256
1118,241,10,10,28,0,1,0,0,73.509,0.15515,0.15,585,31.2947,1.6076,0.40256
1119,253,26,26,71,0,1,0,0,172.294,0.1549,0.15,585,31.2947,2.45878,0.40256
1120,30,1,1,9,0,1,0,0,-16.536,0.15464,0.15,585,31.2947,3.5766,0.40256
1121,17,2,2,5,0,1,0,0,-17.379,0.15438,0.15,585,31.2947,6.46183,0.40256
1122,24,3,3,5,0,1,0,0,-9.813,0.15412,0.15,585,31.2947,3.20806,0.40256
1123,102,16,16,27,0,1,0,0,65.894,0.15387,0.15,585,31.2947,2.99397,0.40285
1124,27,2,2,11,0,1,0,0,-8.101,0.15361,0.15,585,31.2947,5.11632,0.40285
1125,116,12,12,36,0,1,0,0,61.433,0.15335,0.15,585,31.2947,3.24351,0.40313
1126,392,27,27,82,0,1,0,0,205.869,0.1531,0.15,585,31.2947,2.56627,0.40313
1127,111,8,8,25,0,1,0,0,36.925,0.15284,0.15,585,31.2947,2.80466,0.40313
1128,181,18,18,44,0,1,0,0,98.705,0.15259,0.15,585,31.2947,3.06095,0.40313
1129,247,19,19,51,0,1,0,0,114.522,0.15234,0.15,586,31.2947,2.55956,0.4033
1130,297,24,24,62,0,1,0,0,154.287,0.15208,0.15,586,31.2947,2.53931,0.40415
1131,18,0,0,3,0,1,0,0,-27.63,0.15183,0.15,586,31.2947,4.15091,0.40415
1132,128,6,6,24,0,1,0,0,25.754,0.15158,0.15,586,31.2947,2.13179,0.40415
1133,334,28,28,63,0,1,0,0,180.208,0.15132,0.15,586,31.2947,2.70991,0.40472
1134,21,0,0,3,0,1,0,0,-22.584,0.15107,0.15,586,31.2947,4.89154,0.40472
1135,5,0,0,3,0,1,0,0,-28.854,0.15082,0.15,586,31.2947,6.55897,0.40472
1136,39,1,1,8,0,1,0,0,-15.617,0.15057,0.15,586,31.2947,3.34668,0.40472
1137,6,0,0,2,0,1,0,0,-31.166,0.15032,0.15,586,31.2947,9.0328,0.40472
1138,5,0,0,3,0,1,0,0,-33.408,0.15007,0.15,586,31.2947,5.35677,0.40472
1139,34,2,2,9,0,1,0,0,-8.422,0.14982,0.15,586,31.2947,2.87553,0.40472
1140,159,12,12,36,0,1,0,0,68.145,0.14957,0.15,586,31.2947,2.06501,0.40472
1141,21,2,2,6,0,1,0,0,-16.487,0.14932,0.15,586,31.2947,3.52041,0.40472
1142,21,3,3,8,0,1,0,0,-12.675,0.14907,0.15,586,31.2947,5.69036,0.40472
1143,18,3,3,6,0,1,0,0,-14.495,0.14882,0.15,586,31.2947,4.50928,0.40472
1144,216,15,15,40,0,1,0,0,90.761,0.14857,0.15,586,31.2947,2.35349,0.40472
1145,400,12,12,38,0,0,0,1,136.964,0.14833,0.15,586,31.2947,1.62814,0.40501
1146,181,11,11,33,0,1,0,0,72.06,0.14808,0.15,586,31.2947,1.88297,0.40501
1147,97,8,8,17,0,1,0,0,32.396,0.14783,0.15,586,31.2947,2.58667,0.40501
1148,20,1,1,5,0,1,0,0,-18.395,0.14759,0.15,586,31.2947,3.47809,0.40501
1149,90,3,3,13,0,1,0,0,2.423,0.14734,0.15,586,31.2947,2.06263,0.40501
1150,229,9,9,28,0,1,0,0,59.154,0.1471,0.15,586,31.2947,1.87922,0.40501
1151,5,0,0,4,0,1,0,0,-32.808,0.14685,0.15,586,31.2947,4.25695,0.40501
1152,18,1,1,8,0,1,0,0,-16.727,0.14661,0.15,586,31.2947,4.69272,0.40501
1153,17,3,3,7,0,1,0,0,-13.135,0.14636,0.15,586,31.2947,6.294,0.40501
1154,123,8,8,26,0,1,0,0,40.447,0.14612,0.15,586,31.2947,2.05526,0.40529
1155,87,7,7,12,0,1,0,0,21.946,0.14588,0.15,586,31.2947,2.40496,0.40529
1156,400,28,28,75,0,0,0,1,231.17,0.14563,0.15,586,31.2947,2.04356,0.40529
1157,136,8,8,21,0,1,0,0,32.152,0.14539,0.15,586,31.2947,2.80439,0.40529
1158,351,21,21,55,0,1,0,0,148.825,0.14515,0.15,586,31.2947,2.05018,0.40557
1159,10,0,0,1,0,1,0,0,-30.446,0.14491,0.15,586,31.2947,8.22841,0.40557
1160,99,8,8,18,0,1,0,0,30.823,0.14467,0.15,586,31.2947,3.05343,0.40557
1161,129,7,7,31,0,1,0,0,45.914,0.14442,0.15,586,31.2947,2.60522,0.40557
1162,56,3,3,7,0,1,0,0,-9.659,0.14418,0.15,586,31.2947,2.64021,0.40557
1163,58,4,4,18,0,1,0,0,13.433,0.14394,0.15,586,31.2947,3.46991,0.40557
1164,400,15,15,37,0,0,0,1,159.414,0.1437,0.15,586,31.2947,1.27236,0.40586
1165,140,14,14,36,0,1,0,0,66.389,0.14346,0.15,586,31.2947,3.20046,0.40586
1166,178,14,14,33,0,1,0,0,83.238,0.14323,0.15,586,31.2947,2.02616,0.40586
1167,132,9,9,32,0,1,0,0,52.233,0.14299,0.15,586,31.2947,2.36865,0.40586
1168,56,4,4,14,0,1,0,0,6.996,0.14275,0.15,586,31.2947,2.77147,0.40586
1169,13,0,0,4,0,1,0,0,-27.477,0.14251,0.15,586,31.2947,5.74554,0.40586
1170,380,19,19,51,0,1,0,0,132.718,0.14227,0.15,586,31.2947,2.03874,0.40614
1171,83,7,7,21,0,1,0,0,21.66,0.14204,0.15,586,31.2947,2.94843,0.40614
1172,164,12,12,51,0,1,0,0,79.688,0.1418,0.15,586,31.2947,2.36318,0.40614
1173,56,4,4,17,0,1,0,0,11.37,0.14156,0.15,586,31.2947,2.5692,0.40614
1174,126,8,8,26,0,1,0,0,44.914,0.14133,0.15,587,31.2947,2.45849,0.40602
1175,400,28,28,87,0,0,0,1,249.068,0.14109,0.15,587,31.2947,2.24354,0.40659
1176,400,32,32,77,0,0,0,1,256.334,0.14086,0.15,588,31.2947,2.21686,0.40646
1177,70,8,8,24,0,1,0,0,22.001,0.14062,0.15,588,31.2947,3.37946,0.40646
1178,9,0,0,3,0,1,0,0,-33.004,0.14039,0.15,588,31.2947,6.38121,0.40646
1179,23,2,2,13,0,1,0,0,-11.171,0.14016,0.15,588,31.2947,4.01595,0.40646
1180,126,9,9,30,0,1,0,0,46.397,0.13992,0.15,588,31.2947,2.74577,0.40646
1181,65,8,8,22,0,1,0,0,27.855,0.13969,0.15,588,31.2947,2.94832,0.40646
1182,52,7,7,11,0,1,0,0,12.772,0.13946,0.15,588,31.2947,2.77722,0.40646
1183,37,4,4,14,0,1,0,0,-1.107,0.13922,0.15,588,31.2947,4.20941,0.40646
1184,51,4,4,10,0,1,0,0,-0.281,0.13899,0.15,588,31.2947,3.10359,0.40646
1185,5,0,0,4,0,1,0,0,-32.408,0.13876,0.15,588,31.2947,3.78209,0.40646
1186,96,9,9,21,0,1,0,0,35.083,0.13853,0.15,588,31.2947,2.58101,0.40646
1187,46,5,5,16,0,1,0,0,11.033,0.1383,0.15,588,31.2947,2.78412,0.40646
1188,13,0,0,5,0,1,0,0,-24.507,0.13807,0.15,588,31.2947,7.12893,0.40646
1189,320,19,19,56,0,1,0,0,128.752,0.13784,0.15,589,31.2947,2.60852,0.40662
1190,65,5,5,19,0,1,0,0,10.079,0.13761,0.15,589,31.2947,2.6161,0.40662
1191,117,15,15,35,0,1,0,0,71.341,0.13738,0.15,589,31.2947,2.4393,0.40662
1192,21,2,2,6,0,1,0,0,-14.756,0.13715,0.15,589,31.2947,2.9004,0.40662
1193,196,7,7,26,0,1,0,0,42.94,0.13692,0.15,589,31.2947,1.73625,0.4069
1194,135,14,14,35,0,1,0,0,65.837,0.1367,0.15,590,31.2947,2.84383,0.40678
1195,400,32,32,91,0,0,0,1,258.084,0.13647,0.15,591,31.2947,2.42993,0.40637
1196,18,1,1,7,0,1,0,0,-17.762,0.13624,0.15,591,31.2947,4.35729,0.40637
1197,206,21,21,64,0,1,0,0,134.12,0.13601,0.15,591,31.2947,2.78292,0.40637
1198,150,11,11,37,0,1,0,0,59.902,0.13579,0.15,592,31.2947,2.90506,0.40597
1199,93,13,13,22,0,1,0,0,49.036,0.13556,0.15,592,31.2947,2.93722,0.40597
1200,51,4,4,11,0,1,0,0,2.429,0.13534,0.15,592,31.2947,2.97622,0.40597
1201,5,0,0,3,0,1,0,0,-30.808,0.13511,0.15,592,31.2947,7.8156,0.40597
1202,101,11,11,27,0,1,0,0,49.949,0.13488,0.15,592,31.2947,2.35087,0.40597
1203,186,14,14,40,0,1,0,0,94.507,0.13466,0.15,592,31.2947,2.48601,0.40597
1204,7,0,0,4,0,1,0,0,-24.048,0.13444,0.15,592,31.2947,5.52652,0.40597
1205,110,11,11,33,0,1,0,0,53.736,0.13421,0.15,592,31.2947,2.91863,0.40597
1206,358,22,22,52,0,1,0,0,130.335,0.13399,0.15,592,31.2947,2.59017,0.40597
1207,153,14,14,36,0,1,0,0,70.293,0.13377,0.15,592,31.2947,2.92931,0.40597
1208,400,25,25,63,0,0,0,1,195.302,0.13354,0.15,592,31.2947,1.95402,0.40597
1209,44,0,0,4,0,1,0,0,-18.461,0.13332,0.15,592,31.2947,2.27928,0.40597
1210,82,3,3,20,0,1,0,0,4.518,0.1331,0.15,593,31.2947,3.36406,0.40556
1211,122,8,8,21,0,1,0,0,38.807,0.13288,0.15,593,31.2947,2.96969,0.40556
1212,315,13,13,52,0,1,0,0,110.751,0.13266,0.15,593,31.2947,1.65459,0.40556
1213,21,0,0,6,0,1,0,0,-23.621,0.13243,0.15,593,31.2947,4.26667,0.40556
1214,262,15,15,49,0,1,0,0,116.273,0.13221,0.15,593,31.2947,1.91384,0.40585
1215,400,22,22,45,0,0,0,1,173.173,0.13199,0.15,593,31.2947,1.89813,0.40585
1216,234,11,11,34,0,1,0,0,66.532,0.13177,0.15,593,31.2947,2.27781,0.40585
1217,40,3,3,10,0,1,0,0,-4.589,0.13155,0.15,593,31.2947,3.26352,0.40585
1218,47,3,3,6,0,1,0,0,-4.339,0.13134,0.15,593,31.2947,2.41085,0.40585
1219,372,31,31,76,0,1,0,0,205.256,0.13112,0.15,593,31.2947,2.66373,0.40613
1220,40,3,3,13,0,1,0,0,-5.189,0.1309,0.15,593,31.2947,4.41759,0.40613
1221,88,5,5,19,0,1,0,0,17.786,0.13068,0.15,593,31.2947,2.76297,0.40613
1222,16,1,1,4,0,1,0,0,-23.343,0.13046,0.15,593,31.2947,5.25144,0.40613
1223,44,7,7,11,0,1,0,0,11.816,0.13025,0.15,593,31.2947,2.72874,0.40613
1224,59,2,2,12,0,1,0,0,-2.521,0.13003,0.15,593,31.2947,2.84383,0.40613
1225,262,25,25,74,0,1,0,0,165.839,0.12981,0.15,593,31.2947,2.63756,0.40613
1226,257,18,18,46,0,1,0,0,109.438,0.1296,0.15,593,31.2947,2.45016,0.40641
1227,107,7,7,26,0,1,0,0,34.524,0.12938,0.15,593,31.2947,2.1255,0.40641
1228,60,3,3,14,0,1,0,0,1.719,0.12916,0.15,593,31.2947,2.44623,0.40641
1229,209,15,15,43,0,1,0,0,97.114,0.12895,0.15,593,31.2947,2.32288,0.40641
1230,170,9,9,24,0,1,0,0,55.255,0.12873,0.15,594,31.2947,2.15116,0.406
1231,52,3,3,11,0,1,0,0,-0.621,0.12852,0.15,594,31.2947,2.12087,0.406
1232,13,0,0,4,0,1,0,0,-24.173,0.12831,0.15,594,31.2947,6.57959,0.406
1233,147,5,5,26,0,1,0,0,28.882,0.12809,0.15,594,31.2947,2.92508,0.406
1234,13,0,0,3,0,1,0,0,-23.119,0.12788,0.15,594,31.2947,4.92656,0.406
1235,13,0,0,3,0,1,0,0,-28.442,0.12767,0.15,594,31.2947,8.25738,0.406
1236,118,5,5,18,0,1,0,0,16.26,0.12745,0.15,594,31.2947,2.83651,0.406
1237,5,0,0,4,0,1,0,0,-32.808,0.12724,0.15,594,31.2947,1.84471,0.406
1238,6,0,0,2,0,1,0,0,-30.406,0.12703,0.15,594,31.2947,8.78113,0.406
1239,400,18,18,52,0,0,0,1,177.814,0.12682,0.15,594,31.2947,1.48119,0.40657
1240,239,26,26,60,0,1,0,0,151.235,0.12661,0.15,594,31.2947,2.52349,0.40657
1241,41,3,3,9,0,1,0,0,-8.485,0.1264,0.15,594,31.2947,1.73989,0.40657
1242,5,0,0,2,0,1,0,0,-26.012,0.12619,0.15,594,31.2947,1.69218,0.40657
1243,18,2,2,5,0,1,0,0,-14.794,0.12598,0.15,594,31.2947,2.14532,0.40657
1244,314,17,17,49,0,1,0,0,130.777,0.12577,0.15,594,31.2947,1.98263,0.40657
1245,234,21,21,57,0,1,0,0,135.406,0.12556,0.15,594,31.2947,2.264,0.40657
1246,49,4,4,12,0,1,0,0,4.667,0.12535,0.15,594,31.2947,1.90815,0.40657
1247,9,0,0,4,0,1,0,0,-32.2,0.12514,0.15,594,31.2947,4.8273,0.40657
1248,298,33,33,78,0,1,0,0,203.678,0.12493,0.15,594,31.2947,2.61851,0.40657
1249,56,6,6,13,0,1,0,0,14.244,0.12472,0.15,594,31.2947,2.60955,0.40657
1250,118,12,12,30,0,1,0,0,62.984,0.12451,0.15,594,31.2947,2.64544,0.40657
1251,376,38,38,85,0,1,0,0,248.054,0.12431,0.15,594,31.2947,2.64352,0.40657
1252,209,20,20,61,0,1,0,0,130.437,0.1241,0.15,595,31.2947,2.6143,0.40644
1253,89,11,11,29,0,1,0,0,46.19,0.12389,0.15,595,31.2947,2.85733,0.40644
1254,321,19,19,54,0,1,0,0,113.888,0.12369,0.15,595,31.2947,2.84288,0.40672
1255,13,0,0,5,0,1,0,0,-23.973,0.12348,0.15,595,31.2947,6.53031,0.40672
1256,13,0,0,3,0,1,0,0,-29.879,0.12328,0.15,595,31.2947,6.97246,0.40672
1257,94,15,15,29,0,1,0,0,63.651,0.12307,0.15,595,31.2947,2.72688,0.40672
1258,30,2,2,10,0,1,0,0,-11.851,0.12287,0.15,595,31.2947,3.39509,0.40672
1259,262,23,23,64,0,1,0,0,138.84,0.12266,0.15,595,31.2947,2.75327,0.40672
1260,320,26,26,71,0,1,0,0,172.499,0.12246,0.15,595,31.2947,2.3533,0.407
1261,15,0,0,6,0,1,0,0,-22.175,0.12225,0.15,595,31.2947,3.21005,0.407
1262,15,0,0,2,0,1,0,0,-31.998,0.12205,0.15,595,31.2947,3.11207,0.407
1263,33,1,1,6,0,1,0,0,-15.222,0.12185,0.15,595,31.2947,2.70772,0.407
1264,355,25,25,57,0,1,0,0,164.713,0.12164,0.15,595,31.2947,2.07711,0.407
1265,125,12,12,34,0,1,0,0,61.141,0.12144,0.15,595,31.2947,2.69304,0.407
1266,400,29,29,63,0,0,0,1,232.452,0.12124,0.15,595,31.2947,1.87632,0.407
1267,51,4,4,17,0,1,0,0,8.465,0.12104,0.15,595,31.2947,2.70974,0.407
1268,6,0,0,4,0,1,0,0,-33.156,0.12083,0.15,595,31.2947,5.43805,0.407
1269,77,9,9,27,0,1,0,0,35.577,0.12063,0.15,595,31.2947,3.24875,0.407
1270,400,25,25,60,0,0,0,1,193.175,0.12043,0.15,595,31.2947,1.91954,0.40728
1271,244,26,26,60,0,1,0,0,149.228,0.12023,0.15,595,31.2947,2.71915,0.40728
1272,92,12,12,27,0,1,0,0,50.307,0.12003,0.15,595,31.2947,2.84941,0.40728
1273,400,25,25,74,0,0,0,1,225.082,0.11983,0.15,595,31.2947,2.21617,0.40728
1274,100,11,11,30,0,1,0,0,49.035,0.11963,0.15,595,31.2947,1.8513,0.40728
1275,32,2,2,4,0,1,0,0,-12.33,0.11943,0.15,595,31.2947,2.60546,0.40728
1276,44,3,3,9,0,1,0,0,2.315,0.11923,0.15,595,31.2947,3.1205,0.40728
1277,36,2,2,12,0,1,0,0,-5.437,0.11904,0.15,595,31.2947,3.44715,0.40728
1278,45,3,3,7,0,1,0,0,-4.767,0.11884,0.15,595,31.2947,2.64269,0.40728
1279,360,26,26,63,0,1,0,0,162.183,0.11864,0.15,595,31.2947,2.11893,0.40728
1280,281,15,15,46,0,1,0,0,106.008,0.11844,0.15,595,31.2947,1.86614,0.40728
1281,151,11,11,32,0,1,0,0,60.049,0.11824,0.15,595,31.2947,2.31357,0.40728
1282,77,5,5,15,0,1,0,0,10.904,0.11805,0.15,595,31.2947,2.49672,0.40728
1283,22,0,0,8,0,1,0,0,-20.974,0.11785,0.15,595,31.2947,4.24224,0.40728
1284,216,21,21,56,0,1,0,0,138.633,0.11765,0.15,595,31.2947,2.59863,0.40756
1285,400,41,41,97,0,0,0,1,290.254,0.11746,0.15,595,31.2947,2.70762,0.40756
1286,189,16,16,42,0,1,0,0,78.035,0.11726,0.15,595,31.2947,2.45496,0.40756
1287,400,38,38,91,0,0,0,1,276.439,0.11707,0.15,596,31.2947,2.38887,0.40744
1288,203,24,24,55,0,1,0,0,133.308,0.11687,0.15,596,31.2947,2.71035,0.40772
1289,400,33,33,78,0,0,0,1,243.463,0.11668,0.15,597,31.2947,2.16184,0.40731
1290,162,16,16,34,0,1,0,0,85.556,0.11648,0.15,597,31.2947,2.188,0.40731
1291,25,4,4,8,0,1,0,0,-2.413,0.11629,0.15,597,31.2947,3.39954,0.40731
1292,163,17,17,58,0,1,0,0,102.504,0.1161,0.15,597,31.2947,2.73032,0.40731
1293,145,7,7,30,0,1,0,0,39.702,0.1159,0.15,598,31.2947,2.32793,0.40691
1294,22,2,2,9,0,1,0,0,-16.657,0.11571,0.15,598,31.2947,4.47159,0.40691
1295,400,32,32,80,0,0,0,1,234.256,0.11552,0.15,598,31.2947,1.92718,0.40691
1296,70,8,8,23,0,1,0,0,25.254,0.11533,0.15,599,31.2947,3.24259,0.40679
1297,93,7,7,30,0,1,0,0,35.599,0.11513,0.15,599,31.2947,2.4961,0.40679
1298,335,30,30,67,0,1,0,0,173.668,0.11494,0.15,599,31.2947,2.56258,0.40679
1299,69,4,4,18,0,1,0,0,12.934,0.11475,0.15,599,31.2947,3.08292,0.40679
1300,144,17,17,44,0,1,0,0,82.821,0.11456,0.15,599,31.2947,3.48791,0.40679
1301,5,0,0,4,0,1,0,0,-32.008,0.11437,0.15,599,31.2947,2.32617,0.40679
1302,207,24,24,60,0,1,0,0,136.451,0.11418,0.15,599,31.2947,2.4946,0.40679
1303,15,1,1,5,0,1,0,0,-18.253,0.11399,0.15,599,31.2947,3.48193,0.40679
1304,30,2,2,7,0,1,0,0,-11.13,0.1138,0.15,599,31.2947,3.41032,0.40679
1305,34,3,3,14,0,1,0,0,-4.397,0.11361,0.15,599,31.2947,3.49441,0.40679
1306,42,3,3,15,0,1,0,0,-2.939,0.11342,0.15,599,31.2947,2.76631,0.40679
1307,400,26,26,55,0,0,0,1,203.784,0.11323,0.15,599,31.2947,1.75725,0.40707
1308,118,6,6,20,0,1,0,0,19.36,0.11304,0.15,599,31.2947,3.17808,0.40707
1309,90,11,11,22,0,1,0,0,49.761,0.11285,0.15,599,31.2947,2.44077,0.40707
1310,40,4,4,5,0,1,0,0,-8.018,0.11267,0.15,599,31.2947,2.99611,0.40707
1311,400,34,34,84,0,1,0,0,210.582,0.11248,0.15,599,31.2947,2.53476,0.40762
1312,400,31,31,80,0,0,0,1,255.565,0.11229,0.15,599,31.2947,1.86283,0.40762
1313,52,4,4,15,0,1,0,0,8.807,0.1121,0.15,599,31.2947,2.94315,0.40762
1314,256,17,17,43,0,1,0,0,86.574,0.11192,0.15,599,31.2947,2.82293,0.4079
1315,400,29,29,71,0,0,0,1,206.606,0.11173,0.15,599,31.2947,2.43409,0.4079
1316,173,13,13,46,0,1,0,0,67.561,0.11154,0.15,599,31.2947,2.73773,0.4079
1317,35,2,2,6,0,1,0,0,-14.602,0.11136,0.15,599,31.2947,3.45967,0.4079
1318,5,0,0,3,0,1,0,0,-33.408,0.11117,0.15,599,31.2947,1.85054,0.4079
1319,20,1,1,4,0,1,0,0,-20.992,0.11099,0.15,599,31.2947,5.2648,0.4079
1320,76,7,7,18,0,1,0,0,21.317,0.1108,0.15,599,31.2947,2.14084,0.4079
1321,68,6,6,20,0,1,0,0,19.597,0.11062,0.15,599,31.2947,2.83771,0.4079
1322,48,7,7,15,0,1,0,0,15.45,0.11043,0.15,599,31.2947,3.08101,0.4079
1323,138,12,12,36,0,1,0,0,63.875,0.11025,0.15,599,31.2947,2.65257,0.4079
1324,29,1,1,7,0,1,0,0,-20.061,0.11007,0.15,599,31.2947,2.60545,0.4079
1325,250,26,26,64,0,1,0,0,163.137,0.10988,0.15,599,31.2947,2.24368,0.4079
1326,92,10,10,26,0,1,0,0,43.341,0.1097,0.15,599,31.2947,2.94734,0.4079
1327,300,26,26,56,0,1,0,0,153.344,0.10952,0.15,599,31.2947,2.12098,0.4079
1328,120,13,13,31,0,1,0,0,64.695,0.10934,0.15,599,31.2947,2.57809,0.4079
1329,400,24,24,62,0,0,0,1,216.718,0.10915,0.15,599,31.2947,1.73557,0.4079
1330,111,10,10,23,0,1,0,0,37.912,0.10897,0.15,599,31.2947,2.20103,0.4079
1331,139,14,14,38,0,1,0,0,81.584,0.10879,0.15,599,31.2947,2.19097,0.4079
1332,400,29,29,69,0,0,0,1,232.422,0.10861,0.15,599,31.2947,1.85669,0.40818
1333,66,8,8,20,0,1,0,0,22.942,0.10843,0.15,599,31.2947,2.84211,0.40818
1334,400,21,21,53,0,0,0,1,182.273,0.10825,0.15,599,31.2947,1.8237,0.40818
1335,207,16,16,35,0,1,0,0,82.964,0.10807,0.15,599,31.2947,2.04516,0.40846
1336,400,26,26,64,0,0,0,1,201.091,0.10789,0.15,599,31.2947,2.29178,0.40846
1337,280,18,18,58,0,1,0,0,132.408,0.10771,0.15,599,31.2947,2.142,0.40846
1338,5,0,0,2,0,1,0,0,-26.412,0.10753,0.15,599,31.2947,2.26903,0.40846
1339,174,12,12,37,0,1,0,0,62.141,0.10735,0.15,599,31.2947,2.2106,0.40846
1340,5,0,0,3,0,1,0,0,-28.352,0.10717,0.15,599,31.2947,15.5539,0.40846
1341,160,9,9,24,0,1,0,0,40.37,0.10699,0.15,599,31.2947,2.06189,0.40846
1342,120,9,9,32,0,1,0,0,43.409,0.10681,0.15,599,31.2947,2.40076,0.40846
1343,216,19,19,46,0,1,0,0,108.642,0.10664,0.15,599,31.2947,2.5468,0.40846
1344,177,17,17,37,0,1,0,0,97.142,0.10646,0.15,599,31.2947,2.39729,0.40846
1345,400,16,16,52,0,0,0,1,150.452,0.10628,0.15,599,31.2947,1.91048,0.40846
1346,400,35,35,90,0,0,0,1,256.055,0.1061,0.15,599,31.2947,2.17041,0.40874
1347,77,3,3,18,0,1,0,0,-0.054,0.10593,0.15,599,31.2947,2.78954,0.40874
1348,19,2,2,11,0,1,0,0,-16.68,0.10575,0.15,599,31.2947,4.44951,0.40874
1349,174,8,8,28,0,1,0,0,39.553,0.10558,0.15,599,31.2947,2.24907,0.40874
1350,5,0,0,2,0,1,0,0,-27.704,0.1054,0.15,599,31.2947,12.07585,0.40874
1351,99,3,3,14,0,1,0,0,2.444,0.10522,0.15,599,31.2947,2.20537,0.40874
1352,151,4,4,16,0,1,0,0,23.889,0.10505,0.15,599,31.2947,1.49235,0.40874
1353,66,3,3,15,0,1,0,0,0.868,0.10487,0.15,599,31.2947,2.13257,0.40874
1354,5,0,0,4,0,1,0,0,-32.008,0.1047,0.15,599,31.2947,1.35271,0.40874
1355,289,17,17,34,0,1,0,0,106.638,0.10452,0.15,599,31.2947,1.76566,0.40874
1356,25,0,0,2,0,1,0,0,-25.014,0.10435,0.15,599,31.2947,3.14963,0.40874
1357,400,22,22,47,0,0,0,1,189.468,0.10418,0.15,600,31.2947,1.48323,0.40833
1358,356,16,16,44,0,1,0,0,121.907,0.104,0.15,600,31.2947,1.53687,0.40833
1359,38,3,3,10,0,1,0,0,-8.4,0.10383,0.15,600,31.2947,3.74633,0.40833
1360,400,33,33,71,0,0,0,1,255.602,0.10366,0.15,600,31.2947,1.54954,0.40833
1361,400,28,28,83,0,0,0,1,251.168,0.10348,0.15,600,31.2947,2.00965,0.40889
1362,136,13,13,42,0,1,0,0,73.786,0.10331,0.15,600,31.2947,2.16674,0.40889
1363,400,26,26,74,0,0,0,1,215.932,0.10314,0.15,600,31.2947,1.93752,0.40889
1364,18,2,2,7,0,1,0,0,-12.777,0.10297,0.15,600,31.2947,3.95569,0.40889
1365,76,9,9,23,0,1,0,0,33.258,0.1028,0.15,600,31.2947,2.82397,0.40889
1366,5,0,0,3,0,1,0,0,-28.854,0.10263,0.15,600,31.2947,8.00217,0.40889
1367,400,37,37,97,0,0,0,1,294.649,0.10245,0.15,600,31.2947,2.39272,0.40917
1368,400,39,39,97,0,0,0,1,307.595,0.10228,0.15,600,31.2947,2.23455,0.40917
1369,280,28,28,70,0,1,0,0,176.699,0.10211,0.15,600,31.2947,2.348,0.40917
1370,5,0,0,1,0,1,0,0,-28.264,0.10194,0.15,600,31.2947,10.64516,0.40917
1371,96,13,13,33,0,1,0,0,54.355,0.10177,0.15,600,31.2947,3.14149,0.40917
1372,298,21,21,61,0,1,0,0,158.408,0.1016,0.15,601,31.2947,2.35203,0.40876
1373,170,13,13,39,0,1,0,0,81.048,0.10144,0.15,601,31.2947,2.22923,0.40876
1374,82,9,9,18,0,1,0,0,31.032,0.10127,0.15,601,31.2947,2.62097,0.40876
1375,15,1,1,5,0,1,0,0,-18.247,0.1011,0.15,601,31.2947,4.64815,0.40876
1376,400,42,42,90,0,0,0,1,301.305,0.10093,0.15,601,31.2947,2.41481,0.40876
1377,52,5,5,10,0,1,0,0,6.916,0.10076,0.15,601,31.2947,3.25581,0.40876
1378,13,0,0,5,0,1,0,0,-25.775,0.10059,0.15,601,31.2947,7.81148,0.40876
1379,151,15,15,29,0,1,0,0,83.757,0.10043,0.15,602,31.2947,2.2168,0.40864
1380,64,7,7,15,0,1,0,0,15.786,0.10026,0.15,602,31.2947,3.01498,0.40864
1381,7,0,0,4,0,1,0,0,-32.406,0.10009,0.15,602,31.2947,6.94238,0.40864
1382,13,0,0,5,0,1,0,0,-25.225,0.09993,0.15,602,31.2947,6.17218,0.40864
1383,168,21,21,52,0,1,0,0,110.717,0.09976,0.15,602,31.2947,2.59117,0.40864
1384,15,0,0,3,0,1,0,0,-24.669,0.09959,0.15,602,31.2947,6.63701,0.40864
1385,259,29,29,75,0,1,0,0,184.717,0.09943,0.15,603,31.2947,2.84204,0.40824
1386,36,3,3,10,0,1,0,0,-4.302,0.09926,0.15,603,31.2947,3.23555,0.40824
1387,259,26,26,70,0,1,0,0,168.526,0.0991,0.15,603,31.2947,2.61625,0.40851
1388,400,33,33,94,0,0,0,1,278.018,0.09893,0.15,603,31.2947,2.4396,0.40851
1389,400,40,40,96,0,0,0,1,307.935,0.09877,0.15,603,31.2947,2.13621,0.40851
1390,42,4,4,10,0,1,0,0,1.004,0.0986,0.15,603,31.2947,3.30808,0.40851
1391,186,18,18,51,0,1,0,0,112.707,0.09844,0.15,603,31.2947,2.5873,0.40851
1392,46,3,3,16,0,1,0,0,4.647,0.09827,0.15,604,31.2947,3.64209,0.40811
1393,75,7,7,17,0,1,0,0,14.703,0.09811,0.15,604,31.2947,3.35405,0.40811
1394,75,5,5,22,0,1,0,0,16.858,0.09795,0.15,604,31.2947,2.88081,0.40811
1395,181,20,20,57,0,1,0,0,124.671,0.09778,0.15,604,31.2947,2.91652,0.40811
1396,40,4,4,8,0,1,0,0,-3.05,0.09762,0.15,604,31.2947,3.4038,0.40811
1397,87,10,10,26,0,1,0,0,44.104,0.09746,0.15,604,31.2947,2.94868,0.40811
1398,149,13,13,39,0,1,0,0,75.569,0.0973,0.15,604,31.2947,2.38544,0.40811
1399,279,24,24,64,0,1,0,0,157.233,0.09713,0.15,604,31.2947,2.29239,0.40811
1400,13,0,0,4,0,1,0,0,-27.867,0.09697,0.15,604,31.2947,10.13485,0.40839
1401,127,12,12,37,0,1,0,0,61.022,0.09681,0.15,604,31.2947,2.52271,0.40839
1402,55,5,5,11,0,1,0,0,5.519,0.09665,0.15,604,31.2947,3.08833,0.40839
1403,249,19,19,51,0,1,0,0,115.981,0.09649,0.15,604,31.2947,2.35602,0.40839
1404,32,3,3,10,0,1,0,0,-2.581,0.09633,0.15,604,31.2947,2.51765,0.40839
1405,13,0,0,2,0,1,0,0,-26.1,0.09617,0.15,604,31.2947,6.67079,0.40839
1406,19,2,2,5,0,1,0,0,-18.259,0.09601,0.15,604,31.2947,6.90719,0.40839
1407,382,31,31,85,0,1,0,0,221.401,0.09585,0.15,604,31.2947,2.49112,0.40839
1408,18,1,1,5,0,1,0,0,-22.199,0.09569,0.15,604,31.2947,4.38065,0.40839
1409,289,27,27,73,0,1,0,0,168.051,0.09553,0.15,604,31.2947,2.40963,0.40839
1410,400,43,43,102,0,0,0,1,329.439,0.09537,0.15,604,31.2947,2.30397,0.40839
1411,400,39,39,107,0,0,0,1,320.257,0.09521,0.15,604,31.2947,2.34658,0.40839
1412,111,11,11,27,0,1,0,0,57.433,0.09505,0.15,604,31.2947,2.6868,0.40839
1413,227,22,22,54,0,1,0,0,143.235,0.09489,0.15,604,31.2947,2.45615,0.40839
1414,169,15,15,46,0,1,0,0,97.391,0.09474,0.15,604,31.2947,2.66169,0.40839
1415,153,13,13,34,0,1,0,0,67.39,0.09458,0.15,604,31.2947,2.63532,0.40866
1416,224,28,28,64,0,1,0,0,172.746,0.09442,0.15,604,31.2947,2.45949,0.40894
1417,349,39,39,93,0,1,0,0,262.916,0.09426,0.15,604,31.2947,2.42672,0.40922
1418,347,33,33,87,0,1,0,0,228.812,0.09411,0.15,605,31.2947,2.4133,0.40882
1419,7,0,0,6,0,1,0,0,-26.146,0.09395,0.15,605,31.2947,6.30003,0.40882
1420,37,4,4,13,0,1,0,0,0.605,0.09379,0.15,605,31.2947,3.30335,0.40882
1421,203,23,23,61,0,1,0,0,138.232,0.09364,0.15,605,31.2947,2.62497,0.40882
1422,61,6,6,19,0,1,0,0,15.466,0.09348,0.15,605,31.2947,3.41669,0.40882
1423,167,13,13,38,0,1,0,0,77.025,0.09333,0.15,605,31.2947,2.35659,0.40882
1424,309,30,30,83,0,1,0,0,197.458,0.09317,0.15,605,31.2947,2.92093,0.40882
1425,13,0,0,5,0,1,0,0,-23.973,0.09301,0.15,605,31.2947,7.45587,0.40882
1426,70,8,8,26,0,1,0,0,32.647,0.09286,0.15,605,31.2947,2.87512,0.40882
1427,14,1,1,8,0,1,0,0,-18.124,0.0927,0.15,605,31.2947,5.28086,0.40882
1428,181,18,18,43,0,1,0,0,98.33,0.09255,0.15,605,31.2947,2.11686,0.40882
1429,48,5,5,18,0,1,0,0,8.622,0.0924,0.15,605,31.2947,3.24311,0.40909
1430,218,19,19,45,0,1,0,0,107.122,0.09224,0.15,605,31.2947,2.27149,0.40937
1431,400,28,28,58,0,0,0,1,234.543,0.09209,0.15,606,31.2947,1.82527,0.40924
1432,102,7,7,16,0,1,0,0,25.7,0.09194,0.15,606,31.2947,2.44574,0.40924
1433,400,24,24,61,0,0,0,1,209.204,0.09178,0.15,606,31.2947,1.83028,0.40924
1434,311,17,17,57,0,1,0,0,131.722,0.09163,0.15,606,31.2947,2.01384,0.40952
1435,400,24,24,65,0,0,0,1,209.22,0.09148,0.15,606,31.2947,1.99873,0.40952
1436,31,2,2,11,0,1,0,0,-7.121,0.09132,0.15,606,31.2947,3.19627,0.40952
1437,63,7,7,13,0,1,0,0,8.281,0.09117,0.15,606,31.2947,3.59082,0.40952
1438,293,17,17,44,0,1,0,0,87.066,0.09102,0.15,606,31.2947,2.48647,0.40952
1439,339,34,34,72,0,1,0,0,210.93,0.09087,0.15,607,31.2947,2.38691,0.40912
1440,37,4,4,12,0,1,0,0,-2.476,0.09072,0.15,607,31.2947,3.83256,0.40912
1441,43,3,3,11,0,1,0,0,-1.467,0.09057,0.15,607,31.2947,2.71486,0.40912
1442,60,1,1,11,0,1,0,0,-6.926,0.09042,0.15,607,31.2947,2.44451,0.40912
1443,400,27,27,64,0,0,0,1,217.377,0.09027,0.15,607,31.2947,2.39735,0.40912
1444,88,12,12,23,0,1,0,0,49.487,0.09012,0.15,607,31.2947,2.84105,0.40912
1445,132,15,15,34,0,1,0,0,80.917,0.08997,0.15,607,31.2947,2.48099,0.40912
1446,400,42,42,100,0,0,0,1,314.788,0.08982,0.15,607,31.2947,2.43956,0.40939
1447,7,0,0,4,0,1,0,0,-29.368,0.08967,0.15,607,31.2947,9.03827,0.40939
1448,400,18,18,46,0,0,0,1,175.324,0.08952,0.15,607,31.2947,1.47958,0.40939
1449,40,3,3,12,0,1,0,0,-0.491,0.08937,0.15,607,31.2947,3.17562,0.40939
1450,97,2,2,9,0,1,0,0,3.69,0.08922,0.15,607,31.2947,1.11992,0.40939
1451,46,2,2,18,0,1,0,0,-1.422,0.08907,0.15,607,31.2947,3.48592,0.40939
1452,307,10,10,23,0,1,0,0,79.372,0.08892,0.15,607,31.2947,1.20027,0.40939
1453,25,3,3,6,0,1,0,0,-10.96,0.08877,0.15,607,31.2947,2.82007,0.40939
1454,5,0,0,4,0,1,0,0,-32.808,0.08863,0.15,607,31.2947,3.28616,0.40939
1455,400,19,19,37,0,0,0,1,172.298,0.08848,0.15,607,31.2947,1.55496,0.40939
1456,28,2,2,6,0,1,0,0,-14.44,0.08833,0.15,607,31.2947,3.75623,0.40939
1457,400,15,15,40,0,0,0,1,140.667,0.08818,0.15,607,31.2947,1.64748,0.40939
1458,17,1,1,3,0,1,0,0,-21.361,0.08804,0.15,607,31.2947,4.1315,0.40939
1459,21,2,2,7,0,1,0,0,-15.019,0.08789,0.15,607,31.2947,4.49369,0.40939
1460,400,6,6,12,0,0,0,1,105.312,0.08774,0.15,607,31.2947,0.76313,0.40939
1461,277,12,12,50,0,1,0,0,102.99,0.0876,0.15,608,31.2947,2.0376,0.40927
1462,152,12,12,30,0,1,0,0,68.171,0.08745,0.15,608,31.2947,2.55959,0.40927
1463,13,0,0,4,0,1,0,0,-22.923,0.08731,0.15,608,31.2947,5.71154,0.40927
1464,400,32,32,80,0,0,0,1,245.557,0.08716,0.15,608,31.2947,2.20287,0.40927
1465,400,29,29,76,0,0,0,1,254.531,0.08702,0.15,608,31.2947,1.7656,0.40927
1466,36,5,5,10,0,1,0,0,4.433,0.08687,0.15,608,31.2947,3.4782,0.40927
1467,163,13,13,39,0,1,0,0,80.953,0.08673,0.15,608,31.2947,2.03005,0.40927
1468,147,16,16,46,0,1,0,0,91.712,0.08658,0.15,608,31.2947,2.39729,0.40927
1469,34,1,1,9,0,1,0,0,-12.241,0.08644,0.15,608,31.2947,3.32268,0.40927
1470,13,0,0,5,0,1,0,0,-23.975,0.08629,0.15,608,31.2947,4.58706,0.40927
1471,400,32,32,81,0,0,0,1,249.046,0.08615,0.15,608,31.2947,2.1861,0.40927
1472,400,35,35,100,0,0,0,1,282.787,0.08601,0.15,608,31.2947,2.64452,0.40927
1473,164,17,17,44,0,1,0,0,96.262,0.08586,0.15,608,31.2947,2.15252,0.40927
1474,353,35,35,83,0,1,0,0,231.883,0.08572,0.15,608,31.2947,2.7808,0.40954
1475,110,9,9,33,0,1,0,0,49.034,0.08558,0.15,608,31.2947,2.69538,0.40954
1476,5,0,0,2,0,1,0,0,-27.306,0.08543,0.15,608,31.2947,8.28919,0.40954
1477,400,17,17,70,0,0,0,1,165.302,0.08529,0.15,608,31.2947,2.45356,0.40954
1478,15,1,1,4,0,1,0,0,-18.847,0.08515,0.15,608,31.2947,3.76142,0.40954
1479,284,19,19,59,0,1,0,0,119.653,0.08501,0.15,608,31.2947,2.33046,0.40981
1480,193,25,25,52,0,1,0,0,140.285,0.08487,0.15,608,31.2947,2.40601,0.40981
1481,48,5,5,17,0,1,0,0,8.968,0.08473,0.15,608,31.2947,2.99519,0.40981
1482,80,10,10,24,0,1,0,0,37.457,0.08458,0.15,608,31.2947,2.30085,0.40981
1483,39,4,4,10,0,1,0,0,-1.141,0.08444,0.15,608,31.2947,2.8064,0.40981
1484,86,6,6,27,0,1,0,0,24.545,0.0843,0.15,608,31.2947,2.56982,0.40981
1485,328,28,28,61,0,1,0,0,157.624,0.08416,0.15,608,31.2947,2.48059,0.40981
1486,400,38,38,94,0,0,0,1,283.81,0.08402,0.15,608,31.2947,2.20726,0.40981
1487,227,28,28,69,0,1,0,0,164.439,0.08388,0.15,608,31.2947,2.25332,0.40981
1488,26,0,0,9,0,1,0,0,-23.456,0.08374,0.15,608,31.2947,4.85736,0.40981
1489,92,11,11,27,0,1,0,0,44.154,0.0836,0.15,608,31.2947,3.30435,0.40981
1490,5,0,0,4,0,1,0,0,-33.208,0.08346,0.15,608,31.2947,3.01366,0.40981
1491,241,17,17,55,0,1,0,0,121.393,0.08333,0.15,608,31.2947,2.02816,0.40981
1492,77,5,5,25,0,1,0,0,19.994,0.08319,0.15,608,31.2947,2.98236,0.40981
1493,20,2,2,3,0,1,0,0,-20.343,0.08305,0.15,608,31.2947,6.27329,0.41009
1494,62,3,3,7,0,1,0,0,-9.696,0.08291,0.15,608,31.2947,2.86529,0.41009
1495,66,7,7,18,0,1,0,0,18.916,0.08277,0.15,608,31.2947,2.8269,0.41009
1496,66,2,2,17,0,1,0,0,2.395,0.08263,0.15,608,31.2947,2.89284,0.41009
1497,5,0,0,3,0,1,0,0,-28.854,0.0825,0.15,608,31.2947,8.01563,0.41009
1498,7,0,0,6,0,1,0,0,-26.154,0.08236,0.15,608,31.2947,4.47038,0.41009
1499,33,3,3,8,0,1,0,0,-8.64,0.08222,0.15,608,31.2947,3.75062,0.41009
1500,13,0,0,4,0,1,0,0,-23.773,0.08208,0.15,608,31.2947,6.39852,0.41009
1501,400,33,33,90,0,0,0,1,265.266,0.08195,0.15,608,31.2947,2.19499,0.41009
1502,93,11,11,23,0,1,0,0,47.818,0.08181,0.15,608,31.2947,2.50109,0.41009
1503,56,4,4,14,0,1,0,0,7.597,0.08168,0.15,608,31.2947,2.09324,0.41009
1504,288,27,27,62,0,1,0,0,170.256,0.08154,0.15,608,31.2947,2.45329,0.41009
1505,128,13,13,34,0,1,0,0,76.097,0.0814,0.15,608,31.2947,2.38478,0.41009
1506,113,9,9,30,0,1,0,0,48.299,0.08127,0.15,608,31.2947,2.54111,0.41009
1507,5,0,0,2,0,1,0,0,-26.412,0.08113,0.15,608,31.2947,9.57023,0.41009
1508,185,10,10,38,0,1,0,0,75.971,0.081,0.15,608,31.2947,1.9126,0.41009
1509,17,3,3,8,0,1,0,0,-13.635,0.08086,0.15,608,31.2947,5.77906,0.41009
1510,63,1,1,5,0,1,0,0,-8.543,0.08073,0.15,608,31.2947,1.80957,0.41009
1511,75,8,8,18,0,1,0,0,26.686,0.08059,0.15,608,31.2947,2.87826,0.41009
1512,400,27,27,64,0,0,0,1,233.22,0.08046,0.15,608,31.2947,1.54762,0.41009
1513,20,1,1,8,0,1,0,0,-17.856,0.08033,0.15,608,31.2947,4.24013,0.41009
1514,400,37,37,85,0,0,0,1,286.716,0.08019,0.15,608,31.2947,2.20627,0.41009
1515,283,38,38,74,0,1,0,0,211.287,0.08006,0.15,608,31.2947,2.70506,0.41009
1516,25,1,1,9,0,1,0,0,-17.251,0.07992,0.15,608,31.2947,4.01301,0.41009
1517,400,22,22,61,0,0,0,1,208.145,0.07979,0.15,608,31.2947,1.8733,0.41009
1518,400,23,23,60,0,0,0,1,198.021,0.07966,0.15,608,31.2947,1.77296,0.41009
1519,66,7,7,13,0,1,0,0,18.75,0.07953,0.15,608,31.2947,1.96798,0.41009
1520,17,2,2,8,0,1,0,0,-17.719,0.07939,0.15,608,31.2947,5.34076,0.41009
1521,92,8,8,30,0,1,0,0,45.392,0.07926,0.15,608,31.2947,2.58974,0.41009
1522,95,10,10,26,0,1,0,0,36.294,0.07913,0.15,608,31.2947,3.19277,0.41009
1523,102,4,4,16,0,1,0,0,12.153,0.079,0.15,608,31.2947,2.50513,0.41009
1524,333,29,29,59,0,1,0,0,186.903,0.07887,0.15,609,31.2947,2.02223,0.40969
1525,228,10,10,31,0,1,0,0,72.45,0.07874,0.15,609,31.2947,1.36064,0.40969
1526,5,0,0,4,0,1,0,0,-32.408,0.0786,0.15,609,31.2947,3.47336,0.40969
1527,64,3,3,22,0,1,0,0,8.435,0.07847,0.15,609,31.2947,3.88506,0.40969
1528,259,13,13,33,0,1,0,0,87.745,0.07834,0.15,609,31.2947,2.25535,0.40969
1529,84,9,9,24,0,1,0,0,39.422,0.07821,0.15,609,31.2947,2.80444,0.40969
1530,181,14,14,35,0,1,0,0,85.423,0.07808,0.15,609,31.2947,2.82703,0.40969
1531,39,4,4,13,0,1,0,0,4.651,0.07795,0.15,610,31.2947,2.97447,0.40929
1532,116,12,12,26,0,1,0,0,53.8,0.07782,0.15,610,31.2947,2.80532,0.40929
1533,5,0,0,3,0,1,0,0,-28.752,0.07769,0.15,610,31.2947,15.62523,0.40929
1534,132,4,4,19,0,1,0,0,24.421,0.07756,0.15,610,31.2947,1.86648,0.40929
1535,22,0,0,2,0,1,0,0,-27.574,0.07743,0.15,610,31.2947,2.60932,0.40929
1536,400,22,22,69,0,0,0,1,214.776,0.0773,0.15,610,31.2947,1.84922,0.40929
1537,400,19,19,40,0,0,0,1,176.768,0.07718,0.15,610,31.2947,1.41129,0.40929
1538,5,0,0,4,0,1,0,0,-32.008,0.07705,0.15,610,31.2947,3.14667,0.40929
1539,5,0,0,2,0,1,0,0,-26.012,0.07692,0.15,610,31.2947,6.00107,0.40929
1540,22,0,0,4,0,1,0,0,-25.834,0.07679,0.15,610,31.2947,6.48363,0.40929
1541,188,7,7,30,0,1,0,0,57.905,0.07666,0.15,610,31.2947,1.49147,0.40929
1542,32,4,4,10,0,1,0,0,-4.824,0.07654,0.15,610,31.2947,3.64079,0.40929
1543,400,10,10,26,0,0,0,1,128.549,0.07641,0.15,610,31.2947,0.95782,0.40929
1544,400,7,7,17,0,0,0,1,116.205,0.07628,0.15,610,31.2947,0.54284,0.40929
1545,124,6,6,15,0,1,0,0,29.271,0.07615,0.15,610,31.2947,1.44723,0.40929
1546,400,17,17,35,0,0,0,1,170.638,0.07603,0.15,610,31.2947,0.92101,0.40929
1547,39,2,2,10,0,1,0,0,-8.581,0.0759,0.15,610,31.2947,3.17419,0.40929
1548,400,27,27,74,0,0,0,1,236.696,0.07577,0.15,610,31.2947,1.87052,0.40929
1549,48,4,4,13,0,1,0,0,4.525,0.07565,0.15,610,31.2947,3.20991,0.40929
1550,68,3,3,12,0,1,0,0,6.116,0.07552,0.15,610,31.2947,2.23749,0.40929
1551,126,5,5,13,0,1,0,0,27.231,0.0754,0.15,610,31.2947,1.35928,0.40929
1552,5,0,0,4,0,1,0,0,-32.408,0.07527,0.15,610,31.2947,2.55198,0.40929
1553,400,29,29,74,0,0,0,1,246.556,0.07515,0.15,610,31.2947,1.69299,0.40929
1554,5,0,0,1,0,1,0,0,-30.35,0.07502,0.15,610,31.2947,14.96589,0.40929
1555,400,37,37,105,0,0,0,1,307.158,0.0749,0.15,610,31.2947,2.3546,0.40929
1556,25,2,2,6,0,1,0,0,-15.5,0.07477,0.15,610,31.2947,5.76305,0.40984
1557,400,41,41,91,0,0,0,1,306.192,0.07465,0.15,610,31.2947,2.35165,0.40984
1558,76,11,11,23,0,1,0,0,40.352,0.07452,0.15,610,31.2947,2.59591,0.40984
1559,285,30,30,81,0,1,0,0,203.867,0.0744,0.15,610,31.2947,2.57748,0.40984
1560,400,37,37,104,0,0,0,1,296.824,0.07427,0.15,610,31.2947,2.13491,0.40984
1561,400,42,42,99,0,0,0,1,319.911,0.07415,0.15,610,31.2947,2.16543,0.40984
1562,400,44,44,97,0,0,0,1,321.179,0.07403,0.15,610,31.2947,2.35881,0.40984
1563,201,23,23,53,0,1,0,0,134.744,0.0739,0.15,610,31.2947,2.29129,0.41011
1564,173,15,15,51,0,1,0,0,96.397,0.07378,0.15,610,31.2947,2.3787,0.41011
1565,140,9,9,26,0,1,0,0,43.32,0.07366,0.15,610,31.2947,2.27854,0.41011
1566,32,3,3,14,0,1,0,0,-1.78,0.07353,0.15,610,31.2947,2.7135,0.41011
1567,318,33,33,84,0,1,0,0,216.789,0.07341,0.15,610,31.2947,2.58122,0.41011
1568,26,1,1,7,0,1,0,0,-14.269,0.07329,0.15,610,31.2947,3.93093,0.41011
1569,400,40,40,110,0,0,0,1,316.934,0.07317,0.15,611,31.2947,2.46221,0.40971
1570,39,2,2,13,0,1,0,0,-5.038,0.07305,0.15,611,31.2947,2.01573,0.40971
1571,139,13,13,37,0,1,0,0,78.087,0.07292,0.15,611,31.2947,2.14405,0.40971
1572,121,11,11,38,0,1,0,0,51.837,0.0728,0.15,611,31.2947,3.34925,0.40971
1573,84,8,8,24,0,1,0,0,30.74,0.07268,0.15,611,31.2947,2.45812,0.40971
1574,334,30,30,74,0,1,0,0,204.635,0.07256,0.15,611,31.2947,2.13767,0.40971
1575,93,8,8,29,0,1,0,0,35.32,0.07244,0.15,611,31.2947,2.53574,0.40971
1576,172,13,13,24,0,1,0,0,62.146,0.07232,0.15,611,31.2947,1.90692,0.40971
1577,40,4,4,14,0,1,0,0,2.247,0.0722,0.15,611,31.2947,2.68347,0.40971
1578,400,45,45,111,0,0,0,1,331.001,0.07208,0.15,611,31.2947,2.31456,0.40998
1579,13,0,0,3,0,1,0,0,-30.277,0.07196,0.15,611,31.2947,8.00796,0.40998
1580,400,37,37,104,0,0,0,1,316.091,0.07184,0.15,611,31.2947,2.3352,0.40998
1581,287,33,33,79,0,1,0,0,208.044,0.07172,0.15,611,31.2947,2.49223,0.40998
1582,17,2,2,7,0,1,0,0,-18.388,0.0716,0.15,611,31.2947,5.25364,0.40998
1583,253,23,23,62,0,1,0,0,151.097,0.07148,0.15,611,31.2947,1.94432,0.40998
1584,80,10,10,19,0,1,0,0,40.407,0.07136,0.15,611,31.2947,2.44484,0.40998
1585,89,10,10,28,0,1,0,0,48.143,0.07124,0.15,611,31.2947,2.11687,0.40998
1586,267,20,20,67,0,1,0,0,138.727,0.07112,0.15,611,31.2947,2.40468,0.40998
1587,110,10,10,27,0,1,0,0,51.726,0.07101,0.15,611,31.2947,2.43961,0.40998
1588,20,0,0,7,0,1,0,0,-19.657,0.07089,0.15,611,31.2947,3.38159,0.40998
1589,400,44,44,101,0,0,0,1,285.001,0.07077,0.15,611,31.2947,2.56911,0.41026
1590,5,0,0,1,0,1,0,0,-28.262,0.07065,0.15,611,31.2947,17.95057,0.41026
1591,86,8,8,29,0,1,0,0,35.254,0.07053,0.15,611,31.2947,3.2353,0.41026
1592,400,31,31,78,0,0,0,1,233.066,0.07042,0.15,611,31.2947,1.91296,0.41026
1593,200,15,15,36,0,1,0,0,74.733,0.0703,0.15,611,31.2947,2.22011,0.41026
1594,69,7,7,23,0,1,0,0,21.657,0.07018,0.15,611,31.2947,2.34448,0.41026
1595,27,2,2,9,0,1,0,0,-13.093,0.07006,0.15,611,31.2947,5.0194,0.41026
1596,30,3,3,12,0,1,0,0,-2.007,0.06995,0.15,611,31.2947,3.58644,0.41026
1597,60,4,4,11,0,1,0,0,-0.273,0.06983,0.15,611,31.2947,2.89397,0.41026
1598,400,24,24,56,0,0,0,1,190.928,0.06972,0.15,611,31.2947,2.22865,0.41026
1599,228,15,15,48,0,1,0,0,92.11,0.0696,0.15,611,31.2947,2.42312,0.41026
1600,103,6,6,21,0,1,0,0,21.483,0.06948,0.15,611,31.2947,3.00309,0.41026
1601,161,8,8,24,0,1,0,0,45.588,0.06937,0.15,611,31.2947,1.86733,0.41026
1602,400,24,24,63,0,0,0,1,211.962,0.06925,0.15,611,31.2947,2.24644,0.41026
1603,400,19,19,53,0,0,0,1,175.993,0.06914,0.15,611,31.2947,2.21625,0.41026
1604,400,18,18,42,0,0,0,1,159.923,0.06902,0.15,611,31.2947,1.99143,0.41026
1605,400,9,9,25,0,0,0,1,123.055,0.06891,0.15,611,31.2947,1.0644,0.41026
1606,387,14,14,40,0,1,0,0,125.17,0.06879,0.15,611,31.2947,1.26544,0.41026
1607,400,30,30,75,0,0,0,1,235.391,0.06868,0.15,611,31.2947,2.17115,0.41026
1608,400,29,29,63,0,0,0,1,234.435,0.06856,0.15,611,31.2947,2.06591,0.41026
1609,400,36,36,87,0,0,0,1,278.888,0.06845,0.15,611,31.2947,2.26856,0.41053
1610,350,33,33,67,0,1,0,0,214.568,0.06833,0.15,611,31.2947,2.41395,0.41053
1611,20,0,0,9,0,1,0,0,-20.567,0.06822,0.15,611,31.2947,4.78803,0.41053
1612,17,3,3,8,0,1,0,0,-11.731,0.06811,0.15,611,31.2947,7.04519,0.41053
1613,254,19,19,53,0,1,0,0,134.947,0.06799,0.15,611,31.2947,2.35731,0.41053
1614,400,37,37,92,0,0,0,1,287.409,0.06788,0.15,611,31.2947,2.32446,0.41053
1615,400,23,23,61,0,0,0,1,194.801,0.06777,0.15,611,31.2947,2.2699,0.41053
1616,181,12,12,27,0,1,0,0,69.25,0.06766,0.15,611,31.2947,2.15775,0.41053
1617,400,36,36,83,0,0,0,1,280.31,0.06754,0.15,611,31.2947,2.36293,0.41053
1618,23,1,1,9,0,1,0,0,-13.801,0.06743,0.15,611,31.2947,2.96362,0.41053
1619,70,5,5,15,0,1,0,0,11.471,0.06732,0.15,611,31.2947,2.74422,0.41053
1620,167,10,10,24,0,1,0,0,49.371,0.06721,0.15,611,31.2947,2.18104,0.41053
1621,104,6,6,15,0,1,0,0,24.809,0.06709,0.15,611,31.2947,2.37285,0.41053
1622,7,0,0,4,0,1,0,0,-32.704,0.06698,0.15,611,31.2947,5.47907,0.41053
1623,400,28,28,70,0,0,0,1,229.044,0.06687,0.15,611,31.2947,2.41268,0.41053
1624,5,0,0,2,0,1,0,0,-28.106,0.06676,0.15,611,31.2947,7.98124,0.41053
1625,400,14,14,36,0,0,0,1,138.156,0.06665,0.15,611,31.2947,1.98385,0.41053
1626,47,1,1,9,0,1,0,0,-9.964,0.06654,0.15,611,31.2947,2.4361,0.41053
1627,27,1,1,5,0,1,0,0,-18.766,0.06643,0.15,611,31.2947,3.94963,0.41053
1628,316,33,33,67,0,1,0,0,203.276,0.06632,0.15,611,31.2947,2.33737,0.41053
1629,400,28,28,70,0,0,0,1,231.832,0.0662,0.15,611,31.2947,2.31524,0.41053
1630,400,38,38,85,0,0,0,1,292.805,0.06609,0.15,611,31.2947,2.39212,0.41053
1631,400,23,23,64,0,0,0,1,209.097,0.06598,0.15,611,31.2947,2.28865,0.41053
1632,400,23,23,62,0,0,0,1,203.7,0.06587,0.15,611,31.2947,2.2599,0.41053
1633,42,4,4,17,0,1,0,0,2.522,0.06577,0.15,611,31.2947,3.774,0.41053
1634,60,3,3,16,0,1,0,0,7.657,0.06566,0.15,611,31.2947,2.22463,0.41053
1635,34,1,1,8,0,1,0,0,-13.385,0.06555,0.15,611,31.2947,3.33419,0.41053
1636,95,8,8,25,0,1,0,0,40.293,0.06544,0.15,611,31.2947,2.45631,0.41053
1637,101,10,10,18,0,1,0,0,43.853,0.06533,0.15,611,31.2947,2.495,0.41053
1638,43,1,1,9,0,1,0,0,-13.561,0.06522,0.15,611,31.2947,3.90306,0.41053
1639,17,1,1,3,0,1,0,0,-19.051,0.06511,0.15,611,31.2947,4.70639,0.41053
1640,34,2,2,11,0,1,0,0,-4.926,0.065,0.15,611,31.2947,2.84318,0.41053
1641,400,14,14,32,0,0,0,1,129.502,0.06489,0.15,611,31.2947,1.92448,0.41053
1642,400,26,26,60,0,0,0,1,205.486,0.06479,0.15,611,31.2947,1.80921,0.41053
1643,312,21,21,59,0,1,0,0,148.031,0.06468,0.15,611,31.2947,1.94382,0.41053
1644,400,19,19,54,0,0,0,1,173.994,0.06457,0.15,611,31.2947,2.10164,0.41053
1645,224,21,21,60,0,1,0,0,137.885,0.06446,0.15,611,31.2947,2.51573,0.41053
1646,92,4,4,15,0,1,0,0,10.089,0.06436,0.15,611,31.2947,2.10034,0.41053
1647,370,36,36,88,0,1,0,0,245.007,0.06425,0.15,611,31.2947,2.45488,0.41053
1648,61,6,6,19,0,1,0,0,21.673,0.06414,0.15,611,31.2947,3.44014,0.4108
1649,104,13,13,34,0,1,0,0,60.777,0.06403,0.15,611,31.2947,3.29894,0.4108
1650,40,2,2,12,0,1,0,0,-7.793,0.06393,0.15,611,31.2947,2.4756,0.4108
1651,400,33,33,92,0,0,0,1,262.049,0.06382,0.15,612,31.2947,2.56449,0.41068
1652,13,0,0,5,0,1,0,0,-27.273,0.06372,0.15,612,31.2947,5.83173,0.41068
1653,400,26,26,61,0,0,0,1,219.973,0.06361,0.15,612,31.2947,2.6048,0.41095
1654,13,0,0,4,0,1,0,0,-24.573,0.0635,0.15,612,31.2947,5.7445,0.41095
1655,41,3,3,7,0,1,0,0,-8.124,0.0634,0.15,612,31.2947,2.59919,0.41095
1656,353,30,30,81,0,1,0,0,200.123,0.06329,0.15,612,31.2947,2.62224,0.41095
1657,400,42,42,104,0,0,0,1,319.701,0.06319,0.15,612,31.2947,2.42244,0.41095
1658,400,35,35,85,0,0,0,1,253.17,0.06308,0.15,612,31.2947,2.71109,0.41095
1659,82,10,10,35,0,1,0,0,54.775,0.06298,0.15,612,31.2947,2.8006,0.41095
1660,26,2,2,6,0,1,0,0,-13.595,0.06287,0.15,612,31.2947,4.22074,0.41095
1661,197,19,19,38,0,1,0,0,108.962,0.06277,0.15,612,31.2947,2.46802,0.41095
1662,400,39,39,99,0,0,0,1,299.957,0.06266,0.15,612,31.2947,2.36199,0.41095
1663,95,10,10,25,0,1,0,0,45.094,0.06256,0.15,612,31.2947,2.61901,0.41095
1664,55,7,7,23,0,1,0,0,21.175,0.06245,0.15,612,31.2947,3.94629,0.41122
1665,346,29,29,80,0,1,0,0,205.334,0.06235,0.15,612,31.2947,2.11543,0.41122
1666,224,30,30,69,0,1,0,0,177.443,0.06225,0.15,612,31.2947,2.69624,0.41122
1667,40,4,4,16,0,1,0,0,0.661,0.06214,0.15,612,31.2947,3.26489,0.41122
1668,400,18,18,48,0,0,0,1,170.753,0.06204,0.15,612,31.2947,1.32061,0.41122
1669,105,11,11,33,0,1,0,0,56.285,0.06194,0.15,612,31.2947,3.22038,0.41122
1670,400,17,17,48,0,0,0,1,170.356,0.06183,0.15,612,31.2947,1.5905,0.41122
1671,400,23,23,69,0,0,0,1,204.893,0.06173,0.15,612,31.2947,1.91702,0.41122
1672,400,21,21,61,0,0,0,1,190.88,0.06163,0.15,612,31.2947,1.86166,0.41122
1673,400,25,25,73,0,0,0,1,204.868,0.06152,0.15,612,31.2947,2.51128,0.41122
1674,400,31,31,83,0,0,0,1,248.309,0.06142,0.15,613,31.2947,2.17621,0.41082
1675,400,24,24,54,0,0,0,1,204.241,0.06132,0.15,615,31.2947,1.96486,0.41003
1676,66,3,3,12,0,1,0,0,-3.584,0.06122,0.15,615,31.2947,2.81604,0.41003
1677,400,26,26,64,0,0,0,1,220.675,0.06111,0.15,615,31.2947,1.46262,0.41003
1678,400,31,31,78,0,0,0,1,250.021,0.06101,0.15,615,31.2947,1.86221,0.41003
1679,17,0,0,3,0,1,0,0,-26.43,0.06091,0.15,615,31.2947,4.35166,0.41003
1680,400,42,42,102,0,0,0,1,323.833,0.06081,0.15,615,31.2947,2.48455,0.41003
1681,5,0,0,1,0,1,0,0,-32.008,0.06071,0.15,615,31.2947,10.01425,0.41003
1682,137,14,14,30,0,1,0,0,73.229,0.06061,0.15,615,31.2947,2.70537,0.41003
1683,400,20,20,47,0,0,0,1,160.258,0.06051,0.15,615,31.2947,2.54875,0.41003
1684,102,6,6,14,0,1,0,0,21.912,0.06041,0.15,615,31.2947,3.00123,0.41003
1685,165,20,20,55,0,1,0,0,121.63,0.06031,0.15,615,31.2947,2.86742,0.41003
1686,400,35,35,93,0,0,0,1,275.839,0.0602,0.15,615,31.2947,2.55058,0.41003
1687,194,13,13,32,0,1,0,0,71.48,0.0601,0.15,615,31.2947,2.04068,0.41003
1688,400,13,13,42,0,0,0,1,141.047,0.06,0.15,615,31.2947,1.85285,0.41003
1689,227,9,9,25,0,1,0,0,61.922,0.0599,0.15,615,31.2947,2.38877,0.4103
1690,79,5,5,13,0,1,0,0,7.285,0.0598,0.15,615,31.2947,3.15996,0.4103
1691,400,30,30,75,0,0,0,1,249.664,0.05971,0.15,616,31.2947,2.48679,0.41017
1692,102,7,7,21,0,1,0,0,30.591,0.05961,0.15,616,31.2947,1.97961,0.41017
1693,157,10,10,35,0,1,0,0,59.288,0.05951,0.15,616,31.2947,2.42094,0.41017
1694,221,9,9,29,0,1,0,0,55.098,0.05941,0.15,616,31.2947,1.86133,0.41017
1695,88,11,11,26,0,1,0,0,48.415,0.05931,0.15,616,31.2947,2.80215,0.41017
1696,400,21,21,57,0,0,0,1,203.851,0.05921,0.15,616,31.2947,1.49929,0.41017
1697,370,25,25,64,0,1,0,0,186.332,0.05911,0.15,616,31.2947,1.54559,0.41017
1698,248,17,17,41,0,1,0,0,121.914,0.05901,0.15,616,31.2947,1.54135,0.41044
1699,400,37,37,99,0,0,0,1,294.877,0.05891,0.15,616,31.2947,2.2451,0.41044
1700,400,34,34,77,0,0,0,1,265.792,0.05882,0.15,616,31.2947,1.78357,0.41044
1701,43,5,5,19,0,1,0,0,11.128,0.05872,0.15,616,31.2947,4.32696,0.41044
1702,400,10,10,42,0,0,0,1,158.126,0.05862,0.15,616,31.2947,1.11219,0.41044
1703,400,35,35,88,0,0,0,1,276.45,0.05852,0.15,616,31.2947,1.90833,0.41044
1704,400,36,36,84,0,0,0,1,279.689,0.05843,0.15,616,31.2947,2.08498,0.41044
1705,337,24,24,58,0,1,0,0,171.573,0.05833,0.15,617,31.2947,1.64735,0.41005
1706,400,35,35,97,0,0,0,1,293.499,0.05823,0.15,617,31.2947,2.04506,0.41005
1707,400,29,29,88,0,0,0,1,259.229,0.05813,0.15,617,31.2947,1.86915,0.41005
1708,400,32,32,83,0,0,0,1,263.805,0.05804,0.15,618,31.2947,2.07839,0.40965
1709,14,1,1,4,0,1,0,0,-21.181,0.05794,0.15,618,31.2947,7.67181,0.40965
1710,400,24,24,72,0,0,0,1,214.979,0.05784,0.15,618,31.2947,2.07901,0.40965
1711,370,45,45,106,0,1,0,0,286.724,0.05775,0.15,618,31.2947,2.64695,0.40992
1712,400,47,47,109,0,0,0,1,340.777,0.05765,0.15,618,31.2947,2.73904,0.41019
1713,173,22,22,63,0,1,0,0,128.667,0.05756,0.15,618,31.2947,2.88572,0.41019
1714,400,24,24,80,0,0,0,1,237.87,0.05746,0.15,618,31.2947,2.12559,0.41019
1715,51,4,4,11,0,1,0,0,2.173,0.05736,0.15,618,31.2947,3.35513,0.41046
1716,400,30,30,75,0,0,0,1,239.599,0.05727,0.15,618,31.2947,1.84046,0.41046
1717,400,24,24,69,0,0,0,1,213.284,0.05717,0.15,618,31.2947,1.48583,0.41073
1718,400,41,41,106,0,0,0,1,315.297,0.05708,0.15,618,31.2947,2.32577,0.41073
1719,400,39,39,87,0,0,0,1,289.885,0.05698,0.15,618,31.2947,2.36866,0.41073
1720,99,12,12,33,0,1,0,0,52.27,0.05689,0.15,618,31.2947,3.90293,0.41073
1721,400,45,45,111,0,0,0,1,343.576,0.05679,0.15,618,31.2947,2.45663,0.41073
1722,400,34,34,90,0,0,0,1,261.474,0.0567,0.15,618,31.2947,2.30045,0.41073
1723,400,41,41,95,0,0,0,1,292.577,0.0566,0.15,618,31.2947,2.27035,0.41073
1724,367,42,42,93,0,1,0,0,265.934,0.05651,0.15,618,31.2947,2.89649,0.41073
1725,129,17,17,51,0,1,0,0,94.27,0.05642,0.15,618,31.2947,3.06266,0.41073
1726,266,35,35,82,0,1,0,0,210.285,0.05632,0.15,618,31.2947,2.83053,0.411
1727,254,30,30,65,0,1,0,0,181.909,0.05623,0.15,618,31.2947,2.65723,0.41154
1728,49,6,6,16,0,1,0,0,12.469,0.05613,0.15,619,31.2947,4.16844,0.41115
1729,148,13,13,42,0,1,0,0,90.304,0.05604,0.15,619,31.2947,2.16435,0.41115
1730,143,16,16,41,0,1,0,0,92.955,0.05595,0.15,619,31.2947,2.17704,0.41115
1731,40,3,3,10,0,1,0,0,-3.468,0.05585,0.15,619,31.2947,2.54005,0.41115
1732,293,34,34,71,0,1,0,0,213.464,0.05576,0.15,619,31.2947,2.46097,0.41115
1733,89,7,7,23,0,1,0,0,24.565,0.05567,0.15,619,31.2947,3.99204,0.41142
1734,400,35,35,95,0,0,0,1,279.214,0.05558,0.15,619,31.2947,2.11851,0.41142
1735,400,40,40,92,0,0,0,1,294.812,0.05548,0.15,619,31.2947,2.2126,0.41142
1736,400,33,33,90,0,0,0,1,264.913,0.05539,0.15,619,31.2947,2.03428,0.41142
1737,291,18,18,49,0,1,0,0,128.184,0.0553,0.15,619,31.2947,1.97561,0.41142
1738,400,40,40,106,0,0,0,1,320.361,0.05521,0.15,619,31.2947,2.29134,0.41142
1739,14,0,0,6,0,1,0,0,-25.693,0.05512,0.15,619,31.2947,5.98307,0.41142
1740,66,6,6,20,0,1,0,0,20.331,0.05502,0.15,619,31.2947,3.08666,0.41142
1741,7,0,0,6,0,1,0,0,-22.048,0.05493,0.15,619,31.2947,7.13146,0.41142
1742,400,30,30,83,0,0,0,1,247.068,0.05484,0.15,619,31.2947,2.14656,0.41142
1743,400,40,40,100,0,0,0,1,311.19,0.05475,0.15,619,31.2947,2.16092,0.41142
1744,400,44,44,102,0,0,0,1,322.316,0.05466,0.15,619,31.2947,2.07319,0.41142
1745,101,10,10,28,0,1,0,0,44.354,0.05457,0.15,619,31.2947,2.88939,0.41142
1746,52,5,5,16,0,1,0,0,13.62,0.05448,0.15,619,31.2947,2.85746,0.41142
1747,53,7,7,16,0,1,0,0,19.008,0.05439,0.15,619,31.2947,3.4466,0.41142
1748,400,29,29,72,0,0,0,1,222.764,0.05429,0.15,619,31.2947,2.14475,0.41142
1749,129,13,13,33,0,1,0,0,69.019,0.0542,0.15,619,31.2947,2.28107,0.41142
1750,122,10,10,34,0,1,0,0,51.151,0.05411,0.15,619,31.2947,2.41378,0.41142
1751,400,10,10,30,0,0,0,1,128.265,0.05402,0.15,619,31.2947,0.74073,0.41142
1752,400,20,20,44,0,0,0,1,154.236,0.05393,0.15,619,31.2947,1.8968,0.41142
1753,203,16,16,43,0,1,0,0,95.394,0.05384,0.15,619,31.2947,2.72533,0.41142
1754,400,26,26,66,0,0,0,1,222.15,0.05375,0.15,619,31.2947,1.98955,0.41142
1755,278,20,20,62,0,1,0,0,133.947,0.05366,0.15,619,31.2947,1.96656,0.41142
1756,5,0,0,4,0,1,0,0,-32.408,0.05358,0.15,619,31.2947,2.96221,0.41142
1757,212,17,17,43,0,1,0,0,95.089,0.05349,0.15,619,31.2947,2.24953,0.41142
1758,400,22,22,42,0,0,0,1,183.14,0.0534,0.15,619,31.2947,1.37412,0.41142
1759,62,2,2,10,0,1,0,0,-1.553,0.05331,0.15,619,31.2947,2.17545,0.41142
1760,118,8,8,21,0,1,0,0,32.045,0.05322,0.15,619,31.2947,2.33544,0.41142
1761,41,1,1,7,0,1,0,0,-12.427,0.05313,0.15,619,31.2947,2.92833,0.41142
1762,400,9,9,20,0,0,0,1,111.265,0.05304,0.15,620,31.2947,1.35822,0.41102
1763,400,14,14,39,0,0,0,1,155.339,0.05295,0.15,620,31.2947,1.01168,0.41102
1764,400,13,13,37,0,0,0,1,138.013,0.05287,0.15,620,31.2947,2.06464,0.41102
1765,400,12,12,32,0,0,0,1,140.826,0.05278,0.15,620,31.2947,1.97444,0.41102
1766,101,5,5,18,0,1,0,0,21.227,0.05269,0.15,620,31.2947,2.1346,0.41102
1767,92,6,6,25,0,1,0,0,28.205,0.0526,0.15,620,31.2947,2.65525,0.41102
1768,400,29,29,71,0,0,0,1,228.421,0.05251,0.15,620,31.2947,2.17109,0.41102
1769,224,19,19,49,0,1,0,0,116.293,0.05243,0.15,620,31.2947,2.52867,0.41102
1770,16,1,1,8,0,1,0,0,-14.659,0.05234,0.15,620,31.2947,4.16351,0.41102
1771,28,2,2,6,0,1,0,0,-11.668,0.05225,0.15,620,31.2947,3.35885,0.41102
1772,93,8,8,24,0,1,0,0,31.702,0.05217,0.15,620,31.2947,2.43754,0.41102
1773,21,1,1,7,0,1,0,0,-15.447,0.05208,0.15,620,31.2947,3.02076,0.41102
1774,400,31,31,82,0,0,0,1,254.195,0.05199,0.15,620,31.2947,2.0613,0.41102
1775,13,0,0,4,0,1,0,0,-24.173,0.05191,0.15,620,31.2947,6.82964,0.41102
1776,365,2,2,23,0,1,0,0,62.034,0.05182,0.15,620,31.2947,0.78192,0.41102
1777,7,0,0,4,0,1,0,0,-32.302,0.05173,0.15,620,31.2947,4.41268,0.41102
1778,39,1,1,7,0,1,0,0,-18.04,0.05165,0.15,620,31.2947,2.94756,0.41102
1779,34,0,0,4,0,1,0,0,-19.258,0.05156,0.15,620,31.2947,1.53784,0.41102
1780,151,4,4,23,0,1,0,0,25.804,0.05147,0.15,620,31.2947,1.82547,0.41102
1781,113,1,1,13,0,1,0,0,1.042,0.05139,0.15,620,31.2947,1.99426,0.41102
1782,53,5,5,11,0,1,0,0,10.748,0.0513,0.15,620,31.2947,3.07164,0.41102
1783,259,15,15,40,0,1,0,0,99.51,0.05122,0.15,620,31.2947,2.28613,0.41102
1784,131,7,7,23,0,1,0,0,32.94,0.05113,0.15,620,31.2947,2.0771,0.41102
1785,400,25,25,73,0,0,0,1,229.491,0.05105,0.15,620,31.2947,1.8971,0.41102
1786,39,1,1,6,0,1,0,0,-12.029,0.05096,0.15,620,31.2947,1.78337,0.41102
1787,286,18,18,50,0,1,0,0,119.205,0.05088,0.15,620,31.2947,1.79076,0.41102
1788,400,39,39,93,0,0,0,1,285.423,0.05079,0.15,620,31.2947,2.20421,0.41102
1789,400,25,25,65,0,0,0,1,229.336,0.05071,0.15,620,31.2947,1.45451,0.41102
1790,400,30,30,77,0,0,0,1,249.815,0.05062,0.15,620,31.2947,1.72217,0.41102
1791,400,31,31,81,0,0,0,1,259.369,0.05054,0.15,620,31.2947,2.34259,0.41102
1792,127,4,4,17,0,1,0,0,20.12,0.05046,0.15,620,31.2947,2.13091,0.41102
1793,333,25,25,67,0,1,0,0,163.676,0.05037,0.15,620,31.2947,2.48066,0.41102
1794,44,2,2,10,0,1,0,0,-4.213,0.05029,0.15,620,31.2947,2.61364,0.41102
1795,128,13,13,35,0,1,0,0,61.191,0.0502,0.15,620,31.2947,2.66312,0.41102
1796,135,12,12,24,0,1,0,0,56.329,0.05012,0.15,620,31.2947,2.40127,0.41102
1797,400,36,36,82,0,0,0,1,271.663,0.05004,0.15,620,31.2947,1.83911,0.41102
1798,90,6,6,25,0,1,0,0,27.351,0.05,0.15,620,31.2947,2.86546,0.41102
1799,400,34,34,82,0,0,0,1,269.221,0.05,0.15,620,31.2947,1.76107,0.41102
1800,400,14,14,47,0,0,0,1,152.062,0.05,0.15,620,31.2947,2.47376,0.41102
1801,136,11,11,28,0,1,0,0,59.979,0.05,0.15,620,31.2947,2.94153,0.41102
1802,66,7,7,18,0,1,0,0,25.605,0.05,0.15,620,31.2947,3.06973,0.41102
1803,400,32,32,87,0,0,0,1,260.93,0.05,0.15,620,31.2947,2.268,0.41102
1804,15,1,1,4,0,1,0,0,-18.847,0.05,0.15,620,31.2947,4.89648,0.41102
1805,183,10,10,40,0,1,0,0,69.057,0.05,0.15,620,31.2947,2.32579,0.41102
1806,400,28,28,66,0,0,0,1,226.857,0.05,0.15,620,31.2947,2.33049,0.41102
1807,298,28,28,76,0,1,0,0,179.769,0.05,0.15,620,31.2947,2.26031,0.41102
1808,37,2,2,14,0,1,0,0,-2.731,0.05,0.15,620,31.2947,2.93177,0.41102
1809,50,3,3,7,0,1,0,0,-8.267,0.05,0.15,620,31.2947,3.2711,0.41102
1810,21,2,2,5,0,1,0,0,-14.377,0.05,0.15,620,31.2947,3.32106,0.41102
1811,16,1,1,3,0,1,0,0,-20.639,0.05,0.15,620,31.2947,3.5351,0.41102
1812,184,23,23,53,0,1,0,0,131.901,0.05,0.15,620,31.2947,2.54517,0.41102
1813,291,17,17,42,0,1,0,0,112.147,0.05,0.15,620,31.2947,2.07527,0.41102
1814,242,13,13,36,0,1,0,0,82.738,0.05,0.15,620,31.2947,2.01249,0.41102
1815,289,11,11,33,0,1,0,0,74.084,0.05,0.15,620,31.2947,2.06952,0.41102
1816,17,1,1,9,0,1,0,0,-14.977,0.05,0.15,620,31.2947,4.86071,0.41102
1817,153,6,6,22,0,1,0,0,32.492,0.05,0.15,620,31.2947,1.71058,0.41102
1818,400,22,22,59,0,0,0,1,200.408,0.05,0.15,620,31.2947,2.09812,0.41102
1819,400,23,23,52,0,0,0,1,203.905,0.05,0.15,620,31.2947,2.10246,0.41102
1820,123,9,9,22,0,1,0,0,39.466,0.05,0.15,620,31.2947,2.32766,0.41102
1821,400,9,9,32,0,0,0,1,115.394,0.05,0.15,620,31.2947,1.77494,0.41102
1822,400,27,27,76,0,0,0,1,234.88,0.05,0.15,620,31.2947,2.02183,0.41102
1823,153,5,5,17,0,1,0,0,21.364,0.05,0.15,620,31.2947,1.73364,0.41102
1824,192,12,12,28,0,1,0,0,70.876,0.05,0.15,620,31.2947,1.96854,0.41102
1825,400,17,17,52,0,0,0,1,167.587,0.05,0.15,620,31.2947,1.69357,0.41102
1826,348,26,26,75,0,1,0,0,183.538,0.05,0.15,620,31.2947,2.3093,0.41102
1827,27,3,3,9,0,1,0,0,-9.94,0.05,0.15,620,31.2947,4.22168,0.41102
1828,46,3,3,8,0,1,0,0,-6.279,0.05,0.15,621,31.2947,3.26595,0.4109
1829,400,28,28,66,0,0,0,1,239.541,0.05,0.15,622,31.2947,1.55022,0.4105
1830,35,1,1,5,0,1,0,0,-16.403,0.05,0.15,622,31.2947,2.49663,0.4105
1831,27,0,0,6,0,1,0,0,-24.287,0.05,0.15,622,31.2947,4.18122,0.4105
1832,400,32,32,86,0,0,0,1,259.274,0.05,0.15,622,31.2947,1.95187,0.4105
1833,400,44,44,111,0,0,0,1,327.324,0.05,0.15,623,31.2947,2.53946,0.41011
1834,400,23,23,69,0,0,0,1,199.719,0.05,0.15,623,31.2947,1.97621,0.41011
1835,400,29,29,81,0,0,0,1,253.027,0.05,0.15,623,31.2947,2.1914,0.41011
1836,395,37,37,95,0,1,0,0,258.608,0.05,0.15,623,31.2947,2.41316,0.41011
1837,20,0,0,10,0,1,0,0,-16.519,0.05,0.15,623,31.2947,4.71341,0.41011
1838,88,9,9,30,0,1,0,0,44.612,0.05,0.15,623,31.2947,2.54044,0.41011
1839,13,0,0,5,0,1,0,0,-24.821,0.05,0.15,623,31.2947,6.85369,0.41011
1840,193,24,24,60,0,1,0,0,140.209,0.05,0.15,623,31.2947,2.8476,0.41011
1841,400,20,20,45,0,0,0,1,181.487,0.05,0.15,623,31.2947,1.62654,0.41011
1842,400,41,41,114,0,0,0,1,329.678,0.05,0.15,623,31.2947,2.26731,0.41011
1843,126,13,13,32,0,1,0,0,68.692,0.05,0.15,623,31.2947,2.2933,0.41011
1844,176,18,18,53,0,1,0,0,112.451,0.05,0.15,623,31.2947,2.63975,0.41011
1845,261,27,27,75,0,1,0,0,181.831,0.05,0.15,623,31.2947,2.6015,0.41011
1846,5,0,0,3,0,1,0,0,-28.454,0.05,0.15,623,31.2947,7.93245,0.41011
1847,400,38,38,105,0,0,0,1,306.913,0.05,0.15,623,31.2947,2.3572,0.41011
1848,400,41,41,100,0,0,0,1,321.991,0.05,0.15,623,31.2947,2.28227,0.41011
1849,49,4,4,15,0,1,0,0,6.275,0.05,0.15,623,31.2947,3.64935,0.41011
1850,37,5,5,12,0,1,0,0,4.847,0.05,0.15,623,31.2947,2.82535,0.41011
1851,400,44,44,109,0,0,0,1,335.046,0.05,0.15,623,31.2947,2.39365,0.41011
1852,400,28,28,72,0,0,0,1,243.151,0.05,0.15,623,31.2947,1.78156,0.41011
1853,29,1,1,10,0,1,0,0,-12.595,0.05,0.15,623,31.2947,3.11987,0.41011
1854,5,0,0,3,0,1,0,0,-33.408,0.05,0.15,623,31.2947,4.03907,0.41011
1855,84,8,8,23,0,1,0,0,30.309,0.05,0.15,623,31.2947,2.992,0.41011
1856,400,47,47,107,0,0,0,1,346.716,0.05,0.15,623,31.2947,2.42493,0.41011
1857,400,40,40,100,0,0,0,1,325.654,0.05,0.15,623,31.2947,2.28052,0.41011
1858,400,39,39,102,0,0,0,1,311.289,0.05,0.15,623,31.2947,2.24497,0.41011
1859,400,45,45,108,0,0,0,1,350.92,0.05,0.15,623,31.2947,2.2067,0.41011
1860,400,43,43,101,0,0,0,1,323.321,0.05,0.15,623,31.2947,2.33076,0.41011
1861,272,26,26,73,0,1,0,0,181.619,0.05,0.15,623,31.2947,2.28299,0.41011
1862,400,45,45,107,0,0,0,1,333.452,0.05,0.15,623,31.2947,2.3922,0.41011
1863,325,31,31,84,0,1,0,0,212.133,0.05,0.15,623,31.2947,2.39219,0.41011
1864,400,45,45,101,0,0,0,1,321.391,0.05,0.15,623,31.2947,2.35558,0.41011
1865,227,26,26,71,0,1,0,0,165.703,0.05,0.15,623,31.2947,2.4634,0.41011
1866,400,44,44,98,0,0,0,1,330.512,0.05,0.15,623,31.2947,2.29779,0.41011
1867,155,18,18,45,0,1,0,0,102.316,0.05,0.15,623,31.2947,2.27218,0.41011
1868,400,48,48,118,0,0,0,1,359.241,0.05,0.15,623,31.2947,2.16599,0.41011
1869,7,0,0,4,0,1,0,0,-28.968,0.05,0.15,623,31.2947,8.58251,0.41011
1870,56,7,7,20,0,1,0,0,17.866,0.05,0.15,623,31.2947,3.30458,0.41011
1871,29,3,3,7,0,1,0,0,-5.31,0.05,0.15,623,31.2947,3.50027,0.41011
1872,15,1,1,5,0,1,0,0,-17.505,0.05,0.15,623,31.2947,4.19275,0.41011
1873,400,46,46,118,0,0,0,1,350.178,0.05,0.15,623,31.2947,2.49472,0.41011
1874,400,42,42,104,0,0,0,1,329.798,0.05,0.15,624,31.2947,2.21421,0.40972
1875,117,13,13,37,0,1,0,0,71.196,0.05,0.15,624,31.2947,2.56064,0.40972
1876,325,35,35,93,0,1,0,0,240.604,0.05,0.15,624,31.2947,2.37931,0.40999
1877,303,33,33,76,0,1,0,0,215.177,0.05,0.15,624,31.2947,2.37292,0.40999
1878,218,25,25,68,0,1,0,0,160.66,0.05,0.15,624,31.2947,2.62326,0.40999
1879,400,49,49,109,0,0,0,1,356.234,0.05,0.15,624,31.2947,2.07945,0.40999
1880,194,18,18,51,0,1,0,0,106.661,0.05,0.15,624,31.2947,2.60532,0.40999
1881,400,45,45,109,0,0,0,1,340.399,0.05,0.15,624,31.2947,2.45623,0.40999
1882,34,2,2,10,0,1,0,0,-5.247,0.05,0.15,624,31.2947,3.49714,0.40999
1883,400,40,40,102,0,0,0,1,317.869,0.05,0.15,624,31.2947,2.37662,0.40999
1884,20,0,0,8,0,1,0,0,-18.13,0.05,0.15,624,31.2947,4.60126,0.40999
1885,211,29,29,63,0,1,0,0,161.376,0.05,0.15,624,31.2947,2.74197,0.40999
1886,5,0,0,3,0,1,0,0,-33.408,0.05,0.15,624,31.2947,3.53178,0.40999
1887,123,16,16,32,0,1,0,0,74.856,0.05,0.15,624,31.2947,2.45737,0.40999
1888,13,0,0,4,0,1,0,0,-27.871,0.05,0.15,624,31.2947,9.59757,0.40999
1889,400,42,42,100,0,0,0,1,323.405,0.05,0.15,624,31.2947,2.23569,0.40999
1890,400,43,43,113,0,0,0,1,338.867,0.05,0.15,624,31.2947,2.38798,0.40999
1891,13,0,0,5,0,1,0,0,-27.275,0.05,0.15,624,31.2947,7.33349,0.40999
1892,348,41,41,95,0,1,0,0,258.026,0.05,0.15,624,31.2947,2.45042,0.40999
1893,225,22,22,56,0,1,0,0,136.827,0.05,0.15,624,31.2947,2.10108,0.40999
1894,5,0,0,3,0,1,0,0,-28.454,0.05,0.15,624,31.2947,7.72039,0.40999
1895,355,37,37,106,0,1,0,0,266.342,0.05,0.15,624,31.2947,2.22684,0.41026
1896,211,23,23,75,0,1,0,0,155.289,0.05,0.15,624,31.2947,2.50964,0.41026
1897,80,9,9,26,0,1,0,0,38.164,0.05,0.15,624,31.2947,2.62645,0.41026
1898,288,29,29,80,0,1,0,0,200.152,0.05,0.15,624,31.2947,2.19564,0.41026
1899,400,43,43,112,0,0,0,1,334.497,0.05,0.15,624,31.2947,2.24754,0.41026
1900,48,4,4,14,0,1,0,0,6.54,0.05,0.15,624,31.2947,3.07078,0.41026
1901,400,43,43,110,0,0,0,1,331.112,0.05,0.15,624,31.2947,2.08355,0.41026
1902,400,44,44,106,0,0,0,1,334.521,0.05,0.15,624,31.2947,1.99381,0.41026
1903,207,29,29,66,0,1,0,0,174.244,0.05,0.15,624,31.2947,2.39536,0.41026
1904,49,6,6,15,0,1,0,0,13.277,0.05,0.15,624,31.2947,2.80274,0.41026
1905,59,7,7,17,0,1,0,0,24.824,0.05,0.15,624,31.2947,2.63054,0.41026
1906,326,38,38,88,0,1,0,0,220.457,0.05,0.15,624,31.2947,2.87512,0.41026
1907,112,10,10,33,0,1,0,0,59.174,0.05,0.15,624,31.2947,2.5194,0.41026
1908,107,11,11,35,0,1,0,0,59.58,0.05,0.15,624,31.2947,2.39136,0.41026
1909,288,33,33,83,0,1,0,0,188.144,0.05,0.15,624,31.2947,2.55225,0.41026
1910,13,0,0,3,0,1,0,0,-26.569,0.05,0.15,624,31.2947,8.74931,0.41026
1911,26,1,1,6,0,1,0,0,-15.271,0.05,0.15,624,31.2947,3.17963,0.41026
1912,119,13,13,43,0,1,0,0,74.408,0.05,0.15,624,31.2947,2.75668,0.41026
1913,90,9,9,19,0,1,0,0,33.352,0.05,0.15,624,31.2947,2.58526,0.41026
1914,400,36,36,76,0,0,0,1,270.369,0.05,0.15,624,31.2947,2.08209,0.41026
1915,33,2,2,11,0,1,0,0,-3.931,0.05,0.15,624,31.2947,2.71517,0.41026
1916,58,6,6,21,0,1,0,0,19.614,0.05,0.15,624,31.2947,3.62625,0.41026
1917,400,31,31,83,0,0,0,1,258.039,0.05,0.15,624,31.2947,1.88394,0.41026
1918,400,43,43,107,0,0,0,1,315.096,0.05,0.15,624,31.2947,2.44921,0.41026
1919,400,45,45,97,0,0,0,1,326.9,0.05,0.15,624,31.2947,2.38879,0.41026
1920,400,36,36,98,0,0,0,1,300.294,0.05,0.15,624,31.2947,2.23585,0.41026
1921,400,41,41,101,0,0,0,1,310.759,0.05,0.15,624,31.2947,2.33227,0.41026
1922,21,2,2,7,0,1,0,0,-12.953,0.05,0.15,624,31.2947,3.67296,0.41026
1923,400,46,46,104,0,0,0,1,332.698,0.05,0.15,624,31.2947,2.35549,0.41026
1924,400,44,44,107,0,0,0,1,328.379,0.05,0.15,624,31.2947,1.9101,0.41026
1925,400,42,42,109,0,0,0,1,328.148,0.05,0.15,624,31.2947,2.03701,0.41026
1926,400,35,35,92,0,0,0,1,290.159,0.05,0.15,624,31.2947,2.02765,0.41026
1927,400,46,46,102,0,0,0,1,343.399,0.05,0.15,624,31.2947,2.08784,0.41026
1928,157,15,15,51,0,1,0,0,99.788,0.05,0.15,624,31.2947,2.02422,0.41026
1929,224,23,23,67,0,1,0,0,152.929,0.05,0.15,624,31.2947,2.48534,0.41026
1930,400,38,38,108,0,0,0,1,314.115,0.05,0.15,624,31.2947,2.17533,0.41026
1931,400,42,42,103,0,0,0,1,319.108,0.05,0.15,624,31.2947,2.16749,0.41026
1932,138,17,17,41,0,1,0,0,89.383,0.05,0.15,624,31.2947,2.34565,0.41026
1933,199,24,24,60,0,1,0,0,144.234,0.05,0.15,624,31.2947,2.23981,0.41026
1934,178,19,19,47,0,1,0,0,112.782,0.05,0.15,624,31.2947,2.51369,0.41026
1935,33,3,3,8,0,1,0,0,-6.296,0.05,0.15,624,31.2947,4.19084,0.41026
1936,400,44,44,100,0,0,0,1,330.939,0.05,0.15,624,31.2947,2.40789,0.41026
1937,110,10,10,35,0,1,0,0,56.733,0.05,0.15,624,31.2947,2.98465,0.41026
1938,400,35,35,86,0,0,0,1,281.927,0.05,0.15,625,31.2947,2.2003,0.41013
1939,108,10,10,31,0,1,0,0,56.881,0.05,0.15,625,31.2947,2.65707,0.41013
1940,133,10,10,33,0,1,0,0,59.692,0.05,0.15,625,31.2947,2.81551,0.41013
1941,262,31,31,65,0,1,0,0,192.882,0.05,0.15,625,31.2947,2.5381,0.41013
1942,71,6,6,24,0,1,0,0,25.999,0.05,0.15,625,31.2947,3.30305,0.41013
1943,243,23,23,62,0,1,0,0,155.188,0.05,0.15,625,31.2947,2.65285,0.41013
1944,214,21,21,51,0,1,0,0,130.435,0.05,0.15,625,31.2947,2.30982,0.41013
1945,400,38,38,104,0,0,0,1,310.018,0.05,0.15,625,31.2947,2.16839,0.41013
1946,400,41,41,111,0,0,0,1,330.813,0.05,0.15,625,31.2947,2.16522,0.41013
1947,279,31,31,74,0,1,0,0,202.995,0.05,0.15,625,31.2947,2.73266,0.41013
1948,17,2,2,9,0,1,0,0,-12.759,0.05,0.15,625,31.2947,5.26098,0.41013
1949,161,17,17,54,0,1,0,0,106.851,0.05,0.15,625,31.2947,2.31406,0.41013
1950,400,42,42,109,0,0,0,1,319.702,0.05,0.15,625,31.2947,2.23252,0.41013
1951,276,32,32,85,0,1,0,0,212.743,0.05,0.15,625,31.2947,2.37529,0.41013
1952,400,43,43,104,0,0,0,1,322.086,0.05,0.15,625,31.2947,2.25056,0.41013
1953,119,11,11,33,0,1,0,0,62.992,0.05,0.15,625,31.2947,2.5729,0.4104
1954,400,45,45,110,0,0,0,1,336.784,0.05,0.15,625,31.2947,2.36425,0.4104
1955,148,19,19,55,0,1,0,0,107.94,0.05,0.15,625,31.2947,2.54465,0.4104
1956,400,41,41,107,0,0,0,1,330.539,0.05,0.15,625,31.2947,2.34574,0.4104
1957,79,8,8,29,0,1,0,0,39.795,0.05,0.15,625,31.2947,2.77267,0.4104
1958,400,47,47,110,0,0,0,1,345.668,0.05,0.15,625,31.2947,2.36734,0.4104
1959,132,12,12,36,0,1,0,0,69.502,0.05,0.15,625,31.2947,2.85931,0.4104
1960,400,38,38,94,0,0,0,1,304.823,0.05,0.15,625,31.2947,2.33404,0.4104
1961,106,12,12,32,0,1,0,0,55.063,0.05,0.15,625,31.2947,2.75259,0.4104
1962,400,38,38,107,0,0,0,1,307.794,0.05,0.15,625,31.2947,2.40789,0.4104
1963,382,37,37,105,0,1,0,0,269.397,0.05,0.15,625,31.2947,2.15477,0.41067
1964,400,46,46,107,0,0,0,1,341.596,0.05,0.15,625,31.2947,2.32208,0.41067
1965,400,42,42,105,0,0,0,1,324.948,0.05,0.15,625,31.2947,2.38297,0.41067
1966,400,49,49,117,0,0,0,1,359.19,0.05,0.15,625,31.2947,2.38733,0.41067
1967,113,16,16,45,0,1,0,0,86.885,0.05,0.15,625,31.2947,2.80546,0.41067
1968,243,20,20,47,0,1,0,0,120.826,0.05,0.15,625,31.2947,2.35424,0.41067
1969,48,5,5,15,0,1,0,0,11.427,0.05,0.15,625,31.2947,2.7925,0.41067
1970,155,21,21,53,0,1,0,0,119.517,0.05,0.15,625,31.2947,2.81871,0.41067
1971,400,45,45,106,0,0,0,1,342.069,0.05,0.15,625,31.2947,2.35465,0.41067
1972,197,27,27,62,0,1,0,0,164.484,0.05,0.15,625,31.2947,2.48045,0.41067
1973,23,1,1,9,0,1,0,0,-18.902,0.05,0.15,625,31.2947,4.97331,0.41067
1974,168,20,20,53,0,1,0,0,121.216,0.05,0.15,625,31.2947,2.27885,0.41067
1975,265,28,28,75,0,1,0,0,186.249,0.05,0.15,626,31.2947,2.28852,0.41054
1976,25,1,1,7,0,1,0,0,-18.91,0.05,0.15,626,31.2947,4.71377,0.41054
1977,17,2,2,7,0,1,0,0,-14.357,0.05,0.15,626,31.2947,5.82801,0.41054
1978,210,20,20,54,0,1,0,0,125.159,0.05,0.15,626,31.2947,2.00663,0.41054
1979,164,15,15,43,0,1,0,0,91.151,0.05,0.15,626,31.2947,2.3612,0.41054
1980,372,41,41,98,0,1,0,0,270.608,0.05,0.15,626,31.2947,2.47962,0.41054
1981,110,5,5,20,0,1,0,0,21.786,0.05,0.15,626,31.2947,2.28452,0.41054
1982,400,43,43,109,0,0,0,1,339.221,0.05,0.15,626,31.2947,2.34861,0.41054
1983,400,40,40,108,0,0,0,1,330.104,0.05,0.15,626,31.2947,2.15819,0.41054
1984,5,0,0,4,0,1,0,0,-33.208,0.05,0.15,626,31.2947,3.99874,0.41054
1985,400,35,35,97,0,0,0,1,292.849,0.05,0.15,626,31.2947,2.2187,0.41054
1986,133,16,16,46,0,1,0,0,93.594,0.05,0.15,626,31.2947,2.31731,0.41054
1987,400,43,43,117,0,0,0,1,336.534,0.05,0.15,626,31.2947,2.07563,0.41054
1988,94,11,11,22,0,1,0,0,51.701,0.05,0.15,626,31.2947,2.4232,0.41054
1989,246,28,28,76,0,1,0,0,183.264,0.05,0.15,626,31.2947,2.35024,0.41054
1990,400,46,46,97,0,0,0,1,326.749,0.05,0.15,626,31.2947,2.35827,0.41081
1991,5,0,0,3,0,1,0,0,-28.054,0.05,0.15,626,31.2947,7.01796,0.41081
1992,40,5,5,15,0,1,0,0,3.865,0.05,0.15,626,31.2947,3.92386,0.41081
1993,400,37,37,92,0,0,0,1,297.378,0.05,0.15,626,31.2947,2.33387,0.41081
1994,221,29,29,78,0,1,0,0,182.131,0.05,0.15,626,31.2947,2.55051,0.41081
1995,400,46,46,106,0,0,0,1,331.002,0.05,0.15,626,31.2947,2.3672,0.41108
1996,144,22,22,56,0,1,0,0,119.888,0.05,0.15,626,31.2947,3.038,0.41108
1997,13,0,0,3,0,1,0,0,-28.077,0.05,0.15,626,31.2947,6.79559,0.41108
1998,400,46,46,103,0,0,0,1,328.554,0.05,0.15,626,31.2947,2.44259,0.41108
1999,400,44,44,111,0,0,0,1,338.365,0.05,0.15,626,31.2947,2.44142,0.41108
2000,49,4,4,14,0,1,0,0,6.799,0.05,0.15,626,31.2947,3.65688,0.41108
2001,340,38,38,89,0,1,0,0,250.049,0.05,0.15,626,31.2947,2.26881,0.41108
2002,253,28,28,78,0,1,0,0,182.53,0.05,0.15,626,31.2947,2.4472,0.41108
2003,400,45,45,116,0,0,0,1,336.28,0.05,0.15,626,31.2947,2.21023,0.41108
2004,400,47,47,110,0,0,0,1,345.437,0.05,0.15,626,31.2947,2.51287,0.41108
2005,100,7,7,27,0,1,0,0,30.41,0.05,0.15,626,31.2947,2.65862,0.41108
2006,239,20,20,56,0,1,0,0,124.041,0.05,0.15,626,31.2947,2.00864,0.41108
2007,400,37,37,97,0,0,0,1,288.377,0.05,0.15,626,31.2947,2.30919,0.41108
2008,263,12,12,35,0,1,0,0,76.762,0.05,0.15,626,31.2947,2.08815,0.41134
2009,36,3,3,15,0,1,0,0,-2.603,0.05,0.15,626,31.2947,4.64164,0.41134
2010,254,17,17,46,0,1,0,0,111.753,0.05,0.15,626,31.2947,2.29775,0.41134
2011,287,32,32,88,0,1,0,0,214.788,0.05,0.15,626,31.2947,2.16152,0.41134
2012,400,28,28,67,0,0,0,1,223.112,0.05,0.15,626,31.2947,1.80096,0.41161
2013,400,43,43,105,0,0,0,1,335.279,0.05,0.15,626,31.2947,2.1198,0.41161
2014,377,36,36,89,0,1,0,0,238.633,0.05,0.15,626,31.2947,2.54801,0.41161
2015,400,33,33,96,0,0,0,1,280.406,0.05,0.15,626,31.2947,2.18467,0.41161
2016,400,39,39,116,0,0,0,1,325.271,0.05,0.15,626,31.2947,2.30372,0.41161
2017,400,39,39,101,0,0,0,1,307.905,0.05,0.15,626,31.2947,2.08275,0.41161
2018,293,29,29,76,0,1,0,0,196.754,0.05,0.15,626,31.2947,2.40217,0.41161
2019,144,15,15,38,0,1,0,0,80.302,0.05,0.15,626,31.2947,2.96775,0.41214
2020,50,7,7,19,0,1,0,0,17.747,0.05,0.15,626,31.2947,4.08871,0.41241
2021,400,49,49,101,0,0,0,1,339.885,0.05,0.15,626,31.2947,2.38761,0.41241
2022,190,22,22,62,0,1,0,0,141.084,0.05,0.15,626,31.2947,2.64814,0.41241
2023,98,12,12,34,0,1,0,0,59.134,0.05,0.15,626,31.2947,2.394,0.41241
2024,186,24,24,62,0,1,0,0,143.524,0.05,0.15,626,31.2947,2.5418,0.41241
2025,82,9,9,37,0,1,0,0,45.27,0.05,0.15,626,31.2947,3.31887,0.41241
2026,400,44,44,109,0,0,0,1,324.469,0.05,0.15,626,31.2947,2.26291,0.41241
2027,269,27,27,75,0,1,0,0,188.565,0.05,0.15,626,31.2947,2.35566,0.41241
2028,47,5,5,14,0,1,0,0,3.824,0.05,0.15,626,31.2947,3.46063,0.41241
2029,283,33,33,74,0,1,0,0,207.641,0.05,0.15,626,31.2947,2.37021,0.41241
2030,400,42,42,99,0,0,0,1,316.256,0.05,0.15,626,31.2947,2.37219,0.41241
2031,25,1,1,4,0,1,0,0,-19.089,0.05,0.15,626,31.2947,4.83657,0.41241
2032,350,36,36,98,0,1,0,0,249.153,0.05,0.15,626,31.2947,1.96233,0.41241
2033,400,39,39,96,0,0,0,1,303.855,0.05,0.15,626,31.2947,1.86326,0.41241
2034,127,18,18,41,0,1,0,0,90.834,0.05,0.15,626,31.2947,2.92058,0.41241
2035,189,25,25,59,0,1,0,0,146.292,0.05,0.15,626,31.2947,2.99873,0.41241
2036,400,47,47,118,0,0,0,1,356.939,0.05,0.15,626,31.2947,2.3545,0.41241
2037,400,44,44,105,0,0,0,1,340.286,0.05,0.15,626,31.2947,2.21405,0.41241
2038,400,41,41,96,0,0,0,1,318.652,0.05,0.15,626,31.2947,2.11905,0.41241
2039,400,40,40,91,0,0,0,1,300.317,0.05,0.15,626,31.2947,2.37913,0.41241
2040,400,41,41,95,0,0,0,1,311.344,0.05,0.15,626,31.2947,1.89581,0.41241
2041,71,7,7,24,0,1,0,0,25.754,0.05,0.15,626,31.2947,3.86947,0.41241
2042,27,1,1,16,0,1,0,0,-8.701,0.05,0.15,626,31.2947,3.62169,0.41241
2043,13,0,0,4,0,1,0,0,-25.573,0.05,0.15,626,31.2947,9.7929,0.41241
2044,77,8,8,21,0,1,0,0,32.06,0.05,0.15,626,31.2947,3.4756,0.41241
2045,49,2,2,24,0,1,0,0,4.328,0.05,0.15,626,31.2947,3.3864,0.41241
2046,400,41,41,107,0,0,0,1,312.373,0.05,0.15,626,31.2947,2.4114,0.41241
2047,370,37,37,94,0,1,0,0,240.703,0.05,0.15,626,31.2947,2.34157,0.41241
2048,400,41,41,120,0,0,0,1,322.539,0.05,0.15,626,31.2947,2.41673,0.41241
2049,66,4,4,21,0,1,0,0,14.643,0.05,0.15,626,31.2947,2.8486,0.41241
2050,123,15,15,33,0,1,0,0,77.615,0.05,0.15,626,31.2947,2.47417,0.41241
2051,28,2,2,8,0,1,0,0,-10.32,0.05,0.15,626,31.2947,3.5991,0.41241
2052,400,41,41,103,0,0,0,1,308.019,0.05,0.15,626,31.2947,2.19713,0.41241
2053,273,28,28,83,0,1,0,0,195.091,0.05,0.15,626,31.2947,2.37274,0.41241
2054,400,44,44,99,0,0,0,1,319.583,0.05,0.15,626,31.2947,2.49128,0.41267
2055,5,0,0,3,0,1,0,0,-33.408,0.05,0.15,626,31.2947,4.85568,0.41267
2056,66,6,6,15,0,1,0,0,17.373,0.05,0.15,626,31.2947,3.24791,0.41267
2057,400,45,45,110,0,0,0,1,341.567,0.05,0.15,626,31.2947,2.32904,0.41267
2058,143,13,13,39,0,1,0,0,77.169,0.05,0.15,626,31.2947,2.3606,0.41267
2059,88,8,8,28,0,1,0,0,35.701,0.05,0.15,626,31.2947,3.08026,0.41267
2060,87,10,10,34,0,1,0,0,44.065,0.05,0.15,626,31.2947,2.61783,0.41321
2061,400,45,45,107,0,0,0,1,324.047,0.05,0.15,626,31.2947,2.40785,0.41321
2062,17,1,1,8,0,1,0,0,-15.977,0.05,0.15,626,31.2947,5.4679,0.41321
2063,400,45,45,104,0,0,0,1,314.942,0.05,0.15,626,31.2947,2.53353,0.41321
2064,400,48,48,107,0,0,0,1,342.383,0.05,0.15,626,31.2947,2.32135,0.41321
2065,392,43,43,104,0,1,0,0,280.178,0.05,0.15,626,31.2947,2.61782,0.41321
2066,324,39,39,104,0,1,0,0,258.156,0.05,0.15,626,31.2947,2.83954,0.41321
2067,13,0,0,3,0,1,0,0,-23.123,0.05,0.15,626,31.2947,6.12657,0.41321
2068,13,0,0,5,0,1,0,0,-27.246,0.05,0.15,626,31.2947,10.53359,0.41321
2069,383,43,43,111,0,1,0,0,282.863,0.05,0.15,626,31.2947,2.56915,0.41347
2070,355,32,32,84,0,1,0,0,215.995,0.05,0.15,626,31.2947,2.64885,0.41347
2071,13,0,0,4,0,1,0,0,-24.173,0.05,0.15,626,31.2947,8.20069,0.41347
2072,400,31,31,77,0,0,0,1,242.283,0.05,0.15,626,31.2947,1.90949,0.41347
2073,238,21,21,62,0,1,0,0,136.446,0.05,0.15,626,31.2947,2.15812,0.41347
2074,60,4,4,10,0,1,0,0,4.747,0.05,0.15,626,31.2947,3.05766,0.41347
2075,30,4,4,8,0,1,0,0,-5.132,0.05,0.15,626,31.2947,5.48489,0.41347
2076,303,21,21,53,0,1,0,0,137.721,0.05,0.15,626,31.2947,2.08534,0.41347
2077,400,34,34,104,0,0,0,1,291.616,0.05,0.15,626,31.2947,2.36197,0.41347
2078,400,41,41,106,0,0,0,1,312.288,0.05,0.15,626,31.2947,2.56284,0.41347
2079,400,37,37,89,0,0,0,1,272.532,0.05,0.15,626,31.2947,2.54838,0.41347
2080,400,42,42,102,0,0,0,1,302.942,0.05,0.15,626,31.2947,2.43286,0.41347
2081,71,10,10,19,0,1,0,0,32.764,0.05,0.15,626,31.2947,3.13165,0.41347
2082,51,4,4,24,0,1,0,0,7.647,0.05,0.15,626,31.2947,3.90657,0.41347
2083,400,37,37,84,0,0,0,1,282.318,0.05,0.15,626,31.2947,2.2283,0.41347
2084,400,33,33,82,0,0,0,1,249.962,0.05,0.15,626,31.2947,2.15113,0.41347
2085,400,47,47,95,0,0,0,1,327.982,0.05,0.15,626,31.2947,2.13557,0.41347
2086,400,33,33,64,0,0,0,1,240.325,0.05,0.15,626,31.2947,1.86963,0.41347
2087,17,2,2,8,0,1,0,0,-13.375,0.05,0.15,626,31.2947,5.75964,0.41347
2088,400,33,33,73,0,0,0,1,247.479,0.05,0.15,626,31.2947,2.37717,0.41347
2089,88,11,11,33,0,1,0,0,53.99,0.05,0.15,626,31.2947,3.26228,0.41347
2090,134,12,12,43,0,1,0,0,77.739,0.05,0.15,626,31.2947,2.53643,0.41347
2091,46,6,6,14,0,1,0,0,12.441,0.05,0.15,626,31.2947,3.27352,0.41347
2092,400,25,25,64,0,0,0,1,214.627,0.05,0.15,626,31.2947,1.44681,0.41347
2093,51,7,7,21,0,1,0,0,17.271,0.05,0.15,626,31.2947,3.65933,0.41347
2094,41,4,4,12,0,1,0,0,0.077,0.05,0.15,626,31.2947,3.3999,0.41347
2095,400,26,26,71,0,0,0,1,212.61,0.05,0.15,626,31.2947,2.30775,0.41347
2096,400,43,43,104,0,0,0,1,317.977,0.05,0.15,626,31.2947,2.16616,0.41347
2097,297,27,27,74,0,1,0,0,180.292,0.05,0.15,626,31.2947,2.61812,0.41347
2098,235,19,19,57,0,1,0,0,125.759,0.05,0.15,626,31.2947,2.2783,0.41347
2099,400,26,26,58,0,0,0,1,195.385,0.05,0.15,626,31.2947,2.23062,0.41347
2100,119,11,11,16,0,1,0,0,34.422,0.05,0.15,626,31.2947,2.63882,0.41347
2101,156,11,11,35,0,1,0,0,64.952,0.05,0.15,626,31.2947,2.68223,0.41347
2102,400,24,24,61,0,0,0,1,199.776,0.05,0.15,626,31.2947,1.78129,0.41374
2103,159,19,19,52,0,1,0,0,112.666,0.05,0.15,626,31.2947,2.32226,0.41374
2104,37,4,4,10,0,1,0,0,1.774,0.05,0.15,626,31.2947,2.65713,0.41374
2105,400,28,28,76,0,0,0,1,240.892,0.05,0.15,626,31.2947,1.99654,0.41374
2106,59,6,6,20,0,1,0,0,17.05,0.05,0.15,626,31.2947,3.49557,0.41374
2107,267,9,9,23,0,1,0,0,69.153,0.05,0.15,626,31.2947,1.15169,0.41374
2108,51,1,1,6,0,1,0,0,-11.719,0.05,0.15,626,31.2947,1.9255,0.41374
2109,175,11,11,28,0,1,0,0,51.991,0.05,0.15,626,31.2947,2.57195,0.41374
2110,235,7,7,31,0,1,0,0,45.901,0.05,0.15,626,31.2947,1.95043,0.41374
2111,400,23,23,52,0,0,0,1,211.882,0.05,0.15,626,31.2947,1.41534,0.41374
2112,400,31,31,73,0,0,0,1,242.054,0.05,0.15,626,31.2947,1.7964,0.41374
2113,400,32,32,88,0,0,0,1,247.199,0.05,0.15,626,31.2947,2.11388,0.41374
2114,5,0,0,3,0,1,0,0,-28.054,0.05,0.15,626,31.2947,6.68451,0.41374
2115,63,4,4,18,0,1,0,0,13.63,0.05,0.15,626,31.2947,2.64044,0.41374
2116,400,35,35,94,0,0,0,1,278.502,0.05,0.15,626,31.2947,2.28557,0.41374
2117,400,27,27,73,0,0,0,1,207.182,0.05,0.15,626,31.2947,2.70483,0.41374
2118,163,16,16,43,0,1,0,0,95.923,0.05,0.15,626,31.2947,2.46241,0.41374
2119,37,2,2,13,0,1,0,0,-8.617,0.05,0.15,626,31.2947,3.96411,0.41374
2120,400,21,21,56,0,0,0,1,204.508,0.05,0.15,626,31.2947,1.33529,0.41374
2121,126,11,11,32,0,1,0,0,57.51,0.05,0.15,626,31.2947,2.42092,0.41374
2122,5,0,0,3,0,1,0,0,-30.808,0.05,0.15,626,31.2947,8.83025,0.41374
2123,363,21,21,56,0,1,0,0,144.369,0.05,0.15,626,31.2947,2.11193,0.41374
2124,348,22,22,64,0,1,0,0,157.315,0.05,0.15,626,31.2947,2.14703,0.41374
2125,96,8,8,19,0,1,0,0,26.342,0.05,0.15,626,31.2947,2.24577,0.41374
2126,286,27,27,65,0,1,0,0,179.085,0.05,0.15,626,31.2947,2.1938,0.41374
2127,400,29,29,79,0,0,0,1,244.987,0.05,0.15,626,31.2947,1.8663,0.41374
2128,68,5,5,21,0,1,0,0,13.045,0.05,0.15,626,31.2947,2.76457,0.41374
2129,389,36,36,97,0,1,0,0,249.296,0.05,0.15,626,31.2947,2.67507,0.41374
2130,199,20,20,49,0,1,0,0,120.448,0.05,0.15,626,31.2947,2.32745,0.414
2131,400,41,41,99,0,0,0,1,317.413,0.05,0.15,626,31.2947,2.37916,0.414
2132,169,15,15,35,0,1,0,0,76.477,0.05,0.15,626,31.2947,2.19378,0.414
2133,33,3,3,10,0,1,0,0,-3.861,0.05,0.15,626,31.2947,3.42392,0.414
2134,400,31,31,94,0,0,0,1,254.329,0.05,0.15,626,31.2947,1.81462,0.414
2135,5,0,0,3,0,1,0,0,-32.156,0.05,0.15,626,31.2947,5.75022,0.414
2136,400,27,27,72,0,0,0,1,222.614,0.05,0.15,626,31.2947,2.09616,0.414
2137,289,37,37,84,0,1,0,0,223.869,0.05,0.15,626,31.2947,2.37102,0.414
2138,46,4,4,15,0,1,0,0,2.342,0.05,0.15,626,31.2947,3.02243,0.414
2139,209,20,20,57,0,1,0,0,127.903,0.05,0.15,626,31.2947,2.63354,0.414
2140,400,44,44,109,0,0,0,1,327.559,0.05,0.15,626,31.2947,2.44137,0.414
2141,190,23,23,56,0,1,0,0,146.665,0.05,0.15,626,31.2947,2.45093,0.414
2142,400,44,44,99,0,0,0,1,296.989,0.05,0.15,626,31.2947,2.73834,0.41427
2143,262,28,28,75,0,1,0,0,170.173,0.05,0.15,626,31.2947,2.49747,0.41427
2144,112,6,6,16,0,1,0,0,12.532,0.05,0.15,626,31.2947,2.8954,0.41427
2145,400,42,42,95,0,0,0,1,274.717,0.05,0.15,626,31.2947,2.81671,0.41427
2146,113,12,12,30,0,1,0,0,40.859,0.05,0.15,626,31.2947,2.77286,0.41427
2147,36,1,1,5,0,1,0,0,-18.519,0.05,0.15,626,31.2947,2.3508,0.41427
2148,17,1,1,8,0,1,0,0,-17.777,0.05,0.15,626,31.2947,6.04942,0.41427
2149,400,27,27,65,0,0,0,1,210.659,0.05,0.15,626,31.2947,2.00838,0.4148
2150,400,27,27,73,0,0,0,1,235.376,0.05,0.15,626,31.2947,1.97896,0.4148
2151,5,0,0,1,0,1,0,0,-28.262,0.05,0.15,626,31.2947,13.66065,0.4148
2152,253,31,31,79,0,1,0,0,185.727,0.05,0.15,626,31.2947,3.07119,0.4148
2153,400,39,39,87,0,0,0,1,284.078,0.05,0.15,626,31.2947,2.50941,0.4148
2154,241,23,23,61,0,1,0,0,151.045,0.05,0.15,626,31.2947,2.19005,0.4148
2155,15,1,1,7,0,1,0,0,-16.247,0.05,0.15,626,31.2947,5.36205,0.4148
2156,292,32,32,70,0,1,0,0,202.604,0.05,0.15,626,31.2947,2.32448,0.4148
2157,346,29,29,69,0,1,0,0,193.455,0.05,0.15,626,31.2947,1.85134,0.4148
2158,400,19,19,51,0,0,0,1,172.258,0.05,0.15,626,31.2947,1.89529,0.4148
2159,168,17,17,49,0,1,0,0,106.317,0.05,0.15,626,31.2947,2.41969,0.4148
2160,400,20,20,50,0,0,0,1,188.122,0.05,0.15,626,31.2947,1.30922,0.4148
2161,158,7,7,19,0,1,0,0,41.325,0.05,0.15,626,31.2947,1.45571,0.4148
2162,400,25,25,63,0,0,0,1,220.274,0.05,0.15,626,31.2947,1.57093,0.4148
2163,400,17,17,47,0,0,0,1,188.1,0.05,0.15,626,31.2947,1.32452,0.4148
2164,400,8,8,23,0,0,0,1,117.532,0.05,0.15,626,31.2947,0.84791,0.4148
2165,400,34,34,79,0,0,0,1,261.502,0.05,0.15,626,31.2947,1.86236,0.4148
2166,400,30,30,80,0,0,0,1,251.115,0.05,0.15,626,31.2947,2.10966,0.4148
2167,400,38,38,94,0,0,0,1,296.01,0.05,0.15,626,31.2947,2.27808,0.4148
2168,400,29,29,78,0,0,0,1,252.623,0.05,0.15,626,31.2947,1.92969,0.4148
2169,400,18,18,49,0,0,0,1,179.055,0.05,0.15,626,31.2947,1.47218,0.4148
2170,238,28,28,66,0,1,0,0,168.184,0.05,0.15,626,31.2947,2.38602,0.4148
2171,48,7,7,16,0,1,0,0,13.315,0.05,0.15,626,31.2947,2.8334,0.4148
2172,5,0,0,3,0,1,0,0,-33.008,0.05,0.15,626,31.2947,5.14722,0.4148
2173,27,3,3,9,0,1,0,0,-6.329,0.05,0.15,626,31.2947,3.38118,0.4148
2174,218,20,20,55,0,1,0,0,128.239,0.05,0.15,626,31.2947,2.56449,0.4148
2175,400,37,37,92,0,0,0,1,295.705,0.05,0.15,626,31.2947,2.33574,0.4148
2176,400,39,39,94,0,0,0,1,286.128,0.05,0.15,626,31.2947,2.40238,0.4148
2177,228,24,24,55,0,1,0,0,141.278,0.05,0.15,626,31.2947,2.80781,0.4148
2178,309,25,25,62,0,1,0,0,156.515,0.05,0.15,626,31.2947,2.5284,0.4148
2179,118,9,9,30,0,1,0,0,42.745,0.05,0.15,626,31.2947,2.53603,0.4148
2180,252,10,10,36,0,1,0,0,68.783,0.05,0.15,626,31.2947,1.80822,0.4148
2181,400,7,7,31,0,0,0,1,96.891,0.05,0.15,626,31.2947,1.44366,0.4148
2182,400,24,24,67,0,0,0,1,203.233,0.05,0.15,626,31.2947,1.8293,0.41507
2183,162,14,14,51,0,1,0,0,84.735,0.05,0.15,626,31.2947,2.49692,0.41507
2184,400,23,23,66,0,0,0,1,197.193,0.05,0.15,626,31.2947,1.87942,0.41507
2185,182,17,17,40,0,1,0,0,93.725,0.05,0.15,626,31.2947,2.11394,0.41507
2186,207,12,12,36,0,1,0,0,84.799,0.05,0.15,626,31.2947,1.63918,0.41507
2187,38,4,4,10,0,1,0,0,-2.085,0.05,0.15,626,31.2947,3.48346,0.41507
2188,5,0,0,3,0,1,0,0,-25.454,0.05,0.15,626,31.2947,7.22754,0.41507
2189,74,7,7,18,0,1,0,0,14.089,0.05,0.15,626,31.2947,3.38582,0.41507
2190,13,0,0,5,0,1,0,0,-25.773,0.05,0.15,626,31.2947,9.0965,0.41507
2191,400,30,30,62,0,0,0,1,216.954,0.05,0.15,626,31.2947,1.84953,0.41507
2192,400,24,24,53,0,0,0,1,188.621,0.05,0.15,626,31.2947,2.15731,0.41534
2193,67,5,5,16,0,1,0,0,12.539,0.05,0.15,626,31.2947,1.76352,0.41534
2194,111,4,4,19,0,1,0,0,18.53,0.05,0.15,626,31.2947,1.72133,0.41534
2195,94,7,7,12,0,1,0,0,18.892,0.05,0.15,626,31.2947,2.5451,0.41534
2196,23,2,2,4,0,1,0,0,-14.587,0.05,0.15,626,31.2947,4.63321,0.41534
2197,150,13,13,36,0,1,0,0,74.035,0.05,0.15,626,31.2947,2.09907,0.41534
2198,213,8,8,32,0,1,0,0,53.087,0.05,0.15,626,31.2947,1.65923,0.41534
2199,400,8,8,39,0,0,0,1,125.787,0.05,0.15,626,31.2947,1.18406,0.41534
2200,175,14,14,29,0,1,0,0,70.23,0.05,0.15,626,31.2947,1.6973,0.41534
2201,117,9,9,33,0,1,0,0,54.421,0.05,0.15,626,31.2947,2.2205,0.41534
2202,400,14,14,34,0,0,0,1,149.997,0.05,0.15,626,31.2947,1.05893,0.41534
2203,90,6,6,16,0,1,0,0,21.624,0.05,0.15,626,31.2947,1.55852,0.41534
2204,136,8,8,23,0,1,0,0,42.919,0.05,0.15,626,31.2947,1.48775,0.41534
2205,119,8,8,20,0,1,0,0,30.125,0.05,0.15,626,31.2947,2.23914,0.41534
2206,153,12,12,18,0,1,0,0,48.596,0.05,0.15,626,31.2947,2.01386,0.41534
2207,92,10,10,17,0,1,0,0,34.813,0.05,0.15,626,31.2947,2.35439,0.41534
2208,76,1,1,6,0,1,0,0,-12.29,0.05,0.15,626,31.2947,1.30538,0.41534
2209,28,0,0,4,0,1,0,0,-31.21,0.05,0.15,626,31.2947,1.31227,0.41534
2210,149,7,7,19,0,1,0,0,31.324,0.05,0.15,626,31.2947,1.69612,0.41534
2211,400,14,14,31,0,0,0,1,138.241,0.05,0.15,626,31.2947,2.01015,0.41534
2212,31,2,2,11,0,1,0,0,-6.247,0.05,0.15,626,31.2947,3.01641,0.41534
2213,76,7,7,18,0,1,0,0,27.463,0.05,0.15,626,31.2947,3.06177,0.41534
2214,400,15,15,45,0,0,0,1,153.241,0.05,0.15,626,31.2947,2.15609,0.41534
2215,89,8,8,21,0,1,0,0,32.291,0.05,0.15,626,31.2947,2.91744,0.41534
2216,400,24,24,57,0,0,0,1,190.618,0.05,0.15,626,31.2947,2.05576,0.41534
2217,16,1,1,5,0,1,0,0,-17.568,0.05,0.15,626,31.2947,2.30429,0.41534
2218,331,12,12,47,0,1,0,0,101.035,0.05,0.15,626,31.2947,2.20375,0.4156
2219,189,11,11,33,0,1,0,0,64.542,0.05,0.15,626,31.2947,1.72529,0.4156
2220,400,33,33,72,0,0,0,1,252.364,0.05,0.15,626,31.2947,1.58255,0.4156
2221,18,2,2,7,0,1,0,0,-12.515,0.05,0.15,626,31.2947,3.97523,0.4156
2222,400,24,24,60,0,0,0,1,212.443,0.05,0.15,627,31.2947,1.67554,0.4152
2223,275,26,26,59,0,1,0,0,163.003,0.05,0.15,627,31.2947,2.6078,0.4152
2224,314,25,25,67,0,1,0,0,167.847,0.05,0.15,627,31.2947,2.6142,0.4152
2225,347,10,10,41,0,1,0,0,84.269,0.05,0.15,627,31.2947,2.29649,0.4152
2226,375,16,16,41,0,1,0,0,102.31,0.05,0.15,627,31.2947,1.95304,0.4152
2227,360,29,29,77,0,1,0,0,196.745,0.05,0.15,627,31.2947,2.34637,0.4152
2228,400,37,37,98,0,0,0,1,289.354,0.05,0.15,627,31.2947,2.2564,0.4152
2229,400,34,34,82,0,0,0,1,276.518,0.05,0.15,627,31.2947,2.34692,0.4152
2230,268,34,34,83,0,1,0,0,213.769,0.05,0.15,627,31.2947,2.79132,0.4152
2231,400,37,37,83,0,0,0,1,276.478,0.05,0.15,627,31.2947,2.30894,0.4152
2232,400,47,47,106,0,0,0,1,325.936,0.05,0.15,627,31.2947,2.53611,0.4152
2233,23,1,1,4,0,1,0,0,-16.925,0.05,0.15,627,31.2947,3.64229,0.4152
2234,400,42,42,101,0,0,0,1,313.478,0.05,0.15,627,31.2947,2.46852,0.4152
2235,400,33,33,69,0,0,0,1,253.798,0.05,0.15,627,31.2947,2.05825,0.4152
2236,172,21,21,47,0,1,0,0,114.121,0.05,0.15,627,31.2947,2.87779,0.4152
2237,275,18,18,39,0,1,0,0,108.616,0.05,0.15,627,31.2947,2.33928,0.4152
2238,400,39,39,87,0,0,0,1,277.047,0.05,0.15,627,31.2947,2.36436,0.4152
2239,148,8,8,20,0,1,0,0,35.451,0.05,0.15,627,31.2947,3.00957,0.4152
2240,128,10,10,32,0,1,0,0,48.763,0.05,0.15,627,31.2947,3.14668,0.4152
2241,13,0,0,3,0,1,0,0,-26.573,0.05,0.15,627,31.2947,8.49285,0.4152
2242,13,0,0,3,0,1,0,0,-26.559,0.05,0.15,627,31.2947,6.69934,0.4152
2243,400,38,38,89,0,0,0,1,290.771,0.05,0.15,627,31.2947,2.53729,0.4152
2244,346,27,27,72,0,1,0,0,184.428,0.05,0.15,627,31.2947,2.307,0.4152
2245,400,39,39,91,0,0,0,1,294.602,0.05,0.15,627,31.2947,2.81198,0.4152
2246,38,3,3,12,0,1,0,0,-1.272,0.05,0.15,627,31.2947,3.45328,0.4152
2247,400,24,24,62,0,0,0,1,201.321,0.05,0.15,627,31.2947,2.3407,0.4152
2248,12,0,0,4,0,1,0,0,-23.808,0.05,0.15,627,31.2947,4.74722,0.4152
2249,25,0,0,4,0,1,0,0,-21.883,0.05,0.15,627,31.2947,4.60389,0.4152
2250,23,2,2,5,0,1,0,0,-15.641,0.05,0.15,627,31.2947,5.35253,0.4152
2251,400,24,24,81,0,0,0,1,223.071,0.05,0.15,627,31.2947,2.2908,0.4152
2252,13,0,0,3,0,1,0,0,-23.123,0.05,0.15,627,31.2947,4.81969,0.4152
2253,123,6,6,16,0,1,0,0,22.423,0.05,0.15,627,31.2947,2.65323,0.4152
2254,207,11,11,29,0,1,0,0,60.271,0.05,0.15,628,31.2947,2.86654,0.41481
2255,194,17,17,45,0,1,0,0,90.763,0.05,0.15,628,31.2947,3.1469,0.41481
2256,400,23,23,66,0,0,0,1,186.34,0.05,0.15,628,31.2947,2.32535,0.41481
2257,400,11,11,39,0,0,0,1,93.57,0.05,0.15,628,31.2947,1.84281,0.41507
2258,5,0,0,3,0,1,0,0,-28.854,0.05,0.15,628,31.2947,6.40242,0.41507
2259,400,34,34,92,0,0,0,1,260.923,0.05,0.15,628,31.2947,2.1397,0.41507
2260,37,0,0,3,0,1,0,0,-18.405,0.05,0.15,628,31.2947,2.90786,0.41507
2261,5,0,0,2,0,1,0,0,-28.612,0.05,0.15,628,31.2947,5.57216,0.41507
2262,38,1,1,11,0,1,0,0,-13.577,0.05,0.15,628,31.2947,3.68432,0.41507
2263,400,21,21,51,0,0,0,1,170.989,0.05,0.15,628,31.2947,2.06516,0.41507
2264,71,3,3,10,0,1,0,0,-4.554,0.05,0.15,629,31.2947,2.84529,0.41468
2265,20,1,1,7,0,1,0,0,-17.639,0.05,0.15,629,31.2947,5.07614,0.41468
2266,400,29,29,77,0,0,0,1,208.6,0.05,0.15,629,31.2947,2.04654,0.41468
2267,97,8,8,35,0,1,0,0,38.561,0.05,0.15,629,31.2947,2.77131,0.41468
2268,400,39,39,89,0,0,0,1,288.033,0.05,0.15,629,31.2947,2.25375,0.41468
2269,58,4,4,18,0,1,0,0,6.177,0.05,0.15,629,31.2947,3.67229,0.41468
2270,20,1,1,9,0,1,0,0,-16.823,0.05,0.15,629,31.2947,5.00093,0.41468
2271,88,11,11,31,0,1,0,0,41.732,0.05,0.15,629,31.2947,3.0077,0.41468
2272,400,31,31,90,0,0,0,1,255.259,0.05,0.15,629,31.2947,2.51149,0.41494
2273,400,38,38,101,0,0,0,1,298.424,0.05,0.15,629,31.2947,2.28761,0.41494
2274,400,31,31,93,0,0,0,1,271.885,0.05,0.15,629,31.2947,2.30902,0.41494
2275,142,13,13,43,0,1,0,0,81.121,0.05,0.15,629,31.2947,2.66745,0.41494
2276,400,36,36,95,0,0,0,1,297.747,0.05,0.15,629,31.2947,2.34242,0.41494
2277,400,37,37,83,0,0,0,1,279.398,0.05,0.15,629,31.2947,2.33295,0.41494
2278,400,37,37,80,0,0,0,1,277.629,0.05,0.15,629,31.2947,2.16573,0.41494
2279,13,0,0,5,0,1,0,0,-22.457,0.05,0.15,629,31.2947,8.18038,0.41494
2280,400,32,32,93,0,0,0,1,271.326,0.05,0.15,629,31.2947,2.61542,0.41494
2281,400,42,42,111,0,0,0,1,317.016,0.05,0.15,629,31.2947,2.58873,0.41494
2282,80,4,4,17,0,1,0,0,11.505,0.05,0.15,629,31.2947,2.70076,0.41494
2283,284,29,29,71,0,1,0,0,187.553,0.05,0.15,630,31.2947,2.73845,0.41455
2284,400,35,35,79,0,0,0,1,249.086,0.05,0.15,630,31.2947,2.45158,0.41455
2285,13,0,0,4,0,1,0,0,-27.877,0.05,0.15,630,31.2947,6.19689,0.41455
2286,400,39,39,99,0,0,0,1,300.068,0.05,0.15,630,31.2947,2.49871,0.41455
2287,39,2,2,7,0,1,0,0,-11.383,0.05,0.15,630,31.2947,3.09382,0.41455
2288,13,1,1,4,0,1,0,0,-21.19,0.05,0.15,630,31.2947,4.66472,0.41455
2289,400,34,34,82,0,0,0,1,269.658,0.05,0.15,630,31.2947,2.12909,0.41481
2290,176,19,19,37,0,1,0,0,101.812,0.05,0.15,630,31.2947,2.76794,0.41481
2291,400,40,40,101,0,0,0,1,301.16,0.05,0.15,630,31.2947,2.04729,0.41481
2292,400,39,39,98,0,0,0,1,296.696,0.05,0.15,630,31.2947,2.344,0.41481
2293,400,34,34,96,0,0,0,1,276.964,0.05,0.15,630,31.2947,2.23115,0.41481
2294,400,24,24,63,0,0,0,1,196.255,0.05,0.15,630,31.2947,1.96544,0.41481
2295,400,20,20,60,0,0,0,1,169.871,0.05,0.15,631,31.2947,2.11385,0.41442
2296,181,12,12,42,0,1,0,0,81.996,0.05,0.15,631,31.2947,2.23621,0.41442
2297,90,5,5,15,0,1,0,0,17.926,0.05,0.15,631,31.2947,2.02729,0.41442
2298,55,5,5,15,0,1,0,0,4.281,0.05,0.15,631,31.2947,3.71245,0.41442
2299,13,0,0,3,0,1,0,0,-28.67,0.05,0.15,631,31.2947,6.08611,0.41442
2300,23,1,1,7,0,1,0,0,-17.942,0.05,0.15,631,31.2947,4.12669,0.41442
2301,14,1,1,5,0,1,0,0,-21.758,0.05,0.15,631,31.2947,6.55562,0.41442
2302,400,38,38,99,0,0,0,1,290.329,0.05,0.15,631,31.2947,2.28509,0.41442
2303,339,33,33,88,0,1,0,0,228.728,0.05,0.15,631,31.2947,2.25698,0.41469
2304,400,44,44,107,0,0,0,1,329.382,0.05,0.15,631,31.2947,2.12654,0.41469
2305,150,18,18,41,0,1,0,0,94.216,0.05,0.15,631,31.2947,2.83981,0.41469
2306,176,21,21,49,0,1,0,0,122.856,0.05,0.15,631,31.2947,2.97879,0.41469
2307,33,5,5,12,0,1,0,0,7.172,0.05,0.15,631,31.2947,3.16804,0.41469
2308,83,10,10,23,0,1,0,0,34.096,0.05,0.15,631,31.2947,3.32845,0.41469
2309,86,10,10,16,0,1,0,0,37.68,0.05,0.15,631,31.2947,2.72757,0.41469
2310,400,41,41,93,0,0,0,1,305.569,0.05,0.15,631,31.2947,2.14082,0.41469
2311,168,18,18,43,0,1,0,0,109.087,0.05,0.15,631,31.2947,2.39016,0.41469
2312,400,46,46,115,0,0,0,1,347.87,0.05,0.15,631,31.2947,2.13822,0.41469
2313,123,15,15,36,0,1,0,0,76.155,0.05,0.15,631,31.2947,2.46808,0.41469
2314,355,34,34,89,0,1,0,0,245.637,0.05,0.15,631,31.2947,1.78571,0.41469
2315,229,27,27,69,0,1,0,0,170.036,0.05,0.15,631,31.2947,2.43206,0.41469
2316,118,7,7,37,0,1,0,0,36.599,0.05,0.15,631,31.2947,3.20674,0.41469
2317,301,29,29,68,0,1,0,0,191.236,0.05,0.15,631,31.2947,2.14685,0.41469
2318,400,33,33,79,0,0,0,1,280.067,0.05,0.15,631,31.2947,1.65891,0.41469
2319,20,0,0,6,0,1,0,0,-19.586,0.05,0.15,631,31.2947,3.75861,0.41469
2320,130,17,17,42,0,1,0,0,82.025,0.05,0.15,631,31.2947,3.06776,0.41469
2321,35,2,2,9,0,1,0,0,-8.113,0.05,0.15,631,31.2947,2.69785,0.41469
2322,400,42,42,114,0,0,0,1,335.261,0.05,0.15,631,31.2947,2.27685,0.41469
2323,400,43,43,95,0,0,0,1,318.557,0.05,0.15,631,31.2947,1.94908,0.41469
2324,13,0,0,4,0,1,0,0,-25.107,0.05,0.15,631,31.2947,8.40116,0.41469
2325,44,1,1,13,0,1,0,0,-8.83,0.05,0.15,631,31.2947,4.63474,0.41469
2326,62,7,7,19,0,1,0,0,25.419,0.05,0.15,631,31.2947,2.83009,0.41469
2327,359,33,33,80,0,1,0,0,219.241,0.05,0.15,631,31.2947,2.47136,0.41521
2328,400,33,33,79,0,0,0,1,269.477,0.05,0.15,631,31.2947,1.78585,0.41521
2329,36,3,3,9,0,1,0,0,-3.723,0.05,0.15,631,31.2947,3.89178,0.41548
2330,349,30,30,76,0,1,0,0,212.976,0.05,0.15,631,31.2947,1.86202,0.41548
2331,400,31,31,89,0,0,0,1,279.646,0.05,0.15,631,31.2947,2.07344,0.41548
2332,400,42,42,114,0,0,0,1,332.715,0.05,0.15,631,31.2947,1.98317,0.41548
2333,111,11,11,34,0,1,0,0,61.402,0.05,0.15,631,31.2947,2.57937,0.41548
2334,400,38,38,91,0,0,0,1,297.854,0.05,0.15,631,31.2947,2.1417,0.41548
2335,158,15,15,43,0,1,0,0,96.7,0.05,0.15,631,31.2947,2.18508,0.41548
2336,400,43,43,111,0,0,0,1,345.383,0.05,0.15,631,31.2947,2.11972,0.41548
2337,400,42,42,95,0,0,0,1,327.502,0.05,0.15,631,31.2947,1.8852,0.41548
2338,184,15,15,59,0,1,0,0,113.726,0.05,0.15,631,31.2947,1.9909,0.41548
2339,400,42,42,111,0,0,0,1,327.838,0.05,0.15,631,31.2947,2.08185,0.41574
2340,400,43,43,94,0,0,0,1,333.556,0.05,0.15,631,31.2947,1.92921,0.41574
2341,400,41,41,101,0,0,0,1,316.818,0.05,0.15,631,31.2947,1.85519,0.41574
2342,400,45,45,106,0,0,0,1,341.593,0.05,0.15,631,31.2947,1.92026,0.41574
2343,400,29,29,84,0,0,0,1,269.647,0.05,0.15,631,31.2947,1.93703,0.41574
2344,6,0,0,1,0,1,0,0,-26.856,0.05,0.15,631,31.2947,2.64732,0.41574
2345,278,28,28,73,0,1,0,0,177.643,0.05,0.15,631,31.2947,2.32354,0.41574
2346,256,28,28,70,0,1,0,0,168.653,0.05,0.15,631,31.2947,2.97507,0.41574
2347,14,0,0,2,0,1,0,0,-27.517,0.05,0.15,631,31.2947,8.76123,0.41574
2348,400,35,35,88,0,0,0,1,281.511,0.05,0.15,632,31.2947,2.48798,0.41535
2349,98,11,11,32,0,1,0,0,55.262,0.05,0.15,632,31.2947,2.6846,0.41535
2350,254,28,28,58,0,1,0,0,167.995,0.05,0.15,632,31.2947,2.51992,0.41535
2351,400,42,42,93,0,0,0,1,318.328,0.05,0.15,632,31.2947,2.05376,0.41535
2352,400,30,30,83,0,0,0,1,266.705,0.05,0.15,632,31.2947,1.86631,0.41535
2353,125,11,11,41,0,1,0,0,69.504,0.05,0.15,632,31.2947,2.38773,0.41535
2354,205,22,22,53,0,1,0,0,133.853,0.05,0.15,632,31.2947,2.37734,0.41535
2355,59,6,6,16,0,1,0,0,13.765,0.05,0.15,632,31.2947,3.98114,0.41535
2356,84,0,0,8,0,1,0,0,-11.929,0.05,0.15,632,31.2947,2.55231,0.41535
2357,158,13,13,37,0,1,0,0,61.806,0.05,0.15,632,31.2947,3.2032,0.41535
2358,20,2,2,11,0,1,0,0,-13.373,0.05,0.15,632,31.2947,6.62106,0.41535
2359,115,9,9,26,0,1,0,0,34.827,0.05,0.15,632,31.2947,2.86948,0.41535
2360,69,6,6,16,0,1,0,0,7.872,0.05,0.15,632,31.2947,4.16471,0.41535
2361,54,5,5,11,0,1,0,0,1.471,0.05,0.15,632,31.2947,3.43178,0.41535
2362,400,19,19,60,0,0,0,1,189.625,0.05,0.15,632,31.2947,1.65473,0.41535
2363,400,21,21,56,0,0,0,1,198.721,0.05,0.15,632,31.2947,1.71332,0.41535
2364,111,11,11,26,0,1,0,0,49.465,0.05,0.15,632,31.2947,2.38939,0.41535
2365,400,17,17,46,0,0,0,1,184.811,0.05,0.15,632,31.2947,1.54557,0.41535
2366,400,9,9,32,0,0,0,1,131.157,0.05,0.15,632,31.2947,1.38186,0.41535
2367,21,1,1,9,0,1,0,0,-17.492,0.05,0.15,632,31.2947,3.89864,0.41535
2368,400,28,28,54,0,0,0,1,228.996,0.05,0.15,632,31.2947,1.35256,0.41535
2369,400,34,34,79,0,0,0,1,276.662,0.05,0.15,632,31.2947,1.72517,0.41535
2370,400,34,34,72,0,0,0,1,264.987,0.05,0.15,632,31.2947,1.92605,0.41535
2371,400,28,28,63,0,0,0,1,230.877,0.05,0.15,632,31.2947,1.80034,0.41535
2372,400,37,37,86,0,0,0,1,294.657,0.05,0.15,632,31.2947,1.94986,0.41535
2373,400,31,31,78,0,0,0,1,266.166,0.05,0.15,632,31.2947,1.67557,0.41535
2374,232,23,23,70,0,1,0,0,165.748,0.05,0.15,632,31.2947,2.36715,0.41535
2375,400,36,36,95,0,0,0,1,291.926,0.05,0.15,632,31.2947,2.00253,0.41535
2376,126,9,9,33,0,1,0,0,52.17,0.05,0.15,632,31.2947,2.00305,0.41535
2377,400,36,36,94,0,0,0,1,264.531,0.05,0.15,632,31.2947,2.25686,0.41535
2378,166,15,15,45,0,1,0,0,83.103,0.05,0.15,632,31.2947,2.77292,0.41535
2379,54,3,3,16,0,1,0,0,6.105,0.05,0.15,632,31.2947,2.83618,0.41535
2380,254,20,20,60,0,1,0,0,143.747,0.05,0.15,632,31.2947,2.03354,0.41535
2381,121,12,12,33,0,1,0,0,58.489,0.05,0.15,632,31.2947,2.43223,0.41535
2382,400,38,38,99,0,0,0,1,305.599,0.05,0.15,632,31.2947,2.04907,0.41535
2383,43,0,0,4,0,1,0,0,-30.032,0.05,0.15,632,31.2947,1.48707,0.41535
2384,13,0,0,5,0,1,0,0,-21.565,0.05,0.15,632,31.2947,5.36152,0.41535
2385,68,7,7,15,0,1,0,0,21.829,0.05,0.15,632,31.2947,2.96029,0.41535
2386,24,2,2,7,0,1,0,0,-13.368,0.05,0.15,632,31.2947,4.95574,0.41535
2387,400,41,41,105,0,0,0,1,321.42,0.05,0.15,632,31.2947,2.25023,0.41535
2388,400,38,38,104,0,0,0,1,316.04,0.05,0.15,632,31.2947,2.11783,0.41535
2389,186,18,18,47,0,1,0,0,110.764,0.05,0.15,632,31.2947,2.25573,0.41535
2390,400,42,42,102,0,0,0,1,328.851,0.05,0.15,632,31.2947,2.28271,0.41535
2391,400,42,42,103,0,0,0,1,321.931,0.05,0.15,632,31.2947,1.99526,0.41535
2392,68,8,8,24,0,1,0,0,28.965,0.05,0.15,632,31.2947,2.72532,0.41535
2393,400,30,30,74,0,0,0,1,255.329,0.05,0.15,632,31.2947,1.8776,0.41561
2394,222,18,18,44,0,1,0,0,103.502,0.05,0.15,632,31.2947,2.08803,0.41561
2395,400,29,29,67,0,0,0,1,230.88,0.05,0.15,632,31.2947,2.03435,0.41561
2396,400,44,44,97,0,0,0,1,326.483,0.05,0.15,632,31.2947,2.37231,0.41561
2397,400,42,42,92,0,0,0,1,322.338,0.05,0.15,632,31.2947,2.05581,0.41561
2398,400,45,45,113,0,0,0,1,354.551,0.05,0.15,632,31.2947,1.98882,0.41561
2399,400,47,47,111,0,0,0,1,348.764,0.05,0.15,632,31.2947,2.02811,0.41561
2400,118,9,9,34,0,1,0,0,57.685,0.05,0.15,632,31.2947,2.64038,0.41561
2401,13,0,0,4,0,1,0,0,-26.373,0.05,0.15,632,31.2947,9.31101,0.41561
2402,400,43,43,112,0,0,0,1,345.478,0.05,0.15,632,31.2947,2.12967,0.41561
2403,83,8,8,29,0,1,0,0,34.197,0.05,0.15,632,31.2947,3.29031,0.41561
2404,13,0,0,5,0,1,0,0,-26.747,0.05,0.15,632,31.2947,6.46343,0.41561
2405,65,6,6,20,0,1,0,0,19.674,0.05,0.15,632,31.2947,2.75155,0.41561
2406,400,31,31,73,0,0,0,1,249.919,0.05,0.15,632,31.2947,1.80238,0.41561
2407,400,43,43,110,0,0,0,1,337.694,0.05,0.15,632,31.2947,2.12177,0.41561
2408,27,3,3,7,0,1,0,0,-6.847,0.05,0.15,632,31.2947,4.01969,0.41561
2409,148,15,15,48,0,1,0,0,94.46,0.05,0.15,632,31.2947,2.65828,0.41561
2410,400,39,39,100,0,0,0,1,302.891,0.05,0.15,632,31.2947,2.40096,0.41561
2411,400,38,38,95,0,0,0,1,297.494,0.05,0.15,632,31.2947,2.29727,0.41561
2412,400,43,43,96,0,0,0,1,326.444,0.05,0.15,632,31.2947,2.24107,0.41561
2413,92,6,6,22,0,1,0,0,29.047,0.05,0.15,632,31.2947,2.42414,0.41561
2414,400,41,41,108,0,0,0,1,328.884,0.05,0.15,632,31.2947,2.38643,0.41588
2415,226,21,21,69,0,1,0,0,147.515,0.05,0.15,632,31.2947,2.44856,0.41588
2416,13,1,1,3,0,1,0,0,-21.615,0.05,0.15,632,31.2947,5.94154,0.41588
2417,140,17,17,44,0,1,0,0,100.361,0.05,0.15,632,31.2947,2.39825,0.41588
2418,400,42,42,111,0,0,0,1,334.512,0.05,0.15,632,31.2947,2.04237,0.41588
2419,400,40,40,100,0,0,0,1,319.621,0.05,0.15,632,31.2947,2.16892,0.41588
2420,25,1,1,7,0,1,0,0,-18.051,0.05,0.15,632,31.2947,4.21385,0.41588
2421,400,18,18,47,0,0,0,1,176.325,0.05,0.15,632,31.2947,1.2111,0.41588
2422,130,16,16,29,0,1,0,0,75.242,0.05,0.15,632,31.2947,2.1981,0.41588
2423,111,13,13,33,0,1,0,0,67.285,0.05,0.15,632,31.2947,2.57858,0.41588
2424,400,45,45,106,0,0,0,1,339.574,0.05,0.15,632,31.2947,2.22538,0.41588
2425,400,38,38,88,0,0,0,1,305.4,0.05,0.15,632,31.2947,2.01289,0.41588
2426,400,45,45,113,0,0,0,1,354.665,0.05,0.15,632,31.2947,1.95489,0.41588
2427,155,23,23,48,0,1,0,0,124.401,0.05,0.15,632,31.2947,2.36883,0.41588
2428,28,3,3,12,0,1,0,0,-6.989,0.05,0.15,632,31.2947,4.38765,0.41588
2429,400,46,46,108,0,0,0,1,345.368,0.05,0.15,632,31.2947,2.01039,0.41588
2430,400,33,33,87,0,0,0,1,287.598,0.05,0.15,632,31.2947,1.7781,0.41588
2431,50,5,5,13,0,1,0,0,11.173,0.05,0.15,632,31.2947,2.59545,0.41588
2432,400,40,40,90,0,0,0,1,304.058,0.05,0.15,633,31.2947,1.84604,0.41548
2433,221,23,23,60,0,1,0,0,148.292,0.05,0.15,633,31.2947,2.53124,0.41548
2434,400,40,40,93,0,0,0,1,314.669,0.05,0.15,633,31.2947,2.2406,0.41548
2435,121,13,13,35,0,1,0,0,75.165,0.05,0.15,633,31.2947,2.27257,0.41548
2436,8,0,0,5,0,1,0,0,-23.796,0.05,0.15,633,31.2947,5.33791,0.41548
2437,20,1,1,7,0,1,0,0,-18.611,0.05,0.15,633,31.2947,7.25403,0.41548
2438,88,11,11,23,0,1,0,0,41.632,0.05,0.15,634,31.2947,3.71301,0.41509
2439,35,4,4,12,0,1,0,0,-3.368,0.05,0.15,634,31.2947,3.93431,0.41509
2440,50,5,5,14,0,1,0,0,6.267,0.05,0.15,634,31.2947,3.51564,0.41509
2441,124,10,10,36,0,1,0,0,58.646,0.05,0.15,634,31.2947,2.92776,0.41509
2442,342,23,23,52,0,1,0,0,147.722,0.05,0.15,634,31.2947,2.48276,0.41509
2443,32,1,1,10,0,1,0,0,-11.086,0.05,0.15,634,31.2947,3.68454,0.41509
2444,27,0,0,4,0,1,0,0,-24.157,0.05,0.15,634,31.2947,3.23789,0.41509
2445,44,3,3,10,0,1,0,0,-4.766,0.05,0.15,634,31.2947,2.79879,0.41509
2446,240,22,22,50,0,1,0,0,130.525,0.05,0.15,634,31.2947,2.43238,0.41509
2447,400,35,35,75,0,0,0,1,272.523,0.05,0.15,634,31.2947,2.01047,0.41509
2448,114,9,9,31,0,1,0,0,52.73,0.05,0.15,634,31.2947,2.65511,0.41509
2449,13,0,0,4,0,1,0,0,-22.923,0.05,0.15,634,31.2947,4.73048,0.41509
2450,198,18,18,47,0,1,0,0,93.66,0.05,0.15,634,31.2947,2.76569,0.41509
2451,400,22,22,52,0,0,0,1,157.193,0.05,0.15,634,31.2947,2.02108,0.41509
2452,13,0,0,3,0,1,0,0,-26.569,0.05,0.15,634,31.2947,9.80411,0.41509
2453,5,0,0,2,0,1,0,0,-34.408,0.05,0.15,634,31.2947,5.60196,0.41509
2454,288,25,25,63,0,1,0,0,146.559,0.05,0.15,634,31.2947,2.65039,0.41509
2455,301,29,29,81,0,1,0,0,178.017,0.05,0.15,634,31.2947,2.71331,0.41509
2456,81,7,7,13,0,1,0,0,15.36,0.05,0.15,634,31.2947,3.71249,0.41509
2457,62,9,9,18,0,1,0,0,23.073,0.05,0.15,634,31.2947,2.45021,0.41509
2458,20,2,2,8,0,1,0,0,-14.723,0.05,0.15,634,31.2947,6.69143,0.41509
2459,400,23,23,58,0,0,0,1,192.349,0.05,0.15,634,31.2947,2.16576,0.41509
2460,26,2,2,7,0,1,0,0,-12.913,0.05,0.15,634,31.2947,4.40821,0.41509
2461,76,5,5,10,0,1,0,0,6.227,0.05,0.15,634,31.2947,2.74729,0.41509
2462,17,1,1,5,0,1,0,0,-19.585,0.05,0.15,634,31.2947,5.7353,0.41509
2463,400,19,19,64,0,0,0,1,185.355,0.05,0.15,634,31.2947,1.89958,0.41509
2464,63,0,0,5,0,1,0,0,-17.373,0.05,0.15,634,31.2947,1.54677,0.41509
2465,17,0,0,5,0,1,0,0,-22.999,0.05,0.15,634,31.2947,4.05219,0.41509
2466,400,18,18,50,0,0,0,1,155.334,0.05,0.15,634,31.2947,2.1927,0.41509
2467,72,4,4,24,0,1,0,0,15.411,0.05,0.15,634,31.2947,2.4843,0.41509
2468,24,1,1,6,0,1,0,0,-16.327,0.05,0.15,634,31.2947,4.16395,0.41509
2469,197,14,14,48,0,1,0,0,90.065,0.05,0.15,634,31.2947,2.63714,0.41509
2470,400,31,31,73,0,0,0,1,242.245,0.05,0.15,634,31.2947,2.34991,0.41509
2471,75,6,6,21,0,1,0,0,19.884,0.05,0.15,634,31.2947,2.32195,0.41509
2472,400,23,23,70,0,0,0,1,209.316,0.05,0.15,634,31.2947,2.11581,0.41509
2473,400,29,29,71,0,0,0,1,242.038,0.05,0.15,634,31.2947,2.11712,0.41509
2474,44,4,4,16,0,1,0,0,2.984,0.05,0.15,634,31.2947,4.01462,0.41509
2475,290,30,30,71,0,1,0,0,187.559,0.05,0.15,634,31.2947,2.50234,0.41509
2476,368,32,32,83,0,1,0,0,236.908,0.05,0.15,634,31.2947,2.10641,0.41509
2477,400,36,36,89,0,0,0,1,290.908,0.05,0.15,634,31.2947,2.20528,0.41509
2478,117,12,12,35,0,1,0,0,66.558,0.05,0.15,634,31.2947,2.75105,0.41509
2479,400,35,35,90,0,0,0,1,284.235,0.05,0.15,634,31.2947,2.20778,0.41509
2480,400,38,38,80,0,0,0,1,278.23,0.05,0.15,634,31.2947,2.12903,0.41509
2481,166,10,10,33,0,1,0,0,71.835,0.05,0.15,634,31.2947,2.20954,0.41509
2482,306,19,19,55,0,1,0,0,135.296,0.05,0.15,634,31.2947,2.32284,0.41509
2483,16,1,1,1,0,1,0,0,-22.582,0.05,0.15,634,31.2947,5.96114,0.41509
2484,400,35,35,94,0,0,0,1,290.67,0.05,0.15,634,31.2947,2.13306,0.41509
2485,111,9,9,26,0,1,0,0,47.594,0.05,0.15,634,31.2947,2.46948,0.41509
2486,400,33,33,75,0,0,0,1,255.212,0.05,0.15,634,31.2947,2.21023,0.41509
2487,400,39,39,95,0,0,0,1,302.989,0.05,0.15,634,31.2947,1.99085,0.41509
2488,25,1,1,3,0,1,0,0,-18.526,0.05,0.15,634,31.2947,5.80838,0.41509
2489,210,27,27,66,0,1,0,0,164.228,0.05,0.15,634,31.2947,2.29857,0.41509
2490,400,36,36,93,0,0,0,1,279.716,0.05,0.15,634,31.2947,2.24332,0.41509
2491,262,25,25,65,0,1,0,0,164.254,0.05,0.15,634,31.2947,2.2743,0.41509
2492,400,43,43,98,0,0,0,1,319.503,0.05,0.15,634,31.2947,2.09307,0.41509
2493,400,41,41,106,0,0,0,1,324.583,0.05,0.15,634,31.2947,2.17679,0.41509
2494,146,16,16,41,0,1,0,0,95.291,0.05,0.15,634,31.2947,2.01575,0.41509
2495,400,39,39,97,0,0,0,1,309.535,0.05,0.15,634,31.2947,2.03106,0.41509
2496,400,34,34,82,0,0,0,1,267.979,0.05,0.15,634,31.2947,1.73952,0.41509
2497,400,40,40,99,0,0,0,1,309.489,0.05,0.15,634,31.2947,2.06478,0.41509
2498,400,37,37,77,0,0,0,1,282.754,0.05,0.15,634,31.2947,1.88007,0.41509
2499,400,37,37,85,0,0,0,1,291.303,0.05,0.15,634,31.2947,2.05935,0.41509
2500,46,2,2,10,0,1,0,0,-4.262,0.05,0.15,634,31.2947,3.68388,0.41509
2501,400,40,40,94,0,0,0,1,304.187,0.05,0.15,634,31.2947,2.21817,0.41509
2502,400,34,34,88,0,0,0,1,280.391,0.05,0.15,634,31.2947,1.96307,0.41509
2503,112,14,14,32,0,1,0,0,72.576,0.05,0.15,634,31.2947,2.55682,0.41509
2504,379,44,44,101,0,1,0,0,288.832,0.05,0.15,634,31.2947,2.26085,0.41509
2505,174,16,16,50,0,1,0,0,109.994,0.05,0.15,634,31.2947,2.27,0.41509
2506,130,16,16,40,0,1,0,0,86.875,0.05,0.15,634,31.2947,2.73667,0.41509
2507,400,36,36,98,0,0,0,1,303.97,0.05,0.15,634,31.2947,2.04378,0.41509
2508,157,17,17,47,0,1,0,0,102.361,0.05,0.15,634,31.2947,2.03891,0.41509
2509,230,25,25,71,0,1,0,0,168.163,0.05,0.15,634,31.2947,2.27862,0.41509
2510,305,32,32,74,0,1,0,0,214.932,0.05,0.15,634,31.2947,2.35031,0.41509
2511,180,10,10,28,0,1,0,0,63.803,0.05,0.15,634,31.2947,1.82415,0.41509
2512,86,5,5,19,0,1,0,0,19.946,0.05,0.15,634,31.2947,2.59418,0.41509
2513,400,35,35,88,0,0,0,1,284.466,0.05,0.15,634,31.2947,1.96755,0.41509
2514,400,41,41,100,0,0,0,1,320.173,0.05,0.15,634,31.2947,2.15676,0.41509
2515,165,14,14,48,0,1,0,0,95.705,0.05,0.15,634,31.2947,2.30118,0.41509
2516,400,33,33,88,0,0,0,1,278.899,0.05,0.15,634,31.2947,2.09589,0.41509
2517,128,12,12,30,0,1,0,0,67.065,0.05,0.15,634,31.2947,2.27609,0.41509
2518,210,23,23,63,0,1,0,0,148.093,0.05,0.15,634,31.2947,2.48151,0.41509
2519,152,16,16,41,0,1,0,0,90.407,0.05,0.15,634,31.2947,2.54054,0.41509
2520,400,41,41,99,0,0,0,1,324.011,0.05,0.15,634,31.2947,1.94197,0.41509
2521,5,0,0,3,0,1,0,0,-25.454,0.05,0.15,634,31.2947,10.96649,0.41509
2522,73,9,9,27,0,1,0,0,37.424,0.05,0.15,634,31.2947,2.81195,0.41509
2523,35,2,2,10,0,1,0,0,-5.453,0.05,0.15,634,31.2947,3.56903,0.41509
2524,120,12,12,36,0,1,0,0,65.391,0.05,0.15,634,31.2947,2.91211,0.41509
2525,400,26,26,59,0,0,0,1,219.227,0.05,0.15,634,31.2947,2.05758,0.41509
2526,156,14,14,31,0,1,0,0,59.442,0.05,0.15,634,31.2947,2.93542,0.41509
2527,385,27,27,71,0,1,0,0,185.516,0.05,0.15,634,31.2947,2.04437,0.41509
2528,193,13,13,44,0,1,0,0,86.135,0.05,0.15,634,31.2947,2.23781,0.41509
2529,239,22,22,55,0,1,0,0,135.558,0.05,0.15,634,31.2947,2.54778,0.41509
2530,400,37,37,94,0,0,0,1,287.974,0.05,0.15,634,31.2947,2.13167,0.41509
2531,273,27,27,69,0,1,0,0,182.63,0.05,0.15,634,31.2947,2.20081,0.41509
2532,152,20,20,45,0,1,0,0,108.41,0.05,0.15,634,31.2947,2.54653,0.41509
2533,400,27,27,66,0,0,0,1,240.169,0.05,0.15,634,31.2947,1.62602,0.41509
2534,336,22,22,64,0,1,0,0,164.114,0.05,0.15,634,31.2947,2.02863,0.41509
2535,299,28,28,54,0,1,0,0,174.319,0.05,0.15,634,31.2947,1.87359,0.41509
2536,400,28,28,61,0,0,0,1,227.022,0.05,0.15,634,31.2947,1.36745,0.41509
2537,400,20,20,45,0,0,0,1,179.253,0.05,0.15,634,31.2947,1.65612,0.41509
2538,400,19,19,53,0,0,0,1,185.52,0.05,0.15,634,31.2947,1.8348,0.41509
2539,400,25,25,70,0,0,0,1,224.954,0.05,0.15,634,31.2947,1.5284,0.41509
2540,54,3,3,14,0,1,0,0,3.271,0.05,0.15,634,31.2947,2.96041,0.41509
2541,400,22,22,51,0,0,0,1,212.495,0.05,0.15,634,31.2947,1.19957,0.41509
2542,400,20,20,54,0,0,0,1,200.344,0.05,0.15,634,31.2947,1.24164,0.41509
2543,400,28,28,87,0,0,0,1,246.931,0.05,0.15,634,31.2947,1.69896,0.41509
2544,76,7,7,13,0,1,0,0,22.519,0.05,0.15,634,31.2947,1.92001,0.41509
2545,88,14,14,31,0,1,0,0,59.404,0.05,0.15,634,31.2947,2.86106,0.41509
2546,400,28,28,70,0,0,0,1,238.246,0.05,0.15,634,31.2947,1.679,0.41509
2547,135,9,9,31,0,1,0,0,51.337,0.05,0.15,634,31.2947,1.96764,0.41509
2548,400,28,28,65,0,0,0,1,238.374,0.05,0.15,634,31.2947,1.69208,0.41509
2549,400,27,27,62,0,0,0,1,236.701,0.05,0.15,634,31.2947,1.33097,0.41509
2550,365,32,32,80,0,1,0,0,226.36,0.05,0.15,634,31.2947,1.85688,0.41509
2551,362,30,30,76,0,1,0,0,218.011,0.05,0.15,634,31.2947,1.48874,0.41509
2552,348,25,25,64,0,1,0,0,183.935,0.05,0.15,634,31.2947,1.67462,0.41509
2553,400,21,21,57,0,0,0,1,207.936,0.05,0.15,634,31.2947,1.24336,0.41509
2554,400,26,26,66,0,0,0,1,230.94,0.05,0.15,634,31.2947,1.41545,0.41509
2555,34,3,3,12,0,1,0,0,-2.818,0.05,0.15,634,31.2947,3.60402,0.41509
2556,249,24,24,62,0,1,0,0,161.978,0.05,0.15,634,31.2947,1.99902,0.41509
2557,258,18,18,46,0,1,0,0,124.729,0.05,0.15,634,31.2947,1.90324,0.41509
2558,115,15,15,40,0,1,0,0,80.109,0.05,0.15,634,31.2947,2.72191,0.41509
2559,400,37,37,92,0,0,0,1,301.728,0.05,0.15,634,31.2947,2.19128,0.41509
2560,400,39,39,102,0,0,0,1,323.95,0.05,0.15,634,31.2947,2.01949,0.41509
2561,400,38,38,82,0,0,0,1,292.523,0.05,0.15,634,31.2947,2.03789,0.41509
2562,107,11,11,33,0,1,0,0,59.786,0.05,0.15,634,31.2947,2.02958,0.41509
2563,30,0,0,10,0,1,0,0,-15.953,0.05,0.15,634,31.2947,5.51489,0.41509
2564,98,8,8,33,0,1,0,0,46.478,0.05,0.15,634,31.2947,2.58246,0.41509
2565,19,1,1,8,0,1,0,0,-17.724,0.05,0.15,634,31.2947,4.32369,0.41509
2566,53,4,4,12,0,1,0,0,-2.507,0.05,0.15,634,31.2947,3.97868,0.41509
2567,279,22,22,64,0,1,0,0,157.927,0.05,0.15,634,31.2947,2.37017,0.41509
2568,400,29,29,75,0,0,0,1,238.708,0.05,0.15,634,31.2947,1.91337,0.41509
2569,120,6,6,24,0,1,0,0,33.858,0.05,0.15,634,31.2947,2.47071,0.41509
2570,400,37,37,104,0,0,0,1,311.89,0.05,0.15,634,31.2947,2.10826,0.41509
2571,212,20,20,55,0,1,0,0,122.149,0.05,0.15,635,31.2947,2.36126,0.41496
2572,400,32,32,87,0,0,0,1,274.893,0.05,0.15,635,31.2947,1.86857,0.41496
2573,13,0,0,5,0,1,0,0,-23.573,0.05,0.15,635,31.2947,8.51897,0.41496
2574,400,35,35,76,0,0,0,1,270.227,0.05,0.15,635,31.2947,2.13021,0.41496
2575,176,15,15,51,0,1,0,0,104.554,0.05,0.15,635,31.2947,2.51441,0.41496
2576,18,2,2,12,0,1,0,0,-9.241,0.05,0.15,635,31.2947,3.83384,0.41496
2577,17,2,2,8,0,1,0,0,-14.375,0.05,0.15,635,31.2947,7.15074,0.41496
2578,400,33,33,76,0,0,0,1,250.732,0.05,0.15,635,31.2947,2.06191,0.41496
2579,17,2,2,7,0,1,0,0,-16.177,0.05,0.15,635,31.2947,7.08708,0.41496
2580,44,5,5,21,0,1,0,0,10.364,0.05,0.15,635,31.2947,3.52771,0.41496
2581,243,21,21,61,0,1,0,0,142.55,0.05,0.15,635,31.2947,2.0915,0.41496
2582,25,1,1,6,0,1,0,0,-13.691,0.05,0.15,635,31.2947,4.9187,0.41496
2583,17,2,2,7,0,1,0,0,-12.707,0.05,0.15,635,31.2947,3.24276,0.41496
2584,54,3,3,12,0,1,0,0,5.936,0.05,0.15,635,31.2947,2.38765,0.41496
2585,400,30,30,69,0,0,0,1,235.333,0.05,0.15,635,31.2947,2.01497,0.41496
2586,400,26,26,68,0,0,0,1,216.862,0.05,0.15,635,31.2947,1.94096,0.41496
2587,400,31,31,96,0,0,0,1,262.435,0.05,0.15,635,31.2947,2.39804,0.41496
2588,17,1,1,6,0,1,0,0,-19.775,0.05,0.15,635,31.2947,5.729,0.41496
2589,400,23,23,62,0,0,0,1,195.904,0.05,0.15,635,31.2947,2.40111,0.41496
2590,400,35,35,95,0,0,0,1,283.552,0.05,0.15,635,31.2947,2.15156,0.41496
2591,400,32,32,82,0,0,0,1,257.995,0.05,0.15,635,31.2947,2.33793,0.41496
2592,201,15,15,50,0,1,0,0,95.993,0.05,0.15,635,31.2947,2.27112,0.41496
2593,270,22,22,54,0,1,0,0,144.495,0.05,0.15,635,31.2947,2.70681,0.41496
2594,20,0,0,9,0,1,0,0,-19.567,0.05,0.15,635,31.2947,3.77034,0.41496
2595,400,4,4,21,0,0,0,1,80.472,0.05,0.15,635,31.2947,1.75639,0.41496
2596,101,10,10,27,0,1,0,0,44.503,0.05,0.15,635,31.2947,2.92229,0.41496
2597,400,29,29,73,0,0,0,1,237.463,0.05,0.15,635,31.2947,2.06754,0.41522
2598,400,19,19,50,0,0,0,1,164.267,0.05,0.15,635,31.2947,1.80533,0.41522
2599,60,6,6,26,0,1,0,0,16.367,0.05,0.15,635,31.2947,3.43607,0.41522
2600,76,7,7,16,0,1,0,0,19.667,0.05,0.15,635,31.2947,2.72406,0.41522
2601,400,32,32,82,0,0,0,1,251.158,0.05,0.15,635,31.2947,2.35946,0.41522
2602,165,10,10,24,0,1,0,0,56.616,0.05,0.15,635,31.2947,2.19144,0.41522
2603,43,5,5,11,0,1,0,0,3.909,0.05,0.15,635,31.2947,2.37041,0.41522
2604,400,32,32,77,0,0,0,1,254.193,0.05,0.15,635,31.2947,2.34937,0.41522
2605,400,23,23,56,0,0,0,1,200.986,0.05,0.15,635,31.2947,2.04346,0.41522
2606,133,15,15,29,0,1,0,0,75.077,0.05,0.15,635,31.2947,2.07922,0.41522
2607,5,0,0,2,0,1,0,0,-28.654,0.05,0.15,635,31.2947,6.23363,0.41522
2608,400,14,14,38,0,0,0,1,153.09,0.05,0.15,635,31.2947,1.98863,0.41522
2609,127,15,15,33,0,1,0,0,75.358,0.05,0.15,635,31.2947,2.48922,0.41522
2610,400,30,30,66,0,0,0,1,234.29,0.05,0.15,635,31.2947,1.99835,0.41522
2611,41,2,2,5,0,1,0,0,-14.944,0.05,0.15,635,31.2947,2.60197,0.41522
2612,75,9,9,21,0,1,0,0,33.734,0.05,0.15,635,31.2947,3.05132,0.41522
2613,192,10,10,39,0,1,0,0,73.181,0.05,0.15,635,31.2947,2.66603,0.41522
2614,74,6,6,24,0,1,0,0,26.894,0.05,0.15,635,31.2947,2.89452,0.41522
2615,400,38,38,98,0,0,0,1,299.884,0.05,0.15,635,31.2947,2.4206,0.41522
2616,400,35,35,77,0,0,0,1,260.497,0.05,0.15,635,31.2947,2.19693,0.41522
2617,13,0,0,5,0,1,0,0,-22.815,0.05,0.15,635,31.2947,7.71643,0.41522
2618,136,19,19,41,0,1,0,0,101.447,0.05,0.15,635,31.2947,2.4455,0.41522
2619,157,18,18,49,0,1,0,0,112.37,0.05,0.15,635,31.2947,2.33263,0.41522
2620,400,37,37,84,0,0,0,1,289.386,0.05,0.15,635,31.2947,2.22946,0.41522
2621,400,36,36,78,0,0,0,1,284.739,0.05,0.15,635,31.2947,1.91651,0.41522
2622,315,31,31,81,0,1,0,0,224.579,0.05,0.15,635,31.2947,2.46854,0.41522
2623,271,33,33,87,0,1,0,0,218.664,0.05,0.15,635,31.2947,2.74314,0.41522
2624,61,6,6,17,0,1,0,0,19.44,0.05,0.15,635,31.2947,3.38877,0.41522
2625,292,31,31,80,0,1,0,0,209.458,0.05,0.15,635,31.2947,2.3043,0.41522
2626,400,37,37,95,0,0,0,1,305.181,0.05,0.15,635,31.2947,2.10495,0.41522
2627,400,41,41,92,0,0,0,1,326.72,0.05,0.15,635,31.2947,2.08354,0.41522
2628,400,36,36,93,0,0,0,1,297.353,0.05,0.15,635,31.2947,2.18332,0.41522
2629,19,2,2,8,0,1,0,0,-13.087,0.05,0.15,635,31.2947,5.34616,0.41522
2630,400,41,41,89,0,0,0,1,300.258,0.05,0.15,635,31.2947,2.30091,0.41522
2631,400,45,45,106,0,0,0,1,346.161,0.05,0.15,635,31.2947,2.28424,0.41522
2632,13,0,0,5,0,1,0,0,-23.973,0.05,0.15,635,31.2947,8.02507,0.41522
2633,400,41,41,112,0,0,0,1,328.567,0.05,0.15,635,31.2947,2.36088,0.41522
2634,248,30,30,75,0,1,0,0,193.236,0.05,0.15,635,31.2947,2.28679,0.41522
2635,123,12,12,30,0,1,0,0,64.865,0.05,0.15,635,31.2947,3.04003,0.41522
2636,254,30,30,78,0,1,0,0,196.392,0.05,0.15,635,31.2947,2.43251,0.41522
2637,400,44,44,94,0,0,0,1,329.276,0.05,0.15,635,31.2947,2.12352,0.41522
2638,191,20,20,52,0,1,0,0,125.526,0.05,0.15,635,31.2947,2.56058,0.41522
2639,32,1,1,9,0,1,0,0,-11.926,0.05,0.15,635,31.2947,5.12646,0.41522
2640,400,21,21,61,0,0,0,1,194.303,0.05,0.15,635,31.2947,1.94082,0.41522
2641,134,12,12,31,0,1,0,0,67.927,0.05,0.15,635,31.2947,2.358,0.41549
2642,400,27,27,63,0,0,0,1,216.732,0.05,0.15,635,31.2947,2.22633,0.41549
2643,68,4,4,23,0,1,0,0,15.288,0.05,0.15,635,31.2947,2.90985,0.41549
2644,400,8,8,41,0,0,0,1,111.846,0.05,0.15,635,31.2947,1.76765,0.41549
2645,51,4,4,17,0,1,0,0,11.155,0.05,0.15,635,31.2947,3.44397,0.41549
2646,254,19,19,46,0,1,0,0,120.704,0.05,0.15,635,31.2947,2.12895,0.41549
2647,220,19,19,43,0,1,0,0,103.575,0.05,0.15,635,31.2947,2.29827,0.41549
2648,400,21,21,59,0,0,0,1,180.796,0.05,0.15,635,31.2947,1.73645,0.41549
2649,32,3,3,10,0,1,0,0,-4.295,0.05,0.15,635,31.2947,2.84888,0.41549
2650,109,10,10,29,0,1,0,0,49.132,0.05,0.15,635,31.2947,2.21238,0.41549
2651,400,36,36,94,0,0,0,1,282.653,0.05,0.15,635,31.2947,2.08265,0.41549
2652,400,23,23,75,0,0,0,1,214.707,0.05,0.15,635,31.2947,2.00176,0.41549
2653,73,8,8,21,0,1,0,0,29.273,0.05,0.15,635,31.2947,2.71638,0.41549
2654,13,1,1,4,0,1,0,0,-20.729,0.05,0.15,635,31.2947,7.78864,0.41549
2655,357,26,26,66,0,1,0,0,176.857,0.05,0.15,635,31.2947,1.84939,0.41549
2656,400,26,26,56,0,0,0,1,215.278,0.05,0.15,635,31.2947,1.46259,0.41549
2657,400,26,26,62,0,0,0,1,214.477,0.05,0.15,635,31.2947,1.84678,0.41601
2658,137,14,14,34,0,1,0,0,77.485,0.05,0.15,635,31.2947,2.74389,0.41601
2659,400,22,22,48,0,0,0,1,200.267,0.05,0.15,635,31.2947,1.16215,0.41601
2660,75,9,9,21,0,1,0,0,33.879,0.05,0.15,635,31.2947,2.48161,0.41601
2661,17,1,1,5,0,1,0,0,-18.577,0.05,0.15,635,31.2947,5.06328,0.41601
2662,16,2,2,5,0,1,0,0,-18.063,0.05,0.15,635,31.2947,6.33591,0.41601
2663,17,1,1,6,0,1,0,0,-17.979,0.05,0.15,635,31.2947,5.29555,0.41601
2664,318,21,21,50,0,1,0,0,150.233,0.05,0.15,635,31.2947,1.78173,0.41601
2665,400,12,12,29,0,0,0,1,124.003,0.05,0.15,635,31.2947,1.56285,0.41601
2666,400,30,30,81,0,0,0,1,246.13,0.05,0.15,635,31.2947,1.91626,0.41601
2667,228,24,24,67,0,1,0,0,154.692,0.05,0.15,635,31.2947,2.47476,0.41601
2668,400,17,17,41,0,0,0,1,164.269,0.05,0.15,635,31.2947,1.41258,0.41601
2669,400,37,37,92,0,0,0,1,293.25,0.05,0.15,635,31.2947,1.9473,0.41601
2670,55,4,4,11,0,1,0,0,7.483,0.05,0.15,635,31.2947,2.81891,0.41601
2671,291,29,29,74,0,1,0,0,189.0,0.05,0.15,635,31.2947,2.36083,0.41601
2672,158,10,10,32,0,1,0,0,61.492,0.05,0.15,635,31.2947,2.14472,0.41601
2673,18,1,1,6,0,1,0,0,-21.059,0.05,0.15,635,31.2947,4.45801,0.41601
2674,142,1,1,6,0,1,0,0,-5.079,0.05,0.15,635,31.2947,1.8584,0.41601
2675,168,4,4,11,0,1,0,0,27.501,0.05,0.15,635,31.2947,1.19795,0.41601
2676,400,17,17,51,0,0,0,1,178.653,0.05,0.15,635,31.2947,1.22514,0.41601
2677,209,19,19,45,0,1,0,0,125.062,0.05,0.15,635,31.2947,1.86373,0.41601
2678,152,13,13,45,0,1,0,0,80.269,0.05,0.15,635,31.2947,2.29597,0.41601
2679,198,21,21,48,0,1,0,0,122.898,0.05,0.15,635,31.2947,2.32147,0.41601
2680,400,14,14,38,0,0,0,1,158.683,0.05,0.15,635,31.2947,1.03963,0.41601
2681,400,31,31,80,0,0,0,1,271.235,0.05,0.15,635,31.2947,2.04559,0.41601
2682,400,26,26,79,0,0,0,1,230.103,0.05,0.15,635,31.2947,1.68105,0.41601
2683,27,0,0,4,0,1,0,0,-31.664,0.05,0.15,635,31.2947,1.98841,0.41601
2684,400,40,40,93,0,0,0,1,308.861,0.05,0.15,635,31.2947,1.99531,0.41601
2685,215,26,26,64,0,1,0,0,159.176,0.05,0.15,635,31.2947,2.32513,0.41601
2686,233,25,25,59,0,1,0,0,155.313,0.05,0.15,635,31.2947,2.38873,0.41601
2687,239,33,33,72,0,1,0,0,189.916,0.05,0.15,635,31.2947,2.2222,0.41601
2688,400,33,33,87,0,0,0,1,278.904,0.05,0.15,635,31.2947,2.00161,0.41601
2689,171,20,20,59,0,1,0,0,128.165,0.05,0.15,635,31.2947,2.215,0.41601
2690,400,41,41,101,0,0,0,1,323.521,0.05,0.15,635,31.2947,2.0104,0.41601
2691,400,38,38,84,0,0,0,1,296.034,0.05,0.15,635,31.2947,1.98308,0.41601
2692,13,0,0,3,0,1,0,0,-22.723,0.05,0.15,635,31.2947,5.21197,0.41601
2693,17,3,3,7,0,1,0,0,-11.669,0.05,0.15,635,31.2947,6.55974,0.41601
2694,400,37,37,101,0,0,0,1,305.072,0.05,0.15,635,31.2947,2.27585,0.41601
2695,400,41,41,109,0,0,0,1,330.523,0.05,0.15,635,31.2947,2.06659,0.41601
2696,13,1,1,3,0,1,0,0,-22.76,0.05,0.15,635,31.2947,7.80244,0.41601
2697,400,43,43,104,0,0,0,1,326.799,0.05,0.15,635,31.2947,2.16319,0.41601
2698,188,23,23,45,0,1,0,0,132.374,0.05,0.15,635,31.2947,2.44592,0.41601
2699,20,1,1,8,0,1,0,0,-14.974,0.05,0.15,635,31.2947,4.09306,0.41601
2700,174,20,20,47,0,1,0,0,105.807,0.05,0.15,635,31.2947,2.71848,0.41601
2701,26,1,1,10,0,1,0,0,-14.113,0.05,0.15,635,31.2947,4.64826,0.41601
2702,13,0,0,4,0,1,0,0,-25.573,0.05,0.15,635,31.2947,9.2255,0.41601
2703,400,35,35,93,0,0,0,1,298.068,0.05,0.15,635,31.2947,2.52149,0.41601
2704,5,0,0,4,0,1,0,0,-32.008,0.05,0.15,635,31.2947,4.28489,0.41601
2705,18,1,1,7,0,1,0,0,-15.791,0.05,0.15,635,31.2947,4.61024,0.41601
2706,400,43,43,110,0,0,0,1,325.115,0.05,0.15,635,31.2947,2.21345,0.41601
2707,95,12,12,35,0,1,0,0,61.662,0.05,0.15,635,31.2947,2.48197,0.41601
2708,207,20,20,54,0,1,0,0,131.465,0.05,0.15,635,31.2947,1.99678,0.41601
2709,13,0,0,4,0,1,0,0,-24.173,0.05,0.15,635,31.2947,8.51138,0.41601
2710,219,24,24,60,0,1,0,0,148.653,0.05,0.15,635,31.2947,2.27979,0.41601
2711,400,38,38,95,0,0,0,1,300.62,0.05,0.15,635,31.2947,2.0115,0.41601
2712,400,35,35,96,0,0,0,1,290.976,0.05,0.15,635,31.2947,2.04866,0.41601
2713,400,42,42,113,0,0,0,1,324.674,0.05,0.15,635,31.2947,2.13346,0.41601
2714,400,36,36,84,0,0,0,1,286.89,0.05,0.15,635,31.2947,2.04703,0.41601
2715,400,46,46,114,0,0,0,1,348.784,0.05,0.15,635,31.2947,2.20433,0.41601
2716,45,3,3,16,0,1,0,0,2.021,0.05,0.15,635,31.2947,3.23467,0.41601
2717,28,3,3,9,0,1,0,0,-6.714,0.05,0.15,635,31.2947,4.14578,0.41601
2718,400,44,44,98,0,0,0,1,332.489,0.05,0.15,635,31.2947,2.08171,0.41601
2719,152,18,18,50,0,1,0,0,107.576,0.05,0.15,635,31.2947,2.50943,0.41601
2720,57,5,5,14,0,1,0,0,12.451,0.05,0.15,635,31.2947,2.67511,0.41601
2721,120,12,12,45,0,1,0,0,67.462,0.05,0.15,635,31.2947,3.17968,0.41601
2722,400,39,39,97,0,0,0,1,316.209,0.05,0.15,635,31.2947,1.92051,0.41601
2723,400,37,37,91,0,0,0,1,297.98,0.05,0.15,635,31.2947,2.05755,0.41601
2724,73,6,6,22,0,1,0,0,26.101,0.05,0.15,635,31.2947,2.77435,0.41601
2725,400,40,40,107,0,0,0,1,309.071,0.05,0.15,635,31.2947,2.39362,0.41601
2726,131,14,14,45,0,1,0,0,78.162,0.05,0.15,635,31.2947,2.74295,0.41601
2727,25,0,0,6,0,1,0,0,-20.474,0.05,0.15,635,31.2947,4.50592,0.41601
2728,400,46,46,113,0,0,0,1,342.37,0.05,0.15,635,31.2947,2.36863,0.41601
2729,75,5,5,15,0,1,0,0,16.813,0.05,0.15,635,31.2947,2.54161,0.41601
2730,399,41,41,103,0,1,0,0,287.764,0.05,0.15,635,31.2947,2.12654,0.41601
2731,400,36,36,103,0,0,0,1,292.88,0.05,0.15,635,31.2947,2.07522,0.41601
2732,372,39,39,101,0,1,0,0,276.882,0.05,0.15,635,31.2947,2.10862,0.41601
2733,139,18,18,37,0,1,0,0,93.333,0.05,0.15,635,31.2947,2.40839,0.41601
2734,51,5,5,19,0,1,0,0,17.353,0.05,0.15,635,31.2947,2.62783,0.41601
2735,336,38,38,94,0,1,0,0,257.499,0.05,0.15,635,31.2947,1.94327,0.41601
2736,205,20,20,56,0,1,0,0,128.665,0.05,0.15,635,31.2947,2.32976,0.41601
2737,84,9,9,35,0,1,0,0,50.865,0.05,0.15,635,31.2947,2.47628,0.41601
2738,13,0,0,3,0,1,0,0,-26.973,0.05,0.15,635,31.2947,8.99522,0.41601
2739,253,24,24,62,0,1,0,0,161.958,0.05,0.15,635,31.2947,2.36901,0.41601
2740,232,24,24,48,0,1,0,0,137.865,0.05,0.15,635,31.2947,2.49826,0.41601
2741,101,13,13,28,0,1,0,0,59.831,0.05,0.15,635,31.2947,2.96875,0.41601
2742,237,29,29,65,0,1,0,0,175.744,0.05,0.15,635,31.2947,2.47527,0.41601
2743,400,11,11,30,0,0,0,1,122.69,0.05,0.15,635,31.2947,1.27598,0.41601
2744,43,5,5,12,0,1,0,0,5.491,0.05,0.15,635,31.2947,3.90134,0.41601
2745,400,20,20,61,0,0,0,1,184.838,0.05,0.15,635,31.2947,1.69787,0.41601
2746,98,13,13,25,0,1,0,0,62.559,0.05,0.15,635,31.2947,2.46546,0.41601
2747,400,18,18,43,0,0,0,1,181.004,0.05,0.15,635,31.2947,1.84293,0.41601
2748,38,2,2,7,0,1,0,0,-7.818,0.05,0.15,635,31.2947,3.86367,0.41627
2749,400,34,34,84,0,0,0,1,275.848,0.05,0.15,635,31.2947,2.35608,0.41627
2750,400,24,24,53,0,0,0,1,198.898,0.05,0.15,635,31.2947,2.10176,0.41627
2751,65,5,5,13,0,1,0,0,9.129,0.05,0.15,635,31.2947,2.58946,0.41627
2752,38,3,3,9,0,1,0,0,-5.344,0.05,0.15,635,31.2947,3.0497,0.41627
2753,84,9,9,34,0,1,0,0,48.014,0.05,0.15,635,31.2947,2.62753,0.41627
2754,38,3,3,7,0,1,0,0,-4.066,0.05,0.15,635,31.2947,3.45071,0.41627
2755,18,1,1,8,0,1,0,0,-15.525,0.05,0.15,635,31.2947,5.13267,0.41627
2756,400,37,37,95,0,0,0,1,289.501,0.05,0.15,635,31.2947,2.47906,0.41627
2757,400,30,30,80,0,0,0,1,256.916,0.05,0.15,635,31.2947,2.1788,0.41627
2758,145,14,14,33,0,1,0,0,74.867,0.05,0.15,635,31.2947,2.67401,0.41627
2759,53,2,2,14,0,1,0,0,-4.514,0.05,0.15,635,31.2947,3.39117,0.41627
2760,5,0,0,3,0,1,0,0,-33.808,0.05,0.15,635,31.2947,4.2687,0.41627
2761,264,32,32,71,0,1,0,0,203.874,0.05,0.15,635,31.2947,2.27824,0.41627
2762,21,0,0,4,0,1,0,0,-23.234,0.05,0.15,635,31.2947,6.347,0.41627
2763,89,11,11,24,0,1,0,0,50.943,0.05,0.15,635,31.2947,2.88161,0.41627
2764,66,7,7,23,0,1,0,0,25.786,0.05,0.15,635,31.2947,3.26383,0.41627
2765,11,0,0,4,0,1,0,0,-31.202,0.05,0.15,635,31.2947,4.58425,0.41627
2766,184,17,17,49,0,1,0,0,104.451,0.05,0.15,635,31.2947,2.73887,0.41627
2767,400,32,32,83,0,0,0,1,273.333,0.05,0.15,635,31.2947,2.33624,0.41627
2768,76,3,3,14,0,1,0,0,4.369,0.05,0.15,635,31.2947,2.74239,0.41627
2769,400,34,34,79,0,0,0,1,261.831,0.05,0.15,635,31.2947,2.42183,0.41627
2770,343,26,26,68,0,1,0,0,182.924,0.05,0.15,635,31.2947,2.47203,0.41627
2771,400,31,31,74,0,0,0,1,253.955,0.05,0.15,635,31.2947,2.23914,0.41627
2772,400,27,27,75,0,0,0,1,230.148,0.05,0.15,635,31.2947,1.97264,0.41627
2773,400,35,35,85,0,0,0,1,285.254,0.05,0.15,635,31.2947,2.35217,0.41627
2774,87,8,8,23,0,1,0,0,36.197,0.05,0.15,635,31.2947,3.10212,0.41627
2775,54,4,4,8,0,1,0,0,4.585,0.05,0.15,635,31.2947,3.15192,0.41627
2776,26,2,2,11,0,1,0,0,-7.347,0.05,0.15,635,31.2947,2.97094,0.41627
2777,57,4,4,15,0,1,0,0,13.289,0.05,0.15,635,31.2947,2.51552,0.41627
2778,18,2,2,7,0,1,0,0,-15.421,0.05,0.15,635,31.2947,7.35233,0.41627
2779,400,36,36,77,0,0,0,1,267.19,0.05,0.15,635,31.2947,2.46485,0.41627
2780,66,4,4,15,0,1,0,0,9.557,0.05,0.15,635,31.2947,2.69515,0.41627
2781,20,1,1,3,0,1,0,0,-18.372,0.05,0.15,635,31.2947,3.16808,0.41627
2782,91,8,8,16,0,1,0,0,30.734,0.05,0.15,635,31.2947,2.59774,0.41627
2783,400,33,33,80,0,0,0,1,269.476,0.05,0.15,635,31.2947,2.44574,0.41627
2784,400,26,26,70,0,0,0,1,224.891,0.05,0.15,635,31.2947,2.21064,0.41627
2785,400,29,29,64,0,0,0,1,247.887,0.05,0.15,635,31.2947,1.45525,0.41627
2786,400,33,33,91,0,0,0,1,282.01,0.05,0.15,635,31.2947,2.03631,0.41627
2787,400,33,33,77,0,0,0,1,271.51,0.05,0.15,635,31.2947,1.8503,0.41627
2788,58,6,6,12,0,1,0,0,12.964,0.05,0.15,635,31.2947,3.65487,0.41627
2789,81,8,8,12,0,1,0,0,26.773,0.05,0.15,635,31.2947,3.43592,0.41627
2790,400,37,37,86,0,0,0,1,291.298,0.05,0.15,635,31.2947,2.45235,0.41627
2791,400,41,41,89,0,0,0,1,302.306,0.05,0.15,635,31.2947,2.1311,0.41627
2792,400,35,35,93,0,0,0,1,291.829,0.05,0.15,635,31.2947,2.34896,0.41627
2793,400,29,29,87,0,0,0,1,243.448,0.05,0.15,635,31.2947,2.00389,0.41654
2794,343,26,26,75,0,1,0,0,196.573,0.05,0.15,635,31.2947,2.33349,0.41654
2795,216,24,24,65,0,1,0,0,156.754,0.05,0.15,635,31.2947,2.37999,0.41654
2796,41,3,3,10,0,1,0,0,0.095,0.05,0.15,635,31.2947,2.71089,0.41654
2797,23,1,1,5,0,1,0,0,-18.677,0.05,0.15,635,31.2947,6.46836,0.41654
2798,400,41,41,112,0,0,0,1,326.493,0.05,0.15,635,31.2947,2.38392,0.41654
2799,35,5,5,10,0,1,0,0,-0.148,0.05,0.15,635,31.2947,4.13633,0.41654
2800,52,5,5,15,0,1,0,0,11.24,0.05,0.15,635,31.2947,2.78376,0.41654
2801,400,28,28,80,0,0,0,1,258.023,0.05,0.15,635,31.2947,1.69164,0.41654
2802,66,10,10,22,0,1,0,0,36.619,0.05,0.15,635,31.2947,3.54976,0.41654
2803,327,33,33,85,0,1,0,0,227.945,0.05,0.15,635,31.2947,2.46046,0.41654
2804,400,37,37,103,0,0,0,1,301.24,0.05,0.15,635,31.2947,2.30821,0.41654
2805,68,5,5,19,0,1,0,0,21.183,0.05,0.15,635,31.2947,2.0996,0.41654
2806,176,17,17,46,0,1,0,0,107.525,0.05,0.15,635,31.2947,2.29622,0.41654
2807,400,24,24,61,0,0,0,1,226.506,0.05,0.15,635,31.2947,1.19811,0.41654
2808,109,11,11,31,0,1,0,0,59.136,0.05,0.15,635,31.2947,2.93795,0.41654
2809,312,15,15,40,0,1,0,0,118.671,0.05,0.15,635,31.2947,1.89545,0.41654
2810,13,0,0,4,0,1,0,0,-22.523,0.05,0.15,635,31.2947,4.8022,0.41654
2811,36,4,4,14,0,1,0,0,-3.878,0.05,0.15,635,31.2947,4.65172,0.41654
2812,32,1,1,9,0,1,0,0,-14.082,0.05,0.15,635,31.2947,4.22667,0.41654
2813,399,34,34,89,0,1,0,0,233.221,0.05,0.15,635,31.2947,2.36176,0.41654
2814,143,8,8,25,0,1,0,0,49.437,0.05,0.15,635,31.2947,2.50747,0.41654
2815,400,25,25,58,0,0,0,1,211.369,0.05,0.15,635,31.2947,1.74625,0.41654
2816,101,4,4,15,0,1,0,0,17.501,0.05,0.15,635,31.2947,1.82153,0.41654
2817,119,5,5,25,0,1,0,0,34.847,0.05,0.15,635,31.2947,1.72284,0.41654
2818,400,23,23,53,0,0,0,1,209.35,0.05,0.15,635,31.2947,1.54714,0.41654
2819,400,35,35,85,0,0,0,1,283.879,0.05,0.15,635,31.2947,2.15816,0.41654
2820,5,0,0,0,0,1,0,0,-29.01,0.05,0.15,635,31.2947,10.04361,0.41654
2821,20,0,0,7,0,1,0,0,-20.767,0.05,0.15,635,31.2947,5.87724,0.41654
2822,400,34,34,77,0,0,0,1,267.447,0.05,0.15,635,31.2947,2.33967,0.41654
2823,29,3,3,8,0,1,0,0,-7.161,0.05,0.15,635,31.2947,3.02114,0.41654
2824,400,27,27,65,0,0,0,1,224.157,0.05,0.15,635,31.2947,2.11741,0.41654
2825,58,1,1,3,0,1,0,0,-18.592,0.05,0.15,635,31.2947,3.11224,0.41654
2826,389,38,38,85,0,1,0,0,262.838,0.05,0.15,635,31.2947,2.25608,0.41654
2827,400,29,29,64,0,0,0,1,234.165,0.05,0.15,635,31.2947,1.98874,0.41654
2828,400,36,36,71,0,0,0,1,265.129,0.05,0.15,635,31.2947,2.0527,0.41654
2829,400,29,29,84,0,0,0,1,253.564,0.05,0.15,635,31.2947,2.07342,0.41654
2830,400,14,14,38,0,0,0,1,141.068,0.05,0.15,635,31.2947,1.91592,0.41654
2831,52,2,2,17,0,1,0,0,1.892,0.05,0.15,635,31.2947,2.96886,0.41654
2832,13,0,0,5,0,1,0,0,-25.373,0.05,0.15,635,31.2947,8.47369,0.41654
2833,400,33,33,84,0,0,0,1,266.564,0.05,0.15,635,31.2947,2.03409,0.41654
2834,23,0,0,5,0,1,0,0,-22.739,0.05,0.15,635,31.2947,4.92735,0.41654
2835,385,26,26,71,0,1,0,0,194.822,0.05,0.15,635,31.2947,2.07748,0.41654
2836,400,29,29,83,0,0,0,1,241.43,0.05,0.15,635,31.2947,2.23816,0.41654
2837,400,18,18,56,0,0,0,1,173.156,0.05,0.15,635,31.2947,1.9477,0.41654
2838,206,19,19,55,0,1,0,0,125.729,0.05,0.15,635,31.2947,2.34896,0.41654
2839,400,27,27,74,0,0,0,1,224.89,0.05,0.15,635,31.2947,2.27022,0.41654
2840,6,0,0,1,0,1,0,0,-31.406,0.05,0.15,635,31.2947,10.40677,0.41654
2841,400,26,26,66,0,0,0,1,217.716,0.05,0.15,635,31.2947,1.84034,0.41654
2842,400,29,29,65,0,0,0,1,218.728,0.05,0.15,635,31.2947,1.69465,0.41654
2843,400,32,32,75,0,0,0,1,259.856,0.05,0.15,635,31.2947,2.14004,0.41654
2844,41,3,3,9,0,1,0,0,-8.915,0.05,0.15,635,31.2947,3.85179,0.41654
2845,400,21,21,46,0,0,0,1,179.131,0.05,0.15,635,31.2947,1.82511,0.41654
2846,400,11,11,43,0,0,0,1,113.846,0.05,0.15,635,31.2947,2.46371,0.4168
2847,5,0,0,3,0,1,0,0,-32.608,0.05,0.15,635,31.2947,2.63577,0.4168
2848,27,1,1,6,0,1,0,0,-17.989,0.05,0.15,635,31.2947,3.19331,0.4168
2849,44,2,2,8,0,1,0,0,-8.108,0.05,0.15,635,31.2947,3.97462,0.4168
2850,21,1,1,4,0,1,0,0,-19.405,0.05,0.15,635,31.2947,3.14509,0.4168
2851,35,2,2,4,0,1,0,0,-15.641,0.05,0.15,635,31.2947,3.93546,0.4168
2852,102,6,6,14,0,1,0,0,18.918,0.05,0.15,635,31.2947,2.48881,0.4168
2853,108,4,4,10,0,1,0,0,3.339,0.05,0.15,635,31.2947,1.5251,0.4168
2854,400,28,28,61,0,0,0,1,224.155,0.05,0.15,635,31.2947,2.27811,0.4168
2855,35,1,1,8,0,1,0,0,-11.083,0.05,0.15,635,31.2947,3.85894,0.4168
2856,58,5,5,14,0,1,0,0,12.775,0.05,0.15,635,31.2947,2.27745,0.4168
2857,26,3,3,9,0,1,0,0,-8.637,0.05,0.15,635,31.2947,3.61796,0.4168
2858,400,18,18,50,0,0,0,1,169.519,0.05,0.15,635,31.2947,2.15136,0.4168
2859,38,4,4,10,0,1,0,0,-3.827,0.05,0.15,635,31.2947,2.63758,0.4168
2860,27,1,1,9,0,1,0,0,-16.949,0.05,0.15,635,31.2947,4.39259,0.4168
2861,62,1,1,5,0,1,0,0,-16.79,0.05,0.15,635,31.2947,1.80274,0.4168
2862,400,30,30,70,0,0,0,1,234.511,0.05,0.15,635,31.2947,2.23211,0.4168
2863,400,29,29,71,0,0,0,1,222.855,0.05,0.15,635,31.2947,2.09718,0.4168
2864,136,11,11,24,0,1,0,0,50.427,0.05,0.15,635,31.2947,2.01211,0.4168
2865,400,19,19,48,0,0,0,1,167.96,0.05,0.15,635,31.2947,1.9107,0.4168
2866,70,7,7,18,0,1,0,0,21.329,0.05,0.15,635,31.2947,2.73351,0.4168
2867,185,15,15,41,0,1,0,0,81.091,0.05,0.15,635,31.2947,2.4924,0.4168
2868,214,14,14,48,0,1,0,0,86.963,0.05,0.15,635,31.2947,2.078,0.4168
2869,182,10,10,26,0,1,0,0,42.235,0.05,0.15,635,31.2947,2.12758,0.4168
2870,26,1,1,5,0,1,0,0,-15.071,0.05,0.15,635,31.2947,3.72013,0.4168
2871,165,15,15,34,0,1,0,0,83.878,0.05,0.15,635,31.2947,2.32794,0.4168
2872,400,30,30,75,0,0,0,1,239.085,0.05,0.15,635,31.2947,2.20534,0.4168
2873,60,6,6,23,0,1,0,0,19.736,0.05,0.15,635,31.2947,3.72567,0.4168
2874,400,28,28,75,0,0,0,1,242.926,0.05,0.15,635,31.2947,2.1287,0.4168
2875,400,21,21,59,0,0,0,1,184.086,0.05,0.15,635,31.2947,2.08274,0.4168
2876,400,23,23,65,0,0,0,1,206.646,0.05,0.15,635,31.2947,2.06804,0.4168
2877,20,1,1,9,0,1,0,0,-15.345,0.05,0.15,635,31.2947,4.05515,0.4168
2878,400,31,31,77,0,0,0,1,260.099,0.05,0.15,635,31.2947,2.06743,0.4168
2879,400,30,30,73,0,0,0,1,249.991,0.05,0.15,635,31.2947,2.19186,0.4168
2880,400,16,16,44,0,0,0,1,152.374,0.05,0.15,635,31.2947,2.06827,0.4168
2881,49,2,2,5,0,1,0,0,-11.119,0.05,0.15,635,31.2947,2.54632,0.4168
2882,171,14,14,24,0,1,0,0,59.432,0.05,0.15,635,31.2947,2.50592,0.4168
2883,400,25,25,69,0,0,0,1,214.925,0.05,0.15,635,31.2947,1.9031,0.4168
2884,400,19,19,61,0,0,0,1,170.698,0.05,0.15,635,31.2947,1.75871,0.4168
2885,66,8,8,23,0,1,0,0,28.065,0.05,0.15,635,31.2947,3.22412,0.4168
2886,400,37,37,86,0,0,0,1,281.924,0.05,0.15,635,31.2947,2.31443,0.4168
2887,31,0,0,3,0,1,0,0,-31.656,0.05,0.15,635,31.2947,1.30685,0.4168
2888,33,4,4,11,0,1,0,0,1.333,0.05,0.15,635,31.2947,3.48648,0.4168
2889,42,3,3,13,0,1,0,0,-1.657,0.05,0.15,635,31.2947,3.0658,0.4168
2890,35,2,2,4,0,1,0,0,-12.929,0.05,0.15,635,31.2947,4.00505,0.4168
2891,58,6,6,14,0,1,0,0,12.478,0.05,0.15,635,31.2947,2.33536,0.4168
2892,400,15,15,51,0,0,0,1,158.189,0.05,0.15,635,31.2947,2.0858,0.4168
2893,60,5,5,13,0,1,0,0,11.196,0.05,0.15,635,31.2947,2.74792,0.4168
2894,100,7,7,25,0,1,0,0,30.064,0.05,0.15,635,31.2947,2.52717,0.4168
2895,62,4,4,23,0,1,0,0,16.754,0.05,0.15,635,31.2947,3.12371,0.4168
2896,197,21,21,47,0,1,0,0,115.85,0.05,0.15,635,31.2947,2.24731,0.4168
2897,5,0,0,3,0,1,0,0,-33.408,0.05,0.15,635,31.2947,2.34891,0.4168
2898,400,40,40,88,0,0,0,1,287.321,0.05,0.15,635,31.2947,2.29737,0.4168
2899,400,22,22,58,0,0,0,1,193.535,0.05,0.15,635,31.2947,2.10318,0.4168
2900,72,5,5,15,0,1,0,0,19.565,0.05,0.15,635,31.2947,2.38287,0.4168
2901,400,23,23,55,0,0,0,1,192.721,0.05,0.15,635,31.2947,1.755,0.4168
2902,300,24,24,56,0,1,0,0,161.05,0.05,0.15,635,31.2947,2.03502,0.4168
2903,400,44,44,102,0,0,0,1,326.057,0.05,0.15,635,31.2947,2.33277,0.4168
2904,400,39,39,83,0,0,0,1,290.754,0.05,0.15,635,31.2947,1.92866,0.4168
2905,105,15,15,31,0,1,0,0,68.95,0.05,0.15,635,31.2947,3.03264,0.4168
2906,400,39,39,96,0,0,0,1,315.924,0.05,0.15,635,31.2947,2.31065,0.4168
2907,400,32,32,81,0,0,0,1,244.498,0.05,0.15,635,31.2947,2.14535,0.4168
2908,400,40,40,93,0,0,0,1,316.094,0.05,0.15,635,31.2947,2.02145,0.4168
2909,400,44,44,109,0,0,0,1,335.262,0.05,0.15,635,31.2947,2.07353,0.4168
2910,350,36,36,96,0,1,0,0,248.54,0.05,0.15,635,31.2947,2.43715,0.4168
2911,400,33,33,79,0,0,0,1,274.023,0.05,0.15,635,31.2947,1.84784,0.4168
2912,400,34,34,87,0,0,0,1,284.956,0.05,0.15,635,31.2947,2.32351,0.4168
2913,16,1,1,6,0,1,0,0,-20.973,0.05,0.15,635,31.2947,5.21222,0.4168
2914,400,40,40,110,0,0,0,1,321.371,0.05,0.15,635,31.2947,2.12681,0.4168
2915,5,0,0,3,0,1,0,0,-33.408,0.05,0.15,635,31.2947,2.00525,0.4168
2916,108,11,11,34,0,1,0,0,61.124,0.05,0.15,635,31.2947,2.55703,0.4168
2917,27,5,5,9,0,1,0,0,-0.729,0.05,0.15,635,31.2947,5.6958,0.4168
2918,400,42,42,97,0,0,0,1,326.038,0.05,0.15,635,31.2947,2.09005,0.4168
2919,144,18,18,55,0,1,0,0,112.433,0.05,0.15,635,31.2947,2.58499,0.4168
2920,54,5,5,14,0,1,0,0,12.851,0.05,0.15,635,31.2947,2.94009,0.4168
2921,102,11,11,32,0,1,0,0,45.023,0.05,0.15,635,31.2947,3.74704,0.4168
2922,41,5,5,12,0,1,0,0,5.867,0.05,0.15,635,31.2947,4.21165,0.4168
2923,400,45,45,94,0,0,0,1,332.453,0.05,0.15,635,31.2947,2.45816,0.4168
2924,13,0,0,4,0,1,0,0,-22.207,0.05,0.15,635,31.2947,5.24271,0.4168
2925,362,43,43,112,0,1,0,0,293.257,0.05,0.15,635,31.2947,2.32899,0.4168
2926,138,17,17,35,0,1,0,0,90.435,0.05,0.15,635,31.2947,2.72562,0.4168
2927,83,7,7,26,0,1,0,0,25.724,0.05,0.15,635,31.2947,3.15156,0.4168
2928,400,37,37,100,0,0,0,1,316.358,0.05,0.15,635,31.2947,2.43227,0.4168
2929,400,42,42,105,0,0,0,1,329.405,0.05,0.15,635,31.2947,2.25219,0.4168
2930,400,43,43,107,0,0,0,1,332.51,0.05,0.15,635,31.2947,2.18435,0.4168
2931,400,44,44,105,0,0,0,1,328.981,0.05,0.15,635,31.2947,2.33954,0.4168
2932,400,44,44,110,0,0,0,1,332.07,0.05,0.15,635,31.2947,2.11947,0.4168
2933,400,43,43,110,0,0,0,1,337.794,0.05,0.15,635,31.2947,2.25076,0.4168
2934,226,21,21,57,0,1,0,0,138.078,0.05,0.15,635,31.2947,1.99567,0.4168
2935,46,7,7,15,0,1,0,0,10.857,0.05,0.15,635,31.2947,4.88246,0.4168
2936,400,40,40,110,0,0,0,1,326.494,0.05,0.15,635,31.2947,2.21908,0.4168
2937,141,16,16,44,0,1,0,0,89.639,0.05,0.15,635,31.2947,2.32395,0.4168
2938,13,0,0,5,0,1,0,0,-26.723,0.05,0.15,635,31.2947,5.58027,0.4168
2939,215,26,26,68,0,1,0,0,168.051,0.05,0.15,635,31.2947,2.3234,0.4168
2940,261,31,31,74,0,1,0,0,204.697,0.05,0.15,635,31.2947,2.47564,0.4168
2941,376,39,39,109,0,1,0,0,273.426,0.05,0.15,635,31.2947,2.36724,0.4168
2942,40,5,5,15,0,1,0,0,8.619,0.05,0.15,635,31.2947,2.54199,0.4168
2943,400,42,42,112,0,0,0,1,343.327,0.05,0.15,635,31.2947,2.10243,0.4168
2944,53,6,6,13,0,1,0,0,10.479,0.05,0.15,635,31.2947,2.42533,0.4168
2945,91,12,12,30,0,1,0,0,57.876,0.05,0.15,635,31.2947,2.35973,0.4168
2946,156,23,23,56,0,1,0,0,113.063,0.05,0.15,635,31.2947,3.43168,0.4168
2947,49,5,5,24,0,1,0,0,9.917,0.05,0.15,635,31.2947,3.78739,0.4168
2948,400,39,39,95,0,0,0,1,309.756,0.05,0.15,635,31.2947,2.19098,0.4168
2949,174,21,21,61,0,1,0,0,129.806,0.05,0.15,635,31.2947,2.45751,0.4168
2950,400,47,47,107,0,0,0,1,337.997,0.05,0.15,635,31.2947,2.31567,0.4168
2951,51,6,6,15,0,1,0,0,15.14,0.05,0.15,635,31.2947,2.99026,0.4168
2952,45,4,4,21,0,1,0,0,6.858,0.05,0.15,635,31.2947,3.49833,0.4168
2953,400,31,31,90,0,0,0,1,260.61,0.05,0.15,635,31.2947,2.31107,0.4168
2954,5,0,0,3,0,1,0,0,-33.008,0.05,0.15,635,31.2947,1.61213,0.4168
2955,272,30,30,75,0,1,0,0,196.217,0.05,0.15,635,31.2947,2.24689,0.4168
2956,264,27,27,76,0,1,0,0,179.245,0.05,0.15,635,31.2947,2.45939,0.4168
2957,115,10,10,34,0,1,0,0,59.34,0.05,0.15,635,31.2947,2.83844,0.4168
2958,38,3,3,13,0,1,0,0,1.117,0.05,0.15,635,31.2947,2.75247,0.4168
2959,16,1,1,4,0,1,0,0,-20.187,0.05,0.15,635,31.2947,6.05038,0.4168
2960,29,2,2,9,0,1,0,0,-7.881,0.05,0.15,635,31.2947,3.14621,0.4168
2961,21,2,2,6,0,1,0,0,-20.136,0.05,0.15,635,31.2947,6.51053,0.4168
2962,64,5,5,12,0,1,0,0,3.974,0.05,0.15,635,31.2947,3.87406,0.4168
2963,228,25,25,58,0,1,0,0,130.901,0.05,0.15,635,31.2947,3.55245,0.4168
2964,54,6,6,15,0,1,0,0,9.886,0.05,0.15,635,31.2947,3.42469,0.4168
2965,400,29,29,88,0,0,0,1,268.897,0.05,0.15,635,31.2947,2.43786,0.4168
2966,400,35,35,89,0,0,0,1,292.239,0.05,0.15,635,31.2947,2.23494,0.4168
2967,400,42,42,103,0,0,0,1,323.932,0.05,0.15,635,31.2947,2.01792,0.4168
2968,400,45,45,117,0,0,0,1,346.862,0.05,0.15,635,31.2947,2.26778,0.4168
2969,135,17,17,42,0,1,0,0,86.393,0.05,0.15,635,31.2947,2.52894,0.4168
2970,271,28,28,84,0,1,0,0,189.67,0.05,0.15,635,31.2947,2.4271,0.4168
2971,400,38,38,93,0,0,0,1,300.99,0.05,0.15,635,31.2947,2.08867,0.4168
2972,26,1,1,7,0,1,0,0,-14.271,0.05,0.15,635,31.2947,4.89978,0.4168
2973,165,19,19,52,0,1,0,0,117.561,0.05,0.15,635,31.2947,2.60181,0.4168
2974,400,24,24,72,0,0,0,1,217.013,0.05,0.15,635,31.2947,2.70376,0.4168
2975,112,15,15,38,0,1,0,0,76.498,0.05,0.15,635,31.2947,2.79935,0.4168
2976,222,20,20,63,0,1,0,0,131.458,0.05,0.15,637,31.2947,2.62674,0.41601
2977,400,41,41,95,0,0,0,1,317.286,0.05,0.15,637,31.2947,1.99462,0.41601
2978,389,41,41,115,0,1,0,0,290.312,0.05,0.15,637,31.2947,2.33358,0.41601
2979,47,4,4,19,0,1,0,0,6.828,0.05,0.15,637,31.2947,3.21378,0.41601
2980,338,30,30,86,0,1,0,0,220.731,0.05,0.15,637,31.2947,2.49298,0.41601
2981,400,41,41,107,0,0,0,1,321.304,0.05,0.15,637,31.2947,2.16678,0.41601
2982,400,42,42,111,0,0,0,1,327.287,0.05,0.15,637,31.2947,2.09764,0.41627
2983,36,6,6,14,0,1,0,0,9.017,0.05,0.15,637,31.2947,3.27418,0.41627
2984,195,20,20,53,0,1,0,0,125.052,0.05,0.15,637,31.2947,1.83763,0.41627
2985,17,2,2,8,0,1,0,0,-13.357,0.05,0.15,637,31.2947,5.75286,0.41627
2986,400,37,37,100,0,0,0,1,308.798,0.05,0.15,637,31.2947,1.968,0.41627
2987,177,20,20,47,0,1,0,0,118.148,0.05,0.15,637,31.2947,2.36013,0.41627
2988,400,42,42,95,0,0,0,1,312.011,0.05,0.15,637,31.2947,2.07496,0.41627
2989,46,5,5,19,0,1,0,0,9.481,0.05,0.15,637,31.2947,2.49157,0.41627
2990,400,36,36,89,0,0,0,1,278.201,0.05,0.15,637,31.2947,1.88759,0.41627
2991,168,15,15,53,0,1,0,0,95.988,0.05,0.15,637,31.2947,2.35491,0.41627
2992,400,44,44,110,0,0,0,1,334.932,0.05,0.15,637,31.2947,2.04284,0.41654
2993,91,9,9,25,0,1,0,0,41.321,0.05,0.15,637,31.2947,2.39208,0.41654
2994,400,40,40,85,0,0,0,1,293.34,0.05,0.15,637,31.2947,2.13771,0.41654
2995,400,39,39,100,0,0,0,1,304.441,0.05,0.15,637,31.2947,2.0501,0.41654
2996,13,0,0,2,0,1,0,0,-29.088,0.05,0.15,637,31.2947,5.12024,0.41654
2997,127,13,13,43,0,1,0,0,77.675,0.05,0.15,637,31.2947,2.42804,0.41654
2998,65,8,8,25,0,1,0,0,28.109,0.05,0.15,637,31.2947,3.48428,0.41654
2999,47,6,6,13,0,1,0,0,10.484,0.05,0.15,637,31.2947,3.89666,0.41654
3000,400,42,42,98,0,0,0,1,322.206,0.05,0.15,637,31.2947,2.37187,0.41654
